# Population Bishop	2022_Bishop_LTC1,2022_Bishop_LTC10,2022_Bishop_LTC11,2022_Bishop_LTC12,2022_Bishop_LTC13,2022_Bishop_LTC14,2022_Bishop_LTC15,2022_Bishop_LTC2,2022_Bishop_LTC3,2022_Bishop_LTC4,2022_Bishop_LTC5,2022_Bishop_LTC6,2022_Bishop_LTC7,2022_Bishop_LTC8,2022_Bishop_LTC9
# Population Willow_Pond	2022_Willow_Pond_LTC1,2022_Willow_Pond_LTC10,2022_Willow_Pond_LTC11,2022_Willow_Pond_LTC12,2022_Willow_Pond_LTC13,2022_Willow_Pond_LTC14,2022_Willow_Pond_LTC15,2022_Willow_Pond_LTC2,2022_Willow_Pond_LTC3,2022_Willow_Pond_LTC4,2022_Willow_Pond_LTC5,2022_Willow_Pond_LTC6,2022_Willow_Pond_LTC7,2022_Willow_Pond_LTC8,2022_Willow_Pond_LTC9
# Locus ID	Pop 1 ID	Pop 2 ID	Chr	BP	phi_st	Smoothed Phi_st	Smoothed Phi_st P-value	Fst'	Smoothed Fst'	Smoothed Fst' P-value	D_est	Smoothed D_est	Smoothed D_est P-value	Dxy	Smoothed Dxy	Smoothed Dxy P-value
16	Bishop	Willow_Pond	un	1664	-0.03567	-1.00000	-1.00000	-0.02383	-1.00000	-1.00000	-0.00017	-1.00000	-1.00000	0.00066	-1.00000	-1.00000
28	Bishop	Willow_Pond	un	3323	-0.01798	-1.00000	-1.00000	-0.00206	-1.00000	-1.00000	0.00412	-1.00000	-1.00000	0.00020	-1.00000	-1.00000
43	Bishop	Willow_Pond	un	9693	0.07875	-1.00000	-1.00000	0.00908	-1.00000	-1.00000	0.01894	-1.00000	-1.00000	0.00021	-1.00000	-1.00000
48	Bishop	Willow_Pond	un	12896	-0.00000	-1.00000	-1.00000	-0.00000	-1.00000	-1.00000	-0.00000	-1.00000	-1.00000	0.00004	-1.00000	-1.00000
75	Bishop	Willow_Pond	un	21025	0.04420	-1.00000	-1.00000	0.00354	-1.00000	-1.00000	0.00332	-1.00000	-1.00000	0.00010	-1.00000	-1.00000
82	Bishop	Willow_Pond	un	23963	0.03704	-1.00000	-1.00000	0.00284	-1.00000	-1.00000	0.01050	-1.00000	-1.00000	0.00016	-1.00000	-1.00000
98	Bishop	Willow_Pond	un	30244	-0.00000	-1.00000	-1.00000	-0.00000	-1.00000	-1.00000	-0.01068	-1.00000	-1.00000	0.00032	-1.00000	-1.00000
99	Bishop	Willow_Pond	un	31053	0.22895	-1.00000	-1.00000	0.18486	-1.00000	-1.00000	0.19191	-1.00000	-1.00000	0.00076	-1.00000	-1.00000
102	Bishop	Willow_Pond	un	31823	-0.00000	-1.00000	-1.00000	-0.00000	-1.00000	-1.00000	-0.00000	-1.00000	-1.00000	0.00004	-1.00000	-1.00000
106	Bishop	Willow_Pond	un	34218	0.39735	-1.00000	-1.00000	0.23331	-1.00000	-1.00000	0.21652	-1.00000	-1.00000	0.00062	-1.00000	-1.00000
130	Bishop	Willow_Pond	un	39806	-0.00270	-1.00000	-1.00000	-0.00010	-1.00000	-1.00000	0.00508	-1.00000	-1.00000	0.00012	-1.00000	-1.00000
159	Bishop	Willow_Pond	un	48273	0.06897	-1.00000	-1.00000	0.00760	-1.00000	-1.00000	0.00760	-1.00000	-1.00000	0.00012	-1.00000	-1.00000
160	Bishop	Willow_Pond	un	49095	0.04000	-1.00000	-1.00000	0.00332	-1.00000	-1.00000	0.00332	-1.00000	-1.00000	0.00010	-1.00000	-1.00000
162	Bishop	Willow_Pond	un	49842	0.06576	-1.00000	-1.00000	0.06742	-1.00000	-1.00000	0.05019	-1.00000	-1.00000	0.00074	-1.00000	-1.00000
165	Bishop	Willow_Pond	un	50688	0.05143	-1.00000	-1.00000	0.01050	-1.00000	-1.00000	0.04376	-1.00000	-1.00000	0.00036	-1.00000	-1.00000
171	Bishop	Willow_Pond	un	52972	0.06897	-1.00000	-1.00000	0.00760	-1.00000	-1.00000	0.00760	-1.00000	-1.00000	0.00021	-1.00000	-1.00000
172	Bishop	Willow_Pond	un	53457	0.03704	-1.00000	-1.00000	0.00284	-1.00000	-1.00000	0.01050	-1.00000	-1.00000	0.00020	-1.00000	-1.00000
192	Bishop	Willow_Pond	un	59771	0.00251	-1.00000	-1.00000	0.00009	-1.00000	-1.00000	-0.00000	-1.00000	-1.00000	0.00004	-1.00000	-1.00000
202	Bishop	Willow_Pond	un	61395	0.09054	-1.00000	-1.00000	0.01094	-1.00000	-1.00000	0.01033	-1.00000	-1.00000	0.00014	-1.00000	-1.00000
204	Bishop	Willow_Pond	un	63086	0.03320	-1.00000	-1.00000	0.00263	-1.00000	-1.00000	-0.00486	-1.00000	-1.00000	0.00029	-1.00000	-1.00000
235	Bishop	Willow_Pond	un	70691	0.07875	-1.00000	-1.00000	0.00908	-1.00000	-1.00000	0.01894	-1.00000	-1.00000	0.00022	-1.00000	-1.00000
243	Bishop	Willow_Pond	un	73800	0.00656	-1.00000	-1.00000	0.00026	-1.00000	-1.00000	0.00261	-1.00000	-1.00000	0.00026	-1.00000	-1.00000
246	Bishop	Willow_Pond	un	76140	0.04067	-1.00000	-1.00000	0.00302	-1.00000	-1.00000	0.00284	-1.00000	-1.00000	0.00008	-1.00000	-1.00000
251	Bishop	Willow_Pond	un	80031	-0.00235	-1.00000	-1.00000	-0.00008	-1.00000	-1.00000	-0.00000	-1.00000	-1.00000	0.00004	-1.00000	-1.00000
254	Bishop	Willow_Pond	un	81663	-0.00000	-1.00000	-1.00000	-0.00000	-1.00000	-1.00000	-0.00000	-1.00000	-1.00000	0.00004	-1.00000	-1.00000
265	Bishop	Willow_Pond	un	85805	0.00210	-1.00000	-1.00000	0.00033	-1.00000	-1.00000	-0.00498	-1.00000	-1.00000	0.00029	-1.00000	-1.00000
273	Bishop	Willow_Pond	un	89915	0.07875	-1.00000	-1.00000	0.00908	-1.00000	-1.00000	0.01894	-1.00000	-1.00000	0.00021	-1.00000	-1.00000
276	Bishop	Willow_Pond	un	91588	-0.02813	-1.00000	-1.00000	-0.00378	-1.00000	-1.00000	-0.01681	-1.00000	-1.00000	0.00043	-1.00000	-1.00000
283	Bishop	Willow_Pond	un	93975	0.09302	-1.00000	-1.00000	0.01497	-1.00000	-1.00000	0.01567	-1.00000	-1.00000	0.00016	-1.00000	-1.00000
286	Bishop	Willow_Pond	un	94825	0.67364	-1.00000	-1.00000	0.61618	-1.00000	-1.00000	0.60797	-1.00000	-1.00000	0.00094	-1.00000	-1.00000
292	Bishop	Willow_Pond	un	98126	0.03448	-1.00000	-1.00000	0.00246	-1.00000	-1.00000	0.00246	-1.00000	-1.00000	0.00009	-1.00000	-1.00000
300	Bishop	Willow_Pond	un	101365	0.00000	-1.00000	-1.00000	0.00000	-1.00000	-1.00000	-0.01276	-1.00000	-1.00000	0.00038	-1.00000	-1.00000
318	Bishop	Willow_Pond	un	106152	0.01235	-1.00000	-1.00000	0.00316	-1.00000	-1.00000	0.06938	-1.00000	-1.00000	0.00061	-1.00000	-1.00000
327	Bishop	Willow_Pond	un	109040	0.04067	-1.00000	-1.00000	0.00302	-1.00000	-1.00000	0.00284	-1.00000	-1.00000	0.00009	-1.00000	-1.00000
330	Bishop	Willow_Pond	un	110437	0.00340	-1.00000	-1.00000	0.00014	-1.00000	-1.00000	0.00691	-1.00000	-1.00000	0.00015	-1.00000	-1.00000
332	Bishop	Willow_Pond	un	112065	0.09054	-1.00000	-1.00000	0.01094	-1.00000	-1.00000	0.04304	-1.00000	-1.00000	0.00028	-1.00000	-1.00000
334	Bishop	Willow_Pond	un	112894	0.00561	-1.00000	-1.00000	0.00021	-1.00000	-1.00000	-0.00000	-1.00000	-1.00000	0.00005	-1.00000	-1.00000
347	Bishop	Willow_Pond	un	119148	-0.00000	-1.00000	-1.00000	-0.00000	-1.00000	-1.00000	-0.00000	-1.00000	-1.00000	0.00004	-1.00000	-1.00000
363	Bishop	Willow_Pond	un	124399	0.14504	-1.00000	-1.00000	0.02643	-1.00000	-1.00000	0.10217	-1.00000	-1.00000	0.00042	-1.00000	-1.00000
374	Bishop	Willow_Pond	un	125198	0.05493	-1.00000	-1.00000	0.04764	-1.00000	-1.00000	0.06046	-1.00000	-1.00000	0.00068	-1.00000	-1.00000
376	Bishop	Willow_Pond	un	125963	0.00290	-1.00000	-1.00000	0.00011	-1.00000	-1.00000	0.00589	-1.00000	-1.00000	0.00012	-1.00000	-1.00000
380	Bishop	Willow_Pond	un	126835	0.27333	-1.00000	-1.00000	0.16295	-1.00000	-1.00000	0.24855	-1.00000	-1.00000	0.00069	-1.00000	-1.00000
386	Bishop	Willow_Pond	un	129185	0.03114	-1.00000	-1.00000	0.00229	-1.00000	-1.00000	0.00246	-1.00000	-1.00000	0.00008	-1.00000	-1.00000
406	Bishop	Willow_Pond	un	136528	-0.00000	-1.00000	-1.00000	-0.00000	-1.00000	-1.00000	-0.00000	-1.00000	-1.00000	0.00004	-1.00000	-1.00000
422	Bishop	Willow_Pond	un	142889	0.08287	-1.00000	-1.00000	0.02165	-1.00000	-1.00000	0.01309	-1.00000	-1.00000	0.00031	-1.00000	-1.00000
432	Bishop	Willow_Pond	un	148579	0.04067	-1.00000	-1.00000	0.00302	-1.00000	-1.00000	0.01050	-1.00000	-1.00000	0.00015	-1.00000	-1.00000
440	Bishop	Willow_Pond	un	151116	0.00251	-1.00000	-1.00000	0.00009	-1.00000	-1.00000	-0.00000	-1.00000	-1.00000	0.00004	-1.00000	-1.00000
459	Bishop	Willow_Pond	un	158935	0.19150	-1.00000	-1.00000	0.05590	-1.00000	-1.00000	0.06437	-1.00000	-1.00000	0.00057	-1.00000	-1.00000
461	Bishop	Willow_Pond	un	159596	0.18240	-1.00000	-1.00000	0.04441	-1.00000	-1.00000	0.03293	-1.00000	-1.00000	0.00047	-1.00000	-1.00000
468	Bishop	Willow_Pond	un	161108	0.15676	-1.00000	-1.00000	0.13634	-1.00000	-1.00000	0.12078	-1.00000	-1.00000	0.00074	-1.00000	-1.00000
480	Bishop	Willow_Pond	un	165210	0.10345	-1.00000	-1.00000	0.01567	-1.00000	-1.00000	0.01567	-1.00000	-1.00000	0.00016	-1.00000	-1.00000
483	Bishop	Willow_Pond	un	166060	0.04067	-1.00000	-1.00000	0.00302	-1.00000	-1.00000	0.00284	-1.00000	-1.00000	0.00009	-1.00000	-1.00000
493	Bishop	Willow_Pond	un	170136	0.33591	-1.00000	-1.00000	0.16578	-1.00000	-1.00000	0.16641	-1.00000	-1.00000	0.00048	-1.00000	-1.00000
495	Bishop	Willow_Pond	un	170894	0.78412	-1.00000	-1.00000	0.74052	-1.00000	-1.00000	0.74038	-1.00000	-1.00000	0.00108	-1.00000	-1.00000
501	Bishop	Willow_Pond	un	173167	-0.00925	-1.00000	-1.00000	-0.00207	-1.00000	-1.00000	-0.00207	-1.00000	-1.00000	0.00023	-1.00000	-1.00000
504	Bishop	Willow_Pond	un	173967	0.48148	-1.00000	-1.00000	0.47543	-1.00000	-1.00000	0.47232	-1.00000	-1.00000	0.00082	-1.00000	-1.00000
507	Bishop	Willow_Pond	un	176440	0.17774	-1.00000	-1.00000	0.14993	-1.00000	-1.00000	0.15587	-1.00000	-1.00000	0.00070	-1.00000	-1.00000
510	Bishop	Willow_Pond	un	177273	0.18876	-1.00000	-1.00000	0.11496	-1.00000	-1.00000	0.09672	-1.00000	-1.00000	0.00068	-1.00000	-1.00000
519	Bishop	Willow_Pond	un	179680	0.06897	-1.00000	-1.00000	0.00760	-1.00000	-1.00000	0.00760	-1.00000	-1.00000	0.00013	-1.00000	-1.00000
520	Bishop	Willow_Pond	un	180454	0.00000	-1.00000	-1.00000	0.00000	-1.00000	-1.00000	-0.00502	-1.00000	-1.00000	0.00018	-1.00000	-1.00000
525	Bishop	Willow_Pond	un	181318	0.02414	-1.00000	-1.00000	0.01486	-1.00000	-1.00000	0.00299	-1.00000	-1.00000	0.00056	-1.00000	-1.00000
532	Bishop	Willow_Pond	un	182980	-0.00000	-1.00000	-1.00000	-0.00000	-1.00000	-1.00000	-0.00000	-1.00000	-1.00000	0.00004	-1.00000	-1.00000
555	Bishop	Willow_Pond	un	194515	0.04067	-1.00000	-1.00000	0.00302	-1.00000	-1.00000	0.01050	-1.00000	-1.00000	0.00016	-1.00000	-1.00000
574	Bishop	Willow_Pond	un	200912	0.09054	-1.00000	-1.00000	0.01094	-1.00000	-1.00000	0.01033	-1.00000	-1.00000	0.00015	-1.00000	-1.00000
605	Bishop	Willow_Pond	un	209983	-0.04160	-1.00000	-1.00000	-0.00347	-1.00000	-1.00000	-0.00838	-1.00000	-1.00000	0.00031	-1.00000	-1.00000
606	Bishop	Willow_Pond	un	210800	0.03114	-1.00000	-1.00000	0.00229	-1.00000	-1.00000	0.00246	-1.00000	-1.00000	0.00008	-1.00000	-1.00000
615	Bishop	Willow_Pond	un	214923	0.23006	-1.00000	-1.00000	0.06951	-1.00000	-1.00000	0.08696	-1.00000	-1.00000	0.00035	-1.00000	-1.00000
616	Bishop	Willow_Pond	un	215770	-0.04160	-1.00000	-1.00000	-0.00347	-1.00000	-1.00000	-0.01045	-1.00000	-1.00000	0.00044	-1.00000	-1.00000
625	Bishop	Willow_Pond	un	219685	-0.00000	-1.00000	-1.00000	-0.00000	-1.00000	-1.00000	-0.00050	-1.00000	-1.00000	0.00025	-1.00000	-1.00000
627	Bishop	Willow_Pond	un	220558	0.04000	-1.00000	-1.00000	0.00332	-1.00000	-1.00000	-0.00760	-1.00000	-1.00000	0.00037	-1.00000	-1.00000
628	Bishop	Willow_Pond	un	221345	0.33944	-1.00000	-1.00000	0.14624	-1.00000	-1.00000	0.19576	-1.00000	-1.00000	0.00053	-1.00000	-1.00000
635	Bishop	Willow_Pond	un	222901	0.07979	-1.00000	-1.00000	0.02994	-1.00000	-1.00000	0.06745	-1.00000	-1.00000	0.00056	-1.00000	-1.00000
638	Bishop	Willow_Pond	un	224570	0.51706	-1.00000	-1.00000	0.44592	-1.00000	-1.00000	0.42148	-1.00000	-1.00000	0.00091	-1.00000	-1.00000
646	Bishop	Willow_Pond	un	228950	-0.02184	-1.00000	-1.00000	-0.00259	-1.00000	-1.00000	0.01996	-1.00000	-1.00000	0.00028	-1.00000	-1.00000
653	Bishop	Willow_Pond	un	230588	0.06897	-1.00000	-1.00000	0.00760	-1.00000	-1.00000	0.00760	-1.00000	-1.00000	0.00012	-1.00000	-1.00000
671	Bishop	Willow_Pond	un	238613	0.00000	-1.00000	-1.00000	0.00000	-1.00000	-1.00000	-0.01682	-1.00000	-1.00000	0.00042	-1.00000	-1.00000
675	Bishop	Willow_Pond	un	239441	0.61914	-1.00000	-1.00000	0.49066	-1.00000	-1.00000	0.50368	-1.00000	-1.00000	0.00078	-1.00000	-1.00000
688	Bishop	Willow_Pond	un	243536	0.04420	-1.00000	-1.00000	0.00354	-1.00000	-1.00000	0.00332	-1.00000	-1.00000	0.00010	-1.00000	-1.00000
689	Bishop	Willow_Pond	un	244313	-0.04348	-1.00000	-1.00000	-0.00379	-1.00000	-1.00000	-0.02077	-1.00000	-1.00000	0.00056	-1.00000	-1.00000
694	Bishop	Willow_Pond	un	246625	0.03448	-1.00000	-1.00000	0.00246	-1.00000	-1.00000	0.00246	-1.00000	-1.00000	0.00008	-1.00000	-1.00000
698	Bishop	Willow_Pond	un	249905	0.00000	-1.00000	-1.00000	0.00000	-1.00000	-1.00000	-0.01682	-1.00000	-1.00000	0.00042	-1.00000	-1.00000
702	Bishop	Willow_Pond	un	251588	0.00340	-1.00000	-1.00000	0.00014	-1.00000	-1.00000	-0.00738	-1.00000	-1.00000	0.00037	-1.00000	-1.00000
705	Bishop	Willow_Pond	un	253016	0.04067	-1.00000	-1.00000	0.00302	-1.00000	-1.00000	0.00284	-1.00000	-1.00000	0.00009	-1.00000	-1.00000
735	Bishop	Willow_Pond	un	263500	0.00753	-1.00000	-1.00000	0.00639	-1.00000	-1.00000	0.00287	-1.00000	-1.00000	0.00073	-1.00000	-1.00000
747	Bishop	Willow_Pond	un	267521	-0.03536	-1.00000	-1.00000	-0.01116	-1.00000	-1.00000	-0.00760	-1.00000	-1.00000	0.00039	-1.00000	-1.00000
753	Bishop	Willow_Pond	un	269132	0.26087	-1.00000	-1.00000	0.09700	-1.00000	-1.00000	0.09888	-1.00000	-1.00000	0.00058	-1.00000	-1.00000
756	Bishop	Willow_Pond	un	270727	-0.01350	-1.00000	-1.00000	-0.00217	-1.00000	-1.00000	0.00885	-1.00000	-1.00000	0.00029	-1.00000	-1.00000
770	Bishop	Willow_Pond	un	275593	0.15460	-1.00000	-1.00000	0.03162	-1.00000	-1.00000	0.04578	-1.00000	-1.00000	0.00028	-1.00000	-1.00000
772	Bishop	Willow_Pond	un	276426	-0.00235	-1.00000	-1.00000	-0.00008	-1.00000	-1.00000	-0.00000	-1.00000	-1.00000	0.00003	-1.00000	-1.00000
777	Bishop	Willow_Pond	un	279236	0.00000	-1.00000	-1.00000	0.00000	-1.00000	-1.00000	-0.00000	-1.00000	-1.00000	0.00004	-1.00000	-1.00000
788	Bishop	Willow_Pond	un	283249	0.24145	-1.00000	-1.00000	0.17110	-1.00000	-1.00000	0.20870	-1.00000	-1.00000	0.00071	-1.00000	-1.00000
793	Bishop	Willow_Pond	un	285691	0.16000	-1.00000	-1.00000	0.03670	-1.00000	-1.00000	0.04553	-1.00000	-1.00000	0.00042	-1.00000	-1.00000
799	Bishop	Willow_Pond	un	288933	-0.04000	-1.00000	-1.00000	-0.00666	-1.00000	-1.00000	-0.01008	-1.00000	-1.00000	0.00042	-1.00000	-1.00000
804	Bishop	Willow_Pond	un	291330	0.00000	-1.00000	-1.00000	0.00000	-1.00000	-1.00000	0.00508	-1.00000	-1.00000	0.00014	-1.00000	-1.00000
811	Bishop	Willow_Pond	un	292030	0.00810	-1.00000	-1.00000	0.00831	-1.00000	-1.00000	0.00338	-1.00000	-1.00000	0.00070	-1.00000	-1.00000
812	Bishop	Willow_Pond	un	292874	0.04420	-1.00000	-1.00000	0.00354	-1.00000	-1.00000	0.01220	-1.00000	-1.00000	0.00017	-1.00000	-1.00000
814	Bishop	Willow_Pond	un	293732	0.17985	-1.00000	-1.00000	0.08612	-1.00000	-1.00000	0.17245	-1.00000	-1.00000	0.00056	-1.00000	-1.00000
817	Bishop	Willow_Pond	un	295262	0.33944	-1.00000	-1.00000	0.14624	-1.00000	-1.00000	0.19576	-1.00000	-1.00000	0.00049	-1.00000	-1.00000
824	Bishop	Willow_Pond	un	296145	0.20551	-1.00000	-1.00000	0.08704	-1.00000	-1.00000	0.09969	-1.00000	-1.00000	0.00055	-1.00000	-1.00000
825	Bishop	Willow_Pond	un	296948	0.03448	-1.00000	-1.00000	0.00246	-1.00000	-1.00000	0.00246	-1.00000	-1.00000	0.00009	-1.00000	-1.00000
833	Bishop	Willow_Pond	un	298495	0.04820	-1.00000	-1.00000	0.00374	-1.00000	-1.00000	0.00332	-1.00000	-1.00000	0.00011	-1.00000	-1.00000
834	Bishop	Willow_Pond	un	299214	0.68876	-1.00000	-1.00000	0.60506	-1.00000	-1.00000	0.62701	-1.00000	-1.00000	0.00088	-1.00000	-1.00000
840	Bishop	Willow_Pond	un	301645	-0.00315	-1.00000	-1.00000	-0.00013	-1.00000	-1.00000	0.00554	-1.00000	-1.00000	0.00044	-1.00000	-1.00000
847	Bishop	Willow_Pond	un	305281	0.00656	-1.00000	-1.00000	0.00026	-1.00000	-1.00000	0.00261	-1.00000	-1.00000	0.00029	-1.00000	-1.00000
850	Bishop	Willow_Pond	un	306868	-0.00235	-1.00000	-1.00000	-0.00008	-1.00000	-1.00000	0.00008	-1.00000	-1.00000	0.00012	-1.00000	-1.00000
851	Bishop	Willow_Pond	un	307679	-0.03759	-1.00000	-1.00000	-0.03904	-1.00000	-1.00000	-0.01631	-1.00000	-1.00000	0.00074	-1.00000	-1.00000
882	Bishop	Willow_Pond	un	318874	0.04950	-1.00000	-1.00000	0.01526	-1.00000	-1.00000	0.08881	-1.00000	-1.00000	0.00049	-1.00000	-1.00000
893	Bishop	Willow_Pond	un	322083	-0.02504	-1.00000	-1.00000	-0.00474	-1.00000	-1.00000	0.00078	-1.00000	-1.00000	0.00025	-1.00000	-1.00000
904	Bishop	Willow_Pond	un	324597	-0.00000	-1.00000	-1.00000	-0.00000	-1.00000	-1.00000	-0.01068	-1.00000	-1.00000	0.00032	-1.00000	-1.00000
907	Bishop	Willow_Pond	un	325413	-0.03159	-1.00000	-1.00000	-0.02366	-1.00000	-1.00000	-0.02825	-1.00000	-1.00000	0.00094	-1.00000	-1.00000
913	Bishop	Willow_Pond	un	326508	0.71689	-1.00000	-1.00000	0.66550	-1.00000	-1.00000	0.66061	-1.00000	-1.00000	0.00091	-1.00000	-1.00000
914	Bishop	Willow_Pond	un	327337	0.23424	-1.00000	-1.00000	0.21942	-1.00000	-1.00000	0.21859	-1.00000	-1.00000	0.00073	-1.00000	-1.00000
917	Bishop	Willow_Pond	un	328886	-0.02338	-1.00000	-1.00000	-0.01332	-1.00000	-1.00000	0.01554	-1.00000	-1.00000	0.00055	-1.00000	-1.00000
920	Bishop	Willow_Pond	un	330451	-0.00315	-1.00000	-1.00000	-0.00013	-1.00000	-1.00000	-0.01186	-1.00000	-1.00000	0.00032	-1.00000	-1.00000
925	Bishop	Willow_Pond	un	332145	-0.03384	-1.00000	-1.00000	-0.00662	-1.00000	-1.00000	0.00754	-1.00000	-1.00000	0.00035	-1.00000	-1.00000
927	Bishop	Willow_Pond	un	332921	0.10194	-1.00000	-1.00000	0.03577	-1.00000	-1.00000	0.02956	-1.00000	-1.00000	0.00041	-1.00000	-1.00000
936	Bishop	Willow_Pond	un	337747	0.00561	-1.00000	-1.00000	0.00021	-1.00000	-1.00000	0.02159	-1.00000	-1.00000	0.00019	-1.00000	-1.00000
937	Bishop	Willow_Pond	un	338613	0.00000	-1.00000	-1.00000	0.00000	-1.00000	-1.00000	-0.01276	-1.00000	-1.00000	0.00041	-1.00000	-1.00000
959	Bishop	Willow_Pond	un	344015	0.07875	-1.00000	-1.00000	0.00908	-1.00000	-1.00000	0.01894	-1.00000	-1.00000	0.00021	-1.00000	-1.00000
963	Bishop	Willow_Pond	un	345595	0.23006	-1.00000	-1.00000	0.06951	-1.00000	-1.00000	0.08696	-1.00000	-1.00000	0.00036	-1.00000	-1.00000
965	Bishop	Willow_Pond	un	347215	0.03448	-1.00000	-1.00000	0.00246	-1.00000	-1.00000	0.00246	-1.00000	-1.00000	0.00009	-1.00000	-1.00000
978	Bishop	Willow_Pond	un	351211	-0.00000	-1.00000	-1.00000	-0.00000	-1.00000	-1.00000	-0.00000	-1.00000	-1.00000	0.00004	-1.00000	-1.00000
979	Bishop	Willow_Pond	un	351996	0.00656	-1.00000	-1.00000	0.00026	-1.00000	-1.00000	0.01989	-1.00000	-1.00000	0.00034	-1.00000	-1.00000
980	Bishop	Willow_Pond	un	352790	0.02760	-1.00000	-1.00000	0.00210	-1.00000	-1.00000	0.00883	-1.00000	-1.00000	0.00023	-1.00000	-1.00000
984	Bishop	Willow_Pond	un	354386	0.02760	-1.00000	-1.00000	0.00210	-1.00000	-1.00000	0.00246	-1.00000	-1.00000	0.00008	-1.00000	-1.00000
987	Bishop	Willow_Pond	un	355214	0.03448	-1.00000	-1.00000	0.00246	-1.00000	-1.00000	0.00246	-1.00000	-1.00000	0.00009	-1.00000	-1.00000
990	Bishop	Willow_Pond	un	356802	0.02912	-1.00000	-1.00000	0.00239	-1.00000	-1.00000	0.00518	-1.00000	-1.00000	0.00034	-1.00000	-1.00000
1000	Bishop	Willow_Pond	un	360666	0.04067	-1.00000	-1.00000	0.00302	-1.00000	-1.00000	0.01050	-1.00000	-1.00000	0.00018	-1.00000	-1.00000
1005	Bishop	Willow_Pond	un	364651	0.06897	-1.00000	-1.00000	0.00760	-1.00000	-1.00000	0.00760	-1.00000	-1.00000	0.00013	-1.00000	-1.00000
1019	Bishop	Willow_Pond	un	369485	0.17241	-1.00000	-1.00000	0.04132	-1.00000	-1.00000	0.04132	-1.00000	-1.00000	0.00025	-1.00000	-1.00000
1063	Bishop	Willow_Pond	un	383134	0.04420	-1.00000	-1.00000	0.00354	-1.00000	-1.00000	0.00705	-1.00000	-1.00000	0.00031	-1.00000	-1.00000
1064	Bishop	Willow_Pond	un	383921	0.07407	-1.00000	-1.00000	0.00881	-1.00000	-1.00000	0.00881	-1.00000	-1.00000	0.00012	-1.00000	-1.00000
1080	Bishop	Willow_Pond	un	388107	-0.02922	-1.00000	-1.00000	-0.02443	-1.00000	-1.00000	-0.00646	-1.00000	-1.00000	0.00064	-1.00000	-1.00000
1110	Bishop	Willow_Pond	un	395168	0.20577	-1.00000	-1.00000	0.15646	-1.00000	-1.00000	0.12481	-1.00000	-1.00000	0.00074	-1.00000	-1.00000
1117	Bishop	Willow_Pond	un	397556	0.09302	-1.00000	-1.00000	0.01497	-1.00000	-1.00000	0.01567	-1.00000	-1.00000	0.00016	-1.00000	-1.00000
1120	Bishop	Willow_Pond	un	399232	0.03672	-1.00000	-1.00000	0.00802	-1.00000	-1.00000	0.01242	-1.00000	-1.00000	0.00039	-1.00000	-1.00000
1124	Bishop	Willow_Pond	un	400088	-0.00565	-1.00000	-1.00000	-0.00022	-1.00000	-1.00000	-0.00429	-1.00000	-1.00000	0.00035	-1.00000	-1.00000
1127	Bishop	Willow_Pond	un	401618	0.00340	-1.00000	-1.00000	0.00014	-1.00000	-1.00000	-0.01093	-1.00000	-1.00000	0.00031	-1.00000	-1.00000
1132	Bishop	Willow_Pond	un	402481	-0.00000	-1.00000	-1.00000	-0.00000	-1.00000	-1.00000	-0.00000	-1.00000	-1.00000	0.00004	-1.00000	-1.00000
1142	Bishop	Willow_Pond	un	406022	0.03448	-1.00000	-1.00000	0.00246	-1.00000	-1.00000	0.00246	-1.00000	-1.00000	0.00009	-1.00000	-1.00000
1146	Bishop	Willow_Pond	un	407646	0.10345	-1.00000	-1.00000	0.01567	-1.00000	-1.00000	0.01567	-1.00000	-1.00000	0.00017	-1.00000	-1.00000
1155	Bishop	Willow_Pond	un	410008	-0.03704	-1.00000	-1.00000	-0.00275	-1.00000	-1.00000	-0.00786	-1.00000	-1.00000	0.00023	-1.00000	-1.00000
1160	Bishop	Willow_Pond	un	412370	0.16418	-1.00000	-1.00000	0.16131	-1.00000	-1.00000	0.15630	-1.00000	-1.00000	0.00080	-1.00000	-1.00000
1163	Bishop	Willow_Pond	un	413925	0.06897	-1.00000	-1.00000	0.00760	-1.00000	-1.00000	0.00760	-1.00000	-1.00000	0.00012	-1.00000	-1.00000
1165	Bishop	Willow_Pond	un	414750	0.76388	-1.00000	-1.00000	0.74005	-1.00000	-1.00000	0.71970	-1.00000	-1.00000	0.00093	-1.00000	-1.00000
1183	Bishop	Willow_Pond	un	421166	0.00251	-1.00000	-1.00000	0.00009	-1.00000	-1.00000	-0.00000	-1.00000	-1.00000	0.00004	-1.00000	-1.00000
1187	Bishop	Willow_Pond	un	422021	0.06897	-1.00000	-1.00000	0.00760	-1.00000	-1.00000	0.00760	-1.00000	-1.00000	0.00012	-1.00000	-1.00000
1195	Bishop	Willow_Pond	un	425411	-0.00000	-1.00000	-1.00000	-0.00000	-1.00000	-1.00000	-0.00000	-1.00000	-1.00000	0.00004	-1.00000	-1.00000
1196	Bishop	Willow_Pond	un	426188	-0.03829	-1.00000	-1.00000	-0.00613	-1.00000	-1.00000	-0.00787	-1.00000	-1.00000	0.00037	-1.00000	-1.00000
1212	Bishop	Willow_Pond	un	433296	-0.02782	-1.00000	-1.00000	-0.00329	-1.00000	-1.00000	-0.00897	-1.00000	-1.00000	0.00027	-1.00000	-1.00000
1216	Bishop	Willow_Pond	un	434106	-0.00000	-1.00000	-1.00000	-0.00000	-1.00000	-1.00000	-0.00000	-1.00000	-1.00000	0.00004	-1.00000	-1.00000
1220	Bishop	Willow_Pond	un	434900	0.11672	-1.00000	-1.00000	0.01853	-1.00000	-1.00000	0.01818	-1.00000	-1.00000	0.00019	-1.00000	-1.00000
1222	Bishop	Willow_Pond	un	436455	-0.01798	-1.00000	-1.00000	-0.00206	-1.00000	-1.00000	0.02071	-1.00000	-1.00000	0.00027	-1.00000	-1.00000
1227	Bishop	Willow_Pond	un	438792	0.16737	-1.00000	-1.00000	0.03722	-1.00000	-1.00000	0.03187	-1.00000	-1.00000	0.00033	-1.00000	-1.00000
1252	Bishop	Willow_Pond	un	447464	-0.01663	-1.00000	-1.00000	-0.00598	-1.00000	-1.00000	-0.01817	-1.00000	-1.00000	0.00052	-1.00000	-1.00000
1254	Bishop	Willow_Pond	un	449091	-0.03032	-1.00000	-1.00000	-0.00389	-1.00000	-1.00000	-0.01053	-1.00000	-1.00000	0.00028	-1.00000	-1.00000
1272	Bishop	Willow_Pond	un	455468	-0.00270	-1.00000	-1.00000	-0.00010	-1.00000	-1.00000	-0.00558	-1.00000	-1.00000	0.00019	-1.00000	-1.00000
1281	Bishop	Willow_Pond	un	459571	0.15460	-1.00000	-1.00000	0.03162	-1.00000	-1.00000	0.04578	-1.00000	-1.00000	0.00033	-1.00000	-1.00000
1294	Bishop	Willow_Pond	un	462767	-0.02184	-1.00000	-1.00000	-0.00259	-1.00000	-1.00000	-0.00809	-1.00000	-1.00000	0.00029	-1.00000	-1.00000
1297	Bishop	Willow_Pond	un	463532	0.04820	-1.00000	-1.00000	0.00374	-1.00000	-1.00000	0.00332	-1.00000	-1.00000	0.00009	-1.00000	-1.00000
1305	Bishop	Willow_Pond	un	466768	0.00251	-1.00000	-1.00000	0.00009	-1.00000	-1.00000	0.00508	-1.00000	-1.00000	0.00012	-1.00000	-1.00000
1306	Bishop	Willow_Pond	un	467598	0.05304	-1.00000	-1.00000	0.00446	-1.00000	-1.00000	0.03024	-1.00000	-1.00000	0.00036	-1.00000	-1.00000
1318	Bishop	Willow_Pond	un	469974	-0.02407	-1.00000	-1.00000	-0.00274	-1.00000	-1.00000	-0.00795	-1.00000	-1.00000	0.00028	-1.00000	-1.00000
1323	Bishop	Willow_Pond	un	471544	0.28472	-1.00000	-1.00000	0.14552	-1.00000	-1.00000	0.23421	-1.00000	-1.00000	0.00062	-1.00000	-1.00000
1335	Bishop	Willow_Pond	un	477193	0.00251	-1.00000	-1.00000	0.00009	-1.00000	-1.00000	0.00508	-1.00000	-1.00000	0.00013	-1.00000	-1.00000
1340	Bishop	Willow_Pond	un	479653	0.01778	-1.00000	-1.00000	0.00557	-1.00000	-1.00000	-0.00655	-1.00000	-1.00000	0.00049	-1.00000	-1.00000
1348	Bishop	Willow_Pond	un	482102	0.16584	-1.00000	-1.00000	0.04086	-1.00000	-1.00000	0.04132	-1.00000	-1.00000	0.00024	-1.00000	-1.00000
1360	Bishop	Willow_Pond	un	487664	0.00251	-1.00000	-1.00000	0.00009	-1.00000	-1.00000	0.00508	-1.00000	-1.00000	0.00011	-1.00000	-1.00000
1380	Bishop	Willow_Pond	un	495915	0.00290	-1.00000	-1.00000	0.00054	-1.00000	-1.00000	-0.00410	-1.00000	-1.00000	0.00046	-1.00000	-1.00000
1381	Bishop	Willow_Pond	un	496770	0.05553	-1.00000	-1.00000	0.00674	-1.00000	-1.00000	0.01088	-1.00000	-1.00000	0.00033	-1.00000	-1.00000
1388	Bishop	Willow_Pond	un	498245	0.80000	-1.00000	-1.00000	0.77064	-1.00000	-1.00000	0.75581	-1.00000	-1.00000	0.00110	-1.00000	-1.00000
1390	Bishop	Willow_Pond	un	499004	0.07875	-1.00000	-1.00000	0.00908	-1.00000	-1.00000	0.00881	-1.00000	-1.00000	0.00014	-1.00000	-1.00000
1401	Bishop	Willow_Pond	un	500513	0.44923	-1.00000	-1.00000	0.33909	-1.00000	-1.00000	0.32621	-1.00000	-1.00000	0.00070	-1.00000	-1.00000
1409	Bishop	Willow_Pond	un	505189	0.17241	-1.00000	-1.00000	0.04132	-1.00000	-1.00000	0.04132	-1.00000	-1.00000	0.00023	-1.00000	-1.00000
1413	Bishop	Willow_Pond	un	507762	-0.00000	-1.00000	-1.00000	-0.00000	-1.00000	-1.00000	-0.00000	-1.00000	-1.00000	0.00004	-1.00000	-1.00000
1432	Bishop	Willow_Pond	un	512685	0.57346	-1.00000	-1.00000	0.50701	-1.00000	-1.00000	0.48471	-1.00000	-1.00000	0.00087	-1.00000	-1.00000
1440	Bishop	Willow_Pond	un	513508	0.00251	-1.00000	-1.00000	0.00009	-1.00000	-1.00000	-0.00000	-1.00000	-1.00000	0.00005	-1.00000	-1.00000
1446	Bishop	Willow_Pond	un	516024	-0.00000	-1.00000	-1.00000	-0.00000	-1.00000	-1.00000	-0.00000	-1.00000	-1.00000	0.00004	-1.00000	-1.00000
1457	Bishop	Willow_Pond	un	520106	0.19845	-1.00000	-1.00000	0.04545	-1.00000	-1.00000	0.09204	-1.00000	-1.00000	0.00044	-1.00000	-1.00000
1517	Bishop	Willow_Pond	un	537841	0.00251	-1.00000	-1.00000	0.00009	-1.00000	-1.00000	0.00508	-1.00000	-1.00000	0.00013	-1.00000	-1.00000
1518	Bishop	Willow_Pond	un	538592	-0.00270	-1.00000	-1.00000	-0.00010	-1.00000	-1.00000	-0.00488	-1.00000	-1.00000	0.00026	-1.00000	-1.00000
1535	Bishop	Willow_Pond	un	543511	0.00621	-1.00000	-1.00000	0.00433	-1.00000	-1.00000	-0.01319	-1.00000	-1.00000	0.00071	-1.00000	-1.00000
1538	Bishop	Willow_Pond	un	544310	0.14960	-1.00000	-1.00000	0.06749	-1.00000	-1.00000	0.08475	-1.00000	-1.00000	0.00047	-1.00000	-1.00000
1549	Bishop	Willow_Pond	un	547556	0.00251	-1.00000	-1.00000	0.00009	-1.00000	-1.00000	-0.00000	-1.00000	-1.00000	0.00005	-1.00000	-1.00000
1554	Bishop	Willow_Pond	un	551620	-0.00295	-1.00000	-1.00000	-0.00044	-1.00000	-1.00000	-0.00227	-1.00000	-1.00000	0.00024	-1.00000	-1.00000
1566	Bishop	Willow_Pond	un	558105	0.25057	-1.00000	-1.00000	0.09328	-1.00000	-1.00000	0.07442	-1.00000	-1.00000	0.00049	-1.00000	-1.00000
1568	Bishop	Willow_Pond	un	559767	0.09054	-1.00000	-1.00000	0.01094	-1.00000	-1.00000	0.02205	-1.00000	-1.00000	0.00019	-1.00000	-1.00000
1571	Bishop	Willow_Pond	un	561489	0.00000	-1.00000	-1.00000	0.00000	-1.00000	-1.00000	-0.00000	-1.00000	-1.00000	0.00004	-1.00000	-1.00000
1572	Bishop	Willow_Pond	un	562320	0.16000	-1.00000	-1.00000	0.03670	-1.00000	-1.00000	0.04553	-1.00000	-1.00000	0.00042	-1.00000	-1.00000
1589	Bishop	Willow_Pond	un	567225	0.01411	-1.00000	-1.00000	0.00223	-1.00000	-1.00000	0.03044	-1.00000	-1.00000	0.00032	-1.00000	-1.00000
1590	Bishop	Willow_Pond	un	568029	0.21731	-1.00000	-1.00000	0.07871	-1.00000	-1.00000	0.06284	-1.00000	-1.00000	0.00049	-1.00000	-1.00000
1592	Bishop	Willow_Pond	un	568789	0.03320	-1.00000	-1.00000	0.00263	-1.00000	-1.00000	0.01050	-1.00000	-1.00000	0.00017	-1.00000	-1.00000
1615	Bishop	Willow_Pond	un	578522	0.23006	-1.00000	-1.00000	0.06951	-1.00000	-1.00000	0.06897	-1.00000	-1.00000	0.00031	-1.00000	-1.00000
1619	Bishop	Willow_Pond	un	580944	0.24801	-1.00000	-1.00000	0.20050	-1.00000	-1.00000	0.16718	-1.00000	-1.00000	0.00078	-1.00000	-1.00000
1640	Bishop	Willow_Pond	un	586890	0.03320	-1.00000	-1.00000	0.00263	-1.00000	-1.00000	0.00852	-1.00000	-1.00000	0.00022	-1.00000	-1.00000
1641	Bishop	Willow_Pond	un	587767	0.00656	-1.00000	-1.00000	0.00026	-1.00000	-1.00000	0.01989	-1.00000	-1.00000	0.00029	-1.00000	-1.00000
1642	Bishop	Willow_Pond	un	588687	-0.04160	-1.00000	-1.00000	-0.00347	-1.00000	-1.00000	-0.01504	-1.00000	-1.00000	0.00036	-1.00000	-1.00000
1644	Bishop	Willow_Pond	un	589497	0.62069	-1.00000	-1.00000	0.51740	-1.00000	-1.00000	0.51740	-1.00000	-1.00000	0.00088	-1.00000	-1.00000
1647	Bishop	Willow_Pond	un	591000	-0.04348	-1.00000	-1.00000	-0.03604	-1.00000	-1.00000	-0.04721	-1.00000	-1.00000	0.00075	-1.00000	-1.00000
1648	Bishop	Willow_Pond	un	591789	0.30587	-1.00000	-1.00000	0.22774	-1.00000	-1.00000	0.30539	-1.00000	-1.00000	0.00074	-1.00000	-1.00000
1652	Bishop	Willow_Pond	un	593391	0.03114	-1.00000	-1.00000	0.00229	-1.00000	-1.00000	0.00246	-1.00000	-1.00000	0.00008	-1.00000	-1.00000
1662	Bishop	Willow_Pond	un	598032	-0.00000	-1.00000	-1.00000	-0.00000	-1.00000	-1.00000	-0.00607	-1.00000	-1.00000	0.00024	-1.00000	-1.00000
1671	Bishop	Willow_Pond	un	602224	0.03448	-1.00000	-1.00000	0.00246	-1.00000	-1.00000	0.00246	-1.00000	-1.00000	0.00008	-1.00000	-1.00000
1673	Bishop	Willow_Pond	un	603052	0.04348	-1.00000	-1.00000	0.00394	-1.00000	-1.00000	0.06452	-1.00000	-1.00000	0.00040	-1.00000	-1.00000
1678	Bishop	Willow_Pond	un	607006	-0.03567	-1.00000	-1.00000	-0.00255	-1.00000	-1.00000	0.00018	-1.00000	-1.00000	0.00015	-1.00000	-1.00000
1686	Bishop	Willow_Pond	un	610268	-0.03704	-1.00000	-1.00000	-0.00275	-1.00000	-1.00000	-0.00786	-1.00000	-1.00000	0.00024	-1.00000	-1.00000
1692	Bishop	Willow_Pond	un	613497	0.00340	-1.00000	-1.00000	0.00014	-1.00000	-1.00000	-0.00378	-1.00000	-1.00000	0.00036	-1.00000	-1.00000
1693	Bishop	Willow_Pond	un	614344	0.21411	-1.00000	-1.00000	0.06834	-1.00000	-1.00000	0.04879	-1.00000	-1.00000	0.00049	-1.00000	-1.00000
1709	Bishop	Willow_Pond	un	621363	-0.02055	-1.00000	-1.00000	-0.00226	-1.00000	-1.00000	0.00300	-1.00000	-1.00000	0.00018	-1.00000	-1.00000
1714	Bishop	Willow_Pond	un	624660	0.09054	-1.00000	-1.00000	0.01094	-1.00000	-1.00000	0.02205	-1.00000	-1.00000	0.00024	-1.00000	-1.00000
1728	Bishop	Willow_Pond	un	631766	-0.00341	-1.00000	-1.00000	-0.00055	-1.00000	-1.00000	-0.00643	-1.00000	-1.00000	0.00028	-1.00000	-1.00000
1730	Bishop	Willow_Pond	un	632659	0.12296	-1.00000	-1.00000	0.03857	-1.00000	-1.00000	0.04879	-1.00000	-1.00000	0.00049	-1.00000	-1.00000
1734	Bishop	Willow_Pond	un	634241	-0.02569	-1.00000	-1.00000	-0.00281	-1.00000	-1.00000	-0.00274	-1.00000	-1.00000	0.00011	-1.00000	-1.00000
1735	Bishop	Willow_Pond	un	635141	0.81223	-1.00000	-1.00000	0.77087	-1.00000	-1.00000	0.78064	-1.00000	-1.00000	0.00097	-1.00000	-1.00000
1740	Bishop	Willow_Pond	un	637586	0.03320	-1.00000	-1.00000	0.00263	-1.00000	-1.00000	-0.00486	-1.00000	-1.00000	0.00027	-1.00000	-1.00000
1752	Bishop	Willow_Pond	un	643349	0.29856	-1.00000	-1.00000	0.11199	-1.00000	-1.00000	0.13214	-1.00000	-1.00000	0.00041	-1.00000	-1.00000
1755	Bishop	Willow_Pond	un	644222	0.07436	-1.00000	-1.00000	0.00994	-1.00000	-1.00000	0.01033	-1.00000	-1.00000	0.00017	-1.00000	-1.00000
1767	Bishop	Willow_Pond	un	648440	0.00000	-1.00000	-1.00000	0.00000	-1.00000	-1.00000	-0.00502	-1.00000	-1.00000	0.00018	-1.00000	-1.00000
1771	Bishop	Willow_Pond	un	649317	0.03704	-1.00000	-1.00000	0.00284	-1.00000	-1.00000	-0.00227	-1.00000	-1.00000	0.00020	-1.00000	-1.00000
1790	Bishop	Willow_Pond	un	656518	0.00000	-1.00000	-1.00000	0.00000	-1.00000	-1.00000	-0.00000	-1.00000	-1.00000	0.00007	-1.00000	-1.00000
1799	Bishop	Willow_Pond	un	659450	0.00251	-1.00000	-1.00000	0.00009	-1.00000	-1.00000	-0.00000	-1.00000	-1.00000	0.00004	-1.00000	-1.00000
1800	Bishop	Willow_Pond	un	660322	0.57018	-1.00000	-1.00000	0.43353	-1.00000	-1.00000	0.43951	-1.00000	-1.00000	0.00081	-1.00000	-1.00000
1804	Bishop	Willow_Pond	un	661123	-0.00270	-1.00000	-1.00000	-0.00010	-1.00000	-1.00000	-0.00488	-1.00000	-1.00000	0.00026	-1.00000	-1.00000
1805	Bishop	Willow_Pond	un	661922	0.96159	-1.00000	-1.00000	0.96296	-1.00000	-1.00000	0.96315	-1.00000	-1.00000	0.00127	-1.00000	-1.00000
1820	Bishop	Willow_Pond	un	667368	0.43125	-1.00000	-1.00000	0.33529	-1.00000	-1.00000	0.32154	-1.00000	-1.00000	0.00073	-1.00000	-1.00000
1833	Bishop	Willow_Pond	un	672193	0.00290	-1.00000	-1.00000	0.00011	-1.00000	-1.00000	0.00589	-1.00000	-1.00000	0.00014	-1.00000	-1.00000
1840	Bishop	Willow_Pond	un	675189	0.16384	-1.00000	-1.00000	0.08772	-1.00000	-1.00000	0.09725	-1.00000	-1.00000	0.00067	-1.00000	-1.00000
1844	Bishop	Willow_Pond	un	676356	0.00340	-1.00000	-1.00000	0.00014	-1.00000	-1.00000	0.00110	-1.00000	-1.00000	0.00022	-1.00000	-1.00000
1866	Bishop	Willow_Pond	un	687699	0.27333	-1.00000	-1.00000	0.16295	-1.00000	-1.00000	0.24855	-1.00000	-1.00000	0.00067	-1.00000	-1.00000
1888	Bishop	Willow_Pond	un	698836	0.06897	-1.00000	-1.00000	0.00760	-1.00000	-1.00000	0.00760	-1.00000	-1.00000	0.00013	-1.00000	-1.00000
1895	Bishop	Willow_Pond	un	701236	0.05590	-1.00000	-1.00000	0.02250	-1.00000	-1.00000	0.01001	-1.00000	-1.00000	0.00056	-1.00000	-1.00000
1905	Bishop	Willow_Pond	un	705274	0.04000	-1.00000	-1.00000	0.00332	-1.00000	-1.00000	-0.00760	-1.00000	-1.00000	0.00038	-1.00000	-1.00000
1907	Bishop	Willow_Pond	un	706036	-0.03080	-1.00000	-1.00000	-0.02855	-1.00000	-1.00000	-0.03425	-1.00000	-1.00000	0.00070	-1.00000	-1.00000
1909	Bishop	Willow_Pond	un	706910	0.22222	-1.00000	-1.00000	0.06897	-1.00000	-1.00000	0.08696	-1.00000	-1.00000	0.00039	-1.00000	-1.00000
1927	Bishop	Willow_Pond	un	712562	0.03448	-1.00000	-1.00000	0.00246	-1.00000	-1.00000	0.00246	-1.00000	-1.00000	0.00008	-1.00000	-1.00000
1928	Bishop	Willow_Pond	un	713431	0.00561	-1.00000	-1.00000	0.00021	-1.00000	-1.00000	0.00589	-1.00000	-1.00000	0.00012	-1.00000	-1.00000
1936	Bishop	Willow_Pond	un	716583	-0.03795	-1.00000	-1.00000	-0.00293	-1.00000	-1.00000	0.01733	-1.00000	-1.00000	0.00025	-1.00000	-1.00000
1939	Bishop	Willow_Pond	un	717393	-0.03352	-1.00000	-1.00000	-0.01206	-1.00000	-1.00000	-0.01068	-1.00000	-1.00000	0.00040	-1.00000	-1.00000
1943	Bishop	Willow_Pond	un	718974	0.00000	-1.00000	-1.00000	0.00000	-1.00000	-1.00000	-0.00502	-1.00000	-1.00000	0.00018	-1.00000	-1.00000
1947	Bishop	Willow_Pond	un	720732	-0.00000	-1.00000	-1.00000	-0.00000	-1.00000	-1.00000	-0.00000	-1.00000	-1.00000	0.00004	-1.00000	-1.00000
1963	Bishop	Willow_Pond	un	725375	0.00340	-1.00000	-1.00000	0.00014	-1.00000	-1.00000	-0.00378	-1.00000	-1.00000	0.00040	-1.00000	-1.00000
1969	Bishop	Willow_Pond	un	728592	-0.00489	-1.00000	-1.00000	-0.00018	-1.00000	-1.00000	0.01104	-1.00000	-1.00000	0.00020	-1.00000	-1.00000
1982	Bishop	Willow_Pond	un	733670	0.14660	-1.00000	-1.00000	0.10424	-1.00000	-1.00000	0.11299	-1.00000	-1.00000	0.00072	-1.00000	-1.00000
1984	Bishop	Willow_Pond	un	735217	0.07407	-1.00000	-1.00000	0.00881	-1.00000	-1.00000	0.00881	-1.00000	-1.00000	0.00014	-1.00000	-1.00000
1994	Bishop	Willow_Pond	un	740788	0.06138	-1.00000	-1.00000	0.04865	-1.00000	-1.00000	0.05440	-1.00000	-1.00000	0.00061	-1.00000	-1.00000
2002	Bishop	Willow_Pond	un	743386	0.16384	-1.00000	-1.00000	0.08772	-1.00000	-1.00000	0.09725	-1.00000	-1.00000	0.00058	-1.00000	-1.00000
2008	Bishop	Willow_Pond	un	747152	0.04067	-1.00000	-1.00000	0.00302	-1.00000	-1.00000	0.01050	-1.00000	-1.00000	0.00025	-1.00000	-1.00000
2010	Bishop	Willow_Pond	un	747695	0.00000	-1.00000	-1.00000	0.00000	-1.00000	-1.00000	-0.00502	-1.00000	-1.00000	0.00019	-1.00000	-1.00000
2013	Bishop	Willow_Pond	un	748498	0.25916	-1.00000	-1.00000	0.10443	-1.00000	-1.00000	0.08527	-1.00000	-1.00000	0.00048	-1.00000	-1.00000
2020	Bishop	Willow_Pond	un	751108	-0.04068	-1.00000	-1.00000	-0.02396	-1.00000	-1.00000	-0.03046	-1.00000	-1.00000	0.00068	-1.00000	-1.00000
2022	Bishop	Willow_Pond	un	752704	0.04067	-1.00000	-1.00000	0.00302	-1.00000	-1.00000	0.00284	-1.00000	-1.00000	0.00008	-1.00000	-1.00000
2025	Bishop	Willow_Pond	un	754465	-0.00767	-1.00000	-1.00000	-0.00029	-1.00000	-1.00000	0.03472	-1.00000	-1.00000	0.00027	-1.00000	-1.00000
2026	Bishop	Willow_Pond	un	755313	0.45732	-1.00000	-1.00000	0.27050	-1.00000	-1.00000	0.31031	-1.00000	-1.00000	0.00080	-1.00000	-1.00000
2030	Bishop	Willow_Pond	un	756685	0.00000	-1.00000	-1.00000	0.00000	-1.00000	-1.00000	0.00508	-1.00000	-1.00000	0.00013	-1.00000	-1.00000
2035	Bishop	Willow_Pond	un	760637	-0.00000	-1.00000	-1.00000	-0.00000	-1.00000	-1.00000	-0.01068	-1.00000	-1.00000	0.00030	-1.00000	-1.00000
2056	Bishop	Willow_Pond	un	765690	-0.00235	-1.00000	-1.00000	-0.00008	-1.00000	-1.00000	-0.00000	-1.00000	-1.00000	0.00004	-1.00000	-1.00000
2059	Bishop	Willow_Pond	un	767274	-0.03591	-1.00000	-1.00000	-0.02209	-1.00000	-1.00000	-0.02829	-1.00000	-1.00000	0.00059	-1.00000	-1.00000
2063	Bishop	Willow_Pond	un	769625	-0.03704	-1.00000	-1.00000	-0.00275	-1.00000	-1.00000	-0.00786	-1.00000	-1.00000	0.00021	-1.00000	-1.00000
2070	Bishop	Willow_Pond	un	772920	0.64918	-1.00000	-1.00000	0.65736	-1.00000	-1.00000	0.64715	-1.00000	-1.00000	0.00096	-1.00000	-1.00000
2074	Bishop	Willow_Pond	un	774529	0.88889	-1.00000	-1.00000	0.88106	-1.00000	-1.00000	0.87545	-1.00000	-1.00000	0.00131	-1.00000	-1.00000
2085	Bishop	Willow_Pond	un	777444	0.63289	-1.00000	-1.00000	0.64034	-1.00000	-1.00000	0.63212	-1.00000	-1.00000	0.00101	-1.00000	-1.00000
2089	Bishop	Willow_Pond	un	779915	0.13712	-1.00000	-1.00000	0.07193	-1.00000	-1.00000	0.07070	-1.00000	-1.00000	0.00072	-1.00000	-1.00000
2098	Bishop	Willow_Pond	un	783976	0.04838	-1.00000	-1.00000	0.00422	-1.00000	-1.00000	0.00323	-1.00000	-1.00000	0.00040	-1.00000	-1.00000
2100	Bishop	Willow_Pond	un	785741	0.03320	-1.00000	-1.00000	0.00263	-1.00000	-1.00000	-0.00303	-1.00000	-1.00000	0.00024	-1.00000	-1.00000
2114	Bishop	Willow_Pond	un	791537	0.02672	-1.00000	-1.00000	0.00556	-1.00000	-1.00000	-0.00052	-1.00000	-1.00000	0.00034	-1.00000	-1.00000
2118	Bishop	Willow_Pond	un	792359	-0.00000	-1.00000	-1.00000	-0.00000	-1.00000	-1.00000	-0.00000	-1.00000	-1.00000	0.00004	-1.00000	-1.00000
2128	Bishop	Willow_Pond	un	797073	-0.00235	-1.00000	-1.00000	-0.00008	-1.00000	-1.00000	-0.00000	-1.00000	-1.00000	0.00004	-1.00000	-1.00000
2132	Bishop	Willow_Pond	un	800247	-0.03704	-1.00000	-1.00000	-0.00275	-1.00000	-1.00000	-0.00019	-1.00000	-1.00000	0.00015	-1.00000	-1.00000
2138	Bishop	Willow_Pond	un	801134	0.21217	-1.00000	-1.00000	0.10141	-1.00000	-1.00000	0.10144	-1.00000	-1.00000	0.00064	-1.00000	-1.00000
2150	Bishop	Willow_Pond	un	806801	0.11294	-1.00000	-1.00000	0.03656	-1.00000	-1.00000	0.02398	-1.00000	-1.00000	0.00047	-1.00000	-1.00000
2175	Bishop	Willow_Pond	un	818978	0.11672	-1.00000	-1.00000	0.01853	-1.00000	-1.00000	0.03064	-1.00000	-1.00000	0.00025	-1.00000	-1.00000
2180	Bishop	Willow_Pond	un	822139	0.10386	-1.00000	-1.00000	0.03087	-1.00000	-1.00000	0.04532	-1.00000	-1.00000	0.00038	-1.00000	-1.00000
2191	Bishop	Willow_Pond	un	826231	0.00181	-1.00000	-1.00000	0.00026	-1.00000	-1.00000	0.00026	-1.00000	-1.00000	0.00016	-1.00000	-1.00000
2206	Bishop	Willow_Pond	un	832625	0.33112	-1.00000	-1.00000	0.18906	-1.00000	-1.00000	0.27584	-1.00000	-1.00000	0.00072	-1.00000	-1.00000
2210	Bishop	Willow_Pond	un	833374	0.86812	-1.00000	-1.00000	0.86917	-1.00000	-1.00000	0.85338	-1.00000	-1.00000	0.00123	-1.00000	-1.00000
2211	Bishop	Willow_Pond	un	834108	-0.00235	-1.00000	-1.00000	-0.00008	-1.00000	-1.00000	-0.00000	-1.00000	-1.00000	0.00004	-1.00000	-1.00000
2221	Bishop	Willow_Pond	un	838098	0.04067	-1.00000	-1.00000	0.00302	-1.00000	-1.00000	0.00284	-1.00000	-1.00000	0.00009	-1.00000	-1.00000
2234	Bishop	Willow_Pond	un	842173	0.05304	-1.00000	-1.00000	0.00446	-1.00000	-1.00000	0.01011	-1.00000	-1.00000	0.00031	-1.00000	-1.00000
2244	Bishop	Willow_Pond	un	845297	0.50181	-1.00000	-1.00000	0.42753	-1.00000	-1.00000	0.41747	-1.00000	-1.00000	0.00072	-1.00000	-1.00000
2265	Bishop	Willow_Pond	un	855050	-0.00000	-1.00000	-1.00000	-0.00000	-1.00000	-1.00000	-0.01068	-1.00000	-1.00000	0.00034	-1.00000	-1.00000
2268	Bishop	Willow_Pond	un	855809	0.00251	-1.00000	-1.00000	0.00009	-1.00000	-1.00000	-0.00000	-1.00000	-1.00000	0.00005	-1.00000	-1.00000
2273	Bishop	Willow_Pond	un	858164	0.00951	-1.00000	-1.00000	0.00037	-1.00000	-1.00000	0.00691	-1.00000	-1.00000	0.00014	-1.00000	-1.00000
2290	Bishop	Willow_Pond	un	863922	0.06522	-1.00000	-1.00000	0.04451	-1.00000	-1.00000	0.02016	-1.00000	-1.00000	0.00112	-1.00000	-1.00000
2292	Bishop	Willow_Pond	un	864446	-0.00275	-1.00000	-1.00000	-0.00076	-1.00000	-1.00000	-0.01199	-1.00000	-1.00000	0.00043	-1.00000	-1.00000
2294	Bishop	Willow_Pond	un	865299	0.15549	-1.00000	-1.00000	0.05898	-1.00000	-1.00000	0.05948	-1.00000	-1.00000	0.00038	-1.00000	-1.00000
2296	Bishop	Willow_Pond	un	866867	0.00561	-1.00000	-1.00000	0.00021	-1.00000	-1.00000	0.00589	-1.00000	-1.00000	0.00013	-1.00000	-1.00000
2297	Bishop	Willow_Pond	un	867712	0.04820	-1.00000	-1.00000	0.00374	-1.00000	-1.00000	0.03064	-1.00000	-1.00000	0.00026	-1.00000	-1.00000
2308	Bishop	Willow_Pond	un	873363	-0.02602	-1.00000	-1.00000	-0.01145	-1.00000	-1.00000	-0.01796	-1.00000	-1.00000	0.00057	-1.00000	-1.00000
2309	Bishop	Willow_Pond	un	874114	0.00000	-1.00000	-1.00000	0.00000	-1.00000	-1.00000	-0.00502	-1.00000	-1.00000	0.00020	-1.00000	-1.00000
2325	Bishop	Willow_Pond	un	880596	0.00561	-1.00000	-1.00000	0.00021	-1.00000	-1.00000	0.00589	-1.00000	-1.00000	0.00013	-1.00000	-1.00000
2356	Bishop	Willow_Pond	un	888376	0.67450	-1.00000	-1.00000	0.66435	-1.00000	-1.00000	0.63271	-1.00000	-1.00000	0.00095	-1.00000	-1.00000
2376	Bishop	Willow_Pond	un	897917	-0.00804	-1.00000	-1.00000	-0.00125	-1.00000	-1.00000	0.00697	-1.00000	-1.00000	0.00030	-1.00000	-1.00000
2379	Bishop	Willow_Pond	un	899594	-0.03841	-1.00000	-1.00000	-0.00296	-1.00000	-1.00000	-0.00486	-1.00000	-1.00000	0.00031	-1.00000	-1.00000
2381	Bishop	Willow_Pond	un	900891	-0.00315	-1.00000	-1.00000	-0.00013	-1.00000	-1.00000	-0.01039	-1.00000	-1.00000	0.00038	-1.00000	-1.00000
2399	Bishop	Willow_Pond	un	908146	0.06897	-1.00000	-1.00000	0.00760	-1.00000	-1.00000	0.00760	-1.00000	-1.00000	0.00012	-1.00000	-1.00000
2400	Bishop	Willow_Pond	un	908970	0.13793	-1.00000	-1.00000	0.02685	-1.00000	-1.00000	0.02685	-1.00000	-1.00000	0.00021	-1.00000	-1.00000
2404	Bishop	Willow_Pond	un	909757	0.43125	-1.00000	-1.00000	0.33529	-1.00000	-1.00000	0.29575	-1.00000	-1.00000	0.00087	-1.00000	-1.00000
2414	Bishop	Willow_Pond	un	912910	-0.03282	-1.00000	-1.00000	-0.02707	-1.00000	-1.00000	-0.03459	-1.00000	-1.00000	0.00068	-1.00000	-1.00000
2422	Bishop	Willow_Pond	un	916198	-0.03975	-1.00000	-1.00000	-0.00319	-1.00000	-1.00000	0.01151	-1.00000	-1.00000	0.00036	-1.00000	-1.00000
2430	Bishop	Willow_Pond	un	920917	0.13243	-1.00000	-1.00000	0.04031	-1.00000	-1.00000	0.03934	-1.00000	-1.00000	0.00032	-1.00000	-1.00000
2436	Bishop	Willow_Pond	un	924891	0.04067	-1.00000	-1.00000	0.00302	-1.00000	-1.00000	0.00284	-1.00000	-1.00000	0.00008	-1.00000	-1.00000
2438	Bishop	Willow_Pond	un	926477	0.06897	-1.00000	-1.00000	0.00760	-1.00000	-1.00000	0.00760	-1.00000	-1.00000	0.00012	-1.00000	-1.00000
2446	Bishop	Willow_Pond	un	931156	-0.00270	-1.00000	-1.00000	-0.00010	-1.00000	-1.00000	-0.00488	-1.00000	-1.00000	0.00025	-1.00000	-1.00000
2447	Bishop	Willow_Pond	un	931989	-0.01591	-1.00000	-1.00000	-0.00398	-1.00000	-1.00000	-0.01008	-1.00000	-1.00000	0.00038	-1.00000	-1.00000
2456	Bishop	Willow_Pond	un	937683	0.11111	-1.00000	-1.00000	0.01818	-1.00000	-1.00000	0.01289	-1.00000	-1.00000	0.00031	-1.00000	-1.00000
2457	Bishop	Willow_Pond	un	938489	-0.01392	-1.00000	-1.00000	-0.00826	-1.00000	-1.00000	-0.01039	-1.00000	-1.00000	0.00062	-1.00000	-1.00000
2461	Bishop	Willow_Pond	un	939362	0.06897	-1.00000	-1.00000	0.00760	-1.00000	-1.00000	0.00760	-1.00000	-1.00000	0.00012	-1.00000	-1.00000
2462	Bishop	Willow_Pond	un	940172	-0.00235	-1.00000	-1.00000	-0.00008	-1.00000	-1.00000	-0.00000	-1.00000	-1.00000	0.00004	-1.00000	-1.00000
2468	Bishop	Willow_Pond	un	941752	0.20690	-1.00000	-1.00000	0.05924	-1.00000	-1.00000	0.05924	-1.00000	-1.00000	0.00027	-1.00000	-1.00000
2477	Bishop	Willow_Pond	un	945833	0.03715	-1.00000	-1.00000	0.03842	-1.00000	-1.00000	0.03456	-1.00000	-1.00000	0.00076	-1.00000	-1.00000
2478	Bishop	Willow_Pond	un	946633	0.27586	-1.00000	-1.00000	0.10573	-1.00000	-1.00000	0.10573	-1.00000	-1.00000	0.00040	-1.00000	-1.00000
2479	Bishop	Willow_Pond	un	947384	0.13178	-1.00000	-1.00000	0.11512	-1.00000	-1.00000	0.12204	-1.00000	-1.00000	0.00086	-1.00000	-1.00000
2483	Bishop	Willow_Pond	un	948850	0.27098	-1.00000	-1.00000	0.09781	-1.00000	-1.00000	0.08528	-1.00000	-1.00000	0.00057	-1.00000	-1.00000
2485	Bishop	Willow_Pond	un	950149	-0.00000	-1.00000	-1.00000	-0.00000	-1.00000	-1.00000	-0.00000	-1.00000	-1.00000	0.00004	-1.00000	-1.00000
2489	Bishop	Willow_Pond	un	951816	0.00000	-1.00000	-1.00000	0.00000	-1.00000	-1.00000	0.00508	-1.00000	-1.00000	0.00012	-1.00000	-1.00000
2497	Bishop	Willow_Pond	un	954937	0.30515	-1.00000	-1.00000	0.12370	-1.00000	-1.00000	0.14308	-1.00000	-1.00000	0.00044	-1.00000	-1.00000
2499	Bishop	Willow_Pond	un	956551	-0.03567	-1.00000	-1.00000	-0.00255	-1.00000	-1.00000	-0.00256	-1.00000	-1.00000	0.00008	-1.00000	-1.00000
2502	Bishop	Willow_Pond	un	958959	-0.00000	-1.00000	-1.00000	-0.00000	-1.00000	-1.00000	-0.00050	-1.00000	-1.00000	0.00035	-1.00000	-1.00000
2504	Bishop	Willow_Pond	un	960452	0.00251	-1.00000	-1.00000	0.00009	-1.00000	-1.00000	0.00508	-1.00000	-1.00000	0.00013	-1.00000	-1.00000
2512	Bishop	Willow_Pond	un	962842	-0.03567	-1.00000	-1.00000	-0.00255	-1.00000	-1.00000	-0.00256	-1.00000	-1.00000	0.00008	-1.00000	-1.00000
2521	Bishop	Willow_Pond	un	967797	0.03114	-1.00000	-1.00000	0.00229	-1.00000	-1.00000	0.00246	-1.00000	-1.00000	0.00008	-1.00000	-1.00000
2530	Bishop	Willow_Pond	un	971984	-0.00000	-1.00000	-1.00000	-0.00000	-1.00000	-1.00000	-0.00000	-1.00000	-1.00000	0.00004	-1.00000	-1.00000
2532	Bishop	Willow_Pond	un	972839	-0.00000	-1.00000	-1.00000	-0.00000	-1.00000	-1.00000	-0.00000	-1.00000	-1.00000	0.00004	-1.00000	-1.00000
2533	Bishop	Willow_Pond	un	973653	0.01244	-1.00000	-1.00000	0.01276	-1.00000	-1.00000	0.02765	-1.00000	-1.00000	0.00076	-1.00000	-1.00000
2544	Bishop	Willow_Pond	un	980876	0.04420	-1.00000	-1.00000	0.00354	-1.00000	-1.00000	0.00705	-1.00000	-1.00000	0.00029	-1.00000	-1.00000
2545	Bishop	Willow_Pond	un	981717	0.02912	-1.00000	-1.00000	0.00239	-1.00000	-1.00000	0.00518	-1.00000	-1.00000	0.00035	-1.00000	-1.00000
2559	Bishop	Willow_Pond	un	988157	-0.00315	-1.00000	-1.00000	-0.00013	-1.00000	-1.00000	-0.01039	-1.00000	-1.00000	0.00037	-1.00000	-1.00000
2568	Bishop	Willow_Pond	un	993819	0.00251	-1.00000	-1.00000	0.00009	-1.00000	-1.00000	-0.00000	-1.00000	-1.00000	0.00005	-1.00000	-1.00000
2585	Bishop	Willow_Pond	un	1001437	0.00561	-1.00000	-1.00000	0.00021	-1.00000	-1.00000	0.02159	-1.00000	-1.00000	0.00020	-1.00000	-1.00000
2589	Bishop	Willow_Pond	un	1003013	0.00251	-1.00000	-1.00000	0.00009	-1.00000	-1.00000	-0.00000	-1.00000	-1.00000	0.00004	-1.00000	-1.00000
2591	Bishop	Willow_Pond	un	1003812	-0.00315	-1.00000	-1.00000	-0.00013	-1.00000	-1.00000	-0.00207	-1.00000	-1.00000	0.00029	-1.00000	-1.00000
2593	Bishop	Willow_Pond	un	1005416	-0.00489	-1.00000	-1.00000	-0.00018	-1.00000	-1.00000	0.01104	-1.00000	-1.00000	0.00019	-1.00000	-1.00000
2600	Bishop	Willow_Pond	un	1007077	-0.04160	-1.00000	-1.00000	-0.00347	-1.00000	-1.00000	-0.01504	-1.00000	-1.00000	0.00035	-1.00000	-1.00000
2604	Bishop	Willow_Pond	un	1008720	0.04820	-1.00000	-1.00000	0.00374	-1.00000	-1.00000	0.00332	-1.00000	-1.00000	0.00010	-1.00000	-1.00000
2613	Bishop	Willow_Pond	un	1011199	0.06897	-1.00000	-1.00000	0.00760	-1.00000	-1.00000	0.00760	-1.00000	-1.00000	0.00012	-1.00000	-1.00000
2622	Bishop	Willow_Pond	un	1015891	0.04067	-1.00000	-1.00000	0.00302	-1.00000	-1.00000	0.01050	-1.00000	-1.00000	0.00016	-1.00000	-1.00000
2626	Bishop	Willow_Pond	un	1017543	-0.03953	-1.00000	-1.00000	-0.03460	-1.00000	-1.00000	-0.02357	-1.00000	-1.00000	0.00069	-1.00000	-1.00000
2632	Bishop	Willow_Pond	un	1019967	0.00000	-1.00000	-1.00000	0.00000	-1.00000	-1.00000	-0.00502	-1.00000	-1.00000	0.00020	-1.00000	-1.00000
2638	Bishop	Willow_Pond	un	1023744	0.10345	-1.00000	-1.00000	0.01567	-1.00000	-1.00000	0.01567	-1.00000	-1.00000	0.00017	-1.00000	-1.00000
2642	Bishop	Willow_Pond	un	1025349	0.00251	-1.00000	-1.00000	0.00009	-1.00000	-1.00000	0.00508	-1.00000	-1.00000	0.00012	-1.00000	-1.00000
2645	Bishop	Willow_Pond	un	1027013	-0.00270	-1.00000	-1.00000	-0.00010	-1.00000	-1.00000	-0.00488	-1.00000	-1.00000	0.00027	-1.00000	-1.00000
2655	Bishop	Willow_Pond	un	1030251	-0.03684	-1.00000	-1.00000	-0.00273	-1.00000	-1.00000	0.01433	-1.00000	-1.00000	0.00022	-1.00000	-1.00000
2657	Bishop	Willow_Pond	un	1031868	0.13205	-1.00000	-1.00000	0.02645	-1.00000	-1.00000	0.02685	-1.00000	-1.00000	0.00021	-1.00000	-1.00000
2665	Bishop	Willow_Pond	un	1035945	0.20000	-1.00000	-1.00000	0.05660	-1.00000	-1.00000	0.07534	-1.00000	-1.00000	0.00032	-1.00000	-1.00000
2671	Bishop	Willow_Pond	un	1038516	0.00340	-1.00000	-1.00000	0.00014	-1.00000	-1.00000	-0.01093	-1.00000	-1.00000	0.00033	-1.00000	-1.00000
2678	Bishop	Willow_Pond	un	1042318	0.02760	-1.00000	-1.00000	0.00210	-1.00000	-1.00000	0.00883	-1.00000	-1.00000	0.00023	-1.00000	-1.00000
2679	Bishop	Willow_Pond	un	1043157	-0.00000	-1.00000	-1.00000	-0.00000	-1.00000	-1.00000	-0.00000	-1.00000	-1.00000	0.00004	-1.00000	-1.00000
2682	Bishop	Willow_Pond	un	1044003	0.13793	-1.00000	-1.00000	0.02685	-1.00000	-1.00000	0.02685	-1.00000	-1.00000	0.00019	-1.00000	-1.00000
2685	Bishop	Willow_Pond	un	1046588	-0.02913	-1.00000	-1.00000	-0.00330	-1.00000	-1.00000	-0.00315	-1.00000	-1.00000	0.00012	-1.00000	-1.00000
2707	Bishop	Willow_Pond	un	1059734	-0.03684	-1.00000	-1.00000	-0.00273	-1.00000	-1.00000	0.01433	-1.00000	-1.00000	0.00024	-1.00000	-1.00000
2714	Bishop	Willow_Pond	un	1062199	0.06897	-1.00000	-1.00000	0.00760	-1.00000	-1.00000	0.00760	-1.00000	-1.00000	0.00013	-1.00000	-1.00000
2718	Bishop	Willow_Pond	un	1063758	0.13538	-1.00000	-1.00000	0.04649	-1.00000	-1.00000	0.09444	-1.00000	-1.00000	0.00049	-1.00000	-1.00000
2724	Bishop	Willow_Pond	un	1066170	-0.03567	-1.00000	-1.00000	-0.00255	-1.00000	-1.00000	0.00018	-1.00000	-1.00000	0.00015	-1.00000	-1.00000
2725	Bishop	Willow_Pond	un	1067006	0.03555	-1.00000	-1.00000	0.00306	-1.00000	-1.00000	-0.00925	-1.00000	-1.00000	0.00056	-1.00000	-1.00000
2726	Bishop	Willow_Pond	un	1067536	0.04067	-1.00000	-1.00000	0.00302	-1.00000	-1.00000	0.00284	-1.00000	-1.00000	0.00009	-1.00000	-1.00000
2733	Bishop	Willow_Pond	un	1070925	0.10345	-1.00000	-1.00000	0.01567	-1.00000	-1.00000	0.01567	-1.00000	-1.00000	0.00016	-1.00000	-1.00000
2743	Bishop	Willow_Pond	un	1077538	-0.00565	-1.00000	-1.00000	-0.00022	-1.00000	-1.00000	0.00778	-1.00000	-1.00000	0.00031	-1.00000	-1.00000
2744	Bishop	Willow_Pond	un	1078390	0.03448	-1.00000	-1.00000	0.00246	-1.00000	-1.00000	0.00246	-1.00000	-1.00000	0.00009	-1.00000	-1.00000
2745	Bishop	Willow_Pond	un	1079173	0.02967	-1.00000	-1.00000	0.01178	-1.00000	-1.00000	0.01178	-1.00000	-1.00000	0.00031	-1.00000	-1.00000
2750	Bishop	Willow_Pond	un	1082433	0.03704	-1.00000	-1.00000	0.00284	-1.00000	-1.00000	-0.00227	-1.00000	-1.00000	0.00024	-1.00000	-1.00000
2755	Bishop	Willow_Pond	un	1084774	0.00251	-1.00000	-1.00000	0.00009	-1.00000	-1.00000	-0.00000	-1.00000	-1.00000	0.00004	-1.00000	-1.00000
2772	Bishop	Willow_Pond	un	1091874	0.17448	-1.00000	-1.00000	0.03767	-1.00000	-1.00000	0.07867	-1.00000	-1.00000	0.00039	-1.00000	-1.00000
2777	Bishop	Willow_Pond	un	1094306	0.85185	-1.00000	-1.00000	0.83636	-1.00000	-1.00000	0.83636	-1.00000	-1.00000	0.00115	-1.00000	-1.00000
2781	Bishop	Willow_Pond	un	1095892	-0.00235	-1.00000	-1.00000	-0.00008	-1.00000	-1.00000	0.00008	-1.00000	-1.00000	0.00012	-1.00000	-1.00000
2788	Bishop	Willow_Pond	un	1098478	-0.01632	-1.00000	-1.00000	-0.01655	-1.00000	-1.00000	0.05126	-1.00000	-1.00000	0.00084	-1.00000	-1.00000
2804	Bishop	Willow_Pond	un	1106142	0.12643	-1.00000	-1.00000	0.02178	-1.00000	-1.00000	0.05900	-1.00000	-1.00000	0.00032	-1.00000	-1.00000
2811	Bishop	Willow_Pond	un	1111191	0.62040	-1.00000	-1.00000	0.53084	-1.00000	-1.00000	0.51119	-1.00000	-1.00000	0.00090	-1.00000	-1.00000
2825	Bishop	Willow_Pond	un	1116805	0.04000	-1.00000	-1.00000	0.00332	-1.00000	-1.00000	-0.00760	-1.00000	-1.00000	0.00037	-1.00000	-1.00000
2827	Bishop	Willow_Pond	un	1117591	0.06897	-1.00000	-1.00000	0.00760	-1.00000	-1.00000	0.00760	-1.00000	-1.00000	0.00013	-1.00000	-1.00000
2829	Bishop	Willow_Pond	un	1119149	0.03137	-1.00000	-1.00000	0.01318	-1.00000	-1.00000	0.02229	-1.00000	-1.00000	0.00052	-1.00000	-1.00000
2830	Bishop	Willow_Pond	un	1119985	-0.00000	-1.00000	-1.00000	-0.00000	-1.00000	-1.00000	-0.00000	-1.00000	-1.00000	0.00004	-1.00000	-1.00000
2831	Bishop	Willow_Pond	un	1120802	0.03448	-1.00000	-1.00000	0.00246	-1.00000	-1.00000	0.00246	-1.00000	-1.00000	0.00009	-1.00000	-1.00000
2837	Bishop	Willow_Pond	un	1121563	0.23578	-1.00000	-1.00000	0.06894	-1.00000	-1.00000	0.08907	-1.00000	-1.00000	0.00039	-1.00000	-1.00000
2849	Bishop	Willow_Pond	un	1126214	0.00995	-1.00000	-1.00000	0.00177	-1.00000	-1.00000	0.06452	-1.00000	-1.00000	0.00041	-1.00000	-1.00000
2853	Bishop	Willow_Pond	un	1127885	0.24887	-1.00000	-1.00000	0.08190	-1.00000	-1.00000	0.09532	-1.00000	-1.00000	0.00046	-1.00000	-1.00000
2857	Bishop	Willow_Pond	un	1130392	-0.04000	-1.00000	-1.00000	-0.00321	-1.00000	-1.00000	-0.01405	-1.00000	-1.00000	0.00037	-1.00000	-1.00000
2863	Bishop	Willow_Pond	un	1134215	0.19845	-1.00000	-1.00000	0.04545	-1.00000	-1.00000	0.12678	-1.00000	-1.00000	0.00045	-1.00000	-1.00000
2864	Bishop	Willow_Pond	un	1135023	0.03448	-1.00000	-1.00000	0.00246	-1.00000	-1.00000	0.00246	-1.00000	-1.00000	0.00008	-1.00000	-1.00000
2868	Bishop	Willow_Pond	un	1138175	0.14632	-1.00000	-1.00000	0.04868	-1.00000	-1.00000	0.06226	-1.00000	-1.00000	0.00052	-1.00000	-1.00000
2869	Bishop	Willow_Pond	un	1138950	0.47826	-1.00000	-1.00000	0.32353	-1.00000	-1.00000	0.29610	-1.00000	-1.00000	0.00073	-1.00000	-1.00000
2871	Bishop	Willow_Pond	un	1140572	0.46536	-1.00000	-1.00000	0.43057	-1.00000	-1.00000	0.43043	-1.00000	-1.00000	0.00086	-1.00000	-1.00000
2873	Bishop	Willow_Pond	un	1141364	0.07875	-1.00000	-1.00000	0.00908	-1.00000	-1.00000	0.01894	-1.00000	-1.00000	0.00020	-1.00000	-1.00000
2881	Bishop	Willow_Pond	un	1147036	-0.00489	-1.00000	-1.00000	-0.00018	-1.00000	-1.00000	0.01104	-1.00000	-1.00000	0.00020	-1.00000	-1.00000
2883	Bishop	Willow_Pond	un	1148628	-0.00000	-1.00000	-1.00000	-0.00000	-1.00000	-1.00000	-0.00581	-1.00000	-1.00000	0.00022	-1.00000	-1.00000
2887	Bishop	Willow_Pond	un	1149377	-0.00315	-1.00000	-1.00000	-0.00013	-1.00000	-1.00000	-0.01039	-1.00000	-1.00000	0.00037	-1.00000	-1.00000
2893	Bishop	Willow_Pond	un	1152643	0.02760	-1.00000	-1.00000	0.00210	-1.00000	-1.00000	0.00246	-1.00000	-1.00000	0.00014	-1.00000	-1.00000
2895	Bishop	Willow_Pond	un	1153937	0.06470	-1.00000	-1.00000	0.00736	-1.00000	-1.00000	0.00760	-1.00000	-1.00000	0.00012	-1.00000	-1.00000
2896	Bishop	Willow_Pond	un	1154742	-0.00000	-1.00000	-1.00000	-0.00000	-1.00000	-1.00000	0.00589	-1.00000	-1.00000	0.00016	-1.00000	-1.00000
2906	Bishop	Willow_Pond	un	1159422	0.06541	-1.00000	-1.00000	0.01407	-1.00000	-1.00000	0.08504	-1.00000	-1.00000	0.00046	-1.00000	-1.00000
2909	Bishop	Willow_Pond	un	1160188	-0.04128	-1.00000	-1.00000	-0.01118	-1.00000	-1.00000	-0.01796	-1.00000	-1.00000	0.00052	-1.00000	-1.00000
2912	Bishop	Willow_Pond	un	1162498	0.07407	-1.00000	-1.00000	0.00881	-1.00000	-1.00000	0.00361	-1.00000	-1.00000	0.00030	-1.00000	-1.00000
2914	Bishop	Willow_Pond	un	1164020	0.00000	-1.00000	-1.00000	0.00000	-1.00000	-1.00000	-0.00502	-1.00000	-1.00000	0.00017	-1.00000	-1.00000
2915	Bishop	Willow_Pond	un	1164913	0.00561	-1.00000	-1.00000	0.00021	-1.00000	-1.00000	-0.00000	-1.00000	-1.00000	0.00005	-1.00000	-1.00000
2919	Bishop	Willow_Pond	un	1168064	0.00251	-1.00000	-1.00000	0.00009	-1.00000	-1.00000	-0.00000	-1.00000	-1.00000	0.00005	-1.00000	-1.00000
2932	Bishop	Willow_Pond	un	1171191	-0.00000	-1.00000	-1.00000	-0.00000	-1.00000	-1.00000	0.00589	-1.00000	-1.00000	0.00013	-1.00000	-1.00000
2939	Bishop	Willow_Pond	un	1175138	0.00000	-1.00000	-1.00000	0.00000	-1.00000	-1.00000	-0.00502	-1.00000	-1.00000	0.00018	-1.00000	-1.00000
2942	Bishop	Willow_Pond	un	1177718	-0.00767	-1.00000	-1.00000	-0.00029	-1.00000	-1.00000	0.03472	-1.00000	-1.00000	0.00030	-1.00000	-1.00000
2943	Bishop	Willow_Pond	un	1178466	-0.03704	-1.00000	-1.00000	-0.00275	-1.00000	-1.00000	-0.00019	-1.00000	-1.00000	0.00017	-1.00000	-1.00000
2946	Bishop	Willow_Pond	un	1180141	0.00251	-1.00000	-1.00000	0.00009	-1.00000	-1.00000	-0.00000	-1.00000	-1.00000	0.00004	-1.00000	-1.00000
2965	Bishop	Willow_Pond	un	1182623	0.00251	-1.00000	-1.00000	0.00009	-1.00000	-1.00000	0.00508	-1.00000	-1.00000	0.00011	-1.00000	-1.00000
2980	Bishop	Willow_Pond	un	1189132	0.22491	-1.00000	-1.00000	0.16651	-1.00000	-1.00000	0.14933	-1.00000	-1.00000	0.00069	-1.00000	-1.00000
2999	Bishop	Willow_Pond	un	1198660	0.52911	-1.00000	-1.00000	0.52576	-1.00000	-1.00000	0.54323	-1.00000	-1.00000	0.00095	-1.00000	-1.00000
3000	Bishop	Willow_Pond	un	1199420	0.05106	-1.00000	-1.00000	0.01354	-1.00000	-1.00000	0.00789	-1.00000	-1.00000	0.00049	-1.00000	-1.00000
3001	Bishop	Willow_Pond	un	1200227	0.04067	-1.00000	-1.00000	0.00302	-1.00000	-1.00000	0.00284	-1.00000	-1.00000	0.00009	-1.00000	-1.00000
3017	Bishop	Willow_Pond	un	1206556	-0.00000	-1.00000	-1.00000	-0.00000	-1.00000	-1.00000	-0.00000	-1.00000	-1.00000	0.00005	-1.00000	-1.00000
3021	Bishop	Willow_Pond	un	1207261	-0.00315	-1.00000	-1.00000	-0.00013	-1.00000	-1.00000	-0.01039	-1.00000	-1.00000	0.00049	-1.00000	-1.00000
3024	Bishop	Willow_Pond	un	1209546	0.00000	-1.00000	-1.00000	0.00000	-1.00000	-1.00000	0.00508	-1.00000	-1.00000	0.00012	-1.00000	-1.00000
3032	Bishop	Willow_Pond	un	1211690	-0.02699	-1.00000	-1.00000	-0.00491	-1.00000	-1.00000	-0.00491	-1.00000	-1.00000	0.00017	-1.00000	-1.00000
3048	Bishop	Willow_Pond	un	1220921	0.00290	-1.00000	-1.00000	0.00011	-1.00000	-1.00000	-0.00518	-1.00000	-1.00000	0.00021	-1.00000	-1.00000
3052	Bishop	Willow_Pond	un	1223328	-0.02569	-1.00000	-1.00000	-0.00281	-1.00000	-1.00000	-0.00237	-1.00000	-1.00000	0.00019	-1.00000	-1.00000
3072	Bishop	Willow_Pond	un	1229926	0.03114	-1.00000	-1.00000	0.00229	-1.00000	-1.00000	0.00246	-1.00000	-1.00000	0.00009	-1.00000	-1.00000
3074	Bishop	Willow_Pond	un	1231414	0.14504	-1.00000	-1.00000	0.02643	-1.00000	-1.00000	0.10217	-1.00000	-1.00000	0.00042	-1.00000	-1.00000
3111	Bishop	Willow_Pond	un	1243020	0.04820	-1.00000	-1.00000	0.00374	-1.00000	-1.00000	0.01220	-1.00000	-1.00000	0.00019	-1.00000	-1.00000
3115	Bishop	Willow_Pond	un	1245472	0.00000	-1.00000	-1.00000	0.00000	-1.00000	-1.00000	-0.01276	-1.00000	-1.00000	0.00039	-1.00000	-1.00000
3116	Bishop	Willow_Pond	un	1246275	0.06897	-1.00000	-1.00000	0.00760	-1.00000	-1.00000	0.00760	-1.00000	-1.00000	0.00011	-1.00000	-1.00000
3135	Bishop	Willow_Pond	un	1252050	-0.00000	-1.00000	-1.00000	-0.00000	-1.00000	-1.00000	-0.00607	-1.00000	-1.00000	0.00026	-1.00000	-1.00000
3136	Bishop	Willow_Pond	un	1252891	0.00290	-1.00000	-1.00000	0.00011	-1.00000	-1.00000	0.00088	-1.00000	-1.00000	0.00027	-1.00000	-1.00000
3151	Bishop	Willow_Pond	un	1257669	-0.02184	-1.00000	-1.00000	-0.00259	-1.00000	-1.00000	0.00352	-1.00000	-1.00000	0.00021	-1.00000	-1.00000
3152	Bishop	Willow_Pond	un	1258488	-0.00235	-1.00000	-1.00000	-0.00008	-1.00000	-1.00000	0.00008	-1.00000	-1.00000	0.00013	-1.00000	-1.00000
3159	Bishop	Willow_Pond	un	1260950	0.68186	-1.00000	-1.00000	0.61648	-1.00000	-1.00000	0.61674	-1.00000	-1.00000	0.00081	-1.00000	-1.00000
3161	Bishop	Willow_Pond	un	1261815	-0.00000	-1.00000	-1.00000	-0.00000	-1.00000	-1.00000	-0.00000	-1.00000	-1.00000	0.00004	-1.00000	-1.00000
3176	Bishop	Willow_Pond	un	1267112	-0.00235	-1.00000	-1.00000	-0.00008	-1.00000	-1.00000	0.00008	-1.00000	-1.00000	0.00011	-1.00000	-1.00000
3179	Bishop	Willow_Pond	un	1267981	-0.01087	-1.00000	-1.00000	-0.00312	-1.00000	-1.00000	-0.02154	-1.00000	-1.00000	0.00056	-1.00000	-1.00000
3183	Bishop	Willow_Pond	un	1269587	0.39866	-1.00000	-1.00000	0.37943	-1.00000	-1.00000	0.38678	-1.00000	-1.00000	0.00079	-1.00000	-1.00000
3200	Bishop	Willow_Pond	un	1278407	0.48000	-1.00000	-1.00000	0.32432	-1.00000	-1.00000	0.30829	-1.00000	-1.00000	0.00069	-1.00000	-1.00000
3206	Bishop	Willow_Pond	un	1281397	-0.00235	-1.00000	-1.00000	-0.00008	-1.00000	-1.00000	-0.00000	-1.00000	-1.00000	0.00004	-1.00000	-1.00000
3210	Bishop	Willow_Pond	un	1284527	-0.02595	-1.00000	-1.00000	-0.00320	-1.00000	-1.00000	-0.00381	-1.00000	-1.00000	0.00032	-1.00000	-1.00000
3225	Bishop	Willow_Pond	un	1291763	-0.00235	-1.00000	-1.00000	-0.00008	-1.00000	-1.00000	0.00008	-1.00000	-1.00000	0.00011	-1.00000	-1.00000
3238	Bishop	Willow_Pond	un	1297331	-0.03973	-1.00000	-1.00000	-0.01618	-1.00000	-1.00000	0.03215	-1.00000	-1.00000	0.00055	-1.00000	-1.00000
3241	Bishop	Willow_Pond	un	1298982	0.15234	-1.00000	-1.00000	0.03609	-1.00000	-1.00000	0.02878	-1.00000	-1.00000	0.00036	-1.00000	-1.00000
3242	Bishop	Willow_Pond	un	1299819	0.03320	-1.00000	-1.00000	0.00263	-1.00000	-1.00000	0.00284	-1.00000	-1.00000	0.00009	-1.00000	-1.00000
3246	Bishop	Willow_Pond	un	1303036	-0.02448	-1.00000	-1.00000	-0.01634	-1.00000	-1.00000	-0.01602	-1.00000	-1.00000	0.00069	-1.00000	-1.00000
3266	Bishop	Willow_Pond	un	1310501	0.09054	-1.00000	-1.00000	0.01094	-1.00000	-1.00000	0.04304	-1.00000	-1.00000	0.00030	-1.00000	-1.00000
3279	Bishop	Willow_Pond	un	1315280	0.05236	-1.00000	-1.00000	0.02794	-1.00000	-1.00000	0.02716	-1.00000	-1.00000	0.00046	-1.00000	-1.00000
3285	Bishop	Willow_Pond	un	1317494	0.05474	-1.00000	-1.00000	0.02707	-1.00000	-1.00000	0.02888	-1.00000	-1.00000	0.00061	-1.00000	-1.00000
3296	Bishop	Willow_Pond	un	1320418	0.52887	-1.00000	-1.00000	0.48333	-1.00000	-1.00000	0.45989	-1.00000	-1.00000	0.00089	-1.00000	-1.00000
3297	Bishop	Willow_Pond	un	1321222	0.04820	-1.00000	-1.00000	0.00374	-1.00000	-1.00000	0.03064	-1.00000	-1.00000	0.00025	-1.00000	-1.00000
3304	Bishop	Willow_Pond	un	1325041	0.04067	-1.00000	-1.00000	0.00302	-1.00000	-1.00000	0.01050	-1.00000	-1.00000	0.00016	-1.00000	-1.00000
3309	Bishop	Willow_Pond	un	1328229	0.13793	-1.00000	-1.00000	0.02685	-1.00000	-1.00000	0.02685	-1.00000	-1.00000	0.00020	-1.00000	-1.00000
3315	Bishop	Willow_Pond	un	1332438	0.63800	-1.00000	-1.00000	0.64701	-1.00000	-1.00000	0.63455	-1.00000	-1.00000	0.00102	-1.00000	-1.00000
3319	Bishop	Willow_Pond	un	1333932	0.04067	-1.00000	-1.00000	0.00302	-1.00000	-1.00000	0.00284	-1.00000	-1.00000	0.00009	-1.00000	-1.00000
3320	Bishop	Willow_Pond	un	1334731	0.00251	-1.00000	-1.00000	0.00009	-1.00000	-1.00000	0.00508	-1.00000	-1.00000	0.00013	-1.00000	-1.00000
3337	Bishop	Willow_Pond	un	1338779	0.05274	-1.00000	-1.00000	0.02009	-1.00000	-1.00000	0.01771	-1.00000	-1.00000	0.00044	-1.00000	-1.00000
3339	Bishop	Willow_Pond	un	1339622	0.00561	-1.00000	-1.00000	0.00021	-1.00000	-1.00000	-0.00000	-1.00000	-1.00000	0.00005	-1.00000	-1.00000
3343	Bishop	Willow_Pond	un	1341173	-0.04145	-1.00000	-1.00000	-0.00721	-1.00000	-1.00000	-0.01409	-1.00000	-1.00000	0.00046	-1.00000	-1.00000
3350	Bishop	Willow_Pond	un	1343772	0.00000	-1.00000	-1.00000	0.00000	-1.00000	-1.00000	-0.00000	-1.00000	-1.00000	0.00004	-1.00000	-1.00000
3351	Bishop	Willow_Pond	un	1344633	0.00340	-1.00000	-1.00000	0.00014	-1.00000	-1.00000	-0.00378	-1.00000	-1.00000	0.00038	-1.00000	-1.00000
3353	Bishop	Willow_Pond	un	1346153	0.07436	-1.00000	-1.00000	0.00994	-1.00000	-1.00000	-0.00687	-1.00000	-1.00000	0.00043	-1.00000	-1.00000
3354	Bishop	Willow_Pond	un	1346985	0.04465	-1.00000	-1.00000	0.04508	-1.00000	-1.00000	0.01779	-1.00000	-1.00000	0.00078	-1.00000	-1.00000
3375	Bishop	Willow_Pond	un	1355889	0.00000	-1.00000	-1.00000	0.00000	-1.00000	-1.00000	-0.01682	-1.00000	-1.00000	0.00048	-1.00000	-1.00000
3380	Bishop	Willow_Pond	un	1357437	0.16737	-1.00000	-1.00000	0.03722	-1.00000	-1.00000	0.03187	-1.00000	-1.00000	0.00040	-1.00000	-1.00000
3383	Bishop	Willow_Pond	un	1358167	0.00797	-1.00000	-1.00000	0.00238	-1.00000	-1.00000	-0.00731	-1.00000	-1.00000	0.00042	-1.00000	-1.00000
3386	Bishop	Willow_Pond	un	1359781	0.17448	-1.00000	-1.00000	0.03767	-1.00000	-1.00000	0.07867	-1.00000	-1.00000	0.00033	-1.00000	-1.00000
3389	Bishop	Willow_Pond	un	1361448	0.52815	-1.00000	-1.00000	0.37486	-1.00000	-1.00000	0.39095	-1.00000	-1.00000	0.00064	-1.00000	-1.00000
3393	Bishop	Willow_Pond	un	1363130	0.46455	-1.00000	-1.00000	0.40828	-1.00000	-1.00000	0.38823	-1.00000	-1.00000	0.00086	-1.00000	-1.00000
3394	Bishop	Willow_Pond	un	1363909	0.05304	-1.00000	-1.00000	0.00446	-1.00000	-1.00000	0.06452	-1.00000	-1.00000	0.00033	-1.00000	-1.00000
3406	Bishop	Willow_Pond	un	1369279	0.28945	-1.00000	-1.00000	0.11138	-1.00000	-1.00000	0.11067	-1.00000	-1.00000	0.00038	-1.00000	-1.00000
3407	Bishop	Willow_Pond	un	1370099	-0.00767	-1.00000	-1.00000	-0.00029	-1.00000	-1.00000	0.01323	-1.00000	-1.00000	0.00019	-1.00000	-1.00000
3432	Bishop	Willow_Pond	un	1378467	-0.00000	-1.00000	-1.00000	-0.00000	-1.00000	-1.00000	-0.00000	-1.00000	-1.00000	0.00004	-1.00000	-1.00000
3439	Bishop	Willow_Pond	un	1381742	0.32000	-1.00000	-1.00000	0.14487	-1.00000	-1.00000	0.13019	-1.00000	-1.00000	0.00058	-1.00000	-1.00000
3460	Bishop	Willow_Pond	un	1391432	0.19057	-1.00000	-1.00000	0.04497	-1.00000	-1.00000	0.09204	-1.00000	-1.00000	0.00036	-1.00000	-1.00000
3464	Bishop	Willow_Pond	un	1394739	0.11350	-1.00000	-1.00000	0.04989	-1.00000	-1.00000	0.03933	-1.00000	-1.00000	0.00047	-1.00000	-1.00000
3471	Bishop	Willow_Pond	un	1399578	0.00000	-1.00000	-1.00000	0.00000	-1.00000	-1.00000	-0.00502	-1.00000	-1.00000	0.00018	-1.00000	-1.00000
3472	Bishop	Willow_Pond	un	1400444	0.09613	-1.00000	-1.00000	0.02640	-1.00000	-1.00000	0.02640	-1.00000	-1.00000	0.00028	-1.00000	-1.00000
3478	Bishop	Willow_Pond	un	1404119	-0.00000	-1.00000	-1.00000	-0.00000	-1.00000	-1.00000	-0.00000	-1.00000	-1.00000	0.00004	-1.00000	-1.00000
3488	Bishop	Willow_Pond	un	1408835	-0.03567	-1.00000	-1.00000	-0.00255	-1.00000	-1.00000	0.00018	-1.00000	-1.00000	0.00015	-1.00000	-1.00000
3491	Bishop	Willow_Pond	un	1410419	0.07407	-1.00000	-1.00000	0.00881	-1.00000	-1.00000	0.00361	-1.00000	-1.00000	0.00026	-1.00000	-1.00000
3509	Bishop	Willow_Pond	un	1419422	0.03704	-1.00000	-1.00000	0.00284	-1.00000	-1.00000	0.01050	-1.00000	-1.00000	0.00015	-1.00000	-1.00000
3510	Bishop	Willow_Pond	un	1420285	0.06897	-1.00000	-1.00000	0.00760	-1.00000	-1.00000	0.00760	-1.00000	-1.00000	0.00012	-1.00000	-1.00000
3519	Bishop	Willow_Pond	un	1423510	0.03704	-1.00000	-1.00000	0.00284	-1.00000	-1.00000	0.00284	-1.00000	-1.00000	0.00009	-1.00000	-1.00000
3527	Bishop	Willow_Pond	un	1427121	0.17448	-1.00000	-1.00000	0.03767	-1.00000	-1.00000	0.07867	-1.00000	-1.00000	0.00040	-1.00000	-1.00000
3534	Bishop	Willow_Pond	un	1428532	-0.02909	-1.00000	-1.00000	-0.03039	-1.00000	-1.00000	-0.05158	-1.00000	-1.00000	0.00082	-1.00000	-1.00000
3538	Bishop	Willow_Pond	un	1430916	-0.00000	-1.00000	-1.00000	-0.00000	-1.00000	-1.00000	-0.00000	-1.00000	-1.00000	0.00004	-1.00000	-1.00000
3539	Bishop	Willow_Pond	un	1431765	0.15206	-1.00000	-1.00000	0.14195	-1.00000	-1.00000	0.21308	-1.00000	-1.00000	0.00076	-1.00000	-1.00000
3573	Bishop	Willow_Pond	un	1444728	0.21608	-1.00000	-1.00000	0.05772	-1.00000	-1.00000	0.10217	-1.00000	-1.00000	0.00045	-1.00000	-1.00000
3580	Bishop	Willow_Pond	un	1446836	0.11111	-1.00000	-1.00000	0.01818	-1.00000	-1.00000	0.01069	-1.00000	-1.00000	0.00023	-1.00000	-1.00000
3589	Bishop	Willow_Pond	un	1449926	0.35562	-1.00000	-1.00000	0.36024	-1.00000	-1.00000	0.32863	-1.00000	-1.00000	0.00084	-1.00000	-1.00000
3590	Bishop	Willow_Pond	un	1450765	-0.00000	-1.00000	-1.00000	-0.00000	-1.00000	-1.00000	-0.00607	-1.00000	-1.00000	0.00027	-1.00000	-1.00000
3594	Bishop	Willow_Pond	un	1451578	0.06407	-1.00000	-1.00000	0.00815	-1.00000	-1.00000	0.00571	-1.00000	-1.00000	0.00037	-1.00000	-1.00000
3597	Bishop	Willow_Pond	un	1453234	0.06897	-1.00000	-1.00000	0.00760	-1.00000	-1.00000	0.00760	-1.00000	-1.00000	0.00013	-1.00000	-1.00000
3627	Bishop	Willow_Pond	un	1469024	-0.00315	-1.00000	-1.00000	-0.00013	-1.00000	-1.00000	-0.00564	-1.00000	-1.00000	0.00029	-1.00000	-1.00000
3628	Bishop	Willow_Pond	un	1469798	0.16737	-1.00000	-1.00000	0.03722	-1.00000	-1.00000	0.07867	-1.00000	-1.00000	0.00035	-1.00000	-1.00000
3629	Bishop	Willow_Pond	un	1470662	-0.01798	-1.00000	-1.00000	-0.00206	-1.00000	-1.00000	0.00412	-1.00000	-1.00000	0.00022	-1.00000	-1.00000
3636	Bishop	Willow_Pond	un	1476348	0.07875	-1.00000	-1.00000	0.00908	-1.00000	-1.00000	0.01894	-1.00000	-1.00000	0.00021	-1.00000	-1.00000
3644	Bishop	Willow_Pond	un	1480355	0.00951	-1.00000	-1.00000	0.00037	-1.00000	-1.00000	0.05121	-1.00000	-1.00000	0.00031	-1.00000	-1.00000
3652	Bishop	Willow_Pond	un	1484390	0.00000	-1.00000	-1.00000	0.00000	-1.00000	-1.00000	-0.01276	-1.00000	-1.00000	0.00040	-1.00000	-1.00000
3653	Bishop	Willow_Pond	un	1485171	0.07875	-1.00000	-1.00000	0.00908	-1.00000	-1.00000	0.01894	-1.00000	-1.00000	0.00021	-1.00000	-1.00000
3655	Bishop	Willow_Pond	un	1485959	-0.02595	-1.00000	-1.00000	-0.00320	-1.00000	-1.00000	-0.00381	-1.00000	-1.00000	0.00034	-1.00000	-1.00000
3658	Bishop	Willow_Pond	un	1487641	-0.00235	-1.00000	-1.00000	-0.00008	-1.00000	-1.00000	0.00008	-1.00000	-1.00000	0.00012	-1.00000	-1.00000
3659	Bishop	Willow_Pond	un	1488474	-0.02913	-1.00000	-1.00000	-0.00330	-1.00000	-1.00000	0.00934	-1.00000	-1.00000	0.00027	-1.00000	-1.00000
3668	Bishop	Willow_Pond	un	1492534	-0.03841	-1.00000	-1.00000	-0.00296	-1.00000	-1.00000	-0.00486	-1.00000	-1.00000	0.00044	-1.00000	-1.00000
3674	Bishop	Willow_Pond	un	1496271	-0.00489	-1.00000	-1.00000	-0.00018	-1.00000	-1.00000	0.01104	-1.00000	-1.00000	0.00021	-1.00000	-1.00000
3682	Bishop	Willow_Pond	un	1498660	0.27238	-1.00000	-1.00000	0.23157	-1.00000	-1.00000	0.23707	-1.00000	-1.00000	0.00072	-1.00000	-1.00000
3700	Bishop	Willow_Pond	un	1507738	-0.03841	-1.00000	-1.00000	-0.00296	-1.00000	-1.00000	-0.00844	-1.00000	-1.00000	0.00025	-1.00000	-1.00000
3719	Bishop	Willow_Pond	un	1515158	0.08538	-1.00000	-1.00000	0.01066	-1.00000	-1.00000	0.00535	-1.00000	-1.00000	0.00027	-1.00000	-1.00000
3727	Bishop	Willow_Pond	un	1519190	-0.00270	-1.00000	-1.00000	-0.00010	-1.00000	-1.00000	-0.00488	-1.00000	-1.00000	0.00028	-1.00000	-1.00000
3745	Bishop	Willow_Pond	un	1526969	-0.00235	-1.00000	-1.00000	-0.00008	-1.00000	-1.00000	-0.00000	-1.00000	-1.00000	0.00005	-1.00000	-1.00000
3756	Bishop	Willow_Pond	un	1531541	-0.03975	-1.00000	-1.00000	-0.00319	-1.00000	-1.00000	0.01151	-1.00000	-1.00000	0.00038	-1.00000	-1.00000
3763	Bishop	Willow_Pond	un	1534556	0.92364	-1.00000	-1.00000	0.92871	-1.00000	-1.00000	0.92934	-1.00000	-1.00000	0.00123	-1.00000	-1.00000
3768	Bishop	Willow_Pond	un	1536009	0.07979	-1.00000	-1.00000	0.02994	-1.00000	-1.00000	0.06745	-1.00000	-1.00000	0.00057	-1.00000	-1.00000
3774	Bishop	Willow_Pond	un	1539131	0.21608	-1.00000	-1.00000	0.05772	-1.00000	-1.00000	0.10217	-1.00000	-1.00000	0.00043	-1.00000	-1.00000
3777	Bishop	Willow_Pond	un	1539907	0.00561	-1.00000	-1.00000	0.00021	-1.00000	-1.00000	-0.00000	-1.00000	-1.00000	0.00005	-1.00000	-1.00000
3778	Bishop	Willow_Pond	un	1540762	0.07407	-1.00000	-1.00000	0.00881	-1.00000	-1.00000	0.00881	-1.00000	-1.00000	0.00012	-1.00000	-1.00000
3782	Bishop	Willow_Pond	un	1543203	0.13263	-1.00000	-1.00000	0.02215	-1.00000	-1.00000	0.03571	-1.00000	-1.00000	0.00025	-1.00000	-1.00000
3789	Bishop	Willow_Pond	un	1546278	0.00656	-1.00000	-1.00000	0.00026	-1.00000	-1.00000	0.00261	-1.00000	-1.00000	0.00037	-1.00000	-1.00000
3802	Bishop	Willow_Pond	un	1551827	-0.02569	-1.00000	-1.00000	-0.00281	-1.00000	-1.00000	-0.00237	-1.00000	-1.00000	0.00021	-1.00000	-1.00000
3803	Bishop	Willow_Pond	un	1552580	0.13788	-1.00000	-1.00000	0.02596	-1.00000	-1.00000	0.03571	-1.00000	-1.00000	0.00042	-1.00000	-1.00000
3823	Bishop	Willow_Pond	un	1562744	-0.03841	-1.00000	-1.00000	-0.00296	-1.00000	-1.00000	-0.00486	-1.00000	-1.00000	0.00027	-1.00000	-1.00000
3825	Bishop	Willow_Pond	un	1563641	0.03114	-1.00000	-1.00000	0.00229	-1.00000	-1.00000	0.00018	-1.00000	-1.00000	0.00016	-1.00000	-1.00000
3827	Bishop	Willow_Pond	un	1565251	0.03448	-1.00000	-1.00000	0.00246	-1.00000	-1.00000	0.00246	-1.00000	-1.00000	0.00009	-1.00000	-1.00000
3828	Bishop	Willow_Pond	un	1566025	0.13793	-1.00000	-1.00000	0.02685	-1.00000	-1.00000	0.02685	-1.00000	-1.00000	0.00020	-1.00000	-1.00000
3842	Bishop	Willow_Pond	un	1572519	0.02912	-1.00000	-1.00000	0.00239	-1.00000	-1.00000	-0.00468	-1.00000	-1.00000	0.00031	-1.00000	-1.00000
3846	Bishop	Willow_Pond	un	1574865	-0.00315	-1.00000	-1.00000	-0.00013	-1.00000	-1.00000	-0.01039	-1.00000	-1.00000	0.00039	-1.00000	-1.00000
3858	Bishop	Willow_Pond	un	1581313	0.06897	-1.00000	-1.00000	0.00760	-1.00000	-1.00000	0.00760	-1.00000	-1.00000	0.00012	-1.00000	-1.00000
3864	Bishop	Willow_Pond	un	1583750	0.00251	-1.00000	-1.00000	0.00009	-1.00000	-1.00000	0.00508	-1.00000	-1.00000	0.00012	-1.00000	-1.00000
3872	Bishop	Willow_Pond	un	1586325	-0.02357	-1.00000	-1.00000	-0.00673	-1.00000	-1.00000	0.01876	-1.00000	-1.00000	0.00037	-1.00000	-1.00000
3874	Bishop	Willow_Pond	un	1587200	-0.03629	-1.00000	-1.00000	-0.02844	-1.00000	-1.00000	0.03570	-1.00000	-1.00000	0.00068	-1.00000	-1.00000
3907	Bishop	Willow_Pond	un	1601121	0.24400	-1.00000	-1.00000	0.24932	-1.00000	-1.00000	0.22881	-1.00000	-1.00000	0.00089	-1.00000	-1.00000
3909	Bishop	Willow_Pond	un	1602687	0.07875	-1.00000	-1.00000	0.00908	-1.00000	-1.00000	0.01894	-1.00000	-1.00000	0.00022	-1.00000	-1.00000
3910	Bishop	Willow_Pond	un	1603440	0.44907	-1.00000	-1.00000	0.41488	-1.00000	-1.00000	0.41488	-1.00000	-1.00000	0.00070	-1.00000	-1.00000
3916	Bishop	Willow_Pond	un	1605096	0.08258	-1.00000	-1.00000	0.08132	-1.00000	-1.00000	0.06126	-1.00000	-1.00000	0.00079	-1.00000	-1.00000
3926	Bishop	Willow_Pond	un	1608193	-0.03841	-1.00000	-1.00000	-0.00296	-1.00000	-1.00000	-0.00486	-1.00000	-1.00000	0.00031	-1.00000	-1.00000
3931	Bishop	Willow_Pond	un	1609744	0.04923	-1.00000	-1.00000	0.01134	-1.00000	-1.00000	0.04119	-1.00000	-1.00000	0.00049	-1.00000	-1.00000
3932	Bishop	Willow_Pond	un	1610533	0.31884	-1.00000	-1.00000	0.24176	-1.00000	-1.00000	0.23224	-1.00000	-1.00000	0.00075	-1.00000	-1.00000
3937	Bishop	Willow_Pond	un	1614618	0.11672	-1.00000	-1.00000	0.01853	-1.00000	-1.00000	0.03064	-1.00000	-1.00000	0.00025	-1.00000	-1.00000
3938	Bishop	Willow_Pond	un	1615421	-0.00235	-1.00000	-1.00000	-0.00008	-1.00000	-1.00000	-0.00000	-1.00000	-1.00000	0.00004	-1.00000	-1.00000
3945	Bishop	Willow_Pond	un	1617011	0.19238	-1.00000	-1.00000	0.04856	-1.00000	-1.00000	0.06452	-1.00000	-1.00000	0.00029	-1.00000	-1.00000
3947	Bishop	Willow_Pond	un	1618696	0.09920	-1.00000	-1.00000	0.01304	-1.00000	-1.00000	0.04448	-1.00000	-1.00000	0.00041	-1.00000	-1.00000
3950	Bishop	Willow_Pond	un	1620274	0.37024	-1.00000	-1.00000	0.18442	-1.00000	-1.00000	0.19855	-1.00000	-1.00000	0.00058	-1.00000	-1.00000
3970	Bishop	Willow_Pond	un	1626514	0.09411	-1.00000	-1.00000	0.06944	-1.00000	-1.00000	0.10554	-1.00000	-1.00000	0.00070	-1.00000	-1.00000
3989	Bishop	Willow_Pond	un	1633880	0.46355	-1.00000	-1.00000	0.32435	-1.00000	-1.00000	0.30971	-1.00000	-1.00000	0.00067	-1.00000	-1.00000
4012	Bishop	Willow_Pond	un	1645305	0.17448	-1.00000	-1.00000	0.03767	-1.00000	-1.00000	0.07867	-1.00000	-1.00000	0.00040	-1.00000	-1.00000
4014	Bishop	Willow_Pond	un	1646065	0.06920	-1.00000	-1.00000	0.00850	-1.00000	-1.00000	-0.00168	-1.00000	-1.00000	0.00029	-1.00000	-1.00000
4015	Bishop	Willow_Pond	un	1646999	0.08538	-1.00000	-1.00000	0.01066	-1.00000	-1.00000	0.02205	-1.00000	-1.00000	0.00034	-1.00000	-1.00000
4018	Bishop	Willow_Pond	un	1648299	0.27190	-1.00000	-1.00000	0.19132	-1.00000	-1.00000	0.15814	-1.00000	-1.00000	0.00081	-1.00000	-1.00000
4022	Bishop	Willow_Pond	un	1649927	-0.02569	-1.00000	-1.00000	-0.00281	-1.00000	-1.00000	-0.00274	-1.00000	-1.00000	0.00012	-1.00000	-1.00000
4030	Bishop	Willow_Pond	un	1654680	0.33333	-1.00000	-1.00000	0.15625	-1.00000	-1.00000	0.17666	-1.00000	-1.00000	0.00052	-1.00000	-1.00000
4036	Bishop	Willow_Pond	un	1657883	-0.00341	-1.00000	-1.00000	-0.00086	-1.00000	-1.00000	-0.00660	-1.00000	-1.00000	0.00040	-1.00000	-1.00000
4046	Bishop	Willow_Pond	un	1661740	0.57346	-1.00000	-1.00000	0.50701	-1.00000	-1.00000	0.48471	-1.00000	-1.00000	0.00083	-1.00000	-1.00000
4050	Bishop	Willow_Pond	un	1664216	0.16737	-1.00000	-1.00000	0.03722	-1.00000	-1.00000	0.07867	-1.00000	-1.00000	0.00040	-1.00000	-1.00000
4051	Bishop	Willow_Pond	un	1664972	0.42010	-1.00000	-1.00000	0.35311	-1.00000	-1.00000	0.33205	-1.00000	-1.00000	0.00076	-1.00000	-1.00000
4057	Bishop	Willow_Pond	un	1666659	0.00561	-1.00000	-1.00000	0.00021	-1.00000	-1.00000	-0.00000	-1.00000	-1.00000	0.00005	-1.00000	-1.00000
4060	Bishop	Willow_Pond	un	1669087	0.49055	-1.00000	-1.00000	0.32499	-1.00000	-1.00000	0.33530	-1.00000	-1.00000	0.00070	-1.00000	-1.00000
4062	Bishop	Willow_Pond	un	1670852	0.12421	-1.00000	-1.00000	0.05946	-1.00000	-1.00000	0.04567	-1.00000	-1.00000	0.00058	-1.00000	-1.00000
4063	Bishop	Willow_Pond	un	1671695	-0.00000	-1.00000	-1.00000	-0.00000	-1.00000	-1.00000	-0.00000	-1.00000	-1.00000	0.00004	-1.00000	-1.00000
4064	Bishop	Willow_Pond	un	1672511	0.24000	-1.00000	-1.00000	0.08124	-1.00000	-1.00000	0.05998	-1.00000	-1.00000	0.00049	-1.00000	-1.00000
4071	Bishop	Willow_Pond	un	1674955	-0.03704	-1.00000	-1.00000	-0.00275	-1.00000	-1.00000	-0.00019	-1.00000	-1.00000	0.00018	-1.00000	-1.00000
4075	Bishop	Willow_Pond	un	1676429	-0.03975	-1.00000	-1.00000	-0.00319	-1.00000	-1.00000	0.01151	-1.00000	-1.00000	0.00034	-1.00000	-1.00000
4084	Bishop	Willow_Pond	un	1680989	-0.00315	-1.00000	-1.00000	-0.00013	-1.00000	-1.00000	-0.01186	-1.00000	-1.00000	0.00033	-1.00000	-1.00000
4086	Bishop	Willow_Pond	un	1681795	0.10345	-1.00000	-1.00000	0.01567	-1.00000	-1.00000	0.01567	-1.00000	-1.00000	0.00018	-1.00000	-1.00000
4087	Bishop	Willow_Pond	un	1682536	0.04820	-1.00000	-1.00000	0.00374	-1.00000	-1.00000	0.03064	-1.00000	-1.00000	0.00024	-1.00000	-1.00000
4091	Bishop	Willow_Pond	un	1684173	0.07407	-1.00000	-1.00000	0.00881	-1.00000	-1.00000	0.00370	-1.00000	-1.00000	0.00022	-1.00000	-1.00000
4101	Bishop	Willow_Pond	un	1688864	0.65909	-1.00000	-1.00000	0.62086	-1.00000	-1.00000	0.61350	-1.00000	-1.00000	0.00093	-1.00000	-1.00000
4105	Bishop	Willow_Pond	un	1691309	0.03448	-1.00000	-1.00000	0.00246	-1.00000	-1.00000	0.00246	-1.00000	-1.00000	0.00008	-1.00000	-1.00000
4124	Bishop	Willow_Pond	un	1697563	0.49055	-1.00000	-1.00000	0.32499	-1.00000	-1.00000	0.33530	-1.00000	-1.00000	0.00070	-1.00000	-1.00000
4131	Bishop	Willow_Pond	un	1700894	0.02912	-1.00000	-1.00000	0.00239	-1.00000	-1.00000	0.01034	-1.00000	-1.00000	0.00026	-1.00000	-1.00000
4132	Bishop	Willow_Pond	un	1701665	0.11672	-1.00000	-1.00000	0.01853	-1.00000	-1.00000	0.01818	-1.00000	-1.00000	0.00018	-1.00000	-1.00000
4134	Bishop	Willow_Pond	un	1703248	0.02760	-1.00000	-1.00000	0.00210	-1.00000	-1.00000	0.00883	-1.00000	-1.00000	0.00025	-1.00000	-1.00000
4138	Bishop	Willow_Pond	un	1704804	-0.00000	-1.00000	-1.00000	-0.00000	-1.00000	-1.00000	-0.00000	-1.00000	-1.00000	0.00004	-1.00000	-1.00000
4141	Bishop	Willow_Pond	un	1705658	0.09834	-1.00000	-1.00000	0.01534	-1.00000	-1.00000	0.01567	-1.00000	-1.00000	0.00016	-1.00000	-1.00000
4142	Bishop	Willow_Pond	un	1706468	0.04067	-1.00000	-1.00000	0.00302	-1.00000	-1.00000	0.01050	-1.00000	-1.00000	0.00016	-1.00000	-1.00000
4145	Bishop	Willow_Pond	un	1708192	0.00251	-1.00000	-1.00000	0.00009	-1.00000	-1.00000	-0.00000	-1.00000	-1.00000	0.00004	-1.00000	-1.00000
4146	Bishop	Willow_Pond	un	1709123	0.10345	-1.00000	-1.00000	0.01567	-1.00000	-1.00000	0.01567	-1.00000	-1.00000	0.00018	-1.00000	-1.00000
4153	Bishop	Willow_Pond	un	1712399	0.15460	-1.00000	-1.00000	0.03162	-1.00000	-1.00000	0.04578	-1.00000	-1.00000	0.00030	-1.00000	-1.00000
4161	Bishop	Willow_Pond	un	1716062	-0.00489	-1.00000	-1.00000	-0.00018	-1.00000	-1.00000	-0.00000	-1.00000	-1.00000	0.00004	-1.00000	-1.00000
4162	Bishop	Willow_Pond	un	1716873	0.10495	-1.00000	-1.00000	0.01335	-1.00000	-1.00000	0.02597	-1.00000	-1.00000	0.00024	-1.00000	-1.00000
4168	Bishop	Willow_Pond	un	1718418	0.09920	-1.00000	-1.00000	0.01304	-1.00000	-1.00000	0.04448	-1.00000	-1.00000	0.00042	-1.00000	-1.00000
4180	Bishop	Willow_Pond	un	1721688	-0.00804	-1.00000	-1.00000	-0.00125	-1.00000	-1.00000	-0.00261	-1.00000	-1.00000	0.00024	-1.00000	-1.00000
4182	Bishop	Willow_Pond	un	1722501	0.13263	-1.00000	-1.00000	0.02215	-1.00000	-1.00000	0.05900	-1.00000	-1.00000	0.00035	-1.00000	-1.00000
4183	Bishop	Willow_Pond	un	1723255	0.00251	-1.00000	-1.00000	0.00009	-1.00000	-1.00000	0.00508	-1.00000	-1.00000	0.00012	-1.00000	-1.00000
4189	Bishop	Willow_Pond	un	1726412	-0.00565	-1.00000	-1.00000	-0.00022	-1.00000	-1.00000	0.00778	-1.00000	-1.00000	0.00032	-1.00000	-1.00000
4200	Bishop	Willow_Pond	un	1731296	-0.02235	-1.00000	-1.00000	-0.00580	-1.00000	-1.00000	0.00050	-1.00000	-1.00000	0.00049	-1.00000	-1.00000
4201	Bishop	Willow_Pond	un	1732101	-0.03975	-1.00000	-1.00000	-0.00319	-1.00000	-1.00000	0.01151	-1.00000	-1.00000	0.00035	-1.00000	-1.00000
4209	Bishop	Willow_Pond	un	1735423	0.00000	-1.00000	-1.00000	0.00000	-1.00000	-1.00000	0.00508	-1.00000	-1.00000	0.00012	-1.00000	-1.00000
4210	Bishop	Willow_Pond	un	1736268	0.07407	-1.00000	-1.00000	0.00881	-1.00000	-1.00000	0.00361	-1.00000	-1.00000	0.00025	-1.00000	-1.00000
4211	Bishop	Willow_Pond	un	1737132	0.15460	-1.00000	-1.00000	0.03162	-1.00000	-1.00000	0.04578	-1.00000	-1.00000	0.00030	-1.00000	-1.00000
4215	Bishop	Willow_Pond	un	1738667	-0.03829	-1.00000	-1.00000	-0.00613	-1.00000	-1.00000	-0.01183	-1.00000	-1.00000	0.00030	-1.00000	-1.00000
4224	Bishop	Willow_Pond	un	1740318	0.62928	-1.00000	-1.00000	0.50457	-1.00000	-1.00000	0.50875	-1.00000	-1.00000	0.00095	-1.00000	-1.00000
4239	Bishop	Willow_Pond	un	1748304	0.14815	-1.00000	-1.00000	0.03120	-1.00000	-1.00000	0.02582	-1.00000	-1.00000	0.00037	-1.00000	-1.00000
4251	Bishop	Willow_Pond	un	1751354	-0.00000	-1.00000	-1.00000	-0.00000	-1.00000	-1.00000	-0.00607	-1.00000	-1.00000	0.00028	-1.00000	-1.00000
4257	Bishop	Willow_Pond	un	1753724	0.04820	-1.00000	-1.00000	0.00374	-1.00000	-1.00000	0.01220	-1.00000	-1.00000	0.00018	-1.00000	-1.00000
4259	Bishop	Willow_Pond	un	1755331	0.67496	-1.00000	-1.00000	0.58491	-1.00000	-1.00000	0.58462	-1.00000	-1.00000	0.00090	-1.00000	-1.00000
4267	Bishop	Willow_Pond	un	1756881	0.73323	-1.00000	-1.00000	0.74084	-1.00000	-1.00000	0.72889	-1.00000	-1.00000	0.00105	-1.00000	-1.00000
4279	Bishop	Willow_Pond	un	1762376	0.06897	-1.00000	-1.00000	0.00760	-1.00000	-1.00000	0.00760	-1.00000	-1.00000	0.00013	-1.00000	-1.00000
4283	Bishop	Willow_Pond	un	1765643	0.05748	-1.00000	-1.00000	0.00467	-1.00000	-1.00000	0.00394	-1.00000	-1.00000	0.00011	-1.00000	-1.00000
4284	Bishop	Willow_Pond	un	1766371	0.06470	-1.00000	-1.00000	0.00736	-1.00000	-1.00000	0.00300	-1.00000	-1.00000	0.00020	-1.00000	-1.00000
4292	Bishop	Willow_Pond	un	1769459	-0.00000	-1.00000	-1.00000	-0.00000	-1.00000	-1.00000	-0.00581	-1.00000	-1.00000	0.00020	-1.00000	-1.00000
4293	Bishop	Willow_Pond	un	1770300	-0.03159	-1.00000	-1.00000	-0.02366	-1.00000	-1.00000	-0.03786	-1.00000	-1.00000	0.00070	-1.00000	-1.00000
4297	Bishop	Willow_Pond	un	1772676	0.03704	-1.00000	-1.00000	0.00284	-1.00000	-1.00000	0.00284	-1.00000	-1.00000	0.00009	-1.00000	-1.00000
4298	Bishop	Willow_Pond	un	1773463	0.03704	-1.00000	-1.00000	0.00284	-1.00000	-1.00000	0.00284	-1.00000	-1.00000	0.00008	-1.00000	-1.00000
4305	Bishop	Willow_Pond	un	1778494	0.88000	-1.00000	-1.00000	0.87091	-1.00000	-1.00000	0.86437	-1.00000	-1.00000	0.00113	-1.00000	-1.00000
4307	Bishop	Willow_Pond	un	1780115	-0.03841	-1.00000	-1.00000	-0.00296	-1.00000	-1.00000	-0.00486	-1.00000	-1.00000	0.00029	-1.00000	-1.00000
4320	Bishop	Willow_Pond	un	1786227	0.04420	-1.00000	-1.00000	0.00354	-1.00000	-1.00000	0.00332	-1.00000	-1.00000	0.00010	-1.00000	-1.00000
4328	Bishop	Willow_Pond	un	1790236	-0.00000	-1.00000	-1.00000	-0.00000	-1.00000	-1.00000	-0.00000	-1.00000	-1.00000	0.00004	-1.00000	-1.00000
4337	Bishop	Willow_Pond	un	1793429	-0.00000	-1.00000	-1.00000	-0.00000	-1.00000	-1.00000	-0.00000	-1.00000	-1.00000	0.00004	-1.00000	-1.00000
4343	Bishop	Willow_Pond	un	1796583	0.04037	-1.00000	-1.00000	0.00965	-1.00000	-1.00000	0.00712	-1.00000	-1.00000	0.00048	-1.00000	-1.00000
4359	Bishop	Willow_Pond	un	1806262	0.02760	-1.00000	-1.00000	0.00210	-1.00000	-1.00000	0.00246	-1.00000	-1.00000	0.00008	-1.00000	-1.00000
4360	Bishop	Willow_Pond	un	1807079	0.21608	-1.00000	-1.00000	0.05772	-1.00000	-1.00000	0.10217	-1.00000	-1.00000	0.00044	-1.00000	-1.00000
4368	Bishop	Willow_Pond	un	1810988	-0.03448	-1.00000	-1.00000	-0.00763	-1.00000	-1.00000	-0.00763	-1.00000	-1.00000	0.00023	-1.00000	-1.00000
4378	Bishop	Willow_Pond	un	1815676	0.03448	-1.00000	-1.00000	0.00246	-1.00000	-1.00000	0.00246	-1.00000	-1.00000	0.00008	-1.00000	-1.00000
4393	Bishop	Willow_Pond	un	1819778	0.11329	-1.00000	-1.00000	0.02085	-1.00000	-1.00000	0.00075	-1.00000	-1.00000	0.00046	-1.00000	-1.00000
4395	Bishop	Willow_Pond	un	1821461	0.04067	-1.00000	-1.00000	0.00302	-1.00000	-1.00000	0.01050	-1.00000	-1.00000	0.00017	-1.00000	-1.00000
4401	Bishop	Willow_Pond	un	1825375	0.51706	-1.00000	-1.00000	0.44592	-1.00000	-1.00000	0.40547	-1.00000	-1.00000	0.00085	-1.00000	-1.00000
4420	Bishop	Willow_Pond	un	1833105	-0.02245	-1.00000	-1.00000	-0.00238	-1.00000	-1.00000	-0.00238	-1.00000	-1.00000	0.00012	-1.00000	-1.00000
4433	Bishop	Willow_Pond	un	1841291	0.05748	-1.00000	-1.00000	0.00467	-1.00000	-1.00000	0.03571	-1.00000	-1.00000	0.00034	-1.00000	-1.00000
4437	Bishop	Willow_Pond	un	1843309	-0.03841	-1.00000	-1.00000	-0.00296	-1.00000	-1.00000	0.00022	-1.00000	-1.00000	0.00017	-1.00000	-1.00000
4443	Bishop	Willow_Pond	un	1845804	0.09321	-1.00000	-1.00000	0.01269	-1.00000	-1.00000	0.04183	-1.00000	-1.00000	0.00037	-1.00000	-1.00000
4451	Bishop	Willow_Pond	un	1849921	-0.04000	-1.00000	-1.00000	-0.00321	-1.00000	-1.00000	-0.00652	-1.00000	-1.00000	0.00028	-1.00000	-1.00000
4455	Bishop	Willow_Pond	un	1852349	0.06798	-1.00000	-1.00000	0.01687	-1.00000	-1.00000	0.01136	-1.00000	-1.00000	0.00035	-1.00000	-1.00000
4460	Bishop	Willow_Pond	un	1854817	-0.03181	-1.00000	-1.00000	-0.00390	-1.00000	-1.00000	-0.00372	-1.00000	-1.00000	0.00021	-1.00000	-1.00000
4469	Bishop	Willow_Pond	un	1857773	0.02385	-1.00000	-1.00000	0.01157	-1.00000	-1.00000	-0.00751	-1.00000	-1.00000	0.00062	-1.00000	-1.00000
4476	Bishop	Willow_Pond	un	1861798	0.04281	-1.00000	-1.00000	0.01782	-1.00000	-1.00000	0.03003	-1.00000	-1.00000	0.00042	-1.00000	-1.00000
4477	Bishop	Willow_Pond	un	1862617	-0.02330	-1.00000	-1.00000	-0.00301	-1.00000	-1.00000	-0.00687	-1.00000	-1.00000	0.00041	-1.00000	-1.00000
4499	Bishop	Willow_Pond	un	1872244	0.04420	-1.00000	-1.00000	0.00354	-1.00000	-1.00000	0.03064	-1.00000	-1.00000	0.00036	-1.00000	-1.00000
4502	Bishop	Willow_Pond	un	1873615	0.03704	-1.00000	-1.00000	0.00284	-1.00000	-1.00000	0.00284	-1.00000	-1.00000	0.00008	-1.00000	-1.00000
4509	Bishop	Willow_Pond	un	1878615	-0.00000	-1.00000	-1.00000	-0.00000	-1.00000	-1.00000	-0.00000	-1.00000	-1.00000	0.00004	-1.00000	-1.00000
4513	Bishop	Willow_Pond	un	1881040	0.20719	-1.00000	-1.00000	0.17403	-1.00000	-1.00000	0.16777	-1.00000	-1.00000	0.00069	-1.00000	-1.00000
4520	Bishop	Willow_Pond	un	1884858	0.00290	-1.00000	-1.00000	0.00011	-1.00000	-1.00000	0.00088	-1.00000	-1.00000	0.00026	-1.00000	-1.00000
4531	Bishop	Willow_Pond	un	1888757	-0.00000	-1.00000	-1.00000	-0.00000	-1.00000	-1.00000	-0.01068	-1.00000	-1.00000	0.00033	-1.00000	-1.00000
4532	Bishop	Willow_Pond	un	1889539	0.07347	-1.00000	-1.00000	0.03210	-1.00000	-1.00000	0.01558	-1.00000	-1.00000	0.00051	-1.00000	-1.00000
4545	Bishop	Willow_Pond	un	1895979	0.63874	-1.00000	-1.00000	0.50496	-1.00000	-1.00000	0.55838	-1.00000	-1.00000	0.00086	-1.00000	-1.00000
4551	Bishop	Willow_Pond	un	1898371	0.05106	-1.00000	-1.00000	0.01354	-1.00000	-1.00000	0.00789	-1.00000	-1.00000	0.00047	-1.00000	-1.00000
4565	Bishop	Willow_Pond	un	1905293	0.08000	-1.00000	-1.00000	0.01033	-1.00000	-1.00000	0.01493	-1.00000	-1.00000	0.00032	-1.00000	-1.00000
4568	Bishop	Willow_Pond	un	1906154	0.03448	-1.00000	-1.00000	0.00246	-1.00000	-1.00000	0.00246	-1.00000	-1.00000	0.00007	-1.00000	-1.00000
4572	Bishop	Willow_Pond	un	1907838	0.04820	-1.00000	-1.00000	0.00374	-1.00000	-1.00000	0.01220	-1.00000	-1.00000	0.00018	-1.00000	-1.00000
4574	Bishop	Willow_Pond	un	1909499	0.03704	-1.00000	-1.00000	0.00284	-1.00000	-1.00000	0.01050	-1.00000	-1.00000	0.00017	-1.00000	-1.00000
4578	Bishop	Willow_Pond	un	1912032	0.00000	-1.00000	-1.00000	0.00000	-1.00000	-1.00000	-0.00502	-1.00000	-1.00000	0.00019	-1.00000	-1.00000
4597	Bishop	Willow_Pond	un	1919564	-0.02913	-1.00000	-1.00000	-0.00330	-1.00000	-1.00000	0.00934	-1.00000	-1.00000	0.00028	-1.00000	-1.00000
4602	Bishop	Willow_Pond	un	1922521	0.84696	-1.00000	-1.00000	0.83630	-1.00000	-1.00000	0.83636	-1.00000	-1.00000	0.00112	-1.00000	-1.00000
4605	Bishop	Willow_Pond	un	1923882	0.23562	-1.00000	-1.00000	0.21899	-1.00000	-1.00000	0.23019	-1.00000	-1.00000	0.00076	-1.00000	-1.00000
4606	Bishop	Willow_Pond	un	1924639	0.03448	-1.00000	-1.00000	0.00246	-1.00000	-1.00000	0.00246	-1.00000	-1.00000	0.00009	-1.00000	-1.00000
4611	Bishop	Willow_Pond	un	1927582	-0.04145	-1.00000	-1.00000	-0.00721	-1.00000	-1.00000	-0.01918	-1.00000	-1.00000	0.00039	-1.00000	-1.00000
4619	Bishop	Willow_Pond	un	1931530	0.15194	-1.00000	-1.00000	0.02682	-1.00000	-1.00000	0.10217	-1.00000	-1.00000	0.00044	-1.00000	-1.00000
4626	Bishop	Willow_Pond	un	1935384	0.03923	-1.00000	-1.00000	0.01492	-1.00000	-1.00000	-0.00466	-1.00000	-1.00000	0.00060	-1.00000	-1.00000
4641	Bishop	Willow_Pond	un	1943251	0.13793	-1.00000	-1.00000	0.02685	-1.00000	-1.00000	0.02685	-1.00000	-1.00000	0.00021	-1.00000	-1.00000
4665	Bishop	Willow_Pond	un	1954751	-0.00000	-1.00000	-1.00000	-0.00000	-1.00000	-1.00000	-0.00000	-1.00000	-1.00000	0.00004	-1.00000	-1.00000
4669	Bishop	Willow_Pond	un	1956419	-0.00000	-1.00000	-1.00000	-0.00000	-1.00000	-1.00000	-0.00000	-1.00000	-1.00000	0.00004	-1.00000	-1.00000
4683	Bishop	Willow_Pond	un	1962060	-0.03975	-1.00000	-1.00000	-0.00319	-1.00000	-1.00000	-0.00905	-1.00000	-1.00000	0.00026	-1.00000	-1.00000
4684	Bishop	Willow_Pond	un	1962834	0.37984	-1.00000	-1.00000	0.17493	-1.00000	-1.00000	0.26396	-1.00000	-1.00000	0.00063	-1.00000	-1.00000
4686	Bishop	Willow_Pond	un	1964448	-0.00315	-1.00000	-1.00000	-0.00013	-1.00000	-1.00000	-0.01039	-1.00000	-1.00000	0.00036	-1.00000	-1.00000
4690	Bishop	Willow_Pond	un	1966145	0.03448	-1.00000	-1.00000	0.00246	-1.00000	-1.00000	0.00246	-1.00000	-1.00000	0.00009	-1.00000	-1.00000
4698	Bishop	Willow_Pond	un	1970929	0.03923	-1.00000	-1.00000	0.01492	-1.00000	-1.00000	0.00721	-1.00000	-1.00000	0.00053	-1.00000	-1.00000
4699	Bishop	Willow_Pond	un	1971768	-0.00000	-1.00000	-1.00000	-0.00000	-1.00000	-1.00000	-0.00000	-1.00000	-1.00000	0.00004	-1.00000	-1.00000
4705	Bishop	Willow_Pond	un	1973389	0.44000	-1.00000	-1.00000	0.27386	-1.00000	-1.00000	0.24870	-1.00000	-1.00000	0.00069	-1.00000	-1.00000
4718	Bishop	Willow_Pond	un	1979075	0.04002	-1.00000	-1.00000	0.02206	-1.00000	-1.00000	0.02922	-1.00000	-1.00000	0.00058	-1.00000	-1.00000
4723	Bishop	Willow_Pond	un	1980727	0.16296	-1.00000	-1.00000	0.15827	-1.00000	-1.00000	0.15827	-1.00000	-1.00000	0.00071	-1.00000	-1.00000
4727	Bishop	Willow_Pond	un	1983165	0.04348	-1.00000	-1.00000	0.00394	-1.00000	-1.00000	-0.01338	-1.00000	-1.00000	0.00046	-1.00000	-1.00000
4728	Bishop	Willow_Pond	un	1983977	0.00845	-1.00000	-1.00000	0.00138	-1.00000	-1.00000	0.02950	-1.00000	-1.00000	0.00038	-1.00000	-1.00000
4759	Bishop	Willow_Pond	un	1997589	0.04067	-1.00000	-1.00000	0.00302	-1.00000	-1.00000	0.00284	-1.00000	-1.00000	0.00010	-1.00000	-1.00000
4768	Bishop	Willow_Pond	un	2000766	-0.00000	-1.00000	-1.00000	-0.00000	-1.00000	-1.00000	-0.00000	-1.00000	-1.00000	0.00004	-1.00000	-1.00000
4770	Bishop	Willow_Pond	un	2001545	0.00290	-1.00000	-1.00000	0.00011	-1.00000	-1.00000	0.00088	-1.00000	-1.00000	0.00027	-1.00000	-1.00000
4773	Bishop	Willow_Pond	un	2003112	0.19376	-1.00000	-1.00000	0.08444	-1.00000	-1.00000	0.06364	-1.00000	-1.00000	0.00053	-1.00000	-1.00000
4774	Bishop	Willow_Pond	un	2003951	0.48000	-1.00000	-1.00000	0.32432	-1.00000	-1.00000	0.30588	-1.00000	-1.00000	0.00076	-1.00000	-1.00000
4784	Bishop	Willow_Pond	un	2008067	0.00394	-1.00000	-1.00000	0.00392	-1.00000	-1.00000	0.03298	-1.00000	-1.00000	0.00070	-1.00000	-1.00000
4785	Bishop	Willow_Pond	un	2008873	0.12375	-1.00000	-1.00000	0.04394	-1.00000	-1.00000	0.02262	-1.00000	-1.00000	0.00059	-1.00000	-1.00000
4786	Bishop	Willow_Pond	un	2009710	0.61204	-1.00000	-1.00000	0.51703	-1.00000	-1.00000	0.50788	-1.00000	-1.00000	0.00080	-1.00000	-1.00000
4794	Bishop	Willow_Pond	un	2012630	-0.00489	-1.00000	-1.00000	-0.00018	-1.00000	-1.00000	-0.00000	-1.00000	-1.00000	0.00004	-1.00000	-1.00000
4799	Bishop	Willow_Pond	un	2015715	0.06897	-1.00000	-1.00000	0.00760	-1.00000	-1.00000	0.00760	-1.00000	-1.00000	0.00012	-1.00000	-1.00000
4804	Bishop	Willow_Pond	un	2017363	0.16629	-1.00000	-1.00000	0.15284	-1.00000	-1.00000	0.15314	-1.00000	-1.00000	0.00066	-1.00000	-1.00000
4812	Bishop	Willow_Pond	un	2022349	0.71597	-1.00000	-1.00000	0.69962	-1.00000	-1.00000	0.69281	-1.00000	-1.00000	0.00101	-1.00000	-1.00000
4816	Bishop	Willow_Pond	un	2023958	0.00251	-1.00000	-1.00000	0.00009	-1.00000	-1.00000	-0.00000	-1.00000	-1.00000	0.00005	-1.00000	-1.00000
4818	Bishop	Willow_Pond	un	2024751	0.00000	-1.00000	-1.00000	0.00000	-1.00000	-1.00000	-0.00502	-1.00000	-1.00000	0.00020	-1.00000	-1.00000
4848	Bishop	Willow_Pond	un	2040425	0.00251	-1.00000	-1.00000	0.00009	-1.00000	-1.00000	0.00508	-1.00000	-1.00000	0.00012	-1.00000	-1.00000
4859	Bishop	Willow_Pond	un	2044557	-0.03382	-1.00000	-1.00000	-0.00787	-1.00000	-1.00000	-0.02568	-1.00000	-1.00000	0.00056	-1.00000	-1.00000
4861	Bishop	Willow_Pond	un	2045349	0.05175	-1.00000	-1.00000	0.02980	-1.00000	-1.00000	0.02349	-1.00000	-1.00000	0.00057	-1.00000	-1.00000
4864	Bishop	Willow_Pond	un	2046960	0.03114	-1.00000	-1.00000	0.00229	-1.00000	-1.00000	0.00018	-1.00000	-1.00000	0.00016	-1.00000	-1.00000
4865	Bishop	Willow_Pond	un	2047776	0.03448	-1.00000	-1.00000	0.00246	-1.00000	-1.00000	0.00246	-1.00000	-1.00000	0.00007	-1.00000	-1.00000
4875	Bishop	Willow_Pond	un	2051082	0.06920	-1.00000	-1.00000	0.00850	-1.00000	-1.00000	-0.00168	-1.00000	-1.00000	0.00031	-1.00000	-1.00000
4878	Bishop	Willow_Pond	un	2052716	0.58672	-1.00000	-1.00000	0.44290	-1.00000	-1.00000	0.50512	-1.00000	-1.00000	0.00086	-1.00000	-1.00000
4882	Bishop	Willow_Pond	un	2055131	0.63840	-1.00000	-1.00000	0.53160	-1.00000	-1.00000	0.53125	-1.00000	-1.00000	0.00078	-1.00000	-1.00000
4884	Bishop	Willow_Pond	un	2056780	0.07875	-1.00000	-1.00000	0.00908	-1.00000	-1.00000	0.00881	-1.00000	-1.00000	0.00013	-1.00000	-1.00000
4889	Bishop	Willow_Pond	un	2060037	0.00340	-1.00000	-1.00000	0.00014	-1.00000	-1.00000	-0.00378	-1.00000	-1.00000	0.00034	-1.00000	-1.00000
4893	Bishop	Willow_Pond	un	2062453	0.04067	-1.00000	-1.00000	0.00302	-1.00000	-1.00000	0.00284	-1.00000	-1.00000	0.00008	-1.00000	-1.00000
4894	Bishop	Willow_Pond	un	2063317	-0.02699	-1.00000	-1.00000	-0.00491	-1.00000	-1.00000	-0.00491	-1.00000	-1.00000	0.00018	-1.00000	-1.00000
4895	Bishop	Willow_Pond	un	2064151	0.28601	-1.00000	-1.00000	0.27572	-1.00000	-1.00000	0.27434	-1.00000	-1.00000	0.00075	-1.00000	-1.00000
4898	Bishop	Willow_Pond	un	2066582	0.00656	-1.00000	-1.00000	0.00026	-1.00000	-1.00000	0.01989	-1.00000	-1.00000	0.00032	-1.00000	-1.00000
4899	Bishop	Willow_Pond	un	2067429	0.00251	-1.00000	-1.00000	0.00009	-1.00000	-1.00000	-0.00000	-1.00000	-1.00000	0.00004	-1.00000	-1.00000
4919	Bishop	Willow_Pond	un	2077956	0.31706	-1.00000	-1.00000	0.16417	-1.00000	-1.00000	0.14770	-1.00000	-1.00000	0.00053	-1.00000	-1.00000
4954	Bishop	Willow_Pond	un	2095477	0.00656	-1.00000	-1.00000	0.00026	-1.00000	-1.00000	0.01989	-1.00000	-1.00000	0.00033	-1.00000	-1.00000
4956	Bishop	Willow_Pond	un	2097084	-0.00000	-1.00000	-1.00000	-0.00000	-1.00000	-1.00000	-0.00000	-1.00000	-1.00000	0.00004	-1.00000	-1.00000
4959	Bishop	Willow_Pond	un	2099451	0.08538	-1.00000	-1.00000	0.01066	-1.00000	-1.00000	0.01033	-1.00000	-1.00000	0.00014	-1.00000	-1.00000
4960	Bishop	Willow_Pond	un	2100249	0.03448	-1.00000	-1.00000	0.00246	-1.00000	-1.00000	0.00246	-1.00000	-1.00000	0.00009	-1.00000	-1.00000
4965	Bishop	Willow_Pond	un	2101029	0.00000	-1.00000	-1.00000	0.00000	-1.00000	-1.00000	0.00508	-1.00000	-1.00000	0.00015	-1.00000	-1.00000
4966	Bishop	Willow_Pond	un	2101705	0.26190	-1.00000	-1.00000	0.16515	-1.00000	-1.00000	0.17647	-1.00000	-1.00000	0.00065	-1.00000	-1.00000
4967	Bishop	Willow_Pond	un	2102524	0.02912	-1.00000	-1.00000	0.00239	-1.00000	-1.00000	0.00284	-1.00000	-1.00000	0.00009	-1.00000	-1.00000
4970	Bishop	Willow_Pond	un	2104922	0.64850	-1.00000	-1.00000	0.64850	-1.00000	-1.00000	0.63212	-1.00000	-1.00000	0.00101	-1.00000	-1.00000
4982	Bishop	Willow_Pond	un	2110320	0.06897	-1.00000	-1.00000	0.00760	-1.00000	-1.00000	0.00760	-1.00000	-1.00000	0.00013	-1.00000	-1.00000
4994	Bishop	Willow_Pond	un	2114309	-0.00235	-1.00000	-1.00000	-0.00008	-1.00000	-1.00000	-0.00000	-1.00000	-1.00000	0.00004	-1.00000	-1.00000
5003	Bishop	Willow_Pond	un	2117600	0.00340	-1.00000	-1.00000	0.00014	-1.00000	-1.00000	-0.00378	-1.00000	-1.00000	0.00038	-1.00000	-1.00000
5016	Bishop	Willow_Pond	un	2124858	-0.00565	-1.00000	-1.00000	-0.00022	-1.00000	-1.00000	0.00778	-1.00000	-1.00000	0.00033	-1.00000	-1.00000
5027	Bishop	Willow_Pond	un	2130233	0.00251	-1.00000	-1.00000	0.00009	-1.00000	-1.00000	-0.00000	-1.00000	-1.00000	0.00004	-1.00000	-1.00000
5030	Bishop	Willow_Pond	un	2131943	0.05789	-1.00000	-1.00000	0.05160	-1.00000	-1.00000	0.08427	-1.00000	-1.00000	0.00079	-1.00000	-1.00000
5033	Bishop	Willow_Pond	un	2132683	0.96433	-1.00000	-1.00000	0.96551	-1.00000	-1.00000	0.96552	-1.00000	-1.00000	0.00129	-1.00000	-1.00000
5034	Bishop	Willow_Pond	un	2133437	-0.02407	-1.00000	-1.00000	-0.00274	-1.00000	-1.00000	0.00244	-1.00000	-1.00000	0.00019	-1.00000	-1.00000
5038	Bishop	Willow_Pond	un	2134272	-0.00489	-1.00000	-1.00000	-0.00018	-1.00000	-1.00000	-0.00000	-1.00000	-1.00000	0.00004	-1.00000	-1.00000
5041	Bishop	Willow_Pond	un	2135949	0.11735	-1.00000	-1.00000	0.08585	-1.00000	-1.00000	0.12675	-1.00000	-1.00000	0.00062	-1.00000	-1.00000
5045	Bishop	Willow_Pond	un	2137611	-0.00270	-1.00000	-1.00000	-0.00010	-1.00000	-1.00000	-0.00558	-1.00000	-1.00000	0.00020	-1.00000	-1.00000
5074	Bishop	Willow_Pond	un	2150517	-0.01057	-1.00000	-1.00000	-0.00947	-1.00000	-1.00000	-0.02417	-1.00000	-1.00000	0.00071	-1.00000	-1.00000
5079	Bishop	Willow_Pond	un	2152844	0.13263	-1.00000	-1.00000	0.02215	-1.00000	-1.00000	0.05900	-1.00000	-1.00000	0.00035	-1.00000	-1.00000
5083	Bishop	Willow_Pond	un	2156022	-0.02913	-1.00000	-1.00000	-0.00330	-1.00000	-1.00000	-0.00232	-1.00000	-1.00000	0.00019	-1.00000	-1.00000
5085	Bishop	Willow_Pond	un	2156875	0.06897	-1.00000	-1.00000	0.00760	-1.00000	-1.00000	0.00760	-1.00000	-1.00000	0.00012	-1.00000	-1.00000
5096	Bishop	Willow_Pond	un	2162555	0.50365	-1.00000	-1.00000	0.49872	-1.00000	-1.00000	0.49148	-1.00000	-1.00000	0.00086	-1.00000	-1.00000
5119	Bishop	Willow_Pond	un	2171427	0.17391	-1.00000	-1.00000	0.04376	-1.00000	-1.00000	0.04492	-1.00000	-1.00000	0.00070	-1.00000	-1.00000
5122	Bishop	Willow_Pond	un	2172879	0.14504	-1.00000	-1.00000	0.02643	-1.00000	-1.00000	0.03790	-1.00000	-1.00000	0.00038	-1.00000	-1.00000
5134	Bishop	Willow_Pond	un	2177676	0.00561	-1.00000	-1.00000	0.00021	-1.00000	-1.00000	0.02159	-1.00000	-1.00000	0.00018	-1.00000	-1.00000
5145	Bishop	Willow_Pond	un	2181689	-0.00926	-1.00000	-1.00000	-0.00699	-1.00000	-1.00000	-0.01377	-1.00000	-1.00000	0.00059	-1.00000	-1.00000
5152	Bishop	Willow_Pond	un	2184876	-0.00235	-1.00000	-1.00000	-0.00008	-1.00000	-1.00000	-0.00000	-1.00000	-1.00000	0.00004	-1.00000	-1.00000
5153	Bishop	Willow_Pond	un	2185667	-0.02157	-1.00000	-1.00000	-0.01760	-1.00000	-1.00000	-0.00822	-1.00000	-1.00000	0.00060	-1.00000	-1.00000
5173	Bishop	Willow_Pond	un	2195339	-0.04145	-1.00000	-1.00000	-0.00721	-1.00000	-1.00000	0.00616	-1.00000	-1.00000	0.00043	-1.00000	-1.00000
5174	Bishop	Willow_Pond	un	2196168	0.16737	-1.00000	-1.00000	0.03722	-1.00000	-1.00000	0.04771	-1.00000	-1.00000	0.00043	-1.00000	-1.00000
5184	Bishop	Willow_Pond	un	2200972	0.10920	-1.00000	-1.00000	0.04888	-1.00000	-1.00000	0.03006	-1.00000	-1.00000	0.00055	-1.00000	-1.00000
5190	Bishop	Willow_Pond	un	2204180	0.00290	-1.00000	-1.00000	0.00011	-1.00000	-1.00000	0.00088	-1.00000	-1.00000	0.00029	-1.00000	-1.00000
5197	Bishop	Willow_Pond	un	2206495	-0.00270	-1.00000	-1.00000	-0.00010	-1.00000	-1.00000	-0.00558	-1.00000	-1.00000	0.00018	-1.00000	-1.00000
5222	Bishop	Willow_Pond	un	2217914	0.12000	-1.00000	-1.00000	0.02135	-1.00000	-1.00000	0.00976	-1.00000	-1.00000	0.00044	-1.00000	-1.00000
5223	Bishop	Willow_Pond	un	2218704	-0.00000	-1.00000	-1.00000	-0.00000	-1.00000	-1.00000	-0.00000	-1.00000	-1.00000	0.00004	-1.00000	-1.00000
5226	Bishop	Willow_Pond	un	2219506	0.04281	-1.00000	-1.00000	0.01782	-1.00000	-1.00000	0.01748	-1.00000	-1.00000	0.00038	-1.00000	-1.00000
5227	Bishop	Willow_Pond	un	2220306	-0.00000	-1.00000	-1.00000	-0.00000	-1.00000	-1.00000	-0.00000	-1.00000	-1.00000	0.00004	-1.00000	-1.00000
5232	Bishop	Willow_Pond	un	2222410	-0.04000	-1.00000	-1.00000	-0.00321	-1.00000	-1.00000	-0.00914	-1.00000	-1.00000	0.00042	-1.00000	-1.00000
5237	Bishop	Willow_Pond	un	2225221	-0.00270	-1.00000	-1.00000	-0.00010	-1.00000	-1.00000	-0.00558	-1.00000	-1.00000	0.00018	-1.00000	-1.00000
5242	Bishop	Willow_Pond	un	2226859	0.13205	-1.00000	-1.00000	0.02645	-1.00000	-1.00000	0.01790	-1.00000	-1.00000	0.00026	-1.00000	-1.00000
5246	Bishop	Willow_Pond	un	2228493	0.23903	-1.00000	-1.00000	0.13919	-1.00000	-1.00000	0.15692	-1.00000	-1.00000	0.00054	-1.00000	-1.00000
5248	Bishop	Willow_Pond	un	2230147	0.88412	-1.00000	-1.00000	0.87096	-1.00000	-1.00000	0.86126	-1.00000	-1.00000	0.00113	-1.00000	-1.00000
5254	Bishop	Willow_Pond	un	2233523	0.10495	-1.00000	-1.00000	0.01335	-1.00000	-1.00000	0.08145	-1.00000	-1.00000	0.00053	-1.00000	-1.00000
5264	Bishop	Willow_Pond	un	2235655	0.07875	-1.00000	-1.00000	0.00908	-1.00000	-1.00000	0.00881	-1.00000	-1.00000	0.00013	-1.00000	-1.00000
5270	Bishop	Willow_Pond	un	2238039	0.22222	-1.00000	-1.00000	0.06897	-1.00000	-1.00000	0.05557	-1.00000	-1.00000	0.00040	-1.00000	-1.00000
5277	Bishop	Willow_Pond	un	2241205	0.07875	-1.00000	-1.00000	0.00908	-1.00000	-1.00000	0.01894	-1.00000	-1.00000	0.00021	-1.00000	-1.00000
5283	Bishop	Willow_Pond	un	2243634	0.04420	-1.00000	-1.00000	0.00354	-1.00000	-1.00000	0.00705	-1.00000	-1.00000	0.00030	-1.00000	-1.00000
5289	Bishop	Willow_Pond	un	2245881	0.00290	-1.00000	-1.00000	0.00011	-1.00000	-1.00000	0.00088	-1.00000	-1.00000	0.00029	-1.00000	-1.00000
5310	Bishop	Willow_Pond	un	2253382	0.03448	-1.00000	-1.00000	0.00246	-1.00000	-1.00000	0.00246	-1.00000	-1.00000	0.00009	-1.00000	-1.00000
5340	Bishop	Willow_Pond	un	2266022	0.07567	-1.00000	-1.00000	0.07748	-1.00000	-1.00000	0.05978	-1.00000	-1.00000	0.00080	-1.00000	-1.00000
5349	Bishop	Willow_Pond	un	2272549	-0.00000	-1.00000	-1.00000	-0.00000	-1.00000	-1.00000	-0.00000	-1.00000	-1.00000	0.00004	-1.00000	-1.00000
5355	Bishop	Willow_Pond	un	2275043	-0.00315	-1.00000	-1.00000	-0.00013	-1.00000	-1.00000	-0.01186	-1.00000	-1.00000	0.00033	-1.00000	-1.00000
5362	Bishop	Willow_Pond	un	2278270	0.17448	-1.00000	-1.00000	0.03767	-1.00000	-1.00000	0.05342	-1.00000	-1.00000	0.00031	-1.00000	-1.00000
5363	Bishop	Willow_Pond	un	2279087	0.00251	-1.00000	-1.00000	0.00009	-1.00000	-1.00000	-0.00000	-1.00000	-1.00000	0.00005	-1.00000	-1.00000
5368	Bishop	Willow_Pond	un	2282301	0.19150	-1.00000	-1.00000	0.05590	-1.00000	-1.00000	0.02948	-1.00000	-1.00000	0.00053	-1.00000	-1.00000
5369	Bishop	Willow_Pond	un	2283132	-0.04000	-1.00000	-1.00000	-0.00321	-1.00000	-1.00000	-0.00652	-1.00000	-1.00000	0.00030	-1.00000	-1.00000
5373	Bishop	Willow_Pond	un	2284734	-0.00315	-1.00000	-1.00000	-0.00013	-1.00000	-1.00000	0.00554	-1.00000	-1.00000	0.00033	-1.00000	-1.00000
5378	Bishop	Willow_Pond	un	2288837	-0.03279	-1.00000	-1.00000	-0.00386	-1.00000	-1.00000	0.03483	-1.00000	-1.00000	0.00031	-1.00000	-1.00000
5385	Bishop	Willow_Pond	un	2291394	0.04420	-1.00000	-1.00000	0.00354	-1.00000	-1.00000	0.01220	-1.00000	-1.00000	0.00017	-1.00000	-1.00000
5392	Bishop	Willow_Pond	un	2295422	0.04838	-1.00000	-1.00000	0.00422	-1.00000	-1.00000	0.00323	-1.00000	-1.00000	0.00039	-1.00000	-1.00000
5394	Bishop	Willow_Pond	un	2296283	0.01173	-1.00000	-1.00000	0.00241	-1.00000	-1.00000	-0.00073	-1.00000	-1.00000	0.00033	-1.00000	-1.00000
5395	Bishop	Willow_Pond	un	2296973	-0.03032	-1.00000	-1.00000	-0.00389	-1.00000	-1.00000	0.01009	-1.00000	-1.00000	0.00031	-1.00000	-1.00000
5416	Bishop	Willow_Pond	un	2305860	-0.00235	-1.00000	-1.00000	-0.00008	-1.00000	-1.00000	-0.00000	-1.00000	-1.00000	0.00004	-1.00000	-1.00000
5425	Bishop	Willow_Pond	un	2309809	0.05553	-1.00000	-1.00000	0.00674	-1.00000	-1.00000	0.00760	-1.00000	-1.00000	0.00015	-1.00000	-1.00000
5436	Bishop	Willow_Pond	un	2313609	0.00210	-1.00000	-1.00000	0.00033	-1.00000	-1.00000	-0.00498	-1.00000	-1.00000	0.00030	-1.00000	-1.00000
5448	Bishop	Willow_Pond	un	2317497	0.04420	-1.00000	-1.00000	0.00354	-1.00000	-1.00000	-0.00175	-1.00000	-1.00000	0.00025	-1.00000	-1.00000
5452	Bishop	Willow_Pond	un	2318807	0.40271	-1.00000	-1.00000	0.21931	-1.00000	-1.00000	0.22185	-1.00000	-1.00000	0.00066	-1.00000	-1.00000
5458	Bishop	Willow_Pond	un	2322143	0.46971	-1.00000	-1.00000	0.34713	-1.00000	-1.00000	0.35667	-1.00000	-1.00000	0.00078	-1.00000	-1.00000
5460	Bishop	Willow_Pond	un	2322937	0.18519	-1.00000	-1.00000	0.04808	-1.00000	-1.00000	0.04260	-1.00000	-1.00000	0.00035	-1.00000	-1.00000
5462	Bishop	Willow_Pond	un	2323823	0.19214	-1.00000	-1.00000	0.07515	-1.00000	-1.00000	0.11819	-1.00000	-1.00000	0.00061	-1.00000	-1.00000
5470	Bishop	Willow_Pond	un	2327161	0.03448	-1.00000	-1.00000	0.00246	-1.00000	-1.00000	0.00246	-1.00000	-1.00000	0.00009	-1.00000	-1.00000
5472	Bishop	Willow_Pond	un	2328674	0.32377	-1.00000	-1.00000	0.15551	-1.00000	-1.00000	0.13182	-1.00000	-1.00000	0.00062	-1.00000	-1.00000
5476	Bishop	Willow_Pond	un	2331839	-0.00235	-1.00000	-1.00000	-0.00008	-1.00000	-1.00000	-0.00000	-1.00000	-1.00000	0.00004	-1.00000	-1.00000
5482	Bishop	Willow_Pond	un	2334192	-0.00315	-1.00000	-1.00000	-0.00013	-1.00000	-1.00000	-0.00564	-1.00000	-1.00000	0.00027	-1.00000	-1.00000
5489	Bishop	Willow_Pond	un	2337523	-0.00000	-1.00000	-1.00000	-0.00000	-1.00000	-1.00000	-0.00000	-1.00000	-1.00000	0.00004	-1.00000	-1.00000
5490	Bishop	Willow_Pond	un	2338319	0.03367	-1.00000	-1.00000	0.00677	-1.00000	-1.00000	0.00136	-1.00000	-1.00000	0.00032	-1.00000	-1.00000
5495	Bishop	Willow_Pond	un	2340828	0.30395	-1.00000	-1.00000	0.21190	-1.00000	-1.00000	0.22945	-1.00000	-1.00000	0.00061	-1.00000	-1.00000
5504	Bishop	Willow_Pond	un	2344623	0.27018	-1.00000	-1.00000	0.10984	-1.00000	-1.00000	0.12010	-1.00000	-1.00000	0.00057	-1.00000	-1.00000
5508	Bishop	Willow_Pond	un	2346973	0.09054	-1.00000	-1.00000	0.01094	-1.00000	-1.00000	0.04304	-1.00000	-1.00000	0.00031	-1.00000	-1.00000
5522	Bishop	Willow_Pond	un	2352634	-0.00697	-1.00000	-1.00000	-0.00463	-1.00000	-1.00000	-0.00017	-1.00000	-1.00000	0.00065	-1.00000	-1.00000
5523	Bishop	Willow_Pond	un	2353457	0.92236	-1.00000	-1.00000	0.90952	-1.00000	-1.00000	0.91496	-1.00000	-1.00000	0.00102	-1.00000	-1.00000
5528	Bishop	Willow_Pond	un	2354369	0.04067	-1.00000	-1.00000	0.00302	-1.00000	-1.00000	0.00284	-1.00000	-1.00000	0.00008	-1.00000	-1.00000
5532	Bishop	Willow_Pond	un	2356040	-0.00315	-1.00000	-1.00000	-0.00013	-1.00000	-1.00000	-0.01186	-1.00000	-1.00000	0.00036	-1.00000	-1.00000
5541	Bishop	Willow_Pond	un	2360769	0.00251	-1.00000	-1.00000	0.00009	-1.00000	-1.00000	-0.00000	-1.00000	-1.00000	0.00004	-1.00000	-1.00000
5546	Bishop	Willow_Pond	un	2363217	0.00251	-1.00000	-1.00000	0.00009	-1.00000	-1.00000	-0.00000	-1.00000	-1.00000	0.00004	-1.00000	-1.00000
5548	Bishop	Willow_Pond	un	2364051	0.03448	-1.00000	-1.00000	0.00246	-1.00000	-1.00000	0.00246	-1.00000	-1.00000	0.00008	-1.00000	-1.00000
5556	Bishop	Willow_Pond	un	2369751	0.00561	-1.00000	-1.00000	0.00021	-1.00000	-1.00000	0.02159	-1.00000	-1.00000	0.00019	-1.00000	-1.00000
5558	Bishop	Willow_Pond	un	2371380	-0.00000	-1.00000	-1.00000	-0.00000	-1.00000	-1.00000	-0.00581	-1.00000	-1.00000	0.00021	-1.00000	-1.00000
5561	Bishop	Willow_Pond	un	2372155	0.03320	-1.00000	-1.00000	0.00263	-1.00000	-1.00000	0.00284	-1.00000	-1.00000	0.00009	-1.00000	-1.00000
5573	Bishop	Willow_Pond	un	2378448	0.09834	-1.00000	-1.00000	0.01534	-1.00000	-1.00000	0.01567	-1.00000	-1.00000	0.00018	-1.00000	-1.00000
5577	Bishop	Willow_Pond	un	2380779	0.38340	-1.00000	-1.00000	0.37597	-1.00000	-1.00000	0.32799	-1.00000	-1.00000	0.00079	-1.00000	-1.00000
5578	Bishop	Willow_Pond	un	2381675	0.08000	-1.00000	-1.00000	0.01033	-1.00000	-1.00000	-0.00090	-1.00000	-1.00000	0.00039	-1.00000	-1.00000
5581	Bishop	Willow_Pond	un	2383351	0.00561	-1.00000	-1.00000	0.00021	-1.00000	-1.00000	0.00589	-1.00000	-1.00000	0.00013	-1.00000	-1.00000
5587	Bishop	Willow_Pond	un	2384946	0.04838	-1.00000	-1.00000	0.00422	-1.00000	-1.00000	0.01434	-1.00000	-1.00000	0.00018	-1.00000	-1.00000
5599	Bishop	Willow_Pond	un	2391469	0.00000	-1.00000	-1.00000	0.00000	-1.00000	-1.00000	-0.01682	-1.00000	-1.00000	0.00044	-1.00000	-1.00000
5604	Bishop	Willow_Pond	un	2393916	0.00251	-1.00000	-1.00000	0.00009	-1.00000	-1.00000	-0.00000	-1.00000	-1.00000	0.00005	-1.00000	-1.00000
5609	Bishop	Willow_Pond	un	2397191	0.05143	-1.00000	-1.00000	0.01050	-1.00000	-1.00000	0.04376	-1.00000	-1.00000	0.00036	-1.00000	-1.00000
5610	Bishop	Willow_Pond	un	2397984	0.32377	-1.00000	-1.00000	0.15551	-1.00000	-1.00000	0.14857	-1.00000	-1.00000	0.00056	-1.00000	-1.00000
5623	Bishop	Willow_Pond	un	2404279	0.30455	-1.00000	-1.00000	0.18937	-1.00000	-1.00000	0.15914	-1.00000	-1.00000	0.00066	-1.00000	-1.00000
5627	Bishop	Willow_Pond	un	2406406	-0.03032	-1.00000	-1.00000	-0.00389	-1.00000	-1.00000	0.00290	-1.00000	-1.00000	0.00045	-1.00000	-1.00000
5661	Bishop	Willow_Pond	un	2420246	-0.02055	-1.00000	-1.00000	-0.00226	-1.00000	-1.00000	-0.00236	-1.00000	-1.00000	0.00012	-1.00000	-1.00000
5682	Bishop	Willow_Pond	un	2427368	-0.00000	-1.00000	-1.00000	-0.00000	-1.00000	-1.00000	0.01029	-1.00000	-1.00000	0.00022	-1.00000	-1.00000
5683	Bishop	Willow_Pond	un	2428141	0.09813	-1.00000	-1.00000	0.04014	-1.00000	-1.00000	0.04990	-1.00000	-1.00000	0.00058	-1.00000	-1.00000
5694	Bishop	Willow_Pond	un	2434356	0.12000	-1.00000	-1.00000	0.02135	-1.00000	-1.00000	0.02822	-1.00000	-1.00000	0.00035	-1.00000	-1.00000
5696	Bishop	Willow_Pond	un	2435251	0.00000	-1.00000	-1.00000	0.00000	-1.00000	-1.00000	-0.00502	-1.00000	-1.00000	0.00022	-1.00000	-1.00000
5698	Bishop	Willow_Pond	un	2436836	0.00561	-1.00000	-1.00000	0.00021	-1.00000	-1.00000	0.00589	-1.00000	-1.00000	0.00014	-1.00000	-1.00000
5707	Bishop	Willow_Pond	un	2440013	0.03448	-1.00000	-1.00000	0.00246	-1.00000	-1.00000	0.00246	-1.00000	-1.00000	0.00008	-1.00000	-1.00000
5709	Bishop	Willow_Pond	un	2440831	0.00340	-1.00000	-1.00000	0.00014	-1.00000	-1.00000	0.00110	-1.00000	-1.00000	0.00027	-1.00000	-1.00000
5712	Bishop	Willow_Pond	un	2442464	-0.00804	-1.00000	-1.00000	-0.00125	-1.00000	-1.00000	0.00697	-1.00000	-1.00000	0.00030	-1.00000	-1.00000
5715	Bishop	Willow_Pond	un	2444160	0.50905	-1.00000	-1.00000	0.37688	-1.00000	-1.00000	0.33568	-1.00000	-1.00000	0.00097	-1.00000	-1.00000
5717	Bishop	Willow_Pond	un	2444837	-0.00000	-1.00000	-1.00000	-0.00000	-1.00000	-1.00000	-0.00000	-1.00000	-1.00000	0.00004	-1.00000	-1.00000
5721	Bishop	Willow_Pond	un	2447316	0.04067	-1.00000	-1.00000	0.00302	-1.00000	-1.00000	0.00284	-1.00000	-1.00000	0.00009	-1.00000	-1.00000
5722	Bishop	Willow_Pond	un	2448107	-0.00270	-1.00000	-1.00000	-0.00010	-1.00000	-1.00000	0.00011	-1.00000	-1.00000	0.00012	-1.00000	-1.00000
5732	Bishop	Willow_Pond	un	2453792	-0.01132	-1.00000	-1.00000	-0.01177	-1.00000	-1.00000	-0.02585	-1.00000	-1.00000	0.00073	-1.00000	-1.00000
5748	Bishop	Willow_Pond	un	2462239	-0.03704	-1.00000	-1.00000	-0.00275	-1.00000	-1.00000	-0.00019	-1.00000	-1.00000	0.00016	-1.00000	-1.00000
5750	Bishop	Willow_Pond	un	2463852	0.70181	-1.00000	-1.00000	0.69314	-1.00000	-1.00000	0.68643	-1.00000	-1.00000	0.00096	-1.00000	-1.00000
5765	Bishop	Willow_Pond	un	2470202	0.00000	-1.00000	-1.00000	0.00000	-1.00000	-1.00000	0.00300	-1.00000	-1.00000	0.00032	-1.00000	-1.00000
5774	Bishop	Willow_Pond	un	2475136	0.04000	-1.00000	-1.00000	0.00332	-1.00000	-1.00000	-0.00561	-1.00000	-1.00000	0.00032	-1.00000	-1.00000
5790	Bishop	Willow_Pond	un	2480641	0.06024	-1.00000	-1.00000	0.00707	-1.00000	-1.00000	0.00286	-1.00000	-1.00000	0.00019	-1.00000	-1.00000
5793	Bishop	Willow_Pond	un	2483133	-0.00270	-1.00000	-1.00000	-0.00010	-1.00000	-1.00000	0.00508	-1.00000	-1.00000	0.00012	-1.00000	-1.00000
5798	Bishop	Willow_Pond	un	2486221	0.27018	-1.00000	-1.00000	0.10984	-1.00000	-1.00000	0.09291	-1.00000	-1.00000	0.00060	-1.00000	-1.00000
5800	Bishop	Willow_Pond	un	2487000	0.04420	-1.00000	-1.00000	0.00354	-1.00000	-1.00000	0.00332	-1.00000	-1.00000	0.00010	-1.00000	-1.00000
5819	Bishop	Willow_Pond	un	2492939	0.06897	-1.00000	-1.00000	0.00760	-1.00000	-1.00000	0.00760	-1.00000	-1.00000	0.00011	-1.00000	-1.00000
5823	Bishop	Willow_Pond	un	2495452	-0.00270	-1.00000	-1.00000	-0.00010	-1.00000	-1.00000	0.00011	-1.00000	-1.00000	0.00013	-1.00000	-1.00000
5827	Bishop	Willow_Pond	un	2496231	0.09054	-1.00000	-1.00000	0.01094	-1.00000	-1.00000	0.04304	-1.00000	-1.00000	0.00031	-1.00000	-1.00000
5847	Bishop	Willow_Pond	un	2503495	0.00251	-1.00000	-1.00000	0.00009	-1.00000	-1.00000	-0.00000	-1.00000	-1.00000	0.00004	-1.00000	-1.00000
5880	Bishop	Willow_Pond	un	2515299	-0.00000	-1.00000	-1.00000	-0.00000	-1.00000	-1.00000	-0.00050	-1.00000	-1.00000	0.00029	-1.00000	-1.00000
5883	Bishop	Willow_Pond	un	2516843	-0.00000	-1.00000	-1.00000	-0.00000	-1.00000	-1.00000	-0.00000	-1.00000	-1.00000	0.00006	-1.00000	-1.00000
5894	Bishop	Willow_Pond	un	2521946	0.00290	-1.00000	-1.00000	0.00011	-1.00000	-1.00000	0.00088	-1.00000	-1.00000	0.00025	-1.00000	-1.00000
5917	Bishop	Willow_Pond	un	2531460	0.08538	-1.00000	-1.00000	0.01066	-1.00000	-1.00000	0.01674	-1.00000	-1.00000	0.00034	-1.00000	-1.00000
5920	Bishop	Willow_Pond	un	2533073	-0.00000	-1.00000	-1.00000	-0.00000	-1.00000	-1.00000	-0.00000	-1.00000	-1.00000	0.00004	-1.00000	-1.00000
5943	Bishop	Willow_Pond	un	2542962	0.04000	-1.00000	-1.00000	0.00332	-1.00000	-1.00000	0.00332	-1.00000	-1.00000	0.00009	-1.00000	-1.00000
5947	Bishop	Willow_Pond	un	2544731	0.02760	-1.00000	-1.00000	0.00210	-1.00000	-1.00000	0.00021	-1.00000	-1.00000	0.00017	-1.00000	-1.00000
5958	Bishop	Willow_Pond	un	2550119	0.00290	-1.00000	-1.00000	0.00011	-1.00000	-1.00000	-0.00518	-1.00000	-1.00000	0.00023	-1.00000	-1.00000
5961	Bishop	Willow_Pond	un	2550812	-0.00270	-1.00000	-1.00000	-0.00010	-1.00000	-1.00000	-0.00488	-1.00000	-1.00000	0.00027	-1.00000	-1.00000
5966	Bishop	Willow_Pond	un	2554761	0.49787	-1.00000	-1.00000	0.37301	-1.00000	-1.00000	0.35577	-1.00000	-1.00000	0.00072	-1.00000	-1.00000
5976	Bishop	Willow_Pond	un	2559586	0.28070	-1.00000	-1.00000	0.09850	-1.00000	-1.00000	0.11524	-1.00000	-1.00000	0.00047	-1.00000	-1.00000
5978	Bishop	Willow_Pond	un	2560481	0.00000	-1.00000	-1.00000	0.00000	-1.00000	-1.00000	-0.00502	-1.00000	-1.00000	0.00020	-1.00000	-1.00000
5983	Bishop	Willow_Pond	un	2563727	-0.04000	-1.00000	-1.00000	-0.03730	-1.00000	-1.00000	-0.05146	-1.00000	-1.00000	0.00079	-1.00000	-1.00000
5984	Bishop	Willow_Pond	un	2564468	0.00251	-1.00000	-1.00000	0.00009	-1.00000	-1.00000	0.00508	-1.00000	-1.00000	0.00011	-1.00000	-1.00000
5997	Bishop	Willow_Pond	un	2570925	0.30455	-1.00000	-1.00000	0.18937	-1.00000	-1.00000	0.16974	-1.00000	-1.00000	0.00068	-1.00000	-1.00000
5999	Bishop	Willow_Pond	un	2572612	-0.03841	-1.00000	-1.00000	-0.00296	-1.00000	-1.00000	-0.00486	-1.00000	-1.00000	0.00032	-1.00000	-1.00000
6004	Bishop	Willow_Pond	un	2573361	0.24138	-1.00000	-1.00000	0.08069	-1.00000	-1.00000	0.08069	-1.00000	-1.00000	0.00032	-1.00000	-1.00000
6005	Bishop	Willow_Pond	un	2574198	-0.00000	-1.00000	-1.00000	-0.00000	-1.00000	-1.00000	-0.00000	-1.00000	-1.00000	0.00004	-1.00000	-1.00000
6015	Bishop	Willow_Pond	un	2579135	0.05043	-1.00000	-1.00000	0.01851	-1.00000	-1.00000	0.00424	-1.00000	-1.00000	0.00047	-1.00000	-1.00000
6030	Bishop	Willow_Pond	un	2583864	0.06897	-1.00000	-1.00000	0.00760	-1.00000	-1.00000	0.00760	-1.00000	-1.00000	0.00013	-1.00000	-1.00000
6035	Bishop	Willow_Pond	un	2586269	0.00290	-1.00000	-1.00000	0.00011	-1.00000	-1.00000	0.00088	-1.00000	-1.00000	0.00027	-1.00000	-1.00000
6038	Bishop	Willow_Pond	un	2587865	-0.00000	-1.00000	-1.00000	-0.00000	-1.00000	-1.00000	-0.00000	-1.00000	-1.00000	0.00004	-1.00000	-1.00000
6039	Bishop	Willow_Pond	un	2588643	0.04067	-1.00000	-1.00000	0.00302	-1.00000	-1.00000	0.00284	-1.00000	-1.00000	0.00009	-1.00000	-1.00000
6042	Bishop	Willow_Pond	un	2589455	0.00000	-1.00000	-1.00000	0.00000	-1.00000	-1.00000	-0.00009	-1.00000	-1.00000	0.00012	-1.00000	-1.00000
6072	Bishop	Willow_Pond	un	2602280	0.43058	-1.00000	-1.00000	0.43983	-1.00000	-1.00000	0.38786	-1.00000	-1.00000	0.00090	-1.00000	-1.00000
6078	Bishop	Willow_Pond	un	2604750	-0.03558	-1.00000	-1.00000	-0.00527	-1.00000	-1.00000	-0.00528	-1.00000	-1.00000	0.00015	-1.00000	-1.00000
6082	Bishop	Willow_Pond	un	2605589	-0.03692	-1.00000	-1.00000	-0.03834	-1.00000	-1.00000	-0.05292	-1.00000	-1.00000	0.00073	-1.00000	-1.00000
6088	Bishop	Willow_Pond	un	2608039	0.03448	-1.00000	-1.00000	0.00246	-1.00000	-1.00000	0.00246	-1.00000	-1.00000	0.00009	-1.00000	-1.00000
6098	Bishop	Willow_Pond	un	2613576	-0.00270	-1.00000	-1.00000	-0.00010	-1.00000	-1.00000	-0.00488	-1.00000	-1.00000	0.00028	-1.00000	-1.00000
6101	Bishop	Willow_Pond	un	2615173	-0.03973	-1.00000	-1.00000	-0.01618	-1.00000	-1.00000	0.03215	-1.00000	-1.00000	0.00054	-1.00000	-1.00000
6102	Bishop	Willow_Pond	un	2615963	-0.02782	-1.00000	-1.00000	-0.00329	-1.00000	-1.00000	-0.00790	-1.00000	-1.00000	0.00034	-1.00000	-1.00000
6103	Bishop	Willow_Pond	un	2616750	-0.01200	-1.00000	-1.00000	-0.01215	-1.00000	-1.00000	-0.00995	-1.00000	-1.00000	0.00062	-1.00000	-1.00000
6106	Bishop	Willow_Pond	un	2619220	-0.00270	-1.00000	-1.00000	-0.00010	-1.00000	-1.00000	-0.00488	-1.00000	-1.00000	0.00026	-1.00000	-1.00000
6107	Bishop	Willow_Pond	un	2620018	0.04820	-1.00000	-1.00000	0.00374	-1.00000	-1.00000	0.03064	-1.00000	-1.00000	0.00023	-1.00000	-1.00000
6117	Bishop	Willow_Pond	un	2622449	-0.03623	-1.00000	-1.00000	-0.01414	-1.00000	-1.00000	0.00160	-1.00000	-1.00000	0.00046	-1.00000	-1.00000
6134	Bishop	Willow_Pond	un	2628960	0.04067	-1.00000	-1.00000	0.00302	-1.00000	-1.00000	0.00284	-1.00000	-1.00000	0.00009	-1.00000	-1.00000
6136	Bishop	Willow_Pond	un	2630559	-0.00235	-1.00000	-1.00000	-0.00008	-1.00000	-1.00000	0.00008	-1.00000	-1.00000	0.00013	-1.00000	-1.00000
6139	Bishop	Willow_Pond	un	2632109	0.00000	-1.00000	-1.00000	0.00000	-1.00000	-1.00000	-0.00502	-1.00000	-1.00000	0.00019	-1.00000	-1.00000
6140	Bishop	Willow_Pond	un	2632917	-0.00565	-1.00000	-1.00000	-0.00022	-1.00000	-1.00000	0.00778	-1.00000	-1.00000	0.00033	-1.00000	-1.00000
6143	Bishop	Willow_Pond	un	2634538	0.01437	-1.00000	-1.00000	0.00780	-1.00000	-1.00000	0.00771	-1.00000	-1.00000	0.00072	-1.00000	-1.00000
6144	Bishop	Willow_Pond	un	2635266	0.44923	-1.00000	-1.00000	0.33909	-1.00000	-1.00000	0.33271	-1.00000	-1.00000	0.00078	-1.00000	-1.00000
6149	Bishop	Willow_Pond	un	2638343	-0.00000	-1.00000	-1.00000	-0.00000	-1.00000	-1.00000	-0.00000	-1.00000	-1.00000	0.00004	-1.00000	-1.00000
6154	Bishop	Willow_Pond	un	2639963	0.03448	-1.00000	-1.00000	0.00246	-1.00000	-1.00000	0.00246	-1.00000	-1.00000	0.00007	-1.00000	-1.00000
6167	Bishop	Willow_Pond	un	2643323	0.56118	-1.00000	-1.00000	0.46750	-1.00000	-1.00000	0.48622	-1.00000	-1.00000	0.00085	-1.00000	-1.00000
6168	Bishop	Willow_Pond	un	2644146	0.04067	-1.00000	-1.00000	0.00302	-1.00000	-1.00000	0.00284	-1.00000	-1.00000	0.00009	-1.00000	-1.00000
6171	Bishop	Willow_Pond	un	2644920	0.03555	-1.00000	-1.00000	0.00306	-1.00000	-1.00000	0.00362	-1.00000	-1.00000	0.00033	-1.00000	-1.00000
6177	Bishop	Willow_Pond	un	2646500	-0.00315	-1.00000	-1.00000	-0.00013	-1.00000	-1.00000	-0.00207	-1.00000	-1.00000	0.00027	-1.00000	-1.00000
6180	Bishop	Willow_Pond	un	2647311	0.25033	-1.00000	-1.00000	0.10361	-1.00000	-1.00000	0.09274	-1.00000	-1.00000	0.00059	-1.00000	-1.00000
6184	Bishop	Willow_Pond	un	2650382	0.06920	-1.00000	-1.00000	0.00850	-1.00000	-1.00000	-0.00168	-1.00000	-1.00000	0.00034	-1.00000	-1.00000
6186	Bishop	Willow_Pond	un	2651175	-0.00235	-1.00000	-1.00000	-0.00008	-1.00000	-1.00000	-0.00000	-1.00000	-1.00000	0.00004	-1.00000	-1.00000
6189	Bishop	Willow_Pond	un	2651929	0.12000	-1.00000	-1.00000	0.02135	-1.00000	-1.00000	0.00976	-1.00000	-1.00000	0.00043	-1.00000	-1.00000
6198	Bishop	Willow_Pond	un	2655887	-0.02569	-1.00000	-1.00000	-0.00281	-1.00000	-1.00000	-0.00237	-1.00000	-1.00000	0.00019	-1.00000	-1.00000
6199	Bishop	Willow_Pond	un	2656739	-0.03581	-1.00000	-1.00000	-0.03170	-1.00000	-1.00000	-0.03161	-1.00000	-1.00000	0.00057	-1.00000	-1.00000
6202	Bishop	Willow_Pond	un	2659259	0.03320	-1.00000	-1.00000	0.00263	-1.00000	-1.00000	0.00284	-1.00000	-1.00000	0.00007	-1.00000	-1.00000
6207	Bishop	Willow_Pond	un	2662460	0.03448	-1.00000	-1.00000	0.00246	-1.00000	-1.00000	0.00246	-1.00000	-1.00000	0.00008	-1.00000	-1.00000
6209	Bishop	Willow_Pond	un	2664102	0.09311	-1.00000	-1.00000	0.05158	-1.00000	-1.00000	0.03791	-1.00000	-1.00000	0.00057	-1.00000	-1.00000
6213	Bishop	Willow_Pond	un	2666680	0.03114	-1.00000	-1.00000	0.00229	-1.00000	-1.00000	0.00246	-1.00000	-1.00000	0.00008	-1.00000	-1.00000
6231	Bishop	Willow_Pond	un	2674447	-0.02055	-1.00000	-1.00000	-0.00226	-1.00000	-1.00000	0.00300	-1.00000	-1.00000	0.00022	-1.00000	-1.00000
6246	Bishop	Willow_Pond	un	2683134	0.04037	-1.00000	-1.00000	0.00965	-1.00000	-1.00000	0.02340	-1.00000	-1.00000	0.00032	-1.00000	-1.00000
6249	Bishop	Willow_Pond	un	2683947	-0.02144	-1.00000	-1.00000	-0.01113	-1.00000	-1.00000	-0.01734	-1.00000	-1.00000	0.00050	-1.00000	-1.00000
6264	Bishop	Willow_Pond	un	2688880	-0.03289	-1.00000	-1.00000	-0.00670	-1.00000	-1.00000	-0.01261	-1.00000	-1.00000	0.00036	-1.00000	-1.00000
6269	Bishop	Willow_Pond	un	2691184	0.05576	-1.00000	-1.00000	0.01319	-1.00000	-1.00000	0.00705	-1.00000	-1.00000	0.00034	-1.00000	-1.00000
6282	Bishop	Willow_Pond	un	2694968	0.55413	-1.00000	-1.00000	0.38325	-1.00000	-1.00000	0.40087	-1.00000	-1.00000	0.00076	-1.00000	-1.00000
6285	Bishop	Willow_Pond	un	2697371	0.00251	-1.00000	-1.00000	0.00009	-1.00000	-1.00000	-0.00000	-1.00000	-1.00000	0.00004	-1.00000	-1.00000
6299	Bishop	Willow_Pond	un	2700680	0.00497	-1.00000	-1.00000	0.00132	-1.00000	-1.00000	0.02974	-1.00000	-1.00000	0.00049	-1.00000	-1.00000
6302	Bishop	Willow_Pond	un	2701491	0.00340	-1.00000	-1.00000	0.00014	-1.00000	-1.00000	-0.01093	-1.00000	-1.00000	0.00032	-1.00000	-1.00000
6304	Bishop	Willow_Pond	un	2702339	-0.00000	-1.00000	-1.00000	-0.00000	-1.00000	-1.00000	-0.00000	-1.00000	-1.00000	0.00004	-1.00000	-1.00000
6305	Bishop	Willow_Pond	un	2703179	0.06470	-1.00000	-1.00000	0.00736	-1.00000	-1.00000	0.00760	-1.00000	-1.00000	0.00014	-1.00000	-1.00000
6307	Bishop	Willow_Pond	un	2703914	0.01928	-1.00000	-1.00000	0.00415	-1.00000	-1.00000	0.00351	-1.00000	-1.00000	0.00043	-1.00000	-1.00000
6310	Bishop	Willow_Pond	un	2704778	-0.00000	-1.00000	-1.00000	-0.00000	-1.00000	-1.00000	-0.00000	-1.00000	-1.00000	0.00004	-1.00000	-1.00000
6320	Bishop	Willow_Pond	un	2708046	0.09302	-1.00000	-1.00000	0.01497	-1.00000	-1.00000	0.01567	-1.00000	-1.00000	0.00016	-1.00000	-1.00000
6344	Bishop	Willow_Pond	un	2719229	0.00251	-1.00000	-1.00000	0.00009	-1.00000	-1.00000	0.00508	-1.00000	-1.00000	0.00012	-1.00000	-1.00000
6358	Bishop	Willow_Pond	un	2722571	0.00251	-1.00000	-1.00000	0.00009	-1.00000	-1.00000	-0.00000	-1.00000	-1.00000	0.00004	-1.00000	-1.00000
6359	Bishop	Willow_Pond	un	2723428	0.04820	-1.00000	-1.00000	0.00374	-1.00000	-1.00000	0.01220	-1.00000	-1.00000	0.00018	-1.00000	-1.00000
6368	Bishop	Willow_Pond	un	2727193	0.03448	-1.00000	-1.00000	0.00246	-1.00000	-1.00000	0.00246	-1.00000	-1.00000	0.00008	-1.00000	-1.00000
6386	Bishop	Willow_Pond	un	2736831	0.03704	-1.00000	-1.00000	0.00284	-1.00000	-1.00000	0.01050	-1.00000	-1.00000	0.00015	-1.00000	-1.00000
6392	Bishop	Willow_Pond	un	2740128	-0.03032	-1.00000	-1.00000	-0.00389	-1.00000	-1.00000	-0.01404	-1.00000	-1.00000	0.00043	-1.00000	-1.00000
6393	Bishop	Willow_Pond	un	2740961	0.06470	-1.00000	-1.00000	0.00736	-1.00000	-1.00000	0.00300	-1.00000	-1.00000	0.00019	-1.00000	-1.00000
6411	Bishop	Willow_Pond	un	2745642	-0.00565	-1.00000	-1.00000	-0.00022	-1.00000	-1.00000	0.00778	-1.00000	-1.00000	0.00034	-1.00000	-1.00000
6419	Bishop	Willow_Pond	un	2751130	0.00951	-1.00000	-1.00000	0.00037	-1.00000	-1.00000	0.02512	-1.00000	-1.00000	0.00021	-1.00000	-1.00000
6426	Bishop	Willow_Pond	un	2756029	0.00000	-1.00000	-1.00000	0.00000	-1.00000	-1.00000	0.00508	-1.00000	-1.00000	0.00012	-1.00000	-1.00000
6430	Bishop	Willow_Pond	un	2759308	-0.04348	-1.00000	-1.00000	-0.00379	-1.00000	-1.00000	-0.01366	-1.00000	-1.00000	0.00056	-1.00000	-1.00000
6451	Bishop	Willow_Pond	un	2766297	0.06897	-1.00000	-1.00000	0.00760	-1.00000	-1.00000	0.00760	-1.00000	-1.00000	0.00013	-1.00000	-1.00000
6469	Bishop	Willow_Pond	un	2772823	0.12000	-1.00000	-1.00000	0.02135	-1.00000	-1.00000	0.03571	-1.00000	-1.00000	0.00025	-1.00000	-1.00000
6475	Bishop	Willow_Pond	un	2774497	0.13205	-1.00000	-1.00000	0.02645	-1.00000	-1.00000	0.01790	-1.00000	-1.00000	0.00026	-1.00000	-1.00000
6477	Bishop	Willow_Pond	un	2776207	-0.02330	-1.00000	-1.00000	-0.00301	-1.00000	-1.00000	-0.01093	-1.00000	-1.00000	0.00041	-1.00000	-1.00000
6502	Bishop	Willow_Pond	un	2785922	0.09834	-1.00000	-1.00000	0.01534	-1.00000	-1.00000	0.01567	-1.00000	-1.00000	0.00017	-1.00000	-1.00000
6503	Bishop	Willow_Pond	un	2786728	0.03704	-1.00000	-1.00000	0.00284	-1.00000	-1.00000	0.01050	-1.00000	-1.00000	0.00016	-1.00000	-1.00000
6509	Bishop	Willow_Pond	un	2790080	0.03114	-1.00000	-1.00000	0.00229	-1.00000	-1.00000	0.00018	-1.00000	-1.00000	0.00015	-1.00000	-1.00000
6519	Bishop	Willow_Pond	un	2794982	-0.04174	-1.00000	-1.00000	-0.04355	-1.00000	-1.00000	-0.05113	-1.00000	-1.00000	0.00077	-1.00000	-1.00000
6524	Bishop	Willow_Pond	un	2798153	0.03448	-1.00000	-1.00000	0.00246	-1.00000	-1.00000	0.00246	-1.00000	-1.00000	0.00008	-1.00000	-1.00000
6525	Bishop	Willow_Pond	un	2798959	0.00340	-1.00000	-1.00000	0.00014	-1.00000	-1.00000	-0.00378	-1.00000	-1.00000	0.00038	-1.00000	-1.00000
6531	Bishop	Willow_Pond	un	2802251	-0.00000	-1.00000	-1.00000	-0.00000	-1.00000	-1.00000	-0.00000	-1.00000	-1.00000	0.00004	-1.00000	-1.00000
6532	Bishop	Willow_Pond	un	2803128	-0.02321	-1.00000	-1.00000	-0.00498	-1.00000	-1.00000	0.02333	-1.00000	-1.00000	0.00039	-1.00000	-1.00000
6551	Bishop	Willow_Pond	un	2811150	-0.00315	-1.00000	-1.00000	-0.00013	-1.00000	-1.00000	-0.01039	-1.00000	-1.00000	0.00039	-1.00000	-1.00000
6553	Bishop	Willow_Pond	un	2811931	-0.02913	-1.00000	-1.00000	-0.00330	-1.00000	-1.00000	-0.00232	-1.00000	-1.00000	0.00017	-1.00000	-1.00000
6558	Bishop	Willow_Pond	un	2816104	0.03448	-1.00000	-1.00000	0.00246	-1.00000	-1.00000	0.00246	-1.00000	-1.00000	0.00009	-1.00000	-1.00000
6571	Bishop	Willow_Pond	un	2822730	0.00000	-1.00000	-1.00000	0.00000	-1.00000	-1.00000	-0.01276	-1.00000	-1.00000	0.00040	-1.00000	-1.00000
6576	Bishop	Willow_Pond	un	2825053	-0.02055	-1.00000	-1.00000	-0.00226	-1.00000	-1.00000	0.00300	-1.00000	-1.00000	0.00020	-1.00000	-1.00000
6583	Bishop	Willow_Pond	un	2826680	-0.00235	-1.00000	-1.00000	-0.00008	-1.00000	-1.00000	0.00008	-1.00000	-1.00000	0.00011	-1.00000	-1.00000
6585	Bishop	Willow_Pond	un	2828342	0.09321	-1.00000	-1.00000	0.01269	-1.00000	-1.00000	0.01431	-1.00000	-1.00000	0.00048	-1.00000	-1.00000
6586	Bishop	Willow_Pond	un	2829107	0.03320	-1.00000	-1.00000	0.00263	-1.00000	-1.00000	-0.00486	-1.00000	-1.00000	0.00032	-1.00000	-1.00000
6601	Bishop	Willow_Pond	un	2832937	0.06095	-1.00000	-1.00000	0.02163	-1.00000	-1.00000	0.05998	-1.00000	-1.00000	0.00047	-1.00000	-1.00000
6609	Bishop	Willow_Pond	un	2837749	-0.02699	-1.00000	-1.00000	-0.00491	-1.00000	-1.00000	-0.00491	-1.00000	-1.00000	0.00019	-1.00000	-1.00000
6626	Bishop	Willow_Pond	un	2843987	-0.03975	-1.00000	-1.00000	-0.00319	-1.00000	-1.00000	-0.00376	-1.00000	-1.00000	0.00030	-1.00000	-1.00000
6628	Bishop	Willow_Pond	un	2844833	0.00290	-1.00000	-1.00000	0.00011	-1.00000	-1.00000	0.00088	-1.00000	-1.00000	0.00026	-1.00000	-1.00000
6642	Bishop	Willow_Pond	un	2852243	0.06897	-1.00000	-1.00000	0.00760	-1.00000	-1.00000	0.00760	-1.00000	-1.00000	0.00013	-1.00000	-1.00000
6661	Bishop	Willow_Pond	un	2861060	-0.03174	-1.00000	-1.00000	-0.02046	-1.00000	-1.00000	-0.03421	-1.00000	-1.00000	0.00066	-1.00000	-1.00000
6662	Bishop	Willow_Pond	un	2861855	-0.03448	-1.00000	-1.00000	-0.00238	-1.00000	-1.00000	-0.00238	-1.00000	-1.00000	0.00008	-1.00000	-1.00000
6666	Bishop	Willow_Pond	un	2863476	0.00181	-1.00000	-1.00000	0.00026	-1.00000	-1.00000	0.00026	-1.00000	-1.00000	0.00016	-1.00000	-1.00000
6667	Bishop	Willow_Pond	un	2864266	0.00251	-1.00000	-1.00000	0.00009	-1.00000	-1.00000	0.00508	-1.00000	-1.00000	0.00014	-1.00000	-1.00000
6682	Bishop	Willow_Pond	un	2871934	0.00290	-1.00000	-1.00000	0.00011	-1.00000	-1.00000	-0.00518	-1.00000	-1.00000	0.00019	-1.00000	-1.00000
6687	Bishop	Willow_Pond	un	2874519	0.00951	-1.00000	-1.00000	0.00037	-1.00000	-1.00000	0.05121	-1.00000	-1.00000	0.00029	-1.00000	-1.00000
6699	Bishop	Willow_Pond	un	2878105	-0.00235	-1.00000	-1.00000	-0.00008	-1.00000	-1.00000	-0.00000	-1.00000	-1.00000	0.00004	-1.00000	-1.00000
6702	Bishop	Willow_Pond	un	2878976	0.06897	-1.00000	-1.00000	0.00760	-1.00000	-1.00000	0.00760	-1.00000	-1.00000	0.00013	-1.00000	-1.00000
6703	Bishop	Willow_Pond	un	2879722	0.10345	-1.00000	-1.00000	0.01567	-1.00000	-1.00000	0.01567	-1.00000	-1.00000	0.00017	-1.00000	-1.00000
6705	Bishop	Willow_Pond	un	2881313	-0.03684	-1.00000	-1.00000	-0.00273	-1.00000	-1.00000	0.00061	-1.00000	-1.00000	0.00017	-1.00000	-1.00000
6707	Bishop	Willow_Pond	un	2882124	0.20690	-1.00000	-1.00000	0.05924	-1.00000	-1.00000	0.05924	-1.00000	-1.00000	0.00027	-1.00000	-1.00000
6708	Bishop	Willow_Pond	un	2882992	0.13205	-1.00000	-1.00000	0.02645	-1.00000	-1.00000	0.02685	-1.00000	-1.00000	0.00020	-1.00000	-1.00000
6711	Bishop	Willow_Pond	un	2885568	0.03108	-1.00000	-1.00000	0.00579	-1.00000	-1.00000	0.00579	-1.00000	-1.00000	0.00020	-1.00000	-1.00000
6713	Bishop	Willow_Pond	un	2886356	-0.00315	-1.00000	-1.00000	-0.00013	-1.00000	-1.00000	-0.01039	-1.00000	-1.00000	0.00042	-1.00000	-1.00000
6718	Bishop	Willow_Pond	un	2889503	-0.03841	-1.00000	-1.00000	-0.00296	-1.00000	-1.00000	-0.00486	-1.00000	-1.00000	0.00035	-1.00000	-1.00000
6742	Bishop	Willow_Pond	un	2895332	0.06897	-1.00000	-1.00000	0.00760	-1.00000	-1.00000	0.00760	-1.00000	-1.00000	0.00013	-1.00000	-1.00000
6748	Bishop	Willow_Pond	un	2900189	-0.03032	-1.00000	-1.00000	-0.00389	-1.00000	-1.00000	0.03261	-1.00000	-1.00000	0.00051	-1.00000	-1.00000
6752	Bishop	Willow_Pond	un	2900763	0.00000	-1.00000	-1.00000	0.00000	-1.00000	-1.00000	-0.00009	-1.00000	-1.00000	0.00013	-1.00000	-1.00000
6760	Bishop	Willow_Pond	un	2904052	-0.00270	-1.00000	-1.00000	-0.00010	-1.00000	-1.00000	-0.00488	-1.00000	-1.00000	0.00026	-1.00000	-1.00000
6762	Bishop	Willow_Pond	un	2904852	0.06470	-1.00000	-1.00000	0.00736	-1.00000	-1.00000	0.00760	-1.00000	-1.00000	0.00011	-1.00000	-1.00000
6790	Bishop	Willow_Pond	un	2916238	0.04820	-1.00000	-1.00000	0.00374	-1.00000	-1.00000	0.01220	-1.00000	-1.00000	0.00017	-1.00000	-1.00000
6798	Bishop	Willow_Pond	un	2920258	0.00290	-1.00000	-1.00000	0.00011	-1.00000	-1.00000	0.00088	-1.00000	-1.00000	0.00032	-1.00000	-1.00000
6818	Bishop	Willow_Pond	un	2928954	-0.02433	-1.00000	-1.00000	-0.01504	-1.00000	-1.00000	-0.03496	-1.00000	-1.00000	0.00071	-1.00000	-1.00000
6821	Bishop	Willow_Pond	un	2930527	0.00290	-1.00000	-1.00000	0.00011	-1.00000	-1.00000	0.00088	-1.00000	-1.00000	0.00027	-1.00000	-1.00000
6827	Bishop	Willow_Pond	un	2933720	-0.03704	-1.00000	-1.00000	-0.00275	-1.00000	-1.00000	-0.00786	-1.00000	-1.00000	0.00022	-1.00000	-1.00000
6832	Bishop	Willow_Pond	un	2935341	-0.00767	-1.00000	-1.00000	-0.00029	-1.00000	-1.00000	0.01323	-1.00000	-1.00000	0.00022	-1.00000	-1.00000
6841	Bishop	Willow_Pond	un	2938275	-0.03841	-1.00000	-1.00000	-0.00296	-1.00000	-1.00000	0.01378	-1.00000	-1.00000	0.00025	-1.00000	-1.00000
6844	Bishop	Willow_Pond	un	2939843	0.03704	-1.00000	-1.00000	0.00284	-1.00000	-1.00000	0.01050	-1.00000	-1.00000	0.00017	-1.00000	-1.00000
6865	Bishop	Willow_Pond	un	2946298	-0.00341	-1.00000	-1.00000	-0.00086	-1.00000	-1.00000	0.00281	-1.00000	-1.00000	0.00044	-1.00000	-1.00000
6868	Bishop	Willow_Pond	un	2947091	-0.03448	-1.00000	-1.00000	-0.00238	-1.00000	-1.00000	-0.00238	-1.00000	-1.00000	0.00008	-1.00000	-1.00000
6874	Bishop	Willow_Pond	un	2951169	0.03382	-1.00000	-1.00000	0.01087	-1.00000	-1.00000	0.00518	-1.00000	-1.00000	0.00036	-1.00000	-1.00000
6878	Bishop	Willow_Pond	un	2952720	0.22563	-1.00000	-1.00000	0.07947	-1.00000	-1.00000	0.08069	-1.00000	-1.00000	0.00032	-1.00000	-1.00000
6885	Bishop	Willow_Pond	un	2955144	-0.00315	-1.00000	-1.00000	-0.00013	-1.00000	-1.00000	-0.01039	-1.00000	-1.00000	0.00037	-1.00000	-1.00000
6894	Bishop	Willow_Pond	un	2959282	0.06897	-1.00000	-1.00000	0.00760	-1.00000	-1.00000	0.00760	-1.00000	-1.00000	0.00011	-1.00000	-1.00000
6898	Bishop	Willow_Pond	un	2961744	-0.04110	-1.00000	-1.00000	-0.01535	-1.00000	-1.00000	-0.02818	-1.00000	-1.00000	0.00050	-1.00000	-1.00000
6906	Bishop	Willow_Pond	un	2964988	0.00000	-1.00000	-1.00000	0.00000	-1.00000	-1.00000	0.01515	-1.00000	-1.00000	0.00035	-1.00000	-1.00000
6909	Bishop	Willow_Pond	un	2966578	0.06470	-1.00000	-1.00000	0.00736	-1.00000	-1.00000	0.00760	-1.00000	-1.00000	0.00011	-1.00000	-1.00000
6910	Bishop	Willow_Pond	un	2967496	0.03320	-1.00000	-1.00000	0.00263	-1.00000	-1.00000	-0.00303	-1.00000	-1.00000	0.00023	-1.00000	-1.00000
6917	Bishop	Willow_Pond	un	2973238	-0.04160	-1.00000	-1.00000	-0.00347	-1.00000	-1.00000	-0.01045	-1.00000	-1.00000	0.00041	-1.00000	-1.00000
6918	Bishop	Willow_Pond	un	2974060	0.19970	-1.00000	-1.00000	0.05872	-1.00000	-1.00000	0.04666	-1.00000	-1.00000	0.00033	-1.00000	-1.00000
6921	Bishop	Willow_Pond	un	2975861	-0.01029	-1.00000	-1.00000	-0.00551	-1.00000	-1.00000	-0.01555	-1.00000	-1.00000	0.00062	-1.00000	-1.00000
6925	Bishop	Willow_Pond	un	2978079	0.04820	-1.00000	-1.00000	0.00374	-1.00000	-1.00000	0.00332	-1.00000	-1.00000	0.00010	-1.00000	-1.00000
6930	Bishop	Willow_Pond	un	2980508	0.00340	-1.00000	-1.00000	0.00014	-1.00000	-1.00000	-0.01093	-1.00000	-1.00000	0.00035	-1.00000	-1.00000
6932	Bishop	Willow_Pond	un	2981267	0.28871	-1.00000	-1.00000	0.21985	-1.00000	-1.00000	0.29795	-1.00000	-1.00000	0.00079	-1.00000	-1.00000
6934	Bishop	Willow_Pond	un	2982817	0.12644	-1.00000	-1.00000	0.11957	-1.00000	-1.00000	0.11234	-1.00000	-1.00000	0.00068	-1.00000	-1.00000
6948	Bishop	Willow_Pond	un	2987687	0.00561	-1.00000	-1.00000	0.00021	-1.00000	-1.00000	0.02159	-1.00000	-1.00000	0.00020	-1.00000	-1.00000
6956	Bishop	Willow_Pond	un	2991629	0.36961	-1.00000	-1.00000	0.17428	-1.00000	-1.00000	0.21944	-1.00000	-1.00000	0.00064	-1.00000	-1.00000
6975	Bishop	Willow_Pond	un	2998635	0.09054	-1.00000	-1.00000	0.01094	-1.00000	-1.00000	0.04304	-1.00000	-1.00000	0.00029	-1.00000	-1.00000
6979	Bishop	Willow_Pond	un	2999436	0.32990	-1.00000	-1.00000	0.14561	-1.00000	-1.00000	0.16002	-1.00000	-1.00000	0.00062	-1.00000	-1.00000
6982	Bishop	Willow_Pond	un	3000957	0.06897	-1.00000	-1.00000	0.00760	-1.00000	-1.00000	0.00760	-1.00000	-1.00000	0.00013	-1.00000	-1.00000
6984	Bishop	Willow_Pond	un	3001720	-0.00000	-1.00000	-1.00000	-0.00000	-1.00000	-1.00000	-0.00000	-1.00000	-1.00000	0.00004	-1.00000	-1.00000
6992	Bishop	Willow_Pond	un	3006686	-0.00000	-1.00000	-1.00000	-0.00000	-1.00000	-1.00000	-0.00000	-1.00000	-1.00000	0.00004	-1.00000	-1.00000
7005	Bishop	Willow_Pond	un	3012316	0.32356	-1.00000	-1.00000	0.32421	-1.00000	-1.00000	0.28958	-1.00000	-1.00000	0.00085	-1.00000	-1.00000
7006	Bishop	Willow_Pond	un	3013135	0.04820	-1.00000	-1.00000	0.00374	-1.00000	-1.00000	0.01220	-1.00000	-1.00000	0.00016	-1.00000	-1.00000
7021	Bishop	Willow_Pond	un	3017296	0.03448	-1.00000	-1.00000	0.00246	-1.00000	-1.00000	0.00246	-1.00000	-1.00000	0.00008	-1.00000	-1.00000
7030	Bishop	Willow_Pond	un	3022164	0.03704	-1.00000	-1.00000	0.00284	-1.00000	-1.00000	-0.00227	-1.00000	-1.00000	0.00023	-1.00000	-1.00000
7050	Bishop	Willow_Pond	un	3031132	-0.04044	-1.00000	-1.00000	-0.02813	-1.00000	-1.00000	-0.02929	-1.00000	-1.00000	0.00059	-1.00000	-1.00000
7051	Bishop	Willow_Pond	un	3032000	0.00951	-1.00000	-1.00000	0.00037	-1.00000	-1.00000	0.05121	-1.00000	-1.00000	0.00027	-1.00000	-1.00000
7053	Bishop	Willow_Pond	un	3032879	-0.00315	-1.00000	-1.00000	-0.00013	-1.00000	-1.00000	-0.00564	-1.00000	-1.00000	0.00031	-1.00000	-1.00000
7055	Bishop	Willow_Pond	un	3033611	0.61125	-1.00000	-1.00000	0.59750	-1.00000	-1.00000	0.59429	-1.00000	-1.00000	0.00093	-1.00000	-1.00000
7060	Bishop	Willow_Pond	un	3036085	0.30862	-1.00000	-1.00000	0.29264	-1.00000	-1.00000	0.29333	-1.00000	-1.00000	0.00080	-1.00000	-1.00000
7062	Bishop	Willow_Pond	un	3036894	0.04420	-1.00000	-1.00000	0.00354	-1.00000	-1.00000	0.00332	-1.00000	-1.00000	0.00010	-1.00000	-1.00000
7067	Bishop	Willow_Pond	un	3038380	0.03448	-1.00000	-1.00000	0.00246	-1.00000	-1.00000	0.00246	-1.00000	-1.00000	0.00008	-1.00000	-1.00000
7073	Bishop	Willow_Pond	un	3041702	-0.03829	-1.00000	-1.00000	-0.00613	-1.00000	-1.00000	-0.01183	-1.00000	-1.00000	0.00030	-1.00000	-1.00000
7082	Bishop	Willow_Pond	un	3046566	0.01235	-1.00000	-1.00000	0.00316	-1.00000	-1.00000	0.06938	-1.00000	-1.00000	0.00047	-1.00000	-1.00000
7086	Bishop	Willow_Pond	un	3048960	0.00251	-1.00000	-1.00000	0.00009	-1.00000	-1.00000	0.00508	-1.00000	-1.00000	0.00012	-1.00000	-1.00000
7089	Bishop	Willow_Pond	un	3050544	0.11672	-1.00000	-1.00000	0.01853	-1.00000	-1.00000	0.03064	-1.00000	-1.00000	0.00027	-1.00000	-1.00000
7093	Bishop	Willow_Pond	un	3052981	0.08000	-1.00000	-1.00000	0.01033	-1.00000	-1.00000	-0.00142	-1.00000	-1.00000	0.00037	-1.00000	-1.00000
7099	Bishop	Willow_Pond	un	3057050	0.03108	-1.00000	-1.00000	0.00579	-1.00000	-1.00000	0.00579	-1.00000	-1.00000	0.00020	-1.00000	-1.00000
7105	Bishop	Willow_Pond	un	3061531	0.05748	-1.00000	-1.00000	0.00467	-1.00000	-1.00000	0.00394	-1.00000	-1.00000	0.00010	-1.00000	-1.00000
7106	Bishop	Willow_Pond	un	3062407	0.40066	-1.00000	-1.00000	0.40707	-1.00000	-1.00000	0.40045	-1.00000	-1.00000	0.00081	-1.00000	-1.00000
7108	Bishop	Willow_Pond	un	3063266	0.06024	-1.00000	-1.00000	0.00707	-1.00000	-1.00000	0.00760	-1.00000	-1.00000	0.00013	-1.00000	-1.00000
7109	Bishop	Willow_Pond	un	3064061	-0.01732	-1.00000	-1.00000	-0.01618	-1.00000	-1.00000	0.03590	-1.00000	-1.00000	0.00068	-1.00000	-1.00000
7110	Bishop	Willow_Pond	un	3064924	-0.00235	-1.00000	-1.00000	-0.00008	-1.00000	-1.00000	0.00008	-1.00000	-1.00000	0.00011	-1.00000	-1.00000
7117	Bishop	Willow_Pond	un	3069047	0.03054	-1.00000	-1.00000	0.02602	-1.00000	-1.00000	0.02811	-1.00000	-1.00000	0.00060	-1.00000	-1.00000
7121	Bishop	Willow_Pond	un	3070749	0.01778	-1.00000	-1.00000	0.00557	-1.00000	-1.00000	-0.00617	-1.00000	-1.00000	0.00044	-1.00000	-1.00000
7131	Bishop	Willow_Pond	un	3074115	0.04838	-1.00000	-1.00000	0.00422	-1.00000	-1.00000	-0.00632	-1.00000	-1.00000	0.00039	-1.00000	-1.00000
7132	Bishop	Willow_Pond	un	3074773	-0.00270	-1.00000	-1.00000	-0.00010	-1.00000	-1.00000	-0.00000	-1.00000	-1.00000	0.00004	-1.00000	-1.00000
7133	Bishop	Willow_Pond	un	3075618	0.03704	-1.00000	-1.00000	0.00284	-1.00000	-1.00000	-0.00227	-1.00000	-1.00000	0.00024	-1.00000	-1.00000
7135	Bishop	Willow_Pond	un	3076411	-0.00315	-1.00000	-1.00000	-0.00013	-1.00000	-1.00000	-0.01039	-1.00000	-1.00000	0.00036	-1.00000	-1.00000
7139	Bishop	Willow_Pond	un	3077260	0.87389	-1.00000	-1.00000	0.87668	-1.00000	-1.00000	0.86506	-1.00000	-1.00000	0.00113	-1.00000	-1.00000
7144	Bishop	Willow_Pond	un	3078652	-0.01323	-1.00000	-1.00000	-0.01340	-1.00000	-1.00000	-0.02080	-1.00000	-1.00000	0.00045	-1.00000	-1.00000
7146	Bishop	Willow_Pond	un	3079894	0.25463	-1.00000	-1.00000	0.12881	-1.00000	-1.00000	0.12281	-1.00000	-1.00000	0.00050	-1.00000	-1.00000
7151	Bishop	Willow_Pond	un	3082491	0.42968	-1.00000	-1.00000	0.43521	-1.00000	-1.00000	0.41179	-1.00000	-1.00000	0.00081	-1.00000	-1.00000
7154	Bishop	Willow_Pond	un	3085043	0.00340	-1.00000	-1.00000	0.00014	-1.00000	-1.00000	-0.01093	-1.00000	-1.00000	0.00032	-1.00000	-1.00000
7166	Bishop	Willow_Pond	un	3090727	0.76724	-1.00000	-1.00000	0.71716	-1.00000	-1.00000	0.71164	-1.00000	-1.00000	0.00142	-1.00000	-1.00000
7187	Bishop	Willow_Pond	un	3099275	-0.00235	-1.00000	-1.00000	-0.00008	-1.00000	-1.00000	-0.00000	-1.00000	-1.00000	0.00004	-1.00000	-1.00000
7194	Bishop	Willow_Pond	un	3103312	0.32000	-1.00000	-1.00000	0.14487	-1.00000	-1.00000	0.13019	-1.00000	-1.00000	0.00071	-1.00000	-1.00000
7197	Bishop	Willow_Pond	un	3104009	0.00290	-1.00000	-1.00000	0.00011	-1.00000	-1.00000	0.00088	-1.00000	-1.00000	0.00028	-1.00000	-1.00000
7204	Bishop	Willow_Pond	un	3107930	-0.00235	-1.00000	-1.00000	-0.00008	-1.00000	-1.00000	0.00008	-1.00000	-1.00000	0.00012	-1.00000	-1.00000
7209	Bishop	Willow_Pond	un	3109467	0.24138	-1.00000	-1.00000	0.08069	-1.00000	-1.00000	0.08069	-1.00000	-1.00000	0.00032	-1.00000	-1.00000
7227	Bishop	Willow_Pond	un	3113600	0.04420	-1.00000	-1.00000	0.00354	-1.00000	-1.00000	0.00705	-1.00000	-1.00000	0.00032	-1.00000	-1.00000
7230	Bishop	Willow_Pond	un	3115166	0.11672	-1.00000	-1.00000	0.01853	-1.00000	-1.00000	0.01818	-1.00000	-1.00000	0.00019	-1.00000	-1.00000
7233	Bishop	Willow_Pond	un	3116664	0.04067	-1.00000	-1.00000	0.00302	-1.00000	-1.00000	0.01050	-1.00000	-1.00000	0.00016	-1.00000	-1.00000
7234	Bishop	Willow_Pond	un	3117507	0.14504	-1.00000	-1.00000	0.02643	-1.00000	-1.00000	0.06282	-1.00000	-1.00000	0.00049	-1.00000	-1.00000
7238	Bishop	Willow_Pond	un	3119673	0.65791	-1.00000	-1.00000	0.58428	-1.00000	-1.00000	0.57730	-1.00000	-1.00000	0.00082	-1.00000	-1.00000
7241	Bishop	Willow_Pond	un	3121322	0.04838	-1.00000	-1.00000	0.00422	-1.00000	-1.00000	-0.00680	-1.00000	-1.00000	0.00036	-1.00000	-1.00000
7242	Bishop	Willow_Pond	un	3122160	0.09127	-1.00000	-1.00000	0.02311	-1.00000	-1.00000	0.06086	-1.00000	-1.00000	0.00036	-1.00000	-1.00000
7243	Bishop	Willow_Pond	un	3123053	0.03320	-1.00000	-1.00000	0.00263	-1.00000	-1.00000	-0.00486	-1.00000	-1.00000	0.00029	-1.00000	-1.00000
7245	Bishop	Willow_Pond	un	3123888	0.23364	-1.00000	-1.00000	0.08013	-1.00000	-1.00000	0.08069	-1.00000	-1.00000	0.00033	-1.00000	-1.00000
7248	Bishop	Willow_Pond	un	3126339	0.09054	-1.00000	-1.00000	0.01094	-1.00000	-1.00000	0.04304	-1.00000	-1.00000	0.00031	-1.00000	-1.00000
7249	Bishop	Willow_Pond	un	3127102	0.11111	-1.00000	-1.00000	0.01818	-1.00000	-1.00000	0.03064	-1.00000	-1.00000	0.00025	-1.00000	-1.00000
7251	Bishop	Willow_Pond	un	3127896	0.27147	-1.00000	-1.00000	0.14250	-1.00000	-1.00000	0.12813	-1.00000	-1.00000	0.00066	-1.00000	-1.00000
7253	Bishop	Willow_Pond	un	3128691	0.11329	-1.00000	-1.00000	0.02085	-1.00000	-1.00000	0.05900	-1.00000	-1.00000	0.00036	-1.00000	-1.00000
7254	Bishop	Willow_Pond	un	3129427	0.84527	-1.00000	-1.00000	0.82214	-1.00000	-1.00000	0.82891	-1.00000	-1.00000	0.00107	-1.00000	-1.00000
7263	Bishop	Willow_Pond	un	3134201	0.03448	-1.00000	-1.00000	0.00246	-1.00000	-1.00000	0.00246	-1.00000	-1.00000	0.00008	-1.00000	-1.00000
7264	Bishop	Willow_Pond	un	3135026	-0.03975	-1.00000	-1.00000	-0.00319	-1.00000	-1.00000	0.01151	-1.00000	-1.00000	0.00034	-1.00000	-1.00000
7270	Bishop	Willow_Pond	un	3138384	0.03114	-1.00000	-1.00000	0.00229	-1.00000	-1.00000	0.00246	-1.00000	-1.00000	0.00009	-1.00000	-1.00000
7271	Bishop	Willow_Pond	un	3139130	-0.02382	-1.00000	-1.00000	-0.01126	-1.00000	-1.00000	-0.00341	-1.00000	-1.00000	0.00044	-1.00000	-1.00000
7276	Bishop	Willow_Pond	un	3141567	0.00000	-1.00000	-1.00000	0.00000	-1.00000	-1.00000	-0.00009	-1.00000	-1.00000	0.00012	-1.00000	-1.00000
7282	Bishop	Willow_Pond	un	3143191	-0.00000	-1.00000	-1.00000	-0.00000	-1.00000	-1.00000	-0.00000	-1.00000	-1.00000	0.00004	-1.00000	-1.00000
7287	Bishop	Willow_Pond	un	3144732	0.06897	-1.00000	-1.00000	0.00760	-1.00000	-1.00000	0.00760	-1.00000	-1.00000	0.00012	-1.00000	-1.00000
7293	Bishop	Willow_Pond	un	3147016	-0.02941	-1.00000	-1.00000	-0.01153	-1.00000	-1.00000	-0.01774	-1.00000	-1.00000	0.00046	-1.00000	-1.00000
7296	Bishop	Willow_Pond	un	3147830	-0.03567	-1.00000	-1.00000	-0.00255	-1.00000	-1.00000	0.00018	-1.00000	-1.00000	0.00016	-1.00000	-1.00000
7299	Bishop	Willow_Pond	un	3148612	-0.00000	-1.00000	-1.00000	-0.00000	-1.00000	-1.00000	-0.01068	-1.00000	-1.00000	0.00037	-1.00000	-1.00000
7300	Bishop	Willow_Pond	un	3149313	-0.00270	-1.00000	-1.00000	-0.00010	-1.00000	-1.00000	-0.00488	-1.00000	-1.00000	0.00024	-1.00000	-1.00000
7306	Bishop	Willow_Pond	un	3151792	-0.00000	-1.00000	-1.00000	-0.00000	-1.00000	-1.00000	-0.00000	-1.00000	-1.00000	0.00004	-1.00000	-1.00000
7310	Bishop	Willow_Pond	un	3152601	-0.03382	-1.00000	-1.00000	-0.00787	-1.00000	-1.00000	0.00607	-1.00000	-1.00000	0.00037	-1.00000	-1.00000
7314	Bishop	Willow_Pond	un	3154627	0.03448	-1.00000	-1.00000	0.00246	-1.00000	-1.00000	0.00246	-1.00000	-1.00000	0.00008	-1.00000	-1.00000
7315	Bishop	Willow_Pond	un	3155432	0.13263	-1.00000	-1.00000	0.02215	-1.00000	-1.00000	0.05900	-1.00000	-1.00000	0.00047	-1.00000	-1.00000
7317	Bishop	Willow_Pond	un	3156838	-0.03448	-1.00000	-1.00000	-0.00238	-1.00000	-1.00000	-0.00238	-1.00000	-1.00000	0.00008	-1.00000	-1.00000
7327	Bishop	Willow_Pond	un	3161529	0.00000	-1.00000	-1.00000	0.00000	-1.00000	-1.00000	-0.00000	-1.00000	-1.00000	0.00004	-1.00000	-1.00000
7328	Bishop	Willow_Pond	un	3162407	0.07407	-1.00000	-1.00000	0.00881	-1.00000	-1.00000	0.00361	-1.00000	-1.00000	0.00030	-1.00000	-1.00000
7332	Bishop	Willow_Pond	un	3163873	0.05930	-1.00000	-1.00000	0.02596	-1.00000	-1.00000	0.06486	-1.00000	-1.00000	0.00050	-1.00000	-1.00000
7337	Bishop	Willow_Pond	un	3166234	0.03114	-1.00000	-1.00000	0.00229	-1.00000	-1.00000	0.00246	-1.00000	-1.00000	0.00009	-1.00000	-1.00000
7341	Bishop	Willow_Pond	un	3168482	0.03448	-1.00000	-1.00000	0.00246	-1.00000	-1.00000	0.00246	-1.00000	-1.00000	0.00008	-1.00000	-1.00000
7354	Bishop	Willow_Pond	un	3174795	-0.00270	-1.00000	-1.00000	-0.00010	-1.00000	-1.00000	-0.00488	-1.00000	-1.00000	0.00025	-1.00000	-1.00000
7358	Bishop	Willow_Pond	un	3177269	0.07407	-1.00000	-1.00000	0.00881	-1.00000	-1.00000	0.01894	-1.00000	-1.00000	0.00021	-1.00000	-1.00000
7359	Bishop	Willow_Pond	un	3178069	-0.03119	-1.00000	-1.00000	-0.00664	-1.00000	-1.00000	-0.01810	-1.00000	-1.00000	0.00050	-1.00000	-1.00000
7366	Bishop	Willow_Pond	un	3180411	0.14405	-1.00000	-1.00000	0.08199	-1.00000	-1.00000	0.09801	-1.00000	-1.00000	0.00055	-1.00000	-1.00000
7372	Bishop	Willow_Pond	un	3184380	0.00656	-1.00000	-1.00000	0.00026	-1.00000	-1.00000	0.01989	-1.00000	-1.00000	0.00033	-1.00000	-1.00000
7373	Bishop	Willow_Pond	un	3185202	-0.03101	-1.00000	-1.00000	-0.00879	-1.00000	-1.00000	-0.00849	-1.00000	-1.00000	0.00035	-1.00000	-1.00000
7374	Bishop	Willow_Pond	un	3185972	0.06920	-1.00000	-1.00000	0.00850	-1.00000	-1.00000	0.00265	-1.00000	-1.00000	0.00027	-1.00000	-1.00000
7377	Bishop	Willow_Pond	un	3187622	0.07875	-1.00000	-1.00000	0.00908	-1.00000	-1.00000	0.00881	-1.00000	-1.00000	0.00012	-1.00000	-1.00000
7379	Bishop	Willow_Pond	un	3189349	-0.00315	-1.00000	-1.00000	-0.00013	-1.00000	-1.00000	-0.01039	-1.00000	-1.00000	0.00035	-1.00000	-1.00000
7391	Bishop	Willow_Pond	un	3195867	-0.02584	-1.00000	-1.00000	-0.02553	-1.00000	-1.00000	-0.03636	-1.00000	-1.00000	0.00075	-1.00000	-1.00000
7392	Bishop	Willow_Pond	un	3196696	0.05553	-1.00000	-1.00000	0.00674	-1.00000	-1.00000	0.00760	-1.00000	-1.00000	0.00013	-1.00000	-1.00000
7395	Bishop	Willow_Pond	un	3198956	-0.00270	-1.00000	-1.00000	-0.00010	-1.00000	-1.00000	0.00508	-1.00000	-1.00000	0.00013	-1.00000	-1.00000
7399	Bishop	Willow_Pond	un	3200595	0.12000	-1.00000	-1.00000	0.02135	-1.00000	-1.00000	0.03571	-1.00000	-1.00000	0.00028	-1.00000	-1.00000
7403	Bishop	Willow_Pond	un	3201369	-0.00341	-1.00000	-1.00000	-0.00055	-1.00000	-1.00000	0.00720	-1.00000	-1.00000	0.00023	-1.00000	-1.00000
7405	Bishop	Willow_Pond	un	3202752	-0.00878	-1.00000	-1.00000	-0.00332	-1.00000	-1.00000	-0.01037	-1.00000	-1.00000	0.00049	-1.00000	-1.00000
7414	Bishop	Willow_Pond	un	3206852	-0.00235	-1.00000	-1.00000	-0.00008	-1.00000	-1.00000	0.00008	-1.00000	-1.00000	0.00012	-1.00000	-1.00000
7417	Bishop	Willow_Pond	un	3207670	-0.00489	-1.00000	-1.00000	-0.00018	-1.00000	-1.00000	0.01104	-1.00000	-1.00000	0.00021	-1.00000	-1.00000
7428	Bishop	Willow_Pond	un	3213229	0.09920	-1.00000	-1.00000	0.01304	-1.00000	-1.00000	0.04448	-1.00000	-1.00000	0.00047	-1.00000	-1.00000
7431	Bishop	Willow_Pond	un	3215574	-0.00235	-1.00000	-1.00000	-0.00008	-1.00000	-1.00000	-0.00000	-1.00000	-1.00000	0.00004	-1.00000	-1.00000
7438	Bishop	Willow_Pond	un	3219765	-0.02338	-1.00000	-1.00000	-0.01332	-1.00000	-1.00000	-0.00523	-1.00000	-1.00000	0.00049	-1.00000	-1.00000
7464	Bishop	Willow_Pond	un	3227968	0.07875	-1.00000	-1.00000	0.00908	-1.00000	-1.00000	0.01894	-1.00000	-1.00000	0.00020	-1.00000	-1.00000
7470	Bishop	Willow_Pond	un	3231195	-0.00235	-1.00000	-1.00000	-0.00008	-1.00000	-1.00000	0.00008	-1.00000	-1.00000	0.00012	-1.00000	-1.00000
7477	Bishop	Willow_Pond	un	3233636	0.25926	-1.00000	-1.00000	0.09396	-1.00000	-1.00000	0.07918	-1.00000	-1.00000	0.00043	-1.00000	-1.00000
7485	Bishop	Willow_Pond	un	3237638	-0.00235	-1.00000	-1.00000	-0.00008	-1.00000	-1.00000	-0.00000	-1.00000	-1.00000	0.00004	-1.00000	-1.00000
7486	Bishop	Willow_Pond	un	3238441	0.03448	-1.00000	-1.00000	0.00246	-1.00000	-1.00000	0.00246	-1.00000	-1.00000	0.00009	-1.00000	-1.00000
7497	Bishop	Willow_Pond	un	3244799	0.00561	-1.00000	-1.00000	0.00021	-1.00000	-1.00000	-0.00000	-1.00000	-1.00000	0.00005	-1.00000	-1.00000
7498	Bishop	Willow_Pond	un	3245592	0.00251	-1.00000	-1.00000	0.00009	-1.00000	-1.00000	-0.00000	-1.00000	-1.00000	0.00004	-1.00000	-1.00000
7500	Bishop	Willow_Pond	un	3246467	0.04067	-1.00000	-1.00000	0.00302	-1.00000	-1.00000	0.00284	-1.00000	-1.00000	0.00009	-1.00000	-1.00000
7535	Bishop	Willow_Pond	un	3257887	0.00000	-1.00000	-1.00000	0.00000	-1.00000	-1.00000	-0.00000	-1.00000	-1.00000	0.00005	-1.00000	-1.00000
7545	Bishop	Willow_Pond	un	3263502	0.03114	-1.00000	-1.00000	0.00229	-1.00000	-1.00000	0.00246	-1.00000	-1.00000	0.00013	-1.00000	-1.00000
7550	Bishop	Willow_Pond	un	3265641	0.11672	-1.00000	-1.00000	0.01853	-1.00000	-1.00000	0.03064	-1.00000	-1.00000	0.00026	-1.00000	-1.00000
7555	Bishop	Willow_Pond	un	3268926	0.36646	-1.00000	-1.00000	0.29635	-1.00000	-1.00000	0.25603	-1.00000	-1.00000	0.00092	-1.00000	-1.00000
7565	Bishop	Willow_Pond	un	3272990	0.61873	-1.00000	-1.00000	0.60559	-1.00000	-1.00000	0.59842	-1.00000	-1.00000	0.00087	-1.00000	-1.00000
7570	Bishop	Willow_Pond	un	3276290	0.00951	-1.00000	-1.00000	0.00037	-1.00000	-1.00000	0.05121	-1.00000	-1.00000	0.00027	-1.00000	-1.00000
7572	Bishop	Willow_Pond	un	3277152	0.00656	-1.00000	-1.00000	0.00026	-1.00000	-1.00000	0.05121	-1.00000	-1.00000	0.00030	-1.00000	-1.00000
7573	Bishop	Willow_Pond	un	3277940	0.04420	-1.00000	-1.00000	0.00354	-1.00000	-1.00000	0.00705	-1.00000	-1.00000	0.00032	-1.00000	-1.00000
7586	Bishop	Willow_Pond	un	3285226	0.03448	-1.00000	-1.00000	0.00246	-1.00000	-1.00000	0.00246	-1.00000	-1.00000	0.00008	-1.00000	-1.00000
7588	Bishop	Willow_Pond	un	3286922	0.04348	-1.00000	-1.00000	0.00394	-1.00000	-1.00000	-0.01208	-1.00000	-1.00000	0.00056	-1.00000	-1.00000
7611	Bishop	Willow_Pond	un	3297132	-0.00235	-1.00000	-1.00000	-0.00008	-1.00000	-1.00000	-0.00000	-1.00000	-1.00000	0.00004	-1.00000	-1.00000
7614	Bishop	Willow_Pond	un	3298769	0.00251	-1.00000	-1.00000	0.00009	-1.00000	-1.00000	-0.00000	-1.00000	-1.00000	0.00005	-1.00000	-1.00000
7619	Bishop	Willow_Pond	un	3300388	-0.00565	-1.00000	-1.00000	-0.00022	-1.00000	-1.00000	0.00778	-1.00000	-1.00000	0.00033	-1.00000	-1.00000
7620	Bishop	Willow_Pond	un	3301202	-0.03181	-1.00000	-1.00000	-0.00390	-1.00000	-1.00000	-0.00745	-1.00000	-1.00000	0.00031	-1.00000	-1.00000
7641	Bishop	Willow_Pond	un	3307462	0.09316	-1.00000	-1.00000	0.08555	-1.00000	-1.00000	0.08145	-1.00000	-1.00000	0.00061	-1.00000	-1.00000
7654	Bishop	Willow_Pond	un	3316171	0.26298	-1.00000	-1.00000	0.14862	-1.00000	-1.00000	0.11481	-1.00000	-1.00000	0.00066	-1.00000	-1.00000
7661	Bishop	Willow_Pond	un	3319454	0.05304	-1.00000	-1.00000	0.00446	-1.00000	-1.00000	0.03024	-1.00000	-1.00000	0.00039	-1.00000	-1.00000
7663	Bishop	Willow_Pond	un	3321025	-0.02595	-1.00000	-1.00000	-0.00320	-1.00000	-1.00000	-0.00937	-1.00000	-1.00000	0.00049	-1.00000	-1.00000
7667	Bishop	Willow_Pond	un	3322423	0.00251	-1.00000	-1.00000	0.00009	-1.00000	-1.00000	-0.00000	-1.00000	-1.00000	0.00004	-1.00000	-1.00000
7671	Bishop	Willow_Pond	un	3324139	0.00340	-1.00000	-1.00000	0.00014	-1.00000	-1.00000	-0.00378	-1.00000	-1.00000	0.00041	-1.00000	-1.00000
7687	Bishop	Willow_Pond	un	3331254	-0.00235	-1.00000	-1.00000	-0.00008	-1.00000	-1.00000	-0.00000	-1.00000	-1.00000	0.00005	-1.00000	-1.00000
7689	Bishop	Willow_Pond	un	3331985	-0.03684	-1.00000	-1.00000	-0.00273	-1.00000	-1.00000	0.01433	-1.00000	-1.00000	0.00021	-1.00000	-1.00000
7690	Bishop	Willow_Pond	un	3332888	-0.00000	-1.00000	-1.00000	-0.00000	-1.00000	-1.00000	-0.01068	-1.00000	-1.00000	0.00032	-1.00000	-1.00000
7699	Bishop	Willow_Pond	un	3336119	-0.00000	-1.00000	-1.00000	-0.00000	-1.00000	-1.00000	-0.00000	-1.00000	-1.00000	0.00004	-1.00000	-1.00000
7705	Bishop	Willow_Pond	un	3340057	-0.00804	-1.00000	-1.00000	-0.00125	-1.00000	-1.00000	-0.00261	-1.00000	-1.00000	0.00024	-1.00000	-1.00000
7708	Bishop	Willow_Pond	un	3342432	-0.00767	-1.00000	-1.00000	-0.00029	-1.00000	-1.00000	-0.00000	-1.00000	-1.00000	0.00004	-1.00000	-1.00000
7713	Bishop	Willow_Pond	un	3344791	0.04820	-1.00000	-1.00000	0.00374	-1.00000	-1.00000	0.00332	-1.00000	-1.00000	0.00009	-1.00000	-1.00000
7726	Bishop	Willow_Pond	un	3350371	0.45090	-1.00000	-1.00000	0.45982	-1.00000	-1.00000	0.45124	-1.00000	-1.00000	0.00079	-1.00000	-1.00000
7735	Bishop	Willow_Pond	un	3353684	-0.03806	-1.00000	-1.00000	-0.02974	-1.00000	-1.00000	-0.03274	-1.00000	-1.00000	0.00072	-1.00000	-1.00000
7736	Bishop	Willow_Pond	un	3354418	0.00290	-1.00000	-1.00000	0.00011	-1.00000	-1.00000	0.00088	-1.00000	-1.00000	0.00027	-1.00000	-1.00000
7740	Bishop	Willow_Pond	un	3356102	0.67071	-1.00000	-1.00000	0.67966	-1.00000	-1.00000	0.64289	-1.00000	-1.00000	0.00100	-1.00000	-1.00000
7744	Bishop	Willow_Pond	un	3358710	-0.00000	-1.00000	-1.00000	-0.00000	-1.00000	-1.00000	-0.00000	-1.00000	-1.00000	0.00004	-1.00000	-1.00000
7745	Bishop	Willow_Pond	un	3359501	0.54037	-1.00000	-1.00000	0.37872	-1.00000	-1.00000	0.41806	-1.00000	-1.00000	0.00067	-1.00000	-1.00000
7757	Bishop	Willow_Pond	un	3363525	0.10345	-1.00000	-1.00000	0.01567	-1.00000	-1.00000	0.01567	-1.00000	-1.00000	0.00016	-1.00000	-1.00000
7758	Bishop	Willow_Pond	un	3364365	0.04067	-1.00000	-1.00000	0.00302	-1.00000	-1.00000	0.00284	-1.00000	-1.00000	0.00009	-1.00000	-1.00000
7761	Bishop	Willow_Pond	un	3365948	0.04067	-1.00000	-1.00000	0.00302	-1.00000	-1.00000	0.00284	-1.00000	-1.00000	0.00009	-1.00000	-1.00000
7762	Bishop	Willow_Pond	un	3366727	-0.00000	-1.00000	-1.00000	-0.00000	-1.00000	-1.00000	-0.00000	-1.00000	-1.00000	0.00004	-1.00000	-1.00000
7764	Bishop	Willow_Pond	un	3368428	-0.01877	-1.00000	-1.00000	-0.00233	-1.00000	-1.00000	0.00051	-1.00000	-1.00000	0.00032	-1.00000	-1.00000
7770	Bishop	Willow_Pond	un	3373233	0.00000	-1.00000	-1.00000	0.00000	-1.00000	-1.00000	-0.00502	-1.00000	-1.00000	0.00019	-1.00000	-1.00000
7774	Bishop	Willow_Pond	un	3374068	-0.02407	-1.00000	-1.00000	-0.00274	-1.00000	-1.00000	-0.00795	-1.00000	-1.00000	0.00025	-1.00000	-1.00000
7778	Bishop	Willow_Pond	un	3375682	0.06897	-1.00000	-1.00000	0.00760	-1.00000	-1.00000	0.00760	-1.00000	-1.00000	0.00012	-1.00000	-1.00000
7779	Bishop	Willow_Pond	un	3376506	-0.00315	-1.00000	-1.00000	-0.00013	-1.00000	-1.00000	-0.01039	-1.00000	-1.00000	0.00037	-1.00000	-1.00000
7792	Bishop	Willow_Pond	un	3382064	-0.02894	-1.00000	-1.00000	-0.00568	-1.00000	-1.00000	-0.00040	-1.00000	-1.00000	0.00030	-1.00000	-1.00000
7794	Bishop	Willow_Pond	un	3382801	0.02951	-1.00000	-1.00000	0.02039	-1.00000	-1.00000	0.01301	-1.00000	-1.00000	0.00064	-1.00000	-1.00000
7817	Bishop	Willow_Pond	un	3392235	-0.00767	-1.00000	-1.00000	-0.00029	-1.00000	-1.00000	0.00057	-1.00000	-1.00000	0.00013	-1.00000	-1.00000
7821	Bishop	Willow_Pond	un	3394544	0.07875	-1.00000	-1.00000	0.00908	-1.00000	-1.00000	0.01894	-1.00000	-1.00000	0.00019	-1.00000	-1.00000
7822	Bishop	Willow_Pond	un	3395433	0.00000	-1.00000	-1.00000	0.00000	-1.00000	-1.00000	0.00508	-1.00000	-1.00000	0.00012	-1.00000	-1.00000
7823	Bishop	Willow_Pond	un	3396253	0.84527	-1.00000	-1.00000	0.82214	-1.00000	-1.00000	0.81350	-1.00000	-1.00000	0.00127	-1.00000	-1.00000
7824	Bishop	Willow_Pond	un	3396936	0.07407	-1.00000	-1.00000	0.00881	-1.00000	-1.00000	0.00881	-1.00000	-1.00000	0.00014	-1.00000	-1.00000
7828	Bishop	Willow_Pond	un	3400131	0.00561	-1.00000	-1.00000	0.00021	-1.00000	-1.00000	0.00589	-1.00000	-1.00000	0.00014	-1.00000	-1.00000
7831	Bishop	Willow_Pond	un	3402400	0.34406	-1.00000	-1.00000	0.20550	-1.00000	-1.00000	0.22406	-1.00000	-1.00000	0.00057	-1.00000	-1.00000
7839	Bishop	Willow_Pond	un	3406306	-0.02279	-1.00000	-1.00000	-0.01644	-1.00000	-1.00000	-0.01237	-1.00000	-1.00000	0.00069	-1.00000	-1.00000
7844	Bishop	Willow_Pond	un	3408562	0.07875	-1.00000	-1.00000	0.00908	-1.00000	-1.00000	0.00881	-1.00000	-1.00000	0.00013	-1.00000	-1.00000
7845	Bishop	Willow_Pond	un	3409381	0.08538	-1.00000	-1.00000	0.01066	-1.00000	-1.00000	0.02205	-1.00000	-1.00000	0.00023	-1.00000	-1.00000
7848	Bishop	Willow_Pond	un	3410911	0.48070	-1.00000	-1.00000	0.47585	-1.00000	-1.00000	0.48608	-1.00000	-1.00000	0.00092	-1.00000	-1.00000
7852	Bishop	Willow_Pond	un	3411696	-0.03973	-1.00000	-1.00000	-0.01618	-1.00000	-1.00000	-0.01806	-1.00000	-1.00000	0.00064	-1.00000	-1.00000
7861	Bishop	Willow_Pond	un	3414980	0.09834	-1.00000	-1.00000	0.01534	-1.00000	-1.00000	0.01567	-1.00000	-1.00000	0.00016	-1.00000	-1.00000
7867	Bishop	Willow_Pond	un	3415828	0.43592	-1.00000	-1.00000	0.35968	-1.00000	-1.00000	0.39521	-1.00000	-1.00000	0.00072	-1.00000	-1.00000
7871	Bishop	Willow_Pond	un	3417475	0.60212	-1.00000	-1.00000	0.61022	-1.00000	-1.00000	0.61022	-1.00000	-1.00000	0.00087	-1.00000	-1.00000
7874	Bishop	Willow_Pond	un	3420038	0.04820	-1.00000	-1.00000	0.00374	-1.00000	-1.00000	0.03064	-1.00000	-1.00000	0.00028	-1.00000	-1.00000
7879	Bishop	Willow_Pond	un	3421571	0.04923	-1.00000	-1.00000	0.01134	-1.00000	-1.00000	0.08226	-1.00000	-1.00000	0.00046	-1.00000	-1.00000
7883	Bishop	Willow_Pond	un	3422334	0.09834	-1.00000	-1.00000	0.01534	-1.00000	-1.00000	0.01567	-1.00000	-1.00000	0.00016	-1.00000	-1.00000
7887	Bishop	Willow_Pond	un	3424770	-0.00000	-1.00000	-1.00000	-0.00000	-1.00000	-1.00000	-0.01068	-1.00000	-1.00000	0.00031	-1.00000	-1.00000
7888	Bishop	Willow_Pond	un	3425620	0.51724	-1.00000	-1.00000	0.37152	-1.00000	-1.00000	0.37152	-1.00000	-1.00000	0.00064	-1.00000	-1.00000
7896	Bishop	Willow_Pond	un	3429092	-0.00000	-1.00000	-1.00000	-0.00000	-1.00000	-1.00000	-0.00000	-1.00000	-1.00000	0.00004	-1.00000	-1.00000
7898	Bishop	Willow_Pond	un	3429901	0.03704	-1.00000	-1.00000	0.00284	-1.00000	-1.00000	0.00284	-1.00000	-1.00000	0.00008	-1.00000	-1.00000
7904	Bishop	Willow_Pond	un	3433826	0.03367	-1.00000	-1.00000	0.00677	-1.00000	-1.00000	0.00677	-1.00000	-1.00000	0.00023	-1.00000	-1.00000
7909	Bishop	Willow_Pond	un	3436955	-0.00235	-1.00000	-1.00000	-0.00008	-1.00000	-1.00000	-0.00000	-1.00000	-1.00000	0.00004	-1.00000	-1.00000
7914	Bishop	Willow_Pond	un	3439438	0.53527	-1.00000	-1.00000	0.42434	-1.00000	-1.00000	0.39331	-1.00000	-1.00000	0.00095	-1.00000	-1.00000
7920	Bishop	Willow_Pond	un	3442590	-0.04160	-1.00000	-1.00000	-0.00347	-1.00000	-1.00000	0.00877	-1.00000	-1.00000	0.00033	-1.00000	-1.00000
7930	Bishop	Willow_Pond	un	3447573	-0.03558	-1.00000	-1.00000	-0.00527	-1.00000	-1.00000	-0.00227	-1.00000	-1.00000	0.00022	-1.00000	-1.00000
7946	Bishop	Willow_Pond	un	3456209	0.03114	-1.00000	-1.00000	0.00229	-1.00000	-1.00000	0.00018	-1.00000	-1.00000	0.00017	-1.00000	-1.00000
7952	Bishop	Willow_Pond	un	3457778	-0.03704	-1.00000	-1.00000	-0.00275	-1.00000	-1.00000	-0.00019	-1.00000	-1.00000	0.00017	-1.00000	-1.00000
7961	Bishop	Willow_Pond	un	3461844	-0.03841	-1.00000	-1.00000	-0.00296	-1.00000	-1.00000	-0.00486	-1.00000	-1.00000	0.00027	-1.00000	-1.00000
7972	Bishop	Willow_Pond	un	3466234	-0.00000	-1.00000	-1.00000	-0.00000	-1.00000	-1.00000	-0.00000	-1.00000	-1.00000	0.00004	-1.00000	-1.00000
7975	Bishop	Willow_Pond	un	3467081	-0.00000	-1.00000	-1.00000	-0.00000	-1.00000	-1.00000	-0.00000	-1.00000	-1.00000	0.00004	-1.00000	-1.00000
7992	Bishop	Willow_Pond	un	3472318	0.06897	-1.00000	-1.00000	0.00760	-1.00000	-1.00000	0.00760	-1.00000	-1.00000	0.00014	-1.00000	-1.00000
7993	Bishop	Willow_Pond	un	3473052	0.10345	-1.00000	-1.00000	0.01567	-1.00000	-1.00000	0.01567	-1.00000	-1.00000	0.00016	-1.00000	-1.00000
7996	Bishop	Willow_Pond	un	3475403	0.30435	-1.00000	-1.00000	0.13208	-1.00000	-1.00000	0.13323	-1.00000	-1.00000	0.00056	-1.00000	-1.00000
8002	Bishop	Willow_Pond	un	3478657	0.06897	-1.00000	-1.00000	0.00760	-1.00000	-1.00000	0.00760	-1.00000	-1.00000	0.00012	-1.00000	-1.00000
8007	Bishop	Willow_Pond	un	3480299	0.06407	-1.00000	-1.00000	0.00815	-1.00000	-1.00000	0.00157	-1.00000	-1.00000	0.00035	-1.00000	-1.00000
8029	Bishop	Willow_Pond	un	3489727	0.03320	-1.00000	-1.00000	0.00263	-1.00000	-1.00000	-0.00486	-1.00000	-1.00000	0.00028	-1.00000	-1.00000
8043	Bishop	Willow_Pond	un	3494439	0.03114	-1.00000	-1.00000	0.00229	-1.00000	-1.00000	0.00246	-1.00000	-1.00000	0.00007	-1.00000	-1.00000
8050	Bishop	Willow_Pond	un	3497056	0.17448	-1.00000	-1.00000	0.03767	-1.00000	-1.00000	0.05342	-1.00000	-1.00000	0.00029	-1.00000	-1.00000
8055	Bishop	Willow_Pond	un	3500407	0.04420	-1.00000	-1.00000	0.00354	-1.00000	-1.00000	0.03064	-1.00000	-1.00000	0.00024	-1.00000	-1.00000
8070	Bishop	Willow_Pond	un	3507747	0.03114	-1.00000	-1.00000	0.00229	-1.00000	-1.00000	0.00018	-1.00000	-1.00000	0.00015	-1.00000	-1.00000
8086	Bishop	Willow_Pond	un	3515849	0.06897	-1.00000	-1.00000	0.00760	-1.00000	-1.00000	0.00760	-1.00000	-1.00000	0.00013	-1.00000	-1.00000
8088	Bishop	Willow_Pond	un	3517397	0.00340	-1.00000	-1.00000	0.00014	-1.00000	-1.00000	0.01768	-1.00000	-1.00000	0.00034	-1.00000	-1.00000
8094	Bishop	Willow_Pond	un	3522196	-0.00000	-1.00000	-1.00000	-0.00000	-1.00000	-1.00000	-0.00607	-1.00000	-1.00000	0.00024	-1.00000	-1.00000
8106	Bishop	Willow_Pond	un	3528776	0.00000	-1.00000	-1.00000	0.00000	-1.00000	-1.00000	-0.00683	-1.00000	-1.00000	0.00039	-1.00000	-1.00000
8120	Bishop	Willow_Pond	un	3535219	-0.00235	-1.00000	-1.00000	-0.00008	-1.00000	-1.00000	-0.00000	-1.00000	-1.00000	0.00005	-1.00000	-1.00000
8126	Bishop	Willow_Pond	un	3539198	0.00351	-1.00000	-1.00000	0.00330	-1.00000	-1.00000	0.00467	-1.00000	-1.00000	0.00069	-1.00000	-1.00000
8128	Bishop	Willow_Pond	un	3540036	0.03320	-1.00000	-1.00000	0.00263	-1.00000	-1.00000	-0.00486	-1.00000	-1.00000	0.00030	-1.00000	-1.00000
8133	Bishop	Willow_Pond	un	3541699	-0.03816	-1.00000	-1.00000	-0.00949	-1.00000	-1.00000	-0.01542	-1.00000	-1.00000	0.00038	-1.00000	-1.00000
8138	Bishop	Willow_Pond	un	3543325	0.03320	-1.00000	-1.00000	0.00263	-1.00000	-1.00000	-0.00486	-1.00000	-1.00000	0.00030	-1.00000	-1.00000
8151	Bishop	Willow_Pond	un	3547286	-0.03131	-1.00000	-1.00000	-0.01341	-1.00000	-1.00000	-0.01731	-1.00000	-1.00000	0.00069	-1.00000	-1.00000
8153	Bishop	Willow_Pond	un	3547992	0.16000	-1.00000	-1.00000	0.03670	-1.00000	-1.00000	0.02466	-1.00000	-1.00000	0.00046	-1.00000	-1.00000
8156	Bishop	Willow_Pond	un	3548804	0.03448	-1.00000	-1.00000	0.00246	-1.00000	-1.00000	0.00246	-1.00000	-1.00000	0.00008	-1.00000	-1.00000
8170	Bishop	Willow_Pond	un	3552030	0.10345	-1.00000	-1.00000	0.01567	-1.00000	-1.00000	0.01567	-1.00000	-1.00000	0.00017	-1.00000	-1.00000
8194	Bishop	Willow_Pond	un	3560464	-0.00000	-1.00000	-1.00000	-0.00000	-1.00000	-1.00000	-0.00000	-1.00000	-1.00000	0.00004	-1.00000	-1.00000
8204	Bishop	Willow_Pond	un	3563552	0.04420	-1.00000	-1.00000	0.00354	-1.00000	-1.00000	0.01220	-1.00000	-1.00000	0.00020	-1.00000	-1.00000
8228	Bishop	Willow_Pond	un	3573059	0.76476	-1.00000	-1.00000	0.75186	-1.00000	-1.00000	0.75003	-1.00000	-1.00000	0.00105	-1.00000	-1.00000
8235	Bishop	Willow_Pond	un	3576316	-0.01698	-1.00000	-1.00000	-0.01447	-1.00000	-1.00000	-0.00385	-1.00000	-1.00000	0.00073	-1.00000	-1.00000
8238	Bishop	Willow_Pond	un	3577112	0.03137	-1.00000	-1.00000	0.01318	-1.00000	-1.00000	0.02229	-1.00000	-1.00000	0.00051	-1.00000	-1.00000
8242	Bishop	Willow_Pond	un	3578791	-0.00925	-1.00000	-1.00000	-0.00207	-1.00000	-1.00000	-0.00207	-1.00000	-1.00000	0.00023	-1.00000	-1.00000
8244	Bishop	Willow_Pond	un	3579574	0.04838	-1.00000	-1.00000	0.00422	-1.00000	-1.00000	-0.00632	-1.00000	-1.00000	0.00035	-1.00000	-1.00000
8246	Bishop	Willow_Pond	un	3580316	-0.00397	-1.00000	-1.00000	-0.00070	-1.00000	-1.00000	-0.01409	-1.00000	-1.00000	0.00046	-1.00000	-1.00000
8249	Bishop	Willow_Pond	un	3582657	0.00656	-1.00000	-1.00000	0.00026	-1.00000	-1.00000	0.01989	-1.00000	-1.00000	0.00036	-1.00000	-1.00000
8251	Bishop	Willow_Pond	un	3583415	0.06470	-1.00000	-1.00000	0.00736	-1.00000	-1.00000	0.00760	-1.00000	-1.00000	0.00014	-1.00000	-1.00000
8255	Bishop	Willow_Pond	un	3584910	0.04067	-1.00000	-1.00000	0.00302	-1.00000	-1.00000	0.01050	-1.00000	-1.00000	0.00017	-1.00000	-1.00000
8258	Bishop	Willow_Pond	un	3586447	0.02662	-1.00000	-1.00000	0.00806	-1.00000	-1.00000	0.01410	-1.00000	-1.00000	0.00047	-1.00000	-1.00000
8265	Bishop	Willow_Pond	un	3590510	0.00251	-1.00000	-1.00000	0.00009	-1.00000	-1.00000	0.00508	-1.00000	-1.00000	0.00012	-1.00000	-1.00000
8268	Bishop	Willow_Pond	un	3592128	-0.03841	-1.00000	-1.00000	-0.00296	-1.00000	-1.00000	-0.00486	-1.00000	-1.00000	0.00033	-1.00000	-1.00000
8272	Bishop	Willow_Pond	un	3594336	0.10528	-1.00000	-1.00000	0.01778	-1.00000	-1.00000	0.01818	-1.00000	-1.00000	0.00019	-1.00000	-1.00000
8280	Bishop	Willow_Pond	un	3597628	-0.00000	-1.00000	-1.00000	-0.00000	-1.00000	-1.00000	-0.01068	-1.00000	-1.00000	0.00033	-1.00000	-1.00000
8281	Bishop	Willow_Pond	un	3598426	-0.03567	-1.00000	-1.00000	-0.00255	-1.00000	-1.00000	0.00018	-1.00000	-1.00000	0.00016	-1.00000	-1.00000
8286	Bishop	Willow_Pond	un	3599241	-0.03567	-1.00000	-1.00000	-0.00255	-1.00000	-1.00000	-0.00256	-1.00000	-1.00000	0.00009	-1.00000	-1.00000
8289	Bishop	Willow_Pond	un	3600896	0.07407	-1.00000	-1.00000	0.00881	-1.00000	-1.00000	0.01894	-1.00000	-1.00000	0.00022	-1.00000	-1.00000
8300	Bishop	Willow_Pond	un	3606162	0.06897	-1.00000	-1.00000	0.00760	-1.00000	-1.00000	0.00760	-1.00000	-1.00000	0.00013	-1.00000	-1.00000
8312	Bishop	Willow_Pond	un	3611500	0.02912	-1.00000	-1.00000	0.00239	-1.00000	-1.00000	0.02983	-1.00000	-1.00000	0.00031	-1.00000	-1.00000
8317	Bishop	Willow_Pond	un	3613248	0.03448	-1.00000	-1.00000	0.00246	-1.00000	-1.00000	0.00246	-1.00000	-1.00000	0.00008	-1.00000	-1.00000
8318	Bishop	Willow_Pond	un	3614057	0.53379	-1.00000	-1.00000	0.53881	-1.00000	-1.00000	0.53008	-1.00000	-1.00000	0.00093	-1.00000	-1.00000
8336	Bishop	Willow_Pond	un	3622863	0.12000	-1.00000	-1.00000	0.02135	-1.00000	-1.00000	0.02135	-1.00000	-1.00000	0.00018	-1.00000	-1.00000
8337	Bishop	Willow_Pond	un	3623722	-0.03802	-1.00000	-1.00000	-0.01301	-1.00000	-1.00000	-0.00879	-1.00000	-1.00000	0.00037	-1.00000	-1.00000
8346	Bishop	Willow_Pond	un	3628655	0.01235	-1.00000	-1.00000	0.01012	-1.00000	-1.00000	0.04776	-1.00000	-1.00000	0.00074	-1.00000	-1.00000
8351	Bishop	Willow_Pond	un	3630191	-0.00000	-1.00000	-1.00000	-0.00000	-1.00000	-1.00000	-0.00000	-1.00000	-1.00000	0.00004	-1.00000	-1.00000
8360	Bishop	Willow_Pond	un	3635013	0.00000	-1.00000	-1.00000	0.00000	-1.00000	-1.00000	-0.00502	-1.00000	-1.00000	0.00019	-1.00000	-1.00000
8362	Bishop	Willow_Pond	un	3636672	0.03114	-1.00000	-1.00000	0.00229	-1.00000	-1.00000	0.00246	-1.00000	-1.00000	0.00009	-1.00000	-1.00000
8371	Bishop	Willow_Pond	un	3641222	-0.00300	-1.00000	-1.00000	-0.00203	-1.00000	-1.00000	-0.00416	-1.00000	-1.00000	0.00065	-1.00000	-1.00000
8372	Bishop	Willow_Pond	un	3642060	0.01299	-1.00000	-1.00000	0.01115	-1.00000	-1.00000	-0.00385	-1.00000	-1.00000	0.00069	-1.00000	-1.00000
8379	Bishop	Willow_Pond	un	3645316	0.04820	-1.00000	-1.00000	0.00374	-1.00000	-1.00000	0.01220	-1.00000	-1.00000	0.00018	-1.00000	-1.00000
8390	Bishop	Willow_Pond	un	3650166	-0.00781	-1.00000	-1.00000	-0.00789	-1.00000	-1.00000	0.00767	-1.00000	-1.00000	0.00079	-1.00000	-1.00000
8394	Bishop	Willow_Pond	un	3650947	0.21608	-1.00000	-1.00000	0.05772	-1.00000	-1.00000	0.10217	-1.00000	-1.00000	0.00040	-1.00000	-1.00000
8397	Bishop	Willow_Pond	un	3651791	-0.00712	-1.00000	-1.00000	-0.00473	-1.00000	-1.00000	-0.01128	-1.00000	-1.00000	0.00059	-1.00000	-1.00000
8401	Bishop	Willow_Pond	un	3654155	0.06897	-1.00000	-1.00000	0.00760	-1.00000	-1.00000	0.00760	-1.00000	-1.00000	0.00012	-1.00000	-1.00000
8416	Bishop	Willow_Pond	un	3663002	0.03114	-1.00000	-1.00000	0.00229	-1.00000	-1.00000	0.00018	-1.00000	-1.00000	0.00016	-1.00000	-1.00000
8422	Bishop	Willow_Pond	un	3666978	-0.00000	-1.00000	-1.00000	-0.00000	-1.00000	-1.00000	-0.00000	-1.00000	-1.00000	0.00004	-1.00000	-1.00000
8426	Bishop	Willow_Pond	un	3668541	0.40273	-1.00000	-1.00000	0.33806	-1.00000	-1.00000	0.40277	-1.00000	-1.00000	0.00076	-1.00000	-1.00000
8427	Bishop	Willow_Pond	un	3669401	0.19057	-1.00000	-1.00000	0.04497	-1.00000	-1.00000	0.08545	-1.00000	-1.00000	0.00052	-1.00000	-1.00000
8428	Bishop	Willow_Pond	un	3670158	0.00000	-1.00000	-1.00000	0.00000	-1.00000	-1.00000	-0.00683	-1.00000	-1.00000	0.00041	-1.00000	-1.00000
8429	Bishop	Willow_Pond	un	3670917	0.03114	-1.00000	-1.00000	0.00229	-1.00000	-1.00000	0.00246	-1.00000	-1.00000	0.00008	-1.00000	-1.00000
8435	Bishop	Willow_Pond	un	3674060	0.09054	-1.00000	-1.00000	0.01094	-1.00000	-1.00000	0.02205	-1.00000	-1.00000	0.00022	-1.00000	-1.00000
8436	Bishop	Willow_Pond	un	3674863	0.03448	-1.00000	-1.00000	0.00246	-1.00000	-1.00000	0.00246	-1.00000	-1.00000	0.00009	-1.00000	-1.00000
8439	Bishop	Willow_Pond	un	3677155	0.03448	-1.00000	-1.00000	0.00246	-1.00000	-1.00000	0.00246	-1.00000	-1.00000	0.00008	-1.00000	-1.00000
8442	Bishop	Willow_Pond	un	3678008	0.29856	-1.00000	-1.00000	0.11199	-1.00000	-1.00000	0.16077	-1.00000	-1.00000	0.00055	-1.00000	-1.00000
8460	Bishop	Willow_Pond	un	3687333	0.34204	-1.00000	-1.00000	0.32070	-1.00000	-1.00000	0.29952	-1.00000	-1.00000	0.00086	-1.00000	-1.00000
8475	Bishop	Willow_Pond	un	3694421	-0.02330	-1.00000	-1.00000	-0.00301	-1.00000	-1.00000	-0.00687	-1.00000	-1.00000	0.00050	-1.00000	-1.00000
8484	Bishop	Willow_Pond	un	3695918	0.00290	-1.00000	-1.00000	0.00011	-1.00000	-1.00000	-0.00030	-1.00000	-1.00000	0.00014	-1.00000	-1.00000
8486	Bishop	Willow_Pond	un	3697461	0.04067	-1.00000	-1.00000	0.00302	-1.00000	-1.00000	0.01050	-1.00000	-1.00000	0.00017	-1.00000	-1.00000
8494	Bishop	Willow_Pond	un	3701548	-0.00270	-1.00000	-1.00000	-0.00010	-1.00000	-1.00000	-0.00488	-1.00000	-1.00000	0.00025	-1.00000	-1.00000
8496	Bishop	Willow_Pond	un	3702402	-0.02770	-1.00000	-1.00000	-0.01001	-1.00000	-1.00000	-0.00403	-1.00000	-1.00000	0.00036	-1.00000	-1.00000
8500	Bishop	Willow_Pond	un	3703993	0.00000	-1.00000	-1.00000	0.00000	-1.00000	-1.00000	-0.00502	-1.00000	-1.00000	0.00021	-1.00000	-1.00000
8514	Bishop	Willow_Pond	un	3709614	0.16737	-1.00000	-1.00000	0.03722	-1.00000	-1.00000	0.04771	-1.00000	-1.00000	0.00052	-1.00000	-1.00000
8516	Bishop	Willow_Pond	un	3710263	0.14433	-1.00000	-1.00000	0.13538	-1.00000	-1.00000	0.13870	-1.00000	-1.00000	0.00070	-1.00000	-1.00000
8518	Bishop	Willow_Pond	un	3711100	-0.01132	-1.00000	-1.00000	-0.01177	-1.00000	-1.00000	-0.02585	-1.00000	-1.00000	0.00081	-1.00000	-1.00000
8520	Bishop	Willow_Pond	un	3711881	-0.00315	-1.00000	-1.00000	-0.00013	-1.00000	-1.00000	-0.01039	-1.00000	-1.00000	0.00043	-1.00000	-1.00000
8524	Bishop	Willow_Pond	un	3714122	-0.04000	-1.00000	-1.00000	-0.00321	-1.00000	-1.00000	-0.00652	-1.00000	-1.00000	0.00026	-1.00000	-1.00000
8525	Bishop	Willow_Pond	un	3715051	0.14147	-1.00000	-1.00000	0.03071	-1.00000	-1.00000	0.02450	-1.00000	-1.00000	0.00044	-1.00000	-1.00000
8536	Bishop	Willow_Pond	un	3720776	0.26341	-1.00000	-1.00000	0.24191	-1.00000	-1.00000	0.24465	-1.00000	-1.00000	0.00073	-1.00000	-1.00000
8541	Bishop	Willow_Pond	un	3724147	0.11672	-1.00000	-1.00000	0.01853	-1.00000	-1.00000	0.03064	-1.00000	-1.00000	0.00024	-1.00000	-1.00000
8545	Bishop	Willow_Pond	un	3727555	-0.03795	-1.00000	-1.00000	-0.00293	-1.00000	-1.00000	0.04194	-1.00000	-1.00000	0.00032	-1.00000	-1.00000
8546	Bishop	Willow_Pond	un	3728363	-0.00000	-1.00000	-1.00000	-0.00000	-1.00000	-1.00000	-0.00000	-1.00000	-1.00000	0.00004	-1.00000	-1.00000
8551	Bishop	Willow_Pond	un	3730025	0.00290	-1.00000	-1.00000	0.00011	-1.00000	-1.00000	0.00088	-1.00000	-1.00000	0.00031	-1.00000	-1.00000
8552	Bishop	Willow_Pond	un	3730715	0.81093	-1.00000	-1.00000	0.80157	-1.00000	-1.00000	0.80358	-1.00000	-1.00000	0.00098	-1.00000	-1.00000
8555	Bishop	Willow_Pond	un	3731574	0.29006	-1.00000	-1.00000	0.09910	-1.00000	-1.00000	0.18781	-1.00000	-1.00000	0.00058	-1.00000	-1.00000
8557	Bishop	Willow_Pond	un	3732328	0.00251	-1.00000	-1.00000	0.00009	-1.00000	-1.00000	-0.00000	-1.00000	-1.00000	0.00005	-1.00000	-1.00000
8560	Bishop	Willow_Pond	un	3734784	-0.00315	-1.00000	-1.00000	-0.00013	-1.00000	-1.00000	-0.01186	-1.00000	-1.00000	0.00032	-1.00000	-1.00000
8564	Bishop	Willow_Pond	un	3735607	0.09054	-1.00000	-1.00000	0.01094	-1.00000	-1.00000	0.04304	-1.00000	-1.00000	0.00032	-1.00000	-1.00000
8586	Bishop	Willow_Pond	un	3746090	0.13205	-1.00000	-1.00000	0.02645	-1.00000	-1.00000	0.02685	-1.00000	-1.00000	0.00019	-1.00000	-1.00000
8596	Bishop	Willow_Pond	un	3751946	0.07928	-1.00000	-1.00000	0.08245	-1.00000	-1.00000	0.05192	-1.00000	-1.00000	0.00077	-1.00000	-1.00000
8598	Bishop	Willow_Pond	un	3753572	0.04420	-1.00000	-1.00000	0.00354	-1.00000	-1.00000	0.00705	-1.00000	-1.00000	0.00031	-1.00000	-1.00000
8614	Bishop	Willow_Pond	un	3759009	-0.04348	-1.00000	-1.00000	-0.00379	-1.00000	-1.00000	-0.01366	-1.00000	-1.00000	0.00043	-1.00000	-1.00000
8619	Bishop	Willow_Pond	un	3761361	0.28712	-1.00000	-1.00000	0.12236	-1.00000	-1.00000	0.09969	-1.00000	-1.00000	0.00053	-1.00000	-1.00000
8624	Bishop	Willow_Pond	un	3763838	-0.00270	-1.00000	-1.00000	-0.00010	-1.00000	-1.00000	-0.00558	-1.00000	-1.00000	0.00019	-1.00000	-1.00000
8634	Bishop	Willow_Pond	un	3767903	0.17421	-1.00000	-1.00000	0.16092	-1.00000	-1.00000	0.13296	-1.00000	-1.00000	0.00070	-1.00000	-1.00000
8637	Bishop	Willow_Pond	un	3769615	0.03448	-1.00000	-1.00000	0.00246	-1.00000	-1.00000	0.00246	-1.00000	-1.00000	0.00009	-1.00000	-1.00000
8640	Bishop	Willow_Pond	un	3771149	0.15749	-1.00000	-1.00000	0.10648	-1.00000	-1.00000	0.18976	-1.00000	-1.00000	0.00070	-1.00000	-1.00000
8652	Bishop	Willow_Pond	un	3776611	0.00290	-1.00000	-1.00000	0.00011	-1.00000	-1.00000	0.00589	-1.00000	-1.00000	0.00012	-1.00000	-1.00000
8653	Bishop	Willow_Pond	un	3777474	-0.04348	-1.00000	-1.00000	-0.00379	-1.00000	-1.00000	-0.01366	-1.00000	-1.00000	0.00045	-1.00000	-1.00000
8654	Bishop	Willow_Pond	un	3778232	0.15460	-1.00000	-1.00000	0.03162	-1.00000	-1.00000	0.03120	-1.00000	-1.00000	0.00021	-1.00000	-1.00000
8668	Bishop	Willow_Pond	un	3781579	0.00000	-1.00000	-1.00000	0.00000	-1.00000	-1.00000	-0.00000	-1.00000	-1.00000	0.00005	-1.00000	-1.00000
8675	Bishop	Willow_Pond	un	3785609	-0.02415	-1.00000	-1.00000	-0.01712	-1.00000	-1.00000	-0.00985	-1.00000	-1.00000	0.00051	-1.00000	-1.00000
8678	Bishop	Willow_Pond	un	3787289	0.39130	-1.00000	-1.00000	0.21845	-1.00000	-1.00000	0.17947	-1.00000	-1.00000	0.00074	-1.00000	-1.00000
8686	Bishop	Willow_Pond	un	3790478	-0.00767	-1.00000	-1.00000	-0.00029	-1.00000	-1.00000	0.03472	-1.00000	-1.00000	0.00027	-1.00000	-1.00000
8689	Bishop	Willow_Pond	un	3792894	-0.02913	-1.00000	-1.00000	-0.00330	-1.00000	-1.00000	-0.00232	-1.00000	-1.00000	0.00022	-1.00000	-1.00000
8694	Bishop	Willow_Pond	un	3794449	0.63822	-1.00000	-1.00000	0.56649	-1.00000	-1.00000	0.55866	-1.00000	-1.00000	0.00090	-1.00000	-1.00000
8712	Bishop	Willow_Pond	un	3802287	-0.00270	-1.00000	-1.00000	-0.00010	-1.00000	-1.00000	-0.00488	-1.00000	-1.00000	0.00024	-1.00000	-1.00000
8716	Bishop	Willow_Pond	un	3803869	0.04067	-1.00000	-1.00000	0.00302	-1.00000	-1.00000	0.00284	-1.00000	-1.00000	0.00009	-1.00000	-1.00000
8723	Bishop	Willow_Pond	un	3807021	0.00561	-1.00000	-1.00000	0.00021	-1.00000	-1.00000	-0.00000	-1.00000	-1.00000	0.00004	-1.00000	-1.00000
8724	Bishop	Willow_Pond	un	3807886	0.03114	-1.00000	-1.00000	0.00229	-1.00000	-1.00000	0.00246	-1.00000	-1.00000	0.00008	-1.00000	-1.00000
8725	Bishop	Willow_Pond	un	3808672	0.06024	-1.00000	-1.00000	0.00707	-1.00000	-1.00000	0.00286	-1.00000	-1.00000	0.00021	-1.00000	-1.00000
8730	Bishop	Willow_Pond	un	3811960	0.04067	-1.00000	-1.00000	0.00302	-1.00000	-1.00000	0.01050	-1.00000	-1.00000	0.00017	-1.00000	-1.00000
8732	Bishop	Willow_Pond	un	3812742	0.00290	-1.00000	-1.00000	0.00011	-1.00000	-1.00000	0.00088	-1.00000	-1.00000	0.00025	-1.00000	-1.00000
8735	Bishop	Willow_Pond	un	3814390	0.07928	-1.00000	-1.00000	0.08245	-1.00000	-1.00000	0.10690	-1.00000	-1.00000	0.00072	-1.00000	-1.00000
8742	Bishop	Willow_Pond	un	3816699	-0.00000	-1.00000	-1.00000	-0.00000	-1.00000	-1.00000	-0.00000	-1.00000	-1.00000	0.00004	-1.00000	-1.00000
8757	Bishop	Willow_Pond	un	3826123	0.10448	-1.00000	-1.00000	0.04242	-1.00000	-1.00000	0.04242	-1.00000	-1.00000	0.00036	-1.00000	-1.00000
8759	Bishop	Willow_Pond	un	3827742	0.08000	-1.00000	-1.00000	0.01033	-1.00000	-1.00000	0.01493	-1.00000	-1.00000	0.00038	-1.00000	-1.00000
8760	Bishop	Willow_Pond	un	3828478	-0.00235	-1.00000	-1.00000	-0.00008	-1.00000	-1.00000	-0.00000	-1.00000	-1.00000	0.00004	-1.00000	-1.00000
8765	Bishop	Willow_Pond	un	3832429	-0.04000	-1.00000	-1.00000	-0.00321	-1.00000	-1.00000	-0.00652	-1.00000	-1.00000	0.00029	-1.00000	-1.00000
8780	Bishop	Willow_Pond	un	3839049	0.16584	-1.00000	-1.00000	0.04086	-1.00000	-1.00000	0.03045	-1.00000	-1.00000	0.00030	-1.00000	-1.00000
8788	Bishop	Willow_Pond	un	3841499	-0.00000	-1.00000	-1.00000	-0.00000	-1.00000	-1.00000	-0.00000	-1.00000	-1.00000	0.00004	-1.00000	-1.00000
8791	Bishop	Willow_Pond	un	3842929	-0.03704	-1.00000	-1.00000	-0.00275	-1.00000	-1.00000	-0.00786	-1.00000	-1.00000	0.00022	-1.00000	-1.00000
8800	Bishop	Willow_Pond	un	3847969	0.03448	-1.00000	-1.00000	0.00246	-1.00000	-1.00000	0.00246	-1.00000	-1.00000	0.00008	-1.00000	-1.00000
8802	Bishop	Willow_Pond	un	3848831	0.09054	-1.00000	-1.00000	0.01094	-1.00000	-1.00000	0.04304	-1.00000	-1.00000	0.00028	-1.00000	-1.00000
8803	Bishop	Willow_Pond	un	3849672	0.00951	-1.00000	-1.00000	0.00037	-1.00000	-1.00000	0.05121	-1.00000	-1.00000	0.00030	-1.00000	-1.00000
8809	Bishop	Willow_Pond	un	3851847	0.07407	-1.00000	-1.00000	0.00881	-1.00000	-1.00000	0.00881	-1.00000	-1.00000	0.00014	-1.00000	-1.00000
8813	Bishop	Willow_Pond	un	3852608	0.03448	-1.00000	-1.00000	0.00246	-1.00000	-1.00000	0.00246	-1.00000	-1.00000	0.00008	-1.00000	-1.00000
8818	Bishop	Willow_Pond	un	3854210	0.22581	-1.00000	-1.00000	0.14583	-1.00000	-1.00000	0.11591	-1.00000	-1.00000	0.00080	-1.00000	-1.00000
8827	Bishop	Willow_Pond	un	3856309	0.66238	-1.00000	-1.00000	0.59402	-1.00000	-1.00000	0.61613	-1.00000	-1.00000	0.00097	-1.00000	-1.00000
8828	Bishop	Willow_Pond	un	3857071	0.16000	-1.00000	-1.00000	0.03670	-1.00000	-1.00000	0.01971	-1.00000	-1.00000	0.00040	-1.00000	-1.00000
8830	Bishop	Willow_Pond	un	3857922	0.00561	-1.00000	-1.00000	0.00021	-1.00000	-1.00000	0.00589	-1.00000	-1.00000	0.00014	-1.00000	-1.00000
8833	Bishop	Willow_Pond	un	3859454	0.01452	-1.00000	-1.00000	0.00387	-1.00000	-1.00000	0.00387	-1.00000	-1.00000	0.00029	-1.00000	-1.00000
8834	Bishop	Willow_Pond	un	3860194	0.14815	-1.00000	-1.00000	0.03120	-1.00000	-1.00000	0.02582	-1.00000	-1.00000	0.00036	-1.00000	-1.00000
8849	Bishop	Willow_Pond	un	3868293	0.12142	-1.00000	-1.00000	0.04012	-1.00000	-1.00000	0.03024	-1.00000	-1.00000	0.00038	-1.00000	-1.00000
8854	Bishop	Willow_Pond	un	3870644	0.04067	-1.00000	-1.00000	0.00302	-1.00000	-1.00000	0.01050	-1.00000	-1.00000	0.00015	-1.00000	-1.00000
8858	Bishop	Willow_Pond	un	3872396	-0.00235	-1.00000	-1.00000	-0.00008	-1.00000	-1.00000	-0.00000	-1.00000	-1.00000	0.00004	-1.00000	-1.00000
8861	Bishop	Willow_Pond	un	3874760	0.46069	-1.00000	-1.00000	0.27518	-1.00000	-1.00000	0.29478	-1.00000	-1.00000	0.00060	-1.00000	-1.00000
8870	Bishop	Willow_Pond	un	3877087	-0.00565	-1.00000	-1.00000	-0.00022	-1.00000	-1.00000	0.00778	-1.00000	-1.00000	0.00033	-1.00000	-1.00000
8877	Bishop	Willow_Pond	un	3880703	-0.00565	-1.00000	-1.00000	-0.00022	-1.00000	-1.00000	-0.00619	-1.00000	-1.00000	0.00023	-1.00000	-1.00000
8895	Bishop	Willow_Pond	un	3887120	0.02760	-1.00000	-1.00000	0.00210	-1.00000	-1.00000	0.00246	-1.00000	-1.00000	0.00008	-1.00000	-1.00000
8905	Bishop	Willow_Pond	un	3890141	0.07952	-1.00000	-1.00000	0.02318	-1.00000	-1.00000	0.01876	-1.00000	-1.00000	0.00041	-1.00000	-1.00000
8915	Bishop	Willow_Pond	un	3892573	-0.03862	-1.00000	-1.00000	-0.01003	-1.00000	-1.00000	0.00789	-1.00000	-1.00000	0.00061	-1.00000	-1.00000
8917	Bishop	Willow_Pond	un	3894079	0.05748	-1.00000	-1.00000	0.00467	-1.00000	-1.00000	0.03571	-1.00000	-1.00000	0.00027	-1.00000	-1.00000
8923	Bishop	Willow_Pond	un	3895640	0.11111	-1.00000	-1.00000	0.01818	-1.00000	-1.00000	0.01818	-1.00000	-1.00000	0.00019	-1.00000	-1.00000
8929	Bishop	Willow_Pond	un	3898002	0.57986	-1.00000	-1.00000	0.43400	-1.00000	-1.00000	0.46922	-1.00000	-1.00000	0.00084	-1.00000	-1.00000
8963	Bishop	Willow_Pond	un	3910517	-0.03567	-1.00000	-1.00000	-0.00255	-1.00000	-1.00000	0.00018	-1.00000	-1.00000	0.00015	-1.00000	-1.00000
8967	Bishop	Willow_Pond	un	3912895	0.03448	-1.00000	-1.00000	0.00246	-1.00000	-1.00000	0.00246	-1.00000	-1.00000	0.00009	-1.00000	-1.00000
8972	Bishop	Willow_Pond	un	3914372	0.06897	-1.00000	-1.00000	0.00760	-1.00000	-1.00000	0.00760	-1.00000	-1.00000	0.00012	-1.00000	-1.00000
8975	Bishop	Willow_Pond	un	3915222	0.00000	-1.00000	-1.00000	0.00000	-1.00000	-1.00000	-0.00000	-1.00000	-1.00000	0.00004	-1.00000	-1.00000
8987	Bishop	Willow_Pond	un	3920951	-0.03697	-1.00000	-1.00000	-0.01808	-1.00000	-1.00000	-0.02185	-1.00000	-1.00000	0.00054	-1.00000	-1.00000
9016	Bishop	Willow_Pond	un	3933247	0.00251	-1.00000	-1.00000	0.00009	-1.00000	-1.00000	-0.00000	-1.00000	-1.00000	0.00004	-1.00000	-1.00000
9038	Bishop	Willow_Pond	un	3941176	-0.03975	-1.00000	-1.00000	-0.00319	-1.00000	-1.00000	-0.00376	-1.00000	-1.00000	0.00034	-1.00000	-1.00000
9043	Bishop	Willow_Pond	un	3942745	0.25057	-1.00000	-1.00000	0.09328	-1.00000	-1.00000	0.07200	-1.00000	-1.00000	0.00057	-1.00000	-1.00000
9046	Bishop	Willow_Pond	un	3945098	0.00251	-1.00000	-1.00000	0.00009	-1.00000	-1.00000	0.00508	-1.00000	-1.00000	0.00013	-1.00000	-1.00000
9047	Bishop	Willow_Pond	un	3945862	0.06897	-1.00000	-1.00000	0.00760	-1.00000	-1.00000	0.00760	-1.00000	-1.00000	0.00012	-1.00000	-1.00000
9054	Bishop	Willow_Pond	un	3950770	0.03448	-1.00000	-1.00000	0.00246	-1.00000	-1.00000	0.00246	-1.00000	-1.00000	0.00008	-1.00000	-1.00000
9062	Bishop	Willow_Pond	un	3954611	-0.00000	-1.00000	-1.00000	-0.00000	-1.00000	-1.00000	-0.00000	-1.00000	-1.00000	0.00004	-1.00000	-1.00000
9065	Bishop	Willow_Pond	un	3957023	0.15206	-1.00000	-1.00000	0.14195	-1.00000	-1.00000	0.12332	-1.00000	-1.00000	0.00071	-1.00000	-1.00000
9081	Bishop	Willow_Pond	un	3964520	0.00000	-1.00000	-1.00000	0.00000	-1.00000	-1.00000	-0.00000	-1.00000	-1.00000	0.00004	-1.00000	-1.00000
9099	Bishop	Willow_Pond	un	3974049	-0.00489	-1.00000	-1.00000	-0.00018	-1.00000	-1.00000	0.01104	-1.00000	-1.00000	0.00019	-1.00000	-1.00000
9104	Bishop	Willow_Pond	un	3977326	0.23562	-1.00000	-1.00000	0.21899	-1.00000	-1.00000	0.25120	-1.00000	-1.00000	0.00082	-1.00000	-1.00000
9109	Bishop	Willow_Pond	un	3979830	0.00000	-1.00000	-1.00000	0.00000	-1.00000	-1.00000	-0.01682	-1.00000	-1.00000	0.00039	-1.00000	-1.00000
9120	Bishop	Willow_Pond	un	3984840	-0.00000	-1.00000	-1.00000	-0.00000	-1.00000	-1.00000	-0.01068	-1.00000	-1.00000	0.00033	-1.00000	-1.00000
9126	Bishop	Willow_Pond	un	3987191	0.01138	-1.00000	-1.00000	0.00566	-1.00000	-1.00000	0.01123	-1.00000	-1.00000	0.00058	-1.00000	-1.00000
9127	Bishop	Willow_Pond	un	3987979	-0.00000	-1.00000	-1.00000	-0.00000	-1.00000	-1.00000	-0.00000	-1.00000	-1.00000	0.00004	-1.00000	-1.00000
9143	Bishop	Willow_Pond	un	3992758	-0.02377	-1.00000	-1.00000	-0.01472	-1.00000	-1.00000	0.01257	-1.00000	-1.00000	0.00067	-1.00000	-1.00000
9151	Bishop	Willow_Pond	un	3995101	0.04420	-1.00000	-1.00000	0.00354	-1.00000	-1.00000	0.03064	-1.00000	-1.00000	0.00026	-1.00000	-1.00000
9152	Bishop	Willow_Pond	un	3995871	0.40271	-1.00000	-1.00000	0.21931	-1.00000	-1.00000	0.22185	-1.00000	-1.00000	0.00075	-1.00000	-1.00000
9155	Bishop	Willow_Pond	un	3996632	0.48148	-1.00000	-1.00000	0.32500	-1.00000	-1.00000	0.31886	-1.00000	-1.00000	0.00072	-1.00000	-1.00000
9166	Bishop	Willow_Pond	un	4002120	0.17241	-1.00000	-1.00000	0.04132	-1.00000	-1.00000	0.04132	-1.00000	-1.00000	0.00025	-1.00000	-1.00000
9169	Bishop	Willow_Pond	un	4002914	0.04820	-1.00000	-1.00000	0.00374	-1.00000	-1.00000	0.00332	-1.00000	-1.00000	0.00009	-1.00000	-1.00000
9170	Bishop	Willow_Pond	un	4003759	-0.00270	-1.00000	-1.00000	-0.00010	-1.00000	-1.00000	-0.00488	-1.00000	-1.00000	0.00025	-1.00000	-1.00000
9171	Bishop	Willow_Pond	un	4004600	0.00290	-1.00000	-1.00000	0.00011	-1.00000	-1.00000	0.00589	-1.00000	-1.00000	0.00014	-1.00000	-1.00000
9172	Bishop	Willow_Pond	un	4005384	-0.00397	-1.00000	-1.00000	-0.00070	-1.00000	-1.00000	-0.01409	-1.00000	-1.00000	0.00049	-1.00000	-1.00000
9176	Bishop	Willow_Pond	un	4007725	-0.00565	-1.00000	-1.00000	-0.00022	-1.00000	-1.00000	-0.00619	-1.00000	-1.00000	0.00023	-1.00000	-1.00000
9177	Bishop	Willow_Pond	un	4008441	-0.00270	-1.00000	-1.00000	-0.00010	-1.00000	-1.00000	-0.00488	-1.00000	-1.00000	0.00024	-1.00000	-1.00000
9178	Bishop	Willow_Pond	un	4009338	-0.02595	-1.00000	-1.00000	-0.00320	-1.00000	-1.00000	-0.00925	-1.00000	-1.00000	0.00025	-1.00000	-1.00000
9188	Bishop	Willow_Pond	un	4014373	0.00251	-1.00000	-1.00000	0.00009	-1.00000	-1.00000	-0.00000	-1.00000	-1.00000	0.00004	-1.00000	-1.00000
9193	Bishop	Willow_Pond	un	4015974	0.06309	-1.00000	-1.00000	0.05039	-1.00000	-1.00000	0.03571	-1.00000	-1.00000	0.00066	-1.00000	-1.00000
9204	Bishop	Willow_Pond	un	4022298	-0.00270	-1.00000	-1.00000	-0.00010	-1.00000	-1.00000	-0.00488	-1.00000	-1.00000	0.00025	-1.00000	-1.00000
9205	Bishop	Willow_Pond	un	4023154	0.02760	-1.00000	-1.00000	0.00210	-1.00000	-1.00000	0.00021	-1.00000	-1.00000	0.00021	-1.00000	-1.00000
9216	Bishop	Willow_Pond	un	4029429	0.07342	-1.00000	-1.00000	0.05271	-1.00000	-1.00000	0.06617	-1.00000	-1.00000	0.00057	-1.00000	-1.00000
9220	Bishop	Willow_Pond	un	4031732	0.02863	-1.00000	-1.00000	0.00648	-1.00000	-1.00000	-0.01018	-1.00000	-1.00000	0.00046	-1.00000	-1.00000
9221	Bishop	Willow_Pond	un	4032626	-0.00000	-1.00000	-1.00000	-0.00000	-1.00000	-1.00000	-0.00000	-1.00000	-1.00000	0.00004	-1.00000	-1.00000
9227	Bishop	Willow_Pond	un	4035749	-0.03432	-1.00000	-1.00000	-0.01780	-1.00000	-1.00000	-0.01205	-1.00000	-1.00000	0.00049	-1.00000	-1.00000
9230	Bishop	Willow_Pond	un	4037330	-0.04000	-1.00000	-1.00000	-0.00321	-1.00000	-1.00000	-0.01405	-1.00000	-1.00000	0.00035	-1.00000	-1.00000
9233	Bishop	Willow_Pond	un	4038969	0.06897	-1.00000	-1.00000	0.00760	-1.00000	-1.00000	0.00760	-1.00000	-1.00000	0.00012	-1.00000	-1.00000
9237	Bishop	Willow_Pond	un	4040657	-0.00000	-1.00000	-1.00000	-0.00000	-1.00000	-1.00000	-0.00000	-1.00000	-1.00000	0.00004	-1.00000	-1.00000
9239	Bishop	Willow_Pond	un	4042272	0.00561	-1.00000	-1.00000	0.00021	-1.00000	-1.00000	0.00589	-1.00000	-1.00000	0.00014	-1.00000	-1.00000
9242	Bishop	Willow_Pond	un	4043851	0.00290	-1.00000	-1.00000	0.00011	-1.00000	-1.00000	-0.00000	-1.00000	-1.00000	0.00005	-1.00000	-1.00000
9243	Bishop	Willow_Pond	un	4044678	0.00561	-1.00000	-1.00000	0.00021	-1.00000	-1.00000	-0.00000	-1.00000	-1.00000	0.00005	-1.00000	-1.00000
9246	Bishop	Willow_Pond	un	4045507	0.00561	-1.00000	-1.00000	0.00021	-1.00000	-1.00000	0.02159	-1.00000	-1.00000	0.00020	-1.00000	-1.00000
9249	Bishop	Willow_Pond	un	4046330	0.23006	-1.00000	-1.00000	0.06951	-1.00000	-1.00000	0.08696	-1.00000	-1.00000	0.00035	-1.00000	-1.00000
9250	Bishop	Willow_Pond	un	4047178	0.05820	-1.00000	-1.00000	0.05500	-1.00000	-1.00000	0.04776	-1.00000	-1.00000	0.00087	-1.00000	-1.00000
9253	Bishop	Willow_Pond	un	4049403	0.00340	-1.00000	-1.00000	0.00014	-1.00000	-1.00000	-0.01093	-1.00000	-1.00000	0.00032	-1.00000	-1.00000
9260	Bishop	Willow_Pond	un	4051828	-0.03440	-1.00000	-1.00000	-0.01182	-1.00000	-1.00000	0.04403	-1.00000	-1.00000	0.00053	-1.00000	-1.00000
9269	Bishop	Willow_Pond	un	4053405	-0.03704	-1.00000	-1.00000	-0.00275	-1.00000	-1.00000	-0.00786	-1.00000	-1.00000	0.00024	-1.00000	-1.00000
9273	Bishop	Willow_Pond	un	4055842	0.00340	-1.00000	-1.00000	0.00014	-1.00000	-1.00000	0.01768	-1.00000	-1.00000	0.00037	-1.00000	-1.00000
9279	Bishop	Willow_Pond	un	4057462	0.06897	-1.00000	-1.00000	0.00760	-1.00000	-1.00000	0.00760	-1.00000	-1.00000	0.00013	-1.00000	-1.00000
9281	Bishop	Willow_Pond	un	4058225	-0.02184	-1.00000	-1.00000	-0.00259	-1.00000	-1.00000	0.01996	-1.00000	-1.00000	0.00028	-1.00000	-1.00000
9283	Bishop	Willow_Pond	un	4059046	-0.03279	-1.00000	-1.00000	-0.00386	-1.00000	-1.00000	0.01179	-1.00000	-1.00000	0.00029	-1.00000	-1.00000
9287	Bishop	Willow_Pond	un	4061336	-0.03468	-1.00000	-1.00000	-0.01885	-1.00000	-1.00000	-0.01676	-1.00000	-1.00000	0.00046	-1.00000	-1.00000
9289	Bishop	Willow_Pond	un	4062994	0.09183	-1.00000	-1.00000	0.06238	-1.00000	-1.00000	0.04734	-1.00000	-1.00000	0.00066	-1.00000	-1.00000
9294	Bishop	Willow_Pond	un	4065442	0.06470	-1.00000	-1.00000	0.00736	-1.00000	-1.00000	0.00760	-1.00000	-1.00000	0.00011	-1.00000	-1.00000
9295	Bishop	Willow_Pond	un	4066349	0.06897	-1.00000	-1.00000	0.00760	-1.00000	-1.00000	0.00760	-1.00000	-1.00000	0.00012	-1.00000	-1.00000
9299	Bishop	Willow_Pond	un	4068004	0.12000	-1.00000	-1.00000	0.02135	-1.00000	-1.00000	0.01520	-1.00000	-1.00000	0.00032	-1.00000	-1.00000
9300	Bishop	Willow_Pond	un	4068843	0.03704	-1.00000	-1.00000	0.00284	-1.00000	-1.00000	0.00021	-1.00000	-1.00000	0.00017	-1.00000	-1.00000
9315	Bishop	Willow_Pond	un	4076260	0.00995	-1.00000	-1.00000	0.00177	-1.00000	-1.00000	-0.00466	-1.00000	-1.00000	0.00034	-1.00000	-1.00000
9316	Bishop	Willow_Pond	un	4077050	0.00951	-1.00000	-1.00000	0.00037	-1.00000	-1.00000	0.05121	-1.00000	-1.00000	0.00028	-1.00000	-1.00000
9320	Bishop	Willow_Pond	un	4079316	0.03448	-1.00000	-1.00000	0.00246	-1.00000	-1.00000	0.00246	-1.00000	-1.00000	0.00008	-1.00000	-1.00000
9321	Bishop	Willow_Pond	un	4080158	0.10879	-1.00000	-1.00000	0.11256	-1.00000	-1.00000	0.09701	-1.00000	-1.00000	0.00082	-1.00000	-1.00000
9322	Bishop	Willow_Pond	un	4080951	-0.03448	-1.00000	-1.00000	-0.00493	-1.00000	-1.00000	-0.00493	-1.00000	-1.00000	0.00016	-1.00000	-1.00000
9333	Bishop	Willow_Pond	un	4086714	0.03704	-1.00000	-1.00000	0.00284	-1.00000	-1.00000	0.01050	-1.00000	-1.00000	0.00016	-1.00000	-1.00000
9350	Bishop	Willow_Pond	un	4092343	0.00000	-1.00000	-1.00000	0.00000	-1.00000	-1.00000	-0.00502	-1.00000	-1.00000	0.00018	-1.00000	-1.00000
9357	Bishop	Willow_Pond	un	4094858	-0.02595	-1.00000	-1.00000	-0.00320	-1.00000	-1.00000	0.00782	-1.00000	-1.00000	0.00031	-1.00000	-1.00000
9362	Bishop	Willow_Pond	un	4095587	0.04000	-1.00000	-1.00000	0.00332	-1.00000	-1.00000	-0.00760	-1.00000	-1.00000	0.00037	-1.00000	-1.00000
9379	Bishop	Willow_Pond	un	4101994	0.00251	-1.00000	-1.00000	0.00009	-1.00000	-1.00000	-0.00000	-1.00000	-1.00000	0.00004	-1.00000	-1.00000
9381	Bishop	Willow_Pond	un	4102809	0.04067	-1.00000	-1.00000	0.00302	-1.00000	-1.00000	0.01050	-1.00000	-1.00000	0.00017	-1.00000	-1.00000
9384	Bishop	Willow_Pond	un	4104397	0.00251	-1.00000	-1.00000	0.00009	-1.00000	-1.00000	-0.00000	-1.00000	-1.00000	0.00004	-1.00000	-1.00000
9388	Bishop	Willow_Pond	un	4105992	0.04067	-1.00000	-1.00000	0.00302	-1.00000	-1.00000	0.01050	-1.00000	-1.00000	0.00017	-1.00000	-1.00000
9394	Bishop	Willow_Pond	un	4107577	0.04067	-1.00000	-1.00000	0.00302	-1.00000	-1.00000	0.00284	-1.00000	-1.00000	0.00008	-1.00000	-1.00000
9397	Bishop	Willow_Pond	un	4109177	0.02912	-1.00000	-1.00000	0.00239	-1.00000	-1.00000	0.00027	-1.00000	-1.00000	0.00017	-1.00000	-1.00000
9402	Bishop	Willow_Pond	un	4112510	-0.02941	-1.00000	-1.00000	-0.01153	-1.00000	-1.00000	-0.01035	-1.00000	-1.00000	0.00051	-1.00000	-1.00000
9416	Bishop	Willow_Pond	un	4118134	0.74761	-1.00000	-1.00000	0.74507	-1.00000	-1.00000	0.73776	-1.00000	-1.00000	0.00093	-1.00000	-1.00000
9420	Bishop	Willow_Pond	un	4120688	-0.03342	-1.00000	-1.00000	-0.01030	-1.00000	-1.00000	-0.00406	-1.00000	-1.00000	0.00037	-1.00000	-1.00000
9423	Bishop	Willow_Pond	un	4122978	0.04000	-1.00000	-1.00000	0.00332	-1.00000	-1.00000	0.00332	-1.00000	-1.00000	0.00009	-1.00000	-1.00000
9424	Bishop	Willow_Pond	un	4123847	0.03114	-1.00000	-1.00000	0.00229	-1.00000	-1.00000	0.00246	-1.00000	-1.00000	0.00008	-1.00000	-1.00000
9430	Bishop	Willow_Pond	un	4126437	-0.00270	-1.00000	-1.00000	-0.00010	-1.00000	-1.00000	-0.00000	-1.00000	-1.00000	0.00005	-1.00000	-1.00000
9441	Bishop	Willow_Pond	un	4128881	0.03448	-1.00000	-1.00000	0.00246	-1.00000	-1.00000	0.00246	-1.00000	-1.00000	0.00008	-1.00000	-1.00000
9447	Bishop	Willow_Pond	un	4132240	0.04067	-1.00000	-1.00000	0.00302	-1.00000	-1.00000	0.00284	-1.00000	-1.00000	0.00009	-1.00000	-1.00000
9457	Bishop	Willow_Pond	un	4136291	0.00000	-1.00000	-1.00000	0.00000	-1.00000	-1.00000	-0.01682	-1.00000	-1.00000	0.00042	-1.00000	-1.00000
9468	Bishop	Willow_Pond	un	4140353	0.13205	-1.00000	-1.00000	0.02645	-1.00000	-1.00000	0.02685	-1.00000	-1.00000	0.00020	-1.00000	-1.00000
9477	Bishop	Willow_Pond	un	4142793	0.13793	-1.00000	-1.00000	0.02685	-1.00000	-1.00000	0.02685	-1.00000	-1.00000	0.00021	-1.00000	-1.00000
9482	Bishop	Willow_Pond	un	4145950	0.43162	-1.00000	-1.00000	0.40476	-1.00000	-1.00000	0.38771	-1.00000	-1.00000	0.00083	-1.00000	-1.00000
9483	Bishop	Willow_Pond	un	4146766	0.06897	-1.00000	-1.00000	0.00760	-1.00000	-1.00000	0.00760	-1.00000	-1.00000	0.00012	-1.00000	-1.00000
9484	Bishop	Willow_Pond	un	4147604	0.04820	-1.00000	-1.00000	0.00374	-1.00000	-1.00000	0.03064	-1.00000	-1.00000	0.00026	-1.00000	-1.00000
9491	Bishop	Willow_Pond	un	4150895	-0.03684	-1.00000	-1.00000	-0.00273	-1.00000	-1.00000	0.01433	-1.00000	-1.00000	0.00023	-1.00000	-1.00000
9494	Bishop	Willow_Pond	un	4153408	-0.00565	-1.00000	-1.00000	-0.00022	-1.00000	-1.00000	0.00778	-1.00000	-1.00000	0.00033	-1.00000	-1.00000
9500	Bishop	Willow_Pond	un	4155664	0.69703	-1.00000	-1.00000	0.60533	-1.00000	-1.00000	0.61429	-1.00000	-1.00000	0.00090	-1.00000	-1.00000
9508	Bishop	Willow_Pond	un	4157290	0.00290	-1.00000	-1.00000	0.00011	-1.00000	-1.00000	0.02159	-1.00000	-1.00000	0.00022	-1.00000	-1.00000
9511	Bishop	Willow_Pond	un	4159647	-0.00420	-1.00000	-1.00000	-0.00180	-1.00000	-1.00000	0.02977	-1.00000	-1.00000	0.00045	-1.00000	-1.00000
9513	Bishop	Willow_Pond	un	4161207	0.00000	-1.00000	-1.00000	0.00000	-1.00000	-1.00000	-0.00502	-1.00000	-1.00000	0.00020	-1.00000	-1.00000
9514	Bishop	Willow_Pond	un	4161979	0.07347	-1.00000	-1.00000	0.03210	-1.00000	-1.00000	0.04393	-1.00000	-1.00000	0.00053	-1.00000	-1.00000
9522	Bishop	Willow_Pond	un	4163644	0.03448	-1.00000	-1.00000	0.00246	-1.00000	-1.00000	0.00246	-1.00000	-1.00000	0.00008	-1.00000	-1.00000
9539	Bishop	Willow_Pond	un	4173240	-0.00000	-1.00000	-1.00000	-0.00000	-1.00000	-1.00000	-0.00000	-1.00000	-1.00000	0.00004	-1.00000	-1.00000
9540	Bishop	Willow_Pond	un	4174114	0.15194	-1.00000	-1.00000	0.02682	-1.00000	-1.00000	0.10217	-1.00000	-1.00000	0.00042	-1.00000	-1.00000
9542	Bishop	Willow_Pond	un	4175717	1.00000	-1.00000	-1.00000	1.00000	-1.00000	-1.00000	1.00000	-1.00000	-1.00000	0.00126	-1.00000	-1.00000
9543	Bishop	Willow_Pond	un	4176512	-0.00767	-1.00000	-1.00000	-0.00029	-1.00000	-1.00000	0.03472	-1.00000	-1.00000	0.00027	-1.00000	-1.00000
9555	Bishop	Willow_Pond	un	4182955	0.33181	-1.00000	-1.00000	0.19636	-1.00000	-1.00000	0.20875	-1.00000	-1.00000	0.00070	-1.00000	-1.00000
9562	Bishop	Willow_Pond	un	4186214	0.17703	-1.00000	-1.00000	0.17935	-1.00000	-1.00000	0.19573	-1.00000	-1.00000	0.00079	-1.00000	-1.00000
9566	Bishop	Willow_Pond	un	4187848	-0.00000	-1.00000	-1.00000	-0.00000	-1.00000	-1.00000	-0.00000	-1.00000	-1.00000	0.00004	-1.00000	-1.00000
9571	Bishop	Willow_Pond	un	4189335	0.04067	-1.00000	-1.00000	0.00302	-1.00000	-1.00000	0.00284	-1.00000	-1.00000	0.00009	-1.00000	-1.00000
9573	Bishop	Willow_Pond	un	4190117	-0.02664	-1.00000	-1.00000	-0.00546	-1.00000	-1.00000	-0.00441	-1.00000	-1.00000	0.00041	-1.00000	-1.00000
9613	Bishop	Willow_Pond	un	4202983	0.12595	-1.00000	-1.00000	0.02599	-1.00000	-1.00000	0.02685	-1.00000	-1.00000	0.00018	-1.00000	-1.00000
9616	Bishop	Willow_Pond	un	4204739	-0.00397	-1.00000	-1.00000	-0.00070	-1.00000	-1.00000	-0.00759	-1.00000	-1.00000	0.00033	-1.00000	-1.00000
9619	Bishop	Willow_Pond	un	4206376	0.03448	-1.00000	-1.00000	0.00246	-1.00000	-1.00000	0.00246	-1.00000	-1.00000	0.00008	-1.00000	-1.00000
9622	Bishop	Willow_Pond	un	4208047	0.00000	-1.00000	-1.00000	0.00000	-1.00000	-1.00000	-0.00502	-1.00000	-1.00000	0.00019	-1.00000	-1.00000
9635	Bishop	Willow_Pond	un	4212888	0.06470	-1.00000	-1.00000	0.00736	-1.00000	-1.00000	0.00300	-1.00000	-1.00000	0.00019	-1.00000	-1.00000
9650	Bishop	Willow_Pond	un	4221102	-0.00000	-1.00000	-1.00000	-0.00000	-1.00000	-1.00000	-0.00000	-1.00000	-1.00000	0.00005	-1.00000	-1.00000
9659	Bishop	Willow_Pond	un	4225888	0.23006	-1.00000	-1.00000	0.06951	-1.00000	-1.00000	0.06897	-1.00000	-1.00000	0.00030	-1.00000	-1.00000
9666	Bishop	Willow_Pond	un	4229955	0.11959	-1.00000	-1.00000	0.02546	-1.00000	-1.00000	0.01693	-1.00000	-1.00000	0.00028	-1.00000	-1.00000
9673	Bishop	Willow_Pond	un	4234844	0.16584	-1.00000	-1.00000	0.04086	-1.00000	-1.00000	0.03045	-1.00000	-1.00000	0.00033	-1.00000	-1.00000
9683	Bishop	Willow_Pond	un	4238814	0.03704	-1.00000	-1.00000	0.00284	-1.00000	-1.00000	0.01050	-1.00000	-1.00000	0.00017	-1.00000	-1.00000
9696	Bishop	Willow_Pond	un	4243640	0.05748	-1.00000	-1.00000	0.00467	-1.00000	-1.00000	0.03571	-1.00000	-1.00000	0.00026	-1.00000	-1.00000
9718	Bishop	Willow_Pond	un	4251760	0.00000	-1.00000	-1.00000	0.00000	-1.00000	-1.00000	-0.01276	-1.00000	-1.00000	0.00040	-1.00000	-1.00000
9723	Bishop	Willow_Pond	un	4253996	0.00290	-1.00000	-1.00000	0.00011	-1.00000	-1.00000	0.00088	-1.00000	-1.00000	0.00025	-1.00000	-1.00000
9725	Bishop	Willow_Pond	un	4255663	-0.00564	-1.00000	-1.00000	-0.00346	-1.00000	-1.00000	0.00466	-1.00000	-1.00000	0.00052	-1.00000	-1.00000
9766	Bishop	Willow_Pond	un	4272560	0.02382	-1.00000	-1.00000	0.00187	-1.00000	-1.00000	0.03045	-1.00000	-1.00000	0.00030	-1.00000	-1.00000
9767	Bishop	Willow_Pond	un	4273398	-0.00489	-1.00000	-1.00000	-0.00018	-1.00000	-1.00000	-0.00000	-1.00000	-1.00000	0.00004	-1.00000	-1.00000
9769	Bishop	Willow_Pond	un	4274206	0.06522	-1.00000	-1.00000	0.04451	-1.00000	-1.00000	0.02016	-1.00000	-1.00000	0.00069	-1.00000	-1.00000
9777	Bishop	Willow_Pond	un	4278124	-0.04044	-1.00000	-1.00000	-0.02813	-1.00000	-1.00000	-0.00910	-1.00000	-1.00000	0.00056	-1.00000	-1.00000
9785	Bishop	Willow_Pond	un	4281364	0.04420	-1.00000	-1.00000	0.00354	-1.00000	-1.00000	0.01220	-1.00000	-1.00000	0.00018	-1.00000	-1.00000
9787	Bishop	Willow_Pond	un	4282149	0.04838	-1.00000	-1.00000	0.00422	-1.00000	-1.00000	0.00323	-1.00000	-1.00000	0.00041	-1.00000	-1.00000
9788	Bishop	Willow_Pond	un	4282979	-0.00000	-1.00000	-1.00000	-0.00000	-1.00000	-1.00000	-0.01068	-1.00000	-1.00000	0.00030	-1.00000	-1.00000
9791	Bishop	Willow_Pond	un	4283842	-0.00565	-1.00000	-1.00000	-0.00022	-1.00000	-1.00000	0.01286	-1.00000	-1.00000	0.00025	-1.00000	-1.00000
9792	Bishop	Willow_Pond	un	4284530	-0.03704	-1.00000	-1.00000	-0.00570	-1.00000	-1.00000	-0.01101	-1.00000	-1.00000	0.00031	-1.00000	-1.00000
9795	Bishop	Willow_Pond	un	4286886	-0.03567	-1.00000	-1.00000	-0.00255	-1.00000	-1.00000	-0.00256	-1.00000	-1.00000	0.00008	-1.00000	-1.00000
9807	Bishop	Willow_Pond	un	4290968	-0.00000	-1.00000	-1.00000	-0.00000	-1.00000	-1.00000	-0.00000	-1.00000	-1.00000	0.00004	-1.00000	-1.00000
9819	Bishop	Willow_Pond	un	4295052	0.00251	-1.00000	-1.00000	0.00009	-1.00000	-1.00000	0.00508	-1.00000	-1.00000	0.00012	-1.00000	-1.00000
9821	Bishop	Willow_Pond	un	4295903	0.09920	-1.00000	-1.00000	0.01731	-1.00000	-1.00000	0.01045	-1.00000	-1.00000	0.00030	-1.00000	-1.00000
9825	Bishop	Willow_Pond	un	4296754	-0.00270	-1.00000	-1.00000	-0.00010	-1.00000	-1.00000	0.01069	-1.00000	-1.00000	0.00019	-1.00000	-1.00000
9829	Bishop	Willow_Pond	un	4298398	0.21739	-1.00000	-1.00000	0.06757	-1.00000	-1.00000	0.03858	-1.00000	-1.00000	0.00059	-1.00000	-1.00000
9847	Bishop	Willow_Pond	un	4304186	0.04348	-1.00000	-1.00000	0.00394	-1.00000	-1.00000	-0.01338	-1.00000	-1.00000	0.00041	-1.00000	-1.00000
9851	Bishop	Willow_Pond	un	4305090	-0.03704	-1.00000	-1.00000	-0.00275	-1.00000	-1.00000	-0.00786	-1.00000	-1.00000	0.00022	-1.00000	-1.00000
9886	Bishop	Willow_Pond	un	4319148	0.16000	-1.00000	-1.00000	0.03670	-1.00000	-1.00000	0.02466	-1.00000	-1.00000	0.00047	-1.00000	-1.00000
9887	Bishop	Willow_Pond	un	4319954	0.12643	-1.00000	-1.00000	0.02178	-1.00000	-1.00000	0.03023	-1.00000	-1.00000	0.00039	-1.00000	-1.00000
9891	Bishop	Willow_Pond	un	4323113	0.03448	-1.00000	-1.00000	0.00246	-1.00000	-1.00000	0.00246	-1.00000	-1.00000	0.00008	-1.00000	-1.00000
9894	Bishop	Willow_Pond	un	4325590	0.03448	-1.00000	-1.00000	0.00246	-1.00000	-1.00000	0.00246	-1.00000	-1.00000	0.00008	-1.00000	-1.00000
9895	Bishop	Willow_Pond	un	4326385	0.40066	-1.00000	-1.00000	0.40707	-1.00000	-1.00000	0.42304	-1.00000	-1.00000	0.00085	-1.00000	-1.00000
9903	Bishop	Willow_Pond	un	4329324	0.08000	-1.00000	-1.00000	0.01033	-1.00000	-1.00000	-0.00142	-1.00000	-1.00000	0.00030	-1.00000	-1.00000
9909	Bishop	Willow_Pond	un	4332694	-0.00767	-1.00000	-1.00000	-0.00029	-1.00000	-1.00000	0.00057	-1.00000	-1.00000	0.00013	-1.00000	-1.00000
9917	Bishop	Willow_Pond	un	4337272	-0.02245	-1.00000	-1.00000	-0.00238	-1.00000	-1.00000	-0.00238	-1.00000	-1.00000	0.00011	-1.00000	-1.00000
9940	Bishop	Willow_Pond	un	4348685	0.05304	-1.00000	-1.00000	0.00446	-1.00000	-1.00000	0.01011	-1.00000	-1.00000	0.00032	-1.00000	-1.00000
9944	Bishop	Willow_Pond	un	4350224	0.18837	-1.00000	-1.00000	0.19355	-1.00000	-1.00000	0.18553	-1.00000	-1.00000	0.00076	-1.00000	-1.00000
9949	Bishop	Willow_Pond	un	4351066	0.00000	-1.00000	-1.00000	0.00000	-1.00000	-1.00000	0.00508	-1.00000	-1.00000	0.00013	-1.00000	-1.00000
9951	Bishop	Willow_Pond	un	4351862	0.72308	-1.00000	-1.00000	0.72110	-1.00000	-1.00000	0.68691	-1.00000	-1.00000	0.00106	-1.00000	-1.00000
9953	Bishop	Willow_Pond	un	4353265	-0.00000	-1.00000	-1.00000	-0.00000	-1.00000	-1.00000	-0.00000	-1.00000	-1.00000	0.00004	-1.00000	-1.00000
9958	Bishop	Willow_Pond	un	4355853	0.15062	-1.00000	-1.00000	0.08963	-1.00000	-1.00000	0.17502	-1.00000	-1.00000	0.00065	-1.00000	-1.00000
9960	Bishop	Willow_Pond	un	4357522	0.04838	-1.00000	-1.00000	0.00422	-1.00000	-1.00000	0.00323	-1.00000	-1.00000	0.00045	-1.00000	-1.00000
9963	Bishop	Willow_Pond	un	4359979	0.04000	-1.00000	-1.00000	0.00332	-1.00000	-1.00000	0.00545	-1.00000	-1.00000	0.00029	-1.00000	-1.00000
9964	Bishop	Willow_Pond	un	4360833	0.06897	-1.00000	-1.00000	0.00760	-1.00000	-1.00000	0.00760	-1.00000	-1.00000	0.00012	-1.00000	-1.00000
9983	Bishop	Willow_Pond	un	4369609	-0.00235	-1.00000	-1.00000	-0.00008	-1.00000	-1.00000	-0.00000	-1.00000	-1.00000	0.00004	-1.00000	-1.00000
9984	Bishop	Willow_Pond	un	4370357	0.08538	-1.00000	-1.00000	0.01066	-1.00000	-1.00000	0.01674	-1.00000	-1.00000	0.00035	-1.00000	-1.00000
9987	Bishop	Willow_Pond	un	4372795	-0.03816	-1.00000	-1.00000	-0.00949	-1.00000	-1.00000	-0.00951	-1.00000	-1.00000	0.00026	-1.00000	-1.00000
9992	Bishop	Willow_Pond	un	4373564	0.03448	-1.00000	-1.00000	0.00246	-1.00000	-1.00000	0.00246	-1.00000	-1.00000	0.00008	-1.00000	-1.00000
9998	Bishop	Willow_Pond	un	4375963	0.15460	-1.00000	-1.00000	0.03162	-1.00000	-1.00000	0.03120	-1.00000	-1.00000	0.00021	-1.00000	-1.00000
10002	Bishop	Willow_Pond	un	4378442	-0.03704	-1.00000	-1.00000	-0.00275	-1.00000	-1.00000	-0.00019	-1.00000	-1.00000	0.00023	-1.00000	-1.00000
10006	Bishop	Willow_Pond	un	4381580	0.03448	-1.00000	-1.00000	0.00246	-1.00000	-1.00000	0.00246	-1.00000	-1.00000	0.00008	-1.00000	-1.00000
10016	Bishop	Willow_Pond	un	4387114	0.00290	-1.00000	-1.00000	0.00011	-1.00000	-1.00000	0.00088	-1.00000	-1.00000	0.00025	-1.00000	-1.00000
10018	Bishop	Willow_Pond	un	4387958	0.25057	-1.00000	-1.00000	0.09328	-1.00000	-1.00000	0.07200	-1.00000	-1.00000	0.00063	-1.00000	-1.00000
10031	Bishop	Willow_Pond	un	4391844	0.00640	-1.00000	-1.00000	0.00604	-1.00000	-1.00000	-0.00119	-1.00000	-1.00000	0.00069	-1.00000	-1.00000
10044	Bishop	Willow_Pond	un	4397911	0.09054	-1.00000	-1.00000	0.01094	-1.00000	-1.00000	0.01033	-1.00000	-1.00000	0.00015	-1.00000	-1.00000
10045	Bishop	Willow_Pond	un	4398685	-0.00489	-1.00000	-1.00000	-0.00018	-1.00000	-1.00000	0.01104	-1.00000	-1.00000	0.00018	-1.00000	-1.00000
10047	Bishop	Willow_Pond	un	4400391	0.00251	-1.00000	-1.00000	0.00009	-1.00000	-1.00000	-0.00000	-1.00000	-1.00000	0.00004	-1.00000	-1.00000
10052	Bishop	Willow_Pond	un	4402079	-0.03723	-1.00000	-1.00000	-0.03867	-1.00000	-1.00000	-0.01344	-1.00000	-1.00000	0.00126	-1.00000	-1.00000
10053	Bishop	Willow_Pond	un	4402531	0.00097	-1.00000	-1.00000	0.00086	-1.00000	-1.00000	-0.00646	-1.00000	-1.00000	0.00068	-1.00000	-1.00000
10064	Bishop	Willow_Pond	un	4406868	0.04067	-1.00000	-1.00000	0.00302	-1.00000	-1.00000	0.01050	-1.00000	-1.00000	0.00017	-1.00000	-1.00000
10065	Bishop	Willow_Pond	un	4407664	0.18519	-1.00000	-1.00000	0.04808	-1.00000	-1.00000	0.04260	-1.00000	-1.00000	0.00042	-1.00000	-1.00000
10068	Bishop	Willow_Pond	un	4409282	0.00561	-1.00000	-1.00000	0.00021	-1.00000	-1.00000	0.00589	-1.00000	-1.00000	0.00012	-1.00000	-1.00000
10070	Bishop	Willow_Pond	un	4410192	0.37037	-1.00000	-1.00000	0.19332	-1.00000	-1.00000	0.18739	-1.00000	-1.00000	0.00064	-1.00000	-1.00000
10079	Bishop	Willow_Pond	un	4414432	-0.00235	-1.00000	-1.00000	-0.00008	-1.00000	-1.00000	-0.00000	-1.00000	-1.00000	0.00005	-1.00000	-1.00000
10084	Bishop	Willow_Pond	un	4417503	0.27939	-1.00000	-1.00000	0.28076	-1.00000	-1.00000	0.25947	-1.00000	-1.00000	0.00086	-1.00000	-1.00000
10085	Bishop	Willow_Pond	un	4418282	-0.00000	-1.00000	-1.00000	-0.00000	-1.00000	-1.00000	-0.00000	-1.00000	-1.00000	0.00004	-1.00000	-1.00000
10097	Bishop	Willow_Pond	un	4421677	-0.03558	-1.00000	-1.00000	-0.00527	-1.00000	-1.00000	-0.00528	-1.00000	-1.00000	0.00015	-1.00000	-1.00000
10099	Bishop	Willow_Pond	un	4422521	-0.03558	-1.00000	-1.00000	-0.00527	-1.00000	-1.00000	-0.00227	-1.00000	-1.00000	0.00021	-1.00000	-1.00000
10105	Bishop	Willow_Pond	un	4425055	-0.03567	-1.00000	-1.00000	-0.00255	-1.00000	-1.00000	-0.00256	-1.00000	-1.00000	0.00009	-1.00000	-1.00000
10107	Bishop	Willow_Pond	un	4425819	0.00290	-1.00000	-1.00000	0.00011	-1.00000	-1.00000	0.00088	-1.00000	-1.00000	0.00027	-1.00000	-1.00000
10109	Bishop	Willow_Pond	un	4427390	-0.01813	-1.00000	-1.00000	-0.00717	-1.00000	-1.00000	0.02534	-1.00000	-1.00000	0.00044	-1.00000	-1.00000
10110	Bishop	Willow_Pond	un	4428273	0.09183	-1.00000	-1.00000	0.06238	-1.00000	-1.00000	0.04549	-1.00000	-1.00000	0.00067	-1.00000	-1.00000
10113	Bishop	Willow_Pond	un	4429854	0.03704	-1.00000	-1.00000	0.00284	-1.00000	-1.00000	0.00284	-1.00000	-1.00000	0.00013	-1.00000	-1.00000
10120	Bishop	Willow_Pond	un	4434245	0.03555	-1.00000	-1.00000	0.00306	-1.00000	-1.00000	-0.01045	-1.00000	-1.00000	0.00038	-1.00000	-1.00000
10134	Bishop	Willow_Pond	un	4439841	0.00251	-1.00000	-1.00000	0.00009	-1.00000	-1.00000	0.00508	-1.00000	-1.00000	0.00012	-1.00000	-1.00000
10136	Bishop	Willow_Pond	un	4441536	0.14991	-1.00000	-1.00000	0.12179	-1.00000	-1.00000	0.10470	-1.00000	-1.00000	0.00072	-1.00000	-1.00000
10140	Bishop	Willow_Pond	un	4442822	0.04067	-1.00000	-1.00000	0.00302	-1.00000	-1.00000	0.01050	-1.00000	-1.00000	0.00017	-1.00000	-1.00000
10142	Bishop	Willow_Pond	un	4444394	0.20818	-1.00000	-1.00000	0.05720	-1.00000	-1.00000	0.06938	-1.00000	-1.00000	0.00045	-1.00000	-1.00000
10147	Bishop	Willow_Pond	un	4446740	0.18768	-1.00000	-1.00000	0.13217	-1.00000	-1.00000	0.12467	-1.00000	-1.00000	0.00060	-1.00000	-1.00000
10160	Bishop	Willow_Pond	un	4453349	0.00000	-1.00000	-1.00000	0.00000	-1.00000	-1.00000	0.00508	-1.00000	-1.00000	0.00012	-1.00000	-1.00000
10179	Bishop	Willow_Pond	un	4463234	0.00000	-1.00000	-1.00000	0.00000	-1.00000	-1.00000	-0.00000	-1.00000	-1.00000	0.00005	-1.00000	-1.00000
10180	Bishop	Willow_Pond	un	4463971	0.10345	-1.00000	-1.00000	0.01567	-1.00000	-1.00000	0.01567	-1.00000	-1.00000	0.00016	-1.00000	-1.00000
10197	Bishop	Willow_Pond	un	4470647	0.03448	-1.00000	-1.00000	0.00246	-1.00000	-1.00000	0.00246	-1.00000	-1.00000	0.00008	-1.00000	-1.00000
10210	Bishop	Willow_Pond	un	4476176	0.11672	-1.00000	-1.00000	0.01853	-1.00000	-1.00000	0.03064	-1.00000	-1.00000	0.00024	-1.00000	-1.00000
10217	Bishop	Willow_Pond	un	4478625	0.17774	-1.00000	-1.00000	0.04751	-1.00000	-1.00000	0.04113	-1.00000	-1.00000	0.00037	-1.00000	-1.00000
10229	Bishop	Willow_Pond	un	4483322	0.18023	-1.00000	-1.00000	0.07264	-1.00000	-1.00000	0.08559	-1.00000	-1.00000	0.00056	-1.00000	-1.00000
10240	Bishop	Willow_Pond	un	4489645	0.00290	-1.00000	-1.00000	0.00011	-1.00000	-1.00000	-0.00518	-1.00000	-1.00000	0.00021	-1.00000	-1.00000
10246	Bishop	Willow_Pond	un	4491229	0.00251	-1.00000	-1.00000	0.00009	-1.00000	-1.00000	0.00508	-1.00000	-1.00000	0.00012	-1.00000	-1.00000
10253	Bishop	Willow_Pond	un	4495352	0.12595	-1.00000	-1.00000	0.02599	-1.00000	-1.00000	0.01743	-1.00000	-1.00000	0.00029	-1.00000	-1.00000
10261	Bishop	Willow_Pond	un	4498115	0.01791	-1.00000	-1.00000	0.01109	-1.00000	-1.00000	0.00597	-1.00000	-1.00000	0.00054	-1.00000	-1.00000
10264	Bishop	Willow_Pond	un	4499628	0.08112	-1.00000	-1.00000	0.02400	-1.00000	-1.00000	0.02310	-1.00000	-1.00000	0.00056	-1.00000	-1.00000
10265	Bishop	Willow_Pond	un	4500425	-0.02245	-1.00000	-1.00000	-0.00238	-1.00000	-1.00000	-0.00238	-1.00000	-1.00000	0.00012	-1.00000	-1.00000
10267	Bishop	Willow_Pond	un	4501221	0.18876	-1.00000	-1.00000	0.11496	-1.00000	-1.00000	0.09204	-1.00000	-1.00000	0.00070	-1.00000	-1.00000
10280	Bishop	Willow_Pond	un	4506022	0.00290	-1.00000	-1.00000	0.00011	-1.00000	-1.00000	0.00088	-1.00000	-1.00000	0.00027	-1.00000	-1.00000
10282	Bishop	Willow_Pond	un	4506809	0.19150	-1.00000	-1.00000	0.05590	-1.00000	-1.00000	0.03571	-1.00000	-1.00000	0.00048	-1.00000	-1.00000
10283	Bishop	Willow_Pond	un	4507590	0.10495	-1.00000	-1.00000	0.01335	-1.00000	-1.00000	0.08145	-1.00000	-1.00000	0.00040	-1.00000	-1.00000
10285	Bishop	Willow_Pond	un	4509134	0.03633	-1.00000	-1.00000	0.01700	-1.00000	-1.00000	0.00302	-1.00000	-1.00000	0.00054	-1.00000	-1.00000
10298	Bishop	Willow_Pond	un	4513179	0.03704	-1.00000	-1.00000	0.00284	-1.00000	-1.00000	0.00021	-1.00000	-1.00000	0.00019	-1.00000	-1.00000
10299	Bishop	Willow_Pond	un	4513882	0.21739	-1.00000	-1.00000	0.06757	-1.00000	-1.00000	0.04557	-1.00000	-1.00000	0.00059	-1.00000	-1.00000
10307	Bishop	Willow_Pond	un	4517927	-0.03181	-1.00000	-1.00000	-0.00390	-1.00000	-1.00000	0.01099	-1.00000	-1.00000	0.00028	-1.00000	-1.00000
10308	Bishop	Willow_Pond	un	4518762	0.04067	-1.00000	-1.00000	0.00302	-1.00000	-1.00000	0.01050	-1.00000	-1.00000	0.00016	-1.00000	-1.00000
10326	Bishop	Willow_Pond	un	4525985	0.05748	-1.00000	-1.00000	0.00467	-1.00000	-1.00000	0.01434	-1.00000	-1.00000	0.00020	-1.00000	-1.00000
10342	Bishop	Willow_Pond	un	4530679	0.00656	-1.00000	-1.00000	0.00026	-1.00000	-1.00000	0.00261	-1.00000	-1.00000	0.00028	-1.00000	-1.00000
10350	Bishop	Willow_Pond	un	4533730	0.00000	-1.00000	-1.00000	0.00000	-1.00000	-1.00000	-0.00000	-1.00000	-1.00000	0.00003	-1.00000	-1.00000
10361	Bishop	Willow_Pond	un	4540409	-0.00235	-1.00000	-1.00000	-0.00008	-1.00000	-1.00000	-0.00000	-1.00000	-1.00000	0.00004	-1.00000	-1.00000
10366	Bishop	Willow_Pond	un	4542058	0.11672	-1.00000	-1.00000	0.01853	-1.00000	-1.00000	0.01818	-1.00000	-1.00000	0.00018	-1.00000	-1.00000
10386	Bishop	Willow_Pond	un	4550352	0.00251	-1.00000	-1.00000	0.00009	-1.00000	-1.00000	-0.00000	-1.00000	-1.00000	0.00004	-1.00000	-1.00000
10392	Bishop	Willow_Pond	un	4552695	0.02672	-1.00000	-1.00000	0.00556	-1.00000	-1.00000	-0.00052	-1.00000	-1.00000	0.00035	-1.00000	-1.00000
10400	Bishop	Willow_Pond	un	4554247	0.00561	-1.00000	-1.00000	0.00021	-1.00000	-1.00000	0.02159	-1.00000	-1.00000	0.00020	-1.00000	-1.00000
10408	Bishop	Willow_Pond	un	4559065	0.00290	-1.00000	-1.00000	0.00011	-1.00000	-1.00000	0.00088	-1.00000	-1.00000	0.00027	-1.00000	-1.00000
10411	Bishop	Willow_Pond	un	4559843	0.00251	-1.00000	-1.00000	0.00009	-1.00000	-1.00000	0.00508	-1.00000	-1.00000	0.00013	-1.00000	-1.00000
10418	Bishop	Willow_Pond	un	4561461	0.61873	-1.00000	-1.00000	0.60559	-1.00000	-1.00000	0.59081	-1.00000	-1.00000	0.00085	-1.00000	-1.00000
10420	Bishop	Willow_Pond	un	4563101	0.03448	-1.00000	-1.00000	0.00246	-1.00000	-1.00000	0.00246	-1.00000	-1.00000	0.00008	-1.00000	-1.00000
10424	Bishop	Willow_Pond	un	4565537	0.09054	-1.00000	-1.00000	0.01094	-1.00000	-1.00000	0.02205	-1.00000	-1.00000	0.00023	-1.00000	-1.00000
10430	Bishop	Willow_Pond	un	4567822	0.00210	-1.00000	-1.00000	0.00033	-1.00000	-1.00000	0.00807	-1.00000	-1.00000	0.00025	-1.00000	-1.00000
10445	Bishop	Willow_Pond	un	4573305	0.04067	-1.00000	-1.00000	0.00302	-1.00000	-1.00000	0.00284	-1.00000	-1.00000	0.00008	-1.00000	-1.00000
10447	Bishop	Willow_Pond	un	4575032	0.00210	-1.00000	-1.00000	0.00033	-1.00000	-1.00000	-0.00217	-1.00000	-1.00000	0.00023	-1.00000	-1.00000
10465	Bishop	Willow_Pond	un	4581512	0.17000	-1.00000	-1.00000	0.04685	-1.00000	-1.00000	0.02866	-1.00000	-1.00000	0.00043	-1.00000	-1.00000
10468	Bishop	Willow_Pond	un	4583167	0.00251	-1.00000	-1.00000	0.00009	-1.00000	-1.00000	0.00508	-1.00000	-1.00000	0.00013	-1.00000	-1.00000
10492	Bishop	Willow_Pond	un	4591068	0.33944	-1.00000	-1.00000	0.14624	-1.00000	-1.00000	0.16697	-1.00000	-1.00000	0.00047	-1.00000	-1.00000
10505	Bishop	Willow_Pond	un	4595705	0.00000	-1.00000	-1.00000	0.00000	-1.00000	-1.00000	-0.00502	-1.00000	-1.00000	0.00018	-1.00000	-1.00000
10512	Bishop	Willow_Pond	un	4598990	0.00000	-1.00000	-1.00000	0.00000	-1.00000	-1.00000	-0.01241	-1.00000	-1.00000	0.00037	-1.00000	-1.00000
10527	Bishop	Willow_Pond	un	4608972	0.19150	-1.00000	-1.00000	0.05590	-1.00000	-1.00000	0.02948	-1.00000	-1.00000	0.00056	-1.00000	-1.00000
10539	Bishop	Willow_Pond	un	4615282	0.04067	-1.00000	-1.00000	0.00302	-1.00000	-1.00000	0.00284	-1.00000	-1.00000	0.00009	-1.00000	-1.00000
10540	Bishop	Willow_Pond	un	4616040	0.04820	-1.00000	-1.00000	0.00374	-1.00000	-1.00000	0.01220	-1.00000	-1.00000	0.00017	-1.00000	-1.00000
10541	Bishop	Willow_Pond	un	4616874	0.03448	-1.00000	-1.00000	0.00246	-1.00000	-1.00000	0.00246	-1.00000	-1.00000	0.00008	-1.00000	-1.00000
10542	Bishop	Willow_Pond	un	4617698	0.54979	-1.00000	-1.00000	0.52760	-1.00000	-1.00000	0.52741	-1.00000	-1.00000	0.00084	-1.00000	-1.00000
10545	Bishop	Willow_Pond	un	4619999	0.03320	-1.00000	-1.00000	0.00263	-1.00000	-1.00000	-0.00486	-1.00000	-1.00000	0.00031	-1.00000	-1.00000
10546	Bishop	Willow_Pond	un	4620766	-0.02245	-1.00000	-1.00000	-0.00238	-1.00000	-1.00000	-0.00238	-1.00000	-1.00000	0.00013	-1.00000	-1.00000
10548	Bishop	Willow_Pond	un	4621503	0.24638	-1.00000	-1.00000	0.25404	-1.00000	-1.00000	0.22990	-1.00000	-1.00000	0.00083	-1.00000	-1.00000
10549	Bishop	Willow_Pond	un	4622330	0.00000	-1.00000	-1.00000	0.00000	-1.00000	-1.00000	-0.00009	-1.00000	-1.00000	0.00012	-1.00000	-1.00000
10559	Bishop	Willow_Pond	un	4625994	-0.00000	-1.00000	-1.00000	-0.00000	-1.00000	-1.00000	-0.00000	-1.00000	-1.00000	0.00004	-1.00000	-1.00000
10562	Bishop	Willow_Pond	un	4627697	0.21411	-1.00000	-1.00000	0.06834	-1.00000	-1.00000	0.06179	-1.00000	-1.00000	0.00041	-1.00000	-1.00000
10568	Bishop	Willow_Pond	un	4629321	-0.02454	-1.00000	-1.00000	-0.00762	-1.00000	-1.00000	0.01644	-1.00000	-1.00000	0.00052	-1.00000	-1.00000
10570	Bishop	Willow_Pond	un	4630123	-0.00000	-1.00000	-1.00000	-0.00000	-1.00000	-1.00000	-0.01068	-1.00000	-1.00000	0.00034	-1.00000	-1.00000
10572	Bishop	Willow_Pond	un	4630890	0.04067	-1.00000	-1.00000	0.00302	-1.00000	-1.00000	0.00284	-1.00000	-1.00000	0.00008	-1.00000	-1.00000
10581	Bishop	Willow_Pond	un	4635002	0.03448	-1.00000	-1.00000	0.00246	-1.00000	-1.00000	0.00246	-1.00000	-1.00000	0.00008	-1.00000	-1.00000
10595	Bishop	Willow_Pond	un	4639722	-0.00000	-1.00000	-1.00000	-0.00000	-1.00000	-1.00000	-0.00000	-1.00000	-1.00000	0.00004	-1.00000	-1.00000
10600	Bishop	Willow_Pond	un	4642842	0.04420	-1.00000	-1.00000	0.00354	-1.00000	-1.00000	0.03064	-1.00000	-1.00000	0.00025	-1.00000	-1.00000
10605	Bishop	Willow_Pond	un	4643627	0.00251	-1.00000	-1.00000	0.00009	-1.00000	-1.00000	-0.00000	-1.00000	-1.00000	0.00004	-1.00000	-1.00000
10610	Bishop	Willow_Pond	un	4645244	0.03114	-1.00000	-1.00000	0.00229	-1.00000	-1.00000	0.00018	-1.00000	-1.00000	0.00015	-1.00000	-1.00000
10638	Bishop	Willow_Pond	un	4657829	-0.03841	-1.00000	-1.00000	-0.00296	-1.00000	-1.00000	-0.00844	-1.00000	-1.00000	0.00023	-1.00000	-1.00000
10645	Bishop	Willow_Pond	un	4662928	0.00290	-1.00000	-1.00000	0.00011	-1.00000	-1.00000	0.00088	-1.00000	-1.00000	0.00027	-1.00000	-1.00000
10656	Bishop	Willow_Pond	un	4668577	-0.00000	-1.00000	-1.00000	-0.00000	-1.00000	-1.00000	-0.00000	-1.00000	-1.00000	0.00004	-1.00000	-1.00000
10665	Bishop	Willow_Pond	un	4671973	-0.00565	-1.00000	-1.00000	-0.00022	-1.00000	-1.00000	-0.00429	-1.00000	-1.00000	0.00026	-1.00000	-1.00000
10682	Bishop	Willow_Pond	un	4679935	-0.00235	-1.00000	-1.00000	-0.00008	-1.00000	-1.00000	0.00008	-1.00000	-1.00000	0.00013	-1.00000	-1.00000
10704	Bishop	Willow_Pond	un	4687698	-0.03159	-1.00000	-1.00000	-0.02366	-1.00000	-1.00000	-0.03786	-1.00000	-1.00000	0.00064	-1.00000	-1.00000
10708	Bishop	Willow_Pond	un	4688564	0.00561	-1.00000	-1.00000	0.00021	-1.00000	-1.00000	-0.00000	-1.00000	-1.00000	0.00004	-1.00000	-1.00000
10710	Bishop	Willow_Pond	un	4689445	0.05175	-1.00000	-1.00000	0.02980	-1.00000	-1.00000	0.02349	-1.00000	-1.00000	0.00057	-1.00000	-1.00000
10711	Bishop	Willow_Pond	un	4690240	0.04348	-1.00000	-1.00000	0.00394	-1.00000	-1.00000	-0.01338	-1.00000	-1.00000	0.00048	-1.00000	-1.00000
10715	Bishop	Willow_Pond	un	4691858	-0.00235	-1.00000	-1.00000	-0.00008	-1.00000	-1.00000	-0.00000	-1.00000	-1.00000	0.00004	-1.00000	-1.00000
10722	Bishop	Willow_Pond	un	4695885	0.78084	-1.00000	-1.00000	0.78153	-1.00000	-1.00000	0.77104	-1.00000	-1.00000	0.00111	-1.00000	-1.00000
10728	Bishop	Willow_Pond	un	4699179	-0.00565	-1.00000	-1.00000	-0.00022	-1.00000	-1.00000	0.00778	-1.00000	-1.00000	0.00033	-1.00000	-1.00000
10729	Bishop	Willow_Pond	un	4699978	-0.03472	-1.00000	-1.00000	-0.02664	-1.00000	-1.00000	-0.00209	-1.00000	-1.00000	0.00066	-1.00000	-1.00000
10741	Bishop	Willow_Pond	un	4704830	0.00251	-1.00000	-1.00000	0.00009	-1.00000	-1.00000	-0.00000	-1.00000	-1.00000	0.00004	-1.00000	-1.00000
10746	Bishop	Willow_Pond	un	4707299	0.06470	-1.00000	-1.00000	0.00736	-1.00000	-1.00000	0.00760	-1.00000	-1.00000	0.00012	-1.00000	-1.00000
10750	Bishop	Willow_Pond	un	4709734	0.05143	-1.00000	-1.00000	0.01050	-1.00000	-1.00000	0.02200	-1.00000	-1.00000	0.00029	-1.00000	-1.00000
10751	Bishop	Willow_Pond	un	4710535	0.04067	-1.00000	-1.00000	0.00302	-1.00000	-1.00000	0.00284	-1.00000	-1.00000	0.00009	-1.00000	-1.00000
10752	Bishop	Willow_Pond	un	4711373	0.05304	-1.00000	-1.00000	0.00446	-1.00000	-1.00000	0.06452	-1.00000	-1.00000	0.00033	-1.00000	-1.00000
10755	Bishop	Willow_Pond	un	4712741	0.12142	-1.00000	-1.00000	0.04012	-1.00000	-1.00000	0.04056	-1.00000	-1.00000	0.00029	-1.00000	-1.00000
10760	Bishop	Willow_Pond	un	4715083	0.07875	-1.00000	-1.00000	0.00908	-1.00000	-1.00000	0.00881	-1.00000	-1.00000	0.00013	-1.00000	-1.00000
10762	Bishop	Willow_Pond	un	4716644	-0.02708	-1.00000	-1.00000	-0.02525	-1.00000	-1.00000	-0.03207	-1.00000	-1.00000	0.00071	-1.00000	-1.00000
10765	Bishop	Willow_Pond	un	4717441	0.00561	-1.00000	-1.00000	0.00021	-1.00000	-1.00000	0.00589	-1.00000	-1.00000	0.00014	-1.00000	-1.00000
10791	Bishop	Willow_Pond	un	4729476	-0.00343	-1.00000	-1.00000	-0.00196	-1.00000	-1.00000	0.00460	-1.00000	-1.00000	0.00062	-1.00000	-1.00000
10794	Bishop	Willow_Pond	un	4731110	-0.03975	-1.00000	-1.00000	-0.00319	-1.00000	-1.00000	-0.00376	-1.00000	-1.00000	0.00030	-1.00000	-1.00000
10799	Bishop	Willow_Pond	un	4732661	0.00995	-1.00000	-1.00000	0.00177	-1.00000	-1.00000	0.00075	-1.00000	-1.00000	0.00055	-1.00000	-1.00000
10807	Bishop	Willow_Pond	un	4735811	-0.01813	-1.00000	-1.00000	-0.00717	-1.00000	-1.00000	0.05718	-1.00000	-1.00000	0.00050	-1.00000	-1.00000
10828	Bishop	Willow_Pond	un	4746210	0.03448	-1.00000	-1.00000	0.00246	-1.00000	-1.00000	0.00246	-1.00000	-1.00000	0.00009	-1.00000	-1.00000
10835	Bishop	Willow_Pond	un	4748521	0.06470	-1.00000	-1.00000	0.00736	-1.00000	-1.00000	0.00760	-1.00000	-1.00000	0.00012	-1.00000	-1.00000
10847	Bishop	Willow_Pond	un	4755088	-0.03032	-1.00000	-1.00000	-0.00389	-1.00000	-1.00000	-0.01404	-1.00000	-1.00000	0.00048	-1.00000	-1.00000
10858	Bishop	Willow_Pond	un	4760224	0.03448	-1.00000	-1.00000	0.00246	-1.00000	-1.00000	0.00246	-1.00000	-1.00000	0.00008	-1.00000	-1.00000
10859	Bishop	Willow_Pond	un	4761056	-0.02924	-1.00000	-1.00000	-0.02914	-1.00000	-1.00000	-0.00209	-1.00000	-1.00000	0.00066	-1.00000	-1.00000
10871	Bishop	Willow_Pond	un	4765784	-0.02055	-1.00000	-1.00000	-0.00226	-1.00000	-1.00000	0.00300	-1.00000	-1.00000	0.00021	-1.00000	-1.00000
10874	Bishop	Willow_Pond	un	4767167	0.02203	-1.00000	-1.00000	0.00979	-1.00000	-1.00000	-0.00189	-1.00000	-1.00000	0.00055	-1.00000	-1.00000
10878	Bishop	Willow_Pond	un	4768763	-0.00270	-1.00000	-1.00000	-0.00010	-1.00000	-1.00000	-0.00000	-1.00000	-1.00000	0.00004	-1.00000	-1.00000
10894	Bishop	Willow_Pond	un	4774380	0.00340	-1.00000	-1.00000	0.00014	-1.00000	-1.00000	0.00691	-1.00000	-1.00000	0.00013	-1.00000	-1.00000
10897	Bishop	Willow_Pond	un	4776915	0.00727	-1.00000	-1.00000	0.00300	-1.00000	-1.00000	-0.00958	-1.00000	-1.00000	0.00052	-1.00000	-1.00000
10899	Bishop	Willow_Pond	un	4778552	0.07875	-1.00000	-1.00000	0.00908	-1.00000	-1.00000	0.00881	-1.00000	-1.00000	0.00013	-1.00000	-1.00000
10913	Bishop	Willow_Pond	un	4784288	-0.03975	-1.00000	-1.00000	-0.00319	-1.00000	-1.00000	0.01151	-1.00000	-1.00000	0.00036	-1.00000	-1.00000
10919	Bishop	Willow_Pond	un	4785820	0.06897	-1.00000	-1.00000	0.00760	-1.00000	-1.00000	0.00760	-1.00000	-1.00000	0.00013	-1.00000	-1.00000
10930	Bishop	Willow_Pond	un	4788157	0.12264	-1.00000	-1.00000	0.08781	-1.00000	-1.00000	0.08731	-1.00000	-1.00000	0.00075	-1.00000	-1.00000
10935	Bishop	Willow_Pond	un	4791276	0.72527	-1.00000	-1.00000	0.68920	-1.00000	-1.00000	0.66730	-1.00000	-1.00000	0.00093	-1.00000	-1.00000
10939	Bishop	Willow_Pond	un	4793741	-0.02664	-1.00000	-1.00000	-0.00546	-1.00000	-1.00000	-0.01118	-1.00000	-1.00000	0.00032	-1.00000	-1.00000
10946	Bishop	Willow_Pond	un	4795960	-0.00000	-1.00000	-1.00000	-0.00000	-1.00000	-1.00000	0.00589	-1.00000	-1.00000	0.00013	-1.00000	-1.00000
10950	Bishop	Willow_Pond	un	4797626	0.03448	-1.00000	-1.00000	0.00246	-1.00000	-1.00000	0.00246	-1.00000	-1.00000	0.00008	-1.00000	-1.00000
10955	Bishop	Willow_Pond	un	4799955	0.02555	-1.00000	-1.00000	0.02153	-1.00000	-1.00000	0.02131	-1.00000	-1.00000	0.00073	-1.00000	-1.00000
10961	Bishop	Willow_Pond	un	4803793	0.03923	-1.00000	-1.00000	0.01492	-1.00000	-1.00000	0.00036	-1.00000	-1.00000	0.00056	-1.00000	-1.00000
10965	Bishop	Willow_Pond	un	4805412	0.03448	-1.00000	-1.00000	0.00246	-1.00000	-1.00000	0.00246	-1.00000	-1.00000	0.00008	-1.00000	-1.00000
10969	Bishop	Willow_Pond	un	4807998	0.14909	-1.00000	-1.00000	0.13940	-1.00000	-1.00000	0.12121	-1.00000	-1.00000	0.00075	-1.00000	-1.00000
10975	Bishop	Willow_Pond	un	4811991	0.00561	-1.00000	-1.00000	0.00021	-1.00000	-1.00000	0.02159	-1.00000	-1.00000	0.00022	-1.00000	-1.00000
10978	Bishop	Willow_Pond	un	4814380	-0.00767	-1.00000	-1.00000	-0.00029	-1.00000	-1.00000	-0.00000	-1.00000	-1.00000	0.00004	-1.00000	-1.00000
10979	Bishop	Willow_Pond	un	4815190	-0.00000	-1.00000	-1.00000	-0.00000	-1.00000	-1.00000	-0.00000	-1.00000	-1.00000	0.00004	-1.00000	-1.00000
10985	Bishop	Willow_Pond	un	4820014	-0.00235	-1.00000	-1.00000	-0.00008	-1.00000	-1.00000	0.00008	-1.00000	-1.00000	0.00012	-1.00000	-1.00000
10988	Bishop	Willow_Pond	un	4821666	0.01863	-1.00000	-1.00000	0.00370	-1.00000	-1.00000	0.00754	-1.00000	-1.00000	0.00031	-1.00000	-1.00000
10991	Bishop	Willow_Pond	un	4822549	-0.00000	-1.00000	-1.00000	-0.00000	-1.00000	-1.00000	-0.00000	-1.00000	-1.00000	0.00004	-1.00000	-1.00000
10993	Bishop	Willow_Pond	un	4823345	-0.03684	-1.00000	-1.00000	-0.00273	-1.00000	-1.00000	0.01433	-1.00000	-1.00000	0.00024	-1.00000	-1.00000
11002	Bishop	Willow_Pond	un	4826455	0.11672	-1.00000	-1.00000	0.01853	-1.00000	-1.00000	0.03064	-1.00000	-1.00000	0.00023	-1.00000	-1.00000
11014	Bishop	Willow_Pond	un	4829667	-0.00565	-1.00000	-1.00000	-0.00022	-1.00000	-1.00000	-0.00429	-1.00000	-1.00000	0.00025	-1.00000	-1.00000
11023	Bishop	Willow_Pond	un	4833767	0.09813	-1.00000	-1.00000	0.04014	-1.00000	-1.00000	0.04990	-1.00000	-1.00000	0.00055	-1.00000	-1.00000
11028	Bishop	Willow_Pond	un	4835333	0.03114	-1.00000	-1.00000	0.00229	-1.00000	-1.00000	0.00246	-1.00000	-1.00000	0.00008	-1.00000	-1.00000
11029	Bishop	Willow_Pond	un	4836148	0.26542	-1.00000	-1.00000	0.21155	-1.00000	-1.00000	0.20033	-1.00000	-1.00000	0.00075	-1.00000	-1.00000
11040	Bishop	Willow_Pond	un	4841490	-0.03704	-1.00000	-1.00000	-0.00275	-1.00000	-1.00000	-0.00019	-1.00000	-1.00000	0.00016	-1.00000	-1.00000
11049	Bishop	Willow_Pond	un	4842292	-0.03181	-1.00000	-1.00000	-0.00390	-1.00000	-1.00000	0.00571	-1.00000	-1.00000	0.00039	-1.00000	-1.00000
11059	Bishop	Willow_Pond	un	4845606	0.00290	-1.00000	-1.00000	0.00011	-1.00000	-1.00000	-0.00518	-1.00000	-1.00000	0.00019	-1.00000	-1.00000
11072	Bishop	Willow_Pond	un	4851299	0.05304	-1.00000	-1.00000	0.00446	-1.00000	-1.00000	0.01434	-1.00000	-1.00000	0.00018	-1.00000	-1.00000
11088	Bishop	Willow_Pond	un	4856008	0.02912	-1.00000	-1.00000	0.00239	-1.00000	-1.00000	-0.00468	-1.00000	-1.00000	0.00051	-1.00000	-1.00000
11095	Bishop	Willow_Pond	un	4859594	0.08538	-1.00000	-1.00000	0.01066	-1.00000	-1.00000	0.02205	-1.00000	-1.00000	0.00023	-1.00000	-1.00000
11096	Bishop	Willow_Pond	un	4860371	-0.03384	-1.00000	-1.00000	-0.00662	-1.00000	-1.00000	0.00754	-1.00000	-1.00000	0.00037	-1.00000	-1.00000
11101	Bishop	Willow_Pond	un	4862829	0.00340	-1.00000	-1.00000	0.00014	-1.00000	-1.00000	0.01768	-1.00000	-1.00000	0.00031	-1.00000	-1.00000
11104	Bishop	Willow_Pond	un	4863710	-0.04135	-1.00000	-1.00000	-0.03484	-1.00000	-1.00000	-0.04321	-1.00000	-1.00000	0.00070	-1.00000	-1.00000
11114	Bishop	Willow_Pond	un	4868573	0.00000	-1.00000	-1.00000	0.00000	-1.00000	-1.00000	-0.01682	-1.00000	-1.00000	0.00039	-1.00000	-1.00000
11115	Bishop	Willow_Pond	un	4869458	-0.03921	-1.00000	-1.00000	-0.00654	-1.00000	-1.00000	0.00976	-1.00000	-1.00000	0.00042	-1.00000	-1.00000
11116	Bishop	Willow_Pond	un	4870291	-0.00000	-1.00000	-1.00000	-0.00000	-1.00000	-1.00000	-0.00000	-1.00000	-1.00000	0.00004	-1.00000	-1.00000
11122	Bishop	Willow_Pond	un	4874234	0.00000	-1.00000	-1.00000	0.00000	-1.00000	-1.00000	-0.00000	-1.00000	-1.00000	0.00004	-1.00000	-1.00000
11123	Bishop	Willow_Pond	un	4875058	0.00251	-1.00000	-1.00000	0.00009	-1.00000	-1.00000	0.00508	-1.00000	-1.00000	0.00012	-1.00000	-1.00000
11132	Bishop	Willow_Pond	un	4876737	0.00251	-1.00000	-1.00000	0.00009	-1.00000	-1.00000	-0.00000	-1.00000	-1.00000	0.00005	-1.00000	-1.00000
11134	Bishop	Willow_Pond	un	4878382	0.13793	-1.00000	-1.00000	0.02685	-1.00000	-1.00000	0.02685	-1.00000	-1.00000	0.00019	-1.00000	-1.00000
11143	Bishop	Willow_Pond	un	4882686	0.28000	-1.00000	-1.00000	0.11067	-1.00000	-1.00000	0.09678	-1.00000	-1.00000	0.00055	-1.00000	-1.00000
11154	Bishop	Willow_Pond	un	4886724	-0.00000	-1.00000	-1.00000	-0.00000	-1.00000	-1.00000	-0.00000	-1.00000	-1.00000	0.00004	-1.00000	-1.00000
11158	Bishop	Willow_Pond	un	4889208	0.95826	-1.00000	-1.00000	0.95653	-1.00000	-1.00000	0.91931	-1.00000	-1.00000	0.00123	-1.00000	-1.00000
11161	Bishop	Willow_Pond	un	4891528	0.03367	-1.00000	-1.00000	0.00677	-1.00000	-1.00000	0.00183	-1.00000	-1.00000	0.00031	-1.00000	-1.00000
11164	Bishop	Willow_Pond	un	4893081	-0.00235	-1.00000	-1.00000	-0.00008	-1.00000	-1.00000	0.00008	-1.00000	-1.00000	0.00013	-1.00000	-1.00000
11174	Bishop	Willow_Pond	un	4897915	0.04067	-1.00000	-1.00000	0.00302	-1.00000	-1.00000	0.00284	-1.00000	-1.00000	0.00008	-1.00000	-1.00000
11187	Bishop	Willow_Pond	un	4903674	0.02863	-1.00000	-1.00000	0.00648	-1.00000	-1.00000	-0.00689	-1.00000	-1.00000	0.00042	-1.00000	-1.00000
11189	Bishop	Willow_Pond	un	4904565	-0.02569	-1.00000	-1.00000	-0.00281	-1.00000	-1.00000	-0.00274	-1.00000	-1.00000	0.00013	-1.00000	-1.00000
11197	Bishop	Willow_Pond	un	4908629	-0.03841	-1.00000	-1.00000	-0.00296	-1.00000	-1.00000	-0.00486	-1.00000	-1.00000	0.00032	-1.00000	-1.00000
11206	Bishop	Willow_Pond	un	4912476	0.03114	-1.00000	-1.00000	0.00229	-1.00000	-1.00000	0.00246	-1.00000	-1.00000	0.00008	-1.00000	-1.00000
11210	Bishop	Willow_Pond	un	4914094	-0.01750	-1.00000	-1.00000	-0.00476	-1.00000	-1.00000	-0.00510	-1.00000	-1.00000	0.00046	-1.00000	-1.00000
11211	Bishop	Willow_Pond	un	4914873	-0.00000	-1.00000	-1.00000	-0.00000	-1.00000	-1.00000	-0.00000	-1.00000	-1.00000	0.00004	-1.00000	-1.00000
11212	Bishop	Willow_Pond	un	4915721	0.18023	-1.00000	-1.00000	0.07264	-1.00000	-1.00000	0.07782	-1.00000	-1.00000	0.00060	-1.00000	-1.00000
11213	Bishop	Willow_Pond	un	4916543	0.19534	-1.00000	-1.00000	0.19719	-1.00000	-1.00000	0.19454	-1.00000	-1.00000	0.00072	-1.00000	-1.00000
11215	Bishop	Willow_Pond	un	4917431	0.00340	-1.00000	-1.00000	0.00014	-1.00000	-1.00000	-0.01093	-1.00000	-1.00000	0.00031	-1.00000	-1.00000
11216	Bishop	Willow_Pond	un	4918287	0.03448	-1.00000	-1.00000	0.00246	-1.00000	-1.00000	0.00246	-1.00000	-1.00000	0.00008	-1.00000	-1.00000
11231	Bishop	Willow_Pond	un	4925453	0.00000	-1.00000	-1.00000	0.00000	-1.00000	-1.00000	0.00691	-1.00000	-1.00000	0.00017	-1.00000	-1.00000
11257	Bishop	Willow_Pond	un	4936643	-0.00000	-1.00000	-1.00000	-0.00000	-1.00000	-1.00000	-0.00000	-1.00000	-1.00000	0.00004	-1.00000	-1.00000
11268	Bishop	Willow_Pond	un	4941194	-0.00000	-1.00000	-1.00000	-0.00000	-1.00000	-1.00000	-0.00000	-1.00000	-1.00000	0.00004	-1.00000	-1.00000
11275	Bishop	Willow_Pond	un	4944564	-0.00315	-1.00000	-1.00000	-0.00013	-1.00000	-1.00000	0.00554	-1.00000	-1.00000	0.00038	-1.00000	-1.00000
11280	Bishop	Willow_Pond	un	4946073	-0.00000	-1.00000	-1.00000	-0.00000	-1.00000	-1.00000	-0.00000	-1.00000	-1.00000	0.00004	-1.00000	-1.00000
11293	Bishop	Willow_Pond	un	4952180	-0.00000	-1.00000	-1.00000	-0.00000	-1.00000	-1.00000	-0.00000	-1.00000	-1.00000	0.00004	-1.00000	-1.00000
11297	Bishop	Willow_Pond	un	4953024	0.03448	-1.00000	-1.00000	0.00246	-1.00000	-1.00000	0.00246	-1.00000	-1.00000	0.00008	-1.00000	-1.00000
11300	Bishop	Willow_Pond	un	4954620	-0.04160	-1.00000	-1.00000	-0.00347	-1.00000	-1.00000	-0.01045	-1.00000	-1.00000	0.00045	-1.00000	-1.00000
11301	Bishop	Willow_Pond	un	4955369	0.03448	-1.00000	-1.00000	0.00246	-1.00000	-1.00000	0.00246	-1.00000	-1.00000	0.00008	-1.00000	-1.00000
11306	Bishop	Willow_Pond	un	4957020	0.02760	-1.00000	-1.00000	0.00210	-1.00000	-1.00000	0.00246	-1.00000	-1.00000	0.00008	-1.00000	-1.00000
11309	Bishop	Willow_Pond	un	4957827	0.04000	-1.00000	-1.00000	0.00332	-1.00000	-1.00000	-0.00561	-1.00000	-1.00000	0.00032	-1.00000	-1.00000
11312	Bishop	Willow_Pond	un	4958611	-0.04000	-1.00000	-1.00000	-0.00321	-1.00000	-1.00000	-0.01405	-1.00000	-1.00000	0.00033	-1.00000	-1.00000
11323	Bishop	Willow_Pond	un	4961631	-0.00565	-1.00000	-1.00000	-0.00022	-1.00000	-1.00000	0.00508	-1.00000	-1.00000	0.00013	-1.00000	-1.00000
11324	Bishop	Willow_Pond	un	4962413	0.00000	-1.00000	-1.00000	0.00000	-1.00000	-1.00000	-0.00502	-1.00000	-1.00000	0.00021	-1.00000	-1.00000
11327	Bishop	Willow_Pond	un	4963945	0.00251	-1.00000	-1.00000	0.00009	-1.00000	-1.00000	0.00508	-1.00000	-1.00000	0.00014	-1.00000	-1.00000
11330	Bishop	Willow_Pond	un	4965531	0.04820	-1.00000	-1.00000	0.00374	-1.00000	-1.00000	0.03064	-1.00000	-1.00000	0.00024	-1.00000	-1.00000
11334	Bishop	Willow_Pond	un	4966365	-0.00489	-1.00000	-1.00000	-0.00018	-1.00000	-1.00000	0.00029	-1.00000	-1.00000	0.00013	-1.00000	-1.00000
11335	Bishop	Willow_Pond	un	4967155	0.06470	-1.00000	-1.00000	0.00736	-1.00000	-1.00000	0.00760	-1.00000	-1.00000	0.00013	-1.00000	-1.00000
11336	Bishop	Willow_Pond	un	4967930	0.42528	-1.00000	-1.00000	0.43299	-1.00000	-1.00000	0.43349	-1.00000	-1.00000	0.00099	-1.00000	-1.00000
11337	Bishop	Willow_Pond	un	4968661	0.00951	-1.00000	-1.00000	0.00037	-1.00000	-1.00000	0.05121	-1.00000	-1.00000	0.00029	-1.00000	-1.00000
11344	Bishop	Willow_Pond	un	4970188	0.03448	-1.00000	-1.00000	0.00246	-1.00000	-1.00000	0.00246	-1.00000	-1.00000	0.00009	-1.00000	-1.00000
11354	Bishop	Willow_Pond	un	4973352	0.11111	-1.00000	-1.00000	0.01818	-1.00000	-1.00000	0.03064	-1.00000	-1.00000	0.00023	-1.00000	-1.00000
11356	Bishop	Willow_Pond	un	4975002	-0.02245	-1.00000	-1.00000	-0.00238	-1.00000	-1.00000	-0.00238	-1.00000	-1.00000	0.00012	-1.00000	-1.00000
11366	Bishop	Willow_Pond	un	4978261	0.00290	-1.00000	-1.00000	0.00011	-1.00000	-1.00000	0.00589	-1.00000	-1.00000	0.00014	-1.00000	-1.00000
11374	Bishop	Willow_Pond	un	4982227	0.04812	-1.00000	-1.00000	0.02176	-1.00000	-1.00000	0.02948	-1.00000	-1.00000	0.00053	-1.00000	-1.00000
11381	Bishop	Willow_Pond	un	4985503	0.38899	-1.00000	-1.00000	0.35368	-1.00000	-1.00000	0.34598	-1.00000	-1.00000	0.00079	-1.00000	-1.00000
11388	Bishop	Willow_Pond	un	4988751	0.00951	-1.00000	-1.00000	0.00037	-1.00000	-1.00000	0.02512	-1.00000	-1.00000	0.00022	-1.00000	-1.00000
11394	Bishop	Willow_Pond	un	4992105	0.06407	-1.00000	-1.00000	0.00815	-1.00000	-1.00000	0.00571	-1.00000	-1.00000	0.00036	-1.00000	-1.00000
11408	Bishop	Willow_Pond	un	4998708	0.00000	-1.00000	-1.00000	0.00000	-1.00000	-1.00000	-0.01241	-1.00000	-1.00000	0.00033	-1.00000	-1.00000
11413	Bishop	Willow_Pond	un	5002967	0.03448	-1.00000	-1.00000	0.00246	-1.00000	-1.00000	0.00246	-1.00000	-1.00000	0.00009	-1.00000	-1.00000
11427	Bishop	Willow_Pond	un	5007609	0.00000	-1.00000	-1.00000	0.00000	-1.00000	-1.00000	-0.01276	-1.00000	-1.00000	0.00038	-1.00000	-1.00000
11433	Bishop	Willow_Pond	un	5011659	-0.00000	-1.00000	-1.00000	-0.00000	-1.00000	-1.00000	-0.00000	-1.00000	-1.00000	0.00004	-1.00000	-1.00000
11434	Bishop	Willow_Pond	un	5012507	0.04420	-1.00000	-1.00000	0.00354	-1.00000	-1.00000	0.00332	-1.00000	-1.00000	0.00011	-1.00000	-1.00000
11441	Bishop	Willow_Pond	un	5015496	-0.04068	-1.00000	-1.00000	-0.02396	-1.00000	-1.00000	-0.03046	-1.00000	-1.00000	0.00067	-1.00000	-1.00000
11444	Bishop	Willow_Pond	un	5017136	0.00656	-1.00000	-1.00000	0.00026	-1.00000	-1.00000	0.01989	-1.00000	-1.00000	0.00039	-1.00000	-1.00000
11445	Bishop	Willow_Pond	un	5017828	-0.00565	-1.00000	-1.00000	-0.00022	-1.00000	-1.00000	0.00778	-1.00000	-1.00000	0.00033	-1.00000	-1.00000
11457	Bishop	Willow_Pond	un	5021807	0.00290	-1.00000	-1.00000	0.00011	-1.00000	-1.00000	0.02159	-1.00000	-1.00000	0.00021	-1.00000	-1.00000
11476	Bishop	Willow_Pond	un	5028837	0.02414	-1.00000	-1.00000	0.01515	-1.00000	-1.00000	0.02349	-1.00000	-1.00000	0.00060	-1.00000	-1.00000
11483	Bishop	Willow_Pond	un	5032187	-0.03841	-1.00000	-1.00000	-0.00296	-1.00000	-1.00000	0.01378	-1.00000	-1.00000	0.00025	-1.00000	-1.00000
11489	Bishop	Willow_Pond	un	5036417	0.02760	-1.00000	-1.00000	0.00210	-1.00000	-1.00000	0.00883	-1.00000	-1.00000	0.00023	-1.00000	-1.00000
11492	Bishop	Willow_Pond	un	5038064	-0.02407	-1.00000	-1.00000	-0.00274	-1.00000	-1.00000	-0.00274	-1.00000	-1.00000	0.00013	-1.00000	-1.00000
11493	Bishop	Willow_Pond	un	5038833	0.04021	-1.00000	-1.00000	0.00783	-1.00000	-1.00000	0.01790	-1.00000	-1.00000	0.00027	-1.00000	-1.00000
11505	Bishop	Willow_Pond	un	5043797	0.66215	-1.00000	-1.00000	0.56647	-1.00000	-1.00000	0.54602	-1.00000	-1.00000	0.00092	-1.00000	-1.00000
11508	Bishop	Willow_Pond	un	5045479	0.14815	-1.00000	-1.00000	0.03120	-1.00000	-1.00000	0.02582	-1.00000	-1.00000	0.00035	-1.00000	-1.00000
11509	Bishop	Willow_Pond	un	5046279	-0.00235	-1.00000	-1.00000	-0.00008	-1.00000	-1.00000	0.00008	-1.00000	-1.00000	0.00012	-1.00000	-1.00000
11526	Bishop	Willow_Pond	un	5055819	0.04420	-1.00000	-1.00000	0.00354	-1.00000	-1.00000	-0.00175	-1.00000	-1.00000	0.00024	-1.00000	-1.00000
11533	Bishop	Willow_Pond	un	5057424	0.04820	-1.00000	-1.00000	0.00374	-1.00000	-1.00000	0.00332	-1.00000	-1.00000	0.00010	-1.00000	-1.00000
11539	Bishop	Willow_Pond	un	5061497	0.00767	-1.00000	-1.00000	0.00760	-1.00000	-1.00000	-0.00862	-1.00000	-1.00000	0.00081	-1.00000	-1.00000
11561	Bishop	Willow_Pond	un	5069251	0.00561	-1.00000	-1.00000	0.00021	-1.00000	-1.00000	0.02159	-1.00000	-1.00000	0.00021	-1.00000	-1.00000
11565	Bishop	Willow_Pond	un	5070052	0.21608	-1.00000	-1.00000	0.05772	-1.00000	-1.00000	0.10217	-1.00000	-1.00000	0.00040	-1.00000	-1.00000
11587	Bishop	Willow_Pond	un	5080749	-0.03975	-1.00000	-1.00000	-0.00319	-1.00000	-1.00000	-0.00376	-1.00000	-1.00000	0.00029	-1.00000	-1.00000
11594	Bishop	Willow_Pond	un	5084114	0.46785	-1.00000	-1.00000	0.27111	-1.00000	-1.00000	0.32108	-1.00000	-1.00000	0.00067	-1.00000	-1.00000
11596	Bishop	Willow_Pond	un	5084920	0.67618	-1.00000	-1.00000	0.67618	-1.00000	-1.00000	0.67666	-1.00000	-1.00000	0.00098	-1.00000	-1.00000
11601	Bishop	Willow_Pond	un	5087312	0.11672	-1.00000	-1.00000	0.01853	-1.00000	-1.00000	0.03064	-1.00000	-1.00000	0.00025	-1.00000	-1.00000
11607	Bishop	Willow_Pond	un	5090555	-0.03547	-1.00000	-1.00000	-0.00815	-1.00000	-1.00000	-0.00486	-1.00000	-1.00000	0.00032	-1.00000	-1.00000
11612	Bishop	Willow_Pond	un	5092957	0.37414	-1.00000	-1.00000	0.24168	-1.00000	-1.00000	0.23557	-1.00000	-1.00000	0.00074	-1.00000	-1.00000
11616	Bishop	Willow_Pond	un	5095239	0.04067	-1.00000	-1.00000	0.00302	-1.00000	-1.00000	0.01050	-1.00000	-1.00000	0.00018	-1.00000	-1.00000
11624	Bishop	Willow_Pond	un	5097616	1.00000	-1.00000	-1.00000	1.00000	-1.00000	-1.00000	0.99490	-1.00000	-1.00000	0.00120	-1.00000	-1.00000
11625	Bishop	Willow_Pond	un	5098444	0.17985	-1.00000	-1.00000	0.08612	-1.00000	-1.00000	0.17245	-1.00000	-1.00000	0.00065	-1.00000	-1.00000
11628	Bishop	Willow_Pond	un	5100013	0.04820	-1.00000	-1.00000	0.00374	-1.00000	-1.00000	0.01220	-1.00000	-1.00000	0.00018	-1.00000	-1.00000
11636	Bishop	Willow_Pond	un	5103950	0.05304	-1.00000	-1.00000	0.00446	-1.00000	-1.00000	0.03024	-1.00000	-1.00000	0.00037	-1.00000	-1.00000
11653	Bishop	Willow_Pond	un	5114713	0.00951	-1.00000	-1.00000	0.00037	-1.00000	-1.00000	0.00691	-1.00000	-1.00000	0.00014	-1.00000	-1.00000
11658	Bishop	Willow_Pond	un	5116312	0.04820	-1.00000	-1.00000	0.00374	-1.00000	-1.00000	0.00332	-1.00000	-1.00000	0.00009	-1.00000	-1.00000
11659	Bishop	Willow_Pond	un	5117130	0.00210	-1.00000	-1.00000	0.00033	-1.00000	-1.00000	-0.00498	-1.00000	-1.00000	0.00029	-1.00000	-1.00000
11660	Bishop	Willow_Pond	un	5117965	0.45732	-1.00000	-1.00000	0.27050	-1.00000	-1.00000	0.28513	-1.00000	-1.00000	0.00070	-1.00000	-1.00000
11668	Bishop	Willow_Pond	un	5122558	0.00000	-1.00000	-1.00000	0.00000	-1.00000	-1.00000	-0.00683	-1.00000	-1.00000	0.00040	-1.00000	-1.00000
11669	Bishop	Willow_Pond	un	5123340	0.04067	-1.00000	-1.00000	0.00302	-1.00000	-1.00000	0.00284	-1.00000	-1.00000	0.00009	-1.00000	-1.00000
11673	Bishop	Willow_Pond	un	5125609	-0.01482	-1.00000	-1.00000	-0.01537	-1.00000	-1.00000	0.04936	-1.00000	-1.00000	0.00068	-1.00000	-1.00000
11675	Bishop	Willow_Pond	un	5127258	0.06407	-1.00000	-1.00000	0.00815	-1.00000	-1.00000	0.00881	-1.00000	-1.00000	0.00013	-1.00000	-1.00000
11683	Bishop	Willow_Pond	un	5130525	-0.00270	-1.00000	-1.00000	-0.00010	-1.00000	-1.00000	-0.00000	-1.00000	-1.00000	0.00005	-1.00000	-1.00000
11691	Bishop	Willow_Pond	un	5133659	-0.00000	-1.00000	-1.00000	-0.00000	-1.00000	-1.00000	-0.00000	-1.00000	-1.00000	0.00004	-1.00000	-1.00000
11697	Bishop	Willow_Pond	un	5137509	-0.03684	-1.00000	-1.00000	-0.00273	-1.00000	-1.00000	0.01433	-1.00000	-1.00000	0.00023	-1.00000	-1.00000
11699	Bishop	Willow_Pond	un	5138334	0.03448	-1.00000	-1.00000	0.00246	-1.00000	-1.00000	0.00246	-1.00000	-1.00000	0.00008	-1.00000	-1.00000
11702	Bishop	Willow_Pond	un	5139977	0.03704	-1.00000	-1.00000	0.00284	-1.00000	-1.00000	0.01050	-1.00000	-1.00000	0.00016	-1.00000	-1.00000
11703	Bishop	Willow_Pond	un	5140794	0.06897	-1.00000	-1.00000	0.00760	-1.00000	-1.00000	0.00760	-1.00000	-1.00000	0.00013	-1.00000	-1.00000
11715	Bishop	Willow_Pond	un	5145560	0.00251	-1.00000	-1.00000	0.00009	-1.00000	-1.00000	-0.00000	-1.00000	-1.00000	0.00004	-1.00000	-1.00000
11722	Bishop	Willow_Pond	un	5148826	-0.01798	-1.00000	-1.00000	-0.00206	-1.00000	-1.00000	0.02071	-1.00000	-1.00000	0.00029	-1.00000	-1.00000
11740	Bishop	Willow_Pond	un	5155045	0.00000	-1.00000	-1.00000	0.00000	-1.00000	-1.00000	0.00508	-1.00000	-1.00000	0.00012	-1.00000	-1.00000
11743	Bishop	Willow_Pond	un	5155883	-0.02769	-1.00000	-1.00000	-0.02848	-1.00000	-1.00000	-0.04329	-1.00000	-1.00000	0.00083	-1.00000	-1.00000
11755	Bishop	Willow_Pond	un	5160688	0.10345	-1.00000	-1.00000	0.01567	-1.00000	-1.00000	0.01567	-1.00000	-1.00000	0.00016	-1.00000	-1.00000
11764	Bishop	Willow_Pond	un	5163996	0.32990	-1.00000	-1.00000	0.14561	-1.00000	-1.00000	0.16002	-1.00000	-1.00000	0.00063	-1.00000	-1.00000
11782	Bishop	Willow_Pond	un	5175168	0.04420	-1.00000	-1.00000	0.00354	-1.00000	-1.00000	0.00705	-1.00000	-1.00000	0.00032	-1.00000	-1.00000
11784	Bishop	Willow_Pond	un	5175943	0.04000	-1.00000	-1.00000	0.00332	-1.00000	-1.00000	0.03064	-1.00000	-1.00000	0.00024	-1.00000	-1.00000
11794	Bishop	Willow_Pond	un	5180779	0.00000	-1.00000	-1.00000	0.00000	-1.00000	-1.00000	-0.00502	-1.00000	-1.00000	0.00019	-1.00000	-1.00000
11800	Bishop	Willow_Pond	un	5183808	0.22677	-1.00000	-1.00000	0.06831	-1.00000	-1.00000	0.08200	-1.00000	-1.00000	0.00051	-1.00000	-1.00000
11801	Bishop	Willow_Pond	un	5184577	0.07875	-1.00000	-1.00000	0.00908	-1.00000	-1.00000	0.01894	-1.00000	-1.00000	0.00022	-1.00000	-1.00000
11819	Bishop	Willow_Pond	un	5192386	-0.02184	-1.00000	-1.00000	-0.00259	-1.00000	-1.00000	-0.00168	-1.00000	-1.00000	0.00035	-1.00000	-1.00000
11833	Bishop	Willow_Pond	un	5194785	-0.00235	-1.00000	-1.00000	-0.00008	-1.00000	-1.00000	-0.00000	-1.00000	-1.00000	0.00006	-1.00000	-1.00000
11835	Bishop	Willow_Pond	un	5195368	-0.03127	-1.00000	-1.00000	-0.02642	-1.00000	-1.00000	-0.03149	-1.00000	-1.00000	0.00069	-1.00000	-1.00000
11837	Bishop	Willow_Pond	un	5196226	-0.00000	-1.00000	-1.00000	-0.00000	-1.00000	-1.00000	-0.00050	-1.00000	-1.00000	0.00024	-1.00000	-1.00000
11843	Bishop	Willow_Pond	un	5199210	-0.03684	-1.00000	-1.00000	-0.00273	-1.00000	-1.00000	0.01433	-1.00000	-1.00000	0.00022	-1.00000	-1.00000
11845	Bishop	Willow_Pond	un	5200926	0.10386	-1.00000	-1.00000	0.03087	-1.00000	-1.00000	0.02526	-1.00000	-1.00000	0.00039	-1.00000	-1.00000
11858	Bishop	Willow_Pond	un	5204989	-0.01006	-1.00000	-1.00000	-0.00378	-1.00000	-1.00000	0.00362	-1.00000	-1.00000	0.00045	-1.00000	-1.00000
11865	Bishop	Willow_Pond	un	5206678	0.04067	-1.00000	-1.00000	0.00302	-1.00000	-1.00000	0.01050	-1.00000	-1.00000	0.00016	-1.00000	-1.00000
11866	Bishop	Willow_Pond	un	5207487	0.13205	-1.00000	-1.00000	0.02645	-1.00000	-1.00000	0.02685	-1.00000	-1.00000	0.00022	-1.00000	-1.00000
11867	Bishop	Willow_Pond	un	5208248	-0.00000	-1.00000	-1.00000	-0.00000	-1.00000	-1.00000	-0.00000	-1.00000	-1.00000	0.00004	-1.00000	-1.00000
11878	Bishop	Willow_Pond	un	5212233	-0.00235	-1.00000	-1.00000	-0.00008	-1.00000	-1.00000	0.00008	-1.00000	-1.00000	0.00012	-1.00000	-1.00000
11886	Bishop	Willow_Pond	un	5218080	-0.00295	-1.00000	-1.00000	-0.00044	-1.00000	-1.00000	-0.00227	-1.00000	-1.00000	0.00023	-1.00000	-1.00000
11889	Bishop	Willow_Pond	un	5220383	0.04348	-1.00000	-1.00000	0.00394	-1.00000	-1.00000	-0.01338	-1.00000	-1.00000	0.00049	-1.00000	-1.00000
11891	Bishop	Willow_Pond	un	5221150	-0.02245	-1.00000	-1.00000	-0.00238	-1.00000	-1.00000	-0.00238	-1.00000	-1.00000	0.00013	-1.00000	-1.00000
11893	Bishop	Willow_Pond	un	5221895	0.04067	-1.00000	-1.00000	0.00302	-1.00000	-1.00000	0.01050	-1.00000	-1.00000	0.00015	-1.00000	-1.00000
11909	Bishop	Willow_Pond	un	5230806	0.03704	-1.00000	-1.00000	0.00284	-1.00000	-1.00000	0.00284	-1.00000	-1.00000	0.00009	-1.00000	-1.00000
11934	Bishop	Willow_Pond	un	5242668	0.19238	-1.00000	-1.00000	0.04856	-1.00000	-1.00000	0.04808	-1.00000	-1.00000	0.00028	-1.00000	-1.00000
11935	Bishop	Willow_Pond	un	5243443	0.04000	-1.00000	-1.00000	0.00332	-1.00000	-1.00000	0.00545	-1.00000	-1.00000	0.00030	-1.00000	-1.00000
11938	Bishop	Willow_Pond	un	5245038	-0.03975	-1.00000	-1.00000	-0.00319	-1.00000	-1.00000	0.04125	-1.00000	-1.00000	0.00033	-1.00000	-1.00000
11941	Bishop	Willow_Pond	un	5245817	-0.00000	-1.00000	-1.00000	-0.00000	-1.00000	-1.00000	-0.00000	-1.00000	-1.00000	0.00004	-1.00000	-1.00000
11953	Bishop	Willow_Pond	un	5252695	0.13043	-1.00000	-1.00000	0.02542	-1.00000	-1.00000	0.01818	-1.00000	-1.00000	0.00033	-1.00000	-1.00000
11970	Bishop	Willow_Pond	un	5260052	0.00251	-1.00000	-1.00000	0.00009	-1.00000	-1.00000	-0.00000	-1.00000	-1.00000	0.00006	-1.00000	-1.00000
11972	Bishop	Willow_Pond	un	5260678	-0.03841	-1.00000	-1.00000	-0.00296	-1.00000	-1.00000	-0.00844	-1.00000	-1.00000	0.00047	-1.00000	-1.00000
11977	Bishop	Willow_Pond	un	5263079	-0.00000	-1.00000	-1.00000	-0.00000	-1.00000	-1.00000	-0.00000	-1.00000	-1.00000	0.00004	-1.00000	-1.00000
11987	Bishop	Willow_Pond	un	5268749	-0.00000	-1.00000	-1.00000	-0.00000	-1.00000	-1.00000	-0.00000	-1.00000	-1.00000	0.00004	-1.00000	-1.00000
11992	Bishop	Willow_Pond	un	5270477	0.03704	-1.00000	-1.00000	0.00284	-1.00000	-1.00000	0.00284	-1.00000	-1.00000	0.00010	-1.00000	-1.00000
11993	Bishop	Willow_Pond	un	5271179	0.04000	-1.00000	-1.00000	0.00332	-1.00000	-1.00000	-0.00561	-1.00000	-1.00000	0.00033	-1.00000	-1.00000
11997	Bishop	Willow_Pond	un	5273559	0.56139	-1.00000	-1.00000	0.54591	-1.00000	-1.00000	0.52704	-1.00000	-1.00000	0.00090	-1.00000	-1.00000
11999	Bishop	Willow_Pond	un	5274391	0.00290	-1.00000	-1.00000	0.00011	-1.00000	-1.00000	0.00088	-1.00000	-1.00000	0.00025	-1.00000	-1.00000
12000	Bishop	Willow_Pond	un	5275236	0.04420	-1.00000	-1.00000	0.00354	-1.00000	-1.00000	0.01220	-1.00000	-1.00000	0.00018	-1.00000	-1.00000
12004	Bishop	Willow_Pond	un	5276884	0.07875	-1.00000	-1.00000	0.00908	-1.00000	-1.00000	0.00881	-1.00000	-1.00000	0.00012	-1.00000	-1.00000
12009	Bishop	Willow_Pond	un	5279277	0.03448	-1.00000	-1.00000	0.00246	-1.00000	-1.00000	0.00246	-1.00000	-1.00000	0.00008	-1.00000	-1.00000
12030	Bishop	Willow_Pond	un	5289284	0.04067	-1.00000	-1.00000	0.00302	-1.00000	-1.00000	0.00284	-1.00000	-1.00000	0.00009	-1.00000	-1.00000
12031	Bishop	Willow_Pond	un	5290037	0.58094	-1.00000	-1.00000	0.52203	-1.00000	-1.00000	0.47069	-1.00000	-1.00000	0.00086	-1.00000	-1.00000
12035	Bishop	Willow_Pond	un	5291515	0.07875	-1.00000	-1.00000	0.00908	-1.00000	-1.00000	0.01894	-1.00000	-1.00000	0.00022	-1.00000	-1.00000
12036	Bishop	Willow_Pond	un	5292287	0.06024	-1.00000	-1.00000	0.00707	-1.00000	-1.00000	0.00934	-1.00000	-1.00000	0.00026	-1.00000	-1.00000
12066	Bishop	Willow_Pond	un	5305271	0.36646	-1.00000	-1.00000	0.29635	-1.00000	-1.00000	0.25603	-1.00000	-1.00000	0.00086	-1.00000	-1.00000
12068	Bishop	Willow_Pond	un	5306046	0.27018	-1.00000	-1.00000	0.10984	-1.00000	-1.00000	0.08559	-1.00000	-1.00000	0.00059	-1.00000	-1.00000
12073	Bishop	Willow_Pond	un	5307520	-0.00000	-1.00000	-1.00000	-0.00000	-1.00000	-1.00000	-0.00000	-1.00000	-1.00000	0.00005	-1.00000	-1.00000
12079	Bishop	Willow_Pond	un	5311423	0.07875	-1.00000	-1.00000	0.00908	-1.00000	-1.00000	0.01894	-1.00000	-1.00000	0.00021	-1.00000	-1.00000
12094	Bishop	Willow_Pond	un	5318319	-0.00565	-1.00000	-1.00000	-0.00022	-1.00000	-1.00000	0.00778	-1.00000	-1.00000	0.00031	-1.00000	-1.00000
12095	Bishop	Willow_Pond	un	5319187	-0.00000	-1.00000	-1.00000	-0.00000	-1.00000	-1.00000	-0.00000	-1.00000	-1.00000	0.00004	-1.00000	-1.00000
12103	Bishop	Willow_Pond	un	5324087	0.06897	-1.00000	-1.00000	0.00760	-1.00000	-1.00000	0.00760	-1.00000	-1.00000	0.00012	-1.00000	-1.00000
12105	Bishop	Willow_Pond	un	5325594	0.06897	-1.00000	-1.00000	0.00760	-1.00000	-1.00000	0.00760	-1.00000	-1.00000	0.00011	-1.00000	-1.00000
12109	Bishop	Willow_Pond	un	5328026	0.06541	-1.00000	-1.00000	0.01407	-1.00000	-1.00000	0.05263	-1.00000	-1.00000	0.00037	-1.00000	-1.00000
12116	Bishop	Willow_Pond	un	5330511	0.03448	-1.00000	-1.00000	0.00246	-1.00000	-1.00000	0.00246	-1.00000	-1.00000	0.00008	-1.00000	-1.00000
12128	Bishop	Willow_Pond	un	5337053	0.03448	-1.00000	-1.00000	0.00246	-1.00000	-1.00000	0.00246	-1.00000	-1.00000	0.00008	-1.00000	-1.00000
12135	Bishop	Willow_Pond	un	5340248	0.00697	-1.00000	-1.00000	0.00384	-1.00000	-1.00000	0.07746	-1.00000	-1.00000	0.00056	-1.00000	-1.00000
12137	Bishop	Willow_Pond	un	5341121	0.06897	-1.00000	-1.00000	0.00760	-1.00000	-1.00000	0.00760	-1.00000	-1.00000	0.00013	-1.00000	-1.00000
12139	Bishop	Willow_Pond	un	5342739	0.06897	-1.00000	-1.00000	0.00760	-1.00000	-1.00000	0.00760	-1.00000	-1.00000	0.00015	-1.00000	-1.00000
12143	Bishop	Willow_Pond	un	5345076	-0.00000	-1.00000	-1.00000	-0.00000	-1.00000	-1.00000	-0.01068	-1.00000	-1.00000	0.00032	-1.00000	-1.00000
12155	Bishop	Willow_Pond	un	5351591	-0.00315	-1.00000	-1.00000	-0.00013	-1.00000	-1.00000	-0.01039	-1.00000	-1.00000	0.00037	-1.00000	-1.00000
12162	Bishop	Willow_Pond	un	5355578	0.03448	-1.00000	-1.00000	0.00246	-1.00000	-1.00000	0.00246	-1.00000	-1.00000	0.00008	-1.00000	-1.00000
12163	Bishop	Willow_Pond	un	5356366	0.00251	-1.00000	-1.00000	0.00009	-1.00000	-1.00000	0.00508	-1.00000	-1.00000	0.00012	-1.00000	-1.00000
12164	Bishop	Willow_Pond	un	5357233	-0.00315	-1.00000	-1.00000	-0.00013	-1.00000	-1.00000	-0.00207	-1.00000	-1.00000	0.00028	-1.00000	-1.00000
12165	Bishop	Willow_Pond	un	5358025	-0.04348	-1.00000	-1.00000	-0.00379	-1.00000	-1.00000	-0.02077	-1.00000	-1.00000	0.00046	-1.00000	-1.00000
12166	Bishop	Willow_Pond	un	5358835	0.03114	-1.00000	-1.00000	0.00229	-1.00000	-1.00000	0.00018	-1.00000	-1.00000	0.00016	-1.00000	-1.00000
12169	Bishop	Willow_Pond	un	5359663	-0.02180	-1.00000	-1.00000	-0.01596	-1.00000	-1.00000	0.02871	-1.00000	-1.00000	0.00068	-1.00000	-1.00000
12170	Bishop	Willow_Pond	un	5360443	0.02760	-1.00000	-1.00000	0.00210	-1.00000	-1.00000	0.00246	-1.00000	-1.00000	0.00008	-1.00000	-1.00000
12175	Bishop	Willow_Pond	un	5363561	0.14147	-1.00000	-1.00000	0.03071	-1.00000	-1.00000	0.01546	-1.00000	-1.00000	0.00040	-1.00000	-1.00000
12176	Bishop	Willow_Pond	un	5364375	0.24771	-1.00000	-1.00000	0.21615	-1.00000	-1.00000	0.19859	-1.00000	-1.00000	0.00072	-1.00000	-1.00000
12177	Bishop	Willow_Pond	un	5365217	0.00181	-1.00000	-1.00000	0.00026	-1.00000	-1.00000	0.00026	-1.00000	-1.00000	0.00017	-1.00000	-1.00000
12182	Bishop	Willow_Pond	un	5366768	0.06897	-1.00000	-1.00000	0.00760	-1.00000	-1.00000	0.00760	-1.00000	-1.00000	0.00012	-1.00000	-1.00000
12204	Bishop	Willow_Pond	un	5378356	0.10345	-1.00000	-1.00000	0.01567	-1.00000	-1.00000	0.01567	-1.00000	-1.00000	0.00018	-1.00000	-1.00000
12208	Bishop	Willow_Pond	un	5380753	0.00000	-1.00000	-1.00000	0.00000	-1.00000	-1.00000	0.00508	-1.00000	-1.00000	0.00012	-1.00000	-1.00000
12219	Bishop	Willow_Pond	un	5386316	0.04820	-1.00000	-1.00000	0.00374	-1.00000	-1.00000	0.01220	-1.00000	-1.00000	0.00018	-1.00000	-1.00000
12233	Bishop	Willow_Pond	un	5389945	0.20018	-1.00000	-1.00000	0.20597	-1.00000	-1.00000	0.19814	-1.00000	-1.00000	0.00077	-1.00000	-1.00000
12250	Bishop	Willow_Pond	un	5397833	0.00290	-1.00000	-1.00000	0.00011	-1.00000	-1.00000	0.00589	-1.00000	-1.00000	0.00014	-1.00000	-1.00000
12254	Bishop	Willow_Pond	un	5400203	0.00340	-1.00000	-1.00000	0.00014	-1.00000	-1.00000	-0.00378	-1.00000	-1.00000	0.00042	-1.00000	-1.00000
12262	Bishop	Willow_Pond	un	5403359	0.03448	-1.00000	-1.00000	0.00246	-1.00000	-1.00000	0.00246	-1.00000	-1.00000	0.00008	-1.00000	-1.00000
12265	Bishop	Willow_Pond	un	5405793	-0.03975	-1.00000	-1.00000	-0.00319	-1.00000	-1.00000	0.01151	-1.00000	-1.00000	0.00038	-1.00000	-1.00000
12273	Bishop	Willow_Pond	un	5408977	0.00000	-1.00000	-1.00000	0.00000	-1.00000	-1.00000	0.01515	-1.00000	-1.00000	0.00035	-1.00000	-1.00000
12283	Bishop	Willow_Pond	un	5412175	0.03501	-1.00000	-1.00000	0.01024	-1.00000	-1.00000	0.04452	-1.00000	-1.00000	0.00043	-1.00000	-1.00000
12284	Bishop	Willow_Pond	un	5412961	0.00290	-1.00000	-1.00000	0.00011	-1.00000	-1.00000	0.02159	-1.00000	-1.00000	0.00021	-1.00000	-1.00000
12290	Bishop	Willow_Pond	un	5416835	0.15194	-1.00000	-1.00000	0.02682	-1.00000	-1.00000	0.04215	-1.00000	-1.00000	0.00027	-1.00000	-1.00000
12295	Bishop	Willow_Pond	un	5419164	0.06470	-1.00000	-1.00000	0.00736	-1.00000	-1.00000	0.00760	-1.00000	-1.00000	0.00012	-1.00000	-1.00000
12303	Bishop	Willow_Pond	un	5424592	0.23006	-1.00000	-1.00000	0.06951	-1.00000	-1.00000	0.08696	-1.00000	-1.00000	0.00036	-1.00000	-1.00000
12315	Bishop	Willow_Pond	un	5429337	0.00290	-1.00000	-1.00000	0.00011	-1.00000	-1.00000	0.02159	-1.00000	-1.00000	0.00020	-1.00000	-1.00000
12317	Bishop	Willow_Pond	un	5431018	0.07407	-1.00000	-1.00000	0.00881	-1.00000	-1.00000	0.00881	-1.00000	-1.00000	0.00014	-1.00000	-1.00000
12322	Bishop	Willow_Pond	un	5434842	0.09149	-1.00000	-1.00000	0.02614	-1.00000	-1.00000	0.02948	-1.00000	-1.00000	0.00051	-1.00000	-1.00000
12326	Bishop	Willow_Pond	un	5437417	0.06897	-1.00000	-1.00000	0.00760	-1.00000	-1.00000	0.00760	-1.00000	-1.00000	0.00012	-1.00000	-1.00000
12330	Bishop	Willow_Pond	un	5439020	-0.00235	-1.00000	-1.00000	-0.00008	-1.00000	-1.00000	-0.00000	-1.00000	-1.00000	0.00004	-1.00000	-1.00000
12335	Bishop	Willow_Pond	un	5441432	-0.00767	-1.00000	-1.00000	-0.00029	-1.00000	-1.00000	0.01323	-1.00000	-1.00000	0.00022	-1.00000	-1.00000
12337	Bishop	Willow_Pond	un	5442224	0.22222	-1.00000	-1.00000	0.06897	-1.00000	-1.00000	0.08696	-1.00000	-1.00000	0.00039	-1.00000	-1.00000
12343	Bishop	Willow_Pond	un	5442987	0.58621	-1.00000	-1.00000	0.46789	-1.00000	-1.00000	0.46789	-1.00000	-1.00000	0.00075	-1.00000	-1.00000
12370	Bishop	Willow_Pond	un	5456533	-0.00000	-1.00000	-1.00000	-0.00000	-1.00000	-1.00000	-0.00000	-1.00000	-1.00000	0.00004	-1.00000	-1.00000
12372	Bishop	Willow_Pond	un	5458168	0.23006	-1.00000	-1.00000	0.06951	-1.00000	-1.00000	0.08696	-1.00000	-1.00000	0.00036	-1.00000	-1.00000
12388	Bishop	Willow_Pond	un	5464738	0.10345	-1.00000	-1.00000	0.01567	-1.00000	-1.00000	0.01567	-1.00000	-1.00000	0.00017	-1.00000	-1.00000
12391	Bishop	Willow_Pond	un	5466213	0.02672	-1.00000	-1.00000	0.00556	-1.00000	-1.00000	-0.00052	-1.00000	-1.00000	0.00032	-1.00000	-1.00000
12400	Bishop	Willow_Pond	un	5470416	0.00561	-1.00000	-1.00000	0.00021	-1.00000	-1.00000	0.00589	-1.00000	-1.00000	0.00012	-1.00000	-1.00000
12412	Bishop	Willow_Pond	un	5474572	0.20818	-1.00000	-1.00000	0.05720	-1.00000	-1.00000	0.05181	-1.00000	-1.00000	0.00039	-1.00000	-1.00000
12427	Bishop	Willow_Pond	un	5481857	-0.00000	-1.00000	-1.00000	-0.00000	-1.00000	-1.00000	-0.00607	-1.00000	-1.00000	0.00027	-1.00000	-1.00000
12429	Bishop	Willow_Pond	un	5483437	0.04000	-1.00000	-1.00000	0.00332	-1.00000	-1.00000	0.00545	-1.00000	-1.00000	0.00030	-1.00000	-1.00000
12448	Bishop	Willow_Pond	un	5491669	0.12296	-1.00000	-1.00000	0.03857	-1.00000	-1.00000	0.04879	-1.00000	-1.00000	0.00048	-1.00000	-1.00000
12451	Bishop	Willow_Pond	un	5494056	-0.00315	-1.00000	-1.00000	-0.00013	-1.00000	-1.00000	-0.00207	-1.00000	-1.00000	0.00037	-1.00000	-1.00000
12458	Bishop	Willow_Pond	un	5497142	-0.02844	-1.00000	-1.00000	-0.00634	-1.00000	-1.00000	-0.01464	-1.00000	-1.00000	0.00044	-1.00000	-1.00000
12469	Bishop	Willow_Pond	un	5500253	0.15549	-1.00000	-1.00000	0.05898	-1.00000	-1.00000	0.04757	-1.00000	-1.00000	0.00042	-1.00000	-1.00000
12470	Bishop	Willow_Pond	un	5501048	-0.04160	-1.00000	-1.00000	-0.00347	-1.00000	-1.00000	0.01607	-1.00000	-1.00000	0.00029	-1.00000	-1.00000
12472	Bishop	Willow_Pond	un	5502590	0.07875	-1.00000	-1.00000	0.00908	-1.00000	-1.00000	0.00881	-1.00000	-1.00000	0.00014	-1.00000	-1.00000
12476	Bishop	Willow_Pond	un	5504168	0.00656	-1.00000	-1.00000	0.00026	-1.00000	-1.00000	0.05121	-1.00000	-1.00000	0.00031	-1.00000	-1.00000
12484	Bishop	Willow_Pond	un	5508952	0.06897	-1.00000	-1.00000	0.00760	-1.00000	-1.00000	0.00760	-1.00000	-1.00000	0.00013	-1.00000	-1.00000
12491	Bishop	Willow_Pond	un	5512964	0.09321	-1.00000	-1.00000	0.01269	-1.00000	-1.00000	0.04183	-1.00000	-1.00000	0.00038	-1.00000	-1.00000
12493	Bishop	Willow_Pond	un	5513850	0.04950	-1.00000	-1.00000	0.01526	-1.00000	-1.00000	0.08881	-1.00000	-1.00000	0.00046	-1.00000	-1.00000
12503	Bishop	Willow_Pond	un	5518799	-0.03684	-1.00000	-1.00000	-0.00273	-1.00000	-1.00000	0.01433	-1.00000	-1.00000	0.00025	-1.00000	-1.00000
12510	Bishop	Willow_Pond	un	5521920	-0.00000	-1.00000	-1.00000	-0.00000	-1.00000	-1.00000	-0.00000	-1.00000	-1.00000	0.00005	-1.00000	-1.00000
12516	Bishop	Willow_Pond	un	5523998	0.16737	-1.00000	-1.00000	0.06887	-1.00000	-1.00000	0.06209	-1.00000	-1.00000	0.00052	-1.00000	-1.00000
12518	Bishop	Willow_Pond	un	5525527	-0.00000	-1.00000	-1.00000	-0.00000	-1.00000	-1.00000	-0.00050	-1.00000	-1.00000	0.00028	-1.00000	-1.00000
12519	Bishop	Willow_Pond	un	5526314	0.36361	-1.00000	-1.00000	0.23427	-1.00000	-1.00000	0.23348	-1.00000	-1.00000	0.00085	-1.00000	-1.00000
12525	Bishop	Willow_Pond	un	5527803	0.00656	-1.00000	-1.00000	0.00026	-1.00000	-1.00000	0.00261	-1.00000	-1.00000	0.00027	-1.00000	-1.00000
12534	Bishop	Willow_Pond	un	5530214	0.03448	-1.00000	-1.00000	0.00246	-1.00000	-1.00000	0.00246	-1.00000	-1.00000	0.00008	-1.00000	-1.00000
12551	Bishop	Willow_Pond	un	5537489	0.23078	-1.00000	-1.00000	0.08046	-1.00000	-1.00000	0.05112	-1.00000	-1.00000	0.00056	-1.00000	-1.00000
12562	Bishop	Willow_Pond	un	5543926	0.07569	-1.00000	-1.00000	0.01821	-1.00000	-1.00000	0.01786	-1.00000	-1.00000	0.00024	-1.00000	-1.00000
12564	Bishop	Willow_Pond	un	5545539	0.60377	-1.00000	-1.00000	0.56029	-1.00000	-1.00000	0.55845	-1.00000	-1.00000	0.00096	-1.00000	-1.00000
12571	Bishop	Willow_Pond	un	5548674	0.00000	-1.00000	-1.00000	0.00000	-1.00000	-1.00000	0.00508	-1.00000	-1.00000	0.00013	-1.00000	-1.00000
12581	Bishop	Willow_Pond	un	5553214	0.06897	-1.00000	-1.00000	0.00760	-1.00000	-1.00000	0.00760	-1.00000	-1.00000	0.00013	-1.00000	-1.00000
12584	Bishop	Willow_Pond	un	5554001	-0.03684	-1.00000	-1.00000	-0.00273	-1.00000	-1.00000	-0.00276	-1.00000	-1.00000	0.00008	-1.00000	-1.00000
12594	Bishop	Willow_Pond	un	5558852	0.04429	-1.00000	-1.00000	0.00935	-1.00000	-1.00000	0.02098	-1.00000	-1.00000	0.00031	-1.00000	-1.00000
12611	Bishop	Willow_Pond	un	5564396	0.09054	-1.00000	-1.00000	0.01094	-1.00000	-1.00000	0.02205	-1.00000	-1.00000	0.00021	-1.00000	-1.00000
12613	Bishop	Willow_Pond	un	5566146	0.00210	-1.00000	-1.00000	0.00033	-1.00000	-1.00000	-0.00498	-1.00000	-1.00000	0.00029	-1.00000	-1.00000
12635	Bishop	Willow_Pond	un	5574795	0.00656	-1.00000	-1.00000	0.00026	-1.00000	-1.00000	0.01989	-1.00000	-1.00000	0.00035	-1.00000	-1.00000
12636	Bishop	Willow_Pond	un	5575581	0.07875	-1.00000	-1.00000	0.00908	-1.00000	-1.00000	0.01894	-1.00000	-1.00000	0.00021	-1.00000	-1.00000
12637	Bishop	Willow_Pond	un	5576373	0.19458	-1.00000	-1.00000	0.17619	-1.00000	-1.00000	0.16826	-1.00000	-1.00000	0.00075	-1.00000	-1.00000
12646	Bishop	Willow_Pond	un	5577999	0.06024	-1.00000	-1.00000	0.00707	-1.00000	-1.00000	0.00760	-1.00000	-1.00000	0.00013	-1.00000	-1.00000
12647	Bishop	Willow_Pond	un	5578779	0.00251	-1.00000	-1.00000	0.00009	-1.00000	-1.00000	0.00508	-1.00000	-1.00000	0.00013	-1.00000	-1.00000
12658	Bishop	Willow_Pond	un	5582652	0.16584	-1.00000	-1.00000	0.04086	-1.00000	-1.00000	0.03045	-1.00000	-1.00000	0.00028	-1.00000	-1.00000
12659	Bishop	Willow_Pond	un	5583573	0.10345	-1.00000	-1.00000	0.01567	-1.00000	-1.00000	0.01567	-1.00000	-1.00000	0.00018	-1.00000	-1.00000
12663	Bishop	Willow_Pond	un	5585868	0.00561	-1.00000	-1.00000	0.00021	-1.00000	-1.00000	0.02159	-1.00000	-1.00000	0.00020	-1.00000	-1.00000
12671	Bishop	Willow_Pond	un	5588320	0.00000	-1.00000	-1.00000	0.00000	-1.00000	-1.00000	0.00508	-1.00000	-1.00000	0.00012	-1.00000	-1.00000
12672	Bishop	Willow_Pond	un	5589139	0.10345	-1.00000	-1.00000	0.01567	-1.00000	-1.00000	0.01567	-1.00000	-1.00000	0.00017	-1.00000	-1.00000
12677	Bishop	Willow_Pond	un	5591486	-0.00000	-1.00000	-1.00000	-0.00000	-1.00000	-1.00000	-0.00050	-1.00000	-1.00000	0.00025	-1.00000	-1.00000
12679	Bishop	Willow_Pond	un	5592351	0.32377	-1.00000	-1.00000	0.15551	-1.00000	-1.00000	0.17666	-1.00000	-1.00000	0.00050	-1.00000	-1.00000
12680	Bishop	Willow_Pond	un	5593155	0.21411	-1.00000	-1.00000	0.06834	-1.00000	-1.00000	0.04879	-1.00000	-1.00000	0.00049	-1.00000	-1.00000
12683	Bishop	Willow_Pond	un	5593934	-0.02184	-1.00000	-1.00000	-0.00259	-1.00000	-1.00000	-0.00809	-1.00000	-1.00000	0.00020	-1.00000	-1.00000
12684	Bishop	Willow_Pond	un	5595047	-0.00767	-1.00000	-1.00000	-0.00029	-1.00000	-1.00000	0.01323	-1.00000	-1.00000	0.00021	-1.00000	-1.00000
12687	Bishop	Willow_Pond	un	5595847	-0.03841	-1.00000	-1.00000	-0.00296	-1.00000	-1.00000	0.01378	-1.00000	-1.00000	0.00020	-1.00000	-1.00000
12700	Bishop	Willow_Pond	un	5601732	0.00251	-1.00000	-1.00000	0.00009	-1.00000	-1.00000	0.00508	-1.00000	-1.00000	0.00012	-1.00000	-1.00000
12710	Bishop	Willow_Pond	un	5607532	-0.02245	-1.00000	-1.00000	-0.00238	-1.00000	-1.00000	-0.00238	-1.00000	-1.00000	0.00012	-1.00000	-1.00000
12731	Bishop	Willow_Pond	un	5616895	0.00656	-1.00000	-1.00000	0.00026	-1.00000	-1.00000	0.02512	-1.00000	-1.00000	0.00021	-1.00000	-1.00000
12744	Bishop	Willow_Pond	un	5623958	-0.00235	-1.00000	-1.00000	-0.00008	-1.00000	-1.00000	-0.00000	-1.00000	-1.00000	0.00004	-1.00000	-1.00000
12750	Bishop	Willow_Pond	un	5628152	0.16840	-1.00000	-1.00000	0.17345	-1.00000	-1.00000	0.16857	-1.00000	-1.00000	0.00077	-1.00000	-1.00000
12754	Bishop	Willow_Pond	un	5630508	-0.00975	-1.00000	-1.00000	-0.00235	-1.00000	-1.00000	-0.00787	-1.00000	-1.00000	0.00036	-1.00000	-1.00000
12755	Bishop	Willow_Pond	un	5631313	0.00210	-1.00000	-1.00000	0.00033	-1.00000	-1.00000	0.00807	-1.00000	-1.00000	0.00024	-1.00000	-1.00000
12764	Bishop	Willow_Pond	un	5636826	0.04820	-1.00000	-1.00000	0.00374	-1.00000	-1.00000	0.01220	-1.00000	-1.00000	0.00017	-1.00000	-1.00000
12775	Bishop	Willow_Pond	un	5640844	0.04067	-1.00000	-1.00000	0.00302	-1.00000	-1.00000	0.01050	-1.00000	-1.00000	0.00016	-1.00000	-1.00000
12776	Bishop	Willow_Pond	un	5641690	-0.00000	-1.00000	-1.00000	-0.00000	-1.00000	-1.00000	-0.00000	-1.00000	-1.00000	0.00004	-1.00000	-1.00000
12777	Bishop	Willow_Pond	un	5642492	-0.00489	-1.00000	-1.00000	-0.00018	-1.00000	-1.00000	0.01104	-1.00000	-1.00000	0.00019	-1.00000	-1.00000
12782	Bishop	Willow_Pond	un	5646595	0.03448	-1.00000	-1.00000	0.00246	-1.00000	-1.00000	0.00246	-1.00000	-1.00000	0.00007	-1.00000	-1.00000
12794	Bishop	Willow_Pond	un	5653412	-0.03841	-1.00000	-1.00000	-0.00296	-1.00000	-1.00000	-0.00486	-1.00000	-1.00000	0.00027	-1.00000	-1.00000
12804	Bishop	Willow_Pond	un	5656675	0.00340	-1.00000	-1.00000	0.00014	-1.00000	-1.00000	-0.00378	-1.00000	-1.00000	0.00035	-1.00000	-1.00000
12805	Bishop	Willow_Pond	un	5657554	0.04420	-1.00000	-1.00000	0.00354	-1.00000	-1.00000	0.03064	-1.00000	-1.00000	0.00026	-1.00000	-1.00000
12827	Bishop	Willow_Pond	un	5667029	0.02760	-1.00000	-1.00000	0.00210	-1.00000	-1.00000	0.00246	-1.00000	-1.00000	0.00009	-1.00000	-1.00000
12836	Bishop	Willow_Pond	un	5672639	-0.00270	-1.00000	-1.00000	-0.00010	-1.00000	-1.00000	-0.00558	-1.00000	-1.00000	0.00020	-1.00000	-1.00000
12851	Bishop	Willow_Pond	un	5676610	-0.01392	-1.00000	-1.00000	-0.00826	-1.00000	-1.00000	-0.01039	-1.00000	-1.00000	0.00067	-1.00000	-1.00000
12852	Bishop	Willow_Pond	un	5677414	0.03114	-1.00000	-1.00000	0.00229	-1.00000	-1.00000	0.00246	-1.00000	-1.00000	0.00008	-1.00000	-1.00000
12866	Bishop	Willow_Pond	un	5684810	0.45419	-1.00000	-1.00000	0.27868	-1.00000	-1.00000	0.29725	-1.00000	-1.00000	0.00056	-1.00000	-1.00000
12888	Bishop	Willow_Pond	un	5693763	0.10833	-1.00000	-1.00000	0.07139	-1.00000	-1.00000	0.08018	-1.00000	-1.00000	0.00068	-1.00000	-1.00000
12889	Bishop	Willow_Pond	un	5694530	-0.03704	-1.00000	-1.00000	-0.00275	-1.00000	-1.00000	-0.00019	-1.00000	-1.00000	0.00016	-1.00000	-1.00000
12896	Bishop	Willow_Pond	un	5697547	0.06897	-1.00000	-1.00000	0.00760	-1.00000	-1.00000	0.00760	-1.00000	-1.00000	0.00011	-1.00000	-1.00000
12921	Bishop	Willow_Pond	un	5707121	-0.01226	-1.00000	-1.00000	-0.00544	-1.00000	-1.00000	0.02525	-1.00000	-1.00000	0.00057	-1.00000	-1.00000
12935	Bishop	Willow_Pond	un	5713604	-0.00235	-1.00000	-1.00000	-0.00008	-1.00000	-1.00000	-0.00000	-1.00000	-1.00000	0.00004	-1.00000	-1.00000
12941	Bishop	Willow_Pond	un	5715969	0.15460	-1.00000	-1.00000	0.03162	-1.00000	-1.00000	0.04578	-1.00000	-1.00000	0.00029	-1.00000	-1.00000
12944	Bishop	Willow_Pond	un	5718416	-0.03684	-1.00000	-1.00000	-0.00273	-1.00000	-1.00000	0.00061	-1.00000	-1.00000	0.00018	-1.00000	-1.00000
12946	Bishop	Willow_Pond	un	5720013	-0.00489	-1.00000	-1.00000	-0.00018	-1.00000	-1.00000	0.00029	-1.00000	-1.00000	0.00012	-1.00000	-1.00000
12952	Bishop	Willow_Pond	un	5722521	0.02912	-1.00000	-1.00000	0.00239	-1.00000	-1.00000	0.01034	-1.00000	-1.00000	0.00025	-1.00000	-1.00000
12957	Bishop	Willow_Pond	un	5725817	-0.03841	-1.00000	-1.00000	-0.00296	-1.00000	-1.00000	-0.00486	-1.00000	-1.00000	0.00033	-1.00000	-1.00000
12967	Bishop	Willow_Pond	un	5729755	0.00340	-1.00000	-1.00000	0.00014	-1.00000	-1.00000	-0.01093	-1.00000	-1.00000	0.00035	-1.00000	-1.00000
12970	Bishop	Willow_Pond	un	5731308	-0.00235	-1.00000	-1.00000	-0.00008	-1.00000	-1.00000	-0.00000	-1.00000	-1.00000	0.00004	-1.00000	-1.00000
12971	Bishop	Willow_Pond	un	5732115	0.57018	-1.00000	-1.00000	0.43353	-1.00000	-1.00000	0.43951	-1.00000	-1.00000	0.00079	-1.00000	-1.00000
12980	Bishop	Willow_Pond	un	5736125	0.00251	-1.00000	-1.00000	0.00009	-1.00000	-1.00000	-0.00000	-1.00000	-1.00000	0.00004	-1.00000	-1.00000
12983	Bishop	Willow_Pond	un	5736920	-0.03704	-1.00000	-1.00000	-0.00275	-1.00000	-1.00000	-0.00786	-1.00000	-1.00000	0.00024	-1.00000	-1.00000
12985	Bishop	Willow_Pond	un	5737704	0.03448	-1.00000	-1.00000	0.00246	-1.00000	-1.00000	0.00246	-1.00000	-1.00000	0.00007	-1.00000	-1.00000
12992	Bishop	Willow_Pond	un	5742709	0.04021	-1.00000	-1.00000	0.00783	-1.00000	-1.00000	0.01790	-1.00000	-1.00000	0.00027	-1.00000	-1.00000
13009	Bishop	Willow_Pond	un	5748374	0.09054	-1.00000	-1.00000	0.01094	-1.00000	-1.00000	0.01033	-1.00000	-1.00000	0.00014	-1.00000	-1.00000
13013	Bishop	Willow_Pond	un	5750876	0.22677	-1.00000	-1.00000	0.06831	-1.00000	-1.00000	0.08200	-1.00000	-1.00000	0.00059	-1.00000	-1.00000
13021	Bishop	Willow_Pond	un	5754248	-0.01798	-1.00000	-1.00000	-0.00206	-1.00000	-1.00000	0.00412	-1.00000	-1.00000	0.00018	-1.00000	-1.00000
13027	Bishop	Willow_Pond	un	5758263	0.04420	-1.00000	-1.00000	0.00354	-1.00000	-1.00000	0.03064	-1.00000	-1.00000	0.00025	-1.00000	-1.00000
13028	Bishop	Willow_Pond	un	5759060	0.13538	-1.00000	-1.00000	0.04649	-1.00000	-1.00000	0.08439	-1.00000	-1.00000	0.00048	-1.00000	-1.00000
13032	Bishop	Willow_Pond	un	5760768	0.13793	-1.00000	-1.00000	0.02685	-1.00000	-1.00000	0.02685	-1.00000	-1.00000	0.00020	-1.00000	-1.00000
13033	Bishop	Willow_Pond	un	5761615	-0.00489	-1.00000	-1.00000	-0.00018	-1.00000	-1.00000	-0.00000	-1.00000	-1.00000	0.00004	-1.00000	-1.00000
13041	Bishop	Willow_Pond	un	5766452	-0.00000	-1.00000	-1.00000	-0.00000	-1.00000	-1.00000	-0.00000	-1.00000	-1.00000	0.00004	-1.00000	-1.00000
13042	Bishop	Willow_Pond	un	5767225	-0.00000	-1.00000	-1.00000	-0.00000	-1.00000	-1.00000	-0.01068	-1.00000	-1.00000	0.00032	-1.00000	-1.00000
13045	Bishop	Willow_Pond	un	5768660	-0.00000	-1.00000	-1.00000	-0.00000	-1.00000	-1.00000	-0.01068	-1.00000	-1.00000	0.00033	-1.00000	-1.00000
13061	Bishop	Willow_Pond	un	5777544	-0.00000	-1.00000	-1.00000	-0.00000	-1.00000	-1.00000	-0.00000	-1.00000	-1.00000	0.00004	-1.00000	-1.00000
13062	Bishop	Willow_Pond	un	5778408	0.20551	-1.00000	-1.00000	0.08704	-1.00000	-1.00000	0.09969	-1.00000	-1.00000	0.00056	-1.00000	-1.00000
13066	Bishop	Willow_Pond	un	5779999	0.04812	-1.00000	-1.00000	0.02176	-1.00000	-1.00000	0.02948	-1.00000	-1.00000	0.00054	-1.00000	-1.00000
13069	Bishop	Willow_Pond	un	5780822	0.00290	-1.00000	-1.00000	0.00011	-1.00000	-1.00000	0.00088	-1.00000	-1.00000	0.00028	-1.00000	-1.00000
13072	Bishop	Willow_Pond	un	5782430	0.07729	-1.00000	-1.00000	0.04432	-1.00000	-1.00000	0.02796	-1.00000	-1.00000	0.00057	-1.00000	-1.00000
13088	Bishop	Willow_Pond	un	5788912	0.02760	-1.00000	-1.00000	0.00210	-1.00000	-1.00000	0.00021	-1.00000	-1.00000	0.00016	-1.00000	-1.00000
13093	Bishop	Willow_Pond	un	5791305	0.21663	-1.00000	-1.00000	0.08930	-1.00000	-1.00000	0.08809	-1.00000	-1.00000	0.00040	-1.00000	-1.00000
13104	Bishop	Willow_Pond	un	5796056	0.00290	-1.00000	-1.00000	0.00011	-1.00000	-1.00000	0.00088	-1.00000	-1.00000	0.00027	-1.00000	-1.00000
13109	Bishop	Willow_Pond	un	5799326	0.00340	-1.00000	-1.00000	0.00014	-1.00000	-1.00000	0.00691	-1.00000	-1.00000	0.00014	-1.00000	-1.00000
13111	Bishop	Willow_Pond	un	5800969	0.06470	-1.00000	-1.00000	0.00736	-1.00000	-1.00000	0.00760	-1.00000	-1.00000	0.00012	-1.00000	-1.00000
13131	Bishop	Willow_Pond	un	5808007	0.03320	-1.00000	-1.00000	0.00263	-1.00000	-1.00000	0.00284	-1.00000	-1.00000	0.00009	-1.00000	-1.00000
13135	Bishop	Willow_Pond	un	5809673	0.03108	-1.00000	-1.00000	0.00579	-1.00000	-1.00000	0.00579	-1.00000	-1.00000	0.00020	-1.00000	-1.00000
13141	Bishop	Willow_Pond	un	5812097	0.66667	-1.00000	-1.00000	0.58462	-1.00000	-1.00000	0.57842	-1.00000	-1.00000	0.00090	-1.00000	-1.00000
13148	Bishop	Willow_Pond	un	5815954	0.23006	-1.00000	-1.00000	0.06951	-1.00000	-1.00000	0.08696	-1.00000	-1.00000	0.00046	-1.00000	-1.00000
13152	Bishop	Willow_Pond	un	5819117	0.19238	-1.00000	-1.00000	0.04856	-1.00000	-1.00000	0.04808	-1.00000	-1.00000	0.00028	-1.00000	-1.00000
13155	Bishop	Willow_Pond	un	5820642	0.00290	-1.00000	-1.00000	0.00011	-1.00000	-1.00000	0.02159	-1.00000	-1.00000	0.00021	-1.00000	-1.00000
13158	Bishop	Willow_Pond	un	5822254	0.00656	-1.00000	-1.00000	0.00026	-1.00000	-1.00000	0.00691	-1.00000	-1.00000	0.00014	-1.00000	-1.00000
13166	Bishop	Willow_Pond	un	5827145	0.06897	-1.00000	-1.00000	0.00760	-1.00000	-1.00000	0.00760	-1.00000	-1.00000	0.00012	-1.00000	-1.00000
13173	Bishop	Willow_Pond	un	5830355	0.00251	-1.00000	-1.00000	0.00009	-1.00000	-1.00000	0.00508	-1.00000	-1.00000	0.00011	-1.00000	-1.00000
13175	Bishop	Willow_Pond	un	5832066	-0.03841	-1.00000	-1.00000	-0.00296	-1.00000	-1.00000	-0.00486	-1.00000	-1.00000	0.00028	-1.00000	-1.00000
13198	Bishop	Willow_Pond	un	5842371	-0.00000	-1.00000	-1.00000	-0.00000	-1.00000	-1.00000	-0.00000	-1.00000	-1.00000	0.00004	-1.00000	-1.00000
13199	Bishop	Willow_Pond	un	5843225	0.03448	-1.00000	-1.00000	0.00246	-1.00000	-1.00000	0.00246	-1.00000	-1.00000	0.00008	-1.00000	-1.00000
13208	Bishop	Willow_Pond	un	5849009	0.09054	-1.00000	-1.00000	0.01094	-1.00000	-1.00000	0.02205	-1.00000	-1.00000	0.00022	-1.00000	-1.00000
13215	Bishop	Willow_Pond	un	5850587	0.14632	-1.00000	-1.00000	0.04868	-1.00000	-1.00000	0.08935	-1.00000	-1.00000	0.00057	-1.00000	-1.00000
13225	Bishop	Willow_Pond	un	5854307	0.11329	-1.00000	-1.00000	0.02085	-1.00000	-1.00000	0.00075	-1.00000	-1.00000	0.00046	-1.00000	-1.00000
13231	Bishop	Willow_Pond	un	5856795	0.41649	-1.00000	-1.00000	0.29069	-1.00000	-1.00000	0.30039	-1.00000	-1.00000	0.00070	-1.00000	-1.00000
13235	Bishop	Willow_Pond	un	5859232	0.00290	-1.00000	-1.00000	0.00011	-1.00000	-1.00000	-0.00518	-1.00000	-1.00000	0.00019	-1.00000	-1.00000
13240	Bishop	Willow_Pond	un	5861698	0.03038	-1.00000	-1.00000	0.01005	-1.00000	-1.00000	0.01705	-1.00000	-1.00000	0.00051	-1.00000	-1.00000
13241	Bishop	Willow_Pond	un	5862470	0.11111	-1.00000	-1.00000	0.01818	-1.00000	-1.00000	0.03064	-1.00000	-1.00000	0.00024	-1.00000	-1.00000
13256	Bishop	Willow_Pond	un	5867400	0.16575	-1.00000	-1.00000	0.09587	-1.00000	-1.00000	0.18118	-1.00000	-1.00000	0.00062	-1.00000	-1.00000
13271	Bishop	Willow_Pond	un	5875156	0.09321	-1.00000	-1.00000	0.01269	-1.00000	-1.00000	0.00163	-1.00000	-1.00000	0.00040	-1.00000	-1.00000
13277	Bishop	Willow_Pond	un	5880205	0.23078	-1.00000	-1.00000	0.08046	-1.00000	-1.00000	0.06443	-1.00000	-1.00000	0.00053	-1.00000	-1.00000
13282	Bishop	Willow_Pond	un	5883444	0.10495	-1.00000	-1.00000	0.01335	-1.00000	-1.00000	0.01227	-1.00000	-1.00000	0.00015	-1.00000	-1.00000
13295	Bishop	Willow_Pond	un	5888389	0.39130	-1.00000	-1.00000	0.21845	-1.00000	-1.00000	0.18175	-1.00000	-1.00000	0.00068	-1.00000	-1.00000
13297	Bishop	Willow_Pond	un	5889988	0.49758	-1.00000	-1.00000	0.48716	-1.00000	-1.00000	0.45775	-1.00000	-1.00000	0.00088	-1.00000	-1.00000
13299	Bishop	Willow_Pond	un	5890823	-0.00384	-1.00000	-1.00000	-0.00090	-1.00000	-1.00000	0.00705	-1.00000	-1.00000	0.00030	-1.00000	-1.00000
13302	Bishop	Willow_Pond	un	5891639	-0.00000	-1.00000	-1.00000	-0.00000	-1.00000	-1.00000	-0.01068	-1.00000	-1.00000	0.00032	-1.00000	-1.00000
13305	Bishop	Willow_Pond	un	5893329	0.00951	-1.00000	-1.00000	0.00037	-1.00000	-1.00000	0.02512	-1.00000	-1.00000	0.00023	-1.00000	-1.00000
13320	Bishop	Willow_Pond	un	5899717	0.04067	-1.00000	-1.00000	0.00302	-1.00000	-1.00000	0.00284	-1.00000	-1.00000	0.00009	-1.00000	-1.00000
13327	Bishop	Willow_Pond	un	5902124	0.00561	-1.00000	-1.00000	0.00021	-1.00000	-1.00000	0.00589	-1.00000	-1.00000	0.00013	-1.00000	-1.00000
13329	Bishop	Willow_Pond	un	5903752	0.06897	-1.00000	-1.00000	0.00760	-1.00000	-1.00000	0.00760	-1.00000	-1.00000	0.00013	-1.00000	-1.00000
13338	Bishop	Willow_Pond	un	5908649	0.03320	-1.00000	-1.00000	0.00263	-1.00000	-1.00000	0.00284	-1.00000	-1.00000	0.00009	-1.00000	-1.00000
13343	Bishop	Willow_Pond	un	5911078	0.03448	-1.00000	-1.00000	0.00246	-1.00000	-1.00000	0.00246	-1.00000	-1.00000	0.00010	-1.00000	-1.00000
13349	Bishop	Willow_Pond	un	5913347	0.37986	-1.00000	-1.00000	0.19396	-1.00000	-1.00000	0.19332	-1.00000	-1.00000	0.00047	-1.00000	-1.00000
13371	Bishop	Willow_Pond	un	5921042	0.14147	-1.00000	-1.00000	0.03071	-1.00000	-1.00000	0.02098	-1.00000	-1.00000	0.00032	-1.00000	-1.00000
13382	Bishop	Willow_Pond	un	5928169	-0.00489	-1.00000	-1.00000	-0.00018	-1.00000	-1.00000	0.01104	-1.00000	-1.00000	0.00021	-1.00000	-1.00000
13383	Bishop	Willow_Pond	un	5928931	0.38428	-1.00000	-1.00000	0.30397	-1.00000	-1.00000	0.29575	-1.00000	-1.00000	0.00081	-1.00000	-1.00000
13391	Bishop	Willow_Pond	un	5931335	-0.00235	-1.00000	-1.00000	-0.00008	-1.00000	-1.00000	-0.00000	-1.00000	-1.00000	0.00004	-1.00000	-1.00000
13401	Bishop	Willow_Pond	un	5937652	0.08538	-1.00000	-1.00000	0.01066	-1.00000	-1.00000	0.00535	-1.00000	-1.00000	0.00028	-1.00000	-1.00000
13404	Bishop	Willow_Pond	un	5939321	0.13263	-1.00000	-1.00000	0.02215	-1.00000	-1.00000	0.05900	-1.00000	-1.00000	0.00032	-1.00000	-1.00000
13413	Bishop	Willow_Pond	un	5942359	0.05304	-1.00000	-1.00000	0.00446	-1.00000	-1.00000	0.03024	-1.00000	-1.00000	0.00036	-1.00000	-1.00000
13423	Bishop	Willow_Pond	un	5947007	0.33518	-1.00000	-1.00000	0.13430	-1.00000	-1.00000	0.18797	-1.00000	-1.00000	0.00054	-1.00000	-1.00000
13429	Bishop	Willow_Pond	un	5948518	-0.02782	-1.00000	-1.00000	-0.00329	-1.00000	-1.00000	-0.00790	-1.00000	-1.00000	0.00031	-1.00000	-1.00000
13430	Bishop	Willow_Pond	un	5949381	0.18336	-1.00000	-1.00000	0.12629	-1.00000	-1.00000	0.11012	-1.00000	-1.00000	0.00065	-1.00000	-1.00000
13448	Bishop	Willow_Pond	un	5959510	0.00251	-1.00000	-1.00000	0.00009	-1.00000	-1.00000	-0.00000	-1.00000	-1.00000	0.00004	-1.00000	-1.00000
13463	Bishop	Willow_Pond	un	5966762	0.53309	-1.00000	-1.00000	0.38212	-1.00000	-1.00000	0.41004	-1.00000	-1.00000	0.00081	-1.00000	-1.00000
13471	Bishop	Willow_Pond	un	5969880	-0.03567	-1.00000	-1.00000	-0.00255	-1.00000	-1.00000	0.00018	-1.00000	-1.00000	0.00016	-1.00000	-1.00000
13475	Bishop	Willow_Pond	un	5970698	0.07407	-1.00000	-1.00000	0.00881	-1.00000	-1.00000	0.01894	-1.00000	-1.00000	0.00021	-1.00000	-1.00000
13482	Bishop	Willow_Pond	un	5973123	-0.00565	-1.00000	-1.00000	-0.00022	-1.00000	-1.00000	0.03423	-1.00000	-1.00000	0.00032	-1.00000	-1.00000
13483	Bishop	Willow_Pond	un	5973842	0.24449	-1.00000	-1.00000	0.21065	-1.00000	-1.00000	0.28239	-1.00000	-1.00000	0.00078	-1.00000	-1.00000
13486	Bishop	Willow_Pond	un	5975493	-0.04160	-1.00000	-1.00000	-0.00347	-1.00000	-1.00000	0.00877	-1.00000	-1.00000	0.00038	-1.00000	-1.00000
13493	Bishop	Willow_Pond	un	5978675	0.77242	-1.00000	-1.00000	0.77951	-1.00000	-1.00000	0.78077	-1.00000	-1.00000	0.00101	-1.00000	-1.00000
13495	Bishop	Willow_Pond	un	5980310	0.20603	-1.00000	-1.00000	0.15520	-1.00000	-1.00000	0.17036	-1.00000	-1.00000	0.00064	-1.00000	-1.00000
13501	Bishop	Willow_Pond	un	5981917	0.84696	-1.00000	-1.00000	0.83630	-1.00000	-1.00000	0.83568	-1.00000	-1.00000	0.00112	-1.00000	-1.00000
13502	Bishop	Willow_Pond	un	5982699	0.33518	-1.00000	-1.00000	0.13430	-1.00000	-1.00000	0.22408	-1.00000	-1.00000	0.00069	-1.00000	-1.00000
13505	Bishop	Willow_Pond	un	5985036	0.15460	-1.00000	-1.00000	0.03162	-1.00000	-1.00000	0.03120	-1.00000	-1.00000	0.00023	-1.00000	-1.00000
13516	Bishop	Willow_Pond	un	5991493	0.03704	-1.00000	-1.00000	0.00284	-1.00000	-1.00000	0.00284	-1.00000	-1.00000	0.00009	-1.00000	-1.00000
13517	Bishop	Willow_Pond	un	5992313	0.61801	-1.00000	-1.00000	0.53230	-1.00000	-1.00000	0.57868	-1.00000	-1.00000	0.00097	-1.00000	-1.00000
13529	Bishop	Willow_Pond	un	5997092	-0.00315	-1.00000	-1.00000	-0.00013	-1.00000	-1.00000	-0.01039	-1.00000	-1.00000	0.00041	-1.00000	-1.00000
13530	Bishop	Willow_Pond	un	5997849	0.00000	-1.00000	-1.00000	0.00000	-1.00000	-1.00000	-0.01276	-1.00000	-1.00000	0.00037	-1.00000	-1.00000
13535	Bishop	Willow_Pond	un	6000184	-0.00000	-1.00000	-1.00000	-0.00000	-1.00000	-1.00000	-0.00000	-1.00000	-1.00000	0.00004	-1.00000	-1.00000
13539	Bishop	Willow_Pond	un	6001807	0.07397	-1.00000	-1.00000	0.01997	-1.00000	-1.00000	0.00555	-1.00000	-1.00000	0.00055	-1.00000	-1.00000
13560	Bishop	Willow_Pond	un	6011095	0.06897	-1.00000	-1.00000	0.00760	-1.00000	-1.00000	0.00760	-1.00000	-1.00000	0.00012	-1.00000	-1.00000
13567	Bishop	Willow_Pond	un	6014646	0.00251	-1.00000	-1.00000	0.00009	-1.00000	-1.00000	-0.00000	-1.00000	-1.00000	0.00005	-1.00000	-1.00000
13590	Bishop	Willow_Pond	un	6019378	0.00340	-1.00000	-1.00000	0.00014	-1.00000	-1.00000	0.00110	-1.00000	-1.00000	0.00026	-1.00000	-1.00000
13593	Bishop	Willow_Pond	un	6021880	0.29517	-1.00000	-1.00000	0.29539	-1.00000	-1.00000	0.32058	-1.00000	-1.00000	0.00087	-1.00000	-1.00000
13607	Bishop	Willow_Pond	un	6025900	0.00290	-1.00000	-1.00000	0.00011	-1.00000	-1.00000	0.00088	-1.00000	-1.00000	0.00026	-1.00000	-1.00000
13612	Bishop	Willow_Pond	un	6028361	0.05553	-1.00000	-1.00000	0.00674	-1.00000	-1.00000	0.00274	-1.00000	-1.00000	0.00026	-1.00000	-1.00000
13616	Bishop	Willow_Pond	un	6029020	0.24400	-1.00000	-1.00000	0.24932	-1.00000	-1.00000	0.22881	-1.00000	-1.00000	0.00088	-1.00000	-1.00000
13618	Bishop	Willow_Pond	un	6030516	-0.04160	-1.00000	-1.00000	-0.00347	-1.00000	-1.00000	-0.01045	-1.00000	-1.00000	0.00041	-1.00000	-1.00000
13619	Bishop	Willow_Pond	un	6031321	-0.03567	-1.00000	-1.00000	-0.00255	-1.00000	-1.00000	-0.00256	-1.00000	-1.00000	0.00009	-1.00000	-1.00000
13630	Bishop	Willow_Pond	un	6036999	-0.00000	-1.00000	-1.00000	-0.00000	-1.00000	-1.00000	-0.00000	-1.00000	-1.00000	0.00004	-1.00000	-1.00000
13634	Bishop	Willow_Pond	un	6038646	0.04348	-1.00000	-1.00000	0.00394	-1.00000	-1.00000	-0.00879	-1.00000	-1.00000	0.00039	-1.00000	-1.00000
13637	Bishop	Willow_Pond	un	6041095	0.35024	-1.00000	-1.00000	0.19171	-1.00000	-1.00000	0.15942	-1.00000	-1.00000	0.00064	-1.00000	-1.00000
13647	Bishop	Willow_Pond	un	6046908	0.00000	-1.00000	-1.00000	0.00000	-1.00000	-1.00000	-0.00502	-1.00000	-1.00000	0.00022	-1.00000	-1.00000
13670	Bishop	Willow_Pond	un	6056310	0.21608	-1.00000	-1.00000	0.05772	-1.00000	-1.00000	0.07534	-1.00000	-1.00000	0.00036	-1.00000	-1.00000
13683	Bishop	Willow_Pond	un	6062515	0.17448	-1.00000	-1.00000	0.03767	-1.00000	-1.00000	0.07867	-1.00000	-1.00000	0.00038	-1.00000	-1.00000
13686	Bishop	Willow_Pond	un	6064937	0.00000	-1.00000	-1.00000	0.00000	-1.00000	-1.00000	-0.00502	-1.00000	-1.00000	0.00023	-1.00000	-1.00000
13693	Bishop	Willow_Pond	un	6068769	0.04820	-1.00000	-1.00000	0.00374	-1.00000	-1.00000	0.03064	-1.00000	-1.00000	0.00025	-1.00000	-1.00000
13698	Bishop	Willow_Pond	un	6072111	0.49628	-1.00000	-1.00000	0.42875	-1.00000	-1.00000	0.46179	-1.00000	-1.00000	0.00080	-1.00000	-1.00000
13701	Bishop	Willow_Pond	un	6073777	-0.00000	-1.00000	-1.00000	-0.00000	-1.00000	-1.00000	-0.00608	-1.00000	-1.00000	0.00050	-1.00000	-1.00000
13704	Bishop	Willow_Pond	un	6074584	0.20000	-1.00000	-1.00000	0.05660	-1.00000	-1.00000	0.04403	-1.00000	-1.00000	0.00049	-1.00000	-1.00000
13705	Bishop	Willow_Pond	un	6075408	0.04067	-1.00000	-1.00000	0.00302	-1.00000	-1.00000	0.01050	-1.00000	-1.00000	0.00016	-1.00000	-1.00000
13706	Bishop	Willow_Pond	un	6076219	0.08000	-1.00000	-1.00000	0.01033	-1.00000	-1.00000	-0.00090	-1.00000	-1.00000	0.00041	-1.00000	-1.00000
13717	Bishop	Willow_Pond	un	6080321	0.00340	-1.00000	-1.00000	0.00014	-1.00000	-1.00000	-0.01093	-1.00000	-1.00000	0.00031	-1.00000	-1.00000
13727	Bishop	Willow_Pond	un	6084475	0.06024	-1.00000	-1.00000	0.00707	-1.00000	-1.00000	0.00760	-1.00000	-1.00000	0.00013	-1.00000	-1.00000
13739	Bishop	Willow_Pond	un	6090866	0.15702	-1.00000	-1.00000	0.16025	-1.00000	-1.00000	0.13761	-1.00000	-1.00000	0.00092	-1.00000	-1.00000
13760	Bishop	Willow_Pond	un	6098985	-0.00000	-1.00000	-1.00000	-0.00000	-1.00000	-1.00000	-0.01068	-1.00000	-1.00000	0.00028	-1.00000	-1.00000
13762	Bishop	Willow_Pond	un	6100756	0.72172	-1.00000	-1.00000	0.62904	-1.00000	-1.00000	0.66557	-1.00000	-1.00000	0.00099	-1.00000	-1.00000
13776	Bishop	Willow_Pond	un	6107435	0.00251	-1.00000	-1.00000	0.00009	-1.00000	-1.00000	0.00508	-1.00000	-1.00000	0.00012	-1.00000	-1.00000
13777	Bishop	Willow_Pond	un	6108285	-0.01458	-1.00000	-1.00000	-0.00337	-1.00000	-1.00000	-0.00486	-1.00000	-1.00000	0.00031	-1.00000	-1.00000
13781	Bishop	Willow_Pond	un	6110735	0.03555	-1.00000	-1.00000	0.00306	-1.00000	-1.00000	0.00028	-1.00000	-1.00000	0.00017	-1.00000	-1.00000
13785	Bishop	Willow_Pond	un	6112518	0.03320	-1.00000	-1.00000	0.00263	-1.00000	-1.00000	0.00852	-1.00000	-1.00000	0.00024	-1.00000	-1.00000
13787	Bishop	Willow_Pond	un	6114167	0.09054	-1.00000	-1.00000	0.01094	-1.00000	-1.00000	0.04304	-1.00000	-1.00000	0.00030	-1.00000	-1.00000
13799	Bishop	Willow_Pond	un	6117981	-0.00235	-1.00000	-1.00000	-0.00008	-1.00000	-1.00000	-0.00000	-1.00000	-1.00000	0.00004	-1.00000	-1.00000
13805	Bishop	Willow_Pond	un	6119615	-0.03684	-1.00000	-1.00000	-0.00273	-1.00000	-1.00000	0.01433	-1.00000	-1.00000	0.00030	-1.00000	-1.00000
13807	Bishop	Willow_Pond	un	6121052	-0.00235	-1.00000	-1.00000	-0.00008	-1.00000	-1.00000	0.00008	-1.00000	-1.00000	0.00011	-1.00000	-1.00000
13809	Bishop	Willow_Pond	un	6122705	0.04820	-1.00000	-1.00000	0.00374	-1.00000	-1.00000	0.03064	-1.00000	-1.00000	0.00025	-1.00000	-1.00000
13822	Bishop	Willow_Pond	un	6129990	0.06470	-1.00000	-1.00000	0.00736	-1.00000	-1.00000	0.00760	-1.00000	-1.00000	0.00012	-1.00000	-1.00000
13825	Bishop	Willow_Pond	un	6131652	0.13205	-1.00000	-1.00000	0.02645	-1.00000	-1.00000	0.01790	-1.00000	-1.00000	0.00030	-1.00000	-1.00000
13827	Bishop	Willow_Pond	un	6133259	0.04820	-1.00000	-1.00000	0.00374	-1.00000	-1.00000	0.03064	-1.00000	-1.00000	0.00026	-1.00000	-1.00000
13843	Bishop	Willow_Pond	un	6139634	-0.02184	-1.00000	-1.00000	-0.00259	-1.00000	-1.00000	-0.00168	-1.00000	-1.00000	0.00032	-1.00000	-1.00000
13850	Bishop	Willow_Pond	un	6144457	0.04820	-1.00000	-1.00000	0.00374	-1.00000	-1.00000	0.01220	-1.00000	-1.00000	0.00017	-1.00000	-1.00000
13862	Bishop	Willow_Pond	un	6150891	0.03704	-1.00000	-1.00000	0.00284	-1.00000	-1.00000	0.00284	-1.00000	-1.00000	0.00008	-1.00000	-1.00000
13866	Bishop	Willow_Pond	un	6153390	0.03704	-1.00000	-1.00000	0.00284	-1.00000	-1.00000	-0.00227	-1.00000	-1.00000	0.00022	-1.00000	-1.00000
13874	Bishop	Willow_Pond	un	6156566	0.20690	-1.00000	-1.00000	0.05924	-1.00000	-1.00000	0.05924	-1.00000	-1.00000	0.00029	-1.00000	-1.00000
13881	Bishop	Willow_Pond	un	6158986	-0.00489	-1.00000	-1.00000	-0.00018	-1.00000	-1.00000	-0.00000	-1.00000	-1.00000	0.00004	-1.00000	-1.00000
13886	Bishop	Willow_Pond	un	6160585	0.10124	-1.00000	-1.00000	0.02797	-1.00000	-1.00000	0.06509	-1.00000	-1.00000	0.00051	-1.00000	-1.00000
13891	Bishop	Willow_Pond	un	6162221	-0.00000	-1.00000	-1.00000	-0.00000	-1.00000	-1.00000	-0.00000	-1.00000	-1.00000	0.00004	-1.00000	-1.00000
13912	Bishop	Willow_Pond	un	6168611	0.06897	-1.00000	-1.00000	0.00760	-1.00000	-1.00000	0.00760	-1.00000	-1.00000	0.00012	-1.00000	-1.00000
13916	Bishop	Willow_Pond	un	6171729	-0.00000	-1.00000	-1.00000	-0.00000	-1.00000	-1.00000	0.00589	-1.00000	-1.00000	0.00013	-1.00000	-1.00000
13917	Bishop	Willow_Pond	un	6172532	0.96286	-1.00000	-1.00000	0.96001	-1.00000	-1.00000	0.96086	-1.00000	-1.00000	0.00123	-1.00000	-1.00000
13926	Bishop	Willow_Pond	un	6177319	0.00251	-1.00000	-1.00000	0.00009	-1.00000	-1.00000	-0.00000	-1.00000	-1.00000	0.00004	-1.00000	-1.00000
13928	Bishop	Willow_Pond	un	6178960	-0.03686	-1.00000	-1.00000	-0.00591	-1.00000	-1.00000	0.01646	-1.00000	-1.00000	0.00032	-1.00000	-1.00000
13931	Bishop	Willow_Pond	un	6181249	-0.00235	-1.00000	-1.00000	-0.00008	-1.00000	-1.00000	0.00008	-1.00000	-1.00000	0.00013	-1.00000	-1.00000
13934	Bishop	Willow_Pond	un	6182011	-0.02664	-1.00000	-1.00000	-0.00546	-1.00000	-1.00000	-0.00441	-1.00000	-1.00000	0.00041	-1.00000	-1.00000
13939	Bishop	Willow_Pond	un	6184778	0.00656	-1.00000	-1.00000	0.00026	-1.00000	-1.00000	0.01989	-1.00000	-1.00000	0.00033	-1.00000	-1.00000
13948	Bishop	Willow_Pond	un	6187210	-0.00000	-1.00000	-1.00000	-0.00000	-1.00000	-1.00000	-0.01068	-1.00000	-1.00000	0.00034	-1.00000	-1.00000
13958	Bishop	Willow_Pond	un	6191261	-0.00000	-1.00000	-1.00000	-0.00000	-1.00000	-1.00000	-0.00000	-1.00000	-1.00000	0.00004	-1.00000	-1.00000
13965	Bishop	Willow_Pond	un	6195092	-0.00000	-1.00000	-1.00000	-0.00000	-1.00000	-1.00000	-0.00000	-1.00000	-1.00000	0.00004	-1.00000	-1.00000
13974	Bishop	Willow_Pond	un	6201356	0.10386	-1.00000	-1.00000	0.03087	-1.00000	-1.00000	0.02526	-1.00000	-1.00000	0.00041	-1.00000	-1.00000
13976	Bishop	Willow_Pond	un	6202159	0.11672	-1.00000	-1.00000	0.01853	-1.00000	-1.00000	0.03064	-1.00000	-1.00000	0.00023	-1.00000	-1.00000
13978	Bishop	Willow_Pond	un	6203823	-0.00000	-1.00000	-1.00000	-0.00000	-1.00000	-1.00000	-0.00000	-1.00000	-1.00000	0.00005	-1.00000	-1.00000
13984	Bishop	Willow_Pond	un	6206956	0.01449	-1.00000	-1.00000	0.01429	-1.00000	-1.00000	0.00333	-1.00000	-1.00000	0.00072	-1.00000	-1.00000
13987	Bishop	Willow_Pond	un	6208467	0.19785	-1.00000	-1.00000	0.16170	-1.00000	-1.00000	0.23851	-1.00000	-1.00000	0.00075	-1.00000	-1.00000
14010	Bishop	Willow_Pond	un	6217274	0.79923	-1.00000	-1.00000	0.80377	-1.00000	-1.00000	0.79778	-1.00000	-1.00000	0.00103	-1.00000	-1.00000
14012	Bishop	Willow_Pond	un	6218866	-0.00000	-1.00000	-1.00000	-0.00000	-1.00000	-1.00000	-0.00000	-1.00000	-1.00000	0.00004	-1.00000	-1.00000
14013	Bishop	Willow_Pond	un	6219625	0.07875	-1.00000	-1.00000	0.00908	-1.00000	-1.00000	0.01894	-1.00000	-1.00000	0.00020	-1.00000	-1.00000
14014	Bishop	Willow_Pond	un	6220447	0.13473	-1.00000	-1.00000	0.10635	-1.00000	-1.00000	0.11565	-1.00000	-1.00000	0.00072	-1.00000	-1.00000
14017	Bishop	Willow_Pond	un	6222035	0.04820	-1.00000	-1.00000	0.00374	-1.00000	-1.00000	0.00332	-1.00000	-1.00000	0.00009	-1.00000	-1.00000
14020	Bishop	Willow_Pond	un	6223721	0.04067	-1.00000	-1.00000	0.00302	-1.00000	-1.00000	0.00284	-1.00000	-1.00000	0.00009	-1.00000	-1.00000
14027	Bishop	Willow_Pond	un	6226048	0.20818	-1.00000	-1.00000	0.05720	-1.00000	-1.00000	0.10217	-1.00000	-1.00000	0.00040	-1.00000	-1.00000
14030	Bishop	Willow_Pond	un	6226889	0.23578	-1.00000	-1.00000	0.06894	-1.00000	-1.00000	0.06376	-1.00000	-1.00000	0.00043	-1.00000	-1.00000
14032	Bishop	Willow_Pond	un	6228473	0.03448	-1.00000	-1.00000	0.00246	-1.00000	-1.00000	0.00246	-1.00000	-1.00000	0.00008	-1.00000	-1.00000
14036	Bishop	Willow_Pond	un	6230060	0.00251	-1.00000	-1.00000	0.00009	-1.00000	-1.00000	0.00508	-1.00000	-1.00000	0.00015	-1.00000	-1.00000
14041	Bishop	Willow_Pond	un	6233112	-0.03975	-1.00000	-1.00000	-0.00319	-1.00000	-1.00000	-0.00376	-1.00000	-1.00000	0.00030	-1.00000	-1.00000
14042	Bishop	Willow_Pond	un	6233950	0.09311	-1.00000	-1.00000	0.05158	-1.00000	-1.00000	0.03791	-1.00000	-1.00000	0.00061	-1.00000	-1.00000
14062	Bishop	Willow_Pond	un	6243536	-0.00000	-1.00000	-1.00000	-0.00000	-1.00000	-1.00000	-0.00000	-1.00000	-1.00000	0.00004	-1.00000	-1.00000
14075	Bishop	Willow_Pond	un	6248241	0.00000	-1.00000	-1.00000	0.00000	-1.00000	-1.00000	-0.00502	-1.00000	-1.00000	0.00018	-1.00000	-1.00000
14081	Bishop	Willow_Pond	un	6250745	-0.00315	-1.00000	-1.00000	-0.00013	-1.00000	-1.00000	0.00554	-1.00000	-1.00000	0.00037	-1.00000	-1.00000
14087	Bishop	Willow_Pond	un	6253107	0.07875	-1.00000	-1.00000	0.00908	-1.00000	-1.00000	0.01894	-1.00000	-1.00000	0.00020	-1.00000	-1.00000
14103	Bishop	Willow_Pond	un	6257574	0.10345	-1.00000	-1.00000	0.01567	-1.00000	-1.00000	0.01567	-1.00000	-1.00000	0.00016	-1.00000	-1.00000
14115	Bishop	Willow_Pond	un	6262218	0.17241	-1.00000	-1.00000	0.04132	-1.00000	-1.00000	0.04132	-1.00000	-1.00000	0.00025	-1.00000	-1.00000
14120	Bishop	Willow_Pond	un	6263022	0.31748	-1.00000	-1.00000	0.18585	-1.00000	-1.00000	0.17039	-1.00000	-1.00000	0.00067	-1.00000	-1.00000
14128	Bishop	Willow_Pond	un	6267595	0.00251	-1.00000	-1.00000	0.00009	-1.00000	-1.00000	-0.00000	-1.00000	-1.00000	0.00004	-1.00000	-1.00000
14130	Bishop	Willow_Pond	un	6268441	0.11672	-1.00000	-1.00000	0.01853	-1.00000	-1.00000	0.03064	-1.00000	-1.00000	0.00025	-1.00000	-1.00000
14131	Bishop	Willow_Pond	un	6269229	-0.00235	-1.00000	-1.00000	-0.00008	-1.00000	-1.00000	-0.00000	-1.00000	-1.00000	0.00004	-1.00000	-1.00000
14140	Bishop	Willow_Pond	un	6271632	-0.00000	-1.00000	-1.00000	-0.00000	-1.00000	-1.00000	-0.00000	-1.00000	-1.00000	0.00004	-1.00000	-1.00000
14142	Bishop	Willow_Pond	un	6272433	-0.00767	-1.00000	-1.00000	-0.00029	-1.00000	-1.00000	0.03472	-1.00000	-1.00000	0.00026	-1.00000	-1.00000
14146	Bishop	Willow_Pond	un	6273300	-0.01263	-1.00000	-1.00000	-0.01310	-1.00000	-1.00000	-0.02837	-1.00000	-1.00000	0.00078	-1.00000	-1.00000
14167	Bishop	Willow_Pond	un	6278291	0.13793	-1.00000	-1.00000	0.02685	-1.00000	-1.00000	0.02685	-1.00000	-1.00000	0.00020	-1.00000	-1.00000
14168	Bishop	Willow_Pond	un	6279119	0.00251	-1.00000	-1.00000	0.00009	-1.00000	-1.00000	0.00508	-1.00000	-1.00000	0.00012	-1.00000	-1.00000
14169	Bishop	Willow_Pond	un	6279933	-0.03041	-1.00000	-1.00000	-0.00573	-1.00000	-1.00000	-0.00566	-1.00000	-1.00000	0.00018	-1.00000	-1.00000
14173	Bishop	Willow_Pond	un	6282395	0.06470	-1.00000	-1.00000	0.00736	-1.00000	-1.00000	0.00760	-1.00000	-1.00000	0.00013	-1.00000	-1.00000
14179	Bishop	Willow_Pond	un	6284734	0.04838	-1.00000	-1.00000	0.00422	-1.00000	-1.00000	0.00836	-1.00000	-1.00000	0.00034	-1.00000	-1.00000
14182	Bishop	Willow_Pond	un	6286344	0.01411	-1.00000	-1.00000	0.00223	-1.00000	-1.00000	0.03044	-1.00000	-1.00000	0.00030	-1.00000	-1.00000
14188	Bishop	Willow_Pond	un	6291275	0.01437	-1.00000	-1.00000	0.00780	-1.00000	-1.00000	0.03836	-1.00000	-1.00000	0.00062	-1.00000	-1.00000
14197	Bishop	Willow_Pond	un	6294562	0.77105	-1.00000	-1.00000	0.74023	-1.00000	-1.00000	0.73365	-1.00000	-1.00000	0.00099	-1.00000	-1.00000
14203	Bishop	Willow_Pond	un	6296211	0.04838	-1.00000	-1.00000	0.00422	-1.00000	-1.00000	0.00323	-1.00000	-1.00000	0.00043	-1.00000	-1.00000
14212	Bishop	Willow_Pond	un	6300139	-0.03032	-1.00000	-1.00000	-0.00389	-1.00000	-1.00000	-0.01601	-1.00000	-1.00000	0.00038	-1.00000	-1.00000
14217	Bishop	Willow_Pond	un	6302631	-0.02407	-1.00000	-1.00000	-0.00274	-1.00000	-1.00000	0.00244	-1.00000	-1.00000	0.00021	-1.00000	-1.00000
14229	Bishop	Willow_Pond	un	6306683	-0.02321	-1.00000	-1.00000	-0.00498	-1.00000	-1.00000	0.05213	-1.00000	-1.00000	0.00042	-1.00000	-1.00000
14231	Bishop	Willow_Pond	un	6307492	0.03448	-1.00000	-1.00000	0.00246	-1.00000	-1.00000	0.00246	-1.00000	-1.00000	0.00009	-1.00000	-1.00000
14244	Bishop	Willow_Pond	un	6312812	0.00656	-1.00000	-1.00000	0.00026	-1.00000	-1.00000	0.00261	-1.00000	-1.00000	0.00027	-1.00000	-1.00000
14247	Bishop	Willow_Pond	un	6314348	-0.00000	-1.00000	-1.00000	-0.00000	-1.00000	-1.00000	-0.00050	-1.00000	-1.00000	0.00030	-1.00000	-1.00000
14248	Bishop	Willow_Pond	un	6315082	-0.00565	-1.00000	-1.00000	-0.00022	-1.00000	-1.00000	0.00778	-1.00000	-1.00000	0.00036	-1.00000	-1.00000
14260	Bishop	Willow_Pond	un	6319693	-0.02782	-1.00000	-1.00000	-0.00329	-1.00000	-1.00000	-0.00790	-1.00000	-1.00000	0.00034	-1.00000	-1.00000
14279	Bishop	Willow_Pond	un	6327629	-0.02913	-1.00000	-1.00000	-0.00330	-1.00000	-1.00000	0.00934	-1.00000	-1.00000	0.00025	-1.00000	-1.00000
14289	Bishop	Willow_Pond	un	6330937	0.00251	-1.00000	-1.00000	0.00009	-1.00000	-1.00000	0.00508	-1.00000	-1.00000	0.00012	-1.00000	-1.00000
14297	Bishop	Willow_Pond	un	6333450	-0.00315	-1.00000	-1.00000	-0.00013	-1.00000	-1.00000	-0.01039	-1.00000	-1.00000	0.00033	-1.00000	-1.00000
14312	Bishop	Willow_Pond	un	6335047	0.11672	-1.00000	-1.00000	0.01853	-1.00000	-1.00000	0.03064	-1.00000	-1.00000	0.00025	-1.00000	-1.00000
14317	Bishop	Willow_Pond	un	6336583	-0.03704	-1.00000	-1.00000	-0.00275	-1.00000	-1.00000	-0.00786	-1.00000	-1.00000	0.00025	-1.00000	-1.00000
14330	Bishop	Willow_Pond	un	6342342	-0.00000	-1.00000	-1.00000	-0.00000	-1.00000	-1.00000	-0.00000	-1.00000	-1.00000	0.00004	-1.00000	-1.00000
14336	Bishop	Willow_Pond	un	6345583	-0.03704	-1.00000	-1.00000	-0.00275	-1.00000	-1.00000	-0.00019	-1.00000	-1.00000	0.00016	-1.00000	-1.00000
14348	Bishop	Willow_Pond	un	6351891	0.04067	-1.00000	-1.00000	0.00302	-1.00000	-1.00000	0.01050	-1.00000	-1.00000	0.00016	-1.00000	-1.00000
14352	Bishop	Willow_Pond	un	6352750	0.03448	-1.00000	-1.00000	0.00246	-1.00000	-1.00000	0.00246	-1.00000	-1.00000	0.00008	-1.00000	-1.00000
14361	Bishop	Willow_Pond	un	6356886	0.11672	-1.00000	-1.00000	0.01853	-1.00000	-1.00000	0.03064	-1.00000	-1.00000	0.00025	-1.00000	-1.00000
14372	Bishop	Willow_Pond	un	6361650	0.03448	-1.00000	-1.00000	0.00246	-1.00000	-1.00000	0.00246	-1.00000	-1.00000	0.00008	-1.00000	-1.00000
14374	Bishop	Willow_Pond	un	6363285	0.04820	-1.00000	-1.00000	0.00374	-1.00000	-1.00000	0.00332	-1.00000	-1.00000	0.00010	-1.00000	-1.00000
14385	Bishop	Willow_Pond	un	6366325	0.00561	-1.00000	-1.00000	0.00021	-1.00000	-1.00000	0.00589	-1.00000	-1.00000	0.00013	-1.00000	-1.00000
14396	Bishop	Willow_Pond	un	6367959	-0.03975	-1.00000	-1.00000	-0.00319	-1.00000	-1.00000	0.04125	-1.00000	-1.00000	0.00032	-1.00000	-1.00000
14399	Bishop	Willow_Pond	un	6368763	-0.01877	-1.00000	-1.00000	-0.00233	-1.00000	-1.00000	0.00051	-1.00000	-1.00000	0.00050	-1.00000	-1.00000
14401	Bishop	Willow_Pond	un	6369323	-0.02569	-1.00000	-1.00000	-0.00281	-1.00000	-1.00000	-0.00237	-1.00000	-1.00000	0.00018	-1.00000	-1.00000
14420	Bishop	Willow_Pond	un	6375780	0.36076	-1.00000	-1.00000	0.23834	-1.00000	-1.00000	0.22090	-1.00000	-1.00000	0.00074	-1.00000	-1.00000
14425	Bishop	Willow_Pond	un	6377651	0.00000	-1.00000	-1.00000	0.00000	-1.00000	-1.00000	-0.00502	-1.00000	-1.00000	0.00020	-1.00000	-1.00000
14445	Bishop	Willow_Pond	un	6385560	-0.00000	-1.00000	-1.00000	-0.00000	-1.00000	-1.00000	-0.00607	-1.00000	-1.00000	0.00026	-1.00000	-1.00000
14454	Bishop	Willow_Pond	un	6389599	0.09054	-1.00000	-1.00000	0.01094	-1.00000	-1.00000	0.01033	-1.00000	-1.00000	0.00014	-1.00000	-1.00000
14477	Bishop	Willow_Pond	un	6400879	0.31504	-1.00000	-1.00000	0.13293	-1.00000	-1.00000	0.13900	-1.00000	-1.00000	0.00065	-1.00000	-1.00000
14508	Bishop	Willow_Pond	un	6414554	0.00000	-1.00000	-1.00000	0.00000	-1.00000	-1.00000	-0.00009	-1.00000	-1.00000	0.00012	-1.00000	-1.00000
14511	Bishop	Willow_Pond	un	6416115	-0.00489	-1.00000	-1.00000	-0.00018	-1.00000	-1.00000	0.01104	-1.00000	-1.00000	0.00021	-1.00000	-1.00000
14525	Bishop	Willow_Pond	un	6422790	0.10495	-1.00000	-1.00000	0.01335	-1.00000	-1.00000	0.08145	-1.00000	-1.00000	0.00037	-1.00000	-1.00000
14529	Bishop	Willow_Pond	un	6425216	0.00951	-1.00000	-1.00000	0.00037	-1.00000	-1.00000	0.02512	-1.00000	-1.00000	0.00023	-1.00000	-1.00000
14530	Bishop	Willow_Pond	un	6426008	0.91304	-1.00000	-1.00000	0.90945	-1.00000	-1.00000	0.86799	-1.00000	-1.00000	0.00114	-1.00000	-1.00000
14547	Bishop	Willow_Pond	un	6434362	0.04067	-1.00000	-1.00000	0.00302	-1.00000	-1.00000	0.00284	-1.00000	-1.00000	0.00009	-1.00000	-1.00000
14550	Bishop	Willow_Pond	un	6435976	-0.00000	-1.00000	-1.00000	-0.00000	-1.00000	-1.00000	-0.00000	-1.00000	-1.00000	0.00004	-1.00000	-1.00000
14570	Bishop	Willow_Pond	un	6443866	-0.02504	-1.00000	-1.00000	-0.00474	-1.00000	-1.00000	-0.00484	-1.00000	-1.00000	0.00019	-1.00000	-1.00000
14585	Bishop	Willow_Pond	un	6447155	0.00561	-1.00000	-1.00000	0.00021	-1.00000	-1.00000	0.02159	-1.00000	-1.00000	0.00019	-1.00000	-1.00000
14598	Bishop	Willow_Pond	un	6451984	-0.00000	-1.00000	-1.00000	-0.00000	-1.00000	-1.00000	0.00589	-1.00000	-1.00000	0.00015	-1.00000	-1.00000
14617	Bishop	Willow_Pond	un	6459181	0.07077	-1.00000	-1.00000	0.06609	-1.00000	-1.00000	0.04944	-1.00000	-1.00000	0.00070	-1.00000	-1.00000
14642	Bishop	Willow_Pond	un	6469962	0.18023	-1.00000	-1.00000	0.07264	-1.00000	-1.00000	0.15987	-1.00000	-1.00000	0.00059	-1.00000	-1.00000
14643	Bishop	Willow_Pond	un	6470722	-0.00000	-1.00000	-1.00000	-0.00000	-1.00000	-1.00000	-0.00000	-1.00000	-1.00000	0.00004	-1.00000	-1.00000
14648	Bishop	Willow_Pond	un	6472193	0.66238	-1.00000	-1.00000	0.59402	-1.00000	-1.00000	0.63206	-1.00000	-1.00000	0.00095	-1.00000	-1.00000
14672	Bishop	Willow_Pond	un	6480233	0.08538	-1.00000	-1.00000	0.01066	-1.00000	-1.00000	0.01674	-1.00000	-1.00000	0.00038	-1.00000	-1.00000
14674	Bishop	Willow_Pond	un	6481805	0.00995	-1.00000	-1.00000	0.00177	-1.00000	-1.00000	-0.00969	-1.00000	-1.00000	0.00043	-1.00000	-1.00000
14683	Bishop	Willow_Pond	un	6485653	-0.02913	-1.00000	-1.00000	-0.00330	-1.00000	-1.00000	-0.00315	-1.00000	-1.00000	0.00012	-1.00000	-1.00000
14687	Bishop	Willow_Pond	un	6487405	0.03114	-1.00000	-1.00000	0.00229	-1.00000	-1.00000	0.00018	-1.00000	-1.00000	0.00017	-1.00000	-1.00000
14688	Bishop	Willow_Pond	un	6488148	-0.03921	-1.00000	-1.00000	-0.00654	-1.00000	-1.00000	0.00976	-1.00000	-1.00000	0.00043	-1.00000	-1.00000
14691	Bishop	Willow_Pond	un	6489758	0.22222	-1.00000	-1.00000	0.06897	-1.00000	-1.00000	0.05557	-1.00000	-1.00000	0.00033	-1.00000	-1.00000
14693	Bishop	Willow_Pond	un	6491510	0.11672	-1.00000	-1.00000	0.01853	-1.00000	-1.00000	0.03064	-1.00000	-1.00000	0.00023	-1.00000	-1.00000
14696	Bishop	Willow_Pond	un	6493957	0.06897	-1.00000	-1.00000	0.00760	-1.00000	-1.00000	0.00760	-1.00000	-1.00000	0.00013	-1.00000	-1.00000
14699	Bishop	Willow_Pond	un	6495553	-0.00000	-1.00000	-1.00000	-0.00000	-1.00000	-1.00000	-0.00000	-1.00000	-1.00000	0.00004	-1.00000	-1.00000
14715	Bishop	Willow_Pond	un	6500899	0.10345	-1.00000	-1.00000	0.01567	-1.00000	-1.00000	0.01567	-1.00000	-1.00000	0.00016	-1.00000	-1.00000
14720	Bishop	Willow_Pond	un	6501746	0.01656	-1.00000	-1.00000	0.00284	-1.00000	-1.00000	0.01329	-1.00000	-1.00000	0.00027	-1.00000	-1.00000
14727	Bishop	Willow_Pond	un	6505075	0.00000	-1.00000	-1.00000	0.00000	-1.00000	-1.00000	-0.00683	-1.00000	-1.00000	0.00039	-1.00000	-1.00000
14728	Bishop	Willow_Pond	un	6505883	0.00561	-1.00000	-1.00000	0.00021	-1.00000	-1.00000	0.00589	-1.00000	-1.00000	0.00013	-1.00000	-1.00000
14735	Bishop	Willow_Pond	un	6508295	0.03704	-1.00000	-1.00000	0.00284	-1.00000	-1.00000	-0.00227	-1.00000	-1.00000	0.00025	-1.00000	-1.00000
14740	Bishop	Willow_Pond	un	6509824	0.37450	-1.00000	-1.00000	0.32102	-1.00000	-1.00000	0.32539	-1.00000	-1.00000	0.00084	-1.00000	-1.00000
14743	Bishop	Willow_Pond	un	6512217	0.04067	-1.00000	-1.00000	0.00302	-1.00000	-1.00000	0.00284	-1.00000	-1.00000	0.00009	-1.00000	-1.00000
14754	Bishop	Willow_Pond	un	6516915	0.71182	-1.00000	-1.00000	0.67952	-1.00000	-1.00000	0.67297	-1.00000	-1.00000	0.00092	-1.00000	-1.00000
14756	Bishop	Willow_Pond	un	6517763	-0.03816	-1.00000	-1.00000	-0.00949	-1.00000	-1.00000	-0.00733	-1.00000	-1.00000	0.00030	-1.00000	-1.00000
14773	Bishop	Willow_Pond	un	6525692	-0.03684	-1.00000	-1.00000	-0.00273	-1.00000	-1.00000	0.01433	-1.00000	-1.00000	0.00025	-1.00000	-1.00000
14776	Bishop	Willow_Pond	un	6528114	-0.03841	-1.00000	-1.00000	-0.00296	-1.00000	-1.00000	0.00022	-1.00000	-1.00000	0.00018	-1.00000	-1.00000
14779	Bishop	Willow_Pond	un	6529644	0.05748	-1.00000	-1.00000	0.00467	-1.00000	-1.00000	0.01434	-1.00000	-1.00000	0.00018	-1.00000	-1.00000
14782	Bishop	Willow_Pond	un	6531356	-0.02664	-1.00000	-1.00000	-0.00546	-1.00000	-1.00000	-0.01118	-1.00000	-1.00000	0.00030	-1.00000	-1.00000
14785	Bishop	Willow_Pond	un	6533837	-0.00489	-1.00000	-1.00000	-0.00018	-1.00000	-1.00000	0.01104	-1.00000	-1.00000	0.00023	-1.00000	-1.00000
14790	Bishop	Willow_Pond	un	6535360	0.05748	-1.00000	-1.00000	0.00467	-1.00000	-1.00000	0.03571	-1.00000	-1.00000	0.00026	-1.00000	-1.00000
14792	Bishop	Willow_Pond	un	6536994	-0.00235	-1.00000	-1.00000	-0.00008	-1.00000	-1.00000	0.00008	-1.00000	-1.00000	0.00012	-1.00000	-1.00000
14794	Bishop	Willow_Pond	un	6538539	0.26765	-1.00000	-1.00000	0.10512	-1.00000	-1.00000	0.09056	-1.00000	-1.00000	0.00042	-1.00000	-1.00000
14821	Bishop	Willow_Pond	un	6546527	0.12229	-1.00000	-1.00000	0.11701	-1.00000	-1.00000	0.11499	-1.00000	-1.00000	0.00075	-1.00000	-1.00000
14822	Bishop	Willow_Pond	un	6547367	-0.00235	-1.00000	-1.00000	-0.00008	-1.00000	-1.00000	-0.00000	-1.00000	-1.00000	0.00004	-1.00000	-1.00000
14823	Bishop	Willow_Pond	un	6548166	0.08511	-1.00000	-1.00000	0.08777	-1.00000	-1.00000	0.08031	-1.00000	-1.00000	0.00075	-1.00000	-1.00000
14827	Bishop	Willow_Pond	un	6550685	0.04348	-1.00000	-1.00000	0.00394	-1.00000	-1.00000	-0.01338	-1.00000	-1.00000	0.00044	-1.00000	-1.00000
14831	Bishop	Willow_Pond	un	6551540	0.18240	-1.00000	-1.00000	0.04441	-1.00000	-1.00000	0.04984	-1.00000	-1.00000	0.00053	-1.00000	-1.00000
14841	Bishop	Willow_Pond	un	6554031	-0.02245	-1.00000	-1.00000	-0.00238	-1.00000	-1.00000	-0.00238	-1.00000	-1.00000	0.00011	-1.00000	-1.00000
14842	Bishop	Willow_Pond	un	6554868	0.03448	-1.00000	-1.00000	0.00246	-1.00000	-1.00000	0.00246	-1.00000	-1.00000	0.00008	-1.00000	-1.00000
14843	Bishop	Willow_Pond	un	6555697	0.05304	-1.00000	-1.00000	0.00446	-1.00000	-1.00000	0.03571	-1.00000	-1.00000	0.00033	-1.00000	-1.00000
14852	Bishop	Willow_Pond	un	6559478	0.00951	-1.00000	-1.00000	0.00037	-1.00000	-1.00000	0.05121	-1.00000	-1.00000	0.00031	-1.00000	-1.00000
14856	Bishop	Willow_Pond	un	6560243	0.04067	-1.00000	-1.00000	0.00302	-1.00000	-1.00000	0.01050	-1.00000	-1.00000	0.00016	-1.00000	-1.00000
14863	Bishop	Willow_Pond	un	6565111	0.41046	-1.00000	-1.00000	0.22754	-1.00000	-1.00000	0.24086	-1.00000	-1.00000	0.00063	-1.00000	-1.00000
14879	Bishop	Willow_Pond	un	6572469	0.42051	-1.00000	-1.00000	0.22818	-1.00000	-1.00000	0.24861	-1.00000	-1.00000	0.00058	-1.00000	-1.00000
14881	Bishop	Willow_Pond	un	6573277	0.03704	-1.00000	-1.00000	0.00284	-1.00000	-1.00000	-0.00227	-1.00000	-1.00000	0.00035	-1.00000	-1.00000
14882	Bishop	Willow_Pond	un	6573805	0.00561	-1.00000	-1.00000	0.00021	-1.00000	-1.00000	0.00589	-1.00000	-1.00000	0.00013	-1.00000	-1.00000
14884	Bishop	Willow_Pond	un	6574610	0.50044	-1.00000	-1.00000	0.45775	-1.00000	-1.00000	0.50638	-1.00000	-1.00000	0.00088	-1.00000	-1.00000
14894	Bishop	Willow_Pond	un	6578413	0.00000	-1.00000	-1.00000	0.00000	-1.00000	-1.00000	-0.01682	-1.00000	-1.00000	0.00046	-1.00000	-1.00000
14914	Bishop	Willow_Pond	un	6585891	0.11111	-1.00000	-1.00000	0.01818	-1.00000	-1.00000	0.03064	-1.00000	-1.00000	0.00022	-1.00000	-1.00000
14918	Bishop	Willow_Pond	un	6588436	-0.02999	-1.00000	-1.00000	-0.01040	-1.00000	-1.00000	-0.01040	-1.00000	-1.00000	0.00029	-1.00000	-1.00000
14922	Bishop	Willow_Pond	un	6590149	0.02672	-1.00000	-1.00000	0.00556	-1.00000	-1.00000	-0.00052	-1.00000	-1.00000	0.00036	-1.00000	-1.00000
14942	Bishop	Willow_Pond	un	6595716	0.00251	-1.00000	-1.00000	0.00009	-1.00000	-1.00000	0.00508	-1.00000	-1.00000	0.00013	-1.00000	-1.00000
14945	Bishop	Willow_Pond	un	6597311	-0.01458	-1.00000	-1.00000	-0.00337	-1.00000	-1.00000	-0.00486	-1.00000	-1.00000	0.00030	-1.00000	-1.00000
14951	Bishop	Willow_Pond	un	6599645	0.04000	-1.00000	-1.00000	0.00332	-1.00000	-1.00000	0.00545	-1.00000	-1.00000	0.00031	-1.00000	-1.00000
14959	Bishop	Willow_Pond	un	6602160	0.50116	-1.00000	-1.00000	0.39727	-1.00000	-1.00000	0.43301	-1.00000	-1.00000	0.00071	-1.00000	-1.00000
14961	Bishop	Willow_Pond	un	6603921	-0.00315	-1.00000	-1.00000	-0.00013	-1.00000	-1.00000	-0.01186	-1.00000	-1.00000	0.00034	-1.00000	-1.00000
14969	Bishop	Willow_Pond	un	6607093	-0.00565	-1.00000	-1.00000	-0.00022	-1.00000	-1.00000	-0.00619	-1.00000	-1.00000	0.00019	-1.00000	-1.00000
14978	Bishop	Willow_Pond	un	6612730	0.00000	-1.00000	-1.00000	0.00000	-1.00000	-1.00000	-0.00000	-1.00000	-1.00000	0.00005	-1.00000	-1.00000
15004	Bishop	Willow_Pond	un	6625760	-0.02245	-1.00000	-1.00000	-0.00238	-1.00000	-1.00000	-0.00238	-1.00000	-1.00000	0.00012	-1.00000	-1.00000
15020	Bishop	Willow_Pond	un	6632681	-0.00270	-1.00000	-1.00000	-0.00010	-1.00000	-1.00000	0.01069	-1.00000	-1.00000	0.00021	-1.00000	-1.00000
15036	Bishop	Willow_Pond	un	6637182	0.57018	-1.00000	-1.00000	0.43353	-1.00000	-1.00000	0.44898	-1.00000	-1.00000	0.00081	-1.00000	-1.00000
15046	Bishop	Willow_Pond	un	6639520	-0.03567	-1.00000	-1.00000	-0.00255	-1.00000	-1.00000	0.00018	-1.00000	-1.00000	0.00017	-1.00000	-1.00000
15058	Bishop	Willow_Pond	un	6644382	0.06897	-1.00000	-1.00000	0.00760	-1.00000	-1.00000	0.00760	-1.00000	-1.00000	0.00012	-1.00000	-1.00000
15067	Bishop	Willow_Pond	un	6649301	0.09054	-1.00000	-1.00000	0.01094	-1.00000	-1.00000	0.04304	-1.00000	-1.00000	0.00028	-1.00000	-1.00000
15068	Bishop	Willow_Pond	un	6650150	0.00000	-1.00000	-1.00000	0.00000	-1.00000	-1.00000	0.00508	-1.00000	-1.00000	0.00014	-1.00000	-1.00000
15075	Bishop	Willow_Pond	un	6652532	0.00656	-1.00000	-1.00000	0.00026	-1.00000	-1.00000	0.01989	-1.00000	-1.00000	0.00033	-1.00000	-1.00000
15086	Bishop	Willow_Pond	un	6656356	0.00290	-1.00000	-1.00000	0.00011	-1.00000	-1.00000	0.00088	-1.00000	-1.00000	0.00027	-1.00000	-1.00000
15087	Bishop	Willow_Pond	un	6657145	-0.00235	-1.00000	-1.00000	-0.00008	-1.00000	-1.00000	-0.00000	-1.00000	-1.00000	0.00004	-1.00000	-1.00000
15088	Bishop	Willow_Pond	un	6657921	0.04067	-1.00000	-1.00000	0.00302	-1.00000	-1.00000	0.00284	-1.00000	-1.00000	0.00008	-1.00000	-1.00000
15100	Bishop	Willow_Pond	un	6662836	0.02912	-1.00000	-1.00000	0.00239	-1.00000	-1.00000	0.00027	-1.00000	-1.00000	0.00033	-1.00000	-1.00000
15103	Bishop	Willow_Pond	un	6663274	0.43428	-1.00000	-1.00000	0.27737	-1.00000	-1.00000	0.25294	-1.00000	-1.00000	0.00073	-1.00000	-1.00000
15104	Bishop	Willow_Pond	un	6664037	0.00995	-1.00000	-1.00000	0.00177	-1.00000	-1.00000	0.00604	-1.00000	-1.00000	0.00039	-1.00000	-1.00000
15110	Bishop	Willow_Pond	un	6664844	-0.00000	-1.00000	-1.00000	-0.00000	-1.00000	-1.00000	-0.00000	-1.00000	-1.00000	0.00005	-1.00000	-1.00000
15123	Bishop	Willow_Pond	un	6670061	-0.01449	-1.00000	-1.00000	-0.00173	-1.00000	-1.00000	0.02505	-1.00000	-1.00000	0.00033	-1.00000	-1.00000
15133	Bishop	Willow_Pond	un	6676501	0.17774	-1.00000	-1.00000	0.04751	-1.00000	-1.00000	0.02999	-1.00000	-1.00000	0.00041	-1.00000	-1.00000
15136	Bishop	Willow_Pond	un	6677362	-0.00270	-1.00000	-1.00000	-0.00010	-1.00000	-1.00000	0.01069	-1.00000	-1.00000	0.00034	-1.00000	-1.00000
15143	Bishop	Willow_Pond	un	6679981	0.10345	-1.00000	-1.00000	0.01567	-1.00000	-1.00000	0.01567	-1.00000	-1.00000	0.00017	-1.00000	-1.00000
15153	Bishop	Willow_Pond	un	6685739	0.04420	-1.00000	-1.00000	0.00354	-1.00000	-1.00000	0.01220	-1.00000	-1.00000	0.00019	-1.00000	-1.00000
15170	Bishop	Willow_Pond	un	6693665	0.03555	-1.00000	-1.00000	0.00306	-1.00000	-1.00000	-0.00561	-1.00000	-1.00000	0.00032	-1.00000	-1.00000
15171	Bishop	Willow_Pond	un	6694464	0.00251	-1.00000	-1.00000	0.00009	-1.00000	-1.00000	-0.00000	-1.00000	-1.00000	0.00004	-1.00000	-1.00000
15175	Bishop	Willow_Pond	un	6695259	0.00000	-1.00000	-1.00000	0.00000	-1.00000	-1.00000	-0.00502	-1.00000	-1.00000	0.00019	-1.00000	-1.00000
15177	Bishop	Willow_Pond	un	6696064	0.27273	-1.00000	-1.00000	0.26786	-1.00000	-1.00000	0.22557	-1.00000	-1.00000	0.00085	-1.00000	-1.00000
15178	Bishop	Willow_Pond	un	6696874	0.00251	-1.00000	-1.00000	0.00009	-1.00000	-1.00000	-0.00000	-1.00000	-1.00000	0.00004	-1.00000	-1.00000
15187	Bishop	Willow_Pond	un	6698491	0.13451	-1.00000	-1.00000	0.03014	-1.00000	-1.00000	0.03120	-1.00000	-1.00000	0.00023	-1.00000	-1.00000
15191	Bishop	Willow_Pond	un	6699775	0.50905	-1.00000	-1.00000	0.37688	-1.00000	-1.00000	0.35417	-1.00000	-1.00000	0.00081	-1.00000	-1.00000
15192	Bishop	Willow_Pond	un	6700561	0.03114	-1.00000	-1.00000	0.00229	-1.00000	-1.00000	0.00018	-1.00000	-1.00000	0.00015	-1.00000	-1.00000
15194	Bishop	Willow_Pond	un	6702091	0.04067	-1.00000	-1.00000	0.00302	-1.00000	-1.00000	0.01050	-1.00000	-1.00000	0.00016	-1.00000	-1.00000
15195	Bishop	Willow_Pond	un	6702911	0.19970	-1.00000	-1.00000	0.05872	-1.00000	-1.00000	0.04666	-1.00000	-1.00000	0.00036	-1.00000	-1.00000
15200	Bishop	Willow_Pond	un	6706025	-0.03841	-1.00000	-1.00000	-0.00296	-1.00000	-1.00000	-0.00844	-1.00000	-1.00000	0.00022	-1.00000	-1.00000
15215	Bishop	Willow_Pond	un	6712288	-0.00565	-1.00000	-1.00000	-0.00022	-1.00000	-1.00000	-0.00429	-1.00000	-1.00000	0.00028	-1.00000	-1.00000
15220	Bishop	Willow_Pond	un	6714708	-0.00270	-1.00000	-1.00000	-0.00010	-1.00000	-1.00000	-0.00488	-1.00000	-1.00000	0.00026	-1.00000	-1.00000
15224	Bishop	Willow_Pond	un	6717935	0.55518	-1.00000	-1.00000	0.49075	-1.00000	-1.00000	0.47168	-1.00000	-1.00000	0.00080	-1.00000	-1.00000
15228	Bishop	Willow_Pond	un	6719591	-0.00565	-1.00000	-1.00000	-0.00022	-1.00000	-1.00000	0.00778	-1.00000	-1.00000	0.00040	-1.00000	-1.00000
15229	Bishop	Willow_Pond	un	6720251	-0.01798	-1.00000	-1.00000	-0.00206	-1.00000	-1.00000	-0.00230	-1.00000	-1.00000	0.00013	-1.00000	-1.00000
15232	Bishop	Willow_Pond	un	6722658	0.04021	-1.00000	-1.00000	0.00783	-1.00000	-1.00000	0.00756	-1.00000	-1.00000	0.00020	-1.00000	-1.00000
15274	Bishop	Willow_Pond	un	6738799	-0.00315	-1.00000	-1.00000	-0.00013	-1.00000	-1.00000	-0.00564	-1.00000	-1.00000	0.00027	-1.00000	-1.00000
15277	Bishop	Willow_Pond	un	6739632	0.04000	-1.00000	-1.00000	0.00332	-1.00000	-1.00000	-0.00760	-1.00000	-1.00000	0.00033	-1.00000	-1.00000
15280	Bishop	Willow_Pond	un	6742168	0.19845	-1.00000	-1.00000	0.04545	-1.00000	-1.00000	0.12678	-1.00000	-1.00000	0.00046	-1.00000	-1.00000
15281	Bishop	Willow_Pond	un	6742960	0.24653	-1.00000	-1.00000	0.15948	-1.00000	-1.00000	0.14523	-1.00000	-1.00000	0.00058	-1.00000	-1.00000
15285	Bishop	Willow_Pond	un	6744551	0.09362	-1.00000	-1.00000	0.07829	-1.00000	-1.00000	0.05019	-1.00000	-1.00000	0.00081	-1.00000	-1.00000
15295	Bishop	Willow_Pond	un	6748604	0.04067	-1.00000	-1.00000	0.00302	-1.00000	-1.00000	0.01050	-1.00000	-1.00000	0.00017	-1.00000	-1.00000
15321	Bishop	Willow_Pond	un	6760574	0.00656	-1.00000	-1.00000	0.00026	-1.00000	-1.00000	0.00261	-1.00000	-1.00000	0.00030	-1.00000	-1.00000
15322	Bishop	Willow_Pond	un	6761324	0.00251	-1.00000	-1.00000	0.00009	-1.00000	-1.00000	-0.00000	-1.00000	-1.00000	0.00004	-1.00000	-1.00000
15324	Bishop	Willow_Pond	un	6763051	0.25744	-1.00000	-1.00000	0.08247	-1.00000	-1.00000	0.12954	-1.00000	-1.00000	0.00050	-1.00000	-1.00000
15325	Bishop	Willow_Pond	un	6763785	0.07875	-1.00000	-1.00000	0.00908	-1.00000	-1.00000	0.01894	-1.00000	-1.00000	0.00021	-1.00000	-1.00000
15336	Bishop	Willow_Pond	un	6768425	0.03320	-1.00000	-1.00000	0.00263	-1.00000	-1.00000	-0.00486	-1.00000	-1.00000	0.00030	-1.00000	-1.00000
15361	Bishop	Willow_Pond	un	6777423	-0.00000	-1.00000	-1.00000	-0.00000	-1.00000	-1.00000	-0.00000	-1.00000	-1.00000	0.00004	-1.00000	-1.00000
15381	Bishop	Willow_Pond	un	6785187	0.00251	-1.00000	-1.00000	0.00009	-1.00000	-1.00000	0.00508	-1.00000	-1.00000	0.00013	-1.00000	-1.00000
15393	Bishop	Willow_Pond	un	6789006	0.03704	-1.00000	-1.00000	0.00284	-1.00000	-1.00000	0.01050	-1.00000	-1.00000	0.00016	-1.00000	-1.00000
15411	Bishop	Willow_Pond	un	6795622	0.00251	-1.00000	-1.00000	0.00009	-1.00000	-1.00000	-0.00000	-1.00000	-1.00000	0.00005	-1.00000	-1.00000
15431	Bishop	Willow_Pond	un	6803451	0.17241	-1.00000	-1.00000	0.04132	-1.00000	-1.00000	0.04132	-1.00000	-1.00000	0.00023	-1.00000	-1.00000
15433	Bishop	Willow_Pond	un	6804977	0.02172	-1.00000	-1.00000	0.01044	-1.00000	-1.00000	0.02253	-1.00000	-1.00000	0.00048	-1.00000	-1.00000
15439	Bishop	Willow_Pond	un	6806507	-0.00489	-1.00000	-1.00000	-0.00018	-1.00000	-1.00000	0.01104	-1.00000	-1.00000	0.00023	-1.00000	-1.00000
15443	Bishop	Willow_Pond	un	6808860	-0.00270	-1.00000	-1.00000	-0.00010	-1.00000	-1.00000	0.00011	-1.00000	-1.00000	0.00013	-1.00000	-1.00000
15453	Bishop	Willow_Pond	un	6814530	0.07875	-1.00000	-1.00000	0.00908	-1.00000	-1.00000	0.01894	-1.00000	-1.00000	0.00021	-1.00000	-1.00000
15457	Bishop	Willow_Pond	un	6815317	0.42367	-1.00000	-1.00000	0.29056	-1.00000	-1.00000	0.32585	-1.00000	-1.00000	0.00078	-1.00000	-1.00000
15458	Bishop	Willow_Pond	un	6816105	-0.00000	-1.00000	-1.00000	-0.00000	-1.00000	-1.00000	-0.00000	-1.00000	-1.00000	0.00004	-1.00000	-1.00000
15464	Bishop	Willow_Pond	un	6817680	0.03114	-1.00000	-1.00000	0.00229	-1.00000	-1.00000	0.00246	-1.00000	-1.00000	0.00008	-1.00000	-1.00000
15467	Bishop	Willow_Pond	un	6819381	0.11706	-1.00000	-1.00000	0.07415	-1.00000	-1.00000	0.04844	-1.00000	-1.00000	0.00073	-1.00000	-1.00000
15490	Bishop	Willow_Pond	un	6828258	0.35024	-1.00000	-1.00000	0.19171	-1.00000	-1.00000	0.17273	-1.00000	-1.00000	0.00072	-1.00000	-1.00000
15499	Bishop	Willow_Pond	un	6832023	0.11672	-1.00000	-1.00000	0.01853	-1.00000	-1.00000	0.01818	-1.00000	-1.00000	0.00017	-1.00000	-1.00000
15502	Bishop	Willow_Pond	un	6833752	0.05686	-1.00000	-1.00000	0.04469	-1.00000	-1.00000	0.03838	-1.00000	-1.00000	0.00088	-1.00000	-1.00000
15504	Bishop	Willow_Pond	un	6834431	0.00340	-1.00000	-1.00000	0.00014	-1.00000	-1.00000	-0.00378	-1.00000	-1.00000	0.00037	-1.00000	-1.00000
15507	Bishop	Willow_Pond	un	6836774	-0.00000	-1.00000	-1.00000	-0.00000	-1.00000	-1.00000	-0.00000	-1.00000	-1.00000	0.00004	-1.00000	-1.00000
15510	Bishop	Willow_Pond	un	6838360	-0.03684	-1.00000	-1.00000	-0.00273	-1.00000	-1.00000	0.01433	-1.00000	-1.00000	0.00024	-1.00000	-1.00000
15514	Bishop	Willow_Pond	un	6841730	0.00181	-1.00000	-1.00000	0.00026	-1.00000	-1.00000	0.00026	-1.00000	-1.00000	0.00017	-1.00000	-1.00000
15518	Bishop	Willow_Pond	un	6844082	0.03555	-1.00000	-1.00000	0.00306	-1.00000	-1.00000	0.00314	-1.00000	-1.00000	0.00037	-1.00000	-1.00000
15527	Bishop	Willow_Pond	un	6848175	0.02760	-1.00000	-1.00000	0.00210	-1.00000	-1.00000	0.00883	-1.00000	-1.00000	0.00021	-1.00000	-1.00000
15533	Bishop	Willow_Pond	un	6852390	0.00561	-1.00000	-1.00000	0.00021	-1.00000	-1.00000	0.02159	-1.00000	-1.00000	0.00021	-1.00000	-1.00000
15542	Bishop	Willow_Pond	un	6858966	0.03448	-1.00000	-1.00000	0.00246	-1.00000	-1.00000	0.00246	-1.00000	-1.00000	0.00008	-1.00000	-1.00000
15549	Bishop	Willow_Pond	un	6860657	0.46584	-1.00000	-1.00000	0.40315	-1.00000	-1.00000	0.39653	-1.00000	-1.00000	0.00077	-1.00000	-1.00000
15555	Bishop	Willow_Pond	un	6861489	-0.00000	-1.00000	-1.00000	-0.00000	-1.00000	-1.00000	-0.00000	-1.00000	-1.00000	0.00004	-1.00000	-1.00000
15590	Bishop	Willow_Pond	un	6880242	0.35895	-1.00000	-1.00000	0.17354	-1.00000	-1.00000	0.17823	-1.00000	-1.00000	0.00063	-1.00000	-1.00000
15594	Bishop	Willow_Pond	un	6881924	-0.03567	-1.00000	-1.00000	-0.00255	-1.00000	-1.00000	0.00018	-1.00000	-1.00000	0.00015	-1.00000	-1.00000
15598	Bishop	Willow_Pond	un	6882772	-0.00000	-1.00000	-1.00000	-0.00000	-1.00000	-1.00000	-0.01068	-1.00000	-1.00000	0.00035	-1.00000	-1.00000
15601	Bishop	Willow_Pond	un	6885172	0.00951	-1.00000	-1.00000	0.00037	-1.00000	-1.00000	0.05121	-1.00000	-1.00000	0.00028	-1.00000	-1.00000
15604	Bishop	Willow_Pond	un	6887651	0.00656	-1.00000	-1.00000	0.00026	-1.00000	-1.00000	0.01989	-1.00000	-1.00000	0.00035	-1.00000	-1.00000
15611	Bishop	Willow_Pond	un	6891702	-0.01029	-1.00000	-1.00000	-0.00269	-1.00000	-1.00000	0.02592	-1.00000	-1.00000	0.00040	-1.00000	-1.00000
15617	Bishop	Willow_Pond	un	6894829	0.01437	-1.00000	-1.00000	0.00780	-1.00000	-1.00000	-0.00546	-1.00000	-1.00000	0.00061	-1.00000	-1.00000
15627	Bishop	Willow_Pond	un	6898860	0.05748	-1.00000	-1.00000	0.00467	-1.00000	-1.00000	0.01434	-1.00000	-1.00000	0.00020	-1.00000	-1.00000
15632	Bishop	Willow_Pond	un	6901963	0.36076	-1.00000	-1.00000	0.23834	-1.00000	-1.00000	0.21444	-1.00000	-1.00000	0.00064	-1.00000	-1.00000
15633	Bishop	Willow_Pond	un	6902833	0.17774	-1.00000	-1.00000	0.04751	-1.00000	-1.00000	0.02999	-1.00000	-1.00000	0.00038	-1.00000	-1.00000
15652	Bishop	Willow_Pond	un	6911521	0.33518	-1.00000	-1.00000	0.13430	-1.00000	-1.00000	0.18797	-1.00000	-1.00000	0.00052	-1.00000	-1.00000
15663	Bishop	Willow_Pond	un	6915965	0.03114	-1.00000	-1.00000	0.00229	-1.00000	-1.00000	0.00018	-1.00000	-1.00000	0.00014	-1.00000	-1.00000
15674	Bishop	Willow_Pond	un	6919868	0.07875	-1.00000	-1.00000	0.00908	-1.00000	-1.00000	0.01894	-1.00000	-1.00000	0.00024	-1.00000	-1.00000
15680	Bishop	Willow_Pond	un	6922918	0.21034	-1.00000	-1.00000	0.17240	-1.00000	-1.00000	0.15454	-1.00000	-1.00000	0.00075	-1.00000	-1.00000
15694	Bishop	Willow_Pond	un	6928572	0.02382	-1.00000	-1.00000	0.00187	-1.00000	-1.00000	0.03045	-1.00000	-1.00000	0.00032	-1.00000	-1.00000
15713	Bishop	Willow_Pond	un	6935027	0.00251	-1.00000	-1.00000	0.00009	-1.00000	-1.00000	-0.00000	-1.00000	-1.00000	0.00004	-1.00000	-1.00000
15716	Bishop	Willow_Pond	un	6936691	0.00951	-1.00000	-1.00000	0.00037	-1.00000	-1.00000	0.05121	-1.00000	-1.00000	0.00028	-1.00000	-1.00000
15733	Bishop	Willow_Pond	un	6943185	0.63840	-1.00000	-1.00000	0.53160	-1.00000	-1.00000	0.53125	-1.00000	-1.00000	0.00078	-1.00000	-1.00000
15736	Bishop	Willow_Pond	un	6945658	0.06897	-1.00000	-1.00000	0.00760	-1.00000	-1.00000	0.00760	-1.00000	-1.00000	0.00013	-1.00000	-1.00000
15740	Bishop	Willow_Pond	un	6947996	0.00340	-1.00000	-1.00000	0.00014	-1.00000	-1.00000	-0.00378	-1.00000	-1.00000	0.00037	-1.00000	-1.00000
15743	Bishop	Willow_Pond	un	6949584	-0.02144	-1.00000	-1.00000	-0.01113	-1.00000	-1.00000	-0.00344	-1.00000	-1.00000	0.00049	-1.00000	-1.00000
15747	Bishop	Willow_Pond	un	6951786	0.03114	-1.00000	-1.00000	0.00229	-1.00000	-1.00000	0.00246	-1.00000	-1.00000	0.00008	-1.00000	-1.00000
15748	Bishop	Willow_Pond	un	6952594	0.00251	-1.00000	-1.00000	0.00009	-1.00000	-1.00000	0.00508	-1.00000	-1.00000	0.00013	-1.00000	-1.00000
15751	Bishop	Willow_Pond	un	6955076	0.17391	-1.00000	-1.00000	0.04376	-1.00000	-1.00000	0.02341	-1.00000	-1.00000	0.00056	-1.00000	-1.00000
15757	Bishop	Willow_Pond	un	6957338	0.03448	-1.00000	-1.00000	0.00246	-1.00000	-1.00000	0.00246	-1.00000	-1.00000	0.00008	-1.00000	-1.00000
15771	Bishop	Willow_Pond	un	6964471	0.03448	-1.00000	-1.00000	0.00246	-1.00000	-1.00000	0.00246	-1.00000	-1.00000	0.00008	-1.00000	-1.00000
15774	Bishop	Willow_Pond	un	6965261	0.15460	-1.00000	-1.00000	0.03162	-1.00000	-1.00000	0.04578	-1.00000	-1.00000	0.00033	-1.00000	-1.00000
15777	Bishop	Willow_Pond	un	6966781	-0.02433	-1.00000	-1.00000	-0.01504	-1.00000	-1.00000	-0.03041	-1.00000	-1.00000	0.00058	-1.00000	-1.00000
15797	Bishop	Willow_Pond	un	6976671	-0.00565	-1.00000	-1.00000	-0.00022	-1.00000	-1.00000	-0.00429	-1.00000	-1.00000	0.00027	-1.00000	-1.00000
15798	Bishop	Willow_Pond	un	6977473	0.00561	-1.00000	-1.00000	0.00021	-1.00000	-1.00000	-0.00000	-1.00000	-1.00000	0.00005	-1.00000	-1.00000
15800	Bishop	Willow_Pond	un	6978274	-0.03723	-1.00000	-1.00000	-0.03867	-1.00000	-1.00000	-0.01344	-1.00000	-1.00000	0.00064	-1.00000	-1.00000
15821	Bishop	Willow_Pond	un	6984669	0.04000	-1.00000	-1.00000	0.00332	-1.00000	-1.00000	-0.00260	-1.00000	-1.00000	0.00030	-1.00000	-1.00000
15824	Bishop	Willow_Pond	un	6986156	-0.03704	-1.00000	-1.00000	-0.00275	-1.00000	-1.00000	-0.00786	-1.00000	-1.00000	0.00024	-1.00000	-1.00000
15840	Bishop	Willow_Pond	un	6991246	0.29006	-1.00000	-1.00000	0.09910	-1.00000	-1.00000	0.18781	-1.00000	-1.00000	0.00054	-1.00000	-1.00000
15844	Bishop	Willow_Pond	un	6993452	-0.00315	-1.00000	-1.00000	-0.00013	-1.00000	-1.00000	-0.01186	-1.00000	-1.00000	0.00032	-1.00000	-1.00000
15854	Bishop	Willow_Pond	un	6998268	0.65217	-1.00000	-1.00000	0.56604	-1.00000	-1.00000	0.51454	-1.00000	-1.00000	0.00097	-1.00000	-1.00000
15864	Bishop	Willow_Pond	un	7002751	-0.04171	-1.00000	-1.00000	-0.04295	-1.00000	-1.00000	-0.05059	-1.00000	-1.00000	0.00081	-1.00000	-1.00000
15874	Bishop	Willow_Pond	un	7005983	0.00656	-1.00000	-1.00000	0.00026	-1.00000	-1.00000	0.01989	-1.00000	-1.00000	0.00033	-1.00000	-1.00000
15875	Bishop	Willow_Pond	un	7006806	0.01778	-1.00000	-1.00000	0.00557	-1.00000	-1.00000	-0.00100	-1.00000	-1.00000	0.00043	-1.00000	-1.00000
15886	Bishop	Willow_Pond	un	7013240	0.03320	-1.00000	-1.00000	0.00263	-1.00000	-1.00000	-0.00486	-1.00000	-1.00000	0.00034	-1.00000	-1.00000
15904	Bishop	Willow_Pond	un	7020293	0.48148	-1.00000	-1.00000	0.32500	-1.00000	-1.00000	0.34304	-1.00000	-1.00000	0.00063	-1.00000	-1.00000
15908	Bishop	Willow_Pond	un	7022797	0.00000	-1.00000	-1.00000	0.00000	-1.00000	-1.00000	-0.01682	-1.00000	-1.00000	0.00041	-1.00000	-1.00000
15915	Bishop	Willow_Pond	un	7025314	0.00251	-1.00000	-1.00000	0.00009	-1.00000	-1.00000	-0.00000	-1.00000	-1.00000	0.00005	-1.00000	-1.00000
15916	Bishop	Willow_Pond	un	7026074	0.00251	-1.00000	-1.00000	0.00009	-1.00000	-1.00000	-0.00000	-1.00000	-1.00000	0.00004	-1.00000	-1.00000
15919	Bishop	Willow_Pond	un	7027667	0.00340	-1.00000	-1.00000	0.00014	-1.00000	-1.00000	-0.00378	-1.00000	-1.00000	0.00040	-1.00000	-1.00000
15924	Bishop	Willow_Pond	un	7030750	0.00656	-1.00000	-1.00000	0.00026	-1.00000	-1.00000	0.00261	-1.00000	-1.00000	0.00030	-1.00000	-1.00000
15929	Bishop	Willow_Pond	un	7033868	0.07407	-1.00000	-1.00000	0.00881	-1.00000	-1.00000	0.01894	-1.00000	-1.00000	0.00020	-1.00000	-1.00000
15943	Bishop	Willow_Pond	un	7041299	0.02912	-1.00000	-1.00000	0.00239	-1.00000	-1.00000	0.00518	-1.00000	-1.00000	0.00044	-1.00000	-1.00000
15944	Bishop	Willow_Pond	un	7041973	0.13406	-1.00000	-1.00000	0.11821	-1.00000	-1.00000	0.10534	-1.00000	-1.00000	0.00075	-1.00000	-1.00000
15949	Bishop	Willow_Pond	un	7044420	-0.00235	-1.00000	-1.00000	-0.00008	-1.00000	-1.00000	-0.00000	-1.00000	-1.00000	0.00004	-1.00000	-1.00000
15950	Bishop	Willow_Pond	un	7045231	0.03834	-1.00000	-1.00000	0.01941	-1.00000	-1.00000	0.06131	-1.00000	-1.00000	0.00054	-1.00000	-1.00000
15956	Bishop	Willow_Pond	un	7048388	0.02360	-1.00000	-1.00000	0.00658	-1.00000	-1.00000	0.01680	-1.00000	-1.00000	0.00033	-1.00000	-1.00000
15958	Bishop	Willow_Pond	un	7050022	-0.03975	-1.00000	-1.00000	-0.00319	-1.00000	-1.00000	0.01151	-1.00000	-1.00000	0.00033	-1.00000	-1.00000
15970	Bishop	Willow_Pond	un	7054993	-0.01877	-1.00000	-1.00000	-0.00233	-1.00000	-1.00000	0.01881	-1.00000	-1.00000	0.00041	-1.00000	-1.00000
15971	Bishop	Willow_Pond	un	7055781	0.00000	-1.00000	-1.00000	0.00000	-1.00000	-1.00000	-0.01682	-1.00000	-1.00000	0.00045	-1.00000	-1.00000
15984	Bishop	Willow_Pond	un	7059735	0.19238	-1.00000	-1.00000	0.04856	-1.00000	-1.00000	0.06452	-1.00000	-1.00000	0.00036	-1.00000	-1.00000
15985	Bishop	Willow_Pond	un	7060469	0.40448	-1.00000	-1.00000	0.23974	-1.00000	-1.00000	0.22406	-1.00000	-1.00000	0.00060	-1.00000	-1.00000
15994	Bishop	Willow_Pond	un	7064482	0.43670	-1.00000	-1.00000	0.29352	-1.00000	-1.00000	0.37071	-1.00000	-1.00000	0.00067	-1.00000	-1.00000
15996	Bishop	Willow_Pond	un	7066159	-0.02407	-1.00000	-1.00000	-0.00274	-1.00000	-1.00000	-0.00273	-1.00000	-1.00000	0.00020	-1.00000	-1.00000
16003	Bishop	Willow_Pond	un	7067417	0.30175	-1.00000	-1.00000	0.13370	-1.00000	-1.00000	0.11835	-1.00000	-1.00000	0.00044	-1.00000	-1.00000
16006	Bishop	Willow_Pond	un	7068267	0.18773	-1.00000	-1.00000	0.15923	-1.00000	-1.00000	0.16152	-1.00000	-1.00000	0.00077	-1.00000	-1.00000
16008	Bishop	Willow_Pond	un	7069818	0.00340	-1.00000	-1.00000	0.00014	-1.00000	-1.00000	0.01768	-1.00000	-1.00000	0.00032	-1.00000	-1.00000
16012	Bishop	Willow_Pond	un	7072342	-0.00767	-1.00000	-1.00000	-0.00029	-1.00000	-1.00000	0.03472	-1.00000	-1.00000	0.00028	-1.00000	-1.00000
16013	Bishop	Willow_Pond	un	7073159	0.14131	-1.00000	-1.00000	0.05529	-1.00000	-1.00000	0.02918	-1.00000	-1.00000	0.00060	-1.00000	-1.00000
16018	Bishop	Willow_Pond	un	7074576	0.34932	-1.00000	-1.00000	0.18280	-1.00000	-1.00000	0.14632	-1.00000	-1.00000	0.00064	-1.00000	-1.00000
16019	Bishop	Willow_Pond	un	7075428	-0.00000	-1.00000	-1.00000	-0.00000	-1.00000	-1.00000	-0.01068	-1.00000	-1.00000	0.00033	-1.00000	-1.00000
16027	Bishop	Willow_Pond	un	7079209	-0.00000	-1.00000	-1.00000	-0.00000	-1.00000	-1.00000	-0.00000	-1.00000	-1.00000	0.00004	-1.00000	-1.00000
16031	Bishop	Willow_Pond	un	7081714	-0.02055	-1.00000	-1.00000	-0.00226	-1.00000	-1.00000	0.00300	-1.00000	-1.00000	0.00020	-1.00000	-1.00000
16032	Bishop	Willow_Pond	un	7082533	0.03448	-1.00000	-1.00000	0.00246	-1.00000	-1.00000	0.00246	-1.00000	-1.00000	0.00007	-1.00000	-1.00000
16047	Bishop	Willow_Pond	un	7089027	-0.00270	-1.00000	-1.00000	-0.00010	-1.00000	-1.00000	-0.00488	-1.00000	-1.00000	0.00026	-1.00000	-1.00000
16055	Bishop	Willow_Pond	un	7093514	0.00656	-1.00000	-1.00000	0.00026	-1.00000	-1.00000	0.00261	-1.00000	-1.00000	0.00025	-1.00000	-1.00000
16059	Bishop	Willow_Pond	un	7096005	0.00290	-1.00000	-1.00000	0.00011	-1.00000	-1.00000	0.02159	-1.00000	-1.00000	0.00021	-1.00000	-1.00000
16065	Bishop	Willow_Pond	un	7099152	0.03704	-1.00000	-1.00000	0.00284	-1.00000	-1.00000	0.00284	-1.00000	-1.00000	0.00009	-1.00000	-1.00000
16070	Bishop	Willow_Pond	un	7099956	-0.03795	-1.00000	-1.00000	-0.00293	-1.00000	-1.00000	0.04194	-1.00000	-1.00000	0.00032	-1.00000	-1.00000
16071	Bishop	Willow_Pond	un	7100769	0.00251	-1.00000	-1.00000	0.00009	-1.00000	-1.00000	0.00508	-1.00000	-1.00000	0.00012	-1.00000	-1.00000
16074	Bishop	Willow_Pond	un	7102202	0.00251	-1.00000	-1.00000	0.00009	-1.00000	-1.00000	0.00508	-1.00000	-1.00000	0.00012	-1.00000	-1.00000
16079	Bishop	Willow_Pond	un	7104480	-0.02055	-1.00000	-1.00000	-0.00226	-1.00000	-1.00000	0.00300	-1.00000	-1.00000	0.00020	-1.00000	-1.00000
16087	Bishop	Willow_Pond	un	7106919	-0.00000	-1.00000	-1.00000	-0.00000	-1.00000	-1.00000	-0.00050	-1.00000	-1.00000	0.00023	-1.00000	-1.00000
16092	Bishop	Willow_Pond	un	7108618	0.10386	-1.00000	-1.00000	0.03087	-1.00000	-1.00000	0.02526	-1.00000	-1.00000	0.00044	-1.00000	-1.00000
16098	Bishop	Willow_Pond	un	7110248	0.39869	-1.00000	-1.00000	0.30836	-1.00000	-1.00000	0.32351	-1.00000	-1.00000	0.00072	-1.00000	-1.00000
16099	Bishop	Willow_Pond	un	7111026	0.35895	-1.00000	-1.00000	0.17354	-1.00000	-1.00000	0.14804	-1.00000	-1.00000	0.00059	-1.00000	-1.00000
16112	Bishop	Willow_Pond	un	7116683	0.01459	-1.00000	-1.00000	0.00535	-1.00000	-1.00000	0.01564	-1.00000	-1.00000	0.00039	-1.00000	-1.00000
16114	Bishop	Willow_Pond	un	7118351	0.00561	-1.00000	-1.00000	0.00021	-1.00000	-1.00000	0.00589	-1.00000	-1.00000	0.00012	-1.00000	-1.00000
16115	Bishop	Willow_Pond	un	7119224	0.00251	-1.00000	-1.00000	0.00009	-1.00000	-1.00000	-0.00000	-1.00000	-1.00000	0.00004	-1.00000	-1.00000
16117	Bishop	Willow_Pond	un	7120947	0.03704	-1.00000	-1.00000	0.00284	-1.00000	-1.00000	-0.00227	-1.00000	-1.00000	0.00022	-1.00000	-1.00000
16123	Bishop	Willow_Pond	un	7124918	-0.00270	-1.00000	-1.00000	-0.00010	-1.00000	-1.00000	-0.00488	-1.00000	-1.00000	0.00027	-1.00000	-1.00000
16126	Bishop	Willow_Pond	un	7127392	-0.00235	-1.00000	-1.00000	-0.00008	-1.00000	-1.00000	0.00008	-1.00000	-1.00000	0.00012	-1.00000	-1.00000
16127	Bishop	Willow_Pond	un	7128195	-0.00000	-1.00000	-1.00000	-0.00000	-1.00000	-1.00000	-0.01068	-1.00000	-1.00000	0.00031	-1.00000	-1.00000
16143	Bishop	Willow_Pond	un	7133927	0.41595	-1.00000	-1.00000	0.31603	-1.00000	-1.00000	0.33279	-1.00000	-1.00000	0.00075	-1.00000	-1.00000
16152	Bishop	Willow_Pond	un	7136356	-0.00270	-1.00000	-1.00000	-0.00010	-1.00000	-1.00000	-0.00488	-1.00000	-1.00000	0.00025	-1.00000	-1.00000
16161	Bishop	Willow_Pond	un	7142156	0.00290	-1.00000	-1.00000	0.00011	-1.00000	-1.00000	0.00088	-1.00000	-1.00000	0.00027	-1.00000	-1.00000
16163	Bishop	Willow_Pond	un	7142943	-0.00235	-1.00000	-1.00000	-0.00008	-1.00000	-1.00000	0.00008	-1.00000	-1.00000	0.00010	-1.00000	-1.00000
16164	Bishop	Willow_Pond	un	7143880	-0.01877	-1.00000	-1.00000	-0.00233	-1.00000	-1.00000	0.02425	-1.00000	-1.00000	0.00030	-1.00000	-1.00000
16167	Bishop	Willow_Pond	un	7145463	-0.04128	-1.00000	-1.00000	-0.01118	-1.00000	-1.00000	-0.01796	-1.00000	-1.00000	0.00049	-1.00000	-1.00000
16169	Bishop	Willow_Pond	un	7146331	-0.00397	-1.00000	-1.00000	-0.00070	-1.00000	-1.00000	-0.01409	-1.00000	-1.00000	0.00049	-1.00000	-1.00000
16177	Bishop	Willow_Pond	un	7150458	-0.00000	-1.00000	-1.00000	-0.00000	-1.00000	-1.00000	-0.00000	-1.00000	-1.00000	0.00004	-1.00000	-1.00000
16189	Bishop	Willow_Pond	un	7156537	0.04067	-1.00000	-1.00000	0.00302	-1.00000	-1.00000	0.01050	-1.00000	-1.00000	0.00016	-1.00000	-1.00000
16191	Bishop	Willow_Pond	un	7157375	0.05748	-1.00000	-1.00000	0.00467	-1.00000	-1.00000	0.06452	-1.00000	-1.00000	0.00031	-1.00000	-1.00000
16195	Bishop	Willow_Pond	un	7159794	-0.00275	-1.00000	-1.00000	-0.00076	-1.00000	-1.00000	-0.00189	-1.00000	-1.00000	0.00052	-1.00000	-1.00000
16197	Bishop	Willow_Pond	un	7160628	0.09054	-1.00000	-1.00000	0.01094	-1.00000	-1.00000	0.02205	-1.00000	-1.00000	0.00021	-1.00000	-1.00000
16204	Bishop	Willow_Pond	un	7163147	0.04067	-1.00000	-1.00000	0.00302	-1.00000	-1.00000	0.01050	-1.00000	-1.00000	0.00016	-1.00000	-1.00000
16207	Bishop	Willow_Pond	un	7164806	0.04420	-1.00000	-1.00000	0.00354	-1.00000	-1.00000	0.00705	-1.00000	-1.00000	0.00036	-1.00000	-1.00000
16211	Bishop	Willow_Pond	un	7166261	0.00251	-1.00000	-1.00000	0.00009	-1.00000	-1.00000	-0.00000	-1.00000	-1.00000	0.00004	-1.00000	-1.00000
16213	Bishop	Willow_Pond	un	7167117	-0.03975	-1.00000	-1.00000	-0.00319	-1.00000	-1.00000	-0.00376	-1.00000	-1.00000	0.00031	-1.00000	-1.00000
16220	Bishop	Willow_Pond	un	7170436	0.00251	-1.00000	-1.00000	0.00009	-1.00000	-1.00000	-0.00000	-1.00000	-1.00000	0.00004	-1.00000	-1.00000
16224	Bishop	Willow_Pond	un	7171329	0.17774	-1.00000	-1.00000	0.04751	-1.00000	-1.00000	0.06452	-1.00000	-1.00000	0.00035	-1.00000	-1.00000
16225	Bishop	Willow_Pond	un	7172099	-0.00767	-1.00000	-1.00000	-0.00029	-1.00000	-1.00000	0.03472	-1.00000	-1.00000	0.00028	-1.00000	-1.00000
16228	Bishop	Willow_Pond	un	7173751	0.05474	-1.00000	-1.00000	0.02707	-1.00000	-1.00000	0.02888	-1.00000	-1.00000	0.00057	-1.00000	-1.00000
16229	Bishop	Willow_Pond	un	7174664	0.04067	-1.00000	-1.00000	0.00302	-1.00000	-1.00000	0.01050	-1.00000	-1.00000	0.00018	-1.00000	-1.00000
16244	Bishop	Willow_Pond	un	7182847	-0.00000	-1.00000	-1.00000	-0.00000	-1.00000	-1.00000	-0.00000	-1.00000	-1.00000	0.00004	-1.00000	-1.00000
16259	Bishop	Willow_Pond	un	7186895	-0.00489	-1.00000	-1.00000	-0.00018	-1.00000	-1.00000	0.01104	-1.00000	-1.00000	0.00019	-1.00000	-1.00000
16262	Bishop	Willow_Pond	un	7187729	0.03320	-1.00000	-1.00000	0.00263	-1.00000	-1.00000	0.00852	-1.00000	-1.00000	0.00023	-1.00000	-1.00000
16263	Bishop	Willow_Pond	un	7188590	0.00290	-1.00000	-1.00000	0.00011	-1.00000	-1.00000	0.02159	-1.00000	-1.00000	0.00022	-1.00000	-1.00000
16271	Bishop	Willow_Pond	un	7191737	0.03448	-1.00000	-1.00000	0.00246	-1.00000	-1.00000	0.00246	-1.00000	-1.00000	0.00009	-1.00000	-1.00000
16276	Bishop	Willow_Pond	un	7192440	0.03448	-1.00000	-1.00000	0.00246	-1.00000	-1.00000	0.00246	-1.00000	-1.00000	0.00007	-1.00000	-1.00000
16278	Bishop	Willow_Pond	un	7193398	-0.01877	-1.00000	-1.00000	-0.00233	-1.00000	-1.00000	0.00051	-1.00000	-1.00000	0.00033	-1.00000	-1.00000
16301	Bishop	Willow_Pond	un	7207327	0.02321	-1.00000	-1.00000	0.01691	-1.00000	-1.00000	0.05012	-1.00000	-1.00000	0.00074	-1.00000	-1.00000
16304	Bishop	Willow_Pond	un	7210008	-0.04000	-1.00000	-1.00000	-0.00321	-1.00000	-1.00000	-0.00914	-1.00000	-1.00000	0.00022	-1.00000	-1.00000
16314	Bishop	Willow_Pond	un	7215077	0.01244	-1.00000	-1.00000	0.01276	-1.00000	-1.00000	0.02765	-1.00000	-1.00000	0.00082	-1.00000	-1.00000
16323	Bishop	Willow_Pond	un	7217515	0.11672	-1.00000	-1.00000	0.01853	-1.00000	-1.00000	0.03064	-1.00000	-1.00000	0.00023	-1.00000	-1.00000
16326	Bishop	Willow_Pond	un	7219895	0.30395	-1.00000	-1.00000	0.21190	-1.00000	-1.00000	0.20548	-1.00000	-1.00000	0.00068	-1.00000	-1.00000
16328	Bishop	Willow_Pond	un	7221522	-0.02330	-1.00000	-1.00000	-0.00301	-1.00000	-1.00000	0.01558	-1.00000	-1.00000	0.00042	-1.00000	-1.00000
16339	Bishop	Willow_Pond	un	7227364	0.04820	-1.00000	-1.00000	0.00374	-1.00000	-1.00000	0.00332	-1.00000	-1.00000	0.00009	-1.00000	-1.00000
16350	Bishop	Willow_Pond	un	7233810	0.08538	-1.00000	-1.00000	0.01066	-1.00000	-1.00000	0.04304	-1.00000	-1.00000	0.00029	-1.00000	-1.00000
16351	Bishop	Willow_Pond	un	7234619	0.04593	-1.00000	-1.00000	0.01548	-1.00000	-1.00000	0.00859	-1.00000	-1.00000	0.00042	-1.00000	-1.00000
16358	Bishop	Willow_Pond	un	7237807	0.27083	-1.00000	-1.00000	0.27397	-1.00000	-1.00000	0.28540	-1.00000	-1.00000	0.00085	-1.00000	-1.00000
16359	Bishop	Willow_Pond	un	7238605	0.17433	-1.00000	-1.00000	0.06234	-1.00000	-1.00000	0.10695	-1.00000	-1.00000	0.00048	-1.00000	-1.00000
16369	Bishop	Willow_Pond	un	7243172	0.42407	-1.00000	-1.00000	0.22070	-1.00000	-1.00000	0.27308	-1.00000	-1.00000	0.00062	-1.00000	-1.00000
16371	Bishop	Willow_Pond	un	7243974	0.04000	-1.00000	-1.00000	0.00332	-1.00000	-1.00000	-0.00561	-1.00000	-1.00000	0.00031	-1.00000	-1.00000
16373	Bishop	Willow_Pond	un	7245563	0.00251	-1.00000	-1.00000	0.00009	-1.00000	-1.00000	0.00508	-1.00000	-1.00000	0.00019	-1.00000	-1.00000
16379	Bishop	Willow_Pond	un	7248515	0.03448	-1.00000	-1.00000	0.00246	-1.00000	-1.00000	0.00246	-1.00000	-1.00000	0.00008	-1.00000	-1.00000
16381	Bishop	Willow_Pond	un	7249306	0.11111	-1.00000	-1.00000	0.01818	-1.00000	-1.00000	0.01818	-1.00000	-1.00000	0.00018	-1.00000	-1.00000
16384	Bishop	Willow_Pond	un	7250122	0.82245	-1.00000	-1.00000	0.80529	-1.00000	-1.00000	0.80358	-1.00000	-1.00000	0.00101	-1.00000	-1.00000
16389	Bishop	Willow_Pond	un	7252605	-0.00000	-1.00000	-1.00000	-0.00000	-1.00000	-1.00000	-0.00050	-1.00000	-1.00000	0.00028	-1.00000	-1.00000
16393	Bishop	Willow_Pond	un	7254212	0.00251	-1.00000	-1.00000	0.00009	-1.00000	-1.00000	0.00508	-1.00000	-1.00000	0.00013	-1.00000	-1.00000
16395	Bishop	Willow_Pond	un	7255858	0.13793	-1.00000	-1.00000	0.02685	-1.00000	-1.00000	0.02685	-1.00000	-1.00000	0.00020	-1.00000	-1.00000
16398	Bishop	Willow_Pond	un	7257521	0.00951	-1.00000	-1.00000	0.00037	-1.00000	-1.00000	0.05121	-1.00000	-1.00000	0.00028	-1.00000	-1.00000
16399	Bishop	Willow_Pond	un	7258355	0.02710	-1.00000	-1.00000	0.01546	-1.00000	-1.00000	0.01623	-1.00000	-1.00000	0.00053	-1.00000	-1.00000
16404	Bishop	Willow_Pond	un	7260780	0.00561	-1.00000	-1.00000	0.00021	-1.00000	-1.00000	0.02159	-1.00000	-1.00000	0.00021	-1.00000	-1.00000
16407	Bishop	Willow_Pond	un	7261560	0.11077	-1.00000	-1.00000	0.09972	-1.00000	-1.00000	0.08257	-1.00000	-1.00000	0.00071	-1.00000	-1.00000
16411	Bishop	Willow_Pond	un	7264013	-0.02813	-1.00000	-1.00000	-0.00378	-1.00000	-1.00000	-0.02110	-1.00000	-1.00000	0.00050	-1.00000	-1.00000
16430	Bishop	Willow_Pond	un	7271169	0.00251	-1.00000	-1.00000	0.00009	-1.00000	-1.00000	-0.00000	-1.00000	-1.00000	0.00004	-1.00000	-1.00000
16433	Bishop	Willow_Pond	un	7272785	0.04067	-1.00000	-1.00000	0.00302	-1.00000	-1.00000	0.00284	-1.00000	-1.00000	0.00009	-1.00000	-1.00000
16436	Bishop	Willow_Pond	un	7274386	-0.00000	-1.00000	-1.00000	-0.00000	-1.00000	-1.00000	-0.00000	-1.00000	-1.00000	0.00005	-1.00000	-1.00000
16446	Bishop	Willow_Pond	un	7279500	-0.03279	-1.00000	-1.00000	-0.00386	-1.00000	-1.00000	0.03483	-1.00000	-1.00000	0.00036	-1.00000	-1.00000
16448	Bishop	Willow_Pond	un	7280283	0.04838	-1.00000	-1.00000	0.00422	-1.00000	-1.00000	0.02781	-1.00000	-1.00000	0.00038	-1.00000	-1.00000
16456	Bishop	Willow_Pond	un	7282648	0.04000	-1.00000	-1.00000	0.00332	-1.00000	-1.00000	-0.00760	-1.00000	-1.00000	0.00037	-1.00000	-1.00000
16461	Bishop	Willow_Pond	un	7284849	0.22721	-1.00000	-1.00000	0.10025	-1.00000	-1.00000	0.11835	-1.00000	-1.00000	0.00043	-1.00000	-1.00000
16472	Bishop	Willow_Pond	un	7288147	0.00656	-1.00000	-1.00000	0.00026	-1.00000	-1.00000	-0.00000	-1.00000	-1.00000	0.00005	-1.00000	-1.00000
16503	Bishop	Willow_Pond	un	7302316	-0.00000	-1.00000	-1.00000	-0.00000	-1.00000	-1.00000	-0.00000	-1.00000	-1.00000	0.00004	-1.00000	-1.00000
16522	Bishop	Willow_Pond	un	7310181	0.13793	-1.00000	-1.00000	0.02685	-1.00000	-1.00000	0.02685	-1.00000	-1.00000	0.00021	-1.00000	-1.00000
16527	Bishop	Willow_Pond	un	7312631	-0.00000	-1.00000	-1.00000	-0.00000	-1.00000	-1.00000	-0.00000	-1.00000	-1.00000	0.00004	-1.00000	-1.00000
16532	Bishop	Willow_Pond	un	7314161	-0.03684	-1.00000	-1.00000	-0.00273	-1.00000	-1.00000	0.01433	-1.00000	-1.00000	0.00029	-1.00000	-1.00000
16535	Bishop	Willow_Pond	un	7314826	-0.00270	-1.00000	-1.00000	-0.00010	-1.00000	-1.00000	0.00011	-1.00000	-1.00000	0.00014	-1.00000	-1.00000
16556	Bishop	Willow_Pond	un	7322944	-0.03841	-1.00000	-1.00000	-0.00296	-1.00000	-1.00000	-0.00486	-1.00000	-1.00000	0.00032	-1.00000	-1.00000
16564	Bishop	Willow_Pond	un	7326267	0.67555	-1.00000	-1.00000	0.64883	-1.00000	-1.00000	0.64500	-1.00000	-1.00000	0.00083	-1.00000	-1.00000
16572	Bishop	Willow_Pond	un	7328788	0.06897	-1.00000	-1.00000	0.00760	-1.00000	-1.00000	0.00760	-1.00000	-1.00000	0.00014	-1.00000	-1.00000
16586	Bishop	Willow_Pond	un	7330900	0.52429	-1.00000	-1.00000	0.47130	-1.00000	-1.00000	0.47095	-1.00000	-1.00000	0.00077	-1.00000	-1.00000
16599	Bishop	Willow_Pond	un	7338961	0.00251	-1.00000	-1.00000	0.00009	-1.00000	-1.00000	0.00508	-1.00000	-1.00000	0.00014	-1.00000	-1.00000
16602	Bishop	Willow_Pond	un	7339655	0.07875	-1.00000	-1.00000	0.00908	-1.00000	-1.00000	0.01894	-1.00000	-1.00000	0.00023	-1.00000	-1.00000
16604	Bishop	Willow_Pond	un	7340394	0.10495	-1.00000	-1.00000	0.01335	-1.00000	-1.00000	0.05025	-1.00000	-1.00000	0.00032	-1.00000	-1.00000
16619	Bishop	Willow_Pond	un	7344604	0.03555	-1.00000	-1.00000	0.00306	-1.00000	-1.00000	-0.01045	-1.00000	-1.00000	0.00044	-1.00000	-1.00000
16626	Bishop	Willow_Pond	un	7347760	0.00561	-1.00000	-1.00000	0.00021	-1.00000	-1.00000	0.00589	-1.00000	-1.00000	0.00014	-1.00000	-1.00000
16632	Bishop	Willow_Pond	un	7349335	0.03555	-1.00000	-1.00000	0.00306	-1.00000	-1.00000	0.00314	-1.00000	-1.00000	0.00033	-1.00000	-1.00000
16639	Bishop	Willow_Pond	un	7351957	0.06897	-1.00000	-1.00000	0.00760	-1.00000	-1.00000	0.00760	-1.00000	-1.00000	0.00020	-1.00000	-1.00000
16640	Bishop	Willow_Pond	un	7352448	-0.03567	-1.00000	-1.00000	-0.00255	-1.00000	-1.00000	-0.00256	-1.00000	-1.00000	0.00008	-1.00000	-1.00000
16658	Bishop	Willow_Pond	un	7362076	0.19845	-1.00000	-1.00000	0.04545	-1.00000	-1.00000	0.12678	-1.00000	-1.00000	0.00046	-1.00000	-1.00000
16663	Bishop	Willow_Pond	un	7364467	0.03448	-1.00000	-1.00000	0.00246	-1.00000	-1.00000	0.00246	-1.00000	-1.00000	0.00009	-1.00000	-1.00000
16668	Bishop	Willow_Pond	un	7366896	0.04820	-1.00000	-1.00000	0.00374	-1.00000	-1.00000	0.01220	-1.00000	-1.00000	0.00019	-1.00000	-1.00000
16680	Bishop	Willow_Pond	un	7371558	0.07875	-1.00000	-1.00000	0.00908	-1.00000	-1.00000	0.00881	-1.00000	-1.00000	0.00014	-1.00000	-1.00000
16681	Bishop	Willow_Pond	un	7372327	0.04000	-1.00000	-1.00000	0.00332	-1.00000	-1.00000	-0.00760	-1.00000	-1.00000	0.00033	-1.00000	-1.00000
16689	Bishop	Willow_Pond	un	7376539	0.10345	-1.00000	-1.00000	0.01567	-1.00000	-1.00000	0.01567	-1.00000	-1.00000	0.00016	-1.00000	-1.00000
16693	Bishop	Willow_Pond	un	7378170	0.28070	-1.00000	-1.00000	0.09850	-1.00000	-1.00000	0.18781	-1.00000	-1.00000	0.00054	-1.00000	-1.00000
16703	Bishop	Willow_Pond	un	7381428	-0.00000	-1.00000	-1.00000	-0.00000	-1.00000	-1.00000	-0.00000	-1.00000	-1.00000	0.00005	-1.00000	-1.00000
16708	Bishop	Willow_Pond	un	7385448	-0.02174	-1.00000	-1.00000	-0.01099	-1.00000	-1.00000	-0.02756	-1.00000	-1.00000	0.00065	-1.00000	-1.00000
16710	Bishop	Willow_Pond	un	7386234	-0.00489	-1.00000	-1.00000	-0.00018	-1.00000	-1.00000	0.00029	-1.00000	-1.00000	0.00013	-1.00000	-1.00000
16721	Bishop	Willow_Pond	un	7391125	0.08538	-1.00000	-1.00000	0.01066	-1.00000	-1.00000	0.04304	-1.00000	-1.00000	0.00034	-1.00000	-1.00000
16727	Bishop	Willow_Pond	un	7393333	-0.00000	-1.00000	-1.00000	-0.00000	-1.00000	-1.00000	-0.00050	-1.00000	-1.00000	0.00025	-1.00000	-1.00000
16731	Bishop	Willow_Pond	un	7394195	-0.01029	-1.00000	-1.00000	-0.00269	-1.00000	-1.00000	-0.00914	-1.00000	-1.00000	0.00041	-1.00000	-1.00000
16738	Bishop	Willow_Pond	un	7398176	0.06897	-1.00000	-1.00000	0.00760	-1.00000	-1.00000	0.00760	-1.00000	-1.00000	0.00012	-1.00000	-1.00000
16740	Bishop	Willow_Pond	un	7399790	0.09054	-1.00000	-1.00000	0.01094	-1.00000	-1.00000	0.02205	-1.00000	-1.00000	0.00021	-1.00000	-1.00000
16744	Bishop	Willow_Pond	un	7401412	0.04000	-1.00000	-1.00000	0.00332	-1.00000	-1.00000	-0.00760	-1.00000	-1.00000	0.00032	-1.00000	-1.00000
16749	Bishop	Willow_Pond	un	7405368	-0.03975	-1.00000	-1.00000	-0.00319	-1.00000	-1.00000	0.01151	-1.00000	-1.00000	0.00048	-1.00000	-1.00000
16759	Bishop	Willow_Pond	un	7406784	0.00000	-1.00000	-1.00000	0.00000	-1.00000	-1.00000	-0.00000	-1.00000	-1.00000	0.00004	-1.00000	-1.00000
16766	Bishop	Willow_Pond	un	7410464	-0.04153	-1.00000	-1.00000	-0.03843	-1.00000	-1.00000	-0.04648	-1.00000	-1.00000	0.00071	-1.00000	-1.00000
16767	Bishop	Willow_Pond	un	7411319	0.10495	-1.00000	-1.00000	0.01335	-1.00000	-1.00000	0.01227	-1.00000	-1.00000	0.00015	-1.00000	-1.00000
16778	Bishop	Willow_Pond	un	7416236	0.00251	-1.00000	-1.00000	0.00009	-1.00000	-1.00000	0.00508	-1.00000	-1.00000	0.00013	-1.00000	-1.00000
16780	Bishop	Willow_Pond	un	7417001	0.04820	-1.00000	-1.00000	0.00374	-1.00000	-1.00000	0.00332	-1.00000	-1.00000	0.00010	-1.00000	-1.00000
16789	Bishop	Willow_Pond	un	7420318	-0.04160	-1.00000	-1.00000	-0.00347	-1.00000	-1.00000	-0.00987	-1.00000	-1.00000	0.00023	-1.00000	-1.00000
16792	Bishop	Willow_Pond	un	7421976	0.05590	-1.00000	-1.00000	0.02250	-1.00000	-1.00000	0.00186	-1.00000	-1.00000	0.00063	-1.00000	-1.00000
16812	Bishop	Willow_Pond	un	7432567	0.09054	-1.00000	-1.00000	0.01094	-1.00000	-1.00000	0.04304	-1.00000	-1.00000	0.00029	-1.00000	-1.00000
16813	Bishop	Willow_Pond	un	7433378	0.72093	-1.00000	-1.00000	0.72871	-1.00000	-1.00000	0.69224	-1.00000	-1.00000	0.00114	-1.00000	-1.00000
16822	Bishop	Willow_Pond	un	7436333	0.02672	-1.00000	-1.00000	0.00556	-1.00000	-1.00000	-0.00441	-1.00000	-1.00000	0.00039	-1.00000	-1.00000
16823	Bishop	Willow_Pond	un	7437155	-0.00000	-1.00000	-1.00000	-0.00000	-1.00000	-1.00000	-0.00000	-1.00000	-1.00000	0.00004	-1.00000	-1.00000
16825	Bishop	Willow_Pond	un	7437928	0.00995	-1.00000	-1.00000	0.00177	-1.00000	-1.00000	0.02629	-1.00000	-1.00000	0.00045	-1.00000	-1.00000
16830	Bishop	Willow_Pond	un	7439539	0.04037	-1.00000	-1.00000	0.00965	-1.00000	-1.00000	-0.00905	-1.00000	-1.00000	0.00055	-1.00000	-1.00000
16834	Bishop	Willow_Pond	un	7441175	-0.02330	-1.00000	-1.00000	-0.00301	-1.00000	-1.00000	-0.00687	-1.00000	-1.00000	0.00048	-1.00000	-1.00000
16838	Bishop	Willow_Pond	un	7442714	-0.03841	-1.00000	-1.00000	-0.00296	-1.00000	-1.00000	-0.00844	-1.00000	-1.00000	0.00023	-1.00000	-1.00000
16841	Bishop	Willow_Pond	un	7444258	0.00000	-1.00000	-1.00000	0.00000	-1.00000	-1.00000	-0.01276	-1.00000	-1.00000	0.00037	-1.00000	-1.00000
16879	Bishop	Willow_Pond	un	7458516	-0.00270	-1.00000	-1.00000	-0.00010	-1.00000	-1.00000	-0.00488	-1.00000	-1.00000	0.00026	-1.00000	-1.00000
16887	Bishop	Willow_Pond	un	7461305	0.07875	-1.00000	-1.00000	0.00908	-1.00000	-1.00000	0.01894	-1.00000	-1.00000	0.00018	-1.00000	-1.00000
16909	Bishop	Willow_Pond	un	7471229	0.00000	-1.00000	-1.00000	0.00000	-1.00000	-1.00000	-0.00009	-1.00000	-1.00000	0.00012	-1.00000	-1.00000
16918	Bishop	Willow_Pond	un	7474501	-0.01478	-1.00000	-1.00000	-0.01421	-1.00000	-1.00000	0.00931	-1.00000	-1.00000	0.00078	-1.00000	-1.00000
16923	Bishop	Willow_Pond	un	7477747	0.13263	-1.00000	-1.00000	0.02215	-1.00000	-1.00000	0.03571	-1.00000	-1.00000	0.00025	-1.00000	-1.00000
16926	Bishop	Willow_Pond	un	7479423	0.66667	-1.00000	-1.00000	0.58462	-1.00000	-1.00000	0.57842	-1.00000	-1.00000	0.00091	-1.00000	-1.00000
16932	Bishop	Willow_Pond	un	7481859	0.09054	-1.00000	-1.00000	0.01094	-1.00000	-1.00000	0.04304	-1.00000	-1.00000	0.00030	-1.00000	-1.00000
16943	Bishop	Willow_Pond	un	7488035	0.50213	-1.00000	-1.00000	0.40296	-1.00000	-1.00000	0.42528	-1.00000	-1.00000	0.00095	-1.00000	-1.00000
16945	Bishop	Willow_Pond	un	7489527	-0.02504	-1.00000	-1.00000	-0.00474	-1.00000	-1.00000	0.00078	-1.00000	-1.00000	0.00026	-1.00000	-1.00000
16952	Bishop	Willow_Pond	un	7492852	-0.00489	-1.00000	-1.00000	-0.00018	-1.00000	-1.00000	0.01104	-1.00000	-1.00000	0.00021	-1.00000	-1.00000
16953	Bishop	Willow_Pond	un	7493628	-0.00000	-1.00000	-1.00000	-0.00000	-1.00000	-1.00000	-0.00000	-1.00000	-1.00000	0.00005	-1.00000	-1.00000
16955	Bishop	Willow_Pond	un	7495222	-0.03704	-1.00000	-1.00000	-0.00275	-1.00000	-1.00000	-0.00786	-1.00000	-1.00000	0.00024	-1.00000	-1.00000
16959	Bishop	Willow_Pond	un	7496828	0.00290	-1.00000	-1.00000	0.00011	-1.00000	-1.00000	0.00088	-1.00000	-1.00000	0.00037	-1.00000	-1.00000
16962	Bishop	Willow_Pond	un	7497408	-0.00000	-1.00000	-1.00000	-0.00000	-1.00000	-1.00000	-0.00000	-1.00000	-1.00000	0.00004	-1.00000	-1.00000
16969	Bishop	Willow_Pond	un	7501368	0.02505	-1.00000	-1.00000	0.00481	-1.00000	-1.00000	0.00078	-1.00000	-1.00000	0.00027	-1.00000	-1.00000
16980	Bishop	Willow_Pond	un	7507612	0.04917	-1.00000	-1.00000	0.02659	-1.00000	-1.00000	0.01959	-1.00000	-1.00000	0.00048	-1.00000	-1.00000
16989	Bishop	Willow_Pond	un	7510572	0.04067	-1.00000	-1.00000	0.00302	-1.00000	-1.00000	0.00284	-1.00000	-1.00000	0.00009	-1.00000	-1.00000
16990	Bishop	Willow_Pond	un	7511400	0.10345	-1.00000	-1.00000	0.01567	-1.00000	-1.00000	0.01567	-1.00000	-1.00000	0.00016	-1.00000	-1.00000
16994	Bishop	Willow_Pond	un	7513114	0.03448	-1.00000	-1.00000	0.00246	-1.00000	-1.00000	0.00246	-1.00000	-1.00000	0.00008	-1.00000	-1.00000
16998	Bishop	Willow_Pond	un	7515584	0.00561	-1.00000	-1.00000	0.00021	-1.00000	-1.00000	0.00589	-1.00000	-1.00000	0.00012	-1.00000	-1.00000
16999	Bishop	Willow_Pond	un	7516458	-0.02782	-1.00000	-1.00000	-0.00329	-1.00000	-1.00000	-0.00790	-1.00000	-1.00000	0.00032	-1.00000	-1.00000
17001	Bishop	Willow_Pond	un	7517282	0.21608	-1.00000	-1.00000	0.05772	-1.00000	-1.00000	0.10217	-1.00000	-1.00000	0.00037	-1.00000	-1.00000
17007	Bishop	Willow_Pond	un	7520528	-0.00767	-1.00000	-1.00000	-0.00029	-1.00000	-1.00000	0.03472	-1.00000	-1.00000	0.00028	-1.00000	-1.00000
17008	Bishop	Willow_Pond	un	7521351	-0.03567	-1.00000	-1.00000	-0.00255	-1.00000	-1.00000	-0.00256	-1.00000	-1.00000	0.00011	-1.00000	-1.00000
17016	Bishop	Willow_Pond	un	7526105	-0.00000	-1.00000	-1.00000	-0.00000	-1.00000	-1.00000	-0.00000	-1.00000	-1.00000	0.00004	-1.00000	-1.00000
17030	Bishop	Willow_Pond	un	7532434	0.00340	-1.00000	-1.00000	0.00014	-1.00000	-1.00000	-0.00378	-1.00000	-1.00000	0.00036	-1.00000	-1.00000
17033	Bishop	Willow_Pond	un	7534947	0.00340	-1.00000	-1.00000	0.00014	-1.00000	-1.00000	0.00110	-1.00000	-1.00000	0.00026	-1.00000	-1.00000
17036	Bishop	Willow_Pond	un	7535811	0.03108	-1.00000	-1.00000	0.00579	-1.00000	-1.00000	0.00579	-1.00000	-1.00000	0.00019	-1.00000	-1.00000
17059	Bishop	Willow_Pond	un	7545356	-0.00000	-1.00000	-1.00000	-0.00000	-1.00000	-1.00000	-0.00000	-1.00000	-1.00000	0.00004	-1.00000	-1.00000
17068	Bishop	Willow_Pond	un	7550822	0.04000	-1.00000	-1.00000	0.00332	-1.00000	-1.00000	-0.00760	-1.00000	-1.00000	0.00032	-1.00000	-1.00000
17080	Bishop	Willow_Pond	un	7554994	-0.03841	-1.00000	-1.00000	-0.00296	-1.00000	-1.00000	-0.00844	-1.00000	-1.00000	0.00023	-1.00000	-1.00000
17082	Bishop	Willow_Pond	un	7555833	0.00727	-1.00000	-1.00000	0.00110	-1.00000	-1.00000	0.00883	-1.00000	-1.00000	0.00024	-1.00000	-1.00000
17085	Bishop	Willow_Pond	un	7557442	0.10779	-1.00000	-1.00000	0.06914	-1.00000	-1.00000	0.08018	-1.00000	-1.00000	0.00067	-1.00000	-1.00000
17095	Bishop	Willow_Pond	un	7563826	0.06897	-1.00000	-1.00000	0.00760	-1.00000	-1.00000	0.00760	-1.00000	-1.00000	0.00013	-1.00000	-1.00000
17097	Bishop	Willow_Pond	un	7564596	0.04820	-1.00000	-1.00000	0.00374	-1.00000	-1.00000	0.03064	-1.00000	-1.00000	0.00025	-1.00000	-1.00000
17106	Bishop	Willow_Pond	un	7569869	0.29630	-1.00000	-1.00000	0.12308	-1.00000	-1.00000	0.11732	-1.00000	-1.00000	0.00048	-1.00000	-1.00000
17108	Bishop	Willow_Pond	un	7571416	0.46069	-1.00000	-1.00000	0.27518	-1.00000	-1.00000	0.32107	-1.00000	-1.00000	0.00063	-1.00000	-1.00000
17112	Bishop	Willow_Pond	un	7572269	-0.00000	-1.00000	-1.00000	-0.00000	-1.00000	-1.00000	-0.00000	-1.00000	-1.00000	0.00004	-1.00000	-1.00000
17113	Bishop	Willow_Pond	un	7573023	0.64866	-1.00000	-1.00000	0.58388	-1.00000	-1.00000	0.56434	-1.00000	-1.00000	0.00094	-1.00000	-1.00000
17114	Bishop	Willow_Pond	un	7573806	0.08000	-1.00000	-1.00000	0.01033	-1.00000	-1.00000	-0.00090	-1.00000	-1.00000	0.00044	-1.00000	-1.00000
17141	Bishop	Willow_Pond	un	7589755	0.00561	-1.00000	-1.00000	0.00021	-1.00000	-1.00000	0.00589	-1.00000	-1.00000	0.00013	-1.00000	-1.00000
17151	Bishop	Willow_Pond	un	7592050	-0.04160	-1.00000	-1.00000	-0.00347	-1.00000	-1.00000	0.00028	-1.00000	-1.00000	0.00018	-1.00000	-1.00000
17152	Bishop	Willow_Pond	un	7592887	-0.00000	-1.00000	-1.00000	-0.00000	-1.00000	-1.00000	-0.00000	-1.00000	-1.00000	0.00005	-1.00000	-1.00000
17156	Bishop	Willow_Pond	un	7594328	-0.03567	-1.00000	-1.00000	-0.00255	-1.00000	-1.00000	-0.00256	-1.00000	-1.00000	0.00008	-1.00000	-1.00000
17162	Bishop	Willow_Pond	un	7597602	0.00561	-1.00000	-1.00000	0.00021	-1.00000	-1.00000	0.02159	-1.00000	-1.00000	0.00022	-1.00000	-1.00000
17164	Bishop	Willow_Pond	un	7598371	0.40000	-1.00000	-1.00000	0.22680	-1.00000	-1.00000	0.27621	-1.00000	-1.00000	0.00064	-1.00000	-1.00000
17170	Bishop	Willow_Pond	un	7601545	0.22185	-1.00000	-1.00000	0.11254	-1.00000	-1.00000	0.09494	-1.00000	-1.00000	0.00063	-1.00000	-1.00000
17175	Bishop	Willow_Pond	un	7602344	0.09834	-1.00000	-1.00000	0.01534	-1.00000	-1.00000	0.01567	-1.00000	-1.00000	0.00015	-1.00000	-1.00000
17176	Bishop	Willow_Pond	un	7603264	-0.00565	-1.00000	-1.00000	-0.00022	-1.00000	-1.00000	0.00778	-1.00000	-1.00000	0.00034	-1.00000	-1.00000
17178	Bishop	Willow_Pond	un	7604058	0.00656	-1.00000	-1.00000	0.00026	-1.00000	-1.00000	0.02512	-1.00000	-1.00000	0.00023	-1.00000	-1.00000
17179	Bishop	Willow_Pond	un	7604839	-0.03841	-1.00000	-1.00000	-0.00296	-1.00000	-1.00000	-0.00297	-1.00000	-1.00000	0.00009	-1.00000	-1.00000
17180	Bishop	Willow_Pond	un	7605672	-0.00235	-1.00000	-1.00000	-0.00008	-1.00000	-1.00000	-0.00000	-1.00000	-1.00000	0.00004	-1.00000	-1.00000
17182	Bishop	Willow_Pond	un	7607210	0.00340	-1.00000	-1.00000	0.00014	-1.00000	-1.00000	-0.01093	-1.00000	-1.00000	0.00040	-1.00000	-1.00000
17183	Bishop	Willow_Pond	un	7607875	0.04348	-1.00000	-1.00000	0.00394	-1.00000	-1.00000	-0.01338	-1.00000	-1.00000	0.00047	-1.00000	-1.00000
17184	Bishop	Willow_Pond	un	7608676	0.17448	-1.00000	-1.00000	0.03767	-1.00000	-1.00000	0.05342	-1.00000	-1.00000	0.00032	-1.00000	-1.00000
17186	Bishop	Willow_Pond	un	7610317	-0.03684	-1.00000	-1.00000	-0.00273	-1.00000	-1.00000	0.01433	-1.00000	-1.00000	0.00023	-1.00000	-1.00000
17189	Bishop	Willow_Pond	un	7611143	0.00251	-1.00000	-1.00000	0.00009	-1.00000	-1.00000	0.00508	-1.00000	-1.00000	0.00011	-1.00000	-1.00000
17192	Bishop	Willow_Pond	un	7612931	0.78084	-1.00000	-1.00000	0.78153	-1.00000	-1.00000	0.77009	-1.00000	-1.00000	0.00103	-1.00000	-1.00000
17198	Bishop	Willow_Pond	un	7615422	0.36947	-1.00000	-1.00000	0.34195	-1.00000	-1.00000	0.32333	-1.00000	-1.00000	0.00087	-1.00000	-1.00000
17211	Bishop	Willow_Pond	un	7620224	0.04067	-1.00000	-1.00000	0.00302	-1.00000	-1.00000	0.01050	-1.00000	-1.00000	0.00017	-1.00000	-1.00000
17213	Bishop	Willow_Pond	un	7621829	0.10345	-1.00000	-1.00000	0.01567	-1.00000	-1.00000	0.01567	-1.00000	-1.00000	0.00016	-1.00000	-1.00000
17217	Bishop	Willow_Pond	un	7624277	-0.01813	-1.00000	-1.00000	-0.00374	-1.00000	-1.00000	-0.00426	-1.00000	-1.00000	0.00022	-1.00000	-1.00000
17221	Bishop	Willow_Pond	un	7626594	0.13263	-1.00000	-1.00000	0.02215	-1.00000	-1.00000	0.05900	-1.00000	-1.00000	0.00032	-1.00000	-1.00000
17234	Bishop	Willow_Pond	un	7630477	-0.00235	-1.00000	-1.00000	-0.00008	-1.00000	-1.00000	0.00008	-1.00000	-1.00000	0.00012	-1.00000	-1.00000
17238	Bishop	Willow_Pond	un	7631300	-0.03626	-1.00000	-1.00000	-0.02598	-1.00000	-1.00000	-0.03948	-1.00000	-1.00000	0.00073	-1.00000	-1.00000
17241	Bishop	Willow_Pond	un	7632882	0.03114	-1.00000	-1.00000	0.00229	-1.00000	-1.00000	0.00246	-1.00000	-1.00000	0.00009	-1.00000	-1.00000
17254	Bishop	Willow_Pond	un	7636657	0.04000	-1.00000	-1.00000	0.00332	-1.00000	-1.00000	0.01220	-1.00000	-1.00000	0.00018	-1.00000	-1.00000
17256	Bishop	Willow_Pond	un	7637441	0.08696	-1.00000	-1.00000	0.01227	-1.00000	-1.00000	-0.00578	-1.00000	-1.00000	0.00053	-1.00000	-1.00000
17277	Bishop	Willow_Pond	un	7646182	0.04838	-1.00000	-1.00000	0.00422	-1.00000	-1.00000	-0.00194	-1.00000	-1.00000	0.00026	-1.00000	-1.00000
17280	Bishop	Willow_Pond	un	7647836	0.00290	-1.00000	-1.00000	0.00011	-1.00000	-1.00000	0.00589	-1.00000	-1.00000	0.00013	-1.00000	-1.00000
17290	Bishop	Willow_Pond	un	7650279	0.10345	-1.00000	-1.00000	0.01567	-1.00000	-1.00000	0.01567	-1.00000	-1.00000	0.00017	-1.00000	-1.00000
17300	Bishop	Willow_Pond	un	7653575	0.09321	-1.00000	-1.00000	0.01269	-1.00000	-1.00000	0.01431	-1.00000	-1.00000	0.00042	-1.00000	-1.00000
17305	Bishop	Willow_Pond	un	7655858	0.03704	-1.00000	-1.00000	0.00284	-1.00000	-1.00000	0.01050	-1.00000	-1.00000	0.00015	-1.00000	-1.00000
17306	Bishop	Willow_Pond	un	7656723	0.23048	-1.00000	-1.00000	0.23751	-1.00000	-1.00000	0.24193	-1.00000	-1.00000	0.00087	-1.00000	-1.00000
17310	Bishop	Willow_Pond	un	7657494	-0.04145	-1.00000	-1.00000	-0.00721	-1.00000	-1.00000	-0.01409	-1.00000	-1.00000	0.00052	-1.00000	-1.00000
17323	Bishop	Willow_Pond	un	7659779	0.36051	-1.00000	-1.00000	0.19258	-1.00000	-1.00000	0.17560	-1.00000	-1.00000	0.00052	-1.00000	-1.00000
17325	Bishop	Willow_Pond	un	7661425	0.44632	-1.00000	-1.00000	0.26978	-1.00000	-1.00000	0.25321	-1.00000	-1.00000	0.00077	-1.00000	-1.00000
17345	Bishop	Willow_Pond	un	7668905	0.11111	-1.00000	-1.00000	0.01818	-1.00000	-1.00000	0.01289	-1.00000	-1.00000	0.00029	-1.00000	-1.00000
17364	Bishop	Willow_Pond	un	7673709	0.08538	-1.00000	-1.00000	0.01066	-1.00000	-1.00000	0.00535	-1.00000	-1.00000	0.00027	-1.00000	-1.00000
17382	Bishop	Willow_Pond	un	7681444	-0.03942	-1.00000	-1.00000	-0.01680	-1.00000	-1.00000	-0.02639	-1.00000	-1.00000	0.00061	-1.00000	-1.00000
17400	Bishop	Willow_Pond	un	7685517	0.09920	-1.00000	-1.00000	0.01304	-1.00000	-1.00000	0.08145	-1.00000	-1.00000	0.00036	-1.00000	-1.00000
17420	Bishop	Willow_Pond	un	7695308	0.23578	-1.00000	-1.00000	0.06894	-1.00000	-1.00000	0.11246	-1.00000	-1.00000	0.00054	-1.00000	-1.00000
17421	Bishop	Willow_Pond	un	7696105	0.00290	-1.00000	-1.00000	0.00011	-1.00000	-1.00000	0.00088	-1.00000	-1.00000	0.00028	-1.00000	-1.00000
17428	Bishop	Willow_Pond	un	7699924	-0.00270	-1.00000	-1.00000	-0.00010	-1.00000	-1.00000	-0.00488	-1.00000	-1.00000	0.00025	-1.00000	-1.00000
17444	Bishop	Willow_Pond	un	7706829	-0.03448	-1.00000	-1.00000	-0.00238	-1.00000	-1.00000	-0.00238	-1.00000	-1.00000	0.00008	-1.00000	-1.00000
17473	Bishop	Willow_Pond	un	7716550	0.00251	-1.00000	-1.00000	0.00009	-1.00000	-1.00000	0.00508	-1.00000	-1.00000	0.00012	-1.00000	-1.00000
17479	Bishop	Willow_Pond	un	7719720	-0.02782	-1.00000	-1.00000	-0.00329	-1.00000	-1.00000	-0.00897	-1.00000	-1.00000	0.00026	-1.00000	-1.00000
17480	Bishop	Willow_Pond	un	7720556	-0.03665	-1.00000	-1.00000	-0.03802	-1.00000	-1.00000	-0.00824	-1.00000	-1.00000	0.00072	-1.00000	-1.00000
17489	Bishop	Willow_Pond	un	7722833	-0.03032	-1.00000	-1.00000	-0.00389	-1.00000	-1.00000	-0.01601	-1.00000	-1.00000	0.00041	-1.00000	-1.00000
17490	Bishop	Willow_Pond	un	7723617	0.13060	-1.00000	-1.00000	0.04681	-1.00000	-1.00000	0.02974	-1.00000	-1.00000	0.00053	-1.00000	-1.00000
17494	Bishop	Willow_Pond	un	7726690	-0.03567	-1.00000	-1.00000	-0.00255	-1.00000	-1.00000	-0.00256	-1.00000	-1.00000	0.00009	-1.00000	-1.00000
17506	Bishop	Willow_Pond	un	7732023	-0.00000	-1.00000	-1.00000	-0.00000	-1.00000	-1.00000	-0.00000	-1.00000	-1.00000	0.00004	-1.00000	-1.00000
17508	Bishop	Willow_Pond	un	7732852	0.03448	-1.00000	-1.00000	0.00246	-1.00000	-1.00000	0.00246	-1.00000	-1.00000	0.00008	-1.00000	-1.00000
17512	Bishop	Willow_Pond	un	7735304	0.79673	-1.00000	-1.00000	0.74868	-1.00000	-1.00000	0.74203	-1.00000	-1.00000	0.00106	-1.00000	-1.00000
17513	Bishop	Willow_Pond	un	7736085	-0.03641	-1.00000	-1.00000	-0.00561	-1.00000	-1.00000	-0.00175	-1.00000	-1.00000	0.00023	-1.00000	-1.00000
17519	Bishop	Willow_Pond	un	7737386	-0.03119	-1.00000	-1.00000	-0.00664	-1.00000	-1.00000	-0.00738	-1.00000	-1.00000	0.00039	-1.00000	-1.00000
17520	Bishop	Willow_Pond	un	7738213	-0.03975	-1.00000	-1.00000	-0.00319	-1.00000	-1.00000	-0.00376	-1.00000	-1.00000	0.00029	-1.00000	-1.00000
17523	Bishop	Willow_Pond	un	7740635	0.09035	-1.00000	-1.00000	0.08776	-1.00000	-1.00000	0.08011	-1.00000	-1.00000	0.00077	-1.00000	-1.00000
17529	Bishop	Willow_Pond	un	7742933	0.00656	-1.00000	-1.00000	0.00026	-1.00000	-1.00000	0.05121	-1.00000	-1.00000	0.00030	-1.00000	-1.00000
17534	Bishop	Willow_Pond	un	7744493	0.00340	-1.00000	-1.00000	0.00014	-1.00000	-1.00000	-0.01093	-1.00000	-1.00000	0.00033	-1.00000	-1.00000
17535	Bishop	Willow_Pond	un	7745321	-0.00910	-1.00000	-1.00000	-0.00315	-1.00000	-1.00000	0.00050	-1.00000	-1.00000	0.00050	-1.00000	-1.00000
17537	Bishop	Willow_Pond	un	7746105	-0.01806	-1.00000	-1.00000	-0.00707	-1.00000	-1.00000	-0.00707	-1.00000	-1.00000	0.00037	-1.00000	-1.00000
17543	Bishop	Willow_Pond	un	7749804	0.06920	-1.00000	-1.00000	0.00850	-1.00000	-1.00000	0.00265	-1.00000	-1.00000	0.00027	-1.00000	-1.00000
17551	Bishop	Willow_Pond	un	7754602	-0.01087	-1.00000	-1.00000	-0.01099	-1.00000	-1.00000	-0.02647	-1.00000	-1.00000	0.00075	-1.00000	-1.00000
17572	Bishop	Willow_Pond	un	7760194	0.10345	-1.00000	-1.00000	0.01567	-1.00000	-1.00000	0.01567	-1.00000	-1.00000	0.00016	-1.00000	-1.00000
17573	Bishop	Willow_Pond	un	7761016	-0.00489	-1.00000	-1.00000	-0.00018	-1.00000	-1.00000	0.01104	-1.00000	-1.00000	0.00019	-1.00000	-1.00000
17585	Bishop	Willow_Pond	un	7767601	0.00000	-1.00000	-1.00000	0.00000	-1.00000	-1.00000	-0.00000	-1.00000	-1.00000	0.00005	-1.00000	-1.00000
17590	Bishop	Willow_Pond	un	7768384	0.00000	-1.00000	-1.00000	0.00000	-1.00000	-1.00000	0.01515	-1.00000	-1.00000	0.00032	-1.00000	-1.00000
17594	Bishop	Willow_Pond	un	7770869	-0.03567	-1.00000	-1.00000	-0.00255	-1.00000	-1.00000	-0.00256	-1.00000	-1.00000	0.00009	-1.00000	-1.00000
17596	Bishop	Willow_Pond	un	7772388	0.09302	-1.00000	-1.00000	0.01497	-1.00000	-1.00000	0.01567	-1.00000	-1.00000	0.00015	-1.00000	-1.00000
17608	Bishop	Willow_Pond	un	7778187	0.00000	-1.00000	-1.00000	0.00000	-1.00000	-1.00000	-0.00502	-1.00000	-1.00000	0.00018	-1.00000	-1.00000
17614	Bishop	Willow_Pond	un	7779857	0.00290	-1.00000	-1.00000	0.00011	-1.00000	-1.00000	-0.00030	-1.00000	-1.00000	0.00013	-1.00000	-1.00000
17626	Bishop	Willow_Pond	un	7784741	-0.02157	-1.00000	-1.00000	-0.01760	-1.00000	-1.00000	-0.01392	-1.00000	-1.00000	0.00075	-1.00000	-1.00000
17627	Bishop	Willow_Pond	un	7785476	0.19057	-1.00000	-1.00000	0.04497	-1.00000	-1.00000	0.12678	-1.00000	-1.00000	0.00048	-1.00000	-1.00000
17633	Bishop	Willow_Pond	un	7787857	0.03114	-1.00000	-1.00000	0.00229	-1.00000	-1.00000	0.00246	-1.00000	-1.00000	0.00008	-1.00000	-1.00000
17666	Bishop	Willow_Pond	un	7800514	-0.03975	-1.00000	-1.00000	-0.00319	-1.00000	-1.00000	0.01151	-1.00000	-1.00000	0.00032	-1.00000	-1.00000
17676	Bishop	Willow_Pond	un	7804613	0.00251	-1.00000	-1.00000	0.00009	-1.00000	-1.00000	-0.00000	-1.00000	-1.00000	0.00004	-1.00000	-1.00000
17679	Bishop	Willow_Pond	un	7805411	0.13263	-1.00000	-1.00000	0.02215	-1.00000	-1.00000	0.05900	-1.00000	-1.00000	0.00035	-1.00000	-1.00000
17683	Bishop	Willow_Pond	un	7808670	-0.02321	-1.00000	-1.00000	-0.00498	-1.00000	-1.00000	0.01766	-1.00000	-1.00000	0.00048	-1.00000	-1.00000
17687	Bishop	Willow_Pond	un	7811954	0.03114	-1.00000	-1.00000	0.00229	-1.00000	-1.00000	0.00018	-1.00000	-1.00000	0.00015	-1.00000	-1.00000
17692	Bishop	Willow_Pond	un	7815158	0.00251	-1.00000	-1.00000	0.00009	-1.00000	-1.00000	-0.00000	-1.00000	-1.00000	0.00005	-1.00000	-1.00000
17694	Bishop	Willow_Pond	un	7816719	0.04067	-1.00000	-1.00000	0.00302	-1.00000	-1.00000	0.01050	-1.00000	-1.00000	0.00017	-1.00000	-1.00000
17698	Bishop	Willow_Pond	un	7818980	0.15741	-1.00000	-1.00000	0.16190	-1.00000	-1.00000	0.16355	-1.00000	-1.00000	0.00071	-1.00000	-1.00000
17702	Bishop	Willow_Pond	un	7821365	-0.01407	-1.00000	-1.00000	-0.00705	-1.00000	-1.00000	0.00123	-1.00000	-1.00000	0.00047	-1.00000	-1.00000
17712	Bishop	Willow_Pond	un	7825306	-0.03448	-1.00000	-1.00000	-0.00493	-1.00000	-1.00000	-0.00493	-1.00000	-1.00000	0.00015	-1.00000	-1.00000
17726	Bishop	Willow_Pond	un	7831571	0.16756	-1.00000	-1.00000	0.06972	-1.00000	-1.00000	0.05399	-1.00000	-1.00000	0.00059	-1.00000	-1.00000
17730	Bishop	Willow_Pond	un	7833104	-0.01798	-1.00000	-1.00000	-0.00206	-1.00000	-1.00000	0.02071	-1.00000	-1.00000	0.00029	-1.00000	-1.00000
17733	Bishop	Willow_Pond	un	7834311	-0.01668	-1.00000	-1.00000	-0.00783	-1.00000	-1.00000	0.00155	-1.00000	-1.00000	0.00045	-1.00000	-1.00000
17736	Bishop	Willow_Pond	un	7836927	0.52000	-1.00000	-1.00000	0.37759	-1.00000	-1.00000	0.35816	-1.00000	-1.00000	0.00078	-1.00000	-1.00000
17742	Bishop	Willow_Pond	un	7841003	0.02912	-1.00000	-1.00000	0.00239	-1.00000	-1.00000	0.00518	-1.00000	-1.00000	0.00035	-1.00000	-1.00000
17745	Bishop	Willow_Pond	un	7843368	0.00251	-1.00000	-1.00000	0.00009	-1.00000	-1.00000	-0.00000	-1.00000	-1.00000	0.00005	-1.00000	-1.00000
17772	Bishop	Willow_Pond	un	7856382	0.07436	-1.00000	-1.00000	0.00994	-1.00000	-1.00000	-0.00300	-1.00000	-1.00000	0.00039	-1.00000	-1.00000
17785	Bishop	Willow_Pond	un	7860572	-0.02913	-1.00000	-1.00000	-0.00330	-1.00000	-1.00000	0.00934	-1.00000	-1.00000	0.00031	-1.00000	-1.00000
17788	Bishop	Willow_Pond	un	7862070	0.00290	-1.00000	-1.00000	0.00011	-1.00000	-1.00000	-0.00030	-1.00000	-1.00000	0.00011	-1.00000	-1.00000
17789	Bishop	Willow_Pond	un	7862984	0.38428	-1.00000	-1.00000	0.30397	-1.00000	-1.00000	0.28452	-1.00000	-1.00000	0.00081	-1.00000	-1.00000
17794	Bishop	Willow_Pond	un	7865237	0.08000	-1.00000	-1.00000	0.01033	-1.00000	-1.00000	0.01493	-1.00000	-1.00000	0.00035	-1.00000	-1.00000
17795	Bishop	Willow_Pond	un	7866023	0.00251	-1.00000	-1.00000	0.00009	-1.00000	-1.00000	0.00508	-1.00000	-1.00000	0.00012	-1.00000	-1.00000
17804	Bishop	Willow_Pond	un	7870206	-0.03896	-1.00000	-1.00000	-0.01521	-1.00000	-1.00000	0.00717	-1.00000	-1.00000	0.00049	-1.00000	-1.00000
17813	Bishop	Willow_Pond	un	7875900	0.04420	-1.00000	-1.00000	0.00354	-1.00000	-1.00000	0.00332	-1.00000	-1.00000	0.00009	-1.00000	-1.00000
17817	Bishop	Willow_Pond	un	7878045	-0.01535	-1.00000	-1.00000	-0.00987	-1.00000	-1.00000	-0.02472	-1.00000	-1.00000	0.00061	-1.00000	-1.00000
17819	Bishop	Willow_Pond	un	7878946	0.12000	-1.00000	-1.00000	0.02135	-1.00000	-1.00000	0.01271	-1.00000	-1.00000	0.00037	-1.00000	-1.00000
17824	Bishop	Willow_Pond	un	7880247	0.00000	-1.00000	-1.00000	0.00000	-1.00000	-1.00000	-0.00009	-1.00000	-1.00000	0.00012	-1.00000	-1.00000
17829	Bishop	Willow_Pond	un	7883466	-0.00235	-1.00000	-1.00000	-0.00008	-1.00000	-1.00000	0.00008	-1.00000	-1.00000	0.00013	-1.00000	-1.00000
17840	Bishop	Willow_Pond	un	7888988	0.04000	-1.00000	-1.00000	0.00332	-1.00000	-1.00000	-0.00760	-1.00000	-1.00000	0.00036	-1.00000	-1.00000
17845	Bishop	Willow_Pond	un	7891372	0.02662	-1.00000	-1.00000	0.00806	-1.00000	-1.00000	0.01410	-1.00000	-1.00000	0.00049	-1.00000	-1.00000
17848	Bishop	Willow_Pond	un	7892997	-0.04128	-1.00000	-1.00000	-0.01118	-1.00000	-1.00000	-0.01796	-1.00000	-1.00000	0.00050	-1.00000	-1.00000
17852	Bishop	Willow_Pond	un	7896289	0.15234	-1.00000	-1.00000	0.15768	-1.00000	-1.00000	0.13696	-1.00000	-1.00000	0.00082	-1.00000	-1.00000
17859	Bishop	Willow_Pond	un	7898714	0.03704	-1.00000	-1.00000	0.00284	-1.00000	-1.00000	-0.00227	-1.00000	-1.00000	0.00023	-1.00000	-1.00000
17865	Bishop	Willow_Pond	un	7900278	0.06407	-1.00000	-1.00000	0.00815	-1.00000	-1.00000	0.00571	-1.00000	-1.00000	0.00042	-1.00000	-1.00000
17868	Bishop	Willow_Pond	un	7902602	-0.03975	-1.00000	-1.00000	-0.00319	-1.00000	-1.00000	-0.00376	-1.00000	-1.00000	0.00034	-1.00000	-1.00000
17871	Bishop	Willow_Pond	un	7904016	0.03320	-1.00000	-1.00000	0.00263	-1.00000	-1.00000	-0.00303	-1.00000	-1.00000	0.00022	-1.00000	-1.00000
17886	Bishop	Willow_Pond	un	7908717	0.06798	-1.00000	-1.00000	0.01687	-1.00000	-1.00000	0.01136	-1.00000	-1.00000	0.00041	-1.00000	-1.00000
17904	Bishop	Willow_Pond	un	7916954	0.09054	-1.00000	-1.00000	0.01094	-1.00000	-1.00000	0.02205	-1.00000	-1.00000	0.00022	-1.00000	-1.00000
17915	Bishop	Willow_Pond	un	7921756	0.03555	-1.00000	-1.00000	0.00306	-1.00000	-1.00000	-0.01045	-1.00000	-1.00000	0.00042	-1.00000	-1.00000
17919	Bishop	Willow_Pond	un	7923395	0.00000	-1.00000	-1.00000	0.00000	-1.00000	-1.00000	-0.00502	-1.00000	-1.00000	0.00020	-1.00000	-1.00000
17921	Bishop	Willow_Pond	un	7924180	-0.00000	-1.00000	-1.00000	-0.00000	-1.00000	-1.00000	-0.00581	-1.00000	-1.00000	0.00020	-1.00000	-1.00000
17926	Bishop	Willow_Pond	un	7925825	0.13793	-1.00000	-1.00000	0.02685	-1.00000	-1.00000	0.02685	-1.00000	-1.00000	0.00022	-1.00000	-1.00000
17946	Bishop	Willow_Pond	un	7932127	-0.00000	-1.00000	-1.00000	-0.00000	-1.00000	-1.00000	-0.00000	-1.00000	-1.00000	0.00004	-1.00000	-1.00000
17953	Bishop	Willow_Pond	un	7935318	-0.00000	-1.00000	-1.00000	-0.00000	-1.00000	-1.00000	-0.01068	-1.00000	-1.00000	0.00033	-1.00000	-1.00000
17960	Bishop	Willow_Pond	un	7938485	0.12643	-1.00000	-1.00000	0.02178	-1.00000	-1.00000	0.01646	-1.00000	-1.00000	0.00033	-1.00000	-1.00000
17975	Bishop	Willow_Pond	un	7942740	0.30969	-1.00000	-1.00000	0.14401	-1.00000	-1.00000	0.12613	-1.00000	-1.00000	0.00060	-1.00000	-1.00000
17978	Bishop	Willow_Pond	un	7944365	0.16584	-1.00000	-1.00000	0.04086	-1.00000	-1.00000	0.03045	-1.00000	-1.00000	0.00033	-1.00000	-1.00000
17991	Bishop	Willow_Pond	un	7949157	0.04067	-1.00000	-1.00000	0.00302	-1.00000	-1.00000	0.01050	-1.00000	-1.00000	0.00016	-1.00000	-1.00000
17996	Bishop	Willow_Pond	un	7953435	0.10345	-1.00000	-1.00000	0.01567	-1.00000	-1.00000	0.01567	-1.00000	-1.00000	0.00016	-1.00000	-1.00000
18000	Bishop	Willow_Pond	un	7955653	-0.00767	-1.00000	-1.00000	-0.00029	-1.00000	-1.00000	0.03472	-1.00000	-1.00000	0.00024	-1.00000	-1.00000
18001	Bishop	Willow_Pond	un	7956590	-0.00000	-1.00000	-1.00000	-0.00000	-1.00000	-1.00000	-0.00050	-1.00000	-1.00000	0.00028	-1.00000	-1.00000
18004	Bishop	Willow_Pond	un	7958171	0.00000	-1.00000	-1.00000	0.00000	-1.00000	-1.00000	-0.00009	-1.00000	-1.00000	0.00012	-1.00000	-1.00000
18011	Bishop	Willow_Pond	un	7960700	-0.00000	-1.00000	-1.00000	-0.00000	-1.00000	-1.00000	-0.00000	-1.00000	-1.00000	0.00004	-1.00000	-1.00000
18012	Bishop	Willow_Pond	un	7961475	0.00000	-1.00000	-1.00000	0.00000	-1.00000	-1.00000	-0.00009	-1.00000	-1.00000	0.00012	-1.00000	-1.00000
18013	Bishop	Willow_Pond	un	7962299	-0.04068	-1.00000	-1.00000	-0.02396	-1.00000	-1.00000	-0.03763	-1.00000	-1.00000	0.00060	-1.00000	-1.00000
18016	Bishop	Willow_Pond	un	7963149	-0.00000	-1.00000	-1.00000	-0.00000	-1.00000	-1.00000	-0.00000	-1.00000	-1.00000	0.00004	-1.00000	-1.00000
18023	Bishop	Willow_Pond	un	7966312	0.04420	-1.00000	-1.00000	0.00354	-1.00000	-1.00000	0.03064	-1.00000	-1.00000	0.00024	-1.00000	-1.00000
18035	Bishop	Willow_Pond	un	7970326	0.15667	-1.00000	-1.00000	0.05057	-1.00000	-1.00000	0.09795	-1.00000	-1.00000	0.00045	-1.00000	-1.00000
18037	Bishop	Willow_Pond	un	7971933	0.04838	-1.00000	-1.00000	0.00422	-1.00000	-1.00000	-0.00680	-1.00000	-1.00000	0.00034	-1.00000	-1.00000
18061	Bishop	Willow_Pond	un	7979931	-0.04160	-1.00000	-1.00000	-0.00347	-1.00000	-1.00000	0.00877	-1.00000	-1.00000	0.00041	-1.00000	-1.00000
18063	Bishop	Willow_Pond	un	7980672	-0.04000	-1.00000	-1.00000	-0.00321	-1.00000	-1.00000	-0.00652	-1.00000	-1.00000	0.00027	-1.00000	-1.00000
18074	Bishop	Willow_Pond	un	7985274	0.02414	-1.00000	-1.00000	0.01515	-1.00000	-1.00000	0.09253	-1.00000	-1.00000	0.00065	-1.00000	-1.00000
18079	Bishop	Willow_Pond	un	7986982	0.07875	-1.00000	-1.00000	0.00908	-1.00000	-1.00000	0.00881	-1.00000	-1.00000	0.00013	-1.00000	-1.00000
18085	Bishop	Willow_Pond	un	7989394	0.06470	-1.00000	-1.00000	0.00736	-1.00000	-1.00000	0.00760	-1.00000	-1.00000	0.00012	-1.00000	-1.00000
18110	Bishop	Willow_Pond	un	7999098	-0.03841	-1.00000	-1.00000	-0.00296	-1.00000	-1.00000	-0.00486	-1.00000	-1.00000	0.00032	-1.00000	-1.00000
18116	Bishop	Willow_Pond	un	8002298	-0.00315	-1.00000	-1.00000	-0.00013	-1.00000	-1.00000	-0.01039	-1.00000	-1.00000	0.00041	-1.00000	-1.00000
18117	Bishop	Willow_Pond	un	8003049	0.00000	-1.00000	-1.00000	0.00000	-1.00000	-1.00000	-0.01276	-1.00000	-1.00000	0.00037	-1.00000	-1.00000
18118	Bishop	Willow_Pond	un	8003898	-0.00315	-1.00000	-1.00000	-0.00013	-1.00000	-1.00000	-0.01186	-1.00000	-1.00000	0.00031	-1.00000	-1.00000
18127	Bishop	Willow_Pond	un	8006304	0.34783	-1.00000	-1.00000	0.17266	-1.00000	-1.00000	0.14362	-1.00000	-1.00000	0.00072	-1.00000	-1.00000
18131	Bishop	Willow_Pond	un	8007860	0.42407	-1.00000	-1.00000	0.22070	-1.00000	-1.00000	0.27308	-1.00000	-1.00000	0.00061	-1.00000	-1.00000
18133	Bishop	Willow_Pond	un	8009493	0.70923	-1.00000	-1.00000	0.66526	-1.00000	-1.00000	0.65921	-1.00000	-1.00000	0.00099	-1.00000	-1.00000
18145	Bishop	Willow_Pond	un	8018334	0.11672	-1.00000	-1.00000	0.01853	-1.00000	-1.00000	0.03064	-1.00000	-1.00000	0.00022	-1.00000	-1.00000
18152	Bishop	Willow_Pond	un	8021641	0.00000	-1.00000	-1.00000	0.00000	-1.00000	-1.00000	-0.01276	-1.00000	-1.00000	0.00040	-1.00000	-1.00000
18156	Bishop	Willow_Pond	un	8022421	-0.04021	-1.00000	-1.00000	-0.02147	-1.00000	-1.00000	-0.00925	-1.00000	-1.00000	0.00064	-1.00000	-1.00000
18158	Bishop	Willow_Pond	un	8023196	0.04067	-1.00000	-1.00000	0.00302	-1.00000	-1.00000	0.00284	-1.00000	-1.00000	0.00008	-1.00000	-1.00000
18166	Bishop	Willow_Pond	un	8028094	0.21628	-1.00000	-1.00000	0.09793	-1.00000	-1.00000	0.08399	-1.00000	-1.00000	0.00047	-1.00000	-1.00000
18168	Bishop	Willow_Pond	un	8029514	0.55413	-1.00000	-1.00000	0.38325	-1.00000	-1.00000	0.45283	-1.00000	-1.00000	0.00079	-1.00000	-1.00000
18174	Bishop	Willow_Pond	un	8031796	0.06897	-1.00000	-1.00000	0.00760	-1.00000	-1.00000	0.00760	-1.00000	-1.00000	0.00013	-1.00000	-1.00000
18175	Bishop	Willow_Pond	un	8032564	0.00340	-1.00000	-1.00000	0.00014	-1.00000	-1.00000	-0.00601	-1.00000	-1.00000	0.00021	-1.00000	-1.00000
18178	Bishop	Willow_Pond	un	8035079	0.00251	-1.00000	-1.00000	0.00009	-1.00000	-1.00000	0.00508	-1.00000	-1.00000	0.00013	-1.00000	-1.00000
18194	Bishop	Willow_Pond	un	8039160	-0.03567	-1.00000	-1.00000	-0.00255	-1.00000	-1.00000	0.00018	-1.00000	-1.00000	0.00016	-1.00000	-1.00000
18196	Bishop	Willow_Pond	un	8040738	0.13263	-1.00000	-1.00000	0.02215	-1.00000	-1.00000	0.03571	-1.00000	-1.00000	0.00025	-1.00000	-1.00000
18201	Bishop	Willow_Pond	un	8044005	-0.02813	-1.00000	-1.00000	-0.00378	-1.00000	-1.00000	-0.01091	-1.00000	-1.00000	0.00049	-1.00000	-1.00000
18206	Bishop	Willow_Pond	un	8044754	-0.00315	-1.00000	-1.00000	-0.00013	-1.00000	-1.00000	-0.01039	-1.00000	-1.00000	0.00038	-1.00000	-1.00000
18208	Bishop	Willow_Pond	un	8046061	0.04067	-1.00000	-1.00000	0.00302	-1.00000	-1.00000	0.01050	-1.00000	-1.00000	0.00015	-1.00000	-1.00000
18213	Bishop	Willow_Pond	un	8048567	0.10386	-1.00000	-1.00000	0.03087	-1.00000	-1.00000	0.04532	-1.00000	-1.00000	0.00034	-1.00000	-1.00000
18219	Bishop	Willow_Pond	un	8051797	-0.00000	-1.00000	-1.00000	-0.00000	-1.00000	-1.00000	-0.01068	-1.00000	-1.00000	0.00030	-1.00000	-1.00000
18221	Bishop	Willow_Pond	un	8052654	0.24000	-1.00000	-1.00000	0.08124	-1.00000	-1.00000	0.06805	-1.00000	-1.00000	0.00054	-1.00000	-1.00000
18227	Bishop	Willow_Pond	un	8053460	0.00340	-1.00000	-1.00000	0.00014	-1.00000	-1.00000	-0.00378	-1.00000	-1.00000	0.00033	-1.00000	-1.00000
18234	Bishop	Willow_Pond	un	8057647	-0.00565	-1.00000	-1.00000	-0.00022	-1.00000	-1.00000	0.00778	-1.00000	-1.00000	0.00034	-1.00000	-1.00000
18238	Bishop	Willow_Pond	un	8059308	0.00000	-1.00000	-1.00000	0.00000	-1.00000	-1.00000	-0.00502	-1.00000	-1.00000	0.00018	-1.00000	-1.00000
18240	Bishop	Willow_Pond	un	8060991	-0.03351	-1.00000	-1.00000	-0.03153	-1.00000	-1.00000	0.03590	-1.00000	-1.00000	0.00072	-1.00000	-1.00000
18253	Bishop	Willow_Pond	un	8065879	0.22677	-1.00000	-1.00000	0.06831	-1.00000	-1.00000	0.05638	-1.00000	-1.00000	0.00051	-1.00000	-1.00000
18254	Bishop	Willow_Pond	un	8066709	0.07407	-1.00000	-1.00000	0.00881	-1.00000	-1.00000	0.00881	-1.00000	-1.00000	0.00012	-1.00000	-1.00000
18265	Bishop	Willow_Pond	un	8072840	0.02760	-1.00000	-1.00000	0.00210	-1.00000	-1.00000	0.00883	-1.00000	-1.00000	0.00024	-1.00000	-1.00000
18269	Bishop	Willow_Pond	un	8075178	-0.04000	-1.00000	-1.00000	-0.00666	-1.00000	-1.00000	-0.01008	-1.00000	-1.00000	0.00038	-1.00000	-1.00000
18287	Bishop	Willow_Pond	un	8084922	0.03555	-1.00000	-1.00000	0.00306	-1.00000	-1.00000	-0.00561	-1.00000	-1.00000	0.00032	-1.00000	-1.00000
18291	Bishop	Willow_Pond	un	8086564	-0.00000	-1.00000	-1.00000	-0.00000	-1.00000	-1.00000	-0.00000	-1.00000	-1.00000	0.00004	-1.00000	-1.00000
18293	Bishop	Willow_Pond	un	8087378	0.04820	-1.00000	-1.00000	0.01177	-1.00000	-1.00000	0.01243	-1.00000	-1.00000	0.00023	-1.00000	-1.00000
18296	Bishop	Willow_Pond	un	8089921	0.04820	-1.00000	-1.00000	0.00374	-1.00000	-1.00000	0.01220	-1.00000	-1.00000	0.00018	-1.00000	-1.00000
18302	Bishop	Willow_Pond	un	8093109	0.12040	-1.00000	-1.00000	0.12457	-1.00000	-1.00000	0.10299	-1.00000	-1.00000	0.00077	-1.00000	-1.00000
18319	Bishop	Willow_Pond	un	8099420	-0.00000	-1.00000	-1.00000	-0.00000	-1.00000	-1.00000	-0.00000	-1.00000	-1.00000	0.00004	-1.00000	-1.00000
18328	Bishop	Willow_Pond	un	8101894	-0.02782	-1.00000	-1.00000	-0.00329	-1.00000	-1.00000	-0.00790	-1.00000	-1.00000	0.00034	-1.00000	-1.00000
18336	Bishop	Willow_Pond	un	8104980	0.00290	-1.00000	-1.00000	0.00011	-1.00000	-1.00000	0.00088	-1.00000	-1.00000	0.00026	-1.00000	-1.00000
18345	Bishop	Willow_Pond	un	8108280	0.29630	-1.00000	-1.00000	0.12308	-1.00000	-1.00000	0.14308	-1.00000	-1.00000	0.00044	-1.00000	-1.00000
18349	Bishop	Willow_Pond	un	8110625	-0.03798	-1.00000	-1.00000	-0.01359	-1.00000	-1.00000	-0.01269	-1.00000	-1.00000	0.00049	-1.00000	-1.00000
18355	Bishop	Willow_Pond	un	8113783	0.03448	-1.00000	-1.00000	0.00246	-1.00000	-1.00000	0.00246	-1.00000	-1.00000	0.00008	-1.00000	-1.00000
18356	Bishop	Willow_Pond	un	8114621	0.04067	-1.00000	-1.00000	0.00302	-1.00000	-1.00000	0.01050	-1.00000	-1.00000	0.00016	-1.00000	-1.00000
18357	Bishop	Willow_Pond	un	8115433	0.00290	-1.00000	-1.00000	0.00011	-1.00000	-1.00000	0.00088	-1.00000	-1.00000	0.00025	-1.00000	-1.00000
18367	Bishop	Willow_Pond	un	8119515	0.04067	-1.00000	-1.00000	0.00302	-1.00000	-1.00000	0.01050	-1.00000	-1.00000	0.00017	-1.00000	-1.00000
18368	Bishop	Willow_Pond	un	8120285	0.03704	-1.00000	-1.00000	0.00284	-1.00000	-1.00000	0.01050	-1.00000	-1.00000	0.00017	-1.00000	-1.00000
18375	Bishop	Willow_Pond	un	8125183	0.03448	-1.00000	-1.00000	0.00246	-1.00000	-1.00000	0.00246	-1.00000	-1.00000	0.00008	-1.00000	-1.00000
18379	Bishop	Willow_Pond	un	8126681	0.03448	-1.00000	-1.00000	0.00246	-1.00000	-1.00000	0.00246	-1.00000	-1.00000	0.00006	-1.00000	-1.00000
18386	Bishop	Willow_Pond	un	8130846	0.04067	-1.00000	-1.00000	0.00302	-1.00000	-1.00000	0.00284	-1.00000	-1.00000	0.00008	-1.00000	-1.00000
18400	Bishop	Willow_Pond	un	8137104	0.00251	-1.00000	-1.00000	0.00009	-1.00000	-1.00000	-0.00000	-1.00000	-1.00000	0.00004	-1.00000	-1.00000
18423	Bishop	Willow_Pond	un	8143709	0.19970	-1.00000	-1.00000	0.05872	-1.00000	-1.00000	0.04666	-1.00000	-1.00000	0.00041	-1.00000	-1.00000
18452	Bishop	Willow_Pond	un	8153581	-0.00341	-1.00000	-1.00000	-0.00055	-1.00000	-1.00000	-0.00643	-1.00000	-1.00000	0.00030	-1.00000	-1.00000
18473	Bishop	Willow_Pond	un	8159938	-0.00000	-1.00000	-1.00000	-0.00000	-1.00000	-1.00000	-0.00000	-1.00000	-1.00000	0.00004	-1.00000	-1.00000
18475	Bishop	Willow_Pond	un	8160732	0.00290	-1.00000	-1.00000	0.00011	-1.00000	-1.00000	-0.00518	-1.00000	-1.00000	0.00020	-1.00000	-1.00000
18481	Bishop	Willow_Pond	un	8161562	-0.01263	-1.00000	-1.00000	-0.01310	-1.00000	-1.00000	-0.01837	-1.00000	-1.00000	0.00077	-1.00000	-1.00000
18506	Bishop	Willow_Pond	un	8176852	0.16534	-1.00000	-1.00000	0.12726	-1.00000	-1.00000	0.12481	-1.00000	-1.00000	0.00074	-1.00000	-1.00000
18507	Bishop	Willow_Pond	un	8177669	0.07875	-1.00000	-1.00000	0.00908	-1.00000	-1.00000	0.00881	-1.00000	-1.00000	0.00014	-1.00000	-1.00000
18508	Bishop	Willow_Pond	un	8178450	0.00251	-1.00000	-1.00000	0.00009	-1.00000	-1.00000	0.00508	-1.00000	-1.00000	0.00013	-1.00000	-1.00000
18514	Bishop	Willow_Pond	un	8179239	0.00000	-1.00000	-1.00000	0.00000	-1.00000	-1.00000	0.00508	-1.00000	-1.00000	0.00012	-1.00000	-1.00000
18522	Bishop	Willow_Pond	un	8184036	0.18876	-1.00000	-1.00000	0.11496	-1.00000	-1.00000	0.09300	-1.00000	-1.00000	0.00062	-1.00000	-1.00000
18535	Bishop	Willow_Pond	un	8189639	0.50058	-1.00000	-1.00000	0.49634	-1.00000	-1.00000	0.48098	-1.00000	-1.00000	0.00090	-1.00000	-1.00000
18544	Bishop	Willow_Pond	un	8194368	0.16800	-1.00000	-1.00000	0.13120	-1.00000	-1.00000	0.13708	-1.00000	-1.00000	0.00074	-1.00000	-1.00000
18545	Bishop	Willow_Pond	un	8195132	-0.00315	-1.00000	-1.00000	-0.00013	-1.00000	-1.00000	-0.01186	-1.00000	-1.00000	0.00033	-1.00000	-1.00000
18547	Bishop	Willow_Pond	un	8196730	-0.02245	-1.00000	-1.00000	-0.00238	-1.00000	-1.00000	-0.00238	-1.00000	-1.00000	0.00012	-1.00000	-1.00000
18557	Bishop	Willow_Pond	un	8199890	0.08000	-1.00000	-1.00000	0.01033	-1.00000	-1.00000	0.02205	-1.00000	-1.00000	0.00024	-1.00000	-1.00000
18563	Bishop	Willow_Pond	un	8202417	0.18240	-1.00000	-1.00000	0.04441	-1.00000	-1.00000	0.03293	-1.00000	-1.00000	0.00053	-1.00000	-1.00000
18571	Bishop	Willow_Pond	un	8206329	0.80436	-1.00000	-1.00000	0.79892	-1.00000	-1.00000	0.79297	-1.00000	-1.00000	0.00103	-1.00000	-1.00000
18572	Bishop	Willow_Pond	un	8207156	0.00000	-1.00000	-1.00000	0.00000	-1.00000	-1.00000	-0.00502	-1.00000	-1.00000	0.00021	-1.00000	-1.00000
18574	Bishop	Willow_Pond	un	8207896	0.00251	-1.00000	-1.00000	0.00009	-1.00000	-1.00000	-0.00000	-1.00000	-1.00000	0.00005	-1.00000	-1.00000
18580	Bishop	Willow_Pond	un	8211678	-0.00565	-1.00000	-1.00000	-0.00022	-1.00000	-1.00000	0.00778	-1.00000	-1.00000	0.00032	-1.00000	-1.00000
18582	Bishop	Willow_Pond	un	8213280	0.13205	-1.00000	-1.00000	0.02645	-1.00000	-1.00000	0.02685	-1.00000	-1.00000	0.00019	-1.00000	-1.00000
18587	Bishop	Willow_Pond	un	8215767	0.00000	-1.00000	-1.00000	0.00000	-1.00000	-1.00000	-0.00502	-1.00000	-1.00000	0.00018	-1.00000	-1.00000
18597	Bishop	Willow_Pond	un	8220495	0.05043	-1.00000	-1.00000	0.01851	-1.00000	-1.00000	0.00594	-1.00000	-1.00000	0.00054	-1.00000	-1.00000
18600	Bishop	Willow_Pond	un	8222825	0.17448	-1.00000	-1.00000	0.03767	-1.00000	-1.00000	0.05342	-1.00000	-1.00000	0.00032	-1.00000	-1.00000
18604	Bishop	Willow_Pond	un	8224407	0.00290	-1.00000	-1.00000	0.00011	-1.00000	-1.00000	0.00088	-1.00000	-1.00000	0.00028	-1.00000	-1.00000
18607	Bishop	Willow_Pond	un	8225877	0.00000	-1.00000	-1.00000	0.00000	-1.00000	-1.00000	-0.01682	-1.00000	-1.00000	0.00041	-1.00000	-1.00000
18621	Bishop	Willow_Pond	un	8230720	-0.00489	-1.00000	-1.00000	-0.00018	-1.00000	-1.00000	0.00029	-1.00000	-1.00000	0.00012	-1.00000	-1.00000
18629	Bishop	Willow_Pond	un	8233215	0.02912	-1.00000	-1.00000	0.00239	-1.00000	-1.00000	0.00518	-1.00000	-1.00000	0.00039	-1.00000	-1.00000
18634	Bishop	Willow_Pond	un	8234786	-0.04160	-1.00000	-1.00000	-0.00347	-1.00000	-1.00000	-0.01045	-1.00000	-1.00000	0.00045	-1.00000	-1.00000
18635	Bishop	Willow_Pond	un	8235523	0.15194	-1.00000	-1.00000	0.02682	-1.00000	-1.00000	0.10217	-1.00000	-1.00000	0.00042	-1.00000	-1.00000
18649	Bishop	Willow_Pond	un	8241957	-0.00270	-1.00000	-1.00000	-0.00010	-1.00000	-1.00000	-0.00488	-1.00000	-1.00000	0.00026	-1.00000	-1.00000
18651	Bishop	Willow_Pond	un	8242755	0.06897	-1.00000	-1.00000	0.00760	-1.00000	-1.00000	0.00760	-1.00000	-1.00000	0.00011	-1.00000	-1.00000
18652	Bishop	Willow_Pond	un	8243632	-0.03567	-1.00000	-1.00000	-0.00255	-1.00000	-1.00000	0.00018	-1.00000	-1.00000	0.00015	-1.00000	-1.00000
18658	Bishop	Willow_Pond	un	8246023	0.10495	-1.00000	-1.00000	0.01335	-1.00000	-1.00000	0.05025	-1.00000	-1.00000	0.00029	-1.00000	-1.00000
18664	Bishop	Willow_Pond	un	8250091	0.04420	-1.00000	-1.00000	0.00354	-1.00000	-1.00000	0.01220	-1.00000	-1.00000	0.00016	-1.00000	-1.00000
18667	Bishop	Willow_Pond	un	8251704	-0.00000	-1.00000	-1.00000	-0.00000	-1.00000	-1.00000	-0.00000	-1.00000	-1.00000	0.00004	-1.00000	-1.00000
18672	Bishop	Willow_Pond	un	8254088	0.10528	-1.00000	-1.00000	0.01778	-1.00000	-1.00000	0.01175	-1.00000	-1.00000	0.00035	-1.00000	-1.00000
18674	Bishop	Willow_Pond	un	8255621	-0.03975	-1.00000	-1.00000	-0.00319	-1.00000	-1.00000	-0.00376	-1.00000	-1.00000	0.00029	-1.00000	-1.00000
18675	Bishop	Willow_Pond	un	8256478	-0.00235	-1.00000	-1.00000	-0.00008	-1.00000	-1.00000	-0.00000	-1.00000	-1.00000	0.00004	-1.00000	-1.00000
18676	Bishop	Willow_Pond	un	8257327	0.00251	-1.00000	-1.00000	0.00009	-1.00000	-1.00000	0.00508	-1.00000	-1.00000	0.00012	-1.00000	-1.00000
18690	Bishop	Willow_Pond	un	8263027	-0.03289	-1.00000	-1.00000	-0.00670	-1.00000	-1.00000	-0.01113	-1.00000	-1.00000	0.00037	-1.00000	-1.00000
18696	Bishop	Willow_Pond	un	8265432	-0.02012	-1.00000	-1.00000	-0.00481	-1.00000	-1.00000	0.00499	-1.00000	-1.00000	0.00037	-1.00000	-1.00000
18701	Bishop	Willow_Pond	un	8267814	-0.03547	-1.00000	-1.00000	-0.00815	-1.00000	-1.00000	-0.00486	-1.00000	-1.00000	0.00030	-1.00000	-1.00000
18714	Bishop	Willow_Pond	un	8271853	1.00000	-1.00000	-1.00000	1.00000	-1.00000	-1.00000	0.99408	-1.00000	-1.00000	0.00111	-1.00000	-1.00000
18722	Bishop	Willow_Pond	un	8274444	0.38428	-1.00000	-1.00000	0.30397	-1.00000	-1.00000	0.29575	-1.00000	-1.00000	0.00082	-1.00000	-1.00000
18725	Bishop	Willow_Pond	un	8276096	0.00561	-1.00000	-1.00000	0.00021	-1.00000	-1.00000	0.02159	-1.00000	-1.00000	0.00022	-1.00000	-1.00000
18727	Bishop	Willow_Pond	un	8276867	0.10345	-1.00000	-1.00000	0.01567	-1.00000	-1.00000	0.01567	-1.00000	-1.00000	0.00017	-1.00000	-1.00000
18729	Bishop	Willow_Pond	un	8278433	0.02672	-1.00000	-1.00000	0.00556	-1.00000	-1.00000	0.01584	-1.00000	-1.00000	0.00027	-1.00000	-1.00000
18736	Bishop	Willow_Pond	un	8280889	0.15741	-1.00000	-1.00000	0.16190	-1.00000	-1.00000	0.15446	-1.00000	-1.00000	0.00075	-1.00000	-1.00000
18739	Bishop	Willow_Pond	un	8281691	-0.03039	-1.00000	-1.00000	-0.01941	-1.00000	-1.00000	-0.02512	-1.00000	-1.00000	0.00061	-1.00000	-1.00000
18741	Bishop	Willow_Pond	un	8283281	0.03448	-1.00000	-1.00000	0.00246	-1.00000	-1.00000	0.00246	-1.00000	-1.00000	0.00009	-1.00000	-1.00000
18742	Bishop	Willow_Pond	un	8284061	0.00290	-1.00000	-1.00000	0.00011	-1.00000	-1.00000	0.00088	-1.00000	-1.00000	0.00025	-1.00000	-1.00000
18748	Bishop	Willow_Pond	un	8288912	-0.03684	-1.00000	-1.00000	-0.00273	-1.00000	-1.00000	0.00061	-1.00000	-1.00000	0.00016	-1.00000	-1.00000
18753	Bishop	Willow_Pond	un	8292053	0.15234	-1.00000	-1.00000	0.07738	-1.00000	-1.00000	0.08102	-1.00000	-1.00000	0.00069	-1.00000	-1.00000
18754	Bishop	Willow_Pond	un	8292821	0.09054	-1.00000	-1.00000	0.01094	-1.00000	-1.00000	0.01033	-1.00000	-1.00000	0.00014	-1.00000	-1.00000
18769	Bishop	Willow_Pond	un	8299360	-0.00000	-1.00000	-1.00000	-0.00000	-1.00000	-1.00000	-0.00000	-1.00000	-1.00000	0.00004	-1.00000	-1.00000
18781	Bishop	Willow_Pond	un	8306644	0.01437	-1.00000	-1.00000	0.00780	-1.00000	-1.00000	0.00771	-1.00000	-1.00000	0.00064	-1.00000	-1.00000
18784	Bishop	Willow_Pond	un	8307473	0.14874	-1.00000	-1.00000	0.08210	-1.00000	-1.00000	0.06152	-1.00000	-1.00000	0.00063	-1.00000	-1.00000
18788	Bishop	Willow_Pond	un	8309948	0.84696	-1.00000	-1.00000	0.83630	-1.00000	-1.00000	0.82367	-1.00000	-1.00000	0.00111	-1.00000	-1.00000
18789	Bishop	Willow_Pond	un	8310739	-0.00270	-1.00000	-1.00000	-0.00010	-1.00000	-1.00000	-0.00488	-1.00000	-1.00000	0.00025	-1.00000	-1.00000
18794	Bishop	Willow_Pond	un	8312358	0.06897	-1.00000	-1.00000	0.00760	-1.00000	-1.00000	0.00760	-1.00000	-1.00000	0.00011	-1.00000	-1.00000
18799	Bishop	Willow_Pond	un	8314868	0.12375	-1.00000	-1.00000	0.04394	-1.00000	-1.00000	0.01790	-1.00000	-1.00000	0.00056	-1.00000	-1.00000
18813	Bishop	Willow_Pond	un	8320690	0.04067	-1.00000	-1.00000	0.00302	-1.00000	-1.00000	0.01050	-1.00000	-1.00000	0.00017	-1.00000	-1.00000
18814	Bishop	Willow_Pond	un	8321485	0.25926	-1.00000	-1.00000	0.09396	-1.00000	-1.00000	0.11315	-1.00000	-1.00000	0.00042	-1.00000	-1.00000
18828	Bishop	Willow_Pond	un	8330020	0.21628	-1.00000	-1.00000	0.09793	-1.00000	-1.00000	0.09202	-1.00000	-1.00000	0.00053	-1.00000	-1.00000
18844	Bishop	Willow_Pond	un	8338687	0.09321	-1.00000	-1.00000	0.01269	-1.00000	-1.00000	0.01431	-1.00000	-1.00000	0.00044	-1.00000	-1.00000
18855	Bishop	Willow_Pond	un	8342827	-0.00000	-1.00000	-1.00000	-0.00000	-1.00000	-1.00000	-0.00000	-1.00000	-1.00000	0.00004	-1.00000	-1.00000
18861	Bishop	Willow_Pond	un	8345185	0.00181	-1.00000	-1.00000	0.00026	-1.00000	-1.00000	0.00026	-1.00000	-1.00000	0.00017	-1.00000	-1.00000
18863	Bishop	Willow_Pond	un	8345944	0.08000	-1.00000	-1.00000	0.01033	-1.00000	-1.00000	0.01493	-1.00000	-1.00000	0.00026	-1.00000	-1.00000
18864	Bishop	Willow_Pond	un	8347028	0.23078	-1.00000	-1.00000	0.08046	-1.00000	-1.00000	0.05112	-1.00000	-1.00000	0.00057	-1.00000	-1.00000
18867	Bishop	Willow_Pond	un	8348646	0.10345	-1.00000	-1.00000	0.01567	-1.00000	-1.00000	0.01567	-1.00000	-1.00000	0.00017	-1.00000	-1.00000
18868	Bishop	Willow_Pond	un	8349449	0.00251	-1.00000	-1.00000	0.00009	-1.00000	-1.00000	-0.00000	-1.00000	-1.00000	0.00004	-1.00000	-1.00000
18870	Bishop	Willow_Pond	un	8351056	-0.00000	-1.00000	-1.00000	-0.00000	-1.00000	-1.00000	-0.00000	-1.00000	-1.00000	0.00004	-1.00000	-1.00000
18873	Bishop	Willow_Pond	un	8351868	0.15460	-1.00000	-1.00000	0.03162	-1.00000	-1.00000	0.03120	-1.00000	-1.00000	0.00025	-1.00000	-1.00000
18876	Bishop	Willow_Pond	un	8353390	0.01411	-1.00000	-1.00000	0.00223	-1.00000	-1.00000	0.01115	-1.00000	-1.00000	0.00023	-1.00000	-1.00000
18880	Bishop	Willow_Pond	un	8356720	0.17448	-1.00000	-1.00000	0.03767	-1.00000	-1.00000	0.05342	-1.00000	-1.00000	0.00032	-1.00000	-1.00000
18901	Bishop	Willow_Pond	un	8365464	-0.00270	-1.00000	-1.00000	-0.00010	-1.00000	-1.00000	-0.00488	-1.00000	-1.00000	0.00025	-1.00000	-1.00000
18904	Bishop	Willow_Pond	un	8366316	0.00000	-1.00000	-1.00000	0.00000	-1.00000	-1.00000	-0.00000	-1.00000	-1.00000	0.00004	-1.00000	-1.00000
18907	Bishop	Willow_Pond	un	8367937	0.71597	-1.00000	-1.00000	0.69962	-1.00000	-1.00000	0.68535	-1.00000	-1.00000	0.00101	-1.00000	-1.00000
18909	Bishop	Willow_Pond	un	8368727	0.21411	-1.00000	-1.00000	0.06834	-1.00000	-1.00000	0.08696	-1.00000	-1.00000	0.00037	-1.00000	-1.00000
18913	Bishop	Willow_Pond	un	8372020	0.02500	-1.00000	-1.00000	0.00830	-1.00000	-1.00000	0.00976	-1.00000	-1.00000	0.00044	-1.00000	-1.00000
18917	Bishop	Willow_Pond	un	8375206	0.07407	-1.00000	-1.00000	0.00881	-1.00000	-1.00000	0.00370	-1.00000	-1.00000	0.00023	-1.00000	-1.00000
18919	Bishop	Willow_Pond	un	8375940	0.03448	-1.00000	-1.00000	0.00246	-1.00000	-1.00000	0.00246	-1.00000	-1.00000	0.00008	-1.00000	-1.00000
18927	Bishop	Willow_Pond	un	8380652	-0.03684	-1.00000	-1.00000	-0.00273	-1.00000	-1.00000	0.01433	-1.00000	-1.00000	0.00025	-1.00000	-1.00000
18928	Bishop	Willow_Pond	un	8381439	0.00000	-1.00000	-1.00000	0.00000	-1.00000	-1.00000	-0.01682	-1.00000	-1.00000	0.00043	-1.00000	-1.00000
18937	Bishop	Willow_Pond	un	8386439	-0.00000	-1.00000	-1.00000	-0.00000	-1.00000	-1.00000	-0.00050	-1.00000	-1.00000	0.00026	-1.00000	-1.00000
18941	Bishop	Willow_Pond	un	8387262	0.05553	-1.00000	-1.00000	0.00674	-1.00000	-1.00000	0.00760	-1.00000	-1.00000	0.00013	-1.00000	-1.00000
18942	Bishop	Willow_Pond	un	8388060	0.04820	-1.00000	-1.00000	0.00374	-1.00000	-1.00000	0.03064	-1.00000	-1.00000	0.00023	-1.00000	-1.00000
18944	Bishop	Willow_Pond	un	8389780	0.28000	-1.00000	-1.00000	0.11067	-1.00000	-1.00000	0.08779	-1.00000	-1.00000	0.00051	-1.00000	-1.00000
18945	Bishop	Willow_Pond	un	8390628	-0.00000	-1.00000	-1.00000	-0.00000	-1.00000	-1.00000	-0.00000	-1.00000	-1.00000	0.00004	-1.00000	-1.00000
18946	Bishop	Willow_Pond	un	8391410	0.24887	-1.00000	-1.00000	0.08190	-1.00000	-1.00000	0.07646	-1.00000	-1.00000	0.00048	-1.00000	-1.00000
18951	Bishop	Willow_Pond	un	8393727	0.09834	-1.00000	-1.00000	0.01534	-1.00000	-1.00000	0.01567	-1.00000	-1.00000	0.00017	-1.00000	-1.00000
18953	Bishop	Willow_Pond	un	8395398	0.14815	-1.00000	-1.00000	0.03120	-1.00000	-1.00000	0.02582	-1.00000	-1.00000	0.00037	-1.00000	-1.00000
18956	Bishop	Willow_Pond	un	8397840	0.23337	-1.00000	-1.00000	0.13097	-1.00000	-1.00000	0.14967	-1.00000	-1.00000	0.00057	-1.00000	-1.00000
18958	Bishop	Willow_Pond	un	8399409	0.10345	-1.00000	-1.00000	0.01567	-1.00000	-1.00000	0.01567	-1.00000	-1.00000	0.00017	-1.00000	-1.00000
18965	Bishop	Willow_Pond	un	8401841	-0.00315	-1.00000	-1.00000	-0.00013	-1.00000	-1.00000	-0.01186	-1.00000	-1.00000	0.00032	-1.00000	-1.00000
18971	Bishop	Willow_Pond	un	8404289	0.08538	-1.00000	-1.00000	0.01066	-1.00000	-1.00000	0.01674	-1.00000	-1.00000	0.00034	-1.00000	-1.00000
18976	Bishop	Willow_Pond	un	8407372	0.03555	-1.00000	-1.00000	0.00306	-1.00000	-1.00000	-0.01045	-1.00000	-1.00000	0.00042	-1.00000	-1.00000
18978	Bishop	Willow_Pond	un	8408995	0.00000	-1.00000	-1.00000	0.00000	-1.00000	-1.00000	-0.01682	-1.00000	-1.00000	0.00045	-1.00000	-1.00000
18998	Bishop	Willow_Pond	un	8415286	0.13263	-1.00000	-1.00000	0.02215	-1.00000	-1.00000	0.02135	-1.00000	-1.00000	0.00018	-1.00000	-1.00000
19000	Bishop	Willow_Pond	un	8416158	0.32660	-1.00000	-1.00000	0.28974	-1.00000	-1.00000	0.35530	-1.00000	-1.00000	0.00080	-1.00000	-1.00000
19001	Bishop	Willow_Pond	un	8416971	0.00687	-1.00000	-1.00000	0.00309	-1.00000	-1.00000	0.04079	-1.00000	-1.00000	0.00052	-1.00000	-1.00000
19011	Bishop	Willow_Pond	un	8421021	0.17448	-1.00000	-1.00000	0.03767	-1.00000	-1.00000	0.07867	-1.00000	-1.00000	0.00036	-1.00000	-1.00000
19012	Bishop	Willow_Pond	un	8421848	-0.00000	-1.00000	-1.00000	-0.00000	-1.00000	-1.00000	-0.00000	-1.00000	-1.00000	0.00004	-1.00000	-1.00000
19021	Bishop	Willow_Pond	un	8425892	0.04067	-1.00000	-1.00000	0.00302	-1.00000	-1.00000	0.00284	-1.00000	-1.00000	0.00008	-1.00000	-1.00000
19030	Bishop	Willow_Pond	un	8428892	0.00290	-1.00000	-1.00000	0.00011	-1.00000	-1.00000	0.00088	-1.00000	-1.00000	0.00028	-1.00000	-1.00000
19042	Bishop	Willow_Pond	un	8436766	-0.03641	-1.00000	-1.00000	-0.00561	-1.00000	-1.00000	0.01289	-1.00000	-1.00000	0.00034	-1.00000	-1.00000
19043	Bishop	Willow_Pond	un	8437498	0.00951	-1.00000	-1.00000	0.00037	-1.00000	-1.00000	0.02512	-1.00000	-1.00000	0.00024	-1.00000	-1.00000
19051	Bishop	Willow_Pond	un	8441136	0.00290	-1.00000	-1.00000	0.00011	-1.00000	-1.00000	-0.00518	-1.00000	-1.00000	0.00018	-1.00000	-1.00000
19052	Bishop	Willow_Pond	un	8442037	0.05748	-1.00000	-1.00000	0.00467	-1.00000	-1.00000	0.06452	-1.00000	-1.00000	0.00032	-1.00000	-1.00000
19055	Bishop	Willow_Pond	un	8443743	0.15194	-1.00000	-1.00000	0.02682	-1.00000	-1.00000	0.06897	-1.00000	-1.00000	0.00036	-1.00000	-1.00000
19067	Bishop	Willow_Pond	un	8449456	0.00251	-1.00000	-1.00000	0.00009	-1.00000	-1.00000	0.00508	-1.00000	-1.00000	0.00012	-1.00000	-1.00000
19075	Bishop	Willow_Pond	un	8452755	0.12000	-1.00000	-1.00000	0.02135	-1.00000	-1.00000	0.03571	-1.00000	-1.00000	0.00026	-1.00000	-1.00000
19077	Bishop	Willow_Pond	un	8453589	0.03320	-1.00000	-1.00000	0.00263	-1.00000	-1.00000	0.00022	-1.00000	-1.00000	0.00018	-1.00000	-1.00000
19078	Bishop	Willow_Pond	un	8454337	0.03114	-1.00000	-1.00000	0.00229	-1.00000	-1.00000	0.00246	-1.00000	-1.00000	0.00008	-1.00000	-1.00000
19079	Bishop	Willow_Pond	un	8455129	0.04820	-1.00000	-1.00000	0.00374	-1.00000	-1.00000	0.03064	-1.00000	-1.00000	0.00023	-1.00000	-1.00000
19082	Bishop	Willow_Pond	un	8456769	0.09054	-1.00000	-1.00000	0.01094	-1.00000	-1.00000	0.01033	-1.00000	-1.00000	0.00016	-1.00000	-1.00000
19095	Bishop	Willow_Pond	un	8461931	0.05304	-1.00000	-1.00000	0.00446	-1.00000	-1.00000	0.00394	-1.00000	-1.00000	0.00010	-1.00000	-1.00000
19100	Bishop	Willow_Pond	un	8462752	0.00000	-1.00000	-1.00000	0.00000	-1.00000	-1.00000	-0.01682	-1.00000	-1.00000	0.00042	-1.00000	-1.00000
19105	Bishop	Willow_Pond	un	8466067	-0.04160	-1.00000	-1.00000	-0.00347	-1.00000	-1.00000	-0.00561	-1.00000	-1.00000	0.00034	-1.00000	-1.00000
19106	Bishop	Willow_Pond	un	8466814	-0.04000	-1.00000	-1.00000	-0.00666	-1.00000	-1.00000	-0.00356	-1.00000	-1.00000	0.00026	-1.00000	-1.00000
19114	Bishop	Willow_Pond	un	8473010	-0.03704	-1.00000	-1.00000	-0.00275	-1.00000	-1.00000	-0.00786	-1.00000	-1.00000	0.00022	-1.00000	-1.00000
19117	Bishop	Willow_Pond	un	8473843	0.17805	-1.00000	-1.00000	0.11956	-1.00000	-1.00000	0.11994	-1.00000	-1.00000	0.00067	-1.00000	-1.00000
19126	Bishop	Willow_Pond	un	8476803	0.00951	-1.00000	-1.00000	0.00037	-1.00000	-1.00000	0.00691	-1.00000	-1.00000	0.00014	-1.00000	-1.00000
19135	Bishop	Willow_Pond	un	8480025	-0.00235	-1.00000	-1.00000	-0.00008	-1.00000	-1.00000	-0.00000	-1.00000	-1.00000	0.00004	-1.00000	-1.00000
19143	Bishop	Willow_Pond	un	8485843	0.06897	-1.00000	-1.00000	0.00760	-1.00000	-1.00000	0.00760	-1.00000	-1.00000	0.00013	-1.00000	-1.00000
19152	Bishop	Willow_Pond	un	8490585	-0.00235	-1.00000	-1.00000	-0.00008	-1.00000	-1.00000	0.00008	-1.00000	-1.00000	0.00013	-1.00000	-1.00000
19155	Bishop	Willow_Pond	un	8491357	0.07436	-1.00000	-1.00000	0.00994	-1.00000	-1.00000	-0.00300	-1.00000	-1.00000	0.00054	-1.00000	-1.00000
19156	Bishop	Willow_Pond	un	8491957	0.03704	-1.00000	-1.00000	0.00284	-1.00000	-1.00000	0.00284	-1.00000	-1.00000	0.00008	-1.00000	-1.00000
19157	Bishop	Willow_Pond	un	8492838	0.03320	-1.00000	-1.00000	0.00263	-1.00000	-1.00000	0.00852	-1.00000	-1.00000	0.00025	-1.00000	-1.00000
19159	Bishop	Willow_Pond	un	8494442	0.00340	-1.00000	-1.00000	0.00014	-1.00000	-1.00000	0.01768	-1.00000	-1.00000	0.00034	-1.00000	-1.00000
19164	Bishop	Willow_Pond	un	8496887	0.06909	-1.00000	-1.00000	0.06843	-1.00000	-1.00000	0.05619	-1.00000	-1.00000	0.00076	-1.00000	-1.00000
19172	Bishop	Willow_Pond	un	8500095	0.00340	-1.00000	-1.00000	0.00014	-1.00000	-1.00000	-0.00378	-1.00000	-1.00000	0.00037	-1.00000	-1.00000
19174	Bishop	Willow_Pond	un	8501688	0.03555	-1.00000	-1.00000	0.00306	-1.00000	-1.00000	-0.00925	-1.00000	-1.00000	0.00039	-1.00000	-1.00000
19175	Bishop	Willow_Pond	un	8502438	0.00251	-1.00000	-1.00000	0.00009	-1.00000	-1.00000	-0.00000	-1.00000	-1.00000	0.00004	-1.00000	-1.00000
19179	Bishop	Willow_Pond	un	8504787	-0.04160	-1.00000	-1.00000	-0.00347	-1.00000	-1.00000	-0.01045	-1.00000	-1.00000	0.00037	-1.00000	-1.00000
19195	Bishop	Willow_Pond	un	8513755	-0.00767	-1.00000	-1.00000	-0.00029	-1.00000	-1.00000	0.03472	-1.00000	-1.00000	0.00026	-1.00000	-1.00000
19197	Bishop	Willow_Pond	un	8515414	-0.00000	-1.00000	-1.00000	-0.00000	-1.00000	-1.00000	-0.00000	-1.00000	-1.00000	0.00004	-1.00000	-1.00000
19202	Bishop	Willow_Pond	un	8517857	0.00656	-1.00000	-1.00000	0.00026	-1.00000	-1.00000	0.01989	-1.00000	-1.00000	0.00034	-1.00000	-1.00000
19204	Bishop	Willow_Pond	un	8518664	-0.00000	-1.00000	-1.00000	-0.00000	-1.00000	-1.00000	-0.00000	-1.00000	-1.00000	0.00004	-1.00000	-1.00000
19214	Bishop	Willow_Pond	un	8522786	0.04589	-1.00000	-1.00000	0.03565	-1.00000	-1.00000	0.06361	-1.00000	-1.00000	0.00072	-1.00000	-1.00000
19221	Bishop	Willow_Pond	un	8526777	0.39735	-1.00000	-1.00000	0.23331	-1.00000	-1.00000	0.20875	-1.00000	-1.00000	0.00066	-1.00000	-1.00000
19233	Bishop	Willow_Pond	un	8533948	0.12643	-1.00000	-1.00000	0.02178	-1.00000	-1.00000	0.03023	-1.00000	-1.00000	0.00042	-1.00000	-1.00000
19247	Bishop	Willow_Pond	un	8538463	0.19214	-1.00000	-1.00000	0.07515	-1.00000	-1.00000	0.11819	-1.00000	-1.00000	0.00059	-1.00000	-1.00000
19249	Bishop	Willow_Pond	un	8539259	0.00000	-1.00000	-1.00000	0.00000	-1.00000	-1.00000	-0.00502	-1.00000	-1.00000	0.00019	-1.00000	-1.00000
19254	Bishop	Willow_Pond	un	8541527	0.08538	-1.00000	-1.00000	0.01066	-1.00000	-1.00000	0.01674	-1.00000	-1.00000	0.00037	-1.00000	-1.00000
19259	Bishop	Willow_Pond	un	8543873	-0.01591	-1.00000	-1.00000	-0.00398	-1.00000	-1.00000	-0.01107	-1.00000	-1.00000	0.00046	-1.00000	-1.00000
19267	Bishop	Willow_Pond	un	8549315	0.12000	-1.00000	-1.00000	0.06746	-1.00000	-1.00000	0.07746	-1.00000	-1.00000	0.00058	-1.00000	-1.00000
19269	Bishop	Willow_Pond	un	8550163	0.04420	-1.00000	-1.00000	0.00354	-1.00000	-1.00000	0.01220	-1.00000	-1.00000	0.00018	-1.00000	-1.00000
19270	Bishop	Willow_Pond	un	8550967	-0.00000	-1.00000	-1.00000	-0.00000	-1.00000	-1.00000	-0.00000	-1.00000	-1.00000	0.00004	-1.00000	-1.00000
19274	Bishop	Willow_Pond	un	8551783	0.04067	-1.00000	-1.00000	0.00302	-1.00000	-1.00000	0.00284	-1.00000	-1.00000	0.00009	-1.00000	-1.00000
19282	Bishop	Willow_Pond	un	8556659	0.06897	-1.00000	-1.00000	0.00760	-1.00000	-1.00000	0.00760	-1.00000	-1.00000	0.00012	-1.00000	-1.00000
19292	Bishop	Willow_Pond	un	8559812	0.07407	-1.00000	-1.00000	0.00881	-1.00000	-1.00000	0.00361	-1.00000	-1.00000	0.00026	-1.00000	-1.00000
19294	Bishop	Willow_Pond	un	8561492	0.00561	-1.00000	-1.00000	0.00021	-1.00000	-1.00000	0.02159	-1.00000	-1.00000	0.00021	-1.00000	-1.00000
19299	Bishop	Willow_Pond	un	8562997	-0.00000	-1.00000	-1.00000	-0.00000	-1.00000	-1.00000	-0.00000	-1.00000	-1.00000	0.00004	-1.00000	-1.00000
19308	Bishop	Willow_Pond	un	8566982	0.09054	-1.00000	-1.00000	0.01094	-1.00000	-1.00000	0.04304	-1.00000	-1.00000	0.00031	-1.00000	-1.00000
19309	Bishop	Willow_Pond	un	8567737	-0.00000	-1.00000	-1.00000	-0.00000	-1.00000	-1.00000	-0.00000	-1.00000	-1.00000	0.00006	-1.00000	-1.00000
19315	Bishop	Willow_Pond	un	8569045	0.08000	-1.00000	-1.00000	0.01033	-1.00000	-1.00000	-0.00090	-1.00000	-1.00000	0.00040	-1.00000	-1.00000
19316	Bishop	Willow_Pond	un	8569846	-0.03795	-1.00000	-1.00000	-0.00293	-1.00000	-1.00000	0.04194	-1.00000	-1.00000	0.00030	-1.00000	-1.00000
19318	Bishop	Willow_Pond	un	8571491	0.60000	-1.00000	-1.00000	0.48980	-1.00000	-1.00000	0.46829	-1.00000	-1.00000	0.00085	-1.00000	-1.00000
19319	Bishop	Willow_Pond	un	8572289	0.03320	-1.00000	-1.00000	0.00263	-1.00000	-1.00000	0.00852	-1.00000	-1.00000	0.00022	-1.00000	-1.00000
19322	Bishop	Willow_Pond	un	8574584	0.03448	-1.00000	-1.00000	0.00246	-1.00000	-1.00000	0.00246	-1.00000	-1.00000	0.00008	-1.00000	-1.00000
19324	Bishop	Willow_Pond	un	8575389	0.11715	-1.00000	-1.00000	0.11783	-1.00000	-1.00000	0.09625	-1.00000	-1.00000	0.00075	-1.00000	-1.00000
19328	Bishop	Willow_Pond	un	8576255	0.27098	-1.00000	-1.00000	0.16467	-1.00000	-1.00000	0.15441	-1.00000	-1.00000	0.00064	-1.00000	-1.00000
19338	Bishop	Willow_Pond	un	8582696	0.04838	-1.00000	-1.00000	0.00422	-1.00000	-1.00000	0.00394	-1.00000	-1.00000	0.00011	-1.00000	-1.00000
19351	Bishop	Willow_Pond	un	8588462	0.03448	-1.00000	-1.00000	0.00246	-1.00000	-1.00000	0.00246	-1.00000	-1.00000	0.00009	-1.00000	-1.00000
19355	Bishop	Willow_Pond	un	8590857	0.03114	-1.00000	-1.00000	0.00229	-1.00000	-1.00000	0.00246	-1.00000	-1.00000	0.00012	-1.00000	-1.00000
19357	Bishop	Willow_Pond	un	8592264	0.00251	-1.00000	-1.00000	0.00009	-1.00000	-1.00000	-0.00000	-1.00000	-1.00000	0.00004	-1.00000	-1.00000
19361	Bishop	Willow_Pond	un	8594480	0.00340	-1.00000	-1.00000	0.00014	-1.00000	-1.00000	-0.00378	-1.00000	-1.00000	0.00034	-1.00000	-1.00000
19367	Bishop	Willow_Pond	un	8598522	-0.00000	-1.00000	-1.00000	-0.00000	-1.00000	-1.00000	-0.01068	-1.00000	-1.00000	0.00030	-1.00000	-1.00000
19371	Bishop	Willow_Pond	un	8600707	0.77242	-1.00000	-1.00000	0.77951	-1.00000	-1.00000	0.74172	-1.00000	-1.00000	0.00096	-1.00000	-1.00000
19381	Bishop	Willow_Pond	un	8604769	0.18240	-1.00000	-1.00000	0.04441	-1.00000	-1.00000	0.08244	-1.00000	-1.00000	0.00048	-1.00000	-1.00000
19383	Bishop	Willow_Pond	un	8605593	0.03448	-1.00000	-1.00000	0.00246	-1.00000	-1.00000	0.00246	-1.00000	-1.00000	0.00008	-1.00000	-1.00000
19384	Bishop	Willow_Pond	un	8606442	0.04067	-1.00000	-1.00000	0.00302	-1.00000	-1.00000	0.00284	-1.00000	-1.00000	0.00009	-1.00000	-1.00000
19390	Bishop	Willow_Pond	un	8609701	0.20690	-1.00000	-1.00000	0.05924	-1.00000	-1.00000	0.05924	-1.00000	-1.00000	0.00029	-1.00000	-1.00000
19397	Bishop	Willow_Pond	un	8613935	0.07875	-1.00000	-1.00000	0.00908	-1.00000	-1.00000	0.01894	-1.00000	-1.00000	0.00021	-1.00000	-1.00000
19401	Bishop	Willow_Pond	un	8617193	0.31504	-1.00000	-1.00000	0.13293	-1.00000	-1.00000	0.14821	-1.00000	-1.00000	0.00064	-1.00000	-1.00000
19417	Bishop	Willow_Pond	un	8622091	-0.00270	-1.00000	-1.00000	-0.00010	-1.00000	-1.00000	-0.00488	-1.00000	-1.00000	0.00027	-1.00000	-1.00000
19429	Bishop	Willow_Pond	un	8627724	0.00000	-1.00000	-1.00000	0.00000	-1.00000	-1.00000	-0.00000	-1.00000	-1.00000	0.00004	-1.00000	-1.00000
19430	Bishop	Willow_Pond	un	8628533	0.12488	-1.00000	-1.00000	0.05334	-1.00000	-1.00000	0.06890	-1.00000	-1.00000	0.00039	-1.00000	-1.00000
19436	Bishop	Willow_Pond	un	8631052	0.62592	-1.00000	-1.00000	0.60533	-1.00000	-1.00000	0.63744	-1.00000	-1.00000	0.00085	-1.00000	-1.00000
19451	Bishop	Willow_Pond	un	8639354	0.02382	-1.00000	-1.00000	0.00187	-1.00000	-1.00000	0.03045	-1.00000	-1.00000	0.00034	-1.00000	-1.00000
19453	Bishop	Willow_Pond	un	8640990	-0.03279	-1.00000	-1.00000	-0.00386	-1.00000	-1.00000	-0.00218	-1.00000	-1.00000	0.00023	-1.00000	-1.00000
19461	Bishop	Willow_Pond	un	8644841	-0.00000	-1.00000	-1.00000	-0.00000	-1.00000	-1.00000	-0.00000	-1.00000	-1.00000	0.00004	-1.00000	-1.00000
19468	Bishop	Willow_Pond	un	8647190	0.03448	-1.00000	-1.00000	0.00246	-1.00000	-1.00000	0.00246	-1.00000	-1.00000	0.00008	-1.00000	-1.00000
19493	Bishop	Willow_Pond	un	8657862	0.06897	-1.00000	-1.00000	0.00760	-1.00000	-1.00000	0.00760	-1.00000	-1.00000	0.00012	-1.00000	-1.00000
19500	Bishop	Willow_Pond	un	8659444	-0.00000	-1.00000	-1.00000	-0.00000	-1.00000	-1.00000	-0.00607	-1.00000	-1.00000	0.00026	-1.00000	-1.00000
19508	Bishop	Willow_Pond	un	8661046	0.31504	-1.00000	-1.00000	0.13293	-1.00000	-1.00000	0.17629	-1.00000	-1.00000	0.00070	-1.00000	-1.00000
19511	Bishop	Willow_Pond	un	8663373	0.03137	-1.00000	-1.00000	0.01318	-1.00000	-1.00000	0.08835	-1.00000	-1.00000	0.00063	-1.00000	-1.00000
19518	Bishop	Willow_Pond	un	8665600	0.00251	-1.00000	-1.00000	0.00009	-1.00000	-1.00000	0.00508	-1.00000	-1.00000	0.00013	-1.00000	-1.00000
19525	Bishop	Willow_Pond	un	8668030	0.06897	-1.00000	-1.00000	0.00760	-1.00000	-1.00000	0.00760	-1.00000	-1.00000	0.00011	-1.00000	-1.00000
19552	Bishop	Willow_Pond	un	8678583	0.10345	-1.00000	-1.00000	0.01567	-1.00000	-1.00000	0.01567	-1.00000	-1.00000	0.00015	-1.00000	-1.00000
19554	Bishop	Willow_Pond	un	8680305	-0.00000	-1.00000	-1.00000	-0.00000	-1.00000	-1.00000	-0.00000	-1.00000	-1.00000	0.00004	-1.00000	-1.00000
19555	Bishop	Willow_Pond	un	8681212	0.06288	-1.00000	-1.00000	0.01443	-1.00000	-1.00000	0.01443	-1.00000	-1.00000	0.00024	-1.00000	-1.00000
19570	Bishop	Willow_Pond	un	8686994	0.00656	-1.00000	-1.00000	0.00026	-1.00000	-1.00000	0.00691	-1.00000	-1.00000	0.00015	-1.00000	-1.00000
19575	Bishop	Willow_Pond	un	8689372	0.07875	-1.00000	-1.00000	0.00908	-1.00000	-1.00000	0.00881	-1.00000	-1.00000	0.00013	-1.00000	-1.00000
19585	Bishop	Willow_Pond	un	8693349	-0.00235	-1.00000	-1.00000	-0.00008	-1.00000	-1.00000	-0.00000	-1.00000	-1.00000	0.00004	-1.00000	-1.00000
19598	Bishop	Willow_Pond	un	8699863	-0.00315	-1.00000	-1.00000	-0.00013	-1.00000	-1.00000	-0.00207	-1.00000	-1.00000	0.00025	-1.00000	-1.00000
19608	Bishop	Willow_Pond	un	8703912	-0.00000	-1.00000	-1.00000	-0.00000	-1.00000	-1.00000	-0.00000	-1.00000	-1.00000	0.00004	-1.00000	-1.00000
19609	Bishop	Willow_Pond	un	8704735	-0.00000	-1.00000	-1.00000	-0.00000	-1.00000	-1.00000	-0.00000	-1.00000	-1.00000	0.00004	-1.00000	-1.00000
19611	Bishop	Willow_Pond	un	8705530	-0.00565	-1.00000	-1.00000	-0.00022	-1.00000	-1.00000	0.00778	-1.00000	-1.00000	0.00033	-1.00000	-1.00000
19616	Bishop	Willow_Pond	un	8708583	0.39197	-1.00000	-1.00000	0.30634	-1.00000	-1.00000	0.29979	-1.00000	-1.00000	0.00077	-1.00000	-1.00000
19618	Bishop	Willow_Pond	un	8709350	0.06470	-1.00000	-1.00000	0.00736	-1.00000	-1.00000	0.00760	-1.00000	-1.00000	0.00012	-1.00000	-1.00000
19622	Bishop	Willow_Pond	un	8710183	0.04067	-1.00000	-1.00000	0.00302	-1.00000	-1.00000	0.01050	-1.00000	-1.00000	0.00017	-1.00000	-1.00000
19625	Bishop	Willow_Pond	un	8710982	-0.04160	-1.00000	-1.00000	-0.00347	-1.00000	-1.00000	-0.01045	-1.00000	-1.00000	0.00038	-1.00000	-1.00000
19650	Bishop	Willow_Pond	un	8721749	0.00251	-1.00000	-1.00000	0.00009	-1.00000	-1.00000	0.00508	-1.00000	-1.00000	0.00013	-1.00000	-1.00000
19654	Bishop	Willow_Pond	un	8724936	0.03114	-1.00000	-1.00000	0.00229	-1.00000	-1.00000	0.00018	-1.00000	-1.00000	0.00016	-1.00000	-1.00000
19663	Bishop	Willow_Pond	un	8727244	-0.00315	-1.00000	-1.00000	-0.00013	-1.00000	-1.00000	-0.01039	-1.00000	-1.00000	0.00038	-1.00000	-1.00000
19670	Bishop	Willow_Pond	un	8729580	0.04820	-1.00000	-1.00000	0.00374	-1.00000	-1.00000	0.01220	-1.00000	-1.00000	0.00019	-1.00000	-1.00000
19674	Bishop	Willow_Pond	un	8731160	0.13243	-1.00000	-1.00000	0.04031	-1.00000	-1.00000	0.05619	-1.00000	-1.00000	0.00038	-1.00000	-1.00000
19678	Bishop	Willow_Pond	un	8731949	0.03704	-1.00000	-1.00000	0.00284	-1.00000	-1.00000	0.01050	-1.00000	-1.00000	0.00023	-1.00000	-1.00000
19680	Bishop	Willow_Pond	un	8733024	-0.00489	-1.00000	-1.00000	-0.00018	-1.00000	-1.00000	0.00029	-1.00000	-1.00000	0.00013	-1.00000	-1.00000
19681	Bishop	Willow_Pond	un	8733824	0.03114	-1.00000	-1.00000	0.00229	-1.00000	-1.00000	0.00246	-1.00000	-1.00000	0.00009	-1.00000	-1.00000
19697	Bishop	Willow_Pond	un	8738633	-0.00000	-1.00000	-1.00000	-0.00000	-1.00000	-1.00000	-0.00000	-1.00000	-1.00000	0.00004	-1.00000	-1.00000
19702	Bishop	Willow_Pond	un	8740363	0.54387	-1.00000	-1.00000	0.38273	-1.00000	-1.00000	0.45283	-1.00000	-1.00000	0.00079	-1.00000	-1.00000
19704	Bishop	Willow_Pond	un	8741859	-0.00000	-1.00000	-1.00000	-0.00000	-1.00000	-1.00000	-0.00000	-1.00000	-1.00000	0.00004	-1.00000	-1.00000
19706	Bishop	Willow_Pond	un	8742610	0.00951	-1.00000	-1.00000	0.00037	-1.00000	-1.00000	0.02512	-1.00000	-1.00000	0.00022	-1.00000	-1.00000
19709	Bishop	Willow_Pond	un	8745018	0.03114	-1.00000	-1.00000	0.00229	-1.00000	-1.00000	0.00246	-1.00000	-1.00000	0.00008	-1.00000	-1.00000
19712	Bishop	Willow_Pond	un	8747359	0.13263	-1.00000	-1.00000	0.02215	-1.00000	-1.00000	0.03571	-1.00000	-1.00000	0.00025	-1.00000	-1.00000
19717	Bishop	Willow_Pond	un	8750674	0.06897	-1.00000	-1.00000	0.00760	-1.00000	-1.00000	0.00760	-1.00000	-1.00000	0.00013	-1.00000	-1.00000
19720	Bishop	Willow_Pond	un	8752237	0.13788	-1.00000	-1.00000	0.02596	-1.00000	-1.00000	0.04215	-1.00000	-1.00000	0.00029	-1.00000	-1.00000
19725	Bishop	Willow_Pond	un	8753705	0.07979	-1.00000	-1.00000	0.02994	-1.00000	-1.00000	0.06745	-1.00000	-1.00000	0.00059	-1.00000	-1.00000
19743	Bishop	Willow_Pond	un	8760978	0.03704	-1.00000	-1.00000	0.00284	-1.00000	-1.00000	-0.00227	-1.00000	-1.00000	0.00024	-1.00000	-1.00000
19759	Bishop	Willow_Pond	un	8768152	-0.03623	-1.00000	-1.00000	-0.01414	-1.00000	-1.00000	-0.01815	-1.00000	-1.00000	0.00053	-1.00000	-1.00000
19761	Bishop	Willow_Pond	un	8769646	0.44000	-1.00000	-1.00000	0.27386	-1.00000	-1.00000	0.24870	-1.00000	-1.00000	0.00070	-1.00000	-1.00000
19767	Bishop	Willow_Pond	un	8771963	0.05043	-1.00000	-1.00000	0.01851	-1.00000	-1.00000	0.00594	-1.00000	-1.00000	0.00053	-1.00000	-1.00000
19776	Bishop	Willow_Pond	un	8776753	-0.00565	-1.00000	-1.00000	-0.00022	-1.00000	-1.00000	0.00778	-1.00000	-1.00000	0.00033	-1.00000	-1.00000
19778	Bishop	Willow_Pond	un	8778417	-0.00270	-1.00000	-1.00000	-0.00010	-1.00000	-1.00000	-0.00558	-1.00000	-1.00000	0.00021	-1.00000	-1.00000
19783	Bishop	Willow_Pond	un	8780786	0.06897	-1.00000	-1.00000	0.00760	-1.00000	-1.00000	0.00760	-1.00000	-1.00000	0.00012	-1.00000	-1.00000
19784	Bishop	Willow_Pond	un	8781627	-0.00000	-1.00000	-1.00000	-0.00000	-1.00000	-1.00000	-0.00000	-1.00000	-1.00000	0.00004	-1.00000	-1.00000
19786	Bishop	Willow_Pond	un	8783300	0.00951	-1.00000	-1.00000	0.00037	-1.00000	-1.00000	-0.00000	-1.00000	-1.00000	0.00005	-1.00000	-1.00000
19788	Bishop	Willow_Pond	un	8785005	-0.02245	-1.00000	-1.00000	-0.00238	-1.00000	-1.00000	-0.00238	-1.00000	-1.00000	0.00012	-1.00000	-1.00000
19795	Bishop	Willow_Pond	un	8789932	0.44552	-1.00000	-1.00000	0.33934	-1.00000	-1.00000	0.31983	-1.00000	-1.00000	0.00073	-1.00000	-1.00000
19805	Bishop	Willow_Pond	un	8794043	-0.03975	-1.00000	-1.00000	-0.00319	-1.00000	-1.00000	-0.00376	-1.00000	-1.00000	0.00031	-1.00000	-1.00000
19808	Bishop	Willow_Pond	un	8794852	0.07407	-1.00000	-1.00000	0.00881	-1.00000	-1.00000	0.00881	-1.00000	-1.00000	0.00014	-1.00000	-1.00000
19809	Bishop	Willow_Pond	un	8795604	0.00251	-1.00000	-1.00000	0.00009	-1.00000	-1.00000	0.00508	-1.00000	-1.00000	0.00013	-1.00000	-1.00000
19821	Bishop	Willow_Pond	un	8803370	0.04348	-1.00000	-1.00000	0.00394	-1.00000	-1.00000	-0.01338	-1.00000	-1.00000	0.00044	-1.00000	-1.00000
19837	Bishop	Willow_Pond	un	8810971	0.00290	-1.00000	-1.00000	0.00011	-1.00000	-1.00000	-0.00000	-1.00000	-1.00000	0.00005	-1.00000	-1.00000
19838	Bishop	Willow_Pond	un	8811814	0.00000	-1.00000	-1.00000	0.00000	-1.00000	-1.00000	0.00508	-1.00000	-1.00000	0.00013	-1.00000	-1.00000
19841	Bishop	Willow_Pond	un	8812584	-0.01877	-1.00000	-1.00000	-0.00233	-1.00000	-1.00000	0.01881	-1.00000	-1.00000	0.00041	-1.00000	-1.00000
19846	Bishop	Willow_Pond	un	8815053	-0.00489	-1.00000	-1.00000	-0.00018	-1.00000	-1.00000	0.00029	-1.00000	-1.00000	0.00012	-1.00000	-1.00000
19852	Bishop	Willow_Pond	un	8818227	-0.02664	-1.00000	-1.00000	-0.00546	-1.00000	-1.00000	-0.01118	-1.00000	-1.00000	0.00034	-1.00000	-1.00000
19864	Bishop	Willow_Pond	un	8825729	0.60656	-1.00000	-1.00000	0.52939	-1.00000	-1.00000	0.53031	-1.00000	-1.00000	0.00094	-1.00000	-1.00000
19878	Bishop	Willow_Pond	un	8831204	0.07875	-1.00000	-1.00000	0.00908	-1.00000	-1.00000	0.01894	-1.00000	-1.00000	0.00020	-1.00000	-1.00000
19910	Bishop	Willow_Pond	un	8840120	0.50391	-1.00000	-1.00000	0.50288	-1.00000	-1.00000	0.50062	-1.00000	-1.00000	0.00079	-1.00000	-1.00000
19912	Bishop	Willow_Pond	un	8841746	0.03320	-1.00000	-1.00000	0.00263	-1.00000	-1.00000	-0.00303	-1.00000	-1.00000	0.00025	-1.00000	-1.00000
19916	Bishop	Willow_Pond	un	8844097	0.04000	-1.00000	-1.00000	0.00332	-1.00000	-1.00000	-0.00760	-1.00000	-1.00000	0.00033	-1.00000	-1.00000
19921	Bishop	Willow_Pond	un	8846467	0.10495	-1.00000	-1.00000	0.01335	-1.00000	-1.00000	0.05025	-1.00000	-1.00000	0.00030	-1.00000	-1.00000
19930	Bishop	Willow_Pond	un	8851280	0.05043	-1.00000	-1.00000	0.01851	-1.00000	-1.00000	0.05670	-1.00000	-1.00000	0.00049	-1.00000	-1.00000
19937	Bishop	Willow_Pond	un	8854251	0.10448	-1.00000	-1.00000	0.04242	-1.00000	-1.00000	0.04242	-1.00000	-1.00000	0.00040	-1.00000	-1.00000
19941	Bishop	Willow_Pond	un	8856602	0.03448	-1.00000	-1.00000	0.00246	-1.00000	-1.00000	0.00246	-1.00000	-1.00000	0.00008	-1.00000	-1.00000
19942	Bishop	Willow_Pond	un	8857424	-0.01798	-1.00000	-1.00000	-0.00206	-1.00000	-1.00000	0.02071	-1.00000	-1.00000	0.00030	-1.00000	-1.00000
19943	Bishop	Willow_Pond	un	8858180	-0.03747	-1.00000	-1.00000	-0.02207	-1.00000	-1.00000	-0.02558	-1.00000	-1.00000	0.00059	-1.00000	-1.00000
19947	Bishop	Willow_Pond	un	8859776	0.01293	-1.00000	-1.00000	0.01348	-1.00000	-1.00000	-0.00141	-1.00000	-1.00000	0.00079	-1.00000	-1.00000
19952	Bishop	Willow_Pond	un	8863845	-0.00565	-1.00000	-1.00000	-0.00022	-1.00000	-1.00000	-0.00429	-1.00000	-1.00000	0.00028	-1.00000	-1.00000
19959	Bishop	Willow_Pond	un	8866213	0.33427	-1.00000	-1.00000	0.33586	-1.00000	-1.00000	0.34200	-1.00000	-1.00000	0.00071	-1.00000	-1.00000
19968	Bishop	Willow_Pond	un	8868790	0.02760	-1.00000	-1.00000	0.00210	-1.00000	-1.00000	0.00883	-1.00000	-1.00000	0.00023	-1.00000	-1.00000
19974	Bishop	Willow_Pond	un	8871990	0.00561	-1.00000	-1.00000	0.00021	-1.00000	-1.00000	0.02159	-1.00000	-1.00000	0.00020	-1.00000	-1.00000
19984	Bishop	Willow_Pond	un	8876135	-0.03795	-1.00000	-1.00000	-0.00293	-1.00000	-1.00000	0.04194	-1.00000	-1.00000	0.00031	-1.00000	-1.00000
19986	Bishop	Willow_Pond	un	8876955	-0.04160	-1.00000	-1.00000	-0.00347	-1.00000	-1.00000	-0.01045	-1.00000	-1.00000	0.00039	-1.00000	-1.00000
19996	Bishop	Willow_Pond	un	8881001	0.58964	-1.00000	-1.00000	0.48925	-1.00000	-1.00000	0.46492	-1.00000	-1.00000	0.00084	-1.00000	-1.00000
19997	Bishop	Willow_Pond	un	8881829	0.19238	-1.00000	-1.00000	0.04856	-1.00000	-1.00000	0.06452	-1.00000	-1.00000	0.00034	-1.00000	-1.00000
20002	Bishop	Willow_Pond	un	8885061	0.04348	-1.00000	-1.00000	0.00394	-1.00000	-1.00000	-0.00879	-1.00000	-1.00000	0.00040	-1.00000	-1.00000
20028	Bishop	Willow_Pond	un	8896009	-0.03524	-1.00000	-1.00000	-0.01428	-1.00000	-1.00000	-0.01045	-1.00000	-1.00000	0.00041	-1.00000	-1.00000
20029	Bishop	Willow_Pond	un	8896813	0.06897	-1.00000	-1.00000	0.00760	-1.00000	-1.00000	0.00760	-1.00000	-1.00000	0.00016	-1.00000	-1.00000
20030	Bishop	Willow_Pond	un	8897450	0.15460	-1.00000	-1.00000	0.03162	-1.00000	-1.00000	0.03120	-1.00000	-1.00000	0.00020	-1.00000	-1.00000
20031	Bishop	Willow_Pond	un	8898330	-0.02330	-1.00000	-1.00000	-0.00301	-1.00000	-1.00000	-0.00687	-1.00000	-1.00000	0.00050	-1.00000	-1.00000
20033	Bishop	Willow_Pond	un	8899841	0.00000	-1.00000	-1.00000	0.00000	-1.00000	-1.00000	-0.00502	-1.00000	-1.00000	0.00018	-1.00000	-1.00000
20039	Bishop	Willow_Pond	un	8903185	-0.02407	-1.00000	-1.00000	-0.00274	-1.00000	-1.00000	0.00244	-1.00000	-1.00000	0.00019	-1.00000	-1.00000
20041	Bishop	Willow_Pond	un	8904032	0.03448	-1.00000	-1.00000	0.00246	-1.00000	-1.00000	0.00246	-1.00000	-1.00000	0.00008	-1.00000	-1.00000
20045	Bishop	Willow_Pond	un	8905742	-0.00315	-1.00000	-1.00000	-0.00013	-1.00000	-1.00000	-0.01039	-1.00000	-1.00000	0.00038	-1.00000	-1.00000
20058	Bishop	Willow_Pond	un	8912816	-0.04160	-1.00000	-1.00000	-0.00347	-1.00000	-1.00000	-0.01045	-1.00000	-1.00000	0.00039	-1.00000	-1.00000
20070	Bishop	Willow_Pond	un	8917696	0.09311	-1.00000	-1.00000	0.05158	-1.00000	-1.00000	0.05380	-1.00000	-1.00000	0.00066	-1.00000	-1.00000
20071	Bishop	Willow_Pond	un	8918507	-0.00000	-1.00000	-1.00000	-0.00000	-1.00000	-1.00000	-0.00000	-1.00000	-1.00000	0.00004	-1.00000	-1.00000
20084	Bishop	Willow_Pond	un	8924940	-0.00315	-1.00000	-1.00000	-0.00013	-1.00000	-1.00000	-0.01039	-1.00000	-1.00000	0.00037	-1.00000	-1.00000
20092	Bishop	Willow_Pond	un	8928057	0.03320	-1.00000	-1.00000	0.00263	-1.00000	-1.00000	0.00284	-1.00000	-1.00000	0.00016	-1.00000	-1.00000
20097	Bishop	Willow_Pond	un	8930855	-0.00012	-1.00000	-1.00000	-0.00004	-1.00000	-1.00000	0.02947	-1.00000	-1.00000	0.00055	-1.00000	-1.00000
20119	Bishop	Willow_Pond	un	8940368	0.03448	-1.00000	-1.00000	0.00246	-1.00000	-1.00000	0.00246	-1.00000	-1.00000	0.00008	-1.00000	-1.00000
20123	Bishop	Willow_Pond	un	8943514	0.02811	-1.00000	-1.00000	0.02556	-1.00000	-1.00000	0.01810	-1.00000	-1.00000	0.00067	-1.00000	-1.00000
20131	Bishop	Willow_Pond	un	8946820	0.36961	-1.00000	-1.00000	0.17428	-1.00000	-1.00000	0.21944	-1.00000	-1.00000	0.00069	-1.00000	-1.00000
20158	Bishop	Willow_Pond	un	8958599	-0.02279	-1.00000	-1.00000	-0.01644	-1.00000	-1.00000	0.01131	-1.00000	-1.00000	0.00071	-1.00000	-1.00000
20166	Bishop	Willow_Pond	un	8961024	0.00290	-1.00000	-1.00000	0.00011	-1.00000	-1.00000	-0.00518	-1.00000	-1.00000	0.00018	-1.00000	-1.00000
20167	Bishop	Willow_Pond	un	8961925	-0.00489	-1.00000	-1.00000	-0.00018	-1.00000	-1.00000	-0.00000	-1.00000	-1.00000	0.00005	-1.00000	-1.00000
20169	Bishop	Willow_Pond	un	8962664	0.06897	-1.00000	-1.00000	0.00760	-1.00000	-1.00000	0.00760	-1.00000	-1.00000	0.00013	-1.00000	-1.00000
20184	Bishop	Willow_Pond	un	8969726	0.01411	-1.00000	-1.00000	0.00223	-1.00000	-1.00000	0.01115	-1.00000	-1.00000	0.00025	-1.00000	-1.00000
20185	Bishop	Willow_Pond	un	8970534	0.06286	-1.00000	-1.00000	0.02320	-1.00000	-1.00000	0.01564	-1.00000	-1.00000	0.00041	-1.00000	-1.00000
20191	Bishop	Willow_Pond	un	8973690	0.00845	-1.00000	-1.00000	0.00138	-1.00000	-1.00000	-0.00413	-1.00000	-1.00000	0.00031	-1.00000	-1.00000
20202	Bishop	Willow_Pond	un	8977737	-0.03882	-1.00000	-1.00000	-0.01193	-1.00000	-1.00000	0.00117	-1.00000	-1.00000	0.00048	-1.00000	-1.00000
20207	Bishop	Willow_Pond	un	8980251	-0.03300	-1.00000	-1.00000	-0.01458	-1.00000	-1.00000	0.04480	-1.00000	-1.00000	0.00056	-1.00000	-1.00000
20227	Bishop	Willow_Pond	un	8989180	-0.00000	-1.00000	-1.00000	-0.00000	-1.00000	-1.00000	-0.00000	-1.00000	-1.00000	0.00005	-1.00000	-1.00000
20229	Bishop	Willow_Pond	un	8989921	-0.04348	-1.00000	-1.00000	-0.00379	-1.00000	-1.00000	-0.01366	-1.00000	-1.00000	0.00043	-1.00000	-1.00000
20237	Bishop	Willow_Pond	un	8993069	-0.03684	-1.00000	-1.00000	-0.00273	-1.00000	-1.00000	0.01433	-1.00000	-1.00000	0.00023	-1.00000	-1.00000
20261	Bishop	Willow_Pond	un	9003989	0.06897	-1.00000	-1.00000	0.00760	-1.00000	-1.00000	0.00760	-1.00000	-1.00000	0.00013	-1.00000	-1.00000
20269	Bishop	Willow_Pond	un	9008798	-0.00000	-1.00000	-1.00000	-0.00000	-1.00000	-1.00000	-0.01068	-1.00000	-1.00000	0.00033	-1.00000	-1.00000
20270	Bishop	Willow_Pond	un	9009598	0.00000	-1.00000	-1.00000	0.00000	-1.00000	-1.00000	-0.01276	-1.00000	-1.00000	0.00039	-1.00000	-1.00000
20288	Bishop	Willow_Pond	un	9015943	0.08538	-1.00000	-1.00000	0.01066	-1.00000	-1.00000	0.01033	-1.00000	-1.00000	0.00016	-1.00000	-1.00000
20289	Bishop	Willow_Pond	un	9016665	0.24449	-1.00000	-1.00000	0.06949	-1.00000	-1.00000	0.15534	-1.00000	-1.00000	0.00051	-1.00000	-1.00000
20291	Bishop	Willow_Pond	un	9017451	0.76724	-1.00000	-1.00000	0.71716	-1.00000	-1.00000	0.72260	-1.00000	-1.00000	0.00104	-1.00000	-1.00000
20293	Bishop	Willow_Pond	un	9018209	-0.03464	-1.00000	-1.00000	-0.01414	-1.00000	-1.00000	-0.02644	-1.00000	-1.00000	0.00052	-1.00000	-1.00000
20313	Bishop	Willow_Pond	un	9028814	0.03704	-1.00000	-1.00000	0.00284	-1.00000	-1.00000	0.01050	-1.00000	-1.00000	0.00017	-1.00000	-1.00000
20315	Bishop	Willow_Pond	un	9029583	0.06920	-1.00000	-1.00000	0.00850	-1.00000	-1.00000	0.01894	-1.00000	-1.00000	0.00023	-1.00000	-1.00000
20317	Bishop	Willow_Pond	un	9030295	0.13205	-1.00000	-1.00000	0.02645	-1.00000	-1.00000	0.01790	-1.00000	-1.00000	0.00027	-1.00000	-1.00000
20319	Bishop	Willow_Pond	un	9031934	-0.00315	-1.00000	-1.00000	-0.00013	-1.00000	-1.00000	-0.01186	-1.00000	-1.00000	0.00029	-1.00000	-1.00000
20321	Bishop	Willow_Pond	un	9032844	-0.02844	-1.00000	-1.00000	-0.00634	-1.00000	-1.00000	0.02136	-1.00000	-1.00000	0.00038	-1.00000	-1.00000
20327	Bishop	Willow_Pond	un	9034453	-0.00000	-1.00000	-1.00000	-0.00000	-1.00000	-1.00000	-0.00000	-1.00000	-1.00000	0.00004	-1.00000	-1.00000
20354	Bishop	Willow_Pond	un	9044382	0.03448	-1.00000	-1.00000	0.00246	-1.00000	-1.00000	0.00246	-1.00000	-1.00000	0.00008	-1.00000	-1.00000
20357	Bishop	Willow_Pond	un	9046001	0.04000	-1.00000	-1.00000	0.00332	-1.00000	-1.00000	-0.00760	-1.00000	-1.00000	0.00037	-1.00000	-1.00000
20379	Bishop	Willow_Pond	un	9059711	0.04000	-1.00000	-1.00000	0.00332	-1.00000	-1.00000	0.01220	-1.00000	-1.00000	0.00017	-1.00000	-1.00000
20381	Bishop	Willow_Pond	un	9060537	0.00251	-1.00000	-1.00000	0.00009	-1.00000	-1.00000	-0.00000	-1.00000	-1.00000	0.00005	-1.00000	-1.00000
20387	Bishop	Willow_Pond	un	9062857	-0.00000	-1.00000	-1.00000	-0.00000	-1.00000	-1.00000	-0.00000	-1.00000	-1.00000	0.00005	-1.00000	-1.00000
20393	Bishop	Willow_Pond	un	9066069	-0.00000	-1.00000	-1.00000	-0.00000	-1.00000	-1.00000	-0.00000	-1.00000	-1.00000	0.00004	-1.00000	-1.00000
20398	Bishop	Willow_Pond	un	9069283	0.10495	-1.00000	-1.00000	0.01335	-1.00000	-1.00000	0.05025	-1.00000	-1.00000	0.00028	-1.00000	-1.00000
20400	Bishop	Willow_Pond	un	9070175	0.06897	-1.00000	-1.00000	0.00760	-1.00000	-1.00000	0.00760	-1.00000	-1.00000	0.00013	-1.00000	-1.00000
20411	Bishop	Willow_Pond	un	9074174	0.04820	-1.00000	-1.00000	0.00374	-1.00000	-1.00000	0.03064	-1.00000	-1.00000	0.00027	-1.00000	-1.00000
20419	Bishop	Willow_Pond	un	9078211	0.00251	-1.00000	-1.00000	0.00009	-1.00000	-1.00000	0.00508	-1.00000	-1.00000	0.00012	-1.00000	-1.00000
20420	Bishop	Willow_Pond	un	9079046	-0.03536	-1.00000	-1.00000	-0.01116	-1.00000	-1.00000	-0.00760	-1.00000	-1.00000	0.00038	-1.00000	-1.00000
20422	Bishop	Willow_Pond	un	9079804	0.00290	-1.00000	-1.00000	0.00011	-1.00000	-1.00000	0.00088	-1.00000	-1.00000	0.00024	-1.00000	-1.00000
20431	Bishop	Willow_Pond	un	9082168	0.66147	-1.00000	-1.00000	0.65626	-1.00000	-1.00000	0.64252	-1.00000	-1.00000	0.00097	-1.00000	-1.00000
20438	Bishop	Willow_Pond	un	9085475	-0.03623	-1.00000	-1.00000	-0.01414	-1.00000	-1.00000	-0.01815	-1.00000	-1.00000	0.00051	-1.00000	-1.00000
20439	Bishop	Willow_Pond	un	9086278	-0.03448	-1.00000	-1.00000	-0.00238	-1.00000	-1.00000	-0.00238	-1.00000	-1.00000	0.00008	-1.00000	-1.00000
20440	Bishop	Willow_Pond	un	9087060	0.00000	-1.00000	-1.00000	0.00000	-1.00000	-1.00000	-0.00000	-1.00000	-1.00000	0.00005	-1.00000	-1.00000
20441	Bishop	Willow_Pond	un	9087854	-0.00270	-1.00000	-1.00000	-0.00010	-1.00000	-1.00000	-0.00558	-1.00000	-1.00000	0.00021	-1.00000	-1.00000
20446	Bishop	Willow_Pond	un	9090324	0.00251	-1.00000	-1.00000	0.00009	-1.00000	-1.00000	-0.00000	-1.00000	-1.00000	0.00005	-1.00000	-1.00000
20457	Bishop	Willow_Pond	un	9092628	-0.04348	-1.00000	-1.00000	-0.01232	-1.00000	-1.00000	-0.03026	-1.00000	-1.00000	0.00058	-1.00000	-1.00000
20458	Bishop	Willow_Pond	un	9093419	0.28070	-1.00000	-1.00000	0.09850	-1.00000	-1.00000	0.14386	-1.00000	-1.00000	0.00055	-1.00000	-1.00000
20463	Bishop	Willow_Pond	un	9094940	0.70198	-1.00000	-1.00000	0.67631	-1.00000	-1.00000	0.65222	-1.00000	-1.00000	0.00100	-1.00000	-1.00000
20467	Bishop	Willow_Pond	un	9096611	0.03448	-1.00000	-1.00000	0.00246	-1.00000	-1.00000	0.00246	-1.00000	-1.00000	0.00009	-1.00000	-1.00000
20495	Bishop	Willow_Pond	un	9104584	0.00561	-1.00000	-1.00000	0.00021	-1.00000	-1.00000	0.02159	-1.00000	-1.00000	0.00021	-1.00000	-1.00000
20510	Bishop	Willow_Pond	un	9108933	-0.00270	-1.00000	-1.00000	-0.00010	-1.00000	-1.00000	-0.00488	-1.00000	-1.00000	0.00027	-1.00000	-1.00000
20515	Bishop	Willow_Pond	un	9111440	-0.00767	-1.00000	-1.00000	-0.00029	-1.00000	-1.00000	0.03472	-1.00000	-1.00000	0.00028	-1.00000	-1.00000
20519	Bishop	Willow_Pond	un	9113762	0.00290	-1.00000	-1.00000	0.00011	-1.00000	-1.00000	0.00088	-1.00000	-1.00000	0.00025	-1.00000	-1.00000
20522	Bishop	Willow_Pond	un	9114618	-0.03591	-1.00000	-1.00000	-0.02209	-1.00000	-1.00000	-0.02366	-1.00000	-1.00000	0.00057	-1.00000	-1.00000
20529	Bishop	Willow_Pond	un	9116141	0.00561	-1.00000	-1.00000	0.00021	-1.00000	-1.00000	0.02159	-1.00000	-1.00000	0.00026	-1.00000	-1.00000
20546	Bishop	Willow_Pond	un	9124001	0.00561	-1.00000	-1.00000	0.00308	-1.00000	-1.00000	0.01323	-1.00000	-1.00000	0.00050	-1.00000	-1.00000
20550	Bishop	Willow_Pond	un	9126472	-0.03841	-1.00000	-1.00000	-0.00296	-1.00000	-1.00000	-0.00486	-1.00000	-1.00000	0.00028	-1.00000	-1.00000
20553	Bishop	Willow_Pond	un	9127315	0.06024	-1.00000	-1.00000	0.00707	-1.00000	-1.00000	0.00760	-1.00000	-1.00000	0.00013	-1.00000	-1.00000
20561	Bishop	Willow_Pond	un	9131270	0.04820	-1.00000	-1.00000	0.00374	-1.00000	-1.00000	0.03064	-1.00000	-1.00000	0.00025	-1.00000	-1.00000
20570	Bishop	Willow_Pond	un	9135262	-0.02012	-1.00000	-1.00000	-0.00481	-1.00000	-1.00000	-0.00561	-1.00000	-1.00000	0.00029	-1.00000	-1.00000
20580	Bishop	Willow_Pond	un	9138599	0.06897	-1.00000	-1.00000	0.00760	-1.00000	-1.00000	0.00760	-1.00000	-1.00000	0.00012	-1.00000	-1.00000
20582	Bishop	Willow_Pond	un	9140255	0.04067	-1.00000	-1.00000	0.00302	-1.00000	-1.00000	0.00284	-1.00000	-1.00000	0.00009	-1.00000	-1.00000
20584	Bishop	Willow_Pond	un	9141801	0.63321	-1.00000	-1.00000	0.62856	-1.00000	-1.00000	0.62493	-1.00000	-1.00000	0.00095	-1.00000	-1.00000
20585	Bishop	Willow_Pond	un	9142628	0.17448	-1.00000	-1.00000	0.03767	-1.00000	-1.00000	0.07867	-1.00000	-1.00000	0.00038	-1.00000	-1.00000
20591	Bishop	Willow_Pond	un	9145863	0.30969	-1.00000	-1.00000	0.14401	-1.00000	-1.00000	0.10959	-1.00000	-1.00000	0.00074	-1.00000	-1.00000
20595	Bishop	Willow_Pond	un	9147414	0.48148	-1.00000	-1.00000	0.32500	-1.00000	-1.00000	0.31886	-1.00000	-1.00000	0.00070	-1.00000	-1.00000
20599	Bishop	Willow_Pond	un	9150054	-0.04160	-1.00000	-1.00000	-0.00347	-1.00000	-1.00000	-0.01504	-1.00000	-1.00000	0.00036	-1.00000	-1.00000
20602	Bishop	Willow_Pond	un	9152577	0.06798	-1.00000	-1.00000	0.01687	-1.00000	-1.00000	0.00963	-1.00000	-1.00000	0.00031	-1.00000	-1.00000
20604	Bishop	Willow_Pond	un	9153410	0.09302	-1.00000	-1.00000	0.01497	-1.00000	-1.00000	0.00852	-1.00000	-1.00000	0.00023	-1.00000	-1.00000
20611	Bishop	Willow_Pond	un	9155815	0.00290	-1.00000	-1.00000	0.00011	-1.00000	-1.00000	0.02159	-1.00000	-1.00000	0.00019	-1.00000	-1.00000
20618	Bishop	Willow_Pond	un	9160036	0.19057	-1.00000	-1.00000	0.04497	-1.00000	-1.00000	0.08545	-1.00000	-1.00000	0.00049	-1.00000	-1.00000
20629	Bishop	Willow_Pond	un	9163143	0.04000	-1.00000	-1.00000	0.00332	-1.00000	-1.00000	0.00332	-1.00000	-1.00000	0.00010	-1.00000	-1.00000
20649	Bishop	Willow_Pond	un	9173319	0.06470	-1.00000	-1.00000	0.00736	-1.00000	-1.00000	0.00760	-1.00000	-1.00000	0.00014	-1.00000	-1.00000
20650	Bishop	Willow_Pond	un	9174055	0.06897	-1.00000	-1.00000	0.00760	-1.00000	-1.00000	0.00760	-1.00000	-1.00000	0.00012	-1.00000	-1.00000
20652	Bishop	Willow_Pond	un	9175715	-0.03567	-1.00000	-1.00000	-0.00255	-1.00000	-1.00000	-0.00256	-1.00000	-1.00000	0.00009	-1.00000	-1.00000
20656	Bishop	Willow_Pond	un	9178154	0.07875	-1.00000	-1.00000	0.00908	-1.00000	-1.00000	0.00881	-1.00000	-1.00000	0.00014	-1.00000	-1.00000
20658	Bishop	Willow_Pond	un	9179694	0.22342	-1.00000	-1.00000	0.16250	-1.00000	-1.00000	0.16065	-1.00000	-1.00000	0.00077	-1.00000	-1.00000
20665	Bishop	Willow_Pond	un	9180483	0.03448	-1.00000	-1.00000	0.00246	-1.00000	-1.00000	0.00246	-1.00000	-1.00000	0.00008	-1.00000	-1.00000
20670	Bishop	Willow_Pond	un	9182984	0.25926	-1.00000	-1.00000	0.09396	-1.00000	-1.00000	0.11315	-1.00000	-1.00000	0.00042	-1.00000	-1.00000
20688	Bishop	Willow_Pond	un	9189971	0.34932	-1.00000	-1.00000	0.18280	-1.00000	-1.00000	0.14632	-1.00000	-1.00000	0.00061	-1.00000	-1.00000
20691	Bishop	Willow_Pond	un	9191666	0.12643	-1.00000	-1.00000	0.02178	-1.00000	-1.00000	0.03023	-1.00000	-1.00000	0.00035	-1.00000	-1.00000
20696	Bishop	Willow_Pond	un	9193317	0.03753	-1.00000	-1.00000	0.03894	-1.00000	-1.00000	0.02733	-1.00000	-1.00000	0.00080	-1.00000	-1.00000
20709	Bishop	Willow_Pond	un	9199038	0.00251	-1.00000	-1.00000	0.00009	-1.00000	-1.00000	0.00508	-1.00000	-1.00000	0.00012	-1.00000	-1.00000
20728	Bishop	Willow_Pond	un	9206092	0.00251	-1.00000	-1.00000	0.00009	-1.00000	-1.00000	0.00508	-1.00000	-1.00000	0.00013	-1.00000	-1.00000
20730	Bishop	Willow_Pond	un	9207676	-0.00235	-1.00000	-1.00000	-0.00008	-1.00000	-1.00000	-0.00000	-1.00000	-1.00000	0.00004	-1.00000	-1.00000
20732	Bishop	Willow_Pond	un	9209337	0.08000	-1.00000	-1.00000	0.01033	-1.00000	-1.00000	-0.00090	-1.00000	-1.00000	0.00036	-1.00000	-1.00000
20743	Bishop	Willow_Pond	un	9212562	0.24887	-1.00000	-1.00000	0.08190	-1.00000	-1.00000	0.07646	-1.00000	-1.00000	0.00044	-1.00000	-1.00000
20746	Bishop	Willow_Pond	un	9214185	-0.03545	-1.00000	-1.00000	-0.01166	-1.00000	-1.00000	0.00976	-1.00000	-1.00000	0.00046	-1.00000	-1.00000
20755	Bishop	Willow_Pond	un	9217343	0.04820	-1.00000	-1.00000	0.00374	-1.00000	-1.00000	0.00332	-1.00000	-1.00000	0.00009	-1.00000	-1.00000
20761	Bishop	Willow_Pond	un	9219837	-0.00565	-1.00000	-1.00000	-0.00022	-1.00000	-1.00000	0.00778	-1.00000	-1.00000	0.00032	-1.00000	-1.00000
20771	Bishop	Willow_Pond	un	9224806	0.06897	-1.00000	-1.00000	0.00760	-1.00000	-1.00000	0.00760	-1.00000	-1.00000	0.00012	-1.00000	-1.00000
20775	Bishop	Willow_Pond	un	9226400	-0.00235	-1.00000	-1.00000	-0.00008	-1.00000	-1.00000	0.00008	-1.00000	-1.00000	0.00012	-1.00000	-1.00000
20781	Bishop	Willow_Pond	un	9230427	0.04593	-1.00000	-1.00000	0.01548	-1.00000	-1.00000	0.00976	-1.00000	-1.00000	0.00044	-1.00000	-1.00000
20790	Bishop	Willow_Pond	un	9232792	0.03367	-1.00000	-1.00000	0.00677	-1.00000	-1.00000	0.00136	-1.00000	-1.00000	0.00033	-1.00000	-1.00000
20794	Bishop	Willow_Pond	un	9234376	0.00000	-1.00000	-1.00000	0.00000	-1.00000	-1.00000	-0.00502	-1.00000	-1.00000	0.00019	-1.00000	-1.00000
20800	Bishop	Willow_Pond	un	9236798	0.00561	-1.00000	-1.00000	0.00021	-1.00000	-1.00000	0.00589	-1.00000	-1.00000	0.00021	-1.00000	-1.00000
20808	Bishop	Willow_Pond	un	9238991	0.03367	-1.00000	-1.00000	0.00677	-1.00000	-1.00000	0.01695	-1.00000	-1.00000	0.00025	-1.00000	-1.00000
20816	Bishop	Willow_Pond	un	9242350	0.19376	-1.00000	-1.00000	0.08444	-1.00000	-1.00000	0.07059	-1.00000	-1.00000	0.00063	-1.00000	-1.00000
20824	Bishop	Willow_Pond	un	9246184	0.27758	-1.00000	-1.00000	0.12152	-1.00000	-1.00000	0.14308	-1.00000	-1.00000	0.00043	-1.00000	-1.00000
20829	Bishop	Willow_Pond	un	9247896	0.07875	-1.00000	-1.00000	0.00908	-1.00000	-1.00000	0.01894	-1.00000	-1.00000	0.00022	-1.00000	-1.00000
20833	Bishop	Willow_Pond	un	9250437	0.00340	-1.00000	-1.00000	0.00014	-1.00000	-1.00000	0.00110	-1.00000	-1.00000	0.00029	-1.00000	-1.00000
20839	Bishop	Willow_Pond	un	9252791	0.00000	-1.00000	-1.00000	0.00000	-1.00000	-1.00000	-0.00000	-1.00000	-1.00000	0.00005	-1.00000	-1.00000
20847	Bishop	Willow_Pond	un	9254937	0.00561	-1.00000	-1.00000	0.00021	-1.00000	-1.00000	0.00589	-1.00000	-1.00000	0.00014	-1.00000	-1.00000
20854	Bishop	Willow_Pond	un	9258207	0.08538	-1.00000	-1.00000	0.01066	-1.00000	-1.00000	0.02205	-1.00000	-1.00000	0.00022	-1.00000	-1.00000
20862	Bishop	Willow_Pond	un	9260637	0.04838	-1.00000	-1.00000	0.00422	-1.00000	-1.00000	0.00836	-1.00000	-1.00000	0.00031	-1.00000	-1.00000
20869	Bishop	Willow_Pond	un	9264808	0.57725	-1.00000	-1.00000	0.46746	-1.00000	-1.00000	0.45686	-1.00000	-1.00000	0.00077	-1.00000	-1.00000
20876	Bishop	Willow_Pond	un	9267954	0.07407	-1.00000	-1.00000	0.00881	-1.00000	-1.00000	0.00881	-1.00000	-1.00000	0.00015	-1.00000	-1.00000
20879	Bishop	Willow_Pond	un	9268661	0.08000	-1.00000	-1.00000	0.01033	-1.00000	-1.00000	-0.00090	-1.00000	-1.00000	0.00037	-1.00000	-1.00000
20884	Bishop	Willow_Pond	un	9271241	0.03704	-1.00000	-1.00000	0.00284	-1.00000	-1.00000	-0.00227	-1.00000	-1.00000	0.00022	-1.00000	-1.00000
20886	Bishop	Willow_Pond	un	9272851	0.06095	-1.00000	-1.00000	0.02163	-1.00000	-1.00000	0.03571	-1.00000	-1.00000	0.00041	-1.00000	-1.00000
20893	Bishop	Willow_Pond	un	9277437	-0.00235	-1.00000	-1.00000	-0.00008	-1.00000	-1.00000	-0.00000	-1.00000	-1.00000	0.00004	-1.00000	-1.00000
20902	Bishop	Willow_Pond	un	9281566	0.07087	-1.00000	-1.00000	0.02436	-1.00000	-1.00000	0.06282	-1.00000	-1.00000	0.00044	-1.00000	-1.00000
20909	Bishop	Willow_Pond	un	9286037	0.11111	-1.00000	-1.00000	0.01818	-1.00000	-1.00000	0.01289	-1.00000	-1.00000	0.00028	-1.00000	-1.00000
20934	Bishop	Willow_Pond	un	9297362	0.45598	-1.00000	-1.00000	0.34366	-1.00000	-1.00000	0.37152	-1.00000	-1.00000	0.00078	-1.00000	-1.00000
20937	Bishop	Willow_Pond	un	9299764	0.04420	-1.00000	-1.00000	0.00354	-1.00000	-1.00000	0.03064	-1.00000	-1.00000	0.00025	-1.00000	-1.00000
20941	Bishop	Willow_Pond	un	9302104	0.04002	-1.00000	-1.00000	0.02206	-1.00000	-1.00000	0.02922	-1.00000	-1.00000	0.00058	-1.00000	-1.00000
20972	Bishop	Willow_Pond	un	9315704	-0.00000	-1.00000	-1.00000	-0.00000	-1.00000	-1.00000	-0.00581	-1.00000	-1.00000	0.00018	-1.00000	-1.00000
20974	Bishop	Willow_Pond	un	9317443	-0.03684	-1.00000	-1.00000	-0.00273	-1.00000	-1.00000	0.00061	-1.00000	-1.00000	0.00017	-1.00000	-1.00000
20978	Bishop	Willow_Pond	un	9319870	-0.00000	-1.00000	-1.00000	-0.00000	-1.00000	-1.00000	-0.00000	-1.00000	-1.00000	0.00004	-1.00000	-1.00000
20980	Bishop	Willow_Pond	un	9320675	0.04067	-1.00000	-1.00000	0.00302	-1.00000	-1.00000	0.01050	-1.00000	-1.00000	0.00016	-1.00000	-1.00000
20986	Bishop	Willow_Pond	un	9322343	-0.00000	-1.00000	-1.00000	-0.00000	-1.00000	-1.00000	-0.00000	-1.00000	-1.00000	0.00004	-1.00000	-1.00000
20989	Bishop	Willow_Pond	un	9324839	0.05304	-1.00000	-1.00000	0.00446	-1.00000	-1.00000	0.03024	-1.00000	-1.00000	0.00038	-1.00000	-1.00000
21008	Bishop	Willow_Pond	un	9334428	-0.00000	-1.00000	-1.00000	-0.00000	-1.00000	-1.00000	-0.00000	-1.00000	-1.00000	0.00004	-1.00000	-1.00000
21015	Bishop	Willow_Pond	un	9338177	0.00070	-1.00000	-1.00000	0.00036	-1.00000	-1.00000	-0.01270	-1.00000	-1.00000	0.00061	-1.00000	-1.00000
21036	Bishop	Willow_Pond	un	9347534	0.20000	-1.00000	-1.00000	0.05660	-1.00000	-1.00000	0.04403	-1.00000	-1.00000	0.00056	-1.00000	-1.00000
21049	Bishop	Willow_Pond	un	9355567	-0.00235	-1.00000	-1.00000	-0.00008	-1.00000	-1.00000	0.00008	-1.00000	-1.00000	0.00011	-1.00000	-1.00000
21053	Bishop	Willow_Pond	un	9357263	0.12643	-1.00000	-1.00000	0.02178	-1.00000	-1.00000	0.03571	-1.00000	-1.00000	0.00024	-1.00000	-1.00000
21054	Bishop	Willow_Pond	un	9358158	0.03704	-1.00000	-1.00000	0.00284	-1.00000	-1.00000	-0.00227	-1.00000	-1.00000	0.00024	-1.00000	-1.00000
21068	Bishop	Willow_Pond	un	9366251	0.00000	-1.00000	-1.00000	0.00000	-1.00000	-1.00000	-0.00502	-1.00000	-1.00000	0.00019	-1.00000	-1.00000
21080	Bishop	Willow_Pond	un	9370203	0.56499	-1.00000	-1.00000	0.42601	-1.00000	-1.00000	0.44051	-1.00000	-1.00000	0.00072	-1.00000	-1.00000
21089	Bishop	Willow_Pond	un	9374905	0.00621	-1.00000	-1.00000	0.00645	-1.00000	-1.00000	-0.00156	-1.00000	-1.00000	0.00068	-1.00000	-1.00000
21092	Bishop	Willow_Pond	un	9376542	0.07875	-1.00000	-1.00000	0.00908	-1.00000	-1.00000	0.01894	-1.00000	-1.00000	0.00021	-1.00000	-1.00000
21102	Bishop	Willow_Pond	un	9380612	0.00000	-1.00000	-1.00000	0.00000	-1.00000	-1.00000	-0.00000	-1.00000	-1.00000	0.00004	-1.00000	-1.00000
21125	Bishop	Willow_Pond	un	9391197	-0.00000	-1.00000	-1.00000	-0.00000	-1.00000	-1.00000	-0.00000	-1.00000	-1.00000	0.00004	-1.00000	-1.00000
21136	Bishop	Willow_Pond	un	9394263	0.00561	-1.00000	-1.00000	0.00021	-1.00000	-1.00000	-0.00000	-1.00000	-1.00000	0.00005	-1.00000	-1.00000
21140	Bishop	Willow_Pond	un	9397576	0.34255	-1.00000	-1.00000	0.15689	-1.00000	-1.00000	0.17666	-1.00000	-1.00000	0.00049	-1.00000	-1.00000
21164	Bishop	Willow_Pond	un	9409658	0.16396	-1.00000	-1.00000	0.06033	-1.00000	-1.00000	0.07200	-1.00000	-1.00000	0.00053	-1.00000	-1.00000
21176	Bishop	Willow_Pond	un	9414194	0.06897	-1.00000	-1.00000	0.00760	-1.00000	-1.00000	0.00760	-1.00000	-1.00000	0.00012	-1.00000	-1.00000
21182	Bishop	Willow_Pond	un	9417373	0.40271	-1.00000	-1.00000	0.21931	-1.00000	-1.00000	0.20396	-1.00000	-1.00000	0.00066	-1.00000	-1.00000
21189	Bishop	Willow_Pond	un	9419742	0.05748	-1.00000	-1.00000	0.00467	-1.00000	-1.00000	0.06452	-1.00000	-1.00000	0.00042	-1.00000	-1.00000
21196	Bishop	Willow_Pond	un	9422842	0.00561	-1.00000	-1.00000	0.00021	-1.00000	-1.00000	0.02159	-1.00000	-1.00000	0.00018	-1.00000	-1.00000
21204	Bishop	Willow_Pond	un	9425959	0.09834	-1.00000	-1.00000	0.01534	-1.00000	-1.00000	0.01567	-1.00000	-1.00000	0.00017	-1.00000	-1.00000
21217	Bishop	Willow_Pond	un	9429770	0.23078	-1.00000	-1.00000	0.08046	-1.00000	-1.00000	0.09005	-1.00000	-1.00000	0.00050	-1.00000	-1.00000
21226	Bishop	Willow_Pond	un	9434464	0.31698	-1.00000	-1.00000	0.28162	-1.00000	-1.00000	0.28523	-1.00000	-1.00000	0.00080	-1.00000	-1.00000
21227	Bishop	Willow_Pond	un	9435255	-0.00000	-1.00000	-1.00000	-0.00000	-1.00000	-1.00000	-0.00000	-1.00000	-1.00000	0.00005	-1.00000	-1.00000
21230	Bishop	Willow_Pond	un	9436779	-0.03567	-1.00000	-1.00000	-0.00255	-1.00000	-1.00000	0.00018	-1.00000	-1.00000	0.00017	-1.00000	-1.00000
21234	Bishop	Willow_Pond	un	9437557	0.06095	-1.00000	-1.00000	0.02163	-1.00000	-1.00000	0.05998	-1.00000	-1.00000	0.00047	-1.00000	-1.00000
21235	Bishop	Willow_Pond	un	9438332	-0.03684	-1.00000	-1.00000	-0.00273	-1.00000	-1.00000	0.00061	-1.00000	-1.00000	0.00017	-1.00000	-1.00000
21242	Bishop	Willow_Pond	un	9442817	0.06897	-1.00000	-1.00000	0.00760	-1.00000	-1.00000	0.00760	-1.00000	-1.00000	0.00013	-1.00000	-1.00000
21251	Bishop	Willow_Pond	un	9446018	0.04067	-1.00000	-1.00000	0.00302	-1.00000	-1.00000	0.00284	-1.00000	-1.00000	0.00009	-1.00000	-1.00000
21273	Bishop	Willow_Pond	un	9454309	0.00340	-1.00000	-1.00000	0.00014	-1.00000	-1.00000	-0.00378	-1.00000	-1.00000	0.00038	-1.00000	-1.00000
21275	Bishop	Willow_Pond	un	9455909	0.00561	-1.00000	-1.00000	0.00021	-1.00000	-1.00000	0.02159	-1.00000	-1.00000	0.00021	-1.00000	-1.00000
21279	Bishop	Willow_Pond	un	9457431	0.11959	-1.00000	-1.00000	0.02546	-1.00000	-1.00000	0.02064	-1.00000	-1.00000	0.00032	-1.00000	-1.00000
21289	Bishop	Willow_Pond	un	9460791	0.03448	-1.00000	-1.00000	0.00246	-1.00000	-1.00000	0.00246	-1.00000	-1.00000	0.00010	-1.00000	-1.00000
21290	Bishop	Willow_Pond	un	9461489	-0.00270	-1.00000	-1.00000	-0.00010	-1.00000	-1.00000	-0.00488	-1.00000	-1.00000	0.00022	-1.00000	-1.00000
21296	Bishop	Willow_Pond	un	9463274	0.05304	-1.00000	-1.00000	0.00446	-1.00000	-1.00000	-0.00098	-1.00000	-1.00000	0.00023	-1.00000	-1.00000
21297	Bishop	Willow_Pond	un	9464179	0.06897	-1.00000	-1.00000	0.00760	-1.00000	-1.00000	0.00760	-1.00000	-1.00000	0.00012	-1.00000	-1.00000
21301	Bishop	Willow_Pond	un	9465774	0.00000	-1.00000	-1.00000	0.00000	-1.00000	-1.00000	-0.00502	-1.00000	-1.00000	0.00020	-1.00000	-1.00000
21318	Bishop	Willow_Pond	un	9473888	0.13788	-1.00000	-1.00000	0.02596	-1.00000	-1.00000	0.05998	-1.00000	-1.00000	0.00044	-1.00000	-1.00000
21335	Bishop	Willow_Pond	un	9478017	-0.03595	-1.00000	-1.00000	-0.00859	-1.00000	-1.00000	0.01136	-1.00000	-1.00000	0.00033	-1.00000	-1.00000
21338	Bishop	Willow_Pond	un	9479754	0.04420	-1.00000	-1.00000	0.00354	-1.00000	-1.00000	0.00705	-1.00000	-1.00000	0.00029	-1.00000	-1.00000
21340	Bishop	Willow_Pond	un	9480600	-0.02454	-1.00000	-1.00000	-0.00762	-1.00000	-1.00000	-0.01385	-1.00000	-1.00000	0.00042	-1.00000	-1.00000
21357	Bishop	Willow_Pond	un	9487168	0.48849	-1.00000	-1.00000	0.38947	-1.00000	-1.00000	0.38306	-1.00000	-1.00000	0.00076	-1.00000	-1.00000
21360	Bishop	Willow_Pond	un	9489603	0.00340	-1.00000	-1.00000	0.00014	-1.00000	-1.00000	0.01768	-1.00000	-1.00000	0.00034	-1.00000	-1.00000
21363	Bishop	Willow_Pond	un	9491149	0.45419	-1.00000	-1.00000	0.27868	-1.00000	-1.00000	0.29725	-1.00000	-1.00000	0.00056	-1.00000	-1.00000
21367	Bishop	Willow_Pond	un	9492803	0.24138	-1.00000	-1.00000	0.08069	-1.00000	-1.00000	0.08069	-1.00000	-1.00000	0.00031	-1.00000	-1.00000
21369	Bishop	Willow_Pond	un	9494448	0.00656	-1.00000	-1.00000	0.00026	-1.00000	-1.00000	0.01989	-1.00000	-1.00000	0.00036	-1.00000	-1.00000
21372	Bishop	Willow_Pond	un	9495196	0.32000	-1.00000	-1.00000	0.14487	-1.00000	-1.00000	0.13019	-1.00000	-1.00000	0.00066	-1.00000	-1.00000
21386	Bishop	Willow_Pond	un	9503453	0.00290	-1.00000	-1.00000	0.00011	-1.00000	-1.00000	-0.00518	-1.00000	-1.00000	0.00021	-1.00000	-1.00000
21387	Bishop	Willow_Pond	un	9504222	-0.03684	-1.00000	-1.00000	-0.00273	-1.00000	-1.00000	0.01433	-1.00000	-1.00000	0.00023	-1.00000	-1.00000
21388	Bishop	Willow_Pond	un	9505048	-0.00000	-1.00000	-1.00000	-0.00000	-1.00000	-1.00000	-0.00050	-1.00000	-1.00000	0.00027	-1.00000	-1.00000
21397	Bishop	Willow_Pond	un	9508910	0.03367	-1.00000	-1.00000	0.00677	-1.00000	-1.00000	0.00136	-1.00000	-1.00000	0.00031	-1.00000	-1.00000
21399	Bishop	Willow_Pond	un	9510594	-0.03841	-1.00000	-1.00000	-0.00296	-1.00000	-1.00000	-0.00844	-1.00000	-1.00000	0.00024	-1.00000	-1.00000
21405	Bishop	Willow_Pond	un	9512997	0.00000	-1.00000	-1.00000	0.00000	-1.00000	-1.00000	0.00508	-1.00000	-1.00000	0.00014	-1.00000	-1.00000
21411	Bishop	Willow_Pond	un	9516033	0.00340	-1.00000	-1.00000	0.00014	-1.00000	-1.00000	-0.00378	-1.00000	-1.00000	0.00039	-1.00000	-1.00000
21412	Bishop	Willow_Pond	un	9516827	0.03448	-1.00000	-1.00000	0.00246	-1.00000	-1.00000	0.00246	-1.00000	-1.00000	0.00008	-1.00000	-1.00000
21413	Bishop	Willow_Pond	un	9517696	-0.03289	-1.00000	-1.00000	-0.00670	-1.00000	-1.00000	0.00641	-1.00000	-1.00000	0.00039	-1.00000	-1.00000
21417	Bishop	Willow_Pond	un	9519263	0.00000	-1.00000	-1.00000	0.00000	-1.00000	-1.00000	-0.01276	-1.00000	-1.00000	0.00039	-1.00000	-1.00000
21421	Bishop	Willow_Pond	un	9522474	0.00000	-1.00000	-1.00000	0.00000	-1.00000	-1.00000	-0.00009	-1.00000	-1.00000	0.00013	-1.00000	-1.00000
21422	Bishop	Willow_Pond	un	9523222	-0.00565	-1.00000	-1.00000	-0.00022	-1.00000	-1.00000	0.00778	-1.00000	-1.00000	0.00032	-1.00000	-1.00000
21425	Bishop	Willow_Pond	un	9524826	-0.03704	-1.00000	-1.00000	-0.00275	-1.00000	-1.00000	-0.00786	-1.00000	-1.00000	0.00023	-1.00000	-1.00000
21433	Bishop	Willow_Pond	un	9529344	-0.00235	-1.00000	-1.00000	-0.00008	-1.00000	-1.00000	0.00008	-1.00000	-1.00000	0.00012	-1.00000	-1.00000
21453	Bishop	Willow_Pond	un	9538060	0.08287	-1.00000	-1.00000	0.02165	-1.00000	-1.00000	0.01609	-1.00000	-1.00000	0.00040	-1.00000	-1.00000
21454	Bishop	Willow_Pond	un	9538846	0.04000	-1.00000	-1.00000	0.00332	-1.00000	-1.00000	0.00545	-1.00000	-1.00000	0.00030	-1.00000	-1.00000
21457	Bishop	Willow_Pond	un	9540553	0.00251	-1.00000	-1.00000	0.00009	-1.00000	-1.00000	-0.00000	-1.00000	-1.00000	0.00004	-1.00000	-1.00000
21465	Bishop	Willow_Pond	un	9541353	0.00690	-1.00000	-1.00000	0.00558	-1.00000	-1.00000	0.01013	-1.00000	-1.00000	0.00085	-1.00000	-1.00000
21466	Bishop	Willow_Pond	un	9542027	0.09054	-1.00000	-1.00000	0.01094	-1.00000	-1.00000	0.04304	-1.00000	-1.00000	0.00028	-1.00000	-1.00000
21470	Bishop	Willow_Pond	un	9545136	0.06541	-1.00000	-1.00000	0.01407	-1.00000	-1.00000	0.05263	-1.00000	-1.00000	0.00040	-1.00000	-1.00000
21472	Bishop	Willow_Pond	un	9546739	-0.00489	-1.00000	-1.00000	-0.00018	-1.00000	-1.00000	0.00029	-1.00000	-1.00000	0.00013	-1.00000	-1.00000
21476	Bishop	Willow_Pond	un	9549986	-0.00235	-1.00000	-1.00000	-0.00008	-1.00000	-1.00000	-0.00000	-1.00000	-1.00000	0.00004	-1.00000	-1.00000
21479	Bishop	Willow_Pond	un	9551550	0.00290	-1.00000	-1.00000	0.00011	-1.00000	-1.00000	0.00088	-1.00000	-1.00000	0.00028	-1.00000	-1.00000
21502	Bishop	Willow_Pond	un	9561194	0.00290	-1.00000	-1.00000	0.00011	-1.00000	-1.00000	0.00088	-1.00000	-1.00000	0.00029	-1.00000	-1.00000
21509	Bishop	Willow_Pond	un	9565206	0.03114	-1.00000	-1.00000	0.00229	-1.00000	-1.00000	0.00246	-1.00000	-1.00000	0.00008	-1.00000	-1.00000
21510	Bishop	Willow_Pond	un	9566033	0.00845	-1.00000	-1.00000	0.00138	-1.00000	-1.00000	0.00499	-1.00000	-1.00000	0.00036	-1.00000	-1.00000
21512	Bishop	Willow_Pond	un	9566856	-0.00000	-1.00000	-1.00000	-0.00000	-1.00000	-1.00000	-0.00607	-1.00000	-1.00000	0.00027	-1.00000	-1.00000
21513	Bishop	Willow_Pond	un	9567671	-0.00000	-1.00000	-1.00000	-0.00000	-1.00000	-1.00000	-0.00050	-1.00000	-1.00000	0.00027	-1.00000	-1.00000
21516	Bishop	Willow_Pond	un	9568470	0.49055	-1.00000	-1.00000	0.32499	-1.00000	-1.00000	0.36851	-1.00000	-1.00000	0.00070	-1.00000	-1.00000
21529	Bishop	Willow_Pond	un	9576448	0.33050	-1.00000	-1.00000	0.33854	-1.00000	-1.00000	0.35274	-1.00000	-1.00000	0.00081	-1.00000	-1.00000
21547	Bishop	Willow_Pond	un	9581243	-0.03684	-1.00000	-1.00000	-0.00273	-1.00000	-1.00000	0.01433	-1.00000	-1.00000	0.00026	-1.00000	-1.00000
21555	Bishop	Willow_Pond	un	9585288	0.28000	-1.00000	-1.00000	0.11067	-1.00000	-1.00000	0.09678	-1.00000	-1.00000	0.00056	-1.00000	-1.00000
21557	Bishop	Willow_Pond	un	9586888	0.03114	-1.00000	-1.00000	0.00229	-1.00000	-1.00000	0.00246	-1.00000	-1.00000	0.00008	-1.00000	-1.00000
21569	Bishop	Willow_Pond	un	9589332	-0.00270	-1.00000	-1.00000	-0.00010	-1.00000	-1.00000	-0.00488	-1.00000	-1.00000	0.00026	-1.00000	-1.00000
21575	Bishop	Willow_Pond	un	9592587	-0.00000	-1.00000	-1.00000	-0.00000	-1.00000	-1.00000	-0.00000	-1.00000	-1.00000	0.00004	-1.00000	-1.00000
21576	Bishop	Willow_Pond	un	9593414	0.04000	-1.00000	-1.00000	0.00332	-1.00000	-1.00000	-0.00760	-1.00000	-1.00000	0.00037	-1.00000	-1.00000
21588	Bishop	Willow_Pond	un	9598139	0.07875	-1.00000	-1.00000	0.00908	-1.00000	-1.00000	0.00881	-1.00000	-1.00000	0.00013	-1.00000	-1.00000
21615	Bishop	Willow_Pond	un	9608596	0.18519	-1.00000	-1.00000	0.04808	-1.00000	-1.00000	0.04808	-1.00000	-1.00000	0.00029	-1.00000	-1.00000
21618	Bishop	Willow_Pond	un	9609347	-0.03448	-1.00000	-1.00000	-0.00238	-1.00000	-1.00000	-0.00238	-1.00000	-1.00000	0.00008	-1.00000	-1.00000
21638	Bishop	Willow_Pond	un	9619026	0.24281	-1.00000	-1.00000	0.15243	-1.00000	-1.00000	0.19064	-1.00000	-1.00000	0.00065	-1.00000	-1.00000
21644	Bishop	Willow_Pond	un	9621521	0.02912	-1.00000	-1.00000	0.00239	-1.00000	-1.00000	-0.00468	-1.00000	-1.00000	0.00028	-1.00000	-1.00000
21645	Bishop	Willow_Pond	un	9622392	0.00000	-1.00000	-1.00000	0.00000	-1.00000	-1.00000	-0.00502	-1.00000	-1.00000	0.00017	-1.00000	-1.00000
21647	Bishop	Willow_Pond	un	9624081	0.01791	-1.00000	-1.00000	0.01109	-1.00000	-1.00000	0.01109	-1.00000	-1.00000	0.00050	-1.00000	-1.00000
21654	Bishop	Willow_Pond	un	9628129	0.03448	-1.00000	-1.00000	0.00246	-1.00000	-1.00000	0.00246	-1.00000	-1.00000	0.00008	-1.00000	-1.00000
21655	Bishop	Willow_Pond	un	9628928	-0.03841	-1.00000	-1.00000	-0.00296	-1.00000	-1.00000	-0.00844	-1.00000	-1.00000	0.00024	-1.00000	-1.00000
21670	Bishop	Willow_Pond	un	9635234	0.13205	-1.00000	-1.00000	0.02645	-1.00000	-1.00000	0.02685	-1.00000	-1.00000	0.00021	-1.00000	-1.00000
21675	Bishop	Willow_Pond	un	9637495	-0.00270	-1.00000	-1.00000	-0.00010	-1.00000	-1.00000	0.01069	-1.00000	-1.00000	0.00021	-1.00000	-1.00000
21690	Bishop	Willow_Pond	un	9643032	-0.02813	-1.00000	-1.00000	-0.00378	-1.00000	-1.00000	-0.01667	-1.00000	-1.00000	0.00043	-1.00000	-1.00000
21691	Bishop	Willow_Pond	un	9643812	-0.00270	-1.00000	-1.00000	-0.00010	-1.00000	-1.00000	-0.00488	-1.00000	-1.00000	0.00025	-1.00000	-1.00000
21693	Bishop	Willow_Pond	un	9644662	0.06897	-1.00000	-1.00000	0.00760	-1.00000	-1.00000	0.00760	-1.00000	-1.00000	0.00015	-1.00000	-1.00000
21709	Bishop	Willow_Pond	un	9650093	0.17448	-1.00000	-1.00000	0.03767	-1.00000	-1.00000	0.07867	-1.00000	-1.00000	0.00038	-1.00000	-1.00000
21712	Bishop	Willow_Pond	un	9651731	-0.01449	-1.00000	-1.00000	-0.00173	-1.00000	-1.00000	0.02505	-1.00000	-1.00000	0.00036	-1.00000	-1.00000
21716	Bishop	Willow_Pond	un	9654067	-0.00000	-1.00000	-1.00000	-0.00000	-1.00000	-1.00000	-0.00000	-1.00000	-1.00000	0.00004	-1.00000	-1.00000
21724	Bishop	Willow_Pond	un	9658045	0.09321	-1.00000	-1.00000	0.01269	-1.00000	-1.00000	0.01431	-1.00000	-1.00000	0.00067	-1.00000	-1.00000
21731	Bishop	Willow_Pond	un	9660950	0.03448	-1.00000	-1.00000	0.00246	-1.00000	-1.00000	0.00246	-1.00000	-1.00000	0.00009	-1.00000	-1.00000
21742	Bishop	Willow_Pond	un	9664943	0.05861	-1.00000	-1.00000	0.05124	-1.00000	-1.00000	0.04394	-1.00000	-1.00000	0.00058	-1.00000	-1.00000
21743	Bishop	Willow_Pond	un	9665880	0.00251	-1.00000	-1.00000	0.00009	-1.00000	-1.00000	0.00508	-1.00000	-1.00000	0.00013	-1.00000	-1.00000
21745	Bishop	Willow_Pond	un	9667374	-0.00000	-1.00000	-1.00000	-0.00000	-1.00000	-1.00000	-0.01068	-1.00000	-1.00000	0.00035	-1.00000	-1.00000
21752	Bishop	Willow_Pond	un	9671336	-0.03665	-1.00000	-1.00000	-0.03802	-1.00000	-1.00000	0.02793	-1.00000	-1.00000	0.00074	-1.00000	-1.00000
21788	Bishop	Willow_Pond	un	9685919	-0.04000	-1.00000	-1.00000	-0.00321	-1.00000	-1.00000	-0.01405	-1.00000	-1.00000	0.00034	-1.00000	-1.00000
21790	Bishop	Willow_Pond	un	9686760	0.27018	-1.00000	-1.00000	0.10984	-1.00000	-1.00000	0.09291	-1.00000	-1.00000	0.00064	-1.00000	-1.00000
21804	Bishop	Willow_Pond	un	9692437	0.06920	-1.00000	-1.00000	0.00850	-1.00000	-1.00000	-0.00168	-1.00000	-1.00000	0.00032	-1.00000	-1.00000
21806	Bishop	Willow_Pond	un	9693270	0.04009	-1.00000	-1.00000	0.01012	-1.00000	-1.00000	0.00469	-1.00000	-1.00000	0.00033	-1.00000	-1.00000
21824	Bishop	Willow_Pond	un	9698655	0.10345	-1.00000	-1.00000	0.01567	-1.00000	-1.00000	0.01567	-1.00000	-1.00000	0.00015	-1.00000	-1.00000
21829	Bishop	Willow_Pond	un	9700980	-0.02595	-1.00000	-1.00000	-0.00320	-1.00000	-1.00000	-0.00937	-1.00000	-1.00000	0.00034	-1.00000	-1.00000
21845	Bishop	Willow_Pond	un	9708458	-0.00489	-1.00000	-1.00000	-0.00018	-1.00000	-1.00000	0.01104	-1.00000	-1.00000	0.00020	-1.00000	-1.00000
21847	Bishop	Willow_Pond	un	9709255	0.00251	-1.00000	-1.00000	0.00009	-1.00000	-1.00000	-0.00000	-1.00000	-1.00000	0.00005	-1.00000	-1.00000
21854	Bishop	Willow_Pond	un	9711762	0.03448	-1.00000	-1.00000	0.00246	-1.00000	-1.00000	0.00246	-1.00000	-1.00000	0.00009	-1.00000	-1.00000
21855	Bishop	Willow_Pond	un	9712534	-0.04160	-1.00000	-1.00000	-0.00347	-1.00000	-1.00000	-0.00561	-1.00000	-1.00000	0.00032	-1.00000	-1.00000
21856	Bishop	Willow_Pond	un	9713327	-0.02245	-1.00000	-1.00000	-0.00238	-1.00000	-1.00000	-0.00238	-1.00000	-1.00000	0.00012	-1.00000	-1.00000
21859	Bishop	Willow_Pond	un	9715039	0.07875	-1.00000	-1.00000	0.00908	-1.00000	-1.00000	0.01894	-1.00000	-1.00000	0.00022	-1.00000	-1.00000
21860	Bishop	Willow_Pond	un	9715803	0.06407	-1.00000	-1.00000	0.00815	-1.00000	-1.00000	0.00881	-1.00000	-1.00000	0.00014	-1.00000	-1.00000
21869	Bishop	Willow_Pond	un	9719000	0.04267	-1.00000	-1.00000	0.04299	-1.00000	-1.00000	0.05283	-1.00000	-1.00000	0.00074	-1.00000	-1.00000
21871	Bishop	Willow_Pond	un	9720661	0.06470	-1.00000	-1.00000	0.00736	-1.00000	-1.00000	0.00760	-1.00000	-1.00000	0.00013	-1.00000	-1.00000
21874	Bishop	Willow_Pond	un	9722280	-0.00235	-1.00000	-1.00000	-0.00008	-1.00000	-1.00000	0.00008	-1.00000	-1.00000	0.00011	-1.00000	-1.00000
21879	Bishop	Willow_Pond	un	9723980	-0.03841	-1.00000	-1.00000	-0.00296	-1.00000	-1.00000	-0.00486	-1.00000	-1.00000	0.00031	-1.00000	-1.00000
21882	Bishop	Willow_Pond	un	9726486	0.00561	-1.00000	-1.00000	0.00021	-1.00000	-1.00000	0.02159	-1.00000	-1.00000	0.00021	-1.00000	-1.00000
21885	Bishop	Willow_Pond	un	9728014	0.02760	-1.00000	-1.00000	0.00210	-1.00000	-1.00000	0.00021	-1.00000	-1.00000	0.00016	-1.00000	-1.00000
21893	Bishop	Willow_Pond	un	9733723	0.96136	-1.00000	-1.00000	0.95654	-1.00000	-1.00000	0.95761	-1.00000	-1.00000	0.00118	-1.00000	-1.00000
21902	Bishop	Willow_Pond	un	9737600	0.07569	-1.00000	-1.00000	0.01821	-1.00000	-1.00000	0.03045	-1.00000	-1.00000	0.00032	-1.00000	-1.00000
21903	Bishop	Willow_Pond	un	9738397	0.20818	-1.00000	-1.00000	0.05720	-1.00000	-1.00000	0.06938	-1.00000	-1.00000	0.00049	-1.00000	-1.00000
21904	Bishop	Willow_Pond	un	9739158	0.03114	-1.00000	-1.00000	0.00229	-1.00000	-1.00000	0.00246	-1.00000	-1.00000	0.00008	-1.00000	-1.00000
21908	Bishop	Willow_Pond	un	9740814	0.00251	-1.00000	-1.00000	0.00009	-1.00000	-1.00000	-0.00000	-1.00000	-1.00000	0.00004	-1.00000	-1.00000
21911	Bishop	Willow_Pond	un	9741652	0.27793	-1.00000	-1.00000	0.23509	-1.00000	-1.00000	0.30737	-1.00000	-1.00000	0.00075	-1.00000	-1.00000
21912	Bishop	Willow_Pond	un	9742481	0.11111	-1.00000	-1.00000	0.01818	-1.00000	-1.00000	0.01289	-1.00000	-1.00000	0.00032	-1.00000	-1.00000
21927	Bishop	Willow_Pond	un	9748040	0.07407	-1.00000	-1.00000	0.00881	-1.00000	-1.00000	0.00881	-1.00000	-1.00000	0.00018	-1.00000	-1.00000
21955	Bishop	Willow_Pond	un	9757352	0.04820	-1.00000	-1.00000	0.00374	-1.00000	-1.00000	0.00332	-1.00000	-1.00000	0.00010	-1.00000	-1.00000
21966	Bishop	Willow_Pond	un	9762052	0.09834	-1.00000	-1.00000	0.01534	-1.00000	-1.00000	0.00883	-1.00000	-1.00000	0.00024	-1.00000	-1.00000
21977	Bishop	Willow_Pond	un	9768530	-0.01877	-1.00000	-1.00000	-0.00233	-1.00000	-1.00000	0.01881	-1.00000	-1.00000	0.00039	-1.00000	-1.00000
21986	Bishop	Willow_Pond	un	9773439	0.01791	-1.00000	-1.00000	0.01109	-1.00000	-1.00000	0.00466	-1.00000	-1.00000	0.00061	-1.00000	-1.00000
21998	Bishop	Willow_Pond	un	9778202	0.07875	-1.00000	-1.00000	0.00908	-1.00000	-1.00000	0.00881	-1.00000	-1.00000	0.00013	-1.00000	-1.00000
22010	Bishop	Willow_Pond	un	9782316	0.06470	-1.00000	-1.00000	0.00736	-1.00000	-1.00000	0.00760	-1.00000	-1.00000	0.00011	-1.00000	-1.00000
22019	Bishop	Willow_Pond	un	9786487	0.03448	-1.00000	-1.00000	0.00246	-1.00000	-1.00000	0.00246	-1.00000	-1.00000	0.00008	-1.00000	-1.00000
22031	Bishop	Willow_Pond	un	9792161	0.04067	-1.00000	-1.00000	0.00302	-1.00000	-1.00000	0.00284	-1.00000	-1.00000	0.00009	-1.00000	-1.00000
22039	Bishop	Willow_Pond	un	9795367	-0.03448	-1.00000	-1.00000	-0.00238	-1.00000	-1.00000	-0.00238	-1.00000	-1.00000	0.00008	-1.00000	-1.00000
22040	Bishop	Willow_Pond	un	9796188	0.24449	-1.00000	-1.00000	0.06949	-1.00000	-1.00000	0.15534	-1.00000	-1.00000	0.00057	-1.00000	-1.00000
22046	Bishop	Willow_Pond	un	9799286	0.00251	-1.00000	-1.00000	0.00009	-1.00000	-1.00000	-0.00000	-1.00000	-1.00000	0.00005	-1.00000	-1.00000
22060	Bishop	Willow_Pond	un	9805714	0.03448	-1.00000	-1.00000	0.00246	-1.00000	-1.00000	0.00246	-1.00000	-1.00000	0.00008	-1.00000	-1.00000
22070	Bishop	Willow_Pond	un	9810507	0.00951	-1.00000	-1.00000	0.00037	-1.00000	-1.00000	0.02512	-1.00000	-1.00000	0.00023	-1.00000	-1.00000
22071	Bishop	Willow_Pond	un	9811293	0.00251	-1.00000	-1.00000	0.00009	-1.00000	-1.00000	-0.00000	-1.00000	-1.00000	0.00005	-1.00000	-1.00000
22076	Bishop	Willow_Pond	un	9814502	-0.03841	-1.00000	-1.00000	-0.00296	-1.00000	-1.00000	-0.00486	-1.00000	-1.00000	0.00029	-1.00000	-1.00000
22084	Bishop	Willow_Pond	un	9817007	-0.00235	-1.00000	-1.00000	-0.00008	-1.00000	-1.00000	-0.00000	-1.00000	-1.00000	0.00004	-1.00000	-1.00000
22085	Bishop	Willow_Pond	un	9817857	0.00000	-1.00000	-1.00000	0.00000	-1.00000	-1.00000	-0.00502	-1.00000	-1.00000	0.00018	-1.00000	-1.00000
22087	Bishop	Willow_Pond	un	9818734	-0.00000	-1.00000	-1.00000	-0.00000	-1.00000	-1.00000	-0.00000	-1.00000	-1.00000	0.00004	-1.00000	-1.00000
22108	Bishop	Willow_Pond	un	9825717	0.04820	-1.00000	-1.00000	0.00374	-1.00000	-1.00000	0.01220	-1.00000	-1.00000	0.00019	-1.00000	-1.00000
22119	Bishop	Willow_Pond	un	9831487	0.03555	-1.00000	-1.00000	0.00306	-1.00000	-1.00000	-0.00925	-1.00000	-1.00000	0.00039	-1.00000	-1.00000
22122	Bishop	Willow_Pond	un	9832248	-0.01565	-1.00000	-1.00000	-0.00517	-1.00000	-1.00000	-0.00727	-1.00000	-1.00000	0.00035	-1.00000	-1.00000
22129	Bishop	Willow_Pond	un	9835596	0.00251	-1.00000	-1.00000	0.00009	-1.00000	-1.00000	-0.00000	-1.00000	-1.00000	0.00004	-1.00000	-1.00000
22145	Bishop	Willow_Pond	un	9842208	0.04067	-1.00000	-1.00000	0.00302	-1.00000	-1.00000	0.01050	-1.00000	-1.00000	0.00016	-1.00000	-1.00000
22151	Bishop	Willow_Pond	un	9845453	0.00290	-1.00000	-1.00000	0.00011	-1.00000	-1.00000	0.00589	-1.00000	-1.00000	0.00014	-1.00000	-1.00000
22153	Bishop	Willow_Pond	un	9847078	0.07407	-1.00000	-1.00000	0.00881	-1.00000	-1.00000	0.01894	-1.00000	-1.00000	0.00021	-1.00000	-1.00000
22154	Bishop	Willow_Pond	un	9847857	0.01658	-1.00000	-1.00000	0.01523	-1.00000	-1.00000	-0.00896	-1.00000	-1.00000	0.00088	-1.00000	-1.00000
22157	Bishop	Willow_Pond	un	9848576	0.00656	-1.00000	-1.00000	0.00026	-1.00000	-1.00000	0.02512	-1.00000	-1.00000	0.00021	-1.00000	-1.00000
22159	Bishop	Willow_Pond	un	9850252	0.00251	-1.00000	-1.00000	0.00009	-1.00000	-1.00000	-0.00000	-1.00000	-1.00000	0.00004	-1.00000	-1.00000
22160	Bishop	Willow_Pond	un	9851057	0.04820	-1.00000	-1.00000	0.00374	-1.00000	-1.00000	0.03064	-1.00000	-1.00000	0.00032	-1.00000	-1.00000
22167	Bishop	Willow_Pond	un	9853315	0.00290	-1.00000	-1.00000	0.00011	-1.00000	-1.00000	-0.00000	-1.00000	-1.00000	0.00005	-1.00000	-1.00000
22175	Bishop	Willow_Pond	un	9857413	0.06897	-1.00000	-1.00000	0.00760	-1.00000	-1.00000	0.00760	-1.00000	-1.00000	0.00013	-1.00000	-1.00000
22191	Bishop	Willow_Pond	un	9864462	-0.04160	-1.00000	-1.00000	-0.00347	-1.00000	-1.00000	-0.01045	-1.00000	-1.00000	0.00044	-1.00000	-1.00000
22202	Bishop	Willow_Pond	un	9868422	0.00561	-1.00000	-1.00000	0.00021	-1.00000	-1.00000	0.02159	-1.00000	-1.00000	0.00020	-1.00000	-1.00000
22204	Bishop	Willow_Pond	un	9870037	0.04067	-1.00000	-1.00000	0.00302	-1.00000	-1.00000	0.00284	-1.00000	-1.00000	0.00009	-1.00000	-1.00000
22216	Bishop	Willow_Pond	un	9875788	0.04420	-1.00000	-1.00000	0.00354	-1.00000	-1.00000	0.01220	-1.00000	-1.00000	0.00025	-1.00000	-1.00000
22227	Bishop	Willow_Pond	un	9878851	-0.03684	-1.00000	-1.00000	-0.00273	-1.00000	-1.00000	0.01433	-1.00000	-1.00000	0.00024	-1.00000	-1.00000
22230	Bishop	Willow_Pond	un	9880516	0.00340	-1.00000	-1.00000	0.00014	-1.00000	-1.00000	-0.00378	-1.00000	-1.00000	0.00033	-1.00000	-1.00000
22244	Bishop	Willow_Pond	un	9886119	-0.00235	-1.00000	-1.00000	-0.00008	-1.00000	-1.00000	-0.00000	-1.00000	-1.00000	0.00004	-1.00000	-1.00000
22245	Bishop	Willow_Pond	un	9886890	-0.00235	-1.00000	-1.00000	-0.00008	-1.00000	-1.00000	-0.00000	-1.00000	-1.00000	0.00004	-1.00000	-1.00000
22249	Bishop	Willow_Pond	un	9889332	0.00251	-1.00000	-1.00000	0.00009	-1.00000	-1.00000	0.00508	-1.00000	-1.00000	0.00012	-1.00000	-1.00000
22250	Bishop	Willow_Pond	un	9890194	0.21411	-1.00000	-1.00000	0.06834	-1.00000	-1.00000	0.06179	-1.00000	-1.00000	0.00048	-1.00000	-1.00000
22251	Bishop	Willow_Pond	un	9890910	0.00251	-1.00000	-1.00000	0.00009	-1.00000	-1.00000	-0.00000	-1.00000	-1.00000	0.00004	-1.00000	-1.00000
22254	Bishop	Willow_Pond	un	9892633	0.20386	-1.00000	-1.00000	0.15246	-1.00000	-1.00000	0.14559	-1.00000	-1.00000	0.00082	-1.00000	-1.00000
22260	Bishop	Willow_Pond	un	9894970	0.00251	-1.00000	-1.00000	0.00009	-1.00000	-1.00000	0.00508	-1.00000	-1.00000	0.00013	-1.00000	-1.00000
22267	Bishop	Willow_Pond	un	9896563	0.06897	-1.00000	-1.00000	0.00760	-1.00000	-1.00000	0.00760	-1.00000	-1.00000	0.00013	-1.00000	-1.00000
22273	Bishop	Willow_Pond	un	9900595	-0.00000	-1.00000	-1.00000	-0.00000	-1.00000	-1.00000	-0.01068	-1.00000	-1.00000	0.00031	-1.00000	-1.00000
22280	Bishop	Willow_Pond	un	9901433	0.62040	-1.00000	-1.00000	0.53084	-1.00000	-1.00000	0.51119	-1.00000	-1.00000	0.00085	-1.00000	-1.00000
22292	Bishop	Willow_Pond	un	9904717	0.00097	-1.00000	-1.00000	0.00086	-1.00000	-1.00000	0.00910	-1.00000	-1.00000	0.00070	-1.00000	-1.00000
22298	Bishop	Willow_Pond	un	9907214	-0.00000	-1.00000	-1.00000	-0.00000	-1.00000	-1.00000	-0.00000	-1.00000	-1.00000	0.00004	-1.00000	-1.00000
22301	Bishop	Willow_Pond	un	9908877	-0.01813	-1.00000	-1.00000	-0.00717	-1.00000	-1.00000	0.02534	-1.00000	-1.00000	0.00045	-1.00000	-1.00000
22305	Bishop	Willow_Pond	un	9909736	0.07875	-1.00000	-1.00000	0.00908	-1.00000	-1.00000	0.01894	-1.00000	-1.00000	0.00019	-1.00000	-1.00000
22308	Bishop	Willow_Pond	un	9911448	-0.00565	-1.00000	-1.00000	-0.00022	-1.00000	-1.00000	0.00508	-1.00000	-1.00000	0.00013	-1.00000	-1.00000
22311	Bishop	Willow_Pond	un	9912959	0.09054	-1.00000	-1.00000	0.01094	-1.00000	-1.00000	0.04304	-1.00000	-1.00000	0.00030	-1.00000	-1.00000
22319	Bishop	Willow_Pond	un	9915363	0.00000	-1.00000	-1.00000	0.00000	-1.00000	-1.00000	-0.00000	-1.00000	-1.00000	0.00004	-1.00000	-1.00000
22323	Bishop	Willow_Pond	un	9917118	0.06897	-1.00000	-1.00000	0.00760	-1.00000	-1.00000	0.00760	-1.00000	-1.00000	0.00012	-1.00000	-1.00000
22350	Bishop	Willow_Pond	un	9926576	0.04067	-1.00000	-1.00000	0.00302	-1.00000	-1.00000	0.01050	-1.00000	-1.00000	0.00018	-1.00000	-1.00000
22374	Bishop	Willow_Pond	un	9934898	0.04021	-1.00000	-1.00000	0.00783	-1.00000	-1.00000	0.00756	-1.00000	-1.00000	0.00019	-1.00000	-1.00000
22383	Bishop	Willow_Pond	un	9938997	0.27018	-1.00000	-1.00000	0.10984	-1.00000	-1.00000	0.07782	-1.00000	-1.00000	0.00064	-1.00000	-1.00000
22384	Bishop	Willow_Pond	un	9939771	-0.00000	-1.00000	-1.00000	-0.00000	-1.00000	-1.00000	-0.00000	-1.00000	-1.00000	0.00004	-1.00000	-1.00000
22387	Bishop	Willow_Pond	un	9942349	-0.00235	-1.00000	-1.00000	-0.00008	-1.00000	-1.00000	-0.00000	-1.00000	-1.00000	0.00004	-1.00000	-1.00000
22406	Bishop	Willow_Pond	un	9949839	-0.00000	-1.00000	-1.00000	-0.00000	-1.00000	-1.00000	-0.00000	-1.00000	-1.00000	0.00004	-1.00000	-1.00000
22423	Bishop	Willow_Pond	un	9956976	-0.00000	-1.00000	-1.00000	-0.00000	-1.00000	-1.00000	-0.01068	-1.00000	-1.00000	0.00031	-1.00000	-1.00000
22425	Bishop	Willow_Pond	un	9957823	0.03555	-1.00000	-1.00000	0.00306	-1.00000	-1.00000	-0.01045	-1.00000	-1.00000	0.00042	-1.00000	-1.00000
22429	Bishop	Willow_Pond	un	9960253	0.39707	-1.00000	-1.00000	0.28741	-1.00000	-1.00000	0.26462	-1.00000	-1.00000	0.00070	-1.00000	-1.00000
22442	Bishop	Willow_Pond	un	9965977	0.02760	-1.00000	-1.00000	0.00210	-1.00000	-1.00000	0.00883	-1.00000	-1.00000	0.00023	-1.00000	-1.00000
22445	Bishop	Willow_Pond	un	9968284	0.12643	-1.00000	-1.00000	0.02178	-1.00000	-1.00000	0.03023	-1.00000	-1.00000	0.00032	-1.00000	-1.00000
22447	Bishop	Willow_Pond	un	9969996	0.04820	-1.00000	-1.00000	0.00374	-1.00000	-1.00000	0.01220	-1.00000	-1.00000	0.00018	-1.00000	-1.00000
22457	Bishop	Willow_Pond	un	9974104	0.29856	-1.00000	-1.00000	0.11199	-1.00000	-1.00000	0.16077	-1.00000	-1.00000	0.00048	-1.00000	-1.00000
22461	Bishop	Willow_Pond	un	9975738	-0.03862	-1.00000	-1.00000	-0.01003	-1.00000	-1.00000	-0.00959	-1.00000	-1.00000	0.00045	-1.00000	-1.00000
22464	Bishop	Willow_Pond	un	9977222	0.08538	-1.00000	-1.00000	0.01066	-1.00000	-1.00000	0.02205	-1.00000	-1.00000	0.00022	-1.00000	-1.00000
22468	Bishop	Willow_Pond	un	9979730	0.34016	-1.00000	-1.00000	0.27401	-1.00000	-1.00000	0.28848	-1.00000	-1.00000	0.00070	-1.00000	-1.00000
22471	Bishop	Willow_Pond	un	9981289	0.04000	-1.00000	-1.00000	0.00332	-1.00000	-1.00000	0.00545	-1.00000	-1.00000	0.00032	-1.00000	-1.00000
22492	Bishop	Willow_Pond	un	9988484	0.00251	-1.00000	-1.00000	0.00009	-1.00000	-1.00000	0.00508	-1.00000	-1.00000	0.00015	-1.00000	-1.00000
22496	Bishop	Willow_Pond	un	9989945	0.00181	-1.00000	-1.00000	0.00026	-1.00000	-1.00000	0.00026	-1.00000	-1.00000	0.00016	-1.00000	-1.00000
22498	Bishop	Willow_Pond	un	9990754	-0.03970	-1.00000	-1.00000	-0.03791	-1.00000	-1.00000	-0.05798	-1.00000	-1.00000	0.00082	-1.00000	-1.00000
22525	Bishop	Willow_Pond	un	10001478	0.12643	-1.00000	-1.00000	0.02178	-1.00000	-1.00000	0.03023	-1.00000	-1.00000	0.00034	-1.00000	-1.00000
22536	Bishop	Willow_Pond	un	10006499	0.10345	-1.00000	-1.00000	0.01567	-1.00000	-1.00000	0.01567	-1.00000	-1.00000	0.00017	-1.00000	-1.00000
22559	Bishop	Willow_Pond	un	10015465	0.07037	-1.00000	-1.00000	0.02117	-1.00000	-1.00000	0.01889	-1.00000	-1.00000	0.00040	-1.00000	-1.00000
22576	Bishop	Willow_Pond	un	10023887	0.00951	-1.00000	-1.00000	0.00037	-1.00000	-1.00000	0.02512	-1.00000	-1.00000	0.00022	-1.00000	-1.00000
22582	Bishop	Willow_Pond	un	10025484	0.00290	-1.00000	-1.00000	0.00011	-1.00000	-1.00000	0.00088	-1.00000	-1.00000	0.00025	-1.00000	-1.00000
22584	Bishop	Willow_Pond	un	10026322	-0.00565	-1.00000	-1.00000	-0.00022	-1.00000	-1.00000	0.00778	-1.00000	-1.00000	0.00031	-1.00000	-1.00000
22588	Bishop	Willow_Pond	un	10027989	-0.02478	-1.00000	-1.00000	-0.01019	-1.00000	-1.00000	-0.00620	-1.00000	-1.00000	0.00048	-1.00000	-1.00000
22591	Bishop	Willow_Pond	un	10030489	0.00290	-1.00000	-1.00000	0.00011	-1.00000	-1.00000	-0.00518	-1.00000	-1.00000	0.00021	-1.00000	-1.00000
22595	Bishop	Willow_Pond	un	10032076	0.06920	-1.00000	-1.00000	0.00850	-1.00000	-1.00000	0.00881	-1.00000	-1.00000	0.00013	-1.00000	-1.00000
22625	Bishop	Willow_Pond	un	10047076	-0.00489	-1.00000	-1.00000	-0.00018	-1.00000	-1.00000	0.01104	-1.00000	-1.00000	0.00022	-1.00000	-1.00000
22627	Bishop	Willow_Pond	un	10048702	0.07875	-1.00000	-1.00000	0.00908	-1.00000	-1.00000	0.00881	-1.00000	-1.00000	0.00014	-1.00000	-1.00000
22629	Bishop	Willow_Pond	un	10050225	0.00561	-1.00000	-1.00000	0.00021	-1.00000	-1.00000	0.02159	-1.00000	-1.00000	0.00020	-1.00000	-1.00000
22631	Bishop	Willow_Pond	un	10051937	0.04838	-1.00000	-1.00000	0.00422	-1.00000	-1.00000	0.00323	-1.00000	-1.00000	0.00039	-1.00000	-1.00000
22632	Bishop	Willow_Pond	un	10052811	-0.03841	-1.00000	-1.00000	-0.00296	-1.00000	-1.00000	0.01378	-1.00000	-1.00000	0.00024	-1.00000	-1.00000
22633	Bishop	Willow_Pond	un	10053612	-0.02222	-1.00000	-1.00000	-0.00762	-1.00000	-1.00000	-0.01445	-1.00000	-1.00000	0.00045	-1.00000	-1.00000
22643	Bishop	Willow_Pond	un	10058533	0.01778	-1.00000	-1.00000	0.00557	-1.00000	-1.00000	-0.00655	-1.00000	-1.00000	0.00055	-1.00000	-1.00000
22646	Bishop	Willow_Pond	un	10060885	0.04067	-1.00000	-1.00000	0.00302	-1.00000	-1.00000	0.01050	-1.00000	-1.00000	0.00017	-1.00000	-1.00000
22647	Bishop	Willow_Pond	un	10061663	-0.00000	-1.00000	-1.00000	-0.00000	-1.00000	-1.00000	-0.01068	-1.00000	-1.00000	0.00031	-1.00000	-1.00000
22648	Bishop	Willow_Pond	un	10062498	0.10495	-1.00000	-1.00000	0.01335	-1.00000	-1.00000	0.05025	-1.00000	-1.00000	0.00030	-1.00000	-1.00000
22649	Bishop	Willow_Pond	un	10063335	0.07875	-1.00000	-1.00000	0.00908	-1.00000	-1.00000	0.01894	-1.00000	-1.00000	0.00021	-1.00000	-1.00000
22650	Bishop	Willow_Pond	un	10064126	0.05304	-1.00000	-1.00000	0.00446	-1.00000	-1.00000	0.00394	-1.00000	-1.00000	0.00010	-1.00000	-1.00000
22670	Bishop	Willow_Pond	un	10072152	0.11329	-1.00000	-1.00000	0.02085	-1.00000	-1.00000	0.00992	-1.00000	-1.00000	0.00045	-1.00000	-1.00000
22676	Bishop	Willow_Pond	un	10074451	0.57286	-1.00000	-1.00000	0.47699	-1.00000	-1.00000	0.44762	-1.00000	-1.00000	0.00090	-1.00000	-1.00000
22677	Bishop	Willow_Pond	un	10075222	0.03704	-1.00000	-1.00000	0.00284	-1.00000	-1.00000	0.00284	-1.00000	-1.00000	0.00009	-1.00000	-1.00000
22685	Bishop	Willow_Pond	un	10079242	-0.03704	-1.00000	-1.00000	-0.01216	-1.00000	-1.00000	-0.01790	-1.00000	-1.00000	0.00045	-1.00000	-1.00000
22697	Bishop	Willow_Pond	un	10083920	0.29630	-1.00000	-1.00000	0.12308	-1.00000	-1.00000	0.11732	-1.00000	-1.00000	0.00047	-1.00000	-1.00000
22699	Bishop	Willow_Pond	un	10084780	0.12375	-1.00000	-1.00000	0.04394	-1.00000	-1.00000	0.07863	-1.00000	-1.00000	0.00058	-1.00000	-1.00000
22701	Bishop	Willow_Pond	un	10086369	0.02912	-1.00000	-1.00000	0.00239	-1.00000	-1.00000	-0.00468	-1.00000	-1.00000	0.00033	-1.00000	-1.00000
22703	Bishop	Willow_Pond	un	10087839	0.46069	-1.00000	-1.00000	0.27518	-1.00000	-1.00000	0.32107	-1.00000	-1.00000	0.00063	-1.00000	-1.00000
22704	Bishop	Willow_Pond	un	10088681	0.31382	-1.00000	-1.00000	0.15465	-1.00000	-1.00000	0.14646	-1.00000	-1.00000	0.00058	-1.00000	-1.00000
22715	Bishop	Willow_Pond	un	10095038	0.72500	-1.00000	-1.00000	0.73043	-1.00000	-1.00000	0.71368	-1.00000	-1.00000	0.00103	-1.00000	-1.00000
22717	Bishop	Willow_Pond	un	10095846	-0.03567	-1.00000	-1.00000	-0.00255	-1.00000	-1.00000	0.00018	-1.00000	-1.00000	0.00016	-1.00000	-1.00000
22739	Bishop	Willow_Pond	un	10107200	0.10345	-1.00000	-1.00000	0.01567	-1.00000	-1.00000	0.01567	-1.00000	-1.00000	0.00017	-1.00000	-1.00000
22747	Bishop	Willow_Pond	un	10110527	0.02912	-1.00000	-1.00000	0.00239	-1.00000	-1.00000	0.00518	-1.00000	-1.00000	0.00053	-1.00000	-1.00000
22776	Bishop	Willow_Pond	un	10124069	0.03320	-1.00000	-1.00000	0.00263	-1.00000	-1.00000	0.01050	-1.00000	-1.00000	0.00017	-1.00000	-1.00000
22777	Bishop	Willow_Pond	un	10124844	0.28945	-1.00000	-1.00000	0.11138	-1.00000	-1.00000	0.12556	-1.00000	-1.00000	0.00058	-1.00000	-1.00000
22782	Bishop	Willow_Pond	un	10127916	-0.03927	-1.00000	-1.00000	-0.03060	-1.00000	-1.00000	-0.05035	-1.00000	-1.00000	0.00079	-1.00000	-1.00000
22785	Bishop	Willow_Pond	un	10129526	-0.03166	-1.00000	-1.00000	-0.03059	-1.00000	-1.00000	0.02811	-1.00000	-1.00000	0.00074	-1.00000	-1.00000
22789	Bishop	Willow_Pond	un	10132640	0.00251	-1.00000	-1.00000	0.00009	-1.00000	-1.00000	-0.00000	-1.00000	-1.00000	0.00005	-1.00000	-1.00000
22797	Bishop	Willow_Pond	un	10136116	-0.03448	-1.00000	-1.00000	-0.01047	-1.00000	-1.00000	-0.01047	-1.00000	-1.00000	0.00028	-1.00000	-1.00000
22807	Bishop	Willow_Pond	un	10140791	-0.00000	-1.00000	-1.00000	-0.00000	-1.00000	-1.00000	-0.00000	-1.00000	-1.00000	0.00005	-1.00000	-1.00000
22816	Bishop	Willow_Pond	un	10143171	-0.03567	-1.00000	-1.00000	-0.00255	-1.00000	-1.00000	0.00018	-1.00000	-1.00000	0.00016	-1.00000	-1.00000
22824	Bishop	Willow_Pond	un	10145657	-0.03581	-1.00000	-1.00000	-0.00794	-1.00000	-1.00000	-0.01299	-1.00000	-1.00000	0.00042	-1.00000	-1.00000
22857	Bishop	Willow_Pond	un	10162410	0.04923	-1.00000	-1.00000	0.01134	-1.00000	-1.00000	-0.00021	-1.00000	-1.00000	0.00049	-1.00000	-1.00000
22859	Bishop	Willow_Pond	un	10164020	0.62040	-1.00000	-1.00000	0.53084	-1.00000	-1.00000	0.51119	-1.00000	-1.00000	0.00090	-1.00000	-1.00000
22862	Bishop	Willow_Pond	un	10165590	-0.02569	-1.00000	-1.00000	-0.00281	-1.00000	-1.00000	-0.00274	-1.00000	-1.00000	0.00011	-1.00000	-1.00000
22866	Bishop	Willow_Pond	un	10167902	0.31504	-1.00000	-1.00000	0.13293	-1.00000	-1.00000	0.13900	-1.00000	-1.00000	0.00067	-1.00000	-1.00000
22868	Bishop	Willow_Pond	un	10169461	0.05748	-1.00000	-1.00000	0.00467	-1.00000	-1.00000	0.03571	-1.00000	-1.00000	0.00024	-1.00000	-1.00000
22871	Bishop	Willow_Pond	un	10171137	-0.00000	-1.00000	-1.00000	-0.00000	-1.00000	-1.00000	-0.00000	-1.00000	-1.00000	0.00005	-1.00000	-1.00000
22874	Bishop	Willow_Pond	un	10171832	0.05748	-1.00000	-1.00000	0.00467	-1.00000	-1.00000	0.03571	-1.00000	-1.00000	0.00027	-1.00000	-1.00000
22881	Bishop	Willow_Pond	un	10175889	-0.00315	-1.00000	-1.00000	-0.00013	-1.00000	-1.00000	0.03366	-1.00000	-1.00000	0.00029	-1.00000	-1.00000
22883	Bishop	Willow_Pond	un	10176691	-0.04160	-1.00000	-1.00000	-0.00347	-1.00000	-1.00000	-0.00987	-1.00000	-1.00000	0.00025	-1.00000	-1.00000
22894	Bishop	Willow_Pond	un	10179136	0.03555	-1.00000	-1.00000	0.00306	-1.00000	-1.00000	0.00362	-1.00000	-1.00000	0.00032	-1.00000	-1.00000
22906	Bishop	Willow_Pond	un	10186343	-0.02913	-1.00000	-1.00000	-0.00330	-1.00000	-1.00000	0.00934	-1.00000	-1.00000	0.00029	-1.00000	-1.00000
22908	Bishop	Willow_Pond	un	10187100	-0.03352	-1.00000	-1.00000	-0.01206	-1.00000	-1.00000	-0.01068	-1.00000	-1.00000	0.00035	-1.00000	-1.00000
22913	Bishop	Willow_Pond	un	10189652	-0.00000	-1.00000	-1.00000	-0.00000	-1.00000	-1.00000	-0.00000	-1.00000	-1.00000	0.00005	-1.00000	-1.00000
22914	Bishop	Willow_Pond	un	10190310	0.03704	-1.00000	-1.00000	0.00284	-1.00000	-1.00000	-0.00227	-1.00000	-1.00000	0.00023	-1.00000	-1.00000
22915	Bishop	Willow_Pond	un	10191134	0.03672	-1.00000	-1.00000	0.00802	-1.00000	-1.00000	0.04129	-1.00000	-1.00000	0.00037	-1.00000	-1.00000
22916	Bishop	Willow_Pond	un	10191922	-0.02220	-1.00000	-1.00000	-0.00438	-1.00000	-1.00000	0.01976	-1.00000	-1.00000	0.00034	-1.00000	-1.00000
22921	Bishop	Willow_Pond	un	10195234	0.15194	-1.00000	-1.00000	0.03970	-1.00000	-1.00000	0.04330	-1.00000	-1.00000	0.00049	-1.00000	-1.00000
22930	Bishop	Willow_Pond	un	10197704	0.55081	-1.00000	-1.00000	0.55972	-1.00000	-1.00000	0.56899	-1.00000	-1.00000	0.00090	-1.00000	-1.00000
22933	Bishop	Willow_Pond	un	10199301	0.18023	-1.00000	-1.00000	0.07264	-1.00000	-1.00000	0.05993	-1.00000	-1.00000	0.00063	-1.00000	-1.00000
22934	Bishop	Willow_Pond	un	10200038	0.03114	-1.00000	-1.00000	0.00229	-1.00000	-1.00000	0.00018	-1.00000	-1.00000	0.00015	-1.00000	-1.00000
22941	Bishop	Willow_Pond	un	10203246	0.00251	-1.00000	-1.00000	0.00009	-1.00000	-1.00000	0.00508	-1.00000	-1.00000	0.00012	-1.00000	-1.00000
22945	Bishop	Willow_Pond	un	10205682	-0.02770	-1.00000	-1.00000	-0.01001	-1.00000	-1.00000	-0.00403	-1.00000	-1.00000	0.00040	-1.00000	-1.00000
22955	Bishop	Willow_Pond	un	10208803	-0.03286	-1.00000	-1.00000	-0.01544	-1.00000	-1.00000	-0.02153	-1.00000	-1.00000	0.00054	-1.00000	-1.00000
22962	Bishop	Willow_Pond	un	10211797	0.13538	-1.00000	-1.00000	0.04649	-1.00000	-1.00000	0.05112	-1.00000	-1.00000	0.00071	-1.00000	-1.00000
22968	Bishop	Willow_Pond	un	10214770	0.33518	-1.00000	-1.00000	0.13430	-1.00000	-1.00000	0.22408	-1.00000	-1.00000	0.00065	-1.00000	-1.00000
22969	Bishop	Willow_Pond	un	10215486	-0.00000	-1.00000	-1.00000	-0.00000	-1.00000	-1.00000	-0.01068	-1.00000	-1.00000	0.00032	-1.00000	-1.00000
22972	Bishop	Willow_Pond	un	10217088	-0.00235	-1.00000	-1.00000	-0.00008	-1.00000	-1.00000	-0.00000	-1.00000	-1.00000	0.00004	-1.00000	-1.00000
22988	Bishop	Willow_Pond	un	10220323	-0.00341	-1.00000	-1.00000	-0.00055	-1.00000	-1.00000	-0.00787	-1.00000	-1.00000	0.00036	-1.00000	-1.00000
23003	Bishop	Willow_Pond	un	10225178	-0.02245	-1.00000	-1.00000	-0.00238	-1.00000	-1.00000	-0.00238	-1.00000	-1.00000	0.00010	-1.00000	-1.00000
23004	Bishop	Willow_Pond	un	10226095	0.03320	-1.00000	-1.00000	0.00263	-1.00000	-1.00000	-0.00486	-1.00000	-1.00000	0.00029	-1.00000	-1.00000
23005	Bishop	Willow_Pond	un	10226917	0.12643	-1.00000	-1.00000	0.02178	-1.00000	-1.00000	0.05900	-1.00000	-1.00000	0.00033	-1.00000	-1.00000
23009	Bishop	Willow_Pond	un	10230232	-0.00000	-1.00000	-1.00000	-0.00000	-1.00000	-1.00000	-0.00050	-1.00000	-1.00000	0.00028	-1.00000	-1.00000
23010	Bishop	Willow_Pond	un	10231018	0.03114	-1.00000	-1.00000	0.00229	-1.00000	-1.00000	0.00018	-1.00000	-1.00000	0.00017	-1.00000	-1.00000
23012	Bishop	Willow_Pond	un	10232643	0.11111	-1.00000	-1.00000	0.01818	-1.00000	-1.00000	0.01818	-1.00000	-1.00000	0.00018	-1.00000	-1.00000
23027	Bishop	Willow_Pond	un	10240434	0.43428	-1.00000	-1.00000	0.27737	-1.00000	-1.00000	0.27020	-1.00000	-1.00000	0.00074	-1.00000	-1.00000
23033	Bishop	Willow_Pond	un	10244379	0.00561	-1.00000	-1.00000	0.00021	-1.00000	-1.00000	-0.00000	-1.00000	-1.00000	0.00005	-1.00000	-1.00000
23048	Bishop	Willow_Pond	un	10251737	0.68043	-1.00000	-1.00000	0.56715	-1.00000	-1.00000	0.57806	-1.00000	-1.00000	0.00082	-1.00000	-1.00000
23055	Bishop	Willow_Pond	un	10255603	-0.03684	-1.00000	-1.00000	-0.00273	-1.00000	-1.00000	0.01433	-1.00000	-1.00000	0.00024	-1.00000	-1.00000
23063	Bishop	Willow_Pond	un	10258857	-0.02245	-1.00000	-1.00000	-0.00238	-1.00000	-1.00000	-0.00238	-1.00000	-1.00000	0.00013	-1.00000	-1.00000
23065	Bishop	Willow_Pond	un	10260340	0.19970	-1.00000	-1.00000	0.05872	-1.00000	-1.00000	0.04666	-1.00000	-1.00000	0.00036	-1.00000	-1.00000
23079	Bishop	Willow_Pond	un	10265788	-0.01798	-1.00000	-1.00000	-0.00206	-1.00000	-1.00000	0.02071	-1.00000	-1.00000	0.00027	-1.00000	-1.00000
23084	Bishop	Willow_Pond	un	10267424	-0.00176	-1.00000	-1.00000	-0.00059	-1.00000	-1.00000	0.03000	-1.00000	-1.00000	0.00044	-1.00000	-1.00000
23088	Bishop	Willow_Pond	un	10270088	0.15062	-1.00000	-1.00000	0.08963	-1.00000	-1.00000	0.13000	-1.00000	-1.00000	0.00068	-1.00000	-1.00000
23091	Bishop	Willow_Pond	un	10270877	0.03114	-1.00000	-1.00000	0.00229	-1.00000	-1.00000	0.00246	-1.00000	-1.00000	0.00008	-1.00000	-1.00000
23107	Bishop	Willow_Pond	un	10277133	-0.00315	-1.00000	-1.00000	-0.00013	-1.00000	-1.00000	-0.00207	-1.00000	-1.00000	0.00028	-1.00000	-1.00000
23108	Bishop	Willow_Pond	un	10277935	0.37746	-1.00000	-1.00000	0.23761	-1.00000	-1.00000	0.27693	-1.00000	-1.00000	0.00067	-1.00000	-1.00000
23114	Bishop	Willow_Pond	un	10280258	-0.04160	-1.00000	-1.00000	-0.00347	-1.00000	-1.00000	-0.01045	-1.00000	-1.00000	0.00043	-1.00000	-1.00000
23118	Bishop	Willow_Pond	un	10283443	0.00251	-1.00000	-1.00000	0.00009	-1.00000	-1.00000	0.00508	-1.00000	-1.00000	0.00012	-1.00000	-1.00000
23125	Bishop	Willow_Pond	un	10285797	0.03704	-1.00000	-1.00000	0.00284	-1.00000	-1.00000	0.01050	-1.00000	-1.00000	0.00017	-1.00000	-1.00000
23127	Bishop	Willow_Pond	un	10287502	0.16653	-1.00000	-1.00000	0.08206	-1.00000	-1.00000	0.12408	-1.00000	-1.00000	0.00060	-1.00000	-1.00000
23132	Bishop	Willow_Pond	un	10289988	0.20341	-1.00000	-1.00000	0.07732	-1.00000	-1.00000	0.12757	-1.00000	-1.00000	0.00048	-1.00000	-1.00000
23139	Bishop	Willow_Pond	un	10292977	-0.03448	-1.00000	-1.00000	-0.00238	-1.00000	-1.00000	-0.00238	-1.00000	-1.00000	0.00008	-1.00000	-1.00000
23156	Bishop	Willow_Pond	un	10298334	0.04067	-1.00000	-1.00000	0.00302	-1.00000	-1.00000	0.01050	-1.00000	-1.00000	0.00016	-1.00000	-1.00000
23160	Bishop	Willow_Pond	un	10299150	-0.02245	-1.00000	-1.00000	-0.00238	-1.00000	-1.00000	-0.00238	-1.00000	-1.00000	0.00012	-1.00000	-1.00000
23167	Bishop	Willow_Pond	un	10303972	0.10124	-1.00000	-1.00000	0.02797	-1.00000	-1.00000	0.06509	-1.00000	-1.00000	0.00053	-1.00000	-1.00000
23172	Bishop	Willow_Pond	un	10305585	0.07875	-1.00000	-1.00000	0.00908	-1.00000	-1.00000	0.01894	-1.00000	-1.00000	0.00021	-1.00000	-1.00000
23173	Bishop	Willow_Pond	un	10306386	0.00951	-1.00000	-1.00000	0.00037	-1.00000	-1.00000	0.05121	-1.00000	-1.00000	0.00027	-1.00000	-1.00000
23177	Bishop	Willow_Pond	un	10308900	-0.00000	-1.00000	-1.00000	-0.00000	-1.00000	-1.00000	-0.00000	-1.00000	-1.00000	0.00004	-1.00000	-1.00000
23180	Bishop	Willow_Pond	un	10310468	0.06024	-1.00000	-1.00000	0.00707	-1.00000	-1.00000	0.00934	-1.00000	-1.00000	0.00027	-1.00000	-1.00000
23186	Bishop	Willow_Pond	un	10312831	-0.03770	-1.00000	-1.00000	-0.02034	-1.00000	-1.00000	-0.02154	-1.00000	-1.00000	0.00061	-1.00000	-1.00000
23193	Bishop	Willow_Pond	un	10316084	0.02920	-1.00000	-1.00000	0.02431	-1.00000	-1.00000	0.05982	-1.00000	-1.00000	0.00065	-1.00000	-1.00000
23203	Bishop	Willow_Pond	un	10320248	-0.03795	-1.00000	-1.00000	-0.00293	-1.00000	-1.00000	0.04194	-1.00000	-1.00000	0.00034	-1.00000	-1.00000
23210	Bishop	Willow_Pond	un	10324251	0.02382	-1.00000	-1.00000	0.00187	-1.00000	-1.00000	0.01069	-1.00000	-1.00000	0.00024	-1.00000	-1.00000
23214	Bishop	Willow_Pond	un	10326606	0.00340	-1.00000	-1.00000	0.00014	-1.00000	-1.00000	-0.00378	-1.00000	-1.00000	0.00040	-1.00000	-1.00000
23222	Bishop	Willow_Pond	un	10330565	0.00000	-1.00000	-1.00000	0.00000	-1.00000	-1.00000	-0.00683	-1.00000	-1.00000	0.00039	-1.00000	-1.00000
23242	Bishop	Willow_Pond	un	10340261	0.00290	-1.00000	-1.00000	0.00011	-1.00000	-1.00000	0.00088	-1.00000	-1.00000	0.00027	-1.00000	-1.00000
23244	Bishop	Willow_Pond	un	10341832	0.23364	-1.00000	-1.00000	0.08013	-1.00000	-1.00000	0.08069	-1.00000	-1.00000	0.00032	-1.00000	-1.00000
23250	Bishop	Willow_Pond	un	10345088	0.03448	-1.00000	-1.00000	0.00246	-1.00000	-1.00000	0.00246	-1.00000	-1.00000	0.00008	-1.00000	-1.00000
23264	Bishop	Willow_Pond	un	10351790	0.03704	-1.00000	-1.00000	0.00284	-1.00000	-1.00000	0.00284	-1.00000	-1.00000	0.00010	-1.00000	-1.00000
23265	Bishop	Willow_Pond	un	10352485	-0.03684	-1.00000	-1.00000	-0.00273	-1.00000	-1.00000	0.01433	-1.00000	-1.00000	0.00027	-1.00000	-1.00000
23267	Bishop	Willow_Pond	un	10354002	0.04947	-1.00000	-1.00000	0.04743	-1.00000	-1.00000	0.08768	-1.00000	-1.00000	0.00074	-1.00000	-1.00000
23271	Bishop	Willow_Pond	un	10356559	0.00251	-1.00000	-1.00000	0.00009	-1.00000	-1.00000	-0.00000	-1.00000	-1.00000	0.00004	-1.00000	-1.00000
23274	Bishop	Willow_Pond	un	10358006	0.57018	-1.00000	-1.00000	0.43353	-1.00000	-1.00000	0.42733	-1.00000	-1.00000	0.00073	-1.00000	-1.00000
23291	Bishop	Willow_Pond	un	10364975	0.24449	-1.00000	-1.00000	0.06949	-1.00000	-1.00000	0.15534	-1.00000	-1.00000	0.00049	-1.00000	-1.00000
23292	Bishop	Willow_Pond	un	10365793	0.01411	-1.00000	-1.00000	0.00223	-1.00000	-1.00000	0.01115	-1.00000	-1.00000	0.00028	-1.00000	-1.00000
23293	Bishop	Willow_Pond	un	10366522	0.27098	-1.00000	-1.00000	0.09781	-1.00000	-1.00000	0.10444	-1.00000	-1.00000	0.00062	-1.00000	-1.00000
23294	Bishop	Willow_Pond	un	10367296	0.15460	-1.00000	-1.00000	0.03162	-1.00000	-1.00000	0.03120	-1.00000	-1.00000	0.00022	-1.00000	-1.00000
23299	Bishop	Willow_Pond	un	10368880	0.37746	-1.00000	-1.00000	0.23761	-1.00000	-1.00000	0.27693	-1.00000	-1.00000	0.00071	-1.00000	-1.00000
23304	Bishop	Willow_Pond	un	10370467	0.07875	-1.00000	-1.00000	0.00908	-1.00000	-1.00000	0.01894	-1.00000	-1.00000	0.00020	-1.00000	-1.00000
23311	Bishop	Willow_Pond	un	10372000	-0.03975	-1.00000	-1.00000	-0.00319	-1.00000	-1.00000	0.01151	-1.00000	-1.00000	0.00034	-1.00000	-1.00000
23312	Bishop	Willow_Pond	un	10372863	0.03448	-1.00000	-1.00000	0.00246	-1.00000	-1.00000	0.00246	-1.00000	-1.00000	0.00009	-1.00000	-1.00000
23319	Bishop	Willow_Pond	un	10375227	0.11111	-1.00000	-1.00000	0.01818	-1.00000	-1.00000	0.01289	-1.00000	-1.00000	0.00031	-1.00000	-1.00000
23325	Bishop	Willow_Pond	un	10376539	0.00000	-1.00000	-1.00000	0.00000	-1.00000	-1.00000	-0.00683	-1.00000	-1.00000	0.00039	-1.00000	-1.00000
23338	Bishop	Willow_Pond	un	10382857	-0.00295	-1.00000	-1.00000	-0.00044	-1.00000	-1.00000	-0.00227	-1.00000	-1.00000	0.00023	-1.00000	-1.00000
23346	Bishop	Willow_Pond	un	10386004	-0.04348	-1.00000	-1.00000	-0.00379	-1.00000	-1.00000	-0.02077	-1.00000	-1.00000	0.00041	-1.00000	-1.00000
23347	Bishop	Willow_Pond	un	10386912	0.06752	-1.00000	-1.00000	0.04364	-1.00000	-1.00000	0.03632	-1.00000	-1.00000	0.00051	-1.00000	-1.00000
23355	Bishop	Willow_Pond	un	10389422	0.03114	-1.00000	-1.00000	0.00229	-1.00000	-1.00000	0.00246	-1.00000	-1.00000	0.00009	-1.00000	-1.00000
23362	Bishop	Willow_Pond	un	10393572	0.04820	-1.00000	-1.00000	0.00374	-1.00000	-1.00000	0.01220	-1.00000	-1.00000	0.00017	-1.00000	-1.00000
23370	Bishop	Willow_Pond	un	10397790	-0.04000	-1.00000	-1.00000	-0.00321	-1.00000	-1.00000	-0.01405	-1.00000	-1.00000	0.00032	-1.00000	-1.00000
23374	Bishop	Willow_Pond	un	10399490	0.03448	-1.00000	-1.00000	0.00246	-1.00000	-1.00000	0.00246	-1.00000	-1.00000	0.00008	-1.00000	-1.00000
23383	Bishop	Willow_Pond	un	10403495	-0.00767	-1.00000	-1.00000	-0.00029	-1.00000	-1.00000	0.01323	-1.00000	-1.00000	0.00020	-1.00000	-1.00000
23384	Bishop	Willow_Pond	un	10404374	-0.01877	-1.00000	-1.00000	-0.00233	-1.00000	-1.00000	0.01881	-1.00000	-1.00000	0.00041	-1.00000	-1.00000
23401	Bishop	Willow_Pond	un	10408314	0.04000	-1.00000	-1.00000	0.00332	-1.00000	-1.00000	-0.00260	-1.00000	-1.00000	0.00026	-1.00000	-1.00000
23406	Bishop	Willow_Pond	un	10410722	0.00340	-1.00000	-1.00000	0.00014	-1.00000	-1.00000	0.01768	-1.00000	-1.00000	0.00031	-1.00000	-1.00000
23426	Bishop	Willow_Pond	un	10418633	-0.00270	-1.00000	-1.00000	-0.00010	-1.00000	-1.00000	-0.00558	-1.00000	-1.00000	0.00019	-1.00000	-1.00000
23430	Bishop	Willow_Pond	un	10421094	-0.03391	-1.00000	-1.00000	-0.02555	-1.00000	-1.00000	-0.02390	-1.00000	-1.00000	0.00057	-1.00000	-1.00000
23433	Bishop	Willow_Pond	un	10423687	0.00290	-1.00000	-1.00000	0.00011	-1.00000	-1.00000	0.02159	-1.00000	-1.00000	0.00021	-1.00000	-1.00000
23439	Bishop	Willow_Pond	un	10425943	0.71698	-1.00000	-1.00000	0.72133	-1.00000	-1.00000	0.72288	-1.00000	-1.00000	0.00101	-1.00000	-1.00000
23447	Bishop	Willow_Pond	un	10430670	0.12649	-1.00000	-1.00000	0.05912	-1.00000	-1.00000	0.05959	-1.00000	-1.00000	0.00041	-1.00000	-1.00000
23461	Bishop	Willow_Pond	un	10436889	0.11111	-1.00000	-1.00000	0.01818	-1.00000	-1.00000	0.01818	-1.00000	-1.00000	0.00019	-1.00000	-1.00000
23467	Bishop	Willow_Pond	un	10439351	-0.00052	-1.00000	-1.00000	-0.00016	-1.00000	-1.00000	0.00117	-1.00000	-1.00000	0.00052	-1.00000	-1.00000
23469	Bishop	Willow_Pond	un	10441057	0.00000	-1.00000	-1.00000	0.00000	-1.00000	-1.00000	-0.01241	-1.00000	-1.00000	0.00034	-1.00000	-1.00000
23470	Bishop	Willow_Pond	un	10441867	0.00000	-1.00000	-1.00000	0.00000	-1.00000	-1.00000	-0.00683	-1.00000	-1.00000	0.00039	-1.00000	-1.00000
23481	Bishop	Willow_Pond	un	10446859	0.08696	-1.00000	-1.00000	0.01227	-1.00000	-1.00000	0.01026	-1.00000	-1.00000	0.00046	-1.00000	-1.00000
23484	Bishop	Willow_Pond	un	10449293	-0.03342	-1.00000	-1.00000	-0.01030	-1.00000	-1.00000	-0.01660	-1.00000	-1.00000	0.00048	-1.00000	-1.00000
23490	Bishop	Willow_Pond	un	10453111	0.02439	-1.00000	-1.00000	0.01786	-1.00000	-1.00000	-0.00511	-1.00000	-1.00000	0.00081	-1.00000	-1.00000
23492	Bishop	Willow_Pond	un	10453844	0.04838	-1.00000	-1.00000	0.00422	-1.00000	-1.00000	0.02781	-1.00000	-1.00000	0.00037	-1.00000	-1.00000
23506	Bishop	Willow_Pond	un	10459408	0.03704	-1.00000	-1.00000	0.00284	-1.00000	-1.00000	0.00284	-1.00000	-1.00000	0.00008	-1.00000	-1.00000
23509	Bishop	Willow_Pond	un	10461093	-0.03841	-1.00000	-1.00000	-0.00296	-1.00000	-1.00000	0.01378	-1.00000	-1.00000	0.00025	-1.00000	-1.00000
23518	Bishop	Willow_Pond	un	10464160	0.61801	-1.00000	-1.00000	0.53230	-1.00000	-1.00000	0.57868	-1.00000	-1.00000	0.00081	-1.00000	-1.00000
23522	Bishop	Willow_Pond	un	10465873	0.15749	-1.00000	-1.00000	0.10648	-1.00000	-1.00000	0.15369	-1.00000	-1.00000	0.00061	-1.00000	-1.00000
23525	Bishop	Willow_Pond	un	10467551	0.25744	-1.00000	-1.00000	0.08247	-1.00000	-1.00000	0.08124	-1.00000	-1.00000	0.00033	-1.00000	-1.00000
23526	Bishop	Willow_Pond	un	10468372	-0.02330	-1.00000	-1.00000	-0.00301	-1.00000	-1.00000	-0.01448	-1.00000	-1.00000	0.00039	-1.00000	-1.00000
23530	Bishop	Willow_Pond	un	10470812	0.07191	-1.00000	-1.00000	0.06133	-1.00000	-1.00000	0.04564	-1.00000	-1.00000	0.00075	-1.00000	-1.00000
23541	Bishop	Willow_Pond	un	10475708	0.03448	-1.00000	-1.00000	0.00246	-1.00000	-1.00000	0.00246	-1.00000	-1.00000	0.00009	-1.00000	-1.00000
23548	Bishop	Willow_Pond	un	10479647	0.04000	-1.00000	-1.00000	0.00332	-1.00000	-1.00000	0.00545	-1.00000	-1.00000	0.00031	-1.00000	-1.00000
23549	Bishop	Willow_Pond	un	10480436	-0.00000	-1.00000	-1.00000	-0.00000	-1.00000	-1.00000	-0.00000	-1.00000	-1.00000	0.00004	-1.00000	-1.00000
23551	Bishop	Willow_Pond	un	10482073	0.56000	-1.00000	-1.00000	0.43299	-1.00000	-1.00000	0.41261	-1.00000	-1.00000	0.00080	-1.00000	-1.00000
23555	Bishop	Willow_Pond	un	10483684	0.43227	-1.00000	-1.00000	0.36194	-1.00000	-1.00000	0.34962	-1.00000	-1.00000	0.00081	-1.00000	-1.00000
23557	Bishop	Willow_Pond	un	10484514	0.17448	-1.00000	-1.00000	0.03767	-1.00000	-1.00000	0.07867	-1.00000	-1.00000	0.00038	-1.00000	-1.00000
23566	Bishop	Willow_Pond	un	10488623	0.09613	-1.00000	-1.00000	0.02640	-1.00000	-1.00000	0.02640	-1.00000	-1.00000	0.00028	-1.00000	-1.00000
23569	Bishop	Willow_Pond	un	10491097	-0.03041	-1.00000	-1.00000	-0.00573	-1.00000	-1.00000	-0.00566	-1.00000	-1.00000	0.00018	-1.00000	-1.00000
23574	Bishop	Willow_Pond	un	10494259	0.00251	-1.00000	-1.00000	0.00009	-1.00000	-1.00000	0.00508	-1.00000	-1.00000	0.00013	-1.00000	-1.00000
23577	Bishop	Willow_Pond	un	10495901	0.19057	-1.00000	-1.00000	0.04497	-1.00000	-1.00000	0.12678	-1.00000	-1.00000	0.00046	-1.00000	-1.00000
23579	Bishop	Willow_Pond	un	10497537	-0.03841	-1.00000	-1.00000	-0.00296	-1.00000	-1.00000	-0.00486	-1.00000	-1.00000	0.00030	-1.00000	-1.00000
23580	Bishop	Willow_Pond	un	10498342	0.00561	-1.00000	-1.00000	0.00021	-1.00000	-1.00000	0.02159	-1.00000	-1.00000	0.00020	-1.00000	-1.00000
23583	Bishop	Willow_Pond	un	10500964	0.05304	-1.00000	-1.00000	0.00446	-1.00000	-1.00000	0.01434	-1.00000	-1.00000	0.00019	-1.00000	-1.00000
23586	Bishop	Willow_Pond	un	10502649	0.05980	-1.00000	-1.00000	0.01533	-1.00000	-1.00000	0.00281	-1.00000	-1.00000	0.00044	-1.00000	-1.00000
23587	Bishop	Willow_Pond	un	10503442	-0.03816	-1.00000	-1.00000	-0.00949	-1.00000	-1.00000	-0.01542	-1.00000	-1.00000	0.00035	-1.00000	-1.00000
23596	Bishop	Willow_Pond	un	10506603	0.00251	-1.00000	-1.00000	0.00009	-1.00000	-1.00000	-0.00000	-1.00000	-1.00000	0.00004	-1.00000	-1.00000
23598	Bishop	Willow_Pond	un	10508162	0.00290	-1.00000	-1.00000	0.00054	-1.00000	-1.00000	0.00276	-1.00000	-1.00000	0.00041	-1.00000	-1.00000
23605	Bishop	Willow_Pond	un	10512037	0.08000	-1.00000	-1.00000	0.01033	-1.00000	-1.00000	-0.00142	-1.00000	-1.00000	0.00031	-1.00000	-1.00000
23619	Bishop	Willow_Pond	un	10516671	0.00290	-1.00000	-1.00000	0.00011	-1.00000	-1.00000	-0.00518	-1.00000	-1.00000	0.00020	-1.00000	-1.00000
23621	Bishop	Willow_Pond	un	10518318	-0.04160	-1.00000	-1.00000	-0.00347	-1.00000	-1.00000	-0.00987	-1.00000	-1.00000	0.00024	-1.00000	-1.00000
23637	Bishop	Willow_Pond	un	10527393	0.60664	-1.00000	-1.00000	0.54724	-1.00000	-1.00000	0.54083	-1.00000	-1.00000	0.00093	-1.00000	-1.00000
23646	Bishop	Willow_Pond	un	10532240	-0.03841	-1.00000	-1.00000	-0.00296	-1.00000	-1.00000	-0.00486	-1.00000	-1.00000	0.00031	-1.00000	-1.00000
23647	Bishop	Willow_Pond	un	10533023	0.03320	-1.00000	-1.00000	0.00263	-1.00000	-1.00000	-0.00486	-1.00000	-1.00000	0.00031	-1.00000	-1.00000
23662	Bishop	Willow_Pond	un	10539538	0.13263	-1.00000	-1.00000	0.02215	-1.00000	-1.00000	0.05900	-1.00000	-1.00000	0.00030	-1.00000	-1.00000
23664	Bishop	Willow_Pond	un	10540417	-0.00000	-1.00000	-1.00000	-0.00000	-1.00000	-1.00000	-0.00000	-1.00000	-1.00000	0.00005	-1.00000	-1.00000
23666	Bishop	Willow_Pond	un	10541153	0.18519	-1.00000	-1.00000	0.04808	-1.00000	-1.00000	0.06452	-1.00000	-1.00000	0.00035	-1.00000	-1.00000
23667	Bishop	Willow_Pond	un	10541922	-0.00235	-1.00000	-1.00000	-0.00008	-1.00000	-1.00000	0.00008	-1.00000	-1.00000	0.00012	-1.00000	-1.00000
23676	Bishop	Willow_Pond	un	10544349	0.00000	-1.00000	-1.00000	0.00000	-1.00000	-1.00000	-0.00000	-1.00000	-1.00000	0.00005	-1.00000	-1.00000
23682	Bishop	Willow_Pond	un	10547140	0.56118	-1.00000	-1.00000	0.46750	-1.00000	-1.00000	0.52277	-1.00000	-1.00000	0.00085	-1.00000	-1.00000
23684	Bishop	Willow_Pond	un	10547955	0.07875	-1.00000	-1.00000	0.00908	-1.00000	-1.00000	0.01894	-1.00000	-1.00000	0.00020	-1.00000	-1.00000
23685	Bishop	Willow_Pond	un	10548791	0.25926	-1.00000	-1.00000	0.09396	-1.00000	-1.00000	0.09396	-1.00000	-1.00000	0.00034	-1.00000	-1.00000
23691	Bishop	Willow_Pond	un	10551217	0.34398	-1.00000	-1.00000	0.19182	-1.00000	-1.00000	0.21272	-1.00000	-1.00000	0.00059	-1.00000	-1.00000
23704	Bishop	Willow_Pond	un	10552802	0.34783	-1.00000	-1.00000	0.17266	-1.00000	-1.00000	0.14362	-1.00000	-1.00000	0.00077	-1.00000	-1.00000
23707	Bishop	Willow_Pond	un	10554344	0.09054	-1.00000	-1.00000	0.01094	-1.00000	-1.00000	0.02205	-1.00000	-1.00000	0.00022	-1.00000	-1.00000
23717	Bishop	Willow_Pond	un	10559013	0.09116	-1.00000	-1.00000	0.09428	-1.00000	-1.00000	0.11936	-1.00000	-1.00000	0.00069	-1.00000	-1.00000
23719	Bishop	Willow_Pond	un	10560720	0.10512	-1.00000	-1.00000	0.06093	-1.00000	-1.00000	0.04652	-1.00000	-1.00000	0.00067	-1.00000	-1.00000
23724	Bishop	Willow_Pond	un	10563086	-0.03841	-1.00000	-1.00000	-0.00296	-1.00000	-1.00000	-0.00486	-1.00000	-1.00000	0.00028	-1.00000	-1.00000
23727	Bishop	Willow_Pond	un	10564655	0.00797	-1.00000	-1.00000	0.00238	-1.00000	-1.00000	-0.00731	-1.00000	-1.00000	0.00050	-1.00000	-1.00000
23729	Bishop	Willow_Pond	un	10566172	-0.00000	-1.00000	-1.00000	-0.00000	-1.00000	-1.00000	-0.01068	-1.00000	-1.00000	0.00032	-1.00000	-1.00000
23744	Bishop	Willow_Pond	un	10571680	-0.00000	-1.00000	-1.00000	-0.00000	-1.00000	-1.00000	-0.00000	-1.00000	-1.00000	0.00004	-1.00000	-1.00000
23753	Bishop	Willow_Pond	un	10577360	-0.00000	-1.00000	-1.00000	-0.00000	-1.00000	-1.00000	-0.00000	-1.00000	-1.00000	0.00004	-1.00000	-1.00000
23759	Bishop	Willow_Pond	un	10578909	-0.00489	-1.00000	-1.00000	-0.00018	-1.00000	-1.00000	0.00029	-1.00000	-1.00000	0.00013	-1.00000	-1.00000
23760	Bishop	Willow_Pond	un	10579708	0.05748	-1.00000	-1.00000	0.00467	-1.00000	-1.00000	0.01434	-1.00000	-1.00000	0.00019	-1.00000	-1.00000
23765	Bishop	Willow_Pond	un	10581345	-0.03567	-1.00000	-1.00000	-0.00255	-1.00000	-1.00000	0.00018	-1.00000	-1.00000	0.00014	-1.00000	-1.00000
23769	Bishop	Willow_Pond	un	10583080	-0.03975	-1.00000	-1.00000	-0.00319	-1.00000	-1.00000	0.01151	-1.00000	-1.00000	0.00038	-1.00000	-1.00000
23775	Bishop	Willow_Pond	un	10586332	0.03555	-1.00000	-1.00000	0.00306	-1.00000	-1.00000	-0.00925	-1.00000	-1.00000	0.00036	-1.00000	-1.00000
23777	Bishop	Willow_Pond	un	10587145	0.03448	-1.00000	-1.00000	0.00246	-1.00000	-1.00000	0.00246	-1.00000	-1.00000	0.00009	-1.00000	-1.00000
23781	Bishop	Willow_Pond	un	10589563	-0.00315	-1.00000	-1.00000	-0.00013	-1.00000	-1.00000	-0.01039	-1.00000	-1.00000	0.00040	-1.00000	-1.00000
23782	Bishop	Willow_Pond	un	10590322	0.04420	-1.00000	-1.00000	0.00354	-1.00000	-1.00000	0.00705	-1.00000	-1.00000	0.00030	-1.00000	-1.00000
23783	Bishop	Willow_Pond	un	10591126	-0.00000	-1.00000	-1.00000	-0.00000	-1.00000	-1.00000	-0.00607	-1.00000	-1.00000	0.00025	-1.00000	-1.00000
23784	Bishop	Willow_Pond	un	10592004	0.00951	-1.00000	-1.00000	0.00037	-1.00000	-1.00000	0.05121	-1.00000	-1.00000	0.00030	-1.00000	-1.00000
23799	Bishop	Willow_Pond	un	10599176	0.14994	-1.00000	-1.00000	0.15366	-1.00000	-1.00000	0.13761	-1.00000	-1.00000	0.00082	-1.00000	-1.00000
23801	Bishop	Willow_Pond	un	10599985	-0.00000	-1.00000	-1.00000	-0.00000	-1.00000	-1.00000	-0.00000	-1.00000	-1.00000	0.00004	-1.00000	-1.00000
23802	Bishop	Willow_Pond	un	10600804	0.00656	-1.00000	-1.00000	0.00026	-1.00000	-1.00000	0.01989	-1.00000	-1.00000	0.00032	-1.00000	-1.00000
23804	Bishop	Willow_Pond	un	10601647	0.07875	-1.00000	-1.00000	0.00908	-1.00000	-1.00000	0.00881	-1.00000	-1.00000	0.00014	-1.00000	-1.00000
23821	Bishop	Willow_Pond	un	10608053	0.00290	-1.00000	-1.00000	0.00011	-1.00000	-1.00000	-0.00518	-1.00000	-1.00000	0.00018	-1.00000	-1.00000
23822	Bishop	Willow_Pond	un	10608937	0.00251	-1.00000	-1.00000	0.00009	-1.00000	-1.00000	0.00508	-1.00000	-1.00000	0.00012	-1.00000	-1.00000
23829	Bishop	Willow_Pond	un	10613585	0.00951	-1.00000	-1.00000	0.00037	-1.00000	-1.00000	0.05121	-1.00000	-1.00000	0.00029	-1.00000	-1.00000
23848	Bishop	Willow_Pond	un	10624759	-0.00489	-1.00000	-1.00000	-0.00018	-1.00000	-1.00000	0.00029	-1.00000	-1.00000	0.00013	-1.00000	-1.00000
23853	Bishop	Willow_Pond	un	10626394	-0.00270	-1.00000	-1.00000	-0.00010	-1.00000	-1.00000	-0.00558	-1.00000	-1.00000	0.00020	-1.00000	-1.00000
23854	Bishop	Willow_Pond	un	10627186	0.05143	-1.00000	-1.00000	0.01050	-1.00000	-1.00000	0.04376	-1.00000	-1.00000	0.00036	-1.00000	-1.00000
23856	Bishop	Willow_Pond	un	10628809	-0.00000	-1.00000	-1.00000	-0.00000	-1.00000	-1.00000	-0.00000	-1.00000	-1.00000	0.00004	-1.00000	-1.00000
23871	Bishop	Willow_Pond	un	10636428	0.05748	-1.00000	-1.00000	0.00467	-1.00000	-1.00000	0.01434	-1.00000	-1.00000	0.00022	-1.00000	-1.00000
23875	Bishop	Willow_Pond	un	10637946	-0.02055	-1.00000	-1.00000	-0.00226	-1.00000	-1.00000	0.00300	-1.00000	-1.00000	0.00020	-1.00000	-1.00000
23876	Bishop	Willow_Pond	un	10638730	-0.04014	-1.00000	-1.00000	-0.02049	-1.00000	-1.00000	-0.00376	-1.00000	-1.00000	0.00058	-1.00000	-1.00000
23878	Bishop	Willow_Pond	un	10639569	-0.02844	-1.00000	-1.00000	-0.00634	-1.00000	-1.00000	-0.01825	-1.00000	-1.00000	0.00046	-1.00000	-1.00000
23881	Bishop	Willow_Pond	un	10640376	0.29630	-1.00000	-1.00000	0.12308	-1.00000	-1.00000	0.11732	-1.00000	-1.00000	0.00046	-1.00000	-1.00000
23884	Bishop	Willow_Pond	un	10642857	-0.00235	-1.00000	-1.00000	-0.00008	-1.00000	-1.00000	-0.00000	-1.00000	-1.00000	0.00004	-1.00000	-1.00000
23888	Bishop	Willow_Pond	un	10644395	0.17433	-1.00000	-1.00000	0.10466	-1.00000	-1.00000	0.14933	-1.00000	-1.00000	0.00059	-1.00000	-1.00000
23895	Bishop	Willow_Pond	un	10647573	0.26765	-1.00000	-1.00000	0.09455	-1.00000	-1.00000	0.11315	-1.00000	-1.00000	0.00040	-1.00000	-1.00000
23903	Bishop	Willow_Pond	un	10650852	0.03320	-1.00000	-1.00000	0.00263	-1.00000	-1.00000	0.00284	-1.00000	-1.00000	0.00009	-1.00000	-1.00000
23905	Bishop	Willow_Pond	un	10651615	0.21608	-1.00000	-1.00000	0.05772	-1.00000	-1.00000	0.10217	-1.00000	-1.00000	0.00042	-1.00000	-1.00000
23908	Bishop	Willow_Pond	un	10653216	0.07875	-1.00000	-1.00000	0.00908	-1.00000	-1.00000	0.01894	-1.00000	-1.00000	0.00021	-1.00000	-1.00000
23920	Bishop	Willow_Pond	un	10658042	0.00251	-1.00000	-1.00000	0.00009	-1.00000	-1.00000	-0.00000	-1.00000	-1.00000	0.00005	-1.00000	-1.00000
23921	Bishop	Willow_Pond	un	10658786	0.00951	-1.00000	-1.00000	0.00037	-1.00000	-1.00000	0.05121	-1.00000	-1.00000	0.00030	-1.00000	-1.00000
23935	Bishop	Willow_Pond	un	10666753	0.45066	-1.00000	-1.00000	0.39653	-1.00000	-1.00000	0.37726	-1.00000	-1.00000	0.00074	-1.00000	-1.00000
23937	Bishop	Willow_Pond	un	10668491	-0.00270	-1.00000	-1.00000	-0.00010	-1.00000	-1.00000	0.01069	-1.00000	-1.00000	0.00023	-1.00000	-1.00000
23943	Bishop	Willow_Pond	un	10672349	0.00251	-1.00000	-1.00000	0.00009	-1.00000	-1.00000	0.00508	-1.00000	-1.00000	0.00012	-1.00000	-1.00000
23947	Bishop	Willow_Pond	un	10675467	-0.01798	-1.00000	-1.00000	-0.00206	-1.00000	-1.00000	0.00412	-1.00000	-1.00000	0.00022	-1.00000	-1.00000
23951	Bishop	Willow_Pond	un	10676246	0.50698	-1.00000	-1.00000	0.45529	-1.00000	-1.00000	0.44867	-1.00000	-1.00000	0.00081	-1.00000	-1.00000
23958	Bishop	Willow_Pond	un	10678747	-0.03567	-1.00000	-1.00000	-0.00255	-1.00000	-1.00000	0.00018	-1.00000	-1.00000	0.00015	-1.00000	-1.00000
23962	Bishop	Willow_Pond	un	10680382	-0.03975	-1.00000	-1.00000	-0.00319	-1.00000	-1.00000	-0.00376	-1.00000	-1.00000	0.00029	-1.00000	-1.00000
23970	Bishop	Willow_Pond	un	10685272	0.04197	-1.00000	-1.00000	0.02717	-1.00000	-1.00000	0.00600	-1.00000	-1.00000	0.00067	-1.00000	-1.00000
23971	Bishop	Willow_Pond	un	10686103	0.07407	-1.00000	-1.00000	0.00881	-1.00000	-1.00000	0.00370	-1.00000	-1.00000	0.00023	-1.00000	-1.00000
23976	Bishop	Willow_Pond	un	10687645	0.03448	-1.00000	-1.00000	0.00246	-1.00000	-1.00000	0.00246	-1.00000	-1.00000	0.00008	-1.00000	-1.00000
23979	Bishop	Willow_Pond	un	10689278	0.00000	-1.00000	-1.00000	0.00000	-1.00000	-1.00000	-0.00502	-1.00000	-1.00000	0.00018	-1.00000	-1.00000
23981	Bishop	Willow_Pond	un	10691040	0.05748	-1.00000	-1.00000	0.00467	-1.00000	-1.00000	0.06452	-1.00000	-1.00000	0.00035	-1.00000	-1.00000
23986	Bishop	Willow_Pond	un	10694689	-0.00000	-1.00000	-1.00000	-0.00000	-1.00000	-1.00000	-0.00000	-1.00000	-1.00000	0.00004	-1.00000	-1.00000
23990	Bishop	Willow_Pond	un	10697169	0.03114	-1.00000	-1.00000	0.00229	-1.00000	-1.00000	0.00246	-1.00000	-1.00000	0.00012	-1.00000	-1.00000
23993	Bishop	Willow_Pond	un	10698483	0.65791	-1.00000	-1.00000	0.58428	-1.00000	-1.00000	0.56599	-1.00000	-1.00000	0.00094	-1.00000	-1.00000
24006	Bishop	Willow_Pond	un	10705565	0.03114	-1.00000	-1.00000	0.00229	-1.00000	-1.00000	0.00246	-1.00000	-1.00000	0.00009	-1.00000	-1.00000
24013	Bishop	Willow_Pond	un	10709558	0.04067	-1.00000	-1.00000	0.00302	-1.00000	-1.00000	0.01050	-1.00000	-1.00000	0.00017	-1.00000	-1.00000
24023	Bishop	Willow_Pond	un	10714952	0.07407	-1.00000	-1.00000	0.00881	-1.00000	-1.00000	0.00361	-1.00000	-1.00000	0.00030	-1.00000	-1.00000
24038	Bishop	Willow_Pond	un	10720662	-0.03567	-1.00000	-1.00000	-0.00255	-1.00000	-1.00000	0.00018	-1.00000	-1.00000	0.00016	-1.00000	-1.00000
24039	Bishop	Willow_Pond	un	10721490	0.38672	-1.00000	-1.00000	0.24456	-1.00000	-1.00000	0.28987	-1.00000	-1.00000	0.00074	-1.00000	-1.00000
24042	Bishop	Willow_Pond	un	10722989	0.21739	-1.00000	-1.00000	0.21845	-1.00000	-1.00000	0.17876	-1.00000	-1.00000	0.00088	-1.00000	-1.00000
24043	Bishop	Willow_Pond	un	10723765	0.13263	-1.00000	-1.00000	0.02215	-1.00000	-1.00000	0.03571	-1.00000	-1.00000	0.00025	-1.00000	-1.00000
24044	Bishop	Willow_Pond	un	10724611	0.03448	-1.00000	-1.00000	0.00246	-1.00000	-1.00000	0.00246	-1.00000	-1.00000	0.00009	-1.00000	-1.00000
24048	Bishop	Willow_Pond	un	10727717	0.00727	-1.00000	-1.00000	0.00300	-1.00000	-1.00000	-0.00958	-1.00000	-1.00000	0.00054	-1.00000	-1.00000
24049	Bishop	Willow_Pond	un	10728557	0.03704	-1.00000	-1.00000	0.00284	-1.00000	-1.00000	0.00284	-1.00000	-1.00000	0.00008	-1.00000	-1.00000
24051	Bishop	Willow_Pond	un	10729425	-0.00000	-1.00000	-1.00000	-0.00000	-1.00000	-1.00000	-0.00050	-1.00000	-1.00000	0.00024	-1.00000	-1.00000
24066	Bishop	Willow_Pond	un	10735161	0.04067	-1.00000	-1.00000	0.00302	-1.00000	-1.00000	0.01050	-1.00000	-1.00000	0.00017	-1.00000	-1.00000
24068	Bishop	Willow_Pond	un	10735959	0.29006	-1.00000	-1.00000	0.09910	-1.00000	-1.00000	0.18781	-1.00000	-1.00000	0.00052	-1.00000	-1.00000
24081	Bishop	Willow_Pond	un	10741048	-0.03689	-1.00000	-1.00000	-0.03737	-1.00000	-1.00000	-0.04084	-1.00000	-1.00000	0.00068	-1.00000	-1.00000
24084	Bishop	Willow_Pond	un	10742655	0.04820	-1.00000	-1.00000	0.00374	-1.00000	-1.00000	0.03064	-1.00000	-1.00000	0.00024	-1.00000	-1.00000
24088	Bishop	Willow_Pond	un	10745057	0.04067	-1.00000	-1.00000	0.00302	-1.00000	-1.00000	0.00284	-1.00000	-1.00000	0.00010	-1.00000	-1.00000
24093	Bishop	Willow_Pond	un	10747327	-0.00270	-1.00000	-1.00000	-0.00010	-1.00000	-1.00000	0.00508	-1.00000	-1.00000	0.00012	-1.00000	-1.00000
24094	Bishop	Willow_Pond	un	10748142	0.36051	-1.00000	-1.00000	0.19258	-1.00000	-1.00000	0.16826	-1.00000	-1.00000	0.00057	-1.00000	-1.00000
24098	Bishop	Willow_Pond	un	10749019	-0.00315	-1.00000	-1.00000	-0.00013	-1.00000	-1.00000	-0.00564	-1.00000	-1.00000	0.00027	-1.00000	-1.00000
24107	Bishop	Willow_Pond	un	10753824	0.04067	-1.00000	-1.00000	0.00302	-1.00000	-1.00000	0.01050	-1.00000	-1.00000	0.00015	-1.00000	-1.00000
24113	Bishop	Willow_Pond	un	10755397	-0.00000	-1.00000	-1.00000	-0.00000	-1.00000	-1.00000	-0.01068	-1.00000	-1.00000	0.00033	-1.00000	-1.00000
24115	Bishop	Willow_Pond	un	10757025	0.07569	-1.00000	-1.00000	0.01821	-1.00000	-1.00000	0.03045	-1.00000	-1.00000	0.00032	-1.00000	-1.00000
24129	Bishop	Willow_Pond	un	10761732	0.00251	-1.00000	-1.00000	0.00009	-1.00000	-1.00000	-0.00000	-1.00000	-1.00000	0.00005	-1.00000	-1.00000
24134	Bishop	Willow_Pond	un	10763201	-0.00921	-1.00000	-1.00000	-0.00294	-1.00000	-1.00000	0.00518	-1.00000	-1.00000	0.00034	-1.00000	-1.00000
24135	Bishop	Willow_Pond	un	10764068	0.00000	-1.00000	-1.00000	0.00000	-1.00000	-1.00000	-0.01241	-1.00000	-1.00000	0.00065	-1.00000	-1.00000
24136	Bishop	Willow_Pond	un	10764492	0.00251	-1.00000	-1.00000	0.00009	-1.00000	-1.00000	-0.00000	-1.00000	-1.00000	0.00004	-1.00000	-1.00000
24137	Bishop	Willow_Pond	un	10765331	-0.00489	-1.00000	-1.00000	-0.00018	-1.00000	-1.00000	-0.00000	-1.00000	-1.00000	0.00004	-1.00000	-1.00000
24146	Bishop	Willow_Pond	un	10768545	-0.00000	-1.00000	-1.00000	-0.00000	-1.00000	-1.00000	-0.00050	-1.00000	-1.00000	0.00027	-1.00000	-1.00000
24148	Bishop	Willow_Pond	un	10769345	-0.03289	-1.00000	-1.00000	-0.00670	-1.00000	-1.00000	-0.01261	-1.00000	-1.00000	0.00034	-1.00000	-1.00000
24160	Bishop	Willow_Pond	un	10774207	0.12643	-1.00000	-1.00000	0.02178	-1.00000	-1.00000	0.05900	-1.00000	-1.00000	0.00033	-1.00000	-1.00000
24190	Bishop	Willow_Pond	un	10787797	0.09920	-1.00000	-1.00000	0.01304	-1.00000	-1.00000	0.02597	-1.00000	-1.00000	0.00035	-1.00000	-1.00000
24191	Bishop	Willow_Pond	un	10788354	0.00251	-1.00000	-1.00000	0.00009	-1.00000	-1.00000	0.00508	-1.00000	-1.00000	0.00012	-1.00000	-1.00000
24192	Bishop	Willow_Pond	un	10789180	-0.00012	-1.00000	-1.00000	-0.00004	-1.00000	-1.00000	0.02947	-1.00000	-1.00000	0.00053	-1.00000	-1.00000
24198	Bishop	Willow_Pond	un	10790715	0.04000	-1.00000	-1.00000	0.00332	-1.00000	-1.00000	-0.00760	-1.00000	-1.00000	0.00037	-1.00000	-1.00000
24203	Bishop	Willow_Pond	un	10792097	0.07875	-1.00000	-1.00000	0.00908	-1.00000	-1.00000	0.01894	-1.00000	-1.00000	0.00024	-1.00000	-1.00000
24216	Bishop	Willow_Pond	un	10798025	-0.03975	-1.00000	-1.00000	-0.00319	-1.00000	-1.00000	-0.00376	-1.00000	-1.00000	0.00036	-1.00000	-1.00000
24224	Bishop	Willow_Pond	un	10801126	0.37024	-1.00000	-1.00000	0.18442	-1.00000	-1.00000	0.19855	-1.00000	-1.00000	0.00065	-1.00000	-1.00000
24226	Bishop	Willow_Pond	un	10801884	0.06798	-1.00000	-1.00000	0.01687	-1.00000	-1.00000	0.01136	-1.00000	-1.00000	0.00036	-1.00000	-1.00000
24228	Bishop	Willow_Pond	un	10803556	0.11294	-1.00000	-1.00000	0.03656	-1.00000	-1.00000	0.04491	-1.00000	-1.00000	0.00045	-1.00000	-1.00000
24240	Bishop	Willow_Pond	un	10811337	0.04820	-1.00000	-1.00000	0.00374	-1.00000	-1.00000	0.01220	-1.00000	-1.00000	0.00018	-1.00000	-1.00000
24242	Bishop	Willow_Pond	un	10812882	-0.00235	-1.00000	-1.00000	-0.00008	-1.00000	-1.00000	0.00008	-1.00000	-1.00000	0.00016	-1.00000	-1.00000
24281	Bishop	Willow_Pond	un	10829352	0.01411	-1.00000	-1.00000	0.00223	-1.00000	-1.00000	0.03044	-1.00000	-1.00000	0.00030	-1.00000	-1.00000
24287	Bishop	Willow_Pond	un	10832563	-0.03814	-1.00000	-1.00000	-0.01226	-1.00000	-1.00000	-0.01948	-1.00000	-1.00000	0.00042	-1.00000	-1.00000
24311	Bishop	Willow_Pond	un	10841322	0.16584	-1.00000	-1.00000	0.04086	-1.00000	-1.00000	0.04132	-1.00000	-1.00000	0.00026	-1.00000	-1.00000
24316	Bishop	Willow_Pond	un	10842999	-0.03168	-1.00000	-1.00000	-0.01699	-1.00000	-1.00000	-0.02103	-1.00000	-1.00000	0.00062	-1.00000	-1.00000
24317	Bishop	Willow_Pond	un	10843839	0.06897	-1.00000	-1.00000	0.00760	-1.00000	-1.00000	0.00760	-1.00000	-1.00000	0.00013	-1.00000	-1.00000
24322	Bishop	Willow_Pond	un	10845401	0.05980	-1.00000	-1.00000	0.01533	-1.00000	-1.00000	0.00836	-1.00000	-1.00000	0.00030	-1.00000	-1.00000
24349	Bishop	Willow_Pond	un	10855216	-0.03704	-1.00000	-1.00000	-0.00275	-1.00000	-1.00000	-0.00786	-1.00000	-1.00000	0.00024	-1.00000	-1.00000
24359	Bishop	Willow_Pond	un	10859938	0.23455	-1.00000	-1.00000	0.20770	-1.00000	-1.00000	0.18746	-1.00000	-1.00000	0.00077	-1.00000	-1.00000
24361	Bishop	Willow_Pond	un	10861551	0.00340	-1.00000	-1.00000	0.00014	-1.00000	-1.00000	0.01768	-1.00000	-1.00000	0.00030	-1.00000	-1.00000
24373	Bishop	Willow_Pond	un	10865624	0.24449	-1.00000	-1.00000	0.06949	-1.00000	-1.00000	0.11957	-1.00000	-1.00000	0.00049	-1.00000	-1.00000
24382	Bishop	Willow_Pond	un	10870497	0.27273	-1.00000	-1.00000	0.26786	-1.00000	-1.00000	0.24665	-1.00000	-1.00000	0.00093	-1.00000	-1.00000
24384	Bishop	Willow_Pond	un	10871982	0.04820	-1.00000	-1.00000	0.00374	-1.00000	-1.00000	0.03064	-1.00000	-1.00000	0.00025	-1.00000	-1.00000
24397	Bishop	Willow_Pond	un	10878035	0.03448	-1.00000	-1.00000	0.00246	-1.00000	-1.00000	0.00246	-1.00000	-1.00000	0.00008	-1.00000	-1.00000
24404	Bishop	Willow_Pond	un	10882866	0.00251	-1.00000	-1.00000	0.00009	-1.00000	-1.00000	-0.00000	-1.00000	-1.00000	0.00004	-1.00000	-1.00000
24409	Bishop	Willow_Pond	un	10886124	-0.00767	-1.00000	-1.00000	-0.00029	-1.00000	-1.00000	0.03472	-1.00000	-1.00000	0.00028	-1.00000	-1.00000
24418	Bishop	Willow_Pond	un	10890883	-0.00000	-1.00000	-1.00000	-0.00000	-1.00000	-1.00000	-0.00000	-1.00000	-1.00000	0.00004	-1.00000	-1.00000
24420	Bishop	Willow_Pond	un	10891638	0.16000	-1.00000	-1.00000	0.03670	-1.00000	-1.00000	0.07867	-1.00000	-1.00000	0.00042	-1.00000	-1.00000
24434	Bishop	Willow_Pond	un	10899764	0.00000	-1.00000	-1.00000	0.00000	-1.00000	-1.00000	-0.00502	-1.00000	-1.00000	0.00019	-1.00000	-1.00000
24451	Bishop	Willow_Pond	un	10906023	0.09834	-1.00000	-1.00000	0.01534	-1.00000	-1.00000	0.01567	-1.00000	-1.00000	0.00018	-1.00000	-1.00000
24460	Bishop	Willow_Pond	un	10909916	0.38340	-1.00000	-1.00000	0.37597	-1.00000	-1.00000	0.33838	-1.00000	-1.00000	0.00096	-1.00000	-1.00000
24465	Bishop	Willow_Pond	un	10911453	0.09127	-1.00000	-1.00000	0.02311	-1.00000	-1.00000	0.06086	-1.00000	-1.00000	0.00038	-1.00000	-1.00000
24473	Bishop	Willow_Pond	un	10914683	0.04067	-1.00000	-1.00000	0.00302	-1.00000	-1.00000	0.01050	-1.00000	-1.00000	0.00017	-1.00000	-1.00000
24498	Bishop	Willow_Pond	un	10925649	-0.00315	-1.00000	-1.00000	-0.00013	-1.00000	-1.00000	-0.01186	-1.00000	-1.00000	0.00031	-1.00000	-1.00000
24501	Bishop	Willow_Pond	un	10928159	0.51556	-1.00000	-1.00000	0.40642	-1.00000	-1.00000	0.46994	-1.00000	-1.00000	0.00081	-1.00000	-1.00000
24503	Bishop	Willow_Pond	un	10928975	0.03448	-1.00000	-1.00000	0.00246	-1.00000	-1.00000	0.00246	-1.00000	-1.00000	0.00008	-1.00000	-1.00000
24504	Bishop	Willow_Pond	un	10929806	-0.00235	-1.00000	-1.00000	-0.00008	-1.00000	-1.00000	-0.00000	-1.00000	-1.00000	0.00003	-1.00000	-1.00000
24512	Bishop	Willow_Pond	un	10931890	0.40679	-1.00000	-1.00000	0.31189	-1.00000	-1.00000	0.32778	-1.00000	-1.00000	0.00069	-1.00000	-1.00000
24516	Bishop	Willow_Pond	un	10935005	-0.02569	-1.00000	-1.00000	-0.00281	-1.00000	-1.00000	-0.00274	-1.00000	-1.00000	0.00012	-1.00000	-1.00000
24522	Bishop	Willow_Pond	un	10937427	0.00290	-1.00000	-1.00000	0.00011	-1.00000	-1.00000	0.00088	-1.00000	-1.00000	0.00027	-1.00000	-1.00000
24527	Bishop	Willow_Pond	un	10940684	0.66985	-1.00000	-1.00000	0.62413	-1.00000	-1.00000	0.61754	-1.00000	-1.00000	0.00088	-1.00000	-1.00000
24540	Bishop	Willow_Pond	un	10947145	0.07436	-1.00000	-1.00000	0.00994	-1.00000	-1.00000	-0.00687	-1.00000	-1.00000	0.00041	-1.00000	-1.00000
24543	Bishop	Willow_Pond	un	10948696	0.20818	-1.00000	-1.00000	0.05720	-1.00000	-1.00000	0.06938	-1.00000	-1.00000	0.00047	-1.00000	-1.00000
24546	Bishop	Willow_Pond	un	10949487	0.00845	-1.00000	-1.00000	0.00138	-1.00000	-1.00000	0.01034	-1.00000	-1.00000	0.00024	-1.00000	-1.00000
24554	Bishop	Willow_Pond	un	10954961	0.00290	-1.00000	-1.00000	0.00011	-1.00000	-1.00000	-0.00000	-1.00000	-1.00000	0.00005	-1.00000	-1.00000
24555	Bishop	Willow_Pond	un	10955737	-0.00975	-1.00000	-1.00000	-0.00235	-1.00000	-1.00000	-0.00468	-1.00000	-1.00000	0.00028	-1.00000	-1.00000
24562	Bishop	Willow_Pond	un	10959184	-0.00000	-1.00000	-1.00000	-0.00000	-1.00000	-1.00000	-0.00050	-1.00000	-1.00000	0.00023	-1.00000	-1.00000
24569	Bishop	Willow_Pond	un	10962980	0.03448	-1.00000	-1.00000	0.00246	-1.00000	-1.00000	0.00246	-1.00000	-1.00000	0.00009	-1.00000	-1.00000
24575	Bishop	Willow_Pond	un	10965343	0.06470	-1.00000	-1.00000	0.00736	-1.00000	-1.00000	0.00300	-1.00000	-1.00000	0.00019	-1.00000	-1.00000
24581	Bishop	Willow_Pond	un	10968644	-0.02589	-1.00000	-1.00000	-0.00643	-1.00000	-1.00000	0.00690	-1.00000	-1.00000	0.00034	-1.00000	-1.00000
24583	Bishop	Willow_Pond	un	10969555	-0.00767	-1.00000	-1.00000	-0.00029	-1.00000	-1.00000	-0.00000	-1.00000	-1.00000	0.00004	-1.00000	-1.00000
24594	Bishop	Willow_Pond	un	10972607	0.03715	-1.00000	-1.00000	0.03842	-1.00000	-1.00000	0.09317	-1.00000	-1.00000	0.00077	-1.00000	-1.00000
24606	Bishop	Willow_Pond	un	10979221	-0.00000	-1.00000	-1.00000	-0.00000	-1.00000	-1.00000	-0.00000	-1.00000	-1.00000	0.00004	-1.00000	-1.00000
24608	Bishop	Willow_Pond	un	10980056	0.00656	-1.00000	-1.00000	0.00026	-1.00000	-1.00000	-0.00000	-1.00000	-1.00000	0.00006	-1.00000	-1.00000
24610	Bishop	Willow_Pond	un	10981591	0.00000	-1.00000	-1.00000	0.00000	-1.00000	-1.00000	0.00508	-1.00000	-1.00000	0.00012	-1.00000	-1.00000
24611	Bishop	Willow_Pond	un	10982410	0.03448	-1.00000	-1.00000	0.00246	-1.00000	-1.00000	0.00246	-1.00000	-1.00000	0.00008	-1.00000	-1.00000
24614	Bishop	Willow_Pond	un	10983243	0.04000	-1.00000	-1.00000	0.00332	-1.00000	-1.00000	0.03064	-1.00000	-1.00000	0.00025	-1.00000	-1.00000
24615	Bishop	Willow_Pond	un	10984035	0.04067	-1.00000	-1.00000	0.00302	-1.00000	-1.00000	0.01050	-1.00000	-1.00000	0.00015	-1.00000	-1.00000
24617	Bishop	Willow_Pond	un	10985690	0.00911	-1.00000	-1.00000	0.00417	-1.00000	-1.00000	0.01445	-1.00000	-1.00000	0.00048	-1.00000	-1.00000
24619	Bishop	Willow_Pond	un	10986446	-0.00000	-1.00000	-1.00000	-0.00000	-1.00000	-1.00000	-0.00000	-1.00000	-1.00000	0.00004	-1.00000	-1.00000
24625	Bishop	Willow_Pond	un	10989705	0.15903	-1.00000	-1.00000	0.04033	-1.00000	-1.00000	0.03023	-1.00000	-1.00000	0.00036	-1.00000	-1.00000
24626	Bishop	Willow_Pond	un	10990555	0.02017	-1.00000	-1.00000	0.01862	-1.00000	-1.00000	0.00159	-1.00000	-1.00000	0.00071	-1.00000	-1.00000
24634	Bishop	Willow_Pond	un	10994506	0.28955	-1.00000	-1.00000	0.15525	-1.00000	-1.00000	0.16826	-1.00000	-1.00000	0.00065	-1.00000	-1.00000
24635	Bishop	Willow_Pond	un	10995276	0.10139	-1.00000	-1.00000	0.04594	-1.00000	-1.00000	0.03908	-1.00000	-1.00000	0.00049	-1.00000	-1.00000
24641	Bishop	Willow_Pond	un	10998429	0.04838	-1.00000	-1.00000	0.00422	-1.00000	-1.00000	0.00323	-1.00000	-1.00000	0.00043	-1.00000	-1.00000
24643	Bishop	Willow_Pond	un	10999989	0.14074	-1.00000	-1.00000	0.04897	-1.00000	-1.00000	0.04326	-1.00000	-1.00000	0.00047	-1.00000	-1.00000
24644	Bishop	Willow_Pond	un	11000756	0.12253	-1.00000	-1.00000	0.12344	-1.00000	-1.00000	0.10211	-1.00000	-1.00000	0.00080	-1.00000	-1.00000
24650	Bishop	Willow_Pond	un	11003416	-0.02330	-1.00000	-1.00000	-0.00301	-1.00000	-1.00000	-0.01448	-1.00000	-1.00000	0.00036	-1.00000	-1.00000
24660	Bishop	Willow_Pond	un	11006734	0.00251	-1.00000	-1.00000	0.00009	-1.00000	-1.00000	-0.00000	-1.00000	-1.00000	0.00004	-1.00000	-1.00000
24664	Bishop	Willow_Pond	un	11009896	0.03114	-1.00000	-1.00000	0.00229	-1.00000	-1.00000	0.00246	-1.00000	-1.00000	0.00011	-1.00000	-1.00000
24665	Bishop	Willow_Pond	un	11010531	0.00251	-1.00000	-1.00000	0.00009	-1.00000	-1.00000	0.00508	-1.00000	-1.00000	0.00013	-1.00000	-1.00000
24667	Bishop	Willow_Pond	un	11012169	-0.00000	-1.00000	-1.00000	-0.00000	-1.00000	-1.00000	-0.00050	-1.00000	-1.00000	0.00030	-1.00000	-1.00000
24668	Bishop	Willow_Pond	un	11012893	0.00656	-1.00000	-1.00000	0.00026	-1.00000	-1.00000	0.05121	-1.00000	-1.00000	0.00031	-1.00000	-1.00000
24671	Bishop	Willow_Pond	un	11013636	-0.03567	-1.00000	-1.00000	-0.00255	-1.00000	-1.00000	-0.00256	-1.00000	-1.00000	0.00008	-1.00000	-1.00000
24678	Bishop	Willow_Pond	un	11016202	0.03448	-1.00000	-1.00000	0.00246	-1.00000	-1.00000	0.00246	-1.00000	-1.00000	0.00008	-1.00000	-1.00000
24681	Bishop	Willow_Pond	un	11018474	-0.02055	-1.00000	-1.00000	-0.00226	-1.00000	-1.00000	-0.00236	-1.00000	-1.00000	0.00013	-1.00000	-1.00000
24684	Bishop	Willow_Pond	un	11020895	-0.01663	-1.00000	-1.00000	-0.00598	-1.00000	-1.00000	0.00180	-1.00000	-1.00000	0.00047	-1.00000	-1.00000
24691	Bishop	Willow_Pond	un	11025824	0.07569	-1.00000	-1.00000	0.01821	-1.00000	-1.00000	0.01786	-1.00000	-1.00000	0.00026	-1.00000	-1.00000
24694	Bishop	Willow_Pond	un	11026598	0.04658	-1.00000	-1.00000	0.02136	-1.00000	-1.00000	0.01445	-1.00000	-1.00000	0.00044	-1.00000	-1.00000
24702	Bishop	Willow_Pond	un	11029072	0.01656	-1.00000	-1.00000	0.00284	-1.00000	-1.00000	-0.00282	-1.00000	-1.00000	0.00032	-1.00000	-1.00000
24709	Bishop	Willow_Pond	un	11033139	0.25744	-1.00000	-1.00000	0.08247	-1.00000	-1.00000	0.12954	-1.00000	-1.00000	0.00044	-1.00000	-1.00000
24717	Bishop	Willow_Pond	un	11037163	-0.00000	-1.00000	-1.00000	-0.00000	-1.00000	-1.00000	-0.00000	-1.00000	-1.00000	0.00004	-1.00000	-1.00000
24718	Bishop	Willow_Pond	un	11038003	0.04067	-1.00000	-1.00000	0.00302	-1.00000	-1.00000	0.01050	-1.00000	-1.00000	0.00016	-1.00000	-1.00000
24720	Bishop	Willow_Pond	un	11038821	0.03320	-1.00000	-1.00000	0.00263	-1.00000	-1.00000	0.00022	-1.00000	-1.00000	0.00020	-1.00000	-1.00000
24724	Bishop	Willow_Pond	un	11040353	-0.00565	-1.00000	-1.00000	-0.00022	-1.00000	-1.00000	-0.00000	-1.00000	-1.00000	0.00004	-1.00000	-1.00000
24725	Bishop	Willow_Pond	un	11041163	0.11111	-1.00000	-1.00000	0.01818	-1.00000	-1.00000	0.01289	-1.00000	-1.00000	0.00029	-1.00000	-1.00000
24741	Bishop	Willow_Pond	un	11047645	-0.00315	-1.00000	-1.00000	-0.00013	-1.00000	-1.00000	-0.01186	-1.00000	-1.00000	0.00031	-1.00000	-1.00000
24754	Bishop	Willow_Pond	un	11054094	0.03704	-1.00000	-1.00000	0.00284	-1.00000	-1.00000	0.00021	-1.00000	-1.00000	0.00019	-1.00000	-1.00000
24757	Bishop	Willow_Pond	un	11055560	0.10495	-1.00000	-1.00000	0.01335	-1.00000	-1.00000	0.05025	-1.00000	-1.00000	0.00032	-1.00000	-1.00000
24758	Bishop	Willow_Pond	un	11056340	0.00561	-1.00000	-1.00000	0.00021	-1.00000	-1.00000	-0.00000	-1.00000	-1.00000	0.00005	-1.00000	-1.00000
24766	Bishop	Willow_Pond	un	11060472	0.11258	-1.00000	-1.00000	0.03248	-1.00000	-1.00000	0.04666	-1.00000	-1.00000	0.00038	-1.00000	-1.00000
24769	Bishop	Willow_Pond	un	11061985	-0.02407	-1.00000	-1.00000	-0.00274	-1.00000	-1.00000	-0.00274	-1.00000	-1.00000	0.00013	-1.00000	-1.00000
24780	Bishop	Willow_Pond	un	11065174	0.03448	-1.00000	-1.00000	0.00246	-1.00000	-1.00000	0.00246	-1.00000	-1.00000	0.00008	-1.00000	-1.00000
24784	Bishop	Willow_Pond	un	11066702	0.07407	-1.00000	-1.00000	0.00881	-1.00000	-1.00000	0.00881	-1.00000	-1.00000	0.00013	-1.00000	-1.00000
24786	Bishop	Willow_Pond	un	11068417	-0.03567	-1.00000	-1.00000	-0.00255	-1.00000	-1.00000	0.00018	-1.00000	-1.00000	0.00017	-1.00000	-1.00000
24812	Bishop	Willow_Pond	un	11079563	0.00656	-1.00000	-1.00000	0.00026	-1.00000	-1.00000	0.01989	-1.00000	-1.00000	0.00034	-1.00000	-1.00000
24813	Bishop	Willow_Pond	un	11080363	0.00000	-1.00000	-1.00000	0.00000	-1.00000	-1.00000	-0.01276	-1.00000	-1.00000	0.00040	-1.00000	-1.00000
24826	Bishop	Willow_Pond	un	11085928	0.10345	-1.00000	-1.00000	0.01567	-1.00000	-1.00000	0.01567	-1.00000	-1.00000	0.00016	-1.00000	-1.00000
24828	Bishop	Willow_Pond	un	11086775	0.24138	-1.00000	-1.00000	0.08069	-1.00000	-1.00000	0.08069	-1.00000	-1.00000	0.00035	-1.00000	-1.00000
24829	Bishop	Willow_Pond	un	11087530	-0.00315	-1.00000	-1.00000	-0.00013	-1.00000	-1.00000	-0.01039	-1.00000	-1.00000	0.00038	-1.00000	-1.00000
24830	Bishop	Willow_Pond	un	11088343	0.00561	-1.00000	-1.00000	0.00021	-1.00000	-1.00000	0.00589	-1.00000	-1.00000	0.00015	-1.00000	-1.00000
24832	Bishop	Willow_Pond	un	11089867	0.00251	-1.00000	-1.00000	0.00009	-1.00000	-1.00000	0.00508	-1.00000	-1.00000	0.00012	-1.00000	-1.00000
24838	Bishop	Willow_Pond	un	11093000	0.00251	-1.00000	-1.00000	0.00009	-1.00000	-1.00000	0.00508	-1.00000	-1.00000	0.00012	-1.00000	-1.00000
24839	Bishop	Willow_Pond	un	11093827	0.03448	-1.00000	-1.00000	0.00246	-1.00000	-1.00000	0.00246	-1.00000	-1.00000	0.00008	-1.00000	-1.00000
24845	Bishop	Willow_Pond	un	11095109	0.28941	-1.00000	-1.00000	0.19836	-1.00000	-1.00000	0.19706	-1.00000	-1.00000	0.00076	-1.00000	-1.00000
24846	Bishop	Willow_Pond	un	11095903	0.04820	-1.00000	-1.00000	0.00374	-1.00000	-1.00000	0.01220	-1.00000	-1.00000	0.00019	-1.00000	-1.00000
24848	Bishop	Willow_Pond	un	11097552	0.07875	-1.00000	-1.00000	0.00908	-1.00000	-1.00000	0.01894	-1.00000	-1.00000	0.00021	-1.00000	-1.00000
24860	Bishop	Willow_Pond	un	11103138	-0.03448	-1.00000	-1.00000	-0.00493	-1.00000	-1.00000	-0.00493	-1.00000	-1.00000	0.00017	-1.00000	-1.00000
24863	Bishop	Willow_Pond	un	11104704	0.04067	-1.00000	-1.00000	0.00302	-1.00000	-1.00000	0.01050	-1.00000	-1.00000	0.00017	-1.00000	-1.00000
24864	Bishop	Willow_Pond	un	11105487	-0.04000	-1.00000	-1.00000	-0.00321	-1.00000	-1.00000	0.01316	-1.00000	-1.00000	0.00024	-1.00000	-1.00000
24868	Bishop	Willow_Pond	un	11107932	-0.00315	-1.00000	-1.00000	-0.00013	-1.00000	-1.00000	0.00554	-1.00000	-1.00000	0.00033	-1.00000	-1.00000
24876	Bishop	Willow_Pond	un	11111237	-0.00000	-1.00000	-1.00000	-0.00000	-1.00000	-1.00000	-0.00000	-1.00000	-1.00000	0.00005	-1.00000	-1.00000
24877	Bishop	Willow_Pond	un	11111969	-0.02330	-1.00000	-1.00000	-0.00301	-1.00000	-1.00000	-0.00687	-1.00000	-1.00000	0.00047	-1.00000	-1.00000
24881	Bishop	Willow_Pond	un	11113525	-0.02055	-1.00000	-1.00000	-0.00226	-1.00000	-1.00000	0.00300	-1.00000	-1.00000	0.00018	-1.00000	-1.00000
24890	Bishop	Willow_Pond	un	11116815	0.00656	-1.00000	-1.00000	0.00026	-1.00000	-1.00000	0.00261	-1.00000	-1.00000	0.00027	-1.00000	-1.00000
24891	Bishop	Willow_Pond	un	11117638	0.02760	-1.00000	-1.00000	0.00210	-1.00000	-1.00000	0.00021	-1.00000	-1.00000	0.00017	-1.00000	-1.00000
24892	Bishop	Willow_Pond	un	11118433	0.00340	-1.00000	-1.00000	0.00014	-1.00000	-1.00000	0.00110	-1.00000	-1.00000	0.00028	-1.00000	-1.00000
24914	Bishop	Willow_Pond	un	11127944	0.01299	-1.00000	-1.00000	0.01115	-1.00000	-1.00000	-0.00385	-1.00000	-1.00000	0.00070	-1.00000	-1.00000
24918	Bishop	Willow_Pond	un	11130463	0.04820	-1.00000	-1.00000	0.00374	-1.00000	-1.00000	0.03064	-1.00000	-1.00000	0.00026	-1.00000	-1.00000
24923	Bishop	Willow_Pond	un	11132038	0.05748	-1.00000	-1.00000	0.00467	-1.00000	-1.00000	0.01434	-1.00000	-1.00000	0.00020	-1.00000	-1.00000
24926	Bishop	Willow_Pond	un	11132815	0.00951	-1.00000	-1.00000	0.00037	-1.00000	-1.00000	0.05121	-1.00000	-1.00000	0.00028	-1.00000	-1.00000
24933	Bishop	Willow_Pond	un	11138468	0.11111	-1.00000	-1.00000	0.01818	-1.00000	-1.00000	0.01069	-1.00000	-1.00000	0.00024	-1.00000	-1.00000
24935	Bishop	Willow_Pond	un	11140172	0.11015	-1.00000	-1.00000	0.08889	-1.00000	-1.00000	0.08763	-1.00000	-1.00000	0.00057	-1.00000	-1.00000
24936	Bishop	Willow_Pond	un	11141002	0.07875	-1.00000	-1.00000	0.00908	-1.00000	-1.00000	0.00881	-1.00000	-1.00000	0.00013	-1.00000	-1.00000
24942	Bishop	Willow_Pond	un	11143416	0.00561	-1.00000	-1.00000	0.00021	-1.00000	-1.00000	0.02159	-1.00000	-1.00000	0.00019	-1.00000	-1.00000
24951	Bishop	Willow_Pond	un	11147660	0.18519	-1.00000	-1.00000	0.04808	-1.00000	-1.00000	0.03639	-1.00000	-1.00000	0.00034	-1.00000	-1.00000
24954	Bishop	Willow_Pond	un	11148448	0.00340	-1.00000	-1.00000	0.00014	-1.00000	-1.00000	-0.00738	-1.00000	-1.00000	0.00027	-1.00000	-1.00000
24977	Bishop	Willow_Pond	un	11158097	0.15903	-1.00000	-1.00000	0.04033	-1.00000	-1.00000	0.02983	-1.00000	-1.00000	0.00031	-1.00000	-1.00000
24986	Bishop	Willow_Pond	un	11161154	-0.00000	-1.00000	-1.00000	-0.00000	-1.00000	-1.00000	-0.00050	-1.00000	-1.00000	0.00027	-1.00000	-1.00000
25013	Bishop	Willow_Pond	un	11171004	-0.02853	-1.00000	-1.00000	-0.00845	-1.00000	-1.00000	-0.01441	-1.00000	-1.00000	0.00040	-1.00000	-1.00000
25016	Bishop	Willow_Pond	un	11171818	0.00656	-1.00000	-1.00000	0.00026	-1.00000	-1.00000	0.00261	-1.00000	-1.00000	0.00028	-1.00000	-1.00000
25036	Bishop	Willow_Pond	un	11177202	0.03448	-1.00000	-1.00000	0.00246	-1.00000	-1.00000	0.00246	-1.00000	-1.00000	0.00008	-1.00000	-1.00000
25046	Bishop	Willow_Pond	un	11183424	-0.00235	-1.00000	-1.00000	-0.00008	-1.00000	-1.00000	0.00008	-1.00000	-1.00000	0.00014	-1.00000	-1.00000
25061	Bishop	Willow_Pond	un	11189943	0.03114	-1.00000	-1.00000	0.00229	-1.00000	-1.00000	0.00246	-1.00000	-1.00000	0.00008	-1.00000	-1.00000
25063	Bishop	Willow_Pond	un	11191478	0.15460	-1.00000	-1.00000	0.03162	-1.00000	-1.00000	0.04578	-1.00000	-1.00000	0.00029	-1.00000	-1.00000
25066	Bishop	Willow_Pond	un	11193108	0.40000	-1.00000	-1.00000	0.22680	-1.00000	-1.00000	0.21033	-1.00000	-1.00000	0.00066	-1.00000	-1.00000
25068	Bishop	Willow_Pond	un	11193939	0.06897	-1.00000	-1.00000	0.00760	-1.00000	-1.00000	0.00760	-1.00000	-1.00000	0.00012	-1.00000	-1.00000
25070	Bishop	Willow_Pond	un	11194803	-0.03333	-1.00000	-1.00000	-0.01887	-1.00000	-1.00000	-0.02519	-1.00000	-1.00000	0.00059	-1.00000	-1.00000
25085	Bishop	Willow_Pond	un	11202100	-0.00235	-1.00000	-1.00000	-0.00008	-1.00000	-1.00000	-0.00000	-1.00000	-1.00000	0.00004	-1.00000	-1.00000
25088	Bishop	Willow_Pond	un	11203779	0.04348	-1.00000	-1.00000	0.00394	-1.00000	-1.00000	-0.01338	-1.00000	-1.00000	0.00046	-1.00000	-1.00000
25090	Bishop	Willow_Pond	un	11204598	-0.02377	-1.00000	-1.00000	-0.01472	-1.00000	-1.00000	0.01257	-1.00000	-1.00000	0.00064	-1.00000	-1.00000
25092	Bishop	Willow_Pond	un	11205413	0.12643	-1.00000	-1.00000	0.02178	-1.00000	-1.00000	0.02135	-1.00000	-1.00000	0.00018	-1.00000	-1.00000
25109	Bishop	Willow_Pond	un	11214466	-0.03975	-1.00000	-1.00000	-0.00319	-1.00000	-1.00000	-0.00905	-1.00000	-1.00000	0.00025	-1.00000	-1.00000
25113	Bishop	Willow_Pond	un	11215255	0.88098	-1.00000	-1.00000	0.88098	-1.00000	-1.00000	0.88106	-1.00000	-1.00000	0.00113	-1.00000	-1.00000
25114	Bishop	Willow_Pond	un	11216046	0.14960	-1.00000	-1.00000	0.06749	-1.00000	-1.00000	0.11190	-1.00000	-1.00000	0.00055	-1.00000	-1.00000
25123	Bishop	Willow_Pond	un	11219229	0.18519	-1.00000	-1.00000	0.04808	-1.00000	-1.00000	0.04260	-1.00000	-1.00000	0.00038	-1.00000	-1.00000
25130	Bishop	Willow_Pond	un	11223385	0.30175	-1.00000	-1.00000	0.13370	-1.00000	-1.00000	0.11835	-1.00000	-1.00000	0.00043	-1.00000	-1.00000
25131	Bishop	Willow_Pond	un	11224256	0.06897	-1.00000	-1.00000	0.00760	-1.00000	-1.00000	0.00760	-1.00000	-1.00000	0.00013	-1.00000	-1.00000
25142	Bishop	Willow_Pond	un	11230546	0.34255	-1.00000	-1.00000	0.15689	-1.00000	-1.00000	0.17666	-1.00000	-1.00000	0.00052	-1.00000	-1.00000
25143	Bishop	Willow_Pond	un	11231319	0.04820	-1.00000	-1.00000	0.01177	-1.00000	-1.00000	0.01243	-1.00000	-1.00000	0.00024	-1.00000	-1.00000
25155	Bishop	Willow_Pond	un	11233695	-0.00000	-1.00000	-1.00000	-0.00000	-1.00000	-1.00000	-0.00000	-1.00000	-1.00000	0.00004	-1.00000	-1.00000
25160	Bishop	Willow_Pond	un	11236122	-0.02910	-1.00000	-1.00000	-0.02623	-1.00000	-1.00000	-0.00377	-1.00000	-1.00000	0.00068	-1.00000	-1.00000
25171	Bishop	Willow_Pond	un	11239354	0.06897	-1.00000	-1.00000	0.00760	-1.00000	-1.00000	0.00760	-1.00000	-1.00000	0.00013	-1.00000	-1.00000
25182	Bishop	Willow_Pond	un	11246707	0.00000	-1.00000	-1.00000	0.00000	-1.00000	-1.00000	-0.00009	-1.00000	-1.00000	0.00012	-1.00000	-1.00000
25189	Bishop	Willow_Pond	un	11250912	0.03448	-1.00000	-1.00000	0.00246	-1.00000	-1.00000	0.00246	-1.00000	-1.00000	0.00009	-1.00000	-1.00000
25192	Bishop	Willow_Pond	un	11252529	0.06897	-1.00000	-1.00000	0.00760	-1.00000	-1.00000	0.00760	-1.00000	-1.00000	0.00013	-1.00000	-1.00000
25196	Bishop	Willow_Pond	un	11253296	0.04067	-1.00000	-1.00000	0.00302	-1.00000	-1.00000	0.01050	-1.00000	-1.00000	0.00016	-1.00000	-1.00000
25202	Bishop	Willow_Pond	un	11255760	0.09920	-1.00000	-1.00000	0.01304	-1.00000	-1.00000	0.04448	-1.00000	-1.00000	0.00055	-1.00000	-1.00000
25205	Bishop	Willow_Pond	un	11257190	0.19057	-1.00000	-1.00000	0.04497	-1.00000	-1.00000	0.05876	-1.00000	-1.00000	0.00041	-1.00000	-1.00000
25208	Bishop	Willow_Pond	un	11258865	0.06897	-1.00000	-1.00000	0.00760	-1.00000	-1.00000	0.00760	-1.00000	-1.00000	0.00014	-1.00000	-1.00000
25225	Bishop	Willow_Pond	un	11265342	-0.00270	-1.00000	-1.00000	-0.00010	-1.00000	-1.00000	-0.00000	-1.00000	-1.00000	0.00005	-1.00000	-1.00000
25234	Bishop	Willow_Pond	un	11268669	0.21608	-1.00000	-1.00000	0.05772	-1.00000	-1.00000	0.10217	-1.00000	-1.00000	0.00040	-1.00000	-1.00000
25243	Bishop	Willow_Pond	un	11273651	-0.00235	-1.00000	-1.00000	-0.00008	-1.00000	-1.00000	-0.00000	-1.00000	-1.00000	0.00004	-1.00000	-1.00000
25251	Bishop	Willow_Pond	un	11275777	-0.00000	-1.00000	-1.00000	-0.00000	-1.00000	-1.00000	-0.00000	-1.00000	-1.00000	0.00004	-1.00000	-1.00000
25260	Bishop	Willow_Pond	un	11279864	0.41463	-1.00000	-1.00000	0.35417	-1.00000	-1.00000	0.31022	-1.00000	-1.00000	0.00079	-1.00000	-1.00000
25276	Bishop	Willow_Pond	un	11287028	-0.03684	-1.00000	-1.00000	-0.00273	-1.00000	-1.00000	0.01433	-1.00000	-1.00000	0.00024	-1.00000	-1.00000
25279	Bishop	Willow_Pond	un	11289535	-0.03159	-1.00000	-1.00000	-0.02366	-1.00000	-1.00000	-0.02825	-1.00000	-1.00000	0.00066	-1.00000	-1.00000
25288	Bishop	Willow_Pond	un	11292954	0.28945	-1.00000	-1.00000	0.11138	-1.00000	-1.00000	0.10588	-1.00000	-1.00000	0.00052	-1.00000	-1.00000
25289	Bishop	Willow_Pond	un	11293712	0.04820	-1.00000	-1.00000	0.00374	-1.00000	-1.00000	0.03064	-1.00000	-1.00000	0.00024	-1.00000	-1.00000
25313	Bishop	Willow_Pond	un	11298982	-0.03781	-1.00000	-1.00000	-0.02600	-1.00000	-1.00000	-0.02926	-1.00000	-1.00000	0.00064	-1.00000	-1.00000
25316	Bishop	Willow_Pond	un	11299773	-0.00925	-1.00000	-1.00000	-0.00207	-1.00000	-1.00000	-0.00207	-1.00000	-1.00000	0.00022	-1.00000	-1.00000
25323	Bishop	Willow_Pond	un	11303040	0.13263	-1.00000	-1.00000	0.02215	-1.00000	-1.00000	0.03571	-1.00000	-1.00000	0.00028	-1.00000	-1.00000
25324	Bishop	Willow_Pond	un	11303818	0.17241	-1.00000	-1.00000	0.04132	-1.00000	-1.00000	0.04132	-1.00000	-1.00000	0.00026	-1.00000	-1.00000
25334	Bishop	Willow_Pond	un	11306970	0.02760	-1.00000	-1.00000	0.00210	-1.00000	-1.00000	0.00246	-1.00000	-1.00000	0.00009	-1.00000	-1.00000
25338	Bishop	Willow_Pond	un	11308546	0.23835	-1.00000	-1.00000	0.10746	-1.00000	-1.00000	0.12324	-1.00000	-1.00000	0.00059	-1.00000	-1.00000
25339	Bishop	Willow_Pond	un	11309341	0.80895	-1.00000	-1.00000	0.78929	-1.00000	-1.00000	0.77580	-1.00000	-1.00000	0.00117	-1.00000	-1.00000
25345	Bishop	Willow_Pond	un	11311777	0.10345	-1.00000	-1.00000	0.01567	-1.00000	-1.00000	0.01567	-1.00000	-1.00000	0.00017	-1.00000	-1.00000
25366	Bishop	Willow_Pond	un	11319616	-0.04160	-1.00000	-1.00000	-0.00347	-1.00000	-1.00000	0.00877	-1.00000	-1.00000	0.00039	-1.00000	-1.00000
25371	Bishop	Willow_Pond	un	11322077	-0.00315	-1.00000	-1.00000	-0.00013	-1.00000	-1.00000	0.00589	-1.00000	-1.00000	0.00013	-1.00000	-1.00000
25373	Bishop	Willow_Pond	un	11322880	0.28911	-1.00000	-1.00000	0.20241	-1.00000	-1.00000	0.18505	-1.00000	-1.00000	0.00070	-1.00000	-1.00000
25374	Bishop	Willow_Pond	un	11323707	0.12643	-1.00000	-1.00000	0.02178	-1.00000	-1.00000	0.03023	-1.00000	-1.00000	0.00037	-1.00000	-1.00000
25376	Bishop	Willow_Pond	un	11324536	0.00000	-1.00000	-1.00000	0.00000	-1.00000	-1.00000	-0.00009	-1.00000	-1.00000	0.00014	-1.00000	-1.00000
25378	Bishop	Willow_Pond	un	11325272	0.00656	-1.00000	-1.00000	0.00026	-1.00000	-1.00000	0.01989	-1.00000	-1.00000	0.00034	-1.00000	-1.00000
25392	Bishop	Willow_Pond	un	11330129	0.08784	-1.00000	-1.00000	0.08111	-1.00000	-1.00000	0.05855	-1.00000	-1.00000	0.00078	-1.00000	-1.00000
25393	Bishop	Willow_Pond	un	11330934	-0.03975	-1.00000	-1.00000	-0.00319	-1.00000	-1.00000	-0.00376	-1.00000	-1.00000	0.00030	-1.00000	-1.00000
25394	Bishop	Willow_Pond	un	11331760	0.07875	-1.00000	-1.00000	0.00908	-1.00000	-1.00000	0.00881	-1.00000	-1.00000	0.00013	-1.00000	-1.00000
25397	Bishop	Willow_Pond	un	11333369	0.02659	-1.00000	-1.00000	0.01393	-1.00000	-1.00000	0.04821	-1.00000	-1.00000	0.00060	-1.00000	-1.00000
25404	Bishop	Willow_Pond	un	11334975	-0.02330	-1.00000	-1.00000	-0.00301	-1.00000	-1.00000	-0.00186	-1.00000	-1.00000	0.00035	-1.00000	-1.00000
25428	Bishop	Willow_Pond	un	11343986	0.00000	-1.00000	-1.00000	0.00000	-1.00000	-1.00000	-0.00000	-1.00000	-1.00000	0.00005	-1.00000	-1.00000
25429	Bishop	Willow_Pond	un	11344762	0.00561	-1.00000	-1.00000	0.00021	-1.00000	-1.00000	0.02159	-1.00000	-1.00000	0.00022	-1.00000	-1.00000
25434	Bishop	Willow_Pond	un	11347002	-0.02813	-1.00000	-1.00000	-0.00378	-1.00000	-1.00000	-0.02110	-1.00000	-1.00000	0.00047	-1.00000	-1.00000
25441	Bishop	Willow_Pond	un	11349207	0.12643	-1.00000	-1.00000	0.02178	-1.00000	-1.00000	0.05900	-1.00000	-1.00000	0.00032	-1.00000	-1.00000
25445	Bishop	Willow_Pond	un	11351702	-0.00235	-1.00000	-1.00000	-0.00008	-1.00000	-1.00000	-0.00000	-1.00000	-1.00000	0.00004	-1.00000	-1.00000
25450	Bishop	Willow_Pond	un	11354153	0.00000	-1.00000	-1.00000	0.00000	-1.00000	-1.00000	0.00508	-1.00000	-1.00000	0.00013	-1.00000	-1.00000
25455	Bishop	Willow_Pond	un	11356476	-0.00270	-1.00000	-1.00000	-0.00010	-1.00000	-1.00000	-0.00000	-1.00000	-1.00000	0.00005	-1.00000	-1.00000
25470	Bishop	Willow_Pond	un	11359632	-0.02432	-1.00000	-1.00000	-0.00910	-1.00000	-1.00000	-0.02203	-1.00000	-1.00000	0.00057	-1.00000	-1.00000
25476	Bishop	Willow_Pond	un	11363741	0.44632	-1.00000	-1.00000	0.26978	-1.00000	-1.00000	0.26945	-1.00000	-1.00000	0.00082	-1.00000	-1.00000
25484	Bishop	Willow_Pond	un	11366946	0.06924	-1.00000	-1.00000	0.03626	-1.00000	-1.00000	0.02257	-1.00000	-1.00000	0.00058	-1.00000	-1.00000
25487	Bishop	Willow_Pond	un	11368676	0.07875	-1.00000	-1.00000	0.00908	-1.00000	-1.00000	0.01894	-1.00000	-1.00000	0.00019	-1.00000	-1.00000
25494	Bishop	Willow_Pond	un	11372569	-0.02222	-1.00000	-1.00000	-0.00762	-1.00000	-1.00000	-0.01445	-1.00000	-1.00000	0.00050	-1.00000	-1.00000
25509	Bishop	Willow_Pond	un	11378848	0.10495	-1.00000	-1.00000	0.01335	-1.00000	-1.00000	0.02597	-1.00000	-1.00000	0.00023	-1.00000	-1.00000
25523	Bishop	Willow_Pond	un	11383728	-0.03841	-1.00000	-1.00000	-0.00296	-1.00000	-1.00000	-0.00486	-1.00000	-1.00000	0.00030	-1.00000	-1.00000
25525	Bishop	Willow_Pond	un	11384526	0.00290	-1.00000	-1.00000	0.00011	-1.00000	-1.00000	0.02159	-1.00000	-1.00000	0.00020	-1.00000	-1.00000
25527	Bishop	Willow_Pond	un	11385352	0.19057	-1.00000	-1.00000	0.04497	-1.00000	-1.00000	0.04376	-1.00000	-1.00000	0.00026	-1.00000	-1.00000
25531	Bishop	Willow_Pond	un	11387010	-0.02330	-1.00000	-1.00000	-0.00301	-1.00000	-1.00000	-0.01093	-1.00000	-1.00000	0.00033	-1.00000	-1.00000
25535	Bishop	Willow_Pond	un	11388610	0.15460	-1.00000	-1.00000	0.03162	-1.00000	-1.00000	0.04578	-1.00000	-1.00000	0.00029	-1.00000	-1.00000
25539	Bishop	Willow_Pond	un	11391712	0.18240	-1.00000	-1.00000	0.04441	-1.00000	-1.00000	0.04984	-1.00000	-1.00000	0.00047	-1.00000	-1.00000
25562	Bishop	Willow_Pond	un	11398879	0.06897	-1.00000	-1.00000	0.00760	-1.00000	-1.00000	0.00760	-1.00000	-1.00000	0.00012	-1.00000	-1.00000
25572	Bishop	Willow_Pond	un	11403952	0.02031	-1.00000	-1.00000	0.00885	-1.00000	-1.00000	0.03947	-1.00000	-1.00000	0.00059	-1.00000	-1.00000
25578	Bishop	Willow_Pond	un	11405590	0.07436	-1.00000	-1.00000	0.00994	-1.00000	-1.00000	-0.00687	-1.00000	-1.00000	0.00040	-1.00000	-1.00000
25582	Bishop	Willow_Pond	un	11407930	0.04348	-1.00000	-1.00000	0.00394	-1.00000	-1.00000	-0.01338	-1.00000	-1.00000	0.00048	-1.00000	-1.00000
25583	Bishop	Willow_Pond	un	11408705	-0.02055	-1.00000	-1.00000	-0.00226	-1.00000	-1.00000	0.00300	-1.00000	-1.00000	0.00019	-1.00000	-1.00000
25591	Bishop	Willow_Pond	un	11412657	0.06897	-1.00000	-1.00000	0.00760	-1.00000	-1.00000	0.00760	-1.00000	-1.00000	0.00013	-1.00000	-1.00000
25619	Bishop	Willow_Pond	un	11421968	0.00251	-1.00000	-1.00000	0.00009	-1.00000	-1.00000	-0.00000	-1.00000	-1.00000	0.00004	-1.00000	-1.00000
25621	Bishop	Willow_Pond	un	11422811	-0.02454	-1.00000	-1.00000	-0.00762	-1.00000	-1.00000	0.01644	-1.00000	-1.00000	0.00045	-1.00000	-1.00000
25645	Bishop	Willow_Pond	un	11431697	0.00290	-1.00000	-1.00000	0.00011	-1.00000	-1.00000	0.00088	-1.00000	-1.00000	0.00026	-1.00000	-1.00000
25650	Bishop	Willow_Pond	un	11433179	0.50116	-1.00000	-1.00000	0.39727	-1.00000	-1.00000	0.39084	-1.00000	-1.00000	0.00078	-1.00000	-1.00000
25653	Bishop	Willow_Pond	un	11435499	0.89246	-1.00000	-1.00000	0.88109	-1.00000	-1.00000	0.88227	-1.00000	-1.00000	0.00106	-1.00000	-1.00000
25675	Bishop	Willow_Pond	un	11442735	-0.02664	-1.00000	-1.00000	-0.00546	-1.00000	-1.00000	-0.00441	-1.00000	-1.00000	0.00038	-1.00000	-1.00000
25686	Bishop	Willow_Pond	un	11445971	0.28070	-1.00000	-1.00000	0.09850	-1.00000	-1.00000	0.14386	-1.00000	-1.00000	0.00054	-1.00000	-1.00000
25693	Bishop	Willow_Pond	un	11449115	0.03448	-1.00000	-1.00000	0.00246	-1.00000	-1.00000	0.00246	-1.00000	-1.00000	0.00008	-1.00000	-1.00000
25697	Bishop	Willow_Pond	un	11451546	0.00251	-1.00000	-1.00000	0.00009	-1.00000	-1.00000	0.00508	-1.00000	-1.00000	0.00012	-1.00000	-1.00000
25700	Bishop	Willow_Pond	un	11452375	-0.00565	-1.00000	-1.00000	-0.00022	-1.00000	-1.00000	0.00778	-1.00000	-1.00000	0.00033	-1.00000	-1.00000
25705	Bishop	Willow_Pond	un	11453181	0.00000	-1.00000	-1.00000	0.00000	-1.00000	-1.00000	-0.00502	-1.00000	-1.00000	0.00018	-1.00000	-1.00000
25710	Bishop	Willow_Pond	un	11455624	0.00000	-1.00000	-1.00000	0.00000	-1.00000	-1.00000	-0.00502	-1.00000	-1.00000	0.00019	-1.00000	-1.00000
25713	Bishop	Willow_Pond	un	11456440	0.04348	-1.00000	-1.00000	0.00394	-1.00000	-1.00000	-0.01338	-1.00000	-1.00000	0.00045	-1.00000	-1.00000
25729	Bishop	Willow_Pond	un	11462039	0.14504	-1.00000	-1.00000	0.02643	-1.00000	-1.00000	0.04215	-1.00000	-1.00000	0.00031	-1.00000	-1.00000
25743	Bishop	Willow_Pond	un	11469313	-0.01591	-1.00000	-1.00000	-0.00398	-1.00000	-1.00000	-0.01107	-1.00000	-1.00000	0.00043	-1.00000	-1.00000
25749	Bishop	Willow_Pond	un	11471735	-0.03795	-1.00000	-1.00000	-0.00293	-1.00000	-1.00000	0.01733	-1.00000	-1.00000	0.00028	-1.00000	-1.00000
25772	Bishop	Willow_Pond	un	11481148	0.04838	-1.00000	-1.00000	0.00422	-1.00000	-1.00000	0.00836	-1.00000	-1.00000	0.00036	-1.00000	-1.00000
25777	Bishop	Willow_Pond	un	11483531	0.06470	-1.00000	-1.00000	0.00736	-1.00000	-1.00000	0.00300	-1.00000	-1.00000	0.00018	-1.00000	-1.00000
25779	Bishop	Willow_Pond	un	11484417	0.06897	-1.00000	-1.00000	0.00760	-1.00000	-1.00000	0.00760	-1.00000	-1.00000	0.00011	-1.00000	-1.00000
25780	Bishop	Willow_Pond	un	11485329	0.04420	-1.00000	-1.00000	0.00354	-1.00000	-1.00000	0.03064	-1.00000	-1.00000	0.00022	-1.00000	-1.00000
25784	Bishop	Willow_Pond	un	11486984	0.13788	-1.00000	-1.00000	0.02596	-1.00000	-1.00000	0.04215	-1.00000	-1.00000	0.00031	-1.00000	-1.00000
25790	Bishop	Willow_Pond	un	11490711	0.11111	-1.00000	-1.00000	0.01818	-1.00000	-1.00000	0.01818	-1.00000	-1.00000	0.00017	-1.00000	-1.00000
25800	Bishop	Willow_Pond	un	11495472	-0.00746	-1.00000	-1.00000	-0.00220	-1.00000	-1.00000	-0.00443	-1.00000	-1.00000	0.00034	-1.00000	-1.00000
25801	Bishop	Willow_Pond	un	11496308	0.00951	-1.00000	-1.00000	0.00037	-1.00000	-1.00000	0.02512	-1.00000	-1.00000	0.00023	-1.00000	-1.00000
25805	Bishop	Willow_Pond	un	11499455	0.00000	-1.00000	-1.00000	0.00000	-1.00000	-1.00000	-0.01682	-1.00000	-1.00000	0.00044	-1.00000	-1.00000
25808	Bishop	Willow_Pond	un	11501023	-0.00315	-1.00000	-1.00000	-0.00013	-1.00000	-1.00000	-0.00564	-1.00000	-1.00000	0.00039	-1.00000	-1.00000
25817	Bishop	Willow_Pond	un	11503198	0.04000	-1.00000	-1.00000	0.00332	-1.00000	-1.00000	-0.00760	-1.00000	-1.00000	0.00034	-1.00000	-1.00000
25818	Bishop	Willow_Pond	un	11504052	-0.00315	-1.00000	-1.00000	-0.00013	-1.00000	-1.00000	-0.01039	-1.00000	-1.00000	0.00036	-1.00000	-1.00000
25819	Bishop	Willow_Pond	un	11504910	0.15460	-1.00000	-1.00000	0.03162	-1.00000	-1.00000	0.03120	-1.00000	-1.00000	0.00028	-1.00000	-1.00000
25839	Bishop	Willow_Pond	un	11508705	0.03448	-1.00000	-1.00000	0.00246	-1.00000	-1.00000	0.00246	-1.00000	-1.00000	0.00008	-1.00000	-1.00000
25852	Bishop	Willow_Pond	un	11512938	0.00000	-1.00000	-1.00000	0.00000	-1.00000	-1.00000	-0.01682	-1.00000	-1.00000	0.00044	-1.00000	-1.00000
25858	Bishop	Willow_Pond	un	11516139	0.02912	-1.00000	-1.00000	0.00239	-1.00000	-1.00000	0.00284	-1.00000	-1.00000	0.00009	-1.00000	-1.00000
25865	Bishop	Willow_Pond	un	11516965	-0.00235	-1.00000	-1.00000	-0.00008	-1.00000	-1.00000	-0.00000	-1.00000	-1.00000	0.00004	-1.00000	-1.00000
25868	Bishop	Willow_Pond	un	11518574	0.04067	-1.00000	-1.00000	0.00302	-1.00000	-1.00000	0.00284	-1.00000	-1.00000	0.00009	-1.00000	-1.00000
25871	Bishop	Willow_Pond	un	11519872	-0.00489	-1.00000	-1.00000	-0.00018	-1.00000	-1.00000	0.01104	-1.00000	-1.00000	0.00019	-1.00000	-1.00000
25876	Bishop	Willow_Pond	un	11524130	0.31934	-1.00000	-1.00000	0.32769	-1.00000	-1.00000	0.30182	-1.00000	-1.00000	0.00081	-1.00000	-1.00000
25880	Bishop	Willow_Pond	un	11525430	-0.00000	-1.00000	-1.00000	-0.00000	-1.00000	-1.00000	-0.00000	-1.00000	-1.00000	0.00004	-1.00000	-1.00000
25881	Bishop	Willow_Pond	un	11526248	0.00951	-1.00000	-1.00000	0.00037	-1.00000	-1.00000	0.05121	-1.00000	-1.00000	0.00027	-1.00000	-1.00000
25893	Bishop	Willow_Pond	un	11531052	-0.00000	-1.00000	-1.00000	-0.00000	-1.00000	-1.00000	-0.00000	-1.00000	-1.00000	0.00004	-1.00000	-1.00000
25897	Bishop	Willow_Pond	un	11533370	0.03704	-1.00000	-1.00000	0.00284	-1.00000	-1.00000	0.00021	-1.00000	-1.00000	0.00017	-1.00000	-1.00000
25901	Bishop	Willow_Pond	un	11536622	0.27018	-1.00000	-1.00000	0.10984	-1.00000	-1.00000	0.16077	-1.00000	-1.00000	0.00045	-1.00000	-1.00000
25906	Bishop	Willow_Pond	un	11538107	-0.00000	-1.00000	-1.00000	-0.00000	-1.00000	-1.00000	-0.00000	-1.00000	-1.00000	0.00004	-1.00000	-1.00000
25915	Bishop	Willow_Pond	un	11541429	-0.04348	-1.00000	-1.00000	-0.01701	-1.00000	-1.00000	-0.03539	-1.00000	-1.00000	0.00061	-1.00000	-1.00000
25918	Bishop	Willow_Pond	un	11543202	0.11111	-1.00000	-1.00000	0.01818	-1.00000	-1.00000	0.01289	-1.00000	-1.00000	0.00031	-1.00000	-1.00000
25922	Bishop	Willow_Pond	un	11544688	-0.02144	-1.00000	-1.00000	-0.01113	-1.00000	-1.00000	-0.01734	-1.00000	-1.00000	0.00058	-1.00000	-1.00000
25932	Bishop	Willow_Pond	un	11548650	0.03448	-1.00000	-1.00000	0.00246	-1.00000	-1.00000	0.00246	-1.00000	-1.00000	0.00008	-1.00000	-1.00000
25943	Bishop	Willow_Pond	un	11550430	0.87883	-1.00000	-1.00000	0.85901	-1.00000	-1.00000	0.86878	-1.00000	-1.00000	0.00105	-1.00000	-1.00000
25950	Bishop	Willow_Pond	un	11553766	0.06470	-1.00000	-1.00000	0.00736	-1.00000	-1.00000	0.00760	-1.00000	-1.00000	0.00013	-1.00000	-1.00000
25953	Bishop	Willow_Pond	un	11556202	0.37024	-1.00000	-1.00000	0.18442	-1.00000	-1.00000	0.17874	-1.00000	-1.00000	0.00060	-1.00000	-1.00000
25955	Bishop	Willow_Pond	un	11557758	0.40275	-1.00000	-1.00000	0.39928	-1.00000	-1.00000	0.39557	-1.00000	-1.00000	0.00086	-1.00000	-1.00000
25964	Bishop	Willow_Pond	un	11561748	-0.00000	-1.00000	-1.00000	-0.00000	-1.00000	-1.00000	-0.00000	-1.00000	-1.00000	0.00004	-1.00000	-1.00000
25965	Bishop	Willow_Pond	un	11562591	0.02912	-1.00000	-1.00000	0.00239	-1.00000	-1.00000	0.00518	-1.00000	-1.00000	0.00046	-1.00000	-1.00000
25973	Bishop	Willow_Pond	un	11565613	0.22677	-1.00000	-1.00000	0.06831	-1.00000	-1.00000	0.07471	-1.00000	-1.00000	0.00053	-1.00000	-1.00000
25975	Bishop	Willow_Pond	un	11566476	-0.00000	-1.00000	-1.00000	-0.00000	-1.00000	-1.00000	-0.00000	-1.00000	-1.00000	0.00004	-1.00000	-1.00000
25977	Bishop	Willow_Pond	un	11567335	0.09054	-1.00000	-1.00000	0.01094	-1.00000	-1.00000	0.01033	-1.00000	-1.00000	0.00014	-1.00000	-1.00000
25982	Bishop	Willow_Pond	un	11569666	-0.00270	-1.00000	-1.00000	-0.00010	-1.00000	-1.00000	-0.00558	-1.00000	-1.00000	0.00020	-1.00000	-1.00000
25983	Bishop	Willow_Pond	un	11570481	0.03448	-1.00000	-1.00000	0.00246	-1.00000	-1.00000	0.00246	-1.00000	-1.00000	0.00008	-1.00000	-1.00000
25996	Bishop	Willow_Pond	un	11576345	-0.00270	-1.00000	-1.00000	-0.00010	-1.00000	-1.00000	-0.00488	-1.00000	-1.00000	0.00025	-1.00000	-1.00000
26004	Bishop	Willow_Pond	un	11580461	-0.00235	-1.00000	-1.00000	-0.00008	-1.00000	-1.00000	0.00008	-1.00000	-1.00000	0.00012	-1.00000	-1.00000
26016	Bishop	Willow_Pond	un	11583653	0.00251	-1.00000	-1.00000	0.00009	-1.00000	-1.00000	-0.00000	-1.00000	-1.00000	0.00005	-1.00000	-1.00000
26017	Bishop	Willow_Pond	un	11584346	0.11111	-1.00000	-1.00000	0.01818	-1.00000	-1.00000	0.03064	-1.00000	-1.00000	0.00023	-1.00000	-1.00000
26020	Bishop	Willow_Pond	un	11586099	-0.03721	-1.00000	-1.00000	-0.02104	-1.00000	-1.00000	-0.00055	-1.00000	-1.00000	0.00053	-1.00000	-1.00000
26023	Bishop	Willow_Pond	un	11586933	0.11672	-1.00000	-1.00000	0.01853	-1.00000	-1.00000	0.01818	-1.00000	-1.00000	0.00019	-1.00000	-1.00000
26026	Bishop	Willow_Pond	un	11587673	0.22567	-1.00000	-1.00000	0.10467	-1.00000	-1.00000	0.10959	-1.00000	-1.00000	0.00065	-1.00000	-1.00000
26027	Bishop	Willow_Pond	un	11588475	-0.03352	-1.00000	-1.00000	-0.01206	-1.00000	-1.00000	-0.01068	-1.00000	-1.00000	0.00037	-1.00000	-1.00000
26044	Bishop	Willow_Pond	un	11596246	0.15234	-1.00000	-1.00000	0.03609	-1.00000	-1.00000	0.01846	-1.00000	-1.00000	0.00041	-1.00000	-1.00000
26053	Bishop	Willow_Pond	un	11600028	0.01037	-1.00000	-1.00000	0.00609	-1.00000	-1.00000	0.03545	-1.00000	-1.00000	0.00057	-1.00000	-1.00000
26058	Bishop	Willow_Pond	un	11603339	0.24943	-1.00000	-1.00000	0.16562	-1.00000	-1.00000	0.15822	-1.00000	-1.00000	0.00062	-1.00000	-1.00000
26064	Bishop	Willow_Pond	un	11605745	-0.00235	-1.00000	-1.00000	-0.00008	-1.00000	-1.00000	-0.00000	-1.00000	-1.00000	0.00004	-1.00000	-1.00000
26071	Bishop	Willow_Pond	un	11608260	-0.03841	-1.00000	-1.00000	-0.00296	-1.00000	-1.00000	-0.00297	-1.00000	-1.00000	0.00011	-1.00000	-1.00000
26078	Bishop	Willow_Pond	un	11611351	-0.00000	-1.00000	-1.00000	-0.00000	-1.00000	-1.00000	-0.00000	-1.00000	-1.00000	0.00004	-1.00000	-1.00000
26079	Bishop	Willow_Pond	un	11612112	0.43592	-1.00000	-1.00000	0.35968	-1.00000	-1.00000	0.36471	-1.00000	-1.00000	0.00082	-1.00000	-1.00000
26081	Bishop	Willow_Pond	un	11612893	0.03448	-1.00000	-1.00000	0.00246	-1.00000	-1.00000	0.00246	-1.00000	-1.00000	0.00008	-1.00000	-1.00000
26082	Bishop	Willow_Pond	un	11613696	-0.00000	-1.00000	-1.00000	-0.00000	-1.00000	-1.00000	-0.00000	-1.00000	-1.00000	0.00004	-1.00000	-1.00000
26083	Bishop	Willow_Pond	un	11614616	-0.03975	-1.00000	-1.00000	-0.00319	-1.00000	-1.00000	0.01151	-1.00000	-1.00000	0.00035	-1.00000	-1.00000
26085	Bishop	Willow_Pond	un	11615471	-0.00000	-1.00000	-1.00000	-0.00000	-1.00000	-1.00000	-0.00000	-1.00000	-1.00000	0.00004	-1.00000	-1.00000
26127	Bishop	Willow_Pond	un	11632328	0.05774	-1.00000	-1.00000	0.03611	-1.00000	-1.00000	0.02185	-1.00000	-1.00000	0.00058	-1.00000	-1.00000
26141	Bishop	Willow_Pond	un	11640678	-0.03729	-1.00000	-1.00000	-0.01716	-1.00000	-1.00000	-0.01583	-1.00000	-1.00000	0.00053	-1.00000	-1.00000
26145	Bishop	Willow_Pond	un	11641511	0.00797	-1.00000	-1.00000	0.00238	-1.00000	-1.00000	-0.00393	-1.00000	-1.00000	0.00043	-1.00000	-1.00000
26154	Bishop	Willow_Pond	un	11646277	-0.01798	-1.00000	-1.00000	-0.00206	-1.00000	-1.00000	0.02071	-1.00000	-1.00000	0.00026	-1.00000	-1.00000
26162	Bishop	Willow_Pond	un	11651035	0.08272	-1.00000	-1.00000	0.04193	-1.00000	-1.00000	0.05105	-1.00000	-1.00000	0.00055	-1.00000	-1.00000
26177	Bishop	Willow_Pond	un	11658431	0.09054	-1.00000	-1.00000	0.01094	-1.00000	-1.00000	0.01033	-1.00000	-1.00000	0.00014	-1.00000	-1.00000
26179	Bishop	Willow_Pond	un	11660034	0.02609	-1.00000	-1.00000	0.00942	-1.00000	-1.00000	0.01181	-1.00000	-1.00000	0.00045	-1.00000	-1.00000
26180	Bishop	Willow_Pond	un	11660856	-0.03558	-1.00000	-1.00000	-0.00527	-1.00000	-1.00000	-0.00528	-1.00000	-1.00000	0.00016	-1.00000	-1.00000
26181	Bishop	Willow_Pond	un	11661665	0.00951	-1.00000	-1.00000	0.00037	-1.00000	-1.00000	0.02512	-1.00000	-1.00000	0.00020	-1.00000	-1.00000
26190	Bishop	Willow_Pond	un	11664221	0.23078	-1.00000	-1.00000	0.08046	-1.00000	-1.00000	0.05112	-1.00000	-1.00000	0.00059	-1.00000	-1.00000
26197	Bishop	Willow_Pond	un	11666641	0.08696	-1.00000	-1.00000	0.08000	-1.00000	-1.00000	0.06939	-1.00000	-1.00000	0.00079	-1.00000	-1.00000
26198	Bishop	Willow_Pond	un	11667434	-0.00000	-1.00000	-1.00000	-0.00000	-1.00000	-1.00000	-0.00000	-1.00000	-1.00000	0.00004	-1.00000	-1.00000
26201	Bishop	Willow_Pond	un	11668215	-0.00000	-1.00000	-1.00000	-0.00000	-1.00000	-1.00000	-0.00000	-1.00000	-1.00000	0.00004	-1.00000	-1.00000
26231	Bishop	Willow_Pond	un	11685330	0.00561	-1.00000	-1.00000	0.00021	-1.00000	-1.00000	0.00589	-1.00000	-1.00000	0.00013	-1.00000	-1.00000
26236	Bishop	Willow_Pond	un	11686934	0.46894	-1.00000	-1.00000	0.32355	-1.00000	-1.00000	0.29710	-1.00000	-1.00000	0.00077	-1.00000	-1.00000
26242	Bishop	Willow_Pond	un	11688547	0.60656	-1.00000	-1.00000	0.52939	-1.00000	-1.00000	0.54201	-1.00000	-1.00000	0.00090	-1.00000	-1.00000
26252	Bishop	Willow_Pond	un	11693220	-0.03080	-1.00000	-1.00000	-0.02855	-1.00000	-1.00000	-0.00587	-1.00000	-1.00000	0.00073	-1.00000	-1.00000
26283	Bishop	Willow_Pond	un	11706657	-0.02913	-1.00000	-1.00000	-0.00330	-1.00000	-1.00000	0.00934	-1.00000	-1.00000	0.00026	-1.00000	-1.00000
26284	Bishop	Willow_Pond	un	11707488	0.37024	-1.00000	-1.00000	0.18442	-1.00000	-1.00000	0.19855	-1.00000	-1.00000	0.00064	-1.00000	-1.00000
26287	Bishop	Willow_Pond	un	11709028	-0.04145	-1.00000	-1.00000	-0.00721	-1.00000	-1.00000	-0.01918	-1.00000	-1.00000	0.00043	-1.00000	-1.00000
26291	Bishop	Willow_Pond	un	11711471	0.13263	-1.00000	-1.00000	0.02215	-1.00000	-1.00000	0.05900	-1.00000	-1.00000	0.00033	-1.00000	-1.00000
26297	Bishop	Willow_Pond	un	11713023	0.60174	-1.00000	-1.00000	0.47845	-1.00000	-1.00000	0.47803	-1.00000	-1.00000	0.00075	-1.00000	-1.00000
26298	Bishop	Willow_Pond	un	11713836	-0.00235	-1.00000	-1.00000	-0.00008	-1.00000	-1.00000	-0.00000	-1.00000	-1.00000	0.00004	-1.00000	-1.00000
26299	Bishop	Willow_Pond	un	11714711	0.04838	-1.00000	-1.00000	0.00422	-1.00000	-1.00000	0.00323	-1.00000	-1.00000	0.00042	-1.00000	-1.00000
26305	Bishop	Willow_Pond	un	11717598	-0.00341	-1.00000	-1.00000	-0.00055	-1.00000	-1.00000	-0.00643	-1.00000	-1.00000	0.00032	-1.00000	-1.00000
26312	Bishop	Willow_Pond	un	11720512	-0.00000	-1.00000	-1.00000	-0.00000	-1.00000	-1.00000	-0.00000	-1.00000	-1.00000	0.00004	-1.00000	-1.00000
26325	Bishop	Willow_Pond	un	11726911	0.00181	-1.00000	-1.00000	0.00026	-1.00000	-1.00000	0.00026	-1.00000	-1.00000	0.00014	-1.00000	-1.00000
26331	Bishop	Willow_Pond	un	11729283	0.39533	-1.00000	-1.00000	0.35893	-1.00000	-1.00000	0.41643	-1.00000	-1.00000	0.00085	-1.00000	-1.00000
26332	Bishop	Willow_Pond	un	11730077	-0.03567	-1.00000	-1.00000	-0.00255	-1.00000	-1.00000	-0.00256	-1.00000	-1.00000	0.00007	-1.00000	-1.00000
26336	Bishop	Willow_Pond	un	11731837	0.11672	-1.00000	-1.00000	0.01853	-1.00000	-1.00000	0.01818	-1.00000	-1.00000	0.00018	-1.00000	-1.00000
26341	Bishop	Willow_Pond	un	11735094	0.17448	-1.00000	-1.00000	0.03767	-1.00000	-1.00000	0.05342	-1.00000	-1.00000	0.00029	-1.00000	-1.00000
26343	Bishop	Willow_Pond	un	11735951	0.09054	-1.00000	-1.00000	0.01094	-1.00000	-1.00000	0.04304	-1.00000	-1.00000	0.00031	-1.00000	-1.00000
26345	Bishop	Willow_Pond	un	11736706	0.06990	-1.00000	-1.00000	0.07180	-1.00000	-1.00000	0.05351	-1.00000	-1.00000	0.00075	-1.00000	-1.00000
26346	Bishop	Willow_Pond	un	11737543	0.19126	-1.00000	-1.00000	0.13734	-1.00000	-1.00000	0.12633	-1.00000	-1.00000	0.00060	-1.00000	-1.00000
26355	Bishop	Willow_Pond	un	11739181	0.00000	-1.00000	-1.00000	0.00000	-1.00000	-1.00000	-0.00009	-1.00000	-1.00000	0.00013	-1.00000	-1.00000
26366	Bishop	Willow_Pond	un	11742317	0.08262	-1.00000	-1.00000	0.05179	-1.00000	-1.00000	0.04537	-1.00000	-1.00000	0.00058	-1.00000	-1.00000
26367	Bishop	Willow_Pond	un	11743125	0.18519	-1.00000	-1.00000	0.04808	-1.00000	-1.00000	0.04260	-1.00000	-1.00000	0.00038	-1.00000	-1.00000
26373	Bishop	Willow_Pond	un	11745515	-0.00489	-1.00000	-1.00000	-0.00018	-1.00000	-1.00000	0.01104	-1.00000	-1.00000	0.00019	-1.00000	-1.00000
26388	Bishop	Willow_Pond	un	11752267	0.03632	-1.00000	-1.00000	0.01266	-1.00000	-1.00000	0.01203	-1.00000	-1.00000	0.00047	-1.00000	-1.00000
26396	Bishop	Willow_Pond	un	11756940	-0.00270	-1.00000	-1.00000	-0.00010	-1.00000	-1.00000	-0.00488	-1.00000	-1.00000	0.00026	-1.00000	-1.00000
26397	Bishop	Willow_Pond	un	11757752	-0.00270	-1.00000	-1.00000	-0.00010	-1.00000	-1.00000	-0.00000	-1.00000	-1.00000	0.00005	-1.00000	-1.00000
26411	Bishop	Willow_Pond	un	11761689	-0.00000	-1.00000	-1.00000	-0.00000	-1.00000	-1.00000	-0.00000	-1.00000	-1.00000	0.00004	-1.00000	-1.00000
26426	Bishop	Willow_Pond	un	11766658	-0.02184	-1.00000	-1.00000	-0.00259	-1.00000	-1.00000	-0.00809	-1.00000	-1.00000	0.00029	-1.00000	-1.00000
26428	Bishop	Willow_Pond	un	11767411	0.06024	-1.00000	-1.00000	0.00707	-1.00000	-1.00000	0.00760	-1.00000	-1.00000	0.00012	-1.00000	-1.00000
26452	Bishop	Willow_Pond	un	11776454	0.24887	-1.00000	-1.00000	0.08190	-1.00000	-1.00000	0.07646	-1.00000	-1.00000	0.00044	-1.00000	-1.00000
26466	Bishop	Willow_Pond	un	11778858	0.03704	-1.00000	-1.00000	0.00284	-1.00000	-1.00000	0.00284	-1.00000	-1.00000	0.00010	-1.00000	-1.00000
26479	Bishop	Willow_Pond	un	11784958	0.71355	-1.00000	-1.00000	0.62879	-1.00000	-1.00000	0.63509	-1.00000	-1.00000	0.00097	-1.00000	-1.00000
26480	Bishop	Willow_Pond	un	11785755	0.04348	-1.00000	-1.00000	0.00394	-1.00000	-1.00000	-0.00033	-1.00000	-1.00000	0.00043	-1.00000	-1.00000
26495	Bishop	Willow_Pond	un	11790529	-0.03505	-1.00000	-1.00000	-0.01033	-1.00000	-1.00000	-0.01647	-1.00000	-1.00000	0.00039	-1.00000	-1.00000
26501	Bishop	Willow_Pond	un	11792989	0.51120	-1.00000	-1.00000	0.32555	-1.00000	-1.00000	0.40206	-1.00000	-1.00000	0.00079	-1.00000	-1.00000
26505	Bishop	Willow_Pond	un	11794528	0.03114	-1.00000	-1.00000	0.00229	-1.00000	-1.00000	0.00246	-1.00000	-1.00000	0.00009	-1.00000	-1.00000
26511	Bishop	Willow_Pond	un	11796452	0.10495	-1.00000	-1.00000	0.01335	-1.00000	-1.00000	0.08145	-1.00000	-1.00000	0.00040	-1.00000	-1.00000
26513	Bishop	Willow_Pond	un	11797204	0.03704	-1.00000	-1.00000	0.00284	-1.00000	-1.00000	0.00284	-1.00000	-1.00000	0.00009	-1.00000	-1.00000
26528	Bishop	Willow_Pond	un	11803557	0.07407	-1.00000	-1.00000	0.00881	-1.00000	-1.00000	0.00881	-1.00000	-1.00000	0.00013	-1.00000	-1.00000
26537	Bishop	Willow_Pond	un	11806792	-0.00000	-1.00000	-1.00000	-0.00000	-1.00000	-1.00000	-0.00000	-1.00000	-1.00000	0.00004	-1.00000	-1.00000
26538	Bishop	Willow_Pond	un	11807582	0.32000	-1.00000	-1.00000	0.14487	-1.00000	-1.00000	0.13019	-1.00000	-1.00000	0.00061	-1.00000	-1.00000
26543	Bishop	Willow_Pond	un	11811408	0.03783	-1.00000	-1.00000	0.03046	-1.00000	-1.00000	0.01522	-1.00000	-1.00000	0.00075	-1.00000	-1.00000
26548	Bishop	Willow_Pond	un	11813567	0.00561	-1.00000	-1.00000	0.00021	-1.00000	-1.00000	-0.00000	-1.00000	-1.00000	0.00005	-1.00000	-1.00000
26552	Bishop	Willow_Pond	un	11815875	0.03448	-1.00000	-1.00000	0.00246	-1.00000	-1.00000	0.00246	-1.00000	-1.00000	0.00008	-1.00000	-1.00000
26556	Bishop	Willow_Pond	un	11817337	-0.04348	-1.00000	-1.00000	-0.00379	-1.00000	-1.00000	0.00564	-1.00000	-1.00000	0.00036	-1.00000	-1.00000
26558	Bishop	Willow_Pond	un	11818185	0.00340	-1.00000	-1.00000	0.00014	-1.00000	-1.00000	0.02512	-1.00000	-1.00000	0.00022	-1.00000	-1.00000
26566	Bishop	Willow_Pond	un	11819815	0.00000	-1.00000	-1.00000	0.00000	-1.00000	-1.00000	-0.00502	-1.00000	-1.00000	0.00018	-1.00000	-1.00000
26571	Bishop	Willow_Pond	un	11822237	0.53527	-1.00000	-1.00000	0.42434	-1.00000	-1.00000	0.39331	-1.00000	-1.00000	0.00086	-1.00000	-1.00000
26583	Bishop	Willow_Pond	un	11827645	0.03114	-1.00000	-1.00000	0.00229	-1.00000	-1.00000	0.00246	-1.00000	-1.00000	0.00008	-1.00000	-1.00000
26607	Bishop	Willow_Pond	un	11838821	0.03704	-1.00000	-1.00000	0.00284	-1.00000	-1.00000	-0.00227	-1.00000	-1.00000	0.00022	-1.00000	-1.00000
26608	Bishop	Willow_Pond	un	11839658	0.03448	-1.00000	-1.00000	0.00246	-1.00000	-1.00000	0.00246	-1.00000	-1.00000	0.00009	-1.00000	-1.00000
26621	Bishop	Willow_Pond	un	11844456	-0.00489	-1.00000	-1.00000	-0.00018	-1.00000	-1.00000	0.01104	-1.00000	-1.00000	0.00021	-1.00000	-1.00000
26627	Bishop	Willow_Pond	un	11846020	0.02760	-1.00000	-1.00000	0.00210	-1.00000	-1.00000	0.00021	-1.00000	-1.00000	0.00018	-1.00000	-1.00000
26630	Bishop	Willow_Pond	un	11846774	0.20818	-1.00000	-1.00000	0.05720	-1.00000	-1.00000	0.10217	-1.00000	-1.00000	0.00040	-1.00000	-1.00000
26641	Bishop	Willow_Pond	un	11850827	0.96159	-1.00000	-1.00000	0.96296	-1.00000	-1.00000	0.96315	-1.00000	-1.00000	0.00107	-1.00000	-1.00000
26649	Bishop	Willow_Pond	un	11854057	0.05748	-1.00000	-1.00000	0.00467	-1.00000	-1.00000	0.06452	-1.00000	-1.00000	0.00033	-1.00000	-1.00000
26659	Bishop	Willow_Pond	un	11858860	0.00727	-1.00000	-1.00000	0.00110	-1.00000	-1.00000	0.00091	-1.00000	-1.00000	0.00016	-1.00000	-1.00000
26660	Bishop	Willow_Pond	un	11859673	0.00656	-1.00000	-1.00000	0.00026	-1.00000	-1.00000	0.00261	-1.00000	-1.00000	0.00050	-1.00000	-1.00000
26677	Bishop	Willow_Pond	un	11866710	0.16205	-1.00000	-1.00000	0.07758	-1.00000	-1.00000	0.07707	-1.00000	-1.00000	0.00046	-1.00000	-1.00000
26686	Bishop	Willow_Pond	un	11871439	0.06470	-1.00000	-1.00000	0.00736	-1.00000	-1.00000	0.00300	-1.00000	-1.00000	0.00021	-1.00000	-1.00000
26695	Bishop	Willow_Pond	un	11875414	0.23078	-1.00000	-1.00000	0.08046	-1.00000	-1.00000	0.09005	-1.00000	-1.00000	0.00052	-1.00000	-1.00000
26700	Bishop	Willow_Pond	un	11877770	-0.03841	-1.00000	-1.00000	-0.00296	-1.00000	-1.00000	-0.00486	-1.00000	-1.00000	0.00034	-1.00000	-1.00000
26708	Bishop	Willow_Pond	un	11879978	0.08696	-1.00000	-1.00000	0.01227	-1.00000	-1.00000	-0.00706	-1.00000	-1.00000	0.00049	-1.00000	-1.00000
26712	Bishop	Willow_Pond	un	11882116	-0.03704	-1.00000	-1.00000	-0.00275	-1.00000	-1.00000	-0.00786	-1.00000	-1.00000	0.00023	-1.00000	-1.00000
26716	Bishop	Willow_Pond	un	11883691	-0.02782	-1.00000	-1.00000	-0.00329	-1.00000	-1.00000	0.00179	-1.00000	-1.00000	0.00021	-1.00000	-1.00000
26740	Bishop	Willow_Pond	un	11889559	-0.00000	-1.00000	-1.00000	-0.00000	-1.00000	-1.00000	-0.00000	-1.00000	-1.00000	0.00004	-1.00000	-1.00000
26753	Bishop	Willow_Pond	un	11894334	-0.00931	-1.00000	-1.00000	-0.00156	-1.00000	-1.00000	-0.00805	-1.00000	-1.00000	0.00033	-1.00000	-1.00000
26759	Bishop	Willow_Pond	un	11898260	0.06288	-1.00000	-1.00000	0.01443	-1.00000	-1.00000	0.01443	-1.00000	-1.00000	0.00023	-1.00000	-1.00000
26769	Bishop	Willow_Pond	un	11902282	0.00000	-1.00000	-1.00000	0.00000	-1.00000	-1.00000	-0.01276	-1.00000	-1.00000	0.00047	-1.00000	-1.00000
26772	Bishop	Willow_Pond	un	11904531	0.06897	-1.00000	-1.00000	0.00760	-1.00000	-1.00000	0.00760	-1.00000	-1.00000	0.00012	-1.00000	-1.00000
26781	Bishop	Willow_Pond	un	11908776	0.04820	-1.00000	-1.00000	0.00374	-1.00000	-1.00000	0.03064	-1.00000	-1.00000	0.00024	-1.00000	-1.00000
26788	Bishop	Willow_Pond	un	11911321	0.04067	-1.00000	-1.00000	0.00302	-1.00000	-1.00000	0.00284	-1.00000	-1.00000	0.00009	-1.00000	-1.00000
26792	Bishop	Willow_Pond	un	11913748	-0.04145	-1.00000	-1.00000	-0.00721	-1.00000	-1.00000	-0.01918	-1.00000	-1.00000	0.00043	-1.00000	-1.00000
26798	Bishop	Willow_Pond	un	11916992	0.03704	-1.00000	-1.00000	0.00284	-1.00000	-1.00000	0.01050	-1.00000	-1.00000	0.00022	-1.00000	-1.00000
26809	Bishop	Willow_Pond	un	11921559	-0.00000	-1.00000	-1.00000	-0.00000	-1.00000	-1.00000	-0.00000	-1.00000	-1.00000	0.00004	-1.00000	-1.00000
26811	Bishop	Willow_Pond	un	11923177	0.00000	-1.00000	-1.00000	0.00000	-1.00000	-1.00000	0.00508	-1.00000	-1.00000	0.00014	-1.00000	-1.00000
26815	Bishop	Willow_Pond	un	11925477	-0.00000	-1.00000	-1.00000	-0.00000	-1.00000	-1.00000	-0.00000	-1.00000	-1.00000	0.00005	-1.00000	-1.00000
26824	Bishop	Willow_Pond	un	11928685	0.00561	-1.00000	-1.00000	0.00021	-1.00000	-1.00000	0.00589	-1.00000	-1.00000	0.00015	-1.00000	-1.00000
26826	Bishop	Willow_Pond	un	11930272	0.04067	-1.00000	-1.00000	0.00302	-1.00000	-1.00000	0.00284	-1.00000	-1.00000	0.00009	-1.00000	-1.00000
26827	Bishop	Willow_Pond	un	11931106	0.11111	-1.00000	-1.00000	0.01818	-1.00000	-1.00000	0.03064	-1.00000	-1.00000	0.00027	-1.00000	-1.00000
26828	Bishop	Willow_Pond	un	11931859	-0.00235	-1.00000	-1.00000	-0.00008	-1.00000	-1.00000	0.00008	-1.00000	-1.00000	0.00013	-1.00000	-1.00000
26864	Bishop	Willow_Pond	un	11947865	0.00845	-1.00000	-1.00000	0.00138	-1.00000	-1.00000	-0.00413	-1.00000	-1.00000	0.00031	-1.00000	-1.00000
26865	Bishop	Willow_Pond	un	11948678	0.13793	-1.00000	-1.00000	0.02685	-1.00000	-1.00000	0.02685	-1.00000	-1.00000	0.00023	-1.00000	-1.00000
26871	Bishop	Willow_Pond	un	11951763	0.07875	-1.00000	-1.00000	0.00908	-1.00000	-1.00000	0.00881	-1.00000	-1.00000	0.00013	-1.00000	-1.00000
26879	Bishop	Willow_Pond	un	11957512	0.05748	-1.00000	-1.00000	0.00467	-1.00000	-1.00000	0.01434	-1.00000	-1.00000	0.00020	-1.00000	-1.00000
26881	Bishop	Willow_Pond	un	11958272	-0.04160	-1.00000	-1.00000	-0.00347	-1.00000	-1.00000	0.01607	-1.00000	-1.00000	0.00026	-1.00000	-1.00000
26882	Bishop	Willow_Pond	un	11959088	0.06024	-1.00000	-1.00000	0.00707	-1.00000	-1.00000	0.00934	-1.00000	-1.00000	0.00029	-1.00000	-1.00000
26884	Bishop	Willow_Pond	un	11960639	0.00561	-1.00000	-1.00000	0.00021	-1.00000	-1.00000	0.02159	-1.00000	-1.00000	0.00021	-1.00000	-1.00000
26892	Bishop	Willow_Pond	un	11963882	0.03448	-1.00000	-1.00000	0.00246	-1.00000	-1.00000	0.00246	-1.00000	-1.00000	0.00007	-1.00000	-1.00000
26900	Bishop	Willow_Pond	un	11967221	0.34255	-1.00000	-1.00000	0.15689	-1.00000	-1.00000	0.17666	-1.00000	-1.00000	0.00052	-1.00000	-1.00000
26905	Bishop	Willow_Pond	un	11969432	-0.03809	-1.00000	-1.00000	-0.02909	-1.00000	-1.00000	-0.01246	-1.00000	-1.00000	0.00076	-1.00000	-1.00000
26910	Bishop	Willow_Pond	un	11972544	0.00561	-1.00000	-1.00000	0.00021	-1.00000	-1.00000	0.00589	-1.00000	-1.00000	0.00013	-1.00000	-1.00000
26923	Bishop	Willow_Pond	un	11978590	-0.01565	-1.00000	-1.00000	-0.00517	-1.00000	-1.00000	-0.01092	-1.00000	-1.00000	0.00042	-1.00000	-1.00000
26930	Bishop	Willow_Pond	un	11980199	0.06897	-1.00000	-1.00000	0.00760	-1.00000	-1.00000	0.00760	-1.00000	-1.00000	0.00013	-1.00000	-1.00000
26932	Bishop	Willow_Pond	un	11981765	0.00290	-1.00000	-1.00000	0.00011	-1.00000	-1.00000	0.00589	-1.00000	-1.00000	0.00015	-1.00000	-1.00000
26936	Bishop	Willow_Pond	un	11983990	0.02382	-1.00000	-1.00000	0.00187	-1.00000	-1.00000	0.01069	-1.00000	-1.00000	0.00025	-1.00000	-1.00000
26950	Bishop	Willow_Pond	un	11990407	-0.01877	-1.00000	-1.00000	-0.00233	-1.00000	-1.00000	0.01881	-1.00000	-1.00000	0.00040	-1.00000	-1.00000
26951	Bishop	Willow_Pond	un	11991223	0.06897	-1.00000	-1.00000	0.00760	-1.00000	-1.00000	0.00760	-1.00000	-1.00000	0.00013	-1.00000	-1.00000
26961	Bishop	Willow_Pond	un	11995140	0.03448	-1.00000	-1.00000	0.00246	-1.00000	-1.00000	0.00246	-1.00000	-1.00000	0.00008	-1.00000	-1.00000
26965	Bishop	Willow_Pond	un	11995985	0.04820	-1.00000	-1.00000	0.00374	-1.00000	-1.00000	0.01220	-1.00000	-1.00000	0.00017	-1.00000	-1.00000
26968	Bishop	Willow_Pond	un	11997671	0.07875	-1.00000	-1.00000	0.00908	-1.00000	-1.00000	0.00881	-1.00000	-1.00000	0.00013	-1.00000	-1.00000
26975	Bishop	Willow_Pond	un	12003223	-0.03841	-1.00000	-1.00000	-0.00296	-1.00000	-1.00000	-0.00844	-1.00000	-1.00000	0.00023	-1.00000	-1.00000
26978	Bishop	Willow_Pond	un	12004967	0.04067	-1.00000	-1.00000	0.00302	-1.00000	-1.00000	0.00284	-1.00000	-1.00000	0.00009	-1.00000	-1.00000
26989	Bishop	Willow_Pond	un	12008922	0.04067	-1.00000	-1.00000	0.00302	-1.00000	-1.00000	0.01050	-1.00000	-1.00000	0.00016	-1.00000	-1.00000
26992	Bishop	Willow_Pond	un	12010634	0.00000	-1.00000	-1.00000	0.00000	-1.00000	-1.00000	0.00508	-1.00000	-1.00000	0.00012	-1.00000	-1.00000
26995	Bishop	Willow_Pond	un	12013181	-0.03684	-1.00000	-1.00000	-0.00273	-1.00000	-1.00000	0.01433	-1.00000	-1.00000	0.00027	-1.00000	-1.00000
26997	Bishop	Willow_Pond	un	12013904	0.11672	-1.00000	-1.00000	0.01853	-1.00000	-1.00000	0.01818	-1.00000	-1.00000	0.00018	-1.00000	-1.00000
27002	Bishop	Willow_Pond	un	12017185	0.00290	-1.00000	-1.00000	0.00011	-1.00000	-1.00000	0.00088	-1.00000	-1.00000	0.00026	-1.00000	-1.00000
27008	Bishop	Willow_Pond	un	12020379	0.74782	-1.00000	-1.00000	0.68984	-1.00000	-1.00000	0.69565	-1.00000	-1.00000	0.00093	-1.00000	-1.00000
27014	Bishop	Willow_Pond	un	12022874	0.05748	-1.00000	-1.00000	0.00467	-1.00000	-1.00000	0.03571	-1.00000	-1.00000	0.00028	-1.00000	-1.00000
27030	Bishop	Willow_Pond	un	12028326	0.11672	-1.00000	-1.00000	0.01853	-1.00000	-1.00000	0.03064	-1.00000	-1.00000	0.00024	-1.00000	-1.00000
27032	Bishop	Willow_Pond	un	12029147	-0.00270	-1.00000	-1.00000	-0.00010	-1.00000	-1.00000	0.00011	-1.00000	-1.00000	0.00013	-1.00000	-1.00000
27033	Bishop	Willow_Pond	un	12029976	0.03448	-1.00000	-1.00000	0.00246	-1.00000	-1.00000	0.00246	-1.00000	-1.00000	0.00009	-1.00000	-1.00000
27042	Bishop	Willow_Pond	un	12035790	0.06897	-1.00000	-1.00000	0.00760	-1.00000	-1.00000	0.00760	-1.00000	-1.00000	0.00012	-1.00000	-1.00000
27055	Bishop	Willow_Pond	un	12042788	-0.00000	-1.00000	-1.00000	-0.00000	-1.00000	-1.00000	-0.00000	-1.00000	-1.00000	0.00004	-1.00000	-1.00000
27064	Bishop	Willow_Pond	un	12046160	0.40679	-1.00000	-1.00000	0.31189	-1.00000	-1.00000	0.35080	-1.00000	-1.00000	0.00074	-1.00000	-1.00000
27066	Bishop	Willow_Pond	un	12047788	0.06095	-1.00000	-1.00000	0.02163	-1.00000	-1.00000	0.02974	-1.00000	-1.00000	0.00052	-1.00000	-1.00000
27067	Bishop	Willow_Pond	un	12048555	0.00656	-1.00000	-1.00000	0.00026	-1.00000	-1.00000	0.00691	-1.00000	-1.00000	0.00016	-1.00000	-1.00000
27068	Bishop	Willow_Pond	un	12049259	-0.03120	-1.00000	-1.00000	-0.01836	-1.00000	-1.00000	-0.03046	-1.00000	-1.00000	0.00066	-1.00000	-1.00000
27079	Bishop	Willow_Pond	un	12052480	0.04838	-1.00000	-1.00000	0.00422	-1.00000	-1.00000	0.02781	-1.00000	-1.00000	0.00040	-1.00000	-1.00000
27086	Bishop	Willow_Pond	un	12054223	0.15749	-1.00000	-1.00000	0.10648	-1.00000	-1.00000	0.18976	-1.00000	-1.00000	0.00069	-1.00000	-1.00000
27087	Bishop	Willow_Pond	un	12055023	0.03448	-1.00000	-1.00000	0.00246	-1.00000	-1.00000	0.00246	-1.00000	-1.00000	0.00009	-1.00000	-1.00000
27103	Bishop	Willow_Pond	un	12062136	0.00845	-1.00000	-1.00000	0.00138	-1.00000	-1.00000	-0.00413	-1.00000	-1.00000	0.00029	-1.00000	-1.00000
27105	Bishop	Willow_Pond	un	12063766	0.24887	-1.00000	-1.00000	0.08190	-1.00000	-1.00000	0.09532	-1.00000	-1.00000	0.00050	-1.00000	-1.00000
27106	Bishop	Willow_Pond	un	12064571	0.19238	-1.00000	-1.00000	0.04856	-1.00000	-1.00000	0.04808	-1.00000	-1.00000	0.00025	-1.00000	-1.00000
27130	Bishop	Willow_Pond	un	12074272	-0.00000	-1.00000	-1.00000	-0.00000	-1.00000	-1.00000	-0.00000	-1.00000	-1.00000	0.00004	-1.00000	-1.00000
27133	Bishop	Willow_Pond	un	12075948	0.03448	-1.00000	-1.00000	0.00246	-1.00000	-1.00000	0.00246	-1.00000	-1.00000	0.00008	-1.00000	-1.00000
27148	Bishop	Willow_Pond	un	12082114	-0.02727	-1.00000	-1.00000	-0.02805	-1.00000	-1.00000	-0.03770	-1.00000	-1.00000	0.00078	-1.00000	-1.00000
27150	Bishop	Willow_Pond	un	12082913	-0.03704	-1.00000	-1.00000	-0.00275	-1.00000	-1.00000	-0.00786	-1.00000	-1.00000	0.00022	-1.00000	-1.00000
27162	Bishop	Willow_Pond	un	12089207	-0.03660	-1.00000	-1.00000	-0.01370	-1.00000	-1.00000	-0.01364	-1.00000	-1.00000	0.00035	-1.00000	-1.00000
27164	Bishop	Willow_Pond	un	12090889	0.00317	-1.00000	-1.00000	0.00077	-1.00000	-1.00000	0.01011	-1.00000	-1.00000	0.00034	-1.00000	-1.00000
27166	Bishop	Willow_Pond	un	12091656	-0.01798	-1.00000	-1.00000	-0.00206	-1.00000	-1.00000	0.02071	-1.00000	-1.00000	0.00029	-1.00000	-1.00000
27176	Bishop	Willow_Pond	un	12096513	0.00000	-1.00000	-1.00000	0.00000	-1.00000	-1.00000	-0.00502	-1.00000	-1.00000	0.00021	-1.00000	-1.00000
27188	Bishop	Willow_Pond	un	12101278	0.00245	-1.00000	-1.00000	0.00042	-1.00000	-1.00000	0.00240	-1.00000	-1.00000	0.00041	-1.00000	-1.00000
27193	Bishop	Willow_Pond	un	12105351	0.28712	-1.00000	-1.00000	0.12236	-1.00000	-1.00000	0.09969	-1.00000	-1.00000	0.00050	-1.00000	-1.00000
27197	Bishop	Willow_Pond	un	12107020	0.00561	-1.00000	-1.00000	0.00021	-1.00000	-1.00000	0.00589	-1.00000	-1.00000	0.00014	-1.00000	-1.00000
27202	Bishop	Willow_Pond	un	12108570	0.00000	-1.00000	-1.00000	0.00000	-1.00000	-1.00000	-0.01276	-1.00000	-1.00000	0.00038	-1.00000	-1.00000
27216	Bishop	Willow_Pond	un	12114215	-0.01916	-1.00000	-1.00000	-0.00812	-1.00000	-1.00000	-0.00993	-1.00000	-1.00000	0.00041	-1.00000	-1.00000
27227	Bishop	Willow_Pond	un	12119726	-0.00295	-1.00000	-1.00000	-0.00044	-1.00000	-1.00000	-0.00028	-1.00000	-1.00000	0.00015	-1.00000	-1.00000
27248	Bishop	Willow_Pond	un	12126222	0.00656	-1.00000	-1.00000	0.00026	-1.00000	-1.00000	0.00261	-1.00000	-1.00000	0.00028	-1.00000	-1.00000
27249	Bishop	Willow_Pond	un	12127023	0.32239	-1.00000	-1.00000	0.32921	-1.00000	-1.00000	0.33482	-1.00000	-1.00000	0.00091	-1.00000	-1.00000
27250	Bishop	Willow_Pond	un	12127781	0.08538	-1.00000	-1.00000	0.01066	-1.00000	-1.00000	0.02205	-1.00000	-1.00000	0.00023	-1.00000	-1.00000
27251	Bishop	Willow_Pond	un	12128573	0.03704	-1.00000	-1.00000	0.00284	-1.00000	-1.00000	0.01050	-1.00000	-1.00000	0.00017	-1.00000	-1.00000
27252	Bishop	Willow_Pond	un	12129341	-0.00565	-1.00000	-1.00000	-0.00022	-1.00000	-1.00000	0.00037	-1.00000	-1.00000	0.00013	-1.00000	-1.00000
27259	Bishop	Willow_Pond	un	12133407	0.00340	-1.00000	-1.00000	0.00014	-1.00000	-1.00000	0.01768	-1.00000	-1.00000	0.00034	-1.00000	-1.00000
27267	Bishop	Willow_Pond	un	12136637	-0.02245	-1.00000	-1.00000	-0.00238	-1.00000	-1.00000	-0.00238	-1.00000	-1.00000	0.00011	-1.00000	-1.00000
27281	Bishop	Willow_Pond	un	12141517	0.38471	-1.00000	-1.00000	0.23817	-1.00000	-1.00000	0.21901	-1.00000	-1.00000	0.00069	-1.00000	-1.00000
27290	Bishop	Willow_Pond	un	12146247	-0.00000	-1.00000	-1.00000	-0.00000	-1.00000	-1.00000	-0.00000	-1.00000	-1.00000	0.00004	-1.00000	-1.00000
27293	Bishop	Willow_Pond	un	12147804	0.03704	-1.00000	-1.00000	0.00284	-1.00000	-1.00000	-0.00227	-1.00000	-1.00000	0.00021	-1.00000	-1.00000
27305	Bishop	Willow_Pond	un	12155021	0.04348	-1.00000	-1.00000	0.00394	-1.00000	-1.00000	0.02500	-1.00000	-1.00000	0.00041	-1.00000	-1.00000
27312	Bishop	Willow_Pond	un	12157124	0.07407	-1.00000	-1.00000	0.00881	-1.00000	-1.00000	0.00881	-1.00000	-1.00000	0.00013	-1.00000	-1.00000
27315	Bishop	Willow_Pond	un	12158733	-0.00000	-1.00000	-1.00000	-0.00000	-1.00000	-1.00000	-0.00000	-1.00000	-1.00000	0.00004	-1.00000	-1.00000
27321	Bishop	Willow_Pond	un	12162044	0.05304	-1.00000	-1.00000	0.00446	-1.00000	-1.00000	0.03024	-1.00000	-1.00000	0.00035	-1.00000	-1.00000
27323	Bishop	Willow_Pond	un	12163696	0.00251	-1.00000	-1.00000	0.00009	-1.00000	-1.00000	0.00508	-1.00000	-1.00000	0.00012	-1.00000	-1.00000
27338	Bishop	Willow_Pond	un	12172009	0.12643	-1.00000	-1.00000	0.02178	-1.00000	-1.00000	0.03023	-1.00000	-1.00000	0.00043	-1.00000	-1.00000
27348	Bishop	Willow_Pond	un	12175921	0.00251	-1.00000	-1.00000	0.00009	-1.00000	-1.00000	0.00508	-1.00000	-1.00000	0.00012	-1.00000	-1.00000
27354	Bishop	Willow_Pond	un	12178243	0.00951	-1.00000	-1.00000	0.00037	-1.00000	-1.00000	0.05121	-1.00000	-1.00000	0.00029	-1.00000	-1.00000
27356	Bishop	Willow_Pond	un	12179048	0.02760	-1.00000	-1.00000	0.00210	-1.00000	-1.00000	0.00246	-1.00000	-1.00000	0.00009	-1.00000	-1.00000
27357	Bishop	Willow_Pond	un	12179824	0.00561	-1.00000	-1.00000	0.00021	-1.00000	-1.00000	0.00589	-1.00000	-1.00000	0.00012	-1.00000	-1.00000
27359	Bishop	Willow_Pond	un	12180684	0.00290	-1.00000	-1.00000	0.00011	-1.00000	-1.00000	0.00589	-1.00000	-1.00000	0.00018	-1.00000	-1.00000
27364	Bishop	Willow_Pond	un	12182097	0.04067	-1.00000	-1.00000	0.00302	-1.00000	-1.00000	0.01050	-1.00000	-1.00000	0.00017	-1.00000	-1.00000
27368	Bishop	Willow_Pond	un	12183640	-0.00489	-1.00000	-1.00000	-0.00018	-1.00000	-1.00000	0.01104	-1.00000	-1.00000	0.00020	-1.00000	-1.00000
27369	Bishop	Willow_Pond	un	12184456	-0.02569	-1.00000	-1.00000	-0.00281	-1.00000	-1.00000	-0.00274	-1.00000	-1.00000	0.00012	-1.00000	-1.00000
27372	Bishop	Willow_Pond	un	12185254	0.00000	-1.00000	-1.00000	0.00000	-1.00000	-1.00000	0.00508	-1.00000	-1.00000	0.00014	-1.00000	-1.00000
27378	Bishop	Willow_Pond	un	12188832	0.04067	-1.00000	-1.00000	0.00302	-1.00000	-1.00000	0.01050	-1.00000	-1.00000	0.00017	-1.00000	-1.00000
27386	Bishop	Willow_Pond	un	12191263	-0.03558	-1.00000	-1.00000	-0.00527	-1.00000	-1.00000	-0.00227	-1.00000	-1.00000	0.00023	-1.00000	-1.00000
27387	Bishop	Willow_Pond	un	12192065	-0.02504	-1.00000	-1.00000	-0.00474	-1.00000	-1.00000	0.00078	-1.00000	-1.00000	0.00029	-1.00000	-1.00000
27402	Bishop	Willow_Pond	un	12199131	-0.02913	-1.00000	-1.00000	-0.00330	-1.00000	-1.00000	0.00934	-1.00000	-1.00000	0.00027	-1.00000	-1.00000
27404	Bishop	Willow_Pond	un	12199949	-0.00000	-1.00000	-1.00000	-0.00000	-1.00000	-1.00000	-0.01068	-1.00000	-1.00000	0.00029	-1.00000	-1.00000
27418	Bishop	Willow_Pond	un	12205007	0.03448	-1.00000	-1.00000	0.00246	-1.00000	-1.00000	0.00246	-1.00000	-1.00000	0.00008	-1.00000	-1.00000
27419	Bishop	Willow_Pond	un	12205821	-0.00931	-1.00000	-1.00000	-0.00156	-1.00000	-1.00000	-0.00809	-1.00000	-1.00000	0.00036	-1.00000	-1.00000
27427	Bishop	Willow_Pond	un	12211489	0.17774	-1.00000	-1.00000	0.04751	-1.00000	-1.00000	0.04808	-1.00000	-1.00000	0.00026	-1.00000	-1.00000
27432	Bishop	Willow_Pond	un	12213693	0.00951	-1.00000	-1.00000	0.00037	-1.00000	-1.00000	0.05121	-1.00000	-1.00000	0.00029	-1.00000	-1.00000
27434	Bishop	Willow_Pond	un	12215303	0.10790	-1.00000	-1.00000	0.05788	-1.00000	-1.00000	0.09750	-1.00000	-1.00000	0.00068	-1.00000	-1.00000
27435	Bishop	Willow_Pond	un	12216062	0.00070	-1.00000	-1.00000	0.00036	-1.00000	-1.00000	0.00355	-1.00000	-1.00000	0.00056	-1.00000	-1.00000
27438	Bishop	Willow_Pond	un	12216876	-0.03841	-1.00000	-1.00000	-0.00296	-1.00000	-1.00000	-0.00844	-1.00000	-1.00000	0.00026	-1.00000	-1.00000
27439	Bishop	Willow_Pond	un	12217601	0.00000	-1.00000	-1.00000	0.00000	-1.00000	-1.00000	-0.00683	-1.00000	-1.00000	0.00033	-1.00000	-1.00000
27452	Bishop	Willow_Pond	un	12223319	-0.03684	-1.00000	-1.00000	-0.00273	-1.00000	-1.00000	0.01433	-1.00000	-1.00000	0.00023	-1.00000	-1.00000
27468	Bishop	Willow_Pond	un	12229631	0.11111	-1.00000	-1.00000	0.01818	-1.00000	-1.00000	0.03064	-1.00000	-1.00000	0.00031	-1.00000	-1.00000
27471	Bishop	Willow_Pond	un	12231087	0.03448	-1.00000	-1.00000	0.00246	-1.00000	-1.00000	0.00246	-1.00000	-1.00000	0.00008	-1.00000	-1.00000
27482	Bishop	Willow_Pond	un	12233671	0.49867	-1.00000	-1.00000	0.48796	-1.00000	-1.00000	0.48382	-1.00000	-1.00000	0.00079	-1.00000	-1.00000
27485	Bishop	Willow_Pond	un	12234530	0.04000	-1.00000	-1.00000	0.00332	-1.00000	-1.00000	-0.00561	-1.00000	-1.00000	0.00030	-1.00000	-1.00000
27487	Bishop	Willow_Pond	un	12235344	0.21663	-1.00000	-1.00000	0.08930	-1.00000	-1.00000	0.13603	-1.00000	-1.00000	0.00050	-1.00000	-1.00000
27508	Bishop	Willow_Pond	un	12245710	-0.04160	-1.00000	-1.00000	-0.00347	-1.00000	-1.00000	-0.01045	-1.00000	-1.00000	0.00038	-1.00000	-1.00000
27514	Bishop	Willow_Pond	un	12249010	-0.02220	-1.00000	-1.00000	-0.00438	-1.00000	-1.00000	0.01976	-1.00000	-1.00000	0.00035	-1.00000	-1.00000
27516	Bishop	Willow_Pond	un	12250642	0.13793	-1.00000	-1.00000	0.02685	-1.00000	-1.00000	0.02685	-1.00000	-1.00000	0.00023	-1.00000	-1.00000
27532	Bishop	Willow_Pond	un	12259919	0.03672	-1.00000	-1.00000	0.00802	-1.00000	-1.00000	-0.00364	-1.00000	-1.00000	0.00044	-1.00000	-1.00000
27536	Bishop	Willow_Pond	un	12262292	0.10949	-1.00000	-1.00000	0.08253	-1.00000	-1.00000	0.08625	-1.00000	-1.00000	0.00063	-1.00000	-1.00000
27539	Bishop	Willow_Pond	un	12264015	0.08538	-1.00000	-1.00000	0.01066	-1.00000	-1.00000	0.02205	-1.00000	-1.00000	0.00021	-1.00000	-1.00000
27541	Bishop	Willow_Pond	un	12265684	0.12000	-1.00000	-1.00000	0.02135	-1.00000	-1.00000	0.03571	-1.00000	-1.00000	0.00029	-1.00000	-1.00000
27542	Bishop	Willow_Pond	un	12266416	-0.00489	-1.00000	-1.00000	-0.00018	-1.00000	-1.00000	-0.00000	-1.00000	-1.00000	0.00004	-1.00000	-1.00000
27543	Bishop	Willow_Pond	un	12267213	0.55413	-1.00000	-1.00000	0.38325	-1.00000	-1.00000	0.45283	-1.00000	-1.00000	0.00080	-1.00000	-1.00000
27547	Bishop	Willow_Pond	un	12268001	0.03448	-1.00000	-1.00000	0.00246	-1.00000	-1.00000	0.00246	-1.00000	-1.00000	0.00009	-1.00000	-1.00000
27549	Bishop	Willow_Pond	un	12268766	-0.02813	-1.00000	-1.00000	-0.00378	-1.00000	-1.00000	-0.01667	-1.00000	-1.00000	0.00041	-1.00000	-1.00000
27556	Bishop	Willow_Pond	un	12271102	0.11329	-1.00000	-1.00000	0.02085	-1.00000	-1.00000	0.00722	-1.00000	-1.00000	0.00041	-1.00000	-1.00000
27559	Bishop	Willow_Pond	un	12271958	0.04420	-1.00000	-1.00000	0.00354	-1.00000	-1.00000	0.00332	-1.00000	-1.00000	0.00009	-1.00000	-1.00000
27561	Bishop	Willow_Pond	un	12273637	-0.01798	-1.00000	-1.00000	-0.00206	-1.00000	-1.00000	0.00412	-1.00000	-1.00000	0.00022	-1.00000	-1.00000
27566	Bishop	Willow_Pond	un	12276040	0.02760	-1.00000	-1.00000	0.00210	-1.00000	-1.00000	0.00246	-1.00000	-1.00000	0.00008	-1.00000	-1.00000
27574	Bishop	Willow_Pond	un	12280027	-0.00270	-1.00000	-1.00000	-0.00010	-1.00000	-1.00000	-0.00488	-1.00000	-1.00000	0.00027	-1.00000	-1.00000
27578	Bishop	Willow_Pond	un	12282461	0.06897	-1.00000	-1.00000	0.00760	-1.00000	-1.00000	0.00760	-1.00000	-1.00000	0.00012	-1.00000	-1.00000
27583	Bishop	Willow_Pond	un	12285873	0.40271	-1.00000	-1.00000	0.21931	-1.00000	-1.00000	0.22185	-1.00000	-1.00000	0.00070	-1.00000	-1.00000
27586	Bishop	Willow_Pond	un	12287555	0.10345	-1.00000	-1.00000	0.01567	-1.00000	-1.00000	0.01567	-1.00000	-1.00000	0.00016	-1.00000	-1.00000
27588	Bishop	Willow_Pond	un	12289173	0.03448	-1.00000	-1.00000	0.00246	-1.00000	-1.00000	0.00246	-1.00000	-1.00000	0.00008	-1.00000	-1.00000
27594	Bishop	Willow_Pond	un	12291643	-0.00315	-1.00000	-1.00000	-0.00013	-1.00000	-1.00000	-0.00207	-1.00000	-1.00000	0.00027	-1.00000	-1.00000
27596	Bishop	Willow_Pond	un	12293209	0.04000	-1.00000	-1.00000	0.00332	-1.00000	-1.00000	-0.00760	-1.00000	-1.00000	0.00035	-1.00000	-1.00000
27597	Bishop	Willow_Pond	un	12294046	0.10345	-1.00000	-1.00000	0.01567	-1.00000	-1.00000	0.01567	-1.00000	-1.00000	0.00017	-1.00000	-1.00000
27599	Bishop	Willow_Pond	un	12294823	-0.04160	-1.00000	-1.00000	-0.00347	-1.00000	-1.00000	-0.01045	-1.00000	-1.00000	0.00042	-1.00000	-1.00000
27606	Bishop	Willow_Pond	un	12297214	-0.00000	-1.00000	-1.00000	-0.00000	-1.00000	-1.00000	-0.00000	-1.00000	-1.00000	0.00004	-1.00000	-1.00000
27607	Bishop	Willow_Pond	un	12298009	0.06309	-1.00000	-1.00000	0.05039	-1.00000	-1.00000	0.05236	-1.00000	-1.00000	0.00068	-1.00000	-1.00000
27609	Bishop	Willow_Pond	un	12299675	-0.00767	-1.00000	-1.00000	-0.00029	-1.00000	-1.00000	0.03472	-1.00000	-1.00000	0.00027	-1.00000	-1.00000
27612	Bishop	Willow_Pond	un	12301207	-0.00235	-1.00000	-1.00000	-0.00008	-1.00000	-1.00000	-0.00000	-1.00000	-1.00000	0.00004	-1.00000	-1.00000
27617	Bishop	Willow_Pond	un	12305213	0.00251	-1.00000	-1.00000	0.00009	-1.00000	-1.00000	-0.00000	-1.00000	-1.00000	0.00004	-1.00000	-1.00000
27619	Bishop	Willow_Pond	un	12306867	0.45479	-1.00000	-1.00000	0.46159	-1.00000	-1.00000	0.45316	-1.00000	-1.00000	0.00090	-1.00000	-1.00000
27627	Bishop	Willow_Pond	un	12309971	0.00000	-1.00000	-1.00000	0.00000	-1.00000	-1.00000	0.00508	-1.00000	-1.00000	0.00011	-1.00000	-1.00000
27634	Bishop	Willow_Pond	un	12310864	0.87437	-1.00000	-1.00000	0.85896	-1.00000	-1.00000	0.82361	-1.00000	-1.00000	0.00101	-1.00000	-1.00000
27648	Bishop	Willow_Pond	un	12317561	-0.00000	-1.00000	-1.00000	-0.00000	-1.00000	-1.00000	-0.00000	-1.00000	-1.00000	0.00004	-1.00000	-1.00000
27652	Bishop	Willow_Pond	un	12320065	-0.00000	-1.00000	-1.00000	-0.00000	-1.00000	-1.00000	-0.00000	-1.00000	-1.00000	0.00004	-1.00000	-1.00000
27658	Bishop	Willow_Pond	un	12323251	-0.00565	-1.00000	-1.00000	-0.00022	-1.00000	-1.00000	-0.00429	-1.00000	-1.00000	0.00030	-1.00000	-1.00000
27660	Bishop	Willow_Pond	un	12323988	-0.00270	-1.00000	-1.00000	-0.00010	-1.00000	-1.00000	-0.00558	-1.00000	-1.00000	0.00021	-1.00000	-1.00000
27667	Bishop	Willow_Pond	un	12328826	-0.00844	-1.00000	-1.00000	-0.00739	-1.00000	-1.00000	-0.02518	-1.00000	-1.00000	0.00076	-1.00000	-1.00000
27668	Bishop	Willow_Pond	un	12329618	0.03474	-1.00000	-1.00000	0.02257	-1.00000	-1.00000	0.01592	-1.00000	-1.00000	0.00062	-1.00000	-1.00000
27671	Bishop	Willow_Pond	un	12330382	0.00727	-1.00000	-1.00000	0.00110	-1.00000	-1.00000	0.00091	-1.00000	-1.00000	0.00016	-1.00000	-1.00000
27697	Bishop	Willow_Pond	un	12339764	-0.00315	-1.00000	-1.00000	-0.00013	-1.00000	-1.00000	-0.01186	-1.00000	-1.00000	0.00034	-1.00000	-1.00000
27704	Bishop	Willow_Pond	un	12341336	0.00797	-1.00000	-1.00000	0.00238	-1.00000	-1.00000	0.00613	-1.00000	-1.00000	0.00042	-1.00000	-1.00000
27705	Bishop	Willow_Pond	un	12342117	0.17241	-1.00000	-1.00000	0.04132	-1.00000	-1.00000	0.04132	-1.00000	-1.00000	0.00025	-1.00000	-1.00000
27706	Bishop	Willow_Pond	un	12342927	0.45781	-1.00000	-1.00000	0.45207	-1.00000	-1.00000	0.42699	-1.00000	-1.00000	0.00085	-1.00000	-1.00000
27708	Bishop	Willow_Pond	un	12344597	-0.00315	-1.00000	-1.00000	-0.00013	-1.00000	-1.00000	-0.01039	-1.00000	-1.00000	0.00039	-1.00000	-1.00000
27710	Bishop	Willow_Pond	un	12345375	0.14504	-1.00000	-1.00000	0.02643	-1.00000	-1.00000	0.04215	-1.00000	-1.00000	0.00033	-1.00000	-1.00000
27717	Bishop	Willow_Pond	un	12350166	0.32990	-1.00000	-1.00000	0.14561	-1.00000	-1.00000	0.16002	-1.00000	-1.00000	0.00054	-1.00000	-1.00000
27720	Bishop	Willow_Pond	un	12352694	-0.01877	-1.00000	-1.00000	-0.00233	-1.00000	-1.00000	0.01881	-1.00000	-1.00000	0.00036	-1.00000	-1.00000
27721	Bishop	Willow_Pond	un	12353590	-0.00565	-1.00000	-1.00000	-0.00022	-1.00000	-1.00000	0.00778	-1.00000	-1.00000	0.00031	-1.00000	-1.00000
27724	Bishop	Willow_Pond	un	12356270	0.21590	-1.00000	-1.00000	0.19138	-1.00000	-1.00000	0.18437	-1.00000	-1.00000	0.00067	-1.00000	-1.00000
27739	Bishop	Willow_Pond	un	12362498	0.00656	-1.00000	-1.00000	0.00026	-1.00000	-1.00000	0.01989	-1.00000	-1.00000	0.00034	-1.00000	-1.00000
27740	Bishop	Willow_Pond	un	12363288	-0.00666	-1.00000	-1.00000	-0.00638	-1.00000	-1.00000	-0.02004	-1.00000	-1.00000	0.00079	-1.00000	-1.00000
27744	Bishop	Willow_Pond	un	12364906	-0.03755	-1.00000	-1.00000	-0.01680	-1.00000	-1.00000	-0.03554	-1.00000	-1.00000	0.00069	-1.00000	-1.00000
27746	Bishop	Willow_Pond	un	12366500	-0.03841	-1.00000	-1.00000	-0.00296	-1.00000	-1.00000	-0.00486	-1.00000	-1.00000	0.00031	-1.00000	-1.00000
27752	Bishop	Willow_Pond	un	12368880	0.00251	-1.00000	-1.00000	0.00009	-1.00000	-1.00000	0.00508	-1.00000	-1.00000	0.00012	-1.00000	-1.00000
27755	Bishop	Willow_Pond	un	12370579	0.04000	-1.00000	-1.00000	0.00332	-1.00000	-1.00000	0.01220	-1.00000	-1.00000	0.00016	-1.00000	-1.00000
27769	Bishop	Willow_Pond	un	12378615	-0.00910	-1.00000	-1.00000	-0.00315	-1.00000	-1.00000	0.00627	-1.00000	-1.00000	0.00039	-1.00000	-1.00000
27776	Bishop	Willow_Pond	un	12381044	0.42051	-1.00000	-1.00000	0.22818	-1.00000	-1.00000	0.24861	-1.00000	-1.00000	0.00056	-1.00000	-1.00000
27777	Bishop	Willow_Pond	un	12381872	0.03320	-1.00000	-1.00000	0.00263	-1.00000	-1.00000	0.00852	-1.00000	-1.00000	0.00023	-1.00000	-1.00000
27796	Bishop	Willow_Pond	un	12390738	0.04067	-1.00000	-1.00000	0.00302	-1.00000	-1.00000	0.00284	-1.00000	-1.00000	0.00009	-1.00000	-1.00000
27799	Bishop	Willow_Pond	un	12392296	-0.00000	-1.00000	-1.00000	-0.00000	-1.00000	-1.00000	-0.00000	-1.00000	-1.00000	0.00004	-1.00000	-1.00000
27805	Bishop	Willow_Pond	un	12395603	-0.00000	-1.00000	-1.00000	-0.00000	-1.00000	-1.00000	-0.00000	-1.00000	-1.00000	0.00004	-1.00000	-1.00000
27809	Bishop	Willow_Pond	un	12397933	0.07875	-1.00000	-1.00000	0.00908	-1.00000	-1.00000	0.00881	-1.00000	-1.00000	0.00013	-1.00000	-1.00000
27818	Bishop	Willow_Pond	un	12400363	0.00251	-1.00000	-1.00000	0.00009	-1.00000	-1.00000	0.00508	-1.00000	-1.00000	0.00012	-1.00000	-1.00000
27824	Bishop	Willow_Pond	un	12402856	-0.00000	-1.00000	-1.00000	-0.00000	-1.00000	-1.00000	-0.00000	-1.00000	-1.00000	0.00004	-1.00000	-1.00000
27826	Bishop	Willow_Pond	un	12403686	0.00251	-1.00000	-1.00000	0.00009	-1.00000	-1.00000	0.00508	-1.00000	-1.00000	0.00013	-1.00000	-1.00000
27827	Bishop	Willow_Pond	un	12404448	-0.00489	-1.00000	-1.00000	-0.00018	-1.00000	-1.00000	0.00029	-1.00000	-1.00000	0.00014	-1.00000	-1.00000
27838	Bishop	Willow_Pond	un	12409089	0.13263	-1.00000	-1.00000	0.02215	-1.00000	-1.00000	0.05900	-1.00000	-1.00000	0.00034	-1.00000	-1.00000
27840	Bishop	Willow_Pond	un	12410719	-0.02813	-1.00000	-1.00000	-0.00378	-1.00000	-1.00000	-0.01667	-1.00000	-1.00000	0.00056	-1.00000	-1.00000
27845	Bishop	Willow_Pond	un	12413670	0.00000	-1.00000	-1.00000	0.00000	-1.00000	-1.00000	-0.00000	-1.00000	-1.00000	0.00005	-1.00000	-1.00000
27849	Bishop	Willow_Pond	un	12415236	0.07397	-1.00000	-1.00000	0.01997	-1.00000	-1.00000	0.02651	-1.00000	-1.00000	0.00044	-1.00000	-1.00000
27865	Bishop	Willow_Pond	un	12423514	-0.04000	-1.00000	-1.00000	-0.00321	-1.00000	-1.00000	-0.01405	-1.00000	-1.00000	0.00034	-1.00000	-1.00000
27879	Bishop	Willow_Pond	un	12430674	0.03320	-1.00000	-1.00000	0.00263	-1.00000	-1.00000	-0.00486	-1.00000	-1.00000	0.00030	-1.00000	-1.00000
27884	Bishop	Willow_Pond	un	12432368	-0.00000	-1.00000	-1.00000	-0.00000	-1.00000	-1.00000	-0.00000	-1.00000	-1.00000	0.00005	-1.00000	-1.00000
27902	Bishop	Willow_Pond	un	12437495	0.00251	-1.00000	-1.00000	0.00009	-1.00000	-1.00000	0.00508	-1.00000	-1.00000	0.00012	-1.00000	-1.00000
27906	Bishop	Willow_Pond	un	12439952	0.08000	-1.00000	-1.00000	0.01033	-1.00000	-1.00000	-0.00090	-1.00000	-1.00000	0.00043	-1.00000	-1.00000
27909	Bishop	Willow_Pond	un	12441445	-0.03829	-1.00000	-1.00000	-0.00613	-1.00000	-1.00000	-0.00260	-1.00000	-1.00000	0.00024	-1.00000	-1.00000
27922	Bishop	Willow_Pond	un	12448683	-0.02038	-1.00000	-1.00000	-0.00940	-1.00000	-1.00000	-0.01832	-1.00000	-1.00000	0.00058	-1.00000	-1.00000
27930	Bishop	Willow_Pond	un	12452740	0.14815	-1.00000	-1.00000	0.03120	-1.00000	-1.00000	0.02150	-1.00000	-1.00000	0.00028	-1.00000	-1.00000
27944	Bishop	Willow_Pond	un	12461017	0.10345	-1.00000	-1.00000	0.01567	-1.00000	-1.00000	0.01567	-1.00000	-1.00000	0.00017	-1.00000	-1.00000
27966	Bishop	Willow_Pond	un	12471447	0.33663	-1.00000	-1.00000	0.24913	-1.00000	-1.00000	0.24465	-1.00000	-1.00000	0.00071	-1.00000	-1.00000
27968	Bishop	Willow_Pond	un	12473142	0.04067	-1.00000	-1.00000	0.00302	-1.00000	-1.00000	0.01050	-1.00000	-1.00000	0.00016	-1.00000	-1.00000
27971	Bishop	Willow_Pond	un	12473994	-0.00565	-1.00000	-1.00000	-0.00022	-1.00000	-1.00000	0.00778	-1.00000	-1.00000	0.00038	-1.00000	-1.00000
27972	Bishop	Willow_Pond	un	12474705	-0.02055	-1.00000	-1.00000	-0.00226	-1.00000	-1.00000	0.00300	-1.00000	-1.00000	0.00021	-1.00000	-1.00000
27973	Bishop	Willow_Pond	un	12475481	0.06897	-1.00000	-1.00000	0.00760	-1.00000	-1.00000	0.00760	-1.00000	-1.00000	0.00012	-1.00000	-1.00000
27980	Bishop	Willow_Pond	un	12479405	-0.00315	-1.00000	-1.00000	-0.00013	-1.00000	-1.00000	0.00554	-1.00000	-1.00000	0.00031	-1.00000	-1.00000
27984	Bishop	Willow_Pond	un	12480280	0.27758	-1.00000	-1.00000	0.12152	-1.00000	-1.00000	0.09339	-1.00000	-1.00000	0.00060	-1.00000	-1.00000
27990	Bishop	Willow_Pond	un	12482224	0.00951	-1.00000	-1.00000	0.00037	-1.00000	-1.00000	0.05121	-1.00000	-1.00000	0.00029	-1.00000	-1.00000
27996	Bishop	Willow_Pond	un	12483024	0.00000	-1.00000	-1.00000	0.00000	-1.00000	-1.00000	-0.01682	-1.00000	-1.00000	0.00041	-1.00000	-1.00000
27998	Bishop	Willow_Pond	un	12483861	0.17821	-1.00000	-1.00000	0.14919	-1.00000	-1.00000	0.15734	-1.00000	-1.00000	0.00087	-1.00000	-1.00000
27999	Bishop	Willow_Pond	un	12484542	-0.03836	-1.00000	-1.00000	-0.02149	-1.00000	-1.00000	-0.03641	-1.00000	-1.00000	0.00058	-1.00000	-1.00000
28006	Bishop	Willow_Pond	un	12487877	0.00561	-1.00000	-1.00000	0.00021	-1.00000	-1.00000	0.02159	-1.00000	-1.00000	0.00019	-1.00000	-1.00000
28007	Bishop	Willow_Pond	un	12488734	-0.00489	-1.00000	-1.00000	-0.00018	-1.00000	-1.00000	0.00029	-1.00000	-1.00000	0.00012	-1.00000	-1.00000
28010	Bishop	Willow_Pond	un	12489596	0.14504	-1.00000	-1.00000	0.02643	-1.00000	-1.00000	0.02542	-1.00000	-1.00000	0.00020	-1.00000	-1.00000
28021	Bishop	Willow_Pond	un	12492759	0.00727	-1.00000	-1.00000	0.00110	-1.00000	-1.00000	0.00091	-1.00000	-1.00000	0.00017	-1.00000	-1.00000
28030	Bishop	Willow_Pond	un	12495976	0.00561	-1.00000	-1.00000	0.00021	-1.00000	-1.00000	0.02159	-1.00000	-1.00000	0.00022	-1.00000	-1.00000
28038	Bishop	Willow_Pond	un	12499907	0.03114	-1.00000	-1.00000	0.00229	-1.00000	-1.00000	0.00018	-1.00000	-1.00000	0.00015	-1.00000	-1.00000
28046	Bishop	Willow_Pond	un	12503832	0.03448	-1.00000	-1.00000	0.00246	-1.00000	-1.00000	0.00246	-1.00000	-1.00000	0.00008	-1.00000	-1.00000
28055	Bishop	Willow_Pond	un	12508581	0.00000	-1.00000	-1.00000	0.00000	-1.00000	-1.00000	-0.00502	-1.00000	-1.00000	0.00019	-1.00000	-1.00000
28057	Bishop	Willow_Pond	un	12509394	0.00251	-1.00000	-1.00000	0.00009	-1.00000	-1.00000	0.00508	-1.00000	-1.00000	0.00012	-1.00000	-1.00000
28059	Bishop	Willow_Pond	un	12510814	-0.02941	-1.00000	-1.00000	-0.01153	-1.00000	-1.00000	-0.01035	-1.00000	-1.00000	0.00053	-1.00000	-1.00000
28063	Bishop	Willow_Pond	un	12513259	0.13788	-1.00000	-1.00000	0.02596	-1.00000	-1.00000	0.01476	-1.00000	-1.00000	0.00049	-1.00000	-1.00000
28069	Bishop	Willow_Pond	un	12517075	0.00561	-1.00000	-1.00000	0.00021	-1.00000	-1.00000	0.02159	-1.00000	-1.00000	0.00021	-1.00000	-1.00000
28072	Bishop	Willow_Pond	un	12518715	0.10512	-1.00000	-1.00000	0.06093	-1.00000	-1.00000	0.04652	-1.00000	-1.00000	0.00068	-1.00000	-1.00000
28079	Bishop	Willow_Pond	un	12521060	0.05748	-1.00000	-1.00000	0.00467	-1.00000	-1.00000	0.00394	-1.00000	-1.00000	0.00011	-1.00000	-1.00000
28090	Bishop	Willow_Pond	un	12527078	0.03114	-1.00000	-1.00000	0.00229	-1.00000	-1.00000	0.00246	-1.00000	-1.00000	0.00008	-1.00000	-1.00000
28091	Bishop	Willow_Pond	un	12527890	0.96148	-1.00000	-1.00000	0.96000	-1.00000	-1.00000	0.95431	-1.00000	-1.00000	0.00119	-1.00000	-1.00000
28106	Bishop	Willow_Pond	un	12534075	0.03704	-1.00000	-1.00000	0.00284	-1.00000	-1.00000	-0.00227	-1.00000	-1.00000	0.00023	-1.00000	-1.00000
28116	Bishop	Willow_Pond	un	12537231	-0.04000	-1.00000	-1.00000	-0.00321	-1.00000	-1.00000	-0.00652	-1.00000	-1.00000	0.00036	-1.00000	-1.00000
28128	Bishop	Willow_Pond	un	12544422	0.07407	-1.00000	-1.00000	0.00881	-1.00000	-1.00000	0.00361	-1.00000	-1.00000	0.00026	-1.00000	-1.00000
28134	Bishop	Willow_Pond	un	12547773	-0.00270	-1.00000	-1.00000	-0.00010	-1.00000	-1.00000	-0.00000	-1.00000	-1.00000	0.00004	-1.00000	-1.00000
28142	Bishop	Willow_Pond	un	12553333	0.03448	-1.00000	-1.00000	0.00246	-1.00000	-1.00000	0.00246	-1.00000	-1.00000	0.00007	-1.00000	-1.00000
28143	Bishop	Willow_Pond	un	12554223	-0.03567	-1.00000	-1.00000	-0.00255	-1.00000	-1.00000	0.00018	-1.00000	-1.00000	0.00017	-1.00000	-1.00000
28147	Bishop	Willow_Pond	un	12554992	0.14450	-1.00000	-1.00000	0.11449	-1.00000	-1.00000	0.08449	-1.00000	-1.00000	0.00072	-1.00000	-1.00000
28158	Bishop	Willow_Pond	un	12561420	-0.01877	-1.00000	-1.00000	-0.00233	-1.00000	-1.00000	0.02425	-1.00000	-1.00000	0.00029	-1.00000	-1.00000
28160	Bishop	Willow_Pond	un	12563063	-0.03704	-1.00000	-1.00000	-0.00275	-1.00000	-1.00000	-0.00786	-1.00000	-1.00000	0.00023	-1.00000	-1.00000
28168	Bishop	Willow_Pond	un	12566967	0.03448	-1.00000	-1.00000	0.00246	-1.00000	-1.00000	0.00246	-1.00000	-1.00000	0.00009	-1.00000	-1.00000
28180	Bishop	Willow_Pond	un	12572141	0.01599	-1.00000	-1.00000	0.00461	-1.00000	-1.00000	-0.00009	-1.00000	-1.00000	0.00035	-1.00000	-1.00000
28190	Bishop	Willow_Pond	un	12573798	0.04067	-1.00000	-1.00000	0.00302	-1.00000	-1.00000	0.01050	-1.00000	-1.00000	0.00016	-1.00000	-1.00000
28192	Bishop	Willow_Pond	un	12575480	0.13447	-1.00000	-1.00000	0.05404	-1.00000	-1.00000	0.04434	-1.00000	-1.00000	0.00051	-1.00000	-1.00000
28207	Bishop	Willow_Pond	un	12581933	0.04000	-1.00000	-1.00000	0.00332	-1.00000	-1.00000	-0.00760	-1.00000	-1.00000	0.00041	-1.00000	-1.00000
28210	Bishop	Willow_Pond	un	12582631	-0.00000	-1.00000	-1.00000	-0.00000	-1.00000	-1.00000	-0.00000	-1.00000	-1.00000	0.00004	-1.00000	-1.00000
28211	Bishop	Willow_Pond	un	12583453	0.19057	-1.00000	-1.00000	0.04497	-1.00000	-1.00000	0.08545	-1.00000	-1.00000	0.00049	-1.00000	-1.00000
28214	Bishop	Willow_Pond	un	12584971	-0.00270	-1.00000	-1.00000	-0.00010	-1.00000	-1.00000	-0.00488	-1.00000	-1.00000	0.00027	-1.00000	-1.00000
28216	Bishop	Willow_Pond	un	12585744	0.03704	-1.00000	-1.00000	0.00284	-1.00000	-1.00000	0.00284	-1.00000	-1.00000	0.00009	-1.00000	-1.00000
28217	Bishop	Willow_Pond	un	12586547	0.00561	-1.00000	-1.00000	0.00021	-1.00000	-1.00000	0.02159	-1.00000	-1.00000	0.00022	-1.00000	-1.00000
28221	Bishop	Willow_Pond	un	12588045	-0.00489	-1.00000	-1.00000	-0.00018	-1.00000	-1.00000	0.00029	-1.00000	-1.00000	0.00011	-1.00000	-1.00000
28224	Bishop	Willow_Pond	un	12589813	0.12296	-1.00000	-1.00000	0.03857	-1.00000	-1.00000	0.04879	-1.00000	-1.00000	0.00043	-1.00000	-1.00000
28230	Bishop	Willow_Pond	un	12594843	-0.03652	-1.00000	-1.00000	-0.02061	-1.00000	-1.00000	0.00186	-1.00000	-1.00000	0.00065	-1.00000	-1.00000
28241	Bishop	Willow_Pond	un	12601168	-0.00315	-1.00000	-1.00000	-0.00013	-1.00000	-1.00000	-0.00564	-1.00000	-1.00000	0.00029	-1.00000	-1.00000
28252	Bishop	Willow_Pond	un	12608982	-0.00489	-1.00000	-1.00000	-0.00018	-1.00000	-1.00000	0.01104	-1.00000	-1.00000	0.00021	-1.00000	-1.00000
28256	Bishop	Willow_Pond	un	12610525	0.00251	-1.00000	-1.00000	0.00009	-1.00000	-1.00000	0.00508	-1.00000	-1.00000	0.00009	-1.00000	-1.00000
28260	Bishop	Willow_Pond	un	12612426	0.67789	-1.00000	-1.00000	0.67885	-1.00000	-1.00000	0.64031	-1.00000	-1.00000	0.00100	-1.00000	-1.00000
28265	Bishop	Willow_Pond	un	12614830	0.47404	-1.00000	-1.00000	0.38975	-1.00000	-1.00000	0.36615	-1.00000	-1.00000	0.00083	-1.00000	-1.00000
28276	Bishop	Willow_Pond	un	12620926	0.07875	-1.00000	-1.00000	0.00908	-1.00000	-1.00000	0.00881	-1.00000	-1.00000	0.00016	-1.00000	-1.00000
28277	Bishop	Willow_Pond	un	12621607	0.29151	-1.00000	-1.00000	0.24848	-1.00000	-1.00000	0.21381	-1.00000	-1.00000	0.00081	-1.00000	-1.00000
28288	Bishop	Willow_Pond	un	12625843	0.10495	-1.00000	-1.00000	0.01335	-1.00000	-1.00000	0.02597	-1.00000	-1.00000	0.00023	-1.00000	-1.00000
28293	Bishop	Willow_Pond	un	12628352	-0.02245	-1.00000	-1.00000	-0.00238	-1.00000	-1.00000	-0.00238	-1.00000	-1.00000	0.00012	-1.00000	-1.00000
28302	Bishop	Willow_Pond	un	12630818	0.16737	-1.00000	-1.00000	0.03722	-1.00000	-1.00000	0.07867	-1.00000	-1.00000	0.00039	-1.00000	-1.00000
28304	Bishop	Willow_Pond	un	12632454	0.30481	-1.00000	-1.00000	0.31286	-1.00000	-1.00000	0.30456	-1.00000	-1.00000	0.00079	-1.00000	-1.00000
28306	Bishop	Willow_Pond	un	12633298	-0.01813	-1.00000	-1.00000	-0.00374	-1.00000	-1.00000	0.02505	-1.00000	-1.00000	0.00034	-1.00000	-1.00000
28309	Bishop	Willow_Pond	un	12634160	0.07875	-1.00000	-1.00000	0.00908	-1.00000	-1.00000	0.01894	-1.00000	-1.00000	0.00019	-1.00000	-1.00000
28312	Bishop	Willow_Pond	un	12636564	0.00561	-1.00000	-1.00000	0.00021	-1.00000	-1.00000	0.02159	-1.00000	-1.00000	0.00021	-1.00000	-1.00000
28319	Bishop	Willow_Pond	un	12638983	-0.00565	-1.00000	-1.00000	-0.00022	-1.00000	-1.00000	0.00778	-1.00000	-1.00000	0.00033	-1.00000	-1.00000
28335	Bishop	Willow_Pond	un	12645234	0.02912	-1.00000	-1.00000	0.00239	-1.00000	-1.00000	-0.00468	-1.00000	-1.00000	0.00029	-1.00000	-1.00000
28345	Bishop	Willow_Pond	un	12648107	0.04838	-1.00000	-1.00000	0.00422	-1.00000	-1.00000	-0.00680	-1.00000	-1.00000	0.00037	-1.00000	-1.00000
28350	Bishop	Willow_Pond	un	12650466	-0.03567	-1.00000	-1.00000	-0.00255	-1.00000	-1.00000	0.00018	-1.00000	-1.00000	0.00018	-1.00000	-1.00000
28357	Bishop	Willow_Pond	un	12655937	-0.03841	-1.00000	-1.00000	-0.00296	-1.00000	-1.00000	-0.00844	-1.00000	-1.00000	0.00021	-1.00000	-1.00000
28360	Bishop	Willow_Pond	un	12657529	0.06897	-1.00000	-1.00000	0.00760	-1.00000	-1.00000	0.00760	-1.00000	-1.00000	0.00013	-1.00000	-1.00000
28362	Bishop	Willow_Pond	un	12659142	0.26765	-1.00000	-1.00000	0.09455	-1.00000	-1.00000	0.11315	-1.00000	-1.00000	0.00041	-1.00000	-1.00000
28369	Bishop	Willow_Pond	un	12661340	0.14504	-1.00000	-1.00000	0.02643	-1.00000	-1.00000	0.03790	-1.00000	-1.00000	0.00045	-1.00000	-1.00000
28372	Bishop	Willow_Pond	un	12662850	0.00561	-1.00000	-1.00000	0.00021	-1.00000	-1.00000	0.02159	-1.00000	-1.00000	0.00024	-1.00000	-1.00000
28374	Bishop	Willow_Pond	un	12663541	0.04420	-1.00000	-1.00000	0.00354	-1.00000	-1.00000	0.01220	-1.00000	-1.00000	0.00017	-1.00000	-1.00000
28383	Bishop	Willow_Pond	un	12666835	0.10345	-1.00000	-1.00000	0.01567	-1.00000	-1.00000	0.01567	-1.00000	-1.00000	0.00016	-1.00000	-1.00000
28384	Bishop	Willow_Pond	un	12667667	0.28945	-1.00000	-1.00000	0.11138	-1.00000	-1.00000	0.16077	-1.00000	-1.00000	0.00053	-1.00000	-1.00000
28388	Bishop	Willow_Pond	un	12669914	0.48148	-1.00000	-1.00000	0.32500	-1.00000	-1.00000	0.31886	-1.00000	-1.00000	0.00068	-1.00000	-1.00000
28390	Bishop	Willow_Pond	un	12671556	0.12643	-1.00000	-1.00000	0.02178	-1.00000	-1.00000	0.03023	-1.00000	-1.00000	0.00038	-1.00000	-1.00000
28422	Bishop	Willow_Pond	un	12684217	0.00727	-1.00000	-1.00000	0.00110	-1.00000	-1.00000	0.00091	-1.00000	-1.00000	0.00017	-1.00000	-1.00000
28423	Bishop	Willow_Pond	un	12684982	0.00251	-1.00000	-1.00000	0.00009	-1.00000	-1.00000	0.00508	-1.00000	-1.00000	0.00012	-1.00000	-1.00000
28436	Bishop	Willow_Pond	un	12691781	0.13788	-1.00000	-1.00000	0.02596	-1.00000	-1.00000	0.02977	-1.00000	-1.00000	0.00045	-1.00000	-1.00000
28438	Bishop	Willow_Pond	un	12692657	0.04923	-1.00000	-1.00000	0.01134	-1.00000	-1.00000	-0.00021	-1.00000	-1.00000	0.00046	-1.00000	-1.00000
28439	Bishop	Willow_Pond	un	12693485	-0.02055	-1.00000	-1.00000	-0.00226	-1.00000	-1.00000	0.00300	-1.00000	-1.00000	0.00019	-1.00000	-1.00000
28455	Bishop	Willow_Pond	un	12698990	0.43888	-1.00000	-1.00000	0.28113	-1.00000	-1.00000	0.26599	-1.00000	-1.00000	0.00057	-1.00000	-1.00000
28458	Bishop	Willow_Pond	un	12699871	0.09321	-1.00000	-1.00000	0.01269	-1.00000	-1.00000	0.02597	-1.00000	-1.00000	0.00022	-1.00000	-1.00000
28460	Bishop	Willow_Pond	un	12701508	0.07407	-1.00000	-1.00000	0.00881	-1.00000	-1.00000	0.00881	-1.00000	-1.00000	0.00014	-1.00000	-1.00000
28472	Bishop	Willow_Pond	un	12705965	0.04067	-1.00000	-1.00000	0.00302	-1.00000	-1.00000	0.01050	-1.00000	-1.00000	0.00017	-1.00000	-1.00000
28473	Bishop	Willow_Pond	un	12706739	0.19238	-1.00000	-1.00000	0.04856	-1.00000	-1.00000	0.06452	-1.00000	-1.00000	0.00032	-1.00000	-1.00000
28476	Bishop	Willow_Pond	un	12709200	0.06897	-1.00000	-1.00000	0.00760	-1.00000	-1.00000	0.00760	-1.00000	-1.00000	0.00012	-1.00000	-1.00000
28497	Bishop	Willow_Pond	un	12719188	-0.00235	-1.00000	-1.00000	-0.00008	-1.00000	-1.00000	-0.00000	-1.00000	-1.00000	0.00004	-1.00000	-1.00000
28503	Bishop	Willow_Pond	un	12721566	0.03448	-1.00000	-1.00000	0.00246	-1.00000	-1.00000	0.00246	-1.00000	-1.00000	0.00009	-1.00000	-1.00000
28504	Bishop	Willow_Pond	un	12722342	0.06522	-1.00000	-1.00000	0.04451	-1.00000	-1.00000	0.02016	-1.00000	-1.00000	0.00066	-1.00000	-1.00000
28516	Bishop	Willow_Pond	un	12728082	0.13030	-1.00000	-1.00000	0.04186	-1.00000	-1.00000	0.04186	-1.00000	-1.00000	0.00031	-1.00000	-1.00000
28520	Bishop	Willow_Pond	un	12728882	0.04420	-1.00000	-1.00000	0.00354	-1.00000	-1.00000	0.00705	-1.00000	-1.00000	0.00031	-1.00000	-1.00000
28525	Bishop	Willow_Pond	un	12731376	0.35537	-1.00000	-1.00000	0.33356	-1.00000	-1.00000	0.31679	-1.00000	-1.00000	0.00080	-1.00000	-1.00000
28528	Bishop	Willow_Pond	un	12733925	0.07605	-1.00000	-1.00000	0.05786	-1.00000	-1.00000	0.05641	-1.00000	-1.00000	0.00075	-1.00000	-1.00000
28533	Bishop	Willow_Pond	un	12736202	-0.01646	-1.00000	-1.00000	-0.01670	-1.00000	-1.00000	0.01050	-1.00000	-1.00000	0.00072	-1.00000	-1.00000
28534	Bishop	Willow_Pond	un	12736990	0.04067	-1.00000	-1.00000	0.00302	-1.00000	-1.00000	0.01050	-1.00000	-1.00000	0.00017	-1.00000	-1.00000
28557	Bishop	Willow_Pond	un	12744074	0.08696	-1.00000	-1.00000	0.01227	-1.00000	-1.00000	-0.00578	-1.00000	-1.00000	0.00048	-1.00000	-1.00000
28568	Bishop	Willow_Pond	un	12748049	-0.00489	-1.00000	-1.00000	-0.00018	-1.00000	-1.00000	0.00029	-1.00000	-1.00000	0.00013	-1.00000	-1.00000
28574	Bishop	Willow_Pond	un	12752958	-0.01565	-1.00000	-1.00000	-0.00517	-1.00000	-1.00000	-0.01092	-1.00000	-1.00000	0.00046	-1.00000	-1.00000
28578	Bishop	Willow_Pond	un	12753698	0.00251	-1.00000	-1.00000	0.00009	-1.00000	-1.00000	0.00508	-1.00000	-1.00000	0.00012	-1.00000	-1.00000
28583	Bishop	Willow_Pond	un	12756110	0.05143	-1.00000	-1.00000	0.01050	-1.00000	-1.00000	0.04376	-1.00000	-1.00000	0.00033	-1.00000	-1.00000
28593	Bishop	Willow_Pond	un	12760970	-0.03841	-1.00000	-1.00000	-0.00296	-1.00000	-1.00000	-0.00844	-1.00000	-1.00000	0.00021	-1.00000	-1.00000
28599	Bishop	Willow_Pond	un	12763445	-0.03018	-1.00000	-1.00000	-0.02988	-1.00000	-1.00000	-0.00812	-1.00000	-1.00000	0.00072	-1.00000	-1.00000
28604	Bishop	Willow_Pond	un	12765920	-0.00000	-1.00000	-1.00000	-0.00000	-1.00000	-1.00000	-0.01068	-1.00000	-1.00000	0.00034	-1.00000	-1.00000
28614	Bishop	Willow_Pond	un	12770647	0.00561	-1.00000	-1.00000	0.00021	-1.00000	-1.00000	0.00589	-1.00000	-1.00000	0.00013	-1.00000	-1.00000
28617	Bishop	Willow_Pond	un	12772237	0.16737	-1.00000	-1.00000	0.03722	-1.00000	-1.00000	0.04771	-1.00000	-1.00000	0.00042	-1.00000	-1.00000
28618	Bishop	Willow_Pond	un	12773049	0.05304	-1.00000	-1.00000	0.00446	-1.00000	-1.00000	0.03024	-1.00000	-1.00000	0.00038	-1.00000	-1.00000
28646	Bishop	Willow_Pond	un	12781363	0.20029	-1.00000	-1.00000	0.08374	-1.00000	-1.00000	0.08374	-1.00000	-1.00000	0.00041	-1.00000	-1.00000
28647	Bishop	Willow_Pond	un	12782127	-0.03684	-1.00000	-1.00000	-0.00273	-1.00000	-1.00000	0.01433	-1.00000	-1.00000	0.00025	-1.00000	-1.00000
28660	Bishop	Willow_Pond	un	12790426	0.10345	-1.00000	-1.00000	0.01567	-1.00000	-1.00000	0.01567	-1.00000	-1.00000	0.00016	-1.00000	-1.00000
28666	Bishop	Willow_Pond	un	12793696	0.10345	-1.00000	-1.00000	0.01567	-1.00000	-1.00000	0.01567	-1.00000	-1.00000	0.00019	-1.00000	-1.00000
28679	Bishop	Willow_Pond	un	12800865	0.08478	-1.00000	-1.00000	0.02685	-1.00000	-1.00000	0.01190	-1.00000	-1.00000	0.00051	-1.00000	-1.00000
28691	Bishop	Willow_Pond	un	12806483	0.00000	-1.00000	-1.00000	0.00000	-1.00000	-1.00000	-0.00502	-1.00000	-1.00000	0.00016	-1.00000	-1.00000
28693	Bishop	Willow_Pond	un	12808267	0.00561	-1.00000	-1.00000	0.00021	-1.00000	-1.00000	0.02159	-1.00000	-1.00000	0.00020	-1.00000	-1.00000
28694	Bishop	Willow_Pond	un	12809113	0.03448	-1.00000	-1.00000	0.00246	-1.00000	-1.00000	0.00246	-1.00000	-1.00000	0.00008	-1.00000	-1.00000
28695	Bishop	Willow_Pond	un	12809954	-0.00315	-1.00000	-1.00000	-0.00013	-1.00000	-1.00000	-0.01039	-1.00000	-1.00000	0.00040	-1.00000	-1.00000
28720	Bishop	Willow_Pond	un	12819549	0.20189	-1.00000	-1.00000	0.18175	-1.00000	-1.00000	0.17291	-1.00000	-1.00000	0.00082	-1.00000	-1.00000
28734	Bishop	Willow_Pond	un	12825771	0.12643	-1.00000	-1.00000	0.02178	-1.00000	-1.00000	0.05900	-1.00000	-1.00000	0.00032	-1.00000	-1.00000
28750	Bishop	Willow_Pond	un	12831349	-0.03684	-1.00000	-1.00000	-0.00273	-1.00000	-1.00000	0.01433	-1.00000	-1.00000	0.00025	-1.00000	-1.00000
28759	Bishop	Willow_Pond	un	12834565	-0.00767	-1.00000	-1.00000	-0.00029	-1.00000	-1.00000	0.00057	-1.00000	-1.00000	0.00013	-1.00000	-1.00000
28762	Bishop	Willow_Pond	un	12836179	-0.02330	-1.00000	-1.00000	-0.00301	-1.00000	-1.00000	-0.00687	-1.00000	-1.00000	0.00048	-1.00000	-1.00000
28769	Bishop	Willow_Pond	un	12839274	0.67807	-1.00000	-1.00000	0.67830	-1.00000	-1.00000	0.67824	-1.00000	-1.00000	0.00094	-1.00000	-1.00000
28775	Bishop	Willow_Pond	un	12840913	0.00951	-1.00000	-1.00000	0.00037	-1.00000	-1.00000	0.05121	-1.00000	-1.00000	0.00028	-1.00000	-1.00000
28781	Bishop	Willow_Pond	un	12843504	-0.00565	-1.00000	-1.00000	-0.00022	-1.00000	-1.00000	-0.00619	-1.00000	-1.00000	0.00027	-1.00000	-1.00000
28805	Bishop	Willow_Pond	un	12855364	0.02382	-1.00000	-1.00000	0.00187	-1.00000	-1.00000	0.00029	-1.00000	-1.00000	0.00018	-1.00000	-1.00000
28808	Bishop	Willow_Pond	un	12857785	0.04838	-1.00000	-1.00000	0.00422	-1.00000	-1.00000	0.00323	-1.00000	-1.00000	0.00041	-1.00000	-1.00000
28818	Bishop	Willow_Pond	un	12860254	0.06407	-1.00000	-1.00000	0.00815	-1.00000	-1.00000	-0.00189	-1.00000	-1.00000	0.00033	-1.00000	-1.00000
28830	Bishop	Willow_Pond	un	12864878	-0.02055	-1.00000	-1.00000	-0.00226	-1.00000	-1.00000	0.00300	-1.00000	-1.00000	0.00022	-1.00000	-1.00000
28843	Bishop	Willow_Pond	un	12872778	0.06897	-1.00000	-1.00000	0.00760	-1.00000	-1.00000	0.00760	-1.00000	-1.00000	0.00013	-1.00000	-1.00000
28844	Bishop	Willow_Pond	un	12873526	0.05304	-1.00000	-1.00000	0.00446	-1.00000	-1.00000	-0.00098	-1.00000	-1.00000	0.00027	-1.00000	-1.00000
28846	Bishop	Willow_Pond	un	12875071	0.55530	-1.00000	-1.00000	0.45635	-1.00000	-1.00000	0.46916	-1.00000	-1.00000	0.00075	-1.00000	-1.00000
28856	Bishop	Willow_Pond	un	12879250	0.17448	-1.00000	-1.00000	0.03767	-1.00000	-1.00000	0.05342	-1.00000	-1.00000	0.00030	-1.00000	-1.00000
28866	Bishop	Willow_Pond	un	12884077	0.05748	-1.00000	-1.00000	0.00467	-1.00000	-1.00000	0.03571	-1.00000	-1.00000	0.00025	-1.00000	-1.00000
28870	Bishop	Willow_Pond	un	12886616	0.25057	-1.00000	-1.00000	0.09328	-1.00000	-1.00000	0.07200	-1.00000	-1.00000	0.00051	-1.00000	-1.00000
28876	Bishop	Willow_Pond	un	12889082	0.07605	-1.00000	-1.00000	0.05786	-1.00000	-1.00000	0.05641	-1.00000	-1.00000	0.00078	-1.00000	-1.00000
28877	Bishop	Willow_Pond	un	12889838	-0.02184	-1.00000	-1.00000	-0.00259	-1.00000	-1.00000	0.00352	-1.00000	-1.00000	0.00024	-1.00000	-1.00000
28893	Bishop	Willow_Pond	un	12896959	0.00561	-1.00000	-1.00000	0.00021	-1.00000	-1.00000	0.00589	-1.00000	-1.00000	0.00013	-1.00000	-1.00000
28896	Bishop	Willow_Pond	un	12898546	0.00951	-1.00000	-1.00000	0.00037	-1.00000	-1.00000	0.05121	-1.00000	-1.00000	0.00028	-1.00000	-1.00000
28898	Bishop	Willow_Pond	un	12900109	0.03320	-1.00000	-1.00000	0.00263	-1.00000	-1.00000	-0.00303	-1.00000	-1.00000	0.00027	-1.00000	-1.00000
28904	Bishop	Willow_Pond	un	12903246	-0.00315	-1.00000	-1.00000	-0.00013	-1.00000	-1.00000	0.00554	-1.00000	-1.00000	0.00031	-1.00000	-1.00000
28915	Bishop	Willow_Pond	un	12908152	0.04067	-1.00000	-1.00000	0.00302	-1.00000	-1.00000	0.01050	-1.00000	-1.00000	0.00017	-1.00000	-1.00000
28930	Bishop	Willow_Pond	un	12915507	0.29856	-1.00000	-1.00000	0.11199	-1.00000	-1.00000	0.16077	-1.00000	-1.00000	0.00051	-1.00000	-1.00000
28933	Bishop	Willow_Pond	un	12916288	0.00340	-1.00000	-1.00000	0.00014	-1.00000	-1.00000	-0.00378	-1.00000	-1.00000	0.00038	-1.00000	-1.00000
28934	Bishop	Willow_Pond	un	12917111	-0.02454	-1.00000	-1.00000	-0.00762	-1.00000	-1.00000	-0.00394	-1.00000	-1.00000	0.00049	-1.00000	-1.00000
28944	Bishop	Willow_Pond	un	12919549	0.04838	-1.00000	-1.00000	0.00422	-1.00000	-1.00000	0.00323	-1.00000	-1.00000	0.00039	-1.00000	-1.00000
28950	Bishop	Willow_Pond	un	12922797	-0.00000	-1.00000	-1.00000	-0.00000	-1.00000	-1.00000	-0.00000	-1.00000	-1.00000	0.00006	-1.00000	-1.00000
28957	Bishop	Willow_Pond	un	12924944	0.06407	-1.00000	-1.00000	0.00815	-1.00000	-1.00000	0.01099	-1.00000	-1.00000	0.00037	-1.00000	-1.00000
28961	Bishop	Willow_Pond	un	12925579	0.00000	-1.00000	-1.00000	0.00000	-1.00000	-1.00000	0.00508	-1.00000	-1.00000	0.00011	-1.00000	-1.00000
28966	Bishop	Willow_Pond	un	12929727	0.13712	-1.00000	-1.00000	0.07193	-1.00000	-1.00000	0.04748	-1.00000	-1.00000	0.00069	-1.00000	-1.00000
28967	Bishop	Willow_Pond	un	12930532	-0.02813	-1.00000	-1.00000	-0.00378	-1.00000	-1.00000	-0.02110	-1.00000	-1.00000	0.00051	-1.00000	-1.00000
28971	Bishop	Willow_Pond	un	12933466	-0.03927	-1.00000	-1.00000	-0.03060	-1.00000	-1.00000	-0.03991	-1.00000	-1.00000	0.00070	-1.00000	-1.00000
28980	Bishop	Willow_Pond	un	12935618	-0.00767	-1.00000	-1.00000	-0.00029	-1.00000	-1.00000	0.03472	-1.00000	-1.00000	0.00029	-1.00000	-1.00000
28984	Bishop	Willow_Pond	un	12937280	-0.00315	-1.00000	-1.00000	-0.00013	-1.00000	-1.00000	-0.01039	-1.00000	-1.00000	0.00036	-1.00000	-1.00000
28990	Bishop	Willow_Pond	un	12941310	0.00251	-1.00000	-1.00000	0.00009	-1.00000	-1.00000	-0.00000	-1.00000	-1.00000	0.00004	-1.00000	-1.00000
28991	Bishop	Willow_Pond	un	12942149	0.07429	-1.00000	-1.00000	0.03467	-1.00000	-1.00000	0.04852	-1.00000	-1.00000	0.00047	-1.00000	-1.00000
28993	Bishop	Willow_Pond	un	12943763	0.37037	-1.00000	-1.00000	0.19332	-1.00000	-1.00000	0.21372	-1.00000	-1.00000	0.00049	-1.00000	-1.00000
28994	Bishop	Willow_Pond	un	12944640	-0.02382	-1.00000	-1.00000	-0.01126	-1.00000	-1.00000	0.01663	-1.00000	-1.00000	0.00052	-1.00000	-1.00000
29007	Bishop	Willow_Pond	un	12950951	0.08696	-1.00000	-1.00000	0.01227	-1.00000	-1.00000	-0.00706	-1.00000	-1.00000	0.00044	-1.00000	-1.00000
29019	Bishop	Willow_Pond	un	12956520	0.00251	-1.00000	-1.00000	0.00009	-1.00000	-1.00000	0.00508	-1.00000	-1.00000	0.00013	-1.00000	-1.00000
29023	Bishop	Willow_Pond	un	12958166	-0.02892	-1.00000	-1.00000	-0.00759	-1.00000	-1.00000	-0.00759	-1.00000	-1.00000	0.00026	-1.00000	-1.00000
29024	Bishop	Willow_Pond	un	12958952	0.16584	-1.00000	-1.00000	0.04086	-1.00000	-1.00000	0.04132	-1.00000	-1.00000	0.00023	-1.00000	-1.00000
29032	Bishop	Willow_Pond	un	12963049	0.04067	-1.00000	-1.00000	0.00302	-1.00000	-1.00000	0.01050	-1.00000	-1.00000	0.00016	-1.00000	-1.00000
29036	Bishop	Willow_Pond	un	12964722	-0.00235	-1.00000	-1.00000	-0.00008	-1.00000	-1.00000	0.00008	-1.00000	-1.00000	0.00012	-1.00000	-1.00000
29040	Bishop	Willow_Pond	un	12967887	-0.00000	-1.00000	-1.00000	-0.00000	-1.00000	-1.00000	-0.00000	-1.00000	-1.00000	0.00004	-1.00000	-1.00000
29041	Bishop	Willow_Pond	un	12968653	0.04348	-1.00000	-1.00000	0.00394	-1.00000	-1.00000	-0.01338	-1.00000	-1.00000	0.00045	-1.00000	-1.00000
29046	Bishop	Willow_Pond	un	12971171	0.24887	-1.00000	-1.00000	0.08190	-1.00000	-1.00000	0.09532	-1.00000	-1.00000	0.00048	-1.00000	-1.00000
29048	Bishop	Willow_Pond	un	12972791	0.11672	-1.00000	-1.00000	0.01853	-1.00000	-1.00000	0.03064	-1.00000	-1.00000	0.00024	-1.00000	-1.00000
29049	Bishop	Willow_Pond	un	12973616	0.13793	-1.00000	-1.00000	0.02685	-1.00000	-1.00000	0.02685	-1.00000	-1.00000	0.00020	-1.00000	-1.00000
29053	Bishop	Willow_Pond	un	12976115	0.04000	-1.00000	-1.00000	0.00332	-1.00000	-1.00000	-0.00760	-1.00000	-1.00000	0.00035	-1.00000	-1.00000
29076	Bishop	Willow_Pond	un	12985818	0.03268	-1.00000	-1.00000	0.01404	-1.00000	-1.00000	0.00808	-1.00000	-1.00000	0.00047	-1.00000	-1.00000
29081	Bishop	Willow_Pond	un	12989821	0.14660	-1.00000	-1.00000	0.10424	-1.00000	-1.00000	0.11299	-1.00000	-1.00000	0.00067	-1.00000	-1.00000
29082	Bishop	Willow_Pond	un	12990632	0.06470	-1.00000	-1.00000	0.00736	-1.00000	-1.00000	0.00760	-1.00000	-1.00000	0.00013	-1.00000	-1.00000
29101	Bishop	Willow_Pond	un	12996152	0.00000	-1.00000	-1.00000	0.00000	-1.00000	-1.00000	-0.00000	-1.00000	-1.00000	0.00004	-1.00000	-1.00000
29104	Bishop	Willow_Pond	un	12997776	0.05304	-1.00000	-1.00000	0.00446	-1.00000	-1.00000	0.03024	-1.00000	-1.00000	0.00036	-1.00000	-1.00000
29107	Bishop	Willow_Pond	un	13000214	-0.00000	-1.00000	-1.00000	-0.00000	-1.00000	-1.00000	-0.00000	-1.00000	-1.00000	0.00004	-1.00000	-1.00000
29108	Bishop	Willow_Pond	un	13001088	0.18023	-1.00000	-1.00000	0.07264	-1.00000	-1.00000	0.05993	-1.00000	-1.00000	0.00060	-1.00000	-1.00000
29109	Bishop	Willow_Pond	un	13001872	0.07407	-1.00000	-1.00000	0.00881	-1.00000	-1.00000	0.01894	-1.00000	-1.00000	0.00021	-1.00000	-1.00000
29110	Bishop	Willow_Pond	un	13002656	0.04820	-1.00000	-1.00000	0.00374	-1.00000	-1.00000	0.03064	-1.00000	-1.00000	0.00024	-1.00000	-1.00000
29114	Bishop	Willow_Pond	un	13005860	0.03448	-1.00000	-1.00000	0.00246	-1.00000	-1.00000	0.00246	-1.00000	-1.00000	0.00008	-1.00000	-1.00000
29115	Bishop	Willow_Pond	un	13006725	0.17985	-1.00000	-1.00000	0.08612	-1.00000	-1.00000	0.17245	-1.00000	-1.00000	0.00054	-1.00000	-1.00000
29120	Bishop	Willow_Pond	un	13008457	0.13263	-1.00000	-1.00000	0.02215	-1.00000	-1.00000	0.05900	-1.00000	-1.00000	0.00035	-1.00000	-1.00000
29126	Bishop	Willow_Pond	un	13010963	0.03448	-1.00000	-1.00000	0.00246	-1.00000	-1.00000	0.00246	-1.00000	-1.00000	0.00009	-1.00000	-1.00000
29127	Bishop	Willow_Pond	un	13011744	-0.03684	-1.00000	-1.00000	-0.00273	-1.00000	-1.00000	0.01433	-1.00000	-1.00000	0.00022	-1.00000	-1.00000
29131	Bishop	Willow_Pond	un	13014886	0.11672	-1.00000	-1.00000	0.01853	-1.00000	-1.00000	0.03064	-1.00000	-1.00000	0.00026	-1.00000	-1.00000
29134	Bishop	Willow_Pond	un	13016372	-0.02569	-1.00000	-1.00000	-0.00281	-1.00000	-1.00000	-0.00237	-1.00000	-1.00000	0.00020	-1.00000	-1.00000
29135	Bishop	Willow_Pond	un	13017180	-0.03829	-1.00000	-1.00000	-0.00613	-1.00000	-1.00000	-0.00260	-1.00000	-1.00000	0.00024	-1.00000	-1.00000
29147	Bishop	Willow_Pond	un	13023621	0.00000	-1.00000	-1.00000	0.00000	-1.00000	-1.00000	-0.00502	-1.00000	-1.00000	0.00022	-1.00000	-1.00000
29158	Bishop	Willow_Pond	un	13029491	0.06897	-1.00000	-1.00000	0.00760	-1.00000	-1.00000	0.00760	-1.00000	-1.00000	0.00012	-1.00000	-1.00000
29161	Bishop	Willow_Pond	un	13031899	0.03114	-1.00000	-1.00000	0.00229	-1.00000	-1.00000	0.00018	-1.00000	-1.00000	0.00015	-1.00000	-1.00000
29162	Bishop	Willow_Pond	un	13032734	-0.02407	-1.00000	-1.00000	-0.00274	-1.00000	-1.00000	-0.00273	-1.00000	-1.00000	0.00020	-1.00000	-1.00000
29163	Bishop	Willow_Pond	un	13033538	-0.02913	-1.00000	-1.00000	-0.00330	-1.00000	-1.00000	-0.00315	-1.00000	-1.00000	0.00013	-1.00000	-1.00000
29172	Bishop	Willow_Pond	un	13038536	0.14815	-1.00000	-1.00000	0.03120	-1.00000	-1.00000	0.02582	-1.00000	-1.00000	0.00035	-1.00000	-1.00000
29185	Bishop	Willow_Pond	un	13042798	0.05304	-1.00000	-1.00000	0.00446	-1.00000	-1.00000	0.03024	-1.00000	-1.00000	0.00035	-1.00000	-1.00000
29188	Bishop	Willow_Pond	un	13044495	0.01411	-1.00000	-1.00000	0.00223	-1.00000	-1.00000	0.03044	-1.00000	-1.00000	0.00032	-1.00000	-1.00000
29217	Bishop	Willow_Pond	un	13057011	0.95840	-1.00000	-1.00000	0.95999	-1.00000	-1.00000	0.94150	-1.00000	-1.00000	0.00117	-1.00000	-1.00000
29223	Bishop	Willow_Pond	un	13060374	0.17241	-1.00000	-1.00000	0.04132	-1.00000	-1.00000	0.04132	-1.00000	-1.00000	0.00026	-1.00000	-1.00000
29232	Bishop	Willow_Pond	un	13064214	0.00340	-1.00000	-1.00000	0.00014	-1.00000	-1.00000	-0.00378	-1.00000	-1.00000	0.00037	-1.00000	-1.00000
29243	Bishop	Willow_Pond	un	13070651	0.52174	-1.00000	-1.00000	0.38142	-1.00000	-1.00000	0.33941	-1.00000	-1.00000	0.00077	-1.00000	-1.00000
29244	Bishop	Willow_Pond	un	13071522	0.04820	-1.00000	-1.00000	0.00374	-1.00000	-1.00000	0.01220	-1.00000	-1.00000	0.00016	-1.00000	-1.00000
29250	Bishop	Willow_Pond	un	13073189	-0.00489	-1.00000	-1.00000	-0.00018	-1.00000	-1.00000	0.00029	-1.00000	-1.00000	0.00011	-1.00000	-1.00000
29261	Bishop	Willow_Pond	un	13078350	-0.02407	-1.00000	-1.00000	-0.00274	-1.00000	-1.00000	-0.00795	-1.00000	-1.00000	0.00036	-1.00000	-1.00000
29269	Bishop	Willow_Pond	un	13079808	0.03448	-1.00000	-1.00000	0.00246	-1.00000	-1.00000	0.00246	-1.00000	-1.00000	0.00008	-1.00000	-1.00000
29270	Bishop	Willow_Pond	un	13080641	0.03448	-1.00000	-1.00000	0.00246	-1.00000	-1.00000	0.00246	-1.00000	-1.00000	0.00008	-1.00000	-1.00000
29279	Bishop	Willow_Pond	un	13085278	0.07407	-1.00000	-1.00000	0.00881	-1.00000	-1.00000	0.01894	-1.00000	-1.00000	0.00021	-1.00000	-1.00000
29284	Bishop	Willow_Pond	un	13088530	0.24449	-1.00000	-1.00000	0.06949	-1.00000	-1.00000	0.15534	-1.00000	-1.00000	0.00052	-1.00000	-1.00000
29292	Bishop	Willow_Pond	un	13091790	-0.00000	-1.00000	-1.00000	-0.00000	-1.00000	-1.00000	-0.00000	-1.00000	-1.00000	0.00004	-1.00000	-1.00000
29303	Bishop	Willow_Pond	un	13097455	0.64743	-1.00000	-1.00000	0.61701	-1.00000	-1.00000	0.59425	-1.00000	-1.00000	0.00089	-1.00000	-1.00000
29316	Bishop	Willow_Pond	un	13101526	0.06541	-1.00000	-1.00000	0.01407	-1.00000	-1.00000	0.05263	-1.00000	-1.00000	0.00040	-1.00000	-1.00000
29336	Bishop	Willow_Pond	un	13108631	0.00340	-1.00000	-1.00000	0.00014	-1.00000	-1.00000	-0.00378	-1.00000	-1.00000	0.00037	-1.00000	-1.00000
29342	Bishop	Willow_Pond	un	13111060	0.17000	-1.00000	-1.00000	0.04685	-1.00000	-1.00000	0.03945	-1.00000	-1.00000	0.00036	-1.00000	-1.00000
29349	Bishop	Willow_Pond	un	13112746	-0.00000	-1.00000	-1.00000	-0.00000	-1.00000	-1.00000	-0.00000	-1.00000	-1.00000	0.00004	-1.00000	-1.00000
29363	Bishop	Willow_Pond	un	13121003	0.17448	-1.00000	-1.00000	0.03767	-1.00000	-1.00000	0.05342	-1.00000	-1.00000	0.00032	-1.00000	-1.00000
29364	Bishop	Willow_Pond	un	13121777	0.00047	-1.00000	-1.00000	0.00026	-1.00000	-1.00000	0.00186	-1.00000	-1.00000	0.00064	-1.00000	-1.00000
29370	Bishop	Willow_Pond	un	13123353	0.00000	-1.00000	-1.00000	0.00000	-1.00000	-1.00000	-0.01276	-1.00000	-1.00000	0.00039	-1.00000	-1.00000
29372	Bishop	Willow_Pond	un	13124154	0.06024	-1.00000	-1.00000	0.00707	-1.00000	-1.00000	0.00934	-1.00000	-1.00000	0.00030	-1.00000	-1.00000
29373	Bishop	Willow_Pond	un	13124898	0.00000	-1.00000	-1.00000	0.00000	-1.00000	-1.00000	-0.00000	-1.00000	-1.00000	0.00004	-1.00000	-1.00000
29375	Bishop	Willow_Pond	un	13126619	-0.02407	-1.00000	-1.00000	-0.00274	-1.00000	-1.00000	-0.00273	-1.00000	-1.00000	0.00019	-1.00000	-1.00000
29377	Bishop	Willow_Pond	un	13128241	-0.00000	-1.00000	-1.00000	-0.00000	-1.00000	-1.00000	-0.00000	-1.00000	-1.00000	0.00005	-1.00000	-1.00000
29379	Bishop	Willow_Pond	un	13128972	0.03108	-1.00000	-1.00000	0.00579	-1.00000	-1.00000	0.00579	-1.00000	-1.00000	0.00019	-1.00000	-1.00000
29388	Bishop	Willow_Pond	un	13132144	-0.00000	-1.00000	-1.00000	-0.00000	-1.00000	-1.00000	-0.00000	-1.00000	-1.00000	0.00006	-1.00000	-1.00000
29391	Bishop	Willow_Pond	un	13132733	0.26298	-1.00000	-1.00000	0.14862	-1.00000	-1.00000	0.12004	-1.00000	-1.00000	0.00070	-1.00000	-1.00000
29397	Bishop	Willow_Pond	un	13134859	-0.03829	-1.00000	-1.00000	-0.00613	-1.00000	-1.00000	-0.01183	-1.00000	-1.00000	0.00033	-1.00000	-1.00000
29407	Bishop	Willow_Pond	un	13140356	0.03114	-1.00000	-1.00000	0.00229	-1.00000	-1.00000	0.00246	-1.00000	-1.00000	0.00008	-1.00000	-1.00000
29420	Bishop	Willow_Pond	un	13146193	0.00656	-1.00000	-1.00000	0.00026	-1.00000	-1.00000	0.00261	-1.00000	-1.00000	0.00032	-1.00000	-1.00000
29429	Bishop	Willow_Pond	un	13150891	0.00561	-1.00000	-1.00000	0.00021	-1.00000	-1.00000	0.02159	-1.00000	-1.00000	0.00021	-1.00000	-1.00000
29432	Bishop	Willow_Pond	un	13152477	-0.02853	-1.00000	-1.00000	-0.00845	-1.00000	-1.00000	-0.01441	-1.00000	-1.00000	0.00043	-1.00000	-1.00000
29434	Bishop	Willow_Pond	un	13153237	0.00000	-1.00000	-1.00000	0.00000	-1.00000	-1.00000	-0.01241	-1.00000	-1.00000	0.00032	-1.00000	-1.00000
29445	Bishop	Willow_Pond	un	13158931	0.00251	-1.00000	-1.00000	0.00009	-1.00000	-1.00000	0.00508	-1.00000	-1.00000	0.00012	-1.00000	-1.00000
29449	Bishop	Willow_Pond	un	13161352	0.06920	-1.00000	-1.00000	0.00850	-1.00000	-1.00000	0.01894	-1.00000	-1.00000	0.00021	-1.00000	-1.00000
29457	Bishop	Willow_Pond	un	13163594	0.45732	-1.00000	-1.00000	0.27050	-1.00000	-1.00000	0.32108	-1.00000	-1.00000	0.00068	-1.00000	-1.00000
29460	Bishop	Willow_Pond	un	13165200	-0.02184	-1.00000	-1.00000	-0.00259	-1.00000	-1.00000	-0.00168	-1.00000	-1.00000	0.00033	-1.00000	-1.00000
29471	Bishop	Willow_Pond	un	13169256	-0.00315	-1.00000	-1.00000	-0.00013	-1.00000	-1.00000	-0.01039	-1.00000	-1.00000	0.00038	-1.00000	-1.00000
29505	Bishop	Willow_Pond	un	13183917	-0.04348	-1.00000	-1.00000	-0.00379	-1.00000	-1.00000	-0.01641	-1.00000	-1.00000	0.00040	-1.00000	-1.00000
29506	Bishop	Willow_Pond	un	13184670	0.04067	-1.00000	-1.00000	0.00302	-1.00000	-1.00000	0.00284	-1.00000	-1.00000	0.00009	-1.00000	-1.00000
29507	Bishop	Willow_Pond	un	13185470	0.03704	-1.00000	-1.00000	0.00284	-1.00000	-1.00000	0.00021	-1.00000	-1.00000	0.00016	-1.00000	-1.00000
29512	Bishop	Willow_Pond	un	13187929	0.00727	-1.00000	-1.00000	0.00300	-1.00000	-1.00000	0.00670	-1.00000	-1.00000	0.00054	-1.00000	-1.00000
29514	Bishop	Willow_Pond	un	13188715	0.00000	-1.00000	-1.00000	0.00000	-1.00000	-1.00000	0.00508	-1.00000	-1.00000	0.00011	-1.00000	-1.00000
29519	Bishop	Willow_Pond	un	13191191	0.00000	-1.00000	-1.00000	0.00000	-1.00000	-1.00000	-0.00502	-1.00000	-1.00000	0.00016	-1.00000	-1.00000
29527	Bishop	Willow_Pond	un	13196051	-0.00489	-1.00000	-1.00000	-0.00018	-1.00000	-1.00000	0.01104	-1.00000	-1.00000	0.00020	-1.00000	-1.00000
29528	Bishop	Willow_Pond	un	13196860	0.03704	-1.00000	-1.00000	0.00284	-1.00000	-1.00000	0.01050	-1.00000	-1.00000	0.00016	-1.00000	-1.00000
29540	Bishop	Willow_Pond	un	13202500	0.40066	-1.00000	-1.00000	0.40707	-1.00000	-1.00000	0.40045	-1.00000	-1.00000	0.00085	-1.00000	-1.00000
29547	Bishop	Willow_Pond	un	13205677	-0.02454	-1.00000	-1.00000	-0.00762	-1.00000	-1.00000	0.05254	-1.00000	-1.00000	0.00045	-1.00000	-1.00000
29556	Bishop	Willow_Pond	un	13208964	-0.03802	-1.00000	-1.00000	-0.01301	-1.00000	-1.00000	-0.01445	-1.00000	-1.00000	0.00047	-1.00000	-1.00000
29558	Bishop	Willow_Pond	un	13209791	-0.01226	-1.00000	-1.00000	-0.00544	-1.00000	-1.00000	0.02525	-1.00000	-1.00000	0.00052	-1.00000	-1.00000
29572	Bishop	Willow_Pond	un	13217137	-0.00000	-1.00000	-1.00000	-0.00000	-1.00000	-1.00000	-0.00000	-1.00000	-1.00000	0.00004	-1.00000	-1.00000
29576	Bishop	Willow_Pond	un	13220539	-0.03684	-1.00000	-1.00000	-0.00273	-1.00000	-1.00000	0.01433	-1.00000	-1.00000	0.00023	-1.00000	-1.00000
29582	Bishop	Willow_Pond	un	13222857	0.00000	-1.00000	-1.00000	0.00000	-1.00000	-1.00000	0.01515	-1.00000	-1.00000	0.00035	-1.00000	-1.00000
29586	Bishop	Willow_Pond	un	13224473	0.75228	-1.00000	-1.00000	0.71677	-1.00000	-1.00000	0.69965	-1.00000	-1.00000	0.00106	-1.00000	-1.00000
29590	Bishop	Willow_Pond	un	13226059	-0.04160	-1.00000	-1.00000	-0.00347	-1.00000	-1.00000	-0.01504	-1.00000	-1.00000	0.00033	-1.00000	-1.00000
29594	Bishop	Willow_Pond	un	13227732	0.09149	-1.00000	-1.00000	0.02614	-1.00000	-1.00000	0.02948	-1.00000	-1.00000	0.00052	-1.00000	-1.00000
29596	Bishop	Willow_Pond	un	13229111	0.57835	-1.00000	-1.00000	0.57022	-1.00000	-1.00000	0.56742	-1.00000	-1.00000	0.00089	-1.00000	-1.00000
29602	Bishop	Willow_Pond	un	13231595	0.02500	-1.00000	-1.00000	0.00830	-1.00000	-1.00000	0.00976	-1.00000	-1.00000	0.00044	-1.00000	-1.00000
29604	Bishop	Willow_Pond	un	13233160	0.23337	-1.00000	-1.00000	0.13097	-1.00000	-1.00000	0.17745	-1.00000	-1.00000	0.00060	-1.00000	-1.00000
29613	Bishop	Willow_Pond	un	13238129	-0.02245	-1.00000	-1.00000	-0.00238	-1.00000	-1.00000	-0.00238	-1.00000	-1.00000	0.00011	-1.00000	-1.00000
29614	Bishop	Willow_Pond	un	13239007	0.03448	-1.00000	-1.00000	0.00246	-1.00000	-1.00000	0.00246	-1.00000	-1.00000	0.00008	-1.00000	-1.00000
29615	Bishop	Willow_Pond	un	13239847	0.05748	-1.00000	-1.00000	0.00467	-1.00000	-1.00000	0.06452	-1.00000	-1.00000	0.00032	-1.00000	-1.00000
29619	Bishop	Willow_Pond	un	13242266	0.00561	-1.00000	-1.00000	0.00021	-1.00000	-1.00000	0.00589	-1.00000	-1.00000	0.00014	-1.00000	-1.00000
29623	Bishop	Willow_Pond	un	13243885	0.10495	-1.00000	-1.00000	0.01335	-1.00000	-1.00000	0.08145	-1.00000	-1.00000	0.00037	-1.00000	-1.00000
29628	Bishop	Willow_Pond	un	13245480	0.04067	-1.00000	-1.00000	0.00302	-1.00000	-1.00000	0.00284	-1.00000	-1.00000	0.00008	-1.00000	-1.00000
29644	Bishop	Willow_Pond	un	13252678	0.00000	-1.00000	-1.00000	0.00000	-1.00000	-1.00000	-0.00502	-1.00000	-1.00000	0.00018	-1.00000	-1.00000
29648	Bishop	Willow_Pond	un	13254268	0.06897	-1.00000	-1.00000	0.00760	-1.00000	-1.00000	0.00760	-1.00000	-1.00000	0.00012	-1.00000	-1.00000
29650	Bishop	Willow_Pond	un	13255073	0.17448	-1.00000	-1.00000	0.03767	-1.00000	-1.00000	0.05342	-1.00000	-1.00000	0.00030	-1.00000	-1.00000
29652	Bishop	Willow_Pond	un	13256537	0.10345	-1.00000	-1.00000	0.01567	-1.00000	-1.00000	0.01567	-1.00000	-1.00000	0.00017	-1.00000	-1.00000
29658	Bishop	Willow_Pond	un	13258104	0.00251	-1.00000	-1.00000	0.00009	-1.00000	-1.00000	-0.00000	-1.00000	-1.00000	0.00005	-1.00000	-1.00000
29686	Bishop	Willow_Pond	un	13268074	0.09463	-1.00000	-1.00000	0.02901	-1.00000	-1.00000	0.02256	-1.00000	-1.00000	0.00040	-1.00000	-1.00000
29699	Bishop	Willow_Pond	un	13273376	0.00656	-1.00000	-1.00000	0.00026	-1.00000	-1.00000	0.01989	-1.00000	-1.00000	0.00034	-1.00000	-1.00000
29707	Bishop	Willow_Pond	un	13276655	-0.02782	-1.00000	-1.00000	-0.00329	-1.00000	-1.00000	-0.00790	-1.00000	-1.00000	0.00033	-1.00000	-1.00000
29716	Bishop	Willow_Pond	un	13282218	0.08696	-1.00000	-1.00000	0.01227	-1.00000	-1.00000	-0.00578	-1.00000	-1.00000	0.00052	-1.00000	-1.00000
29718	Bishop	Willow_Pond	un	13282992	0.03114	-1.00000	-1.00000	0.00229	-1.00000	-1.00000	0.00246	-1.00000	-1.00000	0.00008	-1.00000	-1.00000
29722	Bishop	Willow_Pond	un	13284713	0.03114	-1.00000	-1.00000	0.00229	-1.00000	-1.00000	0.00246	-1.00000	-1.00000	0.00008	-1.00000	-1.00000
29743	Bishop	Willow_Pond	un	13291142	0.09302	-1.00000	-1.00000	0.01497	-1.00000	-1.00000	0.01289	-1.00000	-1.00000	0.00030	-1.00000	-1.00000
29755	Bishop	Willow_Pond	un	13295873	-0.03567	-1.00000	-1.00000	-0.00255	-1.00000	-1.00000	0.00018	-1.00000	-1.00000	0.00016	-1.00000	-1.00000
29759	Bishop	Willow_Pond	un	13298147	0.12643	-1.00000	-1.00000	0.02178	-1.00000	-1.00000	0.03571	-1.00000	-1.00000	0.00029	-1.00000	-1.00000
29763	Bishop	Willow_Pond	un	13299680	0.07569	-1.00000	-1.00000	0.01821	-1.00000	-1.00000	0.01786	-1.00000	-1.00000	0.00026	-1.00000	-1.00000
29764	Bishop	Willow_Pond	un	13300437	0.03448	-1.00000	-1.00000	0.00246	-1.00000	-1.00000	0.00246	-1.00000	-1.00000	0.00008	-1.00000	-1.00000
29772	Bishop	Willow_Pond	un	13304501	0.42407	-1.00000	-1.00000	0.22070	-1.00000	-1.00000	0.27308	-1.00000	-1.00000	0.00064	-1.00000	-1.00000
29773	Bishop	Willow_Pond	un	13305280	0.12265	-1.00000	-1.00000	0.06405	-1.00000	-1.00000	0.04572	-1.00000	-1.00000	0.00056	-1.00000	-1.00000
29786	Bishop	Willow_Pond	un	13310948	0.00251	-1.00000	-1.00000	0.00009	-1.00000	-1.00000	-0.00000	-1.00000	-1.00000	0.00004	-1.00000	-1.00000
29793	Bishop	Willow_Pond	un	13311773	0.06897	-1.00000	-1.00000	0.00760	-1.00000	-1.00000	0.00760	-1.00000	-1.00000	0.00012	-1.00000	-1.00000
29800	Bishop	Willow_Pond	un	13313372	-0.00000	-1.00000	-1.00000	-0.00000	-1.00000	-1.00000	-0.00000	-1.00000	-1.00000	0.00004	-1.00000	-1.00000
29813	Bishop	Willow_Pond	un	13319086	-0.00235	-1.00000	-1.00000	-0.00008	-1.00000	-1.00000	-0.00000	-1.00000	-1.00000	0.00004	-1.00000	-1.00000
29814	Bishop	Willow_Pond	un	13319844	-0.02407	-1.00000	-1.00000	-0.00274	-1.00000	-1.00000	0.00244	-1.00000	-1.00000	0.00019	-1.00000	-1.00000
29823	Bishop	Willow_Pond	un	13324605	-0.00565	-1.00000	-1.00000	-0.00022	-1.00000	-1.00000	0.01286	-1.00000	-1.00000	0.00020	-1.00000	-1.00000
29829	Bishop	Willow_Pond	un	13327080	0.05755	-1.00000	-1.00000	0.01280	-1.00000	-1.00000	0.04535	-1.00000	-1.00000	0.00050	-1.00000	-1.00000
29832	Bishop	Willow_Pond	un	13327838	-0.00235	-1.00000	-1.00000	-0.00008	-1.00000	-1.00000	-0.00000	-1.00000	-1.00000	0.00004	-1.00000	-1.00000
29839	Bishop	Willow_Pond	un	13330976	-0.00000	-1.00000	-1.00000	-0.00000	-1.00000	-1.00000	-0.00000	-1.00000	-1.00000	0.00004	-1.00000	-1.00000
29854	Bishop	Willow_Pond	un	13337973	0.03114	-1.00000	-1.00000	0.00229	-1.00000	-1.00000	0.00246	-1.00000	-1.00000	0.00009	-1.00000	-1.00000
29855	Bishop	Willow_Pond	un	13338730	0.30515	-1.00000	-1.00000	0.12370	-1.00000	-1.00000	0.14308	-1.00000	-1.00000	0.00048	-1.00000	-1.00000
29859	Bishop	Willow_Pond	un	13341044	-0.04174	-1.00000	-1.00000	-0.04355	-1.00000	-1.00000	-0.04973	-1.00000	-1.00000	0.00067	-1.00000	-1.00000
29861	Bishop	Willow_Pond	un	13341927	-0.04000	-1.00000	-1.00000	-0.00321	-1.00000	-1.00000	-0.00652	-1.00000	-1.00000	0.00030	-1.00000	-1.00000
29874	Bishop	Willow_Pond	un	13348468	-0.00000	-1.00000	-1.00000	-0.00000	-1.00000	-1.00000	-0.00000	-1.00000	-1.00000	0.00004	-1.00000	-1.00000
29877	Bishop	Willow_Pond	un	13350786	0.00656	-1.00000	-1.00000	0.00026	-1.00000	-1.00000	0.05121	-1.00000	-1.00000	0.00027	-1.00000	-1.00000
29888	Bishop	Willow_Pond	un	13355859	0.07875	-1.00000	-1.00000	0.00908	-1.00000	-1.00000	0.01894	-1.00000	-1.00000	0.00019	-1.00000	-1.00000
29894	Bishop	Willow_Pond	un	13358337	-0.04348	-1.00000	-1.00000	-0.00379	-1.00000	-1.00000	-0.01366	-1.00000	-1.00000	0.00045	-1.00000	-1.00000
29901	Bishop	Willow_Pond	un	13361351	0.04037	-1.00000	-1.00000	0.00965	-1.00000	-1.00000	-0.00905	-1.00000	-1.00000	0.00058	-1.00000	-1.00000
29903	Bishop	Willow_Pond	un	13362953	-0.02044	-1.00000	-1.00000	-0.00647	-1.00000	-1.00000	-0.00633	-1.00000	-1.00000	0.00031	-1.00000	-1.00000
29907	Bishop	Willow_Pond	un	13363725	0.57986	-1.00000	-1.00000	0.43400	-1.00000	-1.00000	0.44898	-1.00000	-1.00000	0.00069	-1.00000	-1.00000
29923	Bishop	Willow_Pond	un	13369254	0.13263	-1.00000	-1.00000	0.02215	-1.00000	-1.00000	0.02135	-1.00000	-1.00000	0.00019	-1.00000	-1.00000
29924	Bishop	Willow_Pond	un	13370080	-0.00931	-1.00000	-1.00000	-0.00156	-1.00000	-1.00000	-0.00805	-1.00000	-1.00000	0.00030	-1.00000	-1.00000
29930	Bishop	Willow_Pond	un	13373425	0.03320	-1.00000	-1.00000	0.00263	-1.00000	-1.00000	-0.00486	-1.00000	-1.00000	0.00028	-1.00000	-1.00000
29936	Bishop	Willow_Pond	un	13376592	0.50905	-1.00000	-1.00000	0.37688	-1.00000	-1.00000	0.35417	-1.00000	-1.00000	0.00084	-1.00000	-1.00000
29943	Bishop	Willow_Pond	un	13378082	0.00000	-1.00000	-1.00000	0.00000	-1.00000	-1.00000	-0.00502	-1.00000	-1.00000	0.00019	-1.00000	-1.00000
29944	Bishop	Willow_Pond	un	13378903	-0.00000	-1.00000	-1.00000	-0.00000	-1.00000	-1.00000	-0.00000	-1.00000	-1.00000	0.00004	-1.00000	-1.00000
29955	Bishop	Willow_Pond	un	13380511	0.10528	-1.00000	-1.00000	0.01778	-1.00000	-1.00000	0.01818	-1.00000	-1.00000	0.00020	-1.00000	-1.00000
29957	Bishop	Willow_Pond	un	13382110	0.00000	-1.00000	-1.00000	0.00000	-1.00000	-1.00000	-0.00502	-1.00000	-1.00000	0.00020	-1.00000	-1.00000
29958	Bishop	Willow_Pond	un	13382878	-0.02245	-1.00000	-1.00000	-0.00238	-1.00000	-1.00000	-0.00238	-1.00000	-1.00000	0.00011	-1.00000	-1.00000
29963	Bishop	Willow_Pond	un	13384609	0.00290	-1.00000	-1.00000	0.00011	-1.00000	-1.00000	-0.00518	-1.00000	-1.00000	0.00021	-1.00000	-1.00000
29972	Bishop	Willow_Pond	un	13387909	0.08745	-1.00000	-1.00000	0.01453	-1.00000	-1.00000	0.01567	-1.00000	-1.00000	0.00017	-1.00000	-1.00000
29974	Bishop	Willow_Pond	un	13389529	0.00000	-1.00000	-1.00000	0.00000	-1.00000	-1.00000	-0.01682	-1.00000	-1.00000	0.00039	-1.00000	-1.00000
29977	Bishop	Willow_Pond	un	13391293	0.03320	-1.00000	-1.00000	0.00263	-1.00000	-1.00000	-0.00486	-1.00000	-1.00000	0.00032	-1.00000	-1.00000
29983	Bishop	Willow_Pond	un	13395281	-0.01535	-1.00000	-1.00000	-0.00987	-1.00000	-1.00000	-0.02490	-1.00000	-1.00000	0.00065	-1.00000	-1.00000
29986	Bishop	Willow_Pond	un	13396881	-0.01877	-1.00000	-1.00000	-0.00233	-1.00000	-1.00000	0.00051	-1.00000	-1.00000	0.00034	-1.00000	-1.00000
29990	Bishop	Willow_Pond	un	13399490	0.04067	-1.00000	-1.00000	0.00302	-1.00000	-1.00000	0.00284	-1.00000	-1.00000	0.00009	-1.00000	-1.00000
29993	Bishop	Willow_Pond	un	13401048	-0.04000	-1.00000	-1.00000	-0.01037	-1.00000	-1.00000	-0.02201	-1.00000	-1.00000	0.00046	-1.00000	-1.00000
30001	Bishop	Willow_Pond	un	13402675	0.63289	-1.00000	-1.00000	0.64034	-1.00000	-1.00000	0.63029	-1.00000	-1.00000	0.00104	-1.00000	-1.00000
30003	Bishop	Willow_Pond	un	13403426	0.00210	-1.00000	-1.00000	0.00033	-1.00000	-1.00000	0.00033	-1.00000	-1.00000	0.00017	-1.00000	-1.00000
30005	Bishop	Willow_Pond	un	13404222	-0.03181	-1.00000	-1.00000	-0.00390	-1.00000	-1.00000	-0.00745	-1.00000	-1.00000	0.00032	-1.00000	-1.00000
30011	Bishop	Willow_Pond	un	13407510	-0.03684	-1.00000	-1.00000	-0.00273	-1.00000	-1.00000	0.01433	-1.00000	-1.00000	0.00027	-1.00000	-1.00000
30016	Bishop	Willow_Pond	un	13409138	0.00000	-1.00000	-1.00000	0.00000	-1.00000	-1.00000	0.00508	-1.00000	-1.00000	0.00012	-1.00000	-1.00000
30018	Bishop	Willow_Pond	un	13410005	0.06897	-1.00000	-1.00000	0.00760	-1.00000	-1.00000	0.00760	-1.00000	-1.00000	0.00012	-1.00000	-1.00000
30023	Bishop	Willow_Pond	un	13413288	0.03320	-1.00000	-1.00000	0.00263	-1.00000	-1.00000	-0.00486	-1.00000	-1.00000	0.00028	-1.00000	-1.00000
30024	Bishop	Willow_Pond	un	13414156	-0.00878	-1.00000	-1.00000	-0.00332	-1.00000	-1.00000	-0.01037	-1.00000	-1.00000	0.00047	-1.00000	-1.00000
30026	Bishop	Willow_Pond	un	13415769	0.01709	-1.00000	-1.00000	0.00681	-1.00000	-1.00000	0.01866	-1.00000	-1.00000	0.00041	-1.00000	-1.00000
30038	Bishop	Willow_Pond	un	13421470	0.00000	-1.00000	-1.00000	0.00000	-1.00000	-1.00000	-0.00502	-1.00000	-1.00000	0.00019	-1.00000	-1.00000
30039	Bishop	Willow_Pond	un	13422281	0.04067	-1.00000	-1.00000	0.00302	-1.00000	-1.00000	0.01050	-1.00000	-1.00000	0.00016	-1.00000	-1.00000
30045	Bishop	Willow_Pond	un	13424711	-0.03770	-1.00000	-1.00000	-0.02034	-1.00000	-1.00000	-0.02154	-1.00000	-1.00000	0.00058	-1.00000	-1.00000
30076	Bishop	Willow_Pond	un	13439879	0.23504	-1.00000	-1.00000	0.11587	-1.00000	-1.00000	0.10124	-1.00000	-1.00000	0.00063	-1.00000	-1.00000
30085	Bishop	Willow_Pond	un	13444455	-0.02055	-1.00000	-1.00000	-0.00226	-1.00000	-1.00000	0.00300	-1.00000	-1.00000	0.00021	-1.00000	-1.00000
30091	Bishop	Willow_Pond	un	13446025	0.22222	-1.00000	-1.00000	0.06897	-1.00000	-1.00000	0.06897	-1.00000	-1.00000	0.00033	-1.00000	-1.00000
30095	Bishop	Willow_Pond	un	13448348	0.00000	-1.00000	-1.00000	0.00000	-1.00000	-1.00000	0.00508	-1.00000	-1.00000	0.00014	-1.00000	-1.00000
30097	Bishop	Willow_Pond	un	13449069	0.00951	-1.00000	-1.00000	0.00037	-1.00000	-1.00000	0.00691	-1.00000	-1.00000	0.00016	-1.00000	-1.00000
30099	Bishop	Willow_Pond	un	13449781	0.07407	-1.00000	-1.00000	0.00881	-1.00000	-1.00000	0.00881	-1.00000	-1.00000	0.00013	-1.00000	-1.00000
30101	Bishop	Willow_Pond	un	13450630	0.06470	-1.00000	-1.00000	0.00736	-1.00000	-1.00000	0.00760	-1.00000	-1.00000	0.00012	-1.00000	-1.00000
30105	Bishop	Willow_Pond	un	13452278	-0.00000	-1.00000	-1.00000	-0.00000	-1.00000	-1.00000	-0.00000	-1.00000	-1.00000	0.00004	-1.00000	-1.00000
30126	Bishop	Willow_Pond	un	13459580	0.00000	-1.00000	-1.00000	0.00000	-1.00000	-1.00000	-0.01276	-1.00000	-1.00000	0.00039	-1.00000	-1.00000
30129	Bishop	Willow_Pond	un	13461140	-0.03975	-1.00000	-1.00000	-0.00319	-1.00000	-1.00000	0.01151	-1.00000	-1.00000	0.00038	-1.00000	-1.00000
30135	Bishop	Willow_Pond	un	13463672	-0.03448	-1.00000	-1.00000	-0.00238	-1.00000	-1.00000	-0.00238	-1.00000	-1.00000	0.00008	-1.00000	-1.00000
30139	Bishop	Willow_Pond	un	13465101	0.26100	-1.00000	-1.00000	0.25591	-1.00000	-1.00000	0.23300	-1.00000	-1.00000	0.00080	-1.00000	-1.00000
30153	Bishop	Willow_Pond	un	13472420	0.00251	-1.00000	-1.00000	0.00009	-1.00000	-1.00000	0.00508	-1.00000	-1.00000	0.00011	-1.00000	-1.00000
30156	Bishop	Willow_Pond	un	13473363	0.09054	-1.00000	-1.00000	0.01094	-1.00000	-1.00000	0.02205	-1.00000	-1.00000	0.00021	-1.00000	-1.00000
30169	Bishop	Willow_Pond	un	13480359	0.03448	-1.00000	-1.00000	0.00246	-1.00000	-1.00000	0.00246	-1.00000	-1.00000	0.00008	-1.00000	-1.00000
30172	Bishop	Willow_Pond	un	13481941	0.03448	-1.00000	-1.00000	0.00246	-1.00000	-1.00000	0.00246	-1.00000	-1.00000	0.00009	-1.00000	-1.00000
30175	Bishop	Willow_Pond	un	13483562	-0.00000	-1.00000	-1.00000	-0.00000	-1.00000	-1.00000	-0.00000	-1.00000	-1.00000	0.00004	-1.00000	-1.00000
30177	Bishop	Willow_Pond	un	13484363	0.09920	-1.00000	-1.00000	0.01304	-1.00000	-1.00000	0.04448	-1.00000	-1.00000	0.00042	-1.00000	-1.00000
30181	Bishop	Willow_Pond	un	13485981	0.07875	-1.00000	-1.00000	0.00908	-1.00000	-1.00000	0.00881	-1.00000	-1.00000	0.00014	-1.00000	-1.00000
30186	Bishop	Willow_Pond	un	13488359	0.15549	-1.00000	-1.00000	0.05898	-1.00000	-1.00000	0.04757	-1.00000	-1.00000	0.00042	-1.00000	-1.00000
30193	Bishop	Willow_Pond	un	13490767	0.01658	-1.00000	-1.00000	0.01523	-1.00000	-1.00000	0.00620	-1.00000	-1.00000	0.00076	-1.00000	-1.00000
30204	Bishop	Willow_Pond	un	13496567	0.02760	-1.00000	-1.00000	0.00210	-1.00000	-1.00000	0.00246	-1.00000	-1.00000	0.00008	-1.00000	-1.00000
30208	Bishop	Willow_Pond	un	13498238	0.00251	-1.00000	-1.00000	0.00009	-1.00000	-1.00000	-0.00000	-1.00000	-1.00000	0.00005	-1.00000	-1.00000
30217	Bishop	Willow_Pond	un	13502250	0.25926	-1.00000	-1.00000	0.09396	-1.00000	-1.00000	0.08829	-1.00000	-1.00000	0.00045	-1.00000	-1.00000
30224	Bishop	Willow_Pond	un	13504703	0.03704	-1.00000	-1.00000	0.00284	-1.00000	-1.00000	-0.00227	-1.00000	-1.00000	0.00023	-1.00000	-1.00000
30233	Bishop	Willow_Pond	un	13507881	0.00000	-1.00000	-1.00000	0.00000	-1.00000	-1.00000	-0.00000	-1.00000	-1.00000	0.00004	-1.00000	-1.00000
30234	Bishop	Willow_Pond	un	13508728	-0.00000	-1.00000	-1.00000	-0.00000	-1.00000	-1.00000	-0.00000	-1.00000	-1.00000	0.00004	-1.00000	-1.00000
30245	Bishop	Willow_Pond	un	13513584	0.13263	-1.00000	-1.00000	0.02215	-1.00000	-1.00000	0.05900	-1.00000	-1.00000	0.00031	-1.00000	-1.00000
30252	Bishop	Willow_Pond	un	13516891	0.07875	-1.00000	-1.00000	0.00908	-1.00000	-1.00000	0.00881	-1.00000	-1.00000	0.00013	-1.00000	-1.00000
30257	Bishop	Willow_Pond	un	13519364	0.13451	-1.00000	-1.00000	0.03014	-1.00000	-1.00000	0.01766	-1.00000	-1.00000	0.00046	-1.00000	-1.00000
30261	Bishop	Willow_Pond	un	13521777	0.06470	-1.00000	-1.00000	0.00736	-1.00000	-1.00000	0.00760	-1.00000	-1.00000	0.00013	-1.00000	-1.00000
30262	Bishop	Willow_Pond	un	13522537	-0.00489	-1.00000	-1.00000	-0.00018	-1.00000	-1.00000	-0.00000	-1.00000	-1.00000	0.00004	-1.00000	-1.00000
30264	Bishop	Willow_Pond	un	13523343	-0.02432	-1.00000	-1.00000	-0.00910	-1.00000	-1.00000	-0.02203	-1.00000	-1.00000	0.00070	-1.00000	-1.00000
30274	Bishop	Willow_Pond	un	13527375	0.03448	-1.00000	-1.00000	0.00246	-1.00000	-1.00000	0.00246	-1.00000	-1.00000	0.00008	-1.00000	-1.00000
30286	Bishop	Willow_Pond	un	13532886	-0.00235	-1.00000	-1.00000	-0.00008	-1.00000	-1.00000	0.00008	-1.00000	-1.00000	0.00012	-1.00000	-1.00000
30290	Bishop	Willow_Pond	un	13534526	0.00290	-1.00000	-1.00000	0.00011	-1.00000	-1.00000	-0.00518	-1.00000	-1.00000	0.00023	-1.00000	-1.00000
30298	Bishop	Willow_Pond	un	13537736	0.08268	-1.00000	-1.00000	0.03560	-1.00000	-1.00000	0.02977	-1.00000	-1.00000	0.00050	-1.00000	-1.00000
30299	Bishop	Willow_Pond	un	13538535	0.59664	-1.00000	-1.00000	0.44335	-1.00000	-1.00000	0.50512	-1.00000	-1.00000	0.00079	-1.00000	-1.00000
30301	Bishop	Willow_Pond	un	13539376	0.00656	-1.00000	-1.00000	0.00026	-1.00000	-1.00000	0.01989	-1.00000	-1.00000	0.00025	-1.00000	-1.00000
30305	Bishop	Willow_Pond	un	13541209	0.00181	-1.00000	-1.00000	0.00026	-1.00000	-1.00000	0.00026	-1.00000	-1.00000	0.00017	-1.00000	-1.00000
30323	Bishop	Willow_Pond	un	13552209	0.00951	-1.00000	-1.00000	0.00037	-1.00000	-1.00000	0.05121	-1.00000	-1.00000	0.00028	-1.00000	-1.00000
30327	Bishop	Willow_Pond	un	13553850	0.04838	-1.00000	-1.00000	0.00422	-1.00000	-1.00000	0.00323	-1.00000	-1.00000	0.00044	-1.00000	-1.00000
30335	Bishop	Willow_Pond	un	13556976	0.10528	-1.00000	-1.00000	0.01778	-1.00000	-1.00000	0.03064	-1.00000	-1.00000	0.00026	-1.00000	-1.00000
30366	Bishop	Willow_Pond	un	13567020	-0.00235	-1.00000	-1.00000	-0.00008	-1.00000	-1.00000	-0.00000	-1.00000	-1.00000	0.00004	-1.00000	-1.00000
30372	Bishop	Willow_Pond	un	13568655	0.05980	-1.00000	-1.00000	0.01533	-1.00000	-1.00000	0.00906	-1.00000	-1.00000	0.00038	-1.00000	-1.00000
30383	Bishop	Willow_Pond	un	13572679	-0.00000	-1.00000	-1.00000	-0.00000	-1.00000	-1.00000	-0.01068	-1.00000	-1.00000	0.00033	-1.00000	-1.00000
30384	Bishop	Willow_Pond	un	13573477	-0.00000	-1.00000	-1.00000	-0.00000	-1.00000	-1.00000	-0.00000	-1.00000	-1.00000	0.00004	-1.00000	-1.00000
30388	Bishop	Willow_Pond	un	13575831	0.61914	-1.00000	-1.00000	0.49066	-1.00000	-1.00000	0.50368	-1.00000	-1.00000	0.00076	-1.00000	-1.00000
30391	Bishop	Willow_Pond	un	13578028	0.50116	-1.00000	-1.00000	0.39727	-1.00000	-1.00000	0.43301	-1.00000	-1.00000	0.00081	-1.00000	-1.00000
30405	Bishop	Willow_Pond	un	13583437	0.05304	-1.00000	-1.00000	0.00446	-1.00000	-1.00000	0.03571	-1.00000	-1.00000	0.00024	-1.00000	-1.00000
30406	Bishop	Willow_Pond	un	13584340	-0.04000	-1.00000	-1.00000	-0.00321	-1.00000	-1.00000	-0.01405	-1.00000	-1.00000	0.00032	-1.00000	-1.00000
30454	Bishop	Willow_Pond	un	13593506	0.07407	-1.00000	-1.00000	0.00881	-1.00000	-1.00000	0.01894	-1.00000	-1.00000	0.00021	-1.00000	-1.00000
30529	Bishop	Willow_Pond	un	13613640	0.07407	-1.00000	-1.00000	0.00881	-1.00000	-1.00000	0.00881	-1.00000	-1.00000	0.00014	-1.00000	-1.00000
30564	Bishop	Willow_Pond	un	13617535	-0.00000	-1.00000	-1.00000	-0.00000	-1.00000	-1.00000	-0.00000	-1.00000	-1.00000	0.00005	-1.00000	-1.00000
30591	Bishop	Willow_Pond	un	13620444	0.07875	-1.00000	-1.00000	0.00908	-1.00000	-1.00000	0.00881	-1.00000	-1.00000	0.00014	-1.00000	-1.00000
30603	Bishop	Willow_Pond	un	13621230	-0.00000	-1.00000	-1.00000	-0.00000	-1.00000	-1.00000	-0.00000	-1.00000	-1.00000	0.00005	-1.00000	-1.00000
30630	Bishop	Willow_Pond	un	13625242	0.07436	-1.00000	-1.00000	0.00994	-1.00000	-1.00000	0.02205	-1.00000	-1.00000	0.00022	-1.00000	-1.00000
30640	Bishop	Willow_Pond	un	13626070	0.03320	-1.00000	-1.00000	0.00263	-1.00000	-1.00000	0.01050	-1.00000	-1.00000	0.00017	-1.00000	-1.00000
30672	Bishop	Willow_Pond	un	13628500	0.06470	-1.00000	-1.00000	0.00736	-1.00000	-1.00000	0.00760	-1.00000	-1.00000	0.00012	-1.00000	-1.00000
30684	Bishop	Willow_Pond	un	13630180	0.22804	-1.00000	-1.00000	0.23502	-1.00000	-1.00000	0.23805	-1.00000	-1.00000	0.00077	-1.00000	-1.00000
30717	Bishop	Willow_Pond	un	13637898	0.00000	-1.00000	-1.00000	0.00000	-1.00000	-1.00000	-0.01241	-1.00000	-1.00000	0.00034	-1.00000	-1.00000
30724	Bishop	Willow_Pond	un	13640235	0.04420	-1.00000	-1.00000	0.00354	-1.00000	-1.00000	0.00332	-1.00000	-1.00000	0.00009	-1.00000	-1.00000
30840	Bishop	Willow_Pond	un	13657384	-0.00315	-1.00000	-1.00000	-0.00013	-1.00000	-1.00000	0.01244	-1.00000	-1.00000	0.00037	-1.00000	-1.00000
30842	Bishop	Willow_Pond	un	13657864	-0.03755	-1.00000	-1.00000	-0.01680	-1.00000	-1.00000	-0.03122	-1.00000	-1.00000	0.00055	-1.00000	-1.00000
30863	Bishop	Willow_Pond	un	13661081	-0.00000	-1.00000	-1.00000	-0.00000	-1.00000	-1.00000	0.02159	-1.00000	-1.00000	0.00041	-1.00000	-1.00000
30885	Bishop	Willow_Pond	un	13664852	0.08000	-1.00000	-1.00000	0.01033	-1.00000	-1.00000	0.01493	-1.00000	-1.00000	0.00031	-1.00000	-1.00000
30889	Bishop	Willow_Pond	un	13665748	-0.03623	-1.00000	-1.00000	-0.01222	-1.00000	-1.00000	-0.02568	-1.00000	-1.00000	0.00053	-1.00000	-1.00000
30904	Bishop	Willow_Pond	un	13667323	0.54928	-1.00000	-1.00000	0.43236	-1.00000	-1.00000	0.40793	-1.00000	-1.00000	0.00079	-1.00000	-1.00000
30914	Bishop	Willow_Pond	un	13669773	0.00251	-1.00000	-1.00000	0.00009	-1.00000	-1.00000	-0.00000	-1.00000	-1.00000	0.00004	-1.00000	-1.00000
30967	Bishop	Willow_Pond	un	13681054	-0.04348	-1.00000	-1.00000	-0.00379	-1.00000	-1.00000	-0.00770	-1.00000	-1.00000	0.00031	-1.00000	-1.00000
30989	Bishop	Willow_Pond	un	13686302	0.04420	-1.00000	-1.00000	0.00354	-1.00000	-1.00000	0.00332	-1.00000	-1.00000	0.00009	-1.00000	-1.00000
31030	Bishop	Willow_Pond	un	13689279	-0.01591	-1.00000	-1.00000	-0.00398	-1.00000	-1.00000	-0.00379	-1.00000	-1.00000	0.00024	-1.00000	-1.00000
31046	Bishop	Willow_Pond	un	13691742	0.22546	-1.00000	-1.00000	0.13457	-1.00000	-1.00000	0.15267	-1.00000	-1.00000	0.00052	-1.00000	-1.00000
31066	Bishop	Willow_Pond	un	13697639	0.08538	-1.00000	-1.00000	0.01066	-1.00000	-1.00000	0.01033	-1.00000	-1.00000	0.00014	-1.00000	-1.00000
31077	Bishop	Willow_Pond	un	13698473	0.10495	-1.00000	-1.00000	0.01335	-1.00000	-1.00000	0.05025	-1.00000	-1.00000	0.00036	-1.00000	-1.00000
31130	Bishop	Willow_Pond	un	13707513	0.00000	-1.00000	-1.00000	0.00000	-1.00000	-1.00000	-0.00000	-1.00000	-1.00000	0.00004	-1.00000	-1.00000
31188	Bishop	Willow_Pond	un	13714679	0.03114	-1.00000	-1.00000	0.00229	-1.00000	-1.00000	0.00246	-1.00000	-1.00000	0.00009	-1.00000	-1.00000
31202	Bishop	Willow_Pond	un	13717191	0.21386	-1.00000	-1.00000	0.20240	-1.00000	-1.00000	0.19700	-1.00000	-1.00000	0.00070	-1.00000	-1.00000
31204	Bishop	Willow_Pond	un	13718018	-0.03841	-1.00000	-1.00000	-0.00296	-1.00000	-1.00000	0.00022	-1.00000	-1.00000	0.00018	-1.00000	-1.00000
31255	Bishop	Willow_Pond	un	13730713	0.05748	-1.00000	-1.00000	0.00467	-1.00000	-1.00000	0.03571	-1.00000	-1.00000	0.00027	-1.00000	-1.00000
31291	Bishop	Willow_Pond	un	13735146	0.03114	-1.00000	-1.00000	0.00229	-1.00000	-1.00000	0.00246	-1.00000	-1.00000	0.00009	-1.00000	-1.00000
31338	Bishop	Willow_Pond	un	13743146	0.03114	-1.00000	-1.00000	0.00229	-1.00000	-1.00000	0.00246	-1.00000	-1.00000	0.00008	-1.00000	-1.00000
31339	Bishop	Willow_Pond	un	13743953	0.14632	-1.00000	-1.00000	0.04868	-1.00000	-1.00000	0.06226	-1.00000	-1.00000	0.00059	-1.00000	-1.00000
31395	Bishop	Willow_Pond	un	13748859	0.01437	-1.00000	-1.00000	0.00780	-1.00000	-1.00000	0.01407	-1.00000	-1.00000	0.00055	-1.00000	-1.00000
31476	Bishop	Willow_Pond	un	13763254	0.13451	-1.00000	-1.00000	0.03014	-1.00000	-1.00000	0.02300	-1.00000	-1.00000	0.00036	-1.00000	-1.00000
31527	Bishop	Willow_Pond	un	13768245	0.09321	-1.00000	-1.00000	0.01269	-1.00000	-1.00000	0.01979	-1.00000	-1.00000	0.00039	-1.00000	-1.00000
31581	Bishop	Willow_Pond	un	13772133	0.06470	-1.00000	-1.00000	0.00736	-1.00000	-1.00000	0.00760	-1.00000	-1.00000	0.00012	-1.00000	-1.00000
31584	Bishop	Willow_Pond	un	13772965	0.07407	-1.00000	-1.00000	0.00881	-1.00000	-1.00000	0.00881	-1.00000	-1.00000	0.00018	-1.00000	-1.00000
31604	Bishop	Willow_Pond	un	13779100	0.09528	-1.00000	-1.00000	0.04413	-1.00000	-1.00000	0.02850	-1.00000	-1.00000	0.00061	-1.00000	-1.00000
31698	Bishop	Willow_Pond	un	13798102	-0.04000	-1.00000	-1.00000	-0.00321	-1.00000	-1.00000	-0.00914	-1.00000	-1.00000	0.00026	-1.00000	-1.00000
31737	Bishop	Willow_Pond	un	13807618	-0.03704	-1.00000	-1.00000	-0.00275	-1.00000	-1.00000	-0.00275	-1.00000	-1.00000	0.00009	-1.00000	-1.00000
31755	Bishop	Willow_Pond	un	13812870	0.07407	-1.00000	-1.00000	0.00881	-1.00000	-1.00000	0.00881	-1.00000	-1.00000	0.00013	-1.00000	-1.00000
31777	Bishop	Willow_Pond	un	13817368	-0.01350	-1.00000	-1.00000	-0.00217	-1.00000	-1.00000	0.00885	-1.00000	-1.00000	0.00032	-1.00000	-1.00000
31842	Bishop	Willow_Pond	un	13826555	0.04838	-1.00000	-1.00000	0.00422	-1.00000	-1.00000	0.01434	-1.00000	-1.00000	0.00020	-1.00000	-1.00000
31936	Bishop	Willow_Pond	un	13839376	0.09920	-1.00000	-1.00000	0.01304	-1.00000	-1.00000	0.05025	-1.00000	-1.00000	0.00030	-1.00000	-1.00000
32111	Bishop	Willow_Pond	un	13858650	-0.03127	-1.00000	-1.00000	-0.02642	-1.00000	-1.00000	-0.02584	-1.00000	-1.00000	0.00070	-1.00000	-1.00000
32137	Bishop	Willow_Pond	un	13861822	0.06470	-1.00000	-1.00000	0.00736	-1.00000	-1.00000	0.00760	-1.00000	-1.00000	0.00012	-1.00000	-1.00000
32168	Bishop	Willow_Pond	un	13867307	0.17774	-1.00000	-1.00000	0.04751	-1.00000	-1.00000	0.06452	-1.00000	-1.00000	0.00034	-1.00000	-1.00000
32169	Bishop	Willow_Pond	un	13868098	0.03114	-1.00000	-1.00000	0.00229	-1.00000	-1.00000	0.00246	-1.00000	-1.00000	0.00009	-1.00000	-1.00000
32176	Bishop	Willow_Pond	un	13870334	0.04838	-1.00000	-1.00000	0.00422	-1.00000	-1.00000	-0.00680	-1.00000	-1.00000	0.00044	-1.00000	-1.00000
32188	Bishop	Willow_Pond	un	13872680	0.00000	-1.00000	-1.00000	0.00000	-1.00000	-1.00000	-0.00000	-1.00000	-1.00000	0.00005	-1.00000	-1.00000
32201	Bishop	Willow_Pond	un	13876490	-0.04174	-1.00000	-1.00000	-0.04355	-1.00000	-1.00000	-0.04600	-1.00000	-1.00000	0.00069	-1.00000	-1.00000
32241	Bishop	Willow_Pond	un	13883425	0.03114	-1.00000	-1.00000	0.00229	-1.00000	-1.00000	0.00246	-1.00000	-1.00000	0.00008	-1.00000	-1.00000
32253	Bishop	Willow_Pond	un	13886421	0.03320	-1.00000	-1.00000	0.00263	-1.00000	-1.00000	0.00284	-1.00000	-1.00000	0.00009	-1.00000	-1.00000
32326	Bishop	Willow_Pond	un	13903117	0.92324	-1.00000	-1.00000	0.92542	-1.00000	-1.00000	0.92567	-1.00000	-1.00000	0.00117	-1.00000	-1.00000
32351	Bishop	Willow_Pond	un	13908622	0.08000	-1.00000	-1.00000	0.01033	-1.00000	-1.00000	0.01033	-1.00000	-1.00000	0.00015	-1.00000	-1.00000
32359	Bishop	Willow_Pond	un	13909397	0.05304	-1.00000	-1.00000	0.00446	-1.00000	-1.00000	0.01434	-1.00000	-1.00000	0.00019	-1.00000	-1.00000
32425	Bishop	Willow_Pond	un	13921454	0.61125	-1.00000	-1.00000	0.59750	-1.00000	-1.00000	0.55537	-1.00000	-1.00000	0.00104	-1.00000	-1.00000
32532	Bishop	Willow_Pond	un	13942455	0.04348	-1.00000	-1.00000	0.00394	-1.00000	-1.00000	0.01434	-1.00000	-1.00000	0.00021	-1.00000	-1.00000
32602	Bishop	Willow_Pond	un	13955064	0.24482	-1.00000	-1.00000	0.24224	-1.00000	-1.00000	0.25694	-1.00000	-1.00000	0.00080	-1.00000	-1.00000
32612	Bishop	Willow_Pond	un	13955893	-0.01087	-1.00000	-1.00000	-0.00312	-1.00000	-1.00000	-0.01373	-1.00000	-1.00000	0.00046	-1.00000	-1.00000
32661	Bishop	Willow_Pond	un	13966507	0.02382	-1.00000	-1.00000	0.00187	-1.00000	-1.00000	0.00029	-1.00000	-1.00000	0.00020	-1.00000	-1.00000
32707	Bishop	Willow_Pond	un	13972411	-0.00235	-1.00000	-1.00000	-0.00008	-1.00000	-1.00000	-0.00000	-1.00000	-1.00000	0.00004	-1.00000	-1.00000
32737	Bishop	Willow_Pond	un	13975596	0.07407	-1.00000	-1.00000	0.00881	-1.00000	-1.00000	0.00881	-1.00000	-1.00000	0.00013	-1.00000	-1.00000
32744	Bishop	Willow_Pond	un	13977295	0.00000	-1.00000	-1.00000	0.00000	-1.00000	-1.00000	-0.00009	-1.00000	-1.00000	0.00012	-1.00000	-1.00000
32750	Bishop	Willow_Pond	un	13979010	-0.03101	-1.00000	-1.00000	-0.00879	-1.00000	-1.00000	-0.00879	-1.00000	-1.00000	0.00026	-1.00000	-1.00000
32759	Bishop	Willow_Pond	un	13983065	-0.03568	-1.00000	-1.00000	-0.00890	-1.00000	-1.00000	0.04330	-1.00000	-1.00000	0.00046	-1.00000	-1.00000
32863	Bishop	Willow_Pond	un	14002650	-0.02055	-1.00000	-1.00000	-0.00226	-1.00000	-1.00000	-0.00236	-1.00000	-1.00000	0.00012	-1.00000	-1.00000
32876	Bishop	Willow_Pond	un	14005757	0.00290	-1.00000	-1.00000	0.00011	-1.00000	-1.00000	0.00589	-1.00000	-1.00000	0.00013	-1.00000	-1.00000
32936	Bishop	Willow_Pond	un	14014927	0.15194	-1.00000	-1.00000	0.02682	-1.00000	-1.00000	0.02542	-1.00000	-1.00000	0.00022	-1.00000	-1.00000
33046	Bishop	Willow_Pond	un	14036737	0.00656	-1.00000	-1.00000	0.00026	-1.00000	-1.00000	-0.00000	-1.00000	-1.00000	0.00005	-1.00000	-1.00000
33075	Bishop	Willow_Pond	un	14045562	-0.00767	-1.00000	-1.00000	-0.00029	-1.00000	-1.00000	0.01323	-1.00000	-1.00000	0.00022	-1.00000	-1.00000
33137	Bishop	Willow_Pond	un	14055483	0.67155	-1.00000	-1.00000	0.56683	-1.00000	-1.00000	0.56800	-1.00000	-1.00000	0.00089	-1.00000	-1.00000
33161	Bishop	Willow_Pond	un	14059273	0.08538	-1.00000	-1.00000	0.01066	-1.00000	-1.00000	0.04304	-1.00000	-1.00000	0.00029	-1.00000	-1.00000
33271	Bishop	Willow_Pond	un	14071533	-0.00000	-1.00000	-1.00000	-0.00000	-1.00000	-1.00000	0.00589	-1.00000	-1.00000	0.00015	-1.00000	-1.00000
33289	Bishop	Willow_Pond	un	14073731	0.24887	-1.00000	-1.00000	0.08190	-1.00000	-1.00000	0.06698	-1.00000	-1.00000	0.00039	-1.00000	-1.00000
33431	Bishop	Willow_Pond	un	14096372	0.07407	-1.00000	-1.00000	0.00881	-1.00000	-1.00000	0.01894	-1.00000	-1.00000	0.00021	-1.00000	-1.00000
33466	Bishop	Willow_Pond	un	14101822	-0.00315	-1.00000	-1.00000	-0.00013	-1.00000	-1.00000	-0.01186	-1.00000	-1.00000	0.00034	-1.00000	-1.00000
33503	Bishop	Willow_Pond	un	14108254	0.03704	-1.00000	-1.00000	0.00284	-1.00000	-1.00000	0.01050	-1.00000	-1.00000	0.00017	-1.00000	-1.00000
33538	Bishop	Willow_Pond	un	14115214	-0.00270	-1.00000	-1.00000	-0.00010	-1.00000	-1.00000	-0.00558	-1.00000	-1.00000	0.00020	-1.00000	-1.00000
33546	Bishop	Willow_Pond	un	14117598	-0.00767	-1.00000	-1.00000	-0.00029	-1.00000	-1.00000	-0.00000	-1.00000	-1.00000	0.00004	-1.00000	-1.00000
33572	Bishop	Willow_Pond	un	14124665	-0.00235	-1.00000	-1.00000	-0.00008	-1.00000	-1.00000	-0.00000	-1.00000	-1.00000	0.00004	-1.00000	-1.00000
33611	Bishop	Willow_Pond	un	14132169	-0.00565	-1.00000	-1.00000	-0.00022	-1.00000	-1.00000	0.01286	-1.00000	-1.00000	0.00019	-1.00000	-1.00000
33697	Bishop	Willow_Pond	un	14144682	0.00000	-1.00000	-1.00000	0.00000	-1.00000	-1.00000	-0.00000	-1.00000	-1.00000	0.00004	-1.00000	-1.00000
33715	Bishop	Willow_Pond	un	14147958	0.19376	-1.00000	-1.00000	0.08444	-1.00000	-1.00000	0.09514	-1.00000	-1.00000	0.00052	-1.00000	-1.00000
33815	Bishop	Willow_Pond	un	14161731	0.03704	-1.00000	-1.00000	0.00284	-1.00000	-1.00000	0.00284	-1.00000	-1.00000	0.00009	-1.00000	-1.00000
33869	Bishop	Willow_Pond	un	14176546	0.08538	-1.00000	-1.00000	0.01066	-1.00000	-1.00000	0.00463	-1.00000	-1.00000	0.00020	-1.00000	-1.00000
34320	Bishop	Willow_Pond	un	14207355	0.08000	-1.00000	-1.00000	0.01033	-1.00000	-1.00000	0.00987	-1.00000	-1.00000	0.00030	-1.00000	-1.00000
36044	Bishop	Willow_Pond	un	14280131	-0.03289	-1.00000	-1.00000	-0.00670	-1.00000	-1.00000	-0.01113	-1.00000	-1.00000	0.00039	-1.00000	-1.00000
36729	Bishop	Willow_Pond	un	14311554	0.06407	-1.00000	-1.00000	0.00815	-1.00000	-1.00000	0.00881	-1.00000	-1.00000	0.00014	-1.00000	-1.00000
36746	Bishop	Willow_Pond	un	14313883	-0.00235	-1.00000	-1.00000	-0.00008	-1.00000	-1.00000	-0.00000	-1.00000	-1.00000	0.00004	-1.00000	-1.00000
36992	Bishop	Willow_Pond	un	14326481	0.37984	-1.00000	-1.00000	0.17493	-1.00000	-1.00000	0.26396	-1.00000	-1.00000	0.00059	-1.00000	-1.00000
37222	Bishop	Willow_Pond	un	14342438	0.33333	-1.00000	-1.00000	0.15625	-1.00000	-1.00000	0.15040	-1.00000	-1.00000	0.00053	-1.00000	-1.00000
37690	Bishop	Willow_Pond	un	14364614	0.00000	-1.00000	-1.00000	0.00000	-1.00000	-1.00000	-0.00502	-1.00000	-1.00000	0.00022	-1.00000	-1.00000
41108	Bishop	Willow_Pond	un	14465952	0.00951	-1.00000	-1.00000	0.00037	-1.00000	-1.00000	-0.00000	-1.00000	-1.00000	0.00006	-1.00000	-1.00000
42334	Bishop	Willow_Pond	un	14509495	0.09321	-1.00000	-1.00000	0.01269	-1.00000	-1.00000	0.05025	-1.00000	-1.00000	0.00031	-1.00000	-1.00000
42384	Bishop	Willow_Pond	un	14510312	-0.04160	-1.00000	-1.00000	-0.00347	-1.00000	-1.00000	-0.01045	-1.00000	-1.00000	0.00038	-1.00000	-1.00000
43320	Bishop	Willow_Pond	un	14520844	0.13263	-1.00000	-1.00000	0.02215	-1.00000	-1.00000	0.03571	-1.00000	-1.00000	0.00026	-1.00000	-1.00000
43951	Bishop	Willow_Pond	un	14529444	-0.04348	-1.00000	-1.00000	-0.01232	-1.00000	-1.00000	0.00875	-1.00000	-1.00000	0.00041	-1.00000	-1.00000
44660	Bishop	Willow_Pond	un	14540742	0.37024	-1.00000	-1.00000	0.18442	-1.00000	-1.00000	0.19855	-1.00000	-1.00000	0.00055	-1.00000	-1.00000
50809	Bishop	Willow_Pond	un	14607038	0.08272	-1.00000	-1.00000	0.04193	-1.00000	-1.00000	0.05105	-1.00000	-1.00000	0.00058	-1.00000	-1.00000
51164	Bishop	Willow_Pond	un	14611881	-0.04160	-1.00000	-1.00000	-0.00347	-1.00000	-1.00000	-0.01504	-1.00000	-1.00000	0.00038	-1.00000	-1.00000
51862	Bishop	Willow_Pond	un	14615944	-0.00270	-1.00000	-1.00000	-0.00010	-1.00000	-1.00000	-0.00558	-1.00000	-1.00000	0.00021	-1.00000	-1.00000
52792	Bishop	Willow_Pond	un	14628320	0.00290	-1.00000	-1.00000	0.00011	-1.00000	-1.00000	-0.00518	-1.00000	-1.00000	0.00022	-1.00000	-1.00000
53322	Bishop	Willow_Pond	un	14631575	0.04838	-1.00000	-1.00000	0.00422	-1.00000	-1.00000	-0.00632	-1.00000	-1.00000	0.00032	-1.00000	-1.00000
53992	Bishop	Willow_Pond	un	14637008	0.00340	-1.00000	-1.00000	0.00014	-1.00000	-1.00000	-0.00738	-1.00000	-1.00000	0.00035	-1.00000	-1.00000
55001	Bishop	Willow_Pond	un	14646500	0.00210	-1.00000	-1.00000	0.00033	-1.00000	-1.00000	-0.00498	-1.00000	-1.00000	0.00032	-1.00000	-1.00000
55471	Bishop	Willow_Pond	un	14647265	-0.00489	-1.00000	-1.00000	-0.00018	-1.00000	-1.00000	0.00029	-1.00000	-1.00000	0.00012	-1.00000	-1.00000
55477	Bishop	Willow_Pond	un	14648121	-0.00489	-1.00000	-1.00000	-0.00018	-1.00000	-1.00000	-0.00000	-1.00000	-1.00000	0.00004	-1.00000	-1.00000
56588	Bishop	Willow_Pond	un	14659735	0.10194	-1.00000	-1.00000	0.03577	-1.00000	-1.00000	0.02956	-1.00000	-1.00000	0.00044	-1.00000	-1.00000
56693	Bishop	Willow_Pond	un	14665505	-0.00275	-1.00000	-1.00000	-0.00076	-1.00000	-1.00000	-0.00749	-1.00000	-1.00000	0.00042	-1.00000	-1.00000
57555	Bishop	Willow_Pond	un	14678655	0.04820	-1.00000	-1.00000	0.00374	-1.00000	-1.00000	0.00332	-1.00000	-1.00000	0.00010	-1.00000	-1.00000
57653	Bishop	Willow_Pond	un	14680247	0.20567	-1.00000	-1.00000	0.06760	-1.00000	-1.00000	0.04627	-1.00000	-1.00000	0.00050	-1.00000	-1.00000
58361	Bishop	Willow_Pond	un	14686720	-0.04160	-1.00000	-1.00000	-0.00347	-1.00000	-1.00000	-0.00348	-1.00000	-1.00000	0.00009	-1.00000	-1.00000
59191	Bishop	Willow_Pond	un	14689224	-0.04000	-1.00000	-1.00000	-0.04167	-1.00000	-1.00000	-0.05617	-1.00000	-1.00000	0.00075	-1.00000	-1.00000
60513	Bishop	Willow_Pond	un	14693231	-0.02595	-1.00000	-1.00000	-0.00320	-1.00000	-1.00000	-0.01426	-1.00000	-1.00000	0.00040	-1.00000	-1.00000
61268	Bishop	Willow_Pond	un	14697268	-0.00270	-1.00000	-1.00000	-0.00010	-1.00000	-1.00000	-0.00488	-1.00000	-1.00000	0.00027	-1.00000	-1.00000
62533	Bishop	Willow_Pond	un	14707553	0.04420	-1.00000	-1.00000	0.00354	-1.00000	-1.00000	0.03064	-1.00000	-1.00000	0.00024	-1.00000	-1.00000
63935	Bishop	Willow_Pond	un	14714100	-0.03975	-1.00000	-1.00000	-0.00319	-1.00000	-1.00000	0.01151	-1.00000	-1.00000	0.00036	-1.00000	-1.00000
65862	Bishop	Willow_Pond	un	14722574	0.08696	-1.00000	-1.00000	0.01227	-1.00000	-1.00000	0.01026	-1.00000	-1.00000	0.00045	-1.00000	-1.00000
66182	Bishop	Willow_Pond	un	14725854	-0.02055	-1.00000	-1.00000	-0.00226	-1.00000	-1.00000	0.00300	-1.00000	-1.00000	0.00018	-1.00000	-1.00000
66500	Bishop	Willow_Pond	un	14728397	0.41046	-1.00000	-1.00000	0.22754	-1.00000	-1.00000	0.22176	-1.00000	-1.00000	0.00057	-1.00000	-1.00000
66884	Bishop	Willow_Pond	un	14734140	0.00340	-1.00000	-1.00000	0.00014	-1.00000	-1.00000	0.01768	-1.00000	-1.00000	0.00032	-1.00000	-1.00000
67515	Bishop	Willow_Pond	un	14738861	-0.01478	-1.00000	-1.00000	-0.01421	-1.00000	-1.00000	-0.02004	-1.00000	-1.00000	0.00076	-1.00000	-1.00000
67839	Bishop	Willow_Pond	un	14745053	-0.03841	-1.00000	-1.00000	-0.00296	-1.00000	-1.00000	-0.00061	-1.00000	-1.00000	0.00016	-1.00000	-1.00000
68310	Bishop	Willow_Pond	un	14756773	-0.00565	-1.00000	-1.00000	-0.00022	-1.00000	-1.00000	0.00778	-1.00000	-1.00000	0.00033	-1.00000	-1.00000
68507	Bishop	Willow_Pond	un	14760491	0.00251	-1.00000	-1.00000	0.00009	-1.00000	-1.00000	-0.00000	-1.00000	-1.00000	0.00005	-1.00000	-1.00000
71265	Bishop	Willow_Pond	un	14781390	0.00000	-1.00000	-1.00000	0.00000	-1.00000	-1.00000	-0.00000	-1.00000	-1.00000	0.00005	-1.00000	-1.00000
71652	Bishop	Willow_Pond	un	14785831	0.04420	-1.00000	-1.00000	0.00354	-1.00000	-1.00000	0.01220	-1.00000	-1.00000	0.00017	-1.00000	-1.00000
72937	Bishop	Willow_Pond	un	14800154	0.00290	-1.00000	-1.00000	0.00054	-1.00000	-1.00000	-0.00410	-1.00000	-1.00000	0.00051	-1.00000	-1.00000
73628	Bishop	Willow_Pond	un	14805041	0.04420	-1.00000	-1.00000	0.00354	-1.00000	-1.00000	0.01220	-1.00000	-1.00000	0.00019	-1.00000	-1.00000
74918	Bishop	Willow_Pond	un	14815855	0.00000	-1.00000	-1.00000	0.00000	-1.00000	-1.00000	-0.01276	-1.00000	-1.00000	0.00035	-1.00000	-1.00000
75839	Bishop	Willow_Pond	un	14824372	0.03114	-1.00000	-1.00000	0.00229	-1.00000	-1.00000	0.00246	-1.00000	-1.00000	0.00009	-1.00000	-1.00000
76433	Bishop	Willow_Pond	un	14828579	-0.00235	-1.00000	-1.00000	-0.00008	-1.00000	-1.00000	-0.00000	-1.00000	-1.00000	0.00004	-1.00000	-1.00000
76805	Bishop	Willow_Pond	un	14833587	-0.00489	-1.00000	-1.00000	-0.00018	-1.00000	-1.00000	-0.00000	-1.00000	-1.00000	0.00006	-1.00000	-1.00000
77208	Bishop	Willow_Pond	un	14839848	0.00340	-1.00000	-1.00000	0.00014	-1.00000	-1.00000	-0.00738	-1.00000	-1.00000	0.00028	-1.00000	-1.00000
77846	Bishop	Willow_Pond	un	14847026	-0.00000	-1.00000	-1.00000	-0.00000	-1.00000	-1.00000	-0.01068	-1.00000	-1.00000	0.00032	-1.00000	-1.00000
78158	Bishop	Willow_Pond	un	14850233	-0.03986	-1.00000	-1.00000	-0.04151	-1.00000	-1.00000	-0.05272	-1.00000	-1.00000	0.00074	-1.00000	-1.00000
78893	Bishop	Willow_Pond	un	14855919	0.05553	-1.00000	-1.00000	0.00674	-1.00000	-1.00000	0.00760	-1.00000	-1.00000	0.00012	-1.00000	-1.00000
79011	Bishop	Willow_Pond	un	14858395	0.00340	-1.00000	-1.00000	0.00014	-1.00000	-1.00000	0.00110	-1.00000	-1.00000	0.00031	-1.00000	-1.00000
79628	Bishop	Willow_Pond	un	14862215	0.13205	-1.00000	-1.00000	0.02645	-1.00000	-1.00000	0.02685	-1.00000	-1.00000	0.00020	-1.00000	-1.00000
79768	Bishop	Willow_Pond	un	14863038	-0.03975	-1.00000	-1.00000	-0.00319	-1.00000	-1.00000	0.01151	-1.00000	-1.00000	0.00037	-1.00000	-1.00000
80161	Bishop	Willow_Pond	un	14866113	0.03555	-1.00000	-1.00000	0.00306	-1.00000	-1.00000	0.00996	-1.00000	-1.00000	0.00026	-1.00000	-1.00000
81377	Bishop	Willow_Pond	un	14873021	0.04000	-1.00000	-1.00000	0.00332	-1.00000	-1.00000	0.00332	-1.00000	-1.00000	0.00010	-1.00000	-1.00000
81596	Bishop	Willow_Pond	un	14873801	0.00000	-1.00000	-1.00000	0.00000	-1.00000	-1.00000	-0.00000	-1.00000	-1.00000	0.00005	-1.00000	-1.00000
81898	Bishop	Willow_Pond	un	14876269	0.21739	-1.00000	-1.00000	0.06757	-1.00000	-1.00000	0.15534	-1.00000	-1.00000	0.00047	-1.00000	-1.00000
81926	Bishop	Willow_Pond	un	14877938	-0.02330	-1.00000	-1.00000	-0.00301	-1.00000	-1.00000	0.01558	-1.00000	-1.00000	0.00039	-1.00000	-1.00000
82538	Bishop	Willow_Pond	un	14884551	-0.00489	-1.00000	-1.00000	-0.00018	-1.00000	-1.00000	0.00029	-1.00000	-1.00000	0.00013	-1.00000	-1.00000
85729	Bishop	Willow_Pond	un	14915877	0.04420	-1.00000	-1.00000	0.00354	-1.00000	-1.00000	0.00332	-1.00000	-1.00000	0.00009	-1.00000	-1.00000
85812	Bishop	Willow_Pond	un	14919058	-0.00270	-1.00000	-1.00000	-0.00010	-1.00000	-1.00000	0.00508	-1.00000	-1.00000	0.00013	-1.00000	-1.00000
86096	Bishop	Willow_Pond	un	14932550	0.24153	-1.00000	-1.00000	0.09248	-1.00000	-1.00000	0.06745	-1.00000	-1.00000	0.00058	-1.00000	-1.00000
86161	Bishop	Willow_Pond	un	14934958	-0.00000	-1.00000	-1.00000	-0.00000	-1.00000	-1.00000	-0.01068	-1.00000	-1.00000	0.00033	-1.00000	-1.00000
86419	Bishop	Willow_Pond	un	14945557	0.06897	-1.00000	-1.00000	0.00760	-1.00000	-1.00000	0.00760	-1.00000	-1.00000	0.00012	-1.00000	-1.00000
86597	Bishop	Willow_Pond	un	14957383	0.00951	-1.00000	-1.00000	0.00037	-1.00000	-1.00000	0.02512	-1.00000	-1.00000	0.00025	-1.00000	-1.00000
87927	Bishop	Willow_Pond	un	14985148	-0.02184	-1.00000	-1.00000	-0.00259	-1.00000	-1.00000	0.00352	-1.00000	-1.00000	0.00021	-1.00000	-1.00000
88881	Bishop	Willow_Pond	un	15003961	-0.03595	-1.00000	-1.00000	-0.00859	-1.00000	-1.00000	-0.00868	-1.00000	-1.00000	0.00023	-1.00000	-1.00000
89030	Bishop	Willow_Pond	un	15009595	0.03448	-1.00000	-1.00000	0.00246	-1.00000	-1.00000	0.00246	-1.00000	-1.00000	0.00008	-1.00000	-1.00000
89054	Bishop	Willow_Pond	un	15010403	0.03320	-1.00000	-1.00000	0.00263	-1.00000	-1.00000	0.00022	-1.00000	-1.00000	0.00018	-1.00000	-1.00000
89077	Bishop	Willow_Pond	un	15011152	0.14504	-1.00000	-1.00000	0.02643	-1.00000	-1.00000	0.04215	-1.00000	-1.00000	0.00028	-1.00000	-1.00000
89161	Bishop	Willow_Pond	un	15013632	0.00290	-1.00000	-1.00000	0.00054	-1.00000	-1.00000	0.00276	-1.00000	-1.00000	0.00039	-1.00000	-1.00000
89228	Bishop	Willow_Pond	un	15016834	-0.01663	-1.00000	-1.00000	-0.00598	-1.00000	-1.00000	-0.00444	-1.00000	-1.00000	0.00046	-1.00000	-1.00000
89814	Bishop	Willow_Pond	un	15023760	-0.02813	-1.00000	-1.00000	-0.00378	-1.00000	-1.00000	-0.00455	-1.00000	-1.00000	0.00036	-1.00000	-1.00000
90847	Bishop	Willow_Pond	un	15037790	-0.03448	-1.00000	-1.00000	-0.00238	-1.00000	-1.00000	-0.00238	-1.00000	-1.00000	0.00008	-1.00000	-1.00000
91060	Bishop	Willow_Pond	un	15041804	0.01778	-1.00000	-1.00000	0.00557	-1.00000	-1.00000	0.00967	-1.00000	-1.00000	0.00046	-1.00000	-1.00000
91266	Bishop	Willow_Pond	un	15042619	0.03320	-1.00000	-1.00000	0.00263	-1.00000	-1.00000	0.01050	-1.00000	-1.00000	0.00016	-1.00000	-1.00000
91500	Bishop	Willow_Pond	un	15049708	0.66111	-1.00000	-1.00000	0.65658	-1.00000	-1.00000	0.64782	-1.00000	-1.00000	0.00097	-1.00000	-1.00000
91818	Bishop	Willow_Pond	un	15054607	0.09920	-1.00000	-1.00000	0.01304	-1.00000	-1.00000	0.08145	-1.00000	-1.00000	0.00038	-1.00000	-1.00000
92349	Bishop	Willow_Pond	un	15064217	0.00251	-1.00000	-1.00000	0.00009	-1.00000	-1.00000	0.00508	-1.00000	-1.00000	0.00012	-1.00000	-1.00000
92736	Bishop	Willow_Pond	un	15071443	0.44632	-1.00000	-1.00000	0.26978	-1.00000	-1.00000	0.30709	-1.00000	-1.00000	0.00077	-1.00000	-1.00000
93049	Bishop	Willow_Pond	un	15079898	-0.03181	-1.00000	-1.00000	-0.00390	-1.00000	-1.00000	0.03379	-1.00000	-1.00000	0.00035	-1.00000	-1.00000
93935	Bishop	Willow_Pond	un	15087046	0.04192	-1.00000	-1.00000	0.01650	-1.00000	-1.00000	0.01770	-1.00000	-1.00000	0.00039	-1.00000	-1.00000
95683	Bishop	Willow_Pond	un	15096878	0.04000	-1.00000	-1.00000	0.00332	-1.00000	-1.00000	0.00027	-1.00000	-1.00000	0.00020	-1.00000	-1.00000
95873	Bishop	Willow_Pond	un	15099179	0.08696	-1.00000	-1.00000	0.01227	-1.00000	-1.00000	-0.00150	-1.00000	-1.00000	0.00033	-1.00000	-1.00000
96162	Bishop	Willow_Pond	un	15103146	-0.00767	-1.00000	-1.00000	-0.00029	-1.00000	-1.00000	0.03472	-1.00000	-1.00000	0.00031	-1.00000	-1.00000
96547	Bishop	Willow_Pond	un	15107950	0.02760	-1.00000	-1.00000	0.00210	-1.00000	-1.00000	0.00246	-1.00000	-1.00000	0.00008	-1.00000	-1.00000
99005	Bishop	Willow_Pond	un	15131606	0.00000	-1.00000	-1.00000	0.00000	-1.00000	-1.00000	-0.00000	-1.00000	-1.00000	0.00004	-1.00000	-1.00000
101252	Bishop	Willow_Pond	un	15145532	0.02912	-1.00000	-1.00000	0.00239	-1.00000	-1.00000	0.00518	-1.00000	-1.00000	0.00036	-1.00000	-1.00000
101954	Bishop	Willow_Pond	un	15155375	0.04420	-1.00000	-1.00000	0.00354	-1.00000	-1.00000	0.00029	-1.00000	-1.00000	0.00017	-1.00000	-1.00000
102626	Bishop	Willow_Pond	un	15159277	0.04067	-1.00000	-1.00000	0.00302	-1.00000	-1.00000	0.01050	-1.00000	-1.00000	0.00016	-1.00000	-1.00000
105368	Bishop	Willow_Pond	un	15181022	0.09834	-1.00000	-1.00000	0.01534	-1.00000	-1.00000	0.01567	-1.00000	-1.00000	0.00016	-1.00000	-1.00000
105543	Bishop	Willow_Pond	un	15183408	0.78952	-1.00000	-1.00000	0.79223	-1.00000	-1.00000	0.77897	-1.00000	-1.00000	0.00123	-1.00000	-1.00000
106160	Bishop	Willow_Pond	un	15184885	-0.00489	-1.00000	-1.00000	-0.00018	-1.00000	-1.00000	-0.00000	-1.00000	-1.00000	0.00004	-1.00000	-1.00000
106426	Bishop	Willow_Pond	un	15185660	0.27147	-1.00000	-1.00000	0.14250	-1.00000	-1.00000	0.13565	-1.00000	-1.00000	0.00052	-1.00000	-1.00000
107988	Bishop	Willow_Pond	un	15198574	-0.04160	-1.00000	-1.00000	-0.00347	-1.00000	-1.00000	-0.01504	-1.00000	-1.00000	0.00036	-1.00000	-1.00000
110454	Bishop	Willow_Pond	un	15221802	0.06897	-1.00000	-1.00000	0.00760	-1.00000	-1.00000	0.00760	-1.00000	-1.00000	0.00013	-1.00000	-1.00000
111667	Bishop	Willow_Pond	un	15229920	-0.01798	-1.00000	-1.00000	-0.00206	-1.00000	-1.00000	-0.00230	-1.00000	-1.00000	0.00014	-1.00000	-1.00000
114437	Bishop	Willow_Pond	un	15240550	-0.00565	-1.00000	-1.00000	-0.00022	-1.00000	-1.00000	0.03423	-1.00000	-1.00000	0.00028	-1.00000	-1.00000
114892	Bishop	Willow_Pond	un	15245328	0.00000	-1.00000	-1.00000	0.00000	-1.00000	-1.00000	0.01515	-1.00000	-1.00000	0.00035	-1.00000	-1.00000
117278	Bishop	Willow_Pond	un	15264587	0.19057	-1.00000	-1.00000	0.04497	-1.00000	-1.00000	0.08545	-1.00000	-1.00000	0.00048	-1.00000	-1.00000
117348	Bishop	Willow_Pond	un	15266210	0.24449	-1.00000	-1.00000	0.06949	-1.00000	-1.00000	0.11957	-1.00000	-1.00000	0.00045	-1.00000	-1.00000
117443	Bishop	Willow_Pond	un	15267926	0.69552	-1.00000	-1.00000	0.63731	-1.00000	-1.00000	0.63045	-1.00000	-1.00000	0.00091	-1.00000	-1.00000
118988	Bishop	Willow_Pond	un	15279466	0.06407	-1.00000	-1.00000	0.00815	-1.00000	-1.00000	0.00335	-1.00000	-1.00000	0.00022	-1.00000	-1.00000
119136	Bishop	Willow_Pond	un	15282743	0.00290	-1.00000	-1.00000	0.00011	-1.00000	-1.00000	0.00589	-1.00000	-1.00000	0.00014	-1.00000	-1.00000
122800	Bishop	Willow_Pond	un	15310820	-0.00000	-1.00000	-1.00000	-0.00000	-1.00000	-1.00000	-0.00011	-1.00000	-1.00000	0.00013	-1.00000	-1.00000
122928	Bishop	Willow_Pond	un	15315712	-0.02813	-1.00000	-1.00000	-0.00378	-1.00000	-1.00000	0.00330	-1.00000	-1.00000	0.00022	-1.00000	-1.00000
123147	Bishop	Willow_Pond	un	15322849	0.00656	-1.00000	-1.00000	0.00026	-1.00000	-1.00000	0.00691	-1.00000	-1.00000	0.00014	-1.00000	-1.00000
126364	Bishop	Willow_Pond	un	15352353	0.00797	-1.00000	-1.00000	0.00238	-1.00000	-1.00000	0.00613	-1.00000	-1.00000	0.00041	-1.00000	-1.00000
126402	Bishop	Willow_Pond	un	15353166	0.13788	-1.00000	-1.00000	0.02596	-1.00000	-1.00000	0.02542	-1.00000	-1.00000	0.00020	-1.00000	-1.00000
126607	Bishop	Willow_Pond	un	15355597	0.00000	-1.00000	-1.00000	0.00000	-1.00000	-1.00000	0.01515	-1.00000	-1.00000	0.00033	-1.00000	-1.00000
127967	Bishop	Willow_Pond	un	15365233	0.10495	-1.00000	-1.00000	0.01335	-1.00000	-1.00000	0.01227	-1.00000	-1.00000	0.00016	-1.00000	-1.00000
127982	Bishop	Willow_Pond	un	15366013	0.04923	-1.00000	-1.00000	0.01134	-1.00000	-1.00000	-0.00021	-1.00000	-1.00000	0.00046	-1.00000	-1.00000
128314	Bishop	Willow_Pond	un	15374831	0.02710	-1.00000	-1.00000	0.01546	-1.00000	-1.00000	0.00904	-1.00000	-1.00000	0.00052	-1.00000	-1.00000
128485	Bishop	Willow_Pond	un	15376404	0.00000	-1.00000	-1.00000	0.00000	-1.00000	-1.00000	0.00691	-1.00000	-1.00000	0.00015	-1.00000	-1.00000
128758	Bishop	Willow_Pond	un	15383551	0.00000	-1.00000	-1.00000	0.00000	-1.00000	-1.00000	-0.00000	-1.00000	-1.00000	0.00005	-1.00000	-1.00000
129241	Bishop	Willow_Pond	un	15396873	-0.02844	-1.00000	-1.00000	-0.00634	-1.00000	-1.00000	0.02136	-1.00000	-1.00000	0.00036	-1.00000	-1.00000
129266	Bishop	Willow_Pond	un	15398505	0.17124	-1.00000	-1.00000	0.15853	-1.00000	-1.00000	0.15035	-1.00000	-1.00000	0.00078	-1.00000	-1.00000
129372	Bishop	Willow_Pond	un	15400935	0.07407	-1.00000	-1.00000	0.00881	-1.00000	-1.00000	0.00370	-1.00000	-1.00000	0.00019	-1.00000	-1.00000
129804	Bishop	Willow_Pond	un	15407452	-0.00235	-1.00000	-1.00000	-0.00008	-1.00000	-1.00000	-0.00000	-1.00000	-1.00000	0.00005	-1.00000	-1.00000
130705	Bishop	Willow_Pond	un	15414550	0.04838	-1.00000	-1.00000	0.00422	-1.00000	-1.00000	-0.00680	-1.00000	-1.00000	0.00038	-1.00000	-1.00000
130883	Bishop	Willow_Pond	un	15417768	0.06470	-1.00000	-1.00000	0.00736	-1.00000	-1.00000	0.00760	-1.00000	-1.00000	0.00013	-1.00000	-1.00000
131088	Bishop	Willow_Pond	un	15419331	-0.02844	-1.00000	-1.00000	-0.00634	-1.00000	-1.00000	-0.01825	-1.00000	-1.00000	0.00045	-1.00000	-1.00000
132269	Bishop	Willow_Pond	un	15442738	-0.00489	-1.00000	-1.00000	-0.00018	-1.00000	-1.00000	0.00029	-1.00000	-1.00000	0.00013	-1.00000	-1.00000
132373	Bishop	Willow_Pond	un	15446792	0.00290	-1.00000	-1.00000	0.00011	-1.00000	-1.00000	0.00589	-1.00000	-1.00000	0.00013	-1.00000	-1.00000
132387	Bishop	Willow_Pond	un	15448370	-0.00565	-1.00000	-1.00000	-0.00022	-1.00000	-1.00000	0.00037	-1.00000	-1.00000	0.00014	-1.00000	-1.00000
132534	Bishop	Willow_Pond	un	15452939	0.22546	-1.00000	-1.00000	0.13457	-1.00000	-1.00000	0.15267	-1.00000	-1.00000	0.00056	-1.00000	-1.00000
133927	Bishop	Willow_Pond	un	15469568	-0.03802	-1.00000	-1.00000	-0.01301	-1.00000	-1.00000	0.00722	-1.00000	-1.00000	0.00044	-1.00000	-1.00000
135069	Bishop	Willow_Pond	un	15477603	-0.00315	-1.00000	-1.00000	-0.00013	-1.00000	-1.00000	0.00554	-1.00000	-1.00000	0.00034	-1.00000	-1.00000
136330	Bishop	Willow_Pond	un	15490268	0.07407	-1.00000	-1.00000	0.00881	-1.00000	-1.00000	0.00361	-1.00000	-1.00000	0.00027	-1.00000	-1.00000
137525	Bishop	Willow_Pond	un	15496880	0.22677	-1.00000	-1.00000	0.06831	-1.00000	-1.00000	0.05638	-1.00000	-1.00000	0.00050	-1.00000	-1.00000
137952	Bishop	Willow_Pond	un	15503653	-0.00235	-1.00000	-1.00000	-0.00008	-1.00000	-1.00000	-0.00000	-1.00000	-1.00000	0.00004	-1.00000	-1.00000
139282	Bishop	Willow_Pond	un	15512567	0.00290	-1.00000	-1.00000	0.00011	-1.00000	-1.00000	-0.00030	-1.00000	-1.00000	0.00013	-1.00000	-1.00000
140253	Bishop	Willow_Pond	un	15515026	0.05143	-1.00000	-1.00000	0.01050	-1.00000	-1.00000	0.02200	-1.00000	-1.00000	0.00031	-1.00000	-1.00000
140367	Bishop	Willow_Pond	un	15515794	0.00845	-1.00000	-1.00000	0.00138	-1.00000	-1.00000	0.00115	-1.00000	-1.00000	0.00018	-1.00000	-1.00000
140706	Bishop	Willow_Pond	un	15519009	0.00951	-1.00000	-1.00000	0.00037	-1.00000	-1.00000	0.02512	-1.00000	-1.00000	0.00021	-1.00000	-1.00000
141931	Bishop	Willow_Pond	un	15525666	-0.00565	-1.00000	-1.00000	-0.00022	-1.00000	-1.00000	-0.00429	-1.00000	-1.00000	0.00027	-1.00000	-1.00000
142785	Bishop	Willow_Pond	un	15532122	0.04348	-1.00000	-1.00000	0.00394	-1.00000	-1.00000	0.02500	-1.00000	-1.00000	0.00038	-1.00000	-1.00000
143274	Bishop	Willow_Pond	un	15534549	-0.04160	-1.00000	-1.00000	-0.00347	-1.00000	-1.00000	-0.00987	-1.00000	-1.00000	0.00024	-1.00000	-1.00000
144500	Bishop	Willow_Pond	un	15545174	0.11201	-1.00000	-1.00000	0.11568	-1.00000	-1.00000	0.10630	-1.00000	-1.00000	0.00070	-1.00000	-1.00000
145642	Bishop	Willow_Pond	un	15554506	-0.00341	-1.00000	-1.00000	-0.00055	-1.00000	-1.00000	0.00651	-1.00000	-1.00000	0.00033	-1.00000	-1.00000
147528	Bishop	Willow_Pond	un	15563304	-0.00565	-1.00000	-1.00000	-0.00022	-1.00000	-1.00000	0.00778	-1.00000	-1.00000	0.00032	-1.00000	-1.00000
148197	Bishop	Willow_Pond	un	15564948	0.00000	-1.00000	-1.00000	0.00000	-1.00000	-1.00000	-0.00000	-1.00000	-1.00000	0.00005	-1.00000	-1.00000
148585	Bishop	Willow_Pond	un	15565706	-0.00278	-1.00000	-1.00000	-0.00215	-1.00000	-1.00000	-0.00555	-1.00000	-1.00000	0.00057	-1.00000	-1.00000
151635	Bishop	Willow_Pond	un	15579707	0.00290	-1.00000	-1.00000	0.00011	-1.00000	-1.00000	0.00088	-1.00000	-1.00000	0.00026	-1.00000	-1.00000
152260	Bishop	Willow_Pond	un	15587391	0.37024	-1.00000	-1.00000	0.18442	-1.00000	-1.00000	0.17874	-1.00000	-1.00000	0.00060	-1.00000	-1.00000
152386	Bishop	Willow_Pond	un	15588157	-0.00270	-1.00000	-1.00000	-0.00010	-1.00000	-1.00000	-0.00558	-1.00000	-1.00000	0.00020	-1.00000	-1.00000
152472	Bishop	Willow_Pond	un	15589699	-0.03184	-1.00000	-1.00000	-0.01086	-1.00000	-1.00000	0.00487	-1.00000	-1.00000	0.00050	-1.00000	-1.00000
152916	Bishop	Willow_Pond	un	15596441	0.03555	-1.00000	-1.00000	0.00306	-1.00000	-1.00000	-0.00356	-1.00000	-1.00000	0.00029	-1.00000	-1.00000
154073	Bishop	Willow_Pond	un	15609732	0.00290	-1.00000	-1.00000	0.00011	-1.00000	-1.00000	0.02159	-1.00000	-1.00000	0.00020	-1.00000	-1.00000
154755	Bishop	Willow_Pond	un	15616008	-0.03684	-1.00000	-1.00000	-0.00273	-1.00000	-1.00000	0.01433	-1.00000	-1.00000	0.00027	-1.00000	-1.00000
155892	Bishop	Willow_Pond	un	15628455	-0.02976	-1.00000	-1.00000	-0.02331	-1.00000	-1.00000	-0.01608	-1.00000	-1.00000	0.00057	-1.00000	-1.00000
157066	Bishop	Willow_Pond	un	15655102	0.04420	-1.00000	-1.00000	0.00354	-1.00000	-1.00000	0.00332	-1.00000	-1.00000	0.00009	-1.00000	-1.00000
157418	Bishop	Willow_Pond	un	15657581	-0.00315	-1.00000	-1.00000	-0.00013	-1.00000	-1.00000	-0.01186	-1.00000	-1.00000	0.00043	-1.00000	-1.00000
157606	Bishop	Willow_Pond	un	15661352	0.08000	-1.00000	-1.00000	0.01033	-1.00000	-1.00000	0.02205	-1.00000	-1.00000	0.00019	-1.00000	-1.00000
157794	Bishop	Willow_Pond	un	15666925	0.22422	-1.00000	-1.00000	0.22109	-1.00000	-1.00000	0.20844	-1.00000	-1.00000	0.00078	-1.00000	-1.00000
160256	Bishop	Willow_Pond	un	15700808	0.00340	-1.00000	-1.00000	0.00014	-1.00000	-1.00000	-0.01093	-1.00000	-1.00000	0.00033	-1.00000	-1.00000
160379	Bishop	Willow_Pond	un	15702469	0.14504	-1.00000	-1.00000	0.02643	-1.00000	-1.00000	0.06897	-1.00000	-1.00000	0.00037	-1.00000	-1.00000
160443	Bishop	Willow_Pond	un	15704016	0.10345	-1.00000	-1.00000	0.01567	-1.00000	-1.00000	0.01567	-1.00000	-1.00000	0.00015	-1.00000	-1.00000
161618	Bishop	Willow_Pond	un	15722398	0.04020	-1.00000	-1.00000	0.01282	-1.00000	-1.00000	0.04627	-1.00000	-1.00000	0.00055	-1.00000	-1.00000
161657	Bishop	Willow_Pond	un	15724763	-0.02245	-1.00000	-1.00000	-0.00238	-1.00000	-1.00000	-0.00238	-1.00000	-1.00000	0.00013	-1.00000	-1.00000
161758	Bishop	Willow_Pond	un	15727225	0.00340	-1.00000	-1.00000	0.00014	-1.00000	-1.00000	0.01768	-1.00000	-1.00000	0.00036	-1.00000	-1.00000
161834	Bishop	Willow_Pond	un	15727996	-0.03684	-1.00000	-1.00000	-0.00273	-1.00000	-1.00000	0.00061	-1.00000	-1.00000	0.00017	-1.00000	-1.00000
161869	Bishop	Willow_Pond	un	15729564	-0.01746	-1.00000	-1.00000	-0.01201	-1.00000	-1.00000	-0.01973	-1.00000	-1.00000	0.00058	-1.00000	-1.00000
161916	Bishop	Willow_Pond	un	15730447	0.00000	-1.00000	-1.00000	0.00000	-1.00000	-1.00000	-0.00000	-1.00000	-1.00000	0.00004	-1.00000	-1.00000
163219	Bishop	Willow_Pond	un	15741990	0.15234	-1.00000	-1.00000	0.07738	-1.00000	-1.00000	0.06381	-1.00000	-1.00000	0.00066	-1.00000	-1.00000
163837	Bishop	Willow_Pond	un	15756551	0.00290	-1.00000	-1.00000	0.00011	-1.00000	-1.00000	0.00589	-1.00000	-1.00000	0.00012	-1.00000	-1.00000
165299	Bishop	Willow_Pond	un	15772096	-0.04348	-1.00000	-1.00000	-0.00379	-1.00000	-1.00000	-0.01641	-1.00000	-1.00000	0.00038	-1.00000	-1.00000
165389	Bishop	Willow_Pond	un	15774431	0.27147	-1.00000	-1.00000	0.14250	-1.00000	-1.00000	0.19591	-1.00000	-1.00000	0.00051	-1.00000	-1.00000
167516	Bishop	Willow_Pond	un	15789756	-0.00315	-1.00000	-1.00000	-0.00013	-1.00000	-1.00000	0.01244	-1.00000	-1.00000	0.00020	-1.00000	-1.00000
169375	Bishop	Willow_Pond	un	15804760	-0.00000	-1.00000	-1.00000	-0.00000	-1.00000	-1.00000	-0.00050	-1.00000	-1.00000	0.00028	-1.00000	-1.00000
169463	Bishop	Willow_Pond	un	15806326	0.00000	-1.00000	-1.00000	0.00000	-1.00000	-1.00000	0.00508	-1.00000	-1.00000	0.00012	-1.00000	-1.00000
169565	Bishop	Willow_Pond	un	15810316	0.00951	-1.00000	-1.00000	0.00037	-1.00000	-1.00000	0.05121	-1.00000	-1.00000	0.00028	-1.00000	-1.00000
169762	Bishop	Willow_Pond	un	15817275	-0.00315	-1.00000	-1.00000	-0.00013	-1.00000	-1.00000	-0.01039	-1.00000	-1.00000	0.00041	-1.00000	-1.00000
170021	Bishop	Willow_Pond	un	15824922	-0.00000	-1.00000	-1.00000	-0.00000	-1.00000	-1.00000	0.00589	-1.00000	-1.00000	0.00013	-1.00000	-1.00000
170079	Bishop	Willow_Pond	un	15826572	-0.03581	-1.00000	-1.00000	-0.00794	-1.00000	-1.00000	-0.02047	-1.00000	-1.00000	0.00049	-1.00000	-1.00000
170254	Bishop	Willow_Pond	un	15835538	0.00000	-1.00000	-1.00000	0.00000	-1.00000	-1.00000	-0.00009	-1.00000	-1.00000	0.00012	-1.00000	-1.00000
170743	Bishop	Willow_Pond	un	15847798	0.07407	-1.00000	-1.00000	0.00881	-1.00000	-1.00000	0.00881	-1.00000	-1.00000	0.00015	-1.00000	-1.00000
171288	Bishop	Willow_Pond	un	15856761	0.04420	-1.00000	-1.00000	0.00354	-1.00000	-1.00000	0.01220	-1.00000	-1.00000	0.00017	-1.00000	-1.00000
171908	Bishop	Willow_Pond	un	15868373	0.04000	-1.00000	-1.00000	0.00332	-1.00000	-1.00000	-0.00760	-1.00000	-1.00000	0.00037	-1.00000	-1.00000
172112	Bishop	Willow_Pond	un	15872143	0.09920	-1.00000	-1.00000	0.01304	-1.00000	-1.00000	0.02177	-1.00000	-1.00000	0.00033	-1.00000	-1.00000
172542	Bishop	Willow_Pond	un	15880690	0.00290	-1.00000	-1.00000	0.00011	-1.00000	-1.00000	-0.00518	-1.00000	-1.00000	0.00020	-1.00000	-1.00000
172892	Bishop	Willow_Pond	un	15884631	0.00340	-1.00000	-1.00000	0.00014	-1.00000	-1.00000	0.00110	-1.00000	-1.00000	0.00030	-1.00000	-1.00000
173569	Bishop	Willow_Pond	un	15896771	0.00000	-1.00000	-1.00000	0.00000	-1.00000	-1.00000	-0.00000	-1.00000	-1.00000	0.00005	-1.00000	-1.00000
174463	Bishop	Willow_Pond	un	15916801	0.02760	-1.00000	-1.00000	0.00210	-1.00000	-1.00000	0.00246	-1.00000	-1.00000	0.00008	-1.00000	-1.00000
175389	Bishop	Willow_Pond	un	15934629	0.64934	-1.00000	-1.00000	0.54767	-1.00000	-1.00000	0.54134	-1.00000	-1.00000	0.00080	-1.00000	-1.00000
176909	Bishop	Willow_Pond	un	15973946	0.02382	-1.00000	-1.00000	0.00187	-1.00000	-1.00000	0.00029	-1.00000	-1.00000	0.00017	-1.00000	-1.00000
176971	Bishop	Willow_Pond	un	15974770	0.00656	-1.00000	-1.00000	0.00026	-1.00000	-1.00000	0.00691	-1.00000	-1.00000	0.00015	-1.00000	-1.00000
177295	Bishop	Willow_Pond	un	15979371	0.03555	-1.00000	-1.00000	0.00306	-1.00000	-1.00000	0.00314	-1.00000	-1.00000	0.00037	-1.00000	-1.00000
177373	Bishop	Willow_Pond	un	15981789	0.22677	-1.00000	-1.00000	0.06831	-1.00000	-1.00000	0.08907	-1.00000	-1.00000	0.00037	-1.00000	-1.00000
177667	Bishop	Willow_Pond	un	15988420	-0.03975	-1.00000	-1.00000	-0.00319	-1.00000	-1.00000	-0.00376	-1.00000	-1.00000	0.00030	-1.00000	-1.00000
177810	Bishop	Willow_Pond	un	15989241	0.13263	-1.00000	-1.00000	0.02215	-1.00000	-1.00000	0.05900	-1.00000	-1.00000	0.00035	-1.00000	-1.00000
177870	Bishop	Willow_Pond	un	15990012	0.04420	-1.00000	-1.00000	0.00354	-1.00000	-1.00000	0.03064	-1.00000	-1.00000	0.00026	-1.00000	-1.00000
178807	Bishop	Willow_Pond	un	15995619	-0.00565	-1.00000	-1.00000	-0.00022	-1.00000	-1.00000	0.00508	-1.00000	-1.00000	0.00013	-1.00000	-1.00000
179997	Bishop	Willow_Pond	un	16006455	0.95826	-1.00000	-1.00000	0.95653	-1.00000	-1.00000	0.94987	-1.00000	-1.00000	0.00124	-1.00000	-1.00000
181380	Bishop	Willow_Pond	un	16025004	-0.00000	-1.00000	-1.00000	-0.00000	-1.00000	-1.00000	-0.00050	-1.00000	-1.00000	0.00028	-1.00000	-1.00000
181557	Bishop	Willow_Pond	un	16030676	0.07952	-1.00000	-1.00000	0.02318	-1.00000	-1.00000	0.01529	-1.00000	-1.00000	0.00034	-1.00000	-1.00000
182146	Bishop	Willow_Pond	un	16040474	0.03672	-1.00000	-1.00000	0.00802	-1.00000	-1.00000	0.00172	-1.00000	-1.00000	0.00034	-1.00000	-1.00000
182197	Bishop	Willow_Pond	un	16042051	-0.02330	-1.00000	-1.00000	-0.00301	-1.00000	-1.00000	0.00419	-1.00000	-1.00000	0.00023	-1.00000	-1.00000
182982	Bishop	Willow_Pond	un	16053348	-0.03567	-1.00000	-1.00000	-0.00255	-1.00000	-1.00000	0.00018	-1.00000	-1.00000	0.00017	-1.00000	-1.00000
182989	Bishop	Willow_Pond	un	16054120	0.03704	-1.00000	-1.00000	0.00284	-1.00000	-1.00000	0.00021	-1.00000	-1.00000	0.00016	-1.00000	-1.00000
183683	Bishop	Willow_Pond	un	16065447	0.10495	-1.00000	-1.00000	0.01335	-1.00000	-1.00000	0.01227	-1.00000	-1.00000	0.00015	-1.00000	-1.00000
185829	Bishop	Willow_Pond	un	16084129	-0.00489	-1.00000	-1.00000	-0.00018	-1.00000	-1.00000	-0.00000	-1.00000	-1.00000	0.00004	-1.00000	-1.00000
187300	Bishop	Willow_Pond	un	16093903	0.38907	-1.00000	-1.00000	0.22594	-1.00000	-1.00000	0.24861	-1.00000	-1.00000	0.00052	-1.00000	-1.00000
187656	Bishop	Willow_Pond	un	16099856	0.11672	-1.00000	-1.00000	0.01853	-1.00000	-1.00000	0.03064	-1.00000	-1.00000	0.00023	-1.00000	-1.00000
187703	Bishop	Willow_Pond	un	16101987	0.41431	-1.00000	-1.00000	0.41291	-1.00000	-1.00000	0.37822	-1.00000	-1.00000	0.00090	-1.00000	-1.00000
188047	Bishop	Willow_Pond	un	16111629	-0.00565	-1.00000	-1.00000	-0.00022	-1.00000	-1.00000	-0.00429	-1.00000	-1.00000	0.00027	-1.00000	-1.00000
188160	Bishop	Willow_Pond	un	16115659	-0.02595	-1.00000	-1.00000	-0.00320	-1.00000	-1.00000	-0.00937	-1.00000	-1.00000	0.00034	-1.00000	-1.00000
188200	Bishop	Willow_Pond	un	16119599	0.00000	-1.00000	-1.00000	0.00000	-1.00000	-1.00000	-0.00683	-1.00000	-1.00000	0.00041	-1.00000	-1.00000
188759	Bishop	Willow_Pond	un	16136431	0.48000	-1.00000	-1.00000	0.32432	-1.00000	-1.00000	0.31721	-1.00000	-1.00000	0.00069	-1.00000	-1.00000
189056	Bishop	Willow_Pond	un	16138906	0.39493	-1.00000	-1.00000	0.28312	-1.00000	-1.00000	0.24977	-1.00000	-1.00000	0.00104	-1.00000	-1.00000
189138	Bishop	Willow_Pond	un	16140824	0.54928	-1.00000	-1.00000	0.43236	-1.00000	-1.00000	0.40880	-1.00000	-1.00000	0.00086	-1.00000	-1.00000
189280	Bishop	Willow_Pond	un	16143212	0.30435	-1.00000	-1.00000	0.13208	-1.00000	-1.00000	0.10573	-1.00000	-1.00000	0.00071	-1.00000	-1.00000
189523	Bishop	Willow_Pond	un	16147658	0.03704	-1.00000	-1.00000	0.00284	-1.00000	-1.00000	0.01050	-1.00000	-1.00000	0.00017	-1.00000	-1.00000
189580	Bishop	Willow_Pond	un	16148422	0.47131	-1.00000	-1.00000	0.32434	-1.00000	-1.00000	0.30039	-1.00000	-1.00000	0.00067	-1.00000	-1.00000
189852	Bishop	Willow_Pond	un	16152461	0.05304	-1.00000	-1.00000	0.00446	-1.00000	-1.00000	0.06452	-1.00000	-1.00000	0.00036	-1.00000	-1.00000
190146	Bishop	Willow_Pond	un	16161117	0.00000	-1.00000	-1.00000	0.00000	-1.00000	-1.00000	0.02512	-1.00000	-1.00000	0.00022	-1.00000	-1.00000
190268	Bishop	Willow_Pond	un	16168009	-0.04348	-1.00000	-1.00000	-0.00379	-1.00000	-1.00000	-0.02077	-1.00000	-1.00000	0.00042	-1.00000	-1.00000
190634	Bishop	Willow_Pond	un	16176984	-0.00270	-1.00000	-1.00000	-0.00010	-1.00000	-1.00000	-0.00000	-1.00000	-1.00000	0.00005	-1.00000	-1.00000
190978	Bishop	Willow_Pond	un	16185127	-0.00000	-1.00000	-1.00000	-0.00000	-1.00000	-1.00000	0.00589	-1.00000	-1.00000	0.00017	-1.00000	-1.00000
191110	Bishop	Willow_Pond	un	16188202	0.04000	-1.00000	-1.00000	0.00332	-1.00000	-1.00000	0.03064	-1.00000	-1.00000	0.00027	-1.00000	-1.00000
191220	Bishop	Willow_Pond	un	16191065	0.00656	-1.00000	-1.00000	0.00026	-1.00000	-1.00000	-0.00000	-1.00000	-1.00000	0.00005	-1.00000	-1.00000
191306	Bishop	Willow_Pond	un	16194184	-0.01029	-1.00000	-1.00000	-0.00269	-1.00000	-1.00000	0.02592	-1.00000	-1.00000	0.00035	-1.00000	-1.00000
191317	Bishop	Willow_Pond	un	16195083	0.75654	-1.00000	-1.00000	0.74874	-1.00000	-1.00000	0.73544	-1.00000	-1.00000	0.00108	-1.00000	-1.00000
191378	Bishop	Willow_Pond	un	16198753	-0.00000	-1.00000	-1.00000	-0.00000	-1.00000	-1.00000	-0.00000	-1.00000	-1.00000	0.00004	-1.00000	-1.00000
191425	Bishop	Willow_Pond	un	16202802	-0.00000	-1.00000	-1.00000	-0.00000	-1.00000	-1.00000	-0.01068	-1.00000	-1.00000	0.00034	-1.00000	-1.00000
192173	Bishop	Willow_Pond	un	16213534	-0.04000	-1.00000	-1.00000	-0.00321	-1.00000	-1.00000	-0.01405	-1.00000	-1.00000	0.00038	-1.00000	-1.00000
193606	Bishop	Willow_Pond	un	16234924	-0.00000	-1.00000	-1.00000	-0.00000	-1.00000	-1.00000	0.00589	-1.00000	-1.00000	0.00012	-1.00000	-1.00000
194116	Bishop	Willow_Pond	un	16238139	-0.00489	-1.00000	-1.00000	-0.00018	-1.00000	-1.00000	-0.00000	-1.00000	-1.00000	0.00004	-1.00000	-1.00000
194615	Bishop	Willow_Pond	un	16242261	0.13043	-1.00000	-1.00000	0.02542	-1.00000	-1.00000	0.05670	-1.00000	-1.00000	0.00046	-1.00000	-1.00000
195055	Bishop	Willow_Pond	un	16246907	0.03704	-1.00000	-1.00000	0.00284	-1.00000	-1.00000	-0.00227	-1.00000	-1.00000	0.00023	-1.00000	-1.00000
195197	Bishop	Willow_Pond	un	16248538	-0.01397	-1.00000	-1.00000	-0.01415	-1.00000	-1.00000	-0.02328	-1.00000	-1.00000	0.00073	-1.00000	-1.00000
195553	Bishop	Willow_Pond	un	16251713	0.02912	-1.00000	-1.00000	0.00239	-1.00000	-1.00000	-0.00468	-1.00000	-1.00000	0.00031	-1.00000	-1.00000
195696	Bishop	Willow_Pond	un	16254165	-0.03841	-1.00000	-1.00000	-0.00296	-1.00000	-1.00000	-0.00486	-1.00000	-1.00000	0.00030	-1.00000	-1.00000
196089	Bishop	Willow_Pond	un	16257255	-0.00315	-1.00000	-1.00000	-0.00013	-1.00000	-1.00000	-0.00564	-1.00000	-1.00000	0.00028	-1.00000	-1.00000
196406	Bishop	Willow_Pond	un	16269406	-0.00000	-1.00000	-1.00000	-0.00000	-1.00000	-1.00000	-0.00000	-1.00000	-1.00000	0.00004	-1.00000	-1.00000
196755	Bishop	Willow_Pond	un	16272629	-0.03841	-1.00000	-1.00000	-0.00296	-1.00000	-1.00000	-0.00486	-1.00000	-1.00000	0.00030	-1.00000	-1.00000
196769	Bishop	Willow_Pond	un	16273418	-0.00315	-1.00000	-1.00000	-0.00013	-1.00000	-1.00000	-0.01039	-1.00000	-1.00000	0.00037	-1.00000	-1.00000
197395	Bishop	Willow_Pond	un	16287735	-0.00235	-1.00000	-1.00000	-0.00008	-1.00000	-1.00000	-0.00000	-1.00000	-1.00000	0.00004	-1.00000	-1.00000
197461	Bishop	Willow_Pond	un	16292754	-0.00270	-1.00000	-1.00000	-0.00010	-1.00000	-1.00000	-0.00000	-1.00000	-1.00000	0.00004	-1.00000	-1.00000
198028	Bishop	Willow_Pond	un	16297725	0.00317	-1.00000	-1.00000	0.00077	-1.00000	-1.00000	0.00031	-1.00000	-1.00000	0.00022	-1.00000	-1.00000
198614	Bishop	Willow_Pond	un	16304379	0.25213	-1.00000	-1.00000	0.21906	-1.00000	-1.00000	0.25674	-1.00000	-1.00000	0.00072	-1.00000	-1.00000
198637	Bishop	Willow_Pond	un	16306896	-0.03975	-1.00000	-1.00000	-0.00319	-1.00000	-1.00000	0.00077	-1.00000	-1.00000	0.00018	-1.00000	-1.00000
198698	Bishop	Willow_Pond	un	16309273	1.00000	-1.00000	-1.00000	1.00000	-1.00000	-1.00000	1.00000	-1.00000	-1.00000	0.00119	-1.00000	-1.00000
198708	Bishop	Willow_Pond	un	16310115	-0.00315	-1.00000	-1.00000	-0.00013	-1.00000	-1.00000	-0.00000	-1.00000	-1.00000	0.00005	-1.00000	-1.00000
199331	Bishop	Willow_Pond	un	16321066	-0.03704	-1.00000	-1.00000	-0.00884	-1.00000	-1.00000	-0.00606	-1.00000	-1.00000	0.00029	-1.00000	-1.00000
200087	Bishop	Willow_Pond	un	16330393	-0.01916	-1.00000	-1.00000	-0.00812	-1.00000	-1.00000	-0.00993	-1.00000	-1.00000	0.00041	-1.00000	-1.00000
200162	Bishop	Willow_Pond	un	16332861	0.81535	-1.00000	-1.00000	0.81491	-1.00000	-1.00000	0.79480	-1.00000	-1.00000	0.00105	-1.00000	-1.00000
200585	Bishop	Willow_Pond	un	16338412	0.76388	-1.00000	-1.00000	0.74005	-1.00000	-1.00000	0.74487	-1.00000	-1.00000	0.00099	-1.00000	-1.00000
202947	Bishop	Willow_Pond	un	16359367	0.06024	-1.00000	-1.00000	0.00707	-1.00000	-1.00000	0.00286	-1.00000	-1.00000	0.00019	-1.00000	-1.00000
205079	Bishop	Willow_Pond	un	16381629	0.00251	-1.00000	-1.00000	0.00009	-1.00000	-1.00000	-0.00000	-1.00000	-1.00000	0.00004	-1.00000	-1.00000
205527	Bishop	Willow_Pond	un	16383067	-0.00315	-1.00000	-1.00000	-0.00013	-1.00000	-1.00000	-0.00000	-1.00000	-1.00000	0.00005	-1.00000	-1.00000
206247	Bishop	Willow_Pond	un	16387087	0.00000	-1.00000	-1.00000	0.00000	-1.00000	-1.00000	-0.01276	-1.00000	-1.00000	0.00040	-1.00000	-1.00000
207710	Bishop	Willow_Pond	un	16396510	0.14074	-1.00000	-1.00000	0.04897	-1.00000	-1.00000	0.03777	-1.00000	-1.00000	0.00040	-1.00000	-1.00000
208436	Bishop	Willow_Pond	un	16402121	0.04348	-1.00000	-1.00000	0.00394	-1.00000	-1.00000	0.00635	-1.00000	-1.00000	0.00032	-1.00000	-1.00000
209062	Bishop	Willow_Pond	un	16415750	-0.00000	-1.00000	-1.00000	-0.00000	-1.00000	-1.00000	0.02159	-1.00000	-1.00000	0.00022	-1.00000	-1.00000
209083	Bishop	Willow_Pond	un	16417338	0.00753	-1.00000	-1.00000	0.00639	-1.00000	-1.00000	0.03397	-1.00000	-1.00000	0.00072	-1.00000	-1.00000
209513	Bishop	Willow_Pond	un	16423724	-0.02055	-1.00000	-1.00000	-0.00226	-1.00000	-1.00000	-0.00236	-1.00000	-1.00000	0.00013	-1.00000	-1.00000
210272	Bishop	Willow_Pond	un	16439988	-0.00235	-1.00000	-1.00000	-0.00008	-1.00000	-1.00000	0.00008	-1.00000	-1.00000	0.00013	-1.00000	-1.00000
210299	Bishop	Willow_Pond	un	16440715	0.12000	-1.00000	-1.00000	0.02135	-1.00000	-1.00000	0.01271	-1.00000	-1.00000	0.00027	-1.00000	-1.00000
210740	Bishop	Willow_Pond	un	16448716	0.24255	-1.00000	-1.00000	0.12591	-1.00000	-1.00000	0.11108	-1.00000	-1.00000	0.00054	-1.00000	-1.00000
210985	Bishop	Willow_Pond	un	16455193	0.00656	-1.00000	-1.00000	0.00026	-1.00000	-1.00000	0.00691	-1.00000	-1.00000	0.00014	-1.00000	-1.00000
211134	Bishop	Willow_Pond	un	16456819	-0.02569	-1.00000	-1.00000	-0.00281	-1.00000	-1.00000	-0.00237	-1.00000	-1.00000	0.00021	-1.00000	-1.00000
211197	Bishop	Willow_Pond	un	16457586	0.57186	-1.00000	-1.00000	0.57480	-1.00000	-1.00000	0.53759	-1.00000	-1.00000	0.00091	-1.00000	-1.00000
212363	Bishop	Willow_Pond	un	16464879	-0.00270	-1.00000	-1.00000	-0.00010	-1.00000	-1.00000	0.00508	-1.00000	-1.00000	0.00012	-1.00000	-1.00000
212592	Bishop	Willow_Pond	un	16468221	0.04084	-1.00000	-1.00000	0.02095	-1.00000	-1.00000	0.00477	-1.00000	-1.00000	0.00054	-1.00000	-1.00000
213118	Bishop	Willow_Pond	un	16471551	0.00000	-1.00000	-1.00000	0.00000	-1.00000	-1.00000	-0.00502	-1.00000	-1.00000	0.00019	-1.00000	-1.00000
213633	Bishop	Willow_Pond	un	16477100	0.04000	-1.00000	-1.00000	0.00332	-1.00000	-1.00000	0.00545	-1.00000	-1.00000	0.00028	-1.00000	-1.00000
213801	Bishop	Willow_Pond	un	16479632	-0.00315	-1.00000	-1.00000	-0.00013	-1.00000	-1.00000	-0.00564	-1.00000	-1.00000	0.00028	-1.00000	-1.00000
213881	Bishop	Willow_Pond	un	16481986	-0.04348	-1.00000	-1.00000	-0.00379	-1.00000	-1.00000	0.00564	-1.00000	-1.00000	0.00038	-1.00000	-1.00000
213968	Bishop	Willow_Pond	un	16482790	-0.04348	-1.00000	-1.00000	-0.00379	-1.00000	-1.00000	0.01528	-1.00000	-1.00000	0.00026	-1.00000	-1.00000
214255	Bishop	Willow_Pond	un	16485298	0.05748	-1.00000	-1.00000	0.00467	-1.00000	-1.00000	0.01434	-1.00000	-1.00000	0.00020	-1.00000	-1.00000
215268	Bishop	Willow_Pond	un	16494761	0.03114	-1.00000	-1.00000	0.00229	-1.00000	-1.00000	0.00246	-1.00000	-1.00000	0.00007	-1.00000	-1.00000
215632	Bishop	Willow_Pond	un	16501401	0.00290	-1.00000	-1.00000	0.00011	-1.00000	-1.00000	0.02159	-1.00000	-1.00000	0.00021	-1.00000	-1.00000
215654	Bishop	Willow_Pond	un	16502199	-0.04160	-1.00000	-1.00000	-0.00347	-1.00000	-1.00000	-0.00077	-1.00000	-1.00000	0.00018	-1.00000	-1.00000
215755	Bishop	Willow_Pond	un	16503002	0.17789	-1.00000	-1.00000	0.09253	-1.00000	-1.00000	0.10416	-1.00000	-1.00000	0.00063	-1.00000	-1.00000
216454	Bishop	Willow_Pond	un	16510199	0.02760	-1.00000	-1.00000	0.00210	-1.00000	-1.00000	0.00246	-1.00000	-1.00000	0.00010	-1.00000	-1.00000
217463	Bishop	Willow_Pond	un	16518633	0.02778	-1.00000	-1.00000	0.02812	-1.00000	-1.00000	0.03434	-1.00000	-1.00000	0.00066	-1.00000	-1.00000
217981	Bishop	Willow_Pond	un	16523510	-0.00000	-1.00000	-1.00000	-0.00000	-1.00000	-1.00000	-0.00607	-1.00000	-1.00000	0.00027	-1.00000	-1.00000
219621	Bishop	Willow_Pond	un	16532881	0.82013	-1.00000	-1.00000	0.82582	-1.00000	-1.00000	0.83389	-1.00000	-1.00000	0.00107	-1.00000	-1.00000
219908	Bishop	Willow_Pond	un	16538354	-0.00000	-1.00000	-1.00000	-0.00000	-1.00000	-1.00000	-0.00050	-1.00000	-1.00000	0.00030	-1.00000	-1.00000
220741	Bishop	Willow_Pond	un	16553197	0.02912	-1.00000	-1.00000	0.00239	-1.00000	-1.00000	-0.00468	-1.00000	-1.00000	0.00032	-1.00000	-1.00000
220789	Bishop	Willow_Pond	un	16554897	0.00656	-1.00000	-1.00000	0.00026	-1.00000	-1.00000	-0.00054	-1.00000	-1.00000	0.00010	-1.00000	-1.00000
221085	Bishop	Willow_Pond	un	16559132	0.15194	-1.00000	-1.00000	0.02682	-1.00000	-1.00000	0.04215	-1.00000	-1.00000	0.00028	-1.00000	-1.00000
221144	Bishop	Willow_Pond	un	16560756	0.00340	-1.00000	-1.00000	0.00014	-1.00000	-1.00000	0.00110	-1.00000	-1.00000	0.00033	-1.00000	-1.00000
221720	Bishop	Willow_Pond	un	16573842	0.07436	-1.00000	-1.00000	0.00994	-1.00000	-1.00000	0.04304	-1.00000	-1.00000	0.00030	-1.00000	-1.00000
221880	Bishop	Willow_Pond	un	16577061	0.00251	-1.00000	-1.00000	0.00009	-1.00000	-1.00000	0.00508	-1.00000	-1.00000	0.00012	-1.00000	-1.00000
222743	Bishop	Willow_Pond	un	16589837	0.00340	-1.00000	-1.00000	0.00014	-1.00000	-1.00000	-0.00738	-1.00000	-1.00000	0.00029	-1.00000	-1.00000
222774	Bishop	Willow_Pond	un	16590618	-0.03841	-1.00000	-1.00000	-0.00296	-1.00000	-1.00000	0.00022	-1.00000	-1.00000	0.00019	-1.00000	-1.00000
222983	Bishop	Willow_Pond	un	16591345	0.00000	-1.00000	-1.00000	0.00000	-1.00000	-1.00000	-0.01241	-1.00000	-1.00000	0.00033	-1.00000	-1.00000
224025	Bishop	Willow_Pond	un	16600348	-0.00270	-1.00000	-1.00000	-0.00010	-1.00000	-1.00000	-0.00558	-1.00000	-1.00000	0.00020	-1.00000	-1.00000
224675	Bishop	Willow_Pond	un	16602006	0.14504	-1.00000	-1.00000	0.02643	-1.00000	-1.00000	0.04215	-1.00000	-1.00000	0.00027	-1.00000	-1.00000
225295	Bishop	Willow_Pond	un	16605228	-0.00489	-1.00000	-1.00000	-0.00018	-1.00000	-1.00000	0.01104	-1.00000	-1.00000	0.00020	-1.00000	-1.00000
225706	Bishop	Willow_Pond	un	16607644	0.00340	-1.00000	-1.00000	0.00014	-1.00000	-1.00000	-0.00738	-1.00000	-1.00000	0.00028	-1.00000	-1.00000
226835	Bishop	Willow_Pond	un	16614950	0.11329	-1.00000	-1.00000	0.02085	-1.00000	-1.00000	0.00075	-1.00000	-1.00000	0.00050	-1.00000	-1.00000
228462	Bishop	Willow_Pond	un	16628808	0.03320	-1.00000	-1.00000	0.00263	-1.00000	-1.00000	-0.00486	-1.00000	-1.00000	0.00032	-1.00000	-1.00000
230583	Bishop	Willow_Pond	un	16642937	-0.03181	-1.00000	-1.00000	-0.00390	-1.00000	-1.00000	-0.00745	-1.00000	-1.00000	0.00034	-1.00000	-1.00000
235118	Bishop	Willow_Pond	un	16674149	0.01928	-1.00000	-1.00000	0.00415	-1.00000	-1.00000	0.02813	-1.00000	-1.00000	0.00044	-1.00000	-1.00000
235307	Bishop	Willow_Pond	un	16674915	-0.03704	-1.00000	-1.00000	-0.00275	-1.00000	-1.00000	-0.00786	-1.00000	-1.00000	0.00023	-1.00000	-1.00000
235587	Bishop	Willow_Pond	un	16677186	0.07979	-1.00000	-1.00000	0.02994	-1.00000	-1.00000	0.06745	-1.00000	-1.00000	0.00057	-1.00000	-1.00000
236084	Bishop	Willow_Pond	un	16681174	0.08538	-1.00000	-1.00000	0.01066	-1.00000	-1.00000	0.01674	-1.00000	-1.00000	0.00032	-1.00000	-1.00000
236104	Bishop	Willow_Pond	un	16682043	-0.00000	-1.00000	-1.00000	-0.00000	-1.00000	-1.00000	0.00589	-1.00000	-1.00000	0.00012	-1.00000	-1.00000
238054	Bishop	Willow_Pond	un	16702561	0.12375	-1.00000	-1.00000	0.04394	-1.00000	-1.00000	0.07863	-1.00000	-1.00000	0.00054	-1.00000	-1.00000
238115	Bishop	Willow_Pond	un	16704228	0.68297	-1.00000	-1.00000	0.68512	-1.00000	-1.00000	0.67565	-1.00000	-1.00000	0.00100	-1.00000	-1.00000
238426	Bishop	Willow_Pond	un	16712310	0.01073	-1.00000	-1.00000	0.01001	-1.00000	-1.00000	-0.00533	-1.00000	-1.00000	0.00075	-1.00000	-1.00000
239998	Bishop	Willow_Pond	un	16728957	0.00000	-1.00000	-1.00000	0.00000	-1.00000	-1.00000	-0.00063	-1.00000	-1.00000	0.00030	-1.00000	-1.00000
240109	Bishop	Willow_Pond	un	16732344	0.03704	-1.00000	-1.00000	0.00284	-1.00000	-1.00000	0.00284	-1.00000	-1.00000	0.00009	-1.00000	-1.00000
240304	Bishop	Willow_Pond	un	16735246	0.27018	-1.00000	-1.00000	0.10984	-1.00000	-1.00000	0.10196	-1.00000	-1.00000	0.00051	-1.00000	-1.00000
241327	Bishop	Willow_Pond	un	16741303	-0.00489	-1.00000	-1.00000	-0.00018	-1.00000	-1.00000	0.01104	-1.00000	-1.00000	0.00020	-1.00000	-1.00000
242097	Bishop	Willow_Pond	un	16746955	0.03514	-1.00000	-1.00000	0.03554	-1.00000	-1.00000	0.01916	-1.00000	-1.00000	0.00072	-1.00000	-1.00000
242547	Bishop	Willow_Pond	un	16752819	-0.03975	-1.00000	-1.00000	-0.00319	-1.00000	-1.00000	0.01151	-1.00000	-1.00000	0.00035	-1.00000	-1.00000
242653	Bishop	Willow_Pond	un	16753654	-0.00270	-1.00000	-1.00000	-0.00010	-1.00000	-1.00000	0.00011	-1.00000	-1.00000	0.00012	-1.00000	-1.00000
243787	Bishop	Willow_Pond	un	16762824	0.22581	-1.00000	-1.00000	0.14583	-1.00000	-1.00000	0.12707	-1.00000	-1.00000	0.00065	-1.00000	-1.00000
245014	Bishop	Willow_Pond	un	16765392	0.09054	-1.00000	-1.00000	0.01094	-1.00000	-1.00000	0.01033	-1.00000	-1.00000	0.00014	-1.00000	-1.00000
246628	Bishop	Willow_Pond	un	16771813	0.22567	-1.00000	-1.00000	0.10467	-1.00000	-1.00000	0.08579	-1.00000	-1.00000	0.00054	-1.00000	-1.00000
246756	Bishop	Willow_Pond	un	16773434	0.18519	-1.00000	-1.00000	0.04808	-1.00000	-1.00000	0.04808	-1.00000	-1.00000	0.00028	-1.00000	-1.00000
248438	Bishop	Willow_Pond	un	16786393	-0.04000	-1.00000	-1.00000	-0.00321	-1.00000	-1.00000	-0.00024	-1.00000	-1.00000	0.00018	-1.00000	-1.00000
248717	Bishop	Willow_Pond	un	16790359	-0.02330	-1.00000	-1.00000	-0.00301	-1.00000	-1.00000	0.00419	-1.00000	-1.00000	0.00022	-1.00000	-1.00000
249617	Bishop	Willow_Pond	un	16796004	-0.04000	-1.00000	-1.00000	-0.00321	-1.00000	-1.00000	-0.00024	-1.00000	-1.00000	0.00017	-1.00000	-1.00000
249783	Bishop	Willow_Pond	un	16800068	0.05748	-1.00000	-1.00000	0.00467	-1.00000	-1.00000	0.06452	-1.00000	-1.00000	0.00034	-1.00000	-1.00000
251300	Bishop	Willow_Pond	un	16809944	0.09302	-1.00000	-1.00000	0.01497	-1.00000	-1.00000	0.00852	-1.00000	-1.00000	0.00026	-1.00000	-1.00000
252182	Bishop	Willow_Pond	un	16818569	0.00340	-1.00000	-1.00000	0.00014	-1.00000	-1.00000	-0.00000	-1.00000	-1.00000	0.00005	-1.00000	-1.00000
252619	Bishop	Willow_Pond	un	16822382	0.03692	-1.00000	-1.00000	0.03561	-1.00000	-1.00000	0.01948	-1.00000	-1.00000	0.00070	-1.00000	-1.00000
252716	Bishop	Willow_Pond	un	16824810	-0.02184	-1.00000	-1.00000	-0.00259	-1.00000	-1.00000	0.00352	-1.00000	-1.00000	0.00022	-1.00000	-1.00000
252770	Bishop	Willow_Pond	un	16826361	0.68043	-1.00000	-1.00000	0.56715	-1.00000	-1.00000	0.56604	-1.00000	-1.00000	0.00079	-1.00000	-1.00000
252978	Bishop	Willow_Pond	un	16832853	-0.03626	-1.00000	-1.00000	-0.02598	-1.00000	-1.00000	-0.03948	-1.00000	-1.00000	0.00066	-1.00000	-1.00000
252995	Bishop	Willow_Pond	un	16833677	0.24482	-1.00000	-1.00000	0.24224	-1.00000	-1.00000	0.25694	-1.00000	-1.00000	0.00082	-1.00000	-1.00000
253042	Bishop	Willow_Pond	un	16836189	0.13538	-1.00000	-1.00000	0.04649	-1.00000	-1.00000	0.12989	-1.00000	-1.00000	0.00055	-1.00000	-1.00000
253238	Bishop	Willow_Pond	un	16838653	-0.00235	-1.00000	-1.00000	-0.00008	-1.00000	-1.00000	0.00008	-1.00000	-1.00000	0.00013	-1.00000	-1.00000
253519	Bishop	Willow_Pond	un	16842634	-0.00315	-1.00000	-1.00000	-0.00013	-1.00000	-1.00000	0.00554	-1.00000	-1.00000	0.00034	-1.00000	-1.00000
253567	Bishop	Willow_Pond	un	16843430	-0.00235	-1.00000	-1.00000	-0.00008	-1.00000	-1.00000	-0.00000	-1.00000	-1.00000	0.00004	-1.00000	-1.00000
253676	Bishop	Willow_Pond	un	16845077	0.23578	-1.00000	-1.00000	0.06894	-1.00000	-1.00000	0.11246	-1.00000	-1.00000	0.00050	-1.00000	-1.00000
253734	Bishop	Willow_Pond	un	16848309	0.00340	-1.00000	-1.00000	0.00014	-1.00000	-1.00000	0.01768	-1.00000	-1.00000	0.00031	-1.00000	-1.00000
255715	Bishop	Willow_Pond	un	16860426	0.00340	-1.00000	-1.00000	0.00014	-1.00000	-1.00000	0.00110	-1.00000	-1.00000	0.00027	-1.00000	-1.00000
256140	Bishop	Willow_Pond	un	16863811	-0.03841	-1.00000	-1.00000	-0.00296	-1.00000	-1.00000	-0.00486	-1.00000	-1.00000	0.00045	-1.00000	-1.00000
256590	Bishop	Willow_Pond	un	16865809	0.00245	-1.00000	-1.00000	0.00042	-1.00000	-1.00000	0.00042	-1.00000	-1.00000	0.00018	-1.00000	-1.00000
256626	Bishop	Willow_Pond	un	16868295	0.21411	-1.00000	-1.00000	0.06834	-1.00000	-1.00000	0.06179	-1.00000	-1.00000	0.00045	-1.00000	-1.00000
256723	Bishop	Willow_Pond	un	16869890	0.00656	-1.00000	-1.00000	0.00026	-1.00000	-1.00000	0.00691	-1.00000	-1.00000	0.00014	-1.00000	-1.00000
257121	Bishop	Willow_Pond	un	16874005	0.12296	-1.00000	-1.00000	0.03857	-1.00000	-1.00000	0.05476	-1.00000	-1.00000	0.00038	-1.00000	-1.00000
257159	Bishop	Willow_Pond	un	16874802	-0.00565	-1.00000	-1.00000	-0.00022	-1.00000	-1.00000	-0.00429	-1.00000	-1.00000	0.00028	-1.00000	-1.00000
257836	Bishop	Willow_Pond	un	16877055	0.77404	-1.00000	-1.00000	0.71732	-1.00000	-1.00000	0.71698	-1.00000	-1.00000	0.00091	-1.00000	-1.00000
257883	Bishop	Willow_Pond	un	16879547	0.52174	-1.00000	-1.00000	0.38142	-1.00000	-1.00000	0.35867	-1.00000	-1.00000	0.00079	-1.00000	-1.00000
257884	Bishop	Willow_Pond	un	16880360	0.00290	-1.00000	-1.00000	0.00011	-1.00000	-1.00000	-0.00000	-1.00000	-1.00000	0.00005	-1.00000	-1.00000
257937	Bishop	Willow_Pond	un	16881918	0.58144	-1.00000	-1.00000	0.57381	-1.00000	-1.00000	0.57971	-1.00000	-1.00000	0.00099	-1.00000	-1.00000
258092	Bishop	Willow_Pond	un	16883610	-0.02407	-1.00000	-1.00000	-0.00274	-1.00000	-1.00000	0.00244	-1.00000	-1.00000	0.00020	-1.00000	-1.00000
258791	Bishop	Willow_Pond	un	16891093	-0.00000	-1.00000	-1.00000	-0.00000	-1.00000	-1.00000	-0.00000	-1.00000	-1.00000	0.00004	-1.00000	-1.00000
258827	Bishop	Willow_Pond	un	16891983	0.00251	-1.00000	-1.00000	0.00009	-1.00000	-1.00000	-0.00000	-1.00000	-1.00000	0.00004	-1.00000	-1.00000
259146	Bishop	Willow_Pond	un	16898402	0.08000	-1.00000	-1.00000	0.01033	-1.00000	-1.00000	-0.00142	-1.00000	-1.00000	0.00034	-1.00000	-1.00000
260287	Bishop	Willow_Pond	un	16904299	0.31934	-1.00000	-1.00000	0.32769	-1.00000	-1.00000	0.29570	-1.00000	-1.00000	0.00091	-1.00000	-1.00000
260956	Bishop	Willow_Pond	un	16907579	-0.00565	-1.00000	-1.00000	-0.00022	-1.00000	-1.00000	-0.00619	-1.00000	-1.00000	0.00024	-1.00000	-1.00000
261171	Bishop	Willow_Pond	un	16908276	0.00000	-1.00000	-1.00000	0.00000	-1.00000	-1.00000	-0.00000	-1.00000	-1.00000	0.00004	-1.00000	-1.00000
262540	Bishop	Willow_Pond	un	16914875	0.13043	-1.00000	-1.00000	0.02542	-1.00000	-1.00000	0.01818	-1.00000	-1.00000	0.00037	-1.00000	-1.00000
262849	Bishop	Willow_Pond	un	16916382	0.17331	-1.00000	-1.00000	0.09703	-1.00000	-1.00000	0.11514	-1.00000	-1.00000	0.00054	-1.00000	-1.00000
263413	Bishop	Willow_Pond	un	16921153	0.16584	-1.00000	-1.00000	0.04086	-1.00000	-1.00000	0.04132	-1.00000	-1.00000	0.00024	-1.00000	-1.00000
264129	Bishop	Willow_Pond	un	16927696	0.00251	-1.00000	-1.00000	0.00009	-1.00000	-1.00000	-0.00000	-1.00000	-1.00000	0.00004	-1.00000	-1.00000
264681	Bishop	Willow_Pond	un	16932538	-0.00000	-1.00000	-1.00000	-0.00000	-1.00000	-1.00000	-0.00000	-1.00000	-1.00000	0.00005	-1.00000	-1.00000
264816	Bishop	Willow_Pond	un	16934925	0.00656	-1.00000	-1.00000	0.00026	-1.00000	-1.00000	0.05121	-1.00000	-1.00000	0.00031	-1.00000	-1.00000
264844	Bishop	Willow_Pond	un	16935676	0.23578	-1.00000	-1.00000	0.06894	-1.00000	-1.00000	0.11957	-1.00000	-1.00000	0.00043	-1.00000	-1.00000
265079	Bishop	Willow_Pond	un	16940406	-0.00270	-1.00000	-1.00000	-0.00010	-1.00000	-1.00000	0.00011	-1.00000	-1.00000	0.00013	-1.00000	-1.00000
265250	Bishop	Willow_Pond	un	16942874	-0.00315	-1.00000	-1.00000	-0.00013	-1.00000	-1.00000	-0.01039	-1.00000	-1.00000	0.00037	-1.00000	-1.00000
265395	Bishop	Willow_Pond	un	16949759	0.32990	-1.00000	-1.00000	0.14561	-1.00000	-1.00000	0.19576	-1.00000	-1.00000	0.00057	-1.00000	-1.00000
265503	Bishop	Willow_Pond	un	16951324	0.04420	-1.00000	-1.00000	0.00354	-1.00000	-1.00000	0.01220	-1.00000	-1.00000	0.00017	-1.00000	-1.00000
265702	Bishop	Willow_Pond	un	16957025	-0.03119	-1.00000	-1.00000	-0.00664	-1.00000	-1.00000	-0.00050	-1.00000	-1.00000	0.00024	-1.00000	-1.00000
265930	Bishop	Willow_Pond	un	16964612	0.00290	-1.00000	-1.00000	0.00054	-1.00000	-1.00000	0.06302	-1.00000	-1.00000	0.00044	-1.00000	-1.00000
265976	Bishop	Willow_Pond	un	16965345	-0.00270	-1.00000	-1.00000	-0.00010	-1.00000	-1.00000	-0.00558	-1.00000	-1.00000	0.00017	-1.00000	-1.00000
266034	Bishop	Willow_Pond	un	16967920	0.00251	-1.00000	-1.00000	0.00009	-1.00000	-1.00000	-0.00000	-1.00000	-1.00000	0.00007	-1.00000	-1.00000
266224	Bishop	Willow_Pond	un	16973291	-0.04348	-1.00000	-1.00000	-0.00379	-1.00000	-1.00000	-0.00770	-1.00000	-1.00000	0.00033	-1.00000	-1.00000
266254	Bishop	Willow_Pond	un	16974951	0.00290	-1.00000	-1.00000	0.00011	-1.00000	-1.00000	0.00589	-1.00000	-1.00000	0.00012	-1.00000	-1.00000
266559	Bishop	Willow_Pond	un	16983012	0.28358	-1.00000	-1.00000	0.13213	-1.00000	-1.00000	0.13433	-1.00000	-1.00000	0.00042	-1.00000	-1.00000
268265	Bishop	Willow_Pond	un	17006866	0.03114	-1.00000	-1.00000	0.00229	-1.00000	-1.00000	0.00246	-1.00000	-1.00000	0.00009	-1.00000	-1.00000
268348	Bishop	Willow_Pond	un	17011047	0.14131	-1.00000	-1.00000	0.05529	-1.00000	-1.00000	0.02918	-1.00000	-1.00000	0.00058	-1.00000	-1.00000
270736	Bishop	Willow_Pond	un	17031961	-0.00000	-1.00000	-1.00000	-0.00000	-1.00000	-1.00000	-0.01068	-1.00000	-1.00000	0.00032	-1.00000	-1.00000
271220	Bishop	Willow_Pond	un	17035214	-0.00315	-1.00000	-1.00000	-0.00013	-1.00000	-1.00000	-0.01186	-1.00000	-1.00000	0.00031	-1.00000	-1.00000
271294	Bishop	Willow_Pond	un	17039178	0.78718	-1.00000	-1.00000	0.76022	-1.00000	-1.00000	0.75761	-1.00000	-1.00000	0.00102	-1.00000	-1.00000
271375	Bishop	Willow_Pond	un	17042499	0.03320	-1.00000	-1.00000	0.00263	-1.00000	-1.00000	0.00284	-1.00000	-1.00000	0.00009	-1.00000	-1.00000
271767	Bishop	Willow_Pond	un	17049726	0.00290	-1.00000	-1.00000	0.00054	-1.00000	-1.00000	0.01107	-1.00000	-1.00000	0.00028	-1.00000	-1.00000
272164	Bishop	Willow_Pond	un	17054564	0.00000	-1.00000	-1.00000	0.00000	-1.00000	-1.00000	0.00508	-1.00000	-1.00000	0.00012	-1.00000	-1.00000
272197	Bishop	Willow_Pond	un	17055404	-0.00000	-1.00000	-1.00000	-0.00000	-1.00000	-1.00000	-0.00607	-1.00000	-1.00000	0.00024	-1.00000	-1.00000
272717	Bishop	Willow_Pond	un	17060475	0.06470	-1.00000	-1.00000	0.00736	-1.00000	-1.00000	0.00760	-1.00000	-1.00000	0.00011	-1.00000	-1.00000
273021	Bishop	Willow_Pond	un	17064854	0.00656	-1.00000	-1.00000	0.00026	-1.00000	-1.00000	0.02512	-1.00000	-1.00000	0.00021	-1.00000	-1.00000
273094	Bishop	Willow_Pond	un	17068949	0.15687	-1.00000	-1.00000	0.10531	-1.00000	-1.00000	0.09457	-1.00000	-1.00000	0.00061	-1.00000	-1.00000
273453	Bishop	Willow_Pond	un	17071437	0.35804	-1.00000	-1.00000	0.24185	-1.00000	-1.00000	0.23452	-1.00000	-1.00000	0.00057	-1.00000	-1.00000
273592	Bishop	Willow_Pond	un	17074076	0.00656	-1.00000	-1.00000	0.00026	-1.00000	-1.00000	0.02512	-1.00000	-1.00000	0.00022	-1.00000	-1.00000
273809	Bishop	Willow_Pond	un	17077391	0.06024	-1.00000	-1.00000	0.00707	-1.00000	-1.00000	0.00286	-1.00000	-1.00000	0.00019	-1.00000	-1.00000
274520	Bishop	Willow_Pond	un	17084549	-0.00315	-1.00000	-1.00000	-0.00013	-1.00000	-1.00000	-0.01186	-1.00000	-1.00000	0.00034	-1.00000	-1.00000
275594	Bishop	Willow_Pond	un	17099694	0.05304	-1.00000	-1.00000	0.00446	-1.00000	-1.00000	0.03571	-1.00000	-1.00000	0.00027	-1.00000	-1.00000
275690	Bishop	Willow_Pond	un	17100491	-0.03802	-1.00000	-1.00000	-0.01301	-1.00000	-1.00000	-0.01092	-1.00000	-1.00000	0.00038	-1.00000	-1.00000
275765	Bishop	Willow_Pond	un	17103554	-0.02844	-1.00000	-1.00000	-0.01366	-1.00000	-1.00000	-0.00783	-1.00000	-1.00000	0.00054	-1.00000	-1.00000
275873	Bishop	Willow_Pond	un	17105213	0.08696	-1.00000	-1.00000	0.01227	-1.00000	-1.00000	0.02597	-1.00000	-1.00000	0.00026	-1.00000	-1.00000
276233	Bishop	Willow_Pond	un	17106746	-0.00315	-1.00000	-1.00000	-0.00013	-1.00000	-1.00000	-0.00564	-1.00000	-1.00000	0.00026	-1.00000	-1.00000
276437	Bishop	Willow_Pond	un	17111810	-0.03704	-1.00000	-1.00000	-0.00275	-1.00000	-1.00000	-0.00019	-1.00000	-1.00000	0.00016	-1.00000	-1.00000
276658	Bishop	Willow_Pond	un	17113389	0.24145	-1.00000	-1.00000	0.17110	-1.00000	-1.00000	0.21897	-1.00000	-1.00000	0.00069	-1.00000	-1.00000
278656	Bishop	Willow_Pond	un	17127084	0.04000	-1.00000	-1.00000	0.00332	-1.00000	-1.00000	0.01220	-1.00000	-1.00000	0.00018	-1.00000	-1.00000
279080	Bishop	Willow_Pond	un	17130426	0.18240	-1.00000	-1.00000	0.04441	-1.00000	-1.00000	0.03293	-1.00000	-1.00000	0.00049	-1.00000	-1.00000
282124	Bishop	Willow_Pond	un	17148857	0.37024	-1.00000	-1.00000	0.18442	-1.00000	-1.00000	0.19855	-1.00000	-1.00000	0.00064	-1.00000	-1.00000
283102	Bishop	Willow_Pond	un	17155366	0.04348	-1.00000	-1.00000	0.00394	-1.00000	-1.00000	0.02500	-1.00000	-1.00000	0.00039	-1.00000	-1.00000
286601	Bishop	Willow_Pond	un	17168775	-0.00565	-1.00000	-1.00000	-0.00022	-1.00000	-1.00000	0.00778	-1.00000	-1.00000	0.00032	-1.00000	-1.00000
287935	Bishop	Willow_Pond	un	17178404	0.00000	-1.00000	-1.00000	0.00000	-1.00000	-1.00000	-0.00681	-1.00000	-1.00000	0.00023	-1.00000	-1.00000
288153	Bishop	Willow_Pond	un	17184887	0.00000	-1.00000	-1.00000	0.00000	-1.00000	-1.00000	-0.01682	-1.00000	-1.00000	0.00052	-1.00000	-1.00000
288730	Bishop	Willow_Pond	un	17194174	0.00340	-1.00000	-1.00000	0.00014	-1.00000	-1.00000	-0.00738	-1.00000	-1.00000	0.00029	-1.00000	-1.00000
289287	Bishop	Willow_Pond	un	17197284	0.00251	-1.00000	-1.00000	0.00009	-1.00000	-1.00000	0.00508	-1.00000	-1.00000	0.00012	-1.00000	-1.00000
289694	Bishop	Willow_Pond	un	17200415	-0.00489	-1.00000	-1.00000	-0.00018	-1.00000	-1.00000	0.00029	-1.00000	-1.00000	0.00010	-1.00000	-1.00000
290329	Bishop	Willow_Pond	un	17207881	0.00000	-1.00000	-1.00000	0.00000	-1.00000	-1.00000	-0.00000	-1.00000	-1.00000	0.00004	-1.00000	-1.00000
291633	Bishop	Willow_Pond	un	17222558	-0.04000	-1.00000	-1.00000	-0.00321	-1.00000	-1.00000	-0.01405	-1.00000	-1.00000	0.00032	-1.00000	-1.00000
291651	Bishop	Willow_Pond	un	17223459	0.00561	-1.00000	-1.00000	0.00021	-1.00000	-1.00000	0.00589	-1.00000	-1.00000	0.00013	-1.00000	-1.00000
291874	Bishop	Willow_Pond	un	17230730	0.00000	-1.00000	-1.00000	0.00000	-1.00000	-1.00000	-0.00000	-1.00000	-1.00000	0.00005	-1.00000	-1.00000
291892	Bishop	Willow_Pond	un	17231498	-0.02569	-1.00000	-1.00000	-0.00281	-1.00000	-1.00000	-0.00237	-1.00000	-1.00000	0.00019	-1.00000	-1.00000
292575	Bishop	Willow_Pond	un	17238697	0.04420	-1.00000	-1.00000	0.00354	-1.00000	-1.00000	0.00705	-1.00000	-1.00000	0.00030	-1.00000	-1.00000
293009	Bishop	Willow_Pond	un	17241959	0.00621	-1.00000	-1.00000	0.00433	-1.00000	-1.00000	-0.00714	-1.00000	-1.00000	0.00061	-1.00000	-1.00000
293349	Bishop	Willow_Pond	un	17248395	0.16584	-1.00000	-1.00000	0.04086	-1.00000	-1.00000	0.04132	-1.00000	-1.00000	0.00023	-1.00000	-1.00000
293444	Bishop	Willow_Pond	un	17250871	0.00561	-1.00000	-1.00000	0.00021	-1.00000	-1.00000	-0.00000	-1.00000	-1.00000	0.00005	-1.00000	-1.00000
293799	Bishop	Willow_Pond	un	17257035	0.00951	-1.00000	-1.00000	0.00037	-1.00000	-1.00000	0.02512	-1.00000	-1.00000	0.00022	-1.00000	-1.00000
294278	Bishop	Willow_Pond	un	17262770	-0.00000	-1.00000	-1.00000	-0.00000	-1.00000	-1.00000	-0.00050	-1.00000	-1.00000	0.00026	-1.00000	-1.00000
294539	Bishop	Willow_Pond	un	17267710	0.27098	-1.00000	-1.00000	0.09781	-1.00000	-1.00000	0.12008	-1.00000	-1.00000	0.00040	-1.00000	-1.00000
294813	Bishop	Willow_Pond	un	17272701	-0.00565	-1.00000	-1.00000	-0.00022	-1.00000	-1.00000	0.00778	-1.00000	-1.00000	0.00032	-1.00000	-1.00000
295070	Bishop	Willow_Pond	un	17275858	0.11111	-1.00000	-1.00000	0.01818	-1.00000	-1.00000	0.03064	-1.00000	-1.00000	0.00026	-1.00000	-1.00000
295084	Bishop	Willow_Pond	un	17276630	-0.00000	-1.00000	-1.00000	-0.00000	-1.00000	-1.00000	-0.00000	-1.00000	-1.00000	0.00005	-1.00000	-1.00000
295251	Bishop	Willow_Pond	un	17280728	0.18336	-1.00000	-1.00000	0.12629	-1.00000	-1.00000	0.11876	-1.00000	-1.00000	0.00060	-1.00000	-1.00000
295877	Bishop	Willow_Pond	un	17286638	-0.00235	-1.00000	-1.00000	-0.00008	-1.00000	-1.00000	0.00008	-1.00000	-1.00000	0.00012	-1.00000	-1.00000
295915	Bishop	Willow_Pond	un	17288233	0.00561	-1.00000	-1.00000	0.00021	-1.00000	-1.00000	0.02159	-1.00000	-1.00000	0.00021	-1.00000	-1.00000
296155	Bishop	Willow_Pond	un	17293041	0.06095	-1.00000	-1.00000	0.02163	-1.00000	-1.00000	0.05998	-1.00000	-1.00000	0.00042	-1.00000	-1.00000
296228	Bishop	Willow_Pond	un	17297106	-0.02184	-1.00000	-1.00000	-0.00259	-1.00000	-1.00000	-0.00272	-1.00000	-1.00000	0.00013	-1.00000	-1.00000
296738	Bishop	Willow_Pond	un	17305536	0.03320	-1.00000	-1.00000	0.00263	-1.00000	-1.00000	-0.00486	-1.00000	-1.00000	0.00028	-1.00000	-1.00000
296897	Bishop	Willow_Pond	un	17307924	-0.03041	-1.00000	-1.00000	-0.00573	-1.00000	-1.00000	-0.00499	-1.00000	-1.00000	0.00027	-1.00000	-1.00000
297189	Bishop	Willow_Pond	un	17311895	-0.02184	-1.00000	-1.00000	-0.00259	-1.00000	-1.00000	-0.00809	-1.00000	-1.00000	0.00025	-1.00000	-1.00000
297405	Bishop	Willow_Pond	un	17318434	0.08000	-1.00000	-1.00000	0.01033	-1.00000	-1.00000	0.04304	-1.00000	-1.00000	0.00044	-1.00000	-1.00000
297649	Bishop	Willow_Pond	un	17331170	-0.02454	-1.00000	-1.00000	-0.00762	-1.00000	-1.00000	0.01644	-1.00000	-1.00000	0.00053	-1.00000	-1.00000
297997	Bishop	Willow_Pond	un	17352563	-0.02569	-1.00000	-1.00000	-0.00281	-1.00000	-1.00000	-0.00274	-1.00000	-1.00000	0.00012	-1.00000	-1.00000
298026	Bishop	Willow_Pond	un	17354959	-0.03829	-1.00000	-1.00000	-0.00613	-1.00000	-1.00000	0.01175	-1.00000	-1.00000	0.00030	-1.00000	-1.00000
298034	Bishop	Willow_Pond	un	17357540	0.07729	-1.00000	-1.00000	0.04432	-1.00000	-1.00000	0.04171	-1.00000	-1.00000	0.00065	-1.00000	-1.00000
298122	Bishop	Willow_Pond	un	17368188	0.00656	-1.00000	-1.00000	0.00026	-1.00000	-1.00000	0.00261	-1.00000	-1.00000	0.00025	-1.00000	-1.00000
298256	Bishop	Willow_Pond	un	17376332	0.06522	-1.00000	-1.00000	0.04451	-1.00000	-1.00000	0.04017	-1.00000	-1.00000	0.00071	-1.00000	-1.00000
298543	Bishop	Willow_Pond	un	17394272	0.04420	-1.00000	-1.00000	0.00354	-1.00000	-1.00000	0.00705	-1.00000	-1.00000	0.00031	-1.00000	-1.00000
298592	Bishop	Willow_Pond	un	17396586	-0.00489	-1.00000	-1.00000	-0.00018	-1.00000	-1.00000	0.00029	-1.00000	-1.00000	0.00014	-1.00000	-1.00000
298651	Bishop	Willow_Pond	un	17404749	-0.03795	-1.00000	-1.00000	-0.00293	-1.00000	-1.00000	0.04194	-1.00000	-1.00000	0.00030	-1.00000	-1.00000
298695	Bishop	Willow_Pond	un	17405597	0.72500	-1.00000	-1.00000	0.73043	-1.00000	-1.00000	0.72253	-1.00000	-1.00000	0.00099	-1.00000	-1.00000
298748	Bishop	Willow_Pond	un	17409476	0.05304	-1.00000	-1.00000	0.00446	-1.00000	-1.00000	0.03571	-1.00000	-1.00000	0.00030	-1.00000	-1.00000
298836	Bishop	Willow_Pond	un	17412556	-0.03841	-1.00000	-1.00000	-0.00296	-1.00000	-1.00000	-0.00844	-1.00000	-1.00000	0.00025	-1.00000	-1.00000
298886	Bishop	Willow_Pond	un	17417320	-0.00489	-1.00000	-1.00000	-0.00018	-1.00000	-1.00000	-0.00000	-1.00000	-1.00000	0.00004	-1.00000	-1.00000
298899	Bishop	Willow_Pond	un	17418845	0.00845	-1.00000	-1.00000	0.00138	-1.00000	-1.00000	0.00115	-1.00000	-1.00000	0.00019	-1.00000	-1.00000
298902	Bishop	Willow_Pond	un	17419599	-0.00270	-1.00000	-1.00000	-0.00010	-1.00000	-1.00000	-0.00558	-1.00000	-1.00000	0.00020	-1.00000	-1.00000
299006	Bishop	Willow_Pond	un	17426467	-0.03704	-1.00000	-1.00000	-0.00275	-1.00000	-1.00000	-0.00786	-1.00000	-1.00000	0.00027	-1.00000	-1.00000
299014	Bishop	Willow_Pond	un	17428771	-0.00565	-1.00000	-1.00000	-0.00022	-1.00000	-1.00000	0.00037	-1.00000	-1.00000	0.00013	-1.00000	-1.00000
299052	Bishop	Willow_Pond	un	17434120	0.11077	-1.00000	-1.00000	0.09972	-1.00000	-1.00000	0.10195	-1.00000	-1.00000	0.00070	-1.00000	-1.00000
299095	Bishop	Willow_Pond	un	17437054	-0.00270	-1.00000	-1.00000	-0.00010	-1.00000	-1.00000	-0.00558	-1.00000	-1.00000	0.00022	-1.00000	-1.00000
299118	Bishop	Willow_Pond	un	17439290	-0.03975	-1.00000	-1.00000	-0.00319	-1.00000	-1.00000	0.04125	-1.00000	-1.00000	0.00033	-1.00000	-1.00000
299421	Bishop	Willow_Pond	un	17453277	0.00000	-1.00000	-1.00000	0.00000	-1.00000	-1.00000	-0.00063	-1.00000	-1.00000	0.00032	-1.00000	-1.00000
299434	Bishop	Willow_Pond	un	17453998	-0.00565	-1.00000	-1.00000	-0.00022	-1.00000	-1.00000	0.03423	-1.00000	-1.00000	0.00026	-1.00000	-1.00000
299489	Bishop	Willow_Pond	un	17456525	0.00340	-1.00000	-1.00000	0.00014	-1.00000	-1.00000	-0.01093	-1.00000	-1.00000	0.00033	-1.00000	-1.00000
299557	Bishop	Willow_Pond	un	17458936	-0.02683	-1.00000	-1.00000	-0.00733	-1.00000	-1.00000	-0.00744	-1.00000	-1.00000	0.00028	-1.00000	-1.00000
300004	Bishop	Willow_Pond	un	17468378	0.00000	-1.00000	-1.00000	0.00000	-1.00000	-1.00000	-0.00000	-1.00000	-1.00000	0.00005	-1.00000	-1.00000
300101	Bishop	Willow_Pond	un	17469881	-0.00315	-1.00000	-1.00000	-0.00013	-1.00000	-1.00000	-0.00207	-1.00000	-1.00000	0.00023	-1.00000	-1.00000
300489	Bishop	Willow_Pond	un	17483473	0.04067	-1.00000	-1.00000	0.00302	-1.00000	-1.00000	0.01050	-1.00000	-1.00000	0.00018	-1.00000	-1.00000
300562	Bishop	Willow_Pond	un	17485019	0.59172	-1.00000	-1.00000	0.55141	-1.00000	-1.00000	0.55832	-1.00000	-1.00000	0.00089	-1.00000	-1.00000
301037	Bishop	Willow_Pond	un	17494832	-0.03704	-1.00000	-1.00000	-0.00275	-1.00000	-1.00000	-0.00786	-1.00000	-1.00000	0.00022	-1.00000	-1.00000
301749	Bishop	Willow_Pond	un	17516163	0.16502	-1.00000	-1.00000	0.11697	-1.00000	-1.00000	0.10790	-1.00000	-1.00000	0.00068	-1.00000	-1.00000
301907	Bishop	Willow_Pond	un	17522289	0.04420	-1.00000	-1.00000	0.00354	-1.00000	-1.00000	0.00029	-1.00000	-1.00000	0.00017	-1.00000	-1.00000
302363	Bishop	Willow_Pond	un	17539245	0.00251	-1.00000	-1.00000	0.00009	-1.00000	-1.00000	-0.00000	-1.00000	-1.00000	0.00004	-1.00000	-1.00000
302461	Bishop	Willow_Pond	un	17548275	-0.00565	-1.00000	-1.00000	-0.00022	-1.00000	-1.00000	0.00508	-1.00000	-1.00000	0.00012	-1.00000	-1.00000
302624	Bishop	Willow_Pond	un	17553163	-0.00000	-1.00000	-1.00000	-0.00000	-1.00000	-1.00000	-0.00581	-1.00000	-1.00000	0.00021	-1.00000	-1.00000
302798	Bishop	Willow_Pond	un	17564277	-0.00767	-1.00000	-1.00000	-0.00029	-1.00000	-1.00000	0.00057	-1.00000	-1.00000	0.00012	-1.00000	-1.00000
302813	Bishop	Willow_Pond	un	17565166	0.00797	-1.00000	-1.00000	0.00238	-1.00000	-1.00000	0.01246	-1.00000	-1.00000	0.00035	-1.00000	-1.00000
303032	Bishop	Willow_Pond	un	17569107	0.12040	-1.00000	-1.00000	0.12457	-1.00000	-1.00000	0.10200	-1.00000	-1.00000	0.00085	-1.00000	-1.00000
303170	Bishop	Willow_Pond	un	17572435	0.74990	-1.00000	-1.00000	0.71375	-1.00000	-1.00000	0.71841	-1.00000	-1.00000	0.00098	-1.00000	-1.00000
303371	Bishop	Willow_Pond	un	17580455	0.05755	-1.00000	-1.00000	0.01280	-1.00000	-1.00000	0.02181	-1.00000	-1.00000	0.00046	-1.00000	-1.00000
303500	Bishop	Willow_Pond	un	17584391	0.00340	-1.00000	-1.00000	0.00014	-1.00000	-1.00000	-0.01093	-1.00000	-1.00000	0.00035	-1.00000	-1.00000
304366	Bishop	Willow_Pond	un	17594958	0.23364	-1.00000	-1.00000	0.08013	-1.00000	-1.00000	0.06667	-1.00000	-1.00000	0.00040	-1.00000	-1.00000
304600	Bishop	Willow_Pond	un	17596576	-0.00315	-1.00000	-1.00000	-0.00013	-1.00000	-1.00000	-0.00564	-1.00000	-1.00000	0.00027	-1.00000	-1.00000
305114	Bishop	Willow_Pond	un	17609727	0.30864	-1.00000	-1.00000	0.27473	-1.00000	-1.00000	0.28728	-1.00000	-1.00000	0.00070	-1.00000	-1.00000
306195	Bishop	Willow_Pond	un	17627282	-0.00000	-1.00000	-1.00000	-0.00000	-1.00000	-1.00000	-0.00050	-1.00000	-1.00000	0.00028	-1.00000	-1.00000
306279	Bishop	Willow_Pond	un	17628048	0.26087	-1.00000	-1.00000	0.09700	-1.00000	-1.00000	0.08122	-1.00000	-1.00000	0.00059	-1.00000	-1.00000
306413	Bishop	Willow_Pond	un	17630390	-0.00000	-1.00000	-1.00000	-0.00000	-1.00000	-1.00000	-0.00000	-1.00000	-1.00000	0.00004	-1.00000	-1.00000
306917	Bishop	Willow_Pond	un	17645688	-0.04160	-1.00000	-1.00000	-0.00347	-1.00000	-1.00000	-0.01504	-1.00000	-1.00000	0.00044	-1.00000	-1.00000
307060	Bishop	Willow_Pond	un	17648812	-0.03795	-1.00000	-1.00000	-0.00293	-1.00000	-1.00000	0.01733	-1.00000	-1.00000	0.00024	-1.00000	-1.00000
307148	Bishop	Willow_Pond	un	17653720	-0.00270	-1.00000	-1.00000	-0.00010	-1.00000	-1.00000	-0.00488	-1.00000	-1.00000	0.00028	-1.00000	-1.00000
307154	Bishop	Willow_Pond	un	17655327	0.30455	-1.00000	-1.00000	0.18937	-1.00000	-1.00000	0.15361	-1.00000	-1.00000	0.00070	-1.00000	-1.00000
307169	Bishop	Willow_Pond	un	17656944	-0.03836	-1.00000	-1.00000	-0.02149	-1.00000	-1.00000	-0.00339	-1.00000	-1.00000	0.00053	-1.00000	-1.00000
307214	Bishop	Willow_Pond	un	17660977	0.02760	-1.00000	-1.00000	0.00210	-1.00000	-1.00000	0.00883	-1.00000	-1.00000	0.00024	-1.00000	-1.00000
307238	Bishop	Willow_Pond	un	17665025	0.00340	-1.00000	-1.00000	0.00014	-1.00000	-1.00000	-0.01093	-1.00000	-1.00000	0.00034	-1.00000	-1.00000
307412	Bishop	Willow_Pond	un	17668249	0.00290	-1.00000	-1.00000	0.00011	-1.00000	-1.00000	-0.00000	-1.00000	-1.00000	0.00005	-1.00000	-1.00000
307505	Bishop	Willow_Pond	un	17671357	0.06920	-1.00000	-1.00000	0.00850	-1.00000	-1.00000	0.00881	-1.00000	-1.00000	0.00014	-1.00000	-1.00000
307863	Bishop	Willow_Pond	un	17684697	0.00656	-1.00000	-1.00000	0.00026	-1.00000	-1.00000	0.00261	-1.00000	-1.00000	0.00029	-1.00000	-1.00000
307897	Bishop	Willow_Pond	un	17685467	-0.00315	-1.00000	-1.00000	-0.00013	-1.00000	-1.00000	-0.00000	-1.00000	-1.00000	0.00005	-1.00000	-1.00000
308060	Bishop	Willow_Pond	un	17691742	0.54823	-1.00000	-1.00000	0.46406	-1.00000	-1.00000	0.44762	-1.00000	-1.00000	0.00088	-1.00000	-1.00000
310542	Bishop	Willow_Pond	un	17750001	0.00340	-1.00000	-1.00000	0.00014	-1.00000	-1.00000	0.00691	-1.00000	-1.00000	0.00014	-1.00000	-1.00000
310641	Bishop	Willow_Pond	un	17752927	0.05304	-1.00000	-1.00000	0.00446	-1.00000	-1.00000	0.01011	-1.00000	-1.00000	0.00032	-1.00000	-1.00000
312216	Bishop	Willow_Pond	un	17778150	-0.03841	-1.00000	-1.00000	-0.00296	-1.00000	-1.00000	-0.00486	-1.00000	-1.00000	0.00033	-1.00000	-1.00000
315668	Bishop	Willow_Pond	un	17803937	0.00727	-1.00000	-1.00000	0.00110	-1.00000	-1.00000	0.00091	-1.00000	-1.00000	0.00017	-1.00000	-1.00000
315760	Bishop	Willow_Pond	un	17804700	0.07875	-1.00000	-1.00000	0.00908	-1.00000	-1.00000	0.00881	-1.00000	-1.00000	0.00012	-1.00000	-1.00000
316953	Bishop	Willow_Pond	un	17810351	-0.00315	-1.00000	-1.00000	-0.00013	-1.00000	-1.00000	-0.01039	-1.00000	-1.00000	0.00038	-1.00000	-1.00000
317566	Bishop	Willow_Pond	un	17816657	-0.00565	-1.00000	-1.00000	-0.00022	-1.00000	-1.00000	-0.00000	-1.00000	-1.00000	0.00004	-1.00000	-1.00000
317571	Bishop	Willow_Pond	un	17817467	0.04429	-1.00000	-1.00000	0.00935	-1.00000	-1.00000	0.02098	-1.00000	-1.00000	0.00030	-1.00000	-1.00000
318396	Bishop	Willow_Pond	un	17826245	-0.00315	-1.00000	-1.00000	-0.00013	-1.00000	-1.00000	-0.00651	-1.00000	-1.00000	0.00021	-1.00000	-1.00000
318681	Bishop	Willow_Pond	un	17833927	0.05304	-1.00000	-1.00000	0.00446	-1.00000	-1.00000	0.03024	-1.00000	-1.00000	0.00039	-1.00000	-1.00000
318746	Bishop	Willow_Pond	un	17837959	0.02760	-1.00000	-1.00000	0.00210	-1.00000	-1.00000	0.00021	-1.00000	-1.00000	0.00015	-1.00000	-1.00000
319022	Bishop	Willow_Pond	un	17857138	0.16163	-1.00000	-1.00000	0.16423	-1.00000	-1.00000	0.22090	-1.00000	-1.00000	0.00079	-1.00000	-1.00000
321800	Bishop	Willow_Pond	un	17872264	0.03704	-1.00000	-1.00000	0.00284	-1.00000	-1.00000	-0.00227	-1.00000	-1.00000	0.00026	-1.00000	-1.00000
322028	Bishop	Willow_Pond	un	17874647	-0.00000	-1.00000	-1.00000	-0.00000	-1.00000	-1.00000	-0.00581	-1.00000	-1.00000	0.00021	-1.00000	-1.00000
322966	Bishop	Willow_Pond	un	17879206	-0.03041	-1.00000	-1.00000	-0.00573	-1.00000	-1.00000	-0.00499	-1.00000	-1.00000	0.00024	-1.00000	-1.00000
324960	Bishop	Willow_Pond	un	17894780	-0.00270	-1.00000	-1.00000	-0.00010	-1.00000	-1.00000	-0.00000	-1.00000	-1.00000	0.00005	-1.00000	-1.00000
325663	Bishop	Willow_Pond	un	17897120	0.08538	-1.00000	-1.00000	0.01066	-1.00000	-1.00000	0.00535	-1.00000	-1.00000	0.00028	-1.00000	-1.00000
325756	Bishop	Willow_Pond	un	17901878	-0.03975	-1.00000	-1.00000	-0.00319	-1.00000	-1.00000	0.01151	-1.00000	-1.00000	0.00037	-1.00000	-1.00000
326472	Bishop	Willow_Pond	un	17914468	0.03555	-1.00000	-1.00000	0.00306	-1.00000	-1.00000	-0.00561	-1.00000	-1.00000	0.00028	-1.00000	-1.00000
326483	Bishop	Willow_Pond	un	17915375	-0.02569	-1.00000	-1.00000	-0.00281	-1.00000	-1.00000	-0.00274	-1.00000	-1.00000	0.00011	-1.00000	-1.00000
326657	Bishop	Willow_Pond	un	17916773	0.45601	-1.00000	-1.00000	0.44359	-1.00000	-1.00000	0.44057	-1.00000	-1.00000	0.00082	-1.00000	-1.00000
326834	Bishop	Willow_Pond	un	17918454	-0.03795	-1.00000	-1.00000	-0.00293	-1.00000	-1.00000	-0.00300	-1.00000	-1.00000	0.00009	-1.00000	-1.00000
327168	Bishop	Willow_Pond	un	17923379	0.12602	-1.00000	-1.00000	0.08251	-1.00000	-1.00000	0.06570	-1.00000	-1.00000	0.00058	-1.00000	-1.00000
327521	Bishop	Willow_Pond	un	17927655	0.32990	-1.00000	-1.00000	0.14561	-1.00000	-1.00000	0.14002	-1.00000	-1.00000	0.00052	-1.00000	-1.00000
327568	Bishop	Willow_Pond	un	17928487	0.10495	-1.00000	-1.00000	0.01335	-1.00000	-1.00000	0.02597	-1.00000	-1.00000	0.00024	-1.00000	-1.00000
327738	Bishop	Willow_Pond	un	17932597	0.00340	-1.00000	-1.00000	0.00014	-1.00000	-1.00000	0.02512	-1.00000	-1.00000	0.00019	-1.00000	-1.00000
328456	Bishop	Willow_Pond	un	17940608	0.00340	-1.00000	-1.00000	0.00014	-1.00000	-1.00000	-0.00378	-1.00000	-1.00000	0.00037	-1.00000	-1.00000
329445	Bishop	Willow_Pond	un	17955564	0.21608	-1.00000	-1.00000	0.05772	-1.00000	-1.00000	0.05660	-1.00000	-1.00000	0.00029	-1.00000	-1.00000
330177	Bishop	Willow_Pond	un	17964929	0.26087	-1.00000	-1.00000	0.09700	-1.00000	-1.00000	0.07300	-1.00000	-1.00000	0.00068	-1.00000	-1.00000
330480	Bishop	Willow_Pond	un	17968250	0.14815	-1.00000	-1.00000	0.03120	-1.00000	-1.00000	0.04578	-1.00000	-1.00000	0.00027	-1.00000	-1.00000
330742	Bishop	Willow_Pond	un	17970689	0.13263	-1.00000	-1.00000	0.02215	-1.00000	-1.00000	0.03571	-1.00000	-1.00000	0.00029	-1.00000	-1.00000
331082	Bishop	Willow_Pond	un	17973810	-0.01087	-1.00000	-1.00000	-0.00312	-1.00000	-1.00000	-0.01688	-1.00000	-1.00000	0.00048	-1.00000	-1.00000
331292	Bishop	Willow_Pond	un	17979543	0.09116	-1.00000	-1.00000	0.09428	-1.00000	-1.00000	0.14974	-1.00000	-1.00000	0.00071	-1.00000	-1.00000
331306	Bishop	Willow_Pond	un	17980429	0.04067	-1.00000	-1.00000	0.00302	-1.00000	-1.00000	0.00284	-1.00000	-1.00000	0.00009	-1.00000	-1.00000
331394	Bishop	Willow_Pond	un	17982966	0.00000	-1.00000	-1.00000	0.00000	-1.00000	-1.00000	-0.01241	-1.00000	-1.00000	0.00026	-1.00000	-1.00000
331428	Bishop	Willow_Pond	un	17985654	0.03448	-1.00000	-1.00000	0.00246	-1.00000	-1.00000	0.00246	-1.00000	-1.00000	0.00008	-1.00000	-1.00000
331663	Bishop	Willow_Pond	un	17997406	0.02414	-1.00000	-1.00000	0.01515	-1.00000	-1.00000	0.04918	-1.00000	-1.00000	0.00064	-1.00000	-1.00000
331702	Bishop	Willow_Pond	un	18000562	0.08696	-1.00000	-1.00000	0.01227	-1.00000	-1.00000	0.01227	-1.00000	-1.00000	0.00016	-1.00000	-1.00000
331708	Bishop	Willow_Pond	un	18001324	0.09321	-1.00000	-1.00000	0.01269	-1.00000	-1.00000	0.08145	-1.00000	-1.00000	0.00038	-1.00000	-1.00000
331714	Bishop	Willow_Pond	un	18002105	-0.00000	-1.00000	-1.00000	-0.00000	-1.00000	-1.00000	0.02159	-1.00000	-1.00000	0.00020	-1.00000	-1.00000
331762	Bishop	Willow_Pond	un	18005370	-0.04000	-1.00000	-1.00000	-0.00321	-1.00000	-1.00000	-0.01405	-1.00000	-1.00000	0.00035	-1.00000	-1.00000
332120	Bishop	Willow_Pond	un	18010916	0.21628	-1.00000	-1.00000	0.09793	-1.00000	-1.00000	0.08399	-1.00000	-1.00000	0.00049	-1.00000	-1.00000
332224	Bishop	Willow_Pond	un	18012433	0.60000	-1.00000	-1.00000	0.48980	-1.00000	-1.00000	0.46829	-1.00000	-1.00000	0.00086	-1.00000	-1.00000
332492	Bishop	Willow_Pond	un	18018157	-0.00270	-1.00000	-1.00000	-0.00010	-1.00000	-1.00000	-0.00000	-1.00000	-1.00000	0.00004	-1.00000	-1.00000
332598	Bishop	Willow_Pond	un	18019854	-0.03042	-1.00000	-1.00000	-0.00983	-1.00000	-1.00000	0.01079	-1.00000	-1.00000	0.00055	-1.00000	-1.00000
332652	Bishop	Willow_Pond	un	18021354	0.46069	-1.00000	-1.00000	0.27518	-1.00000	-1.00000	0.32107	-1.00000	-1.00000	0.00066	-1.00000	-1.00000
332771	Bishop	Willow_Pond	un	18025306	-0.03852	-1.00000	-1.00000	-0.04006	-1.00000	-1.00000	-0.04232	-1.00000	-1.00000	0.00071	-1.00000	-1.00000
333901	Bishop	Willow_Pond	un	18032368	-0.04000	-1.00000	-1.00000	-0.00321	-1.00000	-1.00000	-0.00321	-1.00000	-1.00000	0.00009	-1.00000	-1.00000
334434	Bishop	Willow_Pond	un	18048597	0.00290	-1.00000	-1.00000	0.00011	-1.00000	-1.00000	-0.00000	-1.00000	-1.00000	0.00005	-1.00000	-1.00000
334679	Bishop	Willow_Pond	un	18053432	-0.03795	-1.00000	-1.00000	-0.00293	-1.00000	-1.00000	0.01733	-1.00000	-1.00000	0.00022	-1.00000	-1.00000
334757	Bishop	Willow_Pond	un	18054343	-0.00000	-1.00000	-1.00000	-0.00000	-1.00000	-1.00000	0.02159	-1.00000	-1.00000	0.00021	-1.00000	-1.00000
335030	Bishop	Willow_Pond	un	18063880	0.43478	-1.00000	-1.00000	0.26895	-1.00000	-1.00000	0.24873	-1.00000	-1.00000	0.00080	-1.00000	-1.00000
335081	Bishop	Willow_Pond	un	18065475	-0.02330	-1.00000	-1.00000	-0.00301	-1.00000	-1.00000	-0.00186	-1.00000	-1.00000	0.00034	-1.00000	-1.00000
335115	Bishop	Willow_Pond	un	18067129	0.00000	-1.00000	-1.00000	0.00000	-1.00000	-1.00000	-0.00713	-1.00000	-1.00000	0.00028	-1.00000	-1.00000
335354	Bishop	Willow_Pond	un	18074389	0.75370	-1.00000	-1.00000	0.73318	-1.00000	-1.00000	0.74351	-1.00000	-1.00000	0.00102	-1.00000	-1.00000
335539	Bishop	Willow_Pond	un	18077625	-0.03704	-1.00000	-1.00000	-0.00275	-1.00000	-1.00000	-0.00019	-1.00000	-1.00000	0.00017	-1.00000	-1.00000
335784	Bishop	Willow_Pond	un	18089958	0.34648	-1.00000	-1.00000	0.23443	-1.00000	-1.00000	0.24158	-1.00000	-1.00000	0.00068	-1.00000	-1.00000
336002	Bishop	Willow_Pond	un	18096419	-0.00315	-1.00000	-1.00000	-0.00013	-1.00000	-1.00000	0.03366	-1.00000	-1.00000	0.00026	-1.00000	-1.00000
336275	Bishop	Willow_Pond	un	18104906	-0.04000	-1.00000	-1.00000	-0.00321	-1.00000	-1.00000	-0.00321	-1.00000	-1.00000	0.00009	-1.00000	-1.00000
336495	Bishop	Willow_Pond	un	18111423	-0.00489	-1.00000	-1.00000	-0.00018	-1.00000	-1.00000	0.01104	-1.00000	-1.00000	0.00020	-1.00000	-1.00000
336640	Bishop	Willow_Pond	un	18118834	-0.00000	-1.00000	-1.00000	-0.00000	-1.00000	-1.00000	-0.01068	-1.00000	-1.00000	0.00030	-1.00000	-1.00000
336694	Bishop	Willow_Pond	un	18120480	0.02912	-1.00000	-1.00000	0.00239	-1.00000	-1.00000	-0.00388	-1.00000	-1.00000	0.00019	-1.00000	-1.00000
336715	Bishop	Willow_Pond	un	18123073	0.04820	-1.00000	-1.00000	0.00374	-1.00000	-1.00000	0.01220	-1.00000	-1.00000	0.00017	-1.00000	-1.00000
336941	Bishop	Willow_Pond	un	18130492	-0.00489	-1.00000	-1.00000	-0.00018	-1.00000	-1.00000	0.00029	-1.00000	-1.00000	0.00014	-1.00000	-1.00000
337118	Bishop	Willow_Pond	un	18136778	0.00340	-1.00000	-1.00000	0.00014	-1.00000	-1.00000	0.00110	-1.00000	-1.00000	0.00028	-1.00000	-1.00000
337495	Bishop	Willow_Pond	un	18153259	-0.00000	-1.00000	-1.00000	-0.00000	-1.00000	-1.00000	-0.00607	-1.00000	-1.00000	0.00025	-1.00000	-1.00000
337635	Bishop	Willow_Pond	un	18157623	-0.02813	-1.00000	-1.00000	-0.00378	-1.00000	-1.00000	-0.02110	-1.00000	-1.00000	0.00049	-1.00000	-1.00000
337719	Bishop	Willow_Pond	un	18159243	-0.02595	-1.00000	-1.00000	-0.00320	-1.00000	-1.00000	-0.00925	-1.00000	-1.00000	0.00030	-1.00000	-1.00000
338148	Bishop	Willow_Pond	un	18164896	0.04820	-1.00000	-1.00000	0.01177	-1.00000	-1.00000	0.00592	-1.00000	-1.00000	0.00030	-1.00000	-1.00000
338995	Bishop	Willow_Pond	un	18171196	0.03448	-1.00000	-1.00000	0.00246	-1.00000	-1.00000	0.00246	-1.00000	-1.00000	0.00008	-1.00000	-1.00000
340280	Bishop	Willow_Pond	un	18172894	0.00000	-1.00000	-1.00000	0.00000	-1.00000	-1.00000	-0.00000	-1.00000	-1.00000	0.00004	-1.00000	-1.00000
340543	Bishop	Willow_Pond	un	18173731	0.02863	-1.00000	-1.00000	0.00648	-1.00000	-1.00000	-0.00689	-1.00000	-1.00000	0.00045	-1.00000	-1.00000
340565	Bishop	Willow_Pond	un	18174555	-0.00270	-1.00000	-1.00000	-0.00010	-1.00000	-1.00000	-0.00488	-1.00000	-1.00000	0.00027	-1.00000	-1.00000
340778	Bishop	Willow_Pond	un	18176117	-0.00489	-1.00000	-1.00000	-0.00018	-1.00000	-1.00000	0.01104	-1.00000	-1.00000	0.00021	-1.00000	-1.00000
341540	Bishop	Willow_Pond	un	18182664	-0.04090	-1.00000	-1.00000	-0.01965	-1.00000	-1.00000	-0.02723	-1.00000	-1.00000	0.00047	-1.00000	-1.00000
341655	Bishop	Willow_Pond	un	18183546	-0.00315	-1.00000	-1.00000	-0.00013	-1.00000	-1.00000	-0.01186	-1.00000	-1.00000	0.00034	-1.00000	-1.00000
342789	Bishop	Willow_Pond	un	18200789	0.00290	-1.00000	-1.00000	0.00011	-1.00000	-1.00000	0.00088	-1.00000	-1.00000	0.00028	-1.00000	-1.00000
342794	Bishop	Willow_Pond	un	18201550	-0.02407	-1.00000	-1.00000	-0.00274	-1.00000	-1.00000	-0.00795	-1.00000	-1.00000	0.00026	-1.00000	-1.00000
342874	Bishop	Willow_Pond	un	18207181	0.29006	-1.00000	-1.00000	0.09910	-1.00000	-1.00000	0.18781	-1.00000	-1.00000	0.00049	-1.00000	-1.00000
342884	Bishop	Willow_Pond	un	18208805	-0.03567	-1.00000	-1.00000	-0.00255	-1.00000	-1.00000	-0.00256	-1.00000	-1.00000	0.00008	-1.00000	-1.00000
343030	Bishop	Willow_Pond	un	18212214	0.00290	-1.00000	-1.00000	0.00011	-1.00000	-1.00000	-0.00518	-1.00000	-1.00000	0.00021	-1.00000	-1.00000
343099	Bishop	Willow_Pond	un	18212999	-0.00315	-1.00000	-1.00000	-0.00013	-1.00000	-1.00000	0.00554	-1.00000	-1.00000	0.00035	-1.00000	-1.00000
343553	Bishop	Willow_Pond	un	18231468	0.09920	-1.00000	-1.00000	0.01731	-1.00000	-1.00000	0.00976	-1.00000	-1.00000	0.00055	-1.00000	-1.00000
345101	Bishop	Willow_Pond	un	18264966	0.05748	-1.00000	-1.00000	0.00467	-1.00000	-1.00000	0.03571	-1.00000	-1.00000	0.00024	-1.00000	-1.00000
345128	Bishop	Willow_Pond	un	18265851	0.15460	-1.00000	-1.00000	0.03162	-1.00000	-1.00000	0.04578	-1.00000	-1.00000	0.00030	-1.00000	-1.00000
345859	Bishop	Willow_Pond	un	18289995	0.00000	-1.00000	-1.00000	0.00000	-1.00000	-1.00000	-0.00000	-1.00000	-1.00000	0.00007	-1.00000	-1.00000
346147	Bishop	Willow_Pond	un	18297099	0.00000	-1.00000	-1.00000	0.00000	-1.00000	-1.00000	-0.00000	-1.00000	-1.00000	0.00005	-1.00000	-1.00000
346425	Bishop	Willow_Pond	un	18302651	0.37098	-1.00000	-1.00000	0.24518	-1.00000	-1.00000	0.23893	-1.00000	-1.00000	0.00067	-1.00000	-1.00000
346658	Bishop	Willow_Pond	un	18305989	0.00000	-1.00000	-1.00000	0.00000	-1.00000	-1.00000	-0.01276	-1.00000	-1.00000	0.00043	-1.00000	-1.00000
346696	Bishop	Willow_Pond	un	18309118	0.00656	-1.00000	-1.00000	0.00026	-1.00000	-1.00000	-0.00529	-1.00000	-1.00000	0.00026	-1.00000	-1.00000
347041	Bishop	Willow_Pond	un	18317755	0.02912	-1.00000	-1.00000	0.00239	-1.00000	-1.00000	0.01034	-1.00000	-1.00000	0.00027	-1.00000	-1.00000
347241	Bishop	Willow_Pond	un	18322471	0.05748	-1.00000	-1.00000	0.00467	-1.00000	-1.00000	0.06452	-1.00000	-1.00000	0.00033	-1.00000	-1.00000
347761	Bishop	Willow_Pond	un	18336748	0.76837	-1.00000	-1.00000	0.76095	-1.00000	-1.00000	0.74948	-1.00000	-1.00000	0.00114	-1.00000	-1.00000
348014	Bishop	Willow_Pond	un	18337479	0.10528	-1.00000	-1.00000	0.01778	-1.00000	-1.00000	0.01175	-1.00000	-1.00000	0.00030	-1.00000	-1.00000
348094	Bishop	Willow_Pond	un	18339891	0.00210	-1.00000	-1.00000	0.00033	-1.00000	-1.00000	-0.00217	-1.00000	-1.00000	0.00023	-1.00000	-1.00000
350850	Bishop	Willow_Pond	un	18363025	0.00340	-1.00000	-1.00000	0.00014	-1.00000	-1.00000	0.02512	-1.00000	-1.00000	0.00023	-1.00000	-1.00000
351063	Bishop	Willow_Pond	un	18363814	-0.00565	-1.00000	-1.00000	-0.00022	-1.00000	-1.00000	0.01286	-1.00000	-1.00000	0.00020	-1.00000	-1.00000
351357	Bishop	Willow_Pond	un	18368660	0.00340	-1.00000	-1.00000	0.00014	-1.00000	-1.00000	0.00691	-1.00000	-1.00000	0.00014	-1.00000	-1.00000
352621	Bishop	Willow_Pond	un	18386214	0.00951	-1.00000	-1.00000	0.00037	-1.00000	-1.00000	0.05121	-1.00000	-1.00000	0.00030	-1.00000	-1.00000
352713	Bishop	Willow_Pond	un	18386988	0.00561	-1.00000	-1.00000	0.00021	-1.00000	-1.00000	-0.00000	-1.00000	-1.00000	0.00004	-1.00000	-1.00000
352753	Bishop	Willow_Pond	un	18387905	-0.04160	-1.00000	-1.00000	-0.00347	-1.00000	-1.00000	-0.00077	-1.00000	-1.00000	0.00017	-1.00000	-1.00000
353310	Bishop	Willow_Pond	un	18392778	-0.03279	-1.00000	-1.00000	-0.00386	-1.00000	-1.00000	0.03483	-1.00000	-1.00000	0.00036	-1.00000	-1.00000
354623	Bishop	Willow_Pond	un	18415858	-0.03119	-1.00000	-1.00000	-0.00664	-1.00000	-1.00000	-0.01295	-1.00000	-1.00000	0.00033	-1.00000	-1.00000
354648	Bishop	Willow_Pond	un	18416714	0.10495	-1.00000	-1.00000	0.01335	-1.00000	-1.00000	0.01227	-1.00000	-1.00000	0.00016	-1.00000	-1.00000
354673	Bishop	Willow_Pond	un	18419088	0.09321	-1.00000	-1.00000	0.01269	-1.00000	-1.00000	0.00561	-1.00000	-1.00000	0.00024	-1.00000	-1.00000
354889	Bishop	Willow_Pond	un	18426382	-0.02330	-1.00000	-1.00000	-0.00301	-1.00000	-1.00000	-0.01093	-1.00000	-1.00000	0.00035	-1.00000	-1.00000
354912	Bishop	Willow_Pond	un	18427191	-0.03032	-1.00000	-1.00000	-0.00389	-1.00000	-1.00000	-0.00918	-1.00000	-1.00000	0.00034	-1.00000	-1.00000
355048	Bishop	Willow_Pond	un	18429664	0.06920	-1.00000	-1.00000	0.00850	-1.00000	-1.00000	0.00881	-1.00000	-1.00000	0.00014	-1.00000	-1.00000
355416	Bishop	Willow_Pond	un	18432909	-0.00258	-1.00000	-1.00000	-0.00101	-1.00000	-1.00000	0.00437	-1.00000	-1.00000	0.00047	-1.00000	-1.00000
356193	Bishop	Willow_Pond	un	18462139	0.00076	-1.00000	-1.00000	0.00060	-1.00000	-1.00000	-0.00184	-1.00000	-1.00000	0.00062	-1.00000	-1.00000
356483	Bishop	Willow_Pond	un	18474118	0.00290	-1.00000	-1.00000	0.00011	-1.00000	-1.00000	-0.00000	-1.00000	-1.00000	0.00005	-1.00000	-1.00000
357113	Bishop	Willow_Pond	un	18493521	0.19238	-1.00000	-1.00000	0.04856	-1.00000	-1.00000	0.06452	-1.00000	-1.00000	0.00034	-1.00000	-1.00000
357515	Bishop	Willow_Pond	un	18499311	-0.04160	-1.00000	-1.00000	-0.00347	-1.00000	-1.00000	-0.00077	-1.00000	-1.00000	0.00019	-1.00000	-1.00000
357966	Bishop	Willow_Pond	un	18510078	-0.00000	-1.00000	-1.00000	-0.00000	-1.00000	-1.00000	-0.00607	-1.00000	-1.00000	0.00025	-1.00000	-1.00000
357971	Bishop	Willow_Pond	un	18510955	0.00000	-1.00000	-1.00000	0.00000	-1.00000	-1.00000	-0.01276	-1.00000	-1.00000	0.00038	-1.00000	-1.00000
358457	Bishop	Willow_Pond	un	18520394	0.06784	-1.00000	-1.00000	0.03241	-1.00000	-1.00000	0.06989	-1.00000	-1.00000	0.00059	-1.00000	-1.00000
358832	Bishop	Willow_Pond	un	18526169	-0.00489	-1.00000	-1.00000	-0.00018	-1.00000	-1.00000	0.01104	-1.00000	-1.00000	0.00020	-1.00000	-1.00000
358926	Bishop	Willow_Pond	un	18526964	-0.00270	-1.00000	-1.00000	-0.00010	-1.00000	-1.00000	-0.00488	-1.00000	-1.00000	0.00025	-1.00000	-1.00000
359459	Bishop	Willow_Pond	un	18540560	-0.00315	-1.00000	-1.00000	-0.00013	-1.00000	-1.00000	-0.01186	-1.00000	-1.00000	0.00031	-1.00000	-1.00000
359622	Bishop	Willow_Pond	un	18541430	0.03320	-1.00000	-1.00000	0.00263	-1.00000	-1.00000	0.00852	-1.00000	-1.00000	0.00023	-1.00000	-1.00000
363052	Bishop	Willow_Pond	un	18558890	-0.00000	-1.00000	-1.00000	-0.00000	-1.00000	-1.00000	-0.01068	-1.00000	-1.00000	0.00046	-1.00000	-1.00000
363541	Bishop	Willow_Pond	un	18561855	0.00656	-1.00000	-1.00000	0.00026	-1.00000	-1.00000	0.02512	-1.00000	-1.00000	0.00022	-1.00000	-1.00000
363593	Bishop	Willow_Pond	un	18562671	-0.03032	-1.00000	-1.00000	-0.00389	-1.00000	-1.00000	-0.01601	-1.00000	-1.00000	0.00045	-1.00000	-1.00000
363959	Bishop	Willow_Pond	un	18567382	0.00290	-1.00000	-1.00000	0.00011	-1.00000	-1.00000	-0.00518	-1.00000	-1.00000	0.00021	-1.00000	-1.00000
365455	Bishop	Willow_Pond	un	18582643	0.04820	-1.00000	-1.00000	0.00374	-1.00000	-1.00000	0.01220	-1.00000	-1.00000	0.00019	-1.00000	-1.00000
365499	Bishop	Willow_Pond	un	18586683	0.00340	-1.00000	-1.00000	0.00014	-1.00000	-1.00000	0.00110	-1.00000	-1.00000	0.00028	-1.00000	-1.00000
365501	Bishop	Willow_Pond	un	18587493	-0.00000	-1.00000	-1.00000	-0.00000	-1.00000	-1.00000	0.00589	-1.00000	-1.00000	0.00014	-1.00000	-1.00000
365713	Bishop	Willow_Pond	un	18593927	0.00000	-1.00000	-1.00000	0.00000	-1.00000	-1.00000	-0.01241	-1.00000	-1.00000	0.00036	-1.00000	-1.00000
366124	Bishop	Willow_Pond	un	18607412	0.06024	-1.00000	-1.00000	0.00707	-1.00000	-1.00000	0.00760	-1.00000	-1.00000	0.00013	-1.00000	-1.00000
366482	Bishop	Willow_Pond	un	18619889	0.72308	-1.00000	-1.00000	0.72110	-1.00000	-1.00000	0.70620	-1.00000	-1.00000	0.00113	-1.00000	-1.00000
366485	Bishop	Willow_Pond	un	18620613	-0.00000	-1.00000	-1.00000	-0.00000	-1.00000	-1.00000	-0.00000	-1.00000	-1.00000	0.00004	-1.00000	-1.00000
367984	Bishop	Willow_Pond	un	18638007	0.00840	-1.00000	-1.00000	0.00273	-1.00000	-1.00000	-0.00470	-1.00000	-1.00000	0.00042	-1.00000	-1.00000
368143	Bishop	Willow_Pond	un	18639694	0.00995	-1.00000	-1.00000	0.00177	-1.00000	-1.00000	0.00075	-1.00000	-1.00000	0.00047	-1.00000	-1.00000
368715	Bishop	Willow_Pond	un	18648608	-0.03704	-1.00000	-1.00000	-0.00275	-1.00000	-1.00000	-0.00019	-1.00000	-1.00000	0.00018	-1.00000	-1.00000
368720	Bishop	Willow_Pond	un	18650120	-0.03704	-1.00000	-1.00000	-0.00570	-1.00000	-1.00000	-0.00303	-1.00000	-1.00000	0.00022	-1.00000	-1.00000
368766	Bishop	Willow_Pond	un	18650988	0.04067	-1.00000	-1.00000	0.00302	-1.00000	-1.00000	0.00284	-1.00000	-1.00000	0.00010	-1.00000	-1.00000
369000	Bishop	Willow_Pond	un	18656426	0.00951	-1.00000	-1.00000	0.00037	-1.00000	-1.00000	0.02512	-1.00000	-1.00000	0.00020	-1.00000	-1.00000
369685	Bishop	Willow_Pond	un	18666752	-0.03729	-1.00000	-1.00000	-0.01716	-1.00000	-1.00000	-0.01635	-1.00000	-1.00000	0.00046	-1.00000	-1.00000
370139	Bishop	Willow_Pond	un	18671543	-0.04160	-1.00000	-1.00000	-0.00347	-1.00000	-1.00000	-0.01504	-1.00000	-1.00000	0.00037	-1.00000	-1.00000
370626	Bishop	Willow_Pond	un	18683523	-0.00000	-1.00000	-1.00000	-0.00000	-1.00000	-1.00000	-0.00000	-1.00000	-1.00000	0.00004	-1.00000	-1.00000
371008	Bishop	Willow_Pond	un	18686582	0.14815	-1.00000	-1.00000	0.03120	-1.00000	-1.00000	0.02150	-1.00000	-1.00000	0.00028	-1.00000	-1.00000
371841	Bishop	Willow_Pond	un	18694844	0.00951	-1.00000	-1.00000	0.00037	-1.00000	-1.00000	0.05121	-1.00000	-1.00000	0.00031	-1.00000	-1.00000
371850	Bishop	Willow_Pond	un	18695597	0.01449	-1.00000	-1.00000	0.01429	-1.00000	-1.00000	0.00436	-1.00000	-1.00000	0.00071	-1.00000	-1.00000
371861	Bishop	Willow_Pond	un	18696399	-0.00235	-1.00000	-1.00000	-0.00008	-1.00000	-1.00000	-0.00000	-1.00000	-1.00000	0.00004	-1.00000	-1.00000
372569	Bishop	Willow_Pond	un	18705320	0.04420	-1.00000	-1.00000	0.00354	-1.00000	-1.00000	0.00332	-1.00000	-1.00000	0.00010	-1.00000	-1.00000
374759	Bishop	Willow_Pond	un	18724004	0.00000	-1.00000	-1.00000	0.00000	-1.00000	-1.00000	0.01515	-1.00000	-1.00000	0.00033	-1.00000	-1.00000
374906	Bishop	Willow_Pond	un	18724841	0.04000	-1.00000	-1.00000	0.00332	-1.00000	-1.00000	-0.00561	-1.00000	-1.00000	0.00030	-1.00000	-1.00000
375356	Bishop	Willow_Pond	un	18738456	-0.02330	-1.00000	-1.00000	-0.00301	-1.00000	-1.00000	-0.01448	-1.00000	-1.00000	0.00040	-1.00000	-1.00000
375742	Bishop	Willow_Pond	un	18744652	0.00951	-1.00000	-1.00000	0.00037	-1.00000	-1.00000	0.02512	-1.00000	-1.00000	0.00020	-1.00000	-1.00000
376064	Bishop	Willow_Pond	un	18758324	-0.03660	-1.00000	-1.00000	-0.01370	-1.00000	-1.00000	-0.01108	-1.00000	-1.00000	0.00037	-1.00000	-1.00000
376068	Bishop	Willow_Pond	un	18759188	0.08621	-1.00000	-1.00000	0.03641	-1.00000	-1.00000	0.02957	-1.00000	-1.00000	0.00048	-1.00000	-1.00000
376332	Bishop	Willow_Pond	un	18767511	0.04420	-1.00000	-1.00000	0.00354	-1.00000	-1.00000	-0.00175	-1.00000	-1.00000	0.00024	-1.00000	-1.00000
377450	Bishop	Willow_Pond	un	18786218	-0.00565	-1.00000	-1.00000	-0.00022	-1.00000	-1.00000	0.00037	-1.00000	-1.00000	0.00013	-1.00000	-1.00000
378944	Bishop	Willow_Pond	un	18799072	-0.00315	-1.00000	-1.00000	-0.00013	-1.00000	-1.00000	-0.01039	-1.00000	-1.00000	0.00038	-1.00000	-1.00000
382486	Bishop	Willow_Pond	un	18813793	0.86957	-1.00000	-1.00000	0.85890	-1.00000	-1.00000	0.81690	-1.00000	-1.00000	0.00124	-1.00000	-1.00000
382843	Bishop	Willow_Pond	un	18816223	0.00340	-1.00000	-1.00000	0.00014	-1.00000	-1.00000	-0.00738	-1.00000	-1.00000	0.00029	-1.00000	-1.00000
383354	Bishop	Willow_Pond	un	18818650	-0.00000	-1.00000	-1.00000	-0.00000	-1.00000	-1.00000	-0.00607	-1.00000	-1.00000	0.00028	-1.00000	-1.00000
383621	Bishop	Willow_Pond	un	18819415	-0.03812	-1.00000	-1.00000	-0.03963	-1.00000	-1.00000	-0.02098	-1.00000	-1.00000	0.00084	-1.00000	-1.00000
385977	Bishop	Willow_Pond	un	18838386	-0.00489	-1.00000	-1.00000	-0.00018	-1.00000	-1.00000	0.00029	-1.00000	-1.00000	0.00013	-1.00000	-1.00000
387057	Bishop	Willow_Pond	un	18848995	0.00340	-1.00000	-1.00000	0.00014	-1.00000	-1.00000	-0.00378	-1.00000	-1.00000	0.00042	-1.00000	-1.00000
387576	Bishop	Willow_Pond	un	18850511	0.00251	-1.00000	-1.00000	0.00009	-1.00000	-1.00000	-0.00000	-1.00000	-1.00000	0.00005	-1.00000	-1.00000
405271	Bishop	Willow_Pond	un	18858990	-0.00315	-1.00000	-1.00000	-0.00013	-1.00000	-1.00000	-0.00564	-1.00000	-1.00000	0.00029	-1.00000	-1.00000
408683	Bishop	Willow_Pond	un	18862893	-0.00315	-1.00000	-1.00000	-0.00013	-1.00000	-1.00000	0.02159	-1.00000	-1.00000	0.00020	-1.00000	-1.00000
426826	Bishop	Willow_Pond	un	18871981	-0.00767	-1.00000	-1.00000	-0.00029	-1.00000	-1.00000	0.00057	-1.00000	-1.00000	0.00013	-1.00000	-1.00000
427620	Bishop	Willow_Pond	un	18880762	-0.00565	-1.00000	-1.00000	-0.00022	-1.00000	-1.00000	-0.00429	-1.00000	-1.00000	0.00029	-1.00000	-1.00000
428059	Bishop	Willow_Pond	un	18886231	0.11329	-1.00000	-1.00000	0.02085	-1.00000	-1.00000	0.01376	-1.00000	-1.00000	0.00031	-1.00000	-1.00000
428155	Bishop	Willow_Pond	un	18887855	-0.00270	-1.00000	-1.00000	-0.00010	-1.00000	-1.00000	-0.00488	-1.00000	-1.00000	0.00026	-1.00000	-1.00000
428343	Bishop	Willow_Pond	un	18889973	-0.00235	-1.00000	-1.00000	-0.00008	-1.00000	-1.00000	0.00008	-1.00000	-1.00000	0.00012	-1.00000	-1.00000
431296	Bishop	Willow_Pond	un	18905959	0.06024	-1.00000	-1.00000	0.00707	-1.00000	-1.00000	0.00760	-1.00000	-1.00000	0.00011	-1.00000	-1.00000
433817	Bishop	Willow_Pond	un	18919789	0.03114	-1.00000	-1.00000	0.00229	-1.00000	-1.00000	0.00246	-1.00000	-1.00000	0.00008	-1.00000	-1.00000
434320	Bishop	Willow_Pond	un	18920609	0.15234	-1.00000	-1.00000	0.03609	-1.00000	-1.00000	0.01998	-1.00000	-1.00000	0.00049	-1.00000	-1.00000
435059	Bishop	Willow_Pond	un	18923106	0.05304	-1.00000	-1.00000	0.00446	-1.00000	-1.00000	0.01434	-1.00000	-1.00000	0.00020	-1.00000	-1.00000
435366	Bishop	Willow_Pond	un	18926325	0.00000	-1.00000	-1.00000	0.00000	-1.00000	-1.00000	-0.01682	-1.00000	-1.00000	0.00042	-1.00000	-1.00000
436708	Bishop	Willow_Pond	un	18942378	0.12643	-1.00000	-1.00000	0.02178	-1.00000	-1.00000	0.05900	-1.00000	-1.00000	0.00029	-1.00000	-1.00000
436879	Bishop	Willow_Pond	un	18944955	0.32990	-1.00000	-1.00000	0.14561	-1.00000	-1.00000	0.16697	-1.00000	-1.00000	0.00049	-1.00000	-1.00000
437074	Bishop	Willow_Pond	un	18947349	0.00000	-1.00000	-1.00000	0.00000	-1.00000	-1.00000	-0.01241	-1.00000	-1.00000	0.00035	-1.00000	-1.00000
438049	Bishop	Willow_Pond	un	18959504	0.00951	-1.00000	-1.00000	0.00037	-1.00000	-1.00000	-0.00000	-1.00000	-1.00000	0.00005	-1.00000	-1.00000
438080	Bishop	Willow_Pond	un	18960317	-0.00235	-1.00000	-1.00000	-0.00008	-1.00000	-1.00000	-0.00000	-1.00000	-1.00000	0.00004	-1.00000	-1.00000
438898	Bishop	Willow_Pond	un	18965286	0.06407	-1.00000	-1.00000	0.00815	-1.00000	-1.00000	0.00157	-1.00000	-1.00000	0.00029	-1.00000	-1.00000
439915	Bishop	Willow_Pond	un	18973239	-0.00000	-1.00000	-1.00000	-0.00000	-1.00000	-1.00000	0.00589	-1.00000	-1.00000	0.00013	-1.00000	-1.00000
441478	Bishop	Willow_Pond	un	18994264	-0.03841	-1.00000	-1.00000	-0.00296	-1.00000	-1.00000	-0.00844	-1.00000	-1.00000	0.00024	-1.00000	-1.00000
441562	Bishop	Willow_Pond	un	19002971	-0.00489	-1.00000	-1.00000	-0.00018	-1.00000	-1.00000	0.00029	-1.00000	-1.00000	0.00014	-1.00000	-1.00000
442950	Bishop	Willow_Pond	un	19008630	-0.00000	-1.00000	-1.00000	-0.00000	-1.00000	-1.00000	-0.00000	-1.00000	-1.00000	0.00005	-1.00000	-1.00000
448256	Bishop	Willow_Pond	un	19025430	0.16737	-1.00000	-1.00000	0.03722	-1.00000	-1.00000	0.03670	-1.00000	-1.00000	0.00024	-1.00000	-1.00000
454037	Bishop	Willow_Pond	un	19050515	-0.00565	-1.00000	-1.00000	-0.00022	-1.00000	-1.00000	0.01286	-1.00000	-1.00000	0.00024	-1.00000	-1.00000
456076	Bishop	Willow_Pond	un	19058411	-0.00922	-1.00000	-1.00000	-0.00932	-1.00000	-1.00000	-0.02138	-1.00000	-1.00000	0.00065	-1.00000	-1.00000
456246	Bishop	Willow_Pond	un	19060188	-0.00000	-1.00000	-1.00000	-0.00000	-1.00000	-1.00000	-0.00581	-1.00000	-1.00000	0.00019	-1.00000	-1.00000
456357	Bishop	Willow_Pond	un	19062665	0.05576	-1.00000	-1.00000	0.01319	-1.00000	-1.00000	0.01351	-1.00000	-1.00000	0.00023	-1.00000	-1.00000
458931	Bishop	Willow_Pond	un	19069739	-0.03921	-1.00000	-1.00000	-0.00654	-1.00000	-1.00000	0.04113	-1.00000	-1.00000	0.00035	-1.00000	-1.00000
461236	Bishop	Willow_Pond	un	19082165	-0.02330	-1.00000	-1.00000	-0.00301	-1.00000	-1.00000	-0.00942	-1.00000	-1.00000	0.00030	-1.00000	-1.00000
461562	Bishop	Willow_Pond	un	19083813	0.04067	-1.00000	-1.00000	0.00302	-1.00000	-1.00000	0.00284	-1.00000	-1.00000	0.00009	-1.00000	-1.00000
462779	Bishop	Willow_Pond	un	19088617	-0.03181	-1.00000	-1.00000	-0.00390	-1.00000	-1.00000	0.03379	-1.00000	-1.00000	0.00034	-1.00000	-1.00000
463691	Bishop	Willow_Pond	un	19093298	0.01411	-1.00000	-1.00000	0.00223	-1.00000	-1.00000	0.01115	-1.00000	-1.00000	0.00026	-1.00000	-1.00000
465669	Bishop	Willow_Pond	un	19106772	-0.00767	-1.00000	-1.00000	-0.00029	-1.00000	-1.00000	0.01323	-1.00000	-1.00000	0.00023	-1.00000	-1.00000
467777	Bishop	Willow_Pond	un	19122817	-0.00000	-1.00000	-1.00000	-0.00000	-1.00000	-1.00000	0.02159	-1.00000	-1.00000	0.00021	-1.00000	-1.00000
468380	Bishop	Willow_Pond	un	19131310	0.00290	-1.00000	-1.00000	0.00011	-1.00000	-1.00000	0.00088	-1.00000	-1.00000	0.00026	-1.00000	-1.00000
468492	Bishop	Willow_Pond	un	19132133	0.39197	-1.00000	-1.00000	0.30634	-1.00000	-1.00000	0.29979	-1.00000	-1.00000	0.00066	-1.00000	-1.00000
468685	Bishop	Willow_Pond	un	19133835	0.00000	-1.00000	-1.00000	0.00000	-1.00000	-1.00000	-0.01241	-1.00000	-1.00000	0.00033	-1.00000	-1.00000
469475	Bishop	Willow_Pond	un	19138362	-0.00270	-1.00000	-1.00000	-0.00010	-1.00000	-1.00000	-0.00488	-1.00000	-1.00000	0.00026	-1.00000	-1.00000
469663	Bishop	Willow_Pond	un	19139930	0.08538	-1.00000	-1.00000	0.01066	-1.00000	-1.00000	0.00535	-1.00000	-1.00000	0.00028	-1.00000	-1.00000
469796	Bishop	Willow_Pond	un	19143169	0.04820	-1.00000	-1.00000	0.00374	-1.00000	-1.00000	0.00332	-1.00000	-1.00000	0.00010	-1.00000	-1.00000
470007	Bishop	Willow_Pond	un	19145540	0.07436	-1.00000	-1.00000	0.00994	-1.00000	-1.00000	0.00419	-1.00000	-1.00000	0.00024	-1.00000	-1.00000
471276	Bishop	Willow_Pond	un	19157628	0.00656	-1.00000	-1.00000	0.00026	-1.00000	-1.00000	0.00261	-1.00000	-1.00000	0.00031	-1.00000	-1.00000
472868	Bishop	Willow_Pond	un	19167207	-0.03684	-1.00000	-1.00000	-0.00273	-1.00000	-1.00000	0.00061	-1.00000	-1.00000	0.00016	-1.00000	-1.00000
473225	Bishop	Willow_Pond	un	19170705	-0.00489	-1.00000	-1.00000	-0.00018	-1.00000	-1.00000	0.01104	-1.00000	-1.00000	0.00021	-1.00000	-1.00000
473289	Bishop	Willow_Pond	un	19172356	0.00000	-1.00000	-1.00000	0.00000	-1.00000	-1.00000	-0.01241	-1.00000	-1.00000	0.00033	-1.00000	-1.00000
473360	Bishop	Willow_Pond	un	19173196	0.21014	-1.00000	-1.00000	0.20072	-1.00000	-1.00000	0.20375	-1.00000	-1.00000	0.00073	-1.00000	-1.00000
474263	Bishop	Willow_Pond	un	19187821	-0.03841	-1.00000	-1.00000	-0.00296	-1.00000	-1.00000	-0.00844	-1.00000	-1.00000	0.00022	-1.00000	-1.00000
474374	Bishop	Willow_Pond	un	19191788	-0.02569	-1.00000	-1.00000	-0.00281	-1.00000	-1.00000	-0.00237	-1.00000	-1.00000	0.00020	-1.00000	-1.00000
474776	Bishop	Willow_Pond	un	19196426	0.05304	-1.00000	-1.00000	0.00446	-1.00000	-1.00000	0.01434	-1.00000	-1.00000	0.00019	-1.00000	-1.00000
474946	Bishop	Willow_Pond	un	19198819	-0.03975	-1.00000	-1.00000	-0.00319	-1.00000	-1.00000	0.01151	-1.00000	-1.00000	0.00037	-1.00000	-1.00000
476337	Bishop	Willow_Pond	un	19209281	0.00000	-1.00000	-1.00000	0.00000	-1.00000	-1.00000	-0.00014	-1.00000	-1.00000	0.00014	-1.00000	-1.00000
479851	Bishop	Willow_Pond	un	19228767	0.10495	-1.00000	-1.00000	0.01335	-1.00000	-1.00000	0.02597	-1.00000	-1.00000	0.00023	-1.00000	-1.00000
481586	Bishop	Willow_Pond	un	19241110	0.00656	-1.00000	-1.00000	0.00026	-1.00000	-1.00000	-0.00529	-1.00000	-1.00000	0.00022	-1.00000	-1.00000
481604	Bishop	Willow_Pond	un	19241874	-0.00235	-1.00000	-1.00000	-0.00008	-1.00000	-1.00000	-0.00000	-1.00000	-1.00000	0.00004	-1.00000	-1.00000
482242	Bishop	Willow_Pond	un	19247447	0.04420	-1.00000	-1.00000	0.00354	-1.00000	-1.00000	0.03064	-1.00000	-1.00000	0.00025	-1.00000	-1.00000
483514	Bishop	Willow_Pond	un	19256557	0.84696	-1.00000	-1.00000	0.83630	-1.00000	-1.00000	0.83844	-1.00000	-1.00000	0.00119	-1.00000	-1.00000
483817	Bishop	Willow_Pond	un	19258058	-0.04000	-1.00000	-1.00000	-0.00321	-1.00000	-1.00000	-0.00914	-1.00000	-1.00000	0.00028	-1.00000	-1.00000
484381	Bishop	Willow_Pond	un	19258757	0.07875	-1.00000	-1.00000	0.00908	-1.00000	-1.00000	0.00881	-1.00000	-1.00000	0.00013	-1.00000	-1.00000
484809	Bishop	Willow_Pond	un	19261155	-0.03032	-1.00000	-1.00000	-0.00389	-1.00000	-1.00000	0.00200	-1.00000	-1.00000	0.00023	-1.00000	-1.00000
485804	Bishop	Willow_Pond	un	19266881	0.00251	-1.00000	-1.00000	0.00009	-1.00000	-1.00000	-0.00000	-1.00000	-1.00000	0.00004	-1.00000	-1.00000
485808	Bishop	Willow_Pond	un	19267679	0.13730	-1.00000	-1.00000	0.06375	-1.00000	-1.00000	0.07471	-1.00000	-1.00000	0.00057	-1.00000	-1.00000
488281	Bishop	Willow_Pond	un	19279529	-0.00270	-1.00000	-1.00000	-0.00010	-1.00000	-1.00000	0.00011	-1.00000	-1.00000	0.00012	-1.00000	-1.00000
490085	Bishop	Willow_Pond	un	19288765	0.00290	-1.00000	-1.00000	0.00011	-1.00000	-1.00000	-0.00030	-1.00000	-1.00000	0.00012	-1.00000	-1.00000
493738	Bishop	Willow_Pond	un	19297710	0.08112	-1.00000	-1.00000	0.02400	-1.00000	-1.00000	0.00977	-1.00000	-1.00000	0.00049	-1.00000	-1.00000
493947	Bishop	Willow_Pond	un	19298567	0.23578	-1.00000	-1.00000	0.06894	-1.00000	-1.00000	0.15534	-1.00000	-1.00000	0.00048	-1.00000	-1.00000
494392	Bishop	Willow_Pond	un	19300965	0.06897	-1.00000	-1.00000	0.00760	-1.00000	-1.00000	0.00760	-1.00000	-1.00000	0.00013	-1.00000	-1.00000
497150	Bishop	Willow_Pond	un	19311844	0.00000	-1.00000	-1.00000	0.00000	-1.00000	-1.00000	-0.00063	-1.00000	-1.00000	0.00028	-1.00000	-1.00000
499823	Bishop	Willow_Pond	un	19321500	0.00340	-1.00000	-1.00000	0.00014	-1.00000	-1.00000	0.00110	-1.00000	-1.00000	0.00027	-1.00000	-1.00000
499887	Bishop	Willow_Pond	un	19323934	0.03448	-1.00000	-1.00000	0.00246	-1.00000	-1.00000	0.00246	-1.00000	-1.00000	0.00009	-1.00000	-1.00000
501495	Bishop	Willow_Pond	un	19326920	0.00251	-1.00000	-1.00000	0.00009	-1.00000	-1.00000	-0.00000	-1.00000	-1.00000	0.00005	-1.00000	-1.00000
502651	Bishop	Willow_Pond	un	19332419	-0.00235	-1.00000	-1.00000	-0.00008	-1.00000	-1.00000	-0.00000	-1.00000	-1.00000	0.00004	-1.00000	-1.00000
502746	Bishop	Willow_Pond	un	19333225	0.00000	-1.00000	-1.00000	0.00000	-1.00000	-1.00000	-0.00683	-1.00000	-1.00000	0.00041	-1.00000	-1.00000
502979	Bishop	Willow_Pond	un	19334000	0.05748	-1.00000	-1.00000	0.00467	-1.00000	-1.00000	0.03571	-1.00000	-1.00000	0.00025	-1.00000	-1.00000
504060	Bishop	Willow_Pond	un	19350735	0.06920	-1.00000	-1.00000	0.00850	-1.00000	-1.00000	0.00881	-1.00000	-1.00000	0.00013	-1.00000	-1.00000
504546	Bishop	Willow_Pond	un	19360697	0.00656	-1.00000	-1.00000	0.00026	-1.00000	-1.00000	0.00691	-1.00000	-1.00000	0.00014	-1.00000	-1.00000
506908	Bishop	Willow_Pond	un	19389839	0.00561	-1.00000	-1.00000	0.00021	-1.00000	-1.00000	0.02159	-1.00000	-1.00000	0.00021	-1.00000	-1.00000
508633	Bishop	Willow_Pond	un	19393854	0.00000	-1.00000	-1.00000	0.00000	-1.00000	-1.00000	-0.01241	-1.00000	-1.00000	0.00037	-1.00000	-1.00000
509250	Bishop	Willow_Pond	un	19396211	-0.04160	-1.00000	-1.00000	-0.00347	-1.00000	-1.00000	-0.01045	-1.00000	-1.00000	0.00040	-1.00000	-1.00000
514703	Bishop	Willow_Pond	un	19416663	-0.03975	-1.00000	-1.00000	-0.00319	-1.00000	-1.00000	-0.00376	-1.00000	-1.00000	0.00029	-1.00000	-1.00000
516591	Bishop	Willow_Pond	un	19420170	-0.00565	-1.00000	-1.00000	-0.00022	-1.00000	-1.00000	-0.00000	-1.00000	-1.00000	0.00004	-1.00000	-1.00000
518181	Bishop	Willow_Pond	un	19423492	-0.00565	-1.00000	-1.00000	-0.00022	-1.00000	-1.00000	0.00508	-1.00000	-1.00000	0.00013	-1.00000	-1.00000
527878	Bishop	Willow_Pond	un	19436559	0.00951	-1.00000	-1.00000	0.00037	-1.00000	-1.00000	0.02512	-1.00000	-1.00000	0.00023	-1.00000	-1.00000
527952	Bishop	Willow_Pond	un	19437339	0.00340	-1.00000	-1.00000	0.00014	-1.00000	-1.00000	0.01768	-1.00000	-1.00000	0.00033	-1.00000	-1.00000
528166	Bishop	Willow_Pond	un	19439061	0.11329	-1.00000	-1.00000	0.02085	-1.00000	-1.00000	0.01376	-1.00000	-1.00000	0.00038	-1.00000	-1.00000
528350	Bishop	Willow_Pond	un	19451175	-0.00270	-1.00000	-1.00000	-0.00010	-1.00000	-1.00000	0.00011	-1.00000	-1.00000	0.00015	-1.00000	-1.00000
528354	Bishop	Willow_Pond	un	19451866	-0.04348	-1.00000	-1.00000	-0.03989	-1.00000	-1.00000	-0.05111	-1.00000	-1.00000	0.00077	-1.00000	-1.00000
528363	Bishop	Willow_Pond	un	19453493	0.04067	-1.00000	-1.00000	0.00302	-1.00000	-1.00000	0.00284	-1.00000	-1.00000	0.00009	-1.00000	-1.00000
528373	Bishop	Willow_Pond	un	19455669	-0.00315	-1.00000	-1.00000	-0.00013	-1.00000	-1.00000	-0.00000	-1.00000	-1.00000	0.00005	-1.00000	-1.00000
528466	Bishop	Willow_Pond	un	19481708	-0.03641	-1.00000	-1.00000	-0.00561	-1.00000	-1.00000	-0.00175	-1.00000	-1.00000	0.00025	-1.00000	-1.00000
528488	Bishop	Willow_Pond	un	19488649	-0.00489	-1.00000	-1.00000	-0.00018	-1.00000	-1.00000	0.00029	-1.00000	-1.00000	0.00013	-1.00000	-1.00000
528493	Bishop	Willow_Pond	un	19491062	0.17821	-1.00000	-1.00000	0.14919	-1.00000	-1.00000	0.16463	-1.00000	-1.00000	0.00066	-1.00000	-1.00000
528534	Bishop	Willow_Pond	un	19496642	0.24449	-1.00000	-1.00000	0.06949	-1.00000	-1.00000	0.11957	-1.00000	-1.00000	0.00041	-1.00000	-1.00000
528545	Bishop	Willow_Pond	un	19497518	0.12221	-1.00000	-1.00000	0.05297	-1.00000	-1.00000	0.06609	-1.00000	-1.00000	0.00055	-1.00000	-1.00000
528580	Bishop	Willow_Pond	un	19505509	-0.00565	-1.00000	-1.00000	-0.00022	-1.00000	-1.00000	-0.00619	-1.00000	-1.00000	0.00020	-1.00000	-1.00000
528601	Bishop	Willow_Pond	un	19516092	-0.03567	-1.00000	-1.00000	-0.00255	-1.00000	-1.00000	-0.00256	-1.00000	-1.00000	0.00008	-1.00000	-1.00000
528631	Bishop	Willow_Pond	un	19526577	0.03704	-1.00000	-1.00000	0.00284	-1.00000	-1.00000	0.00284	-1.00000	-1.00000	0.00009	-1.00000	-1.00000
528638	Bishop	Willow_Pond	un	19527399	0.07397	-1.00000	-1.00000	0.01997	-1.00000	-1.00000	0.02651	-1.00000	-1.00000	0.00044	-1.00000	-1.00000
528661	Bishop	Willow_Pond	un	19532155	0.05748	-1.00000	-1.00000	0.00467	-1.00000	-1.00000	0.03571	-1.00000	-1.00000	0.00030	-1.00000	-1.00000
528677	Bishop	Willow_Pond	un	19538561	0.00000	-1.00000	-1.00000	0.00000	-1.00000	-1.00000	-0.01682	-1.00000	-1.00000	0.00046	-1.00000	-1.00000
528689	Bishop	Willow_Pond	un	19540929	-0.00397	-1.00000	-1.00000	-0.00070	-1.00000	-1.00000	0.00829	-1.00000	-1.00000	0.00028	-1.00000	-1.00000
528691	Bishop	Willow_Pond	un	19541679	0.17789	-1.00000	-1.00000	0.09253	-1.00000	-1.00000	0.08652	-1.00000	-1.00000	0.00057	-1.00000	-1.00000
528725	Bishop	Willow_Pond	un	19550281	0.00340	-1.00000	-1.00000	0.00014	-1.00000	-1.00000	0.02512	-1.00000	-1.00000	0.00017	-1.00000	-1.00000
528733	Bishop	Willow_Pond	un	19552959	0.03555	-1.00000	-1.00000	0.00306	-1.00000	-1.00000	0.00996	-1.00000	-1.00000	0.00025	-1.00000	-1.00000
528734	Bishop	Willow_Pond	un	19553798	0.54404	-1.00000	-1.00000	0.49003	-1.00000	-1.00000	0.48302	-1.00000	-1.00000	0.00088	-1.00000	-1.00000
528739	Bishop	Willow_Pond	un	19555381	0.04420	-1.00000	-1.00000	0.00354	-1.00000	-1.00000	0.01220	-1.00000	-1.00000	0.00017	-1.00000	-1.00000
528742	Bishop	Willow_Pond	un	19556204	-0.00565	-1.00000	-1.00000	-0.00022	-1.00000	-1.00000	0.00778	-1.00000	-1.00000	0.00042	-1.00000	-1.00000
528743	Bishop	Willow_Pond	un	19556847	0.19057	-1.00000	-1.00000	0.04497	-1.00000	-1.00000	0.05876	-1.00000	-1.00000	0.00047	-1.00000	-1.00000
528774	Bishop	Willow_Pond	un	19564695	0.04820	-1.00000	-1.00000	0.00374	-1.00000	-1.00000	0.01220	-1.00000	-1.00000	0.00018	-1.00000	-1.00000
528794	Bishop	Willow_Pond	un	19568546	0.00340	-1.00000	-1.00000	0.00014	-1.00000	-1.00000	-0.01093	-1.00000	-1.00000	0.00033	-1.00000	-1.00000
528802	Bishop	Willow_Pond	un	19569369	0.47637	-1.00000	-1.00000	0.48002	-1.00000	-1.00000	0.47348	-1.00000	-1.00000	0.00086	-1.00000	-1.00000
528829	Bishop	Willow_Pond	un	19576532	0.13730	-1.00000	-1.00000	0.06375	-1.00000	-1.00000	0.08127	-1.00000	-1.00000	0.00048	-1.00000	-1.00000
528882	Bishop	Willow_Pond	un	19589555	-0.02813	-1.00000	-1.00000	-0.00378	-1.00000	-1.00000	-0.00455	-1.00000	-1.00000	0.00038	-1.00000	-1.00000
528884	Bishop	Willow_Pond	un	19590331	-0.03684	-1.00000	-1.00000	-0.00273	-1.00000	-1.00000	0.01433	-1.00000	-1.00000	0.00026	-1.00000	-1.00000
528981	Bishop	Willow_Pond	un	19608453	-0.03032	-1.00000	-1.00000	-0.00389	-1.00000	-1.00000	0.00290	-1.00000	-1.00000	0.00037	-1.00000	-1.00000
528991	Bishop	Willow_Pond	un	19612505	0.04000	-1.00000	-1.00000	0.00332	-1.00000	-1.00000	0.00820	-1.00000	-1.00000	0.00023	-1.00000	-1.00000
528995	Bishop	Willow_Pond	un	19614044	-0.00565	-1.00000	-1.00000	-0.00022	-1.00000	-1.00000	-0.00429	-1.00000	-1.00000	0.00029	-1.00000	-1.00000
529035	Bishop	Willow_Pond	un	19626821	-0.00489	-1.00000	-1.00000	-0.00018	-1.00000	-1.00000	0.00029	-1.00000	-1.00000	0.00012	-1.00000	-1.00000
529044	Bishop	Willow_Pond	un	19630092	0.57346	-1.00000	-1.00000	0.50701	-1.00000	-1.00000	0.50623	-1.00000	-1.00000	0.00087	-1.00000	-1.00000
529061	Bishop	Willow_Pond	un	19636984	-0.03975	-1.00000	-1.00000	-0.00319	-1.00000	-1.00000	-0.00111	-1.00000	-1.00000	0.00017	-1.00000	-1.00000
529074	Bishop	Willow_Pond	un	19639183	-0.00341	-1.00000	-1.00000	-0.00055	-1.00000	-1.00000	0.00720	-1.00000	-1.00000	0.00023	-1.00000	-1.00000
529077	Bishop	Willow_Pond	un	19640023	0.08696	-1.00000	-1.00000	0.01227	-1.00000	-1.00000	0.03877	-1.00000	-1.00000	0.00039	-1.00000	-1.00000
529083	Bishop	Willow_Pond	un	19641700	0.31926	-1.00000	-1.00000	0.19949	-1.00000	-1.00000	0.17947	-1.00000	-1.00000	0.00065	-1.00000	-1.00000
529099	Bishop	Willow_Pond	un	19644685	0.32124	-1.00000	-1.00000	0.30509	-1.00000	-1.00000	0.29745	-1.00000	-1.00000	0.00085	-1.00000	-1.00000
529108	Bishop	Willow_Pond	un	19646279	0.39130	-1.00000	-1.00000	0.21845	-1.00000	-1.00000	0.19946	-1.00000	-1.00000	0.00069	-1.00000	-1.00000
529115	Bishop	Willow_Pond	un	19649670	0.12296	-1.00000	-1.00000	0.03857	-1.00000	-1.00000	0.05476	-1.00000	-1.00000	0.00036	-1.00000	-1.00000
529154	Bishop	Willow_Pond	un	19659200	0.04067	-1.00000	-1.00000	0.00302	-1.00000	-1.00000	0.01050	-1.00000	-1.00000	0.00016	-1.00000	-1.00000
529175	Bishop	Willow_Pond	un	19660022	0.16000	-1.00000	-1.00000	0.03670	-1.00000	-1.00000	0.01971	-1.00000	-1.00000	0.00042	-1.00000	-1.00000
529185	Bishop	Willow_Pond	un	19663244	0.00290	-1.00000	-1.00000	0.00011	-1.00000	-1.00000	-0.00000	-1.00000	-1.00000	0.00005	-1.00000	-1.00000
529239	Bishop	Willow_Pond	un	19670519	-0.03181	-1.00000	-1.00000	-0.00390	-1.00000	-1.00000	0.00571	-1.00000	-1.00000	0.00043	-1.00000	-1.00000
529263	Bishop	Willow_Pond	un	19673692	0.05553	-1.00000	-1.00000	0.00674	-1.00000	-1.00000	0.01088	-1.00000	-1.00000	0.00028	-1.00000	-1.00000
529899	Bishop	Willow_Pond	un	19687868	0.30455	-1.00000	-1.00000	0.18937	-1.00000	-1.00000	0.17645	-1.00000	-1.00000	0.00079	-1.00000	-1.00000
529939	Bishop	Willow_Pond	un	19690203	-0.03836	-1.00000	-1.00000	-0.02149	-1.00000	-1.00000	-0.03000	-1.00000	-1.00000	0.00054	-1.00000	-1.00000
530257	Bishop	Willow_Pond	un	19694538	0.00290	-1.00000	-1.00000	0.00011	-1.00000	-1.00000	0.00589	-1.00000	-1.00000	0.00014	-1.00000	-1.00000
530822	Bishop	Willow_Pond	un	19702013	0.00000	-1.00000	-1.00000	0.00000	-1.00000	-1.00000	-0.00014	-1.00000	-1.00000	0.00014	-1.00000	-1.00000
531675	Bishop	Willow_Pond	un	19727484	-0.04160	-1.00000	-1.00000	-0.00347	-1.00000	-1.00000	-0.01504	-1.00000	-1.00000	0.00040	-1.00000	-1.00000
531951	Bishop	Willow_Pond	un	19734886	-0.00000	-1.00000	-1.00000	-0.00000	-1.00000	-1.00000	-0.00000	-1.00000	-1.00000	0.00004	-1.00000	-1.00000
532707	Bishop	Willow_Pond	un	19758878	0.00951	-1.00000	-1.00000	0.00037	-1.00000	-1.00000	0.02512	-1.00000	-1.00000	0.00022	-1.00000	-1.00000
532737	Bishop	Willow_Pond	un	19761320	0.00290	-1.00000	-1.00000	0.00011	-1.00000	-1.00000	-0.00030	-1.00000	-1.00000	0.00013	-1.00000	-1.00000
532764	Bishop	Willow_Pond	un	19762967	0.00000	-1.00000	-1.00000	0.00000	-1.00000	-1.00000	0.00508	-1.00000	-1.00000	0.00013	-1.00000	-1.00000
532961	Bishop	Willow_Pond	un	19768461	0.51120	-1.00000	-1.00000	0.32555	-1.00000	-1.00000	0.34498	-1.00000	-1.00000	0.00069	-1.00000	-1.00000
533090	Bishop	Willow_Pond	un	19775091	0.72142	-1.00000	-1.00000	0.70411	-1.00000	-1.00000	0.67569	-1.00000	-1.00000	0.00109	-1.00000	-1.00000
533183	Bishop	Willow_Pond	un	19780009	0.09054	-1.00000	-1.00000	0.01094	-1.00000	-1.00000	0.02205	-1.00000	-1.00000	0.00023	-1.00000	-1.00000
533321	Bishop	Willow_Pond	un	19785710	0.00251	-1.00000	-1.00000	0.00009	-1.00000	-1.00000	0.00508	-1.00000	-1.00000	0.00013	-1.00000	-1.00000
533535	Bishop	Willow_Pond	un	19792880	0.00290	-1.00000	-1.00000	0.00054	-1.00000	-1.00000	0.03316	-1.00000	-1.00000	0.00037	-1.00000	-1.00000
533588	Bishop	Willow_Pond	un	19794441	-0.00781	-1.00000	-1.00000	-0.00789	-1.00000	-1.00000	-0.01170	-1.00000	-1.00000	0.00073	-1.00000	-1.00000
533654	Bishop	Willow_Pond	un	19796847	-0.04348	-1.00000	-1.00000	-0.00379	-1.00000	-1.00000	-0.01366	-1.00000	-1.00000	0.00043	-1.00000	-1.00000
533821	Bishop	Willow_Pond	un	19803897	-0.02782	-1.00000	-1.00000	-0.00329	-1.00000	-1.00000	-0.00897	-1.00000	-1.00000	0.00028	-1.00000	-1.00000
533907	Bishop	Willow_Pond	un	19806314	-0.00315	-1.00000	-1.00000	-0.00013	-1.00000	-1.00000	-0.01186	-1.00000	-1.00000	0.00032	-1.00000	-1.00000
533936	Bishop	Willow_Pond	un	19807152	-0.03865	-1.00000	-1.00000	-0.04020	-1.00000	-1.00000	0.02559	-1.00000	-1.00000	0.00080	-1.00000	-1.00000
533938	Bishop	Willow_Pond	un	19807905	-0.00341	-1.00000	-1.00000	-0.00086	-1.00000	-1.00000	-0.00420	-1.00000	-1.00000	0.00033	-1.00000	-1.00000
533966	Bishop	Willow_Pond	un	19808690	-0.02569	-1.00000	-1.00000	-0.00281	-1.00000	-1.00000	-0.00237	-1.00000	-1.00000	0.00017	-1.00000	-1.00000
533982	Bishop	Willow_Pond	un	19810400	0.02912	-1.00000	-1.00000	0.00239	-1.00000	-1.00000	-0.00468	-1.00000	-1.00000	0.00030	-1.00000	-1.00000
534076	Bishop	Willow_Pond	un	19817580	0.02760	-1.00000	-1.00000	0.00210	-1.00000	-1.00000	0.00021	-1.00000	-1.00000	0.00016	-1.00000	-1.00000
534122	Bishop	Willow_Pond	un	19822381	0.01459	-1.00000	-1.00000	0.00535	-1.00000	-1.00000	0.00508	-1.00000	-1.00000	0.00036	-1.00000	-1.00000
534159	Bishop	Willow_Pond	un	19824776	-0.04348	-1.00000	-1.00000	-0.00379	-1.00000	-1.00000	0.00564	-1.00000	-1.00000	0.00039	-1.00000	-1.00000
534226	Bishop	Willow_Pond	un	19829799	0.00290	-1.00000	-1.00000	0.00011	-1.00000	-1.00000	0.00088	-1.00000	-1.00000	0.00026	-1.00000	-1.00000
534313	Bishop	Willow_Pond	un	19834616	0.09920	-1.00000	-1.00000	0.01304	-1.00000	-1.00000	0.02177	-1.00000	-1.00000	0.00038	-1.00000	-1.00000
534457	Bishop	Willow_Pond	un	19841815	0.13043	-1.00000	-1.00000	0.02542	-1.00000	-1.00000	0.02525	-1.00000	-1.00000	0.00048	-1.00000	-1.00000
534515	Bishop	Willow_Pond	un	19845927	0.52911	-1.00000	-1.00000	0.52576	-1.00000	-1.00000	0.54323	-1.00000	-1.00000	0.00087	-1.00000	-1.00000
534663	Bishop	Willow_Pond	un	19852279	0.02912	-1.00000	-1.00000	0.00239	-1.00000	-1.00000	0.00027	-1.00000	-1.00000	0.00016	-1.00000	-1.00000
534757	Bishop	Willow_Pond	un	19857106	0.00727	-1.00000	-1.00000	0.00300	-1.00000	-1.00000	-0.00860	-1.00000	-1.00000	0.00050	-1.00000	-1.00000
534765	Bishop	Willow_Pond	un	19858698	-0.02407	-1.00000	-1.00000	-0.00274	-1.00000	-1.00000	0.00244	-1.00000	-1.00000	0.00021	-1.00000	-1.00000
534828	Bishop	Willow_Pond	un	19861094	0.27098	-1.00000	-1.00000	0.09781	-1.00000	-1.00000	0.11262	-1.00000	-1.00000	0.00051	-1.00000	-1.00000
534893	Bishop	Willow_Pond	un	19862784	0.05748	-1.00000	-1.00000	0.00467	-1.00000	-1.00000	0.01434	-1.00000	-1.00000	0.00019	-1.00000	-1.00000
535357	Bishop	Willow_Pond	un	19875951	0.23078	-1.00000	-1.00000	0.08046	-1.00000	-1.00000	0.07184	-1.00000	-1.00000	0.00051	-1.00000	-1.00000
535391	Bishop	Willow_Pond	un	19879911	-0.02884	-1.00000	-1.00000	-0.01029	-1.00000	-1.00000	0.02803	-1.00000	-1.00000	0.00047	-1.00000	-1.00000
535473	Bishop	Willow_Pond	un	19882358	-0.04160	-1.00000	-1.00000	-0.00347	-1.00000	-1.00000	0.00877	-1.00000	-1.00000	0.00042	-1.00000	-1.00000
535528	Bishop	Willow_Pond	un	19884640	-0.03841	-1.00000	-1.00000	-0.00296	-1.00000	-1.00000	-0.00486	-1.00000	-1.00000	0.00029	-1.00000	-1.00000
535613	Bishop	Willow_Pond	un	19892103	0.03555	-1.00000	-1.00000	0.00306	-1.00000	-1.00000	0.00362	-1.00000	-1.00000	0.00033	-1.00000	-1.00000
536010	Bishop	Willow_Pond	un	19900193	-0.03382	-1.00000	-1.00000	-0.00787	-1.00000	-1.00000	-0.00064	-1.00000	-1.00000	0.00033	-1.00000	-1.00000
536466	Bishop	Willow_Pond	un	19905154	0.00000	-1.00000	-1.00000	0.00000	-1.00000	-1.00000	-0.01276	-1.00000	-1.00000	0.00040	-1.00000	-1.00000
536806	Bishop	Willow_Pond	un	19909117	0.00340	-1.00000	-1.00000	0.00014	-1.00000	-1.00000	-0.00601	-1.00000	-1.00000	0.00021	-1.00000	-1.00000
537023	Bishop	Willow_Pond	un	19910838	-0.00270	-1.00000	-1.00000	-0.00010	-1.00000	-1.00000	-0.00488	-1.00000	-1.00000	0.00026	-1.00000	-1.00000
537135	Bishop	Willow_Pond	un	19913246	0.02760	-1.00000	-1.00000	0.00210	-1.00000	-1.00000	0.00021	-1.00000	-1.00000	0.00016	-1.00000	-1.00000
538119	Bishop	Willow_Pond	un	19924000	-0.00270	-1.00000	-1.00000	-0.00010	-1.00000	-1.00000	0.01069	-1.00000	-1.00000	0.00022	-1.00000	-1.00000
538124	Bishop	Willow_Pond	un	19924762	0.18459	-1.00000	-1.00000	0.13826	-1.00000	-1.00000	0.13153	-1.00000	-1.00000	0.00066	-1.00000	-1.00000
538137	Bishop	Willow_Pond	un	19926372	-0.00000	-1.00000	-1.00000	-0.00000	-1.00000	-1.00000	-0.00000	-1.00000	-1.00000	0.00005	-1.00000	-1.00000
538145	Bishop	Willow_Pond	un	19927158	-0.02407	-1.00000	-1.00000	-0.00274	-1.00000	-1.00000	-0.00795	-1.00000	-1.00000	0.00028	-1.00000	-1.00000
538178	Bishop	Willow_Pond	un	19930028	-0.00235	-1.00000	-1.00000	-0.00008	-1.00000	-1.00000	-0.00000	-1.00000	-1.00000	0.00004	-1.00000	-1.00000
538338	Bishop	Willow_Pond	un	19940934	0.04966	-1.00000	-1.00000	0.03596	-1.00000	-1.00000	0.02149	-1.00000	-1.00000	0.00065	-1.00000	-1.00000
538382	Bishop	Willow_Pond	un	19941749	-0.00000	-1.00000	-1.00000	-0.00000	-1.00000	-1.00000	0.00589	-1.00000	-1.00000	0.00012	-1.00000	-1.00000
538477	Bishop	Willow_Pond	un	19945861	-0.00315	-1.00000	-1.00000	-0.00013	-1.00000	-1.00000	0.00013	-1.00000	-1.00000	0.00015	-1.00000	-1.00000
538538	Bishop	Willow_Pond	un	19946633	0.19150	-1.00000	-1.00000	0.05590	-1.00000	-1.00000	0.10217	-1.00000	-1.00000	0.00041	-1.00000	-1.00000
538549	Bishop	Willow_Pond	un	19947453	0.28212	-1.00000	-1.00000	0.28807	-1.00000	-1.00000	0.30643	-1.00000	-1.00000	0.00071	-1.00000	-1.00000
538592	Bishop	Willow_Pond	un	19948985	0.03114	-1.00000	-1.00000	0.00229	-1.00000	-1.00000	0.00246	-1.00000	-1.00000	0.00009	-1.00000	-1.00000
538750	Bishop	Willow_Pond	un	19954448	0.03474	-1.00000	-1.00000	0.02257	-1.00000	-1.00000	0.02896	-1.00000	-1.00000	0.00060	-1.00000	-1.00000
538927	Bishop	Willow_Pond	un	19964824	-0.01877	-1.00000	-1.00000	-0.00233	-1.00000	-1.00000	0.01881	-1.00000	-1.00000	0.00045	-1.00000	-1.00000
538985	Bishop	Willow_Pond	un	19967120	0.12264	-1.00000	-1.00000	0.08781	-1.00000	-1.00000	0.12246	-1.00000	-1.00000	0.00069	-1.00000	-1.00000
539751	Bishop	Willow_Pond	un	19992320	0.14331	-1.00000	-1.00000	0.09099	-1.00000	-1.00000	0.07575	-1.00000	-1.00000	0.00070	-1.00000	-1.00000
539850	Bishop	Willow_Pond	un	19994495	0.15234	-1.00000	-1.00000	0.03609	-1.00000	-1.00000	0.02694	-1.00000	-1.00000	0.00042	-1.00000	-1.00000
540451	Bishop	Willow_Pond	un	20018143	0.00340	-1.00000	-1.00000	0.00014	-1.00000	-1.00000	-0.00601	-1.00000	-1.00000	0.00022	-1.00000	-1.00000
540458	Bishop	Willow_Pond	un	20019730	-0.02432	-1.00000	-1.00000	-0.00910	-1.00000	-1.00000	-0.01688	-1.00000	-1.00000	0.00051	-1.00000	-1.00000
540720	Bishop	Willow_Pond	un	20034881	-0.02595	-1.00000	-1.00000	-0.00320	-1.00000	-1.00000	-0.01426	-1.00000	-1.00000	0.00039	-1.00000	-1.00000
540902	Bishop	Willow_Pond	un	20040165	0.05748	-1.00000	-1.00000	0.00467	-1.00000	-1.00000	0.06452	-1.00000	-1.00000	0.00031	-1.00000	-1.00000
541149	Bishop	Willow_Pond	un	20054250	-0.04000	-1.00000	-1.00000	-0.00321	-1.00000	-1.00000	-0.00652	-1.00000	-1.00000	0.00033	-1.00000	-1.00000
541177	Bishop	Willow_Pond	un	20055848	0.00656	-1.00000	-1.00000	0.00026	-1.00000	-1.00000	0.01989	-1.00000	-1.00000	0.00036	-1.00000	-1.00000
541180	Bishop	Willow_Pond	un	20056610	-0.02184	-1.00000	-1.00000	-0.00259	-1.00000	-1.00000	0.01996	-1.00000	-1.00000	0.00030	-1.00000	-1.00000
541406	Bishop	Willow_Pond	un	20068606	0.63926	-1.00000	-1.00000	0.61198	-1.00000	-1.00000	0.60712	-1.00000	-1.00000	0.00089	-1.00000	-1.00000
541478	Bishop	Willow_Pond	un	20072628	0.04838	-1.00000	-1.00000	0.00422	-1.00000	-1.00000	0.02781	-1.00000	-1.00000	0.00040	-1.00000	-1.00000
541480	Bishop	Willow_Pond	un	20073392	0.00656	-1.00000	-1.00000	0.00026	-1.00000	-1.00000	0.02512	-1.00000	-1.00000	0.00022	-1.00000	-1.00000
541588	Bishop	Willow_Pond	un	20082174	-0.03975	-1.00000	-1.00000	-0.00319	-1.00000	-1.00000	-0.00376	-1.00000	-1.00000	0.00030	-1.00000	-1.00000
542110	Bishop	Willow_Pond	un	20098835	0.30565	-1.00000	-1.00000	0.27654	-1.00000	-1.00000	0.27932	-1.00000	-1.00000	0.00084	-1.00000	-1.00000
542320	Bishop	Willow_Pond	un	20105854	-0.02038	-1.00000	-1.00000	-0.00940	-1.00000	-1.00000	-0.00041	-1.00000	-1.00000	0.00048	-1.00000	-1.00000
542567	Bishop	Willow_Pond	un	20115147	0.24887	-1.00000	-1.00000	0.08190	-1.00000	-1.00000	0.08124	-1.00000	-1.00000	0.00032	-1.00000	-1.00000
542620	Bishop	Willow_Pond	un	20119179	-0.03841	-1.00000	-1.00000	-0.00296	-1.00000	-1.00000	0.00022	-1.00000	-1.00000	0.00017	-1.00000	-1.00000
543010	Bishop	Willow_Pond	un	20139887	-0.00000	-1.00000	-1.00000	-0.00000	-1.00000	-1.00000	0.02159	-1.00000	-1.00000	0.00019	-1.00000	-1.00000
543289	Bishop	Willow_Pond	un	20153051	0.04820	-1.00000	-1.00000	0.00374	-1.00000	-1.00000	0.03064	-1.00000	-1.00000	0.00023	-1.00000	-1.00000
543362	Bishop	Willow_Pond	un	20159663	0.04838	-1.00000	-1.00000	0.00422	-1.00000	-1.00000	0.02781	-1.00000	-1.00000	0.00039	-1.00000	-1.00000
543506	Bishop	Willow_Pond	un	20165328	-0.04348	-1.00000	-1.00000	-0.00379	-1.00000	-1.00000	-0.00770	-1.00000	-1.00000	0.00034	-1.00000	-1.00000
543636	Bishop	Willow_Pond	un	20170357	0.15942	-1.00000	-1.00000	0.11032	-1.00000	-1.00000	0.11801	-1.00000	-1.00000	0.00067	-1.00000	-1.00000
543652	Bishop	Willow_Pond	un	20171166	-0.02946	-1.00000	-1.00000	-0.02558	-1.00000	-1.00000	-0.01858	-1.00000	-1.00000	0.00058	-1.00000	-1.00000
544197	Bishop	Willow_Pond	un	20185836	0.00290	-1.00000	-1.00000	0.00011	-1.00000	-1.00000	0.00088	-1.00000	-1.00000	0.00027	-1.00000	-1.00000
544471	Bishop	Willow_Pond	un	20198035	0.00951	-1.00000	-1.00000	0.00037	-1.00000	-1.00000	0.00691	-1.00000	-1.00000	0.00014	-1.00000	-1.00000
544586	Bishop	Willow_Pond	un	20207424	-0.03704	-1.00000	-1.00000	-0.00570	-1.00000	-1.00000	-0.01101	-1.00000	-1.00000	0.00031	-1.00000	-1.00000
544676	Bishop	Willow_Pond	un	20218587	0.04420	-1.00000	-1.00000	0.00354	-1.00000	-1.00000	-0.00175	-1.00000	-1.00000	0.00023	-1.00000	-1.00000
544753	Bishop	Willow_Pond	un	20228437	0.00340	-1.00000	-1.00000	0.00014	-1.00000	-1.00000	-0.00738	-1.00000	-1.00000	0.00028	-1.00000	-1.00000
544869	Bishop	Willow_Pond	un	20236465	0.02385	-1.00000	-1.00000	0.01157	-1.00000	-1.00000	0.01392	-1.00000	-1.00000	0.00051	-1.00000	-1.00000
544877	Bishop	Willow_Pond	un	20238915	0.00656	-1.00000	-1.00000	0.00026	-1.00000	-1.00000	0.01989	-1.00000	-1.00000	0.00032	-1.00000	-1.00000
544889	Bishop	Willow_Pond	un	20242221	0.16000	-1.00000	-1.00000	0.03670	-1.00000	-1.00000	0.04553	-1.00000	-1.00000	0.00043	-1.00000	-1.00000
545013	Bishop	Willow_Pond	un	20256413	-0.00565	-1.00000	-1.00000	-0.00022	-1.00000	-1.00000	0.03423	-1.00000	-1.00000	0.00029	-1.00000	-1.00000
545137	Bishop	Willow_Pond	un	20260113	-0.02782	-1.00000	-1.00000	-0.00329	-1.00000	-1.00000	-0.00790	-1.00000	-1.00000	0.00033	-1.00000	-1.00000
545479	Bishop	Willow_Pond	un	20265093	0.00000	-1.00000	-1.00000	0.00000	-1.00000	-1.00000	0.01515	-1.00000	-1.00000	0.00031	-1.00000	-1.00000
546092	Bishop	Willow_Pond	un	20290613	-0.03975	-1.00000	-1.00000	-0.00319	-1.00000	-1.00000	-0.00905	-1.00000	-1.00000	0.00026	-1.00000	-1.00000
546338	Bishop	Willow_Pond	un	20305956	0.00951	-1.00000	-1.00000	0.00037	-1.00000	-1.00000	0.00691	-1.00000	-1.00000	0.00017	-1.00000	-1.00000
546571	Bishop	Willow_Pond	un	20312879	0.04000	-1.00000	-1.00000	0.00332	-1.00000	-1.00000	-0.00760	-1.00000	-1.00000	0.00032	-1.00000	-1.00000
546581	Bishop	Willow_Pond	un	20313789	-0.00000	-1.00000	-1.00000	-0.00000	-1.00000	-1.00000	-0.00050	-1.00000	-1.00000	0.00027	-1.00000	-1.00000
546630	Bishop	Willow_Pond	un	20314602	0.01656	-1.00000	-1.00000	0.00284	-1.00000	-1.00000	0.03571	-1.00000	-1.00000	0.00038	-1.00000	-1.00000
546695	Bishop	Willow_Pond	un	20319305	0.03555	-1.00000	-1.00000	0.00306	-1.00000	-1.00000	-0.01045	-1.00000	-1.00000	0.00040	-1.00000	-1.00000
546774	Bishop	Willow_Pond	un	20325680	0.18078	-1.00000	-1.00000	0.10590	-1.00000	-1.00000	0.10376	-1.00000	-1.00000	0.00069	-1.00000	-1.00000
546785	Bishop	Willow_Pond	un	20330540	0.00251	-1.00000	-1.00000	0.00009	-1.00000	-1.00000	0.00508	-1.00000	-1.00000	0.00011	-1.00000	-1.00000
546878	Bishop	Willow_Pond	un	20337636	-0.00565	-1.00000	-1.00000	-0.00022	-1.00000	-1.00000	0.00037	-1.00000	-1.00000	0.00015	-1.00000	-1.00000
546908	Bishop	Willow_Pond	un	20343141	0.00421	-1.00000	-1.00000	0.00331	-1.00000	-1.00000	-0.00381	-1.00000	-1.00000	0.00065	-1.00000	-1.00000
547040	Bishop	Willow_Pond	un	20358496	-0.02463	-1.00000	-1.00000	-0.01625	-1.00000	-1.00000	-0.00263	-1.00000	-1.00000	0.00060	-1.00000	-1.00000
547053	Bishop	Willow_Pond	un	20360089	0.00656	-1.00000	-1.00000	0.00026	-1.00000	-1.00000	-0.00529	-1.00000	-1.00000	0.00023	-1.00000	-1.00000
547259	Bishop	Willow_Pond	un	20368782	-0.04025	-1.00000	-1.00000	-0.04193	-1.00000	-1.00000	-0.01939	-1.00000	-1.00000	0.00083	-1.00000	-1.00000
547292	Bishop	Willow_Pond	un	20371899	0.07436	-1.00000	-1.00000	0.00994	-1.00000	-1.00000	0.01124	-1.00000	-1.00000	0.00034	-1.00000	-1.00000
547702	Bishop	Willow_Pond	un	20383796	0.13263	-1.00000	-1.00000	0.02215	-1.00000	-1.00000	0.03571	-1.00000	-1.00000	0.00026	-1.00000	-1.00000
547705	Bishop	Willow_Pond	un	20384624	0.12643	-1.00000	-1.00000	0.02178	-1.00000	-1.00000	0.01646	-1.00000	-1.00000	0.00031	-1.00000	-1.00000
547999	Bishop	Willow_Pond	un	20388868	0.04420	-1.00000	-1.00000	0.00354	-1.00000	-1.00000	0.00705	-1.00000	-1.00000	0.00028	-1.00000	-1.00000
548788	Bishop	Willow_Pond	un	20417641	-0.00315	-1.00000	-1.00000	-0.00013	-1.00000	-1.00000	-0.00207	-1.00000	-1.00000	0.00030	-1.00000	-1.00000
549171	Bishop	Willow_Pond	un	20425643	-0.00052	-1.00000	-1.00000	-0.00016	-1.00000	-1.00000	0.00117	-1.00000	-1.00000	0.00053	-1.00000	-1.00000
549444	Bishop	Willow_Pond	un	20433034	-0.00565	-1.00000	-1.00000	-0.00022	-1.00000	-1.00000	0.00037	-1.00000	-1.00000	0.00014	-1.00000	-1.00000
549517	Bishop	Willow_Pond	un	20436182	0.41463	-1.00000	-1.00000	0.35417	-1.00000	-1.00000	0.31358	-1.00000	-1.00000	0.00081	-1.00000	-1.00000
549982	Bishop	Willow_Pond	un	20456290	0.00340	-1.00000	-1.00000	0.00014	-1.00000	-1.00000	-0.00738	-1.00000	-1.00000	0.00029	-1.00000	-1.00000
550132	Bishop	Willow_Pond	un	20460367	0.00000	-1.00000	-1.00000	0.00000	-1.00000	-1.00000	0.00300	-1.00000	-1.00000	0.00037	-1.00000	-1.00000
550230	Bishop	Willow_Pond	un	20464764	-0.03704	-1.00000	-1.00000	-0.00570	-1.00000	-1.00000	-0.01101	-1.00000	-1.00000	0.00032	-1.00000	-1.00000
550231	Bishop	Willow_Pond	un	20465516	-0.00270	-1.00000	-1.00000	-0.00010	-1.00000	-1.00000	-0.00558	-1.00000	-1.00000	0.00020	-1.00000	-1.00000
550800	Bishop	Willow_Pond	un	20484268	-0.04348	-1.00000	-1.00000	-0.04545	-1.00000	-1.00000	-0.06531	-1.00000	-1.00000	0.00061	-1.00000	-1.00000
551081	Bishop	Willow_Pond	un	20494329	0.00000	-1.00000	-1.00000	0.00000	-1.00000	-1.00000	-0.01241	-1.00000	-1.00000	0.00035	-1.00000	-1.00000
551098	Bishop	Willow_Pond	un	20495120	0.16737	-1.00000	-1.00000	0.06887	-1.00000	-1.00000	0.04990	-1.00000	-1.00000	0.00049	-1.00000	-1.00000
551191	Bishop	Willow_Pond	un	20497664	0.00290	-1.00000	-1.00000	0.00054	-1.00000	-1.00000	0.00276	-1.00000	-1.00000	0.00042	-1.00000	-1.00000
551784	Bishop	Willow_Pond	un	20531437	-0.04160	-1.00000	-1.00000	-0.00347	-1.00000	-1.00000	0.00028	-1.00000	-1.00000	0.00020	-1.00000	-1.00000
551812	Bishop	Willow_Pond	un	20536403	-0.00315	-1.00000	-1.00000	-0.00013	-1.00000	-1.00000	-0.00207	-1.00000	-1.00000	0.00026	-1.00000	-1.00000
551816	Bishop	Willow_Pond	un	20537238	0.04820	-1.00000	-1.00000	0.00374	-1.00000	-1.00000	0.03064	-1.00000	-1.00000	0.00024	-1.00000	-1.00000
551970	Bishop	Willow_Pond	un	20548673	-0.00000	-1.00000	-1.00000	-0.00000	-1.00000	-1.00000	-0.00000	-1.00000	-1.00000	0.00005	-1.00000	-1.00000
552094	Bishop	Willow_Pond	un	20564659	0.24653	-1.00000	-1.00000	0.15948	-1.00000	-1.00000	0.14313	-1.00000	-1.00000	0.00073	-1.00000	-1.00000
552319	Bishop	Willow_Pond	un	20574577	-0.00315	-1.00000	-1.00000	-0.00013	-1.00000	-1.00000	0.00013	-1.00000	-1.00000	0.00013	-1.00000	-1.00000
552372	Bishop	Willow_Pond	un	20577797	0.00000	-1.00000	-1.00000	0.00000	-1.00000	-1.00000	-0.00683	-1.00000	-1.00000	0.00042	-1.00000	-1.00000
552933	Bishop	Willow_Pond	un	20595182	0.52174	-1.00000	-1.00000	0.38142	-1.00000	-1.00000	0.35489	-1.00000	-1.00000	0.00069	-1.00000	-1.00000
553059	Bishop	Willow_Pond	un	20599266	0.00656	-1.00000	-1.00000	0.00026	-1.00000	-1.00000	0.00261	-1.00000	-1.00000	0.00029	-1.00000	-1.00000
553168	Bishop	Willow_Pond	un	20602317	0.00000	-1.00000	-1.00000	0.00000	-1.00000	-1.00000	-0.00502	-1.00000	-1.00000	0.00017	-1.00000	-1.00000
553470	Bishop	Willow_Pond	un	20615345	-0.02595	-1.00000	-1.00000	-0.00320	-1.00000	-1.00000	-0.00381	-1.00000	-1.00000	0.00034	-1.00000	-1.00000
553482	Bishop	Willow_Pond	un	20616160	0.00000	-1.00000	-1.00000	0.00000	-1.00000	-1.00000	-0.00502	-1.00000	-1.00000	0.00018	-1.00000	-1.00000
553584	Bishop	Willow_Pond	un	20630084	0.00000	-1.00000	-1.00000	0.00000	-1.00000	-1.00000	0.01193	-1.00000	-1.00000	0.00023	-1.00000	-1.00000
553590	Bishop	Willow_Pond	un	20631621	0.00251	-1.00000	-1.00000	0.00009	-1.00000	-1.00000	0.00508	-1.00000	-1.00000	0.00013	-1.00000	-1.00000
553778	Bishop	Willow_Pond	un	20654112	-0.00000	-1.00000	-1.00000	-0.00000	-1.00000	-1.00000	-0.00000	-1.00000	-1.00000	0.00004	-1.00000	-1.00000
553805	Bishop	Willow_Pond	un	20657489	0.03320	-1.00000	-1.00000	0.00263	-1.00000	-1.00000	0.00022	-1.00000	-1.00000	0.00017	-1.00000	-1.00000
554018	Bishop	Willow_Pond	un	20667077	0.00290	-1.00000	-1.00000	0.00011	-1.00000	-1.00000	0.00589	-1.00000	-1.00000	0.00014	-1.00000	-1.00000
554022	Bishop	Willow_Pond	un	20667851	0.00000	-1.00000	-1.00000	0.00000	-1.00000	-1.00000	-0.01276	-1.00000	-1.00000	0.00039	-1.00000	-1.00000
554696	Bishop	Willow_Pond	un	20690078	0.00000	-1.00000	-1.00000	0.00000	-1.00000	-1.00000	-0.01241	-1.00000	-1.00000	0.00033	-1.00000	-1.00000
554911	Bishop	Willow_Pond	un	20695662	0.03704	-1.00000	-1.00000	0.00284	-1.00000	-1.00000	0.00284	-1.00000	-1.00000	0.00009	-1.00000	-1.00000
554986	Bishop	Willow_Pond	un	20697184	-0.04160	-1.00000	-1.00000	-0.00347	-1.00000	-1.00000	-0.00561	-1.00000	-1.00000	0.00030	-1.00000	-1.00000
555020	Bishop	Willow_Pond	un	20698022	-0.03581	-1.00000	-1.00000	-0.00794	-1.00000	-1.00000	-0.00676	-1.00000	-1.00000	0.00028	-1.00000	-1.00000
556017	Bishop	Willow_Pond	un	20716078	0.27018	-1.00000	-1.00000	0.10984	-1.00000	-1.00000	0.13214	-1.00000	-1.00000	0.00044	-1.00000	-1.00000
556571	Bishop	Willow_Pond	un	20735493	0.00656	-1.00000	-1.00000	0.00026	-1.00000	-1.00000	0.01989	-1.00000	-1.00000	0.00034	-1.00000	-1.00000
556793	Bishop	Willow_Pond	un	20747650	0.02382	-1.00000	-1.00000	0.00187	-1.00000	-1.00000	0.01069	-1.00000	-1.00000	0.00025	-1.00000	-1.00000
557187	Bishop	Willow_Pond	un	20758245	-0.00270	-1.00000	-1.00000	-0.00010	-1.00000	-1.00000	-0.00000	-1.00000	-1.00000	0.00005	-1.00000	-1.00000
557306	Bishop	Willow_Pond	un	20766212	0.04348	-1.00000	-1.00000	0.00394	-1.00000	-1.00000	-0.01208	-1.00000	-1.00000	0.00042	-1.00000	-1.00000
557463	Bishop	Willow_Pond	un	20772808	0.04348	-1.00000	-1.00000	0.00394	-1.00000	-1.00000	-0.00033	-1.00000	-1.00000	0.00044	-1.00000	-1.00000
557513	Bishop	Willow_Pond	un	20775230	-0.04348	-1.00000	-1.00000	-0.00379	-1.00000	-1.00000	-0.00770	-1.00000	-1.00000	0.00031	-1.00000	-1.00000
557864	Bishop	Willow_Pond	un	20796301	-0.00000	-1.00000	-1.00000	-0.00000	-1.00000	-1.00000	-0.00000	-1.00000	-1.00000	0.00005	-1.00000	-1.00000
558179	Bishop	Willow_Pond	un	20808204	0.24887	-1.00000	-1.00000	0.08190	-1.00000	-1.00000	0.07646	-1.00000	-1.00000	0.00050	-1.00000	-1.00000
558199	Bishop	Willow_Pond	un	20810341	0.00656	-1.00000	-1.00000	0.00026	-1.00000	-1.00000	-0.00529	-1.00000	-1.00000	0.00021	-1.00000	-1.00000
558346	Bishop	Willow_Pond	un	20821039	0.03672	-1.00000	-1.00000	0.00802	-1.00000	-1.00000	0.00802	-1.00000	-1.00000	0.00022	-1.00000	-1.00000
558524	Bishop	Willow_Pond	un	20831587	-0.02595	-1.00000	-1.00000	-0.00320	-1.00000	-1.00000	-0.01426	-1.00000	-1.00000	0.00037	-1.00000	-1.00000
558790	Bishop	Willow_Pond	un	20854091	-0.04348	-1.00000	-1.00000	-0.00379	-1.00000	-1.00000	0.00564	-1.00000	-1.00000	0.00038	-1.00000	-1.00000
558824	Bishop	Willow_Pond	un	20854885	0.15234	-1.00000	-1.00000	0.03609	-1.00000	-1.00000	0.03670	-1.00000	-1.00000	0.00024	-1.00000	-1.00000
559154	Bishop	Willow_Pond	un	20873581	0.00656	-1.00000	-1.00000	0.00026	-1.00000	-1.00000	0.02512	-1.00000	-1.00000	0.00022	-1.00000	-1.00000
559166	Bishop	Willow_Pond	un	20876048	-0.02664	-1.00000	-1.00000	-0.00546	-1.00000	-1.00000	0.00098	-1.00000	-1.00000	0.00027	-1.00000	-1.00000
559196	Bishop	Willow_Pond	un	20878546	0.13793	-1.00000	-1.00000	0.02685	-1.00000	-1.00000	0.02685	-1.00000	-1.00000	0.00022	-1.00000	-1.00000
559215	Bishop	Willow_Pond	un	20881666	0.00951	-1.00000	-1.00000	0.00037	-1.00000	-1.00000	0.05121	-1.00000	-1.00000	0.00027	-1.00000	-1.00000
559587	Bishop	Willow_Pond	un	20895173	0.00000	-1.00000	-1.00000	0.00000	-1.00000	-1.00000	-0.01276	-1.00000	-1.00000	0.00037	-1.00000	-1.00000
559701	Bishop	Willow_Pond	un	20902549	0.00000	-1.00000	-1.00000	0.00000	-1.00000	-1.00000	-0.00000	-1.00000	-1.00000	0.00004	-1.00000	-1.00000
559917	Bishop	Willow_Pond	un	20919223	-0.03975	-1.00000	-1.00000	-0.00319	-1.00000	-1.00000	-0.00905	-1.00000	-1.00000	0.00026	-1.00000	-1.00000
560187	Bishop	Willow_Pond	un	20936144	0.04838	-1.00000	-1.00000	0.00422	-1.00000	-1.00000	-0.00632	-1.00000	-1.00000	0.00031	-1.00000	-1.00000
560587	Bishop	Willow_Pond	un	20949643	0.04000	-1.00000	-1.00000	0.00332	-1.00000	-1.00000	-0.00561	-1.00000	-1.00000	0.00030	-1.00000	-1.00000
560742	Bishop	Willow_Pond	un	20954556	-0.00315	-1.00000	-1.00000	-0.00013	-1.00000	-1.00000	-0.00564	-1.00000	-1.00000	0.00026	-1.00000	-1.00000
560800	Bishop	Willow_Pond	un	20957730	0.05304	-1.00000	-1.00000	0.00446	-1.00000	-1.00000	0.03571	-1.00000	-1.00000	0.00027	-1.00000	-1.00000
560985	Bishop	Willow_Pond	un	20970468	-0.04160	-1.00000	-1.00000	-0.00347	-1.00000	-1.00000	0.00877	-1.00000	-1.00000	0.00038	-1.00000	-1.00000
561140	Bishop	Willow_Pond	un	20983489	0.00000	-1.00000	-1.00000	0.00000	-1.00000	-1.00000	-0.00063	-1.00000	-1.00000	0.00030	-1.00000	-1.00000
561160	Bishop	Willow_Pond	un	20985953	0.00656	-1.00000	-1.00000	0.00026	-1.00000	-1.00000	0.02512	-1.00000	-1.00000	0.00023	-1.00000	-1.00000
562526	Bishop	Willow_Pond	un	21021641	-0.04348	-1.00000	-1.00000	-0.04545	-1.00000	-1.00000	-0.04545	-1.00000	-1.00000	0.00061	-1.00000	-1.00000
