# Population Gandy	2022_Gandy_LTC1,2022_Gandy_LTC10,2022_Gandy_LTC11,2022_Gandy_LTC12,2022_Gandy_LTC13,2022_Gandy_LTC14,2022_Gandy_LTC15,2022_Gandy_LTC2,2022_Gandy_LTC3,2022_Gandy_LTC4,2022_Gandy_LTC5,2022_Gandy_LTC6,2022_Gandy_LTC7,2022_Gandy_LTC8,2022_Gandy_LTC9
# Population Cluster	2022_Cluster_LTC_1,2022_Cluster_LTC_10,2022_Cluster_LTC_11,2022_Cluster_LTC_12,2022_Cluster_LTC_13,2022_Cluster_LTC_14,2022_Cluster_LTC_15,2022_Cluster_LTC_2,2022_Cluster_LTC_3,2022_Cluster_LTC_4,2022_Cluster_LTC_5,2022_Cluster_LTC_6,2022_Cluster_LTC_7,2022_Cluster_LTC_8,2022_Cluster_LTC_9
# Locus ID	Pop 1 ID	Pop 2 ID	Chr	BP	phi_st	Smoothed Phi_st	Smoothed Phi_st P-value	Fst'	Smoothed Fst'	Smoothed Fst' P-value	D_est	Smoothed D_est	Smoothed D_est P-value	Dxy	Smoothed Dxy	Smoothed Dxy P-value
5	Gandy	Cluster	un	813	0.08000	-1.00000	-1.00000	0.01033	-1.00000	-1.00000	-0.00090	-1.00000	-1.00000	0.00037	-1.00000	-1.00000
16	Gandy	Cluster	un	1664	0.07875	-1.00000	-1.00000	0.00908	-1.00000	-1.00000	0.01894	-1.00000	-1.00000	0.00020	-1.00000	-1.00000
37	Gandy	Cluster	un	6498	0.10345	-1.00000	-1.00000	0.01567	-1.00000	-1.00000	0.01567	-1.00000	-1.00000	0.00017	-1.00000	-1.00000
41	Gandy	Cluster	un	8044	0.37098	-1.00000	-1.00000	0.24518	-1.00000	-1.00000	0.23893	-1.00000	-1.00000	0.00064	-1.00000	-1.00000
42	Gandy	Cluster	un	8873	0.06407	-1.00000	-1.00000	0.00815	-1.00000	-1.00000	0.00571	-1.00000	-1.00000	0.00039	-1.00000	-1.00000
43	Gandy	Cluster	un	9693	0.04067	-1.00000	-1.00000	0.00302	-1.00000	-1.00000	0.01050	-1.00000	-1.00000	0.00017	-1.00000	-1.00000
46	Gandy	Cluster	un	11248	-0.00000	-1.00000	-1.00000	-0.00000	-1.00000	-1.00000	-0.00000	-1.00000	-1.00000	0.00004	-1.00000	-1.00000
48	Gandy	Cluster	un	12896	-0.00000	-1.00000	-1.00000	-0.00000	-1.00000	-1.00000	-0.00000	-1.00000	-1.00000	0.00004	-1.00000	-1.00000
55	Gandy	Cluster	un	15343	0.03448	-1.00000	-1.00000	0.00246	-1.00000	-1.00000	0.00246	-1.00000	-1.00000	0.00008	-1.00000	-1.00000
64	Gandy	Cluster	un	18619	0.15460	-1.00000	-1.00000	0.03162	-1.00000	-1.00000	0.04578	-1.00000	-1.00000	0.00027	-1.00000	-1.00000
66	Gandy	Cluster	un	19469	0.00251	-1.00000	-1.00000	0.00009	-1.00000	-1.00000	-0.00000	-1.00000	-1.00000	0.00005	-1.00000	-1.00000
79	Gandy	Cluster	un	23289	0.03448	-1.00000	-1.00000	0.00246	-1.00000	-1.00000	0.00246	-1.00000	-1.00000	0.00010	-1.00000	-1.00000
86	Gandy	Cluster	un	25574	-0.00315	-1.00000	-1.00000	-0.00013	-1.00000	-1.00000	-0.01039	-1.00000	-1.00000	0.00038	-1.00000	-1.00000
99	Gandy	Cluster	un	31053	0.57725	-1.00000	-1.00000	0.46746	-1.00000	-1.00000	0.45686	-1.00000	-1.00000	0.00081	-1.00000	-1.00000
104	Gandy	Cluster	un	32672	0.35513	-1.00000	-1.00000	0.34539	-1.00000	-1.00000	0.34389	-1.00000	-1.00000	0.00083	-1.00000	-1.00000
125	Gandy	Cluster	un	39104	0.15194	-1.00000	-1.00000	0.02682	-1.00000	-1.00000	0.10217	-1.00000	-1.00000	0.00048	-1.00000	-1.00000
136	Gandy	Cluster	un	41375	0.69703	-1.00000	-1.00000	0.60533	-1.00000	-1.00000	0.62701	-1.00000	-1.00000	0.00093	-1.00000	-1.00000
148	Gandy	Cluster	un	44318	0.10345	-1.00000	-1.00000	0.01567	-1.00000	-1.00000	0.01567	-1.00000	-1.00000	0.00016	-1.00000	-1.00000
153	Gandy	Cluster	un	45912	0.00251	-1.00000	-1.00000	0.00009	-1.00000	-1.00000	-0.00000	-1.00000	-1.00000	0.00005	-1.00000	-1.00000
159	Gandy	Cluster	un	48273	0.04820	-1.00000	-1.00000	0.00374	-1.00000	-1.00000	0.00332	-1.00000	-1.00000	0.00009	-1.00000	-1.00000
160	Gandy	Cluster	un	49095	0.13263	-1.00000	-1.00000	0.02215	-1.00000	-1.00000	0.05900	-1.00000	-1.00000	0.00036	-1.00000	-1.00000
162	Gandy	Cluster	un	49842	0.01449	-1.00000	-1.00000	0.01429	-1.00000	-1.00000	0.01877	-1.00000	-1.00000	0.00073	-1.00000	-1.00000
165	Gandy	Cluster	un	50688	0.03448	-1.00000	-1.00000	0.00246	-1.00000	-1.00000	0.00246	-1.00000	-1.00000	0.00008	-1.00000	-1.00000
173	Gandy	Cluster	un	54113	-0.02504	-1.00000	-1.00000	-0.00474	-1.00000	-1.00000	0.00078	-1.00000	-1.00000	0.00027	-1.00000	-1.00000
203	Gandy	Cluster	un	62205	0.40615	-1.00000	-1.00000	0.39244	-1.00000	-1.00000	0.37143	-1.00000	-1.00000	0.00080	-1.00000	-1.00000
205	Gandy	Cluster	un	63918	0.00340	-1.00000	-1.00000	0.00014	-1.00000	-1.00000	0.00110	-1.00000	-1.00000	0.00030	-1.00000	-1.00000
228	Gandy	Cluster	un	69364	0.05304	-1.00000	-1.00000	0.00446	-1.00000	-1.00000	0.06452	-1.00000	-1.00000	0.00054	-1.00000	-1.00000
235	Gandy	Cluster	un	70691	0.10345	-1.00000	-1.00000	0.01567	-1.00000	-1.00000	0.01567	-1.00000	-1.00000	0.00017	-1.00000	-1.00000
251	Gandy	Cluster	un	80031	0.06897	-1.00000	-1.00000	0.00760	-1.00000	-1.00000	0.00760	-1.00000	-1.00000	0.00012	-1.00000	-1.00000
252	Gandy	Cluster	un	80848	-0.00000	-1.00000	-1.00000	-0.00000	-1.00000	-1.00000	-0.00581	-1.00000	-1.00000	0.00020	-1.00000	-1.00000
265	Gandy	Cluster	un	85805	0.24865	-1.00000	-1.00000	0.13492	-1.00000	-1.00000	0.11692	-1.00000	-1.00000	0.00054	-1.00000	-1.00000
269	Gandy	Cluster	un	88133	0.03114	-1.00000	-1.00000	0.00229	-1.00000	-1.00000	0.00018	-1.00000	-1.00000	0.00015	-1.00000	-1.00000
276	Gandy	Cluster	un	91588	0.19238	-1.00000	-1.00000	0.04856	-1.00000	-1.00000	0.04808	-1.00000	-1.00000	0.00025	-1.00000	-1.00000
283	Gandy	Cluster	un	93975	0.19238	-1.00000	-1.00000	0.04856	-1.00000	-1.00000	0.04808	-1.00000	-1.00000	0.00025	-1.00000	-1.00000
286	Gandy	Cluster	un	94825	0.81223	-1.00000	-1.00000	0.77087	-1.00000	-1.00000	0.77462	-1.00000	-1.00000	0.00104	-1.00000	-1.00000
288	Gandy	Cluster	un	95613	0.33435	-1.00000	-1.00000	0.27115	-1.00000	-1.00000	0.27115	-1.00000	-1.00000	0.00061	-1.00000	-1.00000
291	Gandy	Cluster	un	97330	0.04021	-1.00000	-1.00000	0.00783	-1.00000	-1.00000	0.01790	-1.00000	-1.00000	0.00028	-1.00000	-1.00000
300	Gandy	Cluster	un	101365	0.04420	-1.00000	-1.00000	0.00354	-1.00000	-1.00000	0.00705	-1.00000	-1.00000	0.00030	-1.00000	-1.00000
308	Gandy	Cluster	un	102942	0.53812	-1.00000	-1.00000	0.47704	-1.00000	-1.00000	0.50365	-1.00000	-1.00000	0.00079	-1.00000	-1.00000
327	Gandy	Cluster	un	109040	0.21608	-1.00000	-1.00000	0.05772	-1.00000	-1.00000	0.10217	-1.00000	-1.00000	0.00040	-1.00000	-1.00000
332	Gandy	Cluster	un	112065	0.24449	-1.00000	-1.00000	0.06949	-1.00000	-1.00000	0.15534	-1.00000	-1.00000	0.00048	-1.00000	-1.00000
334	Gandy	Cluster	un	112894	0.00000	-1.00000	-1.00000	0.00000	-1.00000	-1.00000	-0.00502	-1.00000	-1.00000	0.00021	-1.00000	-1.00000
376	Gandy	Cluster	un	125963	-0.04160	-1.00000	-1.00000	-0.00347	-1.00000	-1.00000	0.01242	-1.00000	-1.00000	0.00023	-1.00000	-1.00000
406	Gandy	Cluster	un	136528	-0.00000	-1.00000	-1.00000	-0.00000	-1.00000	-1.00000	-0.00000	-1.00000	-1.00000	0.00004	-1.00000	-1.00000
409	Gandy	Cluster	un	138131	0.82245	-1.00000	-1.00000	0.80529	-1.00000	-1.00000	0.80358	-1.00000	-1.00000	0.00107	-1.00000	-1.00000
422	Gandy	Cluster	un	142889	0.09920	-1.00000	-1.00000	0.01304	-1.00000	-1.00000	0.01227	-1.00000	-1.00000	0.00014	-1.00000	-1.00000
423	Gandy	Cluster	un	143759	0.00251	-1.00000	-1.00000	0.00009	-1.00000	-1.00000	-0.00000	-1.00000	-1.00000	0.00004	-1.00000	-1.00000
424	Gandy	Cluster	un	144652	0.03448	-1.00000	-1.00000	0.00246	-1.00000	-1.00000	0.00246	-1.00000	-1.00000	0.00010	-1.00000	-1.00000
427	Gandy	Cluster	un	146931	0.14815	-1.00000	-1.00000	0.03120	-1.00000	-1.00000	0.02582	-1.00000	-1.00000	0.00034	-1.00000	-1.00000
429	Gandy	Cluster	un	147766	0.08272	-1.00000	-1.00000	0.04193	-1.00000	-1.00000	0.05105	-1.00000	-1.00000	0.00057	-1.00000	-1.00000
432	Gandy	Cluster	un	148579	0.00561	-1.00000	-1.00000	0.00021	-1.00000	-1.00000	0.02159	-1.00000	-1.00000	0.00019	-1.00000	-1.00000
442	Gandy	Cluster	un	151972	0.10345	-1.00000	-1.00000	0.01567	-1.00000	-1.00000	0.01567	-1.00000	-1.00000	0.00017	-1.00000	-1.00000
457	Gandy	Cluster	un	158057	0.08696	-1.00000	-1.00000	0.01227	-1.00000	-1.00000	0.01227	-1.00000	-1.00000	0.00014	-1.00000	-1.00000
459	Gandy	Cluster	un	158935	0.04067	-1.00000	-1.00000	0.00302	-1.00000	-1.00000	0.01050	-1.00000	-1.00000	0.00020	-1.00000	-1.00000
461	Gandy	Cluster	un	159596	0.19970	-1.00000	-1.00000	0.05872	-1.00000	-1.00000	0.04666	-1.00000	-1.00000	0.00034	-1.00000	-1.00000
468	Gandy	Cluster	un	161108	0.49002	-1.00000	-1.00000	0.45840	-1.00000	-1.00000	0.45840	-1.00000	-1.00000	0.00080	-1.00000	-1.00000
488	Gandy	Cluster	un	168552	0.06470	-1.00000	-1.00000	0.00736	-1.00000	-1.00000	0.00760	-1.00000	-1.00000	0.00013	-1.00000	-1.00000
493	Gandy	Cluster	un	170136	0.26765	-1.00000	-1.00000	0.09455	-1.00000	-1.00000	0.11315	-1.00000	-1.00000	0.00044	-1.00000	-1.00000
501	Gandy	Cluster	un	173167	-0.00000	-1.00000	-1.00000	-0.00000	-1.00000	-1.00000	-0.00000	-1.00000	-1.00000	0.00004	-1.00000	-1.00000
504	Gandy	Cluster	un	173967	0.85643	-1.00000	-1.00000	0.83642	-1.00000	-1.00000	0.83844	-1.00000	-1.00000	0.00105	-1.00000	-1.00000
506	Gandy	Cluster	un	175612	0.50064	-1.00000	-1.00000	0.32556	-1.00000	-1.00000	0.36851	-1.00000	-1.00000	0.00068	-1.00000	-1.00000
507	Gandy	Cluster	un	176440	0.35895	-1.00000	-1.00000	0.17354	-1.00000	-1.00000	0.17823	-1.00000	-1.00000	0.00065	-1.00000	-1.00000
510	Gandy	Cluster	un	177273	0.47988	-1.00000	-1.00000	0.40884	-1.00000	-1.00000	0.42102	-1.00000	-1.00000	0.00078	-1.00000	-1.00000
514	Gandy	Cluster	un	178066	0.10227	-1.00000	-1.00000	0.03421	-1.00000	-1.00000	0.01113	-1.00000	-1.00000	0.00055	-1.00000	-1.00000
539	Gandy	Cluster	un	186430	0.00000	-1.00000	-1.00000	0.00000	-1.00000	-1.00000	0.00508	-1.00000	-1.00000	0.00012	-1.00000	-1.00000
540	Gandy	Cluster	un	187232	0.35185	-1.00000	-1.00000	0.28889	-1.00000	-1.00000	0.26435	-1.00000	-1.00000	0.00077	-1.00000	-1.00000
543	Gandy	Cluster	un	188955	0.07407	-1.00000	-1.00000	0.00881	-1.00000	-1.00000	0.01894	-1.00000	-1.00000	0.00023	-1.00000	-1.00000
545	Gandy	Cluster	un	190402	-0.00315	-1.00000	-1.00000	-0.00013	-1.00000	-1.00000	-0.01186	-1.00000	-1.00000	0.00030	-1.00000	-1.00000
572	Gandy	Cluster	un	200123	0.33518	-1.00000	-1.00000	0.13430	-1.00000	-1.00000	0.22408	-1.00000	-1.00000	0.00059	-1.00000	-1.00000
577	Gandy	Cluster	un	202522	0.20690	-1.00000	-1.00000	0.05924	-1.00000	-1.00000	0.05924	-1.00000	-1.00000	0.00030	-1.00000	-1.00000
581	Gandy	Cluster	un	203955	0.08538	-1.00000	-1.00000	0.01066	-1.00000	-1.00000	0.01674	-1.00000	-1.00000	0.00035	-1.00000	-1.00000
586	Gandy	Cluster	un	206007	0.23364	-1.00000	-1.00000	0.08013	-1.00000	-1.00000	0.06667	-1.00000	-1.00000	0.00041	-1.00000	-1.00000
602	Gandy	Cluster	un	208335	0.45132	-1.00000	-1.00000	0.45347	-1.00000	-1.00000	0.44762	-1.00000	-1.00000	0.00087	-1.00000	-1.00000
614	Gandy	Cluster	un	214116	0.00251	-1.00000	-1.00000	0.00009	-1.00000	-1.00000	0.00508	-1.00000	-1.00000	0.00012	-1.00000	-1.00000
615	Gandy	Cluster	un	214923	0.42407	-1.00000	-1.00000	0.22070	-1.00000	-1.00000	0.30717	-1.00000	-1.00000	0.00063	-1.00000	-1.00000
616	Gandy	Cluster	un	215770	0.20818	-1.00000	-1.00000	0.05720	-1.00000	-1.00000	0.06938	-1.00000	-1.00000	0.00049	-1.00000	-1.00000
622	Gandy	Cluster	un	218083	0.03704	-1.00000	-1.00000	0.00284	-1.00000	-1.00000	0.00021	-1.00000	-1.00000	0.00017	-1.00000	-1.00000
625	Gandy	Cluster	un	219685	0.04820	-1.00000	-1.00000	0.00374	-1.00000	-1.00000	0.03064	-1.00000	-1.00000	0.00023	-1.00000	-1.00000
628	Gandy	Cluster	un	221345	0.63840	-1.00000	-1.00000	0.53160	-1.00000	-1.00000	0.54259	-1.00000	-1.00000	0.00082	-1.00000	-1.00000
635	Gandy	Cluster	un	222901	0.06470	-1.00000	-1.00000	0.00736	-1.00000	-1.00000	0.00300	-1.00000	-1.00000	0.00020	-1.00000	-1.00000
638	Gandy	Cluster	un	224570	-0.00235	-1.00000	-1.00000	-0.00008	-1.00000	-1.00000	0.00008	-1.00000	-1.00000	0.00013	-1.00000	-1.00000
652	Gandy	Cluster	un	229771	-0.00000	-1.00000	-1.00000	-0.00000	-1.00000	-1.00000	-0.01068	-1.00000	-1.00000	0.00032	-1.00000	-1.00000
653	Gandy	Cluster	un	230588	-0.00235	-1.00000	-1.00000	-0.00008	-1.00000	-1.00000	-0.00000	-1.00000	-1.00000	0.00004	-1.00000	-1.00000
675	Gandy	Cluster	un	239441	-0.00270	-1.00000	-1.00000	-0.00010	-1.00000	-1.00000	-0.00000	-1.00000	-1.00000	0.00004	-1.00000	-1.00000
687	Gandy	Cluster	un	242661	-0.03841	-1.00000	-1.00000	-0.00296	-1.00000	-1.00000	-0.00486	-1.00000	-1.00000	0.00027	-1.00000	-1.00000
690	Gandy	Cluster	un	244979	0.00000	-1.00000	-1.00000	0.00000	-1.00000	-1.00000	-0.00502	-1.00000	-1.00000	0.00019	-1.00000	-1.00000
696	Gandy	Cluster	un	248312	0.00000	-1.00000	-1.00000	0.00000	-1.00000	-1.00000	-0.00502	-1.00000	-1.00000	0.00019	-1.00000	-1.00000
699	Gandy	Cluster	un	250730	0.85325	-1.00000	-1.00000	0.84846	-1.00000	-1.00000	0.84814	-1.00000	-1.00000	0.00103	-1.00000	-1.00000
705	Gandy	Cluster	un	253016	0.03448	-1.00000	-1.00000	0.00246	-1.00000	-1.00000	0.00246	-1.00000	-1.00000	0.00008	-1.00000	-1.00000
708	Gandy	Cluster	un	253833	0.11672	-1.00000	-1.00000	0.01853	-1.00000	-1.00000	0.01818	-1.00000	-1.00000	0.00018	-1.00000	-1.00000
719	Gandy	Cluster	un	254637	0.25926	-1.00000	-1.00000	0.09396	-1.00000	-1.00000	0.08829	-1.00000	-1.00000	0.00044	-1.00000	-1.00000
724	Gandy	Cluster	un	258056	-0.00000	-1.00000	-1.00000	-0.00000	-1.00000	-1.00000	-0.00000	-1.00000	-1.00000	0.00004	-1.00000	-1.00000
727	Gandy	Cluster	un	259727	0.29006	-1.00000	-1.00000	0.09910	-1.00000	-1.00000	0.18781	-1.00000	-1.00000	0.00069	-1.00000	-1.00000
731	Gandy	Cluster	un	261122	-0.00000	-1.00000	-1.00000	-0.00000	-1.00000	-1.00000	-0.00000	-1.00000	-1.00000	0.00004	-1.00000	-1.00000
733	Gandy	Cluster	un	261914	-0.00000	-1.00000	-1.00000	-0.00000	-1.00000	-1.00000	-0.00000	-1.00000	-1.00000	0.00004	-1.00000	-1.00000
747	Gandy	Cluster	un	267521	0.00251	-1.00000	-1.00000	0.00009	-1.00000	-1.00000	0.00508	-1.00000	-1.00000	0.00014	-1.00000	-1.00000
753	Gandy	Cluster	un	269132	0.03108	-1.00000	-1.00000	0.00579	-1.00000	-1.00000	0.00579	-1.00000	-1.00000	0.00019	-1.00000	-1.00000
756	Gandy	Cluster	un	270727	0.23578	-1.00000	-1.00000	0.06894	-1.00000	-1.00000	0.11246	-1.00000	-1.00000	0.00048	-1.00000	-1.00000
759	Gandy	Cluster	un	271614	-0.00000	-1.00000	-1.00000	-0.00000	-1.00000	-1.00000	-0.01068	-1.00000	-1.00000	0.00034	-1.00000	-1.00000
772	Gandy	Cluster	un	276426	0.04820	-1.00000	-1.00000	0.00374	-1.00000	-1.00000	0.01220	-1.00000	-1.00000	0.00013	-1.00000	-1.00000
781	Gandy	Cluster	un	280813	-0.03448	-1.00000	-1.00000	-0.00238	-1.00000	-1.00000	-0.00238	-1.00000	-1.00000	0.00007	-1.00000	-1.00000
784	Gandy	Cluster	un	281676	0.10345	-1.00000	-1.00000	0.01567	-1.00000	-1.00000	0.01567	-1.00000	-1.00000	0.00017	-1.00000	-1.00000
785	Gandy	Cluster	un	282456	0.03114	-1.00000	-1.00000	0.00229	-1.00000	-1.00000	0.00246	-1.00000	-1.00000	0.00008	-1.00000	-1.00000
788	Gandy	Cluster	un	283249	0.65459	-1.00000	-1.00000	0.66259	-1.00000	-1.00000	0.62421	-1.00000	-1.00000	0.00096	-1.00000	-1.00000
792	Gandy	Cluster	un	284904	0.03448	-1.00000	-1.00000	0.00246	-1.00000	-1.00000	0.00246	-1.00000	-1.00000	0.00008	-1.00000	-1.00000
793	Gandy	Cluster	un	285691	0.17241	-1.00000	-1.00000	0.04132	-1.00000	-1.00000	0.04132	-1.00000	-1.00000	0.00025	-1.00000	-1.00000
794	Gandy	Cluster	un	286498	0.11672	-1.00000	-1.00000	0.01853	-1.00000	-1.00000	0.01818	-1.00000	-1.00000	0.00017	-1.00000	-1.00000
804	Gandy	Cluster	un	291330	-0.00000	-1.00000	-1.00000	-0.00000	-1.00000	-1.00000	-0.00000	-1.00000	-1.00000	0.00005	-1.00000	-1.00000
811	Gandy	Cluster	un	292030	0.01601	-1.00000	-1.00000	0.01579	-1.00000	-1.00000	0.00062	-1.00000	-1.00000	0.00074	-1.00000	-1.00000
812	Gandy	Cluster	un	292874	0.06024	-1.00000	-1.00000	0.00707	-1.00000	-1.00000	0.00286	-1.00000	-1.00000	0.00019	-1.00000	-1.00000
814	Gandy	Cluster	un	293732	0.06897	-1.00000	-1.00000	0.00760	-1.00000	-1.00000	0.00760	-1.00000	-1.00000	0.00012	-1.00000	-1.00000
817	Gandy	Cluster	un	295262	0.68000	-1.00000	-1.00000	0.60474	-1.00000	-1.00000	0.60204	-1.00000	-1.00000	0.00084	-1.00000	-1.00000
824	Gandy	Cluster	un	296145	0.23006	-1.00000	-1.00000	0.06951	-1.00000	-1.00000	0.08696	-1.00000	-1.00000	0.00037	-1.00000	-1.00000
833	Gandy	Cluster	un	298495	0.07875	-1.00000	-1.00000	0.00908	-1.00000	-1.00000	0.00881	-1.00000	-1.00000	0.00015	-1.00000	-1.00000
834	Gandy	Cluster	un	299214	0.92552	-1.00000	-1.00000	0.91698	-1.00000	-1.00000	0.91768	-1.00000	-1.00000	0.00111	-1.00000	-1.00000
837	Gandy	Cluster	un	300850	-0.00000	-1.00000	-1.00000	-0.00000	-1.00000	-1.00000	-0.00000	-1.00000	-1.00000	0.00004	-1.00000	-1.00000
850	Gandy	Cluster	un	306868	0.30515	-1.00000	-1.00000	0.12370	-1.00000	-1.00000	0.14308	-1.00000	-1.00000	0.00045	-1.00000	-1.00000
854	Gandy	Cluster	un	308509	0.04838	-1.00000	-1.00000	0.00422	-1.00000	-1.00000	-0.00632	-1.00000	-1.00000	0.00031	-1.00000	-1.00000
867	Gandy	Cluster	un	311497	0.04000	-1.00000	-1.00000	0.00332	-1.00000	-1.00000	0.00027	-1.00000	-1.00000	0.00018	-1.00000	-1.00000
869	Gandy	Cluster	un	312276	0.00000	-1.00000	-1.00000	0.00000	-1.00000	-1.00000	-0.01682	-1.00000	-1.00000	0.00045	-1.00000	-1.00000
878	Gandy	Cluster	un	316377	0.03448	-1.00000	-1.00000	0.00246	-1.00000	-1.00000	0.00246	-1.00000	-1.00000	0.00008	-1.00000	-1.00000
882	Gandy	Cluster	un	318874	0.04820	-1.00000	-1.00000	0.00374	-1.00000	-1.00000	0.01220	-1.00000	-1.00000	0.00018	-1.00000	-1.00000
887	Gandy	Cluster	un	320472	-0.00767	-1.00000	-1.00000	-0.00029	-1.00000	-1.00000	-0.00000	-1.00000	-1.00000	0.00004	-1.00000	-1.00000
890	Gandy	Cluster	un	321287	0.00951	-1.00000	-1.00000	0.00037	-1.00000	-1.00000	0.02512	-1.00000	-1.00000	0.00022	-1.00000	-1.00000
893	Gandy	Cluster	un	322083	-0.02245	-1.00000	-1.00000	-0.00238	-1.00000	-1.00000	-0.00238	-1.00000	-1.00000	0.00011	-1.00000	-1.00000
900	Gandy	Cluster	un	323731	0.24400	-1.00000	-1.00000	0.24932	-1.00000	-1.00000	0.22881	-1.00000	-1.00000	0.00079	-1.00000	-1.00000
904	Gandy	Cluster	un	324597	-0.03684	-1.00000	-1.00000	-0.00273	-1.00000	-1.00000	0.01433	-1.00000	-1.00000	0.00024	-1.00000	-1.00000
913	Gandy	Cluster	un	326508	0.96552	-1.00000	-1.00000	0.96552	-1.00000	-1.00000	0.96552	-1.00000	-1.00000	0.00117	-1.00000	-1.00000
914	Gandy	Cluster	un	327337	0.25171	-1.00000	-1.00000	0.17101	-1.00000	-1.00000	0.15811	-1.00000	-1.00000	0.00058	-1.00000	-1.00000
917	Gandy	Cluster	un	328886	0.58182	-1.00000	-1.00000	0.53374	-1.00000	-1.00000	0.55595	-1.00000	-1.00000	0.00087	-1.00000	-1.00000
925	Gandy	Cluster	un	332145	0.33518	-1.00000	-1.00000	0.13430	-1.00000	-1.00000	0.22408	-1.00000	-1.00000	0.00060	-1.00000	-1.00000
927	Gandy	Cluster	un	332921	0.32530	-1.00000	-1.00000	0.13366	-1.00000	-1.00000	0.15090	-1.00000	-1.00000	0.00051	-1.00000	-1.00000
932	Gandy	Cluster	un	335435	0.00251	-1.00000	-1.00000	0.00009	-1.00000	-1.00000	0.00508	-1.00000	-1.00000	0.00013	-1.00000	-1.00000
933	Gandy	Cluster	un	336180	0.00000	-1.00000	-1.00000	0.00000	-1.00000	-1.00000	0.00508	-1.00000	-1.00000	0.00013	-1.00000	-1.00000
945	Gandy	Cluster	un	340150	0.30292	-1.00000	-1.00000	0.18209	-1.00000	-1.00000	0.15099	-1.00000	-1.00000	0.00079	-1.00000	-1.00000
953	Gandy	Cluster	un	342480	0.00000	-1.00000	-1.00000	0.00000	-1.00000	-1.00000	-0.01682	-1.00000	-1.00000	0.00041	-1.00000	-1.00000
971	Gandy	Cluster	un	349555	0.13263	-1.00000	-1.00000	0.02215	-1.00000	-1.00000	0.02135	-1.00000	-1.00000	0.00020	-1.00000	-1.00000
980	Gandy	Cluster	un	352790	-0.00489	-1.00000	-1.00000	-0.00018	-1.00000	-1.00000	0.01104	-1.00000	-1.00000	0.00019	-1.00000	-1.00000
981	Gandy	Cluster	un	353628	0.03367	-1.00000	-1.00000	0.00677	-1.00000	-1.00000	0.00183	-1.00000	-1.00000	0.00030	-1.00000	-1.00000
987	Gandy	Cluster	un	355214	0.06897	-1.00000	-1.00000	0.00760	-1.00000	-1.00000	0.00760	-1.00000	-1.00000	0.00013	-1.00000	-1.00000
994	Gandy	Cluster	un	357654	0.85643	-1.00000	-1.00000	0.83642	-1.00000	-1.00000	0.83636	-1.00000	-1.00000	0.00103	-1.00000	-1.00000
1019	Gandy	Cluster	un	369485	0.06897	-1.00000	-1.00000	0.00760	-1.00000	-1.00000	0.00760	-1.00000	-1.00000	0.00013	-1.00000	-1.00000
1026	Gandy	Cluster	un	371062	0.19057	-1.00000	-1.00000	0.04497	-1.00000	-1.00000	0.12678	-1.00000	-1.00000	0.00046	-1.00000	-1.00000
1031	Gandy	Cluster	un	371858	-0.03841	-1.00000	-1.00000	-0.00296	-1.00000	-1.00000	-0.00486	-1.00000	-1.00000	0.00030	-1.00000	-1.00000
1042	Gandy	Cluster	un	374901	0.10345	-1.00000	-1.00000	0.01567	-1.00000	-1.00000	0.01567	-1.00000	-1.00000	0.00019	-1.00000	-1.00000
1044	Gandy	Cluster	un	375588	0.03114	-1.00000	-1.00000	0.00229	-1.00000	-1.00000	0.00018	-1.00000	-1.00000	0.00015	-1.00000	-1.00000
1046	Gandy	Cluster	un	376456	0.00251	-1.00000	-1.00000	0.00009	-1.00000	-1.00000	0.00508	-1.00000	-1.00000	0.00012	-1.00000	-1.00000
1059	Gandy	Cluster	un	381470	0.00656	-1.00000	-1.00000	0.00026	-1.00000	-1.00000	0.00261	-1.00000	-1.00000	0.00029	-1.00000	-1.00000
1068	Gandy	Cluster	un	384793	0.00000	-1.00000	-1.00000	0.00000	-1.00000	-1.00000	-0.00000	-1.00000	-1.00000	0.00004	-1.00000	-1.00000
1073	Gandy	Cluster	un	386412	0.00000	-1.00000	-1.00000	0.00000	-1.00000	-1.00000	0.00508	-1.00000	-1.00000	0.00012	-1.00000	-1.00000
1080	Gandy	Cluster	un	388107	0.17000	-1.00000	-1.00000	0.04685	-1.00000	-1.00000	0.06452	-1.00000	-1.00000	0.00033	-1.00000	-1.00000
1087	Gandy	Cluster	un	389761	0.03448	-1.00000	-1.00000	0.00246	-1.00000	-1.00000	0.00246	-1.00000	-1.00000	0.00008	-1.00000	-1.00000
1110	Gandy	Cluster	un	395168	0.53042	-1.00000	-1.00000	0.37820	-1.00000	-1.00000	0.38647	-1.00000	-1.00000	0.00075	-1.00000	-1.00000
1117	Gandy	Cluster	un	397556	0.00290	-1.00000	-1.00000	0.00011	-1.00000	-1.00000	0.00589	-1.00000	-1.00000	0.00013	-1.00000	-1.00000
1120	Gandy	Cluster	un	399232	-0.00565	-1.00000	-1.00000	-0.00022	-1.00000	-1.00000	-0.00429	-1.00000	-1.00000	0.00026	-1.00000	-1.00000
1140	Gandy	Cluster	un	404643	0.00561	-1.00000	-1.00000	0.00021	-1.00000	-1.00000	0.02159	-1.00000	-1.00000	0.00026	-1.00000	-1.00000
1151	Gandy	Cluster	un	408433	-0.00288	-1.00000	-1.00000	-0.00262	-1.00000	-1.00000	0.01164	-1.00000	-1.00000	0.00067	-1.00000	-1.00000
1155	Gandy	Cluster	un	410008	-0.00000	-1.00000	-1.00000	-0.00000	-1.00000	-1.00000	-0.00000	-1.00000	-1.00000	0.00004	-1.00000	-1.00000
1160	Gandy	Cluster	un	412370	0.18336	-1.00000	-1.00000	0.12629	-1.00000	-1.00000	0.17110	-1.00000	-1.00000	0.00064	-1.00000	-1.00000
1161	Gandy	Cluster	un	413177	0.16205	-1.00000	-1.00000	0.07758	-1.00000	-1.00000	0.09426	-1.00000	-1.00000	0.00052	-1.00000	-1.00000
1163	Gandy	Cluster	un	413925	0.13205	-1.00000	-1.00000	0.02645	-1.00000	-1.00000	0.02685	-1.00000	-1.00000	0.00020	-1.00000	-1.00000
1165	Gandy	Cluster	un	414750	0.96148	-1.00000	-1.00000	0.96000	-1.00000	-1.00000	0.94920	-1.00000	-1.00000	0.00108	-1.00000	-1.00000
1171	Gandy	Cluster	un	418801	0.13263	-1.00000	-1.00000	0.02215	-1.00000	-1.00000	0.03571	-1.00000	-1.00000	0.00028	-1.00000	-1.00000
1183	Gandy	Cluster	un	421166	0.03555	-1.00000	-1.00000	0.00306	-1.00000	-1.00000	-0.00356	-1.00000	-1.00000	0.00024	-1.00000	-1.00000
1187	Gandy	Cluster	un	422021	0.13793	-1.00000	-1.00000	0.02685	-1.00000	-1.00000	0.02685	-1.00000	-1.00000	0.00020	-1.00000	-1.00000
1196	Gandy	Cluster	un	426188	-0.02569	-1.00000	-1.00000	-0.00281	-1.00000	-1.00000	-0.00237	-1.00000	-1.00000	0.00020	-1.00000	-1.00000
1198	Gandy	Cluster	un	427561	-0.03567	-1.00000	-1.00000	-0.02383	-1.00000	-1.00000	-0.00017	-1.00000	-1.00000	0.00068	-1.00000	-1.00000
1204	Gandy	Cluster	un	430012	0.43573	-1.00000	-1.00000	0.43532	-1.00000	-1.00000	0.38416	-1.00000	-1.00000	0.00087	-1.00000	-1.00000
1206	Gandy	Cluster	un	430855	0.00290	-1.00000	-1.00000	0.00011	-1.00000	-1.00000	0.02159	-1.00000	-1.00000	0.00020	-1.00000	-1.00000
1207	Gandy	Cluster	un	431700	0.15032	-1.00000	-1.00000	0.05084	-1.00000	-1.00000	0.06667	-1.00000	-1.00000	0.00040	-1.00000	-1.00000
1211	Gandy	Cluster	un	432488	0.06897	-1.00000	-1.00000	0.00760	-1.00000	-1.00000	0.00760	-1.00000	-1.00000	0.00012	-1.00000	-1.00000
1221	Gandy	Cluster	un	435663	0.05748	-1.00000	-1.00000	0.00467	-1.00000	-1.00000	0.06452	-1.00000	-1.00000	0.00034	-1.00000	-1.00000
1222	Gandy	Cluster	un	436455	0.26604	-1.00000	-1.00000	0.13131	-1.00000	-1.00000	0.14997	-1.00000	-1.00000	0.00050	-1.00000	-1.00000
1223	Gandy	Cluster	un	437274	-0.00489	-1.00000	-1.00000	-0.00018	-1.00000	-1.00000	0.01104	-1.00000	-1.00000	0.00020	-1.00000	-1.00000
1227	Gandy	Cluster	un	438792	-0.00235	-1.00000	-1.00000	-0.00008	-1.00000	-1.00000	0.00008	-1.00000	-1.00000	0.00011	-1.00000	-1.00000
1239	Gandy	Cluster	un	444367	0.18644	-1.00000	-1.00000	0.16035	-1.00000	-1.00000	0.17340	-1.00000	-1.00000	0.00082	-1.00000	-1.00000
1252	Gandy	Cluster	un	447464	0.14815	-1.00000	-1.00000	0.03120	-1.00000	-1.00000	0.02582	-1.00000	-1.00000	0.00034	-1.00000	-1.00000
1254	Gandy	Cluster	un	449091	-0.00000	-1.00000	-1.00000	-0.00000	-1.00000	-1.00000	-0.00000	-1.00000	-1.00000	0.00004	-1.00000	-1.00000
1262	Gandy	Cluster	un	451497	-0.04348	-1.00000	-1.00000	-0.00379	-1.00000	-1.00000	-0.00770	-1.00000	-1.00000	0.00031	-1.00000	-1.00000
1273	Gandy	Cluster	un	456328	-0.00235	-1.00000	-1.00000	-0.00008	-1.00000	-1.00000	-0.00000	-1.00000	-1.00000	0.00004	-1.00000	-1.00000
1276	Gandy	Cluster	un	457118	0.07436	-1.00000	-1.00000	0.00994	-1.00000	-1.00000	-0.00687	-1.00000	-1.00000	0.00053	-1.00000	-1.00000
1323	Gandy	Cluster	un	471544	0.26765	-1.00000	-1.00000	0.09455	-1.00000	-1.00000	0.11315	-1.00000	-1.00000	0.00041	-1.00000	-1.00000
1328	Gandy	Cluster	un	473165	0.07864	-1.00000	-1.00000	0.06821	-1.00000	-1.00000	0.07138	-1.00000	-1.00000	0.00072	-1.00000	-1.00000
1330	Gandy	Cluster	un	474737	0.00340	-1.00000	-1.00000	0.00014	-1.00000	-1.00000	0.01768	-1.00000	-1.00000	0.00033	-1.00000	-1.00000
1340	Gandy	Cluster	un	479653	0.60174	-1.00000	-1.00000	0.47845	-1.00000	-1.00000	0.49123	-1.00000	-1.00000	0.00076	-1.00000	-1.00000
1341	Gandy	Cluster	un	480485	0.00340	-1.00000	-1.00000	0.00014	-1.00000	-1.00000	-0.01093	-1.00000	-1.00000	0.00032	-1.00000	-1.00000
1348	Gandy	Cluster	un	482102	-0.00235	-1.00000	-1.00000	-0.00008	-1.00000	-1.00000	-0.00000	-1.00000	-1.00000	0.00004	-1.00000	-1.00000
1355	Gandy	Cluster	un	486080	0.03114	-1.00000	-1.00000	0.00229	-1.00000	-1.00000	0.00246	-1.00000	-1.00000	0.00009	-1.00000	-1.00000
1364	Gandy	Cluster	un	488589	0.57725	-1.00000	-1.00000	0.46746	-1.00000	-1.00000	0.45686	-1.00000	-1.00000	0.00077	-1.00000	-1.00000
1381	Gandy	Cluster	un	496770	0.00251	-1.00000	-1.00000	0.00009	-1.00000	-1.00000	-0.00000	-1.00000	-1.00000	0.00005	-1.00000	-1.00000
1388	Gandy	Cluster	un	498245	1.00000	-1.00000	-1.00000	1.00000	-1.00000	-1.00000	1.00000	-1.00000	-1.00000	0.00132	-1.00000	-1.00000
1392	Gandy	Cluster	un	499776	-0.00000	-1.00000	-1.00000	-0.00000	-1.00000	-1.00000	-0.00000	-1.00000	-1.00000	0.00005	-1.00000	-1.00000
1401	Gandy	Cluster	un	500513	0.80631	-1.00000	-1.00000	0.77077	-1.00000	-1.00000	0.78064	-1.00000	-1.00000	0.00104	-1.00000	-1.00000
1404	Gandy	Cluster	un	501972	0.07875	-1.00000	-1.00000	0.00908	-1.00000	-1.00000	0.01894	-1.00000	-1.00000	0.00021	-1.00000	-1.00000
1407	Gandy	Cluster	un	503489	0.15194	-1.00000	-1.00000	0.02682	-1.00000	-1.00000	0.10217	-1.00000	-1.00000	0.00037	-1.00000	-1.00000
1408	Gandy	Cluster	un	504394	0.03114	-1.00000	-1.00000	0.00229	-1.00000	-1.00000	0.00018	-1.00000	-1.00000	0.00016	-1.00000	-1.00000
1409	Gandy	Cluster	un	505189	0.00561	-1.00000	-1.00000	0.00021	-1.00000	-1.00000	0.02159	-1.00000	-1.00000	0.00019	-1.00000	-1.00000
1411	Gandy	Cluster	un	506067	0.00951	-1.00000	-1.00000	0.00037	-1.00000	-1.00000	0.05121	-1.00000	-1.00000	0.00028	-1.00000	-1.00000
1424	Gandy	Cluster	un	510981	0.10345	-1.00000	-1.00000	0.01567	-1.00000	-1.00000	0.01567	-1.00000	-1.00000	0.00015	-1.00000	-1.00000
1432	Gandy	Cluster	un	512685	0.91333	-1.00000	-1.00000	0.91638	-1.00000	-1.00000	0.87875	-1.00000	-1.00000	0.00112	-1.00000	-1.00000
1440	Gandy	Cluster	un	513508	0.03448	-1.00000	-1.00000	0.00246	-1.00000	-1.00000	0.00246	-1.00000	-1.00000	0.00009	-1.00000	-1.00000
1446	Gandy	Cluster	un	516024	0.00251	-1.00000	-1.00000	0.00009	-1.00000	-1.00000	-0.00000	-1.00000	-1.00000	0.00004	-1.00000	-1.00000
1452	Gandy	Cluster	un	517746	0.08000	-1.00000	-1.00000	0.01033	-1.00000	-1.00000	0.01493	-1.00000	-1.00000	0.00035	-1.00000	-1.00000
1453	Gandy	Cluster	un	518535	0.04820	-1.00000	-1.00000	0.00374	-1.00000	-1.00000	0.00332	-1.00000	-1.00000	0.00010	-1.00000	-1.00000
1457	Gandy	Cluster	un	520106	0.06920	-1.00000	-1.00000	0.00850	-1.00000	-1.00000	0.00265	-1.00000	-1.00000	0.00030	-1.00000	-1.00000
1466	Gandy	Cluster	un	524016	0.06798	-1.00000	-1.00000	0.01687	-1.00000	-1.00000	0.01136	-1.00000	-1.00000	0.00035	-1.00000	-1.00000
1473	Gandy	Cluster	un	525668	0.08696	-1.00000	-1.00000	0.01227	-1.00000	-1.00000	0.01227	-1.00000	-1.00000	0.00013	-1.00000	-1.00000
1486	Gandy	Cluster	un	529353	0.02264	-1.00000	-1.00000	0.01935	-1.00000	-1.00000	0.02900	-1.00000	-1.00000	0.00064	-1.00000	-1.00000
1509	Gandy	Cluster	un	534561	0.00951	-1.00000	-1.00000	0.00037	-1.00000	-1.00000	0.02512	-1.00000	-1.00000	0.00024	-1.00000	-1.00000
1517	Gandy	Cluster	un	537841	0.04067	-1.00000	-1.00000	0.00302	-1.00000	-1.00000	0.01050	-1.00000	-1.00000	0.00018	-1.00000	-1.00000
1518	Gandy	Cluster	un	538592	0.06897	-1.00000	-1.00000	0.00760	-1.00000	-1.00000	0.00760	-1.00000	-1.00000	0.00012	-1.00000	-1.00000
1532	Gandy	Cluster	un	542692	0.05487	-1.00000	-1.00000	0.02974	-1.00000	-1.00000	0.00771	-1.00000	-1.00000	0.00064	-1.00000	-1.00000
1535	Gandy	Cluster	un	543511	0.04197	-1.00000	-1.00000	0.02717	-1.00000	-1.00000	0.02007	-1.00000	-1.00000	0.00067	-1.00000	-1.00000
1538	Gandy	Cluster	un	544310	0.30515	-1.00000	-1.00000	0.12370	-1.00000	-1.00000	0.14308	-1.00000	-1.00000	0.00045	-1.00000	-1.00000
1551	Gandy	Cluster	un	549144	0.04820	-1.00000	-1.00000	0.00374	-1.00000	-1.00000	0.03064	-1.00000	-1.00000	0.00023	-1.00000	-1.00000
1554	Gandy	Cluster	un	551620	0.03448	-1.00000	-1.00000	0.00246	-1.00000	-1.00000	0.00246	-1.00000	-1.00000	0.00009	-1.00000	-1.00000
1556	Gandy	Cluster	un	552401	-0.02813	-1.00000	-1.00000	-0.00378	-1.00000	-1.00000	-0.01091	-1.00000	-1.00000	0.00043	-1.00000	-1.00000
1557	Gandy	Cluster	un	553253	-0.00235	-1.00000	-1.00000	-0.00008	-1.00000	-1.00000	-0.00000	-1.00000	-1.00000	0.00004	-1.00000	-1.00000
1566	Gandy	Cluster	un	558105	0.80312	-1.00000	-1.00000	0.74880	-1.00000	-1.00000	0.77021	-1.00000	-1.00000	0.00107	-1.00000	-1.00000
1568	Gandy	Cluster	un	559767	0.09302	-1.00000	-1.00000	0.01497	-1.00000	-1.00000	0.00852	-1.00000	-1.00000	0.00021	-1.00000	-1.00000
1572	Gandy	Cluster	un	562320	0.00000	-1.00000	-1.00000	0.00000	-1.00000	-1.00000	-0.00502	-1.00000	-1.00000	0.00019	-1.00000	-1.00000
1589	Gandy	Cluster	un	567225	0.13205	-1.00000	-1.00000	0.02645	-1.00000	-1.00000	0.02685	-1.00000	-1.00000	0.00021	-1.00000	-1.00000
1590	Gandy	Cluster	un	568029	0.15234	-1.00000	-1.00000	0.07738	-1.00000	-1.00000	0.08929	-1.00000	-1.00000	0.00063	-1.00000	-1.00000
1598	Gandy	Cluster	un	572650	0.70488	-1.00000	-1.00000	0.62851	-1.00000	-1.00000	0.62533	-1.00000	-1.00000	0.00087	-1.00000	-1.00000
1603	Gandy	Cluster	un	573523	0.13205	-1.00000	-1.00000	0.02645	-1.00000	-1.00000	0.02685	-1.00000	-1.00000	0.00021	-1.00000	-1.00000
1605	Gandy	Cluster	un	574333	0.06897	-1.00000	-1.00000	0.00760	-1.00000	-1.00000	0.00760	-1.00000	-1.00000	0.00012	-1.00000	-1.00000
1609	Gandy	Cluster	un	577729	0.12643	-1.00000	-1.00000	0.02178	-1.00000	-1.00000	0.01646	-1.00000	-1.00000	0.00033	-1.00000	-1.00000
1616	Gandy	Cluster	un	579334	-0.00000	-1.00000	-1.00000	-0.00000	-1.00000	-1.00000	-0.00000	-1.00000	-1.00000	0.00004	-1.00000	-1.00000
1627	Gandy	Cluster	un	583063	0.00000	-1.00000	-1.00000	0.00000	-1.00000	-1.00000	-0.00000	-1.00000	-1.00000	0.00004	-1.00000	-1.00000
1644	Gandy	Cluster	un	589497	0.45419	-1.00000	-1.00000	0.27868	-1.00000	-1.00000	0.29725	-1.00000	-1.00000	0.00069	-1.00000	-1.00000
1646	Gandy	Cluster	un	590220	0.00561	-1.00000	-1.00000	0.00021	-1.00000	-1.00000	0.02159	-1.00000	-1.00000	0.00021	-1.00000	-1.00000
1647	Gandy	Cluster	un	591000	-0.02646	-1.00000	-1.00000	-0.02717	-1.00000	-1.00000	-0.03459	-1.00000	-1.00000	0.00071	-1.00000	-1.00000
1648	Gandy	Cluster	un	591789	0.27098	-1.00000	-1.00000	0.09781	-1.00000	-1.00000	0.11262	-1.00000	-1.00000	0.00053	-1.00000	-1.00000
1650	Gandy	Cluster	un	592601	0.25926	-1.00000	-1.00000	0.09396	-1.00000	-1.00000	0.08829	-1.00000	-1.00000	0.00047	-1.00000	-1.00000
1654	Gandy	Cluster	un	594226	0.00251	-1.00000	-1.00000	0.00009	-1.00000	-1.00000	0.00508	-1.00000	-1.00000	0.00013	-1.00000	-1.00000
1659	Gandy	Cluster	un	597263	0.00000	-1.00000	-1.00000	0.00000	-1.00000	-1.00000	-0.00502	-1.00000	-1.00000	0.00020	-1.00000	-1.00000
1662	Gandy	Cluster	un	598032	0.04420	-1.00000	-1.00000	0.00354	-1.00000	-1.00000	0.00705	-1.00000	-1.00000	0.00027	-1.00000	-1.00000
1671	Gandy	Cluster	un	602224	0.13793	-1.00000	-1.00000	0.02685	-1.00000	-1.00000	0.02685	-1.00000	-1.00000	0.00020	-1.00000	-1.00000
1681	Gandy	Cluster	un	608668	0.64934	-1.00000	-1.00000	0.54767	-1.00000	-1.00000	0.57423	-1.00000	-1.00000	0.00091	-1.00000	-1.00000
1686	Gandy	Cluster	un	610268	0.10345	-1.00000	-1.00000	0.01567	-1.00000	-1.00000	0.01567	-1.00000	-1.00000	0.00017	-1.00000	-1.00000
1693	Gandy	Cluster	un	614344	0.46785	-1.00000	-1.00000	0.27111	-1.00000	-1.00000	0.29194	-1.00000	-1.00000	0.00064	-1.00000	-1.00000
1715	Gandy	Cluster	un	625414	0.00251	-1.00000	-1.00000	0.00009	-1.00000	-1.00000	0.00508	-1.00000	-1.00000	0.00012	-1.00000	-1.00000
1722	Gandy	Cluster	un	628594	0.05748	-1.00000	-1.00000	0.00467	-1.00000	-1.00000	0.06452	-1.00000	-1.00000	0.00033	-1.00000	-1.00000
1724	Gandy	Cluster	un	630178	0.04067	-1.00000	-1.00000	0.00302	-1.00000	-1.00000	0.01050	-1.00000	-1.00000	0.00017	-1.00000	-1.00000
1735	Gandy	Cluster	un	635141	0.96296	-1.00000	-1.00000	0.96296	-1.00000	-1.00000	0.96296	-1.00000	-1.00000	0.00112	-1.00000	-1.00000
1757	Gandy	Cluster	un	644895	0.33578	-1.00000	-1.00000	0.29288	-1.00000	-1.00000	0.32703	-1.00000	-1.00000	0.00075	-1.00000	-1.00000
1767	Gandy	Cluster	un	648440	0.07407	-1.00000	-1.00000	0.00881	-1.00000	-1.00000	0.00361	-1.00000	-1.00000	0.00025	-1.00000	-1.00000
1771	Gandy	Cluster	un	649317	-0.00000	-1.00000	-1.00000	-0.00000	-1.00000	-1.00000	-0.01068	-1.00000	-1.00000	0.00028	-1.00000	-1.00000
1779	Gandy	Cluster	un	652753	0.05304	-1.00000	-1.00000	0.00446	-1.00000	-1.00000	0.03024	-1.00000	-1.00000	0.00039	-1.00000	-1.00000
1781	Gandy	Cluster	un	653521	0.44000	-1.00000	-1.00000	0.27386	-1.00000	-1.00000	0.28407	-1.00000	-1.00000	0.00064	-1.00000	-1.00000
1789	Gandy	Cluster	un	655626	0.07729	-1.00000	-1.00000	0.04432	-1.00000	-1.00000	0.04171	-1.00000	-1.00000	0.00061	-1.00000	-1.00000
1792	Gandy	Cluster	un	657916	0.07875	-1.00000	-1.00000	0.00908	-1.00000	-1.00000	0.00881	-1.00000	-1.00000	0.00014	-1.00000	-1.00000
1800	Gandy	Cluster	un	660322	0.78991	-1.00000	-1.00000	0.74853	-1.00000	-1.00000	0.71752	-1.00000	-1.00000	0.00104	-1.00000	-1.00000
1805	Gandy	Cluster	un	661922	0.95987	-1.00000	-1.00000	0.95653	-1.00000	-1.00000	0.95682	-1.00000	-1.00000	0.00126	-1.00000	-1.00000
1807	Gandy	Cluster	un	663583	0.29006	-1.00000	-1.00000	0.09910	-1.00000	-1.00000	0.12008	-1.00000	-1.00000	0.00044	-1.00000	-1.00000
1812	Gandy	Cluster	un	665978	0.09054	-1.00000	-1.00000	0.01094	-1.00000	-1.00000	0.04304	-1.00000	-1.00000	0.00040	-1.00000	-1.00000
1816	Gandy	Cluster	un	666559	0.19238	-1.00000	-1.00000	0.04856	-1.00000	-1.00000	0.06452	-1.00000	-1.00000	0.00033	-1.00000	-1.00000
1820	Gandy	Cluster	un	667368	0.09813	-1.00000	-1.00000	0.09892	-1.00000	-1.00000	0.09020	-1.00000	-1.00000	0.00077	-1.00000	-1.00000
1835	Gandy	Cluster	un	672955	0.05517	-1.00000	-1.00000	0.04305	-1.00000	-1.00000	0.07705	-1.00000	-1.00000	0.00093	-1.00000	-1.00000
1845	Gandy	Cluster	un	677373	0.13793	-1.00000	-1.00000	0.02685	-1.00000	-1.00000	0.02685	-1.00000	-1.00000	0.00023	-1.00000	-1.00000
1846	Gandy	Cluster	un	678092	0.00561	-1.00000	-1.00000	0.00021	-1.00000	-1.00000	-0.00000	-1.00000	-1.00000	0.00004	-1.00000	-1.00000
1855	Gandy	Cluster	un	682771	-0.00235	-1.00000	-1.00000	-0.00008	-1.00000	-1.00000	-0.00000	-1.00000	-1.00000	0.00004	-1.00000	-1.00000
1857	Gandy	Cluster	un	684427	0.13793	-1.00000	-1.00000	0.02685	-1.00000	-1.00000	0.02685	-1.00000	-1.00000	0.00021	-1.00000	-1.00000
1866	Gandy	Cluster	un	687699	0.17448	-1.00000	-1.00000	0.03767	-1.00000	-1.00000	0.07867	-1.00000	-1.00000	0.00037	-1.00000	-1.00000
1869	Gandy	Cluster	un	688513	-0.00235	-1.00000	-1.00000	-0.00008	-1.00000	-1.00000	0.00008	-1.00000	-1.00000	0.00011	-1.00000	-1.00000
1878	Gandy	Cluster	un	694132	0.19238	-1.00000	-1.00000	0.04856	-1.00000	-1.00000	0.06452	-1.00000	-1.00000	0.00033	-1.00000	-1.00000
1879	Gandy	Cluster	un	694948	0.02714	-1.00000	-1.00000	0.02804	-1.00000	-1.00000	0.03073	-1.00000	-1.00000	0.00079	-1.00000	-1.00000
1880	Gandy	Cluster	un	695645	0.03448	-1.00000	-1.00000	0.00246	-1.00000	-1.00000	0.00246	-1.00000	-1.00000	0.00008	-1.00000	-1.00000
1882	Gandy	Cluster	un	696446	0.03448	-1.00000	-1.00000	0.00246	-1.00000	-1.00000	0.00246	-1.00000	-1.00000	0.00008	-1.00000	-1.00000
1885	Gandy	Cluster	un	697249	0.38009	-1.00000	-1.00000	0.18506	-1.00000	-1.00000	0.23432	-1.00000	-1.00000	0.00053	-1.00000	-1.00000
1895	Gandy	Cluster	un	701236	0.04905	-1.00000	-1.00000	0.04056	-1.00000	-1.00000	0.03283	-1.00000	-1.00000	0.00064	-1.00000	-1.00000
1902	Gandy	Cluster	un	702966	-0.00000	-1.00000	-1.00000	-0.00000	-1.00000	-1.00000	-0.00000	-1.00000	-1.00000	0.00004	-1.00000	-1.00000
1903	Gandy	Cluster	un	703720	-0.00000	-1.00000	-1.00000	-0.00000	-1.00000	-1.00000	-0.00000	-1.00000	-1.00000	0.00005	-1.00000	-1.00000
1905	Gandy	Cluster	un	705274	0.06897	-1.00000	-1.00000	0.00760	-1.00000	-1.00000	0.00760	-1.00000	-1.00000	0.00013	-1.00000	-1.00000
1909	Gandy	Cluster	un	706910	0.10124	-1.00000	-1.00000	0.02797	-1.00000	-1.00000	0.01782	-1.00000	-1.00000	0.00037	-1.00000	-1.00000
1921	Gandy	Cluster	un	711756	0.02031	-1.00000	-1.00000	0.00885	-1.00000	-1.00000	0.01558	-1.00000	-1.00000	0.00054	-1.00000	-1.00000
1927	Gandy	Cluster	un	712562	-0.00000	-1.00000	-1.00000	-0.00000	-1.00000	-1.00000	-0.00000	-1.00000	-1.00000	0.00004	-1.00000	-1.00000
1928	Gandy	Cluster	un	713431	-0.00270	-1.00000	-1.00000	-0.00010	-1.00000	-1.00000	-0.00488	-1.00000	-1.00000	0.00024	-1.00000	-1.00000
1932	Gandy	Cluster	un	715799	0.13043	-1.00000	-1.00000	0.02542	-1.00000	-1.00000	0.00637	-1.00000	-1.00000	0.00054	-1.00000	-1.00000
1939	Gandy	Cluster	un	717393	0.32000	-1.00000	-1.00000	0.14487	-1.00000	-1.00000	0.19576	-1.00000	-1.00000	0.00055	-1.00000	-1.00000
1943	Gandy	Cluster	un	718974	-0.00000	-1.00000	-1.00000	-0.00000	-1.00000	-1.00000	-0.00000	-1.00000	-1.00000	0.00004	-1.00000	-1.00000
1948	Gandy	Cluster	un	721546	0.61928	-1.00000	-1.00000	0.50412	-1.00000	-1.00000	0.50664	-1.00000	-1.00000	0.00102	-1.00000	-1.00000
1949	Gandy	Cluster	un	722226	0.00290	-1.00000	-1.00000	0.00011	-1.00000	-1.00000	0.00088	-1.00000	-1.00000	0.00027	-1.00000	-1.00000
1962	Gandy	Cluster	un	724591	0.00290	-1.00000	-1.00000	0.00011	-1.00000	-1.00000	0.00088	-1.00000	-1.00000	0.00027	-1.00000	-1.00000
1969	Gandy	Cluster	un	728592	0.05748	-1.00000	-1.00000	0.00467	-1.00000	-1.00000	0.06452	-1.00000	-1.00000	0.00033	-1.00000	-1.00000
1977	Gandy	Cluster	un	732070	0.00561	-1.00000	-1.00000	0.00021	-1.00000	-1.00000	0.02159	-1.00000	-1.00000	0.00020	-1.00000	-1.00000
1982	Gandy	Cluster	un	733670	0.31823	-1.00000	-1.00000	0.21707	-1.00000	-1.00000	0.21653	-1.00000	-1.00000	0.00062	-1.00000	-1.00000
1987	Gandy	Cluster	un	737601	-0.00270	-1.00000	-1.00000	-0.00010	-1.00000	-1.00000	-0.00488	-1.00000	-1.00000	0.00026	-1.00000	-1.00000
1991	Gandy	Cluster	un	739262	-0.00000	-1.00000	-1.00000	-0.00000	-1.00000	-1.00000	-0.00000	-1.00000	-1.00000	0.00004	-1.00000	-1.00000
1994	Gandy	Cluster	un	740788	-0.03684	-1.00000	-1.00000	-0.03334	-1.00000	-1.00000	-0.03459	-1.00000	-1.00000	0.00062	-1.00000	-1.00000
1999	Gandy	Cluster	un	741686	0.07875	-1.00000	-1.00000	0.00908	-1.00000	-1.00000	0.01894	-1.00000	-1.00000	0.00022	-1.00000	-1.00000
2002	Gandy	Cluster	un	743386	-0.03660	-1.00000	-1.00000	-0.01370	-1.00000	-1.00000	0.00362	-1.00000	-1.00000	0.00044	-1.00000	-1.00000
2003	Gandy	Cluster	un	744223	0.36961	-1.00000	-1.00000	0.17428	-1.00000	-1.00000	0.17266	-1.00000	-1.00000	0.00044	-1.00000	-1.00000
2008	Gandy	Cluster	un	747152	0.16000	-1.00000	-1.00000	0.03670	-1.00000	-1.00000	0.07867	-1.00000	-1.00000	0.00055	-1.00000	-1.00000
2013	Gandy	Cluster	un	748498	0.59664	-1.00000	-1.00000	0.44335	-1.00000	-1.00000	0.45887	-1.00000	-1.00000	0.00075	-1.00000	-1.00000
2020	Gandy	Cluster	un	751108	0.34255	-1.00000	-1.00000	0.15689	-1.00000	-1.00000	0.17666	-1.00000	-1.00000	0.00051	-1.00000	-1.00000
2024	Gandy	Cluster	un	753557	0.16000	-1.00000	-1.00000	0.03670	-1.00000	-1.00000	0.03670	-1.00000	-1.00000	0.00021	-1.00000	-1.00000
2025	Gandy	Cluster	un	754465	-0.03841	-1.00000	-1.00000	-0.00296	-1.00000	-1.00000	0.01378	-1.00000	-1.00000	0.00023	-1.00000	-1.00000
2051	Gandy	Cluster	un	764115	-0.03448	-1.00000	-1.00000	-0.00238	-1.00000	-1.00000	-0.00238	-1.00000	-1.00000	0.00008	-1.00000	-1.00000
2056	Gandy	Cluster	un	765690	0.00251	-1.00000	-1.00000	0.00009	-1.00000	-1.00000	0.00508	-1.00000	-1.00000	0.00013	-1.00000	-1.00000
2057	Gandy	Cluster	un	766467	-0.02844	-1.00000	-1.00000	-0.01366	-1.00000	-1.00000	0.00028	-1.00000	-1.00000	0.00052	-1.00000	-1.00000
2070	Gandy	Cluster	un	772920	0.58931	-1.00000	-1.00000	0.59611	-1.00000	-1.00000	0.59582	-1.00000	-1.00000	0.00089	-1.00000	-1.00000
2074	Gandy	Cluster	un	774529	1.00000	-1.00000	-1.00000	1.00000	-1.00000	-1.00000	1.00000	-1.00000	-1.00000	0.00145	-1.00000	-1.00000
2077	Gandy	Cluster	un	775992	0.06897	-1.00000	-1.00000	0.00760	-1.00000	-1.00000	0.00760	-1.00000	-1.00000	0.00013	-1.00000	-1.00000
2082	Gandy	Cluster	un	776745	0.10345	-1.00000	-1.00000	0.01567	-1.00000	-1.00000	0.01567	-1.00000	-1.00000	0.00019	-1.00000	-1.00000
2089	Gandy	Cluster	un	779915	0.13712	-1.00000	-1.00000	0.07193	-1.00000	-1.00000	0.08126	-1.00000	-1.00000	0.00065	-1.00000	-1.00000
2099	Gandy	Cluster	un	784818	0.05304	-1.00000	-1.00000	0.00446	-1.00000	-1.00000	0.03024	-1.00000	-1.00000	0.00033	-1.00000	-1.00000
2100	Gandy	Cluster	un	785741	-0.00000	-1.00000	-1.00000	-0.00000	-1.00000	-1.00000	-0.00000	-1.00000	-1.00000	0.00004	-1.00000	-1.00000
2101	Gandy	Cluster	un	786542	-0.00000	-1.00000	-1.00000	-0.00000	-1.00000	-1.00000	-0.00000	-1.00000	-1.00000	0.00004	-1.00000	-1.00000
2102	Gandy	Cluster	un	787417	-0.00235	-1.00000	-1.00000	-0.00008	-1.00000	-1.00000	0.00008	-1.00000	-1.00000	0.00012	-1.00000	-1.00000
2109	Gandy	Cluster	un	788243	0.07875	-1.00000	-1.00000	0.00908	-1.00000	-1.00000	0.01894	-1.00000	-1.00000	0.00020	-1.00000	-1.00000
2120	Gandy	Cluster	un	793127	0.06897	-1.00000	-1.00000	0.00760	-1.00000	-1.00000	0.00760	-1.00000	-1.00000	0.00013	-1.00000	-1.00000
2126	Gandy	Cluster	un	795529	0.03114	-1.00000	-1.00000	0.00229	-1.00000	-1.00000	0.00018	-1.00000	-1.00000	0.00016	-1.00000	-1.00000
2129	Gandy	Cluster	un	797823	0.17774	-1.00000	-1.00000	0.04751	-1.00000	-1.00000	0.03528	-1.00000	-1.00000	0.00038	-1.00000	-1.00000
2132	Gandy	Cluster	un	800247	0.00000	-1.00000	-1.00000	0.00000	-1.00000	-1.00000	-0.00502	-1.00000	-1.00000	0.00018	-1.00000	-1.00000
2138	Gandy	Cluster	un	801134	0.39130	-1.00000	-1.00000	0.21845	-1.00000	-1.00000	0.19058	-1.00000	-1.00000	0.00064	-1.00000	-1.00000
2140	Gandy	Cluster	un	801954	0.63874	-1.00000	-1.00000	0.50496	-1.00000	-1.00000	0.55838	-1.00000	-1.00000	0.00085	-1.00000	-1.00000
2148	Gandy	Cluster	un	805974	0.06897	-1.00000	-1.00000	0.00760	-1.00000	-1.00000	0.00760	-1.00000	-1.00000	0.00012	-1.00000	-1.00000
2150	Gandy	Cluster	un	806801	0.07407	-1.00000	-1.00000	0.00881	-1.00000	-1.00000	0.01894	-1.00000	-1.00000	0.00019	-1.00000	-1.00000
2151	Gandy	Cluster	un	807687	0.06920	-1.00000	-1.00000	0.00850	-1.00000	-1.00000	0.00265	-1.00000	-1.00000	0.00027	-1.00000	-1.00000
2156	Gandy	Cluster	un	811000	0.09834	-1.00000	-1.00000	0.01534	-1.00000	-1.00000	0.00883	-1.00000	-1.00000	0.00023	-1.00000	-1.00000
2161	Gandy	Cluster	un	811848	0.00000	-1.00000	-1.00000	0.00000	-1.00000	-1.00000	-0.00000	-1.00000	-1.00000	0.00005	-1.00000	-1.00000
2164	Gandy	Cluster	un	814274	0.00951	-1.00000	-1.00000	0.00037	-1.00000	-1.00000	0.05121	-1.00000	-1.00000	0.00028	-1.00000	-1.00000
2173	Gandy	Cluster	un	817459	-0.00235	-1.00000	-1.00000	-0.00008	-1.00000	-1.00000	-0.00000	-1.00000	-1.00000	0.00005	-1.00000	-1.00000
2175	Gandy	Cluster	un	818978	0.04067	-1.00000	-1.00000	0.00302	-1.00000	-1.00000	0.01050	-1.00000	-1.00000	0.00017	-1.00000	-1.00000
2188	Gandy	Cluster	un	825368	0.00561	-1.00000	-1.00000	0.00021	-1.00000	-1.00000	-0.00000	-1.00000	-1.00000	0.00004	-1.00000	-1.00000
2199	Gandy	Cluster	un	828586	0.09920	-1.00000	-1.00000	0.01731	-1.00000	-1.00000	0.01045	-1.00000	-1.00000	0.00034	-1.00000	-1.00000
2205	Gandy	Cluster	un	831843	0.10345	-1.00000	-1.00000	0.01567	-1.00000	-1.00000	0.01567	-1.00000	-1.00000	0.00017	-1.00000	-1.00000
2206	Gandy	Cluster	un	832625	0.22222	-1.00000	-1.00000	0.06897	-1.00000	-1.00000	0.08696	-1.00000	-1.00000	0.00040	-1.00000	-1.00000
2212	Gandy	Cluster	un	834851	0.00340	-1.00000	-1.00000	0.00014	-1.00000	-1.00000	-0.00378	-1.00000	-1.00000	0.00041	-1.00000	-1.00000
2221	Gandy	Cluster	un	838098	-0.00000	-1.00000	-1.00000	-0.00000	-1.00000	-1.00000	-0.00000	-1.00000	-1.00000	0.00004	-1.00000	-1.00000
2234	Gandy	Cluster	un	842173	0.07875	-1.00000	-1.00000	0.00908	-1.00000	-1.00000	0.00881	-1.00000	-1.00000	0.00013	-1.00000	-1.00000
2244	Gandy	Cluster	un	845297	0.33518	-1.00000	-1.00000	0.13430	-1.00000	-1.00000	0.18797	-1.00000	-1.00000	0.00050	-1.00000	-1.00000
2246	Gandy	Cluster	un	846994	0.11672	-1.00000	-1.00000	0.01853	-1.00000	-1.00000	0.03064	-1.00000	-1.00000	0.00024	-1.00000	-1.00000
2259	Gandy	Cluster	un	851882	0.00290	-1.00000	-1.00000	0.00011	-1.00000	-1.00000	-0.00000	-1.00000	-1.00000	0.00005	-1.00000	-1.00000
2263	Gandy	Cluster	un	854251	0.04067	-1.00000	-1.00000	0.00302	-1.00000	-1.00000	0.01050	-1.00000	-1.00000	0.00017	-1.00000	-1.00000
2269	Gandy	Cluster	un	856555	-0.00000	-1.00000	-1.00000	-0.00000	-1.00000	-1.00000	-0.00000	-1.00000	-1.00000	0.00004	-1.00000	-1.00000
2273	Gandy	Cluster	un	858164	0.14815	-1.00000	-1.00000	0.03120	-1.00000	-1.00000	0.03120	-1.00000	-1.00000	0.00022	-1.00000	-1.00000
2277	Gandy	Cluster	un	858978	0.70370	-1.00000	-1.00000	0.63758	-1.00000	-1.00000	0.64526	-1.00000	-1.00000	0.00092	-1.00000	-1.00000
2280	Gandy	Cluster	un	860602	-0.03181	-1.00000	-1.00000	-0.00390	-1.00000	-1.00000	0.00571	-1.00000	-1.00000	0.00041	-1.00000	-1.00000
2286	Gandy	Cluster	un	862197	0.00951	-1.00000	-1.00000	0.00037	-1.00000	-1.00000	0.05121	-1.00000	-1.00000	0.00028	-1.00000	-1.00000
2292	Gandy	Cluster	un	864446	0.08000	-1.00000	-1.00000	0.01033	-1.00000	-1.00000	-0.00090	-1.00000	-1.00000	0.00037	-1.00000	-1.00000
2294	Gandy	Cluster	un	865299	0.13205	-1.00000	-1.00000	0.02645	-1.00000	-1.00000	0.02685	-1.00000	-1.00000	0.00022	-1.00000	-1.00000
2297	Gandy	Cluster	un	867712	0.00000	-1.00000	-1.00000	0.00000	-1.00000	-1.00000	-0.00009	-1.00000	-1.00000	0.00013	-1.00000	-1.00000
2304	Gandy	Cluster	un	870949	0.07407	-1.00000	-1.00000	0.00881	-1.00000	-1.00000	0.00361	-1.00000	-1.00000	0.00028	-1.00000	-1.00000
2308	Gandy	Cluster	un	873363	0.03448	-1.00000	-1.00000	0.00246	-1.00000	-1.00000	0.00246	-1.00000	-1.00000	0.00009	-1.00000	-1.00000
2316	Gandy	Cluster	un	876472	0.12024	-1.00000	-1.00000	0.12294	-1.00000	-1.00000	0.11550	-1.00000	-1.00000	0.00076	-1.00000	-1.00000
2325	Gandy	Cluster	un	880596	0.25744	-1.00000	-1.00000	0.08247	-1.00000	-1.00000	0.10158	-1.00000	-1.00000	0.00039	-1.00000	-1.00000
2329	Gandy	Cluster	un	881426	-0.00000	-1.00000	-1.00000	-0.00000	-1.00000	-1.00000	-0.00000	-1.00000	-1.00000	0.00004	-1.00000	-1.00000
2354	Gandy	Cluster	un	886792	0.00251	-1.00000	-1.00000	0.00009	-1.00000	-1.00000	-0.00000	-1.00000	-1.00000	0.00005	-1.00000	-1.00000
2364	Gandy	Cluster	un	891515	0.08000	-1.00000	-1.00000	0.01033	-1.00000	-1.00000	-0.00142	-1.00000	-1.00000	0.00041	-1.00000	-1.00000
2367	Gandy	Cluster	un	893813	0.10495	-1.00000	-1.00000	0.01335	-1.00000	-1.00000	0.08145	-1.00000	-1.00000	0.00036	-1.00000	-1.00000
2376	Gandy	Cluster	un	897917	0.02299	-1.00000	-1.00000	0.02247	-1.00000	-1.00000	0.02247	-1.00000	-1.00000	0.00060	-1.00000	-1.00000
2383	Gandy	Cluster	un	902517	0.46785	-1.00000	-1.00000	0.27111	-1.00000	-1.00000	0.35334	-1.00000	-1.00000	0.00070	-1.00000	-1.00000
2388	Gandy	Cluster	un	904843	-0.00565	-1.00000	-1.00000	-0.00022	-1.00000	-1.00000	0.00778	-1.00000	-1.00000	0.00032	-1.00000	-1.00000
2404	Gandy	Cluster	un	909757	0.35834	-1.00000	-1.00000	0.26128	-1.00000	-1.00000	0.27758	-1.00000	-1.00000	0.00071	-1.00000	-1.00000
2405	Gandy	Cluster	un	910509	-0.00000	-1.00000	-1.00000	-0.00000	-1.00000	-1.00000	-0.00000	-1.00000	-1.00000	0.00004	-1.00000	-1.00000
2414	Gandy	Cluster	un	912910	-0.01698	-1.00000	-1.00000	-0.01447	-1.00000	-1.00000	-0.00385	-1.00000	-1.00000	0.00077	-1.00000	-1.00000
2416	Gandy	Cluster	un	913668	0.04348	-1.00000	-1.00000	0.00394	-1.00000	-1.00000	-0.00033	-1.00000	-1.00000	0.00041	-1.00000	-1.00000
2419	Gandy	Cluster	un	915365	0.04067	-1.00000	-1.00000	0.00302	-1.00000	-1.00000	0.00284	-1.00000	-1.00000	0.00009	-1.00000	-1.00000
2423	Gandy	Cluster	un	917014	0.03730	-1.00000	-1.00000	0.01918	-1.00000	-1.00000	0.03971	-1.00000	-1.00000	0.00059	-1.00000	-1.00000
2424	Gandy	Cluster	un	917820	0.00561	-1.00000	-1.00000	0.00021	-1.00000	-1.00000	0.02159	-1.00000	-1.00000	0.00020	-1.00000	-1.00000
2432	Gandy	Cluster	un	922479	-0.00235	-1.00000	-1.00000	-0.00008	-1.00000	-1.00000	-0.00000	-1.00000	-1.00000	0.00004	-1.00000	-1.00000
2434	Gandy	Cluster	un	923257	-0.03039	-1.00000	-1.00000	-0.01941	-1.00000	-1.00000	-0.02512	-1.00000	-1.00000	0.00064	-1.00000	-1.00000
2435	Gandy	Cluster	un	924031	0.61204	-1.00000	-1.00000	0.51703	-1.00000	-1.00000	0.50788	-1.00000	-1.00000	0.00077	-1.00000	-1.00000
2437	Gandy	Cluster	un	925739	0.44000	-1.00000	-1.00000	0.27386	-1.00000	-1.00000	0.24973	-1.00000	-1.00000	0.00072	-1.00000	-1.00000
2439	Gandy	Cluster	un	927317	0.85020	-1.00000	-1.00000	0.82221	-1.00000	-1.00000	0.82891	-1.00000	-1.00000	0.00107	-1.00000	-1.00000
2443	Gandy	Cluster	un	929670	0.08538	-1.00000	-1.00000	0.01066	-1.00000	-1.00000	0.01674	-1.00000	-1.00000	0.00033	-1.00000	-1.00000
2446	Gandy	Cluster	un	931156	0.04838	-1.00000	-1.00000	0.00422	-1.00000	-1.00000	-0.00680	-1.00000	-1.00000	0.00036	-1.00000	-1.00000
2447	Gandy	Cluster	un	931989	-0.00000	-1.00000	-1.00000	-0.00000	-1.00000	-1.00000	-0.00000	-1.00000	-1.00000	0.00004	-1.00000	-1.00000
2450	Gandy	Cluster	un	934419	0.17391	-1.00000	-1.00000	0.04376	-1.00000	-1.00000	0.07897	-1.00000	-1.00000	0.00047	-1.00000	-1.00000
2452	Gandy	Cluster	un	936104	0.08918	-1.00000	-1.00000	0.08289	-1.00000	-1.00000	0.09112	-1.00000	-1.00000	0.00073	-1.00000	-1.00000
2456	Gandy	Cluster	un	937683	0.32377	-1.00000	-1.00000	0.15551	-1.00000	-1.00000	0.13267	-1.00000	-1.00000	0.00055	-1.00000	-1.00000
2457	Gandy	Cluster	un	938489	-0.03558	-1.00000	-1.00000	-0.00527	-1.00000	-1.00000	-0.00227	-1.00000	-1.00000	0.00021	-1.00000	-1.00000
2474	Gandy	Cluster	un	944271	0.03448	-1.00000	-1.00000	0.00246	-1.00000	-1.00000	0.00246	-1.00000	-1.00000	0.00008	-1.00000	-1.00000
2477	Gandy	Cluster	un	945833	0.00421	-1.00000	-1.00000	0.00331	-1.00000	-1.00000	0.00695	-1.00000	-1.00000	0.00068	-1.00000	-1.00000
2483	Gandy	Cluster	un	948850	0.00251	-1.00000	-1.00000	0.00009	-1.00000	-1.00000	-0.00000	-1.00000	-1.00000	0.00004	-1.00000	-1.00000
2487	Gandy	Cluster	un	950996	0.24449	-1.00000	-1.00000	0.06949	-1.00000	-1.00000	0.11957	-1.00000	-1.00000	0.00044	-1.00000	-1.00000
2499	Gandy	Cluster	un	956551	0.00561	-1.00000	-1.00000	0.00021	-1.00000	-1.00000	0.02159	-1.00000	-1.00000	0.00020	-1.00000	-1.00000
2502	Gandy	Cluster	un	958959	-0.02245	-1.00000	-1.00000	-0.00238	-1.00000	-1.00000	-0.00238	-1.00000	-1.00000	0.00015	-1.00000	-1.00000
2504	Gandy	Cluster	un	960452	-0.00000	-1.00000	-1.00000	-0.00000	-1.00000	-1.00000	-0.00000	-1.00000	-1.00000	0.00004	-1.00000	-1.00000
2512	Gandy	Cluster	un	962842	0.00251	-1.00000	-1.00000	0.00009	-1.00000	-1.00000	0.00508	-1.00000	-1.00000	0.00013	-1.00000	-1.00000
2513	Gandy	Cluster	un	963635	-0.00000	-1.00000	-1.00000	-0.00000	-1.00000	-1.00000	-0.00000	-1.00000	-1.00000	0.00004	-1.00000	-1.00000
2516	Gandy	Cluster	un	965262	-0.00235	-1.00000	-1.00000	-0.00008	-1.00000	-1.00000	0.00008	-1.00000	-1.00000	0.00012	-1.00000	-1.00000
2518	Gandy	Cluster	un	966090	0.02912	-1.00000	-1.00000	0.00239	-1.00000	-1.00000	0.00518	-1.00000	-1.00000	0.00035	-1.00000	-1.00000
2520	Gandy	Cluster	un	966935	0.07875	-1.00000	-1.00000	0.00908	-1.00000	-1.00000	0.01894	-1.00000	-1.00000	0.00019	-1.00000	-1.00000
2525	Gandy	Cluster	un	969534	0.00656	-1.00000	-1.00000	0.00026	-1.00000	-1.00000	0.01989	-1.00000	-1.00000	0.00032	-1.00000	-1.00000
2532	Gandy	Cluster	un	972839	0.09054	-1.00000	-1.00000	0.01094	-1.00000	-1.00000	0.04304	-1.00000	-1.00000	0.00029	-1.00000	-1.00000
2535	Gandy	Cluster	un	975264	0.52973	-1.00000	-1.00000	0.53766	-1.00000	-1.00000	0.53348	-1.00000	-1.00000	0.00096	-1.00000	-1.00000
2538	Gandy	Cluster	un	977732	0.07875	-1.00000	-1.00000	0.00908	-1.00000	-1.00000	0.00881	-1.00000	-1.00000	0.00013	-1.00000	-1.00000
2541	Gandy	Cluster	un	978552	-0.00000	-1.00000	-1.00000	-0.00000	-1.00000	-1.00000	-0.00000	-1.00000	-1.00000	0.00004	-1.00000	-1.00000
2548	Gandy	Cluster	un	983391	0.00245	-1.00000	-1.00000	0.00042	-1.00000	-1.00000	-0.00860	-1.00000	-1.00000	0.00037	-1.00000	-1.00000
2551	Gandy	Cluster	un	984930	-0.02595	-1.00000	-1.00000	-0.00320	-1.00000	-1.00000	-0.00937	-1.00000	-1.00000	0.00034	-1.00000	-1.00000
2554	Gandy	Cluster	un	985737	0.00290	-1.00000	-1.00000	0.00011	-1.00000	-1.00000	0.00088	-1.00000	-1.00000	0.00026	-1.00000	-1.00000
2559	Gandy	Cluster	un	988157	0.00561	-1.00000	-1.00000	0.00021	-1.00000	-1.00000	0.02159	-1.00000	-1.00000	0.00020	-1.00000	-1.00000
2561	Gandy	Cluster	un	988993	0.06897	-1.00000	-1.00000	0.00760	-1.00000	-1.00000	0.00760	-1.00000	-1.00000	0.00012	-1.00000	-1.00000
2562	Gandy	Cluster	un	989840	0.09054	-1.00000	-1.00000	0.01094	-1.00000	-1.00000	0.01033	-1.00000	-1.00000	0.00014	-1.00000	-1.00000
2566	Gandy	Cluster	un	993038	0.17241	-1.00000	-1.00000	0.04132	-1.00000	-1.00000	0.04132	-1.00000	-1.00000	0.00026	-1.00000	-1.00000
2570	Gandy	Cluster	un	994589	0.05304	-1.00000	-1.00000	0.00446	-1.00000	-1.00000	0.03024	-1.00000	-1.00000	0.00036	-1.00000	-1.00000
2586	Gandy	Cluster	un	1002254	-0.03787	-1.00000	-1.00000	-0.01665	-1.00000	-1.00000	-0.01796	-1.00000	-1.00000	0.00056	-1.00000	-1.00000
2593	Gandy	Cluster	un	1005416	0.00251	-1.00000	-1.00000	0.00009	-1.00000	-1.00000	0.00508	-1.00000	-1.00000	0.00012	-1.00000	-1.00000
2599	Gandy	Cluster	un	1006259	0.03114	-1.00000	-1.00000	0.00229	-1.00000	-1.00000	0.00246	-1.00000	-1.00000	0.00008	-1.00000	-1.00000
2604	Gandy	Cluster	un	1008720	0.00251	-1.00000	-1.00000	0.00009	-1.00000	-1.00000	0.00508	-1.00000	-1.00000	0.00013	-1.00000	-1.00000
2615	Gandy	Cluster	un	1012048	0.41046	-1.00000	-1.00000	0.22754	-1.00000	-1.00000	0.22680	-1.00000	-1.00000	0.00052	-1.00000	-1.00000
2618	Gandy	Cluster	un	1013638	0.03114	-1.00000	-1.00000	0.00229	-1.00000	-1.00000	0.00246	-1.00000	-1.00000	0.00008	-1.00000	-1.00000
2626	Gandy	Cluster	un	1017543	0.31934	-1.00000	-1.00000	0.32769	-1.00000	-1.00000	0.29570	-1.00000	-1.00000	0.00082	-1.00000	-1.00000
2655	Gandy	Cluster	un	1030251	-0.00000	-1.00000	-1.00000	-0.00000	-1.00000	-1.00000	-0.00000	-1.00000	-1.00000	0.00004	-1.00000	-1.00000
2656	Gandy	Cluster	un	1031115	-0.01583	-1.00000	-1.00000	-0.01085	-1.00000	-1.00000	-0.00277	-1.00000	-1.00000	0.00059	-1.00000	-1.00000
2657	Gandy	Cluster	un	1031868	0.04820	-1.00000	-1.00000	0.00374	-1.00000	-1.00000	0.01220	-1.00000	-1.00000	0.00018	-1.00000	-1.00000
2661	Gandy	Cluster	un	1033500	-0.00270	-1.00000	-1.00000	-0.00010	-1.00000	-1.00000	-0.00488	-1.00000	-1.00000	0.00028	-1.00000	-1.00000
2665	Gandy	Cluster	un	1035945	0.00290	-1.00000	-1.00000	0.00011	-1.00000	-1.00000	0.02159	-1.00000	-1.00000	0.00019	-1.00000	-1.00000
2671	Gandy	Cluster	un	1038516	0.00251	-1.00000	-1.00000	0.00009	-1.00000	-1.00000	0.00508	-1.00000	-1.00000	0.00012	-1.00000	-1.00000
2674	Gandy	Cluster	un	1040178	0.02760	-1.00000	-1.00000	0.00210	-1.00000	-1.00000	0.00883	-1.00000	-1.00000	0.00023	-1.00000	-1.00000
2675	Gandy	Cluster	un	1041012	0.04067	-1.00000	-1.00000	0.00302	-1.00000	-1.00000	0.00284	-1.00000	-1.00000	0.00013	-1.00000	-1.00000
2678	Gandy	Cluster	un	1042318	0.00561	-1.00000	-1.00000	0.00021	-1.00000	-1.00000	0.02159	-1.00000	-1.00000	0.00020	-1.00000	-1.00000
2679	Gandy	Cluster	un	1043157	0.17241	-1.00000	-1.00000	0.04132	-1.00000	-1.00000	0.04132	-1.00000	-1.00000	0.00024	-1.00000	-1.00000
2684	Gandy	Cluster	un	1045703	0.17177	-1.00000	-1.00000	0.15718	-1.00000	-1.00000	0.16065	-1.00000	-1.00000	0.00068	-1.00000	-1.00000
2685	Gandy	Cluster	un	1046588	-0.00000	-1.00000	-1.00000	-0.00000	-1.00000	-1.00000	-0.00000	-1.00000	-1.00000	0.00004	-1.00000	-1.00000
2686	Gandy	Cluster	un	1047391	0.60174	-1.00000	-1.00000	0.47845	-1.00000	-1.00000	0.49123	-1.00000	-1.00000	0.00079	-1.00000	-1.00000
2687	Gandy	Cluster	un	1048194	0.00290	-1.00000	-1.00000	0.00011	-1.00000	-1.00000	0.00088	-1.00000	-1.00000	0.00027	-1.00000	-1.00000
2688	Gandy	Cluster	un	1048984	-0.00235	-1.00000	-1.00000	-0.00008	-1.00000	-1.00000	-0.00000	-1.00000	-1.00000	0.00007	-1.00000	-1.00000
2713	Gandy	Cluster	un	1061344	0.09920	-1.00000	-1.00000	0.01731	-1.00000	-1.00000	0.00439	-1.00000	-1.00000	0.00036	-1.00000	-1.00000
2718	Gandy	Cluster	un	1063758	0.08000	-1.00000	-1.00000	0.01033	-1.00000	-1.00000	0.01493	-1.00000	-1.00000	0.00037	-1.00000	-1.00000
2724	Gandy	Cluster	un	1066170	0.03704	-1.00000	-1.00000	0.00284	-1.00000	-1.00000	-0.00227	-1.00000	-1.00000	0.00022	-1.00000	-1.00000
2725	Gandy	Cluster	un	1067006	0.19238	-1.00000	-1.00000	0.04856	-1.00000	-1.00000	0.04808	-1.00000	-1.00000	0.00040	-1.00000	-1.00000
2726	Gandy	Cluster	un	1067536	0.23578	-1.00000	-1.00000	0.06894	-1.00000	-1.00000	0.11246	-1.00000	-1.00000	0.00052	-1.00000	-1.00000
2730	Gandy	Cluster	un	1068356	0.03448	-1.00000	-1.00000	0.00246	-1.00000	-1.00000	0.00246	-1.00000	-1.00000	0.00008	-1.00000	-1.00000
2747	Gandy	Cluster	un	1080096	1.00000	-1.00000	-1.00000	1.00000	-1.00000	-1.00000	0.99490	-1.00000	-1.00000	0.00132	-1.00000	-1.00000
2755	Gandy	Cluster	un	1084774	0.00251	-1.00000	-1.00000	0.00009	-1.00000	-1.00000	0.00508	-1.00000	-1.00000	0.00013	-1.00000	-1.00000
2764	Gandy	Cluster	un	1088692	0.17448	-1.00000	-1.00000	0.03767	-1.00000	-1.00000	0.05342	-1.00000	-1.00000	0.00032	-1.00000	-1.00000
2772	Gandy	Cluster	un	1091874	0.00251	-1.00000	-1.00000	0.00009	-1.00000	-1.00000	0.00508	-1.00000	-1.00000	0.00013	-1.00000	-1.00000
2777	Gandy	Cluster	un	1094306	0.92839	-1.00000	-1.00000	0.92331	-1.00000	-1.00000	0.92388	-1.00000	-1.00000	0.00126	-1.00000	-1.00000
2781	Gandy	Cluster	un	1095892	0.00251	-1.00000	-1.00000	0.00009	-1.00000	-1.00000	0.00508	-1.00000	-1.00000	0.00012	-1.00000	-1.00000
2801	Gandy	Cluster	un	1104529	0.17000	-1.00000	-1.00000	0.04685	-1.00000	-1.00000	0.02974	-1.00000	-1.00000	0.00050	-1.00000	-1.00000
2811	Gandy	Cluster	un	1111191	0.19640	-1.00000	-1.00000	0.20255	-1.00000	-1.00000	0.18248	-1.00000	-1.00000	0.00086	-1.00000	-1.00000
2814	Gandy	Cluster	un	1112776	0.00251	-1.00000	-1.00000	0.00009	-1.00000	-1.00000	-0.00000	-1.00000	-1.00000	0.00004	-1.00000	-1.00000
2825	Gandy	Cluster	un	1116805	0.00656	-1.00000	-1.00000	0.00026	-1.00000	-1.00000	0.05121	-1.00000	-1.00000	0.00030	-1.00000	-1.00000
2829	Gandy	Cluster	un	1119149	0.54037	-1.00000	-1.00000	0.37872	-1.00000	-1.00000	0.41806	-1.00000	-1.00000	0.00072	-1.00000	-1.00000
2837	Gandy	Cluster	un	1121563	0.04067	-1.00000	-1.00000	0.00302	-1.00000	-1.00000	0.00284	-1.00000	-1.00000	0.00009	-1.00000	-1.00000
2840	Gandy	Cluster	un	1122359	0.00561	-1.00000	-1.00000	0.00021	-1.00000	-1.00000	0.02159	-1.00000	-1.00000	0.00020	-1.00000	-1.00000
2843	Gandy	Cluster	un	1123783	-0.00000	-1.00000	-1.00000	-0.00000	-1.00000	-1.00000	-0.00050	-1.00000	-1.00000	0.00028	-1.00000	-1.00000
2849	Gandy	Cluster	un	1126214	0.08538	-1.00000	-1.00000	0.01066	-1.00000	-1.00000	0.01674	-1.00000	-1.00000	0.00035	-1.00000	-1.00000
2853	Gandy	Cluster	un	1127885	0.11672	-1.00000	-1.00000	0.01853	-1.00000	-1.00000	0.03064	-1.00000	-1.00000	0.00023	-1.00000	-1.00000
2855	Gandy	Cluster	un	1129585	0.09613	-1.00000	-1.00000	0.02640	-1.00000	-1.00000	0.02640	-1.00000	-1.00000	0.00027	-1.00000	-1.00000
2859	Gandy	Cluster	un	1131888	0.19845	-1.00000	-1.00000	0.04545	-1.00000	-1.00000	0.09204	-1.00000	-1.00000	0.00041	-1.00000	-1.00000
2860	Gandy	Cluster	un	1132664	0.04067	-1.00000	-1.00000	0.00302	-1.00000	-1.00000	0.01050	-1.00000	-1.00000	0.00017	-1.00000	-1.00000
2863	Gandy	Cluster	un	1134215	0.05236	-1.00000	-1.00000	0.02794	-1.00000	-1.00000	0.04179	-1.00000	-1.00000	0.00050	-1.00000	-1.00000
2865	Gandy	Cluster	un	1135891	0.62928	-1.00000	-1.00000	0.50457	-1.00000	-1.00000	0.52299	-1.00000	-1.00000	0.00096	-1.00000	-1.00000
2868	Gandy	Cluster	un	1138175	0.31862	-1.00000	-1.00000	0.19314	-1.00000	-1.00000	0.16937	-1.00000	-1.00000	0.00069	-1.00000	-1.00000
2871	Gandy	Cluster	un	1140572	0.92874	-1.00000	-1.00000	0.92874	-1.00000	-1.00000	0.92858	-1.00000	-1.00000	0.00119	-1.00000	-1.00000
2873	Gandy	Cluster	un	1141364	0.09834	-1.00000	-1.00000	0.01534	-1.00000	-1.00000	0.01567	-1.00000	-1.00000	0.00016	-1.00000	-1.00000
2874	Gandy	Cluster	un	1142194	0.23006	-1.00000	-1.00000	0.06951	-1.00000	-1.00000	0.08696	-1.00000	-1.00000	0.00038	-1.00000	-1.00000
2882	Gandy	Cluster	un	1147833	-0.00000	-1.00000	-1.00000	-0.00000	-1.00000	-1.00000	-0.01068	-1.00000	-1.00000	0.00033	-1.00000	-1.00000
2887	Gandy	Cluster	un	1149377	-0.04000	-1.00000	-1.00000	-0.00321	-1.00000	-1.00000	-0.01405	-1.00000	-1.00000	0.00035	-1.00000	-1.00000
2890	Gandy	Cluster	un	1151008	0.00656	-1.00000	-1.00000	0.00026	-1.00000	-1.00000	0.01989	-1.00000	-1.00000	0.00033	-1.00000	-1.00000
2891	Gandy	Cluster	un	1151827	0.00951	-1.00000	-1.00000	0.00037	-1.00000	-1.00000	0.05121	-1.00000	-1.00000	0.00029	-1.00000	-1.00000
2898	Gandy	Cluster	un	1155409	0.33944	-1.00000	-1.00000	0.14624	-1.00000	-1.00000	0.19576	-1.00000	-1.00000	0.00055	-1.00000	-1.00000
2901	Gandy	Cluster	un	1156964	0.42666	-1.00000	-1.00000	0.40640	-1.00000	-1.00000	0.41913	-1.00000	-1.00000	0.00082	-1.00000	-1.00000
2909	Gandy	Cluster	un	1160188	0.20072	-1.00000	-1.00000	0.13011	-1.00000	-1.00000	0.12876	-1.00000	-1.00000	0.00065	-1.00000	-1.00000
2914	Gandy	Cluster	un	1164020	0.00290	-1.00000	-1.00000	0.00011	-1.00000	-1.00000	0.00088	-1.00000	-1.00000	0.00024	-1.00000	-1.00000
2915	Gandy	Cluster	un	1164913	0.07875	-1.00000	-1.00000	0.00908	-1.00000	-1.00000	0.00881	-1.00000	-1.00000	0.00013	-1.00000	-1.00000
2932	Gandy	Cluster	un	1171191	0.14504	-1.00000	-1.00000	0.02643	-1.00000	-1.00000	0.10217	-1.00000	-1.00000	0.00039	-1.00000	-1.00000
2933	Gandy	Cluster	un	1172042	0.00290	-1.00000	-1.00000	0.00011	-1.00000	-1.00000	-0.00518	-1.00000	-1.00000	0.00023	-1.00000	-1.00000
2940	Gandy	Cluster	un	1176001	0.03448	-1.00000	-1.00000	0.00246	-1.00000	-1.00000	0.00246	-1.00000	-1.00000	0.00009	-1.00000	-1.00000
2942	Gandy	Cluster	un	1177718	-0.04160	-1.00000	-1.00000	-0.00347	-1.00000	-1.00000	-0.01504	-1.00000	-1.00000	0.00040	-1.00000	-1.00000
2945	Gandy	Cluster	un	1179256	-0.00235	-1.00000	-1.00000	-0.00008	-1.00000	-1.00000	-0.00000	-1.00000	-1.00000	0.00004	-1.00000	-1.00000
2949	Gandy	Cluster	un	1180974	0.00251	-1.00000	-1.00000	0.00009	-1.00000	-1.00000	-0.00000	-1.00000	-1.00000	0.00004	-1.00000	-1.00000
2970	Gandy	Cluster	un	1184291	0.00951	-1.00000	-1.00000	0.00037	-1.00000	-1.00000	0.02512	-1.00000	-1.00000	0.00022	-1.00000	-1.00000
2972	Gandy	Cluster	un	1185121	0.04067	-1.00000	-1.00000	0.00302	-1.00000	-1.00000	0.00284	-1.00000	-1.00000	0.00009	-1.00000	-1.00000
2978	Gandy	Cluster	un	1187590	-0.01798	-1.00000	-1.00000	-0.00206	-1.00000	-1.00000	0.02071	-1.00000	-1.00000	0.00030	-1.00000	-1.00000
2980	Gandy	Cluster	un	1189132	0.00687	-1.00000	-1.00000	0.00309	-1.00000	-1.00000	0.07471	-1.00000	-1.00000	0.00053	-1.00000	-1.00000
2987	Gandy	Cluster	un	1193041	0.00000	-1.00000	-1.00000	0.00000	-1.00000	-1.00000	0.00508	-1.00000	-1.00000	0.00012	-1.00000	-1.00000
2999	Gandy	Cluster	un	1198660	0.88384	-1.00000	-1.00000	0.88852	-1.00000	-1.00000	0.88863	-1.00000	-1.00000	0.00119	-1.00000	-1.00000
3000	Gandy	Cluster	un	1199420	0.04820	-1.00000	-1.00000	0.00374	-1.00000	-1.00000	0.03064	-1.00000	-1.00000	0.00025	-1.00000	-1.00000
3010	Gandy	Cluster	un	1203371	0.03114	-1.00000	-1.00000	0.00229	-1.00000	-1.00000	0.00018	-1.00000	-1.00000	0.00016	-1.00000	-1.00000
3013	Gandy	Cluster	un	1205813	0.42051	-1.00000	-1.00000	0.22818	-1.00000	-1.00000	0.27621	-1.00000	-1.00000	0.00067	-1.00000	-1.00000
3022	Gandy	Cluster	un	1207883	0.34483	-1.00000	-1.00000	0.16641	-1.00000	-1.00000	0.16641	-1.00000	-1.00000	0.00044	-1.00000	-1.00000
3032	Gandy	Cluster	un	1211690	0.00251	-1.00000	-1.00000	0.00009	-1.00000	-1.00000	-0.00000	-1.00000	-1.00000	0.00004	-1.00000	-1.00000
3048	Gandy	Cluster	un	1220921	0.04067	-1.00000	-1.00000	0.00302	-1.00000	-1.00000	0.00284	-1.00000	-1.00000	0.00009	-1.00000	-1.00000
3055	Gandy	Cluster	un	1224171	-0.00000	-1.00000	-1.00000	-0.00000	-1.00000	-1.00000	-0.00000	-1.00000	-1.00000	0.00004	-1.00000	-1.00000
3068	Gandy	Cluster	un	1227452	0.34932	-1.00000	-1.00000	0.18280	-1.00000	-1.00000	0.14632	-1.00000	-1.00000	0.00070	-1.00000	-1.00000
3091	Gandy	Cluster	un	1234669	0.03448	-1.00000	-1.00000	0.00246	-1.00000	-1.00000	0.00246	-1.00000	-1.00000	0.00008	-1.00000	-1.00000
3095	Gandy	Cluster	un	1236270	-0.00000	-1.00000	-1.00000	-0.00000	-1.00000	-1.00000	-0.00000	-1.00000	-1.00000	0.00004	-1.00000	-1.00000
3101	Gandy	Cluster	un	1237141	0.06897	-1.00000	-1.00000	0.00760	-1.00000	-1.00000	0.00760	-1.00000	-1.00000	0.00014	-1.00000	-1.00000
3107	Gandy	Cluster	un	1240579	0.11672	-1.00000	-1.00000	0.01853	-1.00000	-1.00000	0.03064	-1.00000	-1.00000	0.00025	-1.00000	-1.00000
3108	Gandy	Cluster	un	1241373	0.05861	-1.00000	-1.00000	0.05124	-1.00000	-1.00000	0.04394	-1.00000	-1.00000	0.00070	-1.00000	-1.00000
3109	Gandy	Cluster	un	1242156	0.17241	-1.00000	-1.00000	0.04132	-1.00000	-1.00000	0.04132	-1.00000	-1.00000	0.00023	-1.00000	-1.00000
3112	Gandy	Cluster	un	1243767	0.92328	-1.00000	-1.00000	0.92328	-1.00000	-1.00000	0.91185	-1.00000	-1.00000	0.00112	-1.00000	-1.00000
3114	Gandy	Cluster	un	1244599	-0.02782	-1.00000	-1.00000	-0.00329	-1.00000	-1.00000	-0.00790	-1.00000	-1.00000	0.00031	-1.00000	-1.00000
3115	Gandy	Cluster	un	1245472	0.00656	-1.00000	-1.00000	0.00026	-1.00000	-1.00000	0.00261	-1.00000	-1.00000	0.00028	-1.00000	-1.00000
3134	Gandy	Cluster	un	1251229	-0.00000	-1.00000	-1.00000	-0.00000	-1.00000	-1.00000	-0.00000	-1.00000	-1.00000	0.00004	-1.00000	-1.00000
3138	Gandy	Cluster	un	1253682	0.03448	-1.00000	-1.00000	0.00246	-1.00000	-1.00000	0.00246	-1.00000	-1.00000	0.00009	-1.00000	-1.00000
3156	Gandy	Cluster	un	1260154	0.22126	-1.00000	-1.00000	0.20947	-1.00000	-1.00000	0.23250	-1.00000	-1.00000	0.00082	-1.00000	-1.00000
3159	Gandy	Cluster	un	1260950	1.00000	-1.00000	-1.00000	1.00000	-1.00000	-1.00000	1.00000	-1.00000	-1.00000	0.00116	-1.00000	-1.00000
3161	Gandy	Cluster	un	1261815	0.17241	-1.00000	-1.00000	0.04132	-1.00000	-1.00000	0.04132	-1.00000	-1.00000	0.00026	-1.00000	-1.00000
3170	Gandy	Cluster	un	1264834	0.69565	-1.00000	-1.00000	0.62818	-1.00000	-1.00000	0.60128	-1.00000	-1.00000	0.00107	-1.00000	-1.00000
3176	Gandy	Cluster	un	1267112	0.00951	-1.00000	-1.00000	0.00037	-1.00000	-1.00000	0.05121	-1.00000	-1.00000	0.00027	-1.00000	-1.00000
3183	Gandy	Cluster	un	1269587	0.37557	-1.00000	-1.00000	0.38253	-1.00000	-1.00000	0.39788	-1.00000	-1.00000	0.00078	-1.00000	-1.00000
3186	Gandy	Cluster	un	1272178	0.55556	-1.00000	-1.00000	0.42553	-1.00000	-1.00000	0.44051	-1.00000	-1.00000	0.00077	-1.00000	-1.00000
3192	Gandy	Cluster	un	1273751	0.17241	-1.00000	-1.00000	0.04132	-1.00000	-1.00000	0.04132	-1.00000	-1.00000	0.00024	-1.00000	-1.00000
3194	Gandy	Cluster	un	1275314	0.09321	-1.00000	-1.00000	0.01269	-1.00000	-1.00000	0.01431	-1.00000	-1.00000	0.00047	-1.00000	-1.00000
3199	Gandy	Cluster	un	1277655	-0.00315	-1.00000	-1.00000	-0.00013	-1.00000	-1.00000	-0.01039	-1.00000	-1.00000	0.00041	-1.00000	-1.00000
3209	Gandy	Cluster	un	1283783	0.03555	-1.00000	-1.00000	0.00306	-1.00000	-1.00000	-0.01045	-1.00000	-1.00000	0.00045	-1.00000	-1.00000
3210	Gandy	Cluster	un	1284527	0.03448	-1.00000	-1.00000	0.00246	-1.00000	-1.00000	0.00246	-1.00000	-1.00000	0.00008	-1.00000	-1.00000
3211	Gandy	Cluster	un	1285373	0.46069	-1.00000	-1.00000	0.27518	-1.00000	-1.00000	0.32107	-1.00000	-1.00000	0.00061	-1.00000	-1.00000
3221	Gandy	Cluster	un	1290103	0.51120	-1.00000	-1.00000	0.32555	-1.00000	-1.00000	0.40206	-1.00000	-1.00000	0.00078	-1.00000	-1.00000
3222	Gandy	Cluster	un	1290873	0.72805	-1.00000	-1.00000	0.66175	-1.00000	-1.00000	0.65823	-1.00000	-1.00000	0.00087	-1.00000	-1.00000
3225	Gandy	Cluster	un	1291763	-0.00000	-1.00000	-1.00000	-0.00000	-1.00000	-1.00000	-0.00581	-1.00000	-1.00000	0.00019	-1.00000	-1.00000
3238	Gandy	Cluster	un	1297331	-0.03664	-1.00000	-1.00000	-0.03803	-1.00000	-1.00000	-0.01631	-1.00000	-1.00000	0.00078	-1.00000	-1.00000
3240	Gandy	Cluster	un	1298117	0.36309	-1.00000	-1.00000	0.26107	-1.00000	-1.00000	0.30314	-1.00000	-1.00000	0.00066	-1.00000	-1.00000
3241	Gandy	Cluster	un	1298982	0.13793	-1.00000	-1.00000	0.02685	-1.00000	-1.00000	0.02685	-1.00000	-1.00000	0.00020	-1.00000	-1.00000
3245	Gandy	Cluster	un	1302192	0.00340	-1.00000	-1.00000	0.00014	-1.00000	-1.00000	-0.00378	-1.00000	-1.00000	0.00037	-1.00000	-1.00000
3248	Gandy	Cluster	un	1303766	0.04420	-1.00000	-1.00000	0.00354	-1.00000	-1.00000	0.01220	-1.00000	-1.00000	0.00018	-1.00000	-1.00000
3275	Gandy	Cluster	un	1312944	0.11672	-1.00000	-1.00000	0.01853	-1.00000	-1.00000	0.03064	-1.00000	-1.00000	0.00023	-1.00000	-1.00000
3277	Gandy	Cluster	un	1313796	0.07875	-1.00000	-1.00000	0.00908	-1.00000	-1.00000	0.01894	-1.00000	-1.00000	0.00024	-1.00000	-1.00000
3282	Gandy	Cluster	un	1316064	0.00870	-1.00000	-1.00000	0.00394	-1.00000	-1.00000	0.00795	-1.00000	-1.00000	0.00072	-1.00000	-1.00000
3285	Gandy	Cluster	un	1317494	0.33518	-1.00000	-1.00000	0.13430	-1.00000	-1.00000	0.22408	-1.00000	-1.00000	0.00055	-1.00000	-1.00000
3296	Gandy	Cluster	un	1320418	0.45155	-1.00000	-1.00000	0.37525	-1.00000	-1.00000	0.36084	-1.00000	-1.00000	0.00078	-1.00000	-1.00000
3305	Gandy	Cluster	un	1325875	0.00951	-1.00000	-1.00000	0.00037	-1.00000	-1.00000	0.05121	-1.00000	-1.00000	0.00032	-1.00000	-1.00000
3308	Gandy	Cluster	un	1327459	0.21628	-1.00000	-1.00000	0.09793	-1.00000	-1.00000	0.11649	-1.00000	-1.00000	0.00049	-1.00000	-1.00000
3310	Gandy	Cluster	un	1329069	0.01778	-1.00000	-1.00000	0.00557	-1.00000	-1.00000	-0.00655	-1.00000	-1.00000	0.00048	-1.00000	-1.00000
3313	Gandy	Cluster	un	1330801	-0.00489	-1.00000	-1.00000	-0.00018	-1.00000	-1.00000	0.01104	-1.00000	-1.00000	0.00019	-1.00000	-1.00000
3315	Gandy	Cluster	un	1332438	0.36260	-1.00000	-1.00000	0.36266	-1.00000	-1.00000	0.35481	-1.00000	-1.00000	0.00085	-1.00000	-1.00000
3319	Gandy	Cluster	un	1333932	0.21608	-1.00000	-1.00000	0.05772	-1.00000	-1.00000	0.10217	-1.00000	-1.00000	0.00042	-1.00000	-1.00000
3320	Gandy	Cluster	un	1334731	0.13263	-1.00000	-1.00000	0.02215	-1.00000	-1.00000	0.02135	-1.00000	-1.00000	0.00019	-1.00000	-1.00000
3321	Gandy	Cluster	un	1335526	-0.03495	-1.00000	-1.00000	-0.03541	-1.00000	-1.00000	-0.03156	-1.00000	-1.00000	0.00062	-1.00000	-1.00000
3329	Gandy	Cluster	un	1337197	-0.00235	-1.00000	-1.00000	-0.00008	-1.00000	-1.00000	0.00008	-1.00000	-1.00000	0.00012	-1.00000	-1.00000
3337	Gandy	Cluster	un	1338779	0.14815	-1.00000	-1.00000	0.03120	-1.00000	-1.00000	0.03120	-1.00000	-1.00000	0.00021	-1.00000	-1.00000
3340	Gandy	Cluster	un	1340422	0.06897	-1.00000	-1.00000	0.00760	-1.00000	-1.00000	0.00760	-1.00000	-1.00000	0.00013	-1.00000	-1.00000
3343	Gandy	Cluster	un	1341173	-0.00565	-1.00000	-1.00000	-0.00022	-1.00000	-1.00000	-0.00429	-1.00000	-1.00000	0.00026	-1.00000	-1.00000
3344	Gandy	Cluster	un	1342006	0.00340	-1.00000	-1.00000	0.00014	-1.00000	-1.00000	-0.00378	-1.00000	-1.00000	0.00040	-1.00000	-1.00000
3353	Gandy	Cluster	un	1346153	0.13205	-1.00000	-1.00000	0.02645	-1.00000	-1.00000	0.01790	-1.00000	-1.00000	0.00027	-1.00000	-1.00000
3357	Gandy	Cluster	un	1349394	-0.00270	-1.00000	-1.00000	-0.00010	-1.00000	-1.00000	-0.00488	-1.00000	-1.00000	0.00023	-1.00000	-1.00000
3380	Gandy	Cluster	un	1357437	0.16584	-1.00000	-1.00000	0.04086	-1.00000	-1.00000	0.04132	-1.00000	-1.00000	0.00027	-1.00000	-1.00000
3383	Gandy	Cluster	un	1358167	0.12382	-1.00000	-1.00000	0.07930	-1.00000	-1.00000	0.12191	-1.00000	-1.00000	0.00057	-1.00000	-1.00000
3389	Gandy	Cluster	un	1361448	1.00000	-1.00000	-1.00000	1.00000	-1.00000	-1.00000	1.00000	-1.00000	-1.00000	0.00114	-1.00000	-1.00000
3393	Gandy	Cluster	un	1363130	0.56499	-1.00000	-1.00000	0.42601	-1.00000	-1.00000	0.42553	-1.00000	-1.00000	0.00073	-1.00000	-1.00000
3399	Gandy	Cluster	un	1366876	0.32530	-1.00000	-1.00000	0.13366	-1.00000	-1.00000	0.15612	-1.00000	-1.00000	0.00052	-1.00000	-1.00000
3404	Gandy	Cluster	un	1368478	0.00290	-1.00000	-1.00000	0.00011	-1.00000	-1.00000	0.02159	-1.00000	-1.00000	0.00021	-1.00000	-1.00000
3406	Gandy	Cluster	un	1369279	0.24000	-1.00000	-1.00000	0.08124	-1.00000	-1.00000	0.07473	-1.00000	-1.00000	0.00045	-1.00000	-1.00000
3407	Gandy	Cluster	un	1370099	0.02760	-1.00000	-1.00000	0.00210	-1.00000	-1.00000	0.00021	-1.00000	-1.00000	0.00015	-1.00000	-1.00000
3417	Gandy	Cluster	un	1371831	-0.00565	-1.00000	-1.00000	-0.00022	-1.00000	-1.00000	0.00778	-1.00000	-1.00000	0.00032	-1.00000	-1.00000
3424	Gandy	Cluster	un	1376120	0.06897	-1.00000	-1.00000	0.00760	-1.00000	-1.00000	0.00760	-1.00000	-1.00000	0.00011	-1.00000	-1.00000
3432	Gandy	Cluster	un	1378467	0.04820	-1.00000	-1.00000	0.00374	-1.00000	-1.00000	0.01220	-1.00000	-1.00000	0.00018	-1.00000	-1.00000
3433	Gandy	Cluster	un	1379245	-0.00000	-1.00000	-1.00000	-0.00000	-1.00000	-1.00000	-0.00000	-1.00000	-1.00000	0.00004	-1.00000	-1.00000
3438	Gandy	Cluster	un	1380911	0.00340	-1.00000	-1.00000	0.00014	-1.00000	-1.00000	-0.00601	-1.00000	-1.00000	0.00021	-1.00000	-1.00000
3444	Gandy	Cluster	un	1384930	0.43462	-1.00000	-1.00000	0.38856	-1.00000	-1.00000	0.40739	-1.00000	-1.00000	0.00081	-1.00000	-1.00000
3457	Gandy	Cluster	un	1389816	0.00251	-1.00000	-1.00000	0.00009	-1.00000	-1.00000	-0.00000	-1.00000	-1.00000	0.00004	-1.00000	-1.00000
3464	Gandy	Cluster	un	1394739	0.44000	-1.00000	-1.00000	0.27386	-1.00000	-1.00000	0.28407	-1.00000	-1.00000	0.00072	-1.00000	-1.00000
3465	Gandy	Cluster	un	1395517	-0.00000	-1.00000	-1.00000	-0.00000	-1.00000	-1.00000	-0.00000	-1.00000	-1.00000	0.00004	-1.00000	-1.00000
3471	Gandy	Cluster	un	1399578	0.00561	-1.00000	-1.00000	0.00021	-1.00000	-1.00000	0.02159	-1.00000	-1.00000	0.00019	-1.00000	-1.00000
3482	Gandy	Cluster	un	1404926	0.08538	-1.00000	-1.00000	0.01066	-1.00000	-1.00000	0.00535	-1.00000	-1.00000	0.00032	-1.00000	-1.00000
3483	Gandy	Cluster	un	1405636	0.03448	-1.00000	-1.00000	0.00246	-1.00000	-1.00000	0.00246	-1.00000	-1.00000	0.00008	-1.00000	-1.00000
3486	Gandy	Cluster	un	1407996	0.04067	-1.00000	-1.00000	0.00302	-1.00000	-1.00000	0.01050	-1.00000	-1.00000	0.00016	-1.00000	-1.00000
3489	Gandy	Cluster	un	1409699	0.09920	-1.00000	-1.00000	0.01304	-1.00000	-1.00000	0.05025	-1.00000	-1.00000	0.00035	-1.00000	-1.00000
3491	Gandy	Cluster	un	1410419	0.20818	-1.00000	-1.00000	0.05720	-1.00000	-1.00000	0.06938	-1.00000	-1.00000	0.00044	-1.00000	-1.00000
3496	Gandy	Cluster	un	1412869	0.82609	-1.00000	-1.00000	0.80508	-1.00000	-1.00000	0.79396	-1.00000	-1.00000	0.00099	-1.00000	-1.00000
3503	Gandy	Cluster	un	1416103	0.31030	-1.00000	-1.00000	0.31750	-1.00000	-1.00000	0.31748	-1.00000	-1.00000	0.00068	-1.00000	-1.00000
3507	Gandy	Cluster	un	1418632	0.00251	-1.00000	-1.00000	0.00009	-1.00000	-1.00000	0.00508	-1.00000	-1.00000	0.00013	-1.00000	-1.00000
3527	Gandy	Cluster	un	1427121	0.06897	-1.00000	-1.00000	0.00760	-1.00000	-1.00000	0.00760	-1.00000	-1.00000	0.00013	-1.00000	-1.00000
3534	Gandy	Cluster	un	1428532	0.38375	-1.00000	-1.00000	0.33145	-1.00000	-1.00000	0.32899	-1.00000	-1.00000	0.00082	-1.00000	-1.00000
3539	Gandy	Cluster	un	1431765	0.42407	-1.00000	-1.00000	0.22070	-1.00000	-1.00000	0.30717	-1.00000	-1.00000	0.00066	-1.00000	-1.00000
3550	Gandy	Cluster	un	1435395	0.06024	-1.00000	-1.00000	0.00707	-1.00000	-1.00000	0.00934	-1.00000	-1.00000	0.00024	-1.00000	-1.00000
3556	Gandy	Cluster	un	1438774	0.57166	-1.00000	-1.00000	0.57630	-1.00000	-1.00000	0.57957	-1.00000	-1.00000	0.00090	-1.00000	-1.00000
3570	Gandy	Cluster	un	1443920	0.10345	-1.00000	-1.00000	0.01567	-1.00000	-1.00000	0.01567	-1.00000	-1.00000	0.00017	-1.00000	-1.00000
3573	Gandy	Cluster	un	1444728	0.14147	-1.00000	-1.00000	0.03071	-1.00000	-1.00000	0.02450	-1.00000	-1.00000	0.00039	-1.00000	-1.00000
3589	Gandy	Cluster	un	1449926	0.96000	-1.00000	-1.00000	0.96000	-1.00000	-1.00000	0.94801	-1.00000	-1.00000	0.00114	-1.00000	-1.00000
3590	Gandy	Cluster	un	1450765	-0.00489	-1.00000	-1.00000	-0.00018	-1.00000	-1.00000	0.01104	-1.00000	-1.00000	0.00020	-1.00000	-1.00000
3595	Gandy	Cluster	un	1452439	-0.00767	-1.00000	-1.00000	-0.00029	-1.00000	-1.00000	0.03472	-1.00000	-1.00000	0.00029	-1.00000	-1.00000
3597	Gandy	Cluster	un	1453234	0.07875	-1.00000	-1.00000	0.00908	-1.00000	-1.00000	0.01894	-1.00000	-1.00000	0.00021	-1.00000	-1.00000
3609	Gandy	Cluster	un	1456465	0.25744	-1.00000	-1.00000	0.08247	-1.00000	-1.00000	0.12954	-1.00000	-1.00000	0.00046	-1.00000	-1.00000
3614	Gandy	Cluster	un	1460403	0.77404	-1.00000	-1.00000	0.71732	-1.00000	-1.00000	0.73065	-1.00000	-1.00000	0.00095	-1.00000	-1.00000
3617	Gandy	Cluster	un	1462039	0.06897	-1.00000	-1.00000	0.00760	-1.00000	-1.00000	0.00760	-1.00000	-1.00000	0.00012	-1.00000	-1.00000
3621	Gandy	Cluster	un	1464177	0.17448	-1.00000	-1.00000	0.03767	-1.00000	-1.00000	0.05342	-1.00000	-1.00000	0.00030	-1.00000	-1.00000
3623	Gandy	Cluster	un	1465778	0.00251	-1.00000	-1.00000	0.00009	-1.00000	-1.00000	0.00508	-1.00000	-1.00000	0.00012	-1.00000	-1.00000
3625	Gandy	Cluster	un	1467352	0.06470	-1.00000	-1.00000	0.00736	-1.00000	-1.00000	0.00300	-1.00000	-1.00000	0.00019	-1.00000	-1.00000
3626	Gandy	Cluster	un	1468175	-0.03101	-1.00000	-1.00000	-0.00879	-1.00000	-1.00000	-0.01442	-1.00000	-1.00000	0.00037	-1.00000	-1.00000
3627	Gandy	Cluster	un	1469024	0.00656	-1.00000	-1.00000	0.00026	-1.00000	-1.00000	0.01989	-1.00000	-1.00000	0.00035	-1.00000	-1.00000
3628	Gandy	Cluster	un	1469798	0.38907	-1.00000	-1.00000	0.22594	-1.00000	-1.00000	0.20610	-1.00000	-1.00000	0.00064	-1.00000	-1.00000
3629	Gandy	Cluster	un	1470662	0.15460	-1.00000	-1.00000	0.03162	-1.00000	-1.00000	0.04578	-1.00000	-1.00000	0.00031	-1.00000	-1.00000
3632	Gandy	Cluster	un	1473083	0.03448	-1.00000	-1.00000	0.00246	-1.00000	-1.00000	0.00246	-1.00000	-1.00000	0.00009	-1.00000	-1.00000
3636	Gandy	Cluster	un	1476348	0.03448	-1.00000	-1.00000	0.00246	-1.00000	-1.00000	0.00246	-1.00000	-1.00000	0.00008	-1.00000	-1.00000
3644	Gandy	Cluster	un	1480355	0.00561	-1.00000	-1.00000	0.00021	-1.00000	-1.00000	0.02159	-1.00000	-1.00000	0.00022	-1.00000	-1.00000
3646	Gandy	Cluster	un	1481964	-0.00489	-1.00000	-1.00000	-0.00018	-1.00000	-1.00000	0.01104	-1.00000	-1.00000	0.00020	-1.00000	-1.00000
3652	Gandy	Cluster	un	1484390	0.04420	-1.00000	-1.00000	0.00354	-1.00000	-1.00000	0.03064	-1.00000	-1.00000	0.00026	-1.00000	-1.00000
3658	Gandy	Cluster	un	1487641	0.19970	-1.00000	-1.00000	0.05872	-1.00000	-1.00000	0.04666	-1.00000	-1.00000	0.00034	-1.00000	-1.00000
3665	Gandy	Cluster	un	1491717	-0.02649	-1.00000	-1.00000	-0.02268	-1.00000	-1.00000	-0.03687	-1.00000	-1.00000	0.00070	-1.00000	-1.00000
3674	Gandy	Cluster	un	1496271	-0.00270	-1.00000	-1.00000	-0.00010	-1.00000	-1.00000	0.00011	-1.00000	-1.00000	0.00013	-1.00000	-1.00000
3682	Gandy	Cluster	un	1498660	0.79325	-1.00000	-1.00000	0.77050	-1.00000	-1.00000	0.74930	-1.00000	-1.00000	0.00099	-1.00000	-1.00000
3697	Gandy	Cluster	un	1505220	0.00561	-1.00000	-1.00000	0.00021	-1.00000	-1.00000	-0.00000	-1.00000	-1.00000	0.00005	-1.00000	-1.00000
3700	Gandy	Cluster	un	1507738	0.00251	-1.00000	-1.00000	0.00009	-1.00000	-1.00000	0.00508	-1.00000	-1.00000	0.00013	-1.00000	-1.00000
3707	Gandy	Cluster	un	1509413	0.29856	-1.00000	-1.00000	0.11199	-1.00000	-1.00000	0.16077	-1.00000	-1.00000	0.00053	-1.00000	-1.00000
3708	Gandy	Cluster	un	1510170	-0.00000	-1.00000	-1.00000	-0.00000	-1.00000	-1.00000	-0.00000	-1.00000	-1.00000	0.00004	-1.00000	-1.00000
3718	Gandy	Cluster	un	1514415	0.00727	-1.00000	-1.00000	0.00110	-1.00000	-1.00000	0.00883	-1.00000	-1.00000	0.00026	-1.00000	-1.00000
3750	Gandy	Cluster	un	1529204	0.32990	-1.00000	-1.00000	0.14561	-1.00000	-1.00000	0.16002	-1.00000	-1.00000	0.00063	-1.00000	-1.00000
3751	Gandy	Cluster	un	1529942	0.00000	-1.00000	-1.00000	0.00000	-1.00000	-1.00000	0.00508	-1.00000	-1.00000	0.00013	-1.00000	-1.00000
3756	Gandy	Cluster	un	1531541	-0.03567	-1.00000	-1.00000	-0.00255	-1.00000	-1.00000	0.00018	-1.00000	-1.00000	0.00017	-1.00000	-1.00000
3763	Gandy	Cluster	un	1534556	0.39271	-1.00000	-1.00000	0.33789	-1.00000	-1.00000	0.31398	-1.00000	-1.00000	0.00086	-1.00000	-1.00000
3768	Gandy	Cluster	un	1536009	0.01863	-1.00000	-1.00000	0.00370	-1.00000	-1.00000	0.00754	-1.00000	-1.00000	0.00034	-1.00000	-1.00000
3774	Gandy	Cluster	un	1539131	0.00561	-1.00000	-1.00000	0.00021	-1.00000	-1.00000	0.02159	-1.00000	-1.00000	0.00021	-1.00000	-1.00000
3778	Gandy	Cluster	un	1540762	0.09834	-1.00000	-1.00000	0.01534	-1.00000	-1.00000	0.01567	-1.00000	-1.00000	0.00015	-1.00000	-1.00000
3779	Gandy	Cluster	un	1541646	-0.00697	-1.00000	-1.00000	-0.00463	-1.00000	-1.00000	-0.00017	-1.00000	-1.00000	0.00069	-1.00000	-1.00000
3781	Gandy	Cluster	un	1542422	-0.03448	-1.00000	-1.00000	-0.00238	-1.00000	-1.00000	-0.00238	-1.00000	-1.00000	0.00008	-1.00000	-1.00000
3783	Gandy	Cluster	un	1544045	0.30850	-1.00000	-1.00000	0.24260	-1.00000	-1.00000	0.23851	-1.00000	-1.00000	0.00087	-1.00000	-1.00000
3799	Gandy	Cluster	un	1550974	-0.00489	-1.00000	-1.00000	-0.00018	-1.00000	-1.00000	0.01104	-1.00000	-1.00000	0.00019	-1.00000	-1.00000
3805	Gandy	Cluster	un	1554197	0.00340	-1.00000	-1.00000	0.00014	-1.00000	-1.00000	-0.00378	-1.00000	-1.00000	0.00038	-1.00000	-1.00000
3807	Gandy	Cluster	un	1555813	0.07875	-1.00000	-1.00000	0.00908	-1.00000	-1.00000	0.01894	-1.00000	-1.00000	0.00020	-1.00000	-1.00000
3812	Gandy	Cluster	un	1558205	0.30515	-1.00000	-1.00000	0.12370	-1.00000	-1.00000	0.14308	-1.00000	-1.00000	0.00060	-1.00000	-1.00000
3819	Gandy	Cluster	un	1561178	0.26765	-1.00000	-1.00000	0.09455	-1.00000	-1.00000	0.11315	-1.00000	-1.00000	0.00043	-1.00000	-1.00000
3821	Gandy	Cluster	un	1561945	0.15460	-1.00000	-1.00000	0.03162	-1.00000	-1.00000	0.04578	-1.00000	-1.00000	0.00029	-1.00000	-1.00000
3823	Gandy	Cluster	un	1562744	0.24887	-1.00000	-1.00000	0.08190	-1.00000	-1.00000	0.09532	-1.00000	-1.00000	0.00045	-1.00000	-1.00000
3826	Gandy	Cluster	un	1564441	0.06407	-1.00000	-1.00000	0.00815	-1.00000	-1.00000	0.02855	-1.00000	-1.00000	0.00035	-1.00000	-1.00000
3828	Gandy	Cluster	un	1566025	-0.00235	-1.00000	-1.00000	-0.00008	-1.00000	-1.00000	-0.00000	-1.00000	-1.00000	0.00004	-1.00000	-1.00000
3831	Gandy	Cluster	un	1566850	0.05304	-1.00000	-1.00000	0.00446	-1.00000	-1.00000	0.03024	-1.00000	-1.00000	0.00035	-1.00000	-1.00000
3839	Gandy	Cluster	un	1571653	0.00251	-1.00000	-1.00000	0.00009	-1.00000	-1.00000	0.00508	-1.00000	-1.00000	0.00012	-1.00000	-1.00000
3846	Gandy	Cluster	un	1574865	0.13793	-1.00000	-1.00000	0.02685	-1.00000	-1.00000	0.02685	-1.00000	-1.00000	0.00021	-1.00000	-1.00000
3852	Gandy	Cluster	un	1578885	0.06024	-1.00000	-1.00000	0.00707	-1.00000	-1.00000	0.00934	-1.00000	-1.00000	0.00028	-1.00000	-1.00000
3859	Gandy	Cluster	un	1582137	0.00290	-1.00000	-1.00000	0.00011	-1.00000	-1.00000	0.00088	-1.00000	-1.00000	0.00025	-1.00000	-1.00000
3862	Gandy	Cluster	un	1582978	0.09834	-1.00000	-1.00000	0.01534	-1.00000	-1.00000	0.01567	-1.00000	-1.00000	0.00017	-1.00000	-1.00000
3864	Gandy	Cluster	un	1583750	0.10495	-1.00000	-1.00000	0.01335	-1.00000	-1.00000	0.08145	-1.00000	-1.00000	0.00037	-1.00000	-1.00000
3872	Gandy	Cluster	un	1586325	0.18692	-1.00000	-1.00000	0.14221	-1.00000	-1.00000	0.13547	-1.00000	-1.00000	0.00062	-1.00000	-1.00000
3881	Gandy	Cluster	un	1590419	0.00290	-1.00000	-1.00000	0.00011	-1.00000	-1.00000	-0.00518	-1.00000	-1.00000	0.00019	-1.00000	-1.00000
3885	Gandy	Cluster	un	1592036	0.08538	-1.00000	-1.00000	0.01066	-1.00000	-1.00000	0.01674	-1.00000	-1.00000	0.00033	-1.00000	-1.00000
3899	Gandy	Cluster	un	1596961	0.03114	-1.00000	-1.00000	0.00229	-1.00000	-1.00000	0.00246	-1.00000	-1.00000	0.00008	-1.00000	-1.00000
3901	Gandy	Cluster	un	1597782	0.00251	-1.00000	-1.00000	0.00009	-1.00000	-1.00000	-0.00000	-1.00000	-1.00000	0.00004	-1.00000	-1.00000
3903	Gandy	Cluster	un	1599471	1.00000	-1.00000	-1.00000	1.00000	-1.00000	-1.00000	1.00000	-1.00000	-1.00000	0.00124	-1.00000	-1.00000
3907	Gandy	Cluster	un	1601121	0.60404	-1.00000	-1.00000	0.59736	-1.00000	-1.00000	0.59081	-1.00000	-1.00000	0.00099	-1.00000	-1.00000
3910	Gandy	Cluster	un	1603440	0.10495	-1.00000	-1.00000	0.01335	-1.00000	-1.00000	0.08145	-1.00000	-1.00000	0.00034	-1.00000	-1.00000
3924	Gandy	Cluster	un	1607410	0.33518	-1.00000	-1.00000	0.13430	-1.00000	-1.00000	0.15612	-1.00000	-1.00000	0.00049	-1.00000	-1.00000
3931	Gandy	Cluster	un	1609744	-0.01565	-1.00000	-1.00000	-0.00517	-1.00000	-1.00000	0.00264	-1.00000	-1.00000	0.00038	-1.00000	-1.00000
3932	Gandy	Cluster	un	1610533	0.50074	-1.00000	-1.00000	0.32498	-1.00000	-1.00000	0.33752	-1.00000	-1.00000	0.00070	-1.00000	-1.00000
3935	Gandy	Cluster	un	1612960	-0.00000	-1.00000	-1.00000	-0.00000	-1.00000	-1.00000	0.02159	-1.00000	-1.00000	0.00018	-1.00000	-1.00000
3936	Gandy	Cluster	un	1613887	0.59664	-1.00000	-1.00000	0.44335	-1.00000	-1.00000	0.50512	-1.00000	-1.00000	0.00091	-1.00000	-1.00000
3937	Gandy	Cluster	un	1614618	0.13263	-1.00000	-1.00000	0.02215	-1.00000	-1.00000	0.05900	-1.00000	-1.00000	0.00033	-1.00000	-1.00000
3938	Gandy	Cluster	un	1615421	0.06920	-1.00000	-1.00000	0.00850	-1.00000	-1.00000	0.01894	-1.00000	-1.00000	0.00021	-1.00000	-1.00000
3945	Gandy	Cluster	un	1617011	0.05304	-1.00000	-1.00000	0.00446	-1.00000	-1.00000	0.03571	-1.00000	-1.00000	0.00023	-1.00000	-1.00000
3947	Gandy	Cluster	un	1618696	-0.00000	-1.00000	-1.00000	-0.00000	-1.00000	-1.00000	-0.00000	-1.00000	-1.00000	0.00004	-1.00000	-1.00000
3948	Gandy	Cluster	un	1619501	0.06897	-1.00000	-1.00000	0.00760	-1.00000	-1.00000	0.00760	-1.00000	-1.00000	0.00013	-1.00000	-1.00000
3950	Gandy	Cluster	un	1620274	0.05474	-1.00000	-1.00000	0.02707	-1.00000	-1.00000	0.01400	-1.00000	-1.00000	0.00058	-1.00000	-1.00000
3954	Gandy	Cluster	un	1621778	0.07875	-1.00000	-1.00000	0.00908	-1.00000	-1.00000	0.00881	-1.00000	-1.00000	0.00015	-1.00000	-1.00000
3970	Gandy	Cluster	un	1626514	-0.00893	-1.00000	-1.00000	-0.00863	-1.00000	-1.00000	-0.01473	-1.00000	-1.00000	0.00070	-1.00000	-1.00000
3972	Gandy	Cluster	un	1627336	0.03555	-1.00000	-1.00000	0.03423	-1.00000	-1.00000	0.02754	-1.00000	-1.00000	0.00091	-1.00000	-1.00000
3978	Gandy	Cluster	un	1628673	0.04820	-1.00000	-1.00000	0.00374	-1.00000	-1.00000	0.03064	-1.00000	-1.00000	0.00025	-1.00000	-1.00000
3989	Gandy	Cluster	un	1633880	0.03704	-1.00000	-1.00000	0.00284	-1.00000	-1.00000	0.00021	-1.00000	-1.00000	0.00017	-1.00000	-1.00000
3993	Gandy	Cluster	un	1636299	0.10495	-1.00000	-1.00000	0.01335	-1.00000	-1.00000	0.01227	-1.00000	-1.00000	0.00015	-1.00000	-1.00000
4006	Gandy	Cluster	un	1642864	0.60174	-1.00000	-1.00000	0.47845	-1.00000	-1.00000	0.49123	-1.00000	-1.00000	0.00078	-1.00000	-1.00000
4015	Gandy	Cluster	un	1646999	0.00561	-1.00000	-1.00000	0.00021	-1.00000	-1.00000	0.00589	-1.00000	-1.00000	0.00020	-1.00000	-1.00000
4020	Gandy	Cluster	un	1649059	0.02017	-1.00000	-1.00000	0.01862	-1.00000	-1.00000	0.02232	-1.00000	-1.00000	0.00069	-1.00000	-1.00000
4022	Gandy	Cluster	un	1649927	-0.00000	-1.00000	-1.00000	-0.00000	-1.00000	-1.00000	-0.00000	-1.00000	-1.00000	0.00004	-1.00000	-1.00000
4031	Gandy	Cluster	un	1655447	-0.00000	-1.00000	-1.00000	-0.00000	-1.00000	-1.00000	-0.00000	-1.00000	-1.00000	0.00004	-1.00000	-1.00000
4045	Gandy	Cluster	un	1661068	-0.00000	-1.00000	-1.00000	-0.00000	-1.00000	-1.00000	-0.00000	-1.00000	-1.00000	0.00005	-1.00000	-1.00000
4046	Gandy	Cluster	un	1661740	0.92286	-1.00000	-1.00000	0.91696	-1.00000	-1.00000	0.90655	-1.00000	-1.00000	0.00108	-1.00000	-1.00000
4048	Gandy	Cluster	un	1663383	-0.02038	-1.00000	-1.00000	-0.00940	-1.00000	-1.00000	-0.02203	-1.00000	-1.00000	0.00056	-1.00000	-1.00000
4050	Gandy	Cluster	un	1664216	0.29856	-1.00000	-1.00000	0.11199	-1.00000	-1.00000	0.16077	-1.00000	-1.00000	0.00053	-1.00000	-1.00000
4051	Gandy	Cluster	un	1664972	0.31940	-1.00000	-1.00000	0.30482	-1.00000	-1.00000	0.27120	-1.00000	-1.00000	0.00081	-1.00000	-1.00000
4054	Gandy	Cluster	un	1665812	-0.03567	-1.00000	-1.00000	-0.00255	-1.00000	-1.00000	-0.00256	-1.00000	-1.00000	0.00008	-1.00000	-1.00000
4061	Gandy	Cluster	un	1669920	0.00251	-1.00000	-1.00000	0.00009	-1.00000	-1.00000	-0.00000	-1.00000	-1.00000	0.00004	-1.00000	-1.00000
4071	Gandy	Cluster	un	1674955	-0.00000	-1.00000	-1.00000	-0.00000	-1.00000	-1.00000	-0.00000	-1.00000	-1.00000	0.00005	-1.00000	-1.00000
4075	Gandy	Cluster	un	1676429	-0.03567	-1.00000	-1.00000	-0.00255	-1.00000	-1.00000	0.00018	-1.00000	-1.00000	0.00015	-1.00000	-1.00000
4084	Gandy	Cluster	un	1680989	0.00000	-1.00000	-1.00000	0.00000	-1.00000	-1.00000	0.00508	-1.00000	-1.00000	0.00012	-1.00000	-1.00000
4101	Gandy	Cluster	un	1688864	1.00000	-1.00000	-1.00000	1.00000	-1.00000	-1.00000	1.00000	-1.00000	-1.00000	0.00124	-1.00000	-1.00000
4119	Gandy	Cluster	un	1695310	0.06576	-1.00000	-1.00000	0.06742	-1.00000	-1.00000	0.05019	-1.00000	-1.00000	0.00088	-1.00000	-1.00000
4134	Gandy	Cluster	un	1703248	0.00290	-1.00000	-1.00000	0.00011	-1.00000	-1.00000	-0.00518	-1.00000	-1.00000	0.00021	-1.00000	-1.00000
4149	Gandy	Cluster	un	1709863	-0.00000	-1.00000	-1.00000	-0.00000	-1.00000	-1.00000	-0.01068	-1.00000	-1.00000	0.00030	-1.00000	-1.00000
4151	Gandy	Cluster	un	1710743	0.13793	-1.00000	-1.00000	0.02685	-1.00000	-1.00000	0.02685	-1.00000	-1.00000	0.00020	-1.00000	-1.00000
4161	Gandy	Cluster	un	1716062	0.03448	-1.00000	-1.00000	0.00246	-1.00000	-1.00000	0.00246	-1.00000	-1.00000	0.00008	-1.00000	-1.00000
4184	Gandy	Cluster	un	1724106	0.00656	-1.00000	-1.00000	0.00026	-1.00000	-1.00000	0.00261	-1.00000	-1.00000	0.00025	-1.00000	-1.00000
4198	Gandy	Cluster	un	1729653	0.22943	-1.00000	-1.00000	0.23394	-1.00000	-1.00000	0.24463	-1.00000	-1.00000	0.00079	-1.00000	-1.00000
4200	Gandy	Cluster	un	1731296	0.05576	-1.00000	-1.00000	0.01319	-1.00000	-1.00000	0.01351	-1.00000	-1.00000	0.00024	-1.00000	-1.00000
4205	Gandy	Cluster	un	1732943	-0.02983	-1.00000	-1.00000	-0.01465	-1.00000	-1.00000	-0.02111	-1.00000	-1.00000	0.00050	-1.00000	-1.00000
4210	Gandy	Cluster	un	1736268	0.54037	-1.00000	-1.00000	0.37872	-1.00000	-1.00000	0.41806	-1.00000	-1.00000	0.00069	-1.00000	-1.00000
4215	Gandy	Cluster	un	1738667	-0.04000	-1.00000	-1.00000	-0.00666	-1.00000	-1.00000	0.01045	-1.00000	-1.00000	0.00031	-1.00000	-1.00000
4224	Gandy	Cluster	un	1740318	0.69552	-1.00000	-1.00000	0.63731	-1.00000	-1.00000	0.62977	-1.00000	-1.00000	0.00103	-1.00000	-1.00000
4237	Gandy	Cluster	un	1747546	-0.02595	-1.00000	-1.00000	-0.00320	-1.00000	-1.00000	0.01910	-1.00000	-1.00000	0.00030	-1.00000	-1.00000
4242	Gandy	Cluster	un	1749055	0.13205	-1.00000	-1.00000	0.02645	-1.00000	-1.00000	0.01790	-1.00000	-1.00000	0.00028	-1.00000	-1.00000
4251	Gandy	Cluster	un	1751354	0.00251	-1.00000	-1.00000	0.00009	-1.00000	-1.00000	-0.00000	-1.00000	-1.00000	0.00005	-1.00000	-1.00000
4259	Gandy	Cluster	un	1755331	0.96552	-1.00000	-1.00000	0.96552	-1.00000	-1.00000	0.96552	-1.00000	-1.00000	0.00128	-1.00000	-1.00000
4267	Gandy	Cluster	un	1756881	0.92552	-1.00000	-1.00000	0.91698	-1.00000	-1.00000	0.91768	-1.00000	-1.00000	0.00119	-1.00000	-1.00000
4276	Gandy	Cluster	un	1760795	0.00951	-1.00000	-1.00000	0.00037	-1.00000	-1.00000	-0.00000	-1.00000	-1.00000	0.00005	-1.00000	-1.00000
4279	Gandy	Cluster	un	1762376	0.11672	-1.00000	-1.00000	0.01853	-1.00000	-1.00000	0.03064	-1.00000	-1.00000	0.00025	-1.00000	-1.00000
4286	Gandy	Cluster	un	1767161	0.07407	-1.00000	-1.00000	0.00881	-1.00000	-1.00000	0.01894	-1.00000	-1.00000	0.00024	-1.00000	-1.00000
4287	Gandy	Cluster	un	1767865	-0.00270	-1.00000	-1.00000	-0.00010	-1.00000	-1.00000	0.01069	-1.00000	-1.00000	0.00019	-1.00000	-1.00000
4292	Gandy	Cluster	un	1769459	0.03114	-1.00000	-1.00000	0.00229	-1.00000	-1.00000	0.00246	-1.00000	-1.00000	0.00008	-1.00000	-1.00000
4293	Gandy	Cluster	un	1770300	-0.03544	-1.00000	-1.00000	-0.03675	-1.00000	-1.00000	-0.03931	-1.00000	-1.00000	0.00074	-1.00000	-1.00000
4294	Gandy	Cluster	un	1771094	0.00340	-1.00000	-1.00000	0.00014	-1.00000	-1.00000	0.01768	-1.00000	-1.00000	0.00035	-1.00000	-1.00000
4298	Gandy	Cluster	un	1773463	0.00251	-1.00000	-1.00000	0.00009	-1.00000	-1.00000	-0.00000	-1.00000	-1.00000	0.00004	-1.00000	-1.00000
4303	Gandy	Cluster	un	1776887	-0.00270	-1.00000	-1.00000	-0.00010	-1.00000	-1.00000	0.00508	-1.00000	-1.00000	0.00012	-1.00000	-1.00000
4305	Gandy	Cluster	un	1778494	0.78412	-1.00000	-1.00000	0.74052	-1.00000	-1.00000	0.74487	-1.00000	-1.00000	0.00101	-1.00000	-1.00000
4306	Gandy	Cluster	un	1779290	0.96424	-1.00000	-1.00000	0.96297	-1.00000	-1.00000	0.96296	-1.00000	-1.00000	0.00117	-1.00000	-1.00000
4313	Gandy	Cluster	un	1783236	0.00290	-1.00000	-1.00000	0.00011	-1.00000	-1.00000	0.00088	-1.00000	-1.00000	0.00029	-1.00000	-1.00000
4319	Gandy	Cluster	un	1785477	-0.00489	-1.00000	-1.00000	-0.00018	-1.00000	-1.00000	0.01104	-1.00000	-1.00000	0.00022	-1.00000	-1.00000
4321	Gandy	Cluster	un	1787020	0.17448	-1.00000	-1.00000	0.03767	-1.00000	-1.00000	0.07867	-1.00000	-1.00000	0.00034	-1.00000	-1.00000
4322	Gandy	Cluster	un	1787891	0.03448	-1.00000	-1.00000	0.00246	-1.00000	-1.00000	0.00246	-1.00000	-1.00000	0.00009	-1.00000	-1.00000
4328	Gandy	Cluster	un	1790236	0.03448	-1.00000	-1.00000	0.00246	-1.00000	-1.00000	0.00246	-1.00000	-1.00000	0.00009	-1.00000	-1.00000
4343	Gandy	Cluster	un	1796583	0.03367	-1.00000	-1.00000	0.00677	-1.00000	-1.00000	0.00136	-1.00000	-1.00000	0.00031	-1.00000	-1.00000
4355	Gandy	Cluster	un	1803930	0.04067	-1.00000	-1.00000	0.00302	-1.00000	-1.00000	0.00284	-1.00000	-1.00000	0.00008	-1.00000	-1.00000
4358	Gandy	Cluster	un	1805532	-0.02008	-1.00000	-1.00000	-0.01568	-1.00000	-1.00000	-0.02316	-1.00000	-1.00000	0.00069	-1.00000	-1.00000
4359	Gandy	Cluster	un	1806262	0.13205	-1.00000	-1.00000	0.02645	-1.00000	-1.00000	0.02685	-1.00000	-1.00000	0.00020	-1.00000	-1.00000
4360	Gandy	Cluster	un	1807079	0.16737	-1.00000	-1.00000	0.03722	-1.00000	-1.00000	0.04771	-1.00000	-1.00000	0.00045	-1.00000	-1.00000
4365	Gandy	Cluster	un	1810210	0.04820	-1.00000	-1.00000	0.00374	-1.00000	-1.00000	0.03064	-1.00000	-1.00000	0.00026	-1.00000	-1.00000
4368	Gandy	Cluster	un	1810988	0.00290	-1.00000	-1.00000	0.00011	-1.00000	-1.00000	-0.00518	-1.00000	-1.00000	0.00021	-1.00000	-1.00000
4369	Gandy	Cluster	un	1811763	0.00340	-1.00000	-1.00000	0.00014	-1.00000	-1.00000	0.00110	-1.00000	-1.00000	0.00030	-1.00000	-1.00000
4374	Gandy	Cluster	un	1813283	0.05748	-1.00000	-1.00000	0.00467	-1.00000	-1.00000	0.06452	-1.00000	-1.00000	0.00034	-1.00000	-1.00000
4377	Gandy	Cluster	un	1814851	0.06897	-1.00000	-1.00000	0.00760	-1.00000	-1.00000	0.00760	-1.00000	-1.00000	0.00012	-1.00000	-1.00000
4384	Gandy	Cluster	un	1817365	0.00995	-1.00000	-1.00000	0.00177	-1.00000	-1.00000	0.00075	-1.00000	-1.00000	0.00043	-1.00000	-1.00000
4393	Gandy	Cluster	un	1819778	0.30563	-1.00000	-1.00000	0.19571	-1.00000	-1.00000	0.17152	-1.00000	-1.00000	0.00064	-1.00000	-1.00000
4396	Gandy	Cluster	un	1822246	0.45057	-1.00000	-1.00000	0.27457	-1.00000	-1.00000	0.28659	-1.00000	-1.00000	0.00066	-1.00000	-1.00000
4397	Gandy	Cluster	un	1823083	-0.04348	-1.00000	-1.00000	-0.00379	-1.00000	-1.00000	-0.01366	-1.00000	-1.00000	0.00047	-1.00000	-1.00000
4398	Gandy	Cluster	un	1823810	-0.00000	-1.00000	-1.00000	-0.00000	-1.00000	-1.00000	-0.00050	-1.00000	-1.00000	0.00029	-1.00000	-1.00000
4401	Gandy	Cluster	un	1825375	0.57644	-1.00000	-1.00000	0.52624	-1.00000	-1.00000	0.51756	-1.00000	-1.00000	0.00085	-1.00000	-1.00000
4402	Gandy	Cluster	un	1826199	0.04820	-1.00000	-1.00000	0.00374	-1.00000	-1.00000	0.00332	-1.00000	-1.00000	0.00010	-1.00000	-1.00000
4404	Gandy	Cluster	un	1826954	0.07436	-1.00000	-1.00000	0.00994	-1.00000	-1.00000	-0.00687	-1.00000	-1.00000	0.00045	-1.00000	-1.00000
4409	Gandy	Cluster	un	1828366	0.16584	-1.00000	-1.00000	0.04086	-1.00000	-1.00000	0.04132	-1.00000	-1.00000	0.00026	-1.00000	-1.00000
4414	Gandy	Cluster	un	1830746	0.00251	-1.00000	-1.00000	0.00009	-1.00000	-1.00000	0.00508	-1.00000	-1.00000	0.00012	-1.00000	-1.00000
4422	Gandy	Cluster	un	1834724	-0.00235	-1.00000	-1.00000	-0.00008	-1.00000	-1.00000	-0.00000	-1.00000	-1.00000	0.00004	-1.00000	-1.00000
4423	Gandy	Cluster	un	1835541	-0.00235	-1.00000	-1.00000	-0.00008	-1.00000	-1.00000	0.00008	-1.00000	-1.00000	0.00011	-1.00000	-1.00000
4433	Gandy	Cluster	un	1841291	0.00561	-1.00000	-1.00000	0.00021	-1.00000	-1.00000	0.02159	-1.00000	-1.00000	0.00026	-1.00000	-1.00000
4448	Gandy	Cluster	un	1848279	-0.00933	-1.00000	-1.00000	-0.00501	-1.00000	-1.00000	0.00530	-1.00000	-1.00000	0.00054	-1.00000	-1.00000
4455	Gandy	Cluster	un	1852349	0.62069	-1.00000	-1.00000	0.51740	-1.00000	-1.00000	0.51740	-1.00000	-1.00000	0.00073	-1.00000	-1.00000
4457	Gandy	Cluster	un	1854010	-0.00000	-1.00000	-1.00000	-0.00000	-1.00000	-1.00000	-0.00000	-1.00000	-1.00000	0.00004	-1.00000	-1.00000
4460	Gandy	Cluster	un	1854817	0.04420	-1.00000	-1.00000	0.00354	-1.00000	-1.00000	0.01220	-1.00000	-1.00000	0.00028	-1.00000	-1.00000
4463	Gandy	Cluster	un	1856081	-0.00489	-1.00000	-1.00000	-0.00018	-1.00000	-1.00000	-0.00000	-1.00000	-1.00000	0.00004	-1.00000	-1.00000
4465	Gandy	Cluster	un	1857017	0.42909	-1.00000	-1.00000	0.28043	-1.00000	-1.00000	0.26495	-1.00000	-1.00000	0.00067	-1.00000	-1.00000
4469	Gandy	Cluster	un	1857773	0.53946	-1.00000	-1.00000	0.44431	-1.00000	-1.00000	0.45686	-1.00000	-1.00000	0.00077	-1.00000	-1.00000
4475	Gandy	Cluster	un	1860937	-0.00315	-1.00000	-1.00000	-0.00013	-1.00000	-1.00000	-0.00564	-1.00000	-1.00000	0.00026	-1.00000	-1.00000
4481	Gandy	Cluster	un	1864269	0.03448	-1.00000	-1.00000	0.00246	-1.00000	-1.00000	0.00246	-1.00000	-1.00000	0.00007	-1.00000	-1.00000
4490	Gandy	Cluster	un	1866589	0.00251	-1.00000	-1.00000	0.00009	-1.00000	-1.00000	0.00508	-1.00000	-1.00000	0.00013	-1.00000	-1.00000
4499	Gandy	Cluster	un	1872244	0.00000	-1.00000	-1.00000	0.00000	-1.00000	-1.00000	-0.00502	-1.00000	-1.00000	0.00028	-1.00000	-1.00000
4505	Gandy	Cluster	un	1876118	-0.00315	-1.00000	-1.00000	-0.00013	-1.00000	-1.00000	-0.01039	-1.00000	-1.00000	0.00038	-1.00000	-1.00000
4513	Gandy	Cluster	un	1881040	0.26190	-1.00000	-1.00000	0.16515	-1.00000	-1.00000	0.17647	-1.00000	-1.00000	0.00065	-1.00000	-1.00000
4530	Gandy	Cluster	un	1887937	0.24887	-1.00000	-1.00000	0.08190	-1.00000	-1.00000	0.12954	-1.00000	-1.00000	0.00045	-1.00000	-1.00000
4531	Gandy	Cluster	un	1888757	-0.03704	-1.00000	-1.00000	-0.00275	-1.00000	-1.00000	-0.00786	-1.00000	-1.00000	0.00024	-1.00000	-1.00000
4532	Gandy	Cluster	un	1889539	0.19057	-1.00000	-1.00000	0.04497	-1.00000	-1.00000	0.03976	-1.00000	-1.00000	0.00037	-1.00000	-1.00000
4545	Gandy	Cluster	un	1895979	0.60174	-1.00000	-1.00000	0.47845	-1.00000	-1.00000	0.49123	-1.00000	-1.00000	0.00077	-1.00000	-1.00000
4551	Gandy	Cluster	un	1898371	-0.02664	-1.00000	-1.00000	-0.00546	-1.00000	-1.00000	-0.00441	-1.00000	-1.00000	0.00038	-1.00000	-1.00000
4552	Gandy	Cluster	un	1899206	0.02912	-1.00000	-1.00000	0.00239	-1.00000	-1.00000	0.01050	-1.00000	-1.00000	0.00018	-1.00000	-1.00000
4554	Gandy	Cluster	un	1900734	-0.00000	-1.00000	-1.00000	-0.00000	-1.00000	-1.00000	-0.00050	-1.00000	-1.00000	0.00027	-1.00000	-1.00000
4562	Gandy	Cluster	un	1903064	0.00340	-1.00000	-1.00000	0.00014	-1.00000	-1.00000	0.00110	-1.00000	-1.00000	0.00029	-1.00000	-1.00000
4565	Gandy	Cluster	un	1905293	0.19970	-1.00000	-1.00000	0.05872	-1.00000	-1.00000	0.05924	-1.00000	-1.00000	0.00027	-1.00000	-1.00000
4568	Gandy	Cluster	un	1906154	0.04000	-1.00000	-1.00000	0.00332	-1.00000	-1.00000	-0.00260	-1.00000	-1.00000	0.00022	-1.00000	-1.00000
4587	Gandy	Cluster	un	1914469	0.00561	-1.00000	-1.00000	0.00021	-1.00000	-1.00000	-0.00000	-1.00000	-1.00000	0.00005	-1.00000	-1.00000
4595	Gandy	Cluster	un	1918834	-0.00235	-1.00000	-1.00000	-0.00008	-1.00000	-1.00000	-0.00000	-1.00000	-1.00000	0.00005	-1.00000	-1.00000
4597	Gandy	Cluster	un	1919564	-0.00235	-1.00000	-1.00000	-0.00008	-1.00000	-1.00000	0.00008	-1.00000	-1.00000	0.00012	-1.00000	-1.00000
4598	Gandy	Cluster	un	1920351	0.04067	-1.00000	-1.00000	0.00302	-1.00000	-1.00000	0.00284	-1.00000	-1.00000	0.00011	-1.00000	-1.00000
4602	Gandy	Cluster	un	1922521	1.00000	-1.00000	-1.00000	1.00000	-1.00000	-1.00000	1.00000	-1.00000	-1.00000	0.00131	-1.00000	-1.00000
4605	Gandy	Cluster	un	1923882	0.43412	-1.00000	-1.00000	0.38874	-1.00000	-1.00000	0.40196	-1.00000	-1.00000	0.00082	-1.00000	-1.00000
4609	Gandy	Cluster	un	1926166	0.00251	-1.00000	-1.00000	0.00009	-1.00000	-1.00000	0.00508	-1.00000	-1.00000	0.00013	-1.00000	-1.00000
4612	Gandy	Cluster	un	1928473	-0.00000	-1.00000	-1.00000	-0.00000	-1.00000	-1.00000	-0.01068	-1.00000	-1.00000	0.00034	-1.00000	-1.00000
4613	Gandy	Cluster	un	1929241	0.22222	-1.00000	-1.00000	0.06897	-1.00000	-1.00000	0.08696	-1.00000	-1.00000	0.00039	-1.00000	-1.00000
4626	Gandy	Cluster	un	1935384	-0.00397	-1.00000	-1.00000	-0.00070	-1.00000	-1.00000	0.00058	-1.00000	-1.00000	0.00045	-1.00000	-1.00000
4635	Gandy	Cluster	un	1939266	0.01411	-1.00000	-1.00000	0.00223	-1.00000	-1.00000	0.01115	-1.00000	-1.00000	0.00024	-1.00000	-1.00000
4639	Gandy	Cluster	un	1941735	0.04932	-1.00000	-1.00000	0.04927	-1.00000	-1.00000	0.08219	-1.00000	-1.00000	0.00074	-1.00000	-1.00000
4641	Gandy	Cluster	un	1943251	0.26765	-1.00000	-1.00000	0.10512	-1.00000	-1.00000	0.09056	-1.00000	-1.00000	0.00043	-1.00000	-1.00000
4645	Gandy	Cluster	un	1945710	0.63840	-1.00000	-1.00000	0.53160	-1.00000	-1.00000	0.54259	-1.00000	-1.00000	0.00075	-1.00000	-1.00000
4659	Gandy	Cluster	un	1951680	0.06897	-1.00000	-1.00000	0.00760	-1.00000	-1.00000	0.00760	-1.00000	-1.00000	0.00012	-1.00000	-1.00000
4677	Gandy	Cluster	un	1959703	0.14960	-1.00000	-1.00000	0.06749	-1.00000	-1.00000	0.11190	-1.00000	-1.00000	0.00052	-1.00000	-1.00000
4678	Gandy	Cluster	un	1960509	-0.00000	-1.00000	-1.00000	-0.00000	-1.00000	-1.00000	-0.01068	-1.00000	-1.00000	0.00032	-1.00000	-1.00000
4680	Gandy	Cluster	un	1961319	0.26298	-1.00000	-1.00000	0.14862	-1.00000	-1.00000	0.12004	-1.00000	-1.00000	0.00072	-1.00000	-1.00000
4684	Gandy	Cluster	un	1962834	-0.00235	-1.00000	-1.00000	-0.00008	-1.00000	-1.00000	-0.00000	-1.00000	-1.00000	0.00004	-1.00000	-1.00000
4685	Gandy	Cluster	un	1963628	-0.03567	-1.00000	-1.00000	-0.00255	-1.00000	-1.00000	0.00018	-1.00000	-1.00000	0.00016	-1.00000	-1.00000
4693	Gandy	Cluster	un	1967696	0.07875	-1.00000	-1.00000	0.00908	-1.00000	-1.00000	0.00881	-1.00000	-1.00000	0.00014	-1.00000	-1.00000
4697	Gandy	Cluster	un	1970069	0.02760	-1.00000	-1.00000	0.00210	-1.00000	-1.00000	0.00883	-1.00000	-1.00000	0.00022	-1.00000	-1.00000
4698	Gandy	Cluster	un	1970929	0.30168	-1.00000	-1.00000	0.15788	-1.00000	-1.00000	0.17772	-1.00000	-1.00000	0.00052	-1.00000	-1.00000
4701	Gandy	Cluster	un	1972583	0.13263	-1.00000	-1.00000	0.02215	-1.00000	-1.00000	0.05900	-1.00000	-1.00000	0.00033	-1.00000	-1.00000
4705	Gandy	Cluster	un	1973389	0.07407	-1.00000	-1.00000	0.00881	-1.00000	-1.00000	0.01894	-1.00000	-1.00000	0.00021	-1.00000	-1.00000
4723	Gandy	Cluster	un	1980727	-0.03862	-1.00000	-1.00000	-0.01003	-1.00000	-1.00000	-0.01634	-1.00000	-1.00000	0.00041	-1.00000	-1.00000
4727	Gandy	Cluster	un	1983165	0.00561	-1.00000	-1.00000	0.00021	-1.00000	-1.00000	0.02159	-1.00000	-1.00000	0.00021	-1.00000	-1.00000
4729	Gandy	Cluster	un	1984663	0.01043	-1.00000	-1.00000	0.01086	-1.00000	-1.00000	-0.00612	-1.00000	-1.00000	0.00071	-1.00000	-1.00000
4734	Gandy	Cluster	un	1985533	0.28601	-1.00000	-1.00000	0.27572	-1.00000	-1.00000	0.25491	-1.00000	-1.00000	0.00083	-1.00000	-1.00000
4738	Gandy	Cluster	un	1986333	0.04838	-1.00000	-1.00000	0.00422	-1.00000	-1.00000	0.00323	-1.00000	-1.00000	0.00039	-1.00000	-1.00000
4739	Gandy	Cluster	un	1987205	0.10345	-1.00000	-1.00000	0.01567	-1.00000	-1.00000	0.01567	-1.00000	-1.00000	0.00017	-1.00000	-1.00000
4743	Gandy	Cluster	un	1989642	-0.00235	-1.00000	-1.00000	-0.00008	-1.00000	-1.00000	-0.00000	-1.00000	-1.00000	0.00004	-1.00000	-1.00000
4750	Gandy	Cluster	un	1994349	-0.00000	-1.00000	-1.00000	-0.00000	-1.00000	-1.00000	-0.00000	-1.00000	-1.00000	0.00004	-1.00000	-1.00000
4768	Gandy	Cluster	un	2000766	0.06897	-1.00000	-1.00000	0.00760	-1.00000	-1.00000	0.00760	-1.00000	-1.00000	0.00013	-1.00000	-1.00000
4772	Gandy	Cluster	un	2002323	0.42051	-1.00000	-1.00000	0.22818	-1.00000	-1.00000	0.27621	-1.00000	-1.00000	0.00063	-1.00000	-1.00000
4773	Gandy	Cluster	un	2003112	0.68504	-1.00000	-1.00000	0.69407	-1.00000	-1.00000	0.68219	-1.00000	-1.00000	0.00097	-1.00000	-1.00000
4774	Gandy	Cluster	un	2003951	0.71144	-1.00000	-1.00000	0.63782	-1.00000	-1.00000	0.64526	-1.00000	-1.00000	0.00092	-1.00000	-1.00000
4777	Gandy	Cluster	un	2005535	0.03114	-1.00000	-1.00000	0.00229	-1.00000	-1.00000	0.00246	-1.00000	-1.00000	0.00008	-1.00000	-1.00000
4781	Gandy	Cluster	un	2007226	0.03448	-1.00000	-1.00000	0.00246	-1.00000	-1.00000	0.00246	-1.00000	-1.00000	0.00008	-1.00000	-1.00000
4784	Gandy	Cluster	un	2008067	0.44552	-1.00000	-1.00000	0.33934	-1.00000	-1.00000	0.31983	-1.00000	-1.00000	0.00079	-1.00000	-1.00000
4785	Gandy	Cluster	un	2008873	0.03514	-1.00000	-1.00000	0.03554	-1.00000	-1.00000	0.01916	-1.00000	-1.00000	0.00074	-1.00000	-1.00000
4791	Gandy	Cluster	un	2011937	0.16737	-1.00000	-1.00000	0.03722	-1.00000	-1.00000	0.03670	-1.00000	-1.00000	0.00028	-1.00000	-1.00000
4798	Gandy	Cluster	un	2014943	0.00656	-1.00000	-1.00000	0.00026	-1.00000	-1.00000	0.02512	-1.00000	-1.00000	0.00023	-1.00000	-1.00000
4804	Gandy	Cluster	un	2017363	0.34406	-1.00000	-1.00000	0.20550	-1.00000	-1.00000	0.20490	-1.00000	-1.00000	0.00055	-1.00000	-1.00000
4812	Gandy	Cluster	un	2022349	0.48148	-1.00000	-1.00000	0.32500	-1.00000	-1.00000	0.31886	-1.00000	-1.00000	0.00071	-1.00000	-1.00000
4818	Gandy	Cluster	un	2024751	0.00290	-1.00000	-1.00000	0.00011	-1.00000	-1.00000	0.00088	-1.00000	-1.00000	0.00027	-1.00000	-1.00000
4824	Gandy	Cluster	un	2026364	0.05748	-1.00000	-1.00000	0.00467	-1.00000	-1.00000	0.03571	-1.00000	-1.00000	0.00029	-1.00000	-1.00000
4826	Gandy	Cluster	un	2027580	0.00951	-1.00000	-1.00000	0.00037	-1.00000	-1.00000	0.00691	-1.00000	-1.00000	0.00014	-1.00000	-1.00000
4831	Gandy	Cluster	un	2030810	-0.00235	-1.00000	-1.00000	-0.00008	-1.00000	-1.00000	0.00008	-1.00000	-1.00000	0.00013	-1.00000	-1.00000
4842	Gandy	Cluster	un	2036441	0.00251	-1.00000	-1.00000	0.00009	-1.00000	-1.00000	0.00508	-1.00000	-1.00000	0.00012	-1.00000	-1.00000
4852	Gandy	Cluster	un	2041995	-0.00000	-1.00000	-1.00000	-0.00000	-1.00000	-1.00000	-0.00000	-1.00000	-1.00000	0.00004	-1.00000	-1.00000
4856	Gandy	Cluster	un	2042808	0.12643	-1.00000	-1.00000	0.02178	-1.00000	-1.00000	0.03023	-1.00000	-1.00000	0.00035	-1.00000	-1.00000
4859	Gandy	Cluster	un	2044557	0.12643	-1.00000	-1.00000	0.02178	-1.00000	-1.00000	0.05900	-1.00000	-1.00000	0.00034	-1.00000	-1.00000
4861	Gandy	Cluster	un	2045349	0.76724	-1.00000	-1.00000	0.71716	-1.00000	-1.00000	0.71164	-1.00000	-1.00000	0.00102	-1.00000	-1.00000
4864	Gandy	Cluster	un	2046960	-0.00000	-1.00000	-1.00000	-0.00000	-1.00000	-1.00000	-0.00000	-1.00000	-1.00000	0.00004	-1.00000	-1.00000
4866	Gandy	Cluster	un	2048695	-0.02844	-1.00000	-1.00000	-0.01366	-1.00000	-1.00000	-0.00783	-1.00000	-1.00000	0.00060	-1.00000	-1.00000
4867	Gandy	Cluster	un	2049497	-0.00270	-1.00000	-1.00000	-0.00010	-1.00000	-1.00000	0.00011	-1.00000	-1.00000	0.00013	-1.00000	-1.00000
4878	Gandy	Cluster	un	2052716	0.61066	-1.00000	-1.00000	0.53036	-1.00000	-1.00000	0.50286	-1.00000	-1.00000	0.00093	-1.00000	-1.00000
4880	Gandy	Cluster	un	2053493	0.07556	-1.00000	-1.00000	0.06502	-1.00000	-1.00000	0.10236	-1.00000	-1.00000	0.00067	-1.00000	-1.00000
4882	Gandy	Cluster	un	2055131	0.96296	-1.00000	-1.00000	0.96296	-1.00000	-1.00000	0.96296	-1.00000	-1.00000	0.00117	-1.00000	-1.00000
4888	Gandy	Cluster	un	2059251	-0.04145	-1.00000	-1.00000	-0.00721	-1.00000	-1.00000	0.00616	-1.00000	-1.00000	0.00045	-1.00000	-1.00000
4895	Gandy	Cluster	un	2064151	0.77292	-1.00000	-1.00000	0.77881	-1.00000	-1.00000	0.77881	-1.00000	-1.00000	0.00095	-1.00000	-1.00000
4896	Gandy	Cluster	un	2065013	0.13793	-1.00000	-1.00000	0.02685	-1.00000	-1.00000	0.02685	-1.00000	-1.00000	0.00020	-1.00000	-1.00000
4897	Gandy	Cluster	un	2065846	0.32000	-1.00000	-1.00000	0.14487	-1.00000	-1.00000	0.16697	-1.00000	-1.00000	0.00053	-1.00000	-1.00000
4906	Gandy	Cluster	un	2070847	0.09834	-1.00000	-1.00000	0.01534	-1.00000	-1.00000	0.01567	-1.00000	-1.00000	0.00017	-1.00000	-1.00000
4909	Gandy	Cluster	un	2072485	0.03320	-1.00000	-1.00000	0.00263	-1.00000	-1.00000	-0.00303	-1.00000	-1.00000	0.00025	-1.00000	-1.00000
4913	Gandy	Cluster	un	2074839	0.25926	-1.00000	-1.00000	0.09396	-1.00000	-1.00000	0.08829	-1.00000	-1.00000	0.00046	-1.00000	-1.00000
4929	Gandy	Cluster	un	2081840	-0.03704	-1.00000	-1.00000	-0.00275	-1.00000	-1.00000	-0.00786	-1.00000	-1.00000	0.00024	-1.00000	-1.00000
4933	Gandy	Cluster	un	2084284	0.14504	-1.00000	-1.00000	0.02643	-1.00000	-1.00000	0.06282	-1.00000	-1.00000	0.00040	-1.00000	-1.00000
4934	Gandy	Cluster	un	2085205	0.55413	-1.00000	-1.00000	0.38325	-1.00000	-1.00000	0.45283	-1.00000	-1.00000	0.00079	-1.00000	-1.00000
4938	Gandy	Cluster	un	2087569	0.13205	-1.00000	-1.00000	0.02645	-1.00000	-1.00000	0.01790	-1.00000	-1.00000	0.00028	-1.00000	-1.00000
4947	Gandy	Cluster	un	2091444	0.00251	-1.00000	-1.00000	0.00009	-1.00000	-1.00000	0.00508	-1.00000	-1.00000	0.00011	-1.00000	-1.00000
4950	Gandy	Cluster	un	2093931	0.04067	-1.00000	-1.00000	0.00302	-1.00000	-1.00000	0.00284	-1.00000	-1.00000	0.00009	-1.00000	-1.00000
4957	Gandy	Cluster	un	2097884	0.00000	-1.00000	-1.00000	0.00000	-1.00000	-1.00000	-0.00502	-1.00000	-1.00000	0.00019	-1.00000	-1.00000
4966	Gandy	Cluster	un	2101705	0.13867	-1.00000	-1.00000	0.08400	-1.00000	-1.00000	0.07346	-1.00000	-1.00000	0.00053	-1.00000	-1.00000
4967	Gandy	Cluster	un	2102524	0.03448	-1.00000	-1.00000	0.00246	-1.00000	-1.00000	0.00246	-1.00000	-1.00000	0.00008	-1.00000	-1.00000
4968	Gandy	Cluster	un	2103365	0.04067	-1.00000	-1.00000	0.00302	-1.00000	-1.00000	0.00284	-1.00000	-1.00000	0.00009	-1.00000	-1.00000
4970	Gandy	Cluster	un	2104922	0.89655	-1.00000	-1.00000	0.88973	-1.00000	-1.00000	0.88973	-1.00000	-1.00000	0.00114	-1.00000	-1.00000
4974	Gandy	Cluster	un	2106237	0.55178	-1.00000	-1.00000	0.55314	-1.00000	-1.00000	0.56678	-1.00000	-1.00000	0.00096	-1.00000	-1.00000
4989	Gandy	Cluster	un	2112659	0.07875	-1.00000	-1.00000	0.00908	-1.00000	-1.00000	0.01894	-1.00000	-1.00000	0.00020	-1.00000	-1.00000
4995	Gandy	Cluster	un	2115250	0.15460	-1.00000	-1.00000	0.03162	-1.00000	-1.00000	0.03120	-1.00000	-1.00000	0.00023	-1.00000	-1.00000
5014	Gandy	Cluster	un	2123235	0.02915	-1.00000	-1.00000	0.02958	-1.00000	-1.00000	0.05283	-1.00000	-1.00000	0.00078	-1.00000	-1.00000
5026	Gandy	Cluster	un	2129491	0.15194	-1.00000	-1.00000	0.02682	-1.00000	-1.00000	0.10217	-1.00000	-1.00000	0.00045	-1.00000	-1.00000
5030	Gandy	Cluster	un	2131943	-0.00767	-1.00000	-1.00000	-0.00029	-1.00000	-1.00000	0.03472	-1.00000	-1.00000	0.00031	-1.00000	-1.00000
5033	Gandy	Cluster	un	2132683	0.96552	-1.00000	-1.00000	0.96552	-1.00000	-1.00000	0.96552	-1.00000	-1.00000	0.00128	-1.00000	-1.00000
5059	Gandy	Cluster	un	2144241	-0.00270	-1.00000	-1.00000	-0.00010	-1.00000	-1.00000	-0.00488	-1.00000	-1.00000	0.00025	-1.00000	-1.00000
5074	Gandy	Cluster	un	2150517	0.13263	-1.00000	-1.00000	0.02215	-1.00000	-1.00000	0.05900	-1.00000	-1.00000	0.00032	-1.00000	-1.00000
5079	Gandy	Cluster	un	2152844	0.11111	-1.00000	-1.00000	0.01818	-1.00000	-1.00000	0.03064	-1.00000	-1.00000	0.00027	-1.00000	-1.00000
5082	Gandy	Cluster	un	2155192	0.03555	-1.00000	-1.00000	0.00306	-1.00000	-1.00000	-0.01045	-1.00000	-1.00000	0.00040	-1.00000	-1.00000
5083	Gandy	Cluster	un	2156022	0.00251	-1.00000	-1.00000	0.00009	-1.00000	-1.00000	0.00508	-1.00000	-1.00000	0.00012	-1.00000	-1.00000
5086	Gandy	Cluster	un	2157682	0.00251	-1.00000	-1.00000	0.00009	-1.00000	-1.00000	0.00508	-1.00000	-1.00000	0.00013	-1.00000	-1.00000
5096	Gandy	Cluster	un	2162555	0.87883	-1.00000	-1.00000	0.85901	-1.00000	-1.00000	0.84712	-1.00000	-1.00000	0.00109	-1.00000	-1.00000
5101	Gandy	Cluster	un	2164170	0.11111	-1.00000	-1.00000	0.01818	-1.00000	-1.00000	0.01069	-1.00000	-1.00000	0.00024	-1.00000	-1.00000
5112	Gandy	Cluster	un	2168233	0.03448	-1.00000	-1.00000	0.00246	-1.00000	-1.00000	0.00246	-1.00000	-1.00000	0.00008	-1.00000	-1.00000
5119	Gandy	Cluster	un	2171427	0.36961	-1.00000	-1.00000	0.17428	-1.00000	-1.00000	0.21944	-1.00000	-1.00000	0.00084	-1.00000	-1.00000
5121	Gandy	Cluster	un	2172044	-0.00000	-1.00000	-1.00000	-0.00000	-1.00000	-1.00000	-0.00000	-1.00000	-1.00000	0.00004	-1.00000	-1.00000
5138	Gandy	Cluster	un	2179383	0.00290	-1.00000	-1.00000	0.00011	-1.00000	-1.00000	0.00589	-1.00000	-1.00000	0.00015	-1.00000	-1.00000
5145	Gandy	Cluster	un	2181689	-0.01816	-1.00000	-1.00000	-0.01588	-1.00000	-1.00000	-0.01530	-1.00000	-1.00000	0.00059	-1.00000	-1.00000
5174	Gandy	Cluster	un	2196168	0.68043	-1.00000	-1.00000	0.56715	-1.00000	-1.00000	0.59398	-1.00000	-1.00000	0.00092	-1.00000	-1.00000
5177	Gandy	Cluster	un	2198534	-0.03384	-1.00000	-1.00000	-0.00662	-1.00000	-1.00000	-0.00510	-1.00000	-1.00000	0.00028	-1.00000	-1.00000
5182	Gandy	Cluster	un	2200105	0.00561	-1.00000	-1.00000	0.00021	-1.00000	-1.00000	0.02159	-1.00000	-1.00000	0.00019	-1.00000	-1.00000
5184	Gandy	Cluster	un	2200972	0.29006	-1.00000	-1.00000	0.09910	-1.00000	-1.00000	0.09700	-1.00000	-1.00000	0.00036	-1.00000	-1.00000
5190	Gandy	Cluster	un	2204180	-0.00235	-1.00000	-1.00000	-0.00008	-1.00000	-1.00000	0.00008	-1.00000	-1.00000	0.00013	-1.00000	-1.00000
5197	Gandy	Cluster	un	2206495	0.05304	-1.00000	-1.00000	0.00446	-1.00000	-1.00000	0.01011	-1.00000	-1.00000	0.00030	-1.00000	-1.00000
5201	Gandy	Cluster	un	2207361	0.09025	-1.00000	-1.00000	0.09136	-1.00000	-1.00000	0.08353	-1.00000	-1.00000	0.00077	-1.00000	-1.00000
5206	Gandy	Cluster	un	2209759	0.00951	-1.00000	-1.00000	0.00037	-1.00000	-1.00000	0.05121	-1.00000	-1.00000	0.00029	-1.00000	-1.00000
5209	Gandy	Cluster	un	2211397	0.11111	-1.00000	-1.00000	0.01818	-1.00000	-1.00000	0.01069	-1.00000	-1.00000	0.00023	-1.00000	-1.00000
5211	Gandy	Cluster	un	2212264	0.25912	-1.00000	-1.00000	0.12118	-1.00000	-1.00000	0.14074	-1.00000	-1.00000	0.00049	-1.00000	-1.00000
5215	Gandy	Cluster	un	2213093	0.05748	-1.00000	-1.00000	0.00467	-1.00000	-1.00000	0.00394	-1.00000	-1.00000	0.00011	-1.00000	-1.00000
5218	Gandy	Cluster	un	2214730	0.04348	-1.00000	-1.00000	0.04513	-1.00000	-1.00000	0.01759	-1.00000	-1.00000	0.00083	-1.00000	-1.00000
5222	Gandy	Cluster	un	2217914	0.42407	-1.00000	-1.00000	0.22070	-1.00000	-1.00000	0.30717	-1.00000	-1.00000	0.00068	-1.00000	-1.00000
5226	Gandy	Cluster	un	2219506	0.06470	-1.00000	-1.00000	0.00736	-1.00000	-1.00000	0.00300	-1.00000	-1.00000	0.00020	-1.00000	-1.00000
5233	Gandy	Cluster	un	2222880	0.04820	-1.00000	-1.00000	0.00374	-1.00000	-1.00000	0.01220	-1.00000	-1.00000	0.00018	-1.00000	-1.00000
5245	Gandy	Cluster	un	2227715	-0.00315	-1.00000	-1.00000	-0.00013	-1.00000	-1.00000	-0.01039	-1.00000	-1.00000	0.00039	-1.00000	-1.00000
5248	Gandy	Cluster	un	2230147	0.50791	-1.00000	-1.00000	0.37099	-1.00000	-1.00000	0.37152	-1.00000	-1.00000	0.00067	-1.00000	-1.00000
5249	Gandy	Cluster	un	2230943	0.37984	-1.00000	-1.00000	0.17493	-1.00000	-1.00000	0.26396	-1.00000	-1.00000	0.00059	-1.00000	-1.00000
5277	Gandy	Cluster	un	2241205	0.07875	-1.00000	-1.00000	0.00908	-1.00000	-1.00000	0.00881	-1.00000	-1.00000	0.00014	-1.00000	-1.00000
5287	Gandy	Cluster	un	2245124	0.00290	-1.00000	-1.00000	0.00011	-1.00000	-1.00000	0.02159	-1.00000	-1.00000	0.00022	-1.00000	-1.00000
5299	Gandy	Cluster	un	2248172	0.10495	-1.00000	-1.00000	0.01335	-1.00000	-1.00000	0.08145	-1.00000	-1.00000	0.00040	-1.00000	-1.00000
5300	Gandy	Cluster	un	2248930	-0.00235	-1.00000	-1.00000	-0.00008	-1.00000	-1.00000	-0.00000	-1.00000	-1.00000	0.00006	-1.00000	-1.00000
5305	Gandy	Cluster	un	2251103	0.00725	-1.00000	-1.00000	0.00674	-1.00000	-1.00000	0.00159	-1.00000	-1.00000	0.00077	-1.00000	-1.00000
5312	Gandy	Cluster	un	2254951	0.37986	-1.00000	-1.00000	0.19396	-1.00000	-1.00000	0.21372	-1.00000	-1.00000	0.00049	-1.00000	-1.00000
5323	Gandy	Cluster	un	2258573	0.00251	-1.00000	-1.00000	0.00009	-1.00000	-1.00000	-0.00000	-1.00000	-1.00000	0.00004	-1.00000	-1.00000
5329	Gandy	Cluster	un	2260252	-0.02558	-1.00000	-1.00000	-0.02243	-1.00000	-1.00000	-0.02950	-1.00000	-1.00000	0.00068	-1.00000	-1.00000
5332	Gandy	Cluster	un	2262820	0.00340	-1.00000	-1.00000	0.00014	-1.00000	-1.00000	0.01768	-1.00000	-1.00000	0.00035	-1.00000	-1.00000
5335	Gandy	Cluster	un	2264455	0.03320	-1.00000	-1.00000	0.00263	-1.00000	-1.00000	-0.00486	-1.00000	-1.00000	0.00032	-1.00000	-1.00000
5345	Gandy	Cluster	un	2269330	0.00251	-1.00000	-1.00000	0.00009	-1.00000	-1.00000	-0.00000	-1.00000	-1.00000	0.00004	-1.00000	-1.00000
5355	Gandy	Cluster	un	2275043	-0.00235	-1.00000	-1.00000	-0.00008	-1.00000	-1.00000	0.00008	-1.00000	-1.00000	0.00012	-1.00000	-1.00000
5362	Gandy	Cluster	un	2278270	0.61914	-1.00000	-1.00000	0.49066	-1.00000	-1.00000	0.50368	-1.00000	-1.00000	0.00079	-1.00000	-1.00000
5363	Gandy	Cluster	un	2279087	0.03448	-1.00000	-1.00000	0.00246	-1.00000	-1.00000	0.00246	-1.00000	-1.00000	0.00009	-1.00000	-1.00000
5364	Gandy	Cluster	un	2279870	0.03114	-1.00000	-1.00000	0.00229	-1.00000	-1.00000	0.00246	-1.00000	-1.00000	0.00009	-1.00000	-1.00000
5366	Gandy	Cluster	un	2280624	-0.03547	-1.00000	-1.00000	-0.00815	-1.00000	-1.00000	-0.00817	-1.00000	-1.00000	0.00022	-1.00000	-1.00000
5375	Gandy	Cluster	un	2286322	0.74074	-1.00000	-1.00000	0.68966	-1.00000	-1.00000	0.68358	-1.00000	-1.00000	0.00089	-1.00000	-1.00000
5377	Gandy	Cluster	un	2288028	0.19845	-1.00000	-1.00000	0.04545	-1.00000	-1.00000	0.12678	-1.00000	-1.00000	0.00045	-1.00000	-1.00000
5380	Gandy	Cluster	un	2289744	0.03448	-1.00000	-1.00000	0.00246	-1.00000	-1.00000	0.00246	-1.00000	-1.00000	0.00008	-1.00000	-1.00000
5395	Gandy	Cluster	un	2296973	0.12643	-1.00000	-1.00000	0.02178	-1.00000	-1.00000	0.01646	-1.00000	-1.00000	0.00033	-1.00000	-1.00000
5403	Gandy	Cluster	un	2300119	0.07875	-1.00000	-1.00000	0.00908	-1.00000	-1.00000	0.00881	-1.00000	-1.00000	0.00014	-1.00000	-1.00000
5410	Gandy	Cluster	un	2302612	0.11111	-1.00000	-1.00000	0.01818	-1.00000	-1.00000	0.03064	-1.00000	-1.00000	0.00025	-1.00000	-1.00000
5413	Gandy	Cluster	un	2303401	0.24449	-1.00000	-1.00000	0.06949	-1.00000	-1.00000	0.11957	-1.00000	-1.00000	0.00045	-1.00000	-1.00000
5414	Gandy	Cluster	un	2304204	0.00000	-1.00000	-1.00000	0.00000	-1.00000	-1.00000	-0.01276	-1.00000	-1.00000	0.00039	-1.00000	-1.00000
5420	Gandy	Cluster	un	2308247	0.21739	-1.00000	-1.00000	0.06757	-1.00000	-1.00000	0.04557	-1.00000	-1.00000	0.00062	-1.00000	-1.00000
5425	Gandy	Cluster	un	2309809	-0.00235	-1.00000	-1.00000	-0.00008	-1.00000	-1.00000	0.00008	-1.00000	-1.00000	0.00014	-1.00000	-1.00000
5436	Gandy	Cluster	un	2313609	0.07875	-1.00000	-1.00000	0.00908	-1.00000	-1.00000	0.01894	-1.00000	-1.00000	0.00021	-1.00000	-1.00000
5444	Gandy	Cluster	un	2315962	0.00340	-1.00000	-1.00000	0.00014	-1.00000	-1.00000	0.01768	-1.00000	-1.00000	0.00036	-1.00000	-1.00000
5446	Gandy	Cluster	un	2316728	0.04067	-1.00000	-1.00000	0.00302	-1.00000	-1.00000	0.00284	-1.00000	-1.00000	0.00009	-1.00000	-1.00000
5448	Gandy	Cluster	un	2317497	-0.00000	-1.00000	-1.00000	-0.00000	-1.00000	-1.00000	-0.00000	-1.00000	-1.00000	0.00004	-1.00000	-1.00000
5452	Gandy	Cluster	un	2318807	0.37984	-1.00000	-1.00000	0.17493	-1.00000	-1.00000	0.26396	-1.00000	-1.00000	0.00058	-1.00000	-1.00000
5456	Gandy	Cluster	un	2320486	0.03448	-1.00000	-1.00000	0.00246	-1.00000	-1.00000	0.00246	-1.00000	-1.00000	0.00008	-1.00000	-1.00000
5462	Gandy	Cluster	un	2323823	0.00797	-1.00000	-1.00000	0.00238	-1.00000	-1.00000	-0.00731	-1.00000	-1.00000	0.00047	-1.00000	-1.00000
5467	Gandy	Cluster	un	2326350	-0.04160	-1.00000	-1.00000	-0.00347	-1.00000	-1.00000	-0.01504	-1.00000	-1.00000	0.00036	-1.00000	-1.00000
5475	Gandy	Cluster	un	2331021	-0.00000	-1.00000	-1.00000	-0.00000	-1.00000	-1.00000	-0.00000	-1.00000	-1.00000	0.00004	-1.00000	-1.00000
5476	Gandy	Cluster	un	2331839	0.10345	-1.00000	-1.00000	0.01567	-1.00000	-1.00000	0.01567	-1.00000	-1.00000	0.00017	-1.00000	-1.00000
5484	Gandy	Cluster	un	2335009	0.23337	-1.00000	-1.00000	0.13097	-1.00000	-1.00000	0.17745	-1.00000	-1.00000	0.00056	-1.00000	-1.00000
5486	Gandy	Cluster	un	2336684	-0.00000	-1.00000	-1.00000	-0.00000	-1.00000	-1.00000	-0.01068	-1.00000	-1.00000	0.00031	-1.00000	-1.00000
5490	Gandy	Cluster	un	2338319	0.27018	-1.00000	-1.00000	0.10984	-1.00000	-1.00000	0.07782	-1.00000	-1.00000	0.00059	-1.00000	-1.00000
5507	Gandy	Cluster	un	2346154	0.04067	-1.00000	-1.00000	0.00302	-1.00000	-1.00000	0.00284	-1.00000	-1.00000	0.00009	-1.00000	-1.00000
5508	Gandy	Cluster	un	2346973	0.06897	-1.00000	-1.00000	0.00760	-1.00000	-1.00000	0.00760	-1.00000	-1.00000	0.00013	-1.00000	-1.00000
5511	Gandy	Cluster	un	2347730	0.00561	-1.00000	-1.00000	0.00021	-1.00000	-1.00000	0.02159	-1.00000	-1.00000	0.00020	-1.00000	-1.00000
5517	Gandy	Cluster	un	2350958	0.13449	-1.00000	-1.00000	0.11989	-1.00000	-1.00000	0.11240	-1.00000	-1.00000	0.00074	-1.00000	-1.00000
5522	Gandy	Cluster	un	2352634	0.77778	-1.00000	-1.00000	0.74038	-1.00000	-1.00000	0.73440	-1.00000	-1.00000	0.00098	-1.00000	-1.00000
5523	Gandy	Cluster	un	2353457	0.77404	-1.00000	-1.00000	0.71732	-1.00000	-1.00000	0.73065	-1.00000	-1.00000	0.00088	-1.00000	-1.00000
5545	Gandy	Cluster	un	2362335	-0.00000	-1.00000	-1.00000	-0.00000	-1.00000	-1.00000	-0.00000	-1.00000	-1.00000	0.00004	-1.00000	-1.00000
5546	Gandy	Cluster	un	2363217	0.03704	-1.00000	-1.00000	0.00284	-1.00000	-1.00000	0.01050	-1.00000	-1.00000	0.00016	-1.00000	-1.00000
5550	Gandy	Cluster	un	2365729	-0.04348	-1.00000	-1.00000	-0.00379	-1.00000	-1.00000	0.03950	-1.00000	-1.00000	0.00032	-1.00000	-1.00000
5556	Gandy	Cluster	un	2369751	0.00290	-1.00000	-1.00000	0.00011	-1.00000	-1.00000	0.00589	-1.00000	-1.00000	0.00012	-1.00000	-1.00000
5564	Gandy	Cluster	un	2373769	0.06897	-1.00000	-1.00000	0.00760	-1.00000	-1.00000	0.00760	-1.00000	-1.00000	0.00012	-1.00000	-1.00000
5568	Gandy	Cluster	un	2375392	0.28059	-1.00000	-1.00000	0.22092	-1.00000	-1.00000	0.21012	-1.00000	-1.00000	0.00068	-1.00000	-1.00000
5581	Gandy	Cluster	un	2383351	0.23006	-1.00000	-1.00000	0.06951	-1.00000	-1.00000	0.08696	-1.00000	-1.00000	0.00037	-1.00000	-1.00000
5587	Gandy	Cluster	un	2384946	0.06897	-1.00000	-1.00000	0.00760	-1.00000	-1.00000	0.00760	-1.00000	-1.00000	0.00012	-1.00000	-1.00000
5612	Gandy	Cluster	un	2398772	0.03448	-1.00000	-1.00000	0.00246	-1.00000	-1.00000	0.00246	-1.00000	-1.00000	0.00010	-1.00000	-1.00000
5614	Gandy	Cluster	un	2400229	0.26765	-1.00000	-1.00000	0.09455	-1.00000	-1.00000	0.11315	-1.00000	-1.00000	0.00037	-1.00000	-1.00000
5615	Gandy	Cluster	un	2401120	0.08000	-1.00000	-1.00000	0.01033	-1.00000	-1.00000	0.02205	-1.00000	-1.00000	0.00025	-1.00000	-1.00000
5636	Gandy	Cluster	un	2411785	0.08696	-1.00000	-1.00000	0.01227	-1.00000	-1.00000	-0.00578	-1.00000	-1.00000	0.00046	-1.00000	-1.00000
5645	Gandy	Cluster	un	2413518	0.03448	-1.00000	-1.00000	0.00246	-1.00000	-1.00000	0.00246	-1.00000	-1.00000	0.00007	-1.00000	-1.00000
5650	Gandy	Cluster	un	2416118	-0.00000	-1.00000	-1.00000	-0.00000	-1.00000	-1.00000	-0.01068	-1.00000	-1.00000	0.00031	-1.00000	-1.00000
5652	Gandy	Cluster	un	2417761	0.25744	-1.00000	-1.00000	0.08247	-1.00000	-1.00000	0.12954	-1.00000	-1.00000	0.00042	-1.00000	-1.00000
5661	Gandy	Cluster	un	2420246	0.00000	-1.00000	-1.00000	0.00000	-1.00000	-1.00000	-0.00000	-1.00000	-1.00000	0.00004	-1.00000	-1.00000
5674	Gandy	Cluster	un	2424277	0.11672	-1.00000	-1.00000	0.01853	-1.00000	-1.00000	0.03064	-1.00000	-1.00000	0.00023	-1.00000	-1.00000
5676	Gandy	Cluster	un	2425877	0.23835	-1.00000	-1.00000	0.10746	-1.00000	-1.00000	0.12324	-1.00000	-1.00000	0.00058	-1.00000	-1.00000
5683	Gandy	Cluster	un	2428141	0.22721	-1.00000	-1.00000	0.10025	-1.00000	-1.00000	0.09968	-1.00000	-1.00000	0.00045	-1.00000	-1.00000
5687	Gandy	Cluster	un	2431293	0.09054	-1.00000	-1.00000	0.01094	-1.00000	-1.00000	0.02205	-1.00000	-1.00000	0.00022	-1.00000	-1.00000
5691	Gandy	Cluster	un	2432911	-0.00000	-1.00000	-1.00000	-0.00000	-1.00000	-1.00000	-0.00000	-1.00000	-1.00000	0.00004	-1.00000	-1.00000
5694	Gandy	Cluster	un	2434356	0.07407	-1.00000	-1.00000	0.00881	-1.00000	-1.00000	0.01894	-1.00000	-1.00000	0.00019	-1.00000	-1.00000
5696	Gandy	Cluster	un	2435251	0.04067	-1.00000	-1.00000	0.00302	-1.00000	-1.00000	0.00284	-1.00000	-1.00000	0.00010	-1.00000	-1.00000
5698	Gandy	Cluster	un	2436836	0.17448	-1.00000	-1.00000	0.03767	-1.00000	-1.00000	0.07867	-1.00000	-1.00000	0.00040	-1.00000	-1.00000
5709	Gandy	Cluster	un	2440831	0.00340	-1.00000	-1.00000	0.00014	-1.00000	-1.00000	-0.00378	-1.00000	-1.00000	0.00037	-1.00000	-1.00000
5712	Gandy	Cluster	un	2442464	0.00251	-1.00000	-1.00000	0.00009	-1.00000	-1.00000	0.00508	-1.00000	-1.00000	0.00012	-1.00000	-1.00000
5715	Gandy	Cluster	un	2444160	0.09054	-1.00000	-1.00000	0.01094	-1.00000	-1.00000	0.04304	-1.00000	-1.00000	0.00034	-1.00000	-1.00000
5718	Gandy	Cluster	un	2445699	-0.00000	-1.00000	-1.00000	-0.00000	-1.00000	-1.00000	-0.01068	-1.00000	-1.00000	0.00030	-1.00000	-1.00000
5721	Gandy	Cluster	un	2447316	-0.00000	-1.00000	-1.00000	-0.00000	-1.00000	-1.00000	-0.00000	-1.00000	-1.00000	0.00004	-1.00000	-1.00000
5722	Gandy	Cluster	un	2448107	0.00251	-1.00000	-1.00000	0.00009	-1.00000	-1.00000	0.00508	-1.00000	-1.00000	0.00012	-1.00000	-1.00000
5733	Gandy	Cluster	un	2454658	0.11672	-1.00000	-1.00000	0.01853	-1.00000	-1.00000	0.03064	-1.00000	-1.00000	0.00025	-1.00000	-1.00000
5746	Gandy	Cluster	un	2461461	0.01073	-1.00000	-1.00000	0.01001	-1.00000	-1.00000	0.00030	-1.00000	-1.00000	0.00074	-1.00000	-1.00000
5748	Gandy	Cluster	un	2462239	0.00000	-1.00000	-1.00000	0.00000	-1.00000	-1.00000	-0.00009	-1.00000	-1.00000	0.00012	-1.00000	-1.00000
5750	Gandy	Cluster	un	2463852	0.57986	-1.00000	-1.00000	0.43400	-1.00000	-1.00000	0.44898	-1.00000	-1.00000	0.00074	-1.00000	-1.00000
5771	Gandy	Cluster	un	2473539	0.00251	-1.00000	-1.00000	0.00009	-1.00000	-1.00000	-0.00000	-1.00000	-1.00000	0.00005	-1.00000	-1.00000
5782	Gandy	Cluster	un	2476717	0.00000	-1.00000	-1.00000	0.00000	-1.00000	-1.00000	-0.00000	-1.00000	-1.00000	0.00005	-1.00000	-1.00000
5786	Gandy	Cluster	un	2478312	0.05748	-1.00000	-1.00000	0.00467	-1.00000	-1.00000	0.06452	-1.00000	-1.00000	0.00035	-1.00000	-1.00000
5788	Gandy	Cluster	un	2479813	0.13793	-1.00000	-1.00000	0.02685	-1.00000	-1.00000	0.02685	-1.00000	-1.00000	0.00020	-1.00000	-1.00000
5797	Gandy	Cluster	un	2485419	0.03909	-1.00000	-1.00000	0.03781	-1.00000	-1.00000	0.05038	-1.00000	-1.00000	0.00071	-1.00000	-1.00000
5800	Gandy	Cluster	un	2487000	0.13793	-1.00000	-1.00000	0.02685	-1.00000	-1.00000	0.02685	-1.00000	-1.00000	0.00022	-1.00000	-1.00000
5802	Gandy	Cluster	un	2488545	0.03448	-1.00000	-1.00000	0.00246	-1.00000	-1.00000	0.00246	-1.00000	-1.00000	0.00008	-1.00000	-1.00000
5812	Gandy	Cluster	un	2491406	-0.00235	-1.00000	-1.00000	-0.00008	-1.00000	-1.00000	-0.00000	-1.00000	-1.00000	0.00004	-1.00000	-1.00000
5820	Gandy	Cluster	un	2493860	-0.00270	-1.00000	-1.00000	-0.00010	-1.00000	-1.00000	0.01069	-1.00000	-1.00000	0.00020	-1.00000	-1.00000
5821	Gandy	Cluster	un	2494675	0.10495	-1.00000	-1.00000	0.01335	-1.00000	-1.00000	0.01227	-1.00000	-1.00000	0.00016	-1.00000	-1.00000
5827	Gandy	Cluster	un	2496231	-0.02569	-1.00000	-1.00000	-0.00281	-1.00000	-1.00000	-0.00237	-1.00000	-1.00000	0.00021	-1.00000	-1.00000
5830	Gandy	Cluster	un	2497751	0.04820	-1.00000	-1.00000	0.00374	-1.00000	-1.00000	0.03064	-1.00000	-1.00000	0.00023	-1.00000	-1.00000
5839	Gandy	Cluster	un	2500188	0.11111	-1.00000	-1.00000	0.01818	-1.00000	-1.00000	0.03064	-1.00000	-1.00000	0.00025	-1.00000	-1.00000
5842	Gandy	Cluster	un	2500995	0.06667	-1.00000	-1.00000	0.05357	-1.00000	-1.00000	0.04670	-1.00000	-1.00000	0.00061	-1.00000	-1.00000
5847	Gandy	Cluster	un	2503495	0.03704	-1.00000	-1.00000	0.00284	-1.00000	-1.00000	0.00021	-1.00000	-1.00000	0.00016	-1.00000	-1.00000
5854	Gandy	Cluster	un	2506816	-0.00489	-1.00000	-1.00000	-0.00018	-1.00000	-1.00000	0.01104	-1.00000	-1.00000	0.00019	-1.00000	-1.00000
5856	Gandy	Cluster	un	2507649	0.10345	-1.00000	-1.00000	0.01567	-1.00000	-1.00000	0.01567	-1.00000	-1.00000	0.00018	-1.00000	-1.00000
5859	Gandy	Cluster	un	2509838	0.03448	-1.00000	-1.00000	0.00246	-1.00000	-1.00000	0.00246	-1.00000	-1.00000	0.00008	-1.00000	-1.00000
5862	Gandy	Cluster	un	2511500	0.63874	-1.00000	-1.00000	0.50496	-1.00000	-1.00000	0.55838	-1.00000	-1.00000	0.00110	-1.00000	-1.00000
5885	Gandy	Cluster	un	2517384	-0.00489	-1.00000	-1.00000	-0.00018	-1.00000	-1.00000	0.01104	-1.00000	-1.00000	0.00030	-1.00000	-1.00000
5902	Gandy	Cluster	un	2524512	0.03114	-1.00000	-1.00000	0.00229	-1.00000	-1.00000	0.00246	-1.00000	-1.00000	0.00008	-1.00000	-1.00000
5907	Gandy	Cluster	un	2526700	0.28601	-1.00000	-1.00000	0.27572	-1.00000	-1.00000	0.25991	-1.00000	-1.00000	0.00084	-1.00000	-1.00000
5922	Gandy	Cluster	un	2534430	0.17789	-1.00000	-1.00000	0.09253	-1.00000	-1.00000	0.08652	-1.00000	-1.00000	0.00074	-1.00000	-1.00000
5928	Gandy	Cluster	un	2538278	0.15460	-1.00000	-1.00000	0.03162	-1.00000	-1.00000	0.04578	-1.00000	-1.00000	0.00028	-1.00000	-1.00000
5947	Gandy	Cluster	un	2544731	0.00561	-1.00000	-1.00000	0.00021	-1.00000	-1.00000	0.00589	-1.00000	-1.00000	0.00013	-1.00000	-1.00000
5949	Gandy	Cluster	un	2545528	0.02912	-1.00000	-1.00000	0.00239	-1.00000	-1.00000	0.00284	-1.00000	-1.00000	0.00013	-1.00000	-1.00000
5953	Gandy	Cluster	un	2548496	-0.00000	-1.00000	-1.00000	-0.00000	-1.00000	-1.00000	-0.00000	-1.00000	-1.00000	0.00004	-1.00000	-1.00000
5958	Gandy	Cluster	un	2550119	0.00000	-1.00000	-1.00000	0.00000	-1.00000	-1.00000	-0.00009	-1.00000	-1.00000	0.00014	-1.00000	-1.00000
5961	Gandy	Cluster	un	2550812	0.00000	-1.00000	-1.00000	0.00000	-1.00000	-1.00000	-0.00502	-1.00000	-1.00000	0.00020	-1.00000	-1.00000
5964	Gandy	Cluster	un	2553134	-0.02144	-1.00000	-1.00000	-0.01113	-1.00000	-1.00000	-0.01734	-1.00000	-1.00000	0.00052	-1.00000	-1.00000
5966	Gandy	Cluster	un	2554761	0.42909	-1.00000	-1.00000	0.28043	-1.00000	-1.00000	0.25806	-1.00000	-1.00000	0.00062	-1.00000	-1.00000
5969	Gandy	Cluster	un	2555630	0.13263	-1.00000	-1.00000	0.02215	-1.00000	-1.00000	0.02135	-1.00000	-1.00000	0.00020	-1.00000	-1.00000
5974	Gandy	Cluster	un	2558859	0.03448	-1.00000	-1.00000	0.00246	-1.00000	-1.00000	0.00246	-1.00000	-1.00000	0.00009	-1.00000	-1.00000
5979	Gandy	Cluster	un	2561256	0.81481	-1.00000	-1.00000	0.78939	-1.00000	-1.00000	0.78351	-1.00000	-1.00000	0.00105	-1.00000	-1.00000
5984	Gandy	Cluster	un	2564468	0.03448	-1.00000	-1.00000	0.00246	-1.00000	-1.00000	0.00246	-1.00000	-1.00000	0.00007	-1.00000	-1.00000
5997	Gandy	Cluster	un	2570925	0.00512	-1.00000	-1.00000	0.00303	-1.00000	-1.00000	-0.00078	-1.00000	-1.00000	0.00051	-1.00000	-1.00000
6005	Gandy	Cluster	un	2574198	0.19238	-1.00000	-1.00000	0.04856	-1.00000	-1.00000	0.06452	-1.00000	-1.00000	0.00032	-1.00000	-1.00000
6007	Gandy	Cluster	un	2575841	0.07875	-1.00000	-1.00000	0.00908	-1.00000	-1.00000	0.01894	-1.00000	-1.00000	0.00021	-1.00000	-1.00000
6015	Gandy	Cluster	un	2579135	0.28070	-1.00000	-1.00000	0.09850	-1.00000	-1.00000	0.14386	-1.00000	-1.00000	0.00053	-1.00000	-1.00000
6018	Gandy	Cluster	un	2580821	0.10345	-1.00000	-1.00000	0.01567	-1.00000	-1.00000	0.01567	-1.00000	-1.00000	0.00018	-1.00000	-1.00000
6024	Gandy	Cluster	un	2582374	0.00076	-1.00000	-1.00000	0.00060	-1.00000	-1.00000	-0.01552	-1.00000	-1.00000	0.00076	-1.00000	-1.00000
6033	Gandy	Cluster	un	2584654	0.44632	-1.00000	-1.00000	0.26978	-1.00000	-1.00000	0.25321	-1.00000	-1.00000	0.00073	-1.00000	-1.00000
6039	Gandy	Cluster	un	2588643	0.21608	-1.00000	-1.00000	0.05772	-1.00000	-1.00000	0.05660	-1.00000	-1.00000	0.00028	-1.00000	-1.00000
6042	Gandy	Cluster	un	2589455	-0.03975	-1.00000	-1.00000	-0.00319	-1.00000	-1.00000	-0.00376	-1.00000	-1.00000	0.00031	-1.00000	-1.00000
6071	Gandy	Cluster	un	2601488	0.02912	-1.00000	-1.00000	0.00239	-1.00000	-1.00000	0.00518	-1.00000	-1.00000	0.00037	-1.00000	-1.00000
6089	Gandy	Cluster	un	2608817	0.18519	-1.00000	-1.00000	0.04808	-1.00000	-1.00000	0.04808	-1.00000	-1.00000	0.00028	-1.00000	-1.00000
6100	Gandy	Cluster	un	2614342	-0.00000	-1.00000	-1.00000	-0.00000	-1.00000	-1.00000	-0.00000	-1.00000	-1.00000	0.00004	-1.00000	-1.00000
6101	Gandy	Cluster	un	2615173	0.07875	-1.00000	-1.00000	0.00908	-1.00000	-1.00000	0.01894	-1.00000	-1.00000	0.00021	-1.00000	-1.00000
6102	Gandy	Cluster	un	2615963	0.61736	-1.00000	-1.00000	0.55012	-1.00000	-1.00000	0.54984	-1.00000	-1.00000	0.00085	-1.00000	-1.00000
6106	Gandy	Cluster	un	2619220	0.06920	-1.00000	-1.00000	0.00850	-1.00000	-1.00000	-0.00168	-1.00000	-1.00000	0.00034	-1.00000	-1.00000
6107	Gandy	Cluster	un	2620018	0.00561	-1.00000	-1.00000	0.00021	-1.00000	-1.00000	0.02159	-1.00000	-1.00000	0.00019	-1.00000	-1.00000
6117	Gandy	Cluster	un	2622449	0.03704	-1.00000	-1.00000	0.00284	-1.00000	-1.00000	0.01050	-1.00000	-1.00000	0.00016	-1.00000	-1.00000
6125	Gandy	Cluster	un	2626896	-0.02184	-1.00000	-1.00000	-0.00259	-1.00000	-1.00000	-0.00168	-1.00000	-1.00000	0.00038	-1.00000	-1.00000
6135	Gandy	Cluster	un	2629725	0.71182	-1.00000	-1.00000	0.67952	-1.00000	-1.00000	0.67377	-1.00000	-1.00000	0.00095	-1.00000	-1.00000
6139	Gandy	Cluster	un	2632109	-0.03567	-1.00000	-1.00000	-0.00255	-1.00000	-1.00000	-0.00256	-1.00000	-1.00000	0.00008	-1.00000	-1.00000
6140	Gandy	Cluster	un	2632917	-0.00000	-1.00000	-1.00000	-0.00000	-1.00000	-1.00000	-0.01068	-1.00000	-1.00000	0.00032	-1.00000	-1.00000
6143	Gandy	Cluster	un	2634538	0.35185	-1.00000	-1.00000	0.28889	-1.00000	-1.00000	0.26435	-1.00000	-1.00000	0.00087	-1.00000	-1.00000
6163	Gandy	Cluster	un	2642467	0.09191	-1.00000	-1.00000	0.08381	-1.00000	-1.00000	0.08731	-1.00000	-1.00000	0.00069	-1.00000	-1.00000
6167	Gandy	Cluster	un	2643323	0.64934	-1.00000	-1.00000	0.54767	-1.00000	-1.00000	0.57423	-1.00000	-1.00000	0.00085	-1.00000	-1.00000
6171	Gandy	Cluster	un	2644920	0.28070	-1.00000	-1.00000	0.09850	-1.00000	-1.00000	0.14386	-1.00000	-1.00000	0.00061	-1.00000	-1.00000
6180	Gandy	Cluster	un	2647311	0.72414	-1.00000	-1.00000	0.66571	-1.00000	-1.00000	0.66571	-1.00000	-1.00000	0.00099	-1.00000	-1.00000
6181	Gandy	Cluster	un	2648053	-0.00000	-1.00000	-1.00000	-0.00000	-1.00000	-1.00000	-0.00000	-1.00000	-1.00000	0.00004	-1.00000	-1.00000
6186	Gandy	Cluster	un	2651175	-0.00000	-1.00000	-1.00000	-0.00000	-1.00000	-1.00000	-0.00000	-1.00000	-1.00000	0.00004	-1.00000	-1.00000
6196	Gandy	Cluster	un	2655153	0.14147	-1.00000	-1.00000	0.03071	-1.00000	-1.00000	0.02257	-1.00000	-1.00000	0.00039	-1.00000	-1.00000
6201	Gandy	Cluster	un	2658420	0.02760	-1.00000	-1.00000	0.00210	-1.00000	-1.00000	0.00883	-1.00000	-1.00000	0.00023	-1.00000	-1.00000
6209	Gandy	Cluster	un	2664102	0.27626	-1.00000	-1.00000	0.17005	-1.00000	-1.00000	0.21602	-1.00000	-1.00000	0.00056	-1.00000	-1.00000
6212	Gandy	Cluster	un	2665865	0.02760	-1.00000	-1.00000	0.00210	-1.00000	-1.00000	0.00883	-1.00000	-1.00000	0.00023	-1.00000	-1.00000
6229	Gandy	Cluster	un	2672877	-0.00565	-1.00000	-1.00000	-0.00022	-1.00000	-1.00000	0.01286	-1.00000	-1.00000	0.00022	-1.00000	-1.00000
6230	Gandy	Cluster	un	2673654	-0.00235	-1.00000	-1.00000	-0.00008	-1.00000	-1.00000	-0.00000	-1.00000	-1.00000	0.00004	-1.00000	-1.00000
6234	Gandy	Cluster	un	2676085	0.17391	-1.00000	-1.00000	0.04376	-1.00000	-1.00000	0.02341	-1.00000	-1.00000	0.00054	-1.00000	-1.00000
6242	Gandy	Cluster	un	2680797	0.96136	-1.00000	-1.00000	0.95654	-1.00000	-1.00000	0.95761	-1.00000	-1.00000	0.00118	-1.00000	-1.00000
6249	Gandy	Cluster	un	2683947	0.19970	-1.00000	-1.00000	0.05872	-1.00000	-1.00000	0.04666	-1.00000	-1.00000	0.00034	-1.00000	-1.00000
6264	Gandy	Cluster	un	2688880	0.24449	-1.00000	-1.00000	0.06949	-1.00000	-1.00000	0.11957	-1.00000	-1.00000	0.00048	-1.00000	-1.00000
6286	Gandy	Cluster	un	2698185	0.00000	-1.00000	-1.00000	0.00000	-1.00000	-1.00000	-0.01682	-1.00000	-1.00000	0.00038	-1.00000	-1.00000
6302	Gandy	Cluster	un	2701491	0.05304	-1.00000	-1.00000	0.00446	-1.00000	-1.00000	0.03024	-1.00000	-1.00000	0.00036	-1.00000	-1.00000
6304	Gandy	Cluster	un	2702339	0.19238	-1.00000	-1.00000	0.04856	-1.00000	-1.00000	0.04808	-1.00000	-1.00000	0.00026	-1.00000	-1.00000
6321	Gandy	Cluster	un	2708874	0.05748	-1.00000	-1.00000	0.00467	-1.00000	-1.00000	0.03571	-1.00000	-1.00000	0.00024	-1.00000	-1.00000
6322	Gandy	Cluster	un	2709752	0.23368	-1.00000	-1.00000	0.23077	-1.00000	-1.00000	0.21047	-1.00000	-1.00000	0.00083	-1.00000	-1.00000
6324	Gandy	Cluster	un	2710540	-0.00000	-1.00000	-1.00000	-0.00000	-1.00000	-1.00000	-0.00000	-1.00000	-1.00000	0.00004	-1.00000	-1.00000
6337	Gandy	Cluster	un	2715380	-0.02330	-1.00000	-1.00000	-0.00301	-1.00000	-1.00000	-0.00942	-1.00000	-1.00000	0.00030	-1.00000	-1.00000
6341	Gandy	Cluster	un	2716969	0.11672	-1.00000	-1.00000	0.01853	-1.00000	-1.00000	0.03064	-1.00000	-1.00000	0.00024	-1.00000	-1.00000
6356	Gandy	Cluster	un	2721796	-0.03384	-1.00000	-1.00000	-0.00662	-1.00000	-1.00000	0.00754	-1.00000	-1.00000	0.00035	-1.00000	-1.00000
6359	Gandy	Cluster	un	2723428	0.13793	-1.00000	-1.00000	0.02685	-1.00000	-1.00000	0.02685	-1.00000	-1.00000	0.00020	-1.00000	-1.00000
6364	Gandy	Cluster	un	2725752	0.17241	-1.00000	-1.00000	0.04132	-1.00000	-1.00000	0.04132	-1.00000	-1.00000	0.00026	-1.00000	-1.00000
6372	Gandy	Cluster	un	2729597	0.46069	-1.00000	-1.00000	0.27518	-1.00000	-1.00000	0.32107	-1.00000	-1.00000	0.00075	-1.00000	-1.00000
6380	Gandy	Cluster	un	2734266	0.05748	-1.00000	-1.00000	0.00467	-1.00000	-1.00000	0.06452	-1.00000	-1.00000	0.00034	-1.00000	-1.00000
6389	Gandy	Cluster	un	2737699	0.04067	-1.00000	-1.00000	0.00302	-1.00000	-1.00000	0.01050	-1.00000	-1.00000	0.00017	-1.00000	-1.00000
6393	Gandy	Cluster	un	2740961	-0.00767	-1.00000	-1.00000	-0.00029	-1.00000	-1.00000	0.03472	-1.00000	-1.00000	0.00028	-1.00000	-1.00000
6398	Gandy	Cluster	un	2741783	0.00000	-1.00000	-1.00000	0.00000	-1.00000	-1.00000	-0.00502	-1.00000	-1.00000	0.00021	-1.00000	-1.00000
6413	Gandy	Cluster	un	2747248	-0.00235	-1.00000	-1.00000	-0.00008	-1.00000	-1.00000	0.00008	-1.00000	-1.00000	0.00012	-1.00000	-1.00000
6418	Gandy	Cluster	un	2750545	0.15194	-1.00000	-1.00000	0.02682	-1.00000	-1.00000	0.10217	-1.00000	-1.00000	0.00057	-1.00000	-1.00000
6419	Gandy	Cluster	un	2751130	0.04067	-1.00000	-1.00000	0.00302	-1.00000	-1.00000	0.01050	-1.00000	-1.00000	0.00016	-1.00000	-1.00000
6424	Gandy	Cluster	un	2754404	0.04820	-1.00000	-1.00000	0.00374	-1.00000	-1.00000	0.03064	-1.00000	-1.00000	0.00024	-1.00000	-1.00000
6426	Gandy	Cluster	un	2756029	-0.00565	-1.00000	-1.00000	-0.00022	-1.00000	-1.00000	0.00778	-1.00000	-1.00000	0.00032	-1.00000	-1.00000
6427	Gandy	Cluster	un	2756852	0.00951	-1.00000	-1.00000	0.00037	-1.00000	-1.00000	0.05121	-1.00000	-1.00000	0.00027	-1.00000	-1.00000
6429	Gandy	Cluster	un	2758506	-0.00000	-1.00000	-1.00000	-0.00000	-1.00000	-1.00000	-0.00000	-1.00000	-1.00000	0.00004	-1.00000	-1.00000
6451	Gandy	Cluster	un	2766297	0.07875	-1.00000	-1.00000	0.00908	-1.00000	-1.00000	0.00881	-1.00000	-1.00000	0.00014	-1.00000	-1.00000
6465	Gandy	Cluster	un	2770323	0.81481	-1.00000	-1.00000	0.78939	-1.00000	-1.00000	0.78351	-1.00000	-1.00000	0.00107	-1.00000	-1.00000
6469	Gandy	Cluster	un	2772823	0.16396	-1.00000	-1.00000	0.06033	-1.00000	-1.00000	0.05974	-1.00000	-1.00000	0.00033	-1.00000	-1.00000
6475	Gandy	Cluster	un	2774497	0.31034	-1.00000	-1.00000	0.13433	-1.00000	-1.00000	0.13433	-1.00000	-1.00000	0.00038	-1.00000	-1.00000
6484	Gandy	Cluster	un	2779260	-0.01290	-1.00000	-1.00000	-0.00703	-1.00000	-1.00000	-0.00918	-1.00000	-1.00000	0.00046	-1.00000	-1.00000
6501	Gandy	Cluster	un	2785132	0.05748	-1.00000	-1.00000	0.00467	-1.00000	-1.00000	0.00394	-1.00000	-1.00000	0.00011	-1.00000	-1.00000
6503	Gandy	Cluster	un	2786728	0.13793	-1.00000	-1.00000	0.02685	-1.00000	-1.00000	0.02685	-1.00000	-1.00000	0.00020	-1.00000	-1.00000
6516	Gandy	Cluster	un	2792562	0.30563	-1.00000	-1.00000	0.20436	-1.00000	-1.00000	0.25346	-1.00000	-1.00000	0.00063	-1.00000	-1.00000
6520	Gandy	Cluster	un	2795798	0.03448	-1.00000	-1.00000	0.00246	-1.00000	-1.00000	0.00246	-1.00000	-1.00000	0.00008	-1.00000	-1.00000
6527	Gandy	Cluster	un	2799771	0.09054	-1.00000	-1.00000	0.01094	-1.00000	-1.00000	0.01033	-1.00000	-1.00000	0.00014	-1.00000	-1.00000
6544	Gandy	Cluster	un	2809423	0.04348	-1.00000	-1.00000	0.00394	-1.00000	-1.00000	-0.01338	-1.00000	-1.00000	0.00044	-1.00000	-1.00000
6553	Gandy	Cluster	un	2811931	0.10345	-1.00000	-1.00000	0.01567	-1.00000	-1.00000	0.01567	-1.00000	-1.00000	0.00014	-1.00000	-1.00000
6554	Gandy	Cluster	un	2812901	0.04067	-1.00000	-1.00000	0.00302	-1.00000	-1.00000	0.00284	-1.00000	-1.00000	0.00009	-1.00000	-1.00000
6557	Gandy	Cluster	un	2815329	0.40000	-1.00000	-1.00000	0.22680	-1.00000	-1.00000	0.23827	-1.00000	-1.00000	0.00068	-1.00000	-1.00000
6564	Gandy	Cluster	un	2818407	0.04067	-1.00000	-1.00000	0.00302	-1.00000	-1.00000	0.01050	-1.00000	-1.00000	0.00018	-1.00000	-1.00000
6570	Gandy	Cluster	un	2821962	0.03514	-1.00000	-1.00000	0.03554	-1.00000	-1.00000	0.02711	-1.00000	-1.00000	0.00078	-1.00000	-1.00000
6571	Gandy	Cluster	un	2822730	-0.00270	-1.00000	-1.00000	-0.00010	-1.00000	-1.00000	-0.00488	-1.00000	-1.00000	0.00027	-1.00000	-1.00000
6584	Gandy	Cluster	un	2827544	0.13793	-1.00000	-1.00000	0.02685	-1.00000	-1.00000	0.02685	-1.00000	-1.00000	0.00021	-1.00000	-1.00000
6601	Gandy	Cluster	un	2832937	0.03501	-1.00000	-1.00000	0.01024	-1.00000	-1.00000	0.02206	-1.00000	-1.00000	0.00037	-1.00000	-1.00000
6605	Gandy	Cluster	un	2835220	0.02672	-1.00000	-1.00000	0.00556	-1.00000	-1.00000	0.00098	-1.00000	-1.00000	0.00027	-1.00000	-1.00000
6609	Gandy	Cluster	un	2837749	0.26765	-1.00000	-1.00000	0.09455	-1.00000	-1.00000	0.11315	-1.00000	-1.00000	0.00042	-1.00000	-1.00000
6610	Gandy	Cluster	un	2838546	0.06470	-1.00000	-1.00000	0.00736	-1.00000	-1.00000	0.00760	-1.00000	-1.00000	0.00014	-1.00000	-1.00000
6615	Gandy	Cluster	un	2841649	0.09834	-1.00000	-1.00000	0.01534	-1.00000	-1.00000	0.01567	-1.00000	-1.00000	0.00016	-1.00000	-1.00000
6628	Gandy	Cluster	un	2844833	-0.00000	-1.00000	-1.00000	-0.00000	-1.00000	-1.00000	-0.00000	-1.00000	-1.00000	0.00004	-1.00000	-1.00000
6632	Gandy	Cluster	un	2847355	-0.03032	-1.00000	-1.00000	-0.00389	-1.00000	-1.00000	-0.01404	-1.00000	-1.00000	0.00047	-1.00000	-1.00000
6640	Gandy	Cluster	un	2851396	0.01411	-1.00000	-1.00000	0.00223	-1.00000	-1.00000	0.03044	-1.00000	-1.00000	0.00030	-1.00000	-1.00000
6643	Gandy	Cluster	un	2853031	0.00000	-1.00000	-1.00000	0.00000	-1.00000	-1.00000	0.00508	-1.00000	-1.00000	0.00013	-1.00000	-1.00000
6661	Gandy	Cluster	un	2861060	0.15194	-1.00000	-1.00000	0.02682	-1.00000	-1.00000	0.10217	-1.00000	-1.00000	0.00042	-1.00000	-1.00000
6662	Gandy	Cluster	un	2861855	0.07875	-1.00000	-1.00000	0.00908	-1.00000	-1.00000	0.01894	-1.00000	-1.00000	0.00020	-1.00000	-1.00000
6670	Gandy	Cluster	un	2865773	0.13263	-1.00000	-1.00000	0.02215	-1.00000	-1.00000	0.03571	-1.00000	-1.00000	0.00027	-1.00000	-1.00000
6671	Gandy	Cluster	un	2866575	-0.00489	-1.00000	-1.00000	-0.00018	-1.00000	-1.00000	-0.00000	-1.00000	-1.00000	0.00006	-1.00000	-1.00000
6682	Gandy	Cluster	un	2871934	0.00656	-1.00000	-1.00000	0.00026	-1.00000	-1.00000	0.01989	-1.00000	-1.00000	0.00032	-1.00000	-1.00000
6685	Gandy	Cluster	un	2873588	0.77242	-1.00000	-1.00000	0.77951	-1.00000	-1.00000	0.74172	-1.00000	-1.00000	0.00091	-1.00000	-1.00000
6687	Gandy	Cluster	un	2874519	0.00290	-1.00000	-1.00000	0.00011	-1.00000	-1.00000	0.02159	-1.00000	-1.00000	0.00021	-1.00000	-1.00000
6689	Gandy	Cluster	un	2875313	-0.00235	-1.00000	-1.00000	-0.00008	-1.00000	-1.00000	-0.00000	-1.00000	-1.00000	0.00006	-1.00000	-1.00000
6707	Gandy	Cluster	un	2882124	-0.02504	-1.00000	-1.00000	-0.00474	-1.00000	-1.00000	0.00078	-1.00000	-1.00000	0.00025	-1.00000	-1.00000
6708	Gandy	Cluster	un	2882992	0.06024	-1.00000	-1.00000	0.00707	-1.00000	-1.00000	0.00760	-1.00000	-1.00000	0.00012	-1.00000	-1.00000
6710	Gandy	Cluster	un	2884683	0.00340	-1.00000	-1.00000	0.00014	-1.00000	-1.00000	-0.01093	-1.00000	-1.00000	0.00030	-1.00000	-1.00000
6715	Gandy	Cluster	un	2887094	0.17448	-1.00000	-1.00000	0.03767	-1.00000	-1.00000	0.03670	-1.00000	-1.00000	0.00025	-1.00000	-1.00000
6720	Gandy	Cluster	un	2890961	-0.00565	-1.00000	-1.00000	-0.00022	-1.00000	-1.00000	0.03423	-1.00000	-1.00000	0.00028	-1.00000	-1.00000
6725	Gandy	Cluster	un	2891775	0.05304	-1.00000	-1.00000	0.00446	-1.00000	-1.00000	-0.00098	-1.00000	-1.00000	0.00025	-1.00000	-1.00000
6727	Gandy	Cluster	un	2892586	0.24449	-1.00000	-1.00000	0.06949	-1.00000	-1.00000	0.11957	-1.00000	-1.00000	0.00045	-1.00000	-1.00000
6742	Gandy	Cluster	un	2895332	0.00251	-1.00000	-1.00000	0.00009	-1.00000	-1.00000	-0.00000	-1.00000	-1.00000	0.00005	-1.00000	-1.00000
6753	Gandy	Cluster	un	2901559	0.04067	-1.00000	-1.00000	0.00302	-1.00000	-1.00000	0.00284	-1.00000	-1.00000	0.00009	-1.00000	-1.00000
6759	Gandy	Cluster	un	2903204	0.06920	-1.00000	-1.00000	0.00850	-1.00000	-1.00000	0.00881	-1.00000	-1.00000	0.00013	-1.00000	-1.00000
6769	Gandy	Cluster	un	2907316	0.27018	-1.00000	-1.00000	0.10984	-1.00000	-1.00000	0.09291	-1.00000	-1.00000	0.00056	-1.00000	-1.00000
6775	Gandy	Cluster	un	2908152	0.54566	-1.00000	-1.00000	0.42498	-1.00000	-1.00000	0.40283	-1.00000	-1.00000	0.00074	-1.00000	-1.00000
6782	Gandy	Cluster	un	2910720	0.06897	-1.00000	-1.00000	0.00760	-1.00000	-1.00000	0.00760	-1.00000	-1.00000	0.00012	-1.00000	-1.00000
6784	Gandy	Cluster	un	2912339	-0.01256	-1.00000	-1.00000	-0.01082	-1.00000	-1.00000	0.03581	-1.00000	-1.00000	0.00063	-1.00000	-1.00000
6785	Gandy	Cluster	un	2913238	0.04420	-1.00000	-1.00000	0.00354	-1.00000	-1.00000	0.03064	-1.00000	-1.00000	0.00028	-1.00000	-1.00000
6787	Gandy	Cluster	un	2914691	0.58964	-1.00000	-1.00000	0.48925	-1.00000	-1.00000	0.44762	-1.00000	-1.00000	0.00092	-1.00000	-1.00000
6790	Gandy	Cluster	un	2916238	0.14815	-1.00000	-1.00000	0.03120	-1.00000	-1.00000	0.02582	-1.00000	-1.00000	0.00033	-1.00000	-1.00000
6803	Gandy	Cluster	un	2921741	0.04420	-1.00000	-1.00000	0.00354	-1.00000	-1.00000	0.01220	-1.00000	-1.00000	0.00018	-1.00000	-1.00000
6810	Gandy	Cluster	un	2926415	0.00561	-1.00000	-1.00000	0.00021	-1.00000	-1.00000	0.02159	-1.00000	-1.00000	0.00019	-1.00000	-1.00000
6818	Gandy	Cluster	un	2928954	0.24887	-1.00000	-1.00000	0.08190	-1.00000	-1.00000	0.09532	-1.00000	-1.00000	0.00051	-1.00000	-1.00000
6819	Gandy	Cluster	un	2929741	-0.00000	-1.00000	-1.00000	-0.00000	-1.00000	-1.00000	-0.00000	-1.00000	-1.00000	0.00004	-1.00000	-1.00000
6822	Gandy	Cluster	un	2931320	0.04000	-1.00000	-1.00000	0.00332	-1.00000	-1.00000	-0.00760	-1.00000	-1.00000	0.00036	-1.00000	-1.00000
6826	Gandy	Cluster	un	2932870	0.04820	-1.00000	-1.00000	0.00374	-1.00000	-1.00000	0.03064	-1.00000	-1.00000	0.00024	-1.00000	-1.00000
6827	Gandy	Cluster	un	2933720	-0.01869	-1.00000	-1.00000	-0.00558	-1.00000	-1.00000	-0.00617	-1.00000	-1.00000	0.00028	-1.00000	-1.00000
6832	Gandy	Cluster	un	2935341	-0.00000	-1.00000	-1.00000	-0.00000	-1.00000	-1.00000	-0.00000	-1.00000	-1.00000	0.00004	-1.00000	-1.00000
6833	Gandy	Cluster	un	2936128	0.02382	-1.00000	-1.00000	0.00187	-1.00000	-1.00000	0.01069	-1.00000	-1.00000	0.00026	-1.00000	-1.00000
6837	Gandy	Cluster	un	2937709	0.00290	-1.00000	-1.00000	0.00011	-1.00000	-1.00000	0.00088	-1.00000	-1.00000	0.00038	-1.00000	-1.00000
6844	Gandy	Cluster	un	2939843	0.07407	-1.00000	-1.00000	0.00881	-1.00000	-1.00000	0.00370	-1.00000	-1.00000	0.00021	-1.00000	-1.00000
6849	Gandy	Cluster	un	2943066	0.45419	-1.00000	-1.00000	0.27868	-1.00000	-1.00000	0.27807	-1.00000	-1.00000	0.00060	-1.00000	-1.00000
6865	Gandy	Cluster	un	2946298	-0.03927	-1.00000	-1.00000	-0.03060	-1.00000	-1.00000	-0.03303	-1.00000	-1.00000	0.00068	-1.00000	-1.00000
6873	Gandy	Cluster	un	2950363	-0.00000	-1.00000	-1.00000	-0.00000	-1.00000	-1.00000	-0.00000	-1.00000	-1.00000	0.00004	-1.00000	-1.00000
6874	Gandy	Cluster	un	2951169	0.00251	-1.00000	-1.00000	0.00009	-1.00000	-1.00000	0.00508	-1.00000	-1.00000	0.00012	-1.00000	-1.00000
6880	Gandy	Cluster	un	2953551	0.05106	-1.00000	-1.00000	0.01354	-1.00000	-1.00000	0.00789	-1.00000	-1.00000	0.00050	-1.00000	-1.00000
6883	Gandy	Cluster	un	2954333	0.07875	-1.00000	-1.00000	0.00908	-1.00000	-1.00000	0.01894	-1.00000	-1.00000	0.00021	-1.00000	-1.00000
6885	Gandy	Cluster	un	2955144	0.04067	-1.00000	-1.00000	0.00302	-1.00000	-1.00000	0.01050	-1.00000	-1.00000	0.00016	-1.00000	-1.00000
6886	Gandy	Cluster	un	2955975	0.08000	-1.00000	-1.00000	0.01033	-1.00000	-1.00000	-0.00142	-1.00000	-1.00000	0.00033	-1.00000	-1.00000
6898	Gandy	Cluster	un	2961744	-0.01798	-1.00000	-1.00000	-0.00206	-1.00000	-1.00000	0.02071	-1.00000	-1.00000	0.00025	-1.00000	-1.00000
6908	Gandy	Cluster	un	2965774	0.00251	-1.00000	-1.00000	0.00009	-1.00000	-1.00000	0.00508	-1.00000	-1.00000	0.00012	-1.00000	-1.00000
6914	Gandy	Cluster	un	2971025	0.04067	-1.00000	-1.00000	0.00302	-1.00000	-1.00000	0.00284	-1.00000	-1.00000	0.00009	-1.00000	-1.00000
6915	Gandy	Cluster	un	2971832	0.13208	-1.00000	-1.00000	0.11604	-1.00000	-1.00000	0.15299	-1.00000	-1.00000	0.00074	-1.00000	-1.00000
6917	Gandy	Cluster	un	2973238	-0.00000	-1.00000	-1.00000	-0.00000	-1.00000	-1.00000	-0.00000	-1.00000	-1.00000	0.00004	-1.00000	-1.00000
6918	Gandy	Cluster	un	2974060	0.04067	-1.00000	-1.00000	0.00302	-1.00000	-1.00000	0.01050	-1.00000	-1.00000	0.00016	-1.00000	-1.00000
6925	Gandy	Cluster	un	2978079	-0.00000	-1.00000	-1.00000	-0.00000	-1.00000	-1.00000	-0.00000	-1.00000	-1.00000	0.00004	-1.00000	-1.00000
6934	Gandy	Cluster	un	2982817	0.32990	-1.00000	-1.00000	0.14561	-1.00000	-1.00000	0.16002	-1.00000	-1.00000	0.00055	-1.00000	-1.00000
6944	Gandy	Cluster	un	2986115	-0.03841	-1.00000	-1.00000	-0.00296	-1.00000	-1.00000	-0.00486	-1.00000	-1.00000	0.00031	-1.00000	-1.00000
6948	Gandy	Cluster	un	2987687	0.07875	-1.00000	-1.00000	0.00908	-1.00000	-1.00000	0.01894	-1.00000	-1.00000	0.00020	-1.00000	-1.00000
6951	Gandy	Cluster	un	2988526	0.00000	-1.00000	-1.00000	0.00000	-1.00000	-1.00000	-0.00502	-1.00000	-1.00000	0.00020	-1.00000	-1.00000
6954	Gandy	Cluster	un	2990112	-0.00000	-1.00000	-1.00000	-0.00000	-1.00000	-1.00000	-0.00000	-1.00000	-1.00000	0.00004	-1.00000	-1.00000
6960	Gandy	Cluster	un	2993171	0.62432	-1.00000	-1.00000	0.63019	-1.00000	-1.00000	0.63291	-1.00000	-1.00000	0.00093	-1.00000	-1.00000
6975	Gandy	Cluster	un	2998635	-0.00000	-1.00000	-1.00000	-0.00000	-1.00000	-1.00000	-0.00000	-1.00000	-1.00000	0.00004	-1.00000	-1.00000
6979	Gandy	Cluster	un	2999436	0.42051	-1.00000	-1.00000	0.22818	-1.00000	-1.00000	0.24861	-1.00000	-1.00000	0.00062	-1.00000	-1.00000
6981	Gandy	Cluster	un	3000184	0.33254	-1.00000	-1.00000	0.32790	-1.00000	-1.00000	0.30611	-1.00000	-1.00000	0.00088	-1.00000	-1.00000
6991	Gandy	Cluster	un	3005859	-0.03911	-1.00000	-1.00000	-0.03962	-1.00000	-1.00000	-0.00942	-1.00000	-1.00000	0.00068	-1.00000	-1.00000
6998	Gandy	Cluster	un	3008325	0.10345	-1.00000	-1.00000	0.01567	-1.00000	-1.00000	0.01567	-1.00000	-1.00000	0.00016	-1.00000	-1.00000
7017	Gandy	Cluster	un	3015690	0.06024	-1.00000	-1.00000	0.00707	-1.00000	-1.00000	0.00934	-1.00000	-1.00000	0.00027	-1.00000	-1.00000
7020	Gandy	Cluster	un	3016520	0.25744	-1.00000	-1.00000	0.08247	-1.00000	-1.00000	0.10158	-1.00000	-1.00000	0.00041	-1.00000	-1.00000
7026	Gandy	Cluster	un	3019792	0.09054	-1.00000	-1.00000	0.01094	-1.00000	-1.00000	0.04304	-1.00000	-1.00000	0.00031	-1.00000	-1.00000
7027	Gandy	Cluster	un	3020550	0.08000	-1.00000	-1.00000	0.01033	-1.00000	-1.00000	-0.00090	-1.00000	-1.00000	0.00042	-1.00000	-1.00000
7030	Gandy	Cluster	un	3022164	0.05748	-1.00000	-1.00000	0.00467	-1.00000	-1.00000	0.06452	-1.00000	-1.00000	0.00033	-1.00000	-1.00000
7035	Gandy	Cluster	un	3024503	0.88298	-1.00000	-1.00000	0.85905	-1.00000	-1.00000	0.86878	-1.00000	-1.00000	0.00110	-1.00000	-1.00000
7050	Gandy	Cluster	un	3031132	-0.03673	-1.00000	-1.00000	-0.03524	-1.00000	-1.00000	-0.01970	-1.00000	-1.00000	0.00069	-1.00000	-1.00000
7051	Gandy	Cluster	un	3032000	0.00561	-1.00000	-1.00000	0.00021	-1.00000	-1.00000	0.02159	-1.00000	-1.00000	0.00019	-1.00000	-1.00000
7055	Gandy	Cluster	un	3033611	0.33798	-1.00000	-1.00000	0.34179	-1.00000	-1.00000	0.33482	-1.00000	-1.00000	0.00084	-1.00000	-1.00000
7060	Gandy	Cluster	un	3036085	0.03320	-1.00000	-1.00000	0.00263	-1.00000	-1.00000	-0.00303	-1.00000	-1.00000	0.00024	-1.00000	-1.00000
7072	Gandy	Cluster	un	3040864	0.00951	-1.00000	-1.00000	0.00037	-1.00000	-1.00000	0.05121	-1.00000	-1.00000	0.00028	-1.00000	-1.00000
7075	Gandy	Cluster	un	3042523	0.04820	-1.00000	-1.00000	0.00374	-1.00000	-1.00000	0.03064	-1.00000	-1.00000	0.00027	-1.00000	-1.00000
7076	Gandy	Cluster	un	3043270	0.03448	-1.00000	-1.00000	0.00246	-1.00000	-1.00000	0.00246	-1.00000	-1.00000	0.00008	-1.00000	-1.00000
7077	Gandy	Cluster	un	3044066	0.00656	-1.00000	-1.00000	0.00026	-1.00000	-1.00000	-0.00000	-1.00000	-1.00000	0.00005	-1.00000	-1.00000
7082	Gandy	Cluster	un	3046566	0.00251	-1.00000	-1.00000	0.00009	-1.00000	-1.00000	0.00508	-1.00000	-1.00000	0.00013	-1.00000	-1.00000
7086	Gandy	Cluster	un	3048960	0.00251	-1.00000	-1.00000	0.00009	-1.00000	-1.00000	-0.00000	-1.00000	-1.00000	0.00004	-1.00000	-1.00000
7089	Gandy	Cluster	un	3050544	0.26765	-1.00000	-1.00000	0.09455	-1.00000	-1.00000	0.11315	-1.00000	-1.00000	0.00045	-1.00000	-1.00000
7093	Gandy	Cluster	un	3052981	0.14815	-1.00000	-1.00000	0.03120	-1.00000	-1.00000	0.02582	-1.00000	-1.00000	0.00037	-1.00000	-1.00000
7098	Gandy	Cluster	un	3056254	0.28070	-1.00000	-1.00000	0.09850	-1.00000	-1.00000	0.18781	-1.00000	-1.00000	0.00054	-1.00000	-1.00000
7102	Gandy	Cluster	un	3059491	0.03448	-1.00000	-1.00000	0.00246	-1.00000	-1.00000	0.00246	-1.00000	-1.00000	0.00009	-1.00000	-1.00000
7106	Gandy	Cluster	un	3062407	0.35619	-1.00000	-1.00000	0.31121	-1.00000	-1.00000	0.30332	-1.00000	-1.00000	0.00072	-1.00000	-1.00000
7116	Gandy	Cluster	un	3068204	0.04420	-1.00000	-1.00000	0.00354	-1.00000	-1.00000	0.00705	-1.00000	-1.00000	0.00029	-1.00000	-1.00000
7117	Gandy	Cluster	un	3069047	0.11182	-1.00000	-1.00000	0.09964	-1.00000	-1.00000	0.13532	-1.00000	-1.00000	0.00058	-1.00000	-1.00000
7120	Gandy	Cluster	un	3070019	0.12874	-1.00000	-1.00000	0.09417	-1.00000	-1.00000	0.07824	-1.00000	-1.00000	0.00078	-1.00000	-1.00000
7126	Gandy	Cluster	un	3073254	0.02912	-1.00000	-1.00000	0.00239	-1.00000	-1.00000	0.00284	-1.00000	-1.00000	0.00008	-1.00000	-1.00000
7131	Gandy	Cluster	un	3074115	0.00561	-1.00000	-1.00000	0.00021	-1.00000	-1.00000	0.00589	-1.00000	-1.00000	0.00016	-1.00000	-1.00000
7132	Gandy	Cluster	un	3074773	0.03320	-1.00000	-1.00000	0.00263	-1.00000	-1.00000	0.00284	-1.00000	-1.00000	0.00008	-1.00000	-1.00000
7139	Gandy	Cluster	un	3077260	0.89322	-1.00000	-1.00000	0.88971	-1.00000	-1.00000	0.88922	-1.00000	-1.00000	0.00113	-1.00000	-1.00000
7146	Gandy	Cluster	un	3079894	0.34483	-1.00000	-1.00000	0.16641	-1.00000	-1.00000	0.16641	-1.00000	-1.00000	0.00041	-1.00000	-1.00000
7151	Gandy	Cluster	un	3082491	0.62245	-1.00000	-1.00000	0.62173	-1.00000	-1.00000	0.62892	-1.00000	-1.00000	0.00088	-1.00000	-1.00000
7152	Gandy	Cluster	un	3083373	-0.00334	-1.00000	-1.00000	-0.00257	-1.00000	-1.00000	-0.00466	-1.00000	-1.00000	0.00057	-1.00000	-1.00000
7166	Gandy	Cluster	un	3090727	1.00000	-1.00000	-1.00000	1.00000	-1.00000	-1.00000	1.00000	-1.00000	-1.00000	0.00177	-1.00000	-1.00000
7168	Gandy	Cluster	un	3091293	0.06897	-1.00000	-1.00000	0.00760	-1.00000	-1.00000	0.00760	-1.00000	-1.00000	0.00012	-1.00000	-1.00000
7175	Gandy	Cluster	un	3094427	-0.02782	-1.00000	-1.00000	-0.00329	-1.00000	-1.00000	-0.00319	-1.00000	-1.00000	0.00014	-1.00000	-1.00000
7187	Gandy	Cluster	un	3099275	0.03501	-1.00000	-1.00000	0.01024	-1.00000	-1.00000	0.04452	-1.00000	-1.00000	0.00040	-1.00000	-1.00000
7188	Gandy	Cluster	un	3100110	-0.00235	-1.00000	-1.00000	-0.00008	-1.00000	-1.00000	0.00008	-1.00000	-1.00000	0.00012	-1.00000	-1.00000
7190	Gandy	Cluster	un	3100896	0.00251	-1.00000	-1.00000	0.00009	-1.00000	-1.00000	-0.00000	-1.00000	-1.00000	0.00004	-1.00000	-1.00000
7194	Gandy	Cluster	un	3103312	0.54037	-1.00000	-1.00000	0.37872	-1.00000	-1.00000	0.41806	-1.00000	-1.00000	0.00086	-1.00000	-1.00000
7197	Gandy	Cluster	un	3104009	-0.00000	-1.00000	-1.00000	-0.00000	-1.00000	-1.00000	-0.00607	-1.00000	-1.00000	0.00029	-1.00000	-1.00000
7199	Gandy	Cluster	un	3105607	0.07875	-1.00000	-1.00000	0.00908	-1.00000	-1.00000	0.01894	-1.00000	-1.00000	0.00021	-1.00000	-1.00000
7202	Gandy	Cluster	un	3107112	0.04820	-1.00000	-1.00000	0.00374	-1.00000	-1.00000	0.03064	-1.00000	-1.00000	0.00024	-1.00000	-1.00000
7209	Gandy	Cluster	un	3109467	0.29856	-1.00000	-1.00000	0.11199	-1.00000	-1.00000	0.16077	-1.00000	-1.00000	0.00049	-1.00000	-1.00000
7210	Gandy	Cluster	un	3110289	0.32530	-1.00000	-1.00000	0.13366	-1.00000	-1.00000	0.15090	-1.00000	-1.00000	0.00053	-1.00000	-1.00000
7234	Gandy	Cluster	un	3117507	0.22222	-1.00000	-1.00000	0.06897	-1.00000	-1.00000	0.06339	-1.00000	-1.00000	0.00046	-1.00000	-1.00000
7237	Gandy	Cluster	un	3118803	0.00561	-1.00000	-1.00000	0.00021	-1.00000	-1.00000	-0.00000	-1.00000	-1.00000	0.00004	-1.00000	-1.00000
7238	Gandy	Cluster	un	3119673	0.37986	-1.00000	-1.00000	0.19396	-1.00000	-1.00000	0.21372	-1.00000	-1.00000	0.00050	-1.00000	-1.00000
7242	Gandy	Cluster	un	3122160	0.29006	-1.00000	-1.00000	0.09910	-1.00000	-1.00000	0.15157	-1.00000	-1.00000	0.00044	-1.00000	-1.00000
7245	Gandy	Cluster	un	3123888	0.41707	-1.00000	-1.00000	0.23467	-1.00000	-1.00000	0.23404	-1.00000	-1.00000	0.00053	-1.00000	-1.00000
7248	Gandy	Cluster	un	3126339	0.00951	-1.00000	-1.00000	0.00037	-1.00000	-1.00000	0.02512	-1.00000	-1.00000	0.00023	-1.00000	-1.00000
7251	Gandy	Cluster	un	3127896	0.22563	-1.00000	-1.00000	0.07947	-1.00000	-1.00000	0.08069	-1.00000	-1.00000	0.00034	-1.00000	-1.00000
7254	Gandy	Cluster	un	3129427	0.82032	-1.00000	-1.00000	0.78948	-1.00000	-1.00000	0.79256	-1.00000	-1.00000	0.00103	-1.00000	-1.00000
7271	Gandy	Cluster	un	3139130	0.20690	-1.00000	-1.00000	0.05924	-1.00000	-1.00000	0.05924	-1.00000	-1.00000	0.00028	-1.00000	-1.00000
7281	Gandy	Cluster	un	3142400	-0.00270	-1.00000	-1.00000	-0.00010	-1.00000	-1.00000	-0.00558	-1.00000	-1.00000	0.00020	-1.00000	-1.00000
7282	Gandy	Cluster	un	3143191	0.06897	-1.00000	-1.00000	0.00760	-1.00000	-1.00000	0.00760	-1.00000	-1.00000	0.00012	-1.00000	-1.00000
7293	Gandy	Cluster	un	3147016	0.08000	-1.00000	-1.00000	0.01033	-1.00000	-1.00000	0.01493	-1.00000	-1.00000	0.00034	-1.00000	-1.00000
7305	Gandy	Cluster	un	3151003	0.12643	-1.00000	-1.00000	0.02178	-1.00000	-1.00000	0.05900	-1.00000	-1.00000	0.00034	-1.00000	-1.00000
7306	Gandy	Cluster	un	3151792	0.04000	-1.00000	-1.00000	0.00332	-1.00000	-1.00000	0.00332	-1.00000	-1.00000	0.00010	-1.00000	-1.00000
7310	Gandy	Cluster	un	3152601	0.25916	-1.00000	-1.00000	0.10443	-1.00000	-1.00000	0.08960	-1.00000	-1.00000	0.00043	-1.00000	-1.00000
7317	Gandy	Cluster	un	3156838	0.00000	-1.00000	-1.00000	0.00000	-1.00000	-1.00000	-0.00000	-1.00000	-1.00000	0.00005	-1.00000	-1.00000
7324	Gandy	Cluster	un	3159893	-0.00767	-1.00000	-1.00000	-0.00029	-1.00000	-1.00000	0.03472	-1.00000	-1.00000	0.00028	-1.00000	-1.00000
7325	Gandy	Cluster	un	3160693	-0.00000	-1.00000	-1.00000	-0.00000	-1.00000	-1.00000	-0.00000	-1.00000	-1.00000	0.00004	-1.00000	-1.00000
7354	Gandy	Cluster	un	3174795	0.00251	-1.00000	-1.00000	0.00009	-1.00000	-1.00000	0.00508	-1.00000	-1.00000	0.00012	-1.00000	-1.00000
7356	Gandy	Cluster	un	3176442	0.46894	-1.00000	-1.00000	0.32355	-1.00000	-1.00000	0.30175	-1.00000	-1.00000	0.00074	-1.00000	-1.00000
7359	Gandy	Cluster	un	3178069	0.09834	-1.00000	-1.00000	0.01534	-1.00000	-1.00000	0.00883	-1.00000	-1.00000	0.00027	-1.00000	-1.00000
7366	Gandy	Cluster	un	3180411	-0.02504	-1.00000	-1.00000	-0.00474	-1.00000	-1.00000	0.00078	-1.00000	-1.00000	0.00028	-1.00000	-1.00000
7369	Gandy	Cluster	un	3181966	0.03320	-1.00000	-1.00000	0.00263	-1.00000	-1.00000	-0.00486	-1.00000	-1.00000	0.00029	-1.00000	-1.00000
7370	Gandy	Cluster	un	3182782	0.06470	-1.00000	-1.00000	0.00736	-1.00000	-1.00000	0.00760	-1.00000	-1.00000	0.00013	-1.00000	-1.00000
7373	Gandy	Cluster	un	3185202	0.00251	-1.00000	-1.00000	0.00009	-1.00000	-1.00000	0.00508	-1.00000	-1.00000	0.00013	-1.00000	-1.00000
7378	Gandy	Cluster	un	3188490	-0.00000	-1.00000	-1.00000	-0.00000	-1.00000	-1.00000	-0.00000	-1.00000	-1.00000	0.00004	-1.00000	-1.00000
7380	Gandy	Cluster	un	3190222	0.11672	-1.00000	-1.00000	0.01853	-1.00000	-1.00000	0.03064	-1.00000	-1.00000	0.00028	-1.00000	-1.00000
7387	Gandy	Cluster	un	3194317	0.02760	-1.00000	-1.00000	0.00210	-1.00000	-1.00000	0.00246	-1.00000	-1.00000	0.00008	-1.00000	-1.00000
7391	Gandy	Cluster	un	3195867	0.45419	-1.00000	-1.00000	0.27868	-1.00000	-1.00000	0.29725	-1.00000	-1.00000	0.00060	-1.00000	-1.00000
7403	Gandy	Cluster	un	3201369	-0.04000	-1.00000	-1.00000	-0.00666	-1.00000	-1.00000	-0.01008	-1.00000	-1.00000	0.00035	-1.00000	-1.00000
7405	Gandy	Cluster	un	3202752	0.02863	-1.00000	-1.00000	0.00648	-1.00000	-1.00000	-0.01018	-1.00000	-1.00000	0.00054	-1.00000	-1.00000
7409	Gandy	Cluster	un	3205132	-0.00000	-1.00000	-1.00000	-0.00000	-1.00000	-1.00000	-0.00000	-1.00000	-1.00000	0.00004	-1.00000	-1.00000
7425	Gandy	Cluster	un	3211574	-0.00000	-1.00000	-1.00000	-0.00000	-1.00000	-1.00000	-0.00000	-1.00000	-1.00000	0.00004	-1.00000	-1.00000
7426	Gandy	Cluster	un	3212403	0.00000	-1.00000	-1.00000	0.00000	-1.00000	-1.00000	-0.00000	-1.00000	-1.00000	0.00004	-1.00000	-1.00000
7428	Gandy	Cluster	un	3213229	0.19970	-1.00000	-1.00000	0.05872	-1.00000	-1.00000	0.05924	-1.00000	-1.00000	0.00033	-1.00000	-1.00000
7429	Gandy	Cluster	un	3213932	0.00000	-1.00000	-1.00000	0.00000	-1.00000	-1.00000	-0.00502	-1.00000	-1.00000	0.00020	-1.00000	-1.00000
7447	Gandy	Cluster	un	3221499	-0.01087	-1.00000	-1.00000	-0.01099	-1.00000	-1.00000	-0.03366	-1.00000	-1.00000	0.00081	-1.00000	-1.00000
7458	Gandy	Cluster	un	3225495	0.45419	-1.00000	-1.00000	0.27868	-1.00000	-1.00000	0.27807	-1.00000	-1.00000	0.00058	-1.00000	-1.00000
7464	Gandy	Cluster	un	3227968	0.11672	-1.00000	-1.00000	0.01853	-1.00000	-1.00000	0.01818	-1.00000	-1.00000	0.00017	-1.00000	-1.00000
7465	Gandy	Cluster	un	3228794	0.00251	-1.00000	-1.00000	0.00009	-1.00000	-1.00000	0.00508	-1.00000	-1.00000	0.00013	-1.00000	-1.00000
7477	Gandy	Cluster	un	3233636	0.30175	-1.00000	-1.00000	0.13370	-1.00000	-1.00000	0.11835	-1.00000	-1.00000	0.00049	-1.00000	-1.00000
7478	Gandy	Cluster	un	3234409	0.84173	-1.00000	-1.00000	0.83622	-1.00000	-1.00000	0.82270	-1.00000	-1.00000	0.00104	-1.00000	-1.00000
7481	Gandy	Cluster	un	3236005	-0.00565	-1.00000	-1.00000	-0.00022	-1.00000	-1.00000	0.01286	-1.00000	-1.00000	0.00021	-1.00000	-1.00000
7486	Gandy	Cluster	un	3238441	0.00181	-1.00000	-1.00000	0.00026	-1.00000	-1.00000	0.00026	-1.00000	-1.00000	0.00017	-1.00000	-1.00000
7487	Gandy	Cluster	un	3239191	0.00000	-1.00000	-1.00000	0.00000	-1.00000	-1.00000	0.00508	-1.00000	-1.00000	0.00012	-1.00000	-1.00000
7489	Gandy	Cluster	un	3240019	0.24887	-1.00000	-1.00000	0.08190	-1.00000	-1.00000	0.09532	-1.00000	-1.00000	0.00054	-1.00000	-1.00000
7497	Gandy	Cluster	un	3244799	0.04420	-1.00000	-1.00000	0.00354	-1.00000	-1.00000	0.01220	-1.00000	-1.00000	0.00018	-1.00000	-1.00000
7498	Gandy	Cluster	un	3245592	0.13793	-1.00000	-1.00000	0.02685	-1.00000	-1.00000	0.02685	-1.00000	-1.00000	0.00019	-1.00000	-1.00000
7511	Gandy	Cluster	un	3248078	0.46785	-1.00000	-1.00000	0.27111	-1.00000	-1.00000	0.29194	-1.00000	-1.00000	0.00066	-1.00000	-1.00000
7518	Gandy	Cluster	un	3248832	0.13263	-1.00000	-1.00000	0.02215	-1.00000	-1.00000	0.03571	-1.00000	-1.00000	0.00025	-1.00000	-1.00000
7520	Gandy	Cluster	un	3249706	0.19845	-1.00000	-1.00000	0.04545	-1.00000	-1.00000	0.12678	-1.00000	-1.00000	0.00044	-1.00000	-1.00000
7524	Gandy	Cluster	un	3251404	0.06897	-1.00000	-1.00000	0.00760	-1.00000	-1.00000	0.00760	-1.00000	-1.00000	0.00013	-1.00000	-1.00000
7531	Gandy	Cluster	un	3256287	0.04067	-1.00000	-1.00000	0.00302	-1.00000	-1.00000	0.01050	-1.00000	-1.00000	0.00017	-1.00000	-1.00000
7546	Gandy	Cluster	un	3264009	-0.00000	-1.00000	-1.00000	-0.00000	-1.00000	-1.00000	-0.00000	-1.00000	-1.00000	0.00004	-1.00000	-1.00000
7555	Gandy	Cluster	un	3268926	0.61914	-1.00000	-1.00000	0.49066	-1.00000	-1.00000	0.52145	-1.00000	-1.00000	0.00092	-1.00000	-1.00000
7565	Gandy	Cluster	un	3272990	0.61410	-1.00000	-1.00000	0.57573	-1.00000	-1.00000	0.56920	-1.00000	-1.00000	0.00085	-1.00000	-1.00000
7570	Gandy	Cluster	un	3276290	0.00951	-1.00000	-1.00000	0.00037	-1.00000	-1.00000	0.02512	-1.00000	-1.00000	0.00021	-1.00000	-1.00000
7572	Gandy	Cluster	un	3277152	0.15194	-1.00000	-1.00000	0.02682	-1.00000	-1.00000	0.10217	-1.00000	-1.00000	0.00042	-1.00000	-1.00000
7588	Gandy	Cluster	un	3286922	-0.00315	-1.00000	-1.00000	-0.00013	-1.00000	-1.00000	0.02159	-1.00000	-1.00000	0.00027	-1.00000	-1.00000
7593	Gandy	Cluster	un	3289003	-0.00000	-1.00000	-1.00000	-0.00000	-1.00000	-1.00000	-0.00000	-1.00000	-1.00000	0.00004	-1.00000	-1.00000
7600	Gandy	Cluster	un	3290640	0.06897	-1.00000	-1.00000	0.00760	-1.00000	-1.00000	0.00760	-1.00000	-1.00000	0.00012	-1.00000	-1.00000
7602	Gandy	Cluster	un	3291500	0.13793	-1.00000	-1.00000	0.02685	-1.00000	-1.00000	0.02685	-1.00000	-1.00000	0.00022	-1.00000	-1.00000
7605	Gandy	Cluster	un	3293870	0.06407	-1.00000	-1.00000	0.00815	-1.00000	-1.00000	0.00571	-1.00000	-1.00000	0.00037	-1.00000	-1.00000
7613	Gandy	Cluster	un	3297886	0.09054	-1.00000	-1.00000	0.01094	-1.00000	-1.00000	0.01033	-1.00000	-1.00000	0.00013	-1.00000	-1.00000
7614	Gandy	Cluster	un	3298769	0.19238	-1.00000	-1.00000	0.04856	-1.00000	-1.00000	0.04808	-1.00000	-1.00000	0.00028	-1.00000	-1.00000
7620	Gandy	Cluster	un	3301202	-0.00565	-1.00000	-1.00000	-0.00022	-1.00000	-1.00000	0.01286	-1.00000	-1.00000	0.00019	-1.00000	-1.00000
7622	Gandy	Cluster	un	3302099	0.12643	-1.00000	-1.00000	0.02178	-1.00000	-1.00000	0.05900	-1.00000	-1.00000	0.00036	-1.00000	-1.00000
7627	Gandy	Cluster	un	3302849	0.04067	-1.00000	-1.00000	0.00302	-1.00000	-1.00000	0.00284	-1.00000	-1.00000	0.00009	-1.00000	-1.00000
7629	Gandy	Cluster	un	3304455	0.61624	-1.00000	-1.00000	0.56421	-1.00000	-1.00000	0.54588	-1.00000	-1.00000	0.00104	-1.00000	-1.00000
7644	Gandy	Cluster	un	3310039	0.39130	-1.00000	-1.00000	0.21845	-1.00000	-1.00000	0.21590	-1.00000	-1.00000	0.00076	-1.00000	-1.00000
7647	Gandy	Cluster	un	3311116	0.06897	-1.00000	-1.00000	0.00760	-1.00000	-1.00000	0.00760	-1.00000	-1.00000	0.00011	-1.00000	-1.00000
7649	Gandy	Cluster	un	3312873	0.05304	-1.00000	-1.00000	0.00446	-1.00000	-1.00000	0.03024	-1.00000	-1.00000	0.00040	-1.00000	-1.00000
7651	Gandy	Cluster	un	3314407	0.15309	-1.00000	-1.00000	0.14148	-1.00000	-1.00000	0.21201	-1.00000	-1.00000	0.00067	-1.00000	-1.00000
7654	Gandy	Cluster	un	3316171	0.47131	-1.00000	-1.00000	0.32434	-1.00000	-1.00000	0.30039	-1.00000	-1.00000	0.00070	-1.00000	-1.00000
7656	Gandy	Cluster	un	3317015	0.00656	-1.00000	-1.00000	0.00026	-1.00000	-1.00000	0.01989	-1.00000	-1.00000	0.00035	-1.00000	-1.00000
7672	Gandy	Cluster	un	3324902	0.03834	-1.00000	-1.00000	0.01941	-1.00000	-1.00000	0.06131	-1.00000	-1.00000	0.00056	-1.00000	-1.00000
7683	Gandy	Cluster	un	3328805	0.00561	-1.00000	-1.00000	0.00021	-1.00000	-1.00000	-0.00000	-1.00000	-1.00000	0.00004	-1.00000	-1.00000
7715	Gandy	Cluster	un	3345664	0.00251	-1.00000	-1.00000	0.00009	-1.00000	-1.00000	0.00508	-1.00000	-1.00000	0.00012	-1.00000	-1.00000
7726	Gandy	Cluster	un	3350371	1.00000	-1.00000	-1.00000	1.00000	-1.00000	-1.00000	0.98731	-1.00000	-1.00000	0.00110	-1.00000	-1.00000
7732	Gandy	Cluster	un	3352107	-0.00000	-1.00000	-1.00000	-0.00000	-1.00000	-1.00000	-0.00000	-1.00000	-1.00000	0.00005	-1.00000	-1.00000
7735	Gandy	Cluster	un	3353684	-0.03681	-1.00000	-1.00000	-0.03550	-1.00000	-1.00000	-0.04391	-1.00000	-1.00000	0.00075	-1.00000	-1.00000
7737	Gandy	Cluster	un	3355214	0.76724	-1.00000	-1.00000	0.71716	-1.00000	-1.00000	0.72260	-1.00000	-1.00000	0.00089	-1.00000	-1.00000
7740	Gandy	Cluster	un	3356102	0.37778	-1.00000	-1.00000	0.38636	-1.00000	-1.00000	0.38835	-1.00000	-1.00000	0.00081	-1.00000	-1.00000
7745	Gandy	Cluster	un	3359501	0.42051	-1.00000	-1.00000	0.22818	-1.00000	-1.00000	0.24861	-1.00000	-1.00000	0.00052	-1.00000	-1.00000
7755	Gandy	Cluster	un	3362774	-0.00000	-1.00000	-1.00000	-0.00000	-1.00000	-1.00000	-0.00000	-1.00000	-1.00000	0.00004	-1.00000	-1.00000
7757	Gandy	Cluster	un	3363525	0.06024	-1.00000	-1.00000	0.00707	-1.00000	-1.00000	0.00286	-1.00000	-1.00000	0.00020	-1.00000	-1.00000
7762	Gandy	Cluster	un	3366727	0.03448	-1.00000	-1.00000	0.00246	-1.00000	-1.00000	0.00246	-1.00000	-1.00000	0.00008	-1.00000	-1.00000
7764	Gandy	Cluster	un	3368428	0.00561	-1.00000	-1.00000	0.00021	-1.00000	-1.00000	0.00589	-1.00000	-1.00000	0.00012	-1.00000	-1.00000
7765	Gandy	Cluster	un	3369298	0.13793	-1.00000	-1.00000	0.02685	-1.00000	-1.00000	0.02685	-1.00000	-1.00000	0.00019	-1.00000	-1.00000
7766	Gandy	Cluster	un	3370174	-0.03623	-1.00000	-1.00000	-0.01414	-1.00000	-1.00000	-0.01815	-1.00000	-1.00000	0.00056	-1.00000	-1.00000
7768	Gandy	Cluster	un	3371590	-0.00270	-1.00000	-1.00000	-0.00010	-1.00000	-1.00000	-0.00558	-1.00000	-1.00000	0.00020	-1.00000	-1.00000
7783	Gandy	Cluster	un	3377345	0.45732	-1.00000	-1.00000	0.27050	-1.00000	-1.00000	0.35334	-1.00000	-1.00000	0.00067	-1.00000	-1.00000
7784	Gandy	Cluster	un	3378194	0.00251	-1.00000	-1.00000	0.00009	-1.00000	-1.00000	0.00508	-1.00000	-1.00000	0.00013	-1.00000	-1.00000
7792	Gandy	Cluster	un	3382064	-0.03829	-1.00000	-1.00000	-0.00613	-1.00000	-1.00000	-0.00614	-1.00000	-1.00000	0.00019	-1.00000	-1.00000
7806	Gandy	Cluster	un	3387609	0.03114	-1.00000	-1.00000	0.00229	-1.00000	-1.00000	0.00246	-1.00000	-1.00000	0.00009	-1.00000	-1.00000
7807	Gandy	Cluster	un	3388369	0.14815	-1.00000	-1.00000	0.03120	-1.00000	-1.00000	0.02582	-1.00000	-1.00000	0.00034	-1.00000	-1.00000
7808	Gandy	Cluster	un	3389190	0.71355	-1.00000	-1.00000	0.62879	-1.00000	-1.00000	0.63509	-1.00000	-1.00000	0.00105	-1.00000	-1.00000
7818	Gandy	Cluster	un	3393063	0.00251	-1.00000	-1.00000	0.00009	-1.00000	-1.00000	-0.00000	-1.00000	-1.00000	0.00004	-1.00000	-1.00000
7823	Gandy	Cluster	un	3396253	1.00000	-1.00000	-1.00000	1.00000	-1.00000	-1.00000	1.00000	-1.00000	-1.00000	0.00147	-1.00000	-1.00000
7828	Gandy	Cluster	un	3400131	0.03114	-1.00000	-1.00000	0.00229	-1.00000	-1.00000	0.00246	-1.00000	-1.00000	0.00009	-1.00000	-1.00000
7831	Gandy	Cluster	un	3402400	0.09054	-1.00000	-1.00000	0.01094	-1.00000	-1.00000	0.04304	-1.00000	-1.00000	0.00028	-1.00000	-1.00000
7835	Gandy	Cluster	un	3403975	-0.02055	-1.00000	-1.00000	-0.00226	-1.00000	-1.00000	0.00300	-1.00000	-1.00000	0.00020	-1.00000	-1.00000
7837	Gandy	Cluster	un	3405544	-0.00235	-1.00000	-1.00000	-0.00008	-1.00000	-1.00000	0.00008	-1.00000	-1.00000	0.00013	-1.00000	-1.00000
7839	Gandy	Cluster	un	3406306	0.32000	-1.00000	-1.00000	0.14487	-1.00000	-1.00000	0.15744	-1.00000	-1.00000	0.00061	-1.00000	-1.00000
7841	Gandy	Cluster	un	3407071	0.00340	-1.00000	-1.00000	0.00014	-1.00000	-1.00000	-0.01093	-1.00000	-1.00000	0.00037	-1.00000	-1.00000
7844	Gandy	Cluster	un	3408562	0.10345	-1.00000	-1.00000	0.01567	-1.00000	-1.00000	0.01567	-1.00000	-1.00000	0.00016	-1.00000	-1.00000
7852	Gandy	Cluster	un	3411696	0.24138	-1.00000	-1.00000	0.08069	-1.00000	-1.00000	0.08069	-1.00000	-1.00000	0.00041	-1.00000	-1.00000
7861	Gandy	Cluster	un	3414980	0.38009	-1.00000	-1.00000	0.18506	-1.00000	-1.00000	0.20588	-1.00000	-1.00000	0.00051	-1.00000	-1.00000
7867	Gandy	Cluster	un	3415828	0.55562	-1.00000	-1.00000	0.54648	-1.00000	-1.00000	0.54328	-1.00000	-1.00000	0.00082	-1.00000	-1.00000
7871	Gandy	Cluster	un	3417475	0.85643	-1.00000	-1.00000	0.83642	-1.00000	-1.00000	0.83844	-1.00000	-1.00000	0.00105	-1.00000	-1.00000
7879	Gandy	Cluster	un	3421571	0.17241	-1.00000	-1.00000	0.04132	-1.00000	-1.00000	0.04132	-1.00000	-1.00000	0.00026	-1.00000	-1.00000
7885	Gandy	Cluster	un	3423183	0.09920	-1.00000	-1.00000	0.01304	-1.00000	-1.00000	0.04448	-1.00000	-1.00000	0.00041	-1.00000	-1.00000
7888	Gandy	Cluster	un	3425620	0.54387	-1.00000	-1.00000	0.38273	-1.00000	-1.00000	0.41303	-1.00000	-1.00000	0.00078	-1.00000	-1.00000
7895	Gandy	Cluster	un	3428247	-0.03704	-1.00000	-1.00000	-0.00275	-1.00000	-1.00000	-0.00019	-1.00000	-1.00000	0.00016	-1.00000	-1.00000
7896	Gandy	Cluster	un	3429092	0.06897	-1.00000	-1.00000	0.00760	-1.00000	-1.00000	0.00760	-1.00000	-1.00000	0.00012	-1.00000	-1.00000
7902	Gandy	Cluster	un	3432241	0.34255	-1.00000	-1.00000	0.15689	-1.00000	-1.00000	0.17666	-1.00000	-1.00000	0.00049	-1.00000	-1.00000
7906	Gandy	Cluster	un	3434571	-0.00000	-1.00000	-1.00000	-0.00000	-1.00000	-1.00000	-0.00000	-1.00000	-1.00000	0.00004	-1.00000	-1.00000
7907	Gandy	Cluster	un	3435339	0.00656	-1.00000	-1.00000	0.00026	-1.00000	-1.00000	0.05121	-1.00000	-1.00000	0.00030	-1.00000	-1.00000
7914	Gandy	Cluster	un	3439438	0.52000	-1.00000	-1.00000	0.37759	-1.00000	-1.00000	0.35372	-1.00000	-1.00000	0.00088	-1.00000	-1.00000
7915	Gandy	Cluster	un	3440144	0.06470	-1.00000	-1.00000	0.00736	-1.00000	-1.00000	0.00300	-1.00000	-1.00000	0.00019	-1.00000	-1.00000
7921	Gandy	Cluster	un	3443504	0.04000	-1.00000	-1.00000	0.00332	-1.00000	-1.00000	-0.00760	-1.00000	-1.00000	0.00037	-1.00000	-1.00000
7933	Gandy	Cluster	un	3449804	0.05304	-1.00000	-1.00000	0.00446	-1.00000	-1.00000	0.03024	-1.00000	-1.00000	0.00038	-1.00000	-1.00000
7955	Gandy	Cluster	un	3459441	0.30515	-1.00000	-1.00000	0.12370	-1.00000	-1.00000	0.14308	-1.00000	-1.00000	0.00048	-1.00000	-1.00000
7986	Gandy	Cluster	un	3469987	0.06897	-1.00000	-1.00000	0.00760	-1.00000	-1.00000	0.00760	-1.00000	-1.00000	0.00014	-1.00000	-1.00000
7992	Gandy	Cluster	un	3472318	-0.00000	-1.00000	-1.00000	-0.00000	-1.00000	-1.00000	-0.00000	-1.00000	-1.00000	0.00005	-1.00000	-1.00000
7994	Gandy	Cluster	un	3473872	0.06407	-1.00000	-1.00000	0.00815	-1.00000	-1.00000	0.01099	-1.00000	-1.00000	0.00030	-1.00000	-1.00000
7998	Gandy	Cluster	un	3476322	0.00000	-1.00000	-1.00000	0.00000	-1.00000	-1.00000	-0.00000	-1.00000	-1.00000	0.00005	-1.00000	-1.00000
8007	Gandy	Cluster	un	3480299	-0.00489	-1.00000	-1.00000	-0.00018	-1.00000	-1.00000	0.00029	-1.00000	-1.00000	0.00016	-1.00000	-1.00000
8013	Gandy	Cluster	un	3483425	0.59664	-1.00000	-1.00000	0.44335	-1.00000	-1.00000	0.50512	-1.00000	-1.00000	0.00080	-1.00000	-1.00000
8014	Gandy	Cluster	un	3484264	0.38171	-1.00000	-1.00000	0.35324	-1.00000	-1.00000	0.32915	-1.00000	-1.00000	0.00083	-1.00000	-1.00000
8025	Gandy	Cluster	un	3489089	0.03448	-1.00000	-1.00000	0.00246	-1.00000	-1.00000	0.00246	-1.00000	-1.00000	0.00010	-1.00000	-1.00000
8029	Gandy	Cluster	un	3489727	0.10528	-1.00000	-1.00000	0.01778	-1.00000	-1.00000	0.03064	-1.00000	-1.00000	0.00023	-1.00000	-1.00000
8031	Gandy	Cluster	un	3490581	0.19016	-1.00000	-1.00000	0.18335	-1.00000	-1.00000	0.16410	-1.00000	-1.00000	0.00079	-1.00000	-1.00000
8037	Gandy	Cluster	un	3492218	0.11672	-1.00000	-1.00000	0.01853	-1.00000	-1.00000	0.03064	-1.00000	-1.00000	0.00024	-1.00000	-1.00000
8047	Gandy	Cluster	un	3495333	0.00000	-1.00000	-1.00000	0.00000	-1.00000	-1.00000	-0.00502	-1.00000	-1.00000	0.00019	-1.00000	-1.00000
8050	Gandy	Cluster	un	3497056	0.03114	-1.00000	-1.00000	0.00229	-1.00000	-1.00000	0.00018	-1.00000	-1.00000	0.00015	-1.00000	-1.00000
8052	Gandy	Cluster	un	3497909	0.04000	-1.00000	-1.00000	0.00332	-1.00000	-1.00000	-0.00760	-1.00000	-1.00000	0.00034	-1.00000	-1.00000
8053	Gandy	Cluster	un	3498760	-0.00000	-1.00000	-1.00000	-0.00000	-1.00000	-1.00000	-0.00000	-1.00000	-1.00000	0.00004	-1.00000	-1.00000
8054	Gandy	Cluster	un	3499554	0.30563	-1.00000	-1.00000	0.20436	-1.00000	-1.00000	0.24295	-1.00000	-1.00000	0.00069	-1.00000	-1.00000
8055	Gandy	Cluster	un	3500407	0.00000	-1.00000	-1.00000	0.00000	-1.00000	-1.00000	-0.00502	-1.00000	-1.00000	0.00019	-1.00000	-1.00000
8057	Gandy	Cluster	un	3501241	0.37986	-1.00000	-1.00000	0.19396	-1.00000	-1.00000	0.21372	-1.00000	-1.00000	0.00053	-1.00000	-1.00000
8066	Gandy	Cluster	un	3505311	0.03672	-1.00000	-1.00000	0.00802	-1.00000	-1.00000	0.00233	-1.00000	-1.00000	0.00032	-1.00000	-1.00000
8067	Gandy	Cluster	un	3506069	-0.00000	-1.00000	-1.00000	-0.00000	-1.00000	-1.00000	-0.00000	-1.00000	-1.00000	0.00004	-1.00000	-1.00000
8070	Gandy	Cluster	un	3507747	0.00251	-1.00000	-1.00000	0.00009	-1.00000	-1.00000	0.00508	-1.00000	-1.00000	0.00012	-1.00000	-1.00000
8072	Gandy	Cluster	un	3509430	0.77778	-1.00000	-1.00000	0.74038	-1.00000	-1.00000	0.74487	-1.00000	-1.00000	0.00100	-1.00000	-1.00000
8073	Gandy	Cluster	un	3510227	0.05748	-1.00000	-1.00000	0.00467	-1.00000	-1.00000	0.00394	-1.00000	-1.00000	0.00010	-1.00000	-1.00000
8083	Gandy	Cluster	un	3515082	0.55758	-1.00000	-1.00000	0.54244	-1.00000	-1.00000	0.56047	-1.00000	-1.00000	0.00094	-1.00000	-1.00000
8099	Gandy	Cluster	un	3524588	0.03448	-1.00000	-1.00000	0.00246	-1.00000	-1.00000	0.00246	-1.00000	-1.00000	0.00008	-1.00000	-1.00000
8108	Gandy	Cluster	un	3529587	0.07407	-1.00000	-1.00000	0.00881	-1.00000	-1.00000	0.00361	-1.00000	-1.00000	0.00027	-1.00000	-1.00000
8110	Gandy	Cluster	un	3531174	0.02760	-1.00000	-1.00000	0.00210	-1.00000	-1.00000	0.00883	-1.00000	-1.00000	0.00024	-1.00000	-1.00000
8111	Gandy	Cluster	un	3531961	0.12874	-1.00000	-1.00000	0.09417	-1.00000	-1.00000	0.07824	-1.00000	-1.00000	0.00063	-1.00000	-1.00000
8113	Gandy	Cluster	un	3532868	0.11258	-1.00000	-1.00000	0.03248	-1.00000	-1.00000	0.04666	-1.00000	-1.00000	0.00035	-1.00000	-1.00000
8128	Gandy	Cluster	un	3540036	0.08538	-1.00000	-1.00000	0.01066	-1.00000	-1.00000	0.02205	-1.00000	-1.00000	0.00022	-1.00000	-1.00000
8132	Gandy	Cluster	un	3540844	0.00951	-1.00000	-1.00000	0.00037	-1.00000	-1.00000	0.05121	-1.00000	-1.00000	0.00027	-1.00000	-1.00000
8133	Gandy	Cluster	un	3541699	0.69703	-1.00000	-1.00000	0.60533	-1.00000	-1.00000	0.62701	-1.00000	-1.00000	0.00093	-1.00000	-1.00000
8138	Gandy	Cluster	un	3543325	-0.03684	-1.00000	-1.00000	-0.00273	-1.00000	-1.00000	0.00061	-1.00000	-1.00000	0.00017	-1.00000	-1.00000
8139	Gandy	Cluster	un	3544135	0.04067	-1.00000	-1.00000	0.00302	-1.00000	-1.00000	0.00284	-1.00000	-1.00000	0.00009	-1.00000	-1.00000
8146	Gandy	Cluster	un	3545815	0.56787	-1.00000	-1.00000	0.46697	-1.00000	-1.00000	0.45613	-1.00000	-1.00000	0.00078	-1.00000	-1.00000
8151	Gandy	Cluster	un	3547286	0.28070	-1.00000	-1.00000	0.09850	-1.00000	-1.00000	0.14386	-1.00000	-1.00000	0.00065	-1.00000	-1.00000
8162	Gandy	Cluster	un	3550429	0.09054	-1.00000	-1.00000	0.01094	-1.00000	-1.00000	0.01033	-1.00000	-1.00000	0.00014	-1.00000	-1.00000
8174	Gandy	Cluster	un	3553551	0.06897	-1.00000	-1.00000	0.00760	-1.00000	-1.00000	0.00760	-1.00000	-1.00000	0.00011	-1.00000	-1.00000
8199	Gandy	Cluster	un	3561280	0.25744	-1.00000	-1.00000	0.08247	-1.00000	-1.00000	0.10158	-1.00000	-1.00000	0.00047	-1.00000	-1.00000
8204	Gandy	Cluster	un	3563552	0.00251	-1.00000	-1.00000	0.00009	-1.00000	-1.00000	0.00508	-1.00000	-1.00000	0.00014	-1.00000	-1.00000
8207	Gandy	Cluster	un	3565163	0.00251	-1.00000	-1.00000	0.00009	-1.00000	-1.00000	0.00508	-1.00000	-1.00000	0.00012	-1.00000	-1.00000
8221	Gandy	Cluster	un	3568917	0.27204	-1.00000	-1.00000	0.19887	-1.00000	-1.00000	0.19423	-1.00000	-1.00000	0.00074	-1.00000	-1.00000
8235	Gandy	Cluster	un	3576316	0.36947	-1.00000	-1.00000	0.34195	-1.00000	-1.00000	0.32333	-1.00000	-1.00000	0.00085	-1.00000	-1.00000
8238	Gandy	Cluster	un	3577112	0.03448	-1.00000	-1.00000	0.00246	-1.00000	-1.00000	0.00246	-1.00000	-1.00000	0.00008	-1.00000	-1.00000
8242	Gandy	Cluster	un	3578791	0.73564	-1.00000	-1.00000	0.66196	-1.00000	-1.00000	0.67930	-1.00000	-1.00000	0.00098	-1.00000	-1.00000
8246	Gandy	Cluster	un	3580316	0.45057	-1.00000	-1.00000	0.27457	-1.00000	-1.00000	0.28659	-1.00000	-1.00000	0.00067	-1.00000	-1.00000
8251	Gandy	Cluster	un	3583415	0.00251	-1.00000	-1.00000	0.00009	-1.00000	-1.00000	0.00508	-1.00000	-1.00000	0.00014	-1.00000	-1.00000
8255	Gandy	Cluster	un	3584910	-0.03841	-1.00000	-1.00000	-0.00296	-1.00000	-1.00000	0.01378	-1.00000	-1.00000	0.00025	-1.00000	-1.00000
8258	Gandy	Cluster	un	3586447	0.07875	-1.00000	-1.00000	0.00908	-1.00000	-1.00000	0.01894	-1.00000	-1.00000	0.00021	-1.00000	-1.00000
8264	Gandy	Cluster	un	3589657	0.27586	-1.00000	-1.00000	0.10573	-1.00000	-1.00000	0.10573	-1.00000	-1.00000	0.00035	-1.00000	-1.00000
8272	Gandy	Cluster	un	3594336	0.16737	-1.00000	-1.00000	0.03722	-1.00000	-1.00000	0.03670	-1.00000	-1.00000	0.00025	-1.00000	-1.00000
8302	Gandy	Cluster	un	3606951	-0.00000	-1.00000	-1.00000	-0.00000	-1.00000	-1.00000	-0.00000	-1.00000	-1.00000	0.00004	-1.00000	-1.00000
8306	Gandy	Cluster	un	3608353	-0.00000	-1.00000	-1.00000	-0.00000	-1.00000	-1.00000	-0.00000	-1.00000	-1.00000	0.00005	-1.00000	-1.00000
8312	Gandy	Cluster	un	3611500	0.15460	-1.00000	-1.00000	0.03162	-1.00000	-1.00000	0.04578	-1.00000	-1.00000	0.00028	-1.00000	-1.00000
8318	Gandy	Cluster	un	3614057	1.00000	-1.00000	-1.00000	1.00000	-1.00000	-1.00000	1.00000	-1.00000	-1.00000	0.00126	-1.00000	-1.00000
8321	Gandy	Cluster	un	3614853	0.03320	-1.00000	-1.00000	0.00263	-1.00000	-1.00000	-0.00303	-1.00000	-1.00000	0.00024	-1.00000	-1.00000
8325	Gandy	Cluster	un	3617287	0.13793	-1.00000	-1.00000	0.02685	-1.00000	-1.00000	0.02685	-1.00000	-1.00000	0.00021	-1.00000	-1.00000
8326	Gandy	Cluster	un	3618085	0.36076	-1.00000	-1.00000	0.23834	-1.00000	-1.00000	0.21444	-1.00000	-1.00000	0.00047	-1.00000	-1.00000
8337	Gandy	Cluster	un	3623722	0.59701	-1.00000	-1.00000	0.51333	-1.00000	-1.00000	0.52415	-1.00000	-1.00000	0.00082	-1.00000	-1.00000
8339	Gandy	Cluster	un	3624541	0.30515	-1.00000	-1.00000	0.12370	-1.00000	-1.00000	0.14308	-1.00000	-1.00000	0.00047	-1.00000	-1.00000
8340	Gandy	Cluster	un	3625328	0.10345	-1.00000	-1.00000	0.01567	-1.00000	-1.00000	0.01567	-1.00000	-1.00000	0.00016	-1.00000	-1.00000
8356	Gandy	Cluster	un	3632562	0.06024	-1.00000	-1.00000	0.00707	-1.00000	-1.00000	0.00934	-1.00000	-1.00000	0.00028	-1.00000	-1.00000
8365	Gandy	Cluster	un	3638843	0.07567	-1.00000	-1.00000	0.07748	-1.00000	-1.00000	0.05978	-1.00000	-1.00000	0.00082	-1.00000	-1.00000
8371	Gandy	Cluster	un	3641222	-0.03432	-1.00000	-1.00000	-0.01780	-1.00000	-1.00000	0.00637	-1.00000	-1.00000	0.00051	-1.00000	-1.00000
8372	Gandy	Cluster	un	3642060	0.73612	-1.00000	-1.00000	0.73810	-1.00000	-1.00000	0.71331	-1.00000	-1.00000	0.00098	-1.00000	-1.00000
8387	Gandy	Cluster	un	3647676	0.06470	-1.00000	-1.00000	0.00736	-1.00000	-1.00000	0.00300	-1.00000	-1.00000	0.00020	-1.00000	-1.00000
8388	Gandy	Cluster	un	3648470	0.13793	-1.00000	-1.00000	0.02685	-1.00000	-1.00000	0.02685	-1.00000	-1.00000	0.00021	-1.00000	-1.00000
8390	Gandy	Cluster	un	3650166	0.06059	-1.00000	-1.00000	0.05433	-1.00000	-1.00000	0.08731	-1.00000	-1.00000	0.00075	-1.00000	-1.00000
8397	Gandy	Cluster	un	3651791	0.19238	-1.00000	-1.00000	0.04856	-1.00000	-1.00000	0.06452	-1.00000	-1.00000	0.00033	-1.00000	-1.00000
8399	Gandy	Cluster	un	3653382	-0.00489	-1.00000	-1.00000	-0.00018	-1.00000	-1.00000	0.00029	-1.00000	-1.00000	0.00013	-1.00000	-1.00000
8422	Gandy	Cluster	un	3666978	0.03448	-1.00000	-1.00000	0.00246	-1.00000	-1.00000	0.00246	-1.00000	-1.00000	0.00008	-1.00000	-1.00000
8423	Gandy	Cluster	un	3667774	0.21411	-1.00000	-1.00000	0.06834	-1.00000	-1.00000	0.04879	-1.00000	-1.00000	0.00050	-1.00000	-1.00000
8426	Gandy	Cluster	un	3668541	0.62432	-1.00000	-1.00000	0.63019	-1.00000	-1.00000	0.63291	-1.00000	-1.00000	0.00089	-1.00000	-1.00000
8427	Gandy	Cluster	un	3669401	0.24449	-1.00000	-1.00000	0.06949	-1.00000	-1.00000	0.11957	-1.00000	-1.00000	0.00047	-1.00000	-1.00000
8432	Gandy	Cluster	un	3673273	0.04067	-1.00000	-1.00000	0.00302	-1.00000	-1.00000	0.00284	-1.00000	-1.00000	0.00009	-1.00000	-1.00000
8438	Gandy	Cluster	un	3676370	0.00290	-1.00000	-1.00000	0.00011	-1.00000	-1.00000	0.00088	-1.00000	-1.00000	0.00027	-1.00000	-1.00000
8439	Gandy	Cluster	un	3677155	0.04067	-1.00000	-1.00000	0.00302	-1.00000	-1.00000	0.01050	-1.00000	-1.00000	0.00016	-1.00000	-1.00000
8446	Gandy	Cluster	un	3680093	-0.00000	-1.00000	-1.00000	-0.00000	-1.00000	-1.00000	-0.00000	-1.00000	-1.00000	0.00004	-1.00000	-1.00000
8447	Gandy	Cluster	un	3680863	0.04067	-1.00000	-1.00000	0.00302	-1.00000	-1.00000	0.01050	-1.00000	-1.00000	0.00017	-1.00000	-1.00000
8449	Gandy	Cluster	un	3682506	0.40542	-1.00000	-1.00000	0.41367	-1.00000	-1.00000	0.40113	-1.00000	-1.00000	0.00086	-1.00000	-1.00000
8460	Gandy	Cluster	un	3687333	0.89322	-1.00000	-1.00000	0.88971	-1.00000	-1.00000	0.88922	-1.00000	-1.00000	0.00117	-1.00000	-1.00000
8466	Gandy	Cluster	un	3690371	0.06697	-1.00000	-1.00000	0.03804	-1.00000	-1.00000	0.02288	-1.00000	-1.00000	0.00062	-1.00000	-1.00000
8473	Gandy	Cluster	un	3693537	-0.00767	-1.00000	-1.00000	-0.00029	-1.00000	-1.00000	0.00057	-1.00000	-1.00000	0.00012	-1.00000	-1.00000
8491	Gandy	Cluster	un	3699934	0.03320	-1.00000	-1.00000	0.00263	-1.00000	-1.00000	0.00852	-1.00000	-1.00000	0.00023	-1.00000	-1.00000
8496	Gandy	Cluster	un	3702402	0.66290	-1.00000	-1.00000	0.66966	-1.00000	-1.00000	0.67666	-1.00000	-1.00000	0.00091	-1.00000	-1.00000
8509	Gandy	Cluster	un	3707276	0.06897	-1.00000	-1.00000	0.00760	-1.00000	-1.00000	0.00760	-1.00000	-1.00000	0.00012	-1.00000	-1.00000
8510	Gandy	Cluster	un	3708091	0.10495	-1.00000	-1.00000	0.01335	-1.00000	-1.00000	0.05025	-1.00000	-1.00000	0.00031	-1.00000	-1.00000
8520	Gandy	Cluster	un	3711881	0.00251	-1.00000	-1.00000	0.00009	-1.00000	-1.00000	0.00508	-1.00000	-1.00000	0.00014	-1.00000	-1.00000
8525	Gandy	Cluster	un	3715051	-0.00746	-1.00000	-1.00000	-0.00220	-1.00000	-1.00000	0.02813	-1.00000	-1.00000	0.00059	-1.00000	-1.00000
8533	Gandy	Cluster	un	3719070	0.03114	-1.00000	-1.00000	0.00229	-1.00000	-1.00000	0.00018	-1.00000	-1.00000	0.00014	-1.00000	-1.00000
8536	Gandy	Cluster	un	3720776	0.74782	-1.00000	-1.00000	0.68984	-1.00000	-1.00000	0.69565	-1.00000	-1.00000	0.00090	-1.00000	-1.00000
8539	Gandy	Cluster	un	3723260	0.08538	-1.00000	-1.00000	0.01066	-1.00000	-1.00000	0.00535	-1.00000	-1.00000	0.00026	-1.00000	-1.00000
8542	Gandy	Cluster	un	3724977	0.03448	-1.00000	-1.00000	0.00246	-1.00000	-1.00000	0.00246	-1.00000	-1.00000	0.00007	-1.00000	-1.00000
8551	Gandy	Cluster	un	3730025	0.00251	-1.00000	-1.00000	0.00009	-1.00000	-1.00000	0.00508	-1.00000	-1.00000	0.00015	-1.00000	-1.00000
8552	Gandy	Cluster	un	3730715	1.00000	-1.00000	-1.00000	1.00000	-1.00000	-1.00000	1.00000	-1.00000	-1.00000	0.00117	-1.00000	-1.00000
8559	Gandy	Cluster	un	3733903	-0.00000	-1.00000	-1.00000	-0.00000	-1.00000	-1.00000	-0.00000	-1.00000	-1.00000	0.00004	-1.00000	-1.00000
8565	Gandy	Cluster	un	3736348	0.00000	-1.00000	-1.00000	0.00000	-1.00000	-1.00000	0.00508	-1.00000	-1.00000	0.00011	-1.00000	-1.00000
8583	Gandy	Cluster	un	3744426	0.04000	-1.00000	-1.00000	0.00332	-1.00000	-1.00000	-0.00760	-1.00000	-1.00000	0.00033	-1.00000	-1.00000
8595	Gandy	Cluster	un	3751131	0.04420	-1.00000	-1.00000	0.00354	-1.00000	-1.00000	0.03064	-1.00000	-1.00000	0.00025	-1.00000	-1.00000
8596	Gandy	Cluster	un	3751946	0.88967	-1.00000	-1.00000	0.88967	-1.00000	-1.00000	0.88993	-1.00000	-1.00000	0.00106	-1.00000	-1.00000
8598	Gandy	Cluster	un	3753572	0.00561	-1.00000	-1.00000	0.00021	-1.00000	-1.00000	0.02159	-1.00000	-1.00000	0.00021	-1.00000	-1.00000
8605	Gandy	Cluster	un	3755952	0.21731	-1.00000	-1.00000	0.07871	-1.00000	-1.00000	0.07200	-1.00000	-1.00000	0.00054	-1.00000	-1.00000
8607	Gandy	Cluster	un	3757476	0.17000	-1.00000	-1.00000	0.04685	-1.00000	-1.00000	0.02866	-1.00000	-1.00000	0.00046	-1.00000	-1.00000
8614	Gandy	Cluster	un	3759009	0.00000	-1.00000	-1.00000	0.00000	-1.00000	-1.00000	-0.01682	-1.00000	-1.00000	0.00044	-1.00000	-1.00000
8615	Gandy	Cluster	un	3759802	0.00340	-1.00000	-1.00000	0.00014	-1.00000	-1.00000	-0.01093	-1.00000	-1.00000	0.00034	-1.00000	-1.00000
8619	Gandy	Cluster	un	3761361	0.77778	-1.00000	-1.00000	0.74038	-1.00000	-1.00000	0.74487	-1.00000	-1.00000	0.00095	-1.00000	-1.00000
8628	Gandy	Cluster	un	3765507	0.10495	-1.00000	-1.00000	0.01335	-1.00000	-1.00000	0.08145	-1.00000	-1.00000	0.00037	-1.00000	-1.00000
8633	Gandy	Cluster	un	3767201	-0.01347	-1.00000	-1.00000	-0.01394	-1.00000	-1.00000	-0.02138	-1.00000	-1.00000	0.00080	-1.00000	-1.00000
8634	Gandy	Cluster	un	3767903	0.12382	-1.00000	-1.00000	0.07930	-1.00000	-1.00000	0.09529	-1.00000	-1.00000	0.00050	-1.00000	-1.00000
8640	Gandy	Cluster	un	3771149	0.06584	-1.00000	-1.00000	0.04621	-1.00000	-1.00000	0.05333	-1.00000	-1.00000	0.00067	-1.00000	-1.00000
8654	Gandy	Cluster	un	3778232	0.03448	-1.00000	-1.00000	0.00246	-1.00000	-1.00000	0.00246	-1.00000	-1.00000	0.00008	-1.00000	-1.00000
8669	Gandy	Cluster	un	3782258	0.15299	-1.00000	-1.00000	0.05801	-1.00000	-1.00000	0.06776	-1.00000	-1.00000	0.00052	-1.00000	-1.00000
8670	Gandy	Cluster	un	3783061	0.03114	-1.00000	-1.00000	0.00229	-1.00000	-1.00000	0.00018	-1.00000	-1.00000	0.00016	-1.00000	-1.00000
8675	Gandy	Cluster	un	3785609	-0.02407	-1.00000	-1.00000	-0.00274	-1.00000	-1.00000	-0.00795	-1.00000	-1.00000	0.00024	-1.00000	-1.00000
8686	Gandy	Cluster	un	3790478	0.00251	-1.00000	-1.00000	0.00009	-1.00000	-1.00000	0.00508	-1.00000	-1.00000	0.00012	-1.00000	-1.00000
8687	Gandy	Cluster	un	3791320	0.00000	-1.00000	-1.00000	0.00000	-1.00000	-1.00000	-0.00502	-1.00000	-1.00000	0.00020	-1.00000	-1.00000
8689	Gandy	Cluster	un	3792894	-0.03547	-1.00000	-1.00000	-0.00815	-1.00000	-1.00000	-0.00486	-1.00000	-1.00000	0.00032	-1.00000	-1.00000
8694	Gandy	Cluster	un	3794449	0.85643	-1.00000	-1.00000	0.83642	-1.00000	-1.00000	0.83844	-1.00000	-1.00000	0.00112	-1.00000	-1.00000
8696	Gandy	Cluster	un	3795221	0.17448	-1.00000	-1.00000	0.03767	-1.00000	-1.00000	0.07867	-1.00000	-1.00000	0.00036	-1.00000	-1.00000
8712	Gandy	Cluster	un	3802287	-0.00000	-1.00000	-1.00000	-0.00000	-1.00000	-1.00000	-0.00000	-1.00000	-1.00000	0.00004	-1.00000	-1.00000
8724	Gandy	Cluster	un	3807886	0.00561	-1.00000	-1.00000	0.00021	-1.00000	-1.00000	0.02159	-1.00000	-1.00000	0.00021	-1.00000	-1.00000
8727	Gandy	Cluster	un	3810245	-0.03704	-1.00000	-1.00000	-0.00275	-1.00000	-1.00000	-0.00275	-1.00000	-1.00000	0.00008	-1.00000	-1.00000
8729	Gandy	Cluster	un	3811072	0.78991	-1.00000	-1.00000	0.74853	-1.00000	-1.00000	0.71752	-1.00000	-1.00000	0.00093	-1.00000	-1.00000
8730	Gandy	Cluster	un	3811960	0.24000	-1.00000	-1.00000	0.08124	-1.00000	-1.00000	0.12954	-1.00000	-1.00000	0.00047	-1.00000	-1.00000
8735	Gandy	Cluster	un	3814390	0.81535	-1.00000	-1.00000	0.81491	-1.00000	-1.00000	0.75444	-1.00000	-1.00000	0.00104	-1.00000	-1.00000
8744	Gandy	Cluster	un	3818278	-0.03841	-1.00000	-1.00000	-0.00296	-1.00000	-1.00000	-0.00486	-1.00000	-1.00000	0.00030	-1.00000	-1.00000
8754	Gandy	Cluster	un	3823765	0.03448	-1.00000	-1.00000	0.00246	-1.00000	-1.00000	0.00246	-1.00000	-1.00000	0.00008	-1.00000	-1.00000
8756	Gandy	Cluster	un	3825370	0.00656	-1.00000	-1.00000	0.00026	-1.00000	-1.00000	-0.00000	-1.00000	-1.00000	0.00006	-1.00000	-1.00000
8757	Gandy	Cluster	un	3826123	0.23006	-1.00000	-1.00000	0.06951	-1.00000	-1.00000	0.08696	-1.00000	-1.00000	0.00037	-1.00000	-1.00000
8758	Gandy	Cluster	un	3826940	0.00561	-1.00000	-1.00000	0.00021	-1.00000	-1.00000	0.02159	-1.00000	-1.00000	0.00021	-1.00000	-1.00000
8759	Gandy	Cluster	un	3827742	0.09321	-1.00000	-1.00000	0.01269	-1.00000	-1.00000	0.01431	-1.00000	-1.00000	0.00050	-1.00000	-1.00000
8760	Gandy	Cluster	un	3828478	0.04420	-1.00000	-1.00000	0.00354	-1.00000	-1.00000	0.00705	-1.00000	-1.00000	0.00031	-1.00000	-1.00000
8761	Gandy	Cluster	un	3829267	0.04067	-1.00000	-1.00000	0.00302	-1.00000	-1.00000	0.01050	-1.00000	-1.00000	0.00017	-1.00000	-1.00000
8762	Gandy	Cluster	un	3830038	0.00561	-1.00000	-1.00000	0.00021	-1.00000	-1.00000	0.02159	-1.00000	-1.00000	0.00020	-1.00000	-1.00000
8764	Gandy	Cluster	un	3831643	0.04000	-1.00000	-1.00000	0.00332	-1.00000	-1.00000	-0.00760	-1.00000	-1.00000	0.00037	-1.00000	-1.00000
8765	Gandy	Cluster	un	3832429	0.20690	-1.00000	-1.00000	0.05924	-1.00000	-1.00000	0.05924	-1.00000	-1.00000	0.00027	-1.00000	-1.00000
8766	Gandy	Cluster	un	3833286	0.56522	-1.00000	-1.00000	0.44175	-1.00000	-1.00000	0.46128	-1.00000	-1.00000	0.00083	-1.00000	-1.00000
8771	Gandy	Cluster	un	3835795	0.03704	-1.00000	-1.00000	0.00284	-1.00000	-1.00000	-0.00227	-1.00000	-1.00000	0.00025	-1.00000	-1.00000
8783	Gandy	Cluster	un	3840677	-0.04348	-1.00000	-1.00000	-0.00379	-1.00000	-1.00000	-0.01366	-1.00000	-1.00000	0.00041	-1.00000	-1.00000
8791	Gandy	Cluster	un	3842929	-0.00000	-1.00000	-1.00000	-0.00000	-1.00000	-1.00000	-0.00000	-1.00000	-1.00000	0.00004	-1.00000	-1.00000
8794	Gandy	Cluster	un	3843763	0.09920	-1.00000	-1.00000	0.01304	-1.00000	-1.00000	0.02177	-1.00000	-1.00000	0.00034	-1.00000	-1.00000
8797	Gandy	Cluster	un	3846276	0.07875	-1.00000	-1.00000	0.00908	-1.00000	-1.00000	0.01894	-1.00000	-1.00000	0.00019	-1.00000	-1.00000
8814	Gandy	Cluster	un	3853457	0.03448	-1.00000	-1.00000	0.00246	-1.00000	-1.00000	0.00246	-1.00000	-1.00000	0.00009	-1.00000	-1.00000
8818	Gandy	Cluster	un	3854210	0.53309	-1.00000	-1.00000	0.38212	-1.00000	-1.00000	0.37439	-1.00000	-1.00000	0.00088	-1.00000	-1.00000
8827	Gandy	Cluster	un	3856309	0.55556	-1.00000	-1.00000	0.42553	-1.00000	-1.00000	0.41320	-1.00000	-1.00000	0.00079	-1.00000	-1.00000
8828	Gandy	Cluster	un	3857071	0.72172	-1.00000	-1.00000	0.62904	-1.00000	-1.00000	0.65065	-1.00000	-1.00000	0.00088	-1.00000	-1.00000
8834	Gandy	Cluster	un	3860194	0.23364	-1.00000	-1.00000	0.08013	-1.00000	-1.00000	0.08069	-1.00000	-1.00000	0.00035	-1.00000	-1.00000
8839	Gandy	Cluster	un	3864187	0.80569	-1.00000	-1.00000	0.80805	-1.00000	-1.00000	0.80879	-1.00000	-1.00000	0.00102	-1.00000	-1.00000
8849	Gandy	Cluster	un	3868293	0.11429	-1.00000	-1.00000	0.05498	-1.00000	-1.00000	0.05598	-1.00000	-1.00000	0.00041	-1.00000	-1.00000
8859	Gandy	Cluster	un	3873144	-0.00489	-1.00000	-1.00000	-0.00018	-1.00000	-1.00000	0.00029	-1.00000	-1.00000	0.00012	-1.00000	-1.00000
8861	Gandy	Cluster	un	3874760	0.40000	-1.00000	-1.00000	0.22680	-1.00000	-1.00000	0.22680	-1.00000	-1.00000	0.00051	-1.00000	-1.00000
8879	Gandy	Cluster	un	3882171	-0.00235	-1.00000	-1.00000	-0.00008	-1.00000	-1.00000	0.00008	-1.00000	-1.00000	0.00013	-1.00000	-1.00000
8895	Gandy	Cluster	un	3887120	-0.00000	-1.00000	-1.00000	-0.00000	-1.00000	-1.00000	-0.00000	-1.00000	-1.00000	0.00004	-1.00000	-1.00000
8896	Gandy	Cluster	un	3887927	0.09054	-1.00000	-1.00000	0.01094	-1.00000	-1.00000	0.01033	-1.00000	-1.00000	0.00013	-1.00000	-1.00000
8905	Gandy	Cluster	un	3890141	0.03448	-1.00000	-1.00000	0.00246	-1.00000	-1.00000	0.00246	-1.00000	-1.00000	0.00008	-1.00000	-1.00000
8915	Gandy	Cluster	un	3892573	-0.00000	-1.00000	-1.00000	-0.00000	-1.00000	-1.00000	-0.00000	-1.00000	-1.00000	0.00005	-1.00000	-1.00000
8917	Gandy	Cluster	un	3894079	0.67496	-1.00000	-1.00000	0.58491	-1.00000	-1.00000	0.59409	-1.00000	-1.00000	0.00087	-1.00000	-1.00000
8929	Gandy	Cluster	un	3898002	0.88796	-1.00000	-1.00000	0.87099	-1.00000	-1.00000	0.87518	-1.00000	-1.00000	0.00119	-1.00000	-1.00000
8934	Gandy	Cluster	un	3898758	0.00290	-1.00000	-1.00000	0.00011	-1.00000	-1.00000	-0.00000	-1.00000	-1.00000	0.00005	-1.00000	-1.00000
8937	Gandy	Cluster	un	3899516	0.31034	-1.00000	-1.00000	0.13433	-1.00000	-1.00000	0.13433	-1.00000	-1.00000	0.00043	-1.00000	-1.00000
8943	Gandy	Cluster	un	3902717	-0.00000	-1.00000	-1.00000	-0.00000	-1.00000	-1.00000	-0.00050	-1.00000	-1.00000	0.00027	-1.00000	-1.00000
8951	Gandy	Cluster	un	3906732	0.03448	-1.00000	-1.00000	0.00246	-1.00000	-1.00000	0.00246	-1.00000	-1.00000	0.00009	-1.00000	-1.00000
8958	Gandy	Cluster	un	3909730	0.40161	-1.00000	-1.00000	0.36506	-1.00000	-1.00000	0.34615	-1.00000	-1.00000	0.00084	-1.00000	-1.00000
8971	Gandy	Cluster	un	3913611	0.18519	-1.00000	-1.00000	0.04808	-1.00000	-1.00000	0.04260	-1.00000	-1.00000	0.00041	-1.00000	-1.00000
8983	Gandy	Cluster	un	3919261	-0.00000	-1.00000	-1.00000	-0.00000	-1.00000	-1.00000	-0.00000	-1.00000	-1.00000	0.00004	-1.00000	-1.00000
8987	Gandy	Cluster	un	3920951	0.03268	-1.00000	-1.00000	0.01404	-1.00000	-1.00000	0.00808	-1.00000	-1.00000	0.00047	-1.00000	-1.00000
8989	Gandy	Cluster	un	3921778	-0.00235	-1.00000	-1.00000	-0.00008	-1.00000	-1.00000	0.00008	-1.00000	-1.00000	0.00013	-1.00000	-1.00000
9007	Gandy	Cluster	un	3929134	0.03704	-1.00000	-1.00000	0.00284	-1.00000	-1.00000	0.00284	-1.00000	-1.00000	0.00008	-1.00000	-1.00000
9016	Gandy	Cluster	un	3933247	0.03448	-1.00000	-1.00000	0.00246	-1.00000	-1.00000	0.00246	-1.00000	-1.00000	0.00008	-1.00000	-1.00000
9020	Gandy	Cluster	un	3935608	0.10386	-1.00000	-1.00000	0.03087	-1.00000	-1.00000	0.02526	-1.00000	-1.00000	0.00040	-1.00000	-1.00000
9025	Gandy	Cluster	un	3937206	0.07875	-1.00000	-1.00000	0.00908	-1.00000	-1.00000	0.00881	-1.00000	-1.00000	0.00013	-1.00000	-1.00000
9043	Gandy	Cluster	un	3942745	0.15460	-1.00000	-1.00000	0.03162	-1.00000	-1.00000	0.04578	-1.00000	-1.00000	0.00032	-1.00000	-1.00000
9063	Gandy	Cluster	un	3955412	-0.00000	-1.00000	-1.00000	-0.00000	-1.00000	-1.00000	-0.00000	-1.00000	-1.00000	0.00004	-1.00000	-1.00000
9065	Gandy	Cluster	un	3957023	0.80895	-1.00000	-1.00000	0.78929	-1.00000	-1.00000	0.79256	-1.00000	-1.00000	0.00094	-1.00000	-1.00000
9070	Gandy	Cluster	un	3958677	-0.00315	-1.00000	-1.00000	-0.00013	-1.00000	-1.00000	-0.01039	-1.00000	-1.00000	0.00032	-1.00000	-1.00000
9074	Gandy	Cluster	un	3960446	0.00000	-1.00000	-1.00000	0.00000	-1.00000	-1.00000	-0.00000	-1.00000	-1.00000	0.00005	-1.00000	-1.00000
9075	Gandy	Cluster	un	3961207	0.07875	-1.00000	-1.00000	0.00908	-1.00000	-1.00000	0.01894	-1.00000	-1.00000	0.00021	-1.00000	-1.00000
9080	Gandy	Cluster	un	3963680	0.76261	-1.00000	-1.00000	0.68983	-1.00000	-1.00000	0.71845	-1.00000	-1.00000	0.00095	-1.00000	-1.00000
9083	Gandy	Cluster	un	3965352	0.00290	-1.00000	-1.00000	0.00011	-1.00000	-1.00000	0.00088	-1.00000	-1.00000	0.00025	-1.00000	-1.00000
9087	Gandy	Cluster	un	3967743	0.26765	-1.00000	-1.00000	0.09455	-1.00000	-1.00000	0.11315	-1.00000	-1.00000	0.00041	-1.00000	-1.00000
9091	Gandy	Cluster	un	3969324	0.03448	-1.00000	-1.00000	0.00246	-1.00000	-1.00000	0.00246	-1.00000	-1.00000	0.00009	-1.00000	-1.00000
9093	Gandy	Cluster	un	3970977	-0.02213	-1.00000	-1.00000	-0.01916	-1.00000	-1.00000	-0.02683	-1.00000	-1.00000	0.00070	-1.00000	-1.00000
9099	Gandy	Cluster	un	3974049	-0.01798	-1.00000	-1.00000	-0.00206	-1.00000	-1.00000	0.02071	-1.00000	-1.00000	0.00027	-1.00000	-1.00000
9101	Gandy	Cluster	un	3974884	0.17448	-1.00000	-1.00000	0.03767	-1.00000	-1.00000	0.07867	-1.00000	-1.00000	0.00037	-1.00000	-1.00000
9114	Gandy	Cluster	un	3982356	0.63874	-1.00000	-1.00000	0.50496	-1.00000	-1.00000	0.55838	-1.00000	-1.00000	0.00081	-1.00000	-1.00000
9126	Gandy	Cluster	un	3987191	0.05781	-1.00000	-1.00000	0.03754	-1.00000	-1.00000	0.05043	-1.00000	-1.00000	0.00056	-1.00000	-1.00000
9140	Gandy	Cluster	un	3992020	-0.00767	-1.00000	-1.00000	-0.00029	-1.00000	-1.00000	0.03472	-1.00000	-1.00000	0.00031	-1.00000	-1.00000
9152	Gandy	Cluster	un	3995871	0.37986	-1.00000	-1.00000	0.19396	-1.00000	-1.00000	0.19332	-1.00000	-1.00000	0.00052	-1.00000	-1.00000
9155	Gandy	Cluster	un	3996632	0.70923	-1.00000	-1.00000	0.66526	-1.00000	-1.00000	0.65921	-1.00000	-1.00000	0.00099	-1.00000	-1.00000
9166	Gandy	Cluster	un	4002120	0.37986	-1.00000	-1.00000	0.19396	-1.00000	-1.00000	0.21372	-1.00000	-1.00000	0.00055	-1.00000	-1.00000
9170	Gandy	Cluster	un	4003759	0.00951	-1.00000	-1.00000	0.00037	-1.00000	-1.00000	0.00691	-1.00000	-1.00000	0.00014	-1.00000	-1.00000
9177	Gandy	Cluster	un	4008441	0.00656	-1.00000	-1.00000	0.00026	-1.00000	-1.00000	0.01989	-1.00000	-1.00000	0.00030	-1.00000	-1.00000
9178	Gandy	Cluster	un	4009338	0.09834	-1.00000	-1.00000	0.01534	-1.00000	-1.00000	0.00883	-1.00000	-1.00000	0.00021	-1.00000	-1.00000
9181	Gandy	Cluster	un	4010968	0.00000	-1.00000	-1.00000	0.00000	-1.00000	-1.00000	-0.01682	-1.00000	-1.00000	0.00042	-1.00000	-1.00000
9186	Gandy	Cluster	un	4013531	0.06897	-1.00000	-1.00000	0.00760	-1.00000	-1.00000	0.00760	-1.00000	-1.00000	0.00012	-1.00000	-1.00000
9211	Gandy	Cluster	un	4027824	0.10528	-1.00000	-1.00000	0.01778	-1.00000	-1.00000	0.00499	-1.00000	-1.00000	0.00036	-1.00000	-1.00000
9215	Gandy	Cluster	un	4028658	0.00290	-1.00000	-1.00000	0.00011	-1.00000	-1.00000	0.02159	-1.00000	-1.00000	0.00022	-1.00000	-1.00000
9220	Gandy	Cluster	un	4031732	0.44000	-1.00000	-1.00000	0.27386	-1.00000	-1.00000	0.24870	-1.00000	-1.00000	0.00062	-1.00000	-1.00000
9221	Gandy	Cluster	un	4032626	0.07875	-1.00000	-1.00000	0.00908	-1.00000	-1.00000	0.01894	-1.00000	-1.00000	0.00021	-1.00000	-1.00000
9225	Gandy	Cluster	un	4034132	0.03448	-1.00000	-1.00000	0.00246	-1.00000	-1.00000	0.00246	-1.00000	-1.00000	0.00008	-1.00000	-1.00000
9227	Gandy	Cluster	un	4035749	0.96148	-1.00000	-1.00000	0.96000	-1.00000	-1.00000	0.96024	-1.00000	-1.00000	0.00121	-1.00000	-1.00000
9228	Gandy	Cluster	un	4036544	0.00340	-1.00000	-1.00000	0.00014	-1.00000	-1.00000	-0.00378	-1.00000	-1.00000	0.00039	-1.00000	-1.00000
9236	Gandy	Cluster	un	4039805	0.00251	-1.00000	-1.00000	0.00009	-1.00000	-1.00000	0.00508	-1.00000	-1.00000	0.00012	-1.00000	-1.00000
9237	Gandy	Cluster	un	4040657	-0.00000	-1.00000	-1.00000	-0.00000	-1.00000	-1.00000	-0.00000	-1.00000	-1.00000	0.00004	-1.00000	-1.00000
9238	Gandy	Cluster	un	4041465	1.00000	-1.00000	-1.00000	1.00000	-1.00000	-1.00000	1.00000	-1.00000	-1.00000	0.00124	-1.00000	-1.00000
9239	Gandy	Cluster	un	4042272	0.06470	-1.00000	-1.00000	0.00736	-1.00000	-1.00000	0.00760	-1.00000	-1.00000	0.00013	-1.00000	-1.00000
9246	Gandy	Cluster	un	4045507	0.00000	-1.00000	-1.00000	0.00000	-1.00000	-1.00000	-0.00502	-1.00000	-1.00000	0.00019	-1.00000	-1.00000
9249	Gandy	Cluster	un	4046330	0.37037	-1.00000	-1.00000	0.19332	-1.00000	-1.00000	0.17669	-1.00000	-1.00000	0.00051	-1.00000	-1.00000
9260	Gandy	Cluster	un	4051828	0.38142	-1.00000	-1.00000	0.32214	-1.00000	-1.00000	0.33530	-1.00000	-1.00000	0.00077	-1.00000	-1.00000
9270	Gandy	Cluster	un	4054183	0.04838	-1.00000	-1.00000	0.00422	-1.00000	-1.00000	0.00323	-1.00000	-1.00000	0.00042	-1.00000	-1.00000
9278	Gandy	Cluster	un	4056585	-0.00315	-1.00000	-1.00000	-0.00013	-1.00000	-1.00000	-0.01039	-1.00000	-1.00000	0.00035	-1.00000	-1.00000
9285	Gandy	Cluster	un	4060635	0.07875	-1.00000	-1.00000	0.00908	-1.00000	-1.00000	0.01894	-1.00000	-1.00000	0.00024	-1.00000	-1.00000
9287	Gandy	Cluster	un	4061336	0.19238	-1.00000	-1.00000	0.04856	-1.00000	-1.00000	0.06452	-1.00000	-1.00000	0.00031	-1.00000	-1.00000
9289	Gandy	Cluster	un	4062994	-0.03173	-1.00000	-1.00000	-0.02914	-1.00000	-1.00000	-0.02909	-1.00000	-1.00000	0.00057	-1.00000	-1.00000
9294	Gandy	Cluster	un	4065442	0.00000	-1.00000	-1.00000	0.00000	-1.00000	-1.00000	0.00508	-1.00000	-1.00000	0.00011	-1.00000	-1.00000
9315	Gandy	Cluster	un	4076260	0.33333	-1.00000	-1.00000	0.15625	-1.00000	-1.00000	0.15040	-1.00000	-1.00000	0.00055	-1.00000	-1.00000
9321	Gandy	Cluster	un	4080158	0.01630	-1.00000	-1.00000	0.01533	-1.00000	-1.00000	0.02848	-1.00000	-1.00000	0.00070	-1.00000	-1.00000
9322	Gandy	Cluster	un	4080951	0.03448	-1.00000	-1.00000	0.00246	-1.00000	-1.00000	0.00246	-1.00000	-1.00000	0.00009	-1.00000	-1.00000
9328	Gandy	Cluster	un	4085134	-0.00000	-1.00000	-1.00000	-0.00000	-1.00000	-1.00000	-0.00000	-1.00000	-1.00000	0.00004	-1.00000	-1.00000
9329	Gandy	Cluster	un	4085951	-0.02558	-1.00000	-1.00000	-0.02243	-1.00000	-1.00000	-0.02167	-1.00000	-1.00000	0.00065	-1.00000	-1.00000
9333	Gandy	Cluster	un	4086714	-0.00489	-1.00000	-1.00000	-0.00018	-1.00000	-1.00000	-0.00000	-1.00000	-1.00000	0.00004	-1.00000	-1.00000
9340	Gandy	Cluster	un	4089960	0.04067	-1.00000	-1.00000	0.00302	-1.00000	-1.00000	0.00284	-1.00000	-1.00000	0.00009	-1.00000	-1.00000
9356	Gandy	Cluster	un	4094047	0.06897	-1.00000	-1.00000	0.00760	-1.00000	-1.00000	0.00760	-1.00000	-1.00000	0.00012	-1.00000	-1.00000
9373	Gandy	Cluster	un	4098739	-0.00235	-1.00000	-1.00000	-0.00008	-1.00000	-1.00000	-0.00000	-1.00000	-1.00000	0.00004	-1.00000	-1.00000
9374	Gandy	Cluster	un	4099588	0.20818	-1.00000	-1.00000	0.05720	-1.00000	-1.00000	0.10217	-1.00000	-1.00000	0.00040	-1.00000	-1.00000
9378	Gandy	Cluster	un	4101194	0.04820	-1.00000	-1.00000	0.00374	-1.00000	-1.00000	0.03064	-1.00000	-1.00000	0.00025	-1.00000	-1.00000
9379	Gandy	Cluster	un	4101994	0.03448	-1.00000	-1.00000	0.00246	-1.00000	-1.00000	0.00246	-1.00000	-1.00000	0.00008	-1.00000	-1.00000
9381	Gandy	Cluster	un	4102809	-0.00000	-1.00000	-1.00000	-0.00000	-1.00000	-1.00000	-0.00000	-1.00000	-1.00000	0.00004	-1.00000	-1.00000
9394	Gandy	Cluster	un	4107577	0.11672	-1.00000	-1.00000	0.01853	-1.00000	-1.00000	0.03064	-1.00000	-1.00000	0.00024	-1.00000	-1.00000
9402	Gandy	Cluster	un	4112510	-0.01746	-1.00000	-1.00000	-0.01201	-1.00000	-1.00000	-0.01973	-1.00000	-1.00000	0.00063	-1.00000	-1.00000
9410	Gandy	Cluster	un	4114949	0.00951	-1.00000	-1.00000	0.00037	-1.00000	-1.00000	0.05121	-1.00000	-1.00000	0.00026	-1.00000	-1.00000
9414	Gandy	Cluster	un	4117359	0.00290	-1.00000	-1.00000	0.00011	-1.00000	-1.00000	-0.00030	-1.00000	-1.00000	0.00013	-1.00000	-1.00000
9416	Gandy	Cluster	un	4118134	1.00000	-1.00000	-1.00000	1.00000	-1.00000	-1.00000	1.00000	-1.00000	-1.00000	0.00113	-1.00000	-1.00000
9418	Gandy	Cluster	un	4119018	0.04820	-1.00000	-1.00000	0.00374	-1.00000	-1.00000	0.01220	-1.00000	-1.00000	0.00017	-1.00000	-1.00000
9419	Gandy	Cluster	un	4119871	0.08538	-1.00000	-1.00000	0.01066	-1.00000	-1.00000	0.02205	-1.00000	-1.00000	0.00022	-1.00000	-1.00000
9420	Gandy	Cluster	un	4120688	-0.03841	-1.00000	-1.00000	-0.00296	-1.00000	-1.00000	-0.00486	-1.00000	-1.00000	0.00031	-1.00000	-1.00000
9421	Gandy	Cluster	un	4121459	0.03448	-1.00000	-1.00000	0.00246	-1.00000	-1.00000	0.00246	-1.00000	-1.00000	0.00009	-1.00000	-1.00000
9422	Gandy	Cluster	un	4122209	-0.03384	-1.00000	-1.00000	-0.00662	-1.00000	-1.00000	0.00754	-1.00000	-1.00000	0.00036	-1.00000	-1.00000
9423	Gandy	Cluster	un	4122978	0.00951	-1.00000	-1.00000	0.00037	-1.00000	-1.00000	0.02512	-1.00000	-1.00000	0.00021	-1.00000	-1.00000
9424	Gandy	Cluster	un	4123847	0.13788	-1.00000	-1.00000	0.02596	-1.00000	-1.00000	0.06897	-1.00000	-1.00000	0.00035	-1.00000	-1.00000
9425	Gandy	Cluster	un	4124671	-0.00270	-1.00000	-1.00000	-0.00010	-1.00000	-1.00000	-0.00488	-1.00000	-1.00000	0.00024	-1.00000	-1.00000
9442	Gandy	Cluster	un	4129721	0.78991	-1.00000	-1.00000	0.74853	-1.00000	-1.00000	0.72315	-1.00000	-1.00000	0.00097	-1.00000	-1.00000
9449	Gandy	Cluster	un	4133047	0.00656	-1.00000	-1.00000	0.00026	-1.00000	-1.00000	0.00261	-1.00000	-1.00000	0.00026	-1.00000	-1.00000
9457	Gandy	Cluster	un	4136291	0.00951	-1.00000	-1.00000	0.00037	-1.00000	-1.00000	0.05121	-1.00000	-1.00000	0.00029	-1.00000	-1.00000
9460	Gandy	Cluster	un	4137109	-0.00000	-1.00000	-1.00000	-0.00000	-1.00000	-1.00000	-0.00000	-1.00000	-1.00000	0.00004	-1.00000	-1.00000
9479	Gandy	Cluster	un	4143580	0.00000	-1.00000	-1.00000	0.00000	-1.00000	-1.00000	-0.00502	-1.00000	-1.00000	0.00020	-1.00000	-1.00000
9481	Gandy	Cluster	un	4145212	0.08538	-1.00000	-1.00000	0.01066	-1.00000	-1.00000	0.01033	-1.00000	-1.00000	0.00016	-1.00000	-1.00000
9482	Gandy	Cluster	un	4145950	0.52811	-1.00000	-1.00000	0.40941	-1.00000	-1.00000	0.44705	-1.00000	-1.00000	0.00078	-1.00000	-1.00000
9484	Gandy	Cluster	un	4147604	0.03114	-1.00000	-1.00000	0.00229	-1.00000	-1.00000	0.00246	-1.00000	-1.00000	0.00009	-1.00000	-1.00000
9486	Gandy	Cluster	un	4149207	-0.00270	-1.00000	-1.00000	-0.00010	-1.00000	-1.00000	-0.00488	-1.00000	-1.00000	0.00026	-1.00000	-1.00000
9492	Gandy	Cluster	un	4151734	-0.00000	-1.00000	-1.00000	-0.00000	-1.00000	-1.00000	-0.00000	-1.00000	-1.00000	0.00004	-1.00000	-1.00000
9498	Gandy	Cluster	un	4154227	0.50043	-1.00000	-1.00000	0.50939	-1.00000	-1.00000	0.53552	-1.00000	-1.00000	0.00091	-1.00000	-1.00000
9500	Gandy	Cluster	un	4155664	0.20472	-1.00000	-1.00000	0.09524	-1.00000	-1.00000	0.07888	-1.00000	-1.00000	0.00053	-1.00000	-1.00000
9508	Gandy	Cluster	un	4157290	0.00251	-1.00000	-1.00000	0.00009	-1.00000	-1.00000	0.00508	-1.00000	-1.00000	0.00013	-1.00000	-1.00000
9511	Gandy	Cluster	un	4159647	0.11735	-1.00000	-1.00000	0.08585	-1.00000	-1.00000	0.12675	-1.00000	-1.00000	0.00060	-1.00000	-1.00000
9514	Gandy	Cluster	un	4161979	0.07875	-1.00000	-1.00000	0.00908	-1.00000	-1.00000	0.01894	-1.00000	-1.00000	0.00020	-1.00000	-1.00000
9521	Gandy	Cluster	un	4162819	0.07875	-1.00000	-1.00000	0.00908	-1.00000	-1.00000	0.00881	-1.00000	-1.00000	0.00013	-1.00000	-1.00000
9522	Gandy	Cluster	un	4163644	0.03114	-1.00000	-1.00000	0.00229	-1.00000	-1.00000	0.00246	-1.00000	-1.00000	0.00008	-1.00000	-1.00000
9534	Gandy	Cluster	un	4170211	0.04820	-1.00000	-1.00000	0.00374	-1.00000	-1.00000	0.03064	-1.00000	-1.00000	0.00024	-1.00000	-1.00000
9536	Gandy	Cluster	un	4171800	0.04000	-1.00000	-1.00000	0.00332	-1.00000	-1.00000	0.03064	-1.00000	-1.00000	0.00024	-1.00000	-1.00000
9542	Gandy	Cluster	un	4175717	0.96424	-1.00000	-1.00000	0.96297	-1.00000	-1.00000	0.96315	-1.00000	-1.00000	0.00122	-1.00000	-1.00000
9545	Gandy	Cluster	un	4177980	-0.03448	-1.00000	-1.00000	-0.00238	-1.00000	-1.00000	-0.00238	-1.00000	-1.00000	0.00008	-1.00000	-1.00000
9553	Gandy	Cluster	un	4181223	-0.00000	-1.00000	-1.00000	-0.00000	-1.00000	-1.00000	-0.00000	-1.00000	-1.00000	0.00004	-1.00000	-1.00000
9555	Gandy	Cluster	un	4182955	0.04420	-1.00000	-1.00000	0.00354	-1.00000	-1.00000	0.00705	-1.00000	-1.00000	0.00033	-1.00000	-1.00000
9560	Gandy	Cluster	un	4184552	0.56000	-1.00000	-1.00000	0.43299	-1.00000	-1.00000	0.41020	-1.00000	-1.00000	0.00082	-1.00000	-1.00000
9561	Gandy	Cluster	un	4185345	0.23578	-1.00000	-1.00000	0.06894	-1.00000	-1.00000	0.06376	-1.00000	-1.00000	0.00040	-1.00000	-1.00000
9562	Gandy	Cluster	un	4186214	0.50844	-1.00000	-1.00000	0.37372	-1.00000	-1.00000	0.36652	-1.00000	-1.00000	0.00071	-1.00000	-1.00000
9568	Gandy	Cluster	un	4188619	0.11672	-1.00000	-1.00000	0.01853	-1.00000	-1.00000	0.01818	-1.00000	-1.00000	0.00020	-1.00000	-1.00000
9579	Gandy	Cluster	un	4193191	0.04420	-1.00000	-1.00000	0.00354	-1.00000	-1.00000	0.00705	-1.00000	-1.00000	0.00029	-1.00000	-1.00000
9583	Gandy	Cluster	un	4194032	0.25057	-1.00000	-1.00000	0.09328	-1.00000	-1.00000	0.07826	-1.00000	-1.00000	0.00043	-1.00000	-1.00000
9594	Gandy	Cluster	un	4196603	0.00290	-1.00000	-1.00000	0.00011	-1.00000	-1.00000	0.00088	-1.00000	-1.00000	0.00026	-1.00000	-1.00000
9605	Gandy	Cluster	un	4199790	0.21590	-1.00000	-1.00000	0.19138	-1.00000	-1.00000	0.18437	-1.00000	-1.00000	0.00072	-1.00000	-1.00000
9607	Gandy	Cluster	un	4200601	0.38009	-1.00000	-1.00000	0.18506	-1.00000	-1.00000	0.23432	-1.00000	-1.00000	0.00061	-1.00000	-1.00000
9611	Gandy	Cluster	un	4202156	0.03704	-1.00000	-1.00000	0.00284	-1.00000	-1.00000	-0.00227	-1.00000	-1.00000	0.00023	-1.00000	-1.00000
9624	Gandy	Cluster	un	4208861	0.13793	-1.00000	-1.00000	0.02685	-1.00000	-1.00000	0.02685	-1.00000	-1.00000	0.00020	-1.00000	-1.00000
9625	Gandy	Cluster	un	4209684	0.07875	-1.00000	-1.00000	0.00908	-1.00000	-1.00000	0.01894	-1.00000	-1.00000	0.00020	-1.00000	-1.00000
9641	Gandy	Cluster	un	4216141	0.06920	-1.00000	-1.00000	0.00850	-1.00000	-1.00000	0.00881	-1.00000	-1.00000	0.00015	-1.00000	-1.00000
9647	Gandy	Cluster	un	4219475	0.15322	-1.00000	-1.00000	0.11779	-1.00000	-1.00000	0.16254	-1.00000	-1.00000	0.00069	-1.00000	-1.00000
9650	Gandy	Cluster	un	4221102	0.03448	-1.00000	-1.00000	0.00246	-1.00000	-1.00000	0.00246	-1.00000	-1.00000	0.00009	-1.00000	-1.00000
9659	Gandy	Cluster	un	4225888	0.13793	-1.00000	-1.00000	0.02685	-1.00000	-1.00000	0.02685	-1.00000	-1.00000	0.00020	-1.00000	-1.00000
9667	Gandy	Cluster	un	4230767	0.10345	-1.00000	-1.00000	0.01567	-1.00000	-1.00000	0.01567	-1.00000	-1.00000	0.00017	-1.00000	-1.00000
9671	Gandy	Cluster	un	4233166	0.07407	-1.00000	-1.00000	0.00881	-1.00000	-1.00000	0.00361	-1.00000	-1.00000	0.00026	-1.00000	-1.00000
9673	Gandy	Cluster	un	4234844	0.00561	-1.00000	-1.00000	0.00021	-1.00000	-1.00000	-0.00000	-1.00000	-1.00000	0.00005	-1.00000	-1.00000
9675	Gandy	Cluster	un	4235611	0.09834	-1.00000	-1.00000	0.01534	-1.00000	-1.00000	0.00883	-1.00000	-1.00000	0.00024	-1.00000	-1.00000
9676	Gandy	Cluster	un	4236400	0.00251	-1.00000	-1.00000	0.00009	-1.00000	-1.00000	0.00508	-1.00000	-1.00000	0.00012	-1.00000	-1.00000
9690	Gandy	Cluster	un	4241098	0.10345	-1.00000	-1.00000	0.01567	-1.00000	-1.00000	0.01567	-1.00000	-1.00000	0.00016	-1.00000	-1.00000
9710	Gandy	Cluster	un	4248527	0.00251	-1.00000	-1.00000	0.00009	-1.00000	-1.00000	0.00508	-1.00000	-1.00000	0.00012	-1.00000	-1.00000
9713	Gandy	Cluster	un	4250149	0.09920	-1.00000	-1.00000	0.01304	-1.00000	-1.00000	0.02597	-1.00000	-1.00000	0.00024	-1.00000	-1.00000
9718	Gandy	Cluster	un	4251760	-0.00767	-1.00000	-1.00000	-0.00029	-1.00000	-1.00000	0.03472	-1.00000	-1.00000	0.00029	-1.00000	-1.00000
9722	Gandy	Cluster	un	4253169	0.11111	-1.00000	-1.00000	0.01818	-1.00000	-1.00000	0.01818	-1.00000	-1.00000	0.00017	-1.00000	-1.00000
9723	Gandy	Cluster	un	4253996	0.13205	-1.00000	-1.00000	0.02645	-1.00000	-1.00000	0.01790	-1.00000	-1.00000	0.00026	-1.00000	-1.00000
9725	Gandy	Cluster	un	4255663	-0.00270	-1.00000	-1.00000	-0.00010	-1.00000	-1.00000	0.01069	-1.00000	-1.00000	0.00018	-1.00000	-1.00000
9731	Gandy	Cluster	un	4259752	0.64934	-1.00000	-1.00000	0.54767	-1.00000	-1.00000	0.54877	-1.00000	-1.00000	0.00094	-1.00000	-1.00000
9742	Gandy	Cluster	un	4262858	0.10528	-1.00000	-1.00000	0.01778	-1.00000	-1.00000	0.01034	-1.00000	-1.00000	0.00024	-1.00000	-1.00000
9751	Gandy	Cluster	un	4266199	0.00340	-1.00000	-1.00000	0.00014	-1.00000	-1.00000	-0.00378	-1.00000	-1.00000	0.00041	-1.00000	-1.00000
9769	Gandy	Cluster	un	4274206	0.01622	-1.00000	-1.00000	0.01247	-1.00000	-1.00000	-0.00209	-1.00000	-1.00000	0.00065	-1.00000	-1.00000
9775	Gandy	Cluster	un	4276606	0.54634	-1.00000	-1.00000	0.54999	-1.00000	-1.00000	0.54877	-1.00000	-1.00000	0.00091	-1.00000	-1.00000
9777	Gandy	Cluster	un	4278124	0.16296	-1.00000	-1.00000	0.15827	-1.00000	-1.00000	0.15827	-1.00000	-1.00000	0.00062	-1.00000	-1.00000
9785	Gandy	Cluster	un	4281364	0.09054	-1.00000	-1.00000	0.01094	-1.00000	-1.00000	0.01033	-1.00000	-1.00000	0.00015	-1.00000	-1.00000
9787	Gandy	Cluster	un	4282149	0.00290	-1.00000	-1.00000	0.00011	-1.00000	-1.00000	0.00088	-1.00000	-1.00000	0.00026	-1.00000	-1.00000
9792	Gandy	Cluster	un	4284530	0.00251	-1.00000	-1.00000	0.00009	-1.00000	-1.00000	0.00508	-1.00000	-1.00000	0.00013	-1.00000	-1.00000
9795	Gandy	Cluster	un	4286886	0.00561	-1.00000	-1.00000	0.00021	-1.00000	-1.00000	0.02159	-1.00000	-1.00000	0.00020	-1.00000	-1.00000
9800	Gandy	Cluster	un	4288511	0.60000	-1.00000	-1.00000	0.48980	-1.00000	-1.00000	0.46853	-1.00000	-1.00000	0.00084	-1.00000	-1.00000
9810	Gandy	Cluster	un	4292651	0.08696	-1.00000	-1.00000	0.01227	-1.00000	-1.00000	-0.00578	-1.00000	-1.00000	0.00051	-1.00000	-1.00000
9821	Gandy	Cluster	un	4295903	-0.03795	-1.00000	-1.00000	-0.00293	-1.00000	-1.00000	0.01733	-1.00000	-1.00000	0.00024	-1.00000	-1.00000
9825	Gandy	Cluster	un	4296754	0.15460	-1.00000	-1.00000	0.03162	-1.00000	-1.00000	0.04578	-1.00000	-1.00000	0.00027	-1.00000	-1.00000
9830	Gandy	Cluster	un	4299179	0.00951	-1.00000	-1.00000	0.00037	-1.00000	-1.00000	0.02512	-1.00000	-1.00000	0.00021	-1.00000	-1.00000
9851	Gandy	Cluster	un	4305090	-0.00000	-1.00000	-1.00000	-0.00000	-1.00000	-1.00000	-0.00000	-1.00000	-1.00000	0.00004	-1.00000	-1.00000
9860	Gandy	Cluster	un	4309155	0.03704	-1.00000	-1.00000	0.00284	-1.00000	-1.00000	-0.00227	-1.00000	-1.00000	0.00023	-1.00000	-1.00000
9868	Gandy	Cluster	un	4312196	0.05304	-1.00000	-1.00000	0.00446	-1.00000	-1.00000	0.06452	-1.00000	-1.00000	0.00033	-1.00000	-1.00000
9869	Gandy	Cluster	un	4313004	0.29493	-1.00000	-1.00000	0.29709	-1.00000	-1.00000	0.27629	-1.00000	-1.00000	0.00088	-1.00000	-1.00000
9884	Gandy	Cluster	un	4318245	0.23364	-1.00000	-1.00000	0.08013	-1.00000	-1.00000	0.08069	-1.00000	-1.00000	0.00030	-1.00000	-1.00000
9886	Gandy	Cluster	un	4319148	0.20818	-1.00000	-1.00000	0.05720	-1.00000	-1.00000	0.06938	-1.00000	-1.00000	0.00046	-1.00000	-1.00000
9887	Gandy	Cluster	un	4319954	0.41595	-1.00000	-1.00000	0.31603	-1.00000	-1.00000	0.35816	-1.00000	-1.00000	0.00076	-1.00000	-1.00000
9893	Gandy	Cluster	un	4324769	0.07875	-1.00000	-1.00000	0.00908	-1.00000	-1.00000	0.00881	-1.00000	-1.00000	0.00013	-1.00000	-1.00000
9895	Gandy	Cluster	un	4326385	1.00000	-1.00000	-1.00000	1.00000	-1.00000	-1.00000	1.00000	-1.00000	-1.00000	0.00125	-1.00000	-1.00000
9902	Gandy	Cluster	un	4328719	0.07875	-1.00000	-1.00000	0.00908	-1.00000	-1.00000	0.00881	-1.00000	-1.00000	0.00018	-1.00000	-1.00000
9903	Gandy	Cluster	un	4329324	0.12643	-1.00000	-1.00000	0.02178	-1.00000	-1.00000	0.05900	-1.00000	-1.00000	0.00029	-1.00000	-1.00000
9908	Gandy	Cluster	un	4331857	-0.00235	-1.00000	-1.00000	-0.00008	-1.00000	-1.00000	-0.00000	-1.00000	-1.00000	0.00004	-1.00000	-1.00000
9914	Gandy	Cluster	un	4336635	0.13263	-1.00000	-1.00000	0.02215	-1.00000	-1.00000	0.05900	-1.00000	-1.00000	0.00042	-1.00000	-1.00000
9917	Gandy	Cluster	un	4337272	-0.00489	-1.00000	-1.00000	-0.00018	-1.00000	-1.00000	0.01104	-1.00000	-1.00000	0.00019	-1.00000	-1.00000
9922	Gandy	Cluster	un	4340657	-0.03684	-1.00000	-1.00000	-0.00273	-1.00000	-1.00000	0.00061	-1.00000	-1.00000	0.00016	-1.00000	-1.00000
9926	Gandy	Cluster	un	4343883	0.03448	-1.00000	-1.00000	0.00246	-1.00000	-1.00000	0.00246	-1.00000	-1.00000	0.00010	-1.00000	-1.00000
9927	Gandy	Cluster	un	4344566	0.27333	-1.00000	-1.00000	0.16295	-1.00000	-1.00000	0.24855	-1.00000	-1.00000	0.00062	-1.00000	-1.00000
9928	Gandy	Cluster	un	4345440	0.19238	-1.00000	-1.00000	0.04856	-1.00000	-1.00000	0.06452	-1.00000	-1.00000	0.00030	-1.00000	-1.00000
9929	Gandy	Cluster	un	4346323	0.00656	-1.00000	-1.00000	0.00026	-1.00000	-1.00000	0.00261	-1.00000	-1.00000	0.00029	-1.00000	-1.00000
9939	Gandy	Cluster	un	4347886	0.00251	-1.00000	-1.00000	0.00009	-1.00000	-1.00000	-0.00000	-1.00000	-1.00000	0.00004	-1.00000	-1.00000
9944	Gandy	Cluster	un	4350224	0.49567	-1.00000	-1.00000	0.47841	-1.00000	-1.00000	0.51955	-1.00000	-1.00000	0.00086	-1.00000	-1.00000
9949	Gandy	Cluster	un	4351066	0.03448	-1.00000	-1.00000	0.00246	-1.00000	-1.00000	0.00246	-1.00000	-1.00000	0.00008	-1.00000	-1.00000
9951	Gandy	Cluster	un	4351862	0.48796	-1.00000	-1.00000	0.36966	-1.00000	-1.00000	0.35299	-1.00000	-1.00000	0.00081	-1.00000	-1.00000
9957	Gandy	Cluster	un	4355006	0.07875	-1.00000	-1.00000	0.00908	-1.00000	-1.00000	0.01894	-1.00000	-1.00000	0.00020	-1.00000	-1.00000
9958	Gandy	Cluster	un	4355853	0.07087	-1.00000	-1.00000	0.02436	-1.00000	-1.00000	0.06282	-1.00000	-1.00000	0.00046	-1.00000	-1.00000
9964	Gandy	Cluster	un	4360833	0.00251	-1.00000	-1.00000	0.00009	-1.00000	-1.00000	-0.00000	-1.00000	-1.00000	0.00004	-1.00000	-1.00000
9965	Gandy	Cluster	un	4361659	0.08696	-1.00000	-1.00000	0.01227	-1.00000	-1.00000	-0.00706	-1.00000	-1.00000	0.00048	-1.00000	-1.00000
9967	Gandy	Cluster	un	4362431	0.00251	-1.00000	-1.00000	0.00009	-1.00000	-1.00000	0.00508	-1.00000	-1.00000	0.00012	-1.00000	-1.00000
9972	Gandy	Cluster	un	4364772	0.05304	-1.00000	-1.00000	0.00446	-1.00000	-1.00000	0.06452	-1.00000	-1.00000	0.00032	-1.00000	-1.00000
9984	Gandy	Cluster	un	4370357	-0.00235	-1.00000	-1.00000	-0.00008	-1.00000	-1.00000	-0.00000	-1.00000	-1.00000	0.00004	-1.00000	-1.00000
9997	Gandy	Cluster	un	4375124	0.09834	-1.00000	-1.00000	0.01534	-1.00000	-1.00000	0.00883	-1.00000	-1.00000	0.00023	-1.00000	-1.00000
9998	Gandy	Cluster	un	4375963	0.26765	-1.00000	-1.00000	0.09455	-1.00000	-1.00000	0.11315	-1.00000	-1.00000	0.00040	-1.00000	-1.00000
10003	Gandy	Cluster	un	4379000	0.00995	-1.00000	-1.00000	0.00177	-1.00000	-1.00000	0.00075	-1.00000	-1.00000	0.00041	-1.00000	-1.00000
10004	Gandy	Cluster	un	4379939	-0.03841	-1.00000	-1.00000	-0.00296	-1.00000	-1.00000	-0.00486	-1.00000	-1.00000	0.00030	-1.00000	-1.00000
10013	Gandy	Cluster	un	4384753	-0.00000	-1.00000	-1.00000	-0.00000	-1.00000	-1.00000	-0.01068	-1.00000	-1.00000	0.00032	-1.00000	-1.00000
10015	Gandy	Cluster	un	4386357	0.06897	-1.00000	-1.00000	0.00760	-1.00000	-1.00000	0.00760	-1.00000	-1.00000	0.00013	-1.00000	-1.00000
10018	Gandy	Cluster	un	4387958	0.19970	-1.00000	-1.00000	0.05872	-1.00000	-1.00000	0.04666	-1.00000	-1.00000	0.00043	-1.00000	-1.00000
10035	Gandy	Cluster	un	4394223	0.06897	-1.00000	-1.00000	0.00760	-1.00000	-1.00000	0.00760	-1.00000	-1.00000	0.00012	-1.00000	-1.00000
10052	Gandy	Cluster	un	4402079	-0.04000	-1.00000	-1.00000	-0.04167	-1.00000	-1.00000	-0.04577	-1.00000	-1.00000	0.00130	-1.00000	-1.00000
10053	Gandy	Cluster	un	4402531	0.03555	-1.00000	-1.00000	0.03423	-1.00000	-1.00000	0.02754	-1.00000	-1.00000	0.00075	-1.00000	-1.00000
10056	Gandy	Cluster	un	4403362	0.00251	-1.00000	-1.00000	0.00009	-1.00000	-1.00000	-0.00000	-1.00000	-1.00000	0.00004	-1.00000	-1.00000
10062	Gandy	Cluster	un	4406004	-0.00235	-1.00000	-1.00000	-0.00008	-1.00000	-1.00000	-0.00000	-1.00000	-1.00000	0.00004	-1.00000	-1.00000
10064	Gandy	Cluster	un	4406868	0.07875	-1.00000	-1.00000	0.00908	-1.00000	-1.00000	0.01894	-1.00000	-1.00000	0.00021	-1.00000	-1.00000
10065	Gandy	Cluster	un	4407664	0.11111	-1.00000	-1.00000	0.01818	-1.00000	-1.00000	0.01289	-1.00000	-1.00000	0.00034	-1.00000	-1.00000
10070	Gandy	Cluster	un	4410192	0.04820	-1.00000	-1.00000	0.00374	-1.00000	-1.00000	0.01220	-1.00000	-1.00000	0.00020	-1.00000	-1.00000
10074	Gandy	Cluster	un	4411762	0.00251	-1.00000	-1.00000	0.00009	-1.00000	-1.00000	-0.00000	-1.00000	-1.00000	0.00003	-1.00000	-1.00000
10076	Gandy	Cluster	un	4412811	-0.02357	-1.00000	-1.00000	-0.00673	-1.00000	-1.00000	0.01876	-1.00000	-1.00000	0.00041	-1.00000	-1.00000
10077	Gandy	Cluster	un	4413610	0.03114	-1.00000	-1.00000	0.00229	-1.00000	-1.00000	0.00018	-1.00000	-1.00000	0.00016	-1.00000	-1.00000
10085	Gandy	Cluster	un	4418282	0.33518	-1.00000	-1.00000	0.13430	-1.00000	-1.00000	0.22408	-1.00000	-1.00000	0.00056	-1.00000	-1.00000
10099	Gandy	Cluster	un	4422521	0.42051	-1.00000	-1.00000	0.22818	-1.00000	-1.00000	0.27621	-1.00000	-1.00000	0.00056	-1.00000	-1.00000
10110	Gandy	Cluster	un	4428273	0.02291	-1.00000	-1.00000	0.02326	-1.00000	-1.00000	0.05073	-1.00000	-1.00000	0.00073	-1.00000	-1.00000
10120	Gandy	Cluster	un	4434245	-0.00489	-1.00000	-1.00000	-0.00018	-1.00000	-1.00000	0.01104	-1.00000	-1.00000	0.00018	-1.00000	-1.00000
10135	Gandy	Cluster	un	4440663	0.03555	-1.00000	-1.00000	0.00306	-1.00000	-1.00000	-0.00925	-1.00000	-1.00000	0.00034	-1.00000	-1.00000
10136	Gandy	Cluster	un	4441536	0.66462	-1.00000	-1.00000	0.64502	-1.00000	-1.00000	0.62493	-1.00000	-1.00000	0.00099	-1.00000	-1.00000
10142	Gandy	Cluster	un	4444394	0.07875	-1.00000	-1.00000	0.00908	-1.00000	-1.00000	0.01894	-1.00000	-1.00000	0.00020	-1.00000	-1.00000
10146	Gandy	Cluster	un	4445992	0.00251	-1.00000	-1.00000	0.00009	-1.00000	-1.00000	-0.00000	-1.00000	-1.00000	0.00005	-1.00000	-1.00000
10147	Gandy	Cluster	un	4446740	0.63874	-1.00000	-1.00000	0.50496	-1.00000	-1.00000	0.53714	-1.00000	-1.00000	0.00079	-1.00000	-1.00000
10149	Gandy	Cluster	un	4447598	-0.00489	-1.00000	-1.00000	-0.00018	-1.00000	-1.00000	-0.00000	-1.00000	-1.00000	0.00004	-1.00000	-1.00000
10160	Gandy	Cluster	un	4453349	-0.00000	-1.00000	-1.00000	-0.00000	-1.00000	-1.00000	-0.00000	-1.00000	-1.00000	0.00004	-1.00000	-1.00000
10165	Gandy	Cluster	un	4454204	0.09920	-1.00000	-1.00000	0.01304	-1.00000	-1.00000	0.04448	-1.00000	-1.00000	0.00039	-1.00000	-1.00000
10179	Gandy	Cluster	un	4463234	0.07875	-1.00000	-1.00000	0.00908	-1.00000	-1.00000	0.00881	-1.00000	-1.00000	0.00015	-1.00000	-1.00000
10193	Gandy	Cluster	un	4468126	-0.04000	-1.00000	-1.00000	-0.00321	-1.00000	-1.00000	-0.00914	-1.00000	-1.00000	0.00022	-1.00000	-1.00000
10198	Gandy	Cluster	un	4471488	0.13043	-1.00000	-1.00000	0.02542	-1.00000	-1.00000	0.00637	-1.00000	-1.00000	0.00055	-1.00000	-1.00000
10210	Gandy	Cluster	un	4476176	0.19845	-1.00000	-1.00000	0.04545	-1.00000	-1.00000	0.12678	-1.00000	-1.00000	0.00045	-1.00000	-1.00000
10229	Gandy	Cluster	un	4483322	0.32990	-1.00000	-1.00000	0.14561	-1.00000	-1.00000	0.19576	-1.00000	-1.00000	0.00056	-1.00000	-1.00000
10230	Gandy	Cluster	un	4484102	0.03448	-1.00000	-1.00000	0.00246	-1.00000	-1.00000	0.00246	-1.00000	-1.00000	0.00008	-1.00000	-1.00000
10231	Gandy	Cluster	un	4484966	0.03448	-1.00000	-1.00000	0.00246	-1.00000	-1.00000	0.00246	-1.00000	-1.00000	0.00009	-1.00000	-1.00000
10232	Gandy	Cluster	un	4485724	0.00951	-1.00000	-1.00000	0.00037	-1.00000	-1.00000	0.05121	-1.00000	-1.00000	0.00030	-1.00000	-1.00000
10261	Gandy	Cluster	un	4498115	0.46785	-1.00000	-1.00000	0.27111	-1.00000	-1.00000	0.35334	-1.00000	-1.00000	0.00072	-1.00000	-1.00000
10267	Gandy	Cluster	un	4501221	-0.02884	-1.00000	-1.00000	-0.01029	-1.00000	-1.00000	-0.01560	-1.00000	-1.00000	0.00051	-1.00000	-1.00000
10271	Gandy	Cluster	un	4502791	0.03448	-1.00000	-1.00000	0.00246	-1.00000	-1.00000	0.00246	-1.00000	-1.00000	0.00008	-1.00000	-1.00000
10280	Gandy	Cluster	un	4506022	0.15460	-1.00000	-1.00000	0.03162	-1.00000	-1.00000	0.04578	-1.00000	-1.00000	0.00030	-1.00000	-1.00000
10282	Gandy	Cluster	un	4506809	0.41361	-1.00000	-1.00000	0.22006	-1.00000	-1.00000	0.21459	-1.00000	-1.00000	0.00063	-1.00000	-1.00000
10284	Gandy	Cluster	un	4508350	0.00656	-1.00000	-1.00000	0.00026	-1.00000	-1.00000	0.01989	-1.00000	-1.00000	0.00035	-1.00000	-1.00000
10285	Gandy	Cluster	un	4509134	0.04465	-1.00000	-1.00000	0.04508	-1.00000	-1.00000	0.03187	-1.00000	-1.00000	0.00078	-1.00000	-1.00000
10287	Gandy	Cluster	un	4509956	0.35402	-1.00000	-1.00000	0.26146	-1.00000	-1.00000	0.26146	-1.00000	-1.00000	0.00065	-1.00000	-1.00000
10288	Gandy	Cluster	un	4510729	0.02912	-1.00000	-1.00000	0.00239	-1.00000	-1.00000	-0.00468	-1.00000	-1.00000	0.00030	-1.00000	-1.00000
10289	Gandy	Cluster	un	4511555	0.00529	-1.00000	-1.00000	0.00526	-1.00000	-1.00000	-0.00209	-1.00000	-1.00000	0.00067	-1.00000	-1.00000
10296	Gandy	Cluster	un	4512393	-0.00235	-1.00000	-1.00000	-0.00008	-1.00000	-1.00000	-0.00000	-1.00000	-1.00000	0.00004	-1.00000	-1.00000
10299	Gandy	Cluster	un	4513882	0.00951	-1.00000	-1.00000	0.00037	-1.00000	-1.00000	0.02512	-1.00000	-1.00000	0.00022	-1.00000	-1.00000
10302	Gandy	Cluster	un	4514693	0.00290	-1.00000	-1.00000	0.00011	-1.00000	-1.00000	0.00088	-1.00000	-1.00000	0.00025	-1.00000	-1.00000
10306	Gandy	Cluster	un	4517112	-0.03704	-1.00000	-1.00000	-0.00275	-1.00000	-1.00000	-0.00786	-1.00000	-1.00000	0.00023	-1.00000	-1.00000
10308	Gandy	Cluster	un	4518762	-0.00000	-1.00000	-1.00000	-0.00000	-1.00000	-1.00000	-0.00000	-1.00000	-1.00000	0.00004	-1.00000	-1.00000
10324	Gandy	Cluster	un	4524368	0.06897	-1.00000	-1.00000	0.00760	-1.00000	-1.00000	0.00760	-1.00000	-1.00000	0.00013	-1.00000	-1.00000
10325	Gandy	Cluster	un	4525116	-0.00489	-1.00000	-1.00000	-0.00018	-1.00000	-1.00000	0.01104	-1.00000	-1.00000	0.00019	-1.00000	-1.00000
10326	Gandy	Cluster	un	4525985	0.13793	-1.00000	-1.00000	0.02685	-1.00000	-1.00000	0.02685	-1.00000	-1.00000	0.00021	-1.00000	-1.00000
10330	Gandy	Cluster	un	4527535	0.36000	-1.00000	-1.00000	0.18367	-1.00000	-1.00000	0.19594	-1.00000	-1.00000	0.00059	-1.00000	-1.00000
10342	Gandy	Cluster	un	4530679	0.03448	-1.00000	-1.00000	0.00246	-1.00000	-1.00000	0.00246	-1.00000	-1.00000	0.00008	-1.00000	-1.00000
10345	Gandy	Cluster	un	4531465	0.70488	-1.00000	-1.00000	0.62851	-1.00000	-1.00000	0.63278	-1.00000	-1.00000	0.00103	-1.00000	-1.00000
10346	Gandy	Cluster	un	4532215	0.07875	-1.00000	-1.00000	0.00908	-1.00000	-1.00000	0.00881	-1.00000	-1.00000	0.00014	-1.00000	-1.00000
10355	Gandy	Cluster	un	4538197	-0.03975	-1.00000	-1.00000	-0.00319	-1.00000	-1.00000	0.01151	-1.00000	-1.00000	0.00038	-1.00000	-1.00000
10361	Gandy	Cluster	un	4540409	0.19238	-1.00000	-1.00000	0.04856	-1.00000	-1.00000	0.06452	-1.00000	-1.00000	0.00032	-1.00000	-1.00000
10379	Gandy	Cluster	un	4548011	0.06897	-1.00000	-1.00000	0.00760	-1.00000	-1.00000	0.00760	-1.00000	-1.00000	0.00013	-1.00000	-1.00000
10392	Gandy	Cluster	un	4552695	0.07407	-1.00000	-1.00000	0.00881	-1.00000	-1.00000	0.01894	-1.00000	-1.00000	0.00021	-1.00000	-1.00000
10411	Gandy	Cluster	un	4559843	0.04820	-1.00000	-1.00000	0.00374	-1.00000	-1.00000	0.03064	-1.00000	-1.00000	0.00026	-1.00000	-1.00000
10418	Gandy	Cluster	un	4561461	0.77105	-1.00000	-1.00000	0.74023	-1.00000	-1.00000	0.72572	-1.00000	-1.00000	0.00092	-1.00000	-1.00000
10420	Gandy	Cluster	un	4563101	0.03448	-1.00000	-1.00000	0.00246	-1.00000	-1.00000	0.00246	-1.00000	-1.00000	0.00008	-1.00000	-1.00000
10421	Gandy	Cluster	un	4563943	0.00340	-1.00000	-1.00000	0.00014	-1.00000	-1.00000	-0.00378	-1.00000	-1.00000	0.00040	-1.00000	-1.00000
10434	Gandy	Cluster	un	4569410	0.04067	-1.00000	-1.00000	0.00302	-1.00000	-1.00000	0.00284	-1.00000	-1.00000	0.00010	-1.00000	-1.00000
10461	Gandy	Cluster	un	4579824	0.00251	-1.00000	-1.00000	0.00009	-1.00000	-1.00000	-0.00000	-1.00000	-1.00000	0.00004	-1.00000	-1.00000
10464	Gandy	Cluster	un	4580639	0.00561	-1.00000	-1.00000	0.00021	-1.00000	-1.00000	0.02159	-1.00000	-1.00000	0.00019	-1.00000	-1.00000
10465	Gandy	Cluster	un	4581512	0.37986	-1.00000	-1.00000	0.19396	-1.00000	-1.00000	0.21372	-1.00000	-1.00000	0.00051	-1.00000	-1.00000
10466	Gandy	Cluster	un	4582361	0.00290	-1.00000	-1.00000	0.00011	-1.00000	-1.00000	0.02159	-1.00000	-1.00000	0.00021	-1.00000	-1.00000
10468	Gandy	Cluster	un	4583167	-0.00000	-1.00000	-1.00000	-0.00000	-1.00000	-1.00000	-0.00000	-1.00000	-1.00000	0.00004	-1.00000	-1.00000
10479	Gandy	Cluster	un	4586403	0.00000	-1.00000	-1.00000	0.00000	-1.00000	-1.00000	-0.00000	-1.00000	-1.00000	0.00005	-1.00000	-1.00000
10481	Gandy	Cluster	un	4587193	0.06897	-1.00000	-1.00000	0.00760	-1.00000	-1.00000	0.00760	-1.00000	-1.00000	0.00013	-1.00000	-1.00000
10499	Gandy	Cluster	un	4594124	0.04067	-1.00000	-1.00000	0.00302	-1.00000	-1.00000	0.01050	-1.00000	-1.00000	0.00017	-1.00000	-1.00000
10510	Gandy	Cluster	un	4598214	0.13793	-1.00000	-1.00000	0.02685	-1.00000	-1.00000	0.02685	-1.00000	-1.00000	0.00021	-1.00000	-1.00000
10521	Gandy	Cluster	un	4606603	-0.03921	-1.00000	-1.00000	-0.00654	-1.00000	-1.00000	0.00976	-1.00000	-1.00000	0.00046	-1.00000	-1.00000
10525	Gandy	Cluster	un	4608193	0.00290	-1.00000	-1.00000	0.00011	-1.00000	-1.00000	0.00088	-1.00000	-1.00000	0.00027	-1.00000	-1.00000
10534	Gandy	Cluster	un	4612857	1.00000	-1.00000	-1.00000	1.00000	-1.00000	-1.00000	1.00000	-1.00000	-1.00000	0.00125	-1.00000	-1.00000
10537	Gandy	Cluster	un	4614447	-0.03032	-1.00000	-1.00000	-0.00389	-1.00000	-1.00000	-0.01404	-1.00000	-1.00000	0.00043	-1.00000	-1.00000
10542	Gandy	Cluster	un	4617698	0.62963	-1.00000	-1.00000	0.53125	-1.00000	-1.00000	0.52213	-1.00000	-1.00000	0.00083	-1.00000	-1.00000
10548	Gandy	Cluster	un	4621503	0.27018	-1.00000	-1.00000	0.21071	-1.00000	-1.00000	0.21881	-1.00000	-1.00000	0.00072	-1.00000	-1.00000
10549	Gandy	Cluster	un	4622330	-0.00000	-1.00000	-1.00000	-0.00000	-1.00000	-1.00000	-0.00000	-1.00000	-1.00000	0.00004	-1.00000	-1.00000
10554	Gandy	Cluster	un	4624628	0.29006	-1.00000	-1.00000	0.09910	-1.00000	-1.00000	0.09700	-1.00000	-1.00000	0.00040	-1.00000	-1.00000
10559	Gandy	Cluster	un	4625994	-0.00000	-1.00000	-1.00000	-0.00000	-1.00000	-1.00000	-0.00000	-1.00000	-1.00000	0.00004	-1.00000	-1.00000
10562	Gandy	Cluster	un	4627697	0.13447	-1.00000	-1.00000	0.05404	-1.00000	-1.00000	0.05718	-1.00000	-1.00000	0.00051	-1.00000	-1.00000
10568	Gandy	Cluster	un	4629321	0.03114	-1.00000	-1.00000	0.00229	-1.00000	-1.00000	0.00018	-1.00000	-1.00000	0.00016	-1.00000	-1.00000
10572	Gandy	Cluster	un	4630890	0.03114	-1.00000	-1.00000	0.00229	-1.00000	-1.00000	0.00018	-1.00000	-1.00000	0.00015	-1.00000	-1.00000
10593	Gandy	Cluster	un	4638104	0.24887	-1.00000	-1.00000	0.08190	-1.00000	-1.00000	0.09532	-1.00000	-1.00000	0.00047	-1.00000	-1.00000
10600	Gandy	Cluster	un	4642842	0.28070	-1.00000	-1.00000	0.09850	-1.00000	-1.00000	0.15157	-1.00000	-1.00000	0.00050	-1.00000	-1.00000
10613	Gandy	Cluster	un	4646839	0.00340	-1.00000	-1.00000	0.00014	-1.00000	-1.00000	-0.00378	-1.00000	-1.00000	0.00036	-1.00000	-1.00000
10614	Gandy	Cluster	un	4647689	-0.00270	-1.00000	-1.00000	-0.00010	-1.00000	-1.00000	-0.00488	-1.00000	-1.00000	0.00028	-1.00000	-1.00000
10615	Gandy	Cluster	un	4648433	0.04820	-1.00000	-1.00000	0.00374	-1.00000	-1.00000	0.03064	-1.00000	-1.00000	0.00024	-1.00000	-1.00000
10626	Gandy	Cluster	un	4653072	0.39533	-1.00000	-1.00000	0.35893	-1.00000	-1.00000	0.39120	-1.00000	-1.00000	0.00078	-1.00000	-1.00000
10638	Gandy	Cluster	un	4657829	0.00251	-1.00000	-1.00000	0.00009	-1.00000	-1.00000	0.00508	-1.00000	-1.00000	0.00012	-1.00000	-1.00000
10640	Gandy	Cluster	un	4659472	1.00000	-1.00000	-1.00000	1.00000	-1.00000	-1.00000	0.97472	-1.00000	-1.00000	0.00108	-1.00000	-1.00000
10643	Gandy	Cluster	un	4661208	0.44696	-1.00000	-1.00000	0.45234	-1.00000	-1.00000	0.48608	-1.00000	-1.00000	0.00093	-1.00000	-1.00000
10648	Gandy	Cluster	un	4664501	0.28945	-1.00000	-1.00000	0.11138	-1.00000	-1.00000	0.12556	-1.00000	-1.00000	0.00052	-1.00000	-1.00000
10652	Gandy	Cluster	un	4666951	-0.00000	-1.00000	-1.00000	-0.00000	-1.00000	-1.00000	-0.00000	-1.00000	-1.00000	0.00004	-1.00000	-1.00000
10661	Gandy	Cluster	un	4670246	-0.00000	-1.00000	-1.00000	-0.00000	-1.00000	-1.00000	-0.00000	-1.00000	-1.00000	0.00004	-1.00000	-1.00000
10665	Gandy	Cluster	un	4671973	0.26765	-1.00000	-1.00000	0.09455	-1.00000	-1.00000	0.11315	-1.00000	-1.00000	0.00040	-1.00000	-1.00000
10673	Gandy	Cluster	un	4675855	0.00290	-1.00000	-1.00000	0.00011	-1.00000	-1.00000	0.00088	-1.00000	-1.00000	0.00026	-1.00000	-1.00000
10676	Gandy	Cluster	un	4677456	0.10528	-1.00000	-1.00000	0.01778	-1.00000	-1.00000	0.01818	-1.00000	-1.00000	0.00018	-1.00000	-1.00000
10682	Gandy	Cluster	un	4679935	0.08000	-1.00000	-1.00000	0.01033	-1.00000	-1.00000	0.01033	-1.00000	-1.00000	0.00015	-1.00000	-1.00000
10686	Gandy	Cluster	un	4680698	0.00000	-1.00000	-1.00000	0.00000	-1.00000	-1.00000	0.00508	-1.00000	-1.00000	0.00013	-1.00000	-1.00000
10690	Gandy	Cluster	un	4683186	0.25744	-1.00000	-1.00000	0.08247	-1.00000	-1.00000	0.10158	-1.00000	-1.00000	0.00038	-1.00000	-1.00000
10704	Gandy	Cluster	un	4687698	0.01149	-1.00000	-1.00000	0.00760	-1.00000	-1.00000	0.00760	-1.00000	-1.00000	0.00046	-1.00000	-1.00000
10710	Gandy	Cluster	un	4689445	0.72414	-1.00000	-1.00000	0.66571	-1.00000	-1.00000	0.66571	-1.00000	-1.00000	0.00092	-1.00000	-1.00000
10711	Gandy	Cluster	un	4690240	0.01214	-1.00000	-1.00000	0.01243	-1.00000	-1.00000	0.06757	-1.00000	-1.00000	0.00077	-1.00000	-1.00000
10739	Gandy	Cluster	un	4703132	0.04420	-1.00000	-1.00000	0.00354	-1.00000	-1.00000	0.00705	-1.00000	-1.00000	0.00029	-1.00000	-1.00000
10740	Gandy	Cluster	un	4703974	0.03555	-1.00000	-1.00000	0.00306	-1.00000	-1.00000	-0.01045	-1.00000	-1.00000	0.00039	-1.00000	-1.00000
10742	Gandy	Cluster	un	4705694	0.59664	-1.00000	-1.00000	0.44335	-1.00000	-1.00000	0.50512	-1.00000	-1.00000	0.00081	-1.00000	-1.00000
10746	Gandy	Cluster	un	4707299	-0.00000	-1.00000	-1.00000	-0.00000	-1.00000	-1.00000	-0.00000	-1.00000	-1.00000	0.00004	-1.00000	-1.00000
10749	Gandy	Cluster	un	4709002	0.17448	-1.00000	-1.00000	0.03767	-1.00000	-1.00000	0.03670	-1.00000	-1.00000	0.00026	-1.00000	-1.00000
10750	Gandy	Cluster	un	4709734	0.21411	-1.00000	-1.00000	0.06834	-1.00000	-1.00000	0.08696	-1.00000	-1.00000	0.00037	-1.00000	-1.00000
10752	Gandy	Cluster	un	4711373	0.10495	-1.00000	-1.00000	0.01335	-1.00000	-1.00000	0.05025	-1.00000	-1.00000	0.00031	-1.00000	-1.00000
10755	Gandy	Cluster	un	4712741	0.25744	-1.00000	-1.00000	0.08247	-1.00000	-1.00000	0.12954	-1.00000	-1.00000	0.00043	-1.00000	-1.00000
10759	Gandy	Cluster	un	4714289	0.04966	-1.00000	-1.00000	0.03596	-1.00000	-1.00000	0.04057	-1.00000	-1.00000	0.00067	-1.00000	-1.00000
10762	Gandy	Cluster	un	4716644	0.45155	-1.00000	-1.00000	0.39724	-1.00000	-1.00000	0.45412	-1.00000	-1.00000	0.00085	-1.00000	-1.00000
10771	Gandy	Cluster	un	4719050	0.03448	-1.00000	-1.00000	0.00246	-1.00000	-1.00000	0.00246	-1.00000	-1.00000	0.00009	-1.00000	-1.00000
10776	Gandy	Cluster	un	4721379	-0.00000	-1.00000	-1.00000	-0.00000	-1.00000	-1.00000	-0.00607	-1.00000	-1.00000	0.00027	-1.00000	-1.00000
10777	Gandy	Cluster	un	4722177	0.12000	-1.00000	-1.00000	0.02135	-1.00000	-1.00000	0.01520	-1.00000	-1.00000	0.00037	-1.00000	-1.00000
10778	Gandy	Cluster	un	4722887	0.00251	-1.00000	-1.00000	0.00009	-1.00000	-1.00000	0.00508	-1.00000	-1.00000	0.00012	-1.00000	-1.00000
10781	Gandy	Cluster	un	4724461	0.09054	-1.00000	-1.00000	0.01094	-1.00000	-1.00000	0.04304	-1.00000	-1.00000	0.00030	-1.00000	-1.00000
10786	Gandy	Cluster	un	4726032	0.03448	-1.00000	-1.00000	0.00246	-1.00000	-1.00000	0.00246	-1.00000	-1.00000	0.00008	-1.00000	-1.00000
10789	Gandy	Cluster	un	4727708	-0.03755	-1.00000	-1.00000	-0.01680	-1.00000	-1.00000	-0.03554	-1.00000	-1.00000	0.00058	-1.00000	-1.00000
10791	Gandy	Cluster	un	4729476	0.35895	-1.00000	-1.00000	0.17354	-1.00000	-1.00000	0.22857	-1.00000	-1.00000	0.00060	-1.00000	-1.00000
10793	Gandy	Cluster	un	4730255	0.16584	-1.00000	-1.00000	0.04086	-1.00000	-1.00000	0.04132	-1.00000	-1.00000	0.00023	-1.00000	-1.00000
10797	Gandy	Cluster	un	4731931	0.17448	-1.00000	-1.00000	0.03767	-1.00000	-1.00000	0.05342	-1.00000	-1.00000	0.00034	-1.00000	-1.00000
10799	Gandy	Cluster	un	4732661	0.20818	-1.00000	-1.00000	0.05720	-1.00000	-1.00000	0.06938	-1.00000	-1.00000	0.00052	-1.00000	-1.00000
10805	Gandy	Cluster	un	4734982	0.00340	-1.00000	-1.00000	0.00014	-1.00000	-1.00000	-0.00601	-1.00000	-1.00000	0.00021	-1.00000	-1.00000
10813	Gandy	Cluster	un	4738174	0.04820	-1.00000	-1.00000	0.00374	-1.00000	-1.00000	0.01220	-1.00000	-1.00000	0.00024	-1.00000	-1.00000
10823	Gandy	Cluster	un	4742767	0.20818	-1.00000	-1.00000	0.05720	-1.00000	-1.00000	0.05660	-1.00000	-1.00000	0.00027	-1.00000	-1.00000
10824	Gandy	Cluster	un	4743634	0.05748	-1.00000	-1.00000	0.00467	-1.00000	-1.00000	0.06452	-1.00000	-1.00000	0.00028	-1.00000	-1.00000
10828	Gandy	Cluster	un	4746210	0.03704	-1.00000	-1.00000	0.00284	-1.00000	-1.00000	-0.00227	-1.00000	-1.00000	0.00025	-1.00000	-1.00000
10838	Gandy	Cluster	un	4750205	0.13793	-1.00000	-1.00000	0.02685	-1.00000	-1.00000	0.02685	-1.00000	-1.00000	0.00020	-1.00000	-1.00000
10846	Gandy	Cluster	un	4754296	0.12000	-1.00000	-1.00000	0.02135	-1.00000	-1.00000	0.00976	-1.00000	-1.00000	0.00044	-1.00000	-1.00000
10857	Gandy	Cluster	un	4759495	0.36000	-1.00000	-1.00000	0.18367	-1.00000	-1.00000	0.16813	-1.00000	-1.00000	0.00071	-1.00000	-1.00000
10862	Gandy	Cluster	un	4761905	-0.00767	-1.00000	-1.00000	-0.00029	-1.00000	-1.00000	0.03472	-1.00000	-1.00000	0.00029	-1.00000	-1.00000
10869	Gandy	Cluster	un	4764983	0.03704	-1.00000	-1.00000	0.00284	-1.00000	-1.00000	-0.00227	-1.00000	-1.00000	0.00023	-1.00000	-1.00000
10871	Gandy	Cluster	un	4765784	0.27098	-1.00000	-1.00000	0.09781	-1.00000	-1.00000	0.08528	-1.00000	-1.00000	0.00060	-1.00000	-1.00000
10874	Gandy	Cluster	un	4767167	0.05499	-1.00000	-1.00000	0.01797	-1.00000	-1.00000	0.03024	-1.00000	-1.00000	0.00039	-1.00000	-1.00000
10883	Gandy	Cluster	un	4770343	0.30515	-1.00000	-1.00000	0.12370	-1.00000	-1.00000	0.12308	-1.00000	-1.00000	0.00041	-1.00000	-1.00000
10886	Gandy	Cluster	un	4772743	0.09920	-1.00000	-1.00000	0.01304	-1.00000	-1.00000	0.01227	-1.00000	-1.00000	0.00016	-1.00000	-1.00000
10891	Gandy	Cluster	un	4773527	0.11672	-1.00000	-1.00000	0.01853	-1.00000	-1.00000	0.03064	-1.00000	-1.00000	0.00023	-1.00000	-1.00000
10895	Gandy	Cluster	un	4775295	0.13793	-1.00000	-1.00000	0.02685	-1.00000	-1.00000	0.02685	-1.00000	-1.00000	0.00021	-1.00000	-1.00000
10896	Gandy	Cluster	un	4776083	0.20818	-1.00000	-1.00000	0.05720	-1.00000	-1.00000	0.06938	-1.00000	-1.00000	0.00044	-1.00000	-1.00000
10897	Gandy	Cluster	un	4776915	0.38009	-1.00000	-1.00000	0.18506	-1.00000	-1.00000	0.23432	-1.00000	-1.00000	0.00053	-1.00000	-1.00000
10901	Gandy	Cluster	un	4779364	0.00251	-1.00000	-1.00000	0.00009	-1.00000	-1.00000	0.00508	-1.00000	-1.00000	0.00013	-1.00000	-1.00000
10906	Gandy	Cluster	un	4780934	0.73324	-1.00000	-1.00000	0.68945	-1.00000	-1.00000	0.67377	-1.00000	-1.00000	0.00083	-1.00000	-1.00000
10910	Gandy	Cluster	un	4782661	-0.00270	-1.00000	-1.00000	-0.00010	-1.00000	-1.00000	0.01069	-1.00000	-1.00000	0.00021	-1.00000	-1.00000
10919	Gandy	Cluster	un	4785820	0.06470	-1.00000	-1.00000	0.00736	-1.00000	-1.00000	0.00300	-1.00000	-1.00000	0.00021	-1.00000	-1.00000
10933	Gandy	Cluster	un	4789744	0.10495	-1.00000	-1.00000	0.01335	-1.00000	-1.00000	0.08145	-1.00000	-1.00000	0.00042	-1.00000	-1.00000
10935	Gandy	Cluster	un	4791276	0.88507	-1.00000	-1.00000	0.88102	-1.00000	-1.00000	0.88114	-1.00000	-1.00000	0.00105	-1.00000	-1.00000
10937	Gandy	Cluster	un	4792944	0.00251	-1.00000	-1.00000	0.00009	-1.00000	-1.00000	0.00508	-1.00000	-1.00000	0.00013	-1.00000	-1.00000
10939	Gandy	Cluster	un	4793741	0.21608	-1.00000	-1.00000	0.05772	-1.00000	-1.00000	0.10217	-1.00000	-1.00000	0.00039	-1.00000	-1.00000
10943	Gandy	Cluster	un	4795130	0.48148	-1.00000	-1.00000	0.32500	-1.00000	-1.00000	0.31886	-1.00000	-1.00000	0.00068	-1.00000	-1.00000
10955	Gandy	Cluster	un	4799955	0.23078	-1.00000	-1.00000	0.08046	-1.00000	-1.00000	0.06511	-1.00000	-1.00000	0.00041	-1.00000	-1.00000
10961	Gandy	Cluster	un	4803793	0.03114	-1.00000	-1.00000	0.00229	-1.00000	-1.00000	0.00018	-1.00000	-1.00000	0.00016	-1.00000	-1.00000
10965	Gandy	Cluster	un	4805412	0.04820	-1.00000	-1.00000	0.00374	-1.00000	-1.00000	0.03064	-1.00000	-1.00000	0.00024	-1.00000	-1.00000
10967	Gandy	Cluster	un	4806247	0.32530	-1.00000	-1.00000	0.13366	-1.00000	-1.00000	0.13208	-1.00000	-1.00000	0.00035	-1.00000	-1.00000
10968	Gandy	Cluster	un	4807203	0.04067	-1.00000	-1.00000	0.00302	-1.00000	-1.00000	0.00284	-1.00000	-1.00000	0.00009	-1.00000	-1.00000
10976	Gandy	Cluster	un	4812765	0.00000	-1.00000	-1.00000	0.00000	-1.00000	-1.00000	-0.01276	-1.00000	-1.00000	0.00041	-1.00000	-1.00000
10978	Gandy	Cluster	un	4814380	0.22677	-1.00000	-1.00000	0.06831	-1.00000	-1.00000	0.11957	-1.00000	-1.00000	0.00044	-1.00000	-1.00000
10982	Gandy	Cluster	un	4817421	0.03320	-1.00000	-1.00000	0.00263	-1.00000	-1.00000	0.00852	-1.00000	-1.00000	0.00024	-1.00000	-1.00000
10985	Gandy	Cluster	un	4820014	0.00251	-1.00000	-1.00000	0.00009	-1.00000	-1.00000	-0.00000	-1.00000	-1.00000	0.00004	-1.00000	-1.00000
10987	Gandy	Cluster	un	4820832	0.10077	-1.00000	-1.00000	0.10409	-1.00000	-1.00000	0.08596	-1.00000	-1.00000	0.00076	-1.00000	-1.00000
10988	Gandy	Cluster	un	4821666	0.07875	-1.00000	-1.00000	0.00908	-1.00000	-1.00000	0.01894	-1.00000	-1.00000	0.00019	-1.00000	-1.00000
10991	Gandy	Cluster	un	4822549	0.04067	-1.00000	-1.00000	0.00302	-1.00000	-1.00000	0.01050	-1.00000	-1.00000	0.00017	-1.00000	-1.00000
10995	Gandy	Cluster	un	4824141	0.11111	-1.00000	-1.00000	0.01818	-1.00000	-1.00000	0.01818	-1.00000	-1.00000	0.00017	-1.00000	-1.00000
10996	Gandy	Cluster	un	4824964	-0.00235	-1.00000	-1.00000	-0.00008	-1.00000	-1.00000	-0.00000	-1.00000	-1.00000	0.00004	-1.00000	-1.00000
11014	Gandy	Cluster	un	4829667	-0.03279	-1.00000	-1.00000	-0.00386	-1.00000	-1.00000	0.03483	-1.00000	-1.00000	0.00033	-1.00000	-1.00000
11023	Gandy	Cluster	un	4833767	0.32377	-1.00000	-1.00000	0.15551	-1.00000	-1.00000	0.13182	-1.00000	-1.00000	0.00061	-1.00000	-1.00000
11029	Gandy	Cluster	un	4836148	0.33873	-1.00000	-1.00000	0.33047	-1.00000	-1.00000	0.34523	-1.00000	-1.00000	0.00088	-1.00000	-1.00000
11031	Gandy	Cluster	un	4837636	0.11639	-1.00000	-1.00000	0.09595	-1.00000	-1.00000	0.10863	-1.00000	-1.00000	0.00067	-1.00000	-1.00000
11035	Gandy	Cluster	un	4839981	0.04067	-1.00000	-1.00000	0.00302	-1.00000	-1.00000	0.00284	-1.00000	-1.00000	0.00009	-1.00000	-1.00000
11049	Gandy	Cluster	un	4842292	0.11672	-1.00000	-1.00000	0.01853	-1.00000	-1.00000	0.03064	-1.00000	-1.00000	0.00024	-1.00000	-1.00000
11050	Gandy	Cluster	un	4843116	-0.00000	-1.00000	-1.00000	-0.00000	-1.00000	-1.00000	-0.00000	-1.00000	-1.00000	0.00004	-1.00000	-1.00000
11059	Gandy	Cluster	un	4845606	-0.00000	-1.00000	-1.00000	-0.00000	-1.00000	-1.00000	-0.00607	-1.00000	-1.00000	0.00026	-1.00000	-1.00000
11067	Gandy	Cluster	un	4848102	-0.00000	-1.00000	-1.00000	-0.00000	-1.00000	-1.00000	-0.00607	-1.00000	-1.00000	0.00026	-1.00000	-1.00000
11068	Gandy	Cluster	un	4848949	0.34483	-1.00000	-1.00000	0.16641	-1.00000	-1.00000	0.16641	-1.00000	-1.00000	0.00043	-1.00000	-1.00000
11069	Gandy	Cluster	un	4849806	-0.00000	-1.00000	-1.00000	-0.00000	-1.00000	-1.00000	-0.00000	-1.00000	-1.00000	0.00004	-1.00000	-1.00000
11088	Gandy	Cluster	un	4856008	0.11111	-1.00000	-1.00000	0.01818	-1.00000	-1.00000	0.01069	-1.00000	-1.00000	0.00041	-1.00000	-1.00000
11089	Gandy	Cluster	un	4856496	0.03114	-1.00000	-1.00000	0.00229	-1.00000	-1.00000	0.00018	-1.00000	-1.00000	0.00016	-1.00000	-1.00000
11096	Gandy	Cluster	un	4860371	0.02382	-1.00000	-1.00000	0.00187	-1.00000	-1.00000	0.00246	-1.00000	-1.00000	0.00009	-1.00000	-1.00000
11100	Gandy	Cluster	un	4861946	0.20192	-1.00000	-1.00000	0.20204	-1.00000	-1.00000	0.25928	-1.00000	-1.00000	0.00073	-1.00000	-1.00000
11110	Gandy	Cluster	un	4866960	0.29006	-1.00000	-1.00000	0.09910	-1.00000	-1.00000	0.18781	-1.00000	-1.00000	0.00051	-1.00000	-1.00000
11115	Gandy	Cluster	un	4869458	0.63840	-1.00000	-1.00000	0.53160	-1.00000	-1.00000	0.54259	-1.00000	-1.00000	0.00080	-1.00000	-1.00000
11118	Gandy	Cluster	un	4871791	0.15460	-1.00000	-1.00000	0.03162	-1.00000	-1.00000	0.03120	-1.00000	-1.00000	0.00023	-1.00000	-1.00000
11131	Gandy	Cluster	un	4875882	0.07436	-1.00000	-1.00000	0.00994	-1.00000	-1.00000	0.00445	-1.00000	-1.00000	0.00038	-1.00000	-1.00000
11134	Gandy	Cluster	un	4878382	0.08538	-1.00000	-1.00000	0.01066	-1.00000	-1.00000	0.01033	-1.00000	-1.00000	0.00013	-1.00000	-1.00000
11139	Gandy	Cluster	un	4880137	0.00561	-1.00000	-1.00000	0.00021	-1.00000	-1.00000	0.00589	-1.00000	-1.00000	0.00012	-1.00000	-1.00000
11143	Gandy	Cluster	un	4882686	0.10495	-1.00000	-1.00000	0.01335	-1.00000	-1.00000	0.08145	-1.00000	-1.00000	0.00035	-1.00000	-1.00000
11150	Gandy	Cluster	un	4885938	-0.00000	-1.00000	-1.00000	-0.00000	-1.00000	-1.00000	-0.00000	-1.00000	-1.00000	0.00004	-1.00000	-1.00000
11155	Gandy	Cluster	un	4887561	0.13205	-1.00000	-1.00000	0.02645	-1.00000	-1.00000	0.01790	-1.00000	-1.00000	0.00026	-1.00000	-1.00000
11158	Gandy	Cluster	un	4889208	0.84324	-1.00000	-1.00000	0.80536	-1.00000	-1.00000	0.82043	-1.00000	-1.00000	0.00113	-1.00000	-1.00000
11161	Gandy	Cluster	un	4891528	0.27586	-1.00000	-1.00000	0.10573	-1.00000	-1.00000	0.10573	-1.00000	-1.00000	0.00042	-1.00000	-1.00000
11162	Gandy	Cluster	un	4892249	0.03555	-1.00000	-1.00000	0.00306	-1.00000	-1.00000	-0.01045	-1.00000	-1.00000	0.00040	-1.00000	-1.00000
11165	Gandy	Cluster	un	4893861	-0.01535	-1.00000	-1.00000	-0.00987	-1.00000	-1.00000	-0.02472	-1.00000	-1.00000	0.00065	-1.00000	-1.00000
11171	Gandy	Cluster	un	4896224	0.00000	-1.00000	-1.00000	0.00000	-1.00000	-1.00000	0.00508	-1.00000	-1.00000	0.00012	-1.00000	-1.00000
11173	Gandy	Cluster	un	4897083	0.14815	-1.00000	-1.00000	0.03120	-1.00000	-1.00000	0.04578	-1.00000	-1.00000	0.00028	-1.00000	-1.00000
11175	Gandy	Cluster	un	4898783	0.03320	-1.00000	-1.00000	0.00263	-1.00000	-1.00000	-0.00303	-1.00000	-1.00000	0.00022	-1.00000	-1.00000
11187	Gandy	Cluster	un	4903674	-0.01869	-1.00000	-1.00000	-0.00558	-1.00000	-1.00000	0.02514	-1.00000	-1.00000	0.00039	-1.00000	-1.00000
11189	Gandy	Cluster	un	4904565	0.17241	-1.00000	-1.00000	0.04132	-1.00000	-1.00000	0.04132	-1.00000	-1.00000	0.00026	-1.00000	-1.00000
11195	Gandy	Cluster	un	4907817	0.00251	-1.00000	-1.00000	0.00009	-1.00000	-1.00000	0.00508	-1.00000	-1.00000	0.00012	-1.00000	-1.00000
11197	Gandy	Cluster	un	4908629	0.00290	-1.00000	-1.00000	0.00011	-1.00000	-1.00000	-0.00518	-1.00000	-1.00000	0.00022	-1.00000	-1.00000
11199	Gandy	Cluster	un	4910187	0.41707	-1.00000	-1.00000	0.23467	-1.00000	-1.00000	0.25402	-1.00000	-1.00000	0.00070	-1.00000	-1.00000
11212	Gandy	Cluster	un	4915721	0.21951	-1.00000	-1.00000	0.12641	-1.00000	-1.00000	0.13815	-1.00000	-1.00000	0.00062	-1.00000	-1.00000
11222	Gandy	Cluster	un	4922124	0.28070	-1.00000	-1.00000	0.09850	-1.00000	-1.00000	0.11524	-1.00000	-1.00000	0.00050	-1.00000	-1.00000
11234	Gandy	Cluster	un	4926875	0.00290	-1.00000	-1.00000	0.00011	-1.00000	-1.00000	0.00088	-1.00000	-1.00000	0.00027	-1.00000	-1.00000
11239	Gandy	Cluster	un	4929297	-0.01798	-1.00000	-1.00000	-0.00206	-1.00000	-1.00000	0.02071	-1.00000	-1.00000	0.00029	-1.00000	-1.00000
11243	Gandy	Cluster	un	4931631	0.04067	-1.00000	-1.00000	0.00302	-1.00000	-1.00000	0.00284	-1.00000	-1.00000	0.00009	-1.00000	-1.00000
11256	Gandy	Cluster	un	4935790	0.00561	-1.00000	-1.00000	0.00021	-1.00000	-1.00000	0.00589	-1.00000	-1.00000	0.00013	-1.00000	-1.00000
11257	Gandy	Cluster	un	4936643	0.00251	-1.00000	-1.00000	0.00009	-1.00000	-1.00000	0.00508	-1.00000	-1.00000	0.00013	-1.00000	-1.00000
11260	Gandy	Cluster	un	4937439	0.22581	-1.00000	-1.00000	0.14583	-1.00000	-1.00000	0.14196	-1.00000	-1.00000	0.00082	-1.00000	-1.00000
11263	Gandy	Cluster	un	4939816	-0.00235	-1.00000	-1.00000	-0.00008	-1.00000	-1.00000	-0.00000	-1.00000	-1.00000	0.00004	-1.00000	-1.00000
11268	Gandy	Cluster	un	4941194	-0.00000	-1.00000	-1.00000	-0.00000	-1.00000	-1.00000	-0.00000	-1.00000	-1.00000	0.00004	-1.00000	-1.00000
11275	Gandy	Cluster	un	4944564	0.06470	-1.00000	-1.00000	0.00736	-1.00000	-1.00000	0.00760	-1.00000	-1.00000	0.00014	-1.00000	-1.00000
11298	Gandy	Cluster	un	4953855	0.21608	-1.00000	-1.00000	0.05772	-1.00000	-1.00000	0.10217	-1.00000	-1.00000	0.00044	-1.00000	-1.00000
11300	Gandy	Cluster	un	4954620	-0.04000	-1.00000	-1.00000	-0.00321	-1.00000	-1.00000	-0.00914	-1.00000	-1.00000	0.00026	-1.00000	-1.00000
11312	Gandy	Cluster	un	4958611	0.00000	-1.00000	-1.00000	0.00000	-1.00000	-1.00000	-0.01682	-1.00000	-1.00000	0.00040	-1.00000	-1.00000
11319	Gandy	Cluster	un	4960343	-0.00565	-1.00000	-1.00000	-0.00022	-1.00000	-1.00000	-0.00000	-1.00000	-1.00000	0.00005	-1.00000	-1.00000
11324	Gandy	Cluster	un	4962413	-0.03975	-1.00000	-1.00000	-0.00319	-1.00000	-1.00000	0.04125	-1.00000	-1.00000	0.00036	-1.00000	-1.00000
11327	Gandy	Cluster	un	4963945	-0.00000	-1.00000	-1.00000	-0.00000	-1.00000	-1.00000	-0.00000	-1.00000	-1.00000	0.00005	-1.00000	-1.00000
11330	Gandy	Cluster	un	4965531	-0.00000	-1.00000	-1.00000	-0.00000	-1.00000	-1.00000	-0.00000	-1.00000	-1.00000	0.00004	-1.00000	-1.00000
11334	Gandy	Cluster	un	4966365	0.02500	-1.00000	-1.00000	0.00830	-1.00000	-1.00000	0.00893	-1.00000	-1.00000	0.00031	-1.00000	-1.00000
11335	Gandy	Cluster	un	4967155	-0.00235	-1.00000	-1.00000	-0.00008	-1.00000	-1.00000	-0.00000	-1.00000	-1.00000	0.00004	-1.00000	-1.00000
11353	Gandy	Cluster	un	4972531	0.28945	-1.00000	-1.00000	0.11138	-1.00000	-1.00000	0.16077	-1.00000	-1.00000	0.00049	-1.00000	-1.00000
11356	Gandy	Cluster	un	4975002	0.00561	-1.00000	-1.00000	0.00021	-1.00000	-1.00000	0.02159	-1.00000	-1.00000	0.00021	-1.00000	-1.00000
11365	Gandy	Cluster	un	4977488	0.06897	-1.00000	-1.00000	0.00760	-1.00000	-1.00000	0.00760	-1.00000	-1.00000	0.00013	-1.00000	-1.00000
11366	Gandy	Cluster	un	4978261	-0.00565	-1.00000	-1.00000	-0.00022	-1.00000	-1.00000	-0.00429	-1.00000	-1.00000	0.00028	-1.00000	-1.00000
11368	Gandy	Cluster	un	4979873	0.00340	-1.00000	-1.00000	0.00014	-1.00000	-1.00000	-0.00378	-1.00000	-1.00000	0.00037	-1.00000	-1.00000
11371	Gandy	Cluster	un	4981504	0.00340	-1.00000	-1.00000	0.00014	-1.00000	-1.00000	-0.00378	-1.00000	-1.00000	0.00043	-1.00000	-1.00000
11374	Gandy	Cluster	un	4982227	0.23006	-1.00000	-1.00000	0.06951	-1.00000	-1.00000	0.06897	-1.00000	-1.00000	0.00030	-1.00000	-1.00000
11375	Gandy	Cluster	un	4983057	0.21608	-1.00000	-1.00000	0.05772	-1.00000	-1.00000	0.07534	-1.00000	-1.00000	0.00032	-1.00000	-1.00000
11376	Gandy	Cluster	un	4983944	0.81535	-1.00000	-1.00000	0.81491	-1.00000	-1.00000	0.77555	-1.00000	-1.00000	0.00103	-1.00000	-1.00000
11388	Gandy	Cluster	un	4988751	0.03320	-1.00000	-1.00000	0.00263	-1.00000	-1.00000	0.00284	-1.00000	-1.00000	0.00009	-1.00000	-1.00000
11394	Gandy	Cluster	un	4992105	0.00561	-1.00000	-1.00000	0.00021	-1.00000	-1.00000	0.02159	-1.00000	-1.00000	0.00019	-1.00000	-1.00000
11398	Gandy	Cluster	un	4994627	0.00444	-1.00000	-1.00000	0.00461	-1.00000	-1.00000	0.00831	-1.00000	-1.00000	0.00070	-1.00000	-1.00000
11408	Gandy	Cluster	un	4998708	-0.04000	-1.00000	-1.00000	-0.00321	-1.00000	-1.00000	-0.01405	-1.00000	-1.00000	0.00034	-1.00000	-1.00000
11427	Gandy	Cluster	un	5007609	0.00656	-1.00000	-1.00000	0.00026	-1.00000	-1.00000	0.00261	-1.00000	-1.00000	0.00027	-1.00000	-1.00000
11428	Gandy	Cluster	un	5008444	0.07407	-1.00000	-1.00000	0.00881	-1.00000	-1.00000	0.00881	-1.00000	-1.00000	0.00013	-1.00000	-1.00000
11430	Gandy	Cluster	un	5010078	0.03448	-1.00000	-1.00000	0.00246	-1.00000	-1.00000	0.00246	-1.00000	-1.00000	0.00009	-1.00000	-1.00000
11437	Gandy	Cluster	un	5014062	0.08000	-1.00000	-1.00000	0.01033	-1.00000	-1.00000	-0.00090	-1.00000	-1.00000	0.00039	-1.00000	-1.00000
11441	Gandy	Cluster	un	5015496	-0.03838	-1.00000	-1.00000	-0.03891	-1.00000	-1.00000	-0.03882	-1.00000	-1.00000	0.00073	-1.00000	-1.00000
11446	Gandy	Cluster	un	5018639	0.04820	-1.00000	-1.00000	0.00374	-1.00000	-1.00000	0.03064	-1.00000	-1.00000	0.00024	-1.00000	-1.00000
11450	Gandy	Cluster	un	5019467	-0.02913	-1.00000	-1.00000	-0.00330	-1.00000	-1.00000	-0.00232	-1.00000	-1.00000	0.00021	-1.00000	-1.00000
11456	Gandy	Cluster	un	5021007	-0.00000	-1.00000	-1.00000	-0.00000	-1.00000	-1.00000	-0.00000	-1.00000	-1.00000	0.00004	-1.00000	-1.00000
11457	Gandy	Cluster	un	5021807	0.00251	-1.00000	-1.00000	0.00009	-1.00000	-1.00000	0.00508	-1.00000	-1.00000	0.00013	-1.00000	-1.00000
11464	Gandy	Cluster	un	5025029	0.17448	-1.00000	-1.00000	0.03767	-1.00000	-1.00000	0.07867	-1.00000	-1.00000	0.00037	-1.00000	-1.00000
11472	Gandy	Cluster	un	5027456	0.78718	-1.00000	-1.00000	0.76022	-1.00000	-1.00000	0.75761	-1.00000	-1.00000	0.00101	-1.00000	-1.00000
11476	Gandy	Cluster	un	5028837	0.20818	-1.00000	-1.00000	0.05720	-1.00000	-1.00000	0.07534	-1.00000	-1.00000	0.00034	-1.00000	-1.00000
11483	Gandy	Cluster	un	5032187	0.33944	-1.00000	-1.00000	0.14624	-1.00000	-1.00000	0.19576	-1.00000	-1.00000	0.00056	-1.00000	-1.00000
11485	Gandy	Cluster	un	5033786	0.06897	-1.00000	-1.00000	0.00760	-1.00000	-1.00000	0.00760	-1.00000	-1.00000	0.00011	-1.00000	-1.00000
11489	Gandy	Cluster	un	5036417	0.10345	-1.00000	-1.00000	0.01567	-1.00000	-1.00000	0.01567	-1.00000	-1.00000	0.00016	-1.00000	-1.00000
11500	Gandy	Cluster	un	5041271	0.05748	-1.00000	-1.00000	0.00467	-1.00000	-1.00000	0.06452	-1.00000	-1.00000	0.00032	-1.00000	-1.00000
11501	Gandy	Cluster	un	5042109	0.10345	-1.00000	-1.00000	0.01567	-1.00000	-1.00000	0.01567	-1.00000	-1.00000	0.00015	-1.00000	-1.00000
11505	Gandy	Cluster	un	5043797	1.00000	-1.00000	-1.00000	1.00000	-1.00000	-1.00000	1.00000	-1.00000	-1.00000	0.00124	-1.00000	-1.00000
11508	Gandy	Cluster	un	5045479	0.11672	-1.00000	-1.00000	0.01853	-1.00000	-1.00000	0.01818	-1.00000	-1.00000	0.00018	-1.00000	-1.00000
11509	Gandy	Cluster	un	5046279	-0.03448	-1.00000	-1.00000	-0.00493	-1.00000	-1.00000	-0.00493	-1.00000	-1.00000	0.00016	-1.00000	-1.00000
11511	Gandy	Cluster	un	5047969	0.00000	-1.00000	-1.00000	0.00000	-1.00000	-1.00000	-0.01682	-1.00000	-1.00000	0.00046	-1.00000	-1.00000
11515	Gandy	Cluster	un	5049350	-0.00270	-1.00000	-1.00000	-0.00010	-1.00000	-1.00000	0.01069	-1.00000	-1.00000	0.00019	-1.00000	-1.00000
11517	Gandy	Cluster	un	5050987	0.49055	-1.00000	-1.00000	0.32499	-1.00000	-1.00000	0.30929	-1.00000	-1.00000	0.00067	-1.00000	-1.00000
11522	Gandy	Cluster	un	5053440	0.10495	-1.00000	-1.00000	0.01335	-1.00000	-1.00000	0.08145	-1.00000	-1.00000	0.00036	-1.00000	-1.00000
11526	Gandy	Cluster	un	5055819	0.03448	-1.00000	-1.00000	0.00246	-1.00000	-1.00000	0.00246	-1.00000	-1.00000	0.00008	-1.00000	-1.00000
11537	Gandy	Cluster	un	5059778	0.00251	-1.00000	-1.00000	0.00009	-1.00000	-1.00000	0.00508	-1.00000	-1.00000	0.00011	-1.00000	-1.00000
11540	Gandy	Cluster	un	5062254	0.62069	-1.00000	-1.00000	0.51740	-1.00000	-1.00000	0.51740	-1.00000	-1.00000	0.00079	-1.00000	-1.00000
11543	Gandy	Cluster	un	5063826	0.39049	-1.00000	-1.00000	0.24049	-1.00000	-1.00000	0.28996	-1.00000	-1.00000	0.00077	-1.00000	-1.00000
11550	Gandy	Cluster	un	5065313	-0.00315	-1.00000	-1.00000	-0.00013	-1.00000	-1.00000	-0.01039	-1.00000	-1.00000	0.00033	-1.00000	-1.00000
11556	Gandy	Cluster	un	5067720	0.16737	-1.00000	-1.00000	0.03722	-1.00000	-1.00000	0.07867	-1.00000	-1.00000	0.00040	-1.00000	-1.00000
11572	Gandy	Cluster	un	5073641	0.16737	-1.00000	-1.00000	0.03722	-1.00000	-1.00000	0.04771	-1.00000	-1.00000	0.00041	-1.00000	-1.00000
11575	Gandy	Cluster	un	5076046	0.02760	-1.00000	-1.00000	0.00210	-1.00000	-1.00000	0.00021	-1.00000	-1.00000	0.00018	-1.00000	-1.00000
11576	Gandy	Cluster	un	5076799	0.03704	-1.00000	-1.00000	0.00284	-1.00000	-1.00000	0.00284	-1.00000	-1.00000	0.00009	-1.00000	-1.00000
11592	Gandy	Cluster	un	5083207	-0.00781	-1.00000	-1.00000	-0.00789	-1.00000	-1.00000	0.04773	-1.00000	-1.00000	0.00066	-1.00000	-1.00000
11596	Gandy	Cluster	un	5084920	0.80631	-1.00000	-1.00000	0.77077	-1.00000	-1.00000	0.76353	-1.00000	-1.00000	0.00105	-1.00000	-1.00000
11607	Gandy	Cluster	un	5090555	0.54037	-1.00000	-1.00000	0.37872	-1.00000	-1.00000	0.41806	-1.00000	-1.00000	0.00080	-1.00000	-1.00000
11610	Gandy	Cluster	un	5092127	0.17774	-1.00000	-1.00000	0.04751	-1.00000	-1.00000	0.02999	-1.00000	-1.00000	0.00043	-1.00000	-1.00000
11616	Gandy	Cluster	un	5095239	0.09920	-1.00000	-1.00000	0.01304	-1.00000	-1.00000	0.04448	-1.00000	-1.00000	0.00045	-1.00000	-1.00000
11617	Gandy	Cluster	un	5095984	0.04820	-1.00000	-1.00000	0.00374	-1.00000	-1.00000	0.03064	-1.00000	-1.00000	0.00025	-1.00000	-1.00000
11624	Gandy	Cluster	un	5097616	0.85643	-1.00000	-1.00000	0.83642	-1.00000	-1.00000	0.83844	-1.00000	-1.00000	0.00105	-1.00000	-1.00000
11625	Gandy	Cluster	un	5098444	0.65819	-1.00000	-1.00000	0.54801	-1.00000	-1.00000	0.57423	-1.00000	-1.00000	0.00094	-1.00000	-1.00000
11626	Gandy	Cluster	un	5099191	0.04000	-1.00000	-1.00000	0.00332	-1.00000	-1.00000	0.00332	-1.00000	-1.00000	0.00009	-1.00000	-1.00000
11635	Gandy	Cluster	un	5103175	0.13451	-1.00000	-1.00000	0.03014	-1.00000	-1.00000	0.02333	-1.00000	-1.00000	0.00038	-1.00000	-1.00000
11645	Gandy	Cluster	un	5108473	0.15460	-1.00000	-1.00000	0.03162	-1.00000	-1.00000	0.03120	-1.00000	-1.00000	0.00022	-1.00000	-1.00000
11651	Gandy	Cluster	un	5113121	-0.00235	-1.00000	-1.00000	-0.00008	-1.00000	-1.00000	0.00008	-1.00000	-1.00000	0.00012	-1.00000	-1.00000
11653	Gandy	Cluster	un	5114713	0.07875	-1.00000	-1.00000	0.00908	-1.00000	-1.00000	0.00881	-1.00000	-1.00000	0.00013	-1.00000	-1.00000
11656	Gandy	Cluster	un	5115541	0.03448	-1.00000	-1.00000	0.00246	-1.00000	-1.00000	0.00246	-1.00000	-1.00000	0.00009	-1.00000	-1.00000
11658	Gandy	Cluster	un	5116312	-0.00000	-1.00000	-1.00000	-0.00000	-1.00000	-1.00000	-0.00000	-1.00000	-1.00000	0.00004	-1.00000	-1.00000
11659	Gandy	Cluster	un	5117130	0.11672	-1.00000	-1.00000	0.01853	-1.00000	-1.00000	0.03064	-1.00000	-1.00000	0.00024	-1.00000	-1.00000
11660	Gandy	Cluster	un	5117965	0.92593	-1.00000	-1.00000	0.92330	-1.00000	-1.00000	0.91785	-1.00000	-1.00000	0.00117	-1.00000	-1.00000
11663	Gandy	Cluster	un	5118765	0.31862	-1.00000	-1.00000	0.19314	-1.00000	-1.00000	0.17229	-1.00000	-1.00000	0.00062	-1.00000	-1.00000
11664	Gandy	Cluster	un	5119576	-0.03672	-1.00000	-1.00000	-0.03465	-1.00000	-1.00000	-0.03058	-1.00000	-1.00000	0.00063	-1.00000	-1.00000
11668	Gandy	Cluster	un	5122558	0.03704	-1.00000	-1.00000	0.00284	-1.00000	-1.00000	-0.00227	-1.00000	-1.00000	0.00024	-1.00000	-1.00000
11672	Gandy	Cluster	un	5124784	0.11672	-1.00000	-1.00000	0.01853	-1.00000	-1.00000	0.03064	-1.00000	-1.00000	0.00024	-1.00000	-1.00000
11673	Gandy	Cluster	un	5125609	-0.03628	-1.00000	-1.00000	-0.03178	-1.00000	-1.00000	-0.00974	-1.00000	-1.00000	0.00060	-1.00000	-1.00000
11674	Gandy	Cluster	un	5126493	0.00000	-1.00000	-1.00000	0.00000	-1.00000	-1.00000	-0.00502	-1.00000	-1.00000	0.00020	-1.00000	-1.00000
11683	Gandy	Cluster	un	5130525	0.06920	-1.00000	-1.00000	0.00850	-1.00000	-1.00000	0.01894	-1.00000	-1.00000	0.00025	-1.00000	-1.00000
11697	Gandy	Cluster	un	5137509	0.06897	-1.00000	-1.00000	0.00760	-1.00000	-1.00000	0.00760	-1.00000	-1.00000	0.00012	-1.00000	-1.00000
11699	Gandy	Cluster	un	5138334	0.10345	-1.00000	-1.00000	0.01567	-1.00000	-1.00000	0.01567	-1.00000	-1.00000	0.00016	-1.00000	-1.00000
11702	Gandy	Cluster	un	5139977	0.00340	-1.00000	-1.00000	0.00014	-1.00000	-1.00000	0.00110	-1.00000	-1.00000	0.00028	-1.00000	-1.00000
11713	Gandy	Cluster	un	5143963	0.04420	-1.00000	-1.00000	0.00354	-1.00000	-1.00000	0.00705	-1.00000	-1.00000	0.00029	-1.00000	-1.00000
11727	Gandy	Cluster	un	5151192	0.10935	-1.00000	-1.00000	0.04339	-1.00000	-1.00000	0.05923	-1.00000	-1.00000	0.00041	-1.00000	-1.00000
11740	Gandy	Cluster	un	5155045	0.04000	-1.00000	-1.00000	0.00332	-1.00000	-1.00000	-0.00760	-1.00000	-1.00000	0.00035	-1.00000	-1.00000
11744	Gandy	Cluster	un	5156613	0.03448	-1.00000	-1.00000	0.00246	-1.00000	-1.00000	0.00246	-1.00000	-1.00000	0.00008	-1.00000	-1.00000
11749	Gandy	Cluster	un	5158229	-0.00000	-1.00000	-1.00000	-0.00000	-1.00000	-1.00000	-0.00000	-1.00000	-1.00000	0.00004	-1.00000	-1.00000
11757	Gandy	Cluster	un	5162253	0.80631	-1.00000	-1.00000	0.77077	-1.00000	-1.00000	0.76451	-1.00000	-1.00000	0.00104	-1.00000	-1.00000
11764	Gandy	Cluster	un	5163996	0.20000	-1.00000	-1.00000	0.05660	-1.00000	-1.00000	0.03733	-1.00000	-1.00000	0.00051	-1.00000	-1.00000
11770	Gandy	Cluster	un	5167878	0.09834	-1.00000	-1.00000	0.01534	-1.00000	-1.00000	0.01567	-1.00000	-1.00000	0.00018	-1.00000	-1.00000
11772	Gandy	Cluster	un	5168623	0.07397	-1.00000	-1.00000	0.01997	-1.00000	-1.00000	0.01166	-1.00000	-1.00000	0.00032	-1.00000	-1.00000
11775	Gandy	Cluster	un	5170217	-0.00235	-1.00000	-1.00000	-0.00008	-1.00000	-1.00000	-0.00000	-1.00000	-1.00000	0.00004	-1.00000	-1.00000
11782	Gandy	Cluster	un	5175168	0.24000	-1.00000	-1.00000	0.08124	-1.00000	-1.00000	0.05998	-1.00000	-1.00000	0.00052	-1.00000	-1.00000
11784	Gandy	Cluster	un	5175943	0.04067	-1.00000	-1.00000	0.00302	-1.00000	-1.00000	0.01050	-1.00000	-1.00000	0.00016	-1.00000	-1.00000
11795	Gandy	Cluster	un	5181587	0.07875	-1.00000	-1.00000	0.00908	-1.00000	-1.00000	0.00881	-1.00000	-1.00000	0.00017	-1.00000	-1.00000
11797	Gandy	Cluster	un	5183008	0.00951	-1.00000	-1.00000	0.00037	-1.00000	-1.00000	0.05121	-1.00000	-1.00000	0.00029	-1.00000	-1.00000
11800	Gandy	Cluster	un	5183808	0.00251	-1.00000	-1.00000	0.00009	-1.00000	-1.00000	0.00508	-1.00000	-1.00000	0.00013	-1.00000	-1.00000
11803	Gandy	Cluster	un	5185323	0.17766	-1.00000	-1.00000	0.16375	-1.00000	-1.00000	0.12888	-1.00000	-1.00000	0.00081	-1.00000	-1.00000
11808	Gandy	Cluster	un	5186872	0.03704	-1.00000	-1.00000	0.00284	-1.00000	-1.00000	-0.00227	-1.00000	-1.00000	0.00023	-1.00000	-1.00000
11819	Gandy	Cluster	un	5192386	0.00290	-1.00000	-1.00000	0.00011	-1.00000	-1.00000	-0.00518	-1.00000	-1.00000	0.00021	-1.00000	-1.00000
11822	Gandy	Cluster	un	5193159	0.03448	-1.00000	-1.00000	0.00246	-1.00000	-1.00000	0.00246	-1.00000	-1.00000	0.00009	-1.00000	-1.00000
11837	Gandy	Cluster	un	5196226	0.00251	-1.00000	-1.00000	0.00009	-1.00000	-1.00000	0.00508	-1.00000	-1.00000	0.00011	-1.00000	-1.00000
11839	Gandy	Cluster	un	5197872	0.24449	-1.00000	-1.00000	0.06949	-1.00000	-1.00000	0.15534	-1.00000	-1.00000	0.00059	-1.00000	-1.00000
11844	Gandy	Cluster	un	5200083	0.00290	-1.00000	-1.00000	0.00011	-1.00000	-1.00000	0.00088	-1.00000	-1.00000	0.00025	-1.00000	-1.00000
11855	Gandy	Cluster	un	5204206	0.03448	-1.00000	-1.00000	0.00246	-1.00000	-1.00000	0.00246	-1.00000	-1.00000	0.00009	-1.00000	-1.00000
11858	Gandy	Cluster	un	5204989	0.13205	-1.00000	-1.00000	0.02645	-1.00000	-1.00000	0.02685	-1.00000	-1.00000	0.00020	-1.00000	-1.00000
11860	Gandy	Cluster	un	5205804	0.04420	-1.00000	-1.00000	0.00354	-1.00000	-1.00000	0.03064	-1.00000	-1.00000	0.00023	-1.00000	-1.00000
11865	Gandy	Cluster	un	5206678	0.11672	-1.00000	-1.00000	0.01853	-1.00000	-1.00000	0.01818	-1.00000	-1.00000	0.00018	-1.00000	-1.00000
11867	Gandy	Cluster	un	5208248	0.06897	-1.00000	-1.00000	0.00760	-1.00000	-1.00000	0.00760	-1.00000	-1.00000	0.00012	-1.00000	-1.00000
11872	Gandy	Cluster	un	5209825	0.13205	-1.00000	-1.00000	0.02645	-1.00000	-1.00000	0.02685	-1.00000	-1.00000	0.00022	-1.00000	-1.00000
11881	Gandy	Cluster	un	5214730	0.06897	-1.00000	-1.00000	0.00760	-1.00000	-1.00000	0.00760	-1.00000	-1.00000	0.00011	-1.00000	-1.00000
11886	Gandy	Cluster	un	5218080	0.06897	-1.00000	-1.00000	0.00760	-1.00000	-1.00000	0.00760	-1.00000	-1.00000	0.00012	-1.00000	-1.00000
11891	Gandy	Cluster	un	5221150	0.00251	-1.00000	-1.00000	0.00009	-1.00000	-1.00000	-0.00000	-1.00000	-1.00000	0.00005	-1.00000	-1.00000
11897	Gandy	Cluster	un	5223501	0.71144	-1.00000	-1.00000	0.63782	-1.00000	-1.00000	0.64526	-1.00000	-1.00000	0.00096	-1.00000	-1.00000
11901	Gandy	Cluster	un	5225893	-0.00000	-1.00000	-1.00000	-0.00000	-1.00000	-1.00000	-0.01068	-1.00000	-1.00000	0.00033	-1.00000	-1.00000
11909	Gandy	Cluster	un	5230806	-0.03704	-1.00000	-1.00000	-0.00275	-1.00000	-1.00000	-0.00019	-1.00000	-1.00000	0.00017	-1.00000	-1.00000
11920	Gandy	Cluster	un	5234859	0.00000	-1.00000	-1.00000	0.00000	-1.00000	-1.00000	-0.00713	-1.00000	-1.00000	0.00029	-1.00000	-1.00000
11929	Gandy	Cluster	un	5238834	0.05304	-1.00000	-1.00000	0.00446	-1.00000	-1.00000	0.03024	-1.00000	-1.00000	0.00040	-1.00000	-1.00000
11935	Gandy	Cluster	un	5243443	-0.00489	-1.00000	-1.00000	-0.00018	-1.00000	-1.00000	0.00029	-1.00000	-1.00000	0.00012	-1.00000	-1.00000
11936	Gandy	Cluster	un	5244274	0.00561	-1.00000	-1.00000	0.00021	-1.00000	-1.00000	0.02159	-1.00000	-1.00000	0.00022	-1.00000	-1.00000
11943	Gandy	Cluster	un	5247258	0.02760	-1.00000	-1.00000	0.00210	-1.00000	-1.00000	0.00883	-1.00000	-1.00000	0.00024	-1.00000	-1.00000
11947	Gandy	Cluster	un	5249553	0.11672	-1.00000	-1.00000	0.01853	-1.00000	-1.00000	0.03064	-1.00000	-1.00000	0.00023	-1.00000	-1.00000
11948	Gandy	Cluster	un	5250416	0.03704	-1.00000	-1.00000	0.00284	-1.00000	-1.00000	0.00284	-1.00000	-1.00000	0.00010	-1.00000	-1.00000
11969	Gandy	Cluster	un	5259283	-0.04348	-1.00000	-1.00000	-0.04289	-1.00000	-1.00000	-0.05412	-1.00000	-1.00000	0.00081	-1.00000	-1.00000
11972	Gandy	Cluster	un	5260678	0.00251	-1.00000	-1.00000	0.00009	-1.00000	-1.00000	0.00508	-1.00000	-1.00000	0.00025	-1.00000	-1.00000
11975	Gandy	Cluster	un	5261851	-0.00000	-1.00000	-1.00000	-0.00000	-1.00000	-1.00000	-0.00000	-1.00000	-1.00000	0.00004	-1.00000	-1.00000
11976	Gandy	Cluster	un	5262655	0.00251	-1.00000	-1.00000	0.00009	-1.00000	-1.00000	-0.00000	-1.00000	-1.00000	0.00008	-1.00000	-1.00000
11987	Gandy	Cluster	un	5268749	0.06897	-1.00000	-1.00000	0.00760	-1.00000	-1.00000	0.00760	-1.00000	-1.00000	0.00011	-1.00000	-1.00000
11988	Gandy	Cluster	un	5269689	0.15460	-1.00000	-1.00000	0.03162	-1.00000	-1.00000	0.04578	-1.00000	-1.00000	0.00030	-1.00000	-1.00000
11992	Gandy	Cluster	un	5270477	0.04067	-1.00000	-1.00000	0.00302	-1.00000	-1.00000	0.01050	-1.00000	-1.00000	0.00019	-1.00000	-1.00000
11993	Gandy	Cluster	un	5271179	0.24138	-1.00000	-1.00000	0.08069	-1.00000	-1.00000	0.08069	-1.00000	-1.00000	0.00035	-1.00000	-1.00000
11994	Gandy	Cluster	un	5271932	0.69565	-1.00000	-1.00000	0.62818	-1.00000	-1.00000	0.57408	-1.00000	-1.00000	0.00095	-1.00000	-1.00000
11999	Gandy	Cluster	un	5274391	-0.00489	-1.00000	-1.00000	-0.00018	-1.00000	-1.00000	0.00029	-1.00000	-1.00000	0.00012	-1.00000	-1.00000
12004	Gandy	Cluster	un	5276884	0.00561	-1.00000	-1.00000	0.00021	-1.00000	-1.00000	-0.00000	-1.00000	-1.00000	0.00004	-1.00000	-1.00000
12011	Gandy	Cluster	un	5280855	0.00000	-1.00000	-1.00000	0.00000	-1.00000	-1.00000	-0.00502	-1.00000	-1.00000	0.00017	-1.00000	-1.00000
12013	Gandy	Cluster	un	5282651	0.11672	-1.00000	-1.00000	0.01853	-1.00000	-1.00000	0.03064	-1.00000	-1.00000	0.00023	-1.00000	-1.00000
12016	Gandy	Cluster	un	5283507	0.04420	-1.00000	-1.00000	0.00354	-1.00000	-1.00000	-0.00175	-1.00000	-1.00000	0.00024	-1.00000	-1.00000
12028	Gandy	Cluster	un	5288547	0.05304	-1.00000	-1.00000	0.00446	-1.00000	-1.00000	0.03024	-1.00000	-1.00000	0.00041	-1.00000	-1.00000
12030	Gandy	Cluster	un	5289284	-0.00000	-1.00000	-1.00000	-0.00000	-1.00000	-1.00000	-0.00000	-1.00000	-1.00000	0.00004	-1.00000	-1.00000
12031	Gandy	Cluster	un	5290037	0.68000	-1.00000	-1.00000	0.60474	-1.00000	-1.00000	0.58198	-1.00000	-1.00000	0.00087	-1.00000	-1.00000
12036	Gandy	Cluster	un	5292287	0.00290	-1.00000	-1.00000	0.00011	-1.00000	-1.00000	-0.00518	-1.00000	-1.00000	0.00019	-1.00000	-1.00000
12057	Gandy	Cluster	un	5300366	-0.00000	-1.00000	-1.00000	-0.00000	-1.00000	-1.00000	-0.00000	-1.00000	-1.00000	0.00004	-1.00000	-1.00000
12062	Gandy	Cluster	un	5303824	0.00561	-1.00000	-1.00000	0.00021	-1.00000	-1.00000	0.00589	-1.00000	-1.00000	0.00014	-1.00000	-1.00000
12066	Gandy	Cluster	un	5305271	0.32530	-1.00000	-1.00000	0.13366	-1.00000	-1.00000	0.18797	-1.00000	-1.00000	0.00055	-1.00000	-1.00000
12068	Gandy	Cluster	un	5306046	0.53042	-1.00000	-1.00000	0.37820	-1.00000	-1.00000	0.38647	-1.00000	-1.00000	0.00083	-1.00000	-1.00000
12079	Gandy	Cluster	un	5311423	0.11672	-1.00000	-1.00000	0.01853	-1.00000	-1.00000	0.01818	-1.00000	-1.00000	0.00018	-1.00000	-1.00000
12087	Gandy	Cluster	un	5314670	0.00561	-1.00000	-1.00000	0.00021	-1.00000	-1.00000	0.02159	-1.00000	-1.00000	0.00022	-1.00000	-1.00000
12090	Gandy	Cluster	un	5317095	0.13205	-1.00000	-1.00000	0.02645	-1.00000	-1.00000	0.02685	-1.00000	-1.00000	0.00021	-1.00000	-1.00000
12094	Gandy	Cluster	un	5318319	0.00251	-1.00000	-1.00000	0.00009	-1.00000	-1.00000	0.00508	-1.00000	-1.00000	0.00012	-1.00000	-1.00000
12095	Gandy	Cluster	un	5319187	-0.00235	-1.00000	-1.00000	-0.00008	-1.00000	-1.00000	0.00008	-1.00000	-1.00000	0.00011	-1.00000	-1.00000
12101	Gandy	Cluster	un	5322553	0.00251	-1.00000	-1.00000	0.00009	-1.00000	-1.00000	0.00508	-1.00000	-1.00000	0.00012	-1.00000	-1.00000
12108	Gandy	Cluster	un	5327251	0.06024	-1.00000	-1.00000	0.00707	-1.00000	-1.00000	0.00934	-1.00000	-1.00000	0.00028	-1.00000	-1.00000
12118	Gandy	Cluster	un	5332175	0.12643	-1.00000	-1.00000	0.02178	-1.00000	-1.00000	0.05900	-1.00000	-1.00000	0.00032	-1.00000	-1.00000
12120	Gandy	Cluster	un	5333014	0.04067	-1.00000	-1.00000	0.00302	-1.00000	-1.00000	0.01050	-1.00000	-1.00000	0.00017	-1.00000	-1.00000
12125	Gandy	Cluster	un	5335391	0.10345	-1.00000	-1.00000	0.01567	-1.00000	-1.00000	0.01567	-1.00000	-1.00000	0.00017	-1.00000	-1.00000
12130	Gandy	Cluster	un	5337847	0.68043	-1.00000	-1.00000	0.56715	-1.00000	-1.00000	0.61204	-1.00000	-1.00000	0.00089	-1.00000	-1.00000
12137	Gandy	Cluster	un	5341121	0.82032	-1.00000	-1.00000	0.78948	-1.00000	-1.00000	0.79256	-1.00000	-1.00000	0.00108	-1.00000	-1.00000
12138	Gandy	Cluster	un	5341894	0.05748	-1.00000	-1.00000	0.00467	-1.00000	-1.00000	0.06452	-1.00000	-1.00000	0.00032	-1.00000	-1.00000
12139	Gandy	Cluster	un	5342739	0.00561	-1.00000	-1.00000	0.00021	-1.00000	-1.00000	-0.00000	-1.00000	-1.00000	0.00006	-1.00000	-1.00000
12145	Gandy	Cluster	un	5345893	0.11672	-1.00000	-1.00000	0.01853	-1.00000	-1.00000	0.03064	-1.00000	-1.00000	0.00025	-1.00000	-1.00000
12156	Gandy	Cluster	un	5352416	0.04820	-1.00000	-1.00000	0.00374	-1.00000	-1.00000	0.01220	-1.00000	-1.00000	0.00019	-1.00000	-1.00000
12165	Gandy	Cluster	un	5358025	-0.03975	-1.00000	-1.00000	-0.00319	-1.00000	-1.00000	0.01151	-1.00000	-1.00000	0.00037	-1.00000	-1.00000
12166	Gandy	Cluster	un	5358835	-0.00000	-1.00000	-1.00000	-0.00000	-1.00000	-1.00000	-0.00000	-1.00000	-1.00000	0.00004	-1.00000	-1.00000
12169	Gandy	Cluster	un	5359663	0.12000	-1.00000	-1.00000	0.06746	-1.00000	-1.00000	0.11116	-1.00000	-1.00000	0.00059	-1.00000	-1.00000
12170	Gandy	Cluster	un	5360443	0.03448	-1.00000	-1.00000	0.00246	-1.00000	-1.00000	0.00246	-1.00000	-1.00000	0.00008	-1.00000	-1.00000
12173	Gandy	Cluster	un	5362163	0.00951	-1.00000	-1.00000	0.00037	-1.00000	-1.00000	0.05121	-1.00000	-1.00000	0.00028	-1.00000	-1.00000
12176	Gandy	Cluster	un	5364375	0.58467	-1.00000	-1.00000	0.56982	-1.00000	-1.00000	0.53079	-1.00000	-1.00000	0.00090	-1.00000	-1.00000
12177	Gandy	Cluster	un	5365217	0.03448	-1.00000	-1.00000	0.00246	-1.00000	-1.00000	0.00246	-1.00000	-1.00000	0.00009	-1.00000	-1.00000
12188	Gandy	Cluster	un	5370882	0.00561	-1.00000	-1.00000	0.00021	-1.00000	-1.00000	0.02159	-1.00000	-1.00000	0.00021	-1.00000	-1.00000
12197	Gandy	Cluster	un	5374050	0.06897	-1.00000	-1.00000	0.00760	-1.00000	-1.00000	0.00760	-1.00000	-1.00000	0.00011	-1.00000	-1.00000
12208	Gandy	Cluster	un	5380753	0.00251	-1.00000	-1.00000	0.00009	-1.00000	-1.00000	-0.00000	-1.00000	-1.00000	0.00004	-1.00000	-1.00000
12209	Gandy	Cluster	un	5381556	0.57626	-1.00000	-1.00000	0.44237	-1.00000	-1.00000	0.41886	-1.00000	-1.00000	0.00080	-1.00000	-1.00000
12233	Gandy	Cluster	un	5389945	0.76184	-1.00000	-1.00000	0.73589	-1.00000	-1.00000	0.74610	-1.00000	-1.00000	0.00098	-1.00000	-1.00000
12257	Gandy	Cluster	un	5401662	0.41763	-1.00000	-1.00000	0.41023	-1.00000	-1.00000	0.39557	-1.00000	-1.00000	0.00079	-1.00000	-1.00000
12263	Gandy	Cluster	un	5404192	0.95840	-1.00000	-1.00000	0.95999	-1.00000	-1.00000	0.92228	-1.00000	-1.00000	0.00122	-1.00000	-1.00000
12273	Gandy	Cluster	un	5408977	0.04838	-1.00000	-1.00000	0.00422	-1.00000	-1.00000	0.00323	-1.00000	-1.00000	0.00042	-1.00000	-1.00000
12275	Gandy	Cluster	un	5409779	-0.00489	-1.00000	-1.00000	-0.00018	-1.00000	-1.00000	0.01104	-1.00000	-1.00000	0.00021	-1.00000	-1.00000
12281	Gandy	Cluster	un	5411365	0.08000	-1.00000	-1.00000	0.01033	-1.00000	-1.00000	0.04304	-1.00000	-1.00000	0.00029	-1.00000	-1.00000
12283	Gandy	Cluster	un	5412175	-0.00925	-1.00000	-1.00000	-0.00207	-1.00000	-1.00000	-0.00207	-1.00000	-1.00000	0.00023	-1.00000	-1.00000
12284	Gandy	Cluster	un	5412961	0.04820	-1.00000	-1.00000	0.00374	-1.00000	-1.00000	0.03064	-1.00000	-1.00000	0.00025	-1.00000	-1.00000
12287	Gandy	Cluster	un	5415234	0.62928	-1.00000	-1.00000	0.50457	-1.00000	-1.00000	0.52299	-1.00000	-1.00000	0.00085	-1.00000	-1.00000
12289	Gandy	Cluster	un	5416062	0.00251	-1.00000	-1.00000	0.00009	-1.00000	-1.00000	-0.00000	-1.00000	-1.00000	0.00005	-1.00000	-1.00000
12290	Gandy	Cluster	un	5416835	0.19238	-1.00000	-1.00000	0.04856	-1.00000	-1.00000	0.06452	-1.00000	-1.00000	0.00031	-1.00000	-1.00000
12291	Gandy	Cluster	un	5417695	0.13263	-1.00000	-1.00000	0.02215	-1.00000	-1.00000	0.03571	-1.00000	-1.00000	0.00031	-1.00000	-1.00000
12296	Gandy	Cluster	un	5419996	0.06920	-1.00000	-1.00000	0.00850	-1.00000	-1.00000	0.01894	-1.00000	-1.00000	0.00022	-1.00000	-1.00000
12313	Gandy	Cluster	un	5428540	0.52000	-1.00000	-1.00000	0.37759	-1.00000	-1.00000	0.35816	-1.00000	-1.00000	0.00080	-1.00000	-1.00000
12316	Gandy	Cluster	un	5430169	0.00561	-1.00000	-1.00000	0.00021	-1.00000	-1.00000	0.02159	-1.00000	-1.00000	0.00020	-1.00000	-1.00000
12318	Gandy	Cluster	un	5431790	0.02382	-1.00000	-1.00000	0.00187	-1.00000	-1.00000	0.03045	-1.00000	-1.00000	0.00032	-1.00000	-1.00000
12321	Gandy	Cluster	un	5434094	0.03320	-1.00000	-1.00000	0.00263	-1.00000	-1.00000	0.00284	-1.00000	-1.00000	0.00010	-1.00000	-1.00000
12325	Gandy	Cluster	un	5436595	0.11294	-1.00000	-1.00000	0.03656	-1.00000	-1.00000	0.04491	-1.00000	-1.00000	0.00047	-1.00000	-1.00000
12326	Gandy	Cluster	un	5437417	0.03448	-1.00000	-1.00000	0.00246	-1.00000	-1.00000	0.00246	-1.00000	-1.00000	0.00008	-1.00000	-1.00000
12330	Gandy	Cluster	un	5439020	-0.00000	-1.00000	-1.00000	-0.00000	-1.00000	-1.00000	-0.00000	-1.00000	-1.00000	0.00004	-1.00000	-1.00000
12335	Gandy	Cluster	un	5441432	-0.03448	-1.00000	-1.00000	-0.00238	-1.00000	-1.00000	-0.00238	-1.00000	-1.00000	0.00008	-1.00000	-1.00000
12337	Gandy	Cluster	un	5442224	0.25744	-1.00000	-1.00000	0.08247	-1.00000	-1.00000	0.08124	-1.00000	-1.00000	0.00035	-1.00000	-1.00000
12343	Gandy	Cluster	un	5442987	0.69703	-1.00000	-1.00000	0.60533	-1.00000	-1.00000	0.62701	-1.00000	-1.00000	0.00092	-1.00000	-1.00000
12348	Gandy	Cluster	un	5445393	0.03704	-1.00000	-1.00000	0.00284	-1.00000	-1.00000	0.00284	-1.00000	-1.00000	0.00008	-1.00000	-1.00000
12370	Gandy	Cluster	un	5456533	-0.00235	-1.00000	-1.00000	-0.00008	-1.00000	-1.00000	-0.00000	-1.00000	-1.00000	0.00004	-1.00000	-1.00000
12372	Gandy	Cluster	un	5458168	0.17241	-1.00000	-1.00000	0.04132	-1.00000	-1.00000	0.04132	-1.00000	-1.00000	0.00024	-1.00000	-1.00000
12391	Gandy	Cluster	un	5466213	-0.02478	-1.00000	-1.00000	-0.01019	-1.00000	-1.00000	0.01517	-1.00000	-1.00000	0.00052	-1.00000	-1.00000
12398	Gandy	Cluster	un	5468803	0.00951	-1.00000	-1.00000	0.00037	-1.00000	-1.00000	0.05121	-1.00000	-1.00000	0.00029	-1.00000	-1.00000
12399	Gandy	Cluster	un	5469599	0.92874	-1.00000	-1.00000	0.92874	-1.00000	-1.00000	0.92858	-1.00000	-1.00000	0.00115	-1.00000	-1.00000
12402	Gandy	Cluster	un	5471329	0.09834	-1.00000	-1.00000	0.01534	-1.00000	-1.00000	0.01567	-1.00000	-1.00000	0.00017	-1.00000	-1.00000
12415	Gandy	Cluster	un	5475405	0.03895	-1.00000	-1.00000	0.03107	-1.00000	-1.00000	0.10839	-1.00000	-1.00000	0.00068	-1.00000	-1.00000
12418	Gandy	Cluster	un	5476234	-0.00000	-1.00000	-1.00000	-0.00000	-1.00000	-1.00000	-0.00000	-1.00000	-1.00000	0.00004	-1.00000	-1.00000
12437	Gandy	Cluster	un	5486027	-0.00000	-1.00000	-1.00000	-0.00000	-1.00000	-1.00000	-0.00000	-1.00000	-1.00000	0.00004	-1.00000	-1.00000
12448	Gandy	Cluster	un	5491669	0.26765	-1.00000	-1.00000	0.09455	-1.00000	-1.00000	0.11315	-1.00000	-1.00000	0.00042	-1.00000	-1.00000
12457	Gandy	Cluster	un	5496301	0.06897	-1.00000	-1.00000	0.00760	-1.00000	-1.00000	0.00760	-1.00000	-1.00000	0.00012	-1.00000	-1.00000
12459	Gandy	Cluster	un	5497898	0.11672	-1.00000	-1.00000	0.01853	-1.00000	-1.00000	0.03064	-1.00000	-1.00000	0.00025	-1.00000	-1.00000
12470	Gandy	Cluster	un	5501048	0.06920	-1.00000	-1.00000	0.00850	-1.00000	-1.00000	0.00881	-1.00000	-1.00000	0.00015	-1.00000	-1.00000
12471	Gandy	Cluster	un	5501758	0.19238	-1.00000	-1.00000	0.04856	-1.00000	-1.00000	0.06452	-1.00000	-1.00000	0.00032	-1.00000	-1.00000
12482	Gandy	Cluster	un	5507312	-0.03704	-1.00000	-1.00000	-0.03806	-1.00000	-1.00000	-0.03415	-1.00000	-1.00000	0.00070	-1.00000	-1.00000
12491	Gandy	Cluster	un	5512964	0.10345	-1.00000	-1.00000	0.01567	-1.00000	-1.00000	0.01567	-1.00000	-1.00000	0.00015	-1.00000	-1.00000
12500	Gandy	Cluster	un	5517250	-0.00767	-1.00000	-1.00000	-0.00029	-1.00000	-1.00000	0.03472	-1.00000	-1.00000	0.00029	-1.00000	-1.00000
12503	Gandy	Cluster	un	5518799	0.00656	-1.00000	-1.00000	0.00026	-1.00000	-1.00000	0.00261	-1.00000	-1.00000	0.00028	-1.00000	-1.00000
12510	Gandy	Cluster	un	5521920	0.20690	-1.00000	-1.00000	0.05924	-1.00000	-1.00000	0.05924	-1.00000	-1.00000	0.00037	-1.00000	-1.00000
12512	Gandy	Cluster	un	5523302	0.03320	-1.00000	-1.00000	0.00263	-1.00000	-1.00000	0.01050	-1.00000	-1.00000	0.00019	-1.00000	-1.00000
12516	Gandy	Cluster	un	5523998	0.16737	-1.00000	-1.00000	0.03722	-1.00000	-1.00000	0.04771	-1.00000	-1.00000	0.00045	-1.00000	-1.00000
12519	Gandy	Cluster	un	5526314	0.80659	-1.00000	-1.00000	0.80930	-1.00000	-1.00000	0.81035	-1.00000	-1.00000	0.00120	-1.00000	-1.00000
12525	Gandy	Cluster	un	5527803	-0.00000	-1.00000	-1.00000	-0.00000	-1.00000	-1.00000	-0.00000	-1.00000	-1.00000	0.00004	-1.00000	-1.00000
12529	Gandy	Cluster	un	5529411	0.04820	-1.00000	-1.00000	0.00374	-1.00000	-1.00000	0.03064	-1.00000	-1.00000	0.00025	-1.00000	-1.00000
12538	Gandy	Cluster	un	5532676	0.04838	-1.00000	-1.00000	0.00422	-1.00000	-1.00000	-0.00680	-1.00000	-1.00000	0.00039	-1.00000	-1.00000
12539	Gandy	Cluster	un	5533447	-0.03567	-1.00000	-1.00000	-0.00255	-1.00000	-1.00000	0.00018	-1.00000	-1.00000	0.00016	-1.00000	-1.00000
12549	Gandy	Cluster	un	5535796	0.00340	-1.00000	-1.00000	0.00014	-1.00000	-1.00000	0.01768	-1.00000	-1.00000	0.00032	-1.00000	-1.00000
12550	Gandy	Cluster	un	5536658	-0.00235	-1.00000	-1.00000	-0.00008	-1.00000	-1.00000	0.00008	-1.00000	-1.00000	0.00012	-1.00000	-1.00000
12558	Gandy	Cluster	un	5543087	0.11111	-1.00000	-1.00000	0.01818	-1.00000	-1.00000	0.01289	-1.00000	-1.00000	0.00030	-1.00000	-1.00000
12562	Gandy	Cluster	un	5543926	0.06897	-1.00000	-1.00000	0.00760	-1.00000	-1.00000	0.00760	-1.00000	-1.00000	0.00012	-1.00000	-1.00000
12563	Gandy	Cluster	un	5544748	0.05304	-1.00000	-1.00000	0.00446	-1.00000	-1.00000	0.01011	-1.00000	-1.00000	0.00033	-1.00000	-1.00000
12571	Gandy	Cluster	un	5548674	0.10495	-1.00000	-1.00000	0.01335	-1.00000	-1.00000	0.08145	-1.00000	-1.00000	0.00040	-1.00000	-1.00000
12594	Gandy	Cluster	un	5558852	-0.03547	-1.00000	-1.00000	-0.00815	-1.00000	-1.00000	-0.00486	-1.00000	-1.00000	0.00032	-1.00000	-1.00000
12613	Gandy	Cluster	un	5566146	-0.04000	-1.00000	-1.00000	-0.02251	-1.00000	-1.00000	-0.03539	-1.00000	-1.00000	0.00060	-1.00000	-1.00000
12614	Gandy	Cluster	un	5566972	0.15194	-1.00000	-1.00000	0.03970	-1.00000	-1.00000	0.04330	-1.00000	-1.00000	0.00048	-1.00000	-1.00000
12620	Gandy	Cluster	un	5568490	0.59259	-1.00000	-1.00000	0.47803	-1.00000	-1.00000	0.47180	-1.00000	-1.00000	0.00084	-1.00000	-1.00000
12634	Gandy	Cluster	un	5574018	0.06897	-1.00000	-1.00000	0.00760	-1.00000	-1.00000	0.00760	-1.00000	-1.00000	0.00013	-1.00000	-1.00000
12635	Gandy	Cluster	un	5574795	0.00290	-1.00000	-1.00000	0.00011	-1.00000	-1.00000	0.00088	-1.00000	-1.00000	0.00027	-1.00000	-1.00000
12636	Gandy	Cluster	un	5575581	0.06897	-1.00000	-1.00000	0.00760	-1.00000	-1.00000	0.00760	-1.00000	-1.00000	0.00013	-1.00000	-1.00000
12637	Gandy	Cluster	un	5576373	0.22677	-1.00000	-1.00000	0.06831	-1.00000	-1.00000	0.05083	-1.00000	-1.00000	0.00045	-1.00000	-1.00000
12658	Gandy	Cluster	un	5582652	-0.00000	-1.00000	-1.00000	-0.00000	-1.00000	-1.00000	-0.00000	-1.00000	-1.00000	0.00004	-1.00000	-1.00000
12661	Gandy	Cluster	un	5584317	0.00561	-1.00000	-1.00000	0.00021	-1.00000	-1.00000	0.00589	-1.00000	-1.00000	0.00014	-1.00000	-1.00000
12663	Gandy	Cluster	un	5585868	0.33518	-1.00000	-1.00000	0.13430	-1.00000	-1.00000	0.22408	-1.00000	-1.00000	0.00056	-1.00000	-1.00000
12667	Gandy	Cluster	un	5586696	0.12221	-1.00000	-1.00000	0.05297	-1.00000	-1.00000	0.09339	-1.00000	-1.00000	0.00057	-1.00000	-1.00000
12672	Gandy	Cluster	un	5589139	0.11672	-1.00000	-1.00000	0.01853	-1.00000	-1.00000	0.01818	-1.00000	-1.00000	0.00019	-1.00000	-1.00000
12675	Gandy	Cluster	un	5589903	0.00951	-1.00000	-1.00000	0.00037	-1.00000	-1.00000	0.02512	-1.00000	-1.00000	0.00025	-1.00000	-1.00000
12677	Gandy	Cluster	un	5591486	0.00951	-1.00000	-1.00000	0.00037	-1.00000	-1.00000	0.05121	-1.00000	-1.00000	0.00027	-1.00000	-1.00000
12680	Gandy	Cluster	un	5593155	0.03501	-1.00000	-1.00000	0.01024	-1.00000	-1.00000	0.02206	-1.00000	-1.00000	0.00037	-1.00000	-1.00000
12700	Gandy	Cluster	un	5601732	0.17241	-1.00000	-1.00000	0.04132	-1.00000	-1.00000	0.04132	-1.00000	-1.00000	0.00025	-1.00000	-1.00000
12702	Gandy	Cluster	un	5603387	-0.00000	-1.00000	-1.00000	-0.00000	-1.00000	-1.00000	-0.01068	-1.00000	-1.00000	0.00033	-1.00000	-1.00000
12704	Gandy	Cluster	un	5605077	-0.03448	-1.00000	-1.00000	-0.01344	-1.00000	-1.00000	-0.01344	-1.00000	-1.00000	0.00033	-1.00000	-1.00000
12706	Gandy	Cluster	un	5605928	0.00000	-1.00000	-1.00000	0.00000	-1.00000	-1.00000	-0.00000	-1.00000	-1.00000	0.00004	-1.00000	-1.00000
12710	Gandy	Cluster	un	5607532	0.00561	-1.00000	-1.00000	0.00021	-1.00000	-1.00000	0.00589	-1.00000	-1.00000	0.00014	-1.00000	-1.00000
12714	Gandy	Cluster	un	5609141	0.00951	-1.00000	-1.00000	0.00037	-1.00000	-1.00000	0.02512	-1.00000	-1.00000	0.00023	-1.00000	-1.00000
12716	Gandy	Cluster	un	5609905	0.04067	-1.00000	-1.00000	0.00302	-1.00000	-1.00000	0.01050	-1.00000	-1.00000	0.00017	-1.00000	-1.00000
12717	Gandy	Cluster	un	5610699	0.00000	-1.00000	-1.00000	0.00000	-1.00000	-1.00000	-0.00502	-1.00000	-1.00000	0.00019	-1.00000	-1.00000
12727	Gandy	Cluster	un	5615300	0.03114	-1.00000	-1.00000	0.00229	-1.00000	-1.00000	0.00018	-1.00000	-1.00000	0.00016	-1.00000	-1.00000
12731	Gandy	Cluster	un	5616895	0.00000	-1.00000	-1.00000	0.00000	-1.00000	-1.00000	-0.00502	-1.00000	-1.00000	0.00018	-1.00000	-1.00000
12733	Gandy	Cluster	un	5617742	0.00251	-1.00000	-1.00000	0.00009	-1.00000	-1.00000	0.00508	-1.00000	-1.00000	0.00014	-1.00000	-1.00000
12747	Gandy	Cluster	un	5625717	-0.02012	-1.00000	-1.00000	-0.00481	-1.00000	-1.00000	0.00499	-1.00000	-1.00000	0.00039	-1.00000	-1.00000
12748	Gandy	Cluster	un	5626485	-0.00000	-1.00000	-1.00000	-0.00000	-1.00000	-1.00000	-0.00000	-1.00000	-1.00000	0.00004	-1.00000	-1.00000
12750	Gandy	Cluster	un	5628152	0.85185	-1.00000	-1.00000	0.83636	-1.00000	-1.00000	0.83844	-1.00000	-1.00000	0.00106	-1.00000	-1.00000
12754	Gandy	Cluster	un	5630508	0.06897	-1.00000	-1.00000	0.00760	-1.00000	-1.00000	0.00760	-1.00000	-1.00000	0.00012	-1.00000	-1.00000
12756	Gandy	Cluster	un	5632128	-0.00000	-1.00000	-1.00000	-0.00000	-1.00000	-1.00000	-0.00000	-1.00000	-1.00000	0.00004	-1.00000	-1.00000
12757	Gandy	Cluster	un	5633016	0.63289	-1.00000	-1.00000	0.64034	-1.00000	-1.00000	0.63212	-1.00000	-1.00000	0.00121	-1.00000	-1.00000
12760	Gandy	Cluster	un	5634429	0.32377	-1.00000	-1.00000	0.15551	-1.00000	-1.00000	0.14857	-1.00000	-1.00000	0.00055	-1.00000	-1.00000
12766	Gandy	Cluster	un	5637653	0.13793	-1.00000	-1.00000	0.02685	-1.00000	-1.00000	0.02685	-1.00000	-1.00000	0.00020	-1.00000	-1.00000
12776	Gandy	Cluster	un	5641690	-0.00000	-1.00000	-1.00000	-0.00000	-1.00000	-1.00000	-0.00000	-1.00000	-1.00000	0.00004	-1.00000	-1.00000
12778	Gandy	Cluster	un	5643329	0.00290	-1.00000	-1.00000	0.00011	-1.00000	-1.00000	0.00088	-1.00000	-1.00000	0.00026	-1.00000	-1.00000
12782	Gandy	Cluster	un	5646595	-0.00235	-1.00000	-1.00000	-0.00008	-1.00000	-1.00000	-0.00000	-1.00000	-1.00000	0.00004	-1.00000	-1.00000
12789	Gandy	Cluster	un	5650802	0.05748	-1.00000	-1.00000	0.00467	-1.00000	-1.00000	0.06452	-1.00000	-1.00000	0.00030	-1.00000	-1.00000
12794	Gandy	Cluster	un	5653412	0.00251	-1.00000	-1.00000	0.00009	-1.00000	-1.00000	0.00508	-1.00000	-1.00000	0.00011	-1.00000	-1.00000
12795	Gandy	Cluster	un	5654288	0.38009	-1.00000	-1.00000	0.18506	-1.00000	-1.00000	0.18367	-1.00000	-1.00000	0.00048	-1.00000	-1.00000
12805	Gandy	Cluster	un	5657554	0.20690	-1.00000	-1.00000	0.05924	-1.00000	-1.00000	0.05924	-1.00000	-1.00000	0.00030	-1.00000	-1.00000
12822	Gandy	Cluster	un	5664615	0.29006	-1.00000	-1.00000	0.09910	-1.00000	-1.00000	0.09700	-1.00000	-1.00000	0.00037	-1.00000	-1.00000
12824	Gandy	Cluster	un	5665399	0.00951	-1.00000	-1.00000	0.00037	-1.00000	-1.00000	0.05121	-1.00000	-1.00000	0.00028	-1.00000	-1.00000
12833	Gandy	Cluster	un	5671007	-0.00565	-1.00000	-1.00000	-0.00022	-1.00000	-1.00000	-0.00619	-1.00000	-1.00000	0.00020	-1.00000	-1.00000
12843	Gandy	Cluster	un	5674220	-0.03623	-1.00000	-1.00000	-0.01222	-1.00000	-1.00000	-0.03052	-1.00000	-1.00000	0.00065	-1.00000	-1.00000
12851	Gandy	Cluster	un	5676610	-0.04000	-1.00000	-1.00000	-0.00321	-1.00000	-1.00000	-0.00914	-1.00000	-1.00000	0.00024	-1.00000	-1.00000
12859	Gandy	Cluster	un	5681518	0.00251	-1.00000	-1.00000	0.00009	-1.00000	-1.00000	0.00508	-1.00000	-1.00000	0.00012	-1.00000	-1.00000
12866	Gandy	Cluster	un	5684810	0.82759	-1.00000	-1.00000	0.80537	-1.00000	-1.00000	0.80537	-1.00000	-1.00000	0.00094	-1.00000	-1.00000
12867	Gandy	Cluster	un	5685700	0.07875	-1.00000	-1.00000	0.00908	-1.00000	-1.00000	0.01894	-1.00000	-1.00000	0.00020	-1.00000	-1.00000
12873	Gandy	Cluster	un	5689793	0.03448	-1.00000	-1.00000	0.00246	-1.00000	-1.00000	0.00246	-1.00000	-1.00000	0.00009	-1.00000	-1.00000
12882	Gandy	Cluster	un	5691369	0.02662	-1.00000	-1.00000	0.00806	-1.00000	-1.00000	0.00210	-1.00000	-1.00000	0.00034	-1.00000	-1.00000
12888	Gandy	Cluster	un	5693763	-0.02973	-1.00000	-1.00000	-0.01252	-1.00000	-1.00000	-0.01208	-1.00000	-1.00000	0.00045	-1.00000	-1.00000
12915	Gandy	Cluster	un	5704737	0.26765	-1.00000	-1.00000	0.09455	-1.00000	-1.00000	0.11315	-1.00000	-1.00000	0.00044	-1.00000	-1.00000
12920	Gandy	Cluster	un	5706310	0.19845	-1.00000	-1.00000	0.04545	-1.00000	-1.00000	0.12678	-1.00000	-1.00000	0.00045	-1.00000	-1.00000
12921	Gandy	Cluster	un	5707121	0.07875	-1.00000	-1.00000	0.00908	-1.00000	-1.00000	0.00881	-1.00000	-1.00000	0.00015	-1.00000	-1.00000
12930	Gandy	Cluster	un	5709409	0.03555	-1.00000	-1.00000	0.00306	-1.00000	-1.00000	0.00314	-1.00000	-1.00000	0.00036	-1.00000	-1.00000
12932	Gandy	Cluster	un	5711032	0.06897	-1.00000	-1.00000	0.00760	-1.00000	-1.00000	0.00760	-1.00000	-1.00000	0.00012	-1.00000	-1.00000
12934	Gandy	Cluster	un	5712758	0.19780	-1.00000	-1.00000	0.19805	-1.00000	-1.00000	0.19573	-1.00000	-1.00000	0.00077	-1.00000	-1.00000
12935	Gandy	Cluster	un	5713604	0.19238	-1.00000	-1.00000	0.04856	-1.00000	-1.00000	0.04808	-1.00000	-1.00000	0.00027	-1.00000	-1.00000
12936	Gandy	Cluster	un	5714400	0.04820	-1.00000	-1.00000	0.00374	-1.00000	-1.00000	0.03064	-1.00000	-1.00000	0.00026	-1.00000	-1.00000
12941	Gandy	Cluster	un	5715969	0.21608	-1.00000	-1.00000	0.05772	-1.00000	-1.00000	0.10217	-1.00000	-1.00000	0.00041	-1.00000	-1.00000
12944	Gandy	Cluster	un	5718416	0.12643	-1.00000	-1.00000	0.02178	-1.00000	-1.00000	0.05900	-1.00000	-1.00000	0.00035	-1.00000	-1.00000
12946	Gandy	Cluster	un	5720013	0.00951	-1.00000	-1.00000	0.00037	-1.00000	-1.00000	0.05121	-1.00000	-1.00000	0.00027	-1.00000	-1.00000
12948	Gandy	Cluster	un	5720864	0.75464	-1.00000	-1.00000	0.76132	-1.00000	-1.00000	0.75515	-1.00000	-1.00000	0.00096	-1.00000	-1.00000
12952	Gandy	Cluster	un	5722521	0.30175	-1.00000	-1.00000	0.13370	-1.00000	-1.00000	0.11835	-1.00000	-1.00000	0.00046	-1.00000	-1.00000
12960	Gandy	Cluster	un	5726545	0.05748	-1.00000	-1.00000	0.00467	-1.00000	-1.00000	0.06452	-1.00000	-1.00000	0.00036	-1.00000	-1.00000
12961	Gandy	Cluster	un	5727294	0.19238	-1.00000	-1.00000	0.04856	-1.00000	-1.00000	0.06452	-1.00000	-1.00000	0.00033	-1.00000	-1.00000
12967	Gandy	Cluster	un	5729755	0.03704	-1.00000	-1.00000	0.00284	-1.00000	-1.00000	-0.00227	-1.00000	-1.00000	0.00024	-1.00000	-1.00000
12971	Gandy	Cluster	un	5732115	0.69552	-1.00000	-1.00000	0.63731	-1.00000	-1.00000	0.62036	-1.00000	-1.00000	0.00093	-1.00000	-1.00000
12972	Gandy	Cluster	un	5732934	0.06897	-1.00000	-1.00000	0.00760	-1.00000	-1.00000	0.00760	-1.00000	-1.00000	0.00012	-1.00000	-1.00000
12983	Gandy	Cluster	un	5736920	0.00000	-1.00000	-1.00000	0.00000	-1.00000	-1.00000	-0.00502	-1.00000	-1.00000	0.00020	-1.00000	-1.00000
12992	Gandy	Cluster	un	5742709	0.12595	-1.00000	-1.00000	0.02599	-1.00000	-1.00000	0.02685	-1.00000	-1.00000	0.00020	-1.00000	-1.00000
13001	Gandy	Cluster	un	5745074	-0.00235	-1.00000	-1.00000	-0.00008	-1.00000	-1.00000	-0.00000	-1.00000	-1.00000	0.00004	-1.00000	-1.00000
13007	Gandy	Cluster	un	5747483	0.03114	-1.00000	-1.00000	0.00229	-1.00000	-1.00000	0.00018	-1.00000	-1.00000	0.00014	-1.00000	-1.00000
13010	Gandy	Cluster	un	5749171	0.03448	-1.00000	-1.00000	0.00246	-1.00000	-1.00000	0.00246	-1.00000	-1.00000	0.00007	-1.00000	-1.00000
13018	Gandy	Cluster	un	5752342	-0.01877	-1.00000	-1.00000	-0.00233	-1.00000	-1.00000	0.01881	-1.00000	-1.00000	0.00039	-1.00000	-1.00000
13020	Gandy	Cluster	un	5753184	0.00656	-1.00000	-1.00000	0.00026	-1.00000	-1.00000	0.00261	-1.00000	-1.00000	0.00021	-1.00000	-1.00000
13022	Gandy	Cluster	un	5755181	-0.03660	-1.00000	-1.00000	-0.01370	-1.00000	-1.00000	-0.01108	-1.00000	-1.00000	0.00037	-1.00000	-1.00000
13026	Gandy	Cluster	un	5757413	0.62963	-1.00000	-1.00000	0.53125	-1.00000	-1.00000	0.52503	-1.00000	-1.00000	0.00081	-1.00000	-1.00000
13027	Gandy	Cluster	un	5758263	0.00251	-1.00000	-1.00000	0.00009	-1.00000	-1.00000	0.00508	-1.00000	-1.00000	0.00013	-1.00000	-1.00000
13028	Gandy	Cluster	un	5759060	0.38686	-1.00000	-1.00000	0.23246	-1.00000	-1.00000	0.19916	-1.00000	-1.00000	0.00060	-1.00000	-1.00000
13032	Gandy	Cluster	un	5760768	0.10345	-1.00000	-1.00000	0.01567	-1.00000	-1.00000	0.01567	-1.00000	-1.00000	0.00016	-1.00000	-1.00000
13033	Gandy	Cluster	un	5761615	-0.00000	-1.00000	-1.00000	-0.00000	-1.00000	-1.00000	-0.00000	-1.00000	-1.00000	0.00004	-1.00000	-1.00000
13050	Gandy	Cluster	un	5771063	0.11959	-1.00000	-1.00000	0.02546	-1.00000	-1.00000	0.02064	-1.00000	-1.00000	0.00033	-1.00000	-1.00000
13055	Gandy	Cluster	un	5774313	0.06697	-1.00000	-1.00000	0.03804	-1.00000	-1.00000	0.02890	-1.00000	-1.00000	0.00065	-1.00000	-1.00000
13062	Gandy	Cluster	un	5778408	-0.03795	-1.00000	-1.00000	-0.00293	-1.00000	-1.00000	0.04194	-1.00000	-1.00000	0.00032	-1.00000	-1.00000
13066	Gandy	Cluster	un	5779999	0.02360	-1.00000	-1.00000	0.00658	-1.00000	-1.00000	0.01680	-1.00000	-1.00000	0.00033	-1.00000	-1.00000
13072	Gandy	Cluster	un	5782430	-0.03159	-1.00000	-1.00000	-0.02366	-1.00000	-1.00000	-0.03195	-1.00000	-1.00000	0.00054	-1.00000	-1.00000
13073	Gandy	Cluster	un	5783349	0.05304	-1.00000	-1.00000	0.00446	-1.00000	-1.00000	0.03024	-1.00000	-1.00000	0.00038	-1.00000	-1.00000
13091	Gandy	Cluster	un	5789731	0.30515	-1.00000	-1.00000	0.12370	-1.00000	-1.00000	0.14308	-1.00000	-1.00000	0.00046	-1.00000	-1.00000
13101	Gandy	Cluster	un	5794529	0.24815	-1.00000	-1.00000	0.24093	-1.00000	-1.00000	0.23371	-1.00000	-1.00000	0.00076	-1.00000	-1.00000
13108	Gandy	Cluster	un	5798528	0.00251	-1.00000	-1.00000	0.00009	-1.00000	-1.00000	0.00508	-1.00000	-1.00000	0.00013	-1.00000	-1.00000
13110	Gandy	Cluster	un	5800147	0.00000	-1.00000	-1.00000	0.00000	-1.00000	-1.00000	-0.01682	-1.00000	-1.00000	0.00042	-1.00000	-1.00000
13122	Gandy	Cluster	un	5804087	0.08745	-1.00000	-1.00000	0.01453	-1.00000	-1.00000	0.01409	-1.00000	-1.00000	0.00032	-1.00000	-1.00000
13124	Gandy	Cluster	un	5804886	0.48978	-1.00000	-1.00000	0.32431	-1.00000	-1.00000	0.32050	-1.00000	-1.00000	0.00076	-1.00000	-1.00000
13129	Gandy	Cluster	un	5806560	0.00561	-1.00000	-1.00000	0.00021	-1.00000	-1.00000	0.00589	-1.00000	-1.00000	0.00014	-1.00000	-1.00000
13140	Gandy	Cluster	un	5811268	-0.03016	-1.00000	-1.00000	-0.02442	-1.00000	-1.00000	0.02608	-1.00000	-1.00000	0.00067	-1.00000	-1.00000
13141	Gandy	Cluster	un	5812097	0.87437	-1.00000	-1.00000	0.85896	-1.00000	-1.00000	0.82361	-1.00000	-1.00000	0.00112	-1.00000	-1.00000
13143	Gandy	Cluster	un	5812890	0.04067	-1.00000	-1.00000	0.00302	-1.00000	-1.00000	0.01050	-1.00000	-1.00000	0.00015	-1.00000	-1.00000
13144	Gandy	Cluster	un	5813754	0.02382	-1.00000	-1.00000	0.00187	-1.00000	-1.00000	0.00029	-1.00000	-1.00000	0.00023	-1.00000	-1.00000
13148	Gandy	Cluster	un	5815954	0.09613	-1.00000	-1.00000	0.02640	-1.00000	-1.00000	0.02640	-1.00000	-1.00000	0.00033	-1.00000	-1.00000
13150	Gandy	Cluster	un	5817477	0.32124	-1.00000	-1.00000	0.30509	-1.00000	-1.00000	0.32333	-1.00000	-1.00000	0.00077	-1.00000	-1.00000
13155	Gandy	Cluster	un	5820642	-0.00000	-1.00000	-1.00000	-0.00000	-1.00000	-1.00000	-0.00050	-1.00000	-1.00000	0.00028	-1.00000	-1.00000
13161	Gandy	Cluster	un	5823911	0.17241	-1.00000	-1.00000	0.04132	-1.00000	-1.00000	0.04132	-1.00000	-1.00000	0.00024	-1.00000	-1.00000
13165	Gandy	Cluster	un	5826339	0.03448	-1.00000	-1.00000	0.00246	-1.00000	-1.00000	0.00246	-1.00000	-1.00000	0.00008	-1.00000	-1.00000
13169	Gandy	Cluster	un	5828743	0.00951	-1.00000	-1.00000	0.00037	-1.00000	-1.00000	0.05121	-1.00000	-1.00000	0.00030	-1.00000	-1.00000
13173	Gandy	Cluster	un	5830355	0.03448	-1.00000	-1.00000	0.00246	-1.00000	-1.00000	0.00246	-1.00000	-1.00000	0.00008	-1.00000	-1.00000
13186	Gandy	Cluster	un	5835096	0.96148	-1.00000	-1.00000	0.96000	-1.00000	-1.00000	0.96024	-1.00000	-1.00000	0.00117	-1.00000	-1.00000
13189	Gandy	Cluster	un	5836721	0.10495	-1.00000	-1.00000	0.01335	-1.00000	-1.00000	0.05025	-1.00000	-1.00000	0.00030	-1.00000	-1.00000
13196	Gandy	Cluster	un	5840800	0.00656	-1.00000	-1.00000	0.00026	-1.00000	-1.00000	0.01989	-1.00000	-1.00000	0.00034	-1.00000	-1.00000
13198	Gandy	Cluster	un	5842371	0.11672	-1.00000	-1.00000	0.01853	-1.00000	-1.00000	0.03064	-1.00000	-1.00000	0.00023	-1.00000	-1.00000
13199	Gandy	Cluster	un	5843225	0.03320	-1.00000	-1.00000	0.00263	-1.00000	-1.00000	-0.00486	-1.00000	-1.00000	0.00029	-1.00000	-1.00000
13201	Gandy	Cluster	un	5844055	0.03715	-1.00000	-1.00000	0.03842	-1.00000	-1.00000	0.09317	-1.00000	-1.00000	0.00072	-1.00000	-1.00000
13207	Gandy	Cluster	un	5848167	0.20764	-1.00000	-1.00000	0.14544	-1.00000	-1.00000	0.13411	-1.00000	-1.00000	0.00058	-1.00000	-1.00000
13208	Gandy	Cluster	un	5849009	0.10345	-1.00000	-1.00000	0.01567	-1.00000	-1.00000	0.01567	-1.00000	-1.00000	0.00017	-1.00000	-1.00000
13225	Gandy	Cluster	un	5854307	0.27018	-1.00000	-1.00000	0.21071	-1.00000	-1.00000	0.20587	-1.00000	-1.00000	0.00075	-1.00000	-1.00000
13226	Gandy	Cluster	un	5855145	0.06407	-1.00000	-1.00000	0.00815	-1.00000	-1.00000	0.00571	-1.00000	-1.00000	0.00040	-1.00000	-1.00000
13228	Gandy	Cluster	un	5855951	0.00000	-1.00000	-1.00000	0.00000	-1.00000	-1.00000	0.00508	-1.00000	-1.00000	0.00012	-1.00000	-1.00000
13231	Gandy	Cluster	un	5856795	0.63874	-1.00000	-1.00000	0.50496	-1.00000	-1.00000	0.55838	-1.00000	-1.00000	0.00084	-1.00000	-1.00000
13238	Gandy	Cluster	un	5860896	0.89322	-1.00000	-1.00000	0.88971	-1.00000	-1.00000	0.88922	-1.00000	-1.00000	0.00113	-1.00000	-1.00000
13240	Gandy	Cluster	un	5861698	0.21608	-1.00000	-1.00000	0.05772	-1.00000	-1.00000	0.10217	-1.00000	-1.00000	0.00043	-1.00000	-1.00000
13241	Gandy	Cluster	un	5862470	0.07875	-1.00000	-1.00000	0.00908	-1.00000	-1.00000	0.01894	-1.00000	-1.00000	0.00020	-1.00000	-1.00000
13243	Gandy	Cluster	un	5863288	-0.00000	-1.00000	-1.00000	-0.00000	-1.00000	-1.00000	-0.01068	-1.00000	-1.00000	0.00031	-1.00000	-1.00000
13253	Gandy	Cluster	un	5865633	-0.00000	-1.00000	-1.00000	-0.00000	-1.00000	-1.00000	-0.00000	-1.00000	-1.00000	0.00004	-1.00000	-1.00000
13256	Gandy	Cluster	un	5867400	0.68043	-1.00000	-1.00000	0.56715	-1.00000	-1.00000	0.61204	-1.00000	-1.00000	0.00087	-1.00000	-1.00000
13262	Gandy	Cluster	un	5871124	-0.01798	-1.00000	-1.00000	-0.00206	-1.00000	-1.00000	0.00412	-1.00000	-1.00000	0.00021	-1.00000	-1.00000
13267	Gandy	Cluster	un	5873522	0.00951	-1.00000	-1.00000	0.00037	-1.00000	-1.00000	0.05121	-1.00000	-1.00000	0.00029	-1.00000	-1.00000
13271	Gandy	Cluster	un	5875156	0.33518	-1.00000	-1.00000	0.13430	-1.00000	-1.00000	0.22408	-1.00000	-1.00000	0.00056	-1.00000	-1.00000
13276	Gandy	Cluster	un	5879408	0.04067	-1.00000	-1.00000	0.00302	-1.00000	-1.00000	0.01050	-1.00000	-1.00000	0.00017	-1.00000	-1.00000
13282	Gandy	Cluster	un	5883444	0.17241	-1.00000	-1.00000	0.04132	-1.00000	-1.00000	0.04132	-1.00000	-1.00000	0.00024	-1.00000	-1.00000
13291	Gandy	Cluster	un	5885874	0.10345	-1.00000	-1.00000	0.01567	-1.00000	-1.00000	0.01567	-1.00000	-1.00000	0.00017	-1.00000	-1.00000
13295	Gandy	Cluster	un	5888389	0.19970	-1.00000	-1.00000	0.05872	-1.00000	-1.00000	0.04666	-1.00000	-1.00000	0.00035	-1.00000	-1.00000
13296	Gandy	Cluster	un	5889199	0.03114	-1.00000	-1.00000	0.00229	-1.00000	-1.00000	0.00246	-1.00000	-1.00000	0.00008	-1.00000	-1.00000
13299	Gandy	Cluster	un	5890823	0.37986	-1.00000	-1.00000	0.19396	-1.00000	-1.00000	0.21372	-1.00000	-1.00000	0.00053	-1.00000	-1.00000
13303	Gandy	Cluster	un	5892463	0.00000	-1.00000	-1.00000	0.00000	-1.00000	-1.00000	-0.01682	-1.00000	-1.00000	0.00040	-1.00000	-1.00000
13306	Gandy	Cluster	un	5894119	-0.04000	-1.00000	-1.00000	-0.00321	-1.00000	-1.00000	-0.01405	-1.00000	-1.00000	0.00034	-1.00000	-1.00000
13308	Gandy	Cluster	un	5895785	0.79673	-1.00000	-1.00000	0.74868	-1.00000	-1.00000	0.74203	-1.00000	-1.00000	0.00099	-1.00000	-1.00000
13309	Gandy	Cluster	un	5896620	-0.00000	-1.00000	-1.00000	-0.00000	-1.00000	-1.00000	-0.00000	-1.00000	-1.00000	0.00005	-1.00000	-1.00000
13313	Gandy	Cluster	un	5898902	0.42051	-1.00000	-1.00000	0.22818	-1.00000	-1.00000	0.27621	-1.00000	-1.00000	0.00061	-1.00000	-1.00000
13327	Gandy	Cluster	un	5902124	0.21608	-1.00000	-1.00000	0.05772	-1.00000	-1.00000	0.07534	-1.00000	-1.00000	0.00034	-1.00000	-1.00000
13338	Gandy	Cluster	un	5908649	0.34255	-1.00000	-1.00000	0.15689	-1.00000	-1.00000	0.15625	-1.00000	-1.00000	0.00044	-1.00000	-1.00000
13359	Gandy	Cluster	un	5916903	0.22222	-1.00000	-1.00000	0.06897	-1.00000	-1.00000	0.06339	-1.00000	-1.00000	0.00040	-1.00000	-1.00000
13373	Gandy	Cluster	un	5922602	-0.00000	-1.00000	-1.00000	-0.00000	-1.00000	-1.00000	-0.00000	-1.00000	-1.00000	0.00004	-1.00000	-1.00000
13375	Gandy	Cluster	un	5923425	0.00656	-1.00000	-1.00000	0.00026	-1.00000	-1.00000	0.01989	-1.00000	-1.00000	0.00032	-1.00000	-1.00000
13376	Gandy	Cluster	un	5924266	0.03448	-1.00000	-1.00000	0.00246	-1.00000	-1.00000	0.00246	-1.00000	-1.00000	0.00008	-1.00000	-1.00000
13385	Gandy	Cluster	un	5929739	0.07875	-1.00000	-1.00000	0.00908	-1.00000	-1.00000	0.01894	-1.00000	-1.00000	0.00021	-1.00000	-1.00000
13391	Gandy	Cluster	un	5931335	0.00251	-1.00000	-1.00000	0.00009	-1.00000	-1.00000	-0.00000	-1.00000	-1.00000	0.00005	-1.00000	-1.00000
13394	Gandy	Cluster	un	5932658	0.06897	-1.00000	-1.00000	0.00760	-1.00000	-1.00000	0.00760	-1.00000	-1.00000	0.00012	-1.00000	-1.00000
13406	Gandy	Cluster	un	5940786	-0.00315	-1.00000	-1.00000	-0.00013	-1.00000	-1.00000	-0.01039	-1.00000	-1.00000	0.00041	-1.00000	-1.00000
13420	Gandy	Cluster	un	5945621	0.58094	-1.00000	-1.00000	0.52203	-1.00000	-1.00000	0.47069	-1.00000	-1.00000	0.00119	-1.00000	-1.00000
13423	Gandy	Cluster	un	5947007	0.64934	-1.00000	-1.00000	0.54767	-1.00000	-1.00000	0.54134	-1.00000	-1.00000	0.00088	-1.00000	-1.00000
13429	Gandy	Cluster	un	5948518	0.02863	-1.00000	-1.00000	0.00648	-1.00000	-1.00000	0.00230	-1.00000	-1.00000	0.00044	-1.00000	-1.00000
13430	Gandy	Cluster	un	5949381	0.27842	-1.00000	-1.00000	0.17624	-1.00000	-1.00000	0.19388	-1.00000	-1.00000	0.00055	-1.00000	-1.00000
13435	Gandy	Cluster	un	5951854	-0.00000	-1.00000	-1.00000	-0.00000	-1.00000	-1.00000	-0.00000	-1.00000	-1.00000	0.00004	-1.00000	-1.00000
13438	Gandy	Cluster	un	5954189	0.05692	-1.00000	-1.00000	0.05660	-1.00000	-1.00000	0.05678	-1.00000	-1.00000	0.00077	-1.00000	-1.00000
13443	Gandy	Cluster	un	5958019	0.00290	-1.00000	-1.00000	0.00011	-1.00000	-1.00000	0.00088	-1.00000	-1.00000	0.00031	-1.00000	-1.00000
13456	Gandy	Cluster	un	5963551	0.64934	-1.00000	-1.00000	0.54767	-1.00000	-1.00000	0.54877	-1.00000	-1.00000	0.00081	-1.00000	-1.00000
13457	Gandy	Cluster	un	5964429	0.00251	-1.00000	-1.00000	0.00009	-1.00000	-1.00000	0.00508	-1.00000	-1.00000	0.00013	-1.00000	-1.00000
13463	Gandy	Cluster	un	5966762	0.58672	-1.00000	-1.00000	0.44290	-1.00000	-1.00000	0.50512	-1.00000	-1.00000	0.00084	-1.00000	-1.00000
13465	Gandy	Cluster	un	5968399	0.55081	-1.00000	-1.00000	0.55972	-1.00000	-1.00000	0.56899	-1.00000	-1.00000	0.00094	-1.00000	-1.00000
13475	Gandy	Cluster	un	5970698	0.00251	-1.00000	-1.00000	0.00009	-1.00000	-1.00000	0.00508	-1.00000	-1.00000	0.00013	-1.00000	-1.00000
13483	Gandy	Cluster	un	5973842	0.55413	-1.00000	-1.00000	0.38325	-1.00000	-1.00000	0.42553	-1.00000	-1.00000	0.00076	-1.00000	-1.00000
13489	Gandy	Cluster	un	5977074	0.00251	-1.00000	-1.00000	0.00009	-1.00000	-1.00000	-0.00000	-1.00000	-1.00000	0.00005	-1.00000	-1.00000
13493	Gandy	Cluster	un	5978675	-0.00000	-1.00000	-1.00000	-0.00000	-1.00000	-1.00000	-0.00000	-1.00000	-1.00000	0.00004	-1.00000	-1.00000
13501	Gandy	Cluster	un	5981917	0.96552	-1.00000	-1.00000	0.96552	-1.00000	-1.00000	0.96552	-1.00000	-1.00000	0.00124	-1.00000	-1.00000
13504	Gandy	Cluster	un	5984251	0.18023	-1.00000	-1.00000	0.07264	-1.00000	-1.00000	0.11291	-1.00000	-1.00000	0.00060	-1.00000	-1.00000
13508	Gandy	Cluster	un	5986620	0.22677	-1.00000	-1.00000	0.06831	-1.00000	-1.00000	0.15534	-1.00000	-1.00000	0.00051	-1.00000	-1.00000
13509	Gandy	Cluster	un	5987410	0.09054	-1.00000	-1.00000	0.01094	-1.00000	-1.00000	0.02205	-1.00000	-1.00000	0.00022	-1.00000	-1.00000
13516	Gandy	Cluster	un	5991493	0.63874	-1.00000	-1.00000	0.50496	-1.00000	-1.00000	0.53714	-1.00000	-1.00000	0.00083	-1.00000	-1.00000
13522	Gandy	Cluster	un	5993927	0.38009	-1.00000	-1.00000	0.18506	-1.00000	-1.00000	0.23432	-1.00000	-1.00000	0.00059	-1.00000	-1.00000
13528	Gandy	Cluster	un	5996283	0.03704	-1.00000	-1.00000	0.00284	-1.00000	-1.00000	0.01050	-1.00000	-1.00000	0.00016	-1.00000	-1.00000
13539	Gandy	Cluster	un	6001807	0.00251	-1.00000	-1.00000	0.00009	-1.00000	-1.00000	0.00508	-1.00000	-1.00000	0.00015	-1.00000	-1.00000
13541	Gandy	Cluster	un	6003084	0.20690	-1.00000	-1.00000	0.05924	-1.00000	-1.00000	0.05924	-1.00000	-1.00000	0.00031	-1.00000	-1.00000
13550	Gandy	Cluster	un	6006165	0.18519	-1.00000	-1.00000	0.04808	-1.00000	-1.00000	0.06452	-1.00000	-1.00000	0.00030	-1.00000	-1.00000
13560	Gandy	Cluster	un	6011095	0.00561	-1.00000	-1.00000	0.00021	-1.00000	-1.00000	0.02159	-1.00000	-1.00000	0.00021	-1.00000	-1.00000
13567	Gandy	Cluster	un	6014646	0.17241	-1.00000	-1.00000	0.04132	-1.00000	-1.00000	0.04132	-1.00000	-1.00000	0.00026	-1.00000	-1.00000
13577	Gandy	Cluster	un	6016260	-0.02856	-1.00000	-1.00000	-0.01541	-1.00000	-1.00000	-0.02154	-1.00000	-1.00000	0.00061	-1.00000	-1.00000
13579	Gandy	Cluster	un	6017017	-0.00235	-1.00000	-1.00000	-0.00008	-1.00000	-1.00000	-0.00000	-1.00000	-1.00000	0.00005	-1.00000	-1.00000
13582	Gandy	Cluster	un	6017709	0.14504	-1.00000	-1.00000	0.02643	-1.00000	-1.00000	0.02542	-1.00000	-1.00000	0.00019	-1.00000	-1.00000
13593	Gandy	Cluster	un	6021880	0.81849	-1.00000	-1.00000	0.81375	-1.00000	-1.00000	0.81375	-1.00000	-1.00000	0.00114	-1.00000	-1.00000
13607	Gandy	Cluster	un	6025900	0.00951	-1.00000	-1.00000	0.00037	-1.00000	-1.00000	0.05121	-1.00000	-1.00000	0.00029	-1.00000	-1.00000
13616	Gandy	Cluster	un	6029020	0.55556	-1.00000	-1.00000	0.42553	-1.00000	-1.00000	0.41932	-1.00000	-1.00000	0.00081	-1.00000	-1.00000
13619	Gandy	Cluster	un	6031321	-0.00235	-1.00000	-1.00000	-0.00008	-1.00000	-1.00000	-0.00000	-1.00000	-1.00000	0.00004	-1.00000	-1.00000
13626	Gandy	Cluster	un	6034548	-0.00000	-1.00000	-1.00000	-0.00000	-1.00000	-1.00000	-0.00000	-1.00000	-1.00000	0.00004	-1.00000	-1.00000
13629	Gandy	Cluster	un	6036120	0.13205	-1.00000	-1.00000	0.02645	-1.00000	-1.00000	0.01790	-1.00000	-1.00000	0.00025	-1.00000	-1.00000
13639	Gandy	Cluster	un	6042743	0.13451	-1.00000	-1.00000	0.03014	-1.00000	-1.00000	0.01766	-1.00000	-1.00000	0.00045	-1.00000	-1.00000
13645	Gandy	Cluster	un	6046082	0.28601	-1.00000	-1.00000	0.27572	-1.00000	-1.00000	0.27434	-1.00000	-1.00000	0.00078	-1.00000	-1.00000
13655	Gandy	Cluster	un	6049820	0.10495	-1.00000	-1.00000	0.01335	-1.00000	-1.00000	0.08145	-1.00000	-1.00000	0.00042	-1.00000	-1.00000
13658	Gandy	Cluster	un	6051412	0.00951	-1.00000	-1.00000	0.00037	-1.00000	-1.00000	0.02512	-1.00000	-1.00000	0.00023	-1.00000	-1.00000
13671	Gandy	Cluster	un	6057110	-0.00000	-1.00000	-1.00000	-0.00000	-1.00000	-1.00000	-0.00000	-1.00000	-1.00000	0.00004	-1.00000	-1.00000
13677	Gandy	Cluster	un	6059398	-0.00926	-1.00000	-1.00000	-0.00699	-1.00000	-1.00000	-0.01377	-1.00000	-1.00000	0.00062	-1.00000	-1.00000
13684	Gandy	Cluster	un	6063297	0.00251	-1.00000	-1.00000	0.00009	-1.00000	-1.00000	0.00508	-1.00000	-1.00000	0.00012	-1.00000	-1.00000
13685	Gandy	Cluster	un	6064111	0.25744	-1.00000	-1.00000	0.08247	-1.00000	-1.00000	0.10158	-1.00000	-1.00000	0.00039	-1.00000	-1.00000
13691	Gandy	Cluster	un	6067937	-0.00235	-1.00000	-1.00000	-0.00008	-1.00000	-1.00000	-0.00000	-1.00000	-1.00000	0.00004	-1.00000	-1.00000
13693	Gandy	Cluster	un	6068769	0.17448	-1.00000	-1.00000	0.03767	-1.00000	-1.00000	0.07867	-1.00000	-1.00000	0.00038	-1.00000	-1.00000
13701	Gandy	Cluster	un	6073777	-0.00767	-1.00000	-1.00000	-0.00029	-1.00000	-1.00000	0.03472	-1.00000	-1.00000	0.00028	-1.00000	-1.00000
13704	Gandy	Cluster	un	6074584	0.44444	-1.00000	-1.00000	0.27807	-1.00000	-1.00000	0.27200	-1.00000	-1.00000	0.00064	-1.00000	-1.00000
13705	Gandy	Cluster	un	6075408	0.03114	-1.00000	-1.00000	0.00229	-1.00000	-1.00000	0.00246	-1.00000	-1.00000	0.00008	-1.00000	-1.00000
13706	Gandy	Cluster	un	6076219	0.05553	-1.00000	-1.00000	0.00674	-1.00000	-1.00000	0.02884	-1.00000	-1.00000	0.00036	-1.00000	-1.00000
13714	Gandy	Cluster	un	6078645	-0.00489	-1.00000	-1.00000	-0.00018	-1.00000	-1.00000	0.00029	-1.00000	-1.00000	0.00012	-1.00000	-1.00000
13727	Gandy	Cluster	un	6084475	0.00561	-1.00000	-1.00000	0.00021	-1.00000	-1.00000	0.00589	-1.00000	-1.00000	0.00014	-1.00000	-1.00000
13731	Gandy	Cluster	un	6087433	0.06470	-1.00000	-1.00000	0.00736	-1.00000	-1.00000	0.00760	-1.00000	-1.00000	0.00012	-1.00000	-1.00000
13735	Gandy	Cluster	un	6089234	-0.00235	-1.00000	-1.00000	-0.00008	-1.00000	-1.00000	0.00008	-1.00000	-1.00000	0.00012	-1.00000	-1.00000
13751	Gandy	Cluster	un	6094746	0.03114	-1.00000	-1.00000	0.00229	-1.00000	-1.00000	0.00018	-1.00000	-1.00000	0.00016	-1.00000	-1.00000
13754	Gandy	Cluster	un	6095574	0.03448	-1.00000	-1.00000	0.00246	-1.00000	-1.00000	0.00246	-1.00000	-1.00000	0.00008	-1.00000	-1.00000
13755	Gandy	Cluster	un	6096414	0.10345	-1.00000	-1.00000	0.01567	-1.00000	-1.00000	0.01567	-1.00000	-1.00000	0.00015	-1.00000	-1.00000
13761	Gandy	Cluster	un	6099901	0.30994	-1.00000	-1.00000	0.31444	-1.00000	-1.00000	0.30326	-1.00000	-1.00000	0.00078	-1.00000	-1.00000
13762	Gandy	Cluster	un	6100756	0.85020	-1.00000	-1.00000	0.82221	-1.00000	-1.00000	0.82891	-1.00000	-1.00000	0.00111	-1.00000	-1.00000
13770	Gandy	Cluster	un	6104917	0.03114	-1.00000	-1.00000	0.00229	-1.00000	-1.00000	0.00246	-1.00000	-1.00000	0.00008	-1.00000	-1.00000
13776	Gandy	Cluster	un	6107435	0.24887	-1.00000	-1.00000	0.08190	-1.00000	-1.00000	0.09532	-1.00000	-1.00000	0.00047	-1.00000	-1.00000
13777	Gandy	Cluster	un	6108285	-0.00000	-1.00000	-1.00000	-0.00000	-1.00000	-1.00000	-0.00000	-1.00000	-1.00000	0.00004	-1.00000	-1.00000
13780	Gandy	Cluster	un	6109927	-0.00000	-1.00000	-1.00000	-0.00000	-1.00000	-1.00000	-0.00050	-1.00000	-1.00000	0.00027	-1.00000	-1.00000
13784	Gandy	Cluster	un	6111595	-0.04160	-1.00000	-1.00000	-0.00347	-1.00000	-1.00000	0.00877	-1.00000	-1.00000	0.00033	-1.00000	-1.00000
13787	Gandy	Cluster	un	6114167	0.21608	-1.00000	-1.00000	0.05772	-1.00000	-1.00000	0.10217	-1.00000	-1.00000	0.00042	-1.00000	-1.00000
13807	Gandy	Cluster	un	6121052	0.00000	-1.00000	-1.00000	0.00000	-1.00000	-1.00000	0.00508	-1.00000	-1.00000	0.00012	-1.00000	-1.00000
13809	Gandy	Cluster	un	6122705	0.00000	-1.00000	-1.00000	0.00000	-1.00000	-1.00000	-0.00502	-1.00000	-1.00000	0.00020	-1.00000	-1.00000
13810	Gandy	Cluster	un	6123502	0.04820	-1.00000	-1.00000	0.00374	-1.00000	-1.00000	0.01220	-1.00000	-1.00000	0.00019	-1.00000	-1.00000
13811	Gandy	Cluster	un	6124265	0.16508	-1.00000	-1.00000	0.06095	-1.00000	-1.00000	0.06095	-1.00000	-1.00000	0.00037	-1.00000	-1.00000
13815	Gandy	Cluster	un	6125875	0.04067	-1.00000	-1.00000	0.00302	-1.00000	-1.00000	0.00284	-1.00000	-1.00000	0.00009	-1.00000	-1.00000
13818	Gandy	Cluster	un	6127533	0.27939	-1.00000	-1.00000	0.28076	-1.00000	-1.00000	0.25947	-1.00000	-1.00000	0.00079	-1.00000	-1.00000
13827	Gandy	Cluster	un	6133259	0.16000	-1.00000	-1.00000	0.03670	-1.00000	-1.00000	0.07867	-1.00000	-1.00000	0.00038	-1.00000	-1.00000
13829	Gandy	Cluster	un	6134043	-0.00933	-1.00000	-1.00000	-0.00458	-1.00000	-1.00000	-0.01347	-1.00000	-1.00000	0.00056	-1.00000	-1.00000
13834	Gandy	Cluster	un	6135591	0.01198	-1.00000	-1.00000	0.01060	-1.00000	-1.00000	0.00878	-1.00000	-1.00000	0.00066	-1.00000	-1.00000
13842	Gandy	Cluster	un	6138779	-0.00767	-1.00000	-1.00000	-0.00029	-1.00000	-1.00000	0.01323	-1.00000	-1.00000	0.00020	-1.00000	-1.00000
13843	Gandy	Cluster	un	6139634	0.00561	-1.00000	-1.00000	0.00021	-1.00000	-1.00000	0.02159	-1.00000	-1.00000	0.00020	-1.00000	-1.00000
13856	Gandy	Cluster	un	6146868	0.57626	-1.00000	-1.00000	0.44237	-1.00000	-1.00000	0.43043	-1.00000	-1.00000	0.00085	-1.00000	-1.00000
13861	Gandy	Cluster	un	6150066	-0.00235	-1.00000	-1.00000	-0.00008	-1.00000	-1.00000	0.00008	-1.00000	-1.00000	0.00012	-1.00000	-1.00000
13862	Gandy	Cluster	un	6150891	-0.00000	-1.00000	-1.00000	-0.00000	-1.00000	-1.00000	-0.00000	-1.00000	-1.00000	0.00004	-1.00000	-1.00000
13863	Gandy	Cluster	un	6151785	-0.00767	-1.00000	-1.00000	-0.00029	-1.00000	-1.00000	0.03472	-1.00000	-1.00000	0.00029	-1.00000	-1.00000
13871	Gandy	Cluster	un	6155764	-0.00000	-1.00000	-1.00000	-0.00000	-1.00000	-1.00000	-0.00000	-1.00000	-1.00000	0.00004	-1.00000	-1.00000
13874	Gandy	Cluster	un	6156566	0.09834	-1.00000	-1.00000	0.01534	-1.00000	-1.00000	0.01567	-1.00000	-1.00000	0.00017	-1.00000	-1.00000
13883	Gandy	Cluster	un	6159793	0.07407	-1.00000	-1.00000	0.00881	-1.00000	-1.00000	0.00361	-1.00000	-1.00000	0.00028	-1.00000	-1.00000
13886	Gandy	Cluster	un	6160585	0.07407	-1.00000	-1.00000	0.00881	-1.00000	-1.00000	0.00361	-1.00000	-1.00000	0.00027	-1.00000	-1.00000
13897	Gandy	Cluster	un	6164622	0.20818	-1.00000	-1.00000	0.05720	-1.00000	-1.00000	0.05181	-1.00000	-1.00000	0.00038	-1.00000	-1.00000
13904	Gandy	Cluster	un	6166998	0.50074	-1.00000	-1.00000	0.32498	-1.00000	-1.00000	0.33752	-1.00000	-1.00000	0.00069	-1.00000	-1.00000
13913	Gandy	Cluster	un	6169416	-0.00000	-1.00000	-1.00000	-0.00000	-1.00000	-1.00000	-0.00000	-1.00000	-1.00000	0.00004	-1.00000	-1.00000
13915	Gandy	Cluster	un	6170957	0.06470	-1.00000	-1.00000	0.00736	-1.00000	-1.00000	0.00300	-1.00000	-1.00000	0.00021	-1.00000	-1.00000
13917	Gandy	Cluster	un	6172532	0.88889	-1.00000	-1.00000	0.88106	-1.00000	-1.00000	0.88044	-1.00000	-1.00000	0.00114	-1.00000	-1.00000
13925	Gandy	Cluster	un	6176467	-0.00235	-1.00000	-1.00000	-0.00008	-1.00000	-1.00000	0.00008	-1.00000	-1.00000	0.00011	-1.00000	-1.00000
13926	Gandy	Cluster	un	6177319	0.04420	-1.00000	-1.00000	0.00354	-1.00000	-1.00000	0.00332	-1.00000	-1.00000	0.00010	-1.00000	-1.00000
13930	Gandy	Cluster	un	6180440	-0.00000	-1.00000	-1.00000	-0.00000	-1.00000	-1.00000	-0.00000	-1.00000	-1.00000	0.00004	-1.00000	-1.00000
13931	Gandy	Cluster	un	6181249	0.19845	-1.00000	-1.00000	0.04545	-1.00000	-1.00000	0.09204	-1.00000	-1.00000	0.00042	-1.00000	-1.00000
13947	Gandy	Cluster	un	6186354	0.14815	-1.00000	-1.00000	0.03120	-1.00000	-1.00000	0.03120	-1.00000	-1.00000	0.00021	-1.00000	-1.00000
13948	Gandy	Cluster	un	6187210	-0.00565	-1.00000	-1.00000	-0.00022	-1.00000	-1.00000	-0.00429	-1.00000	-1.00000	0.00029	-1.00000	-1.00000
13953	Gandy	Cluster	un	6190409	-0.00000	-1.00000	-1.00000	-0.00000	-1.00000	-1.00000	-0.00000	-1.00000	-1.00000	0.00004	-1.00000	-1.00000
13971	Gandy	Cluster	un	6199774	0.19845	-1.00000	-1.00000	0.04545	-1.00000	-1.00000	0.12678	-1.00000	-1.00000	0.00046	-1.00000	-1.00000
13973	Gandy	Cluster	un	6200580	-0.03448	-1.00000	-1.00000	-0.00238	-1.00000	-1.00000	-0.00238	-1.00000	-1.00000	0.00008	-1.00000	-1.00000
13974	Gandy	Cluster	un	6201356	0.23364	-1.00000	-1.00000	0.08013	-1.00000	-1.00000	0.06667	-1.00000	-1.00000	0.00039	-1.00000	-1.00000
13984	Gandy	Cluster	un	6206956	0.75528	-1.00000	-1.00000	0.68965	-1.00000	-1.00000	0.68530	-1.00000	-1.00000	0.00091	-1.00000	-1.00000
13987	Gandy	Cluster	un	6208467	0.83221	-1.00000	-1.00000	0.80519	-1.00000	-1.00000	0.79503	-1.00000	-1.00000	0.00107	-1.00000	-1.00000
13993	Gandy	Cluster	un	6210900	0.00000	-1.00000	-1.00000	0.00000	-1.00000	-1.00000	-0.00502	-1.00000	-1.00000	0.00020	-1.00000	-1.00000
13998	Gandy	Cluster	un	6212435	0.03448	-1.00000	-1.00000	0.00246	-1.00000	-1.00000	0.00246	-1.00000	-1.00000	0.00008	-1.00000	-1.00000
14001	Gandy	Cluster	un	6214125	-0.00489	-1.00000	-1.00000	-0.00018	-1.00000	-1.00000	0.01104	-1.00000	-1.00000	0.00020	-1.00000	-1.00000
14010	Gandy	Cluster	un	6217274	0.96552	-1.00000	-1.00000	0.96552	-1.00000	-1.00000	0.96552	-1.00000	-1.00000	0.00117	-1.00000	-1.00000
14012	Gandy	Cluster	un	6218866	0.11672	-1.00000	-1.00000	0.01853	-1.00000	-1.00000	0.01818	-1.00000	-1.00000	0.00019	-1.00000	-1.00000
14017	Gandy	Cluster	un	6222035	0.10345	-1.00000	-1.00000	0.01567	-1.00000	-1.00000	0.01567	-1.00000	-1.00000	0.00016	-1.00000	-1.00000
14020	Gandy	Cluster	un	6223721	0.24138	-1.00000	-1.00000	0.08069	-1.00000	-1.00000	0.08069	-1.00000	-1.00000	0.00033	-1.00000	-1.00000
14025	Gandy	Cluster	un	6225289	0.19238	-1.00000	-1.00000	0.04856	-1.00000	-1.00000	0.06452	-1.00000	-1.00000	0.00035	-1.00000	-1.00000
14027	Gandy	Cluster	un	6226048	0.37984	-1.00000	-1.00000	0.17493	-1.00000	-1.00000	0.26396	-1.00000	-1.00000	0.00060	-1.00000	-1.00000
14030	Gandy	Cluster	un	6226889	-0.00000	-1.00000	-1.00000	-0.00000	-1.00000	-1.00000	-0.00000	-1.00000	-1.00000	0.00004	-1.00000	-1.00000
14039	Gandy	Cluster	un	6231487	0.34255	-1.00000	-1.00000	0.15689	-1.00000	-1.00000	0.15625	-1.00000	-1.00000	0.00043	-1.00000	-1.00000
14040	Gandy	Cluster	un	6232321	-0.00565	-1.00000	-1.00000	-0.00022	-1.00000	-1.00000	0.00778	-1.00000	-1.00000	0.00034	-1.00000	-1.00000
14042	Gandy	Cluster	un	6233950	0.05930	-1.00000	-1.00000	0.02596	-1.00000	-1.00000	0.06486	-1.00000	-1.00000	0.00048	-1.00000	-1.00000
14043	Gandy	Cluster	un	6234796	-0.03841	-1.00000	-1.00000	-0.00296	-1.00000	-1.00000	-0.00486	-1.00000	-1.00000	0.00029	-1.00000	-1.00000
14046	Gandy	Cluster	un	6236443	0.27018	-1.00000	-1.00000	0.21071	-1.00000	-1.00000	0.20587	-1.00000	-1.00000	0.00079	-1.00000	-1.00000
14062	Gandy	Cluster	un	6243536	0.00251	-1.00000	-1.00000	0.00009	-1.00000	-1.00000	-0.00000	-1.00000	-1.00000	0.00005	-1.00000	-1.00000
14064	Gandy	Cluster	un	6244300	0.00340	-1.00000	-1.00000	0.00014	-1.00000	-1.00000	-0.01093	-1.00000	-1.00000	0.00041	-1.00000	-1.00000
14081	Gandy	Cluster	un	6250745	0.00000	-1.00000	-1.00000	0.00000	-1.00000	-1.00000	-0.00502	-1.00000	-1.00000	0.00021	-1.00000	-1.00000
14094	Gandy	Cluster	un	6255850	0.00251	-1.00000	-1.00000	0.00009	-1.00000	-1.00000	-0.00000	-1.00000	-1.00000	0.00004	-1.00000	-1.00000
14103	Gandy	Cluster	un	6257574	0.06897	-1.00000	-1.00000	0.00760	-1.00000	-1.00000	0.00760	-1.00000	-1.00000	0.00012	-1.00000	-1.00000
14115	Gandy	Cluster	un	6262218	-0.00235	-1.00000	-1.00000	-0.00008	-1.00000	-1.00000	-0.00000	-1.00000	-1.00000	0.00004	-1.00000	-1.00000
14120	Gandy	Cluster	un	6263022	0.01299	-1.00000	-1.00000	0.01115	-1.00000	-1.00000	-0.00385	-1.00000	-1.00000	0.00071	-1.00000	-1.00000
14121	Gandy	Cluster	un	6263842	0.00951	-1.00000	-1.00000	0.00037	-1.00000	-1.00000	0.05121	-1.00000	-1.00000	0.00028	-1.00000	-1.00000
14124	Gandy	Cluster	un	6265413	0.00290	-1.00000	-1.00000	0.00011	-1.00000	-1.00000	0.00589	-1.00000	-1.00000	0.00018	-1.00000	-1.00000
14131	Gandy	Cluster	un	6269229	0.00251	-1.00000	-1.00000	0.00009	-1.00000	-1.00000	-0.00000	-1.00000	-1.00000	0.00004	-1.00000	-1.00000
14146	Gandy	Cluster	un	6273300	0.03429	-1.00000	-1.00000	0.03550	-1.00000	-1.00000	0.01899	-1.00000	-1.00000	0.00079	-1.00000	-1.00000
14149	Gandy	Cluster	un	6274081	0.06897	-1.00000	-1.00000	0.00760	-1.00000	-1.00000	0.00760	-1.00000	-1.00000	0.00013	-1.00000	-1.00000
14168	Gandy	Cluster	un	6279119	-0.00000	-1.00000	-1.00000	-0.00000	-1.00000	-1.00000	-0.00000	-1.00000	-1.00000	0.00004	-1.00000	-1.00000
14169	Gandy	Cluster	un	6279933	0.47335	-1.00000	-1.00000	0.32501	-1.00000	-1.00000	0.31070	-1.00000	-1.00000	0.00062	-1.00000	-1.00000
14182	Gandy	Cluster	un	6286344	-0.00565	-1.00000	-1.00000	-0.00022	-1.00000	-1.00000	-0.00000	-1.00000	-1.00000	0.00004	-1.00000	-1.00000
14184	Gandy	Cluster	un	6288036	0.04215	-1.00000	-1.00000	0.01313	-1.00000	-1.00000	0.01313	-1.00000	-1.00000	0.00028	-1.00000	-1.00000
14188	Gandy	Cluster	un	6291275	0.09410	-1.00000	-1.00000	0.09705	-1.00000	-1.00000	0.09081	-1.00000	-1.00000	0.00075	-1.00000	-1.00000
14192	Gandy	Cluster	un	6292094	-0.00000	-1.00000	-1.00000	-0.00000	-1.00000	-1.00000	-0.00000	-1.00000	-1.00000	0.00004	-1.00000	-1.00000
14197	Gandy	Cluster	un	6294562	0.96296	-1.00000	-1.00000	0.96296	-1.00000	-1.00000	0.96315	-1.00000	-1.00000	0.00118	-1.00000	-1.00000
14201	Gandy	Cluster	un	6295383	-0.00000	-1.00000	-1.00000	-0.00000	-1.00000	-1.00000	-0.00000	-1.00000	-1.00000	0.00004	-1.00000	-1.00000
14203	Gandy	Cluster	un	6296211	-0.00000	-1.00000	-1.00000	-0.00000	-1.00000	-1.00000	-0.00000	-1.00000	-1.00000	0.00004	-1.00000	-1.00000
14205	Gandy	Cluster	un	6297797	0.10345	-1.00000	-1.00000	0.01567	-1.00000	-1.00000	0.01567	-1.00000	-1.00000	0.00017	-1.00000	-1.00000
14215	Gandy	Cluster	un	6301814	0.28945	-1.00000	-1.00000	0.11138	-1.00000	-1.00000	0.12556	-1.00000	-1.00000	0.00053	-1.00000	-1.00000
14218	Gandy	Cluster	un	6303411	0.85015	-1.00000	-1.00000	0.85239	-1.00000	-1.00000	0.85212	-1.00000	-1.00000	0.00109	-1.00000	-1.00000
14227	Gandy	Cluster	un	6305800	-0.03587	-1.00000	-1.00000	-0.03720	-1.00000	-1.00000	-0.01182	-1.00000	-1.00000	0.00064	-1.00000	-1.00000
14229	Gandy	Cluster	un	6306683	0.11111	-1.00000	-1.00000	0.01818	-1.00000	-1.00000	0.01818	-1.00000	-1.00000	0.00018	-1.00000	-1.00000
14231	Gandy	Cluster	un	6307492	-0.00000	-1.00000	-1.00000	-0.00000	-1.00000	-1.00000	-0.00000	-1.00000	-1.00000	0.00005	-1.00000	-1.00000
14235	Gandy	Cluster	un	6308230	0.57286	-1.00000	-1.00000	0.47699	-1.00000	-1.00000	0.44762	-1.00000	-1.00000	0.00087	-1.00000	-1.00000
14237	Gandy	Cluster	un	6309766	0.03320	-1.00000	-1.00000	0.00263	-1.00000	-1.00000	0.01050	-1.00000	-1.00000	0.00019	-1.00000	-1.00000
14238	Gandy	Cluster	un	6310482	-0.03448	-1.00000	-1.00000	-0.00238	-1.00000	-1.00000	-0.00238	-1.00000	-1.00000	0.00008	-1.00000	-1.00000
14246	Gandy	Cluster	un	6313657	0.00561	-1.00000	-1.00000	0.00021	-1.00000	-1.00000	-0.00000	-1.00000	-1.00000	0.00006	-1.00000	-1.00000
14247	Gandy	Cluster	un	6314348	-0.03567	-1.00000	-1.00000	-0.00255	-1.00000	-1.00000	0.00018	-1.00000	-1.00000	0.00018	-1.00000	-1.00000
14252	Gandy	Cluster	un	6316636	0.00779	-1.00000	-1.00000	0.00465	-1.00000	-1.00000	0.00976	-1.00000	-1.00000	0.00061	-1.00000	-1.00000
14256	Gandy	Cluster	un	6318187	0.03448	-1.00000	-1.00000	0.00246	-1.00000	-1.00000	0.00246	-1.00000	-1.00000	0.00009	-1.00000	-1.00000
14265	Gandy	Cluster	un	6322089	0.89322	-1.00000	-1.00000	0.88971	-1.00000	-1.00000	0.88973	-1.00000	-1.00000	0.00117	-1.00000	-1.00000
14285	Gandy	Cluster	un	6329296	-0.00000	-1.00000	-1.00000	-0.00000	-1.00000	-1.00000	-0.00000	-1.00000	-1.00000	0.00004	-1.00000	-1.00000
14289	Gandy	Cluster	un	6330937	0.00251	-1.00000	-1.00000	0.00009	-1.00000	-1.00000	0.00508	-1.00000	-1.00000	0.00012	-1.00000	-1.00000
14297	Gandy	Cluster	un	6333450	0.00251	-1.00000	-1.00000	0.00009	-1.00000	-1.00000	-0.00000	-1.00000	-1.00000	0.00004	-1.00000	-1.00000
14317	Gandy	Cluster	un	6336583	-0.00235	-1.00000	-1.00000	-0.00008	-1.00000	-1.00000	-0.00000	-1.00000	-1.00000	0.00005	-1.00000	-1.00000
14325	Gandy	Cluster	un	6340803	-0.01458	-1.00000	-1.00000	-0.00337	-1.00000	-1.00000	-0.00486	-1.00000	-1.00000	0.00033	-1.00000	-1.00000
14336	Gandy	Cluster	un	6345583	0.03114	-1.00000	-1.00000	0.00229	-1.00000	-1.00000	0.00018	-1.00000	-1.00000	0.00016	-1.00000	-1.00000
14359	Gandy	Cluster	un	6356071	0.10495	-1.00000	-1.00000	0.01335	-1.00000	-1.00000	0.08145	-1.00000	-1.00000	0.00037	-1.00000	-1.00000
14362	Gandy	Cluster	un	6357688	-0.03704	-1.00000	-1.00000	-0.01216	-1.00000	-1.00000	-0.01216	-1.00000	-1.00000	0.00030	-1.00000	-1.00000
14365	Gandy	Cluster	un	6360030	-0.00000	-1.00000	-1.00000	-0.00000	-1.00000	-1.00000	-0.00000	-1.00000	-1.00000	0.00005	-1.00000	-1.00000
14373	Gandy	Cluster	un	6362447	0.13793	-1.00000	-1.00000	0.02685	-1.00000	-1.00000	0.02685	-1.00000	-1.00000	0.00020	-1.00000	-1.00000
14395	Gandy	Cluster	un	6367122	0.00561	-1.00000	-1.00000	0.00021	-1.00000	-1.00000	0.02159	-1.00000	-1.00000	0.00020	-1.00000	-1.00000
14399	Gandy	Cluster	un	6368763	-0.00235	-1.00000	-1.00000	-0.00008	-1.00000	-1.00000	0.00008	-1.00000	-1.00000	0.00017	-1.00000	-1.00000
14401	Gandy	Cluster	un	6369323	0.27586	-1.00000	-1.00000	0.10573	-1.00000	-1.00000	0.10573	-1.00000	-1.00000	0.00034	-1.00000	-1.00000
14403	Gandy	Cluster	un	6370203	-0.00315	-1.00000	-1.00000	-0.00013	-1.00000	-1.00000	-0.01039	-1.00000	-1.00000	0.00036	-1.00000	-1.00000
14411	Gandy	Cluster	un	6371895	0.00290	-1.00000	-1.00000	0.00011	-1.00000	-1.00000	0.02159	-1.00000	-1.00000	0.00019	-1.00000	-1.00000
14418	Gandy	Cluster	un	6374991	0.00340	-1.00000	-1.00000	0.00014	-1.00000	-1.00000	-0.01093	-1.00000	-1.00000	0.00034	-1.00000	-1.00000
14420	Gandy	Cluster	un	6375780	0.44828	-1.00000	-1.00000	0.28173	-1.00000	-1.00000	0.28173	-1.00000	-1.00000	0.00059	-1.00000	-1.00000
14427	Gandy	Cluster	un	6379272	0.08000	-1.00000	-1.00000	0.01033	-1.00000	-1.00000	0.00441	-1.00000	-1.00000	0.00023	-1.00000	-1.00000
14434	Gandy	Cluster	un	6380720	0.23364	-1.00000	-1.00000	0.08013	-1.00000	-1.00000	0.08069	-1.00000	-1.00000	0.00033	-1.00000	-1.00000
14441	Gandy	Cluster	un	6383977	-0.00270	-1.00000	-1.00000	-0.00010	-1.00000	-1.00000	0.00011	-1.00000	-1.00000	0.00014	-1.00000	-1.00000
14450	Gandy	Cluster	un	6388006	0.06470	-1.00000	-1.00000	0.00736	-1.00000	-1.00000	0.00760	-1.00000	-1.00000	0.00012	-1.00000	-1.00000
14454	Gandy	Cluster	un	6389599	0.03448	-1.00000	-1.00000	0.00246	-1.00000	-1.00000	0.00246	-1.00000	-1.00000	0.00008	-1.00000	-1.00000
14463	Gandy	Cluster	un	6394388	-0.03120	-1.00000	-1.00000	-0.01836	-1.00000	-1.00000	-0.03046	-1.00000	-1.00000	0.00069	-1.00000	-1.00000
14473	Gandy	Cluster	un	6399229	0.04838	-1.00000	-1.00000	0.00422	-1.00000	-1.00000	0.00323	-1.00000	-1.00000	0.00040	-1.00000	-1.00000
14477	Gandy	Cluster	un	6400879	0.26765	-1.00000	-1.00000	0.09455	-1.00000	-1.00000	0.11315	-1.00000	-1.00000	0.00042	-1.00000	-1.00000
14488	Gandy	Cluster	un	6404076	0.07875	-1.00000	-1.00000	0.00908	-1.00000	-1.00000	0.00881	-1.00000	-1.00000	0.00013	-1.00000	-1.00000
14489	Gandy	Cluster	un	6404920	0.96305	-1.00000	-1.00000	0.96551	-1.00000	-1.00000	0.96553	-1.00000	-1.00000	0.00119	-1.00000	-1.00000
14501	Gandy	Cluster	un	6411329	0.04067	-1.00000	-1.00000	0.00302	-1.00000	-1.00000	0.00284	-1.00000	-1.00000	0.00009	-1.00000	-1.00000
14504	Gandy	Cluster	un	6413723	0.03320	-1.00000	-1.00000	0.00263	-1.00000	-1.00000	-0.00486	-1.00000	-1.00000	0.00029	-1.00000	-1.00000
14511	Gandy	Cluster	un	6416115	0.00951	-1.00000	-1.00000	0.00037	-1.00000	-1.00000	0.05121	-1.00000	-1.00000	0.00030	-1.00000	-1.00000
14516	Gandy	Cluster	un	6419457	0.24449	-1.00000	-1.00000	0.06949	-1.00000	-1.00000	0.15534	-1.00000	-1.00000	0.00044	-1.00000	-1.00000
14517	Gandy	Cluster	un	6420374	0.37037	-1.00000	-1.00000	0.19332	-1.00000	-1.00000	0.21372	-1.00000	-1.00000	0.00051	-1.00000	-1.00000
14523	Gandy	Cluster	un	6421998	0.13263	-1.00000	-1.00000	0.02215	-1.00000	-1.00000	0.05900	-1.00000	-1.00000	0.00034	-1.00000	-1.00000
14530	Gandy	Cluster	un	6426008	1.00000	-1.00000	-1.00000	1.00000	-1.00000	-1.00000	0.98269	-1.00000	-1.00000	0.00123	-1.00000	-1.00000
14538	Gandy	Cluster	un	6431019	0.03448	-1.00000	-1.00000	0.00246	-1.00000	-1.00000	0.00246	-1.00000	-1.00000	0.00007	-1.00000	-1.00000
14556	Gandy	Cluster	un	6439778	0.00561	-1.00000	-1.00000	0.00021	-1.00000	-1.00000	0.02159	-1.00000	-1.00000	0.00019	-1.00000	-1.00000
14570	Gandy	Cluster	un	6443866	0.07875	-1.00000	-1.00000	0.00908	-1.00000	-1.00000	0.01894	-1.00000	-1.00000	0.00020	-1.00000	-1.00000
14581	Gandy	Cluster	un	6446339	0.07875	-1.00000	-1.00000	0.00908	-1.00000	-1.00000	0.00881	-1.00000	-1.00000	0.00013	-1.00000	-1.00000
14598	Gandy	Cluster	un	6451984	0.00561	-1.00000	-1.00000	0.00021	-1.00000	-1.00000	-0.00000	-1.00000	-1.00000	0.00005	-1.00000	-1.00000
14604	Gandy	Cluster	un	6453510	0.00290	-1.00000	-1.00000	0.00011	-1.00000	-1.00000	0.00088	-1.00000	-1.00000	0.00027	-1.00000	-1.00000
14609	Gandy	Cluster	un	6455808	0.00251	-1.00000	-1.00000	0.00009	-1.00000	-1.00000	0.00508	-1.00000	-1.00000	0.00012	-1.00000	-1.00000
14614	Gandy	Cluster	un	6458437	0.03448	-1.00000	-1.00000	0.00246	-1.00000	-1.00000	0.00246	-1.00000	-1.00000	0.00009	-1.00000	-1.00000
14619	Gandy	Cluster	un	6460048	0.07875	-1.00000	-1.00000	0.00908	-1.00000	-1.00000	0.00881	-1.00000	-1.00000	0.00014	-1.00000	-1.00000
14638	Gandy	Cluster	un	6468509	-0.00000	-1.00000	-1.00000	-0.00000	-1.00000	-1.00000	-0.00000	-1.00000	-1.00000	0.00004	-1.00000	-1.00000
14642	Gandy	Cluster	un	6469962	0.15032	-1.00000	-1.00000	0.05084	-1.00000	-1.00000	0.06667	-1.00000	-1.00000	0.00042	-1.00000	-1.00000
14648	Gandy	Cluster	un	6472193	1.00000	-1.00000	-1.00000	1.00000	-1.00000	-1.00000	1.00000	-1.00000	-1.00000	0.00126	-1.00000	-1.00000
14651	Gandy	Cluster	un	6472988	0.00340	-1.00000	-1.00000	0.00014	-1.00000	-1.00000	0.01768	-1.00000	-1.00000	0.00035	-1.00000	-1.00000
14671	Gandy	Cluster	un	6479419	0.29856	-1.00000	-1.00000	0.11199	-1.00000	-1.00000	0.13214	-1.00000	-1.00000	0.00044	-1.00000	-1.00000
14672	Gandy	Cluster	un	6480233	-0.00000	-1.00000	-1.00000	-0.00000	-1.00000	-1.00000	-0.00000	-1.00000	-1.00000	0.00005	-1.00000	-1.00000
14688	Gandy	Cluster	un	6488148	0.20690	-1.00000	-1.00000	0.05924	-1.00000	-1.00000	0.05924	-1.00000	-1.00000	0.00029	-1.00000	-1.00000
14694	Gandy	Cluster	un	6492387	0.10345	-1.00000	-1.00000	0.01567	-1.00000	-1.00000	0.01567	-1.00000	-1.00000	0.00016	-1.00000	-1.00000
14695	Gandy	Cluster	un	6493205	0.08538	-1.00000	-1.00000	0.01066	-1.00000	-1.00000	0.04304	-1.00000	-1.00000	0.00031	-1.00000	-1.00000
14699	Gandy	Cluster	un	6495553	-0.00000	-1.00000	-1.00000	-0.00000	-1.00000	-1.00000	-0.00000	-1.00000	-1.00000	0.00004	-1.00000	-1.00000
14708	Gandy	Cluster	un	6499400	-0.00000	-1.00000	-1.00000	-0.00000	-1.00000	-1.00000	-0.00000	-1.00000	-1.00000	0.00004	-1.00000	-1.00000
14713	Gandy	Cluster	un	6500146	0.29006	-1.00000	-1.00000	0.09910	-1.00000	-1.00000	0.15157	-1.00000	-1.00000	0.00052	-1.00000	-1.00000
14720	Gandy	Cluster	un	6501746	0.02760	-1.00000	-1.00000	0.00210	-1.00000	-1.00000	0.00021	-1.00000	-1.00000	0.00016	-1.00000	-1.00000
14724	Gandy	Cluster	un	6502561	0.46785	-1.00000	-1.00000	0.27111	-1.00000	-1.00000	0.32108	-1.00000	-1.00000	0.00062	-1.00000	-1.00000
14740	Gandy	Cluster	un	6509824	0.87817	-1.00000	-1.00000	0.87478	-1.00000	-1.00000	0.88157	-1.00000	-1.00000	0.00120	-1.00000	-1.00000
14741	Gandy	Cluster	un	6510585	0.15460	-1.00000	-1.00000	0.03162	-1.00000	-1.00000	0.04578	-1.00000	-1.00000	0.00026	-1.00000	-1.00000
14743	Gandy	Cluster	un	6512217	0.14815	-1.00000	-1.00000	0.03120	-1.00000	-1.00000	0.04578	-1.00000	-1.00000	0.00030	-1.00000	-1.00000
14747	Gandy	Cluster	un	6513660	0.04348	-1.00000	-1.00000	0.00394	-1.00000	-1.00000	0.06452	-1.00000	-1.00000	0.00033	-1.00000	-1.00000
14750	Gandy	Cluster	un	6514473	0.23006	-1.00000	-1.00000	0.06951	-1.00000	-1.00000	0.08696	-1.00000	-1.00000	0.00039	-1.00000	-1.00000
14754	Gandy	Cluster	un	6516915	0.77105	-1.00000	-1.00000	0.74023	-1.00000	-1.00000	0.73365	-1.00000	-1.00000	0.00096	-1.00000	-1.00000
14756	Gandy	Cluster	un	6517763	0.32530	-1.00000	-1.00000	0.13366	-1.00000	-1.00000	0.17958	-1.00000	-1.00000	0.00058	-1.00000	-1.00000
14758	Gandy	Cluster	un	6519325	0.04000	-1.00000	-1.00000	0.00332	-1.00000	-1.00000	-0.00760	-1.00000	-1.00000	0.00036	-1.00000	-1.00000
14768	Gandy	Cluster	un	6523178	0.03448	-1.00000	-1.00000	0.00246	-1.00000	-1.00000	0.00246	-1.00000	-1.00000	0.00008	-1.00000	-1.00000
14773	Gandy	Cluster	un	6525692	-0.02055	-1.00000	-1.00000	-0.00226	-1.00000	-1.00000	0.00300	-1.00000	-1.00000	0.00020	-1.00000	-1.00000
14777	Gandy	Cluster	un	6528885	-0.01350	-1.00000	-1.00000	-0.00217	-1.00000	-1.00000	0.00885	-1.00000	-1.00000	0.00034	-1.00000	-1.00000
14779	Gandy	Cluster	un	6529644	-0.02395	-1.00000	-1.00000	-0.00904	-1.00000	-1.00000	0.01771	-1.00000	-1.00000	0.00045	-1.00000	-1.00000
14782	Gandy	Cluster	un	6531356	0.64934	-1.00000	-1.00000	0.54767	-1.00000	-1.00000	0.54877	-1.00000	-1.00000	0.00078	-1.00000	-1.00000
14785	Gandy	Cluster	un	6533837	0.04000	-1.00000	-1.00000	0.00332	-1.00000	-1.00000	-0.00760	-1.00000	-1.00000	0.00041	-1.00000	-1.00000
14788	Gandy	Cluster	un	6534538	0.84839	-1.00000	-1.00000	0.84839	-1.00000	-1.00000	0.85080	-1.00000	-1.00000	0.00109	-1.00000	-1.00000
14793	Gandy	Cluster	un	6537783	0.10495	-1.00000	-1.00000	0.01335	-1.00000	-1.00000	0.05025	-1.00000	-1.00000	0.00033	-1.00000	-1.00000
14798	Gandy	Cluster	un	6539373	-0.04000	-1.00000	-1.00000	-0.00321	-1.00000	-1.00000	-0.00652	-1.00000	-1.00000	0.00032	-1.00000	-1.00000
14813	Gandy	Cluster	un	6544965	0.15194	-1.00000	-1.00000	0.02682	-1.00000	-1.00000	0.04215	-1.00000	-1.00000	0.00029	-1.00000	-1.00000
14833	Gandy	Cluster	un	6552337	-0.00270	-1.00000	-1.00000	-0.00010	-1.00000	-1.00000	0.01069	-1.00000	-1.00000	0.00019	-1.00000	-1.00000
14842	Gandy	Cluster	un	6554868	0.11672	-1.00000	-1.00000	0.01853	-1.00000	-1.00000	0.01818	-1.00000	-1.00000	0.00017	-1.00000	-1.00000
14847	Gandy	Cluster	un	6557178	-0.00565	-1.00000	-1.00000	-0.00022	-1.00000	-1.00000	0.00778	-1.00000	-1.00000	0.00034	-1.00000	-1.00000
14858	Gandy	Cluster	un	6561088	0.29856	-1.00000	-1.00000	0.11199	-1.00000	-1.00000	0.16077	-1.00000	-1.00000	0.00048	-1.00000	-1.00000
14869	Gandy	Cluster	un	6567588	0.29856	-1.00000	-1.00000	0.11199	-1.00000	-1.00000	0.16077	-1.00000	-1.00000	0.00045	-1.00000	-1.00000
14881	Gandy	Cluster	un	6573277	0.03704	-1.00000	-1.00000	0.00284	-1.00000	-1.00000	-0.00227	-1.00000	-1.00000	0.00035	-1.00000	-1.00000
14882	Gandy	Cluster	un	6573805	0.20000	-1.00000	-1.00000	0.05660	-1.00000	-1.00000	0.03733	-1.00000	-1.00000	0.00046	-1.00000	-1.00000
14884	Gandy	Cluster	un	6574610	0.64934	-1.00000	-1.00000	0.54767	-1.00000	-1.00000	0.54877	-1.00000	-1.00000	0.00088	-1.00000	-1.00000
14901	Gandy	Cluster	un	6580806	0.00251	-1.00000	-1.00000	0.00009	-1.00000	-1.00000	-0.00000	-1.00000	-1.00000	0.00004	-1.00000	-1.00000
14909	Gandy	Cluster	un	6583271	0.09054	-1.00000	-1.00000	0.01094	-1.00000	-1.00000	0.02205	-1.00000	-1.00000	0.00021	-1.00000	-1.00000
14912	Gandy	Cluster	un	6585007	-0.00000	-1.00000	-1.00000	-0.00000	-1.00000	-1.00000	-0.00000	-1.00000	-1.00000	0.00004	-1.00000	-1.00000
14914	Gandy	Cluster	un	6585891	0.17241	-1.00000	-1.00000	0.04132	-1.00000	-1.00000	0.04132	-1.00000	-1.00000	0.00022	-1.00000	-1.00000
14918	Gandy	Cluster	un	6588436	-0.00000	-1.00000	-1.00000	-0.00000	-1.00000	-1.00000	-0.00000	-1.00000	-1.00000	0.00004	-1.00000	-1.00000
14921	Gandy	Cluster	un	6589319	-0.00000	-1.00000	-1.00000	-0.00000	-1.00000	-1.00000	-0.00000	-1.00000	-1.00000	0.00004	-1.00000	-1.00000
14922	Gandy	Cluster	un	6590149	0.00290	-1.00000	-1.00000	0.00011	-1.00000	-1.00000	0.00589	-1.00000	-1.00000	0.00014	-1.00000	-1.00000
14927	Gandy	Cluster	un	6591742	0.37986	-1.00000	-1.00000	0.19396	-1.00000	-1.00000	0.19332	-1.00000	-1.00000	0.00044	-1.00000	-1.00000
14928	Gandy	Cluster	un	6592638	0.00251	-1.00000	-1.00000	0.00009	-1.00000	-1.00000	0.00508	-1.00000	-1.00000	0.00012	-1.00000	-1.00000
14945	Gandy	Cluster	un	6597311	0.03448	-1.00000	-1.00000	0.00246	-1.00000	-1.00000	0.00246	-1.00000	-1.00000	0.00008	-1.00000	-1.00000
14951	Gandy	Cluster	un	6599645	0.00561	-1.00000	-1.00000	0.00021	-1.00000	-1.00000	0.02159	-1.00000	-1.00000	0.00021	-1.00000	-1.00000
14956	Gandy	Cluster	un	6600434	0.03448	-1.00000	-1.00000	0.00246	-1.00000	-1.00000	0.00246	-1.00000	-1.00000	0.00008	-1.00000	-1.00000
14959	Gandy	Cluster	un	6602160	0.19376	-1.00000	-1.00000	0.08444	-1.00000	-1.00000	0.10417	-1.00000	-1.00000	0.00042	-1.00000	-1.00000
14961	Gandy	Cluster	un	6603921	0.00251	-1.00000	-1.00000	0.00009	-1.00000	-1.00000	-0.00000	-1.00000	-1.00000	0.00005	-1.00000	-1.00000
14970	Gandy	Cluster	un	6607940	0.04067	-1.00000	-1.00000	0.00302	-1.00000	-1.00000	0.01050	-1.00000	-1.00000	0.00016	-1.00000	-1.00000
14978	Gandy	Cluster	un	6612730	0.11672	-1.00000	-1.00000	0.01853	-1.00000	-1.00000	0.01818	-1.00000	-1.00000	0.00019	-1.00000	-1.00000
14995	Gandy	Cluster	un	6621803	0.17448	-1.00000	-1.00000	0.03767	-1.00000	-1.00000	0.05342	-1.00000	-1.00000	0.00031	-1.00000	-1.00000
14997	Gandy	Cluster	un	6623423	0.06897	-1.00000	-1.00000	0.00760	-1.00000	-1.00000	0.00760	-1.00000	-1.00000	0.00012	-1.00000	-1.00000
14999	Gandy	Cluster	un	6624235	0.03114	-1.00000	-1.00000	0.00229	-1.00000	-1.00000	0.00246	-1.00000	-1.00000	0.00009	-1.00000	-1.00000
15000	Gandy	Cluster	un	6624957	0.08538	-1.00000	-1.00000	0.01066	-1.00000	-1.00000	0.00535	-1.00000	-1.00000	0.00028	-1.00000	-1.00000
15014	Gandy	Cluster	un	6629501	0.00251	-1.00000	-1.00000	0.00009	-1.00000	-1.00000	0.00508	-1.00000	-1.00000	0.00014	-1.00000	-1.00000
15020	Gandy	Cluster	un	6632681	0.00000	-1.00000	-1.00000	0.00000	-1.00000	-1.00000	-0.00502	-1.00000	-1.00000	0.00020	-1.00000	-1.00000
15023	Gandy	Cluster	un	6633478	0.00251	-1.00000	-1.00000	0.00009	-1.00000	-1.00000	0.00508	-1.00000	-1.00000	0.00013	-1.00000	-1.00000
15031	Gandy	Cluster	un	6635041	0.07875	-1.00000	-1.00000	0.00908	-1.00000	-1.00000	0.01894	-1.00000	-1.00000	0.00021	-1.00000	-1.00000
15034	Gandy	Cluster	un	6635841	-0.00270	-1.00000	-1.00000	-0.00010	-1.00000	-1.00000	0.00508	-1.00000	-1.00000	0.00012	-1.00000	-1.00000
15036	Gandy	Cluster	un	6637182	0.96286	-1.00000	-1.00000	0.96001	-1.00000	-1.00000	0.96024	-1.00000	-1.00000	0.00129	-1.00000	-1.00000
15046	Gandy	Cluster	un	6639520	-0.00000	-1.00000	-1.00000	-0.00000	-1.00000	-1.00000	-0.00000	-1.00000	-1.00000	0.00004	-1.00000	-1.00000
15058	Gandy	Cluster	un	6644382	-0.00000	-1.00000	-1.00000	-0.00000	-1.00000	-1.00000	-0.00000	-1.00000	-1.00000	0.00004	-1.00000	-1.00000
15064	Gandy	Cluster	un	6647623	0.04067	-1.00000	-1.00000	0.00302	-1.00000	-1.00000	0.01050	-1.00000	-1.00000	0.00017	-1.00000	-1.00000
15068	Gandy	Cluster	un	6650150	-0.00235	-1.00000	-1.00000	-0.00008	-1.00000	-1.00000	0.00008	-1.00000	-1.00000	0.00014	-1.00000	-1.00000
15079	Gandy	Cluster	un	6654176	0.11672	-1.00000	-1.00000	0.01853	-1.00000	-1.00000	0.03064	-1.00000	-1.00000	0.00032	-1.00000	-1.00000
15082	Gandy	Cluster	un	6654802	-0.00000	-1.00000	-1.00000	-0.00000	-1.00000	-1.00000	-0.00000	-1.00000	-1.00000	0.00005	-1.00000	-1.00000
15088	Gandy	Cluster	un	6657921	0.00000	-1.00000	-1.00000	0.00000	-1.00000	-1.00000	0.00508	-1.00000	-1.00000	0.00011	-1.00000	-1.00000
15094	Gandy	Cluster	un	6659635	0.15877	-1.00000	-1.00000	0.15588	-1.00000	-1.00000	0.18614	-1.00000	-1.00000	0.00073	-1.00000	-1.00000
15095	Gandy	Cluster	un	6660491	0.30515	-1.00000	-1.00000	0.12370	-1.00000	-1.00000	0.14308	-1.00000	-1.00000	0.00046	-1.00000	-1.00000
15103	Gandy	Cluster	un	6663274	0.16396	-1.00000	-1.00000	0.06033	-1.00000	-1.00000	0.07200	-1.00000	-1.00000	0.00054	-1.00000	-1.00000
15104	Gandy	Cluster	un	6664037	0.06897	-1.00000	-1.00000	0.00760	-1.00000	-1.00000	0.00760	-1.00000	-1.00000	0.00012	-1.00000	-1.00000
15113	Gandy	Cluster	un	6665515	0.00251	-1.00000	-1.00000	0.00009	-1.00000	-1.00000	0.00508	-1.00000	-1.00000	0.00012	-1.00000	-1.00000
15121	Gandy	Cluster	un	6668717	0.00340	-1.00000	-1.00000	0.00014	-1.00000	-1.00000	-0.00378	-1.00000	-1.00000	0.00038	-1.00000	-1.00000
15125	Gandy	Cluster	un	6671716	0.00251	-1.00000	-1.00000	0.00009	-1.00000	-1.00000	0.00508	-1.00000	-1.00000	0.00013	-1.00000	-1.00000
15133	Gandy	Cluster	un	6676501	0.26765	-1.00000	-1.00000	0.09455	-1.00000	-1.00000	0.09396	-1.00000	-1.00000	0.00033	-1.00000	-1.00000
15146	Gandy	Cluster	un	6682296	-0.03841	-1.00000	-1.00000	-0.00296	-1.00000	-1.00000	-0.00486	-1.00000	-1.00000	0.00027	-1.00000	-1.00000
15160	Gandy	Cluster	un	6689811	-0.00235	-1.00000	-1.00000	-0.00008	-1.00000	-1.00000	-0.00000	-1.00000	-1.00000	0.00004	-1.00000	-1.00000
15175	Gandy	Cluster	un	6695259	0.00000	-1.00000	-1.00000	0.00000	-1.00000	-1.00000	-0.00502	-1.00000	-1.00000	0.00019	-1.00000	-1.00000
15177	Gandy	Cluster	un	6696064	0.45612	-1.00000	-1.00000	0.44450	-1.00000	-1.00000	0.42798	-1.00000	-1.00000	0.00088	-1.00000	-1.00000
15191	Gandy	Cluster	un	6699775	0.91304	-1.00000	-1.00000	0.90945	-1.00000	-1.00000	0.86799	-1.00000	-1.00000	0.00116	-1.00000	-1.00000
15200	Gandy	Cluster	un	6706025	-0.03041	-1.00000	-1.00000	-0.00573	-1.00000	-1.00000	-0.00566	-1.00000	-1.00000	0.00018	-1.00000	-1.00000
15207	Gandy	Cluster	un	6709864	-0.00000	-1.00000	-1.00000	-0.00000	-1.00000	-1.00000	-0.00000	-1.00000	-1.00000	0.00004	-1.00000	-1.00000
15222	Gandy	Cluster	un	6716361	0.00656	-1.00000	-1.00000	0.00026	-1.00000	-1.00000	0.05121	-1.00000	-1.00000	0.00029	-1.00000	-1.00000
15224	Gandy	Cluster	un	6717935	0.83867	-1.00000	-1.00000	0.84582	-1.00000	-1.00000	0.85080	-1.00000	-1.00000	0.00103	-1.00000	-1.00000
15228	Gandy	Cluster	un	6719591	0.00561	-1.00000	-1.00000	0.00021	-1.00000	-1.00000	0.02159	-1.00000	-1.00000	0.00025	-1.00000	-1.00000
15229	Gandy	Cluster	un	6720251	0.09054	-1.00000	-1.00000	0.01094	-1.00000	-1.00000	0.01033	-1.00000	-1.00000	0.00014	-1.00000	-1.00000
15239	Gandy	Cluster	un	6725152	-0.00000	-1.00000	-1.00000	-0.00000	-1.00000	-1.00000	-0.00000	-1.00000	-1.00000	0.00004	-1.00000	-1.00000
15265	Gandy	Cluster	un	6736324	0.07436	-1.00000	-1.00000	0.00994	-1.00000	-1.00000	-0.00300	-1.00000	-1.00000	0.00037	-1.00000	-1.00000
15273	Gandy	Cluster	un	6737991	0.73564	-1.00000	-1.00000	0.66196	-1.00000	-1.00000	0.67930	-1.00000	-1.00000	0.00095	-1.00000	-1.00000
15278	Gandy	Cluster	un	6740512	-0.00000	-1.00000	-1.00000	-0.00000	-1.00000	-1.00000	-0.00000	-1.00000	-1.00000	0.00004	-1.00000	-1.00000
15279	Gandy	Cluster	un	6741412	-0.00000	-1.00000	-1.00000	-0.00000	-1.00000	-1.00000	-0.01068	-1.00000	-1.00000	0.00034	-1.00000	-1.00000
15280	Gandy	Cluster	un	6742168	0.12643	-1.00000	-1.00000	0.02178	-1.00000	-1.00000	0.05900	-1.00000	-1.00000	0.00034	-1.00000	-1.00000
15281	Gandy	Cluster	un	6742960	0.25057	-1.00000	-1.00000	0.09328	-1.00000	-1.00000	0.07826	-1.00000	-1.00000	0.00041	-1.00000	-1.00000
15285	Gandy	Cluster	un	6744551	0.75654	-1.00000	-1.00000	0.74874	-1.00000	-1.00000	0.73544	-1.00000	-1.00000	0.00108	-1.00000	-1.00000
15287	Gandy	Cluster	un	6746232	0.04000	-1.00000	-1.00000	0.00332	-1.00000	-1.00000	0.00545	-1.00000	-1.00000	0.00029	-1.00000	-1.00000
15296	Gandy	Cluster	un	6749406	-0.00235	-1.00000	-1.00000	-0.00008	-1.00000	-1.00000	0.00008	-1.00000	-1.00000	0.00011	-1.00000	-1.00000
15305	Gandy	Cluster	un	6753442	0.00561	-1.00000	-1.00000	0.00021	-1.00000	-1.00000	0.00589	-1.00000	-1.00000	0.00014	-1.00000	-1.00000
15311	Gandy	Cluster	un	6755111	0.00000	-1.00000	-1.00000	0.00000	-1.00000	-1.00000	-0.00502	-1.00000	-1.00000	0.00019	-1.00000	-1.00000
15313	Gandy	Cluster	un	6756619	0.43888	-1.00000	-1.00000	0.28113	-1.00000	-1.00000	0.26599	-1.00000	-1.00000	0.00057	-1.00000	-1.00000
15319	Gandy	Cluster	un	6759016	0.21608	-1.00000	-1.00000	0.05772	-1.00000	-1.00000	0.07534	-1.00000	-1.00000	0.00038	-1.00000	-1.00000
15320	Gandy	Cluster	un	6759768	0.32530	-1.00000	-1.00000	0.13366	-1.00000	-1.00000	0.18797	-1.00000	-1.00000	0.00053	-1.00000	-1.00000
15321	Gandy	Cluster	un	6760574	-0.02184	-1.00000	-1.00000	-0.00259	-1.00000	-1.00000	-0.00809	-1.00000	-1.00000	0.00030	-1.00000	-1.00000
15329	Gandy	Cluster	un	6765443	0.09054	-1.00000	-1.00000	0.01094	-1.00000	-1.00000	0.04304	-1.00000	-1.00000	0.00032	-1.00000	-1.00000
15361	Gandy	Cluster	un	6777423	0.24887	-1.00000	-1.00000	0.08190	-1.00000	-1.00000	0.12954	-1.00000	-1.00000	0.00048	-1.00000	-1.00000
15379	Gandy	Cluster	un	6784402	-0.03623	-1.00000	-1.00000	-0.03674	-1.00000	-1.00000	-0.01086	-1.00000	-1.00000	0.00072	-1.00000	-1.00000
15395	Gandy	Cluster	un	6789831	0.00656	-1.00000	-1.00000	0.00026	-1.00000	-1.00000	0.05121	-1.00000	-1.00000	0.00026	-1.00000	-1.00000
15401	Gandy	Cluster	un	6790722	0.12643	-1.00000	-1.00000	0.02178	-1.00000	-1.00000	0.03571	-1.00000	-1.00000	0.00028	-1.00000	-1.00000
15410	Gandy	Cluster	un	6794779	0.03704	-1.00000	-1.00000	0.00284	-1.00000	-1.00000	0.00284	-1.00000	-1.00000	0.00008	-1.00000	-1.00000
15411	Gandy	Cluster	un	6795622	0.04820	-1.00000	-1.00000	0.00374	-1.00000	-1.00000	0.01220	-1.00000	-1.00000	0.00018	-1.00000	-1.00000
15418	Gandy	Cluster	un	6798013	-0.00000	-1.00000	-1.00000	-0.00000	-1.00000	-1.00000	-0.00000	-1.00000	-1.00000	0.00005	-1.00000	-1.00000
15421	Gandy	Cluster	un	6800332	-0.00000	-1.00000	-1.00000	-0.00000	-1.00000	-1.00000	-0.00000	-1.00000	-1.00000	0.00004	-1.00000	-1.00000
15433	Gandy	Cluster	un	6804977	0.40448	-1.00000	-1.00000	0.23974	-1.00000	-1.00000	0.22406	-1.00000	-1.00000	0.00060	-1.00000	-1.00000
15443	Gandy	Cluster	un	6808860	0.00251	-1.00000	-1.00000	0.00009	-1.00000	-1.00000	-0.00000	-1.00000	-1.00000	0.00004	-1.00000	-1.00000
15445	Gandy	Cluster	un	6809667	0.06897	-1.00000	-1.00000	0.00760	-1.00000	-1.00000	0.00760	-1.00000	-1.00000	0.00012	-1.00000	-1.00000
15447	Gandy	Cluster	un	6811240	-0.00000	-1.00000	-1.00000	-0.00000	-1.00000	-1.00000	-0.00000	-1.00000	-1.00000	0.00004	-1.00000	-1.00000
15457	Gandy	Cluster	un	6815317	0.04820	-1.00000	-1.00000	0.00374	-1.00000	-1.00000	0.01220	-1.00000	-1.00000	0.00018	-1.00000	-1.00000
15467	Gandy	Cluster	un	6819381	0.45419	-1.00000	-1.00000	0.27868	-1.00000	-1.00000	0.29725	-1.00000	-1.00000	0.00063	-1.00000	-1.00000
15487	Gandy	Cluster	un	6826600	-0.00000	-1.00000	-1.00000	-0.00000	-1.00000	-1.00000	-0.00000	-1.00000	-1.00000	0.00004	-1.00000	-1.00000
15489	Gandy	Cluster	un	6827385	0.18452	-1.00000	-1.00000	0.05742	-1.00000	-1.00000	0.04479	-1.00000	-1.00000	0.00039	-1.00000	-1.00000
15490	Gandy	Cluster	un	6828258	0.58298	-1.00000	-1.00000	0.47755	-1.00000	-1.00000	0.45660	-1.00000	-1.00000	0.00094	-1.00000	-1.00000
15499	Gandy	Cluster	un	6832023	0.05748	-1.00000	-1.00000	0.00467	-1.00000	-1.00000	0.03571	-1.00000	-1.00000	0.00025	-1.00000	-1.00000
15500	Gandy	Cluster	un	6832880	0.00561	-1.00000	-1.00000	0.00021	-1.00000	-1.00000	0.02159	-1.00000	-1.00000	0.00019	-1.00000	-1.00000
15511	Gandy	Cluster	un	6839169	0.54343	-1.00000	-1.00000	0.45339	-1.00000	-1.00000	0.45660	-1.00000	-1.00000	0.00077	-1.00000	-1.00000
15512	Gandy	Cluster	un	6840045	-0.00489	-1.00000	-1.00000	-0.00018	-1.00000	-1.00000	-0.00000	-1.00000	-1.00000	0.00004	-1.00000	-1.00000
15523	Gandy	Cluster	un	6844888	0.23006	-1.00000	-1.00000	0.06951	-1.00000	-1.00000	0.08696	-1.00000	-1.00000	0.00040	-1.00000	-1.00000
15527	Gandy	Cluster	un	6848175	0.04820	-1.00000	-1.00000	0.00374	-1.00000	-1.00000	0.03064	-1.00000	-1.00000	0.00022	-1.00000	-1.00000
15528	Gandy	Cluster	un	6849085	-0.00000	-1.00000	-1.00000	-0.00000	-1.00000	-1.00000	-0.00000	-1.00000	-1.00000	0.00004	-1.00000	-1.00000
15529	Gandy	Cluster	un	6849933	0.05553	-1.00000	-1.00000	0.00674	-1.00000	-1.00000	0.02884	-1.00000	-1.00000	0.00034	-1.00000	-1.00000
15533	Gandy	Cluster	un	6852390	0.13205	-1.00000	-1.00000	0.02645	-1.00000	-1.00000	0.02685	-1.00000	-1.00000	0.00021	-1.00000	-1.00000
15535	Gandy	Cluster	un	6854049	0.30435	-1.00000	-1.00000	0.13208	-1.00000	-1.00000	0.22408	-1.00000	-1.00000	0.00070	-1.00000	-1.00000
15537	Gandy	Cluster	un	6855528	0.34255	-1.00000	-1.00000	0.15689	-1.00000	-1.00000	0.17666	-1.00000	-1.00000	0.00043	-1.00000	-1.00000
15540	Gandy	Cluster	un	6857281	-0.00235	-1.00000	-1.00000	-0.00008	-1.00000	-1.00000	0.00008	-1.00000	-1.00000	0.00012	-1.00000	-1.00000
15541	Gandy	Cluster	un	6858074	0.65517	-1.00000	-1.00000	0.56716	-1.00000	-1.00000	0.56716	-1.00000	-1.00000	0.00075	-1.00000	-1.00000
15549	Gandy	Cluster	un	6860657	0.56499	-1.00000	-1.00000	0.42601	-1.00000	-1.00000	0.44051	-1.00000	-1.00000	0.00072	-1.00000	-1.00000
15561	Gandy	Cluster	un	6865480	0.23364	-1.00000	-1.00000	0.08013	-1.00000	-1.00000	0.06667	-1.00000	-1.00000	0.00040	-1.00000	-1.00000
15565	Gandy	Cluster	un	6867869	0.00000	-1.00000	-1.00000	0.00000	-1.00000	-1.00000	0.00508	-1.00000	-1.00000	0.00012	-1.00000	-1.00000
15569	Gandy	Cluster	un	6869582	0.29006	-1.00000	-1.00000	0.09910	-1.00000	-1.00000	0.09700	-1.00000	-1.00000	0.00034	-1.00000	-1.00000
15586	Gandy	Cluster	un	6877776	0.17241	-1.00000	-1.00000	0.04132	-1.00000	-1.00000	0.04132	-1.00000	-1.00000	0.00023	-1.00000	-1.00000
15590	Gandy	Cluster	un	6880242	0.44000	-1.00000	-1.00000	0.27386	-1.00000	-1.00000	0.24870	-1.00000	-1.00000	0.00065	-1.00000	-1.00000
15594	Gandy	Cluster	un	6881924	0.00000	-1.00000	-1.00000	0.00000	-1.00000	-1.00000	-0.00502	-1.00000	-1.00000	0.00018	-1.00000	-1.00000
15599	Gandy	Cluster	un	6883524	0.04067	-1.00000	-1.00000	0.00302	-1.00000	-1.00000	0.01050	-1.00000	-1.00000	0.00017	-1.00000	-1.00000
15601	Gandy	Cluster	un	6885172	-0.00315	-1.00000	-1.00000	-0.00013	-1.00000	-1.00000	-0.01186	-1.00000	-1.00000	0.00033	-1.00000	-1.00000
15604	Gandy	Cluster	un	6887651	0.03448	-1.00000	-1.00000	0.00246	-1.00000	-1.00000	0.00246	-1.00000	-1.00000	0.00009	-1.00000	-1.00000
15611	Gandy	Cluster	un	6891702	0.10345	-1.00000	-1.00000	0.01567	-1.00000	-1.00000	0.01567	-1.00000	-1.00000	0.00017	-1.00000	-1.00000
15617	Gandy	Cluster	un	6894829	0.02414	-1.00000	-1.00000	0.01515	-1.00000	-1.00000	0.04918	-1.00000	-1.00000	0.00064	-1.00000	-1.00000
15626	Gandy	Cluster	un	6898059	0.00951	-1.00000	-1.00000	0.00037	-1.00000	-1.00000	0.05121	-1.00000	-1.00000	0.00029	-1.00000	-1.00000
15627	Gandy	Cluster	un	6898860	0.04820	-1.00000	-1.00000	0.00374	-1.00000	-1.00000	0.00332	-1.00000	-1.00000	0.00010	-1.00000	-1.00000
15649	Gandy	Cluster	un	6910712	-0.00235	-1.00000	-1.00000	-0.00008	-1.00000	-1.00000	-0.00000	-1.00000	-1.00000	0.00004	-1.00000	-1.00000
15652	Gandy	Cluster	un	6911521	0.37986	-1.00000	-1.00000	0.19396	-1.00000	-1.00000	0.21372	-1.00000	-1.00000	0.00053	-1.00000	-1.00000
15654	Gandy	Cluster	un	6912341	0.11672	-1.00000	-1.00000	0.01853	-1.00000	-1.00000	0.01818	-1.00000	-1.00000	0.00018	-1.00000	-1.00000
15663	Gandy	Cluster	un	6915965	-0.00235	-1.00000	-1.00000	-0.00008	-1.00000	-1.00000	0.00008	-1.00000	-1.00000	0.00011	-1.00000	-1.00000
15665	Gandy	Cluster	un	6916855	0.00251	-1.00000	-1.00000	0.00009	-1.00000	-1.00000	0.00508	-1.00000	-1.00000	0.00014	-1.00000	-1.00000
15679	Gandy	Cluster	un	6922112	0.03114	-1.00000	-1.00000	0.00229	-1.00000	-1.00000	0.00018	-1.00000	-1.00000	0.00016	-1.00000	-1.00000
15680	Gandy	Cluster	un	6922918	-0.03333	-1.00000	-1.00000	-0.01887	-1.00000	-1.00000	-0.01340	-1.00000	-1.00000	0.00049	-1.00000	-1.00000
15695	Gandy	Cluster	un	6929360	0.03448	-1.00000	-1.00000	0.00246	-1.00000	-1.00000	0.00246	-1.00000	-1.00000	0.00008	-1.00000	-1.00000
15700	Gandy	Cluster	un	6930242	0.06897	-1.00000	-1.00000	0.00760	-1.00000	-1.00000	0.00760	-1.00000	-1.00000	0.00013	-1.00000	-1.00000
15702	Gandy	Cluster	un	6931764	-0.00000	-1.00000	-1.00000	-0.00000	-1.00000	-1.00000	-0.00000	-1.00000	-1.00000	0.00004	-1.00000	-1.00000
15709	Gandy	Cluster	un	6934165	-0.00000	-1.00000	-1.00000	-0.00000	-1.00000	-1.00000	-0.00000	-1.00000	-1.00000	0.00004	-1.00000	-1.00000
15718	Gandy	Cluster	un	6937513	0.03448	-1.00000	-1.00000	0.00246	-1.00000	-1.00000	0.00246	-1.00000	-1.00000	0.00008	-1.00000	-1.00000
15727	Gandy	Cluster	un	6939182	-0.03829	-1.00000	-1.00000	-0.00613	-1.00000	-1.00000	-0.00614	-1.00000	-1.00000	0.00017	-1.00000	-1.00000
15730	Gandy	Cluster	un	6940826	0.09920	-1.00000	-1.00000	0.01304	-1.00000	-1.00000	0.02597	-1.00000	-1.00000	0.00024	-1.00000	-1.00000
15731	Gandy	Cluster	un	6941634	0.04067	-1.00000	-1.00000	0.00302	-1.00000	-1.00000	0.01050	-1.00000	-1.00000	0.00018	-1.00000	-1.00000
15733	Gandy	Cluster	un	6943185	0.88507	-1.00000	-1.00000	0.88102	-1.00000	-1.00000	0.88227	-1.00000	-1.00000	0.00110	-1.00000	-1.00000
15736	Gandy	Cluster	un	6945658	0.07875	-1.00000	-1.00000	0.00908	-1.00000	-1.00000	0.00881	-1.00000	-1.00000	0.00014	-1.00000	-1.00000
15738	Gandy	Cluster	un	6946435	0.27586	-1.00000	-1.00000	0.10573	-1.00000	-1.00000	0.10573	-1.00000	-1.00000	0.00039	-1.00000	-1.00000
15743	Gandy	Cluster	un	6949584	-0.03032	-1.00000	-1.00000	-0.00389	-1.00000	-1.00000	0.00290	-1.00000	-1.00000	0.00041	-1.00000	-1.00000
15747	Gandy	Cluster	un	6951786	0.00251	-1.00000	-1.00000	0.00009	-1.00000	-1.00000	0.00508	-1.00000	-1.00000	0.00012	-1.00000	-1.00000
15749	Gandy	Cluster	un	6953381	-0.00250	-1.00000	-1.00000	-0.00117	-1.00000	-1.00000	0.02918	-1.00000	-1.00000	0.00057	-1.00000	-1.00000
15751	Gandy	Cluster	un	6955076	0.00561	-1.00000	-1.00000	0.00021	-1.00000	-1.00000	0.02159	-1.00000	-1.00000	0.00021	-1.00000	-1.00000
15762	Gandy	Cluster	un	6959760	0.68043	-1.00000	-1.00000	0.56715	-1.00000	-1.00000	0.61204	-1.00000	-1.00000	0.00095	-1.00000	-1.00000
15763	Gandy	Cluster	un	6960535	0.12251	-1.00000	-1.00000	0.12164	-1.00000	-1.00000	0.11429	-1.00000	-1.00000	0.00080	-1.00000	-1.00000
15777	Gandy	Cluster	un	6966781	0.06897	-1.00000	-1.00000	0.00760	-1.00000	-1.00000	0.00760	-1.00000	-1.00000	0.00011	-1.00000	-1.00000
15783	Gandy	Cluster	un	6969377	0.13793	-1.00000	-1.00000	0.02685	-1.00000	-1.00000	0.02685	-1.00000	-1.00000	0.00021	-1.00000	-1.00000
15790	Gandy	Cluster	un	6972720	-0.00315	-1.00000	-1.00000	-0.00013	-1.00000	-1.00000	-0.01039	-1.00000	-1.00000	0.00045	-1.00000	-1.00000
15796	Gandy	Cluster	un	6975898	-0.00489	-1.00000	-1.00000	-0.00018	-1.00000	-1.00000	0.01104	-1.00000	-1.00000	0.00021	-1.00000	-1.00000
15797	Gandy	Cluster	un	6976671	0.04838	-1.00000	-1.00000	0.00422	-1.00000	-1.00000	-0.00680	-1.00000	-1.00000	0.00037	-1.00000	-1.00000
15800	Gandy	Cluster	un	6978274	-0.04348	-1.00000	-1.00000	-0.04545	-1.00000	-1.00000	-0.05668	-1.00000	-1.00000	0.00071	-1.00000	-1.00000
15821	Gandy	Cluster	un	6984669	0.00656	-1.00000	-1.00000	0.00026	-1.00000	-1.00000	0.01989	-1.00000	-1.00000	0.00041	-1.00000	-1.00000
15832	Gandy	Cluster	un	6987679	0.37984	-1.00000	-1.00000	0.17493	-1.00000	-1.00000	0.26396	-1.00000	-1.00000	0.00061	-1.00000	-1.00000
15851	Gandy	Cluster	un	6996611	-0.00000	-1.00000	-1.00000	-0.00000	-1.00000	-1.00000	-0.00000	-1.00000	-1.00000	0.00004	-1.00000	-1.00000
15854	Gandy	Cluster	un	6998268	1.00000	-1.00000	-1.00000	1.00000	-1.00000	-1.00000	1.00000	-1.00000	-1.00000	0.00130	-1.00000	-1.00000
15869	Gandy	Cluster	un	7003518	0.41707	-1.00000	-1.00000	0.23467	-1.00000	-1.00000	0.25402	-1.00000	-1.00000	0.00060	-1.00000	-1.00000
15872	Gandy	Cluster	un	7005125	0.00561	-1.00000	-1.00000	0.00021	-1.00000	-1.00000	0.00589	-1.00000	-1.00000	0.00012	-1.00000	-1.00000
15877	Gandy	Cluster	un	7008421	-0.00000	-1.00000	-1.00000	-0.00000	-1.00000	-1.00000	-0.00000	-1.00000	-1.00000	0.00004	-1.00000	-1.00000
15880	Gandy	Cluster	un	7009923	0.73727	-1.00000	-1.00000	0.74480	-1.00000	-1.00000	0.73006	-1.00000	-1.00000	0.00102	-1.00000	-1.00000
15883	Gandy	Cluster	un	7010745	0.70488	-1.00000	-1.00000	0.62851	-1.00000	-1.00000	0.60411	-1.00000	-1.00000	0.00097	-1.00000	-1.00000
15886	Gandy	Cluster	un	7013240	0.21731	-1.00000	-1.00000	0.07871	-1.00000	-1.00000	0.06284	-1.00000	-1.00000	0.00053	-1.00000	-1.00000
15899	Gandy	Cluster	un	7017047	0.31504	-1.00000	-1.00000	0.13293	-1.00000	-1.00000	0.13900	-1.00000	-1.00000	0.00066	-1.00000	-1.00000
15904	Gandy	Cluster	un	7020293	0.25057	-1.00000	-1.00000	0.09328	-1.00000	-1.00000	0.07200	-1.00000	-1.00000	0.00049	-1.00000	-1.00000
15906	Gandy	Cluster	un	7021907	0.58672	-1.00000	-1.00000	0.44290	-1.00000	-1.00000	0.48077	-1.00000	-1.00000	0.00072	-1.00000	-1.00000
15908	Gandy	Cluster	un	7022797	-0.00235	-1.00000	-1.00000	-0.00008	-1.00000	-1.00000	0.00008	-1.00000	-1.00000	0.00012	-1.00000	-1.00000
15915	Gandy	Cluster	un	7025314	0.00561	-1.00000	-1.00000	0.00021	-1.00000	-1.00000	-0.00000	-1.00000	-1.00000	0.00005	-1.00000	-1.00000
15924	Gandy	Cluster	un	7030750	-0.00000	-1.00000	-1.00000	-0.00000	-1.00000	-1.00000	-0.00000	-1.00000	-1.00000	0.00004	-1.00000	-1.00000
15926	Gandy	Cluster	un	7032302	0.07875	-1.00000	-1.00000	0.00908	-1.00000	-1.00000	0.01894	-1.00000	-1.00000	0.00021	-1.00000	-1.00000
15929	Gandy	Cluster	un	7033868	0.00656	-1.00000	-1.00000	0.00026	-1.00000	-1.00000	0.02512	-1.00000	-1.00000	0.00022	-1.00000	-1.00000
15930	Gandy	Cluster	un	7034686	0.33181	-1.00000	-1.00000	0.19636	-1.00000	-1.00000	0.20875	-1.00000	-1.00000	0.00064	-1.00000	-1.00000
15943	Gandy	Cluster	un	7041299	-0.00235	-1.00000	-1.00000	-0.00008	-1.00000	-1.00000	0.00008	-1.00000	-1.00000	0.00015	-1.00000	-1.00000
15944	Gandy	Cluster	un	7041973	0.57986	-1.00000	-1.00000	0.43400	-1.00000	-1.00000	0.46922	-1.00000	-1.00000	0.00078	-1.00000	-1.00000
15950	Gandy	Cluster	un	7045231	0.80312	-1.00000	-1.00000	0.74880	-1.00000	-1.00000	0.76106	-1.00000	-1.00000	0.00101	-1.00000	-1.00000
15953	Gandy	Cluster	un	7046827	-0.00000	-1.00000	-1.00000	-0.00000	-1.00000	-1.00000	-0.00000	-1.00000	-1.00000	0.00004	-1.00000	-1.00000
15956	Gandy	Cluster	un	7048388	0.79673	-1.00000	-1.00000	0.74868	-1.00000	-1.00000	0.74446	-1.00000	-1.00000	0.00102	-1.00000	-1.00000
15958	Gandy	Cluster	un	7050022	-0.00235	-1.00000	-1.00000	-0.00008	-1.00000	-1.00000	0.00008	-1.00000	-1.00000	0.00011	-1.00000	-1.00000
15968	Gandy	Cluster	un	7054130	0.00245	-1.00000	-1.00000	0.00042	-1.00000	-1.00000	0.00939	-1.00000	-1.00000	0.00024	-1.00000	-1.00000
15971	Gandy	Cluster	un	7055781	-0.00767	-1.00000	-1.00000	-0.00029	-1.00000	-1.00000	0.01323	-1.00000	-1.00000	0.00022	-1.00000	-1.00000
15972	Gandy	Cluster	un	7056555	0.13043	-1.00000	-1.00000	0.02542	-1.00000	-1.00000	0.00279	-1.00000	-1.00000	0.00048	-1.00000	-1.00000
15974	Gandy	Cluster	un	7057383	0.00656	-1.00000	-1.00000	0.00026	-1.00000	-1.00000	0.01989	-1.00000	-1.00000	0.00035	-1.00000	-1.00000
15981	Gandy	Cluster	un	7058980	0.06920	-1.00000	-1.00000	0.00850	-1.00000	-1.00000	-0.00168	-1.00000	-1.00000	0.00036	-1.00000	-1.00000
15984	Gandy	Cluster	un	7059735	0.41046	-1.00000	-1.00000	0.22754	-1.00000	-1.00000	0.22176	-1.00000	-1.00000	0.00068	-1.00000	-1.00000
15985	Gandy	Cluster	un	7060469	0.34255	-1.00000	-1.00000	0.15689	-1.00000	-1.00000	0.15625	-1.00000	-1.00000	0.00045	-1.00000	-1.00000
15986	Gandy	Cluster	un	7061260	0.15703	-1.00000	-1.00000	0.13482	-1.00000	-1.00000	0.12922	-1.00000	-1.00000	0.00080	-1.00000	-1.00000
15994	Gandy	Cluster	un	7064482	0.63840	-1.00000	-1.00000	0.53160	-1.00000	-1.00000	0.54259	-1.00000	-1.00000	0.00075	-1.00000	-1.00000
16003	Gandy	Cluster	un	7067417	0.12643	-1.00000	-1.00000	0.02178	-1.00000	-1.00000	0.03023	-1.00000	-1.00000	0.00036	-1.00000	-1.00000
16006	Gandy	Cluster	un	7068267	0.14147	-1.00000	-1.00000	0.03071	-1.00000	-1.00000	0.02257	-1.00000	-1.00000	0.00037	-1.00000	-1.00000
16008	Gandy	Cluster	un	7069818	0.00656	-1.00000	-1.00000	0.00026	-1.00000	-1.00000	0.01989	-1.00000	-1.00000	0.00032	-1.00000	-1.00000
16019	Gandy	Cluster	un	7075428	0.05748	-1.00000	-1.00000	0.00467	-1.00000	-1.00000	0.06452	-1.00000	-1.00000	0.00034	-1.00000	-1.00000
16023	Gandy	Cluster	un	7077601	0.09054	-1.00000	-1.00000	0.01094	-1.00000	-1.00000	0.04304	-1.00000	-1.00000	0.00030	-1.00000	-1.00000
16025	Gandy	Cluster	un	7078376	-0.00000	-1.00000	-1.00000	-0.00000	-1.00000	-1.00000	-0.01068	-1.00000	-1.00000	0.00031	-1.00000	-1.00000
16031	Gandy	Cluster	un	7081714	0.51724	-1.00000	-1.00000	0.37152	-1.00000	-1.00000	0.37152	-1.00000	-1.00000	0.00065	-1.00000	-1.00000
16038	Gandy	Cluster	un	7085879	-0.00235	-1.00000	-1.00000	-0.00008	-1.00000	-1.00000	0.00008	-1.00000	-1.00000	0.00012	-1.00000	-1.00000
16058	Gandy	Cluster	un	7095180	-0.00565	-1.00000	-1.00000	-0.00022	-1.00000	-1.00000	-0.00619	-1.00000	-1.00000	0.00020	-1.00000	-1.00000
16065	Gandy	Cluster	un	7099152	0.07875	-1.00000	-1.00000	0.00908	-1.00000	-1.00000	0.01894	-1.00000	-1.00000	0.00021	-1.00000	-1.00000
16070	Gandy	Cluster	un	7099956	-0.01407	-1.00000	-1.00000	-0.00705	-1.00000	-1.00000	0.00123	-1.00000	-1.00000	0.00047	-1.00000	-1.00000
16077	Gandy	Cluster	un	7103020	0.46069	-1.00000	-1.00000	0.27518	-1.00000	-1.00000	0.29478	-1.00000	-1.00000	0.00066	-1.00000	-1.00000
16079	Gandy	Cluster	un	7104480	0.10345	-1.00000	-1.00000	0.01567	-1.00000	-1.00000	0.01567	-1.00000	-1.00000	0.00017	-1.00000	-1.00000
16090	Gandy	Cluster	un	7107871	0.00000	-1.00000	-1.00000	0.00000	-1.00000	-1.00000	0.01515	-1.00000	-1.00000	0.00037	-1.00000	-1.00000
16092	Gandy	Cluster	un	7108618	0.17448	-1.00000	-1.00000	0.03767	-1.00000	-1.00000	0.05342	-1.00000	-1.00000	0.00033	-1.00000	-1.00000
16098	Gandy	Cluster	un	7110248	0.66604	-1.00000	-1.00000	0.66949	-1.00000	-1.00000	0.66879	-1.00000	-1.00000	0.00099	-1.00000	-1.00000
16099	Gandy	Cluster	un	7111026	0.00617	-1.00000	-1.00000	0.00234	-1.00000	-1.00000	-0.00203	-1.00000	-1.00000	0.00039	-1.00000	-1.00000
16112	Gandy	Cluster	un	7116683	0.35024	-1.00000	-1.00000	0.19171	-1.00000	-1.00000	0.19332	-1.00000	-1.00000	0.00047	-1.00000	-1.00000
16114	Gandy	Cluster	un	7118351	-0.00000	-1.00000	-1.00000	-0.00000	-1.00000	-1.00000	-0.01068	-1.00000	-1.00000	0.00030	-1.00000	-1.00000
16121	Gandy	Cluster	un	7123411	-0.03841	-1.00000	-1.00000	-0.00296	-1.00000	-1.00000	-0.00486	-1.00000	-1.00000	0.00033	-1.00000	-1.00000
16123	Gandy	Cluster	un	7124918	0.00000	-1.00000	-1.00000	0.00000	-1.00000	-1.00000	0.00508	-1.00000	-1.00000	0.00013	-1.00000	-1.00000
16124	Gandy	Cluster	un	7125710	0.00656	-1.00000	-1.00000	0.00026	-1.00000	-1.00000	0.01989	-1.00000	-1.00000	0.00032	-1.00000	-1.00000
16126	Gandy	Cluster	un	7127392	-0.00489	-1.00000	-1.00000	-0.00018	-1.00000	-1.00000	0.00029	-1.00000	-1.00000	0.00013	-1.00000	-1.00000
16133	Gandy	Cluster	un	7131683	-0.03841	-1.00000	-1.00000	-0.00296	-1.00000	-1.00000	-0.00486	-1.00000	-1.00000	0.00032	-1.00000	-1.00000
16142	Gandy	Cluster	un	7133217	0.07875	-1.00000	-1.00000	0.00908	-1.00000	-1.00000	0.00881	-1.00000	-1.00000	0.00015	-1.00000	-1.00000
16143	Gandy	Cluster	un	7133927	0.88298	-1.00000	-1.00000	0.85905	-1.00000	-1.00000	0.86432	-1.00000	-1.00000	0.00116	-1.00000	-1.00000
16160	Gandy	Cluster	un	7141202	0.00000	-1.00000	-1.00000	0.00000	-1.00000	-1.00000	-0.00502	-1.00000	-1.00000	0.00016	-1.00000	-1.00000
16161	Gandy	Cluster	un	7142156	0.00000	-1.00000	-1.00000	0.00000	-1.00000	-1.00000	-0.00009	-1.00000	-1.00000	0.00013	-1.00000	-1.00000
16167	Gandy	Cluster	un	7145463	0.20567	-1.00000	-1.00000	0.06760	-1.00000	-1.00000	0.04627	-1.00000	-1.00000	0.00049	-1.00000	-1.00000
16193	Gandy	Cluster	un	7158998	-0.00767	-1.00000	-1.00000	-0.00029	-1.00000	-1.00000	0.03472	-1.00000	-1.00000	0.00028	-1.00000	-1.00000
16195	Gandy	Cluster	un	7159794	-0.03816	-1.00000	-1.00000	-0.00949	-1.00000	-1.00000	-0.01107	-1.00000	-1.00000	0.00041	-1.00000	-1.00000
16204	Gandy	Cluster	un	7163147	0.00561	-1.00000	-1.00000	0.00021	-1.00000	-1.00000	0.00589	-1.00000	-1.00000	0.00013	-1.00000	-1.00000
16207	Gandy	Cluster	un	7164806	-0.00235	-1.00000	-1.00000	-0.00008	-1.00000	-1.00000	-0.00000	-1.00000	-1.00000	0.00005	-1.00000	-1.00000
16211	Gandy	Cluster	un	7166261	-0.00000	-1.00000	-1.00000	-0.00000	-1.00000	-1.00000	-0.00000	-1.00000	-1.00000	0.00004	-1.00000	-1.00000
16224	Gandy	Cluster	un	7171329	0.42407	-1.00000	-1.00000	0.22070	-1.00000	-1.00000	0.27308	-1.00000	-1.00000	0.00065	-1.00000	-1.00000
16228	Gandy	Cluster	un	7173751	0.13793	-1.00000	-1.00000	0.02685	-1.00000	-1.00000	0.02685	-1.00000	-1.00000	0.00018	-1.00000	-1.00000
16233	Gandy	Cluster	un	7176214	0.00421	-1.00000	-1.00000	0.00331	-1.00000	-1.00000	0.00695	-1.00000	-1.00000	0.00062	-1.00000	-1.00000
16263	Gandy	Cluster	un	7188590	0.00251	-1.00000	-1.00000	0.00009	-1.00000	-1.00000	0.00508	-1.00000	-1.00000	0.00013	-1.00000	-1.00000
16281	Gandy	Cluster	un	7194992	0.04820	-1.00000	-1.00000	0.00374	-1.00000	-1.00000	0.00332	-1.00000	-1.00000	0.00014	-1.00000	-1.00000
16285	Gandy	Cluster	un	7197693	-0.00489	-1.00000	-1.00000	-0.00018	-1.00000	-1.00000	-0.00000	-1.00000	-1.00000	0.00004	-1.00000	-1.00000
16287	Gandy	Cluster	un	7199280	0.35077	-1.00000	-1.00000	0.19959	-1.00000	-1.00000	0.18118	-1.00000	-1.00000	0.00067	-1.00000	-1.00000
16288	Gandy	Cluster	un	7200062	0.00000	-1.00000	-1.00000	0.00000	-1.00000	-1.00000	-0.00502	-1.00000	-1.00000	0.00018	-1.00000	-1.00000
16289	Gandy	Cluster	un	7200929	0.00000	-1.00000	-1.00000	0.00000	-1.00000	-1.00000	-0.00683	-1.00000	-1.00000	0.00039	-1.00000	-1.00000
16291	Gandy	Cluster	un	7202557	0.00340	-1.00000	-1.00000	0.00014	-1.00000	-1.00000	-0.00378	-1.00000	-1.00000	0.00040	-1.00000	-1.00000
16294	Gandy	Cluster	un	7203324	0.21608	-1.00000	-1.00000	0.05772	-1.00000	-1.00000	0.07534	-1.00000	-1.00000	0.00033	-1.00000	-1.00000
16303	Gandy	Cluster	un	7209281	0.00951	-1.00000	-1.00000	0.00037	-1.00000	-1.00000	0.05121	-1.00000	-1.00000	0.00032	-1.00000	-1.00000
16313	Gandy	Cluster	un	7214184	0.03320	-1.00000	-1.00000	0.00263	-1.00000	-1.00000	-0.00486	-1.00000	-1.00000	0.00027	-1.00000	-1.00000
16314	Gandy	Cluster	un	7215077	0.52286	-1.00000	-1.00000	0.41742	-1.00000	-1.00000	0.40277	-1.00000	-1.00000	0.00086	-1.00000	-1.00000
16325	Gandy	Cluster	un	7219093	0.03448	-1.00000	-1.00000	0.00246	-1.00000	-1.00000	0.00246	-1.00000	-1.00000	0.00008	-1.00000	-1.00000
16331	Gandy	Cluster	un	7223497	-0.02245	-1.00000	-1.00000	-0.00238	-1.00000	-1.00000	-0.00238	-1.00000	-1.00000	0.00018	-1.00000	-1.00000
16338	Gandy	Cluster	un	7226446	0.04820	-1.00000	-1.00000	0.00374	-1.00000	-1.00000	0.03064	-1.00000	-1.00000	0.00022	-1.00000	-1.00000
16341	Gandy	Cluster	un	7229018	0.00000	-1.00000	-1.00000	0.00000	-1.00000	-1.00000	-0.00502	-1.00000	-1.00000	0.00019	-1.00000	-1.00000
16345	Gandy	Cluster	un	7230646	-0.00235	-1.00000	-1.00000	-0.00008	-1.00000	-1.00000	0.00008	-1.00000	-1.00000	0.00012	-1.00000	-1.00000
16359	Gandy	Cluster	un	7238605	0.05576	-1.00000	-1.00000	0.01319	-1.00000	-1.00000	0.00705	-1.00000	-1.00000	0.00031	-1.00000	-1.00000
16360	Gandy	Cluster	un	7239403	0.33944	-1.00000	-1.00000	0.14624	-1.00000	-1.00000	0.16697	-1.00000	-1.00000	0.00048	-1.00000	-1.00000
16369	Gandy	Cluster	un	7243172	0.09834	-1.00000	-1.00000	0.01534	-1.00000	-1.00000	0.00883	-1.00000	-1.00000	0.00024	-1.00000	-1.00000
16373	Gandy	Cluster	un	7245563	-0.00000	-1.00000	-1.00000	-0.00000	-1.00000	-1.00000	-0.00000	-1.00000	-1.00000	0.00006	-1.00000	-1.00000
16375	Gandy	Cluster	un	7246087	0.07875	-1.00000	-1.00000	0.00908	-1.00000	-1.00000	0.01894	-1.00000	-1.00000	0.00021	-1.00000	-1.00000
16384	Gandy	Cluster	un	7250122	0.96424	-1.00000	-1.00000	0.96297	-1.00000	-1.00000	0.96296	-1.00000	-1.00000	0.00115	-1.00000	-1.00000
16393	Gandy	Cluster	un	7254212	-0.00767	-1.00000	-1.00000	-0.00029	-1.00000	-1.00000	0.03472	-1.00000	-1.00000	0.00030	-1.00000	-1.00000
16398	Gandy	Cluster	un	7257521	0.03448	-1.00000	-1.00000	0.00246	-1.00000	-1.00000	0.00246	-1.00000	-1.00000	0.00008	-1.00000	-1.00000
16399	Gandy	Cluster	un	7258355	0.23578	-1.00000	-1.00000	0.06894	-1.00000	-1.00000	0.11957	-1.00000	-1.00000	0.00042	-1.00000	-1.00000
16402	Gandy	Cluster	un	7259201	0.29955	-1.00000	-1.00000	0.30697	-1.00000	-1.00000	0.28320	-1.00000	-1.00000	0.00082	-1.00000	-1.00000
16407	Gandy	Cluster	un	7261560	-0.01407	-1.00000	-1.00000	-0.00705	-1.00000	-1.00000	0.00123	-1.00000	-1.00000	0.00044	-1.00000	-1.00000
16409	Gandy	Cluster	un	7262410	0.04000	-1.00000	-1.00000	0.00332	-1.00000	-1.00000	-0.00760	-1.00000	-1.00000	0.00036	-1.00000	-1.00000
16410	Gandy	Cluster	un	7263213	-0.00565	-1.00000	-1.00000	-0.00022	-1.00000	-1.00000	0.00778	-1.00000	-1.00000	0.00033	-1.00000	-1.00000
16411	Gandy	Cluster	un	7264013	0.38009	-1.00000	-1.00000	0.18506	-1.00000	-1.00000	0.23432	-1.00000	-1.00000	0.00059	-1.00000	-1.00000
16414	Gandy	Cluster	un	7265616	0.04067	-1.00000	-1.00000	0.00302	-1.00000	-1.00000	0.01050	-1.00000	-1.00000	0.00016	-1.00000	-1.00000
16428	Gandy	Cluster	un	7270392	0.03448	-1.00000	-1.00000	0.00246	-1.00000	-1.00000	0.00246	-1.00000	-1.00000	0.00009	-1.00000	-1.00000
16435	Gandy	Cluster	un	7273577	0.13263	-1.00000	-1.00000	0.02215	-1.00000	-1.00000	0.03571	-1.00000	-1.00000	0.00027	-1.00000	-1.00000
16436	Gandy	Cluster	un	7274386	0.16584	-1.00000	-1.00000	0.04086	-1.00000	-1.00000	0.04132	-1.00000	-1.00000	0.00027	-1.00000	-1.00000
16446	Gandy	Cluster	un	7279500	-0.00270	-1.00000	-1.00000	-0.00010	-1.00000	-1.00000	0.01069	-1.00000	-1.00000	0.00021	-1.00000	-1.00000
16456	Gandy	Cluster	un	7282648	-0.03684	-1.00000	-1.00000	-0.00273	-1.00000	-1.00000	0.01433	-1.00000	-1.00000	0.00025	-1.00000	-1.00000
16461	Gandy	Cluster	un	7284849	0.37931	-1.00000	-1.00000	0.20183	-1.00000	-1.00000	0.20183	-1.00000	-1.00000	0.00046	-1.00000	-1.00000
16466	Gandy	Cluster	un	7286539	0.42909	-1.00000	-1.00000	0.29364	-1.00000	-1.00000	0.31149	-1.00000	-1.00000	0.00066	-1.00000	-1.00000
16474	Gandy	Cluster	un	7288939	0.04067	-1.00000	-1.00000	0.00302	-1.00000	-1.00000	0.00284	-1.00000	-1.00000	0.00009	-1.00000	-1.00000
16476	Gandy	Cluster	un	7290482	-0.01490	-1.00000	-1.00000	-0.01184	-1.00000	-1.00000	0.00142	-1.00000	-1.00000	0.00075	-1.00000	-1.00000
16487	Gandy	Cluster	un	7293543	-0.00893	-1.00000	-1.00000	-0.00863	-1.00000	-1.00000	-0.01473	-1.00000	-1.00000	0.00070	-1.00000	-1.00000
16495	Gandy	Cluster	un	7298352	-0.00000	-1.00000	-1.00000	-0.00000	-1.00000	-1.00000	-0.00607	-1.00000	-1.00000	0.00027	-1.00000	-1.00000
16501	Gandy	Cluster	un	7300697	-0.00000	-1.00000	-1.00000	-0.00000	-1.00000	-1.00000	-0.00000	-1.00000	-1.00000	0.00004	-1.00000	-1.00000
16506	Gandy	Cluster	un	7303894	0.11672	-1.00000	-1.00000	0.01853	-1.00000	-1.00000	0.03064	-1.00000	-1.00000	0.00025	-1.00000	-1.00000
16516	Gandy	Cluster	un	7308753	0.10345	-1.00000	-1.00000	0.01567	-1.00000	-1.00000	0.01567	-1.00000	-1.00000	0.00019	-1.00000	-1.00000
16526	Gandy	Cluster	un	7311763	0.03320	-1.00000	-1.00000	0.00263	-1.00000	-1.00000	-0.00486	-1.00000	-1.00000	0.00028	-1.00000	-1.00000
16528	Gandy	Cluster	un	7313462	0.15460	-1.00000	-1.00000	0.03162	-1.00000	-1.00000	0.04578	-1.00000	-1.00000	0.00033	-1.00000	-1.00000
16538	Gandy	Cluster	un	7316455	0.05304	-1.00000	-1.00000	0.00446	-1.00000	-1.00000	0.03024	-1.00000	-1.00000	0.00037	-1.00000	-1.00000
16542	Gandy	Cluster	un	7317998	-0.00000	-1.00000	-1.00000	-0.00000	-1.00000	-1.00000	-0.00000	-1.00000	-1.00000	0.00004	-1.00000	-1.00000
16545	Gandy	Cluster	un	7318858	0.04420	-1.00000	-1.00000	0.00354	-1.00000	-1.00000	-0.00175	-1.00000	-1.00000	0.00025	-1.00000	-1.00000
16557	Gandy	Cluster	un	7323695	0.00561	-1.00000	-1.00000	0.00021	-1.00000	-1.00000	0.02159	-1.00000	-1.00000	0.00020	-1.00000	-1.00000
16563	Gandy	Cluster	un	7325324	0.00340	-1.00000	-1.00000	0.00014	-1.00000	-1.00000	0.02512	-1.00000	-1.00000	0.00019	-1.00000	-1.00000
16564	Gandy	Cluster	un	7326267	0.73324	-1.00000	-1.00000	0.68945	-1.00000	-1.00000	0.68492	-1.00000	-1.00000	0.00083	-1.00000	-1.00000
16574	Gandy	Cluster	un	7329496	0.02788	-1.00000	-1.00000	0.02706	-1.00000	-1.00000	0.02811	-1.00000	-1.00000	0.00071	-1.00000	-1.00000
16580	Gandy	Cluster	un	7330318	0.36961	-1.00000	-1.00000	0.17428	-1.00000	-1.00000	0.21944	-1.00000	-1.00000	0.00089	-1.00000	-1.00000
16586	Gandy	Cluster	un	7330900	0.63805	-1.00000	-1.00000	0.64048	-1.00000	-1.00000	0.63933	-1.00000	-1.00000	0.00091	-1.00000	-1.00000
16588	Gandy	Cluster	un	7331724	0.07875	-1.00000	-1.00000	0.00908	-1.00000	-1.00000	0.00881	-1.00000	-1.00000	0.00013	-1.00000	-1.00000
16598	Gandy	Cluster	un	7338139	0.19238	-1.00000	-1.00000	0.04856	-1.00000	-1.00000	0.06452	-1.00000	-1.00000	0.00032	-1.00000	-1.00000
16599	Gandy	Cluster	un	7338961	0.03448	-1.00000	-1.00000	0.00246	-1.00000	-1.00000	0.00246	-1.00000	-1.00000	0.00010	-1.00000	-1.00000
16605	Gandy	Cluster	un	7341178	-0.02683	-1.00000	-1.00000	-0.00733	-1.00000	-1.00000	-0.00157	-1.00000	-1.00000	0.00030	-1.00000	-1.00000
16620	Gandy	Cluster	un	7345355	-0.00565	-1.00000	-1.00000	-0.00022	-1.00000	-1.00000	0.00037	-1.00000	-1.00000	0.00014	-1.00000	-1.00000
16650	Gandy	Cluster	un	7358165	0.03448	-1.00000	-1.00000	0.00246	-1.00000	-1.00000	0.00246	-1.00000	-1.00000	0.00008	-1.00000	-1.00000
16657	Gandy	Cluster	un	7361454	0.05748	-1.00000	-1.00000	0.00467	-1.00000	-1.00000	0.06452	-1.00000	-1.00000	0.00043	-1.00000	-1.00000
16658	Gandy	Cluster	un	7362076	0.06470	-1.00000	-1.00000	0.00736	-1.00000	-1.00000	0.00300	-1.00000	-1.00000	0.00020	-1.00000	-1.00000
16678	Gandy	Cluster	un	7369985	-0.00000	-1.00000	-1.00000	-0.00000	-1.00000	-1.00000	-0.00000	-1.00000	-1.00000	0.00004	-1.00000	-1.00000
16682	Gandy	Cluster	un	7373197	0.03448	-1.00000	-1.00000	0.00246	-1.00000	-1.00000	0.00246	-1.00000	-1.00000	0.00007	-1.00000	-1.00000
16683	Gandy	Cluster	un	7374131	0.63874	-1.00000	-1.00000	0.50496	-1.00000	-1.00000	0.53714	-1.00000	-1.00000	0.00086	-1.00000	-1.00000
16684	Gandy	Cluster	un	7374918	0.00561	-1.00000	-1.00000	0.00021	-1.00000	-1.00000	-0.00000	-1.00000	-1.00000	0.00004	-1.00000	-1.00000
16693	Gandy	Cluster	un	7378170	0.91948	-1.00000	-1.00000	0.90950	-1.00000	-1.00000	0.89499	-1.00000	-1.00000	0.00115	-1.00000	-1.00000
16702	Gandy	Cluster	un	7380555	0.36255	-1.00000	-1.00000	0.33421	-1.00000	-1.00000	0.33568	-1.00000	-1.00000	0.00075	-1.00000	-1.00000
16703	Gandy	Cluster	un	7381428	-0.00235	-1.00000	-1.00000	-0.00008	-1.00000	-1.00000	-0.00000	-1.00000	-1.00000	0.00005	-1.00000	-1.00000
16705	Gandy	Cluster	un	7382935	0.00251	-1.00000	-1.00000	0.00009	-1.00000	-1.00000	-0.00000	-1.00000	-1.00000	0.00004	-1.00000	-1.00000
16708	Gandy	Cluster	un	7385448	0.61204	-1.00000	-1.00000	0.51703	-1.00000	-1.00000	0.50788	-1.00000	-1.00000	0.00084	-1.00000	-1.00000
16712	Gandy	Cluster	un	7387025	0.53309	-1.00000	-1.00000	0.38212	-1.00000	-1.00000	0.35746	-1.00000	-1.00000	0.00079	-1.00000	-1.00000
16716	Gandy	Cluster	un	7388659	0.03114	-1.00000	-1.00000	0.00229	-1.00000	-1.00000	0.00246	-1.00000	-1.00000	0.00008	-1.00000	-1.00000
16717	Gandy	Cluster	un	7389512	0.00340	-1.00000	-1.00000	0.00014	-1.00000	-1.00000	-0.00378	-1.00000	-1.00000	0.00040	-1.00000	-1.00000
16719	Gandy	Cluster	un	7390292	-0.03986	-1.00000	-1.00000	-0.03534	-1.00000	-1.00000	-0.04192	-1.00000	-1.00000	0.00072	-1.00000	-1.00000
16721	Gandy	Cluster	un	7391125	-0.00000	-1.00000	-1.00000	-0.00000	-1.00000	-1.00000	-0.00000	-1.00000	-1.00000	0.00005	-1.00000	-1.00000
16723	Gandy	Cluster	un	7391822	0.05553	-1.00000	-1.00000	0.00674	-1.00000	-1.00000	0.01088	-1.00000	-1.00000	0.00032	-1.00000	-1.00000
16734	Gandy	Cluster	un	7396545	-0.03242	-1.00000	-1.00000	-0.00882	-1.00000	-1.00000	-0.00876	-1.00000	-1.00000	0.00027	-1.00000	-1.00000
16739	Gandy	Cluster	un	7399029	0.65791	-1.00000	-1.00000	0.58428	-1.00000	-1.00000	0.57730	-1.00000	-1.00000	0.00094	-1.00000	-1.00000
16740	Gandy	Cluster	un	7399790	0.04067	-1.00000	-1.00000	0.00302	-1.00000	-1.00000	0.00284	-1.00000	-1.00000	0.00009	-1.00000	-1.00000
16747	Gandy	Cluster	un	7403848	0.69703	-1.00000	-1.00000	0.60533	-1.00000	-1.00000	0.61429	-1.00000	-1.00000	0.00096	-1.00000	-1.00000
16759	Gandy	Cluster	un	7406784	0.03704	-1.00000	-1.00000	0.00284	-1.00000	-1.00000	0.00284	-1.00000	-1.00000	0.00008	-1.00000	-1.00000
16766	Gandy	Cluster	un	7410464	0.48978	-1.00000	-1.00000	0.32431	-1.00000	-1.00000	0.30644	-1.00000	-1.00000	0.00071	-1.00000	-1.00000
16767	Gandy	Cluster	un	7411319	0.04820	-1.00000	-1.00000	0.00374	-1.00000	-1.00000	0.00332	-1.00000	-1.00000	0.00009	-1.00000	-1.00000
16774	Gandy	Cluster	un	7413051	-0.00000	-1.00000	-1.00000	-0.00000	-1.00000	-1.00000	-0.00000	-1.00000	-1.00000	0.00004	-1.00000	-1.00000
16778	Gandy	Cluster	un	7416236	0.04067	-1.00000	-1.00000	0.00302	-1.00000	-1.00000	0.00284	-1.00000	-1.00000	0.00009	-1.00000	-1.00000
16805	Gandy	Cluster	un	7427573	0.44444	-1.00000	-1.00000	0.27807	-1.00000	-1.00000	0.27200	-1.00000	-1.00000	0.00060	-1.00000	-1.00000
16806	Gandy	Cluster	un	7428462	0.06897	-1.00000	-1.00000	0.00760	-1.00000	-1.00000	0.00760	-1.00000	-1.00000	0.00013	-1.00000	-1.00000
16814	Gandy	Cluster	un	7434105	-0.00270	-1.00000	-1.00000	-0.00010	-1.00000	-1.00000	0.00508	-1.00000	-1.00000	0.00013	-1.00000	-1.00000
16868	Gandy	Cluster	un	7454434	0.00251	-1.00000	-1.00000	0.00009	-1.00000	-1.00000	0.00508	-1.00000	-1.00000	0.00013	-1.00000	-1.00000
16876	Gandy	Cluster	un	7457685	0.03114	-1.00000	-1.00000	0.00229	-1.00000	-1.00000	0.00018	-1.00000	-1.00000	0.00016	-1.00000	-1.00000
16879	Gandy	Cluster	un	7458516	-0.00489	-1.00000	-1.00000	-0.00018	-1.00000	-1.00000	0.00029	-1.00000	-1.00000	0.00013	-1.00000	-1.00000
16887	Gandy	Cluster	un	7461305	0.20818	-1.00000	-1.00000	0.05720	-1.00000	-1.00000	0.06938	-1.00000	-1.00000	0.00040	-1.00000	-1.00000
16888	Gandy	Cluster	un	7462230	-0.03841	-1.00000	-1.00000	-0.00296	-1.00000	-1.00000	-0.00486	-1.00000	-1.00000	0.00028	-1.00000	-1.00000
16899	Gandy	Cluster	un	7468170	0.41649	-1.00000	-1.00000	0.29069	-1.00000	-1.00000	0.28447	-1.00000	-1.00000	0.00068	-1.00000	-1.00000
16907	Gandy	Cluster	un	7470372	0.72000	-1.00000	-1.00000	0.66151	-1.00000	-1.00000	0.63819	-1.00000	-1.00000	0.00091	-1.00000	-1.00000
16914	Gandy	Cluster	un	7472799	0.04267	-1.00000	-1.00000	0.04299	-1.00000	-1.00000	0.05283	-1.00000	-1.00000	0.00074	-1.00000	-1.00000
16918	Gandy	Cluster	un	7474501	0.25000	-1.00000	-1.00000	0.20000	-1.00000	-1.00000	0.19017	-1.00000	-1.00000	0.00081	-1.00000	-1.00000
16920	Gandy	Cluster	un	7475277	-0.00315	-1.00000	-1.00000	-0.00013	-1.00000	-1.00000	-0.01039	-1.00000	-1.00000	0.00039	-1.00000	-1.00000
16922	Gandy	Cluster	un	7476936	0.03704	-1.00000	-1.00000	0.00284	-1.00000	-1.00000	0.00284	-1.00000	-1.00000	0.00009	-1.00000	-1.00000
16923	Gandy	Cluster	un	7477747	0.00951	-1.00000	-1.00000	0.00037	-1.00000	-1.00000	0.02512	-1.00000	-1.00000	0.00021	-1.00000	-1.00000
16926	Gandy	Cluster	un	7479423	0.83811	-1.00000	-1.00000	0.84068	-1.00000	-1.00000	0.82885	-1.00000	-1.00000	0.00112	-1.00000	-1.00000
16930	Gandy	Cluster	un	7481049	0.00251	-1.00000	-1.00000	0.00009	-1.00000	-1.00000	0.00508	-1.00000	-1.00000	0.00012	-1.00000	-1.00000
16935	Gandy	Cluster	un	7483334	1.00000	-1.00000	-1.00000	1.00000	-1.00000	-1.00000	0.98827	-1.00000	-1.00000	0.00120	-1.00000	-1.00000
16937	Gandy	Cluster	un	7484951	0.64934	-1.00000	-1.00000	0.54767	-1.00000	-1.00000	0.54877	-1.00000	-1.00000	0.00089	-1.00000	-1.00000
16943	Gandy	Cluster	un	7488035	0.61914	-1.00000	-1.00000	0.49066	-1.00000	-1.00000	0.50368	-1.00000	-1.00000	0.00091	-1.00000	-1.00000
16945	Gandy	Cluster	un	7489527	0.52815	-1.00000	-1.00000	0.37486	-1.00000	-1.00000	0.39095	-1.00000	-1.00000	0.00068	-1.00000	-1.00000
16946	Gandy	Cluster	un	7490358	0.06798	-1.00000	-1.00000	0.01687	-1.00000	-1.00000	0.01136	-1.00000	-1.00000	0.00035	-1.00000	-1.00000
16950	Gandy	Cluster	un	7491223	0.00290	-1.00000	-1.00000	0.00011	-1.00000	-1.00000	0.00088	-1.00000	-1.00000	0.00025	-1.00000	-1.00000
16955	Gandy	Cluster	un	7495222	0.00561	-1.00000	-1.00000	0.00021	-1.00000	-1.00000	0.00589	-1.00000	-1.00000	0.00014	-1.00000	-1.00000
16964	Gandy	Cluster	un	7499004	0.00000	-1.00000	-1.00000	0.00000	-1.00000	-1.00000	-0.00502	-1.00000	-1.00000	0.00019	-1.00000	-1.00000
16980	Gandy	Cluster	un	7507612	0.68600	-1.00000	-1.00000	0.64871	-1.00000	-1.00000	0.64102	-1.00000	-1.00000	0.00091	-1.00000	-1.00000
16996	Gandy	Cluster	un	7513917	0.07198	-1.00000	-1.00000	0.07358	-1.00000	-1.00000	0.08305	-1.00000	-1.00000	0.00072	-1.00000	-1.00000
16998	Gandy	Cluster	un	7515584	0.13263	-1.00000	-1.00000	0.02215	-1.00000	-1.00000	0.05900	-1.00000	-1.00000	0.00031	-1.00000	-1.00000
16999	Gandy	Cluster	un	7516458	0.00951	-1.00000	-1.00000	0.00037	-1.00000	-1.00000	0.05121	-1.00000	-1.00000	0.00028	-1.00000	-1.00000
17001	Gandy	Cluster	un	7517282	-0.00000	-1.00000	-1.00000	-0.00000	-1.00000	-1.00000	-0.00000	-1.00000	-1.00000	0.00004	-1.00000	-1.00000
17003	Gandy	Cluster	un	7518182	0.03448	-1.00000	-1.00000	0.00246	-1.00000	-1.00000	0.00246	-1.00000	-1.00000	0.00008	-1.00000	-1.00000
17008	Gandy	Cluster	un	7521351	0.09054	-1.00000	-1.00000	0.01094	-1.00000	-1.00000	0.02205	-1.00000	-1.00000	0.00029	-1.00000	-1.00000
17016	Gandy	Cluster	un	7526105	0.04820	-1.00000	-1.00000	0.00374	-1.00000	-1.00000	0.00332	-1.00000	-1.00000	0.00010	-1.00000	-1.00000
17021	Gandy	Cluster	un	7528416	0.07407	-1.00000	-1.00000	0.00881	-1.00000	-1.00000	0.00361	-1.00000	-1.00000	0.00027	-1.00000	-1.00000
17026	Gandy	Cluster	un	7530762	0.03114	-1.00000	-1.00000	0.00229	-1.00000	-1.00000	0.00018	-1.00000	-1.00000	0.00015	-1.00000	-1.00000
17029	Gandy	Cluster	un	7531643	0.96433	-1.00000	-1.00000	0.96551	-1.00000	-1.00000	0.96552	-1.00000	-1.00000	0.00123	-1.00000	-1.00000
17030	Gandy	Cluster	un	7532434	0.00000	-1.00000	-1.00000	0.00000	-1.00000	-1.00000	-0.01682	-1.00000	-1.00000	0.00041	-1.00000	-1.00000
17033	Gandy	Cluster	un	7534947	0.03448	-1.00000	-1.00000	0.00246	-1.00000	-1.00000	0.00246	-1.00000	-1.00000	0.00008	-1.00000	-1.00000
17045	Gandy	Cluster	un	7539236	-0.02569	-1.00000	-1.00000	-0.00281	-1.00000	-1.00000	-0.00237	-1.00000	-1.00000	0.00019	-1.00000	-1.00000
17061	Gandy	Cluster	un	7546163	-0.03567	-1.00000	-1.00000	-0.00255	-1.00000	-1.00000	0.00018	-1.00000	-1.00000	0.00015	-1.00000	-1.00000
17064	Gandy	Cluster	un	7547807	-0.00295	-1.00000	-1.00000	-0.00044	-1.00000	-1.00000	-0.00227	-1.00000	-1.00000	0.00024	-1.00000	-1.00000
17076	Gandy	Cluster	un	7554190	0.75228	-1.00000	-1.00000	0.71677	-1.00000	-1.00000	0.70901	-1.00000	-1.00000	0.00099	-1.00000	-1.00000
17083	Gandy	Cluster	un	7556645	0.03448	-1.00000	-1.00000	0.00246	-1.00000	-1.00000	0.00246	-1.00000	-1.00000	0.00008	-1.00000	-1.00000
17088	Gandy	Cluster	un	7558986	0.00340	-1.00000	-1.00000	0.00014	-1.00000	-1.00000	-0.01093	-1.00000	-1.00000	0.00035	-1.00000	-1.00000
17092	Gandy	Cluster	un	7562202	0.06897	-1.00000	-1.00000	0.00760	-1.00000	-1.00000	0.00760	-1.00000	-1.00000	0.00013	-1.00000	-1.00000
17093	Gandy	Cluster	un	7562997	-0.00000	-1.00000	-1.00000	-0.00000	-1.00000	-1.00000	-0.00000	-1.00000	-1.00000	0.00004	-1.00000	-1.00000
17100	Gandy	Cluster	un	7566154	0.03474	-1.00000	-1.00000	0.02257	-1.00000	-1.00000	0.02896	-1.00000	-1.00000	0.00067	-1.00000	-1.00000
17106	Gandy	Cluster	un	7569869	0.55172	-1.00000	-1.00000	0.41911	-1.00000	-1.00000	0.41911	-1.00000	-1.00000	0.00068	-1.00000	-1.00000
17107	Gandy	Cluster	un	7570706	-0.00000	-1.00000	-1.00000	-0.00000	-1.00000	-1.00000	-0.00000	-1.00000	-1.00000	0.00005	-1.00000	-1.00000
17112	Gandy	Cluster	un	7572269	0.15460	-1.00000	-1.00000	0.03162	-1.00000	-1.00000	0.04578	-1.00000	-1.00000	0.00031	-1.00000	-1.00000
17113	Gandy	Cluster	un	7573023	0.85780	-1.00000	-1.00000	0.84851	-1.00000	-1.00000	0.84856	-1.00000	-1.00000	0.00111	-1.00000	-1.00000
17124	Gandy	Cluster	un	7579353	0.06024	-1.00000	-1.00000	0.00707	-1.00000	-1.00000	0.00934	-1.00000	-1.00000	0.00028	-1.00000	-1.00000
17125	Gandy	Cluster	un	7580142	0.00000	-1.00000	-1.00000	0.00000	-1.00000	-1.00000	-0.00000	-1.00000	-1.00000	0.00005	-1.00000	-1.00000
17151	Gandy	Cluster	un	7592050	-0.00000	-1.00000	-1.00000	-0.00000	-1.00000	-1.00000	-0.00000	-1.00000	-1.00000	0.00004	-1.00000	-1.00000
17157	Gandy	Cluster	un	7595153	0.22346	-1.00000	-1.00000	0.22577	-1.00000	-1.00000	0.23173	-1.00000	-1.00000	0.00068	-1.00000	-1.00000
17158	Gandy	Cluster	un	7596033	0.03704	-1.00000	-1.00000	0.00284	-1.00000	-1.00000	-0.00227	-1.00000	-1.00000	0.00024	-1.00000	-1.00000
17162	Gandy	Cluster	un	7597602	0.05304	-1.00000	-1.00000	0.00446	-1.00000	-1.00000	0.06452	-1.00000	-1.00000	0.00035	-1.00000	-1.00000
17164	Gandy	Cluster	un	7598371	0.69703	-1.00000	-1.00000	0.60533	-1.00000	-1.00000	0.61429	-1.00000	-1.00000	0.00092	-1.00000	-1.00000
17165	Gandy	Cluster	un	7599152	-0.00000	-1.00000	-1.00000	-0.00000	-1.00000	-1.00000	-0.00000	-1.00000	-1.00000	0.00004	-1.00000	-1.00000
17170	Gandy	Cluster	un	7601545	0.15460	-1.00000	-1.00000	0.03162	-1.00000	-1.00000	0.04578	-1.00000	-1.00000	0.00029	-1.00000	-1.00000
17175	Gandy	Cluster	un	7602344	0.25744	-1.00000	-1.00000	0.08247	-1.00000	-1.00000	0.10158	-1.00000	-1.00000	0.00035	-1.00000	-1.00000
17176	Gandy	Cluster	un	7603264	-0.00565	-1.00000	-1.00000	-0.00022	-1.00000	-1.00000	0.00778	-1.00000	-1.00000	0.00034	-1.00000	-1.00000
17178	Gandy	Cluster	un	7604058	0.04067	-1.00000	-1.00000	0.00302	-1.00000	-1.00000	0.01050	-1.00000	-1.00000	0.00017	-1.00000	-1.00000
17184	Gandy	Cluster	un	7608676	0.13793	-1.00000	-1.00000	0.02685	-1.00000	-1.00000	0.02685	-1.00000	-1.00000	0.00021	-1.00000	-1.00000
17185	Gandy	Cluster	un	7609454	-0.04000	-1.00000	-1.00000	-0.00321	-1.00000	-1.00000	-0.00652	-1.00000	-1.00000	0.00028	-1.00000	-1.00000
17198	Gandy	Cluster	un	7615422	0.45057	-1.00000	-1.00000	0.27457	-1.00000	-1.00000	0.28659	-1.00000	-1.00000	0.00072	-1.00000	-1.00000
17205	Gandy	Cluster	un	7617732	0.10345	-1.00000	-1.00000	0.01567	-1.00000	-1.00000	0.01567	-1.00000	-1.00000	0.00017	-1.00000	-1.00000
17207	Gandy	Cluster	un	7618524	0.29006	-1.00000	-1.00000	0.09910	-1.00000	-1.00000	0.18781	-1.00000	-1.00000	0.00049	-1.00000	-1.00000
17212	Gandy	Cluster	un	7620987	0.15194	-1.00000	-1.00000	0.02682	-1.00000	-1.00000	0.04215	-1.00000	-1.00000	0.00027	-1.00000	-1.00000
17219	Gandy	Cluster	un	7625818	0.55413	-1.00000	-1.00000	0.38325	-1.00000	-1.00000	0.45283	-1.00000	-1.00000	0.00082	-1.00000	-1.00000
17225	Gandy	Cluster	un	7627441	0.04820	-1.00000	-1.00000	0.00374	-1.00000	-1.00000	0.01220	-1.00000	-1.00000	0.00020	-1.00000	-1.00000
17230	Gandy	Cluster	un	7628888	0.04348	-1.00000	-1.00000	0.00394	-1.00000	-1.00000	-0.01338	-1.00000	-1.00000	0.00047	-1.00000	-1.00000
17234	Gandy	Cluster	un	7630477	0.09054	-1.00000	-1.00000	0.01094	-1.00000	-1.00000	0.02205	-1.00000	-1.00000	0.00022	-1.00000	-1.00000
17238	Gandy	Cluster	un	7631300	0.36051	-1.00000	-1.00000	0.19258	-1.00000	-1.00000	0.21372	-1.00000	-1.00000	0.00059	-1.00000	-1.00000
17241	Gandy	Cluster	un	7632882	0.17241	-1.00000	-1.00000	0.04132	-1.00000	-1.00000	0.04132	-1.00000	-1.00000	0.00027	-1.00000	-1.00000
17250	Gandy	Cluster	un	7635141	-0.00489	-1.00000	-1.00000	-0.00018	-1.00000	-1.00000	0.01104	-1.00000	-1.00000	0.00020	-1.00000	-1.00000
17254	Gandy	Cluster	un	7636657	0.00656	-1.00000	-1.00000	0.00026	-1.00000	-1.00000	0.01989	-1.00000	-1.00000	0.00035	-1.00000	-1.00000
17263	Gandy	Cluster	un	7640603	0.22154	-1.00000	-1.00000	0.22055	-1.00000	-1.00000	0.23763	-1.00000	-1.00000	0.00083	-1.00000	-1.00000
17265	Gandy	Cluster	un	7642173	0.07875	-1.00000	-1.00000	0.00908	-1.00000	-1.00000	0.00881	-1.00000	-1.00000	0.00014	-1.00000	-1.00000
17275	Gandy	Cluster	un	7645387	0.04420	-1.00000	-1.00000	0.00354	-1.00000	-1.00000	0.00705	-1.00000	-1.00000	0.00031	-1.00000	-1.00000
17282	Gandy	Cluster	un	7649489	0.08287	-1.00000	-1.00000	0.02165	-1.00000	-1.00000	0.03571	-1.00000	-1.00000	0.00034	-1.00000	-1.00000
17290	Gandy	Cluster	un	7650279	0.38316	-1.00000	-1.00000	0.24806	-1.00000	-1.00000	0.26599	-1.00000	-1.00000	0.00063	-1.00000	-1.00000
17294	Gandy	Cluster	un	7651855	0.03448	-1.00000	-1.00000	0.00246	-1.00000	-1.00000	0.00246	-1.00000	-1.00000	0.00008	-1.00000	-1.00000
17305	Gandy	Cluster	un	7655858	0.46069	-1.00000	-1.00000	0.27518	-1.00000	-1.00000	0.32107	-1.00000	-1.00000	0.00062	-1.00000	-1.00000
17306	Gandy	Cluster	un	7656723	0.72527	-1.00000	-1.00000	0.68920	-1.00000	-1.00000	0.66730	-1.00000	-1.00000	0.00104	-1.00000	-1.00000
17310	Gandy	Cluster	un	7657494	0.00245	-1.00000	-1.00000	0.00042	-1.00000	-1.00000	-0.00248	-1.00000	-1.00000	0.00028	-1.00000	-1.00000
17311	Gandy	Cluster	un	7658234	0.05748	-1.00000	-1.00000	0.00467	-1.00000	-1.00000	0.06452	-1.00000	-1.00000	0.00036	-1.00000	-1.00000
17313	Gandy	Cluster	un	7658981	0.54566	-1.00000	-1.00000	0.42498	-1.00000	-1.00000	0.41781	-1.00000	-1.00000	0.00078	-1.00000	-1.00000
17323	Gandy	Cluster	un	7659779	-0.00000	-1.00000	-1.00000	-0.00000	-1.00000	-1.00000	-0.00011	-1.00000	-1.00000	0.00013	-1.00000	-1.00000
17325	Gandy	Cluster	un	7661425	0.09920	-1.00000	-1.00000	0.01731	-1.00000	-1.00000	0.03079	-1.00000	-1.00000	0.00042	-1.00000	-1.00000
17352	Gandy	Cluster	un	7670484	-0.03422	-1.00000	-1.00000	-0.03122	-1.00000	-1.00000	-0.03836	-1.00000	-1.00000	0.00060	-1.00000	-1.00000
17355	Gandy	Cluster	un	7671378	0.03114	-1.00000	-1.00000	0.00229	-1.00000	-1.00000	0.00246	-1.00000	-1.00000	0.00009	-1.00000	-1.00000
17366	Gandy	Cluster	un	7674543	0.04348	-1.00000	-1.00000	0.00394	-1.00000	-1.00000	-0.00302	-1.00000	-1.00000	0.00032	-1.00000	-1.00000
17371	Gandy	Cluster	un	7676006	0.02382	-1.00000	-1.00000	0.00187	-1.00000	-1.00000	0.03045	-1.00000	-1.00000	0.00029	-1.00000	-1.00000
17373	Gandy	Cluster	un	7677581	0.15460	-1.00000	-1.00000	0.03162	-1.00000	-1.00000	0.04578	-1.00000	-1.00000	0.00030	-1.00000	-1.00000
17375	Gandy	Cluster	un	7678363	0.25744	-1.00000	-1.00000	0.08247	-1.00000	-1.00000	0.08124	-1.00000	-1.00000	0.00034	-1.00000	-1.00000
17381	Gandy	Cluster	un	7680650	0.00000	-1.00000	-1.00000	0.00000	-1.00000	-1.00000	-0.01682	-1.00000	-1.00000	0.00044	-1.00000	-1.00000
17382	Gandy	Cluster	un	7681444	0.44000	-1.00000	-1.00000	0.27386	-1.00000	-1.00000	0.25641	-1.00000	-1.00000	0.00072	-1.00000	-1.00000
17400	Gandy	Cluster	un	7685517	0.15460	-1.00000	-1.00000	0.03162	-1.00000	-1.00000	0.04578	-1.00000	-1.00000	0.00028	-1.00000	-1.00000
17403	Gandy	Cluster	un	7686361	0.00251	-1.00000	-1.00000	0.00009	-1.00000	-1.00000	0.00508	-1.00000	-1.00000	0.00013	-1.00000	-1.00000
17418	Gandy	Cluster	un	7694472	0.00251	-1.00000	-1.00000	0.00009	-1.00000	-1.00000	0.00508	-1.00000	-1.00000	0.00012	-1.00000	-1.00000
17420	Gandy	Cluster	un	7695308	0.33591	-1.00000	-1.00000	0.16578	-1.00000	-1.00000	0.16641	-1.00000	-1.00000	0.00046	-1.00000	-1.00000
17424	Gandy	Cluster	un	7697613	0.00000	-1.00000	-1.00000	0.00000	-1.00000	-1.00000	-0.01682	-1.00000	-1.00000	0.00043	-1.00000	-1.00000
17428	Gandy	Cluster	un	7699924	-0.03841	-1.00000	-1.00000	-0.00296	-1.00000	-1.00000	-0.00486	-1.00000	-1.00000	0.00028	-1.00000	-1.00000
17451	Gandy	Cluster	un	7709231	0.00000	-1.00000	-1.00000	0.00000	-1.00000	-1.00000	-0.00502	-1.00000	-1.00000	0.00019	-1.00000	-1.00000
17467	Gandy	Cluster	un	7713981	-0.00000	-1.00000	-1.00000	-0.00000	-1.00000	-1.00000	-0.01068	-1.00000	-1.00000	0.00032	-1.00000	-1.00000
17477	Gandy	Cluster	un	7718101	0.00290	-1.00000	-1.00000	0.00011	-1.00000	-1.00000	0.00088	-1.00000	-1.00000	0.00028	-1.00000	-1.00000
17478	Gandy	Cluster	un	7718870	0.14504	-1.00000	-1.00000	0.02643	-1.00000	-1.00000	0.03790	-1.00000	-1.00000	0.00038	-1.00000	-1.00000
17480	Gandy	Cluster	un	7720556	0.06759	-1.00000	-1.00000	0.06691	-1.00000	-1.00000	0.05646	-1.00000	-1.00000	0.00075	-1.00000	-1.00000
17489	Gandy	Cluster	un	7722833	0.00251	-1.00000	-1.00000	0.00009	-1.00000	-1.00000	0.00508	-1.00000	-1.00000	0.00013	-1.00000	-1.00000
17490	Gandy	Cluster	un	7723617	0.10194	-1.00000	-1.00000	0.03577	-1.00000	-1.00000	0.04403	-1.00000	-1.00000	0.00054	-1.00000	-1.00000
17491	Gandy	Cluster	un	7724371	0.00561	-1.00000	-1.00000	0.00021	-1.00000	-1.00000	0.02159	-1.00000	-1.00000	0.00021	-1.00000	-1.00000
17504	Gandy	Cluster	un	7730595	-0.00000	-1.00000	-1.00000	-0.00000	-1.00000	-1.00000	-0.00000	-1.00000	-1.00000	0.00004	-1.00000	-1.00000
17511	Gandy	Cluster	un	7734461	0.07198	-1.00000	-1.00000	0.07358	-1.00000	-1.00000	0.08305	-1.00000	-1.00000	0.00075	-1.00000	-1.00000
17512	Gandy	Cluster	un	7735304	0.70370	-1.00000	-1.00000	0.63758	-1.00000	-1.00000	0.63167	-1.00000	-1.00000	0.00094	-1.00000	-1.00000
17535	Gandy	Cluster	un	7745321	0.04429	-1.00000	-1.00000	0.00935	-1.00000	-1.00000	0.01546	-1.00000	-1.00000	0.00042	-1.00000	-1.00000
17537	Gandy	Cluster	un	7746105	0.03448	-1.00000	-1.00000	0.00246	-1.00000	-1.00000	0.00246	-1.00000	-1.00000	0.00009	-1.00000	-1.00000
17545	Gandy	Cluster	un	7751431	-0.01231	-1.00000	-1.00000	-0.01246	-1.00000	-1.00000	-0.02763	-1.00000	-1.00000	0.00078	-1.00000	-1.00000
17548	Gandy	Cluster	un	7752207	0.33333	-1.00000	-1.00000	0.15625	-1.00000	-1.00000	0.15040	-1.00000	-1.00000	0.00053	-1.00000	-1.00000
17549	Gandy	Cluster	un	7753027	-0.03080	-1.00000	-1.00000	-0.02855	-1.00000	-1.00000	-0.03425	-1.00000	-1.00000	0.00076	-1.00000	-1.00000
17551	Gandy	Cluster	un	7754602	0.45884	-1.00000	-1.00000	0.34279	-1.00000	-1.00000	0.38251	-1.00000	-1.00000	0.00072	-1.00000	-1.00000
17573	Gandy	Cluster	un	7761016	-0.00565	-1.00000	-1.00000	-0.00022	-1.00000	-1.00000	0.00778	-1.00000	-1.00000	0.00031	-1.00000	-1.00000
17582	Gandy	Cluster	un	7766033	0.00251	-1.00000	-1.00000	0.00009	-1.00000	-1.00000	-0.00000	-1.00000	-1.00000	0.00004	-1.00000	-1.00000
17593	Gandy	Cluster	un	7770089	-0.00235	-1.00000	-1.00000	-0.00008	-1.00000	-1.00000	0.00008	-1.00000	-1.00000	0.00013	-1.00000	-1.00000
17608	Gandy	Cluster	un	7778187	0.00000	-1.00000	-1.00000	0.00000	-1.00000	-1.00000	0.00508	-1.00000	-1.00000	0.00012	-1.00000	-1.00000
17618	Gandy	Cluster	un	7780663	0.84173	-1.00000	-1.00000	0.83622	-1.00000	-1.00000	0.82270	-1.00000	-1.00000	0.00103	-1.00000	-1.00000
17632	Gandy	Cluster	un	7787044	-0.00000	-1.00000	-1.00000	-0.00000	-1.00000	-1.00000	-0.00000	-1.00000	-1.00000	0.00004	-1.00000	-1.00000
17662	Gandy	Cluster	un	7798274	0.85325	-1.00000	-1.00000	0.84846	-1.00000	-1.00000	0.84814	-1.00000	-1.00000	0.00112	-1.00000	-1.00000
17667	Gandy	Cluster	un	7801449	0.11522	-1.00000	-1.00000	0.06941	-1.00000	-1.00000	0.05903	-1.00000	-1.00000	0.00064	-1.00000	-1.00000
17670	Gandy	Cluster	un	7802123	0.52815	-1.00000	-1.00000	0.37486	-1.00000	-1.00000	0.39095	-1.00000	-1.00000	0.00068	-1.00000	-1.00000
17675	Gandy	Cluster	un	7803818	0.20690	-1.00000	-1.00000	0.05924	-1.00000	-1.00000	0.05924	-1.00000	-1.00000	0.00029	-1.00000	-1.00000
17689	Gandy	Cluster	un	7813583	0.03448	-1.00000	-1.00000	0.00246	-1.00000	-1.00000	0.00246	-1.00000	-1.00000	0.00008	-1.00000	-1.00000
17694	Gandy	Cluster	un	7816719	0.13793	-1.00000	-1.00000	0.02685	-1.00000	-1.00000	0.02685	-1.00000	-1.00000	0.00021	-1.00000	-1.00000
17698	Gandy	Cluster	un	7818980	0.49436	-1.00000	-1.00000	0.42065	-1.00000	-1.00000	0.45164	-1.00000	-1.00000	0.00080	-1.00000	-1.00000
17702	Gandy	Cluster	un	7821365	0.09054	-1.00000	-1.00000	0.01094	-1.00000	-1.00000	0.02205	-1.00000	-1.00000	0.00022	-1.00000	-1.00000
17705	Gandy	Cluster	un	7822167	0.03448	-1.00000	-1.00000	0.00246	-1.00000	-1.00000	0.00246	-1.00000	-1.00000	0.00010	-1.00000	-1.00000
17718	Gandy	Cluster	un	7827585	0.03448	-1.00000	-1.00000	0.00246	-1.00000	-1.00000	0.00246	-1.00000	-1.00000	0.00008	-1.00000	-1.00000
17730	Gandy	Cluster	un	7833104	-0.02504	-1.00000	-1.00000	-0.00474	-1.00000	-1.00000	0.00078	-1.00000	-1.00000	0.00028	-1.00000	-1.00000
17731	Gandy	Cluster	un	7833888	0.04000	-1.00000	-1.00000	0.00332	-1.00000	-1.00000	0.00332	-1.00000	-1.00000	0.00018	-1.00000	-1.00000
17733	Gandy	Cluster	un	7834311	0.36961	-1.00000	-1.00000	0.17428	-1.00000	-1.00000	0.19133	-1.00000	-1.00000	0.00054	-1.00000	-1.00000
17735	Gandy	Cluster	un	7836105	-0.00565	-1.00000	-1.00000	-0.00022	-1.00000	-1.00000	-0.00000	-1.00000	-1.00000	0.00004	-1.00000	-1.00000
17736	Gandy	Cluster	un	7836927	0.78412	-1.00000	-1.00000	0.74052	-1.00000	-1.00000	0.74487	-1.00000	-1.00000	0.00098	-1.00000	-1.00000
17743	Gandy	Cluster	un	7841837	0.10495	-1.00000	-1.00000	0.01335	-1.00000	-1.00000	0.02597	-1.00000	-1.00000	0.00026	-1.00000	-1.00000
17745	Gandy	Cluster	un	7843368	0.03448	-1.00000	-1.00000	0.00246	-1.00000	-1.00000	0.00246	-1.00000	-1.00000	0.00009	-1.00000	-1.00000
17753	Gandy	Cluster	un	7848196	-0.00767	-1.00000	-1.00000	-0.00029	-1.00000	-1.00000	0.03472	-1.00000	-1.00000	0.00028	-1.00000	-1.00000
17761	Gandy	Cluster	un	7850647	0.05304	-1.00000	-1.00000	0.00446	-1.00000	-1.00000	0.01434	-1.00000	-1.00000	0.00020	-1.00000	-1.00000
17783	Gandy	Cluster	un	7858886	0.02912	-1.00000	-1.00000	0.00239	-1.00000	-1.00000	0.01034	-1.00000	-1.00000	0.00025	-1.00000	-1.00000
17794	Gandy	Cluster	un	7865237	0.23006	-1.00000	-1.00000	0.06951	-1.00000	-1.00000	0.08696	-1.00000	-1.00000	0.00038	-1.00000	-1.00000
17802	Gandy	Cluster	un	7869327	0.45670	-1.00000	-1.00000	0.46684	-1.00000	-1.00000	0.44107	-1.00000	-1.00000	0.00083	-1.00000	-1.00000
17810	Gandy	Cluster	un	7873415	0.17448	-1.00000	-1.00000	0.03767	-1.00000	-1.00000	0.05342	-1.00000	-1.00000	0.00029	-1.00000	-1.00000
17817	Gandy	Cluster	un	7878045	0.39273	-1.00000	-1.00000	0.37796	-1.00000	-1.00000	0.42777	-1.00000	-1.00000	0.00077	-1.00000	-1.00000
17827	Gandy	Cluster	un	7881893	0.15460	-1.00000	-1.00000	0.03162	-1.00000	-1.00000	0.03120	-1.00000	-1.00000	0.00024	-1.00000	-1.00000
17828	Gandy	Cluster	un	7882639	-0.00000	-1.00000	-1.00000	-0.00000	-1.00000	-1.00000	-0.00000	-1.00000	-1.00000	0.00004	-1.00000	-1.00000
17829	Gandy	Cluster	un	7883466	0.07875	-1.00000	-1.00000	0.00908	-1.00000	-1.00000	0.01894	-1.00000	-1.00000	0.00022	-1.00000	-1.00000
17837	Gandy	Cluster	un	7887343	-0.00000	-1.00000	-1.00000	-0.00000	-1.00000	-1.00000	-0.00000	-1.00000	-1.00000	0.00004	-1.00000	-1.00000
17844	Gandy	Cluster	un	7890622	0.04067	-1.00000	-1.00000	0.00302	-1.00000	-1.00000	0.01050	-1.00000	-1.00000	0.00018	-1.00000	-1.00000
17845	Gandy	Cluster	un	7891372	0.45732	-1.00000	-1.00000	0.27050	-1.00000	-1.00000	0.28513	-1.00000	-1.00000	0.00073	-1.00000	-1.00000
17848	Gandy	Cluster	un	7892997	0.09150	-1.00000	-1.00000	0.09450	-1.00000	-1.00000	0.09081	-1.00000	-1.00000	0.00072	-1.00000	-1.00000
17850	Gandy	Cluster	un	7894650	-0.03841	-1.00000	-1.00000	-0.00296	-1.00000	-1.00000	-0.00486	-1.00000	-1.00000	0.00028	-1.00000	-1.00000
17856	Gandy	Cluster	un	7897872	0.04420	-1.00000	-1.00000	0.00354	-1.00000	-1.00000	0.00332	-1.00000	-1.00000	0.00009	-1.00000	-1.00000
17859	Gandy	Cluster	un	7898714	0.04067	-1.00000	-1.00000	0.00302	-1.00000	-1.00000	0.01050	-1.00000	-1.00000	0.00016	-1.00000	-1.00000
17866	Gandy	Cluster	un	7901036	0.24887	-1.00000	-1.00000	0.08190	-1.00000	-1.00000	0.09532	-1.00000	-1.00000	0.00053	-1.00000	-1.00000
17868	Gandy	Cluster	un	7902602	0.19845	-1.00000	-1.00000	0.04545	-1.00000	-1.00000	0.09204	-1.00000	-1.00000	0.00044	-1.00000	-1.00000
17883	Gandy	Cluster	un	7907102	-0.03729	-1.00000	-1.00000	-0.01716	-1.00000	-1.00000	-0.01583	-1.00000	-1.00000	0.00055	-1.00000	-1.00000
17884	Gandy	Cluster	un	7907902	0.00251	-1.00000	-1.00000	0.00009	-1.00000	-1.00000	-0.00000	-1.00000	-1.00000	0.00004	-1.00000	-1.00000
17886	Gandy	Cluster	un	7908717	0.03320	-1.00000	-1.00000	0.00263	-1.00000	-1.00000	0.01050	-1.00000	-1.00000	0.00018	-1.00000	-1.00000
17896	Gandy	Cluster	un	7912785	0.09054	-1.00000	-1.00000	0.01094	-1.00000	-1.00000	0.02205	-1.00000	-1.00000	0.00023	-1.00000	-1.00000
17908	Gandy	Cluster	un	7919248	0.00656	-1.00000	-1.00000	0.00026	-1.00000	-1.00000	0.01989	-1.00000	-1.00000	0.00029	-1.00000	-1.00000
17921	Gandy	Cluster	un	7924180	-0.00270	-1.00000	-1.00000	-0.00010	-1.00000	-1.00000	0.00508	-1.00000	-1.00000	0.00012	-1.00000	-1.00000
17940	Gandy	Cluster	un	7929901	0.00656	-1.00000	-1.00000	0.00026	-1.00000	-1.00000	0.01989	-1.00000	-1.00000	0.00036	-1.00000	-1.00000
17956	Gandy	Cluster	un	7936853	0.32530	-1.00000	-1.00000	0.13366	-1.00000	-1.00000	0.18797	-1.00000	-1.00000	0.00051	-1.00000	-1.00000
17960	Gandy	Cluster	un	7938485	0.05143	-1.00000	-1.00000	0.01050	-1.00000	-1.00000	0.02200	-1.00000	-1.00000	0.00030	-1.00000	-1.00000
17978	Gandy	Cluster	un	7944365	0.15460	-1.00000	-1.00000	0.03162	-1.00000	-1.00000	0.04578	-1.00000	-1.00000	0.00031	-1.00000	-1.00000
17980	Gandy	Cluster	un	7945130	-0.01259	-1.00000	-1.00000	-0.00960	-1.00000	-1.00000	-0.00209	-1.00000	-1.00000	0.00066	-1.00000	-1.00000
17990	Gandy	Cluster	un	7948355	0.24138	-1.00000	-1.00000	0.08069	-1.00000	-1.00000	0.08069	-1.00000	-1.00000	0.00033	-1.00000	-1.00000
17993	Gandy	Cluster	un	7950803	-0.00565	-1.00000	-1.00000	-0.00022	-1.00000	-1.00000	0.00778	-1.00000	-1.00000	0.00032	-1.00000	-1.00000
17996	Gandy	Cluster	un	7953435	0.10345	-1.00000	-1.00000	0.01567	-1.00000	-1.00000	0.01567	-1.00000	-1.00000	0.00016	-1.00000	-1.00000
18001	Gandy	Cluster	un	7956590	-0.00270	-1.00000	-1.00000	-0.00010	-1.00000	-1.00000	0.00508	-1.00000	-1.00000	0.00013	-1.00000	-1.00000
18002	Gandy	Cluster	un	7957354	0.33333	-1.00000	-1.00000	0.15625	-1.00000	-1.00000	0.15625	-1.00000	-1.00000	0.00044	-1.00000	-1.00000
18010	Gandy	Cluster	un	7959863	0.00290	-1.00000	-1.00000	0.00011	-1.00000	-1.00000	0.00088	-1.00000	-1.00000	0.00026	-1.00000	-1.00000
18012	Gandy	Cluster	un	7961475	0.00251	-1.00000	-1.00000	0.00009	-1.00000	-1.00000	0.00508	-1.00000	-1.00000	0.00012	-1.00000	-1.00000
18023	Gandy	Cluster	un	7966312	0.07875	-1.00000	-1.00000	0.00908	-1.00000	-1.00000	0.01894	-1.00000	-1.00000	0.00020	-1.00000	-1.00000
18032	Gandy	Cluster	un	7968672	-0.00489	-1.00000	-1.00000	-0.00018	-1.00000	-1.00000	0.01104	-1.00000	-1.00000	0.00020	-1.00000	-1.00000
18033	Gandy	Cluster	un	7969494	0.03555	-1.00000	-1.00000	0.00306	-1.00000	-1.00000	-0.01045	-1.00000	-1.00000	0.00040	-1.00000	-1.00000
18035	Gandy	Cluster	un	7970326	0.01599	-1.00000	-1.00000	0.00461	-1.00000	-1.00000	0.00461	-1.00000	-1.00000	0.00027	-1.00000	-1.00000
18036	Gandy	Cluster	un	7971147	0.03448	-1.00000	-1.00000	0.00246	-1.00000	-1.00000	0.00246	-1.00000	-1.00000	0.00008	-1.00000	-1.00000
18037	Gandy	Cluster	un	7971933	0.09834	-1.00000	-1.00000	0.01534	-1.00000	-1.00000	0.00883	-1.00000	-1.00000	0.00022	-1.00000	-1.00000
18047	Gandy	Cluster	un	7977506	0.00561	-1.00000	-1.00000	0.00021	-1.00000	-1.00000	0.02159	-1.00000	-1.00000	0.00023	-1.00000	-1.00000
18063	Gandy	Cluster	un	7980672	0.00561	-1.00000	-1.00000	0.00021	-1.00000	-1.00000	0.02159	-1.00000	-1.00000	0.00018	-1.00000	-1.00000
18074	Gandy	Cluster	un	7985274	0.05930	-1.00000	-1.00000	0.02596	-1.00000	-1.00000	0.06486	-1.00000	-1.00000	0.00051	-1.00000	-1.00000
18082	Gandy	Cluster	un	7988606	0.07407	-1.00000	-1.00000	0.00881	-1.00000	-1.00000	0.00881	-1.00000	-1.00000	0.00014	-1.00000	-1.00000
18094	Gandy	Cluster	un	7993333	0.00561	-1.00000	-1.00000	0.00021	-1.00000	-1.00000	0.02159	-1.00000	-1.00000	0.00021	-1.00000	-1.00000
18106	Gandy	Cluster	un	7997302	-0.00767	-1.00000	-1.00000	-0.00029	-1.00000	-1.00000	0.01323	-1.00000	-1.00000	0.00019	-1.00000	-1.00000
18110	Gandy	Cluster	un	7999098	0.00251	-1.00000	-1.00000	0.00009	-1.00000	-1.00000	0.00508	-1.00000	-1.00000	0.00013	-1.00000	-1.00000
18115	Gandy	Cluster	un	8001541	0.34483	-1.00000	-1.00000	0.16641	-1.00000	-1.00000	0.16641	-1.00000	-1.00000	0.00048	-1.00000	-1.00000
18117	Gandy	Cluster	un	8003049	0.00656	-1.00000	-1.00000	0.00026	-1.00000	-1.00000	0.02512	-1.00000	-1.00000	0.00021	-1.00000	-1.00000
18122	Gandy	Cluster	un	8005544	-0.00565	-1.00000	-1.00000	-0.00022	-1.00000	-1.00000	0.00778	-1.00000	-1.00000	0.00035	-1.00000	-1.00000
18127	Gandy	Cluster	un	8006304	0.37037	-1.00000	-1.00000	0.19332	-1.00000	-1.00000	0.18739	-1.00000	-1.00000	0.00060	-1.00000	-1.00000
18130	Gandy	Cluster	un	8007079	0.07407	-1.00000	-1.00000	0.00881	-1.00000	-1.00000	0.01894	-1.00000	-1.00000	0.00021	-1.00000	-1.00000
18131	Gandy	Cluster	un	8007860	0.19238	-1.00000	-1.00000	0.04856	-1.00000	-1.00000	0.06452	-1.00000	-1.00000	0.00033	-1.00000	-1.00000
18133	Gandy	Cluster	un	8009493	1.00000	-1.00000	-1.00000	1.00000	-1.00000	-1.00000	0.98911	-1.00000	-1.00000	0.00127	-1.00000	-1.00000
18136	Gandy	Cluster	un	8011899	0.21608	-1.00000	-1.00000	0.05772	-1.00000	-1.00000	0.07534	-1.00000	-1.00000	0.00036	-1.00000	-1.00000
18142	Gandy	Cluster	un	8016824	-0.03567	-1.00000	-1.00000	-0.00255	-1.00000	-1.00000	0.00018	-1.00000	-1.00000	0.00016	-1.00000	-1.00000
18145	Gandy	Cluster	un	8018334	0.13793	-1.00000	-1.00000	0.02685	-1.00000	-1.00000	0.02685	-1.00000	-1.00000	0.00018	-1.00000	-1.00000
18150	Gandy	Cluster	un	8019985	0.06470	-1.00000	-1.00000	0.00736	-1.00000	-1.00000	0.00300	-1.00000	-1.00000	0.00020	-1.00000	-1.00000
18151	Gandy	Cluster	un	8020768	0.04820	-1.00000	-1.00000	0.00374	-1.00000	-1.00000	0.01220	-1.00000	-1.00000	0.00016	-1.00000	-1.00000
18152	Gandy	Cluster	un	8021641	0.00290	-1.00000	-1.00000	0.00011	-1.00000	-1.00000	-0.00518	-1.00000	-1.00000	0.00021	-1.00000	-1.00000
18156	Gandy	Cluster	un	8022421	0.00070	-1.00000	-1.00000	0.00036	-1.00000	-1.00000	-0.01270	-1.00000	-1.00000	0.00063	-1.00000	-1.00000
18159	Gandy	Cluster	un	8024062	0.35185	-1.00000	-1.00000	0.28889	-1.00000	-1.00000	0.26435	-1.00000	-1.00000	0.00077	-1.00000	-1.00000
18160	Gandy	Cluster	un	8024887	-0.00767	-1.00000	-1.00000	-0.00029	-1.00000	-1.00000	0.03472	-1.00000	-1.00000	0.00030	-1.00000	-1.00000
18162	Gandy	Cluster	un	8026534	0.00000	-1.00000	-1.00000	0.00000	-1.00000	-1.00000	-0.00009	-1.00000	-1.00000	0.00013	-1.00000	-1.00000
18166	Gandy	Cluster	un	8028094	0.11672	-1.00000	-1.00000	0.01853	-1.00000	-1.00000	0.01818	-1.00000	-1.00000	0.00018	-1.00000	-1.00000
18168	Gandy	Cluster	un	8029514	0.86207	-1.00000	-1.00000	0.84856	-1.00000	-1.00000	0.84856	-1.00000	-1.00000	0.00108	-1.00000	-1.00000
18175	Gandy	Cluster	un	8032564	0.24887	-1.00000	-1.00000	0.08190	-1.00000	-1.00000	0.08124	-1.00000	-1.00000	0.00032	-1.00000	-1.00000
18176	Gandy	Cluster	un	8033404	1.00000	-1.00000	-1.00000	1.00000	-1.00000	-1.00000	0.98269	-1.00000	-1.00000	0.00130	-1.00000	-1.00000
18197	Gandy	Cluster	un	8041584	-0.03384	-1.00000	-1.00000	-0.00662	-1.00000	-1.00000	-0.00510	-1.00000	-1.00000	0.00028	-1.00000	-1.00000
18201	Gandy	Cluster	un	8044005	-0.00000	-1.00000	-1.00000	-0.00000	-1.00000	-1.00000	-0.00000	-1.00000	-1.00000	0.00004	-1.00000	-1.00000
18213	Gandy	Cluster	un	8048567	0.06897	-1.00000	-1.00000	0.00760	-1.00000	-1.00000	0.00760	-1.00000	-1.00000	0.00012	-1.00000	-1.00000
18219	Gandy	Cluster	un	8051797	0.06897	-1.00000	-1.00000	0.00760	-1.00000	-1.00000	0.00760	-1.00000	-1.00000	0.00012	-1.00000	-1.00000
18227	Gandy	Cluster	un	8053460	-0.00315	-1.00000	-1.00000	-0.00013	-1.00000	-1.00000	0.03366	-1.00000	-1.00000	0.00025	-1.00000	-1.00000
18229	Gandy	Cluster	un	8054386	0.03969	-1.00000	-1.00000	0.03032	-1.00000	-1.00000	0.05845	-1.00000	-1.00000	0.00066	-1.00000	-1.00000
18234	Gandy	Cluster	un	8057647	-0.02330	-1.00000	-1.00000	-0.00301	-1.00000	-1.00000	-0.00942	-1.00000	-1.00000	0.00030	-1.00000	-1.00000
18238	Gandy	Cluster	un	8059308	0.00251	-1.00000	-1.00000	0.00009	-1.00000	-1.00000	0.00508	-1.00000	-1.00000	0.00012	-1.00000	-1.00000
18239	Gandy	Cluster	un	8060171	0.14978	-1.00000	-1.00000	0.07371	-1.00000	-1.00000	0.06766	-1.00000	-1.00000	0.00052	-1.00000	-1.00000
18240	Gandy	Cluster	un	8060991	0.00690	-1.00000	-1.00000	0.00558	-1.00000	-1.00000	-0.00340	-1.00000	-1.00000	0.00067	-1.00000	-1.00000
18246	Gandy	Cluster	un	8063446	0.09920	-1.00000	-1.00000	0.01304	-1.00000	-1.00000	0.04448	-1.00000	-1.00000	0.00043	-1.00000	-1.00000
18253	Gandy	Cluster	un	8065879	0.14815	-1.00000	-1.00000	0.03120	-1.00000	-1.00000	0.04578	-1.00000	-1.00000	0.00028	-1.00000	-1.00000
18257	Gandy	Cluster	un	8068348	-0.00000	-1.00000	-1.00000	-0.00000	-1.00000	-1.00000	-0.00000	-1.00000	-1.00000	0.00005	-1.00000	-1.00000
18262	Gandy	Cluster	un	8071440	0.08538	-1.00000	-1.00000	0.01066	-1.00000	-1.00000	0.00463	-1.00000	-1.00000	0.00030	-1.00000	-1.00000
18264	Gandy	Cluster	un	8072029	0.05748	-1.00000	-1.00000	0.00467	-1.00000	-1.00000	0.01434	-1.00000	-1.00000	0.00019	-1.00000	-1.00000
18269	Gandy	Cluster	un	8075178	0.08538	-1.00000	-1.00000	0.01066	-1.00000	-1.00000	0.01674	-1.00000	-1.00000	0.00035	-1.00000	-1.00000
18273	Gandy	Cluster	un	8075968	-0.00000	-1.00000	-1.00000	-0.00000	-1.00000	-1.00000	-0.01068	-1.00000	-1.00000	0.00033	-1.00000	-1.00000
18276	Gandy	Cluster	un	8077490	0.04067	-1.00000	-1.00000	0.00302	-1.00000	-1.00000	0.01050	-1.00000	-1.00000	0.00015	-1.00000	-1.00000
18278	Gandy	Cluster	un	8078406	0.29856	-1.00000	-1.00000	0.11199	-1.00000	-1.00000	0.11067	-1.00000	-1.00000	0.00037	-1.00000	-1.00000
18280	Gandy	Cluster	un	8080141	0.00251	-1.00000	-1.00000	0.00009	-1.00000	-1.00000	-0.00000	-1.00000	-1.00000	0.00004	-1.00000	-1.00000
18286	Gandy	Cluster	un	8084161	0.07407	-1.00000	-1.00000	0.00881	-1.00000	-1.00000	0.01894	-1.00000	-1.00000	0.00022	-1.00000	-1.00000
18293	Gandy	Cluster	un	8087378	0.28945	-1.00000	-1.00000	0.11138	-1.00000	-1.00000	0.13214	-1.00000	-1.00000	0.00043	-1.00000	-1.00000
18295	Gandy	Cluster	un	8089040	0.06024	-1.00000	-1.00000	0.00707	-1.00000	-1.00000	0.00286	-1.00000	-1.00000	0.00019	-1.00000	-1.00000
18296	Gandy	Cluster	un	8089921	0.03704	-1.00000	-1.00000	0.00284	-1.00000	-1.00000	-0.00227	-1.00000	-1.00000	0.00024	-1.00000	-1.00000
18300	Gandy	Cluster	un	8091499	0.33944	-1.00000	-1.00000	0.14624	-1.00000	-1.00000	0.16697	-1.00000	-1.00000	0.00050	-1.00000	-1.00000
18318	Gandy	Cluster	un	8098723	0.41707	-1.00000	-1.00000	0.23467	-1.00000	-1.00000	0.25402	-1.00000	-1.00000	0.00067	-1.00000	-1.00000
18328	Gandy	Cluster	un	8101894	0.06470	-1.00000	-1.00000	0.00736	-1.00000	-1.00000	0.00300	-1.00000	-1.00000	0.00021	-1.00000	-1.00000
18330	Gandy	Cluster	un	8102670	-0.02338	-1.00000	-1.00000	-0.01332	-1.00000	-1.00000	-0.00523	-1.00000	-1.00000	0.00047	-1.00000	-1.00000
18342	Gandy	Cluster	un	8105787	0.06897	-1.00000	-1.00000	0.00760	-1.00000	-1.00000	0.00760	-1.00000	-1.00000	0.00012	-1.00000	-1.00000
18344	Gandy	Cluster	un	8107485	0.23578	-1.00000	-1.00000	0.06894	-1.00000	-1.00000	0.06757	-1.00000	-1.00000	0.00031	-1.00000	-1.00000
18345	Gandy	Cluster	un	8108280	0.19238	-1.00000	-1.00000	0.04856	-1.00000	-1.00000	0.06452	-1.00000	-1.00000	0.00032	-1.00000	-1.00000
18351	Gandy	Cluster	un	8111447	-0.00000	-1.00000	-1.00000	-0.00000	-1.00000	-1.00000	-0.00000	-1.00000	-1.00000	0.00004	-1.00000	-1.00000
18354	Gandy	Cluster	un	8113005	0.03114	-1.00000	-1.00000	0.00229	-1.00000	-1.00000	0.00246	-1.00000	-1.00000	0.00009	-1.00000	-1.00000
18363	Gandy	Cluster	un	8117077	0.11111	-1.00000	-1.00000	0.01818	-1.00000	-1.00000	0.03064	-1.00000	-1.00000	0.00026	-1.00000	-1.00000
18368	Gandy	Cluster	un	8120285	0.00951	-1.00000	-1.00000	0.00037	-1.00000	-1.00000	0.00691	-1.00000	-1.00000	0.00014	-1.00000	-1.00000
18391	Gandy	Cluster	un	8133332	0.44123	-1.00000	-1.00000	0.33959	-1.00000	-1.00000	0.31676	-1.00000	-1.00000	0.00076	-1.00000	-1.00000
18398	Gandy	Cluster	un	8135497	0.05748	-1.00000	-1.00000	0.00467	-1.00000	-1.00000	0.01434	-1.00000	-1.00000	0.00019	-1.00000	-1.00000
18399	Gandy	Cluster	un	8136304	-0.00315	-1.00000	-1.00000	-0.00013	-1.00000	-1.00000	-0.01039	-1.00000	-1.00000	0.00038	-1.00000	-1.00000
18400	Gandy	Cluster	un	8137104	-0.00235	-1.00000	-1.00000	-0.00008	-1.00000	-1.00000	-0.00000	-1.00000	-1.00000	0.00004	-1.00000	-1.00000
18411	Gandy	Cluster	un	8141274	0.08538	-1.00000	-1.00000	0.01066	-1.00000	-1.00000	0.01674	-1.00000	-1.00000	0.00035	-1.00000	-1.00000
18421	Gandy	Cluster	un	8142894	0.00251	-1.00000	-1.00000	0.00009	-1.00000	-1.00000	-0.00000	-1.00000	-1.00000	0.00004	-1.00000	-1.00000
18425	Gandy	Cluster	un	8145134	0.68186	-1.00000	-1.00000	0.61648	-1.00000	-1.00000	0.61024	-1.00000	-1.00000	0.00122	-1.00000	-1.00000
18439	Gandy	Cluster	un	8148701	0.08478	-1.00000	-1.00000	0.02685	-1.00000	-1.00000	0.01644	-1.00000	-1.00000	0.00051	-1.00000	-1.00000
18448	Gandy	Cluster	un	8151136	0.22222	-1.00000	-1.00000	0.06897	-1.00000	-1.00000	0.06339	-1.00000	-1.00000	0.00042	-1.00000	-1.00000
18451	Gandy	Cluster	un	8152775	-0.02330	-1.00000	-1.00000	-0.00301	-1.00000	-1.00000	0.01558	-1.00000	-1.00000	0.00041	-1.00000	-1.00000
18452	Gandy	Cluster	un	8153581	0.11672	-1.00000	-1.00000	0.01853	-1.00000	-1.00000	0.03064	-1.00000	-1.00000	0.00024	-1.00000	-1.00000
18475	Gandy	Cluster	un	8160732	0.08000	-1.00000	-1.00000	0.01033	-1.00000	-1.00000	0.00429	-1.00000	-1.00000	0.00028	-1.00000	-1.00000
18484	Gandy	Cluster	un	8162337	-0.00000	-1.00000	-1.00000	-0.00000	-1.00000	-1.00000	-0.00000	-1.00000	-1.00000	0.00004	-1.00000	-1.00000
18490	Gandy	Cluster	un	8166347	0.71516	-1.00000	-1.00000	0.71186	-1.00000	-1.00000	0.70558	-1.00000	-1.00000	0.00108	-1.00000	-1.00000
18492	Gandy	Cluster	un	8167922	0.27669	-1.00000	-1.00000	0.15219	-1.00000	-1.00000	0.16324	-1.00000	-1.00000	0.00059	-1.00000	-1.00000
18496	Gandy	Cluster	un	8170361	0.54387	-1.00000	-1.00000	0.38273	-1.00000	-1.00000	0.41303	-1.00000	-1.00000	0.00074	-1.00000	-1.00000
18500	Gandy	Cluster	un	8173602	0.48978	-1.00000	-1.00000	0.32431	-1.00000	-1.00000	0.32050	-1.00000	-1.00000	0.00082	-1.00000	-1.00000
18506	Gandy	Cluster	un	8176852	0.03501	-1.00000	-1.00000	0.01024	-1.00000	-1.00000	0.04452	-1.00000	-1.00000	0.00041	-1.00000	-1.00000
18508	Gandy	Cluster	un	8178450	0.00181	-1.00000	-1.00000	0.00026	-1.00000	-1.00000	0.00026	-1.00000	-1.00000	0.00016	-1.00000	-1.00000
18515	Gandy	Cluster	un	8180057	0.00000	-1.00000	-1.00000	0.00000	-1.00000	-1.00000	0.01515	-1.00000	-1.00000	0.00035	-1.00000	-1.00000
18521	Gandy	Cluster	un	8183287	0.03448	-1.00000	-1.00000	0.00246	-1.00000	-1.00000	0.00246	-1.00000	-1.00000	0.00009	-1.00000	-1.00000
18522	Gandy	Cluster	un	8184036	0.16737	-1.00000	-1.00000	0.03722	-1.00000	-1.00000	0.04771	-1.00000	-1.00000	0.00040	-1.00000	-1.00000
18541	Gandy	Cluster	un	8192010	0.02760	-1.00000	-1.00000	0.00210	-1.00000	-1.00000	0.00246	-1.00000	-1.00000	0.00009	-1.00000	-1.00000
18544	Gandy	Cluster	un	8194368	-0.04025	-1.00000	-1.00000	-0.02474	-1.00000	-1.00000	-0.00627	-1.00000	-1.00000	0.00068	-1.00000	-1.00000
18547	Gandy	Cluster	un	8196730	-0.00235	-1.00000	-1.00000	-0.00008	-1.00000	-1.00000	0.00008	-1.00000	-1.00000	0.00012	-1.00000	-1.00000
18563	Gandy	Cluster	un	8202417	0.30175	-1.00000	-1.00000	0.13370	-1.00000	-1.00000	0.11835	-1.00000	-1.00000	0.00051	-1.00000	-1.00000
18568	Gandy	Cluster	un	8205494	0.03448	-1.00000	-1.00000	0.00246	-1.00000	-1.00000	0.00246	-1.00000	-1.00000	0.00008	-1.00000	-1.00000
18571	Gandy	Cluster	un	8206329	0.96552	-1.00000	-1.00000	0.96552	-1.00000	-1.00000	0.96552	-1.00000	-1.00000	0.00117	-1.00000	-1.00000
18572	Gandy	Cluster	un	8207156	-0.00235	-1.00000	-1.00000	-0.00008	-1.00000	-1.00000	0.00008	-1.00000	-1.00000	0.00013	-1.00000	-1.00000
18580	Gandy	Cluster	un	8211678	0.00000	-1.00000	-1.00000	0.00000	-1.00000	-1.00000	0.00508	-1.00000	-1.00000	0.00012	-1.00000	-1.00000
18582	Gandy	Cluster	un	8213280	0.13793	-1.00000	-1.00000	0.02685	-1.00000	-1.00000	0.02685	-1.00000	-1.00000	0.00019	-1.00000	-1.00000
18587	Gandy	Cluster	un	8215767	0.03448	-1.00000	-1.00000	0.00246	-1.00000	-1.00000	0.00246	-1.00000	-1.00000	0.00008	-1.00000	-1.00000
18594	Gandy	Cluster	un	8219011	-0.00000	-1.00000	-1.00000	-0.00000	-1.00000	-1.00000	-0.01068	-1.00000	-1.00000	0.00032	-1.00000	-1.00000
18597	Gandy	Cluster	un	8220495	0.10345	-1.00000	-1.00000	0.01567	-1.00000	-1.00000	0.01567	-1.00000	-1.00000	0.00017	-1.00000	-1.00000
18600	Gandy	Cluster	un	8222825	0.11672	-1.00000	-1.00000	0.01853	-1.00000	-1.00000	0.01818	-1.00000	-1.00000	0.00018	-1.00000	-1.00000
18635	Gandy	Cluster	un	8235523	0.19238	-1.00000	-1.00000	0.04856	-1.00000	-1.00000	0.06452	-1.00000	-1.00000	0.00034	-1.00000	-1.00000
18643	Gandy	Cluster	un	8239610	0.10345	-1.00000	-1.00000	0.01567	-1.00000	-1.00000	0.01567	-1.00000	-1.00000	0.00018	-1.00000	-1.00000
18651	Gandy	Cluster	un	8242755	-0.00000	-1.00000	-1.00000	-0.00000	-1.00000	-1.00000	-0.00000	-1.00000	-1.00000	0.00004	-1.00000	-1.00000
18658	Gandy	Cluster	un	8246023	0.20818	-1.00000	-1.00000	0.05720	-1.00000	-1.00000	0.06938	-1.00000	-1.00000	0.00043	-1.00000	-1.00000
18662	Gandy	Cluster	un	8249238	0.15194	-1.00000	-1.00000	0.03970	-1.00000	-1.00000	0.04330	-1.00000	-1.00000	0.00042	-1.00000	-1.00000
18674	Gandy	Cluster	un	8255621	-0.00000	-1.00000	-1.00000	-0.00000	-1.00000	-1.00000	-0.00000	-1.00000	-1.00000	0.00004	-1.00000	-1.00000
18687	Gandy	Cluster	un	8262253	0.07407	-1.00000	-1.00000	0.00881	-1.00000	-1.00000	0.01894	-1.00000	-1.00000	0.00022	-1.00000	-1.00000
18690	Gandy	Cluster	un	8263027	0.24449	-1.00000	-1.00000	0.06949	-1.00000	-1.00000	0.15534	-1.00000	-1.00000	0.00047	-1.00000	-1.00000
18701	Gandy	Cluster	un	8267814	0.07875	-1.00000	-1.00000	0.00908	-1.00000	-1.00000	0.01894	-1.00000	-1.00000	0.00021	-1.00000	-1.00000
18705	Gandy	Cluster	un	8269423	-0.00767	-1.00000	-1.00000	-0.00029	-1.00000	-1.00000	0.03472	-1.00000	-1.00000	0.00029	-1.00000	-1.00000
18714	Gandy	Cluster	un	8271853	0.96424	-1.00000	-1.00000	0.96297	-1.00000	-1.00000	0.96315	-1.00000	-1.00000	0.00108	-1.00000	-1.00000
18722	Gandy	Cluster	un	8274444	0.46069	-1.00000	-1.00000	0.27518	-1.00000	-1.00000	0.32107	-1.00000	-1.00000	0.00067	-1.00000	-1.00000
18725	Gandy	Cluster	un	8276096	-0.04000	-1.00000	-1.00000	-0.00321	-1.00000	-1.00000	-0.00652	-1.00000	-1.00000	0.00032	-1.00000	-1.00000
18727	Gandy	Cluster	un	8276867	-0.00000	-1.00000	-1.00000	-0.00000	-1.00000	-1.00000	-0.00000	-1.00000	-1.00000	0.00004	-1.00000	-1.00000
18736	Gandy	Cluster	un	8280889	0.17433	-1.00000	-1.00000	0.10466	-1.00000	-1.00000	0.14933	-1.00000	-1.00000	0.00061	-1.00000	-1.00000
18739	Gandy	Cluster	un	8281691	0.38009	-1.00000	-1.00000	0.18506	-1.00000	-1.00000	0.23432	-1.00000	-1.00000	0.00058	-1.00000	-1.00000
18742	Gandy	Cluster	un	8284061	0.00000	-1.00000	-1.00000	0.00000	-1.00000	-1.00000	-0.00502	-1.00000	-1.00000	0.00018	-1.00000	-1.00000
18745	Gandy	Cluster	un	8286394	0.80895	-1.00000	-1.00000	0.78929	-1.00000	-1.00000	0.77580	-1.00000	-1.00000	0.00104	-1.00000	-1.00000
18747	Gandy	Cluster	un	8288065	0.44132	-1.00000	-1.00000	0.44459	-1.00000	-1.00000	0.43349	-1.00000	-1.00000	0.00085	-1.00000	-1.00000
18748	Gandy	Cluster	un	8288912	0.00951	-1.00000	-1.00000	0.00037	-1.00000	-1.00000	0.05121	-1.00000	-1.00000	0.00028	-1.00000	-1.00000
18753	Gandy	Cluster	un	8292053	0.00251	-1.00000	-1.00000	0.00009	-1.00000	-1.00000	-0.00000	-1.00000	-1.00000	0.00005	-1.00000	-1.00000
18755	Gandy	Cluster	un	8293676	-0.00000	-1.00000	-1.00000	-0.00000	-1.00000	-1.00000	-0.00000	-1.00000	-1.00000	0.00004	-1.00000	-1.00000
18764	Gandy	Cluster	un	8297721	0.00561	-1.00000	-1.00000	0.00021	-1.00000	-1.00000	-0.00000	-1.00000	-1.00000	0.00004	-1.00000	-1.00000
18772	Gandy	Cluster	un	8301622	0.00561	-1.00000	-1.00000	0.00021	-1.00000	-1.00000	0.00589	-1.00000	-1.00000	0.00012	-1.00000	-1.00000
18776	Gandy	Cluster	un	8304088	0.00251	-1.00000	-1.00000	0.00009	-1.00000	-1.00000	0.00508	-1.00000	-1.00000	0.00013	-1.00000	-1.00000
18784	Gandy	Cluster	un	8307473	0.45057	-1.00000	-1.00000	0.27457	-1.00000	-1.00000	0.32107	-1.00000	-1.00000	0.00069	-1.00000	-1.00000
18786	Gandy	Cluster	un	8309091	0.13885	-1.00000	-1.00000	0.13717	-1.00000	-1.00000	0.12623	-1.00000	-1.00000	0.00072	-1.00000	-1.00000
18788	Gandy	Cluster	un	8309948	0.81481	-1.00000	-1.00000	0.78939	-1.00000	-1.00000	0.78351	-1.00000	-1.00000	0.00106	-1.00000	-1.00000
18789	Gandy	Cluster	un	8310739	0.06024	-1.00000	-1.00000	0.00707	-1.00000	-1.00000	0.00934	-1.00000	-1.00000	0.00026	-1.00000	-1.00000
18794	Gandy	Cluster	un	8312358	-0.00000	-1.00000	-1.00000	-0.00000	-1.00000	-1.00000	-0.00000	-1.00000	-1.00000	0.00004	-1.00000	-1.00000
18799	Gandy	Cluster	un	8314868	0.13793	-1.00000	-1.00000	0.02685	-1.00000	-1.00000	0.02685	-1.00000	-1.00000	0.00020	-1.00000	-1.00000
18810	Gandy	Cluster	un	8318986	0.34255	-1.00000	-1.00000	0.15689	-1.00000	-1.00000	0.17666	-1.00000	-1.00000	0.00043	-1.00000	-1.00000
18814	Gandy	Cluster	un	8321485	0.00251	-1.00000	-1.00000	0.00009	-1.00000	-1.00000	-0.00000	-1.00000	-1.00000	0.00005	-1.00000	-1.00000
18822	Gandy	Cluster	un	8325417	-0.00000	-1.00000	-1.00000	-0.00000	-1.00000	-1.00000	-0.00000	-1.00000	-1.00000	0.00004	-1.00000	-1.00000
18834	Gandy	Cluster	un	8333299	0.21217	-1.00000	-1.00000	0.10141	-1.00000	-1.00000	0.06949	-1.00000	-1.00000	0.00068	-1.00000	-1.00000
18838	Gandy	Cluster	un	8334891	0.04820	-1.00000	-1.00000	0.00374	-1.00000	-1.00000	0.01220	-1.00000	-1.00000	0.00016	-1.00000	-1.00000
18839	Gandy	Cluster	un	8335760	0.10495	-1.00000	-1.00000	0.01335	-1.00000	-1.00000	0.01227	-1.00000	-1.00000	0.00019	-1.00000	-1.00000
18842	Gandy	Cluster	un	8337139	0.00951	-1.00000	-1.00000	0.00037	-1.00000	-1.00000	0.02512	-1.00000	-1.00000	0.00025	-1.00000	-1.00000
18844	Gandy	Cluster	un	8338687	0.20818	-1.00000	-1.00000	0.05720	-1.00000	-1.00000	0.10217	-1.00000	-1.00000	0.00040	-1.00000	-1.00000
18855	Gandy	Cluster	un	8342827	0.04820	-1.00000	-1.00000	0.00374	-1.00000	-1.00000	0.03064	-1.00000	-1.00000	0.00027	-1.00000	-1.00000
18863	Gandy	Cluster	un	8345944	0.36361	-1.00000	-1.00000	0.23427	-1.00000	-1.00000	0.21759	-1.00000	-1.00000	0.00054	-1.00000	-1.00000
18867	Gandy	Cluster	un	8348646	0.26765	-1.00000	-1.00000	0.09455	-1.00000	-1.00000	0.11315	-1.00000	-1.00000	0.00042	-1.00000	-1.00000
18876	Gandy	Cluster	un	8353390	-0.02245	-1.00000	-1.00000	-0.00238	-1.00000	-1.00000	-0.00238	-1.00000	-1.00000	0.00011	-1.00000	-1.00000
18882	Gandy	Cluster	un	8357496	0.00000	-1.00000	-1.00000	0.00000	-1.00000	-1.00000	-0.00000	-1.00000	-1.00000	0.00005	-1.00000	-1.00000
18888	Gandy	Cluster	un	8359860	0.08538	-1.00000	-1.00000	0.01066	-1.00000	-1.00000	0.02205	-1.00000	-1.00000	0.00022	-1.00000	-1.00000
18901	Gandy	Cluster	un	8365464	0.00561	-1.00000	-1.00000	0.00021	-1.00000	-1.00000	0.02159	-1.00000	-1.00000	0.00020	-1.00000	-1.00000
18904	Gandy	Cluster	un	8366316	-0.00000	-1.00000	-1.00000	-0.00000	-1.00000	-1.00000	-0.00000	-1.00000	-1.00000	0.00004	-1.00000	-1.00000
18905	Gandy	Cluster	un	8367118	-0.00000	-1.00000	-1.00000	-0.00000	-1.00000	-1.00000	-0.00000	-1.00000	-1.00000	0.00004	-1.00000	-1.00000
18907	Gandy	Cluster	un	8367937	0.50064	-1.00000	-1.00000	0.32556	-1.00000	-1.00000	0.34393	-1.00000	-1.00000	0.00068	-1.00000	-1.00000
18910	Gandy	Cluster	un	8369536	0.14147	-1.00000	-1.00000	0.03071	-1.00000	-1.00000	0.04578	-1.00000	-1.00000	0.00026	-1.00000	-1.00000
18912	Gandy	Cluster	un	8371201	0.82762	-1.00000	-1.00000	0.83224	-1.00000	-1.00000	0.81812	-1.00000	-1.00000	0.00108	-1.00000	-1.00000
18914	Gandy	Cluster	un	8372813	0.03448	-1.00000	-1.00000	0.00246	-1.00000	-1.00000	0.00246	-1.00000	-1.00000	0.00009	-1.00000	-1.00000
18917	Gandy	Cluster	un	8375206	-0.00000	-1.00000	-1.00000	-0.00000	-1.00000	-1.00000	-0.00000	-1.00000	-1.00000	0.00005	-1.00000	-1.00000
18927	Gandy	Cluster	un	8380652	-0.00767	-1.00000	-1.00000	-0.00029	-1.00000	-1.00000	0.03472	-1.00000	-1.00000	0.00029	-1.00000	-1.00000
18944	Gandy	Cluster	un	8389780	0.28000	-1.00000	-1.00000	0.11067	-1.00000	-1.00000	0.09678	-1.00000	-1.00000	0.00055	-1.00000	-1.00000
18946	Gandy	Cluster	un	8391410	0.19238	-1.00000	-1.00000	0.04856	-1.00000	-1.00000	0.04808	-1.00000	-1.00000	0.00028	-1.00000	-1.00000
18953	Gandy	Cluster	un	8395398	0.42051	-1.00000	-1.00000	0.22818	-1.00000	-1.00000	0.24861	-1.00000	-1.00000	0.00062	-1.00000	-1.00000
18956	Gandy	Cluster	un	8397840	-0.00925	-1.00000	-1.00000	-0.00207	-1.00000	-1.00000	-0.00207	-1.00000	-1.00000	0.00023	-1.00000	-1.00000
18971	Gandy	Cluster	un	8404289	0.06897	-1.00000	-1.00000	0.00760	-1.00000	-1.00000	0.00760	-1.00000	-1.00000	0.00012	-1.00000	-1.00000
18972	Gandy	Cluster	un	8405106	0.00251	-1.00000	-1.00000	0.00009	-1.00000	-1.00000	0.00508	-1.00000	-1.00000	0.00012	-1.00000	-1.00000
18973	Gandy	Cluster	un	8405944	0.21739	-1.00000	-1.00000	0.21845	-1.00000	-1.00000	0.19757	-1.00000	-1.00000	0.00092	-1.00000	-1.00000
18974	Gandy	Cluster	un	8406674	0.00251	-1.00000	-1.00000	0.00009	-1.00000	-1.00000	0.00508	-1.00000	-1.00000	0.00014	-1.00000	-1.00000
19000	Gandy	Cluster	un	8416158	0.19107	-1.00000	-1.00000	0.09671	-1.00000	-1.00000	0.11494	-1.00000	-1.00000	0.00051	-1.00000	-1.00000
19007	Gandy	Cluster	un	8418560	-0.02803	-1.00000	-1.00000	-0.01654	-1.00000	-1.00000	-0.01634	-1.00000	-1.00000	0.00048	-1.00000	-1.00000
19009	Gandy	Cluster	un	8419405	0.03704	-1.00000	-1.00000	0.00284	-1.00000	-1.00000	0.01050	-1.00000	-1.00000	0.00016	-1.00000	-1.00000
19010	Gandy	Cluster	un	8420226	0.03555	-1.00000	-1.00000	0.00306	-1.00000	-1.00000	-0.01045	-1.00000	-1.00000	0.00042	-1.00000	-1.00000
19011	Gandy	Cluster	un	8421021	0.45057	-1.00000	-1.00000	0.27457	-1.00000	-1.00000	0.26868	-1.00000	-1.00000	0.00064	-1.00000	-1.00000
19020	Gandy	Cluster	un	8425037	0.03555	-1.00000	-1.00000	0.00306	-1.00000	-1.00000	-0.00561	-1.00000	-1.00000	0.00030	-1.00000	-1.00000
19028	Gandy	Cluster	un	8427555	0.00000	-1.00000	-1.00000	0.00000	-1.00000	-1.00000	0.00508	-1.00000	-1.00000	0.00020	-1.00000	-1.00000
19041	Gandy	Cluster	un	8435949	0.11672	-1.00000	-1.00000	0.01853	-1.00000	-1.00000	0.03064	-1.00000	-1.00000	0.00024	-1.00000	-1.00000
19043	Gandy	Cluster	un	8437498	0.36051	-1.00000	-1.00000	0.19258	-1.00000	-1.00000	0.18554	-1.00000	-1.00000	0.00063	-1.00000	-1.00000
19052	Gandy	Cluster	un	8442037	0.29856	-1.00000	-1.00000	0.11199	-1.00000	-1.00000	0.13214	-1.00000	-1.00000	0.00043	-1.00000	-1.00000
19055	Gandy	Cluster	un	8443743	-0.00000	-1.00000	-1.00000	-0.00000	-1.00000	-1.00000	-0.00000	-1.00000	-1.00000	0.00004	-1.00000	-1.00000
19056	Gandy	Cluster	un	8444540	0.09054	-1.00000	-1.00000	0.01094	-1.00000	-1.00000	0.02205	-1.00000	-1.00000	0.00022	-1.00000	-1.00000
19066	Gandy	Cluster	un	8448715	0.06470	-1.00000	-1.00000	0.00736	-1.00000	-1.00000	0.00760	-1.00000	-1.00000	0.00014	-1.00000	-1.00000
19067	Gandy	Cluster	un	8449456	-0.00235	-1.00000	-1.00000	-0.00008	-1.00000	-1.00000	0.00008	-1.00000	-1.00000	0.00012	-1.00000	-1.00000
19068	Gandy	Cluster	un	8450300	-0.00489	-1.00000	-1.00000	-0.00018	-1.00000	-1.00000	0.00029	-1.00000	-1.00000	0.00013	-1.00000	-1.00000
19078	Gandy	Cluster	un	8454337	0.06897	-1.00000	-1.00000	0.00760	-1.00000	-1.00000	0.00760	-1.00000	-1.00000	0.00013	-1.00000	-1.00000
19079	Gandy	Cluster	un	8455129	0.00290	-1.00000	-1.00000	0.00011	-1.00000	-1.00000	0.00088	-1.00000	-1.00000	0.00025	-1.00000	-1.00000
19088	Gandy	Cluster	un	8459098	0.88412	-1.00000	-1.00000	0.87096	-1.00000	-1.00000	0.86126	-1.00000	-1.00000	0.00112	-1.00000	-1.00000
19093	Gandy	Cluster	un	8460671	0.00251	-1.00000	-1.00000	0.00009	-1.00000	-1.00000	0.00508	-1.00000	-1.00000	0.00012	-1.00000	-1.00000
19101	Gandy	Cluster	un	8463583	0.00656	-1.00000	-1.00000	0.00026	-1.00000	-1.00000	0.01989	-1.00000	-1.00000	0.00031	-1.00000	-1.00000
19104	Gandy	Cluster	un	8465298	-0.00235	-1.00000	-1.00000	-0.00008	-1.00000	-1.00000	0.00008	-1.00000	-1.00000	0.00013	-1.00000	-1.00000
19107	Gandy	Cluster	un	8467584	0.24906	-1.00000	-1.00000	0.23314	-1.00000	-1.00000	0.21273	-1.00000	-1.00000	0.00085	-1.00000	-1.00000
19117	Gandy	Cluster	un	8473843	0.51120	-1.00000	-1.00000	0.32555	-1.00000	-1.00000	0.37209	-1.00000	-1.00000	0.00065	-1.00000	-1.00000
19118	Gandy	Cluster	un	8474718	0.04067	-1.00000	-1.00000	0.00302	-1.00000	-1.00000	0.00284	-1.00000	-1.00000	0.00008	-1.00000	-1.00000
19135	Gandy	Cluster	un	8480025	0.10495	-1.00000	-1.00000	0.01335	-1.00000	-1.00000	0.02597	-1.00000	-1.00000	0.00025	-1.00000	-1.00000
19140	Gandy	Cluster	un	8483328	0.96552	-1.00000	-1.00000	0.96552	-1.00000	-1.00000	0.96552	-1.00000	-1.00000	0.00114	-1.00000	-1.00000
19145	Gandy	Cluster	un	8487368	0.06897	-1.00000	-1.00000	0.00760	-1.00000	-1.00000	0.00760	-1.00000	-1.00000	0.00013	-1.00000	-1.00000
19146	Gandy	Cluster	un	8488146	0.07875	-1.00000	-1.00000	0.00908	-1.00000	-1.00000	0.01894	-1.00000	-1.00000	0.00021	-1.00000	-1.00000
19155	Gandy	Cluster	un	8491357	0.00951	-1.00000	-1.00000	0.00037	-1.00000	-1.00000	0.05121	-1.00000	-1.00000	0.00039	-1.00000	-1.00000
19156	Gandy	Cluster	un	8491957	0.03448	-1.00000	-1.00000	0.00246	-1.00000	-1.00000	0.00246	-1.00000	-1.00000	0.00008	-1.00000	-1.00000
19157	Gandy	Cluster	un	8492838	-0.02245	-1.00000	-1.00000	-0.00238	-1.00000	-1.00000	-0.00238	-1.00000	-1.00000	0.00012	-1.00000	-1.00000
19159	Gandy	Cluster	un	8494442	0.04820	-1.00000	-1.00000	0.00374	-1.00000	-1.00000	0.03064	-1.00000	-1.00000	0.00025	-1.00000	-1.00000
19162	Gandy	Cluster	un	8496096	0.00340	-1.00000	-1.00000	0.00014	-1.00000	-1.00000	-0.00378	-1.00000	-1.00000	0.00039	-1.00000	-1.00000
19164	Gandy	Cluster	un	8496887	0.27333	-1.00000	-1.00000	0.16295	-1.00000	-1.00000	0.24855	-1.00000	-1.00000	0.00068	-1.00000	-1.00000
19177	Gandy	Cluster	un	8503250	0.03448	-1.00000	-1.00000	0.00246	-1.00000	-1.00000	0.00246	-1.00000	-1.00000	0.00009	-1.00000	-1.00000
19179	Gandy	Cluster	un	8504787	-0.00270	-1.00000	-1.00000	-0.00010	-1.00000	-1.00000	-0.00488	-1.00000	-1.00000	0.00023	-1.00000	-1.00000
19186	Gandy	Cluster	un	8508942	0.45732	-1.00000	-1.00000	0.27050	-1.00000	-1.00000	0.35334	-1.00000	-1.00000	0.00067	-1.00000	-1.00000
19196	Gandy	Cluster	un	8514619	0.00000	-1.00000	-1.00000	0.00000	-1.00000	-1.00000	0.00508	-1.00000	-1.00000	0.00013	-1.00000	-1.00000
19197	Gandy	Cluster	un	8515414	0.07407	-1.00000	-1.00000	0.00881	-1.00000	-1.00000	0.00370	-1.00000	-1.00000	0.00021	-1.00000	-1.00000
19202	Gandy	Cluster	un	8517857	0.04348	-1.00000	-1.00000	0.00394	-1.00000	-1.00000	-0.01338	-1.00000	-1.00000	0.00046	-1.00000	-1.00000
19214	Gandy	Cluster	un	8522786	0.25057	-1.00000	-1.00000	0.09328	-1.00000	-1.00000	0.07200	-1.00000	-1.00000	0.00054	-1.00000	-1.00000
19215	Gandy	Cluster	un	8523558	0.45884	-1.00000	-1.00000	0.34279	-1.00000	-1.00000	0.32935	-1.00000	-1.00000	0.00071	-1.00000	-1.00000
19221	Gandy	Cluster	un	8526777	0.14147	-1.00000	-1.00000	0.03071	-1.00000	-1.00000	0.01546	-1.00000	-1.00000	0.00041	-1.00000	-1.00000
19222	Gandy	Cluster	un	8527575	0.06897	-1.00000	-1.00000	0.00760	-1.00000	-1.00000	0.00760	-1.00000	-1.00000	0.00013	-1.00000	-1.00000
19225	Gandy	Cluster	un	8529123	0.00290	-1.00000	-1.00000	0.00054	-1.00000	-1.00000	-0.00410	-1.00000	-1.00000	0.00051	-1.00000	-1.00000
19227	Gandy	Cluster	un	8529900	0.11329	-1.00000	-1.00000	0.02085	-1.00000	-1.00000	0.00992	-1.00000	-1.00000	0.00042	-1.00000	-1.00000
19232	Gandy	Cluster	un	8533113	0.00951	-1.00000	-1.00000	0.00037	-1.00000	-1.00000	0.05121	-1.00000	-1.00000	0.00028	-1.00000	-1.00000
19233	Gandy	Cluster	un	8533948	0.71689	-1.00000	-1.00000	0.66550	-1.00000	-1.00000	0.66061	-1.00000	-1.00000	0.00102	-1.00000	-1.00000
19236	Gandy	Cluster	un	8535460	0.00561	-1.00000	-1.00000	0.00021	-1.00000	-1.00000	0.02159	-1.00000	-1.00000	0.00021	-1.00000	-1.00000
19238	Gandy	Cluster	un	8536257	0.04067	-1.00000	-1.00000	0.00302	-1.00000	-1.00000	0.01050	-1.00000	-1.00000	0.00018	-1.00000	-1.00000
19247	Gandy	Cluster	un	8538463	-0.02008	-1.00000	-1.00000	-0.01568	-1.00000	-1.00000	-0.02267	-1.00000	-1.00000	0.00067	-1.00000	-1.00000
19251	Gandy	Cluster	un	8540064	0.72172	-1.00000	-1.00000	0.62904	-1.00000	-1.00000	0.66557	-1.00000	-1.00000	0.00089	-1.00000	-1.00000
19253	Gandy	Cluster	un	8540924	0.37984	-1.00000	-1.00000	0.17493	-1.00000	-1.00000	0.22857	-1.00000	-1.00000	0.00077	-1.00000	-1.00000
19259	Gandy	Cluster	un	8543873	0.05487	-1.00000	-1.00000	0.02974	-1.00000	-1.00000	0.01388	-1.00000	-1.00000	0.00067	-1.00000	-1.00000
19261	Gandy	Cluster	un	8545396	-0.00000	-1.00000	-1.00000	-0.00000	-1.00000	-1.00000	-0.00000	-1.00000	-1.00000	0.00004	-1.00000	-1.00000
19267	Gandy	Cluster	un	8549315	0.26765	-1.00000	-1.00000	0.09455	-1.00000	-1.00000	0.11315	-1.00000	-1.00000	0.00039	-1.00000	-1.00000
19270	Gandy	Cluster	un	8550967	-0.00000	-1.00000	-1.00000	-0.00000	-1.00000	-1.00000	-0.00000	-1.00000	-1.00000	0.00004	-1.00000	-1.00000
19274	Gandy	Cluster	un	8551783	0.31034	-1.00000	-1.00000	0.13433	-1.00000	-1.00000	0.13433	-1.00000	-1.00000	0.00040	-1.00000	-1.00000
19276	Gandy	Cluster	un	8552614	0.03704	-1.00000	-1.00000	0.00284	-1.00000	-1.00000	0.00284	-1.00000	-1.00000	0.00009	-1.00000	-1.00000
19277	Gandy	Cluster	un	8553447	0.52815	-1.00000	-1.00000	0.37486	-1.00000	-1.00000	0.39095	-1.00000	-1.00000	0.00069	-1.00000	-1.00000
19281	Gandy	Cluster	un	8555905	0.38471	-1.00000	-1.00000	0.23817	-1.00000	-1.00000	0.21901	-1.00000	-1.00000	0.00073	-1.00000	-1.00000
19292	Gandy	Cluster	un	8559812	0.09054	-1.00000	-1.00000	0.01094	-1.00000	-1.00000	0.04304	-1.00000	-1.00000	0.00027	-1.00000	-1.00000
19297	Gandy	Cluster	un	8562274	0.06897	-1.00000	-1.00000	0.00760	-1.00000	-1.00000	0.00760	-1.00000	-1.00000	0.00014	-1.00000	-1.00000
19302	Gandy	Cluster	un	8564545	0.16000	-1.00000	-1.00000	0.03670	-1.00000	-1.00000	0.07867	-1.00000	-1.00000	0.00036	-1.00000	-1.00000
19316	Gandy	Cluster	un	8569846	-0.00000	-1.00000	-1.00000	-0.00000	-1.00000	-1.00000	-0.00000	-1.00000	-1.00000	0.00004	-1.00000	-1.00000
19318	Gandy	Cluster	un	8571491	0.25987	-1.00000	-1.00000	0.26628	-1.00000	-1.00000	0.25714	-1.00000	-1.00000	0.00082	-1.00000	-1.00000
19319	Gandy	Cluster	un	8572289	0.09054	-1.00000	-1.00000	0.01094	-1.00000	-1.00000	0.04304	-1.00000	-1.00000	0.00027	-1.00000	-1.00000
19320	Gandy	Cluster	un	8573158	-0.00270	-1.00000	-1.00000	-0.00010	-1.00000	-1.00000	-0.00488	-1.00000	-1.00000	0.00026	-1.00000	-1.00000
19324	Gandy	Cluster	un	8575389	-0.03817	-1.00000	-1.00000	-0.02253	-1.00000	-1.00000	0.03545	-1.00000	-1.00000	0.00057	-1.00000	-1.00000
19358	Gandy	Cluster	un	8593100	0.03448	-1.00000	-1.00000	0.00246	-1.00000	-1.00000	0.00246	-1.00000	-1.00000	0.00009	-1.00000	-1.00000
19361	Gandy	Cluster	un	8594480	0.00951	-1.00000	-1.00000	0.00037	-1.00000	-1.00000	0.05121	-1.00000	-1.00000	0.00026	-1.00000	-1.00000
19362	Gandy	Cluster	un	8595389	-0.00000	-1.00000	-1.00000	-0.00000	-1.00000	-1.00000	-0.00000	-1.00000	-1.00000	0.00005	-1.00000	-1.00000
19367	Gandy	Cluster	un	8598522	0.04820	-1.00000	-1.00000	0.00374	-1.00000	-1.00000	0.03064	-1.00000	-1.00000	0.00023	-1.00000	-1.00000
19368	Gandy	Cluster	un	8599385	-0.00000	-1.00000	-1.00000	-0.00000	-1.00000	-1.00000	-0.00000	-1.00000	-1.00000	0.00005	-1.00000	-1.00000
19371	Gandy	Cluster	un	8600707	0.50074	-1.00000	-1.00000	0.32498	-1.00000	-1.00000	0.40206	-1.00000	-1.00000	0.00068	-1.00000	-1.00000
19381	Gandy	Cluster	un	8604769	0.20000	-1.00000	-1.00000	0.05660	-1.00000	-1.00000	0.03733	-1.00000	-1.00000	0.00045	-1.00000	-1.00000
19387	Gandy	Cluster	un	8608045	-0.00489	-1.00000	-1.00000	-0.00018	-1.00000	-1.00000	0.01104	-1.00000	-1.00000	0.00020	-1.00000	-1.00000
19388	Gandy	Cluster	un	8608870	0.15032	-1.00000	-1.00000	0.05084	-1.00000	-1.00000	0.06667	-1.00000	-1.00000	0.00038	-1.00000	-1.00000
19390	Gandy	Cluster	un	8609701	0.24138	-1.00000	-1.00000	0.08069	-1.00000	-1.00000	0.08069	-1.00000	-1.00000	0.00033	-1.00000	-1.00000
19392	Gandy	Cluster	un	8611385	0.06470	-1.00000	-1.00000	0.00736	-1.00000	-1.00000	0.00760	-1.00000	-1.00000	0.00013	-1.00000	-1.00000
19399	Gandy	Cluster	un	8615579	0.17241	-1.00000	-1.00000	0.04132	-1.00000	-1.00000	0.04132	-1.00000	-1.00000	0.00026	-1.00000	-1.00000
19401	Gandy	Cluster	un	8617193	0.35305	-1.00000	-1.00000	0.25541	-1.00000	-1.00000	0.24907	-1.00000	-1.00000	0.00079	-1.00000	-1.00000
19409	Gandy	Cluster	un	8619562	0.02912	-1.00000	-1.00000	0.00239	-1.00000	-1.00000	0.00284	-1.00000	-1.00000	0.00008	-1.00000	-1.00000
19416	Gandy	Cluster	un	8621313	0.27586	-1.00000	-1.00000	0.10573	-1.00000	-1.00000	0.10573	-1.00000	-1.00000	0.00039	-1.00000	-1.00000
19421	Gandy	Cluster	un	8624638	-0.00270	-1.00000	-1.00000	-0.00010	-1.00000	-1.00000	-0.00488	-1.00000	-1.00000	0.00028	-1.00000	-1.00000
19430	Gandy	Cluster	un	8628533	0.03448	-1.00000	-1.00000	0.00246	-1.00000	-1.00000	0.00246	-1.00000	-1.00000	0.00007	-1.00000	-1.00000
19436	Gandy	Cluster	un	8631052	0.85780	-1.00000	-1.00000	0.84851	-1.00000	-1.00000	0.84751	-1.00000	-1.00000	0.00097	-1.00000	-1.00000
19438	Gandy	Cluster	un	8631954	0.00000	-1.00000	-1.00000	0.00000	-1.00000	-1.00000	-0.00502	-1.00000	-1.00000	0.00020	-1.00000	-1.00000
19441	Gandy	Cluster	un	8634347	0.04067	-1.00000	-1.00000	0.00302	-1.00000	-1.00000	0.00284	-1.00000	-1.00000	0.00008	-1.00000	-1.00000
19446	Gandy	Cluster	un	8636917	0.17241	-1.00000	-1.00000	0.04132	-1.00000	-1.00000	0.04132	-1.00000	-1.00000	0.00025	-1.00000	-1.00000
19456	Gandy	Cluster	un	8642551	-0.00489	-1.00000	-1.00000	-0.00018	-1.00000	-1.00000	0.01104	-1.00000	-1.00000	0.00019	-1.00000	-1.00000
19461	Gandy	Cluster	un	8644841	0.06897	-1.00000	-1.00000	0.00760	-1.00000	-1.00000	0.00760	-1.00000	-1.00000	0.00013	-1.00000	-1.00000
19465	Gandy	Cluster	un	8645585	0.00340	-1.00000	-1.00000	0.00014	-1.00000	-1.00000	-0.00378	-1.00000	-1.00000	0.00039	-1.00000	-1.00000
19469	Gandy	Cluster	un	8648065	0.32990	-1.00000	-1.00000	0.14561	-1.00000	-1.00000	0.14002	-1.00000	-1.00000	0.00049	-1.00000	-1.00000
19470	Gandy	Cluster	un	8648932	-0.01956	-1.00000	-1.00000	-0.01791	-1.00000	-1.00000	0.01164	-1.00000	-1.00000	0.00060	-1.00000	-1.00000
19484	Gandy	Cluster	un	8653840	0.07875	-1.00000	-1.00000	0.00908	-1.00000	-1.00000	0.01894	-1.00000	-1.00000	0.00022	-1.00000	-1.00000
19490	Gandy	Cluster	un	8657007	0.42909	-1.00000	-1.00000	0.29364	-1.00000	-1.00000	0.33627	-1.00000	-1.00000	0.00066	-1.00000	-1.00000
19510	Gandy	Cluster	un	8662557	0.00000	-1.00000	-1.00000	0.00000	-1.00000	-1.00000	-0.01682	-1.00000	-1.00000	0.00043	-1.00000	-1.00000
19511	Gandy	Cluster	un	8663373	0.00951	-1.00000	-1.00000	0.00037	-1.00000	-1.00000	0.05121	-1.00000	-1.00000	0.00033	-1.00000	-1.00000
19518	Gandy	Cluster	un	8665600	-0.03448	-1.00000	-1.00000	-0.00238	-1.00000	-1.00000	-0.00238	-1.00000	-1.00000	0.00008	-1.00000	-1.00000
19527	Gandy	Cluster	un	8668918	-0.03704	-1.00000	-1.00000	-0.00275	-1.00000	-1.00000	-0.00786	-1.00000	-1.00000	0.00024	-1.00000	-1.00000
19542	Gandy	Cluster	un	8672865	-0.00235	-1.00000	-1.00000	-0.00008	-1.00000	-1.00000	-0.00000	-1.00000	-1.00000	0.00004	-1.00000	-1.00000
19543	Gandy	Cluster	un	8673631	0.03320	-1.00000	-1.00000	0.00263	-1.00000	-1.00000	-0.00486	-1.00000	-1.00000	0.00031	-1.00000	-1.00000
19546	Gandy	Cluster	un	8674413	-0.00270	-1.00000	-1.00000	-0.00010	-1.00000	-1.00000	-0.00558	-1.00000	-1.00000	0.00017	-1.00000	-1.00000
19549	Gandy	Cluster	un	8676119	0.07875	-1.00000	-1.00000	0.00908	-1.00000	-1.00000	0.00881	-1.00000	-1.00000	0.00013	-1.00000	-1.00000
19552	Gandy	Cluster	un	8678583	0.03448	-1.00000	-1.00000	0.00246	-1.00000	-1.00000	0.00246	-1.00000	-1.00000	0.00007	-1.00000	-1.00000
19560	Gandy	Cluster	un	8683687	0.03704	-1.00000	-1.00000	0.00284	-1.00000	-1.00000	-0.00227	-1.00000	-1.00000	0.00021	-1.00000	-1.00000
19561	Gandy	Cluster	un	8684561	0.03704	-1.00000	-1.00000	0.00284	-1.00000	-1.00000	0.00284	-1.00000	-1.00000	0.00009	-1.00000	-1.00000
19567	Gandy	Cluster	un	8686127	-0.00489	-1.00000	-1.00000	-0.00018	-1.00000	-1.00000	0.01104	-1.00000	-1.00000	0.00019	-1.00000	-1.00000
19570	Gandy	Cluster	un	8686994	0.11111	-1.00000	-1.00000	0.01818	-1.00000	-1.00000	0.03064	-1.00000	-1.00000	0.00026	-1.00000	-1.00000
19575	Gandy	Cluster	un	8689372	0.42051	-1.00000	-1.00000	0.22818	-1.00000	-1.00000	0.24861	-1.00000	-1.00000	0.00057	-1.00000	-1.00000
19585	Gandy	Cluster	un	8693349	-0.00000	-1.00000	-1.00000	-0.00000	-1.00000	-1.00000	-0.00000	-1.00000	-1.00000	0.00004	-1.00000	-1.00000
19590	Gandy	Cluster	un	8696513	0.03448	-1.00000	-1.00000	0.00246	-1.00000	-1.00000	0.00246	-1.00000	-1.00000	0.00009	-1.00000	-1.00000
19592	Gandy	Cluster	un	8697291	0.17241	-1.00000	-1.00000	0.04132	-1.00000	-1.00000	0.04132	-1.00000	-1.00000	0.00023	-1.00000	-1.00000
19595	Gandy	Cluster	un	8699009	0.05748	-1.00000	-1.00000	0.00467	-1.00000	-1.00000	0.06452	-1.00000	-1.00000	0.00031	-1.00000	-1.00000
19609	Gandy	Cluster	un	8704735	-0.00000	-1.00000	-1.00000	-0.00000	-1.00000	-1.00000	-0.00000	-1.00000	-1.00000	0.00004	-1.00000	-1.00000
19613	Gandy	Cluster	un	8707149	0.06470	-1.00000	-1.00000	0.00736	-1.00000	-1.00000	0.00300	-1.00000	-1.00000	0.00018	-1.00000	-1.00000
19629	Gandy	Cluster	un	8714399	0.04067	-1.00000	-1.00000	0.00302	-1.00000	-1.00000	0.01050	-1.00000	-1.00000	0.00016	-1.00000	-1.00000
19632	Gandy	Cluster	un	8715241	-0.00767	-1.00000	-1.00000	-0.00029	-1.00000	-1.00000	0.03472	-1.00000	-1.00000	0.00028	-1.00000	-1.00000
19635	Gandy	Cluster	un	8716923	0.42051	-1.00000	-1.00000	0.22818	-1.00000	-1.00000	0.27621	-1.00000	-1.00000	0.00065	-1.00000	-1.00000
19641	Gandy	Cluster	un	8718556	-0.00270	-1.00000	-1.00000	-0.00010	-1.00000	-1.00000	-0.00488	-1.00000	-1.00000	0.00027	-1.00000	-1.00000
19648	Gandy	Cluster	un	8720955	0.38009	-1.00000	-1.00000	0.18506	-1.00000	-1.00000	0.23432	-1.00000	-1.00000	0.00059	-1.00000	-1.00000
19654	Gandy	Cluster	un	8724936	0.17241	-1.00000	-1.00000	0.04132	-1.00000	-1.00000	0.04132	-1.00000	-1.00000	0.00025	-1.00000	-1.00000
19663	Gandy	Cluster	un	8727244	0.00340	-1.00000	-1.00000	0.00014	-1.00000	-1.00000	0.01768	-1.00000	-1.00000	0.00034	-1.00000	-1.00000
19667	Gandy	Cluster	un	8728056	-0.00489	-1.00000	-1.00000	-0.00018	-1.00000	-1.00000	0.01104	-1.00000	-1.00000	0.00021	-1.00000	-1.00000
19674	Gandy	Cluster	un	8731160	-0.03242	-1.00000	-1.00000	-0.00882	-1.00000	-1.00000	-0.00777	-1.00000	-1.00000	0.00034	-1.00000	-1.00000
19680	Gandy	Cluster	un	8733024	-0.03641	-1.00000	-1.00000	-0.00561	-1.00000	-1.00000	-0.00175	-1.00000	-1.00000	0.00024	-1.00000	-1.00000
19686	Gandy	Cluster	un	8735390	0.19865	-1.00000	-1.00000	0.20261	-1.00000	-1.00000	0.19522	-1.00000	-1.00000	0.00073	-1.00000	-1.00000
19691	Gandy	Cluster	un	8736231	0.57725	-1.00000	-1.00000	0.46746	-1.00000	-1.00000	0.46789	-1.00000	-1.00000	0.00071	-1.00000	-1.00000
19695	Gandy	Cluster	un	8737859	0.16000	-1.00000	-1.00000	0.03670	-1.00000	-1.00000	0.03670	-1.00000	-1.00000	0.00025	-1.00000	-1.00000
19697	Gandy	Cluster	un	8738633	-0.00000	-1.00000	-1.00000	-0.00000	-1.00000	-1.00000	-0.00000	-1.00000	-1.00000	0.00004	-1.00000	-1.00000
19700	Gandy	Cluster	un	8739758	0.34424	-1.00000	-1.00000	0.19914	-1.00000	-1.00000	0.24627	-1.00000	-1.00000	0.00083	-1.00000	-1.00000
19702	Gandy	Cluster	un	8740363	0.04820	-1.00000	-1.00000	0.00374	-1.00000	-1.00000	0.01220	-1.00000	-1.00000	0.00018	-1.00000	-1.00000
19711	Gandy	Cluster	un	8746560	-0.03465	-1.00000	-1.00000	-0.02756	-1.00000	-1.00000	-0.03848	-1.00000	-1.00000	0.00073	-1.00000	-1.00000
19712	Gandy	Cluster	un	8747359	0.11111	-1.00000	-1.00000	0.01818	-1.00000	-1.00000	0.01289	-1.00000	-1.00000	0.00029	-1.00000	-1.00000
19715	Gandy	Cluster	un	8748998	0.04348	-1.00000	-1.00000	0.00394	-1.00000	-1.00000	-0.01338	-1.00000	-1.00000	0.00044	-1.00000	-1.00000
19720	Gandy	Cluster	un	8752237	0.00251	-1.00000	-1.00000	0.00009	-1.00000	-1.00000	-0.00000	-1.00000	-1.00000	0.00004	-1.00000	-1.00000
19728	Gandy	Cluster	un	8755247	0.60982	-1.00000	-1.00000	0.49026	-1.00000	-1.00000	0.49382	-1.00000	-1.00000	0.00085	-1.00000	-1.00000
19731	Gandy	Cluster	un	8756839	0.23364	-1.00000	-1.00000	0.08013	-1.00000	-1.00000	0.06667	-1.00000	-1.00000	0.00041	-1.00000	-1.00000
19734	Gandy	Cluster	un	8757603	0.44828	-1.00000	-1.00000	0.28173	-1.00000	-1.00000	0.28173	-1.00000	-1.00000	0.00054	-1.00000	-1.00000
19737	Gandy	Cluster	un	8759286	0.33333	-1.00000	-1.00000	0.15625	-1.00000	-1.00000	0.17666	-1.00000	-1.00000	0.00050	-1.00000	-1.00000
19741	Gandy	Cluster	un	8760091	0.02760	-1.00000	-1.00000	0.00210	-1.00000	-1.00000	0.00883	-1.00000	-1.00000	0.00022	-1.00000	-1.00000
19753	Gandy	Cluster	un	8764904	0.15194	-1.00000	-1.00000	0.02682	-1.00000	-1.00000	0.04215	-1.00000	-1.00000	0.00029	-1.00000	-1.00000
19761	Gandy	Cluster	un	8769646	0.29006	-1.00000	-1.00000	0.09910	-1.00000	-1.00000	0.15157	-1.00000	-1.00000	0.00049	-1.00000	-1.00000
19764	Gandy	Cluster	un	8771241	-0.00489	-1.00000	-1.00000	-0.00018	-1.00000	-1.00000	-0.00000	-1.00000	-1.00000	0.00005	-1.00000	-1.00000
19767	Gandy	Cluster	un	8771963	0.24138	-1.00000	-1.00000	0.08069	-1.00000	-1.00000	0.08069	-1.00000	-1.00000	0.00032	-1.00000	-1.00000
19769	Gandy	Cluster	un	8772786	0.04067	-1.00000	-1.00000	0.00302	-1.00000	-1.00000	0.00284	-1.00000	-1.00000	0.00009	-1.00000	-1.00000
19778	Gandy	Cluster	un	8778417	-0.00235	-1.00000	-1.00000	-0.00008	-1.00000	-1.00000	-0.00000	-1.00000	-1.00000	0.00004	-1.00000	-1.00000
19779	Gandy	Cluster	un	8779185	0.00251	-1.00000	-1.00000	0.00009	-1.00000	-1.00000	0.00508	-1.00000	-1.00000	0.00012	-1.00000	-1.00000
19786	Gandy	Cluster	un	8783300	0.00251	-1.00000	-1.00000	0.00009	-1.00000	-1.00000	-0.00000	-1.00000	-1.00000	0.00004	-1.00000	-1.00000
19788	Gandy	Cluster	un	8785005	0.00951	-1.00000	-1.00000	0.00037	-1.00000	-1.00000	0.05121	-1.00000	-1.00000	0.00029	-1.00000	-1.00000
19790	Gandy	Cluster	un	8786627	0.04820	-1.00000	-1.00000	0.00374	-1.00000	-1.00000	0.00332	-1.00000	-1.00000	0.00010	-1.00000	-1.00000
19795	Gandy	Cluster	un	8789932	0.55084	-1.00000	-1.00000	0.48008	-1.00000	-1.00000	0.47151	-1.00000	-1.00000	0.00075	-1.00000	-1.00000
19800	Gandy	Cluster	un	8791661	0.07407	-1.00000	-1.00000	0.00881	-1.00000	-1.00000	0.01894	-1.00000	-1.00000	0.00021	-1.00000	-1.00000
19801	Gandy	Cluster	un	8792462	-0.00000	-1.00000	-1.00000	-0.00000	-1.00000	-1.00000	-0.00000	-1.00000	-1.00000	0.00004	-1.00000	-1.00000
19805	Gandy	Cluster	un	8794043	0.00000	-1.00000	-1.00000	0.00000	-1.00000	-1.00000	-0.00502	-1.00000	-1.00000	0.00019	-1.00000	-1.00000
19809	Gandy	Cluster	un	8795604	0.00000	-1.00000	-1.00000	0.00000	-1.00000	-1.00000	-0.00000	-1.00000	-1.00000	0.00005	-1.00000	-1.00000
19818	Gandy	Cluster	un	8801901	0.00251	-1.00000	-1.00000	0.00009	-1.00000	-1.00000	0.00508	-1.00000	-1.00000	0.00013	-1.00000	-1.00000
19825	Gandy	Cluster	un	8805888	0.31034	-1.00000	-1.00000	0.13433	-1.00000	-1.00000	0.13433	-1.00000	-1.00000	0.00035	-1.00000	-1.00000
19826	Gandy	Cluster	un	8806851	0.03320	-1.00000	-1.00000	0.00263	-1.00000	-1.00000	-0.00486	-1.00000	-1.00000	0.00028	-1.00000	-1.00000
19832	Gandy	Cluster	un	8809331	-0.00000	-1.00000	-1.00000	-0.00000	-1.00000	-1.00000	-0.00000	-1.00000	-1.00000	0.00004	-1.00000	-1.00000
19837	Gandy	Cluster	un	8810971	0.13793	-1.00000	-1.00000	0.02685	-1.00000	-1.00000	0.02685	-1.00000	-1.00000	0.00020	-1.00000	-1.00000
19844	Gandy	Cluster	un	8813368	-0.00489	-1.00000	-1.00000	-0.00018	-1.00000	-1.00000	0.01104	-1.00000	-1.00000	0.00020	-1.00000	-1.00000
19846	Gandy	Cluster	un	8815053	0.00561	-1.00000	-1.00000	0.00021	-1.00000	-1.00000	0.02159	-1.00000	-1.00000	0.00020	-1.00000	-1.00000
19851	Gandy	Cluster	un	8817469	-0.00235	-1.00000	-1.00000	-0.00008	-1.00000	-1.00000	0.00008	-1.00000	-1.00000	0.00013	-1.00000	-1.00000
19852	Gandy	Cluster	un	8818227	0.41046	-1.00000	-1.00000	0.22754	-1.00000	-1.00000	0.24861	-1.00000	-1.00000	0.00057	-1.00000	-1.00000
19856	Gandy	Cluster	un	8821014	0.03704	-1.00000	-1.00000	0.00284	-1.00000	-1.00000	0.00021	-1.00000	-1.00000	0.00020	-1.00000	-1.00000
19860	Gandy	Cluster	un	8822479	0.00656	-1.00000	-1.00000	0.00026	-1.00000	-1.00000	0.01989	-1.00000	-1.00000	0.00033	-1.00000	-1.00000
19864	Gandy	Cluster	un	8825729	0.73564	-1.00000	-1.00000	0.66196	-1.00000	-1.00000	0.67930	-1.00000	-1.00000	0.00100	-1.00000	-1.00000
19868	Gandy	Cluster	un	8827942	0.36000	-1.00000	-1.00000	0.18367	-1.00000	-1.00000	0.16813	-1.00000	-1.00000	0.00059	-1.00000	-1.00000
19882	Gandy	Cluster	un	8832040	0.32990	-1.00000	-1.00000	0.14561	-1.00000	-1.00000	0.16002	-1.00000	-1.00000	0.00059	-1.00000	-1.00000
19884	Gandy	Cluster	un	8832829	0.06897	-1.00000	-1.00000	0.00760	-1.00000	-1.00000	0.00760	-1.00000	-1.00000	0.00013	-1.00000	-1.00000
19895	Gandy	Cluster	un	8835136	0.04067	-1.00000	-1.00000	0.00302	-1.00000	-1.00000	0.01050	-1.00000	-1.00000	0.00015	-1.00000	-1.00000
19903	Gandy	Cluster	un	8837624	0.20000	-1.00000	-1.00000	0.05660	-1.00000	-1.00000	0.05660	-1.00000	-1.00000	0.00030	-1.00000	-1.00000
19904	Gandy	Cluster	un	8838396	0.04820	-1.00000	-1.00000	0.00374	-1.00000	-1.00000	0.01220	-1.00000	-1.00000	0.00018	-1.00000	-1.00000
19910	Gandy	Cluster	un	8840120	1.00000	-1.00000	-1.00000	1.00000	-1.00000	-1.00000	1.00000	-1.00000	-1.00000	0.00115	-1.00000	-1.00000
19911	Gandy	Cluster	un	8840994	0.38009	-1.00000	-1.00000	0.18506	-1.00000	-1.00000	0.20588	-1.00000	-1.00000	0.00057	-1.00000	-1.00000
19912	Gandy	Cluster	un	8841746	-0.00000	-1.00000	-1.00000	-0.00000	-1.00000	-1.00000	-0.00000	-1.00000	-1.00000	0.00004	-1.00000	-1.00000
19914	Gandy	Cluster	un	8842499	0.03448	-1.00000	-1.00000	0.00246	-1.00000	-1.00000	0.00246	-1.00000	-1.00000	0.00008	-1.00000	-1.00000
19923	Gandy	Cluster	un	8847290	-0.00000	-1.00000	-1.00000	-0.00000	-1.00000	-1.00000	-0.00050	-1.00000	-1.00000	0.00027	-1.00000	-1.00000
19924	Gandy	Cluster	un	8848097	-0.00000	-1.00000	-1.00000	-0.00000	-1.00000	-1.00000	-0.00000	-1.00000	-1.00000	0.00004	-1.00000	-1.00000
19927	Gandy	Cluster	un	8849764	0.11672	-1.00000	-1.00000	0.01853	-1.00000	-1.00000	0.03064	-1.00000	-1.00000	0.00026	-1.00000	-1.00000
19937	Gandy	Cluster	un	8854251	-0.00000	-1.00000	-1.00000	-0.00000	-1.00000	-1.00000	-0.00000	-1.00000	-1.00000	0.00005	-1.00000	-1.00000
19940	Gandy	Cluster	un	8855784	-0.02699	-1.00000	-1.00000	-0.00491	-1.00000	-1.00000	-0.00491	-1.00000	-1.00000	0.00019	-1.00000	-1.00000
19941	Gandy	Cluster	un	8856602	0.00000	-1.00000	-1.00000	0.00000	-1.00000	-1.00000	-0.00502	-1.00000	-1.00000	0.00019	-1.00000	-1.00000
19942	Gandy	Cluster	un	8857424	0.00251	-1.00000	-1.00000	0.00009	-1.00000	-1.00000	0.00508	-1.00000	-1.00000	0.00013	-1.00000	-1.00000
19943	Gandy	Cluster	un	8858180	0.78090	-1.00000	-1.00000	0.76008	-1.00000	-1.00000	0.75746	-1.00000	-1.00000	0.00100	-1.00000	-1.00000
19947	Gandy	Cluster	un	8859776	0.32487	-1.00000	-1.00000	0.24989	-1.00000	-1.00000	0.25097	-1.00000	-1.00000	0.00062	-1.00000	-1.00000
19949	Gandy	Cluster	un	8861368	0.03704	-1.00000	-1.00000	0.00284	-1.00000	-1.00000	-0.00227	-1.00000	-1.00000	0.00021	-1.00000	-1.00000
19952	Gandy	Cluster	un	8863845	0.00000	-1.00000	-1.00000	0.00000	-1.00000	-1.00000	0.00508	-1.00000	-1.00000	0.00013	-1.00000	-1.00000
19953	Gandy	Cluster	un	8864627	0.57286	-1.00000	-1.00000	0.47699	-1.00000	-1.00000	0.46179	-1.00000	-1.00000	0.00084	-1.00000	-1.00000
19959	Gandy	Cluster	un	8866213	1.00000	-1.00000	-1.00000	1.00000	-1.00000	-1.00000	1.00000	-1.00000	-1.00000	0.00113	-1.00000	-1.00000
19964	Gandy	Cluster	un	8867882	-0.00000	-1.00000	-1.00000	-0.00000	-1.00000	-1.00000	-0.00000	-1.00000	-1.00000	0.00004	-1.00000	-1.00000
19969	Gandy	Cluster	un	8869607	0.95987	-1.00000	-1.00000	0.95653	-1.00000	-1.00000	0.95761	-1.00000	-1.00000	0.00119	-1.00000	-1.00000
19972	Gandy	Cluster	un	8870415	0.37984	-1.00000	-1.00000	0.17493	-1.00000	-1.00000	0.26396	-1.00000	-1.00000	0.00067	-1.00000	-1.00000
19974	Gandy	Cluster	un	8871990	-0.00000	-1.00000	-1.00000	-0.00000	-1.00000	-1.00000	-0.00000	-1.00000	-1.00000	0.00004	-1.00000	-1.00000
19986	Gandy	Cluster	un	8876955	-0.03975	-1.00000	-1.00000	-0.00319	-1.00000	-1.00000	0.01151	-1.00000	-1.00000	0.00034	-1.00000	-1.00000
19987	Gandy	Cluster	un	8877814	0.05602	-1.00000	-1.00000	0.02319	-1.00000	-1.00000	0.00910	-1.00000	-1.00000	0.00058	-1.00000	-1.00000
19988	Gandy	Cluster	un	8878547	0.05553	-1.00000	-1.00000	0.00674	-1.00000	-1.00000	0.00760	-1.00000	-1.00000	0.00012	-1.00000	-1.00000
19991	Gandy	Cluster	un	8879399	0.04420	-1.00000	-1.00000	0.00354	-1.00000	-1.00000	0.01220	-1.00000	-1.00000	0.00018	-1.00000	-1.00000
19996	Gandy	Cluster	un	8881001	0.66667	-1.00000	-1.00000	0.58462	-1.00000	-1.00000	0.57713	-1.00000	-1.00000	0.00085	-1.00000	-1.00000
19997	Gandy	Cluster	un	8881829	0.33518	-1.00000	-1.00000	0.13430	-1.00000	-1.00000	0.13208	-1.00000	-1.00000	0.00042	-1.00000	-1.00000
20002	Gandy	Cluster	un	8885061	0.00290	-1.00000	-1.00000	0.00011	-1.00000	-1.00000	-0.00518	-1.00000	-1.00000	0.00021	-1.00000	-1.00000
20008	Gandy	Cluster	un	8886712	0.00251	-1.00000	-1.00000	0.00009	-1.00000	-1.00000	-0.00000	-1.00000	-1.00000	0.00005	-1.00000	-1.00000
20016	Gandy	Cluster	un	8891582	0.04067	-1.00000	-1.00000	0.00302	-1.00000	-1.00000	0.00284	-1.00000	-1.00000	0.00009	-1.00000	-1.00000
20022	Gandy	Cluster	un	8893787	-0.00000	-1.00000	-1.00000	-0.00000	-1.00000	-1.00000	-0.00000	-1.00000	-1.00000	0.00006	-1.00000	-1.00000
20026	Gandy	Cluster	un	8895256	0.03448	-1.00000	-1.00000	0.00246	-1.00000	-1.00000	0.00246	-1.00000	-1.00000	0.00009	-1.00000	-1.00000
20028	Gandy	Cluster	un	8896009	-0.02569	-1.00000	-1.00000	-0.00281	-1.00000	-1.00000	-0.00274	-1.00000	-1.00000	0.00012	-1.00000	-1.00000
20033	Gandy	Cluster	un	8899841	0.00251	-1.00000	-1.00000	0.00009	-1.00000	-1.00000	0.00508	-1.00000	-1.00000	0.00012	-1.00000	-1.00000
20035	Gandy	Cluster	un	8900696	0.30565	-1.00000	-1.00000	0.27654	-1.00000	-1.00000	0.29797	-1.00000	-1.00000	0.00082	-1.00000	-1.00000
20037	Gandy	Cluster	un	8901502	-0.00270	-1.00000	-1.00000	-0.00010	-1.00000	-1.00000	-0.00558	-1.00000	-1.00000	0.00018	-1.00000	-1.00000
20045	Gandy	Cluster	un	8905742	0.00951	-1.00000	-1.00000	0.00037	-1.00000	-1.00000	0.05121	-1.00000	-1.00000	0.00029	-1.00000	-1.00000
20048	Gandy	Cluster	un	8907388	-0.00000	-1.00000	-1.00000	-0.00000	-1.00000	-1.00000	-0.00000	-1.00000	-1.00000	0.00004	-1.00000	-1.00000
20050	Gandy	Cluster	un	8908919	-0.00000	-1.00000	-1.00000	-0.00000	-1.00000	-1.00000	-0.00000	-1.00000	-1.00000	0.00004	-1.00000	-1.00000
20053	Gandy	Cluster	un	8910505	0.03448	-1.00000	-1.00000	0.00246	-1.00000	-1.00000	0.00246	-1.00000	-1.00000	0.00009	-1.00000	-1.00000
20058	Gandy	Cluster	un	8912816	0.00251	-1.00000	-1.00000	0.00009	-1.00000	-1.00000	0.00508	-1.00000	-1.00000	0.00012	-1.00000	-1.00000
20070	Gandy	Cluster	un	8917696	0.11111	-1.00000	-1.00000	0.01818	-1.00000	-1.00000	0.03064	-1.00000	-1.00000	0.00025	-1.00000	-1.00000
20071	Gandy	Cluster	un	8918507	-0.00000	-1.00000	-1.00000	-0.00000	-1.00000	-1.00000	-0.00000	-1.00000	-1.00000	0.00004	-1.00000	-1.00000
20076	Gandy	Cluster	un	8921759	-0.00000	-1.00000	-1.00000	-0.00000	-1.00000	-1.00000	-0.01068	-1.00000	-1.00000	0.00031	-1.00000	-1.00000
20094	Gandy	Cluster	un	8928501	0.17448	-1.00000	-1.00000	0.03767	-1.00000	-1.00000	0.07867	-1.00000	-1.00000	0.00040	-1.00000	-1.00000
20103	Gandy	Cluster	un	8932437	0.62040	-1.00000	-1.00000	0.53084	-1.00000	-1.00000	0.52154	-1.00000	-1.00000	0.00082	-1.00000	-1.00000
20106	Gandy	Cluster	un	8933991	0.04820	-1.00000	-1.00000	0.00374	-1.00000	-1.00000	0.03064	-1.00000	-1.00000	0.00024	-1.00000	-1.00000
20107	Gandy	Cluster	un	8934814	0.03448	-1.00000	-1.00000	0.00246	-1.00000	-1.00000	0.00246	-1.00000	-1.00000	0.00009	-1.00000	-1.00000
20112	Gandy	Cluster	un	8936199	0.03114	-1.00000	-1.00000	0.00229	-1.00000	-1.00000	0.00018	-1.00000	-1.00000	0.00015	-1.00000	-1.00000
20123	Gandy	Cluster	un	8943514	0.05748	-1.00000	-1.00000	0.00467	-1.00000	-1.00000	0.03571	-1.00000	-1.00000	0.00026	-1.00000	-1.00000
20127	Gandy	Cluster	un	8946013	-0.00000	-1.00000	-1.00000	-0.00000	-1.00000	-1.00000	-0.00000	-1.00000	-1.00000	0.00004	-1.00000	-1.00000
20131	Gandy	Cluster	un	8946820	0.37984	-1.00000	-1.00000	0.17493	-1.00000	-1.00000	0.26396	-1.00000	-1.00000	0.00066	-1.00000	-1.00000
20144	Gandy	Cluster	un	8953724	-0.00235	-1.00000	-1.00000	-0.00008	-1.00000	-1.00000	-0.00000	-1.00000	-1.00000	0.00004	-1.00000	-1.00000
20147	Gandy	Cluster	un	8954552	0.15460	-1.00000	-1.00000	0.03162	-1.00000	-1.00000	0.04578	-1.00000	-1.00000	0.00030	-1.00000	-1.00000
20149	Gandy	Cluster	un	8955333	0.00000	-1.00000	-1.00000	0.00000	-1.00000	-1.00000	-0.00063	-1.00000	-1.00000	0.00028	-1.00000	-1.00000
20177	Gandy	Cluster	un	8965889	0.04420	-1.00000	-1.00000	0.00354	-1.00000	-1.00000	0.00705	-1.00000	-1.00000	0.00031	-1.00000	-1.00000
20178	Gandy	Cluster	un	8966670	0.00251	-1.00000	-1.00000	0.00009	-1.00000	-1.00000	0.00508	-1.00000	-1.00000	0.00012	-1.00000	-1.00000
20182	Gandy	Cluster	un	8969045	-0.02782	-1.00000	-1.00000	-0.00329	-1.00000	-1.00000	0.00862	-1.00000	-1.00000	0.00033	-1.00000	-1.00000
20197	Gandy	Cluster	un	8976108	0.00656	-1.00000	-1.00000	0.00026	-1.00000	-1.00000	-0.00529	-1.00000	-1.00000	0.00023	-1.00000	-1.00000
20202	Gandy	Cluster	un	8977737	0.00000	-1.00000	-1.00000	0.00000	-1.00000	-1.00000	0.00508	-1.00000	-1.00000	0.00012	-1.00000	-1.00000
20204	Gandy	Cluster	un	8979398	0.00561	-1.00000	-1.00000	0.00021	-1.00000	-1.00000	-0.00000	-1.00000	-1.00000	0.00005	-1.00000	-1.00000
20207	Gandy	Cluster	un	8980251	-0.02407	-1.00000	-1.00000	-0.00274	-1.00000	-1.00000	-0.00795	-1.00000	-1.00000	0.00027	-1.00000	-1.00000
20208	Gandy	Cluster	un	8981048	0.24449	-1.00000	-1.00000	0.06949	-1.00000	-1.00000	0.15534	-1.00000	-1.00000	0.00049	-1.00000	-1.00000
20213	Gandy	Cluster	un	8984342	-0.00000	-1.00000	-1.00000	-0.00000	-1.00000	-1.00000	-0.00000	-1.00000	-1.00000	0.00004	-1.00000	-1.00000
20218	Gandy	Cluster	un	8985113	0.04838	-1.00000	-1.00000	0.04630	-1.00000	-1.00000	0.02822	-1.00000	-1.00000	0.00073	-1.00000	-1.00000
20221	Gandy	Cluster	un	8985945	0.05553	-1.00000	-1.00000	0.00674	-1.00000	-1.00000	0.01088	-1.00000	-1.00000	0.00028	-1.00000	-1.00000
20225	Gandy	Cluster	un	8988375	0.00290	-1.00000	-1.00000	0.00011	-1.00000	-1.00000	-0.00518	-1.00000	-1.00000	0.00020	-1.00000	-1.00000
20231	Gandy	Cluster	un	8990706	0.04067	-1.00000	-1.00000	0.00302	-1.00000	-1.00000	0.01050	-1.00000	-1.00000	0.00016	-1.00000	-1.00000
20234	Gandy	Cluster	un	8992321	0.44444	-1.00000	-1.00000	0.27807	-1.00000	-1.00000	0.27200	-1.00000	-1.00000	0.00071	-1.00000	-1.00000
20247	Gandy	Cluster	un	8997720	0.08538	-1.00000	-1.00000	0.01066	-1.00000	-1.00000	0.04304	-1.00000	-1.00000	0.00029	-1.00000	-1.00000
20253	Gandy	Cluster	un	8999945	0.07407	-1.00000	-1.00000	0.00881	-1.00000	-1.00000	0.01894	-1.00000	-1.00000	0.00019	-1.00000	-1.00000
20263	Gandy	Cluster	un	9005567	0.07436	-1.00000	-1.00000	0.00994	-1.00000	-1.00000	-0.00186	-1.00000	-1.00000	0.00038	-1.00000	-1.00000
20264	Gandy	Cluster	un	9006311	0.05304	-1.00000	-1.00000	0.00446	-1.00000	-1.00000	0.03024	-1.00000	-1.00000	0.00037	-1.00000	-1.00000
20265	Gandy	Cluster	un	9007135	0.09035	-1.00000	-1.00000	0.08776	-1.00000	-1.00000	0.09726	-1.00000	-1.00000	0.00067	-1.00000	-1.00000
20269	Gandy	Cluster	un	9008798	0.02760	-1.00000	-1.00000	0.00210	-1.00000	-1.00000	0.00021	-1.00000	-1.00000	0.00017	-1.00000	-1.00000
20289	Gandy	Cluster	un	9016665	0.20690	-1.00000	-1.00000	0.05924	-1.00000	-1.00000	0.05924	-1.00000	-1.00000	0.00030	-1.00000	-1.00000
20291	Gandy	Cluster	un	9017451	0.89246	-1.00000	-1.00000	0.88109	-1.00000	-1.00000	0.88227	-1.00000	-1.00000	0.00119	-1.00000	-1.00000
20299	Gandy	Cluster	un	9021501	0.69741	-1.00000	-1.00000	0.70213	-1.00000	-1.00000	0.69250	-1.00000	-1.00000	0.00099	-1.00000	-1.00000
20305	Gandy	Cluster	un	9023933	0.43888	-1.00000	-1.00000	0.28113	-1.00000	-1.00000	0.28173	-1.00000	-1.00000	0.00060	-1.00000	-1.00000
20317	Gandy	Cluster	un	9030295	0.45419	-1.00000	-1.00000	0.27868	-1.00000	-1.00000	0.29725	-1.00000	-1.00000	0.00061	-1.00000	-1.00000
20318	Gandy	Cluster	un	9031122	-0.01813	-1.00000	-1.00000	-0.00374	-1.00000	-1.00000	0.05404	-1.00000	-1.00000	0.00042	-1.00000	-1.00000
20335	Gandy	Cluster	un	9036764	-0.00767	-1.00000	-1.00000	-0.00029	-1.00000	-1.00000	0.03472	-1.00000	-1.00000	0.00028	-1.00000	-1.00000
20338	Gandy	Cluster	un	9038118	0.00000	-1.00000	-1.00000	0.00000	-1.00000	-1.00000	-0.01682	-1.00000	-1.00000	0.00043	-1.00000	-1.00000
20349	Gandy	Cluster	un	9041966	0.58672	-1.00000	-1.00000	0.44290	-1.00000	-1.00000	0.45008	-1.00000	-1.00000	0.00081	-1.00000	-1.00000
20357	Gandy	Cluster	un	9046001	0.03555	-1.00000	-1.00000	0.00306	-1.00000	-1.00000	0.00362	-1.00000	-1.00000	0.00032	-1.00000	-1.00000
20363	Gandy	Cluster	un	9049912	0.03114	-1.00000	-1.00000	0.00229	-1.00000	-1.00000	0.00018	-1.00000	-1.00000	0.00015	-1.00000	-1.00000
20366	Gandy	Cluster	un	9050795	-0.00000	-1.00000	-1.00000	-0.00000	-1.00000	-1.00000	-0.00000	-1.00000	-1.00000	0.00004	-1.00000	-1.00000
20367	Gandy	Cluster	un	9051678	0.00561	-1.00000	-1.00000	0.00021	-1.00000	-1.00000	0.02159	-1.00000	-1.00000	0.00019	-1.00000	-1.00000
20392	Gandy	Cluster	un	9065241	0.00656	-1.00000	-1.00000	0.00026	-1.00000	-1.00000	0.01989	-1.00000	-1.00000	0.00033	-1.00000	-1.00000
20398	Gandy	Cluster	un	9069283	0.11329	-1.00000	-1.00000	0.02085	-1.00000	-1.00000	0.00992	-1.00000	-1.00000	0.00040	-1.00000	-1.00000
20408	Gandy	Cluster	un	9072496	0.21608	-1.00000	-1.00000	0.05772	-1.00000	-1.00000	0.07534	-1.00000	-1.00000	0.00027	-1.00000	-1.00000
20420	Gandy	Cluster	un	9079046	0.69703	-1.00000	-1.00000	0.60533	-1.00000	-1.00000	0.62701	-1.00000	-1.00000	0.00097	-1.00000	-1.00000
20426	Gandy	Cluster	un	9080689	0.03448	-1.00000	-1.00000	0.00246	-1.00000	-1.00000	0.00246	-1.00000	-1.00000	0.00008	-1.00000	-1.00000
20427	Gandy	Cluster	un	9081566	0.00000	-1.00000	-1.00000	0.00000	-1.00000	-1.00000	-0.00502	-1.00000	-1.00000	0.00026	-1.00000	-1.00000
20431	Gandy	Cluster	un	9082168	0.92593	-1.00000	-1.00000	0.92330	-1.00000	-1.00000	0.92388	-1.00000	-1.00000	0.00116	-1.00000	-1.00000
20432	Gandy	Cluster	un	9082972	0.29856	-1.00000	-1.00000	0.11199	-1.00000	-1.00000	0.16077	-1.00000	-1.00000	0.00046	-1.00000	-1.00000
20433	Gandy	Cluster	un	9083836	0.03448	-1.00000	-1.00000	0.00246	-1.00000	-1.00000	0.00246	-1.00000	-1.00000	0.00009	-1.00000	-1.00000
20438	Gandy	Cluster	un	9085475	0.11959	-1.00000	-1.00000	0.02546	-1.00000	-1.00000	0.03494	-1.00000	-1.00000	0.00042	-1.00000	-1.00000
20439	Gandy	Cluster	un	9086278	-0.00000	-1.00000	-1.00000	-0.00000	-1.00000	-1.00000	-0.00000	-1.00000	-1.00000	0.00004	-1.00000	-1.00000
20440	Gandy	Cluster	un	9087060	0.09054	-1.00000	-1.00000	0.01094	-1.00000	-1.00000	0.01033	-1.00000	-1.00000	0.00015	-1.00000	-1.00000
20457	Gandy	Cluster	un	9092628	-0.03921	-1.00000	-1.00000	-0.00654	-1.00000	-1.00000	0.01520	-1.00000	-1.00000	0.00034	-1.00000	-1.00000
20458	Gandy	Cluster	un	9093419	0.14147	-1.00000	-1.00000	0.03071	-1.00000	-1.00000	0.02257	-1.00000	-1.00000	0.00034	-1.00000	-1.00000
20463	Gandy	Cluster	un	9094940	0.85780	-1.00000	-1.00000	0.84851	-1.00000	-1.00000	0.84751	-1.00000	-1.00000	0.00111	-1.00000	-1.00000
20467	Gandy	Cluster	un	9096611	0.07875	-1.00000	-1.00000	0.00908	-1.00000	-1.00000	0.00881	-1.00000	-1.00000	0.00015	-1.00000	-1.00000
20474	Gandy	Cluster	un	9098990	-0.00565	-1.00000	-1.00000	-0.00022	-1.00000	-1.00000	-0.00000	-1.00000	-1.00000	0.00004	-1.00000	-1.00000
20488	Gandy	Cluster	un	9103740	0.04820	-1.00000	-1.00000	0.00374	-1.00000	-1.00000	0.03064	-1.00000	-1.00000	0.00024	-1.00000	-1.00000
20495	Gandy	Cluster	un	9104584	0.00251	-1.00000	-1.00000	0.00009	-1.00000	-1.00000	0.00508	-1.00000	-1.00000	0.00012	-1.00000	-1.00000
20504	Gandy	Cluster	un	9107927	0.03555	-1.00000	-1.00000	0.00306	-1.00000	-1.00000	-0.01045	-1.00000	-1.00000	0.00033	-1.00000	-1.00000
20516	Gandy	Cluster	un	9112247	-0.00000	-1.00000	-1.00000	-0.00000	-1.00000	-1.00000	-0.00000	-1.00000	-1.00000	0.00005	-1.00000	-1.00000
20519	Gandy	Cluster	un	9113762	0.03448	-1.00000	-1.00000	0.00246	-1.00000	-1.00000	0.00246	-1.00000	-1.00000	0.00008	-1.00000	-1.00000
20529	Gandy	Cluster	un	9116141	0.00290	-1.00000	-1.00000	0.00011	-1.00000	-1.00000	0.00088	-1.00000	-1.00000	0.00034	-1.00000	-1.00000
20533	Gandy	Cluster	un	9117225	0.00251	-1.00000	-1.00000	0.00009	-1.00000	-1.00000	0.00508	-1.00000	-1.00000	0.00012	-1.00000	-1.00000
20544	Gandy	Cluster	un	9123117	0.00251	-1.00000	-1.00000	0.00009	-1.00000	-1.00000	-0.00000	-1.00000	-1.00000	0.00004	-1.00000	-1.00000
20550	Gandy	Cluster	un	9126472	-0.02407	-1.00000	-1.00000	-0.00274	-1.00000	-1.00000	-0.00795	-1.00000	-1.00000	0.00025	-1.00000	-1.00000
20553	Gandy	Cluster	un	9127315	0.04067	-1.00000	-1.00000	0.00302	-1.00000	-1.00000	0.01050	-1.00000	-1.00000	0.00018	-1.00000	-1.00000
20569	Gandy	Cluster	un	9134448	0.09834	-1.00000	-1.00000	0.01534	-1.00000	-1.00000	0.00883	-1.00000	-1.00000	0.00023	-1.00000	-1.00000
20570	Gandy	Cluster	un	9135262	0.03448	-1.00000	-1.00000	0.00246	-1.00000	-1.00000	0.00246	-1.00000	-1.00000	0.00008	-1.00000	-1.00000
20577	Gandy	Cluster	un	9137769	0.14632	-1.00000	-1.00000	0.04868	-1.00000	-1.00000	0.08935	-1.00000	-1.00000	0.00053	-1.00000	-1.00000
20582	Gandy	Cluster	un	9140255	-0.00270	-1.00000	-1.00000	-0.00010	-1.00000	-1.00000	0.00011	-1.00000	-1.00000	0.00013	-1.00000	-1.00000
20583	Gandy	Cluster	un	9141033	0.82278	-1.00000	-1.00000	0.81850	-1.00000	-1.00000	0.78277	-1.00000	-1.00000	0.00113	-1.00000	-1.00000
20584	Gandy	Cluster	un	9141801	0.25744	-1.00000	-1.00000	0.08247	-1.00000	-1.00000	0.12954	-1.00000	-1.00000	0.00044	-1.00000	-1.00000
20591	Gandy	Cluster	un	9145863	0.64934	-1.00000	-1.00000	0.54767	-1.00000	-1.00000	0.54134	-1.00000	-1.00000	0.00098	-1.00000	-1.00000
20595	Gandy	Cluster	un	9147414	-0.02245	-1.00000	-1.00000	-0.00238	-1.00000	-1.00000	-0.00238	-1.00000	-1.00000	0.00012	-1.00000	-1.00000
20597	Gandy	Cluster	un	9148213	0.10528	-1.00000	-1.00000	0.01778	-1.00000	-1.00000	0.03064	-1.00000	-1.00000	0.00020	-1.00000	-1.00000
20599	Gandy	Cluster	un	9150054	0.00251	-1.00000	-1.00000	0.00009	-1.00000	-1.00000	0.00508	-1.00000	-1.00000	0.00012	-1.00000	-1.00000
20611	Gandy	Cluster	un	9155815	0.04067	-1.00000	-1.00000	0.00302	-1.00000	-1.00000	0.01050	-1.00000	-1.00000	0.00015	-1.00000	-1.00000
20614	Gandy	Cluster	un	9157493	-0.00000	-1.00000	-1.00000	-0.00000	-1.00000	-1.00000	-0.00000	-1.00000	-1.00000	0.00004	-1.00000	-1.00000
20624	Gandy	Cluster	un	9160841	0.04067	-1.00000	-1.00000	0.00302	-1.00000	-1.00000	0.00284	-1.00000	-1.00000	0.00009	-1.00000	-1.00000
20626	Gandy	Cluster	un	9162326	-0.03567	-1.00000	-1.00000	-0.00255	-1.00000	-1.00000	0.00018	-1.00000	-1.00000	0.00016	-1.00000	-1.00000
20630	Gandy	Cluster	un	9163911	0.60409	-1.00000	-1.00000	0.60836	-1.00000	-1.00000	0.60836	-1.00000	-1.00000	0.00089	-1.00000	-1.00000
20636	Gandy	Cluster	un	9167186	-0.00235	-1.00000	-1.00000	-0.00008	-1.00000	-1.00000	0.00008	-1.00000	-1.00000	0.00013	-1.00000	-1.00000
20648	Gandy	Cluster	un	9172535	-0.00000	-1.00000	-1.00000	-0.00000	-1.00000	-1.00000	-0.00000	-1.00000	-1.00000	0.00004	-1.00000	-1.00000
20654	Gandy	Cluster	un	9176490	0.07875	-1.00000	-1.00000	0.00908	-1.00000	-1.00000	0.00881	-1.00000	-1.00000	0.00014	-1.00000	-1.00000
20670	Gandy	Cluster	un	9182984	-0.00000	-1.00000	-1.00000	-0.00000	-1.00000	-1.00000	-0.00000	-1.00000	-1.00000	0.00004	-1.00000	-1.00000
20673	Gandy	Cluster	un	9185352	0.24000	-1.00000	-1.00000	0.08124	-1.00000	-1.00000	0.10158	-1.00000	-1.00000	0.00041	-1.00000	-1.00000
20688	Gandy	Cluster	un	9189971	0.25926	-1.00000	-1.00000	0.09396	-1.00000	-1.00000	0.08829	-1.00000	-1.00000	0.00042	-1.00000	-1.00000
20695	Gandy	Cluster	un	9192535	0.04420	-1.00000	-1.00000	0.00354	-1.00000	-1.00000	0.00705	-1.00000	-1.00000	0.00031	-1.00000	-1.00000
20696	Gandy	Cluster	un	9193317	0.87389	-1.00000	-1.00000	0.87668	-1.00000	-1.00000	0.85229	-1.00000	-1.00000	0.00112	-1.00000	-1.00000
20703	Gandy	Cluster	un	9195737	0.21969	-1.00000	-1.00000	0.19407	-1.00000	-1.00000	0.20750	-1.00000	-1.00000	0.00067	-1.00000	-1.00000
20707	Gandy	Cluster	un	9197394	0.00290	-1.00000	-1.00000	0.00011	-1.00000	-1.00000	0.02159	-1.00000	-1.00000	0.00021	-1.00000	-1.00000
20709	Gandy	Cluster	un	9199038	-0.00000	-1.00000	-1.00000	-0.00000	-1.00000	-1.00000	-0.00000	-1.00000	-1.00000	0.00004	-1.00000	-1.00000
20712	Gandy	Cluster	un	9200721	0.04067	-1.00000	-1.00000	0.00302	-1.00000	-1.00000	0.00284	-1.00000	-1.00000	0.00009	-1.00000	-1.00000
20715	Gandy	Cluster	un	9201522	-0.03841	-1.00000	-1.00000	-0.00296	-1.00000	-1.00000	-0.00486	-1.00000	-1.00000	0.00030	-1.00000	-1.00000
20736	Gandy	Cluster	un	9210211	0.06897	-1.00000	-1.00000	0.00760	-1.00000	-1.00000	0.00760	-1.00000	-1.00000	0.00013	-1.00000	-1.00000
20739	Gandy	Cluster	un	9210959	0.04067	-1.00000	-1.00000	0.00302	-1.00000	-1.00000	0.01050	-1.00000	-1.00000	0.00015	-1.00000	-1.00000
20743	Gandy	Cluster	un	9212562	0.19238	-1.00000	-1.00000	0.04856	-1.00000	-1.00000	0.06452	-1.00000	-1.00000	0.00033	-1.00000	-1.00000
20758	Gandy	Cluster	un	9218183	-0.00489	-1.00000	-1.00000	-0.00018	-1.00000	-1.00000	0.01104	-1.00000	-1.00000	0.00020	-1.00000	-1.00000
20781	Gandy	Cluster	un	9230427	0.27098	-1.00000	-1.00000	0.09781	-1.00000	-1.00000	0.10444	-1.00000	-1.00000	0.00061	-1.00000	-1.00000
20790	Gandy	Cluster	un	9232792	0.19845	-1.00000	-1.00000	0.04545	-1.00000	-1.00000	0.09204	-1.00000	-1.00000	0.00039	-1.00000	-1.00000
20794	Gandy	Cluster	un	9234376	0.00000	-1.00000	-1.00000	0.00000	-1.00000	-1.00000	-0.00000	-1.00000	-1.00000	0.00004	-1.00000	-1.00000
20804	Gandy	Cluster	un	9237317	0.04348	-1.00000	-1.00000	0.00394	-1.00000	-1.00000	-0.01338	-1.00000	-1.00000	0.00042	-1.00000	-1.00000
20808	Gandy	Cluster	un	9238991	0.00000	-1.00000	-1.00000	0.00000	-1.00000	-1.00000	-0.00502	-1.00000	-1.00000	0.00017	-1.00000	-1.00000
20813	Gandy	Cluster	un	9240694	-0.00565	-1.00000	-1.00000	-0.00022	-1.00000	-1.00000	0.03423	-1.00000	-1.00000	0.00028	-1.00000	-1.00000
20816	Gandy	Cluster	un	9242350	0.40448	-1.00000	-1.00000	0.23974	-1.00000	-1.00000	0.22406	-1.00000	-1.00000	0.00062	-1.00000	-1.00000
20832	Gandy	Cluster	un	9249546	0.10528	-1.00000	-1.00000	0.01778	-1.00000	-1.00000	0.01175	-1.00000	-1.00000	0.00028	-1.00000	-1.00000
20838	Gandy	Cluster	un	9251950	0.07208	-1.00000	-1.00000	0.07486	-1.00000	-1.00000	0.05994	-1.00000	-1.00000	0.00077	-1.00000	-1.00000
20840	Gandy	Cluster	un	9253526	-0.00000	-1.00000	-1.00000	-0.00000	-1.00000	-1.00000	-0.00000	-1.00000	-1.00000	0.00004	-1.00000	-1.00000
20847	Gandy	Cluster	un	9254937	0.02760	-1.00000	-1.00000	0.00210	-1.00000	-1.00000	0.00021	-1.00000	-1.00000	0.00017	-1.00000	-1.00000
20850	Gandy	Cluster	un	9256476	0.84324	-1.00000	-1.00000	0.80536	-1.00000	-1.00000	0.82043	-1.00000	-1.00000	0.00105	-1.00000	-1.00000
20851	Gandy	Cluster	un	9257300	-0.00000	-1.00000	-1.00000	-0.00000	-1.00000	-1.00000	-0.00000	-1.00000	-1.00000	0.00004	-1.00000	-1.00000
20855	Gandy	Cluster	un	9259016	0.05748	-1.00000	-1.00000	0.00467	-1.00000	-1.00000	0.06452	-1.00000	-1.00000	0.00034	-1.00000	-1.00000
20866	Gandy	Cluster	un	9263965	0.30175	-1.00000	-1.00000	0.13370	-1.00000	-1.00000	0.11835	-1.00000	-1.00000	0.00045	-1.00000	-1.00000
20869	Gandy	Cluster	un	9264808	0.88967	-1.00000	-1.00000	0.88967	-1.00000	-1.00000	0.88921	-1.00000	-1.00000	0.00112	-1.00000	-1.00000
20872	Gandy	Cluster	un	9266437	0.00554	-1.00000	-1.00000	0.00385	-1.00000	-1.00000	0.00831	-1.00000	-1.00000	0.00071	-1.00000	-1.00000
20879	Gandy	Cluster	un	9268661	-0.00235	-1.00000	-1.00000	-0.00008	-1.00000	-1.00000	-0.00000	-1.00000	-1.00000	0.00004	-1.00000	-1.00000
20880	Gandy	Cluster	un	9269520	-0.00000	-1.00000	-1.00000	-0.00000	-1.00000	-1.00000	-0.01068	-1.00000	-1.00000	0.00030	-1.00000	-1.00000
20890	Gandy	Cluster	un	9274983	0.04000	-1.00000	-1.00000	0.00332	-1.00000	-1.00000	0.01220	-1.00000	-1.00000	0.00017	-1.00000	-1.00000
20893	Gandy	Cluster	un	9277437	0.06897	-1.00000	-1.00000	0.00760	-1.00000	-1.00000	0.00760	-1.00000	-1.00000	0.00012	-1.00000	-1.00000
20903	Gandy	Cluster	un	9282387	0.00290	-1.00000	-1.00000	0.00011	-1.00000	-1.00000	0.00088	-1.00000	-1.00000	0.00031	-1.00000	-1.00000
20925	Gandy	Cluster	un	9292602	0.06897	-1.00000	-1.00000	0.00760	-1.00000	-1.00000	0.00760	-1.00000	-1.00000	0.00012	-1.00000	-1.00000
20930	Gandy	Cluster	un	9295692	0.32841	-1.00000	-1.00000	0.24967	-1.00000	-1.00000	0.22833	-1.00000	-1.00000	0.00069	-1.00000	-1.00000
20931	Gandy	Cluster	un	9296538	-0.02844	-1.00000	-1.00000	-0.00634	-1.00000	-1.00000	-0.01018	-1.00000	-1.00000	0.00049	-1.00000	-1.00000
20934	Gandy	Cluster	un	9297362	0.51852	-1.00000	-1.00000	0.37433	-1.00000	-1.00000	0.36815	-1.00000	-1.00000	0.00071	-1.00000	-1.00000
20937	Gandy	Cluster	un	9299764	0.10495	-1.00000	-1.00000	0.01335	-1.00000	-1.00000	0.05025	-1.00000	-1.00000	0.00031	-1.00000	-1.00000
20941	Gandy	Cluster	un	9302104	0.05755	-1.00000	-1.00000	0.01280	-1.00000	-1.00000	0.08375	-1.00000	-1.00000	0.00043	-1.00000	-1.00000
20946	Gandy	Cluster	un	9303678	0.44000	-1.00000	-1.00000	0.27386	-1.00000	-1.00000	0.25641	-1.00000	-1.00000	0.00078	-1.00000	-1.00000
20958	Gandy	Cluster	un	9310030	0.15460	-1.00000	-1.00000	0.03162	-1.00000	-1.00000	0.04578	-1.00000	-1.00000	0.00028	-1.00000	-1.00000
20959	Gandy	Cluster	un	9310859	0.03704	-1.00000	-1.00000	0.00284	-1.00000	-1.00000	0.00284	-1.00000	-1.00000	0.00009	-1.00000	-1.00000
20963	Gandy	Cluster	un	9312491	0.06897	-1.00000	-1.00000	0.00760	-1.00000	-1.00000	0.00760	-1.00000	-1.00000	0.00012	-1.00000	-1.00000
20966	Gandy	Cluster	un	9313342	0.17448	-1.00000	-1.00000	0.03767	-1.00000	-1.00000	0.07867	-1.00000	-1.00000	0.00040	-1.00000	-1.00000
20971	Gandy	Cluster	un	9314856	0.00000	-1.00000	-1.00000	0.00000	-1.00000	-1.00000	-0.00502	-1.00000	-1.00000	0.00018	-1.00000	-1.00000
20972	Gandy	Cluster	un	9315704	-0.02184	-1.00000	-1.00000	-0.00259	-1.00000	-1.00000	-0.00168	-1.00000	-1.00000	0.00029	-1.00000	-1.00000
20974	Gandy	Cluster	un	9317443	0.04820	-1.00000	-1.00000	0.00374	-1.00000	-1.00000	0.03064	-1.00000	-1.00000	0.00025	-1.00000	-1.00000
20975	Gandy	Cluster	un	9318237	-0.00270	-1.00000	-1.00000	-0.00010	-1.00000	-1.00000	-0.00558	-1.00000	-1.00000	0.00018	-1.00000	-1.00000
20982	Gandy	Cluster	un	9321493	-0.03795	-1.00000	-1.00000	-0.00293	-1.00000	-1.00000	0.01733	-1.00000	-1.00000	0.00024	-1.00000	-1.00000
20986	Gandy	Cluster	un	9322343	0.06897	-1.00000	-1.00000	0.00760	-1.00000	-1.00000	0.00760	-1.00000	-1.00000	0.00011	-1.00000	-1.00000
20987	Gandy	Cluster	un	9323215	0.16584	-1.00000	-1.00000	0.04086	-1.00000	-1.00000	0.03045	-1.00000	-1.00000	0.00030	-1.00000	-1.00000
20995	Gandy	Cluster	un	9327181	-0.00000	-1.00000	-1.00000	-0.00000	-1.00000	-1.00000	-0.00000	-1.00000	-1.00000	0.00004	-1.00000	-1.00000
21000	Gandy	Cluster	un	9330460	-0.00000	-1.00000	-1.00000	-0.00000	-1.00000	-1.00000	-0.00000	-1.00000	-1.00000	0.00004	-1.00000	-1.00000
21004	Gandy	Cluster	un	9332774	0.06920	-1.00000	-1.00000	0.00850	-1.00000	-1.00000	0.00953	-1.00000	-1.00000	0.00029	-1.00000	-1.00000
21011	Gandy	Cluster	un	9336018	0.00656	-1.00000	-1.00000	0.00026	-1.00000	-1.00000	-0.00529	-1.00000	-1.00000	0.00032	-1.00000	-1.00000
21012	Gandy	Cluster	un	9336552	0.02985	-1.00000	-1.00000	0.02353	-1.00000	-1.00000	0.02353	-1.00000	-1.00000	0.00058	-1.00000	-1.00000
21015	Gandy	Cluster	un	9338177	0.45057	-1.00000	-1.00000	0.27457	-1.00000	-1.00000	0.28659	-1.00000	-1.00000	0.00070	-1.00000	-1.00000
21030	Gandy	Cluster	un	9344264	-0.00489	-1.00000	-1.00000	-0.00018	-1.00000	-1.00000	0.00029	-1.00000	-1.00000	0.00012	-1.00000	-1.00000
21036	Gandy	Cluster	un	9347534	-0.00000	-1.00000	-1.00000	-0.00000	-1.00000	-1.00000	-0.00000	-1.00000	-1.00000	0.00005	-1.00000	-1.00000
21037	Gandy	Cluster	un	9348252	0.04067	-1.00000	-1.00000	0.00302	-1.00000	-1.00000	0.00284	-1.00000	-1.00000	0.00009	-1.00000	-1.00000
21039	Gandy	Cluster	un	9349075	0.00000	-1.00000	-1.00000	0.00000	-1.00000	-1.00000	-0.00502	-1.00000	-1.00000	0.00019	-1.00000	-1.00000
21044	Gandy	Cluster	un	9352323	-0.00000	-1.00000	-1.00000	-0.00000	-1.00000	-1.00000	-0.00000	-1.00000	-1.00000	0.00004	-1.00000	-1.00000
21047	Gandy	Cluster	un	9353896	0.00027	-1.00000	-1.00000	0.00008	-1.00000	-1.00000	0.00562	-1.00000	-1.00000	0.00040	-1.00000	-1.00000
21064	Gandy	Cluster	un	9363857	-0.00000	-1.00000	-1.00000	-0.00000	-1.00000	-1.00000	-0.00000	-1.00000	-1.00000	0.00004	-1.00000	-1.00000
21065	Gandy	Cluster	un	9364680	0.03448	-1.00000	-1.00000	0.00246	-1.00000	-1.00000	0.00246	-1.00000	-1.00000	0.00008	-1.00000	-1.00000
21066	Gandy	Cluster	un	9365519	0.04067	-1.00000	-1.00000	0.00302	-1.00000	-1.00000	0.00284	-1.00000	-1.00000	0.00010	-1.00000	-1.00000
21089	Gandy	Cluster	un	9374905	0.63509	-1.00000	-1.00000	0.58190	-1.00000	-1.00000	0.58190	-1.00000	-1.00000	0.00081	-1.00000	-1.00000
21104	Gandy	Cluster	un	9381445	0.13205	-1.00000	-1.00000	0.02645	-1.00000	-1.00000	0.01790	-1.00000	-1.00000	0.00028	-1.00000	-1.00000
21108	Gandy	Cluster	un	9383974	0.06897	-1.00000	-1.00000	0.00760	-1.00000	-1.00000	0.00760	-1.00000	-1.00000	0.00013	-1.00000	-1.00000
21116	Gandy	Cluster	un	9386412	-0.00315	-1.00000	-1.00000	-0.00013	-1.00000	-1.00000	-0.01039	-1.00000	-1.00000	0.00047	-1.00000	-1.00000
21132	Gandy	Cluster	un	9393552	0.13263	-1.00000	-1.00000	0.02215	-1.00000	-1.00000	0.05900	-1.00000	-1.00000	0.00038	-1.00000	-1.00000
21136	Gandy	Cluster	un	9394263	0.20690	-1.00000	-1.00000	0.05924	-1.00000	-1.00000	0.05924	-1.00000	-1.00000	0.00028	-1.00000	-1.00000
21140	Gandy	Cluster	un	9397576	0.51724	-1.00000	-1.00000	0.37152	-1.00000	-1.00000	0.37152	-1.00000	-1.00000	0.00065	-1.00000	-1.00000
21144	Gandy	Cluster	un	9400166	-0.01798	-1.00000	-1.00000	-0.00206	-1.00000	-1.00000	0.00412	-1.00000	-1.00000	0.00029	-1.00000	-1.00000
21158	Gandy	Cluster	un	9406402	-0.01534	-1.00000	-1.00000	-0.01487	-1.00000	-1.00000	-0.01473	-1.00000	-1.00000	0.00071	-1.00000	-1.00000
21163	Gandy	Cluster	un	9408867	0.03704	-1.00000	-1.00000	0.00284	-1.00000	-1.00000	-0.00227	-1.00000	-1.00000	0.00024	-1.00000	-1.00000
21164	Gandy	Cluster	un	9409658	0.03704	-1.00000	-1.00000	0.00284	-1.00000	-1.00000	-0.00227	-1.00000	-1.00000	0.00024	-1.00000	-1.00000
21178	Gandy	Cluster	un	9415062	0.11672	-1.00000	-1.00000	0.01853	-1.00000	-1.00000	0.03064	-1.00000	-1.00000	0.00024	-1.00000	-1.00000
21182	Gandy	Cluster	un	9417373	0.60000	-1.00000	-1.00000	0.48980	-1.00000	-1.00000	0.46853	-1.00000	-1.00000	0.00084	-1.00000	-1.00000
21185	Gandy	Cluster	un	9418199	0.70634	-1.00000	-1.00000	0.65475	-1.00000	-1.00000	0.67198	-1.00000	-1.00000	0.00104	-1.00000	-1.00000
21189	Gandy	Cluster	un	9419742	0.00251	-1.00000	-1.00000	0.00009	-1.00000	-1.00000	0.00508	-1.00000	-1.00000	0.00016	-1.00000	-1.00000
21192	Gandy	Cluster	un	9420381	-0.00000	-1.00000	-1.00000	-0.00000	-1.00000	-1.00000	-0.00000	-1.00000	-1.00000	0.00004	-1.00000	-1.00000
21193	Gandy	Cluster	un	9421200	0.00561	-1.00000	-1.00000	0.00021	-1.00000	-1.00000	0.00589	-1.00000	-1.00000	0.00013	-1.00000	-1.00000
21195	Gandy	Cluster	un	9422022	0.03448	-1.00000	-1.00000	0.00246	-1.00000	-1.00000	0.00246	-1.00000	-1.00000	0.00008	-1.00000	-1.00000
21196	Gandy	Cluster	un	9422842	0.00656	-1.00000	-1.00000	0.00026	-1.00000	-1.00000	0.01989	-1.00000	-1.00000	0.00029	-1.00000	-1.00000
21201	Gandy	Cluster	un	9423762	0.00656	-1.00000	-1.00000	0.00026	-1.00000	-1.00000	0.01989	-1.00000	-1.00000	0.00037	-1.00000	-1.00000
21203	Gandy	Cluster	un	9425201	0.10345	-1.00000	-1.00000	0.01567	-1.00000	-1.00000	0.01567	-1.00000	-1.00000	0.00018	-1.00000	-1.00000
21214	Gandy	Cluster	un	9428947	-0.03567	-1.00000	-1.00000	-0.00255	-1.00000	-1.00000	0.00018	-1.00000	-1.00000	0.00016	-1.00000	-1.00000
21218	Gandy	Cluster	un	9430579	0.06920	-1.00000	-1.00000	0.00850	-1.00000	-1.00000	-0.00168	-1.00000	-1.00000	0.00032	-1.00000	-1.00000
21219	Gandy	Cluster	un	9431412	0.56000	-1.00000	-1.00000	0.43299	-1.00000	-1.00000	0.41261	-1.00000	-1.00000	0.00093	-1.00000	-1.00000
21226	Gandy	Cluster	un	9434464	0.92628	-1.00000	-1.00000	0.92872	-1.00000	-1.00000	0.92920	-1.00000	-1.00000	0.00119	-1.00000	-1.00000
21228	Gandy	Cluster	un	9435982	-0.00235	-1.00000	-1.00000	-0.00008	-1.00000	-1.00000	-0.00000	-1.00000	-1.00000	0.00004	-1.00000	-1.00000
21230	Gandy	Cluster	un	9436779	-0.00489	-1.00000	-1.00000	-0.00018	-1.00000	-1.00000	0.01104	-1.00000	-1.00000	0.00021	-1.00000	-1.00000
21238	Gandy	Cluster	un	9440735	-0.00315	-1.00000	-1.00000	-0.00013	-1.00000	-1.00000	0.00554	-1.00000	-1.00000	0.00042	-1.00000	-1.00000
21249	Gandy	Cluster	un	9445168	0.00561	-1.00000	-1.00000	0.00021	-1.00000	-1.00000	0.02159	-1.00000	-1.00000	0.00020	-1.00000	-1.00000
21251	Gandy	Cluster	un	9446018	0.10495	-1.00000	-1.00000	0.01335	-1.00000	-1.00000	0.05025	-1.00000	-1.00000	0.00032	-1.00000	-1.00000
21262	Gandy	Cluster	un	9449806	0.04067	-1.00000	-1.00000	0.00302	-1.00000	-1.00000	0.01050	-1.00000	-1.00000	0.00016	-1.00000	-1.00000
21273	Gandy	Cluster	un	9454309	-0.00000	-1.00000	-1.00000	-0.00000	-1.00000	-1.00000	-0.00000	-1.00000	-1.00000	0.00004	-1.00000	-1.00000
21279	Gandy	Cluster	un	9457431	0.10345	-1.00000	-1.00000	0.01567	-1.00000	-1.00000	0.01567	-1.00000	-1.00000	0.00015	-1.00000	-1.00000
21290	Gandy	Cluster	un	9461489	0.15903	-1.00000	-1.00000	0.04033	-1.00000	-1.00000	0.02983	-1.00000	-1.00000	0.00027	-1.00000	-1.00000
21296	Gandy	Cluster	un	9463274	-0.04160	-1.00000	-1.00000	-0.00347	-1.00000	-1.00000	-0.01045	-1.00000	-1.00000	0.00037	-1.00000	-1.00000
21302	Gandy	Cluster	un	9466571	0.10216	-1.00000	-1.00000	0.09862	-1.00000	-1.00000	0.10660	-1.00000	-1.00000	0.00071	-1.00000	-1.00000
21316	Gandy	Cluster	un	9473080	0.08538	-1.00000	-1.00000	0.01066	-1.00000	-1.00000	0.02205	-1.00000	-1.00000	0.00022	-1.00000	-1.00000
21318	Gandy	Cluster	un	9473888	0.03704	-1.00000	-1.00000	0.00284	-1.00000	-1.00000	-0.00227	-1.00000	-1.00000	0.00023	-1.00000	-1.00000
21329	Gandy	Cluster	un	9476363	0.33518	-1.00000	-1.00000	0.13430	-1.00000	-1.00000	0.18797	-1.00000	-1.00000	0.00051	-1.00000	-1.00000
21348	Gandy	Cluster	un	9482227	0.00000	-1.00000	-1.00000	0.00000	-1.00000	-1.00000	-0.00502	-1.00000	-1.00000	0.00018	-1.00000	-1.00000
21352	Gandy	Cluster	un	9483902	0.01863	-1.00000	-1.00000	0.00370	-1.00000	-1.00000	0.00005	-1.00000	-1.00000	0.00029	-1.00000	-1.00000
21357	Gandy	Cluster	un	9487168	0.71355	-1.00000	-1.00000	0.62879	-1.00000	-1.00000	0.63509	-1.00000	-1.00000	0.00095	-1.00000	-1.00000
21363	Gandy	Cluster	un	9491149	1.00000	-1.00000	-1.00000	1.00000	-1.00000	-1.00000	0.98731	-1.00000	-1.00000	0.00110	-1.00000	-1.00000
21367	Gandy	Cluster	un	9492803	0.14815	-1.00000	-1.00000	0.03120	-1.00000	-1.00000	0.03120	-1.00000	-1.00000	0.00021	-1.00000	-1.00000
21372	Gandy	Cluster	un	9495196	0.20818	-1.00000	-1.00000	0.05720	-1.00000	-1.00000	0.10217	-1.00000	-1.00000	0.00045	-1.00000	-1.00000
21382	Gandy	Cluster	un	9500194	0.37986	-1.00000	-1.00000	0.19396	-1.00000	-1.00000	0.19332	-1.00000	-1.00000	0.00046	-1.00000	-1.00000
21385	Gandy	Cluster	un	9502634	0.03448	-1.00000	-1.00000	0.00246	-1.00000	-1.00000	0.00246	-1.00000	-1.00000	0.00008	-1.00000	-1.00000
21387	Gandy	Cluster	un	9504222	-0.00000	-1.00000	-1.00000	-0.00000	-1.00000	-1.00000	-0.00000	-1.00000	-1.00000	0.00004	-1.00000	-1.00000
21397	Gandy	Cluster	un	9508910	0.06897	-1.00000	-1.00000	0.00760	-1.00000	-1.00000	0.00760	-1.00000	-1.00000	0.00012	-1.00000	-1.00000
21399	Gandy	Cluster	un	9510594	0.06920	-1.00000	-1.00000	0.00850	-1.00000	-1.00000	0.00265	-1.00000	-1.00000	0.00027	-1.00000	-1.00000
21405	Gandy	Cluster	un	9512997	0.00251	-1.00000	-1.00000	0.00009	-1.00000	-1.00000	-0.00000	-1.00000	-1.00000	0.00005	-1.00000	-1.00000
21412	Gandy	Cluster	un	9516827	-0.00489	-1.00000	-1.00000	-0.00018	-1.00000	-1.00000	0.01104	-1.00000	-1.00000	0.00019	-1.00000	-1.00000
21417	Gandy	Cluster	un	9519263	0.14147	-1.00000	-1.00000	0.03071	-1.00000	-1.00000	0.01546	-1.00000	-1.00000	0.00041	-1.00000	-1.00000
21423	Gandy	Cluster	un	9524061	0.16963	-1.00000	-1.00000	0.12278	-1.00000	-1.00000	0.10554	-1.00000	-1.00000	0.00075	-1.00000	-1.00000
21425	Gandy	Cluster	un	9524826	0.00656	-1.00000	-1.00000	0.00026	-1.00000	-1.00000	0.01989	-1.00000	-1.00000	0.00034	-1.00000	-1.00000
21428	Gandy	Cluster	un	9527248	0.14815	-1.00000	-1.00000	0.03120	-1.00000	-1.00000	0.04578	-1.00000	-1.00000	0.00030	-1.00000	-1.00000
21438	Gandy	Cluster	un	9531032	-0.03166	-1.00000	-1.00000	-0.03059	-1.00000	-1.00000	-0.00553	-1.00000	-1.00000	0.00065	-1.00000	-1.00000
21439	Gandy	Cluster	un	9531891	-0.02055	-1.00000	-1.00000	-0.00226	-1.00000	-1.00000	0.00300	-1.00000	-1.00000	0.00025	-1.00000	-1.00000
21440	Gandy	Cluster	un	9532530	-0.00000	-1.00000	-1.00000	-0.00000	-1.00000	-1.00000	-0.00000	-1.00000	-1.00000	0.00005	-1.00000	-1.00000
21453	Gandy	Cluster	un	9538060	-0.00012	-1.00000	-1.00000	-0.00004	-1.00000	-1.00000	0.03571	-1.00000	-1.00000	0.00048	-1.00000	-1.00000
21457	Gandy	Cluster	un	9540553	-0.00000	-1.00000	-1.00000	-0.00000	-1.00000	-1.00000	-0.00000	-1.00000	-1.00000	0.00004	-1.00000	-1.00000
21470	Gandy	Cluster	un	9545136	-0.00235	-1.00000	-1.00000	-0.00008	-1.00000	-1.00000	-0.00000	-1.00000	-1.00000	0.00004	-1.00000	-1.00000
21471	Gandy	Cluster	un	9545899	-0.03242	-1.00000	-1.00000	-0.00882	-1.00000	-1.00000	-0.00777	-1.00000	-1.00000	0.00032	-1.00000	-1.00000
21472	Gandy	Cluster	un	9546739	0.00000	-1.00000	-1.00000	0.00000	-1.00000	-1.00000	-0.00502	-1.00000	-1.00000	0.00019	-1.00000	-1.00000
21476	Gandy	Cluster	un	9549986	0.07875	-1.00000	-1.00000	0.00908	-1.00000	-1.00000	0.01894	-1.00000	-1.00000	0.00021	-1.00000	-1.00000
21486	Gandy	Cluster	un	9554742	0.06897	-1.00000	-1.00000	0.00760	-1.00000	-1.00000	0.00760	-1.00000	-1.00000	0.00012	-1.00000	-1.00000
21489	Gandy	Cluster	un	9555585	0.15194	-1.00000	-1.00000	0.02682	-1.00000	-1.00000	0.04215	-1.00000	-1.00000	0.00028	-1.00000	-1.00000
21496	Gandy	Cluster	un	9559517	0.04820	-1.00000	-1.00000	0.00374	-1.00000	-1.00000	0.01220	-1.00000	-1.00000	0.00017	-1.00000	-1.00000
21502	Gandy	Cluster	un	9561194	0.00000	-1.00000	-1.00000	0.00000	-1.00000	-1.00000	0.00508	-1.00000	-1.00000	0.00014	-1.00000	-1.00000
21504	Gandy	Cluster	un	9562733	0.00000	-1.00000	-1.00000	0.00000	-1.00000	-1.00000	-0.00000	-1.00000	-1.00000	0.00004	-1.00000	-1.00000
21516	Gandy	Cluster	un	9568470	0.79673	-1.00000	-1.00000	0.74868	-1.00000	-1.00000	0.74446	-1.00000	-1.00000	0.00102	-1.00000	-1.00000
21517	Gandy	Cluster	un	9569284	0.49171	-1.00000	-1.00000	0.44146	-1.00000	-1.00000	0.43363	-1.00000	-1.00000	0.00081	-1.00000	-1.00000
21520	Gandy	Cluster	un	9570811	0.31382	-1.00000	-1.00000	0.15465	-1.00000	-1.00000	0.12408	-1.00000	-1.00000	0.00070	-1.00000	-1.00000
21521	Gandy	Cluster	un	9571533	0.02760	-1.00000	-1.00000	0.00210	-1.00000	-1.00000	0.00883	-1.00000	-1.00000	0.00023	-1.00000	-1.00000
21525	Gandy	Cluster	un	9573207	0.00290	-1.00000	-1.00000	0.00011	-1.00000	-1.00000	0.02159	-1.00000	-1.00000	0.00021	-1.00000	-1.00000
21527	Gandy	Cluster	un	9574740	-0.03686	-1.00000	-1.00000	-0.00781	-1.00000	-1.00000	-0.01421	-1.00000	-1.00000	0.00033	-1.00000	-1.00000
21541	Gandy	Cluster	un	9578072	-0.00565	-1.00000	-1.00000	-0.00022	-1.00000	-1.00000	-0.00429	-1.00000	-1.00000	0.00027	-1.00000	-1.00000
21547	Gandy	Cluster	un	9581243	-0.00270	-1.00000	-1.00000	-0.00010	-1.00000	-1.00000	0.01069	-1.00000	-1.00000	0.00022	-1.00000	-1.00000
21551	Gandy	Cluster	un	9583635	0.24449	-1.00000	-1.00000	0.06949	-1.00000	-1.00000	0.11957	-1.00000	-1.00000	0.00045	-1.00000	-1.00000
21555	Gandy	Cluster	un	9585288	0.05704	-1.00000	-1.00000	0.04220	-1.00000	-1.00000	0.02871	-1.00000	-1.00000	0.00064	-1.00000	-1.00000
21556	Gandy	Cluster	un	9586119	0.00000	-1.00000	-1.00000	0.00000	-1.00000	-1.00000	-0.00000	-1.00000	-1.00000	0.00005	-1.00000	-1.00000
21566	Gandy	Cluster	un	9588525	0.12595	-1.00000	-1.00000	0.02599	-1.00000	-1.00000	0.02685	-1.00000	-1.00000	0.00021	-1.00000	-1.00000
21569	Gandy	Cluster	un	9589332	0.00561	-1.00000	-1.00000	0.00021	-1.00000	-1.00000	0.02159	-1.00000	-1.00000	0.00021	-1.00000	-1.00000
21571	Gandy	Cluster	un	9590134	-0.03986	-1.00000	-1.00000	-0.04151	-1.00000	-1.00000	-0.05272	-1.00000	-1.00000	0.00072	-1.00000	-1.00000
21583	Gandy	Cluster	un	9595788	0.38009	-1.00000	-1.00000	0.18506	-1.00000	-1.00000	0.20588	-1.00000	-1.00000	0.00056	-1.00000	-1.00000
21594	Gandy	Cluster	un	9601059	-0.00000	-1.00000	-1.00000	-0.00000	-1.00000	-1.00000	-0.00000	-1.00000	-1.00000	0.00004	-1.00000	-1.00000
21610	Gandy	Cluster	un	9606525	0.20690	-1.00000	-1.00000	0.05924	-1.00000	-1.00000	0.05924	-1.00000	-1.00000	0.00029	-1.00000	-1.00000
21612	Gandy	Cluster	un	9607326	0.05748	-1.00000	-1.00000	0.00467	-1.00000	-1.00000	0.06452	-1.00000	-1.00000	0.00033	-1.00000	-1.00000
21619	Gandy	Cluster	un	9610191	0.00340	-1.00000	-1.00000	0.00014	-1.00000	-1.00000	-0.00378	-1.00000	-1.00000	0.00036	-1.00000	-1.00000
21626	Gandy	Cluster	un	9614192	-0.00000	-1.00000	-1.00000	-0.00000	-1.00000	-1.00000	-0.00000	-1.00000	-1.00000	0.00004	-1.00000	-1.00000
21627	Gandy	Cluster	un	9615005	0.11672	-1.00000	-1.00000	0.01853	-1.00000	-1.00000	0.01818	-1.00000	-1.00000	0.00016	-1.00000	-1.00000
21637	Gandy	Cluster	un	9618289	-0.00270	-1.00000	-1.00000	-0.00010	-1.00000	-1.00000	-0.00488	-1.00000	-1.00000	0.00029	-1.00000	-1.00000
21638	Gandy	Cluster	un	9619026	0.44444	-1.00000	-1.00000	0.27807	-1.00000	-1.00000	0.27200	-1.00000	-1.00000	0.00061	-1.00000	-1.00000
21640	Gandy	Cluster	un	9619887	0.00561	-1.00000	-1.00000	0.00021	-1.00000	-1.00000	0.02159	-1.00000	-1.00000	0.00019	-1.00000	-1.00000
21644	Gandy	Cluster	un	9621521	0.00656	-1.00000	-1.00000	0.00026	-1.00000	-1.00000	0.01989	-1.00000	-1.00000	0.00031	-1.00000	-1.00000
21646	Gandy	Cluster	un	9623285	-0.02174	-1.00000	-1.00000	-0.01099	-1.00000	-1.00000	-0.01712	-1.00000	-1.00000	0.00065	-1.00000	-1.00000
21647	Gandy	Cluster	un	9624081	-0.03595	-1.00000	-1.00000	-0.00859	-1.00000	-1.00000	0.01136	-1.00000	-1.00000	0.00039	-1.00000	-1.00000
21650	Gandy	Cluster	un	9625623	-0.04017	-1.00000	-1.00000	-0.04133	-1.00000	-1.00000	-0.01220	-1.00000	-1.00000	0.00065	-1.00000	-1.00000
21653	Gandy	Cluster	un	9627278	0.00000	-1.00000	-1.00000	0.00000	-1.00000	-1.00000	-0.00502	-1.00000	-1.00000	0.00018	-1.00000	-1.00000
21654	Gandy	Cluster	un	9628129	-0.00000	-1.00000	-1.00000	-0.00000	-1.00000	-1.00000	-0.00000	-1.00000	-1.00000	0.00004	-1.00000	-1.00000
21664	Gandy	Cluster	un	9633597	0.03448	-1.00000	-1.00000	0.00246	-1.00000	-1.00000	0.00246	-1.00000	-1.00000	0.00008	-1.00000	-1.00000
21667	Gandy	Cluster	un	9634464	-0.00000	-1.00000	-1.00000	-0.00000	-1.00000	-1.00000	-0.00000	-1.00000	-1.00000	0.00004	-1.00000	-1.00000
21675	Gandy	Cluster	un	9637495	-0.03795	-1.00000	-1.00000	-0.00293	-1.00000	-1.00000	0.01733	-1.00000	-1.00000	0.00026	-1.00000	-1.00000
21699	Gandy	Cluster	un	9646119	0.00911	-1.00000	-1.00000	0.00417	-1.00000	-1.00000	0.00391	-1.00000	-1.00000	0.00041	-1.00000	-1.00000
21709	Gandy	Cluster	un	9650093	0.31382	-1.00000	-1.00000	0.15465	-1.00000	-1.00000	0.12408	-1.00000	-1.00000	0.00065	-1.00000	-1.00000
21715	Gandy	Cluster	un	9653202	0.10495	-1.00000	-1.00000	0.01335	-1.00000	-1.00000	0.05025	-1.00000	-1.00000	0.00029	-1.00000	-1.00000
21716	Gandy	Cluster	un	9654067	0.09834	-1.00000	-1.00000	0.01534	-1.00000	-1.00000	0.01567	-1.00000	-1.00000	0.00016	-1.00000	-1.00000
21724	Gandy	Cluster	un	9658045	0.10345	-1.00000	-1.00000	0.01567	-1.00000	-1.00000	0.01567	-1.00000	-1.00000	0.00024	-1.00000	-1.00000
21726	Gandy	Cluster	un	9658596	0.16296	-1.00000	-1.00000	0.15827	-1.00000	-1.00000	0.15099	-1.00000	-1.00000	0.00080	-1.00000	-1.00000
21727	Gandy	Cluster	un	9659340	0.02760	-1.00000	-1.00000	0.00210	-1.00000	-1.00000	0.00021	-1.00000	-1.00000	0.00017	-1.00000	-1.00000
21730	Gandy	Cluster	un	9660138	0.05692	-1.00000	-1.00000	0.05660	-1.00000	-1.00000	0.05678	-1.00000	-1.00000	0.00074	-1.00000	-1.00000
21741	Gandy	Cluster	un	9664116	0.08696	-1.00000	-1.00000	0.01227	-1.00000	-1.00000	-0.00578	-1.00000	-1.00000	0.00048	-1.00000	-1.00000
21742	Gandy	Cluster	un	9664943	0.29006	-1.00000	-1.00000	0.09910	-1.00000	-1.00000	0.18781	-1.00000	-1.00000	0.00046	-1.00000	-1.00000
21745	Gandy	Cluster	un	9667374	-0.00000	-1.00000	-1.00000	-0.00000	-1.00000	-1.00000	-0.01068	-1.00000	-1.00000	0.00035	-1.00000	-1.00000
21755	Gandy	Cluster	un	9672145	0.05748	-1.00000	-1.00000	0.00467	-1.00000	-1.00000	0.01434	-1.00000	-1.00000	0.00019	-1.00000	-1.00000
21763	Gandy	Cluster	un	9677018	0.34422	-1.00000	-1.00000	0.23795	-1.00000	-1.00000	0.20870	-1.00000	-1.00000	0.00072	-1.00000	-1.00000
21767	Gandy	Cluster	un	9677841	0.00340	-1.00000	-1.00000	0.00014	-1.00000	-1.00000	-0.00378	-1.00000	-1.00000	0.00038	-1.00000	-1.00000
21783	Gandy	Cluster	un	9683563	-0.00000	-1.00000	-1.00000	-0.00000	-1.00000	-1.00000	-0.00000	-1.00000	-1.00000	0.00004	-1.00000	-1.00000
21790	Gandy	Cluster	un	9686760	0.22677	-1.00000	-1.00000	0.06831	-1.00000	-1.00000	0.10932	-1.00000	-1.00000	0.00058	-1.00000	-1.00000
21791	Gandy	Cluster	un	9687494	0.06897	-1.00000	-1.00000	0.00760	-1.00000	-1.00000	0.00760	-1.00000	-1.00000	0.00012	-1.00000	-1.00000
21806	Gandy	Cluster	un	9693270	0.25744	-1.00000	-1.00000	0.08247	-1.00000	-1.00000	0.10158	-1.00000	-1.00000	0.00042	-1.00000	-1.00000
21822	Gandy	Cluster	un	9697841	0.06897	-1.00000	-1.00000	0.00760	-1.00000	-1.00000	0.00760	-1.00000	-1.00000	0.00012	-1.00000	-1.00000
21826	Gandy	Cluster	un	9699522	0.11111	-1.00000	-1.00000	0.01818	-1.00000	-1.00000	0.03064	-1.00000	-1.00000	0.00030	-1.00000	-1.00000
21827	Gandy	Cluster	un	9700199	0.04420	-1.00000	-1.00000	0.00354	-1.00000	-1.00000	0.00705	-1.00000	-1.00000	0.00031	-1.00000	-1.00000
21830	Gandy	Cluster	un	9701783	-0.04348	-1.00000	-1.00000	-0.00379	-1.00000	-1.00000	-0.02077	-1.00000	-1.00000	0.00044	-1.00000	-1.00000
21833	Gandy	Cluster	un	9703489	0.55413	-1.00000	-1.00000	0.38325	-1.00000	-1.00000	0.40087	-1.00000	-1.00000	0.00076	-1.00000	-1.00000
21835	Gandy	Cluster	un	9705085	0.00251	-1.00000	-1.00000	0.00009	-1.00000	-1.00000	-0.00000	-1.00000	-1.00000	0.00005	-1.00000	-1.00000
21845	Gandy	Cluster	un	9708458	-0.02245	-1.00000	-1.00000	-0.00238	-1.00000	-1.00000	-0.00238	-1.00000	-1.00000	0.00012	-1.00000	-1.00000
21847	Gandy	Cluster	un	9709255	0.06024	-1.00000	-1.00000	0.00707	-1.00000	-1.00000	0.00760	-1.00000	-1.00000	0.00013	-1.00000	-1.00000
21856	Gandy	Cluster	un	9713327	0.03448	-1.00000	-1.00000	0.00246	-1.00000	-1.00000	0.00246	-1.00000	-1.00000	0.00008	-1.00000	-1.00000
21857	Gandy	Cluster	un	9714124	0.70446	-1.00000	-1.00000	0.70533	-1.00000	-1.00000	0.70644	-1.00000	-1.00000	0.00088	-1.00000	-1.00000
21863	Gandy	Cluster	un	9716569	0.15194	-1.00000	-1.00000	0.02682	-1.00000	-1.00000	0.04215	-1.00000	-1.00000	0.00030	-1.00000	-1.00000
21867	Gandy	Cluster	un	9718201	0.09920	-1.00000	-1.00000	0.01304	-1.00000	-1.00000	0.04448	-1.00000	-1.00000	0.00042	-1.00000	-1.00000
21869	Gandy	Cluster	un	9719000	0.43113	-1.00000	-1.00000	0.44078	-1.00000	-1.00000	0.43536	-1.00000	-1.00000	0.00086	-1.00000	-1.00000
21874	Gandy	Cluster	un	9722280	0.13793	-1.00000	-1.00000	0.02685	-1.00000	-1.00000	0.02685	-1.00000	-1.00000	0.00018	-1.00000	-1.00000
21878	Gandy	Cluster	un	9723187	0.00000	-1.00000	-1.00000	0.00000	-1.00000	-1.00000	-0.00502	-1.00000	-1.00000	0.00020	-1.00000	-1.00000
21890	Gandy	Cluster	un	9731257	0.24000	-1.00000	-1.00000	0.08124	-1.00000	-1.00000	0.06290	-1.00000	-1.00000	0.00045	-1.00000	-1.00000
21891	Gandy	Cluster	un	9732077	0.11111	-1.00000	-1.00000	0.01818	-1.00000	-1.00000	0.01069	-1.00000	-1.00000	0.00025	-1.00000	-1.00000
21893	Gandy	Cluster	un	9733723	0.92552	-1.00000	-1.00000	0.91698	-1.00000	-1.00000	0.91922	-1.00000	-1.00000	0.00114	-1.00000	-1.00000
21896	Gandy	Cluster	un	9734541	0.15194	-1.00000	-1.00000	0.02682	-1.00000	-1.00000	0.06897	-1.00000	-1.00000	0.00047	-1.00000	-1.00000
21899	Gandy	Cluster	un	9736766	-0.00315	-1.00000	-1.00000	-0.00013	-1.00000	-1.00000	-0.01039	-1.00000	-1.00000	0.00037	-1.00000	-1.00000
21902	Gandy	Cluster	un	9737600	0.26765	-1.00000	-1.00000	0.10512	-1.00000	-1.00000	0.10573	-1.00000	-1.00000	0.00038	-1.00000	-1.00000
21903	Gandy	Cluster	un	9738397	0.03704	-1.00000	-1.00000	0.00284	-1.00000	-1.00000	-0.00227	-1.00000	-1.00000	0.00025	-1.00000	-1.00000
21908	Gandy	Cluster	un	9740814	-0.00565	-1.00000	-1.00000	-0.00022	-1.00000	-1.00000	0.00778	-1.00000	-1.00000	0.00032	-1.00000	-1.00000
21911	Gandy	Cluster	un	9741652	0.57286	-1.00000	-1.00000	0.47699	-1.00000	-1.00000	0.45460	-1.00000	-1.00000	0.00082	-1.00000	-1.00000
21933	Gandy	Cluster	un	9749427	0.15460	-1.00000	-1.00000	0.03162	-1.00000	-1.00000	0.04578	-1.00000	-1.00000	0.00029	-1.00000	-1.00000
21945	Gandy	Cluster	un	9753330	0.04067	-1.00000	-1.00000	0.00302	-1.00000	-1.00000	0.00284	-1.00000	-1.00000	0.00009	-1.00000	-1.00000
21963	Gandy	Cluster	un	9760497	0.05774	-1.00000	-1.00000	0.03611	-1.00000	-1.00000	0.02185	-1.00000	-1.00000	0.00066	-1.00000	-1.00000
21964	Gandy	Cluster	un	9761293	0.04000	-1.00000	-1.00000	0.00332	-1.00000	-1.00000	0.00545	-1.00000	-1.00000	0.00033	-1.00000	-1.00000
21966	Gandy	Cluster	un	9762052	0.37931	-1.00000	-1.00000	0.20183	-1.00000	-1.00000	0.20183	-1.00000	-1.00000	0.00049	-1.00000	-1.00000
21967	Gandy	Cluster	un	9762864	0.11111	-1.00000	-1.00000	0.01818	-1.00000	-1.00000	0.01069	-1.00000	-1.00000	0.00024	-1.00000	-1.00000
21977	Gandy	Cluster	un	9768530	-0.00270	-1.00000	-1.00000	-0.00010	-1.00000	-1.00000	-0.00488	-1.00000	-1.00000	0.00025	-1.00000	-1.00000
21986	Gandy	Cluster	un	9773439	0.48276	-1.00000	-1.00000	0.32558	-1.00000	-1.00000	0.32558	-1.00000	-1.00000	0.00066	-1.00000	-1.00000
21988	Gandy	Cluster	un	9774965	0.50844	-1.00000	-1.00000	0.37372	-1.00000	-1.00000	0.35055	-1.00000	-1.00000	0.00079	-1.00000	-1.00000
21992	Gandy	Cluster	un	9775747	-0.03684	-1.00000	-1.00000	-0.00273	-1.00000	-1.00000	0.01433	-1.00000	-1.00000	0.00024	-1.00000	-1.00000
21994	Gandy	Cluster	un	9776540	0.10345	-1.00000	-1.00000	0.01567	-1.00000	-1.00000	0.01567	-1.00000	-1.00000	0.00016	-1.00000	-1.00000
22002	Gandy	Cluster	un	9780772	0.40448	-1.00000	-1.00000	0.23974	-1.00000	-1.00000	0.22406	-1.00000	-1.00000	0.00059	-1.00000	-1.00000
22015	Gandy	Cluster	un	9784860	0.04067	-1.00000	-1.00000	0.00302	-1.00000	-1.00000	0.00284	-1.00000	-1.00000	0.00008	-1.00000	-1.00000
22038	Gandy	Cluster	un	9794654	0.07875	-1.00000	-1.00000	0.00908	-1.00000	-1.00000	0.01894	-1.00000	-1.00000	0.00023	-1.00000	-1.00000
22039	Gandy	Cluster	un	9795367	0.06897	-1.00000	-1.00000	0.00760	-1.00000	-1.00000	0.00760	-1.00000	-1.00000	0.00012	-1.00000	-1.00000
22040	Gandy	Cluster	un	9796188	0.11672	-1.00000	-1.00000	0.01853	-1.00000	-1.00000	0.01818	-1.00000	-1.00000	0.00020	-1.00000	-1.00000
22041	Gandy	Cluster	un	9796895	-0.00489	-1.00000	-1.00000	-0.00018	-1.00000	-1.00000	0.00029	-1.00000	-1.00000	0.00013	-1.00000	-1.00000
22042	Gandy	Cluster	un	9797659	0.01656	-1.00000	-1.00000	0.00284	-1.00000	-1.00000	0.03000	-1.00000	-1.00000	0.00043	-1.00000	-1.00000
22046	Gandy	Cluster	un	9799286	0.29006	-1.00000	-1.00000	0.09910	-1.00000	-1.00000	0.15157	-1.00000	-1.00000	0.00053	-1.00000	-1.00000
22055	Gandy	Cluster	un	9804068	-0.03921	-1.00000	-1.00000	-0.00654	-1.00000	-1.00000	-0.00660	-1.00000	-1.00000	0.00038	-1.00000	-1.00000
22075	Gandy	Cluster	un	9813615	0.00290	-1.00000	-1.00000	0.00011	-1.00000	-1.00000	0.00088	-1.00000	-1.00000	0.00024	-1.00000	-1.00000
22076	Gandy	Cluster	un	9814502	0.00290	-1.00000	-1.00000	0.00011	-1.00000	-1.00000	-0.00518	-1.00000	-1.00000	0.00020	-1.00000	-1.00000
22085	Gandy	Cluster	un	9817857	0.00561	-1.00000	-1.00000	0.00021	-1.00000	-1.00000	0.02159	-1.00000	-1.00000	0.00019	-1.00000	-1.00000
22101	Gandy	Cluster	un	9822526	0.00561	-1.00000	-1.00000	0.00021	-1.00000	-1.00000	0.02159	-1.00000	-1.00000	0.00021	-1.00000	-1.00000
22106	Gandy	Cluster	un	9824170	0.00891	-1.00000	-1.00000	0.00844	-1.00000	-1.00000	0.00796	-1.00000	-1.00000	0.00068	-1.00000	-1.00000
22109	Gandy	Cluster	un	9826489	-0.00000	-1.00000	-1.00000	-0.00000	-1.00000	-1.00000	-0.01068	-1.00000	-1.00000	0.00033	-1.00000	-1.00000
22113	Gandy	Cluster	un	9828194	0.21608	-1.00000	-1.00000	0.13642	-1.00000	-1.00000	0.12365	-1.00000	-1.00000	0.00060	-1.00000	-1.00000
22115	Gandy	Cluster	un	9829744	0.56499	-1.00000	-1.00000	0.42601	-1.00000	-1.00000	0.44051	-1.00000	-1.00000	0.00072	-1.00000	-1.00000
22122	Gandy	Cluster	un	9832248	-0.03511	-1.00000	-1.00000	-0.01747	-1.00000	-1.00000	-0.01338	-1.00000	-1.00000	0.00044	-1.00000	-1.00000
22129	Gandy	Cluster	un	9835596	0.11672	-1.00000	-1.00000	0.01853	-1.00000	-1.00000	0.01818	-1.00000	-1.00000	0.00017	-1.00000	-1.00000
22142	Gandy	Cluster	un	9841358	0.00951	-1.00000	-1.00000	0.00037	-1.00000	-1.00000	0.05121	-1.00000	-1.00000	0.00027	-1.00000	-1.00000
22145	Gandy	Cluster	un	9842208	0.11672	-1.00000	-1.00000	0.01853	-1.00000	-1.00000	0.03064	-1.00000	-1.00000	0.00025	-1.00000	-1.00000
22151	Gandy	Cluster	un	9845453	0.06897	-1.00000	-1.00000	0.00760	-1.00000	-1.00000	0.00760	-1.00000	-1.00000	0.00013	-1.00000	-1.00000
22153	Gandy	Cluster	un	9847078	-0.00000	-1.00000	-1.00000	-0.00000	-1.00000	-1.00000	-0.00000	-1.00000	-1.00000	0.00004	-1.00000	-1.00000
22160	Gandy	Cluster	un	9851057	0.07875	-1.00000	-1.00000	0.00908	-1.00000	-1.00000	0.00881	-1.00000	-1.00000	0.00017	-1.00000	-1.00000
22167	Gandy	Cluster	un	9853315	0.06897	-1.00000	-1.00000	0.00760	-1.00000	-1.00000	0.00760	-1.00000	-1.00000	0.00013	-1.00000	-1.00000
22172	Gandy	Cluster	un	9855705	0.06897	-1.00000	-1.00000	0.00760	-1.00000	-1.00000	0.00760	-1.00000	-1.00000	0.00011	-1.00000	-1.00000
22197	Gandy	Cluster	un	9865225	0.04838	-1.00000	-1.00000	0.00422	-1.00000	-1.00000	0.06452	-1.00000	-1.00000	0.00035	-1.00000	-1.00000
22201	Gandy	Cluster	un	9867660	0.04067	-1.00000	-1.00000	0.00302	-1.00000	-1.00000	0.00284	-1.00000	-1.00000	0.00009	-1.00000	-1.00000
22202	Gandy	Cluster	un	9868422	-0.00565	-1.00000	-1.00000	-0.00022	-1.00000	-1.00000	0.00778	-1.00000	-1.00000	0.00032	-1.00000	-1.00000
22208	Gandy	Cluster	un	9871577	0.10495	-1.00000	-1.00000	0.01335	-1.00000	-1.00000	0.08145	-1.00000	-1.00000	0.00038	-1.00000	-1.00000
22215	Gandy	Cluster	un	9874926	0.85020	-1.00000	-1.00000	0.82221	-1.00000	-1.00000	0.82468	-1.00000	-1.00000	0.00100	-1.00000	-1.00000
22216	Gandy	Cluster	un	9875788	0.04820	-1.00000	-1.00000	0.00374	-1.00000	-1.00000	0.01220	-1.00000	-1.00000	0.00025	-1.00000	-1.00000
22217	Gandy	Cluster	un	9876362	0.03448	-1.00000	-1.00000	0.00246	-1.00000	-1.00000	0.00246	-1.00000	-1.00000	0.00008	-1.00000	-1.00000
22224	Gandy	Cluster	un	9878008	0.07342	-1.00000	-1.00000	0.05271	-1.00000	-1.00000	0.06617	-1.00000	-1.00000	0.00056	-1.00000	-1.00000
22229	Gandy	Cluster	un	9879661	-0.03975	-1.00000	-1.00000	-0.00319	-1.00000	-1.00000	0.04125	-1.00000	-1.00000	0.00030	-1.00000	-1.00000
22234	Gandy	Cluster	un	9882924	0.15460	-1.00000	-1.00000	0.03162	-1.00000	-1.00000	0.04578	-1.00000	-1.00000	0.00029	-1.00000	-1.00000
22244	Gandy	Cluster	un	9886119	-0.00000	-1.00000	-1.00000	-0.00000	-1.00000	-1.00000	-0.00000	-1.00000	-1.00000	0.00004	-1.00000	-1.00000
22246	Gandy	Cluster	un	9887663	-0.00235	-1.00000	-1.00000	-0.00008	-1.00000	-1.00000	-0.00000	-1.00000	-1.00000	0.00004	-1.00000	-1.00000
22252	Gandy	Cluster	un	9891812	0.02912	-1.00000	-1.00000	0.00239	-1.00000	-1.00000	-0.00468	-1.00000	-1.00000	0.00030	-1.00000	-1.00000
22265	Gandy	Cluster	un	9895746	0.00340	-1.00000	-1.00000	0.00014	-1.00000	-1.00000	-0.00378	-1.00000	-1.00000	0.00038	-1.00000	-1.00000
22267	Gandy	Cluster	un	9896563	0.04067	-1.00000	-1.00000	0.00302	-1.00000	-1.00000	0.00284	-1.00000	-1.00000	0.00009	-1.00000	-1.00000
22280	Gandy	Cluster	un	9901433	0.48796	-1.00000	-1.00000	0.36966	-1.00000	-1.00000	0.35299	-1.00000	-1.00000	0.00076	-1.00000	-1.00000
22282	Gandy	Cluster	un	9902262	0.03448	-1.00000	-1.00000	0.00246	-1.00000	-1.00000	0.00246	-1.00000	-1.00000	0.00008	-1.00000	-1.00000
22288	Gandy	Cluster	un	9903902	0.62101	-1.00000	-1.00000	0.62822	-1.00000	-1.00000	0.61429	-1.00000	-1.00000	0.00095	-1.00000	-1.00000
22292	Gandy	Cluster	un	9904717	0.00468	-1.00000	-1.00000	0.00485	-1.00000	-1.00000	0.02825	-1.00000	-1.00000	0.00068	-1.00000	-1.00000
22297	Gandy	Cluster	un	9906385	0.11672	-1.00000	-1.00000	0.01853	-1.00000	-1.00000	0.03064	-1.00000	-1.00000	0.00024	-1.00000	-1.00000
22301	Gandy	Cluster	un	9908877	-0.03279	-1.00000	-1.00000	-0.00386	-1.00000	-1.00000	0.01179	-1.00000	-1.00000	0.00027	-1.00000	-1.00000
22305	Gandy	Cluster	un	9909736	0.06897	-1.00000	-1.00000	0.00760	-1.00000	-1.00000	0.00760	-1.00000	-1.00000	0.00011	-1.00000	-1.00000
22311	Gandy	Cluster	un	9912959	0.03448	-1.00000	-1.00000	0.00246	-1.00000	-1.00000	0.00246	-1.00000	-1.00000	0.00009	-1.00000	-1.00000
22318	Gandy	Cluster	un	9914546	0.00000	-1.00000	-1.00000	0.00000	-1.00000	-1.00000	-0.01241	-1.00000	-1.00000	0.00034	-1.00000	-1.00000
22319	Gandy	Cluster	un	9915363	-0.00000	-1.00000	-1.00000	-0.00000	-1.00000	-1.00000	-0.00000	-1.00000	-1.00000	0.00004	-1.00000	-1.00000
22337	Gandy	Cluster	un	9920303	-0.00767	-1.00000	-1.00000	-0.00029	-1.00000	-1.00000	0.01323	-1.00000	-1.00000	0.00026	-1.00000	-1.00000
22344	Gandy	Cluster	un	9923388	0.24138	-1.00000	-1.00000	0.08069	-1.00000	-1.00000	0.08069	-1.00000	-1.00000	0.00035	-1.00000	-1.00000
22349	Gandy	Cluster	un	9925640	0.58621	-1.00000	-1.00000	0.46789	-1.00000	-1.00000	0.46789	-1.00000	-1.00000	0.00064	-1.00000	-1.00000
22374	Gandy	Cluster	un	9934898	0.06897	-1.00000	-1.00000	0.00760	-1.00000	-1.00000	0.00760	-1.00000	-1.00000	0.00011	-1.00000	-1.00000
22377	Gandy	Cluster	un	9935782	0.10345	-1.00000	-1.00000	0.01567	-1.00000	-1.00000	0.01567	-1.00000	-1.00000	0.00016	-1.00000	-1.00000
22380	Gandy	Cluster	un	9937515	-0.00767	-1.00000	-1.00000	-0.00029	-1.00000	-1.00000	0.03472	-1.00000	-1.00000	0.00029	-1.00000	-1.00000
22385	Gandy	Cluster	un	9940635	0.06897	-1.00000	-1.00000	0.00760	-1.00000	-1.00000	0.00760	-1.00000	-1.00000	0.00012	-1.00000	-1.00000
22387	Gandy	Cluster	un	9942349	-0.00000	-1.00000	-1.00000	-0.00000	-1.00000	-1.00000	-0.00000	-1.00000	-1.00000	0.00004	-1.00000	-1.00000
22393	Gandy	Cluster	un	9944847	0.03704	-1.00000	-1.00000	0.00284	-1.00000	-1.00000	-0.00227	-1.00000	-1.00000	0.00024	-1.00000	-1.00000
22398	Gandy	Cluster	un	9947371	-0.00235	-1.00000	-1.00000	-0.00008	-1.00000	-1.00000	0.00008	-1.00000	-1.00000	0.00011	-1.00000	-1.00000
22402	Gandy	Cluster	un	9948225	0.04067	-1.00000	-1.00000	0.00302	-1.00000	-1.00000	0.01050	-1.00000	-1.00000	0.00016	-1.00000	-1.00000
22406	Gandy	Cluster	un	9949839	0.00000	-1.00000	-1.00000	0.00000	-1.00000	-1.00000	-0.00502	-1.00000	-1.00000	0.00019	-1.00000	-1.00000
22422	Gandy	Cluster	un	9956232	0.01656	-1.00000	-1.00000	0.00284	-1.00000	-1.00000	0.03000	-1.00000	-1.00000	0.00048	-1.00000	-1.00000
22423	Gandy	Cluster	un	9956976	-0.00235	-1.00000	-1.00000	-0.00008	-1.00000	-1.00000	0.00008	-1.00000	-1.00000	0.00012	-1.00000	-1.00000
22425	Gandy	Cluster	un	9957823	-0.00565	-1.00000	-1.00000	-0.00022	-1.00000	-1.00000	0.00778	-1.00000	-1.00000	0.00034	-1.00000	-1.00000
22426	Gandy	Cluster	un	9958614	0.00000	-1.00000	-1.00000	0.00000	-1.00000	-1.00000	-0.00502	-1.00000	-1.00000	0.00018	-1.00000	-1.00000
22429	Gandy	Cluster	un	9960253	0.09183	-1.00000	-1.00000	0.06238	-1.00000	-1.00000	0.05481	-1.00000	-1.00000	0.00059	-1.00000	-1.00000
22438	Gandy	Cluster	un	9964383	0.75862	-1.00000	-1.00000	0.71368	-1.00000	-1.00000	0.71368	-1.00000	-1.00000	0.00097	-1.00000	-1.00000
22445	Gandy	Cluster	un	9968284	0.40425	-1.00000	-1.00000	0.29091	-1.00000	-1.00000	0.27758	-1.00000	-1.00000	0.00056	-1.00000	-1.00000
22447	Gandy	Cluster	un	9969996	0.00251	-1.00000	-1.00000	0.00009	-1.00000	-1.00000	0.00508	-1.00000	-1.00000	0.00013	-1.00000	-1.00000
22450	Gandy	Cluster	un	9971703	0.00251	-1.00000	-1.00000	0.00009	-1.00000	-1.00000	0.00508	-1.00000	-1.00000	0.00013	-1.00000	-1.00000
22457	Gandy	Cluster	un	9974104	0.57626	-1.00000	-1.00000	0.44237	-1.00000	-1.00000	0.45887	-1.00000	-1.00000	0.00074	-1.00000	-1.00000
22461	Gandy	Cluster	un	9975738	0.08120	-1.00000	-1.00000	0.05531	-1.00000	-1.00000	0.09563	-1.00000	-1.00000	0.00064	-1.00000	-1.00000
22463	Gandy	Cluster	un	9976524	0.21608	-1.00000	-1.00000	0.05772	-1.00000	-1.00000	0.05660	-1.00000	-1.00000	0.00033	-1.00000	-1.00000
22468	Gandy	Cluster	un	9979730	0.20690	-1.00000	-1.00000	0.05924	-1.00000	-1.00000	0.05924	-1.00000	-1.00000	0.00029	-1.00000	-1.00000
22477	Gandy	Cluster	un	9982060	0.04838	-1.00000	-1.00000	0.00422	-1.00000	-1.00000	0.00323	-1.00000	-1.00000	0.00042	-1.00000	-1.00000
22481	Gandy	Cluster	un	9984473	-0.01519	-1.00000	-1.00000	-0.00977	-1.00000	-1.00000	-0.01655	-1.00000	-1.00000	0.00061	-1.00000	-1.00000
22502	Gandy	Cluster	un	9991523	0.00561	-1.00000	-1.00000	0.00021	-1.00000	-1.00000	0.02159	-1.00000	-1.00000	0.00022	-1.00000	-1.00000
22504	Gandy	Cluster	un	9992272	0.02760	-1.00000	-1.00000	0.00210	-1.00000	-1.00000	0.00021	-1.00000	-1.00000	0.00018	-1.00000	-1.00000
22510	Gandy	Cluster	un	9993820	0.10345	-1.00000	-1.00000	0.01567	-1.00000	-1.00000	0.01567	-1.00000	-1.00000	0.00016	-1.00000	-1.00000
22514	Gandy	Cluster	un	9994658	-0.03567	-1.00000	-1.00000	-0.00255	-1.00000	-1.00000	0.00018	-1.00000	-1.00000	0.00015	-1.00000	-1.00000
22515	Gandy	Cluster	un	9995540	0.34255	-1.00000	-1.00000	0.15689	-1.00000	-1.00000	0.17666	-1.00000	-1.00000	0.00048	-1.00000	-1.00000
22521	Gandy	Cluster	un	9998944	0.00290	-1.00000	-1.00000	0.00011	-1.00000	-1.00000	0.00088	-1.00000	-1.00000	0.00026	-1.00000	-1.00000
22541	Gandy	Cluster	un	10008905	-0.01123	-1.00000	-1.00000	-0.01166	-1.00000	-1.00000	0.04873	-1.00000	-1.00000	0.00075	-1.00000	-1.00000
22562	Gandy	Cluster	un	10018045	0.03320	-1.00000	-1.00000	0.00263	-1.00000	-1.00000	-0.00486	-1.00000	-1.00000	0.00026	-1.00000	-1.00000
22564	Gandy	Cluster	un	10019844	-0.00000	-1.00000	-1.00000	-0.00000	-1.00000	-1.00000	-0.01068	-1.00000	-1.00000	0.00030	-1.00000	-1.00000
22565	Gandy	Cluster	un	10020720	0.00290	-1.00000	-1.00000	0.00011	-1.00000	-1.00000	0.00088	-1.00000	-1.00000	0.00030	-1.00000	-1.00000
22576	Gandy	Cluster	un	10023887	0.05304	-1.00000	-1.00000	0.00446	-1.00000	-1.00000	0.01011	-1.00000	-1.00000	0.00032	-1.00000	-1.00000
22577	Gandy	Cluster	un	10024695	0.20690	-1.00000	-1.00000	0.05924	-1.00000	-1.00000	0.05924	-1.00000	-1.00000	0.00030	-1.00000	-1.00000
22582	Gandy	Cluster	un	10025484	0.00656	-1.00000	-1.00000	0.00026	-1.00000	-1.00000	0.00261	-1.00000	-1.00000	0.00027	-1.00000	-1.00000
22588	Gandy	Cluster	un	10027989	0.40000	-1.00000	-1.00000	0.22680	-1.00000	-1.00000	0.23827	-1.00000	-1.00000	0.00060	-1.00000	-1.00000
22591	Gandy	Cluster	un	10030489	0.00561	-1.00000	-1.00000	0.00021	-1.00000	-1.00000	0.02159	-1.00000	-1.00000	0.00022	-1.00000	-1.00000
22595	Gandy	Cluster	un	10032076	0.00561	-1.00000	-1.00000	0.00021	-1.00000	-1.00000	0.02159	-1.00000	-1.00000	0.00021	-1.00000	-1.00000
22609	Gandy	Cluster	un	10038253	0.09513	-1.00000	-1.00000	0.07968	-1.00000	-1.00000	0.08520	-1.00000	-1.00000	0.00070	-1.00000	-1.00000
22611	Gandy	Cluster	un	10039902	0.00251	-1.00000	-1.00000	0.00009	-1.00000	-1.00000	-0.00000	-1.00000	-1.00000	0.00004	-1.00000	-1.00000
22615	Gandy	Cluster	un	10041542	-0.00000	-1.00000	-1.00000	-0.00000	-1.00000	-1.00000	-0.01068	-1.00000	-1.00000	0.00033	-1.00000	-1.00000
22624	Gandy	Cluster	un	10046336	0.82245	-1.00000	-1.00000	0.80529	-1.00000	-1.00000	0.80358	-1.00000	-1.00000	0.00114	-1.00000	-1.00000
22625	Gandy	Cluster	un	10047076	0.11672	-1.00000	-1.00000	0.01853	-1.00000	-1.00000	0.03064	-1.00000	-1.00000	0.00027	-1.00000	-1.00000
22633	Gandy	Cluster	un	10053612	0.05698	-1.00000	-1.00000	0.03895	-1.00000	-1.00000	0.05409	-1.00000	-1.00000	0.00054	-1.00000	-1.00000
22643	Gandy	Cluster	un	10058533	0.39735	-1.00000	-1.00000	0.23331	-1.00000	-1.00000	0.22620	-1.00000	-1.00000	0.00067	-1.00000	-1.00000
22651	Gandy	Cluster	un	10064939	0.04000	-1.00000	-1.00000	0.00332	-1.00000	-1.00000	0.00545	-1.00000	-1.00000	0.00032	-1.00000	-1.00000
22656	Gandy	Cluster	un	10066518	0.26765	-1.00000	-1.00000	0.09455	-1.00000	-1.00000	0.11315	-1.00000	-1.00000	0.00039	-1.00000	-1.00000
22662	Gandy	Cluster	un	10067369	0.49055	-1.00000	-1.00000	0.32499	-1.00000	-1.00000	0.33530	-1.00000	-1.00000	0.00072	-1.00000	-1.00000
22667	Gandy	Cluster	un	10069716	0.11672	-1.00000	-1.00000	0.01853	-1.00000	-1.00000	0.01818	-1.00000	-1.00000	0.00020	-1.00000	-1.00000
22675	Gandy	Cluster	un	10073747	0.00561	-1.00000	-1.00000	0.00021	-1.00000	-1.00000	0.00589	-1.00000	-1.00000	0.00015	-1.00000	-1.00000
22676	Gandy	Cluster	un	10074451	0.68407	-1.00000	-1.00000	0.66849	-1.00000	-1.00000	0.66837	-1.00000	-1.00000	0.00097	-1.00000	-1.00000
22685	Gandy	Cluster	un	10079242	-0.00000	-1.00000	-1.00000	-0.00000	-1.00000	-1.00000	-0.00000	-1.00000	-1.00000	0.00004	-1.00000	-1.00000
22688	Gandy	Cluster	un	10080750	0.00251	-1.00000	-1.00000	0.00009	-1.00000	-1.00000	-0.00000	-1.00000	-1.00000	0.00005	-1.00000	-1.00000
22694	Gandy	Cluster	un	10083162	0.14147	-1.00000	-1.00000	0.03071	-1.00000	-1.00000	0.01546	-1.00000	-1.00000	0.00043	-1.00000	-1.00000
22697	Gandy	Cluster	un	10083920	0.00951	-1.00000	-1.00000	0.00037	-1.00000	-1.00000	0.02512	-1.00000	-1.00000	0.00021	-1.00000	-1.00000
22701	Gandy	Cluster	un	10086369	0.00251	-1.00000	-1.00000	0.00009	-1.00000	-1.00000	-0.00000	-1.00000	-1.00000	0.00005	-1.00000	-1.00000
22703	Gandy	Cluster	un	10087839	0.56499	-1.00000	-1.00000	0.42601	-1.00000	-1.00000	0.44051	-1.00000	-1.00000	0.00071	-1.00000	-1.00000
22704	Gandy	Cluster	un	10088681	0.61066	-1.00000	-1.00000	0.53036	-1.00000	-1.00000	0.52093	-1.00000	-1.00000	0.00094	-1.00000	-1.00000
22707	Gandy	Cluster	un	10089440	0.06173	-1.00000	-1.00000	0.05435	-1.00000	-1.00000	0.04728	-1.00000	-1.00000	0.00067	-1.00000	-1.00000
22708	Gandy	Cluster	un	10090248	0.35895	-1.00000	-1.00000	0.17354	-1.00000	-1.00000	0.17823	-1.00000	-1.00000	0.00064	-1.00000	-1.00000
22711	Gandy	Cluster	un	10091959	0.04067	-1.00000	-1.00000	0.00302	-1.00000	-1.00000	0.00284	-1.00000	-1.00000	0.00010	-1.00000	-1.00000
22713	Gandy	Cluster	un	10093524	0.24771	-1.00000	-1.00000	0.21615	-1.00000	-1.00000	0.19859	-1.00000	-1.00000	0.00079	-1.00000	-1.00000
22715	Gandy	Cluster	un	10095038	0.96424	-1.00000	-1.00000	0.96297	-1.00000	-1.00000	0.96315	-1.00000	-1.00000	0.00120	-1.00000	-1.00000
22721	Gandy	Cluster	un	10098225	0.13263	-1.00000	-1.00000	0.02215	-1.00000	-1.00000	0.03571	-1.00000	-1.00000	0.00026	-1.00000	-1.00000
22738	Gandy	Cluster	un	10106369	0.00340	-1.00000	-1.00000	0.00014	-1.00000	-1.00000	-0.01093	-1.00000	-1.00000	0.00032	-1.00000	-1.00000
22739	Gandy	Cluster	un	10107200	0.09054	-1.00000	-1.00000	0.01094	-1.00000	-1.00000	0.02205	-1.00000	-1.00000	0.00023	-1.00000	-1.00000
22744	Gandy	Cluster	un	10109692	-0.00565	-1.00000	-1.00000	-0.00022	-1.00000	-1.00000	0.00778	-1.00000	-1.00000	0.00032	-1.00000	-1.00000
22747	Gandy	Cluster	un	10110527	0.18519	-1.00000	-1.00000	0.04808	-1.00000	-1.00000	0.04260	-1.00000	-1.00000	0.00056	-1.00000	-1.00000
22755	Gandy	Cluster	un	10113609	0.06897	-1.00000	-1.00000	0.00760	-1.00000	-1.00000	0.00760	-1.00000	-1.00000	0.00013	-1.00000	-1.00000
22767	Gandy	Cluster	un	10117717	-0.00489	-1.00000	-1.00000	-0.00018	-1.00000	-1.00000	0.00029	-1.00000	-1.00000	0.00013	-1.00000	-1.00000
22769	Gandy	Cluster	un	10119316	0.45601	-1.00000	-1.00000	0.44359	-1.00000	-1.00000	0.46546	-1.00000	-1.00000	0.00086	-1.00000	-1.00000
22770	Gandy	Cluster	un	10120117	-0.00000	-1.00000	-1.00000	-0.00000	-1.00000	-1.00000	-0.00000	-1.00000	-1.00000	0.00004	-1.00000	-1.00000
22782	Gandy	Cluster	un	10127916	0.15741	-1.00000	-1.00000	0.16190	-1.00000	-1.00000	0.15446	-1.00000	-1.00000	0.00080	-1.00000	-1.00000
22785	Gandy	Cluster	un	10129526	0.80895	-1.00000	-1.00000	0.78929	-1.00000	-1.00000	0.77580	-1.00000	-1.00000	0.00107	-1.00000	-1.00000
22799	Gandy	Cluster	un	10136944	0.03704	-1.00000	-1.00000	0.00284	-1.00000	-1.00000	-0.00227	-1.00000	-1.00000	0.00023	-1.00000	-1.00000
22816	Gandy	Cluster	un	10143171	0.00290	-1.00000	-1.00000	0.00011	-1.00000	-1.00000	0.00589	-1.00000	-1.00000	0.00014	-1.00000	-1.00000
22824	Gandy	Cluster	un	10145657	0.11959	-1.00000	-1.00000	0.02546	-1.00000	-1.00000	0.03494	-1.00000	-1.00000	0.00041	-1.00000	-1.00000
22825	Gandy	Cluster	un	10146469	-0.00489	-1.00000	-1.00000	-0.00018	-1.00000	-1.00000	0.01104	-1.00000	-1.00000	0.00020	-1.00000	-1.00000
22827	Gandy	Cluster	un	10147296	-0.00489	-1.00000	-1.00000	-0.00018	-1.00000	-1.00000	0.01104	-1.00000	-1.00000	0.00020	-1.00000	-1.00000
22830	Gandy	Cluster	un	10148103	-0.00565	-1.00000	-1.00000	-0.00022	-1.00000	-1.00000	-0.00429	-1.00000	-1.00000	0.00031	-1.00000	-1.00000
22833	Gandy	Cluster	un	10150397	0.11111	-1.00000	-1.00000	0.01818	-1.00000	-1.00000	0.01818	-1.00000	-1.00000	0.00017	-1.00000	-1.00000
22838	Gandy	Cluster	un	10154569	0.64934	-1.00000	-1.00000	0.54767	-1.00000	-1.00000	0.55898	-1.00000	-1.00000	0.00084	-1.00000	-1.00000
22842	Gandy	Cluster	un	10155376	-0.02664	-1.00000	-1.00000	-0.00546	-1.00000	-1.00000	-0.01118	-1.00000	-1.00000	0.00038	-1.00000	-1.00000
22852	Gandy	Cluster	un	10160060	-0.00315	-1.00000	-1.00000	-0.00013	-1.00000	-1.00000	-0.01039	-1.00000	-1.00000	0.00040	-1.00000	-1.00000
22854	Gandy	Cluster	un	10160819	-0.00235	-1.00000	-1.00000	-0.00008	-1.00000	-1.00000	-0.00000	-1.00000	-1.00000	0.00004	-1.00000	-1.00000
22861	Gandy	Cluster	un	10164800	0.11334	-1.00000	-1.00000	0.11316	-1.00000	-1.00000	0.14126	-1.00000	-1.00000	0.00075	-1.00000	-1.00000
22866	Gandy	Cluster	un	10167902	0.24000	-1.00000	-1.00000	0.08124	-1.00000	-1.00000	0.06805	-1.00000	-1.00000	0.00057	-1.00000	-1.00000
22868	Gandy	Cluster	un	10169461	-0.00000	-1.00000	-1.00000	-0.00000	-1.00000	-1.00000	-0.00000	-1.00000	-1.00000	0.00004	-1.00000	-1.00000
22871	Gandy	Cluster	un	10171137	-0.00000	-1.00000	-1.00000	-0.00000	-1.00000	-1.00000	-0.00000	-1.00000	-1.00000	0.00005	-1.00000	-1.00000
22874	Gandy	Cluster	un	10171832	0.18240	-1.00000	-1.00000	0.04441	-1.00000	-1.00000	0.09204	-1.00000	-1.00000	0.00040	-1.00000	-1.00000
22880	Gandy	Cluster	un	10175056	0.00251	-1.00000	-1.00000	0.00009	-1.00000	-1.00000	0.00508	-1.00000	-1.00000	0.00012	-1.00000	-1.00000
22881	Gandy	Cluster	un	10175889	0.77404	-1.00000	-1.00000	0.71732	-1.00000	-1.00000	0.73065	-1.00000	-1.00000	0.00100	-1.00000	-1.00000
22905	Gandy	Cluster	un	10185506	0.00340	-1.00000	-1.00000	0.00014	-1.00000	-1.00000	-0.00378	-1.00000	-1.00000	0.00037	-1.00000	-1.00000
22908	Gandy	Cluster	un	10187100	-0.00235	-1.00000	-1.00000	-0.00008	-1.00000	-1.00000	0.00008	-1.00000	-1.00000	0.00011	-1.00000	-1.00000
22914	Gandy	Cluster	un	10190310	-0.03567	-1.00000	-1.00000	-0.00255	-1.00000	-1.00000	0.00018	-1.00000	-1.00000	0.00016	-1.00000	-1.00000
22916	Gandy	Cluster	un	10191922	0.06897	-1.00000	-1.00000	0.00760	-1.00000	-1.00000	0.00760	-1.00000	-1.00000	0.00012	-1.00000	-1.00000
22917	Gandy	Cluster	un	10192742	0.09920	-1.00000	-1.00000	0.01304	-1.00000	-1.00000	0.05025	-1.00000	-1.00000	0.00031	-1.00000	-1.00000
22918	Gandy	Cluster	un	10193553	-0.00235	-1.00000	-1.00000	-0.00008	-1.00000	-1.00000	0.00008	-1.00000	-1.00000	0.00012	-1.00000	-1.00000
22921	Gandy	Cluster	un	10195234	0.17774	-1.00000	-1.00000	0.04751	-1.00000	-1.00000	0.03528	-1.00000	-1.00000	0.00043	-1.00000	-1.00000
22930	Gandy	Cluster	un	10197704	1.00000	-1.00000	-1.00000	1.00000	-1.00000	-1.00000	1.00000	-1.00000	-1.00000	0.00122	-1.00000	-1.00000
22933	Gandy	Cluster	un	10199301	0.03114	-1.00000	-1.00000	0.00229	-1.00000	-1.00000	0.00246	-1.00000	-1.00000	0.00009	-1.00000	-1.00000
22935	Gandy	Cluster	un	10200875	0.23006	-1.00000	-1.00000	0.06951	-1.00000	-1.00000	0.08696	-1.00000	-1.00000	0.00039	-1.00000	-1.00000
22941	Gandy	Cluster	un	10203246	0.00951	-1.00000	-1.00000	0.00037	-1.00000	-1.00000	0.05121	-1.00000	-1.00000	0.00029	-1.00000	-1.00000
22943	Gandy	Cluster	un	10204062	0.09920	-1.00000	-1.00000	0.01304	-1.00000	-1.00000	0.04448	-1.00000	-1.00000	0.00041	-1.00000	-1.00000
22955	Gandy	Cluster	un	10208803	0.29630	-1.00000	-1.00000	0.12308	-1.00000	-1.00000	0.11732	-1.00000	-1.00000	0.00054	-1.00000	-1.00000
22959	Gandy	Cluster	un	10210297	-0.00489	-1.00000	-1.00000	-0.00018	-1.00000	-1.00000	0.00029	-1.00000	-1.00000	0.00013	-1.00000	-1.00000
22969	Gandy	Cluster	un	10215486	0.00561	-1.00000	-1.00000	0.00021	-1.00000	-1.00000	0.02159	-1.00000	-1.00000	0.00020	-1.00000	-1.00000
22972	Gandy	Cluster	un	10217088	0.06897	-1.00000	-1.00000	0.00760	-1.00000	-1.00000	0.00760	-1.00000	-1.00000	0.00012	-1.00000	-1.00000
22988	Gandy	Cluster	un	10220323	-0.02983	-1.00000	-1.00000	-0.01465	-1.00000	-1.00000	-0.01347	-1.00000	-1.00000	0.00055	-1.00000	-1.00000
22993	Gandy	Cluster	un	10221937	-0.00565	-1.00000	-1.00000	-0.00022	-1.00000	-1.00000	0.00778	-1.00000	-1.00000	0.00032	-1.00000	-1.00000
23003	Gandy	Cluster	un	10225178	0.07875	-1.00000	-1.00000	0.00908	-1.00000	-1.00000	0.01894	-1.00000	-1.00000	0.00018	-1.00000	-1.00000
23009	Gandy	Cluster	un	10230232	0.28712	-1.00000	-1.00000	0.12236	-1.00000	-1.00000	0.09969	-1.00000	-1.00000	0.00056	-1.00000	-1.00000
23012	Gandy	Cluster	un	10232643	0.24138	-1.00000	-1.00000	0.08069	-1.00000	-1.00000	0.08069	-1.00000	-1.00000	0.00033	-1.00000	-1.00000
23022	Gandy	Cluster	un	10237511	0.00656	-1.00000	-1.00000	0.00026	-1.00000	-1.00000	0.05121	-1.00000	-1.00000	0.00029	-1.00000	-1.00000
23027	Gandy	Cluster	un	10240434	0.70923	-1.00000	-1.00000	0.66526	-1.00000	-1.00000	0.66029	-1.00000	-1.00000	0.00104	-1.00000	-1.00000
23028	Gandy	Cluster	un	10241155	0.04498	-1.00000	-1.00000	0.03639	-1.00000	-1.00000	0.03577	-1.00000	-1.00000	0.00058	-1.00000	-1.00000
23030	Gandy	Cluster	un	10241953	-0.03795	-1.00000	-1.00000	-0.00293	-1.00000	-1.00000	0.01733	-1.00000	-1.00000	0.00026	-1.00000	-1.00000
23031	Gandy	Cluster	un	10242756	0.10570	-1.00000	-1.00000	0.08081	-1.00000	-1.00000	0.07406	-1.00000	-1.00000	0.00064	-1.00000	-1.00000
23042	Gandy	Cluster	un	10247636	0.16584	-1.00000	-1.00000	0.04086	-1.00000	-1.00000	0.03045	-1.00000	-1.00000	0.00032	-1.00000	-1.00000
23043	Gandy	Cluster	un	10248433	0.88322	-1.00000	-1.00000	0.88228	-1.00000	-1.00000	0.88301	-1.00000	-1.00000	0.00112	-1.00000	-1.00000
23047	Gandy	Cluster	un	10250922	0.07875	-1.00000	-1.00000	0.00908	-1.00000	-1.00000	0.01894	-1.00000	-1.00000	0.00020	-1.00000	-1.00000
23048	Gandy	Cluster	un	10251737	0.92839	-1.00000	-1.00000	0.92331	-1.00000	-1.00000	0.92388	-1.00000	-1.00000	0.00111	-1.00000	-1.00000
23060	Gandy	Cluster	un	10258079	0.15460	-1.00000	-1.00000	0.03162	-1.00000	-1.00000	0.03120	-1.00000	-1.00000	0.00023	-1.00000	-1.00000
23063	Gandy	Cluster	un	10258857	0.02203	-1.00000	-1.00000	0.00979	-1.00000	-1.00000	-0.00189	-1.00000	-1.00000	0.00060	-1.00000	-1.00000
23065	Gandy	Cluster	un	10260340	0.76261	-1.00000	-1.00000	0.68983	-1.00000	-1.00000	0.70652	-1.00000	-1.00000	0.00098	-1.00000	-1.00000
23072	Gandy	Cluster	un	10261872	0.00290	-1.00000	-1.00000	0.00011	-1.00000	-1.00000	0.00088	-1.00000	-1.00000	0.00034	-1.00000	-1.00000
23074	Gandy	Cluster	un	10263323	0.04348	-1.00000	-1.00000	0.00394	-1.00000	-1.00000	-0.01338	-1.00000	-1.00000	0.00045	-1.00000	-1.00000
23075	Gandy	Cluster	un	10264150	0.05304	-1.00000	-1.00000	0.00446	-1.00000	-1.00000	0.03024	-1.00000	-1.00000	0.00037	-1.00000	-1.00000
23077	Gandy	Cluster	un	10264969	0.06897	-1.00000	-1.00000	0.00760	-1.00000	-1.00000	0.00760	-1.00000	-1.00000	0.00012	-1.00000	-1.00000
23079	Gandy	Cluster	un	10265788	0.00951	-1.00000	-1.00000	0.00037	-1.00000	-1.00000	0.02512	-1.00000	-1.00000	0.00021	-1.00000	-1.00000
23082	Gandy	Cluster	un	10266634	-0.00000	-1.00000	-1.00000	-0.00000	-1.00000	-1.00000	-0.00000	-1.00000	-1.00000	0.00004	-1.00000	-1.00000
23084	Gandy	Cluster	un	10267424	-0.03684	-1.00000	-1.00000	-0.00273	-1.00000	-1.00000	0.00061	-1.00000	-1.00000	0.00017	-1.00000	-1.00000
23086	Gandy	Cluster	un	10269307	-0.03557	-1.00000	-1.00000	-0.03608	-1.00000	-1.00000	-0.03094	-1.00000	-1.00000	0.00068	-1.00000	-1.00000
23088	Gandy	Cluster	un	10270088	0.43479	-1.00000	-1.00000	0.40136	-1.00000	-1.00000	0.39447	-1.00000	-1.00000	0.00080	-1.00000	-1.00000
23118	Gandy	Cluster	un	10283443	0.04067	-1.00000	-1.00000	0.00302	-1.00000	-1.00000	0.00284	-1.00000	-1.00000	0.00009	-1.00000	-1.00000
23127	Gandy	Cluster	un	10287502	0.19009	-1.00000	-1.00000	0.08156	-1.00000	-1.00000	0.06890	-1.00000	-1.00000	0.00042	-1.00000	-1.00000
23132	Gandy	Cluster	un	10289988	-0.04145	-1.00000	-1.00000	-0.00721	-1.00000	-1.00000	0.03945	-1.00000	-1.00000	0.00037	-1.00000	-1.00000
23139	Gandy	Cluster	un	10292977	-0.00270	-1.00000	-1.00000	-0.00010	-1.00000	-1.00000	0.01069	-1.00000	-1.00000	0.00021	-1.00000	-1.00000
23143	Gandy	Cluster	un	10293756	-0.03587	-1.00000	-1.00000	-0.03720	-1.00000	-1.00000	-0.03931	-1.00000	-1.00000	0.00077	-1.00000	-1.00000
23167	Gandy	Cluster	un	10303972	0.10935	-1.00000	-1.00000	0.04339	-1.00000	-1.00000	0.08527	-1.00000	-1.00000	0.00051	-1.00000	-1.00000
23168	Gandy	Cluster	un	10304746	-0.01798	-1.00000	-1.00000	-0.00206	-1.00000	-1.00000	0.02071	-1.00000	-1.00000	0.00027	-1.00000	-1.00000
23174	Gandy	Cluster	un	10307257	0.17774	-1.00000	-1.00000	0.14993	-1.00000	-1.00000	0.15587	-1.00000	-1.00000	0.00067	-1.00000	-1.00000
23176	Gandy	Cluster	un	10308127	0.00561	-1.00000	-1.00000	0.00021	-1.00000	-1.00000	-0.00000	-1.00000	-1.00000	0.00005	-1.00000	-1.00000
23179	Gandy	Cluster	un	10309731	-0.00000	-1.00000	-1.00000	-0.00000	-1.00000	-1.00000	-0.00000	-1.00000	-1.00000	0.00005	-1.00000	-1.00000
23186	Gandy	Cluster	un	10312831	0.16737	-1.00000	-1.00000	0.03722	-1.00000	-1.00000	0.07867	-1.00000	-1.00000	0.00040	-1.00000	-1.00000
23193	Gandy	Cluster	un	10316084	0.21092	-1.00000	-1.00000	0.20952	-1.00000	-1.00000	0.23655	-1.00000	-1.00000	0.00075	-1.00000	-1.00000
23194	Gandy	Cluster	un	10316908	0.00951	-1.00000	-1.00000	0.00037	-1.00000	-1.00000	0.02512	-1.00000	-1.00000	0.00020	-1.00000	-1.00000
23203	Gandy	Cluster	un	10320248	-0.00315	-1.00000	-1.00000	-0.00013	-1.00000	-1.00000	-0.01039	-1.00000	-1.00000	0.00040	-1.00000	-1.00000
23205	Gandy	Cluster	un	10321018	-0.00000	-1.00000	-1.00000	-0.00000	-1.00000	-1.00000	-0.00050	-1.00000	-1.00000	0.00027	-1.00000	-1.00000
23207	Gandy	Cluster	un	10321827	-0.01338	-1.00000	-1.00000	-0.00931	-1.00000	-1.00000	0.06209	-1.00000	-1.00000	0.00072	-1.00000	-1.00000
23216	Gandy	Cluster	un	10328173	0.04000	-1.00000	-1.00000	0.00332	-1.00000	-1.00000	-0.00760	-1.00000	-1.00000	0.00038	-1.00000	-1.00000
23236	Gandy	Cluster	un	10337811	0.00340	-1.00000	-1.00000	0.00014	-1.00000	-1.00000	-0.01093	-1.00000	-1.00000	0.00031	-1.00000	-1.00000
23242	Gandy	Cluster	un	10340261	0.00000	-1.00000	-1.00000	0.00000	-1.00000	-1.00000	-0.00502	-1.00000	-1.00000	0.00020	-1.00000	-1.00000
23243	Gandy	Cluster	un	10341053	0.20690	-1.00000	-1.00000	0.05924	-1.00000	-1.00000	0.05924	-1.00000	-1.00000	0.00030	-1.00000	-1.00000
23244	Gandy	Cluster	un	10341832	0.00000	-1.00000	-1.00000	0.00000	-1.00000	-1.00000	-0.00683	-1.00000	-1.00000	0.00038	-1.00000	-1.00000
23245	Gandy	Cluster	un	10342658	0.07407	-1.00000	-1.00000	0.00881	-1.00000	-1.00000	0.00881	-1.00000	-1.00000	0.00013	-1.00000	-1.00000
23257	Gandy	Cluster	un	10348487	0.12382	-1.00000	-1.00000	0.07712	-1.00000	-1.00000	0.06899	-1.00000	-1.00000	0.00059	-1.00000	-1.00000
23267	Gandy	Cluster	un	10354002	0.18136	-1.00000	-1.00000	0.11244	-1.00000	-1.00000	0.11194	-1.00000	-1.00000	0.00051	-1.00000	-1.00000
23271	Gandy	Cluster	un	10356559	0.00951	-1.00000	-1.00000	0.00037	-1.00000	-1.00000	-0.00000	-1.00000	-1.00000	0.00005	-1.00000	-1.00000
23274	Gandy	Cluster	un	10358006	0.37016	-1.00000	-1.00000	0.20120	-1.00000	-1.00000	0.20183	-1.00000	-1.00000	0.00047	-1.00000	-1.00000
23281	Gandy	Cluster	un	10361169	0.08538	-1.00000	-1.00000	0.01066	-1.00000	-1.00000	0.01674	-1.00000	-1.00000	0.00034	-1.00000	-1.00000
23285	Gandy	Cluster	un	10363260	0.13263	-1.00000	-1.00000	0.02215	-1.00000	-1.00000	0.05900	-1.00000	-1.00000	0.00031	-1.00000	-1.00000
23291	Gandy	Cluster	un	10364975	0.00000	-1.00000	-1.00000	0.00000	-1.00000	-1.00000	-0.00502	-1.00000	-1.00000	0.00019	-1.00000	-1.00000
23293	Gandy	Cluster	un	10366522	-0.00489	-1.00000	-1.00000	-0.00018	-1.00000	-1.00000	0.01104	-1.00000	-1.00000	0.00021	-1.00000	-1.00000
23294	Gandy	Cluster	un	10367296	0.02760	-1.00000	-1.00000	0.00210	-1.00000	-1.00000	0.00246	-1.00000	-1.00000	0.00008	-1.00000	-1.00000
23318	Gandy	Cluster	un	10374415	0.25744	-1.00000	-1.00000	0.08247	-1.00000	-1.00000	0.10158	-1.00000	-1.00000	0.00040	-1.00000	-1.00000
23329	Gandy	Cluster	un	10378962	0.02382	-1.00000	-1.00000	0.00187	-1.00000	-1.00000	0.00246	-1.00000	-1.00000	0.00009	-1.00000	-1.00000
23330	Gandy	Cluster	un	10379731	0.03704	-1.00000	-1.00000	0.00284	-1.00000	-1.00000	-0.00227	-1.00000	-1.00000	0.00023	-1.00000	-1.00000
23337	Gandy	Cluster	un	10382064	-0.00315	-1.00000	-1.00000	-0.00013	-1.00000	-1.00000	-0.01039	-1.00000	-1.00000	0.00039	-1.00000	-1.00000
23347	Gandy	Cluster	un	10386912	0.44632	-1.00000	-1.00000	0.26978	-1.00000	-1.00000	0.32108	-1.00000	-1.00000	0.00057	-1.00000	-1.00000
23354	Gandy	Cluster	un	10388647	0.10778	-1.00000	-1.00000	0.10389	-1.00000	-1.00000	0.09480	-1.00000	-1.00000	0.00083	-1.00000	-1.00000
23362	Gandy	Cluster	un	10393572	0.06897	-1.00000	-1.00000	0.00760	-1.00000	-1.00000	0.00760	-1.00000	-1.00000	0.00012	-1.00000	-1.00000
23368	Gandy	Cluster	un	10396159	0.00251	-1.00000	-1.00000	0.00009	-1.00000	-1.00000	0.00508	-1.00000	-1.00000	0.00013	-1.00000	-1.00000
23378	Gandy	Cluster	un	10401101	0.05723	-1.00000	-1.00000	0.02545	-1.00000	-1.00000	0.02545	-1.00000	-1.00000	0.00040	-1.00000	-1.00000
23392	Gandy	Cluster	un	10405903	-0.00000	-1.00000	-1.00000	-0.00000	-1.00000	-1.00000	-0.00000	-1.00000	-1.00000	0.00004	-1.00000	-1.00000
23416	Gandy	Cluster	un	10414620	0.03448	-1.00000	-1.00000	0.00246	-1.00000	-1.00000	0.00246	-1.00000	-1.00000	0.00008	-1.00000	-1.00000
23418	Gandy	Cluster	un	10416263	0.03114	-1.00000	-1.00000	0.00229	-1.00000	-1.00000	0.00018	-1.00000	-1.00000	0.00017	-1.00000	-1.00000
23428	Gandy	Cluster	un	10419468	-0.00270	-1.00000	-1.00000	-0.00010	-1.00000	-1.00000	-0.00488	-1.00000	-1.00000	0.00027	-1.00000	-1.00000
23429	Gandy	Cluster	un	10420259	0.19238	-1.00000	-1.00000	0.04856	-1.00000	-1.00000	0.06452	-1.00000	-1.00000	0.00032	-1.00000	-1.00000
23430	Gandy	Cluster	un	10421094	0.08621	-1.00000	-1.00000	0.03641	-1.00000	-1.00000	0.01986	-1.00000	-1.00000	0.00053	-1.00000	-1.00000
23439	Gandy	Cluster	un	10425943	1.00000	-1.00000	-1.00000	1.00000	-1.00000	-1.00000	0.98269	-1.00000	-1.00000	0.00123	-1.00000	-1.00000
23447	Gandy	Cluster	un	10430670	0.03704	-1.00000	-1.00000	0.00284	-1.00000	-1.00000	-0.00227	-1.00000	-1.00000	0.00024	-1.00000	-1.00000
23467	Gandy	Cluster	un	10439351	0.04067	-1.00000	-1.00000	0.00302	-1.00000	-1.00000	0.01050	-1.00000	-1.00000	0.00017	-1.00000	-1.00000
23468	Gandy	Cluster	un	10440142	0.00656	-1.00000	-1.00000	0.00026	-1.00000	-1.00000	0.01989	-1.00000	-1.00000	0.00030	-1.00000	-1.00000
23474	Gandy	Cluster	un	10444383	0.03448	-1.00000	-1.00000	0.00246	-1.00000	-1.00000	0.00246	-1.00000	-1.00000	0.00008	-1.00000	-1.00000
23475	Gandy	Cluster	un	10445197	0.17241	-1.00000	-1.00000	0.04132	-1.00000	-1.00000	0.04132	-1.00000	-1.00000	0.00025	-1.00000	-1.00000
23490	Gandy	Cluster	un	10453111	0.21608	-1.00000	-1.00000	0.05772	-1.00000	-1.00000	0.10217	-1.00000	-1.00000	0.00046	-1.00000	-1.00000
23492	Gandy	Cluster	un	10453844	-0.00235	-1.00000	-1.00000	-0.00008	-1.00000	-1.00000	0.00008	-1.00000	-1.00000	0.00012	-1.00000	-1.00000
23495	Gandy	Cluster	un	10455459	-0.00270	-1.00000	-1.00000	-0.00010	-1.00000	-1.00000	-0.00488	-1.00000	-1.00000	0.00036	-1.00000	-1.00000
23518	Gandy	Cluster	un	10464160	0.92328	-1.00000	-1.00000	0.92328	-1.00000	-1.00000	0.92309	-1.00000	-1.00000	0.00105	-1.00000	-1.00000
23519	Gandy	Cluster	un	10465052	0.03448	-1.00000	-1.00000	0.00246	-1.00000	-1.00000	0.00246	-1.00000	-1.00000	0.00008	-1.00000	-1.00000
23525	Gandy	Cluster	un	10467551	0.23006	-1.00000	-1.00000	0.06951	-1.00000	-1.00000	0.08696	-1.00000	-1.00000	0.00037	-1.00000	-1.00000
23526	Gandy	Cluster	un	10468372	0.07436	-1.00000	-1.00000	0.00994	-1.00000	-1.00000	-0.00300	-1.00000	-1.00000	0.00039	-1.00000	-1.00000
23541	Gandy	Cluster	un	10475708	0.24138	-1.00000	-1.00000	0.08069	-1.00000	-1.00000	0.08069	-1.00000	-1.00000	0.00036	-1.00000	-1.00000
23544	Gandy	Cluster	un	10477239	0.06897	-1.00000	-1.00000	0.00760	-1.00000	-1.00000	0.00760	-1.00000	-1.00000	0.00012	-1.00000	-1.00000
23551	Gandy	Cluster	un	10482073	0.79673	-1.00000	-1.00000	0.74868	-1.00000	-1.00000	0.77021	-1.00000	-1.00000	0.00101	-1.00000	-1.00000
23555	Gandy	Cluster	un	10483684	0.30580	-1.00000	-1.00000	0.25643	-1.00000	-1.00000	0.23707	-1.00000	-1.00000	0.00073	-1.00000	-1.00000
23559	Gandy	Cluster	un	10485304	0.10345	-1.00000	-1.00000	0.01567	-1.00000	-1.00000	0.01567	-1.00000	-1.00000	0.00016	-1.00000	-1.00000
23561	Gandy	Cluster	un	10486988	-0.00000	-1.00000	-1.00000	-0.00000	-1.00000	-1.00000	-0.00000	-1.00000	-1.00000	0.00004	-1.00000	-1.00000
23566	Gandy	Cluster	un	10488623	0.17241	-1.00000	-1.00000	0.04132	-1.00000	-1.00000	0.04132	-1.00000	-1.00000	0.00026	-1.00000	-1.00000
23569	Gandy	Cluster	un	10491097	0.16584	-1.00000	-1.00000	0.04086	-1.00000	-1.00000	0.04132	-1.00000	-1.00000	0.00022	-1.00000	-1.00000
23577	Gandy	Cluster	un	10495901	0.32990	-1.00000	-1.00000	0.14561	-1.00000	-1.00000	0.19576	-1.00000	-1.00000	0.00054	-1.00000	-1.00000
23581	Gandy	Cluster	un	10499166	-0.00235	-1.00000	-1.00000	-0.00008	-1.00000	-1.00000	-0.00000	-1.00000	-1.00000	0.00004	-1.00000	-1.00000
23586	Gandy	Cluster	un	10502649	0.15903	-1.00000	-1.00000	0.04033	-1.00000	-1.00000	0.03023	-1.00000	-1.00000	0.00039	-1.00000	-1.00000
23591	Gandy	Cluster	un	10505069	0.05980	-1.00000	-1.00000	0.01533	-1.00000	-1.00000	0.01305	-1.00000	-1.00000	0.00042	-1.00000	-1.00000
23593	Gandy	Cluster	un	10505815	-0.02973	-1.00000	-1.00000	-0.01252	-1.00000	-1.00000	0.00075	-1.00000	-1.00000	0.00049	-1.00000	-1.00000
23598	Gandy	Cluster	un	10508162	0.10495	-1.00000	-1.00000	0.01335	-1.00000	-1.00000	0.05025	-1.00000	-1.00000	0.00032	-1.00000	-1.00000
23604	Gandy	Cluster	un	10511247	0.13263	-1.00000	-1.00000	0.02215	-1.00000	-1.00000	0.03571	-1.00000	-1.00000	0.00027	-1.00000	-1.00000
23605	Gandy	Cluster	un	10512037	0.04420	-1.00000	-1.00000	0.00354	-1.00000	-1.00000	0.03064	-1.00000	-1.00000	0.00023	-1.00000	-1.00000
23623	Gandy	Cluster	un	10519150	0.46785	-1.00000	-1.00000	0.27111	-1.00000	-1.00000	0.35334	-1.00000	-1.00000	0.00064	-1.00000	-1.00000
23636	Gandy	Cluster	un	10526531	0.09834	-1.00000	-1.00000	0.01534	-1.00000	-1.00000	0.01567	-1.00000	-1.00000	0.00015	-1.00000	-1.00000
23637	Gandy	Cluster	un	10527393	0.87557	-1.00000	-1.00000	0.87086	-1.00000	-1.00000	0.84461	-1.00000	-1.00000	0.00119	-1.00000	-1.00000
23638	Gandy	Cluster	un	10528149	0.82245	-1.00000	-1.00000	0.80529	-1.00000	-1.00000	0.80358	-1.00000	-1.00000	0.00105	-1.00000	-1.00000
23640	Gandy	Cluster	un	10528957	0.21092	-1.00000	-1.00000	0.20952	-1.00000	-1.00000	0.20844	-1.00000	-1.00000	0.00075	-1.00000	-1.00000
23647	Gandy	Cluster	un	10533023	0.02760	-1.00000	-1.00000	0.00210	-1.00000	-1.00000	0.00883	-1.00000	-1.00000	0.00025	-1.00000	-1.00000
23648	Gandy	Cluster	un	10533792	0.31034	-1.00000	-1.00000	0.13433	-1.00000	-1.00000	0.13433	-1.00000	-1.00000	0.00042	-1.00000	-1.00000
23653	Gandy	Cluster	un	10536356	0.14504	-1.00000	-1.00000	0.02643	-1.00000	-1.00000	0.04215	-1.00000	-1.00000	0.00029	-1.00000	-1.00000
23662	Gandy	Cluster	un	10539538	0.00290	-1.00000	-1.00000	0.00011	-1.00000	-1.00000	0.00088	-1.00000	-1.00000	0.00024	-1.00000	-1.00000
23664	Gandy	Cluster	un	10540417	0.04067	-1.00000	-1.00000	0.00302	-1.00000	-1.00000	0.01050	-1.00000	-1.00000	0.00018	-1.00000	-1.00000
23667	Gandy	Cluster	un	10541922	0.32990	-1.00000	-1.00000	0.14561	-1.00000	-1.00000	0.14487	-1.00000	-1.00000	0.00042	-1.00000	-1.00000
23676	Gandy	Cluster	un	10544349	0.04067	-1.00000	-1.00000	0.00302	-1.00000	-1.00000	0.01050	-1.00000	-1.00000	0.00018	-1.00000	-1.00000
23684	Gandy	Cluster	un	10547955	0.26765	-1.00000	-1.00000	0.09455	-1.00000	-1.00000	0.09396	-1.00000	-1.00000	0.00034	-1.00000	-1.00000
23685	Gandy	Cluster	un	10548791	0.06897	-1.00000	-1.00000	0.00760	-1.00000	-1.00000	0.00760	-1.00000	-1.00000	0.00012	-1.00000	-1.00000
23687	Gandy	Cluster	un	10549643	0.01437	-1.00000	-1.00000	0.00780	-1.00000	-1.00000	0.01407	-1.00000	-1.00000	0.00066	-1.00000	-1.00000
23690	Gandy	Cluster	un	10550365	0.23006	-1.00000	-1.00000	0.06951	-1.00000	-1.00000	0.08696	-1.00000	-1.00000	0.00035	-1.00000	-1.00000
23691	Gandy	Cluster	un	10551217	0.41707	-1.00000	-1.00000	0.23467	-1.00000	-1.00000	0.23404	-1.00000	-1.00000	0.00054	-1.00000	-1.00000
23707	Gandy	Cluster	un	10554344	0.15460	-1.00000	-1.00000	0.03162	-1.00000	-1.00000	0.04578	-1.00000	-1.00000	0.00029	-1.00000	-1.00000
23708	Gandy	Cluster	un	10555156	-0.00489	-1.00000	-1.00000	-0.00018	-1.00000	-1.00000	0.01104	-1.00000	-1.00000	0.00021	-1.00000	-1.00000
23715	Gandy	Cluster	un	10558187	0.26765	-1.00000	-1.00000	0.09455	-1.00000	-1.00000	0.09396	-1.00000	-1.00000	0.00035	-1.00000	-1.00000
23717	Gandy	Cluster	un	10559013	-0.03317	-1.00000	-1.00000	-0.02305	-1.00000	-1.00000	-0.03459	-1.00000	-1.00000	0.00064	-1.00000	-1.00000
23719	Gandy	Cluster	un	10560720	0.15460	-1.00000	-1.00000	0.03162	-1.00000	-1.00000	0.04578	-1.00000	-1.00000	0.00030	-1.00000	-1.00000
23738	Gandy	Cluster	un	10569313	0.00000	-1.00000	-1.00000	0.00000	-1.00000	-1.00000	0.00508	-1.00000	-1.00000	0.00011	-1.00000	-1.00000
23744	Gandy	Cluster	un	10571680	0.27586	-1.00000	-1.00000	0.10573	-1.00000	-1.00000	0.10573	-1.00000	-1.00000	0.00039	-1.00000	-1.00000
23747	Gandy	Cluster	un	10574118	0.10040	-1.00000	-1.00000	0.07550	-1.00000	-1.00000	0.08279	-1.00000	-1.00000	0.00067	-1.00000	-1.00000
23748	Gandy	Cluster	un	10574936	-0.00767	-1.00000	-1.00000	-0.00029	-1.00000	-1.00000	0.01323	-1.00000	-1.00000	0.00021	-1.00000	-1.00000
23759	Gandy	Cluster	un	10578909	0.06024	-1.00000	-1.00000	0.00707	-1.00000	-1.00000	0.00286	-1.00000	-1.00000	0.00021	-1.00000	-1.00000
23769	Gandy	Cluster	un	10583080	-0.00000	-1.00000	-1.00000	-0.00000	-1.00000	-1.00000	-0.00000	-1.00000	-1.00000	0.00004	-1.00000	-1.00000
23773	Gandy	Cluster	un	10584694	0.04067	-1.00000	-1.00000	0.00302	-1.00000	-1.00000	0.00284	-1.00000	-1.00000	0.00008	-1.00000	-1.00000
23775	Gandy	Cluster	un	10586332	0.04067	-1.00000	-1.00000	0.00302	-1.00000	-1.00000	0.01050	-1.00000	-1.00000	0.00016	-1.00000	-1.00000
23778	Gandy	Cluster	un	10587914	-0.02235	-1.00000	-1.00000	-0.00580	-1.00000	-1.00000	-0.01174	-1.00000	-1.00000	0.00042	-1.00000	-1.00000
23783	Gandy	Cluster	un	10591126	0.00290	-1.00000	-1.00000	0.00011	-1.00000	-1.00000	-0.00000	-1.00000	-1.00000	0.00004	-1.00000	-1.00000
23784	Gandy	Cluster	un	10592004	0.00251	-1.00000	-1.00000	0.00009	-1.00000	-1.00000	-0.00000	-1.00000	-1.00000	0.00005	-1.00000	-1.00000
23785	Gandy	Cluster	un	10592777	0.00290	-1.00000	-1.00000	0.00011	-1.00000	-1.00000	-0.00518	-1.00000	-1.00000	0.00020	-1.00000	-1.00000
23791	Gandy	Cluster	un	10596814	-0.03684	-1.00000	-1.00000	-0.00273	-1.00000	-1.00000	0.01433	-1.00000	-1.00000	0.00024	-1.00000	-1.00000
23799	Gandy	Cluster	un	10599176	0.06759	-1.00000	-1.00000	0.06691	-1.00000	-1.00000	0.04990	-1.00000	-1.00000	0.00076	-1.00000	-1.00000
23804	Gandy	Cluster	un	10601647	0.04820	-1.00000	-1.00000	0.00374	-1.00000	-1.00000	0.03064	-1.00000	-1.00000	0.00026	-1.00000	-1.00000
23811	Gandy	Cluster	un	10603210	0.67496	-1.00000	-1.00000	0.58491	-1.00000	-1.00000	0.59409	-1.00000	-1.00000	0.00087	-1.00000	-1.00000
23819	Gandy	Cluster	un	10607272	0.00340	-1.00000	-1.00000	0.00014	-1.00000	-1.00000	-0.00378	-1.00000	-1.00000	0.00040	-1.00000	-1.00000
23822	Gandy	Cluster	un	10608937	0.10345	-1.00000	-1.00000	0.01567	-1.00000	-1.00000	0.01567	-1.00000	-1.00000	0.00016	-1.00000	-1.00000
23827	Gandy	Cluster	un	10612036	0.03448	-1.00000	-1.00000	0.00246	-1.00000	-1.00000	0.00246	-1.00000	-1.00000	0.00008	-1.00000	-1.00000
23829	Gandy	Cluster	un	10613585	0.00561	-1.00000	-1.00000	0.00021	-1.00000	-1.00000	0.00589	-1.00000	-1.00000	0.00013	-1.00000	-1.00000
23830	Gandy	Cluster	un	10614385	0.00340	-1.00000	-1.00000	0.00014	-1.00000	-1.00000	-0.01093	-1.00000	-1.00000	0.00037	-1.00000	-1.00000
23833	Gandy	Cluster	un	10615904	0.07556	-1.00000	-1.00000	0.06502	-1.00000	-1.00000	0.05691	-1.00000	-1.00000	0.00066	-1.00000	-1.00000
23839	Gandy	Cluster	un	10618163	0.00251	-1.00000	-1.00000	0.00009	-1.00000	-1.00000	-0.00000	-1.00000	-1.00000	0.00004	-1.00000	-1.00000
23844	Gandy	Cluster	un	10621329	0.00251	-1.00000	-1.00000	0.00009	-1.00000	-1.00000	-0.00000	-1.00000	-1.00000	0.00004	-1.00000	-1.00000
23853	Gandy	Cluster	un	10626394	0.13263	-1.00000	-1.00000	0.02215	-1.00000	-1.00000	0.03571	-1.00000	-1.00000	0.00027	-1.00000	-1.00000
23854	Gandy	Cluster	un	10627186	0.26765	-1.00000	-1.00000	0.09455	-1.00000	-1.00000	0.11315	-1.00000	-1.00000	0.00042	-1.00000	-1.00000
23860	Gandy	Cluster	un	10630448	-0.00000	-1.00000	-1.00000	-0.00000	-1.00000	-1.00000	-0.00000	-1.00000	-1.00000	0.00004	-1.00000	-1.00000
23861	Gandy	Cluster	un	10631298	0.04067	-1.00000	-1.00000	0.00302	-1.00000	-1.00000	0.00284	-1.00000	-1.00000	0.00008	-1.00000	-1.00000
23871	Gandy	Cluster	un	10636428	0.03448	-1.00000	-1.00000	0.00246	-1.00000	-1.00000	0.00246	-1.00000	-1.00000	0.00010	-1.00000	-1.00000
23876	Gandy	Cluster	un	10638730	0.26604	-1.00000	-1.00000	0.13131	-1.00000	-1.00000	0.14997	-1.00000	-1.00000	0.00049	-1.00000	-1.00000
23881	Gandy	Cluster	un	10640376	0.95826	-1.00000	-1.00000	0.95653	-1.00000	-1.00000	0.93881	-1.00000	-1.00000	0.00109	-1.00000	-1.00000
23888	Gandy	Cluster	un	10644395	0.88889	-1.00000	-1.00000	0.88106	-1.00000	-1.00000	0.88227	-1.00000	-1.00000	0.00109	-1.00000	-1.00000
23895	Gandy	Cluster	un	10647573	0.07875	-1.00000	-1.00000	0.00908	-1.00000	-1.00000	0.00881	-1.00000	-1.00000	0.00013	-1.00000	-1.00000
23897	Gandy	Cluster	un	10649180	0.29006	-1.00000	-1.00000	0.09910	-1.00000	-1.00000	0.18781	-1.00000	-1.00000	0.00051	-1.00000	-1.00000
23901	Gandy	Cluster	un	10650038	-0.00000	-1.00000	-1.00000	-0.00000	-1.00000	-1.00000	-0.00050	-1.00000	-1.00000	0.00027	-1.00000	-1.00000
23903	Gandy	Cluster	un	10650852	0.25744	-1.00000	-1.00000	0.08247	-1.00000	-1.00000	0.10158	-1.00000	-1.00000	0.00042	-1.00000	-1.00000
23905	Gandy	Cluster	un	10651615	0.21608	-1.00000	-1.00000	0.05772	-1.00000	-1.00000	0.10217	-1.00000	-1.00000	0.00042	-1.00000	-1.00000
23908	Gandy	Cluster	un	10653216	0.06897	-1.00000	-1.00000	0.00760	-1.00000	-1.00000	0.00760	-1.00000	-1.00000	0.00013	-1.00000	-1.00000
23921	Gandy	Cluster	un	10658786	0.00251	-1.00000	-1.00000	0.00009	-1.00000	-1.00000	0.00508	-1.00000	-1.00000	0.00013	-1.00000	-1.00000
23935	Gandy	Cluster	un	10666753	0.75199	-1.00000	-1.00000	0.71352	-1.00000	-1.00000	0.70985	-1.00000	-1.00000	0.00088	-1.00000	-1.00000
23936	Gandy	Cluster	un	10667643	0.15460	-1.00000	-1.00000	0.03162	-1.00000	-1.00000	0.04578	-1.00000	-1.00000	0.00028	-1.00000	-1.00000
23947	Gandy	Cluster	un	10675467	0.15460	-1.00000	-1.00000	0.03162	-1.00000	-1.00000	0.04578	-1.00000	-1.00000	0.00030	-1.00000	-1.00000
23951	Gandy	Cluster	un	10676246	0.18841	-1.00000	-1.00000	0.15854	-1.00000	-1.00000	0.13984	-1.00000	-1.00000	0.00074	-1.00000	-1.00000
23955	Gandy	Cluster	un	10677074	0.00290	-1.00000	-1.00000	0.00011	-1.00000	-1.00000	0.00088	-1.00000	-1.00000	0.00027	-1.00000	-1.00000
23958	Gandy	Cluster	un	10678747	-0.03448	-1.00000	-1.00000	-0.01959	-1.00000	-1.00000	-0.01959	-1.00000	-1.00000	0.00041	-1.00000	-1.00000
23962	Gandy	Cluster	un	10680382	0.00951	-1.00000	-1.00000	0.00037	-1.00000	-1.00000	0.05121	-1.00000	-1.00000	0.00027	-1.00000	-1.00000
23967	Gandy	Cluster	un	10682894	-0.00000	-1.00000	-1.00000	-0.00000	-1.00000	-1.00000	-0.00050	-1.00000	-1.00000	0.00026	-1.00000	-1.00000
23971	Gandy	Cluster	un	10686103	0.11111	-1.00000	-1.00000	0.01818	-1.00000	-1.00000	0.03064	-1.00000	-1.00000	0.00028	-1.00000	-1.00000
23979	Gandy	Cluster	un	10689278	-0.00235	-1.00000	-1.00000	-0.00008	-1.00000	-1.00000	0.00008	-1.00000	-1.00000	0.00011	-1.00000	-1.00000
23981	Gandy	Cluster	un	10691040	0.00251	-1.00000	-1.00000	0.00009	-1.00000	-1.00000	0.00508	-1.00000	-1.00000	0.00013	-1.00000	-1.00000
23983	Gandy	Cluster	un	10692546	0.09054	-1.00000	-1.00000	0.01094	-1.00000	-1.00000	0.04304	-1.00000	-1.00000	0.00030	-1.00000	-1.00000
23993	Gandy	Cluster	un	10698483	0.84000	-1.00000	-1.00000	0.82206	-1.00000	-1.00000	0.80823	-1.00000	-1.00000	0.00111	-1.00000	-1.00000
23998	Gandy	Cluster	un	10700681	0.03704	-1.00000	-1.00000	0.00284	-1.00000	-1.00000	-0.00227	-1.00000	-1.00000	0.00022	-1.00000	-1.00000
24001	Gandy	Cluster	un	10703093	0.64934	-1.00000	-1.00000	0.54767	-1.00000	-1.00000	0.54877	-1.00000	-1.00000	0.00087	-1.00000	-1.00000
24013	Gandy	Cluster	un	10709558	0.17448	-1.00000	-1.00000	0.03767	-1.00000	-1.00000	0.07867	-1.00000	-1.00000	0.00037	-1.00000	-1.00000
24017	Gandy	Cluster	un	10710359	-0.03684	-1.00000	-1.00000	-0.00273	-1.00000	-1.00000	0.01433	-1.00000	-1.00000	0.00025	-1.00000	-1.00000
24020	Gandy	Cluster	un	10712469	0.21739	-1.00000	-1.00000	0.06757	-1.00000	-1.00000	0.11957	-1.00000	-1.00000	0.00045	-1.00000	-1.00000
24035	Gandy	Cluster	un	10719349	-0.00000	-1.00000	-1.00000	-0.00000	-1.00000	-1.00000	-0.00000	-1.00000	-1.00000	0.00007	-1.00000	-1.00000
24036	Gandy	Cluster	un	10719858	0.10345	-1.00000	-1.00000	0.01567	-1.00000	-1.00000	0.01567	-1.00000	-1.00000	0.00017	-1.00000	-1.00000
24041	Gandy	Cluster	un	10722215	0.78194	-1.00000	-1.00000	0.78713	-1.00000	-1.00000	0.79200	-1.00000	-1.00000	0.00110	-1.00000	-1.00000
24042	Gandy	Cluster	un	10722989	0.44912	-1.00000	-1.00000	0.44616	-1.00000	-1.00000	0.45180	-1.00000	-1.00000	0.00086	-1.00000	-1.00000
24044	Gandy	Cluster	un	10724611	-0.00489	-1.00000	-1.00000	-0.00018	-1.00000	-1.00000	0.01104	-1.00000	-1.00000	0.00021	-1.00000	-1.00000
24046	Gandy	Cluster	un	10726139	-0.03567	-1.00000	-1.00000	-0.00255	-1.00000	-1.00000	0.00018	-1.00000	-1.00000	0.00017	-1.00000	-1.00000
24048	Gandy	Cluster	un	10727717	0.04067	-1.00000	-1.00000	0.00302	-1.00000	-1.00000	0.01050	-1.00000	-1.00000	0.00016	-1.00000	-1.00000
24053	Gandy	Cluster	un	10731090	0.00951	-1.00000	-1.00000	0.00037	-1.00000	-1.00000	0.05121	-1.00000	-1.00000	0.00028	-1.00000	-1.00000
24057	Gandy	Cluster	un	10731919	-0.00315	-1.00000	-1.00000	-0.00013	-1.00000	-1.00000	0.00554	-1.00000	-1.00000	0.00034	-1.00000	-1.00000
24061	Gandy	Cluster	un	10733520	-0.00489	-1.00000	-1.00000	-0.00018	-1.00000	-1.00000	0.00029	-1.00000	-1.00000	0.00013	-1.00000	-1.00000
24068	Gandy	Cluster	un	10735959	0.69552	-1.00000	-1.00000	0.63731	-1.00000	-1.00000	0.63045	-1.00000	-1.00000	0.00090	-1.00000	-1.00000
24077	Gandy	Cluster	un	10739233	0.11329	-1.00000	-1.00000	0.02085	-1.00000	-1.00000	0.05900	-1.00000	-1.00000	0.00033	-1.00000	-1.00000
24081	Gandy	Cluster	un	10741048	0.40464	-1.00000	-1.00000	0.39563	-1.00000	-1.00000	0.40283	-1.00000	-1.00000	0.00075	-1.00000	-1.00000
24082	Gandy	Cluster	un	10741906	-0.00000	-1.00000	-1.00000	-0.00000	-1.00000	-1.00000	-0.00000	-1.00000	-1.00000	0.00004	-1.00000	-1.00000
24085	Gandy	Cluster	un	10743494	0.10345	-1.00000	-1.00000	0.01567	-1.00000	-1.00000	0.01567	-1.00000	-1.00000	0.00017	-1.00000	-1.00000
24090	Gandy	Cluster	un	10746580	0.07875	-1.00000	-1.00000	0.00908	-1.00000	-1.00000	0.01894	-1.00000	-1.00000	0.00022	-1.00000	-1.00000
24094	Gandy	Cluster	un	10748142	0.01656	-1.00000	-1.00000	0.00284	-1.00000	-1.00000	0.06579	-1.00000	-1.00000	0.00037	-1.00000	-1.00000
24098	Gandy	Cluster	un	10749019	0.12000	-1.00000	-1.00000	0.02135	-1.00000	-1.00000	0.02822	-1.00000	-1.00000	0.00037	-1.00000	-1.00000
24124	Gandy	Cluster	un	10758700	0.04067	-1.00000	-1.00000	0.00302	-1.00000	-1.00000	0.01050	-1.00000	-1.00000	0.00016	-1.00000	-1.00000
24130	Gandy	Cluster	un	10762486	0.04067	-1.00000	-1.00000	0.00302	-1.00000	-1.00000	0.01050	-1.00000	-1.00000	0.00019	-1.00000	-1.00000
24134	Gandy	Cluster	un	10763201	0.17241	-1.00000	-1.00000	0.04132	-1.00000	-1.00000	0.04132	-1.00000	-1.00000	0.00023	-1.00000	-1.00000
24137	Gandy	Cluster	un	10765331	0.04021	-1.00000	-1.00000	0.00783	-1.00000	-1.00000	0.01790	-1.00000	-1.00000	0.00029	-1.00000	-1.00000
24148	Gandy	Cluster	un	10769345	0.26765	-1.00000	-1.00000	0.09455	-1.00000	-1.00000	0.11315	-1.00000	-1.00000	0.00042	-1.00000	-1.00000
24156	Gandy	Cluster	un	10772620	0.71144	-1.00000	-1.00000	0.63782	-1.00000	-1.00000	0.64526	-1.00000	-1.00000	0.00089	-1.00000	-1.00000
24158	Gandy	Cluster	un	10773442	0.00340	-1.00000	-1.00000	0.00014	-1.00000	-1.00000	-0.01093	-1.00000	-1.00000	0.00035	-1.00000	-1.00000
24160	Gandy	Cluster	un	10774207	0.09054	-1.00000	-1.00000	0.01094	-1.00000	-1.00000	0.04304	-1.00000	-1.00000	0.00029	-1.00000	-1.00000
24174	Gandy	Cluster	un	10780546	-0.00235	-1.00000	-1.00000	-0.00008	-1.00000	-1.00000	0.00008	-1.00000	-1.00000	0.00012	-1.00000	-1.00000
24183	Gandy	Cluster	un	10783752	0.15194	-1.00000	-1.00000	0.02682	-1.00000	-1.00000	0.06897	-1.00000	-1.00000	0.00037	-1.00000	-1.00000
24187	Gandy	Cluster	un	10785322	0.00561	-1.00000	-1.00000	0.00021	-1.00000	-1.00000	0.02159	-1.00000	-1.00000	0.00020	-1.00000	-1.00000
24188	Gandy	Cluster	un	10786173	0.02760	-1.00000	-1.00000	0.00210	-1.00000	-1.00000	0.00883	-1.00000	-1.00000	0.00023	-1.00000	-1.00000
24189	Gandy	Cluster	un	10786999	-0.00000	-1.00000	-1.00000	-0.00000	-1.00000	-1.00000	-0.00000	-1.00000	-1.00000	0.00004	-1.00000	-1.00000
24192	Gandy	Cluster	un	10789180	0.03704	-1.00000	-1.00000	0.00284	-1.00000	-1.00000	-0.00227	-1.00000	-1.00000	0.00022	-1.00000	-1.00000
24210	Gandy	Cluster	un	10794265	0.04067	-1.00000	-1.00000	0.00302	-1.00000	-1.00000	0.00284	-1.00000	-1.00000	0.00008	-1.00000	-1.00000
24224	Gandy	Cluster	un	10801126	0.26765	-1.00000	-1.00000	0.09455	-1.00000	-1.00000	0.09396	-1.00000	-1.00000	0.00038	-1.00000	-1.00000
24228	Gandy	Cluster	un	10803556	0.04067	-1.00000	-1.00000	0.00302	-1.00000	-1.00000	0.01050	-1.00000	-1.00000	0.00015	-1.00000	-1.00000
24238	Gandy	Cluster	un	10809743	-0.03995	-1.00000	-1.00000	-0.03960	-1.00000	-1.00000	0.02400	-1.00000	-1.00000	0.00071	-1.00000	-1.00000
24240	Gandy	Cluster	un	10811337	0.08538	-1.00000	-1.00000	0.01066	-1.00000	-1.00000	0.02205	-1.00000	-1.00000	0.00023	-1.00000	-1.00000
24241	Gandy	Cluster	un	10812119	0.03448	-1.00000	-1.00000	0.00246	-1.00000	-1.00000	0.00246	-1.00000	-1.00000	0.00009	-1.00000	-1.00000
24250	Gandy	Cluster	un	10815082	-0.03704	-1.00000	-1.00000	-0.00275	-1.00000	-1.00000	-0.00786	-1.00000	-1.00000	0.00025	-1.00000	-1.00000
24255	Gandy	Cluster	un	10817385	0.04820	-1.00000	-1.00000	0.00374	-1.00000	-1.00000	0.01220	-1.00000	-1.00000	0.00017	-1.00000	-1.00000
24257	Gandy	Cluster	un	10818249	0.04420	-1.00000	-1.00000	0.00354	-1.00000	-1.00000	0.00705	-1.00000	-1.00000	0.00029	-1.00000	-1.00000
24262	Gandy	Cluster	un	10820699	0.00656	-1.00000	-1.00000	0.00026	-1.00000	-1.00000	-0.00000	-1.00000	-1.00000	0.00005	-1.00000	-1.00000
24268	Gandy	Cluster	un	10822283	0.09834	-1.00000	-1.00000	0.01534	-1.00000	-1.00000	0.01567	-1.00000	-1.00000	0.00016	-1.00000	-1.00000
24271	Gandy	Cluster	un	10823845	0.07875	-1.00000	-1.00000	0.00908	-1.00000	-1.00000	0.01894	-1.00000	-1.00000	0.00023	-1.00000	-1.00000
24274	Gandy	Cluster	un	10825378	0.00561	-1.00000	-1.00000	0.00021	-1.00000	-1.00000	0.00589	-1.00000	-1.00000	0.00013	-1.00000	-1.00000
24300	Gandy	Cluster	un	10838886	-0.00000	-1.00000	-1.00000	-0.00000	-1.00000	-1.00000	-0.00000	-1.00000	-1.00000	0.00004	-1.00000	-1.00000
24303	Gandy	Cluster	un	10839815	0.20818	-1.00000	-1.00000	0.05720	-1.00000	-1.00000	0.07534	-1.00000	-1.00000	0.00039	-1.00000	-1.00000
24316	Gandy	Cluster	un	10842999	0.17448	-1.00000	-1.00000	0.03767	-1.00000	-1.00000	0.07867	-1.00000	-1.00000	0.00036	-1.00000	-1.00000
24319	Gandy	Cluster	un	10844587	0.24138	-1.00000	-1.00000	0.08069	-1.00000	-1.00000	0.08069	-1.00000	-1.00000	0.00033	-1.00000	-1.00000
24322	Gandy	Cluster	un	10845401	0.00251	-1.00000	-1.00000	0.00009	-1.00000	-1.00000	-0.00000	-1.00000	-1.00000	0.00004	-1.00000	-1.00000
24349	Gandy	Cluster	un	10855216	0.00251	-1.00000	-1.00000	0.00009	-1.00000	-1.00000	-0.00000	-1.00000	-1.00000	0.00005	-1.00000	-1.00000
24358	Gandy	Cluster	un	10859150	-0.00235	-1.00000	-1.00000	-0.00008	-1.00000	-1.00000	-0.00000	-1.00000	-1.00000	0.00004	-1.00000	-1.00000
24359	Gandy	Cluster	un	10859938	0.48258	-1.00000	-1.00000	0.35011	-1.00000	-1.00000	0.36738	-1.00000	-1.00000	0.00072	-1.00000	-1.00000
24361	Gandy	Cluster	un	10861551	0.00656	-1.00000	-1.00000	0.00026	-1.00000	-1.00000	0.01989	-1.00000	-1.00000	0.00030	-1.00000	-1.00000
24362	Gandy	Cluster	un	10862453	-0.00000	-1.00000	-1.00000	-0.00000	-1.00000	-1.00000	-0.00000	-1.00000	-1.00000	0.00004	-1.00000	-1.00000
24368	Gandy	Cluster	un	10864015	0.06897	-1.00000	-1.00000	0.00760	-1.00000	-1.00000	0.00760	-1.00000	-1.00000	0.00012	-1.00000	-1.00000
24370	Gandy	Cluster	un	10864858	-0.00565	-1.00000	-1.00000	-0.00022	-1.00000	-1.00000	0.03423	-1.00000	-1.00000	0.00030	-1.00000	-1.00000
24373	Gandy	Cluster	un	10865624	0.00251	-1.00000	-1.00000	0.00009	-1.00000	-1.00000	-0.00000	-1.00000	-1.00000	0.00005	-1.00000	-1.00000
24377	Gandy	Cluster	un	10867195	0.09834	-1.00000	-1.00000	0.01534	-1.00000	-1.00000	0.01567	-1.00000	-1.00000	0.00017	-1.00000	-1.00000
24382	Gandy	Cluster	un	10870497	0.18524	-1.00000	-1.00000	0.18660	-1.00000	-1.00000	0.17807	-1.00000	-1.00000	0.00084	-1.00000	-1.00000
24383	Gandy	Cluster	un	10871224	0.03114	-1.00000	-1.00000	0.00229	-1.00000	-1.00000	0.00246	-1.00000	-1.00000	0.00009	-1.00000	-1.00000
24384	Gandy	Cluster	un	10871982	0.00561	-1.00000	-1.00000	0.00021	-1.00000	-1.00000	0.00589	-1.00000	-1.00000	0.00013	-1.00000	-1.00000
24385	Gandy	Cluster	un	10872798	-0.00000	-1.00000	-1.00000	-0.00000	-1.00000	-1.00000	-0.00000	-1.00000	-1.00000	0.00007	-1.00000	-1.00000
24387	Gandy	Cluster	un	10873307	0.00000	-1.00000	-1.00000	0.00000	-1.00000	-1.00000	-0.00000	-1.00000	-1.00000	0.00004	-1.00000	-1.00000
24391	Gandy	Cluster	un	10874118	-0.00235	-1.00000	-1.00000	-0.00008	-1.00000	-1.00000	0.00008	-1.00000	-1.00000	0.00013	-1.00000	-1.00000
24396	Gandy	Cluster	un	10877250	0.68043	-1.00000	-1.00000	0.56715	-1.00000	-1.00000	0.61204	-1.00000	-1.00000	0.00093	-1.00000	-1.00000
24403	Gandy	Cluster	un	10882037	0.06920	-1.00000	-1.00000	0.00850	-1.00000	-1.00000	-0.00168	-1.00000	-1.00000	0.00032	-1.00000	-1.00000
24409	Gandy	Cluster	un	10886124	0.16737	-1.00000	-1.00000	0.03722	-1.00000	-1.00000	0.04771	-1.00000	-1.00000	0.00042	-1.00000	-1.00000
24427	Gandy	Cluster	un	10896562	0.00561	-1.00000	-1.00000	0.00021	-1.00000	-1.00000	-0.00000	-1.00000	-1.00000	0.00005	-1.00000	-1.00000
24428	Gandy	Cluster	un	10897368	-0.00315	-1.00000	-1.00000	-0.00013	-1.00000	-1.00000	0.00554	-1.00000	-1.00000	0.00034	-1.00000	-1.00000
24430	Gandy	Cluster	un	10898165	0.10495	-1.00000	-1.00000	0.01335	-1.00000	-1.00000	0.02597	-1.00000	-1.00000	0.00022	-1.00000	-1.00000
24434	Gandy	Cluster	un	10899764	-0.00000	-1.00000	-1.00000	-0.00000	-1.00000	-1.00000	-0.00000	-1.00000	-1.00000	0.00004	-1.00000	-1.00000
24458	Gandy	Cluster	un	10909126	0.03448	-1.00000	-1.00000	0.00246	-1.00000	-1.00000	0.00246	-1.00000	-1.00000	0.00008	-1.00000	-1.00000
24460	Gandy	Cluster	un	10909916	0.13263	-1.00000	-1.00000	0.02215	-1.00000	-1.00000	0.02135	-1.00000	-1.00000	0.00021	-1.00000	-1.00000
24461	Gandy	Cluster	un	10910650	-0.03841	-1.00000	-1.00000	-0.00296	-1.00000	-1.00000	0.00022	-1.00000	-1.00000	0.00017	-1.00000	-1.00000
24465	Gandy	Cluster	un	10911453	0.31685	-1.00000	-1.00000	0.22011	-1.00000	-1.00000	0.22011	-1.00000	-1.00000	0.00056	-1.00000	-1.00000
24473	Gandy	Cluster	un	10914683	-0.00000	-1.00000	-1.00000	-0.00000	-1.00000	-1.00000	-0.00000	-1.00000	-1.00000	0.00004	-1.00000	-1.00000
24475	Gandy	Cluster	un	10915480	0.00290	-1.00000	-1.00000	0.00011	-1.00000	-1.00000	-0.00030	-1.00000	-1.00000	0.00013	-1.00000	-1.00000
24477	Gandy	Cluster	un	10916279	-0.00000	-1.00000	-1.00000	-0.00000	-1.00000	-1.00000	-0.00000	-1.00000	-1.00000	0.00004	-1.00000	-1.00000
24479	Gandy	Cluster	un	10917915	-0.00315	-1.00000	-1.00000	-0.00013	-1.00000	-1.00000	-0.01039	-1.00000	-1.00000	0.00033	-1.00000	-1.00000
24501	Gandy	Cluster	un	10928159	0.58298	-1.00000	-1.00000	0.47755	-1.00000	-1.00000	0.45660	-1.00000	-1.00000	0.00083	-1.00000	-1.00000
24512	Gandy	Cluster	un	10931890	0.21608	-1.00000	-1.00000	0.05772	-1.00000	-1.00000	0.10217	-1.00000	-1.00000	0.00041	-1.00000	-1.00000
24514	Gandy	Cluster	un	10933449	0.00000	-1.00000	-1.00000	0.00000	-1.00000	-1.00000	-0.00502	-1.00000	-1.00000	0.00019	-1.00000	-1.00000
24521	Gandy	Cluster	un	10936587	0.00000	-1.00000	-1.00000	0.00000	-1.00000	-1.00000	-0.00000	-1.00000	-1.00000	0.00004	-1.00000	-1.00000
24527	Gandy	Cluster	un	10940684	0.88889	-1.00000	-1.00000	0.88106	-1.00000	-1.00000	0.87545	-1.00000	-1.00000	0.00107	-1.00000	-1.00000
24530	Gandy	Cluster	un	10941530	0.04348	-1.00000	-1.00000	0.00394	-1.00000	-1.00000	0.00394	-1.00000	-1.00000	0.00010	-1.00000	-1.00000
24531	Gandy	Cluster	un	10942343	0.06407	-1.00000	-1.00000	0.00815	-1.00000	-1.00000	0.00571	-1.00000	-1.00000	0.00039	-1.00000	-1.00000
24532	Gandy	Cluster	un	10943163	0.04067	-1.00000	-1.00000	0.00302	-1.00000	-1.00000	0.01050	-1.00000	-1.00000	0.00016	-1.00000	-1.00000
24551	Gandy	Cluster	un	10952570	-0.03841	-1.00000	-1.00000	-0.00296	-1.00000	-1.00000	-0.00486	-1.00000	-1.00000	0.00029	-1.00000	-1.00000
24555	Gandy	Cluster	un	10955737	0.25057	-1.00000	-1.00000	0.09328	-1.00000	-1.00000	0.11315	-1.00000	-1.00000	0.00037	-1.00000	-1.00000
24559	Gandy	Cluster	un	10957443	-0.00000	-1.00000	-1.00000	-0.00000	-1.00000	-1.00000	-0.00000	-1.00000	-1.00000	0.00004	-1.00000	-1.00000
24563	Gandy	Cluster	un	10960112	0.00290	-1.00000	-1.00000	0.00011	-1.00000	-1.00000	-0.00518	-1.00000	-1.00000	0.00019	-1.00000	-1.00000
24575	Gandy	Cluster	un	10965343	-0.00565	-1.00000	-1.00000	-0.00022	-1.00000	-1.00000	0.00778	-1.00000	-1.00000	0.00032	-1.00000	-1.00000
24594	Gandy	Cluster	un	10972607	0.69501	-1.00000	-1.00000	0.65485	-1.00000	-1.00000	0.66061	-1.00000	-1.00000	0.00094	-1.00000	-1.00000
24597	Gandy	Cluster	un	10974187	0.00000	-1.00000	-1.00000	0.00000	-1.00000	-1.00000	-0.00502	-1.00000	-1.00000	0.00018	-1.00000	-1.00000
24598	Gandy	Cluster	un	10975046	0.00340	-1.00000	-1.00000	0.00014	-1.00000	-1.00000	0.01768	-1.00000	-1.00000	0.00034	-1.00000	-1.00000
24608	Gandy	Cluster	un	10980056	0.13793	-1.00000	-1.00000	0.02685	-1.00000	-1.00000	0.02685	-1.00000	-1.00000	0.00022	-1.00000	-1.00000
24617	Gandy	Cluster	un	10985690	0.00758	-1.00000	-1.00000	0.00209	-1.00000	-1.00000	-0.00157	-1.00000	-1.00000	0.00035	-1.00000	-1.00000
24619	Gandy	Cluster	un	10986446	0.06897	-1.00000	-1.00000	0.00760	-1.00000	-1.00000	0.00760	-1.00000	-1.00000	0.00012	-1.00000	-1.00000
24622	Gandy	Cluster	un	10988043	0.00561	-1.00000	-1.00000	0.00021	-1.00000	-1.00000	-0.00000	-1.00000	-1.00000	0.00005	-1.00000	-1.00000
24623	Gandy	Cluster	un	10988868	0.14815	-1.00000	-1.00000	0.03120	-1.00000	-1.00000	0.03120	-1.00000	-1.00000	0.00021	-1.00000	-1.00000
24626	Gandy	Cluster	un	10990555	0.71597	-1.00000	-1.00000	0.69962	-1.00000	-1.00000	0.68535	-1.00000	-1.00000	0.00092	-1.00000	-1.00000
24634	Gandy	Cluster	un	10994506	0.60870	-1.00000	-1.00000	0.50360	-1.00000	-1.00000	0.49513	-1.00000	-1.00000	0.00088	-1.00000	-1.00000
24636	Gandy	Cluster	un	10996106	0.07875	-1.00000	-1.00000	0.00908	-1.00000	-1.00000	0.01894	-1.00000	-1.00000	0.00022	-1.00000	-1.00000
24638	Gandy	Cluster	un	10996851	0.13793	-1.00000	-1.00000	0.02685	-1.00000	-1.00000	0.02685	-1.00000	-1.00000	0.00020	-1.00000	-1.00000
24641	Gandy	Cluster	un	10998429	0.44828	-1.00000	-1.00000	0.28173	-1.00000	-1.00000	0.28173	-1.00000	-1.00000	0.00059	-1.00000	-1.00000
24642	Gandy	Cluster	un	10999220	-0.00000	-1.00000	-1.00000	-0.00000	-1.00000	-1.00000	-0.00000	-1.00000	-1.00000	0.00004	-1.00000	-1.00000
24644	Gandy	Cluster	un	11000756	-0.03986	-1.00000	-1.00000	-0.03534	-1.00000	-1.00000	-0.04192	-1.00000	-1.00000	0.00075	-1.00000	-1.00000
24646	Gandy	Cluster	un	11001554	0.06897	-1.00000	-1.00000	0.00760	-1.00000	-1.00000	0.00760	-1.00000	-1.00000	0.00013	-1.00000	-1.00000
24650	Gandy	Cluster	un	11003416	0.29856	-1.00000	-1.00000	0.11199	-1.00000	-1.00000	0.13214	-1.00000	-1.00000	0.00040	-1.00000	-1.00000
24661	Gandy	Cluster	un	11007586	-0.00000	-1.00000	-1.00000	-0.00000	-1.00000	-1.00000	-0.00000	-1.00000	-1.00000	0.00004	-1.00000	-1.00000
24665	Gandy	Cluster	un	11010531	0.00251	-1.00000	-1.00000	0.00009	-1.00000	-1.00000	0.00508	-1.00000	-1.00000	0.00013	-1.00000	-1.00000
24667	Gandy	Cluster	un	11012169	-0.00235	-1.00000	-1.00000	-0.00008	-1.00000	-1.00000	0.00008	-1.00000	-1.00000	0.00014	-1.00000	-1.00000
24684	Gandy	Cluster	un	11020895	-0.03039	-1.00000	-1.00000	-0.01941	-1.00000	-1.00000	-0.02649	-1.00000	-1.00000	0.00060	-1.00000	-1.00000
24688	Gandy	Cluster	un	11023217	0.34881	-1.00000	-1.00000	0.23035	-1.00000	-1.00000	0.19599	-1.00000	-1.00000	0.00068	-1.00000	-1.00000
24689	Gandy	Cluster	un	11024120	-0.00489	-1.00000	-1.00000	-0.00018	-1.00000	-1.00000	0.01104	-1.00000	-1.00000	0.00018	-1.00000	-1.00000
24694	Gandy	Cluster	un	11026598	0.00561	-1.00000	-1.00000	0.00021	-1.00000	-1.00000	0.00589	-1.00000	-1.00000	0.00013	-1.00000	-1.00000
24699	Gandy	Cluster	un	11028242	0.07875	-1.00000	-1.00000	0.00908	-1.00000	-1.00000	0.01894	-1.00000	-1.00000	0.00020	-1.00000	-1.00000
24706	Gandy	Cluster	un	11030741	0.05304	-1.00000	-1.00000	0.00446	-1.00000	-1.00000	0.01011	-1.00000	-1.00000	0.00032	-1.00000	-1.00000
24707	Gandy	Cluster	un	11031556	-0.00235	-1.00000	-1.00000	-0.00008	-1.00000	-1.00000	0.00008	-1.00000	-1.00000	0.00012	-1.00000	-1.00000
24708	Gandy	Cluster	un	11032375	0.40741	-1.00000	-1.00000	0.23404	-1.00000	-1.00000	0.22803	-1.00000	-1.00000	0.00065	-1.00000	-1.00000
24715	Gandy	Cluster	un	11036377	0.11672	-1.00000	-1.00000	0.01853	-1.00000	-1.00000	0.01818	-1.00000	-1.00000	0.00018	-1.00000	-1.00000
24717	Gandy	Cluster	un	11037163	0.03114	-1.00000	-1.00000	0.00229	-1.00000	-1.00000	0.00018	-1.00000	-1.00000	0.00015	-1.00000	-1.00000
24720	Gandy	Cluster	un	11038821	-0.00235	-1.00000	-1.00000	-0.00008	-1.00000	-1.00000	0.00008	-1.00000	-1.00000	0.00014	-1.00000	-1.00000
24725	Gandy	Cluster	un	11041163	-0.00000	-1.00000	-1.00000	-0.00000	-1.00000	-1.00000	-0.00000	-1.00000	-1.00000	0.00004	-1.00000	-1.00000
24726	Gandy	Cluster	un	11042015	-0.04128	-1.00000	-1.00000	-0.01118	-1.00000	-1.00000	-0.01291	-1.00000	-1.00000	0.00045	-1.00000	-1.00000
24731	Gandy	Cluster	un	11042823	-0.00000	-1.00000	-1.00000	-0.00000	-1.00000	-1.00000	-0.00000	-1.00000	-1.00000	0.00004	-1.00000	-1.00000
24733	Gandy	Cluster	un	11044387	0.46069	-1.00000	-1.00000	0.27518	-1.00000	-1.00000	0.29478	-1.00000	-1.00000	0.00062	-1.00000	-1.00000
24741	Gandy	Cluster	un	11047645	0.00561	-1.00000	-1.00000	0.00021	-1.00000	-1.00000	0.02159	-1.00000	-1.00000	0.00019	-1.00000	-1.00000
24747	Gandy	Cluster	un	11050930	0.10345	-1.00000	-1.00000	0.01567	-1.00000	-1.00000	0.01567	-1.00000	-1.00000	0.00023	-1.00000	-1.00000
24757	Gandy	Cluster	un	11055560	0.20818	-1.00000	-1.00000	0.05720	-1.00000	-1.00000	0.06938	-1.00000	-1.00000	0.00047	-1.00000	-1.00000
24758	Gandy	Cluster	un	11056340	-0.00000	-1.00000	-1.00000	-0.00000	-1.00000	-1.00000	-0.00000	-1.00000	-1.00000	0.00004	-1.00000	-1.00000
24766	Gandy	Cluster	un	11060472	0.18125	-1.00000	-1.00000	0.08140	-1.00000	-1.00000	0.06476	-1.00000	-1.00000	0.00064	-1.00000	-1.00000
24774	Gandy	Cluster	un	11064330	0.00340	-1.00000	-1.00000	0.00014	-1.00000	-1.00000	-0.00378	-1.00000	-1.00000	0.00037	-1.00000	-1.00000
24786	Gandy	Cluster	un	11068417	-0.00565	-1.00000	-1.00000	-0.00022	-1.00000	-1.00000	-0.00619	-1.00000	-1.00000	0.00021	-1.00000	-1.00000
24790	Gandy	Cluster	un	11071576	0.06897	-1.00000	-1.00000	0.00760	-1.00000	-1.00000	0.00760	-1.00000	-1.00000	0.00014	-1.00000	-1.00000
24792	Gandy	Cluster	un	11073054	0.00340	-1.00000	-1.00000	0.00014	-1.00000	-1.00000	-0.00738	-1.00000	-1.00000	0.00032	-1.00000	-1.00000
24793	Gandy	Cluster	un	11073752	-0.00565	-1.00000	-1.00000	-0.00022	-1.00000	-1.00000	0.00778	-1.00000	-1.00000	0.00033	-1.00000	-1.00000
24810	Gandy	Cluster	un	11078661	0.00251	-1.00000	-1.00000	0.00009	-1.00000	-1.00000	-0.00000	-1.00000	-1.00000	0.00004	-1.00000	-1.00000
24812	Gandy	Cluster	un	11079563	-0.00315	-1.00000	-1.00000	-0.00013	-1.00000	-1.00000	-0.01039	-1.00000	-1.00000	0.00038	-1.00000	-1.00000
24813	Gandy	Cluster	un	11080363	-0.00489	-1.00000	-1.00000	-0.00018	-1.00000	-1.00000	0.01104	-1.00000	-1.00000	0.00021	-1.00000	-1.00000
24814	Gandy	Cluster	un	11081150	0.03448	-1.00000	-1.00000	0.00246	-1.00000	-1.00000	0.00246	-1.00000	-1.00000	0.00008	-1.00000	-1.00000
24816	Gandy	Cluster	un	11082749	0.12643	-1.00000	-1.00000	0.02178	-1.00000	-1.00000	0.02135	-1.00000	-1.00000	0.00020	-1.00000	-1.00000
24822	Gandy	Cluster	un	11084323	0.05748	-1.00000	-1.00000	0.00467	-1.00000	-1.00000	0.06452	-1.00000	-1.00000	0.00033	-1.00000	-1.00000
24837	Gandy	Cluster	un	11092198	0.12000	-1.00000	-1.00000	0.02135	-1.00000	-1.00000	0.00976	-1.00000	-1.00000	0.00043	-1.00000	-1.00000
24844	Gandy	Cluster	un	11094637	0.09054	-1.00000	-1.00000	0.01094	-1.00000	-1.00000	0.04304	-1.00000	-1.00000	0.00050	-1.00000	-1.00000
24847	Gandy	Cluster	un	11096662	-0.00000	-1.00000	-1.00000	-0.00000	-1.00000	-1.00000	-0.00000	-1.00000	-1.00000	0.00004	-1.00000	-1.00000
24858	Gandy	Cluster	un	11102249	0.03114	-1.00000	-1.00000	0.00229	-1.00000	-1.00000	0.00018	-1.00000	-1.00000	0.00015	-1.00000	-1.00000
24876	Gandy	Cluster	un	11111237	-0.00000	-1.00000	-1.00000	-0.00000	-1.00000	-1.00000	-0.00000	-1.00000	-1.00000	0.00005	-1.00000	-1.00000
24881	Gandy	Cluster	un	11113525	0.14504	-1.00000	-1.00000	0.02643	-1.00000	-1.00000	0.03790	-1.00000	-1.00000	0.00037	-1.00000	-1.00000
24890	Gandy	Cluster	un	11116815	0.00561	-1.00000	-1.00000	0.00021	-1.00000	-1.00000	0.02159	-1.00000	-1.00000	0.00020	-1.00000	-1.00000
24891	Gandy	Cluster	un	11117638	-0.00235	-1.00000	-1.00000	-0.00008	-1.00000	-1.00000	-0.00000	-1.00000	-1.00000	0.00004	-1.00000	-1.00000
24902	Gandy	Cluster	un	11123239	0.58621	-1.00000	-1.00000	0.46789	-1.00000	-1.00000	0.46789	-1.00000	-1.00000	0.00077	-1.00000	-1.00000
24906	Gandy	Cluster	un	11124808	0.09054	-1.00000	-1.00000	0.01094	-1.00000	-1.00000	0.04304	-1.00000	-1.00000	0.00030	-1.00000	-1.00000
24918	Gandy	Cluster	un	11130463	0.07407	-1.00000	-1.00000	0.00881	-1.00000	-1.00000	0.00361	-1.00000	-1.00000	0.00029	-1.00000	-1.00000
24926	Gandy	Cluster	un	11132815	-0.00767	-1.00000	-1.00000	-0.00029	-1.00000	-1.00000	0.03472	-1.00000	-1.00000	0.00027	-1.00000	-1.00000
24930	Gandy	Cluster	un	11136047	-0.00270	-1.00000	-1.00000	-0.00010	-1.00000	-1.00000	-0.00488	-1.00000	-1.00000	0.00026	-1.00000	-1.00000
24932	Gandy	Cluster	un	11137701	-0.03975	-1.00000	-1.00000	-0.00319	-1.00000	-1.00000	0.01151	-1.00000	-1.00000	0.00039	-1.00000	-1.00000
24933	Gandy	Cluster	un	11138468	0.58672	-1.00000	-1.00000	0.44290	-1.00000	-1.00000	0.46742	-1.00000	-1.00000	0.00083	-1.00000	-1.00000
24935	Gandy	Cluster	un	11140172	0.42051	-1.00000	-1.00000	0.22818	-1.00000	-1.00000	0.24861	-1.00000	-1.00000	0.00056	-1.00000	-1.00000
24936	Gandy	Cluster	un	11141002	0.06024	-1.00000	-1.00000	0.00707	-1.00000	-1.00000	0.00760	-1.00000	-1.00000	0.00012	-1.00000	-1.00000
24937	Gandy	Cluster	un	11141859	0.14159	-1.00000	-1.00000	0.14642	-1.00000	-1.00000	0.15617	-1.00000	-1.00000	0.00085	-1.00000	-1.00000
24938	Gandy	Cluster	un	11142623	0.03704	-1.00000	-1.00000	0.00284	-1.00000	-1.00000	0.00284	-1.00000	-1.00000	0.00009	-1.00000	-1.00000
24951	Gandy	Cluster	un	11147660	0.65819	-1.00000	-1.00000	0.54801	-1.00000	-1.00000	0.57423	-1.00000	-1.00000	0.00089	-1.00000	-1.00000
24962	Gandy	Cluster	un	11151640	0.03448	-1.00000	-1.00000	0.00246	-1.00000	-1.00000	0.00246	-1.00000	-1.00000	0.00008	-1.00000	-1.00000
24965	Gandy	Cluster	un	11153263	0.79116	-1.00000	-1.00000	0.79733	-1.00000	-1.00000	0.79997	-1.00000	-1.00000	0.00105	-1.00000	-1.00000
24967	Gandy	Cluster	un	11154077	-0.00000	-1.00000	-1.00000	-0.00000	-1.00000	-1.00000	-0.00000	-1.00000	-1.00000	0.00004	-1.00000	-1.00000
24977	Gandy	Cluster	un	11158097	0.04067	-1.00000	-1.00000	0.00302	-1.00000	-1.00000	0.00284	-1.00000	-1.00000	0.00009	-1.00000	-1.00000
25016	Gandy	Cluster	un	11171818	-0.00489	-1.00000	-1.00000	-0.00018	-1.00000	-1.00000	0.01104	-1.00000	-1.00000	0.00021	-1.00000	-1.00000
25040	Gandy	Cluster	un	11179605	-0.00000	-1.00000	-1.00000	-0.00000	-1.00000	-1.00000	-0.00050	-1.00000	-1.00000	0.00026	-1.00000	-1.00000
25049	Gandy	Cluster	un	11184145	0.10345	-1.00000	-1.00000	0.01567	-1.00000	-1.00000	0.01567	-1.00000	-1.00000	0.00015	-1.00000	-1.00000
25056	Gandy	Cluster	un	11186712	0.00251	-1.00000	-1.00000	0.00009	-1.00000	-1.00000	0.00508	-1.00000	-1.00000	0.00011	-1.00000	-1.00000
25060	Gandy	Cluster	un	11189145	0.34483	-1.00000	-1.00000	0.16641	-1.00000	-1.00000	0.16641	-1.00000	-1.00000	0.00046	-1.00000	-1.00000
25063	Gandy	Cluster	un	11191478	0.10345	-1.00000	-1.00000	0.01567	-1.00000	-1.00000	0.01567	-1.00000	-1.00000	0.00016	-1.00000	-1.00000
25065	Gandy	Cluster	un	11192288	0.05304	-1.00000	-1.00000	0.00446	-1.00000	-1.00000	0.03024	-1.00000	-1.00000	0.00037	-1.00000	-1.00000
25066	Gandy	Cluster	un	11193108	0.58364	-1.00000	-1.00000	0.59353	-1.00000	-1.00000	0.58484	-1.00000	-1.00000	0.00093	-1.00000	-1.00000
25068	Gandy	Cluster	un	11193939	0.03448	-1.00000	-1.00000	0.00246	-1.00000	-1.00000	0.00246	-1.00000	-1.00000	0.00008	-1.00000	-1.00000
25070	Gandy	Cluster	un	11194803	0.18336	-1.00000	-1.00000	0.12629	-1.00000	-1.00000	0.11012	-1.00000	-1.00000	0.00076	-1.00000	-1.00000
25072	Gandy	Cluster	un	11195543	0.04420	-1.00000	-1.00000	0.00354	-1.00000	-1.00000	0.00705	-1.00000	-1.00000	0.00032	-1.00000	-1.00000
25080	Gandy	Cluster	un	11199596	0.55413	-1.00000	-1.00000	0.38325	-1.00000	-1.00000	0.45283	-1.00000	-1.00000	0.00071	-1.00000	-1.00000
25083	Gandy	Cluster	un	11200491	-0.00000	-1.00000	-1.00000	-0.00000	-1.00000	-1.00000	-0.00000	-1.00000	-1.00000	0.00004	-1.00000	-1.00000
25087	Gandy	Cluster	un	11202935	0.00251	-1.00000	-1.00000	0.00009	-1.00000	-1.00000	-0.00000	-1.00000	-1.00000	0.00004	-1.00000	-1.00000
25090	Gandy	Cluster	un	11204598	0.51706	-1.00000	-1.00000	0.44592	-1.00000	-1.00000	0.40547	-1.00000	-1.00000	0.00086	-1.00000	-1.00000
25094	Gandy	Cluster	un	11206261	-0.03448	-1.00000	-1.00000	-0.00238	-1.00000	-1.00000	-0.00238	-1.00000	-1.00000	0.00008	-1.00000	-1.00000
25104	Gandy	Cluster	un	11211957	0.48156	-1.00000	-1.00000	0.43932	-1.00000	-1.00000	0.46579	-1.00000	-1.00000	0.00076	-1.00000	-1.00000
25113	Gandy	Cluster	un	11215255	1.00000	-1.00000	-1.00000	1.00000	-1.00000	-1.00000	1.00000	-1.00000	-1.00000	0.00127	-1.00000	-1.00000
25114	Gandy	Cluster	un	11216046	0.11959	-1.00000	-1.00000	0.02546	-1.00000	-1.00000	0.03494	-1.00000	-1.00000	0.00043	-1.00000	-1.00000
25115	Gandy	Cluster	un	11216814	-0.00235	-1.00000	-1.00000	-0.00008	-1.00000	-1.00000	-0.00000	-1.00000	-1.00000	0.00004	-1.00000	-1.00000
25118	Gandy	Cluster	un	11217682	-0.00235	-1.00000	-1.00000	-0.00008	-1.00000	-1.00000	-0.00000	-1.00000	-1.00000	0.00004	-1.00000	-1.00000
25121	Gandy	Cluster	un	11218467	0.04348	-1.00000	-1.00000	0.00394	-1.00000	-1.00000	-0.01338	-1.00000	-1.00000	0.00049	-1.00000	-1.00000
25123	Gandy	Cluster	un	11219229	0.19238	-1.00000	-1.00000	0.04856	-1.00000	-1.00000	0.06452	-1.00000	-1.00000	0.00032	-1.00000	-1.00000
25126	Gandy	Cluster	un	11220865	0.88507	-1.00000	-1.00000	0.88102	-1.00000	-1.00000	0.86908	-1.00000	-1.00000	0.00104	-1.00000	-1.00000
25128	Gandy	Cluster	un	11221737	0.48849	-1.00000	-1.00000	0.38947	-1.00000	-1.00000	0.38306	-1.00000	-1.00000	0.00075	-1.00000	-1.00000
25131	Gandy	Cluster	un	11224256	0.04067	-1.00000	-1.00000	0.00302	-1.00000	-1.00000	0.01050	-1.00000	-1.00000	0.00017	-1.00000	-1.00000
25139	Gandy	Cluster	un	11228219	-0.01263	-1.00000	-1.00000	-0.01310	-1.00000	-1.00000	-0.01837	-1.00000	-1.00000	0.00076	-1.00000	-1.00000
25142	Gandy	Cluster	un	11230546	0.29856	-1.00000	-1.00000	0.11199	-1.00000	-1.00000	0.16077	-1.00000	-1.00000	0.00052	-1.00000	-1.00000
25143	Gandy	Cluster	un	11231319	0.03704	-1.00000	-1.00000	0.00284	-1.00000	-1.00000	0.01050	-1.00000	-1.00000	0.00016	-1.00000	-1.00000
25149	Gandy	Cluster	un	11232869	-0.00235	-1.00000	-1.00000	-0.00008	-1.00000	-1.00000	-0.00000	-1.00000	-1.00000	0.00004	-1.00000	-1.00000
25169	Gandy	Cluster	un	11237731	0.69703	-1.00000	-1.00000	0.60533	-1.00000	-1.00000	0.62701	-1.00000	-1.00000	0.00092	-1.00000	-1.00000
25175	Gandy	Cluster	un	11242522	0.07875	-1.00000	-1.00000	0.00908	-1.00000	-1.00000	0.01894	-1.00000	-1.00000	0.00020	-1.00000	-1.00000
25180	Gandy	Cluster	un	11245936	0.00051	-1.00000	-1.00000	0.00038	-1.00000	-1.00000	-0.00248	-1.00000	-1.00000	0.00060	-1.00000	-1.00000
25187	Gandy	Cluster	un	11250113	0.00251	-1.00000	-1.00000	0.00009	-1.00000	-1.00000	-0.00000	-1.00000	-1.00000	0.00004	-1.00000	-1.00000
25189	Gandy	Cluster	un	11250912	0.17448	-1.00000	-1.00000	0.03767	-1.00000	-1.00000	0.07867	-1.00000	-1.00000	0.00040	-1.00000	-1.00000
25192	Gandy	Cluster	un	11252529	0.25926	-1.00000	-1.00000	0.09396	-1.00000	-1.00000	0.09396	-1.00000	-1.00000	0.00037	-1.00000	-1.00000
25196	Gandy	Cluster	un	11253296	0.07407	-1.00000	-1.00000	0.00881	-1.00000	-1.00000	0.01894	-1.00000	-1.00000	0.00020	-1.00000	-1.00000
25209	Gandy	Cluster	un	11259598	0.07875	-1.00000	-1.00000	0.00908	-1.00000	-1.00000	0.01894	-1.00000	-1.00000	0.00020	-1.00000	-1.00000
25221	Gandy	Cluster	un	11262897	0.30395	-1.00000	-1.00000	0.21190	-1.00000	-1.00000	0.19855	-1.00000	-1.00000	0.00063	-1.00000	-1.00000
25225	Gandy	Cluster	un	11265342	0.19238	-1.00000	-1.00000	0.04856	-1.00000	-1.00000	0.04808	-1.00000	-1.00000	0.00028	-1.00000	-1.00000
25231	Gandy	Cluster	un	11266121	0.00656	-1.00000	-1.00000	0.00026	-1.00000	-1.00000	0.01989	-1.00000	-1.00000	0.00036	-1.00000	-1.00000
25232	Gandy	Cluster	un	11266883	0.00340	-1.00000	-1.00000	0.00014	-1.00000	-1.00000	-0.00378	-1.00000	-1.00000	0.00033	-1.00000	-1.00000
25234	Gandy	Cluster	un	11268669	0.68186	-1.00000	-1.00000	0.61648	-1.00000	-1.00000	0.61674	-1.00000	-1.00000	0.00084	-1.00000	-1.00000
25253	Gandy	Cluster	un	11277465	-0.00000	-1.00000	-1.00000	-0.00000	-1.00000	-1.00000	-0.00000	-1.00000	-1.00000	0.00004	-1.00000	-1.00000
25256	Gandy	Cluster	un	11278312	-0.02602	-1.00000	-1.00000	-0.01145	-1.00000	-1.00000	-0.01796	-1.00000	-1.00000	0.00058	-1.00000	-1.00000
25260	Gandy	Cluster	un	11279864	0.61914	-1.00000	-1.00000	0.49066	-1.00000	-1.00000	0.50368	-1.00000	-1.00000	0.00074	-1.00000	-1.00000
25264	Gandy	Cluster	un	11280728	0.25033	-1.00000	-1.00000	0.10361	-1.00000	-1.00000	0.08505	-1.00000	-1.00000	0.00055	-1.00000	-1.00000
25265	Gandy	Cluster	un	11281451	0.00000	-1.00000	-1.00000	0.00000	-1.00000	-1.00000	-0.00000	-1.00000	-1.00000	0.00004	-1.00000	-1.00000
25271	Gandy	Cluster	un	11284697	0.10345	-1.00000	-1.00000	0.01567	-1.00000	-1.00000	0.01567	-1.00000	-1.00000	0.00016	-1.00000	-1.00000
25275	Gandy	Cluster	un	11286233	0.04838	-1.00000	-1.00000	0.00422	-1.00000	-1.00000	0.00323	-1.00000	-1.00000	0.00043	-1.00000	-1.00000
25277	Gandy	Cluster	un	11287838	0.05748	-1.00000	-1.00000	0.00467	-1.00000	-1.00000	0.00394	-1.00000	-1.00000	0.00011	-1.00000	-1.00000
25279	Gandy	Cluster	un	11289535	0.04637	-1.00000	-1.00000	0.02790	-1.00000	-1.00000	0.06122	-1.00000	-1.00000	0.00060	-1.00000	-1.00000
25288	Gandy	Cluster	un	11292954	0.40741	-1.00000	-1.00000	0.23404	-1.00000	-1.00000	0.25402	-1.00000	-1.00000	0.00062	-1.00000	-1.00000
25289	Gandy	Cluster	un	11293712	-0.00315	-1.00000	-1.00000	-0.00013	-1.00000	-1.00000	-0.01039	-1.00000	-1.00000	0.00036	-1.00000	-1.00000
25303	Gandy	Cluster	un	11296439	0.00210	-1.00000	-1.00000	0.00033	-1.00000	-1.00000	0.00807	-1.00000	-1.00000	0.00022	-1.00000	-1.00000
25304	Gandy	Cluster	un	11297316	0.03448	-1.00000	-1.00000	0.00246	-1.00000	-1.00000	0.00246	-1.00000	-1.00000	0.00008	-1.00000	-1.00000
25313	Gandy	Cluster	un	11298982	-0.01164	-1.00000	-1.00000	-0.01122	-1.00000	-1.00000	-0.02620	-1.00000	-1.00000	0.00076	-1.00000	-1.00000
25316	Gandy	Cluster	un	11299773	-0.00235	-1.00000	-1.00000	-0.00008	-1.00000	-1.00000	-0.00000	-1.00000	-1.00000	0.00004	-1.00000	-1.00000
25320	Gandy	Cluster	un	11301455	0.00251	-1.00000	-1.00000	0.00009	-1.00000	-1.00000	-0.00000	-1.00000	-1.00000	0.00005	-1.00000	-1.00000
25322	Gandy	Cluster	un	11302174	0.15564	-1.00000	-1.00000	0.11487	-1.00000	-1.00000	0.10530	-1.00000	-1.00000	0.00056	-1.00000	-1.00000
25323	Gandy	Cluster	un	11303040	0.20690	-1.00000	-1.00000	0.05924	-1.00000	-1.00000	0.05924	-1.00000	-1.00000	0.00030	-1.00000	-1.00000
25324	Gandy	Cluster	un	11303818	0.00251	-1.00000	-1.00000	0.00009	-1.00000	-1.00000	-0.00000	-1.00000	-1.00000	0.00005	-1.00000	-1.00000
25326	Gandy	Cluster	un	11304594	-0.03448	-1.00000	-1.00000	-0.00238	-1.00000	-1.00000	-0.00238	-1.00000	-1.00000	0.00008	-1.00000	-1.00000
25330	Gandy	Cluster	un	11305388	0.00000	-1.00000	-1.00000	0.00000	-1.00000	-1.00000	0.00508	-1.00000	-1.00000	0.00013	-1.00000	-1.00000
25337	Gandy	Cluster	un	11307717	-0.01576	-1.00000	-1.00000	-0.01429	-1.00000	-1.00000	-0.01319	-1.00000	-1.00000	0.00068	-1.00000	-1.00000
25338	Gandy	Cluster	un	11308546	-0.02044	-1.00000	-1.00000	-0.00647	-1.00000	-1.00000	-0.00760	-1.00000	-1.00000	0.00036	-1.00000	-1.00000
25339	Gandy	Cluster	un	11309341	0.64934	-1.00000	-1.00000	0.54767	-1.00000	-1.00000	0.54877	-1.00000	-1.00000	0.00099	-1.00000	-1.00000
25355	Gandy	Cluster	un	11315727	0.06897	-1.00000	-1.00000	0.00760	-1.00000	-1.00000	0.00760	-1.00000	-1.00000	0.00013	-1.00000	-1.00000
25356	Gandy	Cluster	un	11316515	0.78084	-1.00000	-1.00000	0.78153	-1.00000	-1.00000	0.77104	-1.00000	-1.00000	0.00114	-1.00000	-1.00000
25358	Gandy	Cluster	un	11317256	-0.03041	-1.00000	-1.00000	-0.00573	-1.00000	-1.00000	-0.00499	-1.00000	-1.00000	0.00025	-1.00000	-1.00000
25365	Gandy	Cluster	un	11318936	0.19057	-1.00000	-1.00000	0.04497	-1.00000	-1.00000	0.03976	-1.00000	-1.00000	0.00046	-1.00000	-1.00000
25366	Gandy	Cluster	un	11319616	0.10495	-1.00000	-1.00000	0.01335	-1.00000	-1.00000	0.08145	-1.00000	-1.00000	0.00039	-1.00000	-1.00000
25368	Gandy	Cluster	un	11320381	0.47675	-1.00000	-1.00000	0.48583	-1.00000	-1.00000	0.48638	-1.00000	-1.00000	0.00083	-1.00000	-1.00000
25370	Gandy	Cluster	un	11321213	-0.02012	-1.00000	-1.00000	-0.00481	-1.00000	-1.00000	0.00499	-1.00000	-1.00000	0.00034	-1.00000	-1.00000
25371	Gandy	Cluster	un	11322077	-0.00000	-1.00000	-1.00000	-0.00000	-1.00000	-1.00000	-0.00000	-1.00000	-1.00000	0.00004	-1.00000	-1.00000
25374	Gandy	Cluster	un	11323707	0.07407	-1.00000	-1.00000	0.00881	-1.00000	-1.00000	0.00361	-1.00000	-1.00000	0.00026	-1.00000	-1.00000
25378	Gandy	Cluster	un	11325272	0.00000	-1.00000	-1.00000	0.00000	-1.00000	-1.00000	0.00508	-1.00000	-1.00000	0.00013	-1.00000	-1.00000
25383	Gandy	Cluster	un	11326926	0.53293	-1.00000	-1.00000	0.41807	-1.00000	-1.00000	0.40049	-1.00000	-1.00000	0.00075	-1.00000	-1.00000
25389	Gandy	Cluster	un	11328482	0.11959	-1.00000	-1.00000	0.02546	-1.00000	-1.00000	0.03494	-1.00000	-1.00000	0.00040	-1.00000	-1.00000
25391	Gandy	Cluster	un	11329319	0.25057	-1.00000	-1.00000	0.09328	-1.00000	-1.00000	0.07200	-1.00000	-1.00000	0.00051	-1.00000	-1.00000
25392	Gandy	Cluster	un	11330129	0.72414	-1.00000	-1.00000	0.66571	-1.00000	-1.00000	0.66571	-1.00000	-1.00000	0.00091	-1.00000	-1.00000
25393	Gandy	Cluster	un	11330934	0.05748	-1.00000	-1.00000	0.00467	-1.00000	-1.00000	0.06452	-1.00000	-1.00000	0.00032	-1.00000	-1.00000
25400	Gandy	Cluster	un	11334205	0.00290	-1.00000	-1.00000	0.00011	-1.00000	-1.00000	0.00088	-1.00000	-1.00000	0.00028	-1.00000	-1.00000
25407	Gandy	Cluster	un	11336537	-0.00000	-1.00000	-1.00000	-0.00000	-1.00000	-1.00000	-0.00000	-1.00000	-1.00000	0.00004	-1.00000	-1.00000
25413	Gandy	Cluster	un	11339850	0.07875	-1.00000	-1.00000	0.00908	-1.00000	-1.00000	0.00881	-1.00000	-1.00000	0.00012	-1.00000	-1.00000
25428	Gandy	Cluster	un	11343986	0.15460	-1.00000	-1.00000	0.03162	-1.00000	-1.00000	0.04578	-1.00000	-1.00000	0.00030	-1.00000	-1.00000
25429	Gandy	Cluster	un	11344762	0.29856	-1.00000	-1.00000	0.11199	-1.00000	-1.00000	0.16077	-1.00000	-1.00000	0.00052	-1.00000	-1.00000
25432	Gandy	Cluster	un	11346278	0.26765	-1.00000	-1.00000	0.09455	-1.00000	-1.00000	0.11315	-1.00000	-1.00000	0.00046	-1.00000	-1.00000
25450	Gandy	Cluster	un	11354153	0.04067	-1.00000	-1.00000	0.00302	-1.00000	-1.00000	0.01050	-1.00000	-1.00000	0.00018	-1.00000	-1.00000
25464	Gandy	Cluster	un	11358819	0.28070	-1.00000	-1.00000	0.09850	-1.00000	-1.00000	0.15157	-1.00000	-1.00000	0.00048	-1.00000	-1.00000
25470	Gandy	Cluster	un	11359632	0.06784	-1.00000	-1.00000	0.03241	-1.00000	-1.00000	0.04346	-1.00000	-1.00000	0.00056	-1.00000	-1.00000
25471	Gandy	Cluster	un	11360451	-0.00000	-1.00000	-1.00000	-0.00000	-1.00000	-1.00000	-0.00607	-1.00000	-1.00000	0.00028	-1.00000	-1.00000
25473	Gandy	Cluster	un	11362053	0.02382	-1.00000	-1.00000	0.00187	-1.00000	-1.00000	0.00246	-1.00000	-1.00000	0.00008	-1.00000	-1.00000
25476	Gandy	Cluster	un	11363741	0.02760	-1.00000	-1.00000	0.00210	-1.00000	-1.00000	0.00883	-1.00000	-1.00000	0.00026	-1.00000	-1.00000
25484	Gandy	Cluster	un	11366946	0.28472	-1.00000	-1.00000	0.14552	-1.00000	-1.00000	0.18937	-1.00000	-1.00000	0.00062	-1.00000	-1.00000
25491	Gandy	Cluster	un	11370952	0.06470	-1.00000	-1.00000	0.00736	-1.00000	-1.00000	0.00760	-1.00000	-1.00000	0.00012	-1.00000	-1.00000
25494	Gandy	Cluster	un	11372569	0.24368	-1.00000	-1.00000	0.19593	-1.00000	-1.00000	0.19593	-1.00000	-1.00000	0.00065	-1.00000	-1.00000
25497	Gandy	Cluster	un	11374074	0.73913	-1.00000	-1.00000	0.68919	-1.00000	-1.00000	0.64579	-1.00000	-1.00000	0.00106	-1.00000	-1.00000
25517	Gandy	Cluster	un	11381285	-0.00564	-1.00000	-1.00000	-0.00350	-1.00000	-1.00000	0.02929	-1.00000	-1.00000	0.00057	-1.00000	-1.00000
25525	Gandy	Cluster	un	11384526	-0.03795	-1.00000	-1.00000	-0.00293	-1.00000	-1.00000	0.00120	-1.00000	-1.00000	0.00017	-1.00000	-1.00000
25527	Gandy	Cluster	un	11385352	0.07875	-1.00000	-1.00000	0.00908	-1.00000	-1.00000	0.00881	-1.00000	-1.00000	0.00013	-1.00000	-1.00000
25535	Gandy	Cluster	un	11388610	0.06897	-1.00000	-1.00000	0.00760	-1.00000	-1.00000	0.00760	-1.00000	-1.00000	0.00013	-1.00000	-1.00000
25560	Gandy	Cluster	un	11397967	0.24742	-1.00000	-1.00000	0.11872	-1.00000	-1.00000	0.13182	-1.00000	-1.00000	0.00052	-1.00000	-1.00000
25562	Gandy	Cluster	un	11398879	0.06470	-1.00000	-1.00000	0.00736	-1.00000	-1.00000	0.00760	-1.00000	-1.00000	0.00012	-1.00000	-1.00000
25564	Gandy	Cluster	un	11399707	0.20072	-1.00000	-1.00000	0.13011	-1.00000	-1.00000	0.12876	-1.00000	-1.00000	0.00069	-1.00000	-1.00000
25566	Gandy	Cluster	un	11401396	-0.00000	-1.00000	-1.00000	-0.00000	-1.00000	-1.00000	-0.00000	-1.00000	-1.00000	0.00004	-1.00000	-1.00000
25568	Gandy	Cluster	un	11402195	0.13793	-1.00000	-1.00000	0.02685	-1.00000	-1.00000	0.02685	-1.00000	-1.00000	0.00020	-1.00000	-1.00000
25569	Gandy	Cluster	un	11403027	0.21739	-1.00000	-1.00000	0.06757	-1.00000	-1.00000	0.04521	-1.00000	-1.00000	0.00043	-1.00000	-1.00000
25578	Gandy	Cluster	un	11405590	0.00251	-1.00000	-1.00000	0.00009	-1.00000	-1.00000	0.00508	-1.00000	-1.00000	0.00011	-1.00000	-1.00000
25582	Gandy	Cluster	un	11407930	0.17241	-1.00000	-1.00000	0.04132	-1.00000	-1.00000	0.04132	-1.00000	-1.00000	0.00026	-1.00000	-1.00000
25583	Gandy	Cluster	un	11408705	0.05576	-1.00000	-1.00000	0.01319	-1.00000	-1.00000	0.00705	-1.00000	-1.00000	0.00029	-1.00000	-1.00000
25589	Gandy	Cluster	un	11411031	0.37984	-1.00000	-1.00000	0.17493	-1.00000	-1.00000	0.26396	-1.00000	-1.00000	0.00062	-1.00000	-1.00000
25590	Gandy	Cluster	un	11411836	-0.00000	-1.00000	-1.00000	-0.00000	-1.00000	-1.00000	-0.00000	-1.00000	-1.00000	0.00004	-1.00000	-1.00000
25594	Gandy	Cluster	un	11413401	0.34255	-1.00000	-1.00000	0.15689	-1.00000	-1.00000	0.17666	-1.00000	-1.00000	0.00050	-1.00000	-1.00000
25596	Gandy	Cluster	un	11414201	0.19845	-1.00000	-1.00000	0.04545	-1.00000	-1.00000	0.12678	-1.00000	-1.00000	0.00048	-1.00000	-1.00000
25605	Gandy	Cluster	un	11418053	0.07875	-1.00000	-1.00000	0.00908	-1.00000	-1.00000	0.00881	-1.00000	-1.00000	0.00014	-1.00000	-1.00000
25619	Gandy	Cluster	un	11421968	0.03448	-1.00000	-1.00000	0.00246	-1.00000	-1.00000	0.00246	-1.00000	-1.00000	0.00008	-1.00000	-1.00000
25630	Gandy	Cluster	un	11426988	0.11407	-1.00000	-1.00000	0.11645	-1.00000	-1.00000	0.11710	-1.00000	-1.00000	0.00069	-1.00000	-1.00000
25636	Gandy	Cluster	un	11430089	0.58621	-1.00000	-1.00000	0.46789	-1.00000	-1.00000	0.46789	-1.00000	-1.00000	0.00075	-1.00000	-1.00000
25650	Gandy	Cluster	un	11433179	0.38907	-1.00000	-1.00000	0.22594	-1.00000	-1.00000	0.20512	-1.00000	-1.00000	0.00068	-1.00000	-1.00000
25653	Gandy	Cluster	un	11435499	0.74074	-1.00000	-1.00000	0.68966	-1.00000	-1.00000	0.68358	-1.00000	-1.00000	0.00091	-1.00000	-1.00000
25654	Gandy	Cluster	un	11436351	0.00251	-1.00000	-1.00000	0.00009	-1.00000	-1.00000	-0.00000	-1.00000	-1.00000	0.00005	-1.00000	-1.00000
25667	Gandy	Cluster	un	11440168	0.04838	-1.00000	-1.00000	0.00422	-1.00000	-1.00000	0.00836	-1.00000	-1.00000	0.00029	-1.00000	-1.00000
25668	Gandy	Cluster	un	11441068	0.17241	-1.00000	-1.00000	0.04132	-1.00000	-1.00000	0.04132	-1.00000	-1.00000	0.00024	-1.00000	-1.00000
25670	Gandy	Cluster	un	11441898	0.03704	-1.00000	-1.00000	0.00284	-1.00000	-1.00000	0.00284	-1.00000	-1.00000	0.00009	-1.00000	-1.00000
25675	Gandy	Cluster	un	11442735	0.14815	-1.00000	-1.00000	0.03120	-1.00000	-1.00000	0.02582	-1.00000	-1.00000	0.00034	-1.00000	-1.00000
25683	Gandy	Cluster	un	11444362	0.70370	-1.00000	-1.00000	0.63758	-1.00000	-1.00000	0.63144	-1.00000	-1.00000	0.00089	-1.00000	-1.00000
25705	Gandy	Cluster	un	11453181	0.15460	-1.00000	-1.00000	0.03162	-1.00000	-1.00000	0.04578	-1.00000	-1.00000	0.00027	-1.00000	-1.00000
25710	Gandy	Cluster	un	11455624	-0.00235	-1.00000	-1.00000	-0.00008	-1.00000	-1.00000	0.00008	-1.00000	-1.00000	0.00012	-1.00000	-1.00000
25717	Gandy	Cluster	un	11457277	0.54037	-1.00000	-1.00000	0.37872	-1.00000	-1.00000	0.37759	-1.00000	-1.00000	0.00067	-1.00000	-1.00000
25722	Gandy	Cluster	un	11459613	0.05274	-1.00000	-1.00000	0.02009	-1.00000	-1.00000	0.01771	-1.00000	-1.00000	0.00048	-1.00000	-1.00000
25739	Gandy	Cluster	un	11466953	-0.01798	-1.00000	-1.00000	-0.00206	-1.00000	-1.00000	0.02071	-1.00000	-1.00000	0.00030	-1.00000	-1.00000
25749	Gandy	Cluster	un	11471735	-0.00270	-1.00000	-1.00000	-0.00010	-1.00000	-1.00000	0.01069	-1.00000	-1.00000	0.00022	-1.00000	-1.00000
25753	Gandy	Cluster	un	11474181	0.04820	-1.00000	-1.00000	0.00374	-1.00000	-1.00000	0.03064	-1.00000	-1.00000	0.00023	-1.00000	-1.00000
25772	Gandy	Cluster	un	11481148	0.17241	-1.00000	-1.00000	0.04132	-1.00000	-1.00000	0.04132	-1.00000	-1.00000	0.00027	-1.00000	-1.00000
25777	Gandy	Cluster	un	11483531	0.15460	-1.00000	-1.00000	0.03162	-1.00000	-1.00000	0.03120	-1.00000	-1.00000	0.00020	-1.00000	-1.00000
25780	Gandy	Cluster	un	11485329	0.00561	-1.00000	-1.00000	0.00021	-1.00000	-1.00000	0.02159	-1.00000	-1.00000	0.00018	-1.00000	-1.00000
25783	Gandy	Cluster	un	11486243	0.05304	-1.00000	-1.00000	0.00446	-1.00000	-1.00000	0.03024	-1.00000	-1.00000	0.00041	-1.00000	-1.00000
25786	Gandy	Cluster	un	11487718	0.00000	-1.00000	-1.00000	0.00000	-1.00000	-1.00000	-0.00502	-1.00000	-1.00000	0.00020	-1.00000	-1.00000
25787	Gandy	Cluster	un	11488484	-0.03795	-1.00000	-1.00000	-0.00293	-1.00000	-1.00000	0.04194	-1.00000	-1.00000	0.00032	-1.00000	-1.00000
25800	Gandy	Cluster	un	11495472	0.33944	-1.00000	-1.00000	0.14624	-1.00000	-1.00000	0.14487	-1.00000	-1.00000	0.00041	-1.00000	-1.00000
25816	Gandy	Cluster	un	11502373	0.00656	-1.00000	-1.00000	0.00026	-1.00000	-1.00000	0.05121	-1.00000	-1.00000	0.00028	-1.00000	-1.00000
25817	Gandy	Cluster	un	11503198	-0.00000	-1.00000	-1.00000	-0.00000	-1.00000	-1.00000	-0.00000	-1.00000	-1.00000	0.00004	-1.00000	-1.00000
25848	Gandy	Cluster	un	11511146	0.34582	-1.00000	-1.00000	0.30110	-1.00000	-1.00000	0.33803	-1.00000	-1.00000	0.00065	-1.00000	-1.00000
25873	Gandy	Cluster	un	11521559	0.38471	-1.00000	-1.00000	0.23817	-1.00000	-1.00000	0.21532	-1.00000	-1.00000	0.00064	-1.00000	-1.00000
25901	Gandy	Cluster	un	11536622	0.48978	-1.00000	-1.00000	0.32431	-1.00000	-1.00000	0.31733	-1.00000	-1.00000	0.00064	-1.00000	-1.00000
25918	Gandy	Cluster	un	11543202	0.40000	-1.00000	-1.00000	0.22680	-1.00000	-1.00000	0.21986	-1.00000	-1.00000	0.00062	-1.00000	-1.00000
25922	Gandy	Cluster	un	11544688	0.09715	-1.00000	-1.00000	0.08208	-1.00000	-1.00000	0.07346	-1.00000	-1.00000	0.00083	-1.00000	-1.00000
25923	Gandy	Cluster	un	11545412	-0.00000	-1.00000	-1.00000	-0.00000	-1.00000	-1.00000	-0.01068	-1.00000	-1.00000	0.00033	-1.00000	-1.00000
25924	Gandy	Cluster	un	11546203	0.00561	-1.00000	-1.00000	0.00021	-1.00000	-1.00000	0.02159	-1.00000	-1.00000	0.00019	-1.00000	-1.00000
25943	Gandy	Cluster	un	11550430	0.59259	-1.00000	-1.00000	0.47803	-1.00000	-1.00000	0.47803	-1.00000	-1.00000	0.00071	-1.00000	-1.00000
25944	Gandy	Cluster	un	11551287	-0.00270	-1.00000	-1.00000	-0.00010	-1.00000	-1.00000	-0.00488	-1.00000	-1.00000	0.00026	-1.00000	-1.00000
25952	Gandy	Cluster	un	11555329	0.13473	-1.00000	-1.00000	0.10635	-1.00000	-1.00000	0.18643	-1.00000	-1.00000	0.00066	-1.00000	-1.00000
25953	Gandy	Cluster	un	11556202	0.04067	-1.00000	-1.00000	0.00302	-1.00000	-1.00000	0.01050	-1.00000	-1.00000	0.00017	-1.00000	-1.00000
25956	Gandy	Cluster	un	11558553	0.00000	-1.00000	-1.00000	0.00000	-1.00000	-1.00000	-0.00502	-1.00000	-1.00000	0.00019	-1.00000	-1.00000
25965	Gandy	Cluster	un	11562591	0.00000	-1.00000	-1.00000	0.00000	-1.00000	-1.00000	0.00508	-1.00000	-1.00000	0.00016	-1.00000	-1.00000
25967	Gandy	Cluster	un	11563236	0.04067	-1.00000	-1.00000	0.00302	-1.00000	-1.00000	0.01050	-1.00000	-1.00000	0.00016	-1.00000	-1.00000
25971	Gandy	Cluster	un	11564771	0.03114	-1.00000	-1.00000	0.00229	-1.00000	-1.00000	0.00246	-1.00000	-1.00000	0.00008	-1.00000	-1.00000
25973	Gandy	Cluster	un	11565613	0.30515	-1.00000	-1.00000	0.12370	-1.00000	-1.00000	0.14308	-1.00000	-1.00000	0.00043	-1.00000	-1.00000
25981	Gandy	Cluster	un	11568855	0.92839	-1.00000	-1.00000	0.92331	-1.00000	-1.00000	0.92388	-1.00000	-1.00000	0.00115	-1.00000	-1.00000
25982	Gandy	Cluster	un	11569666	0.03320	-1.00000	-1.00000	0.00263	-1.00000	-1.00000	-0.00486	-1.00000	-1.00000	0.00029	-1.00000	-1.00000
25983	Gandy	Cluster	un	11570481	0.20690	-1.00000	-1.00000	0.05924	-1.00000	-1.00000	0.05924	-1.00000	-1.00000	0.00029	-1.00000	-1.00000
25985	Gandy	Cluster	un	11571284	0.16584	-1.00000	-1.00000	0.04086	-1.00000	-1.00000	0.04132	-1.00000	-1.00000	0.00022	-1.00000	-1.00000
25992	Gandy	Cluster	un	11573888	0.13030	-1.00000	-1.00000	0.04186	-1.00000	-1.00000	0.04186	-1.00000	-1.00000	0.00029	-1.00000	-1.00000
25994	Gandy	Cluster	un	11574761	-0.00000	-1.00000	-1.00000	-0.00000	-1.00000	-1.00000	-0.00000	-1.00000	-1.00000	0.00004	-1.00000	-1.00000
25999	Gandy	Cluster	un	11577979	0.06897	-1.00000	-1.00000	0.00760	-1.00000	-1.00000	0.00760	-1.00000	-1.00000	0.00011	-1.00000	-1.00000
26015	Gandy	Cluster	un	11582866	0.00000	-1.00000	-1.00000	0.00000	-1.00000	-1.00000	-0.00502	-1.00000	-1.00000	0.00020	-1.00000	-1.00000
26017	Gandy	Cluster	un	11584346	0.53042	-1.00000	-1.00000	0.37820	-1.00000	-1.00000	0.39552	-1.00000	-1.00000	0.00064	-1.00000	-1.00000
26020	Gandy	Cluster	un	11586099	0.11672	-1.00000	-1.00000	0.01853	-1.00000	-1.00000	0.03064	-1.00000	-1.00000	0.00024	-1.00000	-1.00000
26026	Gandy	Cluster	un	11587673	-0.03300	-1.00000	-1.00000	-0.01458	-1.00000	-1.00000	0.04480	-1.00000	-1.00000	0.00055	-1.00000	-1.00000
26027	Gandy	Cluster	un	11588475	0.06407	-1.00000	-1.00000	0.00815	-1.00000	-1.00000	-0.00189	-1.00000	-1.00000	0.00033	-1.00000	-1.00000
26033	Gandy	Cluster	un	11592074	0.04067	-1.00000	-1.00000	0.00302	-1.00000	-1.00000	0.00284	-1.00000	-1.00000	0.00008	-1.00000	-1.00000
26044	Gandy	Cluster	un	11596246	0.04820	-1.00000	-1.00000	0.00374	-1.00000	-1.00000	0.03064	-1.00000	-1.00000	0.00024	-1.00000	-1.00000
26053	Gandy	Cluster	un	11600028	0.22943	-1.00000	-1.00000	0.23394	-1.00000	-1.00000	0.22859	-1.00000	-1.00000	0.00074	-1.00000	-1.00000
26076	Gandy	Cluster	un	11610495	-0.00315	-1.00000	-1.00000	-0.00013	-1.00000	-1.00000	0.00554	-1.00000	-1.00000	0.00032	-1.00000	-1.00000
26085	Gandy	Cluster	un	11615471	0.00951	-1.00000	-1.00000	0.00037	-1.00000	-1.00000	0.05121	-1.00000	-1.00000	0.00026	-1.00000	-1.00000
26092	Gandy	Cluster	un	11618475	0.04067	-1.00000	-1.00000	0.00302	-1.00000	-1.00000	0.00284	-1.00000	-1.00000	0.00010	-1.00000	-1.00000
26097	Gandy	Cluster	un	11620104	-0.00341	-1.00000	-1.00000	-0.00055	-1.00000	-1.00000	-0.00787	-1.00000	-1.00000	0.00032	-1.00000	-1.00000
26106	Gandy	Cluster	un	11623411	0.27586	-1.00000	-1.00000	0.10573	-1.00000	-1.00000	0.10573	-1.00000	-1.00000	0.00036	-1.00000	-1.00000
26127	Gandy	Cluster	un	11632328	0.19150	-1.00000	-1.00000	0.05590	-1.00000	-1.00000	0.03502	-1.00000	-1.00000	0.00046	-1.00000	-1.00000
26130	Gandy	Cluster	un	11634937	0.13263	-1.00000	-1.00000	0.02215	-1.00000	-1.00000	0.03571	-1.00000	-1.00000	0.00027	-1.00000	-1.00000
26133	Gandy	Cluster	un	11636639	-0.00270	-1.00000	-1.00000	-0.00010	-1.00000	-1.00000	-0.00488	-1.00000	-1.00000	0.00027	-1.00000	-1.00000
26135	Gandy	Cluster	un	11638207	0.21608	-1.00000	-1.00000	0.05772	-1.00000	-1.00000	0.10217	-1.00000	-1.00000	0.00038	-1.00000	-1.00000
26141	Gandy	Cluster	un	11640678	0.00951	-1.00000	-1.00000	0.00037	-1.00000	-1.00000	0.05121	-1.00000	-1.00000	0.00028	-1.00000	-1.00000
26154	Gandy	Cluster	un	11646277	0.04067	-1.00000	-1.00000	0.00302	-1.00000	-1.00000	0.01050	-1.00000	-1.00000	0.00016	-1.00000	-1.00000
26157	Gandy	Cluster	un	11648715	0.03448	-1.00000	-1.00000	0.00246	-1.00000	-1.00000	0.00246	-1.00000	-1.00000	0.00008	-1.00000	-1.00000
26162	Gandy	Cluster	un	11651035	0.15460	-1.00000	-1.00000	0.03162	-1.00000	-1.00000	0.04578	-1.00000	-1.00000	0.00028	-1.00000	-1.00000
26170	Gandy	Cluster	un	11655068	-0.00565	-1.00000	-1.00000	-0.00022	-1.00000	-1.00000	0.00778	-1.00000	-1.00000	0.00030	-1.00000	-1.00000
26171	Gandy	Cluster	un	11655956	0.06024	-1.00000	-1.00000	0.00707	-1.00000	-1.00000	0.00286	-1.00000	-1.00000	0.00023	-1.00000	-1.00000
26173	Gandy	Cluster	un	11656681	-0.00270	-1.00000	-1.00000	-0.00010	-1.00000	-1.00000	-0.00488	-1.00000	-1.00000	0.00023	-1.00000	-1.00000
26180	Gandy	Cluster	un	11660856	0.03114	-1.00000	-1.00000	0.00229	-1.00000	-1.00000	0.00246	-1.00000	-1.00000	0.00008	-1.00000	-1.00000
26181	Gandy	Cluster	un	11661665	-0.00767	-1.00000	-1.00000	-0.00029	-1.00000	-1.00000	0.03472	-1.00000	-1.00000	0.00026	-1.00000	-1.00000
26184	Gandy	Cluster	un	11662553	-0.00000	-1.00000	-1.00000	-0.00000	-1.00000	-1.00000	-0.00000	-1.00000	-1.00000	0.00004	-1.00000	-1.00000
26190	Gandy	Cluster	un	11664221	0.05106	-1.00000	-1.00000	0.01354	-1.00000	-1.00000	0.00789	-1.00000	-1.00000	0.00050	-1.00000	-1.00000
26197	Gandy	Cluster	un	11666641	0.06173	-1.00000	-1.00000	0.05435	-1.00000	-1.00000	0.04728	-1.00000	-1.00000	0.00069	-1.00000	-1.00000
26205	Gandy	Cluster	un	11669888	-0.00000	-1.00000	-1.00000	-0.00000	-1.00000	-1.00000	-0.00000	-1.00000	-1.00000	0.00004	-1.00000	-1.00000
26225	Gandy	Cluster	un	11680522	0.00000	-1.00000	-1.00000	0.00000	-1.00000	-1.00000	0.00508	-1.00000	-1.00000	0.00013	-1.00000	-1.00000
26236	Gandy	Cluster	un	11686934	0.09054	-1.00000	-1.00000	0.01094	-1.00000	-1.00000	0.04304	-1.00000	-1.00000	0.00030	-1.00000	-1.00000
26242	Gandy	Cluster	un	11688547	0.92552	-1.00000	-1.00000	0.91698	-1.00000	-1.00000	0.91922	-1.00000	-1.00000	0.00115	-1.00000	-1.00000
26245	Gandy	Cluster	un	11689358	0.32667	-1.00000	-1.00000	0.16504	-1.00000	-1.00000	0.14891	-1.00000	-1.00000	0.00055	-1.00000	-1.00000
26252	Gandy	Cluster	un	11693220	0.52973	-1.00000	-1.00000	0.53766	-1.00000	-1.00000	0.56383	-1.00000	-1.00000	0.00092	-1.00000	-1.00000
26253	Gandy	Cluster	un	11694032	0.29856	-1.00000	-1.00000	0.11199	-1.00000	-1.00000	0.13214	-1.00000	-1.00000	0.00050	-1.00000	-1.00000
26256	Gandy	Cluster	un	11695496	0.38549	-1.00000	-1.00000	0.32955	-1.00000	-1.00000	0.35414	-1.00000	-1.00000	0.00083	-1.00000	-1.00000
26257	Gandy	Cluster	un	11696296	0.61914	-1.00000	-1.00000	0.49066	-1.00000	-1.00000	0.50368	-1.00000	-1.00000	0.00074	-1.00000	-1.00000
26262	Gandy	Cluster	un	11698695	0.00251	-1.00000	-1.00000	0.00009	-1.00000	-1.00000	0.00508	-1.00000	-1.00000	0.00012	-1.00000	-1.00000
26285	Gandy	Cluster	un	11708265	-0.00000	-1.00000	-1.00000	-0.00000	-1.00000	-1.00000	-0.00000	-1.00000	-1.00000	0.00005	-1.00000	-1.00000
26287	Gandy	Cluster	un	11709028	0.25916	-1.00000	-1.00000	0.10443	-1.00000	-1.00000	0.08527	-1.00000	-1.00000	0.00049	-1.00000	-1.00000
26291	Gandy	Cluster	un	11711471	-0.00235	-1.00000	-1.00000	-0.00008	-1.00000	-1.00000	0.00008	-1.00000	-1.00000	0.00012	-1.00000	-1.00000
26294	Gandy	Cluster	un	11712269	0.03448	-1.00000	-1.00000	0.00246	-1.00000	-1.00000	0.00246	-1.00000	-1.00000	0.00009	-1.00000	-1.00000
26297	Gandy	Cluster	un	11713023	0.85020	-1.00000	-1.00000	0.82221	-1.00000	-1.00000	0.82468	-1.00000	-1.00000	0.00106	-1.00000	-1.00000
26298	Gandy	Cluster	un	11713836	0.03448	-1.00000	-1.00000	0.00246	-1.00000	-1.00000	0.00246	-1.00000	-1.00000	0.00008	-1.00000	-1.00000
26305	Gandy	Cluster	un	11717598	0.13793	-1.00000	-1.00000	0.02685	-1.00000	-1.00000	0.02685	-1.00000	-1.00000	0.00021	-1.00000	-1.00000
26307	Gandy	Cluster	un	11718379	0.92839	-1.00000	-1.00000	0.92331	-1.00000	-1.00000	0.92388	-1.00000	-1.00000	0.00113	-1.00000	-1.00000
26309	Gandy	Cluster	un	11719202	0.03555	-1.00000	-1.00000	0.00306	-1.00000	-1.00000	-0.00925	-1.00000	-1.00000	0.00052	-1.00000	-1.00000
26312	Gandy	Cluster	un	11720512	-0.00000	-1.00000	-1.00000	-0.00000	-1.00000	-1.00000	-0.00000	-1.00000	-1.00000	0.00004	-1.00000	-1.00000
26317	Gandy	Cluster	un	11722186	1.00000	-1.00000	-1.00000	1.00000	-1.00000	-1.00000	0.99405	-1.00000	-1.00000	0.00130	-1.00000	-1.00000
26323	Gandy	Cluster	un	11725303	0.43634	-1.00000	-1.00000	0.38372	-1.00000	-1.00000	0.41448	-1.00000	-1.00000	0.00082	-1.00000	-1.00000
26331	Gandy	Cluster	un	11729283	-0.00295	-1.00000	-1.00000	-0.00044	-1.00000	-1.00000	-0.00028	-1.00000	-1.00000	0.00016	-1.00000	-1.00000
26333	Gandy	Cluster	un	11730967	-0.00000	-1.00000	-1.00000	-0.00000	-1.00000	-1.00000	-0.00581	-1.00000	-1.00000	0.00019	-1.00000	-1.00000
26343	Gandy	Cluster	un	11735951	0.34783	-1.00000	-1.00000	0.17266	-1.00000	-1.00000	0.15485	-1.00000	-1.00000	0.00069	-1.00000	-1.00000
26345	Gandy	Cluster	un	11736706	0.15206	-1.00000	-1.00000	0.14195	-1.00000	-1.00000	0.14472	-1.00000	-1.00000	0.00073	-1.00000	-1.00000
26346	Gandy	Cluster	un	11737543	0.21608	-1.00000	-1.00000	0.05772	-1.00000	-1.00000	0.07534	-1.00000	-1.00000	0.00035	-1.00000	-1.00000
26366	Gandy	Cluster	un	11742317	0.02414	-1.00000	-1.00000	0.01515	-1.00000	-1.00000	0.04918	-1.00000	-1.00000	0.00066	-1.00000	-1.00000
26367	Gandy	Cluster	un	11743125	0.21608	-1.00000	-1.00000	0.05772	-1.00000	-1.00000	0.10217	-1.00000	-1.00000	0.00040	-1.00000	-1.00000
26381	Gandy	Cluster	un	11750193	0.04067	-1.00000	-1.00000	0.00302	-1.00000	-1.00000	0.01050	-1.00000	-1.00000	0.00018	-1.00000	-1.00000
26384	Gandy	Cluster	un	11750952	0.08000	-1.00000	-1.00000	0.01033	-1.00000	-1.00000	0.01493	-1.00000	-1.00000	0.00054	-1.00000	-1.00000
26388	Gandy	Cluster	un	11752267	0.20818	-1.00000	-1.00000	0.05720	-1.00000	-1.00000	0.05181	-1.00000	-1.00000	0.00043	-1.00000	-1.00000
26396	Gandy	Cluster	un	11756940	0.00656	-1.00000	-1.00000	0.00026	-1.00000	-1.00000	0.01989	-1.00000	-1.00000	0.00033	-1.00000	-1.00000
26397	Gandy	Cluster	un	11757752	0.07875	-1.00000	-1.00000	0.00908	-1.00000	-1.00000	0.01894	-1.00000	-1.00000	0.00024	-1.00000	-1.00000
26411	Gandy	Cluster	un	11761689	0.17448	-1.00000	-1.00000	0.03767	-1.00000	-1.00000	0.07867	-1.00000	-1.00000	0.00036	-1.00000	-1.00000
26424	Gandy	Cluster	un	11765040	0.19238	-1.00000	-1.00000	0.04856	-1.00000	-1.00000	0.04808	-1.00000	-1.00000	0.00025	-1.00000	-1.00000
26425	Gandy	Cluster	un	11765887	0.67555	-1.00000	-1.00000	0.64883	-1.00000	-1.00000	0.63346	-1.00000	-1.00000	0.00100	-1.00000	-1.00000
26426	Gandy	Cluster	un	11766658	0.19238	-1.00000	-1.00000	0.04856	-1.00000	-1.00000	0.04808	-1.00000	-1.00000	0.00028	-1.00000	-1.00000
26428	Gandy	Cluster	un	11767411	0.06024	-1.00000	-1.00000	0.00707	-1.00000	-1.00000	0.00760	-1.00000	-1.00000	0.00012	-1.00000	-1.00000
26430	Gandy	Cluster	un	11769100	-0.00489	-1.00000	-1.00000	-0.00018	-1.00000	-1.00000	0.01104	-1.00000	-1.00000	0.00020	-1.00000	-1.00000
26435	Gandy	Cluster	un	11771611	0.11672	-1.00000	-1.00000	0.01853	-1.00000	-1.00000	0.03064	-1.00000	-1.00000	0.00025	-1.00000	-1.00000
26444	Gandy	Cluster	un	11772415	0.03114	-1.00000	-1.00000	0.00229	-1.00000	-1.00000	0.00246	-1.00000	-1.00000	0.00008	-1.00000	-1.00000
26447	Gandy	Cluster	un	11774075	0.07407	-1.00000	-1.00000	0.00881	-1.00000	-1.00000	0.00881	-1.00000	-1.00000	0.00012	-1.00000	-1.00000
26471	Gandy	Cluster	un	11782685	0.00000	-1.00000	-1.00000	0.00000	-1.00000	-1.00000	-0.00683	-1.00000	-1.00000	0.00050	-1.00000	-1.00000
26479	Gandy	Cluster	un	11784958	0.76724	-1.00000	-1.00000	0.71716	-1.00000	-1.00000	0.71164	-1.00000	-1.00000	0.00101	-1.00000	-1.00000
26483	Gandy	Cluster	un	11786547	0.07875	-1.00000	-1.00000	0.00908	-1.00000	-1.00000	0.01894	-1.00000	-1.00000	0.00021	-1.00000	-1.00000
26487	Gandy	Cluster	un	11788000	0.21608	-1.00000	-1.00000	0.05772	-1.00000	-1.00000	0.10217	-1.00000	-1.00000	0.00038	-1.00000	-1.00000
26495	Gandy	Cluster	un	11790529	0.03108	-1.00000	-1.00000	0.00579	-1.00000	-1.00000	0.00579	-1.00000	-1.00000	0.00019	-1.00000	-1.00000
26511	Gandy	Cluster	un	11796452	0.17241	-1.00000	-1.00000	0.04132	-1.00000	-1.00000	0.04132	-1.00000	-1.00000	0.00027	-1.00000	-1.00000
26516	Gandy	Cluster	un	11798825	0.06897	-1.00000	-1.00000	0.00760	-1.00000	-1.00000	0.00760	-1.00000	-1.00000	0.00012	-1.00000	-1.00000
26528	Gandy	Cluster	un	11803557	0.13793	-1.00000	-1.00000	0.02685	-1.00000	-1.00000	0.02685	-1.00000	-1.00000	0.00020	-1.00000	-1.00000
26531	Gandy	Cluster	un	11805164	0.00251	-1.00000	-1.00000	0.00009	-1.00000	-1.00000	0.00508	-1.00000	-1.00000	0.00012	-1.00000	-1.00000
26539	Gandy	Cluster	un	11808384	0.00290	-1.00000	-1.00000	0.00011	-1.00000	-1.00000	0.00589	-1.00000	-1.00000	0.00014	-1.00000	-1.00000
26540	Gandy	Cluster	un	11809173	0.00656	-1.00000	-1.00000	0.00026	-1.00000	-1.00000	0.01989	-1.00000	-1.00000	0.00037	-1.00000	-1.00000
26543	Gandy	Cluster	un	11811408	0.05493	-1.00000	-1.00000	0.04764	-1.00000	-1.00000	0.05402	-1.00000	-1.00000	0.00074	-1.00000	-1.00000
26548	Gandy	Cluster	un	11813567	-0.00000	-1.00000	-1.00000	-0.00000	-1.00000	-1.00000	-0.00000	-1.00000	-1.00000	0.00004	-1.00000	-1.00000
26549	Gandy	Cluster	un	11814374	0.06059	-1.00000	-1.00000	0.05433	-1.00000	-1.00000	0.08731	-1.00000	-1.00000	0.00073	-1.00000	-1.00000
26558	Gandy	Cluster	un	11818185	0.16737	-1.00000	-1.00000	0.03722	-1.00000	-1.00000	0.03187	-1.00000	-1.00000	0.00036	-1.00000	-1.00000
26571	Gandy	Cluster	un	11822237	0.80000	-1.00000	-1.00000	0.77064	-1.00000	-1.00000	0.76799	-1.00000	-1.00000	0.00106	-1.00000	-1.00000
26581	Gandy	Cluster	un	11826282	0.00000	-1.00000	-1.00000	0.00000	-1.00000	-1.00000	-0.00713	-1.00000	-1.00000	0.00025	-1.00000	-1.00000
26586	Gandy	Cluster	un	11829244	0.09920	-1.00000	-1.00000	0.01304	-1.00000	-1.00000	0.08145	-1.00000	-1.00000	0.00041	-1.00000	-1.00000
26597	Gandy	Cluster	un	11833710	0.34483	-1.00000	-1.00000	0.16641	-1.00000	-1.00000	0.16641	-1.00000	-1.00000	0.00035	-1.00000	-1.00000
26601	Gandy	Cluster	un	11834745	0.08745	-1.00000	-1.00000	0.01453	-1.00000	-1.00000	0.03023	-1.00000	-1.00000	0.00038	-1.00000	-1.00000
26604	Gandy	Cluster	un	11837263	-0.03497	-1.00000	-1.00000	-0.02065	-1.00000	-1.00000	-0.02069	-1.00000	-1.00000	0.00046	-1.00000	-1.00000
26605	Gandy	Cluster	un	11838062	0.06897	-1.00000	-1.00000	0.00760	-1.00000	-1.00000	0.00760	-1.00000	-1.00000	0.00013	-1.00000	-1.00000
26621	Gandy	Cluster	un	11844456	0.04820	-1.00000	-1.00000	0.00374	-1.00000	-1.00000	0.03064	-1.00000	-1.00000	0.00026	-1.00000	-1.00000
26645	Gandy	Cluster	un	11852461	0.67071	-1.00000	-1.00000	0.60437	-1.00000	-1.00000	0.56318	-1.00000	-1.00000	0.00094	-1.00000	-1.00000
26650	Gandy	Cluster	un	11854868	0.00000	-1.00000	-1.00000	0.00000	-1.00000	-1.00000	-0.00502	-1.00000	-1.00000	0.00020	-1.00000	-1.00000
26659	Gandy	Cluster	un	11858860	0.08538	-1.00000	-1.00000	0.01066	-1.00000	-1.00000	0.02205	-1.00000	-1.00000	0.00022	-1.00000	-1.00000
26671	Gandy	Cluster	un	11862454	0.74074	-1.00000	-1.00000	0.68966	-1.00000	-1.00000	0.69565	-1.00000	-1.00000	0.00094	-1.00000	-1.00000
26672	Gandy	Cluster	un	11863274	0.10375	-1.00000	-1.00000	0.10010	-1.00000	-1.00000	0.09207	-1.00000	-1.00000	0.00070	-1.00000	-1.00000
26677	Gandy	Cluster	un	11866710	0.07875	-1.00000	-1.00000	0.00908	-1.00000	-1.00000	0.01894	-1.00000	-1.00000	0.00022	-1.00000	-1.00000
26679	Gandy	Cluster	un	11868351	0.00251	-1.00000	-1.00000	0.00009	-1.00000	-1.00000	-0.00000	-1.00000	-1.00000	0.00005	-1.00000	-1.00000
26680	Gandy	Cluster	un	11869119	0.48637	-1.00000	-1.00000	0.49701	-1.00000	-1.00000	0.48426	-1.00000	-1.00000	0.00100	-1.00000	-1.00000
26684	Gandy	Cluster	un	11870620	0.67326	-1.00000	-1.00000	0.66284	-1.00000	-1.00000	0.65645	-1.00000	-1.00000	0.00095	-1.00000	-1.00000
26688	Gandy	Cluster	un	11872218	0.06897	-1.00000	-1.00000	0.00760	-1.00000	-1.00000	0.00760	-1.00000	-1.00000	0.00012	-1.00000	-1.00000
26697	Gandy	Cluster	un	11876196	-0.00000	-1.00000	-1.00000	-0.00000	-1.00000	-1.00000	-0.00000	-1.00000	-1.00000	0.00004	-1.00000	-1.00000
26706	Gandy	Cluster	un	11879158	0.75528	-1.00000	-1.00000	0.68965	-1.00000	-1.00000	0.69039	-1.00000	-1.00000	0.00098	-1.00000	-1.00000
26715	Gandy	Cluster	un	11882908	-0.03704	-1.00000	-1.00000	-0.00275	-1.00000	-1.00000	-0.00275	-1.00000	-1.00000	0.00009	-1.00000	-1.00000
26726	Gandy	Cluster	un	11885317	0.03704	-1.00000	-1.00000	0.00284	-1.00000	-1.00000	0.00021	-1.00000	-1.00000	0.00015	-1.00000	-1.00000
26731	Gandy	Cluster	un	11886184	0.15194	-1.00000	-1.00000	0.02682	-1.00000	-1.00000	0.10217	-1.00000	-1.00000	0.00042	-1.00000	-1.00000
26751	Gandy	Cluster	un	11892725	0.00290	-1.00000	-1.00000	0.00011	-1.00000	-1.00000	0.00088	-1.00000	-1.00000	0.00026	-1.00000	-1.00000
26754	Gandy	Cluster	un	11895106	-0.00000	-1.00000	-1.00000	-0.00000	-1.00000	-1.00000	-0.00000	-1.00000	-1.00000	0.00004	-1.00000	-1.00000
26755	Gandy	Cluster	un	11895883	0.03704	-1.00000	-1.00000	0.00284	-1.00000	-1.00000	0.01050	-1.00000	-1.00000	0.00018	-1.00000	-1.00000
26759	Gandy	Cluster	un	11898260	-0.02782	-1.00000	-1.00000	-0.00329	-1.00000	-1.00000	-0.00790	-1.00000	-1.00000	0.00033	-1.00000	-1.00000
26781	Gandy	Cluster	un	11908776	0.23364	-1.00000	-1.00000	0.08013	-1.00000	-1.00000	0.08069	-1.00000	-1.00000	0.00033	-1.00000	-1.00000
26789	Gandy	Cluster	un	11912107	0.02382	-1.00000	-1.00000	0.00187	-1.00000	-1.00000	0.03045	-1.00000	-1.00000	0.00031	-1.00000	-1.00000
26792	Gandy	Cluster	un	11913748	-0.03547	-1.00000	-1.00000	-0.00815	-1.00000	-1.00000	-0.00486	-1.00000	-1.00000	0.00030	-1.00000	-1.00000
26802	Gandy	Cluster	un	11919132	-0.00000	-1.00000	-1.00000	-0.00000	-1.00000	-1.00000	-0.00000	-1.00000	-1.00000	0.00004	-1.00000	-1.00000
26806	Gandy	Cluster	un	11920798	0.10077	-1.00000	-1.00000	0.10409	-1.00000	-1.00000	0.08596	-1.00000	-1.00000	0.00083	-1.00000	-1.00000
26811	Gandy	Cluster	un	11923177	0.02912	-1.00000	-1.00000	0.00239	-1.00000	-1.00000	0.00518	-1.00000	-1.00000	0.00042	-1.00000	-1.00000
26813	Gandy	Cluster	un	11923878	0.71144	-1.00000	-1.00000	0.66122	-1.00000	-1.00000	0.62045	-1.00000	-1.00000	0.00100	-1.00000	-1.00000
26814	Gandy	Cluster	un	11924662	0.07875	-1.00000	-1.00000	0.00908	-1.00000	-1.00000	0.00881	-1.00000	-1.00000	0.00013	-1.00000	-1.00000
26815	Gandy	Cluster	un	11925477	-0.00235	-1.00000	-1.00000	-0.00008	-1.00000	-1.00000	-0.00000	-1.00000	-1.00000	0.00005	-1.00000	-1.00000
26818	Gandy	Cluster	un	11927022	0.07407	-1.00000	-1.00000	0.00881	-1.00000	-1.00000	0.00881	-1.00000	-1.00000	0.00013	-1.00000	-1.00000
26847	Gandy	Cluster	un	11940729	0.00251	-1.00000	-1.00000	0.00009	-1.00000	-1.00000	0.00508	-1.00000	-1.00000	0.00013	-1.00000	-1.00000
26851	Gandy	Cluster	un	11942306	0.22581	-1.00000	-1.00000	0.14583	-1.00000	-1.00000	0.11591	-1.00000	-1.00000	0.00070	-1.00000	-1.00000
26863	Gandy	Cluster	un	11947037	0.00340	-1.00000	-1.00000	0.00014	-1.00000	-1.00000	-0.00738	-1.00000	-1.00000	0.00027	-1.00000	-1.00000
26864	Gandy	Cluster	un	11947865	0.36051	-1.00000	-1.00000	0.19258	-1.00000	-1.00000	0.16826	-1.00000	-1.00000	0.00062	-1.00000	-1.00000
26878	Gandy	Cluster	un	11956678	0.00290	-1.00000	-1.00000	0.00011	-1.00000	-1.00000	0.00088	-1.00000	-1.00000	0.00026	-1.00000	-1.00000
26879	Gandy	Cluster	un	11957512	0.05304	-1.00000	-1.00000	0.00446	-1.00000	-1.00000	0.03571	-1.00000	-1.00000	0.00028	-1.00000	-1.00000
26881	Gandy	Cluster	un	11958272	0.00561	-1.00000	-1.00000	0.00021	-1.00000	-1.00000	0.02159	-1.00000	-1.00000	0.00020	-1.00000	-1.00000
26884	Gandy	Cluster	un	11960639	0.04000	-1.00000	-1.00000	0.00332	-1.00000	-1.00000	0.03064	-1.00000	-1.00000	0.00025	-1.00000	-1.00000
26900	Gandy	Cluster	un	11967221	0.28955	-1.00000	-1.00000	0.15525	-1.00000	-1.00000	0.16826	-1.00000	-1.00000	0.00066	-1.00000	-1.00000
26905	Gandy	Cluster	un	11969432	-0.00659	-1.00000	-1.00000	-0.00665	-1.00000	-1.00000	0.04918	-1.00000	-1.00000	0.00081	-1.00000	-1.00000
26907	Gandy	Cluster	un	11971000	0.15460	-1.00000	-1.00000	0.03162	-1.00000	-1.00000	0.03120	-1.00000	-1.00000	0.00023	-1.00000	-1.00000
26911	Gandy	Cluster	un	11973358	-0.00000	-1.00000	-1.00000	-0.00000	-1.00000	-1.00000	-0.01068	-1.00000	-1.00000	0.00036	-1.00000	-1.00000
26914	Gandy	Cluster	un	11974083	0.03114	-1.00000	-1.00000	0.00229	-1.00000	-1.00000	0.00246	-1.00000	-1.00000	0.00009	-1.00000	-1.00000
26921	Gandy	Cluster	un	11977898	0.38907	-1.00000	-1.00000	0.22594	-1.00000	-1.00000	0.18775	-1.00000	-1.00000	0.00083	-1.00000	-1.00000
26923	Gandy	Cluster	un	11978590	0.50064	-1.00000	-1.00000	0.32556	-1.00000	-1.00000	0.36851	-1.00000	-1.00000	0.00070	-1.00000	-1.00000
26947	Gandy	Cluster	un	11988783	0.00561	-1.00000	-1.00000	0.00021	-1.00000	-1.00000	0.02159	-1.00000	-1.00000	0.00021	-1.00000	-1.00000
26949	Gandy	Cluster	un	11989572	0.61873	-1.00000	-1.00000	0.60559	-1.00000	-1.00000	0.59081	-1.00000	-1.00000	0.00091	-1.00000	-1.00000
26950	Gandy	Cluster	un	11990407	0.00000	-1.00000	-1.00000	0.00000	-1.00000	-1.00000	-0.00502	-1.00000	-1.00000	0.00019	-1.00000	-1.00000
26954	Gandy	Cluster	un	11991970	0.02760	-1.00000	-1.00000	0.00210	-1.00000	-1.00000	0.00021	-1.00000	-1.00000	0.00015	-1.00000	-1.00000
26979	Gandy	Cluster	un	12005789	0.00290	-1.00000	-1.00000	0.00011	-1.00000	-1.00000	0.00088	-1.00000	-1.00000	0.00034	-1.00000	-1.00000
26980	Gandy	Cluster	un	12006419	-0.00235	-1.00000	-1.00000	-0.00008	-1.00000	-1.00000	-0.00000	-1.00000	-1.00000	0.00004	-1.00000	-1.00000
26992	Gandy	Cluster	un	12010634	-0.00000	-1.00000	-1.00000	-0.00000	-1.00000	-1.00000	-0.00000	-1.00000	-1.00000	0.00004	-1.00000	-1.00000
26998	Gandy	Cluster	un	12014687	0.00251	-1.00000	-1.00000	0.00009	-1.00000	-1.00000	0.00508	-1.00000	-1.00000	0.00012	-1.00000	-1.00000
26999	Gandy	Cluster	un	12015536	0.06897	-1.00000	-1.00000	0.00760	-1.00000	-1.00000	0.00760	-1.00000	-1.00000	0.00013	-1.00000	-1.00000
27002	Gandy	Cluster	un	12017185	-0.00000	-1.00000	-1.00000	-0.00000	-1.00000	-1.00000	-0.00000	-1.00000	-1.00000	0.00004	-1.00000	-1.00000
27008	Gandy	Cluster	un	12020379	0.45057	-1.00000	-1.00000	0.27457	-1.00000	-1.00000	0.32107	-1.00000	-1.00000	0.00065	-1.00000	-1.00000
27019	Gandy	Cluster	un	12023634	-0.00235	-1.00000	-1.00000	-0.00008	-1.00000	-1.00000	0.00008	-1.00000	-1.00000	0.00012	-1.00000	-1.00000
27030	Gandy	Cluster	un	12028326	0.03704	-1.00000	-1.00000	0.00284	-1.00000	-1.00000	0.00284	-1.00000	-1.00000	0.00009	-1.00000	-1.00000
27035	Gandy	Cluster	un	12031574	0.18519	-1.00000	-1.00000	0.04808	-1.00000	-1.00000	0.06452	-1.00000	-1.00000	0.00028	-1.00000	-1.00000
27036	Gandy	Cluster	un	12032519	0.19238	-1.00000	-1.00000	0.04856	-1.00000	-1.00000	0.04808	-1.00000	-1.00000	0.00029	-1.00000	-1.00000
27037	Gandy	Cluster	un	12033264	0.04067	-1.00000	-1.00000	0.00302	-1.00000	-1.00000	0.00284	-1.00000	-1.00000	0.00009	-1.00000	-1.00000
27045	Gandy	Cluster	un	12037432	0.09054	-1.00000	-1.00000	0.01094	-1.00000	-1.00000	0.04304	-1.00000	-1.00000	0.00034	-1.00000	-1.00000
27054	Gandy	Cluster	un	12041997	0.00290	-1.00000	-1.00000	0.00011	-1.00000	-1.00000	0.00088	-1.00000	-1.00000	0.00027	-1.00000	-1.00000
27055	Gandy	Cluster	un	12042788	-0.00489	-1.00000	-1.00000	-0.00018	-1.00000	-1.00000	0.01104	-1.00000	-1.00000	0.00019	-1.00000	-1.00000
27064	Gandy	Cluster	un	12046160	0.88363	-1.00000	-1.00000	0.88605	-1.00000	-1.00000	0.88041	-1.00000	-1.00000	0.00112	-1.00000	-1.00000
27065	Gandy	Cluster	un	12046969	0.03448	-1.00000	-1.00000	0.00246	-1.00000	-1.00000	0.00246	-1.00000	-1.00000	0.00008	-1.00000	-1.00000
27066	Gandy	Cluster	un	12047788	-0.03511	-1.00000	-1.00000	-0.01747	-1.00000	-1.00000	-0.01338	-1.00000	-1.00000	0.00049	-1.00000	-1.00000
27068	Gandy	Cluster	un	12049259	0.23835	-1.00000	-1.00000	0.10746	-1.00000	-1.00000	0.12324	-1.00000	-1.00000	0.00058	-1.00000	-1.00000
27073	Gandy	Cluster	un	12050887	0.17676	-1.00000	-1.00000	0.15111	-1.00000	-1.00000	0.14346	-1.00000	-1.00000	0.00065	-1.00000	-1.00000
27095	Gandy	Cluster	un	12057329	-0.00000	-1.00000	-1.00000	-0.00000	-1.00000	-1.00000	-0.00000	-1.00000	-1.00000	0.00004	-1.00000	-1.00000
27096	Gandy	Cluster	un	12058139	-0.00000	-1.00000	-1.00000	-0.00000	-1.00000	-1.00000	-0.00000	-1.00000	-1.00000	0.00004	-1.00000	-1.00000
27103	Gandy	Cluster	un	12062136	0.09054	-1.00000	-1.00000	0.01094	-1.00000	-1.00000	0.02205	-1.00000	-1.00000	0.00020	-1.00000	-1.00000
27105	Gandy	Cluster	un	12063766	0.00251	-1.00000	-1.00000	0.00009	-1.00000	-1.00000	0.00508	-1.00000	-1.00000	0.00012	-1.00000	-1.00000
27106	Gandy	Cluster	un	12064571	0.03448	-1.00000	-1.00000	0.00246	-1.00000	-1.00000	0.00246	-1.00000	-1.00000	0.00008	-1.00000	-1.00000
27114	Gandy	Cluster	un	12067751	-0.00315	-1.00000	-1.00000	-0.00013	-1.00000	-1.00000	-0.00207	-1.00000	-1.00000	0.00029	-1.00000	-1.00000
27115	Gandy	Cluster	un	12068512	0.07875	-1.00000	-1.00000	0.00908	-1.00000	-1.00000	0.01894	-1.00000	-1.00000	0.00020	-1.00000	-1.00000
27133	Gandy	Cluster	un	12075948	0.21411	-1.00000	-1.00000	0.06834	-1.00000	-1.00000	0.08696	-1.00000	-1.00000	0.00036	-1.00000	-1.00000
27134	Gandy	Cluster	un	12076773	0.04067	-1.00000	-1.00000	0.00302	-1.00000	-1.00000	0.00284	-1.00000	-1.00000	0.00009	-1.00000	-1.00000
27136	Gandy	Cluster	un	12078363	0.10345	-1.00000	-1.00000	0.01567	-1.00000	-1.00000	0.01567	-1.00000	-1.00000	0.00022	-1.00000	-1.00000
27138	Gandy	Cluster	un	12079730	0.05576	-1.00000	-1.00000	0.01319	-1.00000	-1.00000	0.00705	-1.00000	-1.00000	0.00032	-1.00000	-1.00000
27148	Gandy	Cluster	un	12082114	-0.01057	-1.00000	-1.00000	-0.00947	-1.00000	-1.00000	-0.02417	-1.00000	-1.00000	0.00073	-1.00000	-1.00000
27150	Gandy	Cluster	un	12082913	0.00561	-1.00000	-1.00000	0.00021	-1.00000	-1.00000	0.00589	-1.00000	-1.00000	0.00013	-1.00000	-1.00000
27153	Gandy	Cluster	un	12085321	-0.00235	-1.00000	-1.00000	-0.00008	-1.00000	-1.00000	-0.00000	-1.00000	-1.00000	0.00004	-1.00000	-1.00000
27159	Gandy	Cluster	un	12087685	0.13793	-1.00000	-1.00000	0.02685	-1.00000	-1.00000	0.02685	-1.00000	-1.00000	0.00022	-1.00000	-1.00000
27160	Gandy	Cluster	un	12088453	0.33203	-1.00000	-1.00000	0.20271	-1.00000	-1.00000	0.19654	-1.00000	-1.00000	0.00067	-1.00000	-1.00000
27162	Gandy	Cluster	un	12089207	0.20818	-1.00000	-1.00000	0.05720	-1.00000	-1.00000	0.04403	-1.00000	-1.00000	0.00036	-1.00000	-1.00000
27163	Gandy	Cluster	un	12089982	0.07407	-1.00000	-1.00000	0.00881	-1.00000	-1.00000	0.00881	-1.00000	-1.00000	0.00012	-1.00000	-1.00000
27166	Gandy	Cluster	un	12091656	0.34483	-1.00000	-1.00000	0.16641	-1.00000	-1.00000	0.16641	-1.00000	-1.00000	0.00048	-1.00000	-1.00000
27168	Gandy	Cluster	un	12092427	0.34424	-1.00000	-1.00000	0.19914	-1.00000	-1.00000	0.24627	-1.00000	-1.00000	0.00060	-1.00000	-1.00000
27177	Gandy	Cluster	un	12097259	0.11672	-1.00000	-1.00000	0.01853	-1.00000	-1.00000	0.01818	-1.00000	-1.00000	0.00018	-1.00000	-1.00000
27179	Gandy	Cluster	un	12098830	0.38907	-1.00000	-1.00000	0.22594	-1.00000	-1.00000	0.18775	-1.00000	-1.00000	0.00070	-1.00000	-1.00000
27188	Gandy	Cluster	un	12101278	0.22581	-1.00000	-1.00000	0.14583	-1.00000	-1.00000	0.11591	-1.00000	-1.00000	0.00081	-1.00000	-1.00000
27190	Gandy	Cluster	un	12102949	0.18452	-1.00000	-1.00000	0.05742	-1.00000	-1.00000	0.04479	-1.00000	-1.00000	0.00043	-1.00000	-1.00000
27208	Gandy	Cluster	un	12110183	0.09321	-1.00000	-1.00000	0.01269	-1.00000	-1.00000	0.01431	-1.00000	-1.00000	0.00046	-1.00000	-1.00000
27216	Gandy	Cluster	un	12114215	0.00561	-1.00000	-1.00000	0.00021	-1.00000	-1.00000	0.00589	-1.00000	-1.00000	0.00013	-1.00000	-1.00000
27224	Gandy	Cluster	un	12118149	0.08000	-1.00000	-1.00000	0.01033	-1.00000	-1.00000	-0.00090	-1.00000	-1.00000	0.00040	-1.00000	-1.00000
27240	Gandy	Cluster	un	12122237	0.28070	-1.00000	-1.00000	0.09850	-1.00000	-1.00000	0.12008	-1.00000	-1.00000	0.00050	-1.00000	-1.00000
27241	Gandy	Cluster	un	12122928	0.00000	-1.00000	-1.00000	0.00000	-1.00000	-1.00000	-0.01682	-1.00000	-1.00000	0.00040	-1.00000	-1.00000
27247	Gandy	Cluster	un	12125409	0.03016	-1.00000	-1.00000	0.02933	-1.00000	-1.00000	0.02871	-1.00000	-1.00000	0.00066	-1.00000	-1.00000
27248	Gandy	Cluster	un	12126222	-0.00000	-1.00000	-1.00000	-0.00000	-1.00000	-1.00000	-0.01068	-1.00000	-1.00000	0.00032	-1.00000	-1.00000
27249	Gandy	Cluster	un	12127023	0.34068	-1.00000	-1.00000	0.33065	-1.00000	-1.00000	0.32354	-1.00000	-1.00000	0.00085	-1.00000	-1.00000
27253	Gandy	Cluster	un	12130171	-0.00000	-1.00000	-1.00000	-0.00000	-1.00000	-1.00000	-0.00000	-1.00000	-1.00000	0.00004	-1.00000	-1.00000
27264	Gandy	Cluster	un	12135804	-0.00270	-1.00000	-1.00000	-0.00010	-1.00000	-1.00000	-0.00000	-1.00000	-1.00000	0.00004	-1.00000	-1.00000
27267	Gandy	Cluster	un	12136637	-0.00000	-1.00000	-1.00000	-0.00000	-1.00000	-1.00000	-0.00000	-1.00000	-1.00000	0.00004	-1.00000	-1.00000
27275	Gandy	Cluster	un	12139787	0.00340	-1.00000	-1.00000	0.00014	-1.00000	-1.00000	-0.00378	-1.00000	-1.00000	0.00037	-1.00000	-1.00000
27281	Gandy	Cluster	un	12141517	0.64918	-1.00000	-1.00000	0.65736	-1.00000	-1.00000	0.64715	-1.00000	-1.00000	0.00100	-1.00000	-1.00000
27286	Gandy	Cluster	un	12143885	0.12043	-1.00000	-1.00000	0.11534	-1.00000	-1.00000	0.14619	-1.00000	-1.00000	0.00078	-1.00000	-1.00000
27292	Gandy	Cluster	un	12147020	-0.00697	-1.00000	-1.00000	-0.00463	-1.00000	-1.00000	-0.01264	-1.00000	-1.00000	0.00061	-1.00000	-1.00000
27293	Gandy	Cluster	un	12147804	0.18519	-1.00000	-1.00000	0.04808	-1.00000	-1.00000	0.04260	-1.00000	-1.00000	0.00036	-1.00000	-1.00000
27301	Gandy	Cluster	un	12152584	0.00251	-1.00000	-1.00000	0.00009	-1.00000	-1.00000	0.00508	-1.00000	-1.00000	0.00012	-1.00000	-1.00000
27306	Gandy	Cluster	un	12155769	0.17241	-1.00000	-1.00000	0.04132	-1.00000	-1.00000	0.04132	-1.00000	-1.00000	0.00024	-1.00000	-1.00000
27321	Gandy	Cluster	un	12162044	-0.00000	-1.00000	-1.00000	-0.00000	-1.00000	-1.00000	-0.00000	-1.00000	-1.00000	0.00004	-1.00000	-1.00000
27332	Gandy	Cluster	un	12167836	0.04820	-1.00000	-1.00000	0.00374	-1.00000	-1.00000	0.01220	-1.00000	-1.00000	0.00016	-1.00000	-1.00000
27334	Gandy	Cluster	un	12169515	0.06897	-1.00000	-1.00000	0.00760	-1.00000	-1.00000	0.00760	-1.00000	-1.00000	0.00012	-1.00000	-1.00000
27336	Gandy	Cluster	un	12170378	-0.03795	-1.00000	-1.00000	-0.00293	-1.00000	-1.00000	0.04194	-1.00000	-1.00000	0.00030	-1.00000	-1.00000
27338	Gandy	Cluster	un	12172009	0.03320	-1.00000	-1.00000	0.00263	-1.00000	-1.00000	-0.00486	-1.00000	-1.00000	0.00034	-1.00000	-1.00000
27339	Gandy	Cluster	un	12172716	0.32990	-1.00000	-1.00000	0.14561	-1.00000	-1.00000	0.16697	-1.00000	-1.00000	0.00048	-1.00000	-1.00000
27352	Gandy	Cluster	un	12176789	0.04067	-1.00000	-1.00000	0.00302	-1.00000	-1.00000	0.00284	-1.00000	-1.00000	0.00009	-1.00000	-1.00000
27353	Gandy	Cluster	un	12177551	0.00000	-1.00000	-1.00000	0.00000	-1.00000	-1.00000	-0.00000	-1.00000	-1.00000	0.00005	-1.00000	-1.00000
27354	Gandy	Cluster	un	12178243	-0.00767	-1.00000	-1.00000	-0.00029	-1.00000	-1.00000	0.03472	-1.00000	-1.00000	0.00028	-1.00000	-1.00000
27356	Gandy	Cluster	un	12179048	0.09920	-1.00000	-1.00000	0.01731	-1.00000	-1.00000	0.03064	-1.00000	-1.00000	0.00026	-1.00000	-1.00000
27357	Gandy	Cluster	un	12179824	0.00340	-1.00000	-1.00000	0.00014	-1.00000	-1.00000	0.01768	-1.00000	-1.00000	0.00032	-1.00000	-1.00000
27359	Gandy	Cluster	un	12180684	0.04067	-1.00000	-1.00000	0.00302	-1.00000	-1.00000	0.00284	-1.00000	-1.00000	0.00012	-1.00000	-1.00000
27363	Gandy	Cluster	un	12181290	0.13793	-1.00000	-1.00000	0.02685	-1.00000	-1.00000	0.02685	-1.00000	-1.00000	0.00021	-1.00000	-1.00000
27364	Gandy	Cluster	un	12182097	0.10345	-1.00000	-1.00000	0.01567	-1.00000	-1.00000	0.01567	-1.00000	-1.00000	0.00017	-1.00000	-1.00000
27368	Gandy	Cluster	un	12183640	0.04420	-1.00000	-1.00000	0.00354	-1.00000	-1.00000	0.00705	-1.00000	-1.00000	0.00030	-1.00000	-1.00000
27375	Gandy	Cluster	un	12186738	-0.00565	-1.00000	-1.00000	-0.00022	-1.00000	-1.00000	-0.00429	-1.00000	-1.00000	0.00047	-1.00000	-1.00000
27378	Gandy	Cluster	un	12188832	0.00561	-1.00000	-1.00000	0.00021	-1.00000	-1.00000	0.02159	-1.00000	-1.00000	0.00021	-1.00000	-1.00000
27380	Gandy	Cluster	un	12189637	0.00656	-1.00000	-1.00000	0.00026	-1.00000	-1.00000	0.02512	-1.00000	-1.00000	0.00023	-1.00000	-1.00000
27386	Gandy	Cluster	un	12191263	0.19238	-1.00000	-1.00000	0.04856	-1.00000	-1.00000	0.04808	-1.00000	-1.00000	0.00027	-1.00000	-1.00000
27387	Gandy	Cluster	un	12192065	-0.00000	-1.00000	-1.00000	-0.00000	-1.00000	-1.00000	-0.00000	-1.00000	-1.00000	0.00004	-1.00000	-1.00000
27402	Gandy	Cluster	un	12199131	0.13263	-1.00000	-1.00000	0.02215	-1.00000	-1.00000	0.03571	-1.00000	-1.00000	0.00026	-1.00000	-1.00000
27404	Gandy	Cluster	un	12199949	0.00251	-1.00000	-1.00000	0.00009	-1.00000	-1.00000	0.00508	-1.00000	-1.00000	0.00011	-1.00000	-1.00000
27413	Gandy	Cluster	un	12202594	0.72414	-1.00000	-1.00000	0.66571	-1.00000	-1.00000	0.66571	-1.00000	-1.00000	0.00099	-1.00000	-1.00000
27419	Gandy	Cluster	un	12205821	0.18519	-1.00000	-1.00000	0.04808	-1.00000	-1.00000	0.04260	-1.00000	-1.00000	0.00037	-1.00000	-1.00000
27426	Gandy	Cluster	un	12210635	0.10345	-1.00000	-1.00000	0.01567	-1.00000	-1.00000	0.01567	-1.00000	-1.00000	0.00016	-1.00000	-1.00000
27427	Gandy	Cluster	un	12211489	0.24138	-1.00000	-1.00000	0.08069	-1.00000	-1.00000	0.08069	-1.00000	-1.00000	0.00033	-1.00000	-1.00000
27434	Gandy	Cluster	un	12215303	0.50934	-1.00000	-1.00000	0.51903	-1.00000	-1.00000	0.48689	-1.00000	-1.00000	0.00099	-1.00000	-1.00000
27435	Gandy	Cluster	un	12216062	0.37024	-1.00000	-1.00000	0.18442	-1.00000	-1.00000	0.19855	-1.00000	-1.00000	0.00061	-1.00000	-1.00000
27458	Gandy	Cluster	un	12225746	0.55556	-1.00000	-1.00000	0.42553	-1.00000	-1.00000	0.41932	-1.00000	-1.00000	0.00083	-1.00000	-1.00000
27459	Gandy	Cluster	un	12226500	0.11672	-1.00000	-1.00000	0.01853	-1.00000	-1.00000	0.03064	-1.00000	-1.00000	0.00026	-1.00000	-1.00000
27482	Gandy	Cluster	un	12233671	0.51724	-1.00000	-1.00000	0.37152	-1.00000	-1.00000	0.37152	-1.00000	-1.00000	0.00062	-1.00000	-1.00000
27485	Gandy	Cluster	un	12234530	-0.00565	-1.00000	-1.00000	-0.00022	-1.00000	-1.00000	0.00778	-1.00000	-1.00000	0.00033	-1.00000	-1.00000
27487	Gandy	Cluster	un	12235344	0.30515	-1.00000	-1.00000	0.12370	-1.00000	-1.00000	0.14308	-1.00000	-1.00000	0.00045	-1.00000	-1.00000
27492	Gandy	Cluster	un	12237681	0.09834	-1.00000	-1.00000	0.01534	-1.00000	-1.00000	0.00883	-1.00000	-1.00000	0.00023	-1.00000	-1.00000
27502	Gandy	Cluster	un	12242543	-0.00767	-1.00000	-1.00000	-0.00029	-1.00000	-1.00000	0.01323	-1.00000	-1.00000	0.00020	-1.00000	-1.00000
27515	Gandy	Cluster	un	12249798	0.03448	-1.00000	-1.00000	0.00246	-1.00000	-1.00000	0.00246	-1.00000	-1.00000	0.00008	-1.00000	-1.00000
27518	Gandy	Cluster	un	12252148	-0.04000	-1.00000	-1.00000	-0.00321	-1.00000	-1.00000	-0.00914	-1.00000	-1.00000	0.00024	-1.00000	-1.00000
27521	Gandy	Cluster	un	12254398	0.72805	-1.00000	-1.00000	0.66175	-1.00000	-1.00000	0.65540	-1.00000	-1.00000	0.00098	-1.00000	-1.00000
27528	Gandy	Cluster	un	12257548	-0.00000	-1.00000	-1.00000	-0.00000	-1.00000	-1.00000	-0.00000	-1.00000	-1.00000	0.00004	-1.00000	-1.00000
27529	Gandy	Cluster	un	12258317	-0.03351	-1.00000	-1.00000	-0.03153	-1.00000	-1.00000	0.03590	-1.00000	-1.00000	0.00068	-1.00000	-1.00000
27532	Gandy	Cluster	un	12259919	0.18519	-1.00000	-1.00000	0.04808	-1.00000	-1.00000	0.04260	-1.00000	-1.00000	0.00037	-1.00000	-1.00000
27533	Gandy	Cluster	un	12260751	0.04838	-1.00000	-1.00000	0.00422	-1.00000	-1.00000	0.02781	-1.00000	-1.00000	0.00043	-1.00000	-1.00000
27541	Gandy	Cluster	un	12265684	0.09321	-1.00000	-1.00000	0.01269	-1.00000	-1.00000	0.01431	-1.00000	-1.00000	0.00050	-1.00000	-1.00000
27543	Gandy	Cluster	un	12267213	0.19845	-1.00000	-1.00000	0.04545	-1.00000	-1.00000	0.09204	-1.00000	-1.00000	0.00041	-1.00000	-1.00000
27549	Gandy	Cluster	un	12268766	0.04067	-1.00000	-1.00000	0.00302	-1.00000	-1.00000	0.01050	-1.00000	-1.00000	0.00016	-1.00000	-1.00000
27556	Gandy	Cluster	un	12271102	0.32377	-1.00000	-1.00000	0.15551	-1.00000	-1.00000	0.14857	-1.00000	-1.00000	0.00051	-1.00000	-1.00000
27562	Gandy	Cluster	un	12274415	0.03114	-1.00000	-1.00000	0.00229	-1.00000	-1.00000	0.00018	-1.00000	-1.00000	0.00014	-1.00000	-1.00000
27565	Gandy	Cluster	un	12275329	-0.01877	-1.00000	-1.00000	-0.00233	-1.00000	-1.00000	0.00051	-1.00000	-1.00000	0.00040	-1.00000	-1.00000
27566	Gandy	Cluster	un	12276040	0.07875	-1.00000	-1.00000	0.00908	-1.00000	-1.00000	0.00881	-1.00000	-1.00000	0.00013	-1.00000	-1.00000
27567	Gandy	Cluster	un	12276838	0.04838	-1.00000	-1.00000	0.00422	-1.00000	-1.00000	0.06452	-1.00000	-1.00000	0.00032	-1.00000	-1.00000
27574	Gandy	Cluster	un	12280027	0.00251	-1.00000	-1.00000	0.00009	-1.00000	-1.00000	0.00508	-1.00000	-1.00000	0.00013	-1.00000	-1.00000
27580	Gandy	Cluster	un	12284183	0.00290	-1.00000	-1.00000	0.00011	-1.00000	-1.00000	0.00088	-1.00000	-1.00000	0.00026	-1.00000	-1.00000
27583	Gandy	Cluster	un	12285873	0.45419	-1.00000	-1.00000	0.27868	-1.00000	-1.00000	0.29725	-1.00000	-1.00000	0.00061	-1.00000	-1.00000
27585	Gandy	Cluster	un	12286689	-0.00767	-1.00000	-1.00000	-0.00029	-1.00000	-1.00000	0.01323	-1.00000	-1.00000	0.00020	-1.00000	-1.00000
27594	Gandy	Cluster	un	12291643	0.00251	-1.00000	-1.00000	0.00009	-1.00000	-1.00000	0.00508	-1.00000	-1.00000	0.00012	-1.00000	-1.00000
27595	Gandy	Cluster	un	12292451	0.11672	-1.00000	-1.00000	0.01853	-1.00000	-1.00000	0.03064	-1.00000	-1.00000	0.00026	-1.00000	-1.00000
27596	Gandy	Cluster	un	12293209	-0.04160	-1.00000	-1.00000	-0.00347	-1.00000	-1.00000	-0.00838	-1.00000	-1.00000	0.00030	-1.00000	-1.00000
27607	Gandy	Cluster	un	12298009	0.96424	-1.00000	-1.00000	0.96297	-1.00000	-1.00000	0.96315	-1.00000	-1.00000	0.00119	-1.00000	-1.00000
27608	Gandy	Cluster	un	12298825	-0.03587	-1.00000	-1.00000	-0.03720	-1.00000	-1.00000	-0.04516	-1.00000	-1.00000	0.00066	-1.00000	-1.00000
27609	Gandy	Cluster	un	12299675	-0.00235	-1.00000	-1.00000	-0.00008	-1.00000	-1.00000	-0.00000	-1.00000	-1.00000	0.00004	-1.00000	-1.00000
27612	Gandy	Cluster	un	12301207	0.11672	-1.00000	-1.00000	0.01853	-1.00000	-1.00000	0.03064	-1.00000	-1.00000	0.00026	-1.00000	-1.00000
27614	Gandy	Cluster	un	12302721	-0.03517	-1.00000	-1.00000	-0.01976	-1.00000	-1.00000	-0.00732	-1.00000	-1.00000	0.00060	-1.00000	-1.00000
27617	Gandy	Cluster	un	12305213	0.13793	-1.00000	-1.00000	0.02685	-1.00000	-1.00000	0.02685	-1.00000	-1.00000	0.00020	-1.00000	-1.00000
27619	Gandy	Cluster	un	12306867	0.46455	-1.00000	-1.00000	0.40828	-1.00000	-1.00000	0.40927	-1.00000	-1.00000	0.00084	-1.00000	-1.00000
27634	Gandy	Cluster	un	12310864	0.80895	-1.00000	-1.00000	0.78929	-1.00000	-1.00000	0.78286	-1.00000	-1.00000	0.00096	-1.00000	-1.00000
27641	Gandy	Cluster	un	12314864	0.69703	-1.00000	-1.00000	0.60533	-1.00000	-1.00000	0.62701	-1.00000	-1.00000	0.00091	-1.00000	-1.00000
27649	Gandy	Cluster	un	12318388	0.01075	-1.00000	-1.00000	0.00699	-1.00000	-1.00000	0.00600	-1.00000	-1.00000	0.00068	-1.00000	-1.00000
27652	Gandy	Cluster	un	12320065	0.06897	-1.00000	-1.00000	0.00760	-1.00000	-1.00000	0.00760	-1.00000	-1.00000	0.00012	-1.00000	-1.00000
27668	Gandy	Cluster	un	12329618	-0.03432	-1.00000	-1.00000	-0.01780	-1.00000	-1.00000	0.00637	-1.00000	-1.00000	0.00056	-1.00000	-1.00000
27683	Gandy	Cluster	un	12333959	0.00000	-1.00000	-1.00000	0.00000	-1.00000	-1.00000	-0.00502	-1.00000	-1.00000	0.00018	-1.00000	-1.00000
27704	Gandy	Cluster	un	12341336	0.02203	-1.00000	-1.00000	0.00979	-1.00000	-1.00000	0.00305	-1.00000	-1.00000	0.00051	-1.00000	-1.00000
27706	Gandy	Cluster	un	12342927	0.07261	-1.00000	-1.00000	0.04396	-1.00000	-1.00000	0.03752	-1.00000	-1.00000	0.00054	-1.00000	-1.00000
27708	Gandy	Cluster	un	12344597	0.05304	-1.00000	-1.00000	0.00446	-1.00000	-1.00000	0.03024	-1.00000	-1.00000	0.00039	-1.00000	-1.00000
27710	Gandy	Cluster	un	12345375	0.07875	-1.00000	-1.00000	0.00908	-1.00000	-1.00000	0.01894	-1.00000	-1.00000	0.00024	-1.00000	-1.00000
27719	Gandy	Cluster	un	12351884	0.11672	-1.00000	-1.00000	0.01853	-1.00000	-1.00000	0.03064	-1.00000	-1.00000	0.00025	-1.00000	-1.00000
27721	Gandy	Cluster	un	12353590	0.00290	-1.00000	-1.00000	0.00011	-1.00000	-1.00000	0.00088	-1.00000	-1.00000	0.00025	-1.00000	-1.00000
27723	Gandy	Cluster	un	12355395	-0.01424	-1.00000	-1.00000	-0.01473	-1.00000	-1.00000	-0.01039	-1.00000	-1.00000	0.00062	-1.00000	-1.00000
27724	Gandy	Cluster	un	12356270	0.62779	-1.00000	-1.00000	0.56755	-1.00000	-1.00000	0.56599	-1.00000	-1.00000	0.00085	-1.00000	-1.00000
27727	Gandy	Cluster	un	12358408	0.16584	-1.00000	-1.00000	0.04086	-1.00000	-1.00000	0.04132	-1.00000	-1.00000	0.00026	-1.00000	-1.00000
27734	Gandy	Cluster	un	12360807	0.26765	-1.00000	-1.00000	0.09455	-1.00000	-1.00000	0.11315	-1.00000	-1.00000	0.00041	-1.00000	-1.00000
27739	Gandy	Cluster	un	12362498	0.03704	-1.00000	-1.00000	0.00284	-1.00000	-1.00000	-0.00227	-1.00000	-1.00000	0.00024	-1.00000	-1.00000
27740	Gandy	Cluster	un	12363288	0.28601	-1.00000	-1.00000	0.27572	-1.00000	-1.00000	0.25991	-1.00000	-1.00000	0.00082	-1.00000	-1.00000
27747	Gandy	Cluster	un	12367287	0.83170	-1.00000	-1.00000	0.83712	-1.00000	-1.00000	0.83871	-1.00000	-1.00000	0.00105	-1.00000	-1.00000
27752	Gandy	Cluster	un	12368880	0.08538	-1.00000	-1.00000	0.01066	-1.00000	-1.00000	0.02205	-1.00000	-1.00000	0.00021	-1.00000	-1.00000
27755	Gandy	Cluster	un	12370579	0.04067	-1.00000	-1.00000	0.00302	-1.00000	-1.00000	0.00284	-1.00000	-1.00000	0.00008	-1.00000	-1.00000
27760	Gandy	Cluster	un	12373841	0.03448	-1.00000	-1.00000	0.00246	-1.00000	-1.00000	0.00246	-1.00000	-1.00000	0.00009	-1.00000	-1.00000
27776	Gandy	Cluster	un	12381044	0.07087	-1.00000	-1.00000	0.02436	-1.00000	-1.00000	0.06282	-1.00000	-1.00000	0.00044	-1.00000	-1.00000
27777	Gandy	Cluster	un	12381872	0.09834	-1.00000	-1.00000	0.01534	-1.00000	-1.00000	0.01567	-1.00000	-1.00000	0.00016	-1.00000	-1.00000
27781	Gandy	Cluster	un	12383523	0.00561	-1.00000	-1.00000	0.00021	-1.00000	-1.00000	0.02159	-1.00000	-1.00000	0.00021	-1.00000	-1.00000
27785	Gandy	Cluster	un	12385103	-0.00565	-1.00000	-1.00000	-0.00022	-1.00000	-1.00000	0.00778	-1.00000	-1.00000	0.00030	-1.00000	-1.00000
27789	Gandy	Cluster	un	12387513	0.20840	-1.00000	-1.00000	0.16292	-1.00000	-1.00000	0.16765	-1.00000	-1.00000	0.00073	-1.00000	-1.00000
27791	Gandy	Cluster	un	12388303	0.37984	-1.00000	-1.00000	0.17493	-1.00000	-1.00000	0.22857	-1.00000	-1.00000	0.00056	-1.00000	-1.00000
27795	Gandy	Cluster	un	12389907	0.17241	-1.00000	-1.00000	0.04132	-1.00000	-1.00000	0.04132	-1.00000	-1.00000	0.00024	-1.00000	-1.00000
27810	Gandy	Cluster	un	12398742	0.03448	-1.00000	-1.00000	0.00246	-1.00000	-1.00000	0.00246	-1.00000	-1.00000	0.00009	-1.00000	-1.00000
27811	Gandy	Cluster	un	12399526	0.06897	-1.00000	-1.00000	0.00760	-1.00000	-1.00000	0.00760	-1.00000	-1.00000	0.00012	-1.00000	-1.00000
27820	Gandy	Cluster	un	12402023	0.00561	-1.00000	-1.00000	0.00021	-1.00000	-1.00000	0.02159	-1.00000	-1.00000	0.00020	-1.00000	-1.00000
27824	Gandy	Cluster	un	12402856	0.00251	-1.00000	-1.00000	0.00009	-1.00000	-1.00000	0.00508	-1.00000	-1.00000	0.00012	-1.00000	-1.00000
27830	Gandy	Cluster	un	12406783	0.74782	-1.00000	-1.00000	0.68984	-1.00000	-1.00000	0.69565	-1.00000	-1.00000	0.00096	-1.00000	-1.00000
27838	Gandy	Cluster	un	12409089	0.14147	-1.00000	-1.00000	0.03071	-1.00000	-1.00000	0.02257	-1.00000	-1.00000	0.00036	-1.00000	-1.00000
27840	Gandy	Cluster	un	12410719	0.04420	-1.00000	-1.00000	0.00354	-1.00000	-1.00000	0.01220	-1.00000	-1.00000	0.00024	-1.00000	-1.00000
27845	Gandy	Cluster	un	12413670	0.00251	-1.00000	-1.00000	0.00009	-1.00000	-1.00000	0.00508	-1.00000	-1.00000	0.00013	-1.00000	-1.00000
27849	Gandy	Cluster	un	12415236	0.15194	-1.00000	-1.00000	0.02682	-1.00000	-1.00000	0.06897	-1.00000	-1.00000	0.00035	-1.00000	-1.00000
27859	Gandy	Cluster	un	12421096	0.75528	-1.00000	-1.00000	0.68965	-1.00000	-1.00000	0.68530	-1.00000	-1.00000	0.00105	-1.00000	-1.00000
27860	Gandy	Cluster	un	12421848	0.41379	-1.00000	-1.00000	0.24037	-1.00000	-1.00000	0.24037	-1.00000	-1.00000	0.00056	-1.00000	-1.00000
27867	Gandy	Cluster	un	12425186	0.06897	-1.00000	-1.00000	0.00760	-1.00000	-1.00000	0.00760	-1.00000	-1.00000	0.00012	-1.00000	-1.00000
27874	Gandy	Cluster	un	12428297	0.15903	-1.00000	-1.00000	0.04033	-1.00000	-1.00000	0.03023	-1.00000	-1.00000	0.00037	-1.00000	-1.00000
27877	Gandy	Cluster	un	12429879	0.06897	-1.00000	-1.00000	0.00760	-1.00000	-1.00000	0.00760	-1.00000	-1.00000	0.00013	-1.00000	-1.00000
27879	Gandy	Cluster	un	12430674	0.02760	-1.00000	-1.00000	0.00210	-1.00000	-1.00000	0.00883	-1.00000	-1.00000	0.00024	-1.00000	-1.00000
27893	Gandy	Cluster	un	12434986	0.06897	-1.00000	-1.00000	0.00760	-1.00000	-1.00000	0.00760	-1.00000	-1.00000	0.00012	-1.00000	-1.00000
27904	Gandy	Cluster	un	12438333	-0.00489	-1.00000	-1.00000	-0.00018	-1.00000	-1.00000	0.01104	-1.00000	-1.00000	0.00019	-1.00000	-1.00000
27921	Gandy	Cluster	un	12447878	0.04820	-1.00000	-1.00000	0.00374	-1.00000	-1.00000	0.03064	-1.00000	-1.00000	0.00025	-1.00000	-1.00000
27922	Gandy	Cluster	un	12448683	0.00251	-1.00000	-1.00000	0.00009	-1.00000	-1.00000	0.00508	-1.00000	-1.00000	0.00013	-1.00000	-1.00000
27926	Gandy	Cluster	un	12450299	-0.00235	-1.00000	-1.00000	-0.00008	-1.00000	-1.00000	-0.00000	-1.00000	-1.00000	0.00004	-1.00000	-1.00000
27928	Gandy	Cluster	un	12451854	0.14815	-1.00000	-1.00000	0.03120	-1.00000	-1.00000	0.02582	-1.00000	-1.00000	0.00032	-1.00000	-1.00000
27930	Gandy	Cluster	un	12452740	0.10345	-1.00000	-1.00000	0.01567	-1.00000	-1.00000	0.01567	-1.00000	-1.00000	0.00016	-1.00000	-1.00000
27937	Gandy	Cluster	un	12456876	0.00215	-1.00000	-1.00000	0.00221	-1.00000	-1.00000	0.06757	-1.00000	-1.00000	0.00074	-1.00000	-1.00000
27944	Gandy	Cluster	un	12461017	0.41379	-1.00000	-1.00000	0.24037	-1.00000	-1.00000	0.24037	-1.00000	-1.00000	0.00054	-1.00000	-1.00000
27958	Gandy	Cluster	un	12466755	0.00561	-1.00000	-1.00000	0.00021	-1.00000	-1.00000	0.02159	-1.00000	-1.00000	0.00020	-1.00000	-1.00000
27959	Gandy	Cluster	un	12467572	-0.00000	-1.00000	-1.00000	-0.00000	-1.00000	-1.00000	-0.00000	-1.00000	-1.00000	0.00004	-1.00000	-1.00000
27961	Gandy	Cluster	un	12468342	0.02760	-1.00000	-1.00000	0.00210	-1.00000	-1.00000	0.00246	-1.00000	-1.00000	0.00009	-1.00000	-1.00000
27963	Gandy	Cluster	un	12469939	0.09321	-1.00000	-1.00000	0.01269	-1.00000	-1.00000	0.01431	-1.00000	-1.00000	0.00048	-1.00000	-1.00000
27966	Gandy	Cluster	un	12471447	0.09920	-1.00000	-1.00000	0.01731	-1.00000	-1.00000	0.03079	-1.00000	-1.00000	0.00035	-1.00000	-1.00000
27968	Gandy	Cluster	un	12473142	0.04067	-1.00000	-1.00000	0.00302	-1.00000	-1.00000	0.01050	-1.00000	-1.00000	0.00016	-1.00000	-1.00000
27980	Gandy	Cluster	un	12479405	-0.00235	-1.00000	-1.00000	-0.00008	-1.00000	-1.00000	-0.00000	-1.00000	-1.00000	0.00004	-1.00000	-1.00000
27984	Gandy	Cluster	un	12480280	0.54566	-1.00000	-1.00000	0.42498	-1.00000	-1.00000	0.41781	-1.00000	-1.00000	0.00078	-1.00000	-1.00000
28005	Gandy	Cluster	un	12487124	-0.00000	-1.00000	-1.00000	-0.00000	-1.00000	-1.00000	-0.00000	-1.00000	-1.00000	0.00004	-1.00000	-1.00000
28013	Gandy	Cluster	un	12490442	-0.04000	-1.00000	-1.00000	-0.04167	-1.00000	-1.00000	-0.05617	-1.00000	-1.00000	0.00081	-1.00000	-1.00000
28019	Gandy	Cluster	un	12491954	0.13263	-1.00000	-1.00000	0.02215	-1.00000	-1.00000	0.05900	-1.00000	-1.00000	0.00033	-1.00000	-1.00000
28032	Gandy	Cluster	un	12497535	-0.00000	-1.00000	-1.00000	-0.00000	-1.00000	-1.00000	-0.00000	-1.00000	-1.00000	0.00004	-1.00000	-1.00000
28034	Gandy	Cluster	un	12498394	0.00290	-1.00000	-1.00000	0.00011	-1.00000	-1.00000	0.02159	-1.00000	-1.00000	0.00023	-1.00000	-1.00000
28039	Gandy	Cluster	un	12500795	0.00340	-1.00000	-1.00000	0.00014	-1.00000	-1.00000	-0.00378	-1.00000	-1.00000	0.00038	-1.00000	-1.00000
28046	Gandy	Cluster	un	12503832	0.11672	-1.00000	-1.00000	0.01853	-1.00000	-1.00000	0.03064	-1.00000	-1.00000	0.00023	-1.00000	-1.00000
28047	Gandy	Cluster	un	12504686	0.29724	-1.00000	-1.00000	0.14813	-1.00000	-1.00000	0.23630	-1.00000	-1.00000	0.00064	-1.00000	-1.00000
28058	Gandy	Cluster	un	12510242	-0.03688	-1.00000	-1.00000	-0.02452	-1.00000	-1.00000	0.02605	-1.00000	-1.00000	0.00090	-1.00000	-1.00000
28063	Gandy	Cluster	un	12513259	0.15460	-1.00000	-1.00000	0.03162	-1.00000	-1.00000	0.03120	-1.00000	-1.00000	0.00024	-1.00000	-1.00000
28068	Gandy	Cluster	un	12516280	0.19214	-1.00000	-1.00000	0.07515	-1.00000	-1.00000	0.11819	-1.00000	-1.00000	0.00059	-1.00000	-1.00000
28069	Gandy	Cluster	un	12517075	0.00000	-1.00000	-1.00000	0.00000	-1.00000	-1.00000	-0.00502	-1.00000	-1.00000	0.00019	-1.00000	-1.00000
28071	Gandy	Cluster	un	12517878	0.00251	-1.00000	-1.00000	0.00009	-1.00000	-1.00000	0.00508	-1.00000	-1.00000	0.00012	-1.00000	-1.00000
28077	Gandy	Cluster	un	12520238	0.00340	-1.00000	-1.00000	0.00014	-1.00000	-1.00000	-0.00378	-1.00000	-1.00000	0.00038	-1.00000	-1.00000
28081	Gandy	Cluster	un	12522562	0.17448	-1.00000	-1.00000	0.03767	-1.00000	-1.00000	0.07867	-1.00000	-1.00000	0.00039	-1.00000	-1.00000
28088	Gandy	Cluster	un	12526254	0.25722	-1.00000	-1.00000	0.22247	-1.00000	-1.00000	0.21381	-1.00000	-1.00000	0.00079	-1.00000	-1.00000
28091	Gandy	Cluster	un	12527890	1.00000	-1.00000	-1.00000	1.00000	-1.00000	-1.00000	1.00000	-1.00000	-1.00000	0.00123	-1.00000	-1.00000
28100	Gandy	Cluster	un	12531854	0.00251	-1.00000	-1.00000	0.00009	-1.00000	-1.00000	-0.00000	-1.00000	-1.00000	0.00005	-1.00000	-1.00000
28103	Gandy	Cluster	un	12532602	0.03448	-1.00000	-1.00000	0.00246	-1.00000	-1.00000	0.00246	-1.00000	-1.00000	0.00009	-1.00000	-1.00000
28108	Gandy	Cluster	un	12534887	-0.02913	-1.00000	-1.00000	-0.00330	-1.00000	-1.00000	0.00934	-1.00000	-1.00000	0.00027	-1.00000	-1.00000
28113	Gandy	Cluster	un	12535691	0.03704	-1.00000	-1.00000	0.00284	-1.00000	-1.00000	0.00284	-1.00000	-1.00000	0.00009	-1.00000	-1.00000
28116	Gandy	Cluster	un	12537231	-0.00315	-1.00000	-1.00000	-0.00013	-1.00000	-1.00000	-0.01039	-1.00000	-1.00000	0.00044	-1.00000	-1.00000
28119	Gandy	Cluster	un	12538745	-0.00489	-1.00000	-1.00000	-0.00018	-1.00000	-1.00000	0.00029	-1.00000	-1.00000	0.00012	-1.00000	-1.00000
28122	Gandy	Cluster	un	12541156	0.39735	-1.00000	-1.00000	0.23331	-1.00000	-1.00000	0.20875	-1.00000	-1.00000	0.00066	-1.00000	-1.00000
28128	Gandy	Cluster	un	12544422	-0.00767	-1.00000	-1.00000	-0.00029	-1.00000	-1.00000	0.01323	-1.00000	-1.00000	0.00021	-1.00000	-1.00000
28129	Gandy	Cluster	un	12545253	-0.00000	-1.00000	-1.00000	-0.00000	-1.00000	-1.00000	-0.00000	-1.00000	-1.00000	0.00004	-1.00000	-1.00000
28130	Gandy	Cluster	un	12546092	0.83221	-1.00000	-1.00000	0.80519	-1.00000	-1.00000	0.77171	-1.00000	-1.00000	0.00098	-1.00000	-1.00000
28134	Gandy	Cluster	un	12547773	0.11672	-1.00000	-1.00000	0.01853	-1.00000	-1.00000	0.03064	-1.00000	-1.00000	0.00024	-1.00000	-1.00000
28136	Gandy	Cluster	un	12549459	0.00251	-1.00000	-1.00000	0.00009	-1.00000	-1.00000	0.00508	-1.00000	-1.00000	0.00013	-1.00000	-1.00000
28142	Gandy	Cluster	un	12553333	0.07875	-1.00000	-1.00000	0.00908	-1.00000	-1.00000	0.01894	-1.00000	-1.00000	0.00019	-1.00000	-1.00000
28158	Gandy	Cluster	un	12561420	-0.03041	-1.00000	-1.00000	-0.00573	-1.00000	-1.00000	-0.00499	-1.00000	-1.00000	0.00025	-1.00000	-1.00000
28167	Gandy	Cluster	un	12566181	0.03704	-1.00000	-1.00000	0.00284	-1.00000	-1.00000	0.01050	-1.00000	-1.00000	0.00017	-1.00000	-1.00000
28168	Gandy	Cluster	un	12566967	0.09054	-1.00000	-1.00000	0.01094	-1.00000	-1.00000	0.04304	-1.00000	-1.00000	0.00031	-1.00000	-1.00000
28170	Gandy	Cluster	un	12567712	0.13205	-1.00000	-1.00000	0.02645	-1.00000	-1.00000	0.02685	-1.00000	-1.00000	0.00027	-1.00000	-1.00000
28175	Gandy	Cluster	un	12570743	0.16737	-1.00000	-1.00000	0.03722	-1.00000	-1.00000	0.04771	-1.00000	-1.00000	0.00043	-1.00000	-1.00000
28176	Gandy	Cluster	un	12571528	0.04820	-1.00000	-1.00000	0.00374	-1.00000	-1.00000	0.01220	-1.00000	-1.00000	0.00023	-1.00000	-1.00000
28185	Gandy	Cluster	un	12572925	0.00000	-1.00000	-1.00000	0.00000	-1.00000	-1.00000	-0.01682	-1.00000	-1.00000	0.00040	-1.00000	-1.00000
28195	Gandy	Cluster	un	12577933	0.00561	-1.00000	-1.00000	0.00021	-1.00000	-1.00000	0.02159	-1.00000	-1.00000	0.00021	-1.00000	-1.00000
28197	Gandy	Cluster	un	12578740	0.06897	-1.00000	-1.00000	0.00760	-1.00000	-1.00000	0.00760	-1.00000	-1.00000	0.00012	-1.00000	-1.00000
28207	Gandy	Cluster	un	12581933	-0.03816	-1.00000	-1.00000	-0.00949	-1.00000	-1.00000	-0.01542	-1.00000	-1.00000	0.00043	-1.00000	-1.00000
28210	Gandy	Cluster	un	12582631	0.00561	-1.00000	-1.00000	0.00021	-1.00000	-1.00000	0.02159	-1.00000	-1.00000	0.00020	-1.00000	-1.00000
28211	Gandy	Cluster	un	12583453	0.28945	-1.00000	-1.00000	0.11138	-1.00000	-1.00000	0.10588	-1.00000	-1.00000	0.00049	-1.00000	-1.00000
28216	Gandy	Cluster	un	12585744	-0.00000	-1.00000	-1.00000	-0.00000	-1.00000	-1.00000	-0.00000	-1.00000	-1.00000	0.00004	-1.00000	-1.00000
28224	Gandy	Cluster	un	12589813	0.21608	-1.00000	-1.00000	0.05772	-1.00000	-1.00000	0.07534	-1.00000	-1.00000	0.00032	-1.00000	-1.00000
28225	Gandy	Cluster	un	12590700	0.92628	-1.00000	-1.00000	0.92872	-1.00000	-1.00000	0.92920	-1.00000	-1.00000	0.00113	-1.00000	-1.00000
28227	Gandy	Cluster	un	12592358	0.13205	-1.00000	-1.00000	0.02645	-1.00000	-1.00000	0.02685	-1.00000	-1.00000	0.00020	-1.00000	-1.00000
28229	Gandy	Cluster	un	12593989	-0.00315	-1.00000	-1.00000	-0.00013	-1.00000	-1.00000	-0.01039	-1.00000	-1.00000	0.00036	-1.00000	-1.00000
28230	Gandy	Cluster	un	12594843	0.17241	-1.00000	-1.00000	0.04132	-1.00000	-1.00000	0.04132	-1.00000	-1.00000	0.00025	-1.00000	-1.00000
28232	Gandy	Cluster	un	12596410	0.00951	-1.00000	-1.00000	0.00037	-1.00000	-1.00000	0.05121	-1.00000	-1.00000	0.00029	-1.00000	-1.00000
28233	Gandy	Cluster	un	12597217	0.34255	-1.00000	-1.00000	0.15689	-1.00000	-1.00000	0.15625	-1.00000	-1.00000	0.00041	-1.00000	-1.00000
28241	Gandy	Cluster	un	12601168	0.00000	-1.00000	-1.00000	0.00000	-1.00000	-1.00000	-0.00502	-1.00000	-1.00000	0.00020	-1.00000	-1.00000
28247	Gandy	Cluster	un	12605025	0.15460	-1.00000	-1.00000	0.03162	-1.00000	-1.00000	0.03120	-1.00000	-1.00000	0.00022	-1.00000	-1.00000
28250	Gandy	Cluster	un	12607365	-0.00235	-1.00000	-1.00000	-0.00008	-1.00000	-1.00000	-0.00000	-1.00000	-1.00000	0.00004	-1.00000	-1.00000
28270	Gandy	Cluster	un	12617837	0.09813	-1.00000	-1.00000	0.09892	-1.00000	-1.00000	0.09860	-1.00000	-1.00000	0.00068	-1.00000	-1.00000
28275	Gandy	Cluster	un	12620162	0.00000	-1.00000	-1.00000	0.00000	-1.00000	-1.00000	0.01515	-1.00000	-1.00000	0.00036	-1.00000	-1.00000
28277	Gandy	Cluster	un	12621607	-0.01746	-1.00000	-1.00000	-0.01201	-1.00000	-1.00000	-0.01973	-1.00000	-1.00000	0.00064	-1.00000	-1.00000
28287	Gandy	Cluster	un	12624965	0.33944	-1.00000	-1.00000	0.14624	-1.00000	-1.00000	0.19576	-1.00000	-1.00000	0.00049	-1.00000	-1.00000
28288	Gandy	Cluster	un	12625843	0.13451	-1.00000	-1.00000	0.03014	-1.00000	-1.00000	0.03120	-1.00000	-1.00000	0.00021	-1.00000	-1.00000
28290	Gandy	Cluster	un	12626684	0.03448	-1.00000	-1.00000	0.00246	-1.00000	-1.00000	0.00246	-1.00000	-1.00000	0.00008	-1.00000	-1.00000
28293	Gandy	Cluster	un	12628352	-0.03684	-1.00000	-1.00000	-0.00273	-1.00000	-1.00000	0.01433	-1.00000	-1.00000	0.00024	-1.00000	-1.00000
28302	Gandy	Cluster	un	12630818	0.00290	-1.00000	-1.00000	0.00011	-1.00000	-1.00000	0.00589	-1.00000	-1.00000	0.00014	-1.00000	-1.00000
28304	Gandy	Cluster	un	12632454	0.40542	-1.00000	-1.00000	0.41367	-1.00000	-1.00000	0.38839	-1.00000	-1.00000	0.00084	-1.00000	-1.00000
28306	Gandy	Cluster	un	12633298	-0.02683	-1.00000	-1.00000	-0.00733	-1.00000	-1.00000	-0.00157	-1.00000	-1.00000	0.00031	-1.00000	-1.00000
28309	Gandy	Cluster	un	12634160	-0.00000	-1.00000	-1.00000	-0.00000	-1.00000	-1.00000	-0.00000	-1.00000	-1.00000	0.00004	-1.00000	-1.00000
28311	Gandy	Cluster	un	12635862	0.15032	-1.00000	-1.00000	0.05084	-1.00000	-1.00000	0.05036	-1.00000	-1.00000	0.00038	-1.00000	-1.00000
28312	Gandy	Cluster	un	12636564	0.00000	-1.00000	-1.00000	0.00000	-1.00000	-1.00000	-0.00009	-1.00000	-1.00000	0.00013	-1.00000	-1.00000
28319	Gandy	Cluster	un	12638983	0.03448	-1.00000	-1.00000	0.00246	-1.00000	-1.00000	0.00246	-1.00000	-1.00000	0.00008	-1.00000	-1.00000
28320	Gandy	Cluster	un	12639798	-0.00901	-1.00000	-1.00000	-0.00733	-1.00000	-1.00000	-0.00646	-1.00000	-1.00000	0.00069	-1.00000	-1.00000
28321	Gandy	Cluster	un	12640590	0.03114	-1.00000	-1.00000	0.00229	-1.00000	-1.00000	0.00246	-1.00000	-1.00000	0.00008	-1.00000	-1.00000
28344	Gandy	Cluster	un	12647693	0.04420	-1.00000	-1.00000	0.00354	-1.00000	-1.00000	0.00705	-1.00000	-1.00000	0.00059	-1.00000	-1.00000
28348	Gandy	Cluster	un	12649744	0.03555	-1.00000	-1.00000	0.00306	-1.00000	-1.00000	0.00362	-1.00000	-1.00000	0.00035	-1.00000	-1.00000
28350	Gandy	Cluster	un	12650466	0.00000	-1.00000	-1.00000	0.00000	-1.00000	-1.00000	0.00508	-1.00000	-1.00000	0.00014	-1.00000	-1.00000
28354	Gandy	Cluster	un	12653596	0.00251	-1.00000	-1.00000	0.00009	-1.00000	-1.00000	-0.00000	-1.00000	-1.00000	0.00005	-1.00000	-1.00000
28355	Gandy	Cluster	un	12654331	0.03448	-1.00000	-1.00000	0.00246	-1.00000	-1.00000	0.00246	-1.00000	-1.00000	0.00009	-1.00000	-1.00000
28356	Gandy	Cluster	un	12655095	0.00251	-1.00000	-1.00000	0.00009	-1.00000	-1.00000	-0.00000	-1.00000	-1.00000	0.00004	-1.00000	-1.00000
28362	Gandy	Cluster	un	12659142	0.15460	-1.00000	-1.00000	0.03162	-1.00000	-1.00000	0.04578	-1.00000	-1.00000	0.00029	-1.00000	-1.00000
28372	Gandy	Cluster	un	12662850	0.03448	-1.00000	-1.00000	0.00246	-1.00000	-1.00000	0.00246	-1.00000	-1.00000	0.00010	-1.00000	-1.00000
28377	Gandy	Cluster	un	12664393	0.27586	-1.00000	-1.00000	0.10573	-1.00000	-1.00000	0.10573	-1.00000	-1.00000	0.00039	-1.00000	-1.00000
28382	Gandy	Cluster	un	12666025	0.10345	-1.00000	-1.00000	0.01567	-1.00000	-1.00000	0.01567	-1.00000	-1.00000	0.00016	-1.00000	-1.00000
28384	Gandy	Cluster	un	12667667	-0.00235	-1.00000	-1.00000	-0.00008	-1.00000	-1.00000	-0.00000	-1.00000	-1.00000	0.00004	-1.00000	-1.00000
28388	Gandy	Cluster	un	12669914	0.74074	-1.00000	-1.00000	0.68966	-1.00000	-1.00000	0.68358	-1.00000	-1.00000	0.00094	-1.00000	-1.00000
28390	Gandy	Cluster	un	12671556	0.03448	-1.00000	-1.00000	0.00246	-1.00000	-1.00000	0.00246	-1.00000	-1.00000	0.00008	-1.00000	-1.00000
28402	Gandy	Cluster	un	12674786	0.03448	-1.00000	-1.00000	0.00246	-1.00000	-1.00000	0.00246	-1.00000	-1.00000	0.00008	-1.00000	-1.00000
28412	Gandy	Cluster	un	12678608	0.04067	-1.00000	-1.00000	0.00302	-1.00000	-1.00000	0.01050	-1.00000	-1.00000	0.00017	-1.00000	-1.00000
28418	Gandy	Cluster	un	12681822	-0.00489	-1.00000	-1.00000	-0.00018	-1.00000	-1.00000	0.00029	-1.00000	-1.00000	0.00013	-1.00000	-1.00000
28434	Gandy	Cluster	un	12691010	0.11672	-1.00000	-1.00000	0.01853	-1.00000	-1.00000	0.01818	-1.00000	-1.00000	0.00019	-1.00000	-1.00000
28436	Gandy	Cluster	un	12691781	0.24138	-1.00000	-1.00000	0.08069	-1.00000	-1.00000	0.08069	-1.00000	-1.00000	0.00030	-1.00000	-1.00000
28438	Gandy	Cluster	un	12692657	0.54387	-1.00000	-1.00000	0.38273	-1.00000	-1.00000	0.45283	-1.00000	-1.00000	0.00077	-1.00000	-1.00000
28455	Gandy	Cluster	un	12698990	0.63840	-1.00000	-1.00000	0.53160	-1.00000	-1.00000	0.54259	-1.00000	-1.00000	0.00076	-1.00000	-1.00000
28473	Gandy	Cluster	un	12706739	0.45419	-1.00000	-1.00000	0.27868	-1.00000	-1.00000	0.29725	-1.00000	-1.00000	0.00060	-1.00000	-1.00000
28479	Gandy	Cluster	un	12710849	0.15194	-1.00000	-1.00000	0.02682	-1.00000	-1.00000	0.10217	-1.00000	-1.00000	0.00043	-1.00000	-1.00000
28485	Gandy	Cluster	un	12713317	0.07875	-1.00000	-1.00000	0.00908	-1.00000	-1.00000	0.00881	-1.00000	-1.00000	0.00013	-1.00000	-1.00000
28492	Gandy	Cluster	un	12715875	0.03448	-1.00000	-1.00000	0.00246	-1.00000	-1.00000	0.00246	-1.00000	-1.00000	0.00008	-1.00000	-1.00000
28497	Gandy	Cluster	un	12719188	0.03448	-1.00000	-1.00000	0.00246	-1.00000	-1.00000	0.00246	-1.00000	-1.00000	0.00008	-1.00000	-1.00000
28506	Gandy	Cluster	un	12724124	-0.00000	-1.00000	-1.00000	-0.00000	-1.00000	-1.00000	-0.01068	-1.00000	-1.00000	0.00033	-1.00000	-1.00000
28507	Gandy	Cluster	un	12724920	0.00251	-1.00000	-1.00000	0.00009	-1.00000	-1.00000	0.00508	-1.00000	-1.00000	0.00013	-1.00000	-1.00000
28509	Gandy	Cluster	un	12725694	0.00727	-1.00000	-1.00000	0.00110	-1.00000	-1.00000	0.00883	-1.00000	-1.00000	0.00025	-1.00000	-1.00000
28514	Gandy	Cluster	un	12727247	-0.00235	-1.00000	-1.00000	-0.00008	-1.00000	-1.00000	0.00008	-1.00000	-1.00000	0.00012	-1.00000	-1.00000
28522	Gandy	Cluster	un	12730534	-0.00000	-1.00000	-1.00000	-0.00000	-1.00000	-1.00000	-0.00000	-1.00000	-1.00000	0.00004	-1.00000	-1.00000
28525	Gandy	Cluster	un	12731376	0.73564	-1.00000	-1.00000	0.66196	-1.00000	-1.00000	0.66900	-1.00000	-1.00000	0.00087	-1.00000	-1.00000
28526	Gandy	Cluster	un	12732234	0.06897	-1.00000	-1.00000	0.00760	-1.00000	-1.00000	0.00760	-1.00000	-1.00000	0.00011	-1.00000	-1.00000
28528	Gandy	Cluster	un	12733925	0.09920	-1.00000	-1.00000	0.01731	-1.00000	-1.00000	0.03079	-1.00000	-1.00000	0.00040	-1.00000	-1.00000
28531	Gandy	Cluster	un	12734712	0.03704	-1.00000	-1.00000	0.00284	-1.00000	-1.00000	0.01050	-1.00000	-1.00000	0.00017	-1.00000	-1.00000
28534	Gandy	Cluster	un	12736990	0.00561	-1.00000	-1.00000	0.00021	-1.00000	-1.00000	0.00589	-1.00000	-1.00000	0.00013	-1.00000	-1.00000
28546	Gandy	Cluster	un	12740188	-0.00565	-1.00000	-1.00000	-0.00022	-1.00000	-1.00000	0.03423	-1.00000	-1.00000	0.00036	-1.00000	-1.00000
28557	Gandy	Cluster	un	12744074	0.42051	-1.00000	-1.00000	0.22818	-1.00000	-1.00000	0.27621	-1.00000	-1.00000	0.00061	-1.00000	-1.00000
28560	Gandy	Cluster	un	12744901	0.79325	-1.00000	-1.00000	0.77050	-1.00000	-1.00000	0.73075	-1.00000	-1.00000	0.00104	-1.00000	-1.00000
28561	Gandy	Cluster	un	12745713	-0.00000	-1.00000	-1.00000	-0.00000	-1.00000	-1.00000	-0.00000	-1.00000	-1.00000	0.00004	-1.00000	-1.00000
28564	Gandy	Cluster	un	12746496	-0.00000	-1.00000	-1.00000	-0.00000	-1.00000	-1.00000	-0.00000	-1.00000	-1.00000	0.00004	-1.00000	-1.00000
28568	Gandy	Cluster	un	12748049	-0.03567	-1.00000	-1.00000	-0.00255	-1.00000	-1.00000	0.00018	-1.00000	-1.00000	0.00017	-1.00000	-1.00000
28578	Gandy	Cluster	un	12753698	0.07875	-1.00000	-1.00000	0.00908	-1.00000	-1.00000	0.01894	-1.00000	-1.00000	0.00020	-1.00000	-1.00000
28583	Gandy	Cluster	un	12756110	-0.03660	-1.00000	-1.00000	-0.01370	-1.00000	-1.00000	0.00362	-1.00000	-1.00000	0.00043	-1.00000	-1.00000
28590	Gandy	Cluster	un	12758594	0.88796	-1.00000	-1.00000	0.87099	-1.00000	-1.00000	0.87518	-1.00000	-1.00000	0.00118	-1.00000	-1.00000
28592	Gandy	Cluster	un	12760167	0.00251	-1.00000	-1.00000	0.00009	-1.00000	-1.00000	0.00508	-1.00000	-1.00000	0.00012	-1.00000	-1.00000
28599	Gandy	Cluster	un	12763445	0.00837	-1.00000	-1.00000	0.00860	-1.00000	-1.00000	-0.00719	-1.00000	-1.00000	0.00073	-1.00000	-1.00000
28609	Gandy	Cluster	un	12768311	0.10345	-1.00000	-1.00000	0.01567	-1.00000	-1.00000	0.01567	-1.00000	-1.00000	0.00017	-1.00000	-1.00000
28612	Gandy	Cluster	un	12769931	0.54037	-1.00000	-1.00000	0.37872	-1.00000	-1.00000	0.39552	-1.00000	-1.00000	0.00080	-1.00000	-1.00000
28614	Gandy	Cluster	un	12770647	0.23006	-1.00000	-1.00000	0.06951	-1.00000	-1.00000	0.08696	-1.00000	-1.00000	0.00036	-1.00000	-1.00000
28615	Gandy	Cluster	un	12771478	0.49055	-1.00000	-1.00000	0.32499	-1.00000	-1.00000	0.33530	-1.00000	-1.00000	0.00077	-1.00000	-1.00000
28617	Gandy	Cluster	un	12772237	0.49122	-1.00000	-1.00000	0.32557	-1.00000	-1.00000	0.34304	-1.00000	-1.00000	0.00066	-1.00000	-1.00000
28618	Gandy	Cluster	un	12773049	0.12595	-1.00000	-1.00000	0.02599	-1.00000	-1.00000	0.01976	-1.00000	-1.00000	0.00035	-1.00000	-1.00000
28623	Gandy	Cluster	un	12773850	0.07979	-1.00000	-1.00000	0.02994	-1.00000	-1.00000	0.04137	-1.00000	-1.00000	0.00051	-1.00000	-1.00000
28644	Gandy	Cluster	un	12779828	-0.00489	-1.00000	-1.00000	-0.00018	-1.00000	-1.00000	0.00029	-1.00000	-1.00000	0.00012	-1.00000	-1.00000
28646	Gandy	Cluster	un	12781363	0.52815	-1.00000	-1.00000	0.37486	-1.00000	-1.00000	0.39095	-1.00000	-1.00000	0.00074	-1.00000	-1.00000
28651	Gandy	Cluster	un	12785299	0.29630	-1.00000	-1.00000	0.12308	-1.00000	-1.00000	0.11732	-1.00000	-1.00000	0.00055	-1.00000	-1.00000
28656	Gandy	Cluster	un	12787483	0.06897	-1.00000	-1.00000	0.00760	-1.00000	-1.00000	0.00760	-1.00000	-1.00000	0.00012	-1.00000	-1.00000
28658	Gandy	Cluster	un	12789185	0.06897	-1.00000	-1.00000	0.00760	-1.00000	-1.00000	0.00760	-1.00000	-1.00000	0.00011	-1.00000	-1.00000
28668	Gandy	Cluster	un	12794407	0.03704	-1.00000	-1.00000	0.00284	-1.00000	-1.00000	0.00284	-1.00000	-1.00000	0.00010	-1.00000	-1.00000
28669	Gandy	Cluster	un	12795155	-0.00565	-1.00000	-1.00000	-0.00022	-1.00000	-1.00000	0.00778	-1.00000	-1.00000	0.00031	-1.00000	-1.00000
28670	Gandy	Cluster	un	12796005	0.32530	-1.00000	-1.00000	0.13366	-1.00000	-1.00000	0.17958	-1.00000	-1.00000	0.00066	-1.00000	-1.00000
28673	Gandy	Cluster	un	12797571	-0.00270	-1.00000	-1.00000	-0.00010	-1.00000	-1.00000	-0.00558	-1.00000	-1.00000	0.00020	-1.00000	-1.00000
28676	Gandy	Cluster	un	12799187	-0.00000	-1.00000	-1.00000	-0.00000	-1.00000	-1.00000	-0.00000	-1.00000	-1.00000	0.00004	-1.00000	-1.00000
28677	Gandy	Cluster	un	12800047	0.06897	-1.00000	-1.00000	0.00760	-1.00000	-1.00000	0.00760	-1.00000	-1.00000	0.00012	-1.00000	-1.00000
28685	Gandy	Cluster	un	12803232	0.77404	-1.00000	-1.00000	0.71732	-1.00000	-1.00000	0.73065	-1.00000	-1.00000	0.00102	-1.00000	-1.00000
28686	Gandy	Cluster	un	12804018	-0.03547	-1.00000	-1.00000	-0.00815	-1.00000	-1.00000	-0.00817	-1.00000	-1.00000	0.00021	-1.00000	-1.00000
28688	Gandy	Cluster	un	12804899	0.00290	-1.00000	-1.00000	0.00011	-1.00000	-1.00000	0.00088	-1.00000	-1.00000	0.00028	-1.00000	-1.00000
28691	Gandy	Cluster	un	12806483	0.00656	-1.00000	-1.00000	0.00026	-1.00000	-1.00000	0.01989	-1.00000	-1.00000	0.00029	-1.00000	-1.00000
28693	Gandy	Cluster	un	12808267	0.04067	-1.00000	-1.00000	0.00302	-1.00000	-1.00000	0.00284	-1.00000	-1.00000	0.00008	-1.00000	-1.00000
28705	Gandy	Cluster	un	12814048	0.06897	-1.00000	-1.00000	0.00760	-1.00000	-1.00000	0.00760	-1.00000	-1.00000	0.00013	-1.00000	-1.00000
28716	Gandy	Cluster	un	12818086	0.00251	-1.00000	-1.00000	0.00009	-1.00000	-1.00000	-0.00000	-1.00000	-1.00000	0.00005	-1.00000	-1.00000
28718	Gandy	Cluster	un	12818738	0.53042	-1.00000	-1.00000	0.37820	-1.00000	-1.00000	0.38647	-1.00000	-1.00000	0.00076	-1.00000	-1.00000
28720	Gandy	Cluster	un	12819549	-0.03896	-1.00000	-1.00000	-0.03216	-1.00000	-1.00000	-0.00501	-1.00000	-1.00000	0.00067	-1.00000	-1.00000
28724	Gandy	Cluster	un	12821723	0.19534	-1.00000	-1.00000	0.19719	-1.00000	-1.00000	0.18079	-1.00000	-1.00000	0.00082	-1.00000	-1.00000
28748	Gandy	Cluster	un	12829854	0.04348	-1.00000	-1.00000	0.00394	-1.00000	-1.00000	-0.01338	-1.00000	-1.00000	0.00052	-1.00000	-1.00000
28750	Gandy	Cluster	un	12831349	0.03555	-1.00000	-1.00000	0.00306	-1.00000	-1.00000	-0.00925	-1.00000	-1.00000	0.00038	-1.00000	-1.00000
28759	Gandy	Cluster	un	12834565	0.04067	-1.00000	-1.00000	0.00302	-1.00000	-1.00000	0.01050	-1.00000	-1.00000	0.00016	-1.00000	-1.00000
28769	Gandy	Cluster	un	12839274	0.92628	-1.00000	-1.00000	0.92872	-1.00000	-1.00000	0.92920	-1.00000	-1.00000	0.00117	-1.00000	-1.00000
28781	Gandy	Cluster	un	12843504	-0.03567	-1.00000	-1.00000	-0.00255	-1.00000	-1.00000	0.00018	-1.00000	-1.00000	0.00021	-1.00000	-1.00000
28791	Gandy	Cluster	un	12848180	0.87883	-1.00000	-1.00000	0.85901	-1.00000	-1.00000	0.84712	-1.00000	-1.00000	0.00110	-1.00000	-1.00000
28802	Gandy	Cluster	un	12853813	0.87336	-1.00000	-1.00000	0.87219	-1.00000	-1.00000	0.85799	-1.00000	-1.00000	0.00114	-1.00000	-1.00000
28806	Gandy	Cluster	un	12856149	0.03114	-1.00000	-1.00000	0.00229	-1.00000	-1.00000	0.00246	-1.00000	-1.00000	0.00008	-1.00000	-1.00000
28808	Gandy	Cluster	un	12857785	0.32990	-1.00000	-1.00000	0.14561	-1.00000	-1.00000	0.19576	-1.00000	-1.00000	0.00053	-1.00000	-1.00000
28823	Gandy	Cluster	un	12862378	0.00251	-1.00000	-1.00000	0.00009	-1.00000	-1.00000	-0.00000	-1.00000	-1.00000	0.00004	-1.00000	-1.00000
28830	Gandy	Cluster	un	12864878	0.03320	-1.00000	-1.00000	0.00263	-1.00000	-1.00000	0.00284	-1.00000	-1.00000	0.00010	-1.00000	-1.00000
28832	Gandy	Cluster	un	12866366	0.11111	-1.00000	-1.00000	0.01818	-1.00000	-1.00000	0.01818	-1.00000	-1.00000	0.00020	-1.00000	-1.00000
28840	Gandy	Cluster	un	12871902	0.00290	-1.00000	-1.00000	0.00011	-1.00000	-1.00000	0.00088	-1.00000	-1.00000	0.00024	-1.00000	-1.00000
28843	Gandy	Cluster	un	12872778	0.13793	-1.00000	-1.00000	0.02685	-1.00000	-1.00000	0.02685	-1.00000	-1.00000	0.00022	-1.00000	-1.00000
28844	Gandy	Cluster	un	12873526	0.17774	-1.00000	-1.00000	0.04751	-1.00000	-1.00000	0.04113	-1.00000	-1.00000	0.00042	-1.00000	-1.00000
28845	Gandy	Cluster	un	12874281	-0.00000	-1.00000	-1.00000	-0.00000	-1.00000	-1.00000	-0.00000	-1.00000	-1.00000	0.00004	-1.00000	-1.00000
28846	Gandy	Cluster	un	12875071	0.48148	-1.00000	-1.00000	0.32500	-1.00000	-1.00000	0.31886	-1.00000	-1.00000	0.00066	-1.00000	-1.00000
28859	Gandy	Cluster	un	12880792	0.84000	-1.00000	-1.00000	0.82206	-1.00000	-1.00000	0.82891	-1.00000	-1.00000	0.00102	-1.00000	-1.00000
28860	Gandy	Cluster	un	12881643	-0.00235	-1.00000	-1.00000	-0.00008	-1.00000	-1.00000	-0.00000	-1.00000	-1.00000	0.00004	-1.00000	-1.00000
28862	Gandy	Cluster	un	12883246	0.00561	-1.00000	-1.00000	0.00021	-1.00000	-1.00000	0.02159	-1.00000	-1.00000	0.00020	-1.00000	-1.00000
28870	Gandy	Cluster	un	12886616	0.37016	-1.00000	-1.00000	0.20120	-1.00000	-1.00000	0.20183	-1.00000	-1.00000	0.00049	-1.00000	-1.00000
28873	Gandy	Cluster	un	12887432	-0.04348	-1.00000	-1.00000	-0.00379	-1.00000	-1.00000	0.00564	-1.00000	-1.00000	0.00040	-1.00000	-1.00000
28877	Gandy	Cluster	un	12889838	0.07407	-1.00000	-1.00000	0.00881	-1.00000	-1.00000	0.00361	-1.00000	-1.00000	0.00031	-1.00000	-1.00000
28880	Gandy	Cluster	un	12890538	0.09834	-1.00000	-1.00000	0.01534	-1.00000	-1.00000	0.00883	-1.00000	-1.00000	0.00025	-1.00000	-1.00000
28900	Gandy	Cluster	un	12901535	0.07875	-1.00000	-1.00000	0.00908	-1.00000	-1.00000	0.00881	-1.00000	-1.00000	0.00012	-1.00000	-1.00000
28904	Gandy	Cluster	un	12903246	-0.00000	-1.00000	-1.00000	-0.00000	-1.00000	-1.00000	-0.00000	-1.00000	-1.00000	0.00004	-1.00000	-1.00000
28905	Gandy	Cluster	un	12904110	0.09321	-1.00000	-1.00000	0.01269	-1.00000	-1.00000	0.02597	-1.00000	-1.00000	0.00025	-1.00000	-1.00000
28914	Gandy	Cluster	un	12907291	0.03448	-1.00000	-1.00000	0.00246	-1.00000	-1.00000	0.00246	-1.00000	-1.00000	0.00008	-1.00000	-1.00000
28915	Gandy	Cluster	un	12908152	-0.00000	-1.00000	-1.00000	-0.00000	-1.00000	-1.00000	-0.00000	-1.00000	-1.00000	0.00004	-1.00000	-1.00000
28920	Gandy	Cluster	un	12912170	0.07407	-1.00000	-1.00000	0.00881	-1.00000	-1.00000	0.00361	-1.00000	-1.00000	0.00026	-1.00000	-1.00000
28927	Gandy	Cluster	un	12914609	-0.00235	-1.00000	-1.00000	-0.00008	-1.00000	-1.00000	0.00008	-1.00000	-1.00000	0.00011	-1.00000	-1.00000
28933	Gandy	Cluster	un	12916288	-0.00000	-1.00000	-1.00000	-0.00000	-1.00000	-1.00000	-0.00000	-1.00000	-1.00000	0.00004	-1.00000	-1.00000
28941	Gandy	Cluster	un	12918792	0.03114	-1.00000	-1.00000	0.00229	-1.00000	-1.00000	0.00018	-1.00000	-1.00000	0.00017	-1.00000	-1.00000
28957	Gandy	Cluster	un	12924944	-0.00767	-1.00000	-1.00000	-0.00029	-1.00000	-1.00000	0.01323	-1.00000	-1.00000	0.00027	-1.00000	-1.00000
28966	Gandy	Cluster	un	12929727	0.40071	-1.00000	-1.00000	0.31045	-1.00000	-1.00000	0.31939	-1.00000	-1.00000	0.00077	-1.00000	-1.00000
28967	Gandy	Cluster	un	12930532	0.00656	-1.00000	-1.00000	0.00026	-1.00000	-1.00000	0.01989	-1.00000	-1.00000	0.00035	-1.00000	-1.00000
28970	Gandy	Cluster	un	12932740	0.39480	-1.00000	-1.00000	0.23902	-1.00000	-1.00000	0.21602	-1.00000	-1.00000	0.00070	-1.00000	-1.00000
28980	Gandy	Cluster	un	12935618	0.33591	-1.00000	-1.00000	0.16578	-1.00000	-1.00000	0.14997	-1.00000	-1.00000	0.00053	-1.00000	-1.00000
28990	Gandy	Cluster	un	12941310	-0.00000	-1.00000	-1.00000	-0.00000	-1.00000	-1.00000	-0.00000	-1.00000	-1.00000	0.00004	-1.00000	-1.00000
28991	Gandy	Cluster	un	12942149	-0.00000	-1.00000	-1.00000	-0.00000	-1.00000	-1.00000	-0.00000	-1.00000	-1.00000	0.00004	-1.00000	-1.00000
28993	Gandy	Cluster	un	12943763	0.19238	-1.00000	-1.00000	0.04856	-1.00000	-1.00000	0.06452	-1.00000	-1.00000	0.00030	-1.00000	-1.00000
28994	Gandy	Cluster	un	12944640	0.19970	-1.00000	-1.00000	0.05872	-1.00000	-1.00000	0.04666	-1.00000	-1.00000	0.00036	-1.00000	-1.00000
28996	Gandy	Cluster	un	12945438	-0.00315	-1.00000	-1.00000	-0.00013	-1.00000	-1.00000	-0.01186	-1.00000	-1.00000	0.00038	-1.00000	-1.00000
29007	Gandy	Cluster	un	12950951	-0.02279	-1.00000	-1.00000	-0.01644	-1.00000	-1.00000	-0.01237	-1.00000	-1.00000	0.00062	-1.00000	-1.00000
29008	Gandy	Cluster	un	12951799	-0.00270	-1.00000	-1.00000	-0.00010	-1.00000	-1.00000	-0.00558	-1.00000	-1.00000	0.00020	-1.00000	-1.00000
29009	Gandy	Cluster	un	12952604	0.00000	-1.00000	-1.00000	0.00000	-1.00000	-1.00000	-0.00502	-1.00000	-1.00000	0.00019	-1.00000	-1.00000
29028	Gandy	Cluster	un	12961461	-0.03724	-1.00000	-1.00000	-0.00757	-1.00000	-1.00000	0.03494	-1.00000	-1.00000	0.00042	-1.00000	-1.00000
29032	Gandy	Cluster	un	12963049	-0.00000	-1.00000	-1.00000	-0.00000	-1.00000	-1.00000	-0.00000	-1.00000	-1.00000	0.00004	-1.00000	-1.00000
29037	Gandy	Cluster	un	12965511	-0.04000	-1.00000	-1.00000	-0.00321	-1.00000	-1.00000	-0.01405	-1.00000	-1.00000	0.00039	-1.00000	-1.00000
29046	Gandy	Cluster	un	12971171	0.36961	-1.00000	-1.00000	0.17428	-1.00000	-1.00000	0.19133	-1.00000	-1.00000	0.00059	-1.00000	-1.00000
29048	Gandy	Cluster	un	12972791	0.26765	-1.00000	-1.00000	0.09455	-1.00000	-1.00000	0.11315	-1.00000	-1.00000	0.00040	-1.00000	-1.00000
29049	Gandy	Cluster	un	12973616	0.30515	-1.00000	-1.00000	0.12370	-1.00000	-1.00000	0.12308	-1.00000	-1.00000	0.00039	-1.00000	-1.00000
29053	Gandy	Cluster	un	12976115	-0.00315	-1.00000	-1.00000	-0.00013	-1.00000	-1.00000	0.01244	-1.00000	-1.00000	0.00021	-1.00000	-1.00000
29056	Gandy	Cluster	un	12977816	0.07875	-1.00000	-1.00000	0.00908	-1.00000	-1.00000	0.00881	-1.00000	-1.00000	0.00014	-1.00000	-1.00000
29067	Gandy	Cluster	un	12980865	0.03320	-1.00000	-1.00000	0.00263	-1.00000	-1.00000	0.00852	-1.00000	-1.00000	0.00025	-1.00000	-1.00000
29071	Gandy	Cluster	un	12983157	-0.00000	-1.00000	-1.00000	-0.00000	-1.00000	-1.00000	-0.00000	-1.00000	-1.00000	0.00005	-1.00000	-1.00000
29076	Gandy	Cluster	un	12985818	0.05517	-1.00000	-1.00000	0.04305	-1.00000	-1.00000	0.12198	-1.00000	-1.00000	0.00068	-1.00000	-1.00000
29077	Gandy	Cluster	un	12986641	-0.00000	-1.00000	-1.00000	-0.00000	-1.00000	-1.00000	-0.00050	-1.00000	-1.00000	0.00026	-1.00000	-1.00000
29081	Gandy	Cluster	un	12989821	0.54387	-1.00000	-1.00000	0.38273	-1.00000	-1.00000	0.41303	-1.00000	-1.00000	0.00080	-1.00000	-1.00000
29104	Gandy	Cluster	un	12997776	0.00951	-1.00000	-1.00000	0.00037	-1.00000	-1.00000	0.05121	-1.00000	-1.00000	0.00028	-1.00000	-1.00000
29108	Gandy	Cluster	un	13001088	0.44000	-1.00000	-1.00000	0.27386	-1.00000	-1.00000	0.25641	-1.00000	-1.00000	0.00074	-1.00000	-1.00000
29109	Gandy	Cluster	un	13001872	-0.00000	-1.00000	-1.00000	-0.00000	-1.00000	-1.00000	-0.00000	-1.00000	-1.00000	0.00004	-1.00000	-1.00000
29114	Gandy	Cluster	un	13005860	-0.00235	-1.00000	-1.00000	-0.00008	-1.00000	-1.00000	-0.00000	-1.00000	-1.00000	0.00004	-1.00000	-1.00000
29115	Gandy	Cluster	un	13006725	0.48148	-1.00000	-1.00000	0.32500	-1.00000	-1.00000	0.31886	-1.00000	-1.00000	0.00062	-1.00000	-1.00000
29117	Gandy	Cluster	un	13007628	0.20030	-1.00000	-1.00000	0.13430	-1.00000	-1.00000	0.14440	-1.00000	-1.00000	0.00065	-1.00000	-1.00000
29135	Gandy	Cluster	un	13017180	0.03448	-1.00000	-1.00000	0.00246	-1.00000	-1.00000	0.00246	-1.00000	-1.00000	0.00008	-1.00000	-1.00000
29154	Gandy	Cluster	un	13026963	0.17448	-1.00000	-1.00000	0.03767	-1.00000	-1.00000	0.07867	-1.00000	-1.00000	0.00035	-1.00000	-1.00000
29155	Gandy	Cluster	un	13027809	0.22563	-1.00000	-1.00000	0.07947	-1.00000	-1.00000	0.06580	-1.00000	-1.00000	0.00038	-1.00000	-1.00000
29160	Gandy	Cluster	un	13031077	0.00000	-1.00000	-1.00000	0.00000	-1.00000	-1.00000	-0.00502	-1.00000	-1.00000	0.00019	-1.00000	-1.00000
29161	Gandy	Cluster	un	13031899	0.06470	-1.00000	-1.00000	0.00736	-1.00000	-1.00000	0.00760	-1.00000	-1.00000	0.00012	-1.00000	-1.00000
29162	Gandy	Cluster	un	13032734	0.33944	-1.00000	-1.00000	0.14624	-1.00000	-1.00000	0.19576	-1.00000	-1.00000	0.00054	-1.00000	-1.00000
29164	Gandy	Cluster	un	13034338	-0.00270	-1.00000	-1.00000	-0.00010	-1.00000	-1.00000	-0.00558	-1.00000	-1.00000	0.00019	-1.00000	-1.00000
29172	Gandy	Cluster	un	13038536	0.04067	-1.00000	-1.00000	0.00302	-1.00000	-1.00000	0.00284	-1.00000	-1.00000	0.00009	-1.00000	-1.00000
29180	Gandy	Cluster	un	13040269	-0.00235	-1.00000	-1.00000	-0.00008	-1.00000	-1.00000	0.00008	-1.00000	-1.00000	0.00013	-1.00000	-1.00000
29181	Gandy	Cluster	un	13041029	-0.03576	-1.00000	-1.00000	-0.03708	-1.00000	-1.00000	-0.03308	-1.00000	-1.00000	0.00063	-1.00000	-1.00000
29188	Gandy	Cluster	un	13044495	0.00251	-1.00000	-1.00000	0.00009	-1.00000	-1.00000	0.00508	-1.00000	-1.00000	0.00013	-1.00000	-1.00000
29193	Gandy	Cluster	un	13047739	-0.00270	-1.00000	-1.00000	-0.00010	-1.00000	-1.00000	-0.00000	-1.00000	-1.00000	0.00005	-1.00000	-1.00000
29213	Gandy	Cluster	un	13055492	-0.00235	-1.00000	-1.00000	-0.00008	-1.00000	-1.00000	-0.00000	-1.00000	-1.00000	0.00005	-1.00000	-1.00000
29217	Gandy	Cluster	un	13057011	1.00000	-1.00000	-1.00000	1.00000	-1.00000	-1.00000	1.00000	-1.00000	-1.00000	0.00122	-1.00000	-1.00000
29223	Gandy	Cluster	un	13060374	0.07875	-1.00000	-1.00000	0.00908	-1.00000	-1.00000	0.01894	-1.00000	-1.00000	0.00022	-1.00000	-1.00000
29241	Gandy	Cluster	un	13069104	0.11672	-1.00000	-1.00000	0.01853	-1.00000	-1.00000	0.03064	-1.00000	-1.00000	0.00026	-1.00000	-1.00000
29242	Gandy	Cluster	un	13069884	0.00561	-1.00000	-1.00000	0.00021	-1.00000	-1.00000	0.02159	-1.00000	-1.00000	0.00022	-1.00000	-1.00000
29243	Gandy	Cluster	un	13070651	1.00000	-1.00000	-1.00000	1.00000	-1.00000	-1.00000	1.00000	-1.00000	-1.00000	0.00115	-1.00000	-1.00000
29250	Gandy	Cluster	un	13073189	0.13793	-1.00000	-1.00000	0.02685	-1.00000	-1.00000	0.02685	-1.00000	-1.00000	0.00019	-1.00000	-1.00000
29259	Gandy	Cluster	un	13076444	-0.00000	-1.00000	-1.00000	-0.00000	-1.00000	-1.00000	-0.00000	-1.00000	-1.00000	0.00004	-1.00000	-1.00000
29261	Gandy	Cluster	un	13078350	0.13793	-1.00000	-1.00000	0.02685	-1.00000	-1.00000	0.02685	-1.00000	-1.00000	0.00028	-1.00000	-1.00000
29264	Gandy	Cluster	un	13078945	0.71144	-1.00000	-1.00000	0.63782	-1.00000	-1.00000	0.64526	-1.00000	-1.00000	0.00085	-1.00000	-1.00000
29280	Gandy	Cluster	un	13086071	-0.00235	-1.00000	-1.00000	-0.00008	-1.00000	-1.00000	0.00008	-1.00000	-1.00000	0.00011	-1.00000	-1.00000
29284	Gandy	Cluster	un	13088530	0.25057	-1.00000	-1.00000	0.09328	-1.00000	-1.00000	0.07442	-1.00000	-1.00000	0.00050	-1.00000	-1.00000
29303	Gandy	Cluster	un	13097455	0.76724	-1.00000	-1.00000	0.71716	-1.00000	-1.00000	0.71164	-1.00000	-1.00000	0.00092	-1.00000	-1.00000
29316	Gandy	Cluster	un	13101526	0.00251	-1.00000	-1.00000	0.00009	-1.00000	-1.00000	-0.00000	-1.00000	-1.00000	0.00005	-1.00000	-1.00000
29317	Gandy	Cluster	un	13102282	0.15194	-1.00000	-1.00000	0.02682	-1.00000	-1.00000	0.02542	-1.00000	-1.00000	0.00022	-1.00000	-1.00000
29330	Gandy	Cluster	un	13105427	0.04067	-1.00000	-1.00000	0.00302	-1.00000	-1.00000	0.01050	-1.00000	-1.00000	0.00016	-1.00000	-1.00000
29336	Gandy	Cluster	un	13108631	0.00000	-1.00000	-1.00000	0.00000	-1.00000	-1.00000	0.00508	-1.00000	-1.00000	0.00012	-1.00000	-1.00000
29342	Gandy	Cluster	un	13111060	-0.00489	-1.00000	-1.00000	-0.00018	-1.00000	-1.00000	-0.00000	-1.00000	-1.00000	0.00004	-1.00000	-1.00000
29352	Gandy	Cluster	un	13115319	-0.00235	-1.00000	-1.00000	-0.00008	-1.00000	-1.00000	0.00008	-1.00000	-1.00000	0.00012	-1.00000	-1.00000
29353	Gandy	Cluster	un	13116109	0.00000	-1.00000	-1.00000	0.00000	-1.00000	-1.00000	-0.00009	-1.00000	-1.00000	0.00013	-1.00000	-1.00000
29356	Gandy	Cluster	un	13116872	0.00561	-1.00000	-1.00000	0.00021	-1.00000	-1.00000	0.02159	-1.00000	-1.00000	0.00021	-1.00000	-1.00000
29357	Gandy	Cluster	un	13117650	0.00951	-1.00000	-1.00000	0.00037	-1.00000	-1.00000	0.05121	-1.00000	-1.00000	0.00026	-1.00000	-1.00000
29361	Gandy	Cluster	un	13119411	0.00951	-1.00000	-1.00000	0.00037	-1.00000	-1.00000	0.02512	-1.00000	-1.00000	0.00022	-1.00000	-1.00000
29362	Gandy	Cluster	un	13120217	0.00951	-1.00000	-1.00000	0.00037	-1.00000	-1.00000	0.05121	-1.00000	-1.00000	0.00030	-1.00000	-1.00000
29363	Gandy	Cluster	un	13121003	-0.00000	-1.00000	-1.00000	-0.00000	-1.00000	-1.00000	-0.00000	-1.00000	-1.00000	0.00004	-1.00000	-1.00000
29364	Gandy	Cluster	un	13121777	0.13451	-1.00000	-1.00000	0.03014	-1.00000	-1.00000	0.01448	-1.00000	-1.00000	0.00042	-1.00000	-1.00000
29370	Gandy	Cluster	un	13123353	0.00656	-1.00000	-1.00000	0.00026	-1.00000	-1.00000	0.01989	-1.00000	-1.00000	0.00034	-1.00000	-1.00000
29372	Gandy	Cluster	un	13124154	0.09834	-1.00000	-1.00000	0.01534	-1.00000	-1.00000	0.00883	-1.00000	-1.00000	0.00026	-1.00000	-1.00000
29375	Gandy	Cluster	un	13126619	0.03448	-1.00000	-1.00000	0.00246	-1.00000	-1.00000	0.00246	-1.00000	-1.00000	0.00008	-1.00000	-1.00000
29379	Gandy	Cluster	un	13128972	0.17448	-1.00000	-1.00000	0.03767	-1.00000	-1.00000	0.05342	-1.00000	-1.00000	0.00031	-1.00000	-1.00000
29385	Gandy	Cluster	un	13130550	-0.00235	-1.00000	-1.00000	-0.00008	-1.00000	-1.00000	0.00008	-1.00000	-1.00000	0.00012	-1.00000	-1.00000
29391	Gandy	Cluster	un	13132733	0.62040	-1.00000	-1.00000	0.53084	-1.00000	-1.00000	0.51815	-1.00000	-1.00000	0.00090	-1.00000	-1.00000
29403	Gandy	Cluster	un	13137858	0.43888	-1.00000	-1.00000	0.28113	-1.00000	-1.00000	0.26599	-1.00000	-1.00000	0.00061	-1.00000	-1.00000
29409	Gandy	Cluster	un	13141194	0.03448	-1.00000	-1.00000	0.00246	-1.00000	-1.00000	0.00246	-1.00000	-1.00000	0.00008	-1.00000	-1.00000
29419	Gandy	Cluster	un	13145320	0.09054	-1.00000	-1.00000	0.01094	-1.00000	-1.00000	0.04304	-1.00000	-1.00000	0.00027	-1.00000	-1.00000
29420	Gandy	Cluster	un	13146193	0.00290	-1.00000	-1.00000	0.00011	-1.00000	-1.00000	0.02159	-1.00000	-1.00000	0.00024	-1.00000	-1.00000
29432	Gandy	Cluster	un	13152477	0.16866	-1.00000	-1.00000	0.15648	-1.00000	-1.00000	0.17821	-1.00000	-1.00000	0.00081	-1.00000	-1.00000
29435	Gandy	Cluster	un	13154092	0.00000	-1.00000	-1.00000	0.00000	-1.00000	-1.00000	-0.01682	-1.00000	-1.00000	0.00040	-1.00000	-1.00000
29441	Gandy	Cluster	un	13156494	-0.00000	-1.00000	-1.00000	-0.00000	-1.00000	-1.00000	-0.00000	-1.00000	-1.00000	0.00004	-1.00000	-1.00000
29442	Gandy	Cluster	un	13157335	0.60982	-1.00000	-1.00000	0.49026	-1.00000	-1.00000	0.48399	-1.00000	-1.00000	0.00088	-1.00000	-1.00000
29444	Gandy	Cluster	un	13158092	0.04420	-1.00000	-1.00000	0.00354	-1.00000	-1.00000	0.00705	-1.00000	-1.00000	0.00029	-1.00000	-1.00000
29460	Gandy	Cluster	un	13165200	-0.00000	-1.00000	-1.00000	-0.00000	-1.00000	-1.00000	-0.00000	-1.00000	-1.00000	0.00004	-1.00000	-1.00000
29465	Gandy	Cluster	un	13166847	0.07875	-1.00000	-1.00000	0.00908	-1.00000	-1.00000	0.01894	-1.00000	-1.00000	0.00020	-1.00000	-1.00000
29471	Gandy	Cluster	un	13169256	-0.00270	-1.00000	-1.00000	-0.00010	-1.00000	-1.00000	-0.00488	-1.00000	-1.00000	0.00026	-1.00000	-1.00000
29472	Gandy	Cluster	un	13170070	-0.00000	-1.00000	-1.00000	-0.00000	-1.00000	-1.00000	-0.00000	-1.00000	-1.00000	0.00004	-1.00000	-1.00000
29473	Gandy	Cluster	un	13170964	0.16584	-1.00000	-1.00000	0.04086	-1.00000	-1.00000	0.04132	-1.00000	-1.00000	0.00024	-1.00000	-1.00000
29479	Gandy	Cluster	un	13174954	0.00951	-1.00000	-1.00000	0.00037	-1.00000	-1.00000	0.05121	-1.00000	-1.00000	0.00026	-1.00000	-1.00000
29483	Gandy	Cluster	un	13175840	0.09054	-1.00000	-1.00000	0.01094	-1.00000	-1.00000	0.02205	-1.00000	-1.00000	0.00021	-1.00000	-1.00000
29489	Gandy	Cluster	un	13179117	0.46069	-1.00000	-1.00000	0.27518	-1.00000	-1.00000	0.29478	-1.00000	-1.00000	0.00059	-1.00000	-1.00000
29496	Gandy	Cluster	un	13181540	0.33518	-1.00000	-1.00000	0.13430	-1.00000	-1.00000	0.22408	-1.00000	-1.00000	0.00062	-1.00000	-1.00000
29499	Gandy	Cluster	un	13182298	0.08000	-1.00000	-1.00000	0.01033	-1.00000	-1.00000	-0.00090	-1.00000	-1.00000	0.00040	-1.00000	-1.00000
29503	Gandy	Cluster	un	13183097	0.00656	-1.00000	-1.00000	0.00026	-1.00000	-1.00000	-0.00529	-1.00000	-1.00000	0.00021	-1.00000	-1.00000
29505	Gandy	Cluster	un	13183917	0.00340	-1.00000	-1.00000	0.00014	-1.00000	-1.00000	0.01768	-1.00000	-1.00000	0.00036	-1.00000	-1.00000
29507	Gandy	Cluster	un	13185470	0.00561	-1.00000	-1.00000	0.00021	-1.00000	-1.00000	-0.00000	-1.00000	-1.00000	0.00005	-1.00000	-1.00000
29512	Gandy	Cluster	un	13187929	0.22222	-1.00000	-1.00000	0.06897	-1.00000	-1.00000	0.06897	-1.00000	-1.00000	0.00032	-1.00000	-1.00000
29514	Gandy	Cluster	un	13188715	0.00000	-1.00000	-1.00000	0.00000	-1.00000	-1.00000	-0.00000	-1.00000	-1.00000	0.00004	-1.00000	-1.00000
29519	Gandy	Cluster	un	13191191	0.04067	-1.00000	-1.00000	0.00302	-1.00000	-1.00000	0.01050	-1.00000	-1.00000	0.00013	-1.00000	-1.00000
29530	Gandy	Cluster	un	13197681	0.17241	-1.00000	-1.00000	0.04132	-1.00000	-1.00000	0.04132	-1.00000	-1.00000	0.00025	-1.00000	-1.00000
29540	Gandy	Cluster	un	13202500	1.00000	-1.00000	-1.00000	1.00000	-1.00000	-1.00000	0.97664	-1.00000	-1.00000	0.00120	-1.00000	-1.00000
29541	Gandy	Cluster	un	13203321	0.11672	-1.00000	-1.00000	0.01853	-1.00000	-1.00000	0.01818	-1.00000	-1.00000	0.00019	-1.00000	-1.00000
29547	Gandy	Cluster	un	13205677	-0.02222	-1.00000	-1.00000	-0.00762	-1.00000	-1.00000	-0.00879	-1.00000	-1.00000	0.00035	-1.00000	-1.00000
29556	Gandy	Cluster	un	13208964	0.19238	-1.00000	-1.00000	0.04856	-1.00000	-1.00000	0.06452	-1.00000	-1.00000	0.00032	-1.00000	-1.00000
29558	Gandy	Cluster	un	13209791	0.17774	-1.00000	-1.00000	0.04751	-1.00000	-1.00000	0.03571	-1.00000	-1.00000	0.00035	-1.00000	-1.00000
29560	Gandy	Cluster	un	13210568	0.00561	-1.00000	-1.00000	0.00021	-1.00000	-1.00000	0.00589	-1.00000	-1.00000	0.00014	-1.00000	-1.00000
29563	Gandy	Cluster	un	13212272	0.33518	-1.00000	-1.00000	0.13430	-1.00000	-1.00000	0.18797	-1.00000	-1.00000	0.00057	-1.00000	-1.00000
29566	Gandy	Cluster	un	13213954	0.00000	-1.00000	-1.00000	0.00000	-1.00000	-1.00000	-0.01682	-1.00000	-1.00000	0.00045	-1.00000	-1.00000
29571	Gandy	Cluster	un	13216299	0.03448	-1.00000	-1.00000	0.00246	-1.00000	-1.00000	0.00246	-1.00000	-1.00000	0.00008	-1.00000	-1.00000
29594	Gandy	Cluster	un	13227732	0.58672	-1.00000	-1.00000	0.44290	-1.00000	-1.00000	0.46742	-1.00000	-1.00000	0.00080	-1.00000	-1.00000
29596	Gandy	Cluster	un	13229111	1.00000	-1.00000	-1.00000	1.00000	-1.00000	-1.00000	0.98911	-1.00000	-1.00000	0.00123	-1.00000	-1.00000
29602	Gandy	Cluster	un	13231595	0.31034	-1.00000	-1.00000	0.13433	-1.00000	-1.00000	0.13433	-1.00000	-1.00000	0.00043	-1.00000	-1.00000
29604	Gandy	Cluster	un	13233160	-0.00000	-1.00000	-1.00000	-0.00000	-1.00000	-1.00000	-0.00000	-1.00000	-1.00000	0.00004	-1.00000	-1.00000
29610	Gandy	Cluster	un	13237306	0.70923	-1.00000	-1.00000	0.66526	-1.00000	-1.00000	0.65921	-1.00000	-1.00000	0.00094	-1.00000	-1.00000
29614	Gandy	Cluster	un	13239007	0.00251	-1.00000	-1.00000	0.00009	-1.00000	-1.00000	0.00508	-1.00000	-1.00000	0.00012	-1.00000	-1.00000
29615	Gandy	Cluster	un	13239847	0.04820	-1.00000	-1.00000	0.00374	-1.00000	-1.00000	0.01220	-1.00000	-1.00000	0.00017	-1.00000	-1.00000
29616	Gandy	Cluster	un	13240687	0.09302	-1.00000	-1.00000	0.01497	-1.00000	-1.00000	0.01289	-1.00000	-1.00000	0.00031	-1.00000	-1.00000
29621	Gandy	Cluster	un	13243045	0.03448	-1.00000	-1.00000	0.00246	-1.00000	-1.00000	0.00246	-1.00000	-1.00000	0.00008	-1.00000	-1.00000
29629	Gandy	Cluster	un	13246324	0.16737	-1.00000	-1.00000	0.03722	-1.00000	-1.00000	0.04771	-1.00000	-1.00000	0.00042	-1.00000	-1.00000
29637	Gandy	Cluster	un	13250318	0.13793	-1.00000	-1.00000	0.02685	-1.00000	-1.00000	0.02685	-1.00000	-1.00000	0.00023	-1.00000	-1.00000
29641	Gandy	Cluster	un	13251835	0.13793	-1.00000	-1.00000	0.02685	-1.00000	-1.00000	0.02685	-1.00000	-1.00000	0.00020	-1.00000	-1.00000
29644	Gandy	Cluster	un	13252678	0.00951	-1.00000	-1.00000	0.00037	-1.00000	-1.00000	0.05121	-1.00000	-1.00000	0.00027	-1.00000	-1.00000
29647	Gandy	Cluster	un	13253533	-0.00235	-1.00000	-1.00000	-0.00008	-1.00000	-1.00000	0.00008	-1.00000	-1.00000	0.00013	-1.00000	-1.00000
29648	Gandy	Cluster	un	13254268	0.06897	-1.00000	-1.00000	0.00760	-1.00000	-1.00000	0.00760	-1.00000	-1.00000	0.00012	-1.00000	-1.00000
29662	Gandy	Cluster	un	13260329	-0.00000	-1.00000	-1.00000	-0.00000	-1.00000	-1.00000	-0.00000	-1.00000	-1.00000	0.00004	-1.00000	-1.00000
29686	Gandy	Cluster	un	13268074	0.33591	-1.00000	-1.00000	0.16578	-1.00000	-1.00000	0.16641	-1.00000	-1.00000	0.00045	-1.00000	-1.00000
29691	Gandy	Cluster	un	13269424	0.04838	-1.00000	-1.00000	0.00422	-1.00000	-1.00000	0.00323	-1.00000	-1.00000	0.00045	-1.00000	-1.00000
29697	Gandy	Cluster	un	13271833	0.24138	-1.00000	-1.00000	0.08069	-1.00000	-1.00000	0.08069	-1.00000	-1.00000	0.00035	-1.00000	-1.00000
29705	Gandy	Cluster	un	13274935	0.17448	-1.00000	-1.00000	0.03767	-1.00000	-1.00000	0.07867	-1.00000	-1.00000	0.00035	-1.00000	-1.00000
29706	Gandy	Cluster	un	13275795	0.00251	-1.00000	-1.00000	0.00009	-1.00000	-1.00000	0.00508	-1.00000	-1.00000	0.00012	-1.00000	-1.00000
29714	Gandy	Cluster	un	13281415	-0.00000	-1.00000	-1.00000	-0.00000	-1.00000	-1.00000	-0.00000	-1.00000	-1.00000	0.00004	-1.00000	-1.00000
29718	Gandy	Cluster	un	13282992	0.14815	-1.00000	-1.00000	0.03120	-1.00000	-1.00000	0.02150	-1.00000	-1.00000	0.00028	-1.00000	-1.00000
29735	Gandy	Cluster	un	13288679	0.00251	-1.00000	-1.00000	0.00009	-1.00000	-1.00000	-0.00000	-1.00000	-1.00000	0.00005	-1.00000	-1.00000
29741	Gandy	Cluster	un	13290324	0.18519	-1.00000	-1.00000	0.04808	-1.00000	-1.00000	0.04260	-1.00000	-1.00000	0.00038	-1.00000	-1.00000
29743	Gandy	Cluster	un	13291142	0.27842	-1.00000	-1.00000	0.17624	-1.00000	-1.00000	0.19388	-1.00000	-1.00000	0.00057	-1.00000	-1.00000
29757	Gandy	Cluster	un	13297441	1.00000	-1.00000	-1.00000	1.00000	-1.00000	-1.00000	1.00000	-1.00000	-1.00000	0.00142	-1.00000	-1.00000
29762	Gandy	Cluster	un	13298883	0.06024	-1.00000	-1.00000	0.00707	-1.00000	-1.00000	0.00934	-1.00000	-1.00000	0.00028	-1.00000	-1.00000
29763	Gandy	Cluster	un	13299680	0.26765	-1.00000	-1.00000	0.09455	-1.00000	-1.00000	0.11315	-1.00000	-1.00000	0.00044	-1.00000	-1.00000
29768	Gandy	Cluster	un	13302091	0.71355	-1.00000	-1.00000	0.62879	-1.00000	-1.00000	0.66557	-1.00000	-1.00000	0.00092	-1.00000	-1.00000
29771	Gandy	Cluster	un	13303757	0.06823	-1.00000	-1.00000	0.02649	-1.00000	-1.00000	0.02918	-1.00000	-1.00000	0.00065	-1.00000	-1.00000
29772	Gandy	Cluster	un	13304501	0.04067	-1.00000	-1.00000	0.00302	-1.00000	-1.00000	0.00284	-1.00000	-1.00000	0.00009	-1.00000	-1.00000
29775	Gandy	Cluster	un	13306116	0.00251	-1.00000	-1.00000	0.00009	-1.00000	-1.00000	-0.00000	-1.00000	-1.00000	0.00004	-1.00000	-1.00000
29803	Gandy	Cluster	un	13314178	-0.00000	-1.00000	-1.00000	-0.00000	-1.00000	-1.00000	-0.00000	-1.00000	-1.00000	0.00004	-1.00000	-1.00000
29808	Gandy	Cluster	un	13315771	0.28800	-1.00000	-1.00000	0.20895	-1.00000	-1.00000	0.19627	-1.00000	-1.00000	0.00063	-1.00000	-1.00000
29812	Gandy	Cluster	un	13318243	-0.04348	-1.00000	-1.00000	-0.00379	-1.00000	-1.00000	-0.02077	-1.00000	-1.00000	0.00044	-1.00000	-1.00000
29823	Gandy	Cluster	un	13324605	0.04420	-1.00000	-1.00000	0.00354	-1.00000	-1.00000	0.00705	-1.00000	-1.00000	0.00028	-1.00000	-1.00000
29829	Gandy	Cluster	un	13327080	0.23006	-1.00000	-1.00000	0.06951	-1.00000	-1.00000	0.08696	-1.00000	-1.00000	0.00040	-1.00000	-1.00000
29835	Gandy	Cluster	un	13329423	0.06897	-1.00000	-1.00000	0.00760	-1.00000	-1.00000	0.00760	-1.00000	-1.00000	0.00012	-1.00000	-1.00000
29854	Gandy	Cluster	un	13337973	0.00290	-1.00000	-1.00000	0.00011	-1.00000	-1.00000	0.00589	-1.00000	-1.00000	0.00014	-1.00000	-1.00000
29855	Gandy	Cluster	un	13338730	0.58298	-1.00000	-1.00000	0.47755	-1.00000	-1.00000	0.45660	-1.00000	-1.00000	0.00087	-1.00000	-1.00000
29856	Gandy	Cluster	un	13339501	0.03448	-1.00000	-1.00000	0.00246	-1.00000	-1.00000	0.00246	-1.00000	-1.00000	0.00009	-1.00000	-1.00000
29868	Gandy	Cluster	un	13345248	-0.00000	-1.00000	-1.00000	-0.00000	-1.00000	-1.00000	-0.00000	-1.00000	-1.00000	0.00004	-1.00000	-1.00000
29869	Gandy	Cluster	un	13346038	0.00000	-1.00000	-1.00000	0.00000	-1.00000	-1.00000	-0.00000	-1.00000	-1.00000	0.00005	-1.00000	-1.00000
29874	Gandy	Cluster	un	13348468	0.03448	-1.00000	-1.00000	0.00246	-1.00000	-1.00000	0.00246	-1.00000	-1.00000	0.00009	-1.00000	-1.00000
29882	Gandy	Cluster	un	13353367	0.28075	-1.00000	-1.00000	0.16073	-1.00000	-1.00000	0.13815	-1.00000	-1.00000	0.00065	-1.00000	-1.00000
29886	Gandy	Cluster	un	13354979	-0.00000	-1.00000	-1.00000	-0.00000	-1.00000	-1.00000	-0.00050	-1.00000	-1.00000	0.00025	-1.00000	-1.00000
29890	Gandy	Cluster	un	13357507	-0.00235	-1.00000	-1.00000	-0.00008	-1.00000	-1.00000	-0.00000	-1.00000	-1.00000	0.00004	-1.00000	-1.00000
29902	Gandy	Cluster	un	13362113	0.06470	-1.00000	-1.00000	0.00736	-1.00000	-1.00000	0.00760	-1.00000	-1.00000	0.00012	-1.00000	-1.00000
29903	Gandy	Cluster	un	13362953	0.20690	-1.00000	-1.00000	0.05924	-1.00000	-1.00000	0.05924	-1.00000	-1.00000	0.00030	-1.00000	-1.00000
29907	Gandy	Cluster	un	13363725	0.66667	-1.00000	-1.00000	0.58462	-1.00000	-1.00000	0.57842	-1.00000	-1.00000	0.00081	-1.00000	-1.00000
29913	Gandy	Cluster	un	13366215	0.06897	-1.00000	-1.00000	0.00760	-1.00000	-1.00000	0.00760	-1.00000	-1.00000	0.00014	-1.00000	-1.00000
29924	Gandy	Cluster	un	13370080	0.02760	-1.00000	-1.00000	0.00210	-1.00000	-1.00000	0.00883	-1.00000	-1.00000	0.00023	-1.00000	-1.00000
29925	Gandy	Cluster	un	13370925	-0.00000	-1.00000	-1.00000	-0.00000	-1.00000	-1.00000	-0.00000	-1.00000	-1.00000	0.00004	-1.00000	-1.00000
29930	Gandy	Cluster	un	13373425	0.07407	-1.00000	-1.00000	0.00881	-1.00000	-1.00000	0.00881	-1.00000	-1.00000	0.00012	-1.00000	-1.00000
29935	Gandy	Cluster	un	13375828	0.03114	-1.00000	-1.00000	0.00229	-1.00000	-1.00000	0.00018	-1.00000	-1.00000	0.00017	-1.00000	-1.00000
29936	Gandy	Cluster	un	13376592	0.40000	-1.00000	-1.00000	0.22680	-1.00000	-1.00000	0.23827	-1.00000	-1.00000	0.00070	-1.00000	-1.00000
29943	Gandy	Cluster	un	13378082	0.00251	-1.00000	-1.00000	0.00009	-1.00000	-1.00000	0.00508	-1.00000	-1.00000	0.00012	-1.00000	-1.00000
29955	Gandy	Cluster	un	13380511	0.08538	-1.00000	-1.00000	0.01066	-1.00000	-1.00000	0.00535	-1.00000	-1.00000	0.00031	-1.00000	-1.00000
29958	Gandy	Cluster	un	13382878	0.04067	-1.00000	-1.00000	0.00302	-1.00000	-1.00000	0.01050	-1.00000	-1.00000	0.00016	-1.00000	-1.00000
29962	Gandy	Cluster	un	13383734	0.00251	-1.00000	-1.00000	0.00009	-1.00000	-1.00000	0.00508	-1.00000	-1.00000	0.00011	-1.00000	-1.00000
29963	Gandy	Cluster	un	13384609	0.00000	-1.00000	-1.00000	0.00000	-1.00000	-1.00000	-0.01682	-1.00000	-1.00000	0.00044	-1.00000	-1.00000
29974	Gandy	Cluster	un	13389529	0.00561	-1.00000	-1.00000	0.00021	-1.00000	-1.00000	0.02159	-1.00000	-1.00000	0.00019	-1.00000	-1.00000
29976	Gandy	Cluster	un	13390423	0.00561	-1.00000	-1.00000	0.00021	-1.00000	-1.00000	0.02159	-1.00000	-1.00000	0.00019	-1.00000	-1.00000
29978	Gandy	Cluster	un	13392050	0.03704	-1.00000	-1.00000	0.00284	-1.00000	-1.00000	-0.00227	-1.00000	-1.00000	0.00024	-1.00000	-1.00000
29979	Gandy	Cluster	un	13392825	-0.00000	-1.00000	-1.00000	-0.00000	-1.00000	-1.00000	-0.00000	-1.00000	-1.00000	0.00004	-1.00000	-1.00000
29981	Gandy	Cluster	un	13394487	-0.03567	-1.00000	-1.00000	-0.00255	-1.00000	-1.00000	0.00018	-1.00000	-1.00000	0.00016	-1.00000	-1.00000
29985	Gandy	Cluster	un	13396091	0.04067	-1.00000	-1.00000	0.00302	-1.00000	-1.00000	0.01050	-1.00000	-1.00000	0.00017	-1.00000	-1.00000
29986	Gandy	Cluster	un	13396881	0.04820	-1.00000	-1.00000	0.00374	-1.00000	-1.00000	0.01220	-1.00000	-1.00000	0.00017	-1.00000	-1.00000
29990	Gandy	Cluster	un	13399490	0.00951	-1.00000	-1.00000	0.00037	-1.00000	-1.00000	0.05121	-1.00000	-1.00000	0.00029	-1.00000	-1.00000
29993	Gandy	Cluster	un	13401048	0.01906	-1.00000	-1.00000	0.01100	-1.00000	-1.00000	0.04695	-1.00000	-1.00000	0.00054	-1.00000	-1.00000
30001	Gandy	Cluster	un	13402675	0.27586	-1.00000	-1.00000	0.10573	-1.00000	-1.00000	0.10573	-1.00000	-1.00000	0.00040	-1.00000	-1.00000
30003	Gandy	Cluster	un	13403426	0.04067	-1.00000	-1.00000	0.00302	-1.00000	-1.00000	0.00284	-1.00000	-1.00000	0.00009	-1.00000	-1.00000
30016	Gandy	Cluster	un	13409138	0.09302	-1.00000	-1.00000	0.01497	-1.00000	-1.00000	0.01289	-1.00000	-1.00000	0.00029	-1.00000	-1.00000
30018	Gandy	Cluster	un	13410005	-0.00000	-1.00000	-1.00000	-0.00000	-1.00000	-1.00000	-0.00000	-1.00000	-1.00000	0.00004	-1.00000	-1.00000
30023	Gandy	Cluster	un	13413288	-0.00235	-1.00000	-1.00000	-0.00008	-1.00000	-1.00000	0.00008	-1.00000	-1.00000	0.00011	-1.00000	-1.00000
30026	Gandy	Cluster	un	13415769	0.07407	-1.00000	-1.00000	0.00881	-1.00000	-1.00000	0.00361	-1.00000	-1.00000	0.00027	-1.00000	-1.00000
30038	Gandy	Cluster	un	13421470	-0.03558	-1.00000	-1.00000	-0.00527	-1.00000	-1.00000	-0.00528	-1.00000	-1.00000	0.00016	-1.00000	-1.00000
30042	Gandy	Cluster	un	13423140	0.04420	-1.00000	-1.00000	0.00354	-1.00000	-1.00000	0.00705	-1.00000	-1.00000	0.00032	-1.00000	-1.00000
30043	Gandy	Cluster	un	13423908	0.04838	-1.00000	-1.00000	0.00422	-1.00000	-1.00000	0.00323	-1.00000	-1.00000	0.00042	-1.00000	-1.00000
30045	Gandy	Cluster	un	13424711	-0.02407	-1.00000	-1.00000	-0.00274	-1.00000	-1.00000	-0.00273	-1.00000	-1.00000	0.00020	-1.00000	-1.00000
30049	Gandy	Cluster	un	13427801	0.64000	-1.00000	-1.00000	0.54728	-1.00000	-1.00000	0.52521	-1.00000	-1.00000	0.00078	-1.00000	-1.00000
30051	Gandy	Cluster	un	13428722	0.03704	-1.00000	-1.00000	0.00284	-1.00000	-1.00000	-0.00227	-1.00000	-1.00000	0.00028	-1.00000	-1.00000
30052	Gandy	Cluster	un	13429381	0.03448	-1.00000	-1.00000	0.00246	-1.00000	-1.00000	0.00246	-1.00000	-1.00000	0.00008	-1.00000	-1.00000
30056	Gandy	Cluster	un	13431742	0.00951	-1.00000	-1.00000	0.00037	-1.00000	-1.00000	0.00691	-1.00000	-1.00000	0.00013	-1.00000	-1.00000
30060	Gandy	Cluster	un	13433388	0.15194	-1.00000	-1.00000	0.02682	-1.00000	-1.00000	0.04215	-1.00000	-1.00000	0.00030	-1.00000	-1.00000
30061	Gandy	Cluster	un	13434168	-0.00000	-1.00000	-1.00000	-0.00000	-1.00000	-1.00000	-0.00000	-1.00000	-1.00000	0.00004	-1.00000	-1.00000
30074	Gandy	Cluster	un	13438293	-0.03975	-1.00000	-1.00000	-0.00319	-1.00000	-1.00000	0.01151	-1.00000	-1.00000	0.00035	-1.00000	-1.00000
30077	Gandy	Cluster	un	13440669	-0.03567	-1.00000	-1.00000	-0.00255	-1.00000	-1.00000	0.00018	-1.00000	-1.00000	0.00016	-1.00000	-1.00000
30078	Gandy	Cluster	un	13441451	0.46971	-1.00000	-1.00000	0.34713	-1.00000	-1.00000	0.37747	-1.00000	-1.00000	0.00085	-1.00000	-1.00000
30084	Gandy	Cluster	un	13443661	0.00656	-1.00000	-1.00000	0.00026	-1.00000	-1.00000	0.01989	-1.00000	-1.00000	0.00034	-1.00000	-1.00000
30085	Gandy	Cluster	un	13444455	0.03448	-1.00000	-1.00000	0.00246	-1.00000	-1.00000	0.00246	-1.00000	-1.00000	0.00009	-1.00000	-1.00000
30091	Gandy	Cluster	un	13446025	0.45057	-1.00000	-1.00000	0.27457	-1.00000	-1.00000	0.27386	-1.00000	-1.00000	0.00061	-1.00000	-1.00000
30097	Gandy	Cluster	un	13449069	0.06897	-1.00000	-1.00000	0.00760	-1.00000	-1.00000	0.00760	-1.00000	-1.00000	0.00014	-1.00000	-1.00000
30099	Gandy	Cluster	un	13449781	0.07407	-1.00000	-1.00000	0.00881	-1.00000	-1.00000	0.00361	-1.00000	-1.00000	0.00026	-1.00000	-1.00000
30101	Gandy	Cluster	un	13450630	-0.00000	-1.00000	-1.00000	-0.00000	-1.00000	-1.00000	-0.00000	-1.00000	-1.00000	0.00004	-1.00000	-1.00000
30105	Gandy	Cluster	un	13452278	0.00251	-1.00000	-1.00000	0.00009	-1.00000	-1.00000	-0.00000	-1.00000	-1.00000	0.00004	-1.00000	-1.00000
30108	Gandy	Cluster	un	13453080	0.18719	-1.00000	-1.00000	0.11937	-1.00000	-1.00000	0.11937	-1.00000	-1.00000	0.00048	-1.00000	-1.00000
30114	Gandy	Cluster	un	13455543	0.00290	-1.00000	-1.00000	0.00011	-1.00000	-1.00000	-0.00518	-1.00000	-1.00000	0.00019	-1.00000	-1.00000
30129	Gandy	Cluster	un	13461140	0.07875	-1.00000	-1.00000	0.00908	-1.00000	-1.00000	0.01894	-1.00000	-1.00000	0.00021	-1.00000	-1.00000
30134	Gandy	Cluster	un	13462731	0.09054	-1.00000	-1.00000	0.01094	-1.00000	-1.00000	0.04304	-1.00000	-1.00000	0.00025	-1.00000	-1.00000
30139	Gandy	Cluster	un	13465101	0.44632	-1.00000	-1.00000	0.26978	-1.00000	-1.00000	0.26945	-1.00000	-1.00000	0.00072	-1.00000	-1.00000
30143	Gandy	Cluster	un	13466726	0.00710	-1.00000	-1.00000	0.00534	-1.00000	-1.00000	0.01342	-1.00000	-1.00000	0.00057	-1.00000	-1.00000
30151	Gandy	Cluster	un	13470798	0.08538	-1.00000	-1.00000	0.01066	-1.00000	-1.00000	0.01033	-1.00000	-1.00000	0.00015	-1.00000	-1.00000
30153	Gandy	Cluster	un	13472420	0.23006	-1.00000	-1.00000	0.06951	-1.00000	-1.00000	0.08696	-1.00000	-1.00000	0.00032	-1.00000	-1.00000
30161	Gandy	Cluster	un	13475711	-0.00000	-1.00000	-1.00000	-0.00000	-1.00000	-1.00000	-0.00000	-1.00000	-1.00000	0.00005	-1.00000	-1.00000
30166	Gandy	Cluster	un	13477898	0.05704	-1.00000	-1.00000	0.04220	-1.00000	-1.00000	0.02871	-1.00000	-1.00000	0.00068	-1.00000	-1.00000
30167	Gandy	Cluster	un	13478687	0.61066	-1.00000	-1.00000	0.53036	-1.00000	-1.00000	0.50937	-1.00000	-1.00000	0.00084	-1.00000	-1.00000
30177	Gandy	Cluster	un	13484363	0.40308	-1.00000	-1.00000	0.28728	-1.00000	-1.00000	0.26880	-1.00000	-1.00000	0.00076	-1.00000	-1.00000
30185	Gandy	Cluster	un	13487548	-0.00000	-1.00000	-1.00000	-0.00000	-1.00000	-1.00000	-0.00050	-1.00000	-1.00000	0.00027	-1.00000	-1.00000
30186	Gandy	Cluster	un	13488359	0.14147	-1.00000	-1.00000	0.03071	-1.00000	-1.00000	0.02098	-1.00000	-1.00000	0.00030	-1.00000	-1.00000
30192	Gandy	Cluster	un	13489945	0.00290	-1.00000	-1.00000	0.00011	-1.00000	-1.00000	0.00589	-1.00000	-1.00000	0.00013	-1.00000	-1.00000
30195	Gandy	Cluster	un	13492448	0.20577	-1.00000	-1.00000	0.15646	-1.00000	-1.00000	0.13547	-1.00000	-1.00000	0.00073	-1.00000	-1.00000
30197	Gandy	Cluster	un	13494061	-0.00270	-1.00000	-1.00000	-0.00010	-1.00000	-1.00000	-0.00488	-1.00000	-1.00000	0.00028	-1.00000	-1.00000
30199	Gandy	Cluster	un	13494818	0.07407	-1.00000	-1.00000	0.00881	-1.00000	-1.00000	0.00361	-1.00000	-1.00000	0.00023	-1.00000	-1.00000
30207	Gandy	Cluster	un	13497411	0.25744	-1.00000	-1.00000	0.08247	-1.00000	-1.00000	0.12954	-1.00000	-1.00000	0.00044	-1.00000	-1.00000
30211	Gandy	Cluster	un	13499866	0.00251	-1.00000	-1.00000	0.00009	-1.00000	-1.00000	-0.00000	-1.00000	-1.00000	0.00004	-1.00000	-1.00000
30217	Gandy	Cluster	un	13502250	0.10495	-1.00000	-1.00000	0.01335	-1.00000	-1.00000	0.08145	-1.00000	-1.00000	0.00036	-1.00000	-1.00000
30221	Gandy	Cluster	un	13503850	0.00290	-1.00000	-1.00000	0.00011	-1.00000	-1.00000	0.00589	-1.00000	-1.00000	0.00013	-1.00000	-1.00000
30234	Gandy	Cluster	un	13508728	0.20818	-1.00000	-1.00000	0.05720	-1.00000	-1.00000	0.10217	-1.00000	-1.00000	0.00040	-1.00000	-1.00000
30245	Gandy	Cluster	un	13513584	0.19970	-1.00000	-1.00000	0.05872	-1.00000	-1.00000	0.04666	-1.00000	-1.00000	0.00033	-1.00000	-1.00000
30253	Gandy	Cluster	un	13517704	0.10345	-1.00000	-1.00000	0.01567	-1.00000	-1.00000	0.01567	-1.00000	-1.00000	0.00016	-1.00000	-1.00000
30254	Gandy	Cluster	un	13518553	0.04067	-1.00000	-1.00000	0.00302	-1.00000	-1.00000	0.01050	-1.00000	-1.00000	0.00016	-1.00000	-1.00000
30259	Gandy	Cluster	un	13520185	-0.00315	-1.00000	-1.00000	-0.00013	-1.00000	-1.00000	-0.01039	-1.00000	-1.00000	0.00036	-1.00000	-1.00000
30264	Gandy	Cluster	un	13523343	0.12296	-1.00000	-1.00000	0.03857	-1.00000	-1.00000	0.03297	-1.00000	-1.00000	0.00052	-1.00000	-1.00000
30269	Gandy	Cluster	un	13524827	0.06897	-1.00000	-1.00000	0.00760	-1.00000	-1.00000	0.00760	-1.00000	-1.00000	0.00012	-1.00000	-1.00000
30270	Gandy	Cluster	un	13525657	0.04820	-1.00000	-1.00000	0.00374	-1.00000	-1.00000	0.00332	-1.00000	-1.00000	0.00008	-1.00000	-1.00000
30283	Gandy	Cluster	un	13532106	0.71355	-1.00000	-1.00000	0.62879	-1.00000	-1.00000	0.62221	-1.00000	-1.00000	0.00095	-1.00000	-1.00000
30298	Gandy	Cluster	un	13537736	0.38672	-1.00000	-1.00000	0.24456	-1.00000	-1.00000	0.26351	-1.00000	-1.00000	0.00063	-1.00000	-1.00000
30299	Gandy	Cluster	un	13538535	0.41379	-1.00000	-1.00000	0.24037	-1.00000	-1.00000	0.24037	-1.00000	-1.00000	0.00052	-1.00000	-1.00000
30301	Gandy	Cluster	un	13539376	0.19845	-1.00000	-1.00000	0.04545	-1.00000	-1.00000	0.12678	-1.00000	-1.00000	0.00033	-1.00000	-1.00000
30311	Gandy	Cluster	un	13544544	0.34255	-1.00000	-1.00000	0.15689	-1.00000	-1.00000	0.17666	-1.00000	-1.00000	0.00046	-1.00000	-1.00000
30315	Gandy	Cluster	un	13547078	0.00656	-1.00000	-1.00000	0.00026	-1.00000	-1.00000	0.01989	-1.00000	-1.00000	0.00036	-1.00000	-1.00000
30323	Gandy	Cluster	un	13552209	-0.00000	-1.00000	-1.00000	-0.00000	-1.00000	-1.00000	-0.00050	-1.00000	-1.00000	0.00026	-1.00000	-1.00000
30333	Gandy	Cluster	un	13555381	-0.00000	-1.00000	-1.00000	-0.00000	-1.00000	-1.00000	-0.00000	-1.00000	-1.00000	0.00004	-1.00000	-1.00000
30334	Gandy	Cluster	un	13556220	0.18240	-1.00000	-1.00000	0.04441	-1.00000	-1.00000	0.03293	-1.00000	-1.00000	0.00052	-1.00000	-1.00000
30339	Gandy	Cluster	un	13557737	0.10528	-1.00000	-1.00000	0.01778	-1.00000	-1.00000	0.03064	-1.00000	-1.00000	0.00026	-1.00000	-1.00000
30354	Gandy	Cluster	un	13561430	0.00561	-1.00000	-1.00000	0.00021	-1.00000	-1.00000	-0.00000	-1.00000	-1.00000	0.00005	-1.00000	-1.00000
30363	Gandy	Cluster	un	13564552	-0.00000	-1.00000	-1.00000	-0.00000	-1.00000	-1.00000	-0.00000	-1.00000	-1.00000	0.00004	-1.00000	-1.00000
30365	Gandy	Cluster	un	13566140	0.07875	-1.00000	-1.00000	0.00908	-1.00000	-1.00000	0.01894	-1.00000	-1.00000	0.00019	-1.00000	-1.00000
30372	Gandy	Cluster	un	13568655	0.00251	-1.00000	-1.00000	0.00009	-1.00000	-1.00000	-0.00000	-1.00000	-1.00000	0.00004	-1.00000	-1.00000
30381	Gandy	Cluster	un	13571037	0.15194	-1.00000	-1.00000	0.02682	-1.00000	-1.00000	0.10217	-1.00000	-1.00000	0.00041	-1.00000	-1.00000
30384	Gandy	Cluster	un	13573477	0.19238	-1.00000	-1.00000	0.04856	-1.00000	-1.00000	0.06452	-1.00000	-1.00000	0.00035	-1.00000	-1.00000
30385	Gandy	Cluster	un	13574236	-0.00000	-1.00000	-1.00000	-0.00000	-1.00000	-1.00000	-0.00000	-1.00000	-1.00000	0.00004	-1.00000	-1.00000
30387	Gandy	Cluster	un	13575034	-0.03684	-1.00000	-1.00000	-0.00273	-1.00000	-1.00000	-0.00276	-1.00000	-1.00000	0.00009	-1.00000	-1.00000
30388	Gandy	Cluster	un	13575831	0.89246	-1.00000	-1.00000	0.88109	-1.00000	-1.00000	0.88227	-1.00000	-1.00000	0.00106	-1.00000	-1.00000
30392	Gandy	Cluster	un	13578800	0.03448	-1.00000	-1.00000	0.00246	-1.00000	-1.00000	0.00246	-1.00000	-1.00000	0.00010	-1.00000	-1.00000
30395	Gandy	Cluster	un	13579500	0.12643	-1.00000	-1.00000	0.02178	-1.00000	-1.00000	0.02135	-1.00000	-1.00000	0.00019	-1.00000	-1.00000
30396	Gandy	Cluster	un	13580299	0.03555	-1.00000	-1.00000	0.00306	-1.00000	-1.00000	-0.00925	-1.00000	-1.00000	0.00037	-1.00000	-1.00000
30397	Gandy	Cluster	un	13581087	0.09054	-1.00000	-1.00000	0.01094	-1.00000	-1.00000	0.04304	-1.00000	-1.00000	0.00030	-1.00000	-1.00000
30405	Gandy	Cluster	un	13583437	0.03448	-1.00000	-1.00000	0.00246	-1.00000	-1.00000	0.00246	-1.00000	-1.00000	0.00007	-1.00000	-1.00000
30418	Gandy	Cluster	un	13587542	0.00290	-1.00000	-1.00000	0.00011	-1.00000	-1.00000	0.00589	-1.00000	-1.00000	0.00013	-1.00000	-1.00000
30433	Gandy	Cluster	un	13589197	0.14815	-1.00000	-1.00000	0.03120	-1.00000	-1.00000	0.04578	-1.00000	-1.00000	0.00024	-1.00000	-1.00000
30437	Gandy	Cluster	un	13590158	0.01355	-1.00000	-1.00000	0.00965	-1.00000	-1.00000	0.00299	-1.00000	-1.00000	0.00055	-1.00000	-1.00000
30454	Gandy	Cluster	un	13593506	0.03448	-1.00000	-1.00000	0.00246	-1.00000	-1.00000	0.00246	-1.00000	-1.00000	0.00008	-1.00000	-1.00000
30472	Gandy	Cluster	un	13597872	0.11672	-1.00000	-1.00000	0.01853	-1.00000	-1.00000	0.01818	-1.00000	-1.00000	0.00016	-1.00000	-1.00000
30487	Gandy	Cluster	un	13600239	0.06823	-1.00000	-1.00000	0.02649	-1.00000	-1.00000	0.00991	-1.00000	-1.00000	0.00054	-1.00000	-1.00000
30497	Gandy	Cluster	un	13604127	0.14504	-1.00000	-1.00000	0.02643	-1.00000	-1.00000	0.02116	-1.00000	-1.00000	0.00036	-1.00000	-1.00000
30603	Gandy	Cluster	un	13621230	-0.00000	-1.00000	-1.00000	-0.00000	-1.00000	-1.00000	-0.00000	-1.00000	-1.00000	0.00004	-1.00000	-1.00000
30640	Gandy	Cluster	un	13626070	0.08745	-1.00000	-1.00000	0.01453	-1.00000	-1.00000	0.01409	-1.00000	-1.00000	0.00033	-1.00000	-1.00000
30684	Gandy	Cluster	un	13630180	0.33231	-1.00000	-1.00000	0.24942	-1.00000	-1.00000	0.22714	-1.00000	-1.00000	0.00075	-1.00000	-1.00000
30693	Gandy	Cluster	un	13633073	-0.03692	-1.00000	-1.00000	-0.03834	-1.00000	-1.00000	-0.04226	-1.00000	-1.00000	0.00072	-1.00000	-1.00000
30724	Gandy	Cluster	un	13640235	0.07875	-1.00000	-1.00000	0.00908	-1.00000	-1.00000	0.01894	-1.00000	-1.00000	0.00020	-1.00000	-1.00000
30811	Gandy	Cluster	un	13652042	-0.00235	-1.00000	-1.00000	-0.00008	-1.00000	-1.00000	0.00008	-1.00000	-1.00000	0.00011	-1.00000	-1.00000
30842	Gandy	Cluster	un	13657864	0.06407	-1.00000	-1.00000	0.00815	-1.00000	-1.00000	0.00881	-1.00000	-1.00000	0.00013	-1.00000	-1.00000
30863	Gandy	Cluster	un	13661081	0.00656	-1.00000	-1.00000	0.00026	-1.00000	-1.00000	0.00691	-1.00000	-1.00000	0.00028	-1.00000	-1.00000
30890	Gandy	Cluster	un	13666611	0.16737	-1.00000	-1.00000	0.03722	-1.00000	-1.00000	0.05342	-1.00000	-1.00000	0.00035	-1.00000	-1.00000
30904	Gandy	Cluster	un	13667323	0.46069	-1.00000	-1.00000	0.27518	-1.00000	-1.00000	0.32107	-1.00000	-1.00000	0.00065	-1.00000	-1.00000
30929	Gandy	Cluster	un	13675295	-0.00270	-1.00000	-1.00000	-0.00010	-1.00000	-1.00000	0.00011	-1.00000	-1.00000	0.00013	-1.00000	-1.00000
30935	Gandy	Cluster	un	13676932	0.25057	-1.00000	-1.00000	0.09328	-1.00000	-1.00000	0.07200	-1.00000	-1.00000	0.00057	-1.00000	-1.00000
31046	Gandy	Cluster	un	13691742	0.23006	-1.00000	-1.00000	0.06951	-1.00000	-1.00000	0.08696	-1.00000	-1.00000	0.00035	-1.00000	-1.00000
31097	Gandy	Cluster	un	13703002	0.20818	-1.00000	-1.00000	0.05720	-1.00000	-1.00000	0.10217	-1.00000	-1.00000	0.00042	-1.00000	-1.00000
31141	Gandy	Cluster	un	13709984	0.00251	-1.00000	-1.00000	0.00009	-1.00000	-1.00000	-0.00000	-1.00000	-1.00000	0.00004	-1.00000	-1.00000
31164	Gandy	Cluster	un	13711612	-0.02055	-1.00000	-1.00000	-0.00226	-1.00000	-1.00000	0.00300	-1.00000	-1.00000	0.00020	-1.00000	-1.00000
31202	Gandy	Cluster	un	13717191	0.38466	-1.00000	-1.00000	0.38040	-1.00000	-1.00000	0.37331	-1.00000	-1.00000	0.00080	-1.00000	-1.00000
31232	Gandy	Cluster	un	13725181	-0.00235	-1.00000	-1.00000	-0.00008	-1.00000	-1.00000	0.00008	-1.00000	-1.00000	0.00015	-1.00000	-1.00000
31235	Gandy	Cluster	un	13726609	0.60982	-1.00000	-1.00000	0.49026	-1.00000	-1.00000	0.49382	-1.00000	-1.00000	0.00091	-1.00000	-1.00000
31259	Gandy	Cluster	un	13731521	0.06897	-1.00000	-1.00000	0.00760	-1.00000	-1.00000	0.00760	-1.00000	-1.00000	0.00013	-1.00000	-1.00000
31298	Gandy	Cluster	un	13735924	0.00290	-1.00000	-1.00000	0.00011	-1.00000	-1.00000	0.00088	-1.00000	-1.00000	0.00026	-1.00000	-1.00000
31308	Gandy	Cluster	un	13738280	0.03448	-1.00000	-1.00000	0.00246	-1.00000	-1.00000	0.00246	-1.00000	-1.00000	0.00008	-1.00000	-1.00000
31338	Gandy	Cluster	un	13743146	0.03114	-1.00000	-1.00000	0.00229	-1.00000	-1.00000	0.00018	-1.00000	-1.00000	0.00016	-1.00000	-1.00000
31339	Gandy	Cluster	un	13743953	0.04067	-1.00000	-1.00000	0.00302	-1.00000	-1.00000	0.00284	-1.00000	-1.00000	0.00010	-1.00000	-1.00000
31449	Gandy	Cluster	un	13756449	0.35178	-1.00000	-1.00000	0.36001	-1.00000	-1.00000	0.35256	-1.00000	-1.00000	0.00090	-1.00000	-1.00000
31476	Gandy	Cluster	un	13763254	0.10528	-1.00000	-1.00000	0.01778	-1.00000	-1.00000	0.01175	-1.00000	-1.00000	0.00032	-1.00000	-1.00000
31523	Gandy	Cluster	un	13765685	-0.00315	-1.00000	-1.00000	-0.00013	-1.00000	-1.00000	-0.00207	-1.00000	-1.00000	0.00026	-1.00000	-1.00000
31524	Gandy	Cluster	un	13766549	0.03448	-1.00000	-1.00000	0.00246	-1.00000	-1.00000	0.00246	-1.00000	-1.00000	0.00008	-1.00000	-1.00000
31581	Gandy	Cluster	un	13772133	0.11672	-1.00000	-1.00000	0.01853	-1.00000	-1.00000	0.03064	-1.00000	-1.00000	0.00024	-1.00000	-1.00000
31589	Gandy	Cluster	un	13774273	-0.02010	-1.00000	-1.00000	-0.01808	-1.00000	-1.00000	-0.02598	-1.00000	-1.00000	0.00069	-1.00000	-1.00000
31601	Gandy	Cluster	un	13778260	0.42407	-1.00000	-1.00000	0.22070	-1.00000	-1.00000	0.30717	-1.00000	-1.00000	0.00064	-1.00000	-1.00000
31604	Gandy	Cluster	un	13779100	0.30515	-1.00000	-1.00000	0.12370	-1.00000	-1.00000	0.12308	-1.00000	-1.00000	0.00040	-1.00000	-1.00000
31618	Gandy	Cluster	un	13782877	-0.00235	-1.00000	-1.00000	-0.00008	-1.00000	-1.00000	-0.00000	-1.00000	-1.00000	0.00005	-1.00000	-1.00000
31621	Gandy	Cluster	un	13784260	0.08268	-1.00000	-1.00000	0.03560	-1.00000	-1.00000	0.02977	-1.00000	-1.00000	0.00051	-1.00000	-1.00000
31676	Gandy	Cluster	un	13794670	0.06897	-1.00000	-1.00000	0.00760	-1.00000	-1.00000	0.00760	-1.00000	-1.00000	0.00011	-1.00000	-1.00000
31688	Gandy	Cluster	un	13796400	0.29630	-1.00000	-1.00000	0.12308	-1.00000	-1.00000	0.11732	-1.00000	-1.00000	0.00051	-1.00000	-1.00000
31698	Gandy	Cluster	un	13798102	0.00561	-1.00000	-1.00000	0.00021	-1.00000	-1.00000	0.02159	-1.00000	-1.00000	0.00022	-1.00000	-1.00000
31713	Gandy	Cluster	un	13801998	0.03448	-1.00000	-1.00000	0.00246	-1.00000	-1.00000	0.00246	-1.00000	-1.00000	0.00008	-1.00000	-1.00000
31734	Gandy	Cluster	un	13806852	0.08745	-1.00000	-1.00000	0.01453	-1.00000	-1.00000	0.01409	-1.00000	-1.00000	0.00034	-1.00000	-1.00000
31737	Gandy	Cluster	un	13807618	-0.00235	-1.00000	-1.00000	-0.00008	-1.00000	-1.00000	0.00008	-1.00000	-1.00000	0.00012	-1.00000	-1.00000
31760	Gandy	Cluster	un	13813690	0.04838	-1.00000	-1.00000	0.00422	-1.00000	-1.00000	0.00323	-1.00000	-1.00000	0.00041	-1.00000	-1.00000
31775	Gandy	Cluster	un	13816968	-0.00315	-1.00000	-1.00000	-0.00013	-1.00000	-1.00000	0.02159	-1.00000	-1.00000	0.00042	-1.00000	-1.00000
31852	Gandy	Cluster	un	13827327	-0.00000	-1.00000	-1.00000	-0.00000	-1.00000	-1.00000	-0.00000	-1.00000	-1.00000	0.00004	-1.00000	-1.00000
31861	Gandy	Cluster	un	13828090	0.04067	-1.00000	-1.00000	0.00302	-1.00000	-1.00000	0.00284	-1.00000	-1.00000	0.00009	-1.00000	-1.00000
31891	Gandy	Cluster	un	13833103	-0.00000	-1.00000	-1.00000	-0.00000	-1.00000	-1.00000	-0.00000	-1.00000	-1.00000	0.00004	-1.00000	-1.00000
31935	Gandy	Cluster	un	13838580	0.03038	-1.00000	-1.00000	0.01005	-1.00000	-1.00000	0.01705	-1.00000	-1.00000	0.00050	-1.00000	-1.00000
31951	Gandy	Cluster	un	13841794	-0.00000	-1.00000	-1.00000	-0.00000	-1.00000	-1.00000	-0.00000	-1.00000	-1.00000	0.00004	-1.00000	-1.00000
32026	Gandy	Cluster	un	13849465	0.00000	-1.00000	-1.00000	0.00000	-1.00000	-1.00000	-0.00502	-1.00000	-1.00000	0.00019	-1.00000	-1.00000
32111	Gandy	Cluster	un	13858650	0.48148	-1.00000	-1.00000	0.32500	-1.00000	-1.00000	0.31005	-1.00000	-1.00000	0.00068	-1.00000	-1.00000
32168	Gandy	Cluster	un	13867307	0.04067	-1.00000	-1.00000	0.00302	-1.00000	-1.00000	0.00284	-1.00000	-1.00000	0.00009	-1.00000	-1.00000
32174	Gandy	Cluster	un	13869505	0.06470	-1.00000	-1.00000	0.00736	-1.00000	-1.00000	0.00760	-1.00000	-1.00000	0.00012	-1.00000	-1.00000
32176	Gandy	Cluster	un	13870334	0.00000	-1.00000	-1.00000	0.00000	-1.00000	-1.00000	-0.00502	-1.00000	-1.00000	0.00023	-1.00000	-1.00000
32184	Gandy	Cluster	un	13871849	0.34648	-1.00000	-1.00000	0.23443	-1.00000	-1.00000	0.22086	-1.00000	-1.00000	0.00069	-1.00000	-1.00000
32197	Gandy	Cluster	un	13875143	0.02912	-1.00000	-1.00000	0.00239	-1.00000	-1.00000	0.00518	-1.00000	-1.00000	0.00039	-1.00000	-1.00000
32201	Gandy	Cluster	un	13876490	0.40679	-1.00000	-1.00000	0.31189	-1.00000	-1.00000	0.32778	-1.00000	-1.00000	0.00066	-1.00000	-1.00000
32203	Gandy	Cluster	un	13877348	-0.02235	-1.00000	-1.00000	-0.00580	-1.00000	-1.00000	0.00604	-1.00000	-1.00000	0.00036	-1.00000	-1.00000
32313	Gandy	Cluster	un	13900997	0.27758	-1.00000	-1.00000	0.12152	-1.00000	-1.00000	0.11348	-1.00000	-1.00000	0.00053	-1.00000	-1.00000
32331	Gandy	Cluster	un	13903917	0.00251	-1.00000	-1.00000	0.00009	-1.00000	-1.00000	-0.00000	-1.00000	-1.00000	0.00004	-1.00000	-1.00000
32359	Gandy	Cluster	un	13909397	0.12595	-1.00000	-1.00000	0.02599	-1.00000	-1.00000	0.01743	-1.00000	-1.00000	0.00028	-1.00000	-1.00000
32373	Gandy	Cluster	un	13911808	0.19150	-1.00000	-1.00000	0.05590	-1.00000	-1.00000	0.03571	-1.00000	-1.00000	0.00049	-1.00000	-1.00000
32379	Gandy	Cluster	un	13913336	0.00561	-1.00000	-1.00000	0.00021	-1.00000	-1.00000	0.00589	-1.00000	-1.00000	0.00015	-1.00000	-1.00000
32470	Gandy	Cluster	un	13933779	-0.02055	-1.00000	-1.00000	-0.00226	-1.00000	-1.00000	-0.00236	-1.00000	-1.00000	0.00015	-1.00000	-1.00000
32602	Gandy	Cluster	un	13955064	0.48070	-1.00000	-1.00000	0.47585	-1.00000	-1.00000	0.48608	-1.00000	-1.00000	0.00087	-1.00000	-1.00000
32612	Gandy	Cluster	un	13955893	0.04067	-1.00000	-1.00000	0.00302	-1.00000	-1.00000	0.01050	-1.00000	-1.00000	0.00017	-1.00000	-1.00000
32625	Gandy	Cluster	un	13958756	-0.00235	-1.00000	-1.00000	-0.00008	-1.00000	-1.00000	-0.00000	-1.00000	-1.00000	0.00005	-1.00000	-1.00000
32635	Gandy	Cluster	un	13960937	0.28945	-1.00000	-1.00000	0.11138	-1.00000	-1.00000	0.12556	-1.00000	-1.00000	0.00053	-1.00000	-1.00000
32707	Gandy	Cluster	un	13972411	-0.00000	-1.00000	-1.00000	-0.00000	-1.00000	-1.00000	-0.00000	-1.00000	-1.00000	0.00004	-1.00000	-1.00000
32737	Gandy	Cluster	un	13975596	0.03114	-1.00000	-1.00000	0.00229	-1.00000	-1.00000	0.00246	-1.00000	-1.00000	0.00008	-1.00000	-1.00000
32744	Gandy	Cluster	un	13977295	0.19845	-1.00000	-1.00000	0.04545	-1.00000	-1.00000	0.12678	-1.00000	-1.00000	0.00043	-1.00000	-1.00000
32759	Gandy	Cluster	un	13983065	0.19238	-1.00000	-1.00000	0.04856	-1.00000	-1.00000	0.06452	-1.00000	-1.00000	0.00034	-1.00000	-1.00000
32863	Gandy	Cluster	un	14002650	0.05748	-1.00000	-1.00000	0.00467	-1.00000	-1.00000	0.03571	-1.00000	-1.00000	0.00027	-1.00000	-1.00000
32875	Gandy	Cluster	un	14004950	0.00290	-1.00000	-1.00000	0.00011	-1.00000	-1.00000	0.00088	-1.00000	-1.00000	0.00026	-1.00000	-1.00000
32885	Gandy	Cluster	un	14006569	0.03448	-1.00000	-1.00000	0.00246	-1.00000	-1.00000	0.00246	-1.00000	-1.00000	0.00008	-1.00000	-1.00000
32887	Gandy	Cluster	un	14007451	0.04000	-1.00000	-1.00000	0.00332	-1.00000	-1.00000	0.00545	-1.00000	-1.00000	0.00029	-1.00000	-1.00000
32922	Gandy	Cluster	un	14012182	-0.00315	-1.00000	-1.00000	-0.00013	-1.00000	-1.00000	-0.01039	-1.00000	-1.00000	0.00050	-1.00000	-1.00000
32959	Gandy	Cluster	un	14019719	0.33050	-1.00000	-1.00000	0.33854	-1.00000	-1.00000	0.35274	-1.00000	-1.00000	0.00079	-1.00000	-1.00000
32995	Gandy	Cluster	un	14024400	0.00340	-1.00000	-1.00000	0.00014	-1.00000	-1.00000	0.01768	-1.00000	-1.00000	0.00029	-1.00000	-1.00000
33024	Gandy	Cluster	un	14034464	0.04838	-1.00000	-1.00000	0.00422	-1.00000	-1.00000	0.00323	-1.00000	-1.00000	0.00040	-1.00000	-1.00000
33074	Gandy	Cluster	un	14044653	-0.03567	-1.00000	-1.00000	-0.02838	-1.00000	-1.00000	-0.00790	-1.00000	-1.00000	0.00056	-1.00000	-1.00000
33122	Gandy	Cluster	un	14053084	0.25926	-1.00000	-1.00000	0.09396	-1.00000	-1.00000	0.08829	-1.00000	-1.00000	0.00046	-1.00000	-1.00000
33131	Gandy	Cluster	un	14054712	0.10528	-1.00000	-1.00000	0.01778	-1.00000	-1.00000	0.01818	-1.00000	-1.00000	0.00019	-1.00000	-1.00000
33137	Gandy	Cluster	un	14055483	0.13451	-1.00000	-1.00000	0.03014	-1.00000	-1.00000	0.02300	-1.00000	-1.00000	0.00035	-1.00000	-1.00000
33161	Gandy	Cluster	un	14059273	0.00251	-1.00000	-1.00000	0.00009	-1.00000	-1.00000	0.00508	-1.00000	-1.00000	0.00012	-1.00000	-1.00000
33191	Gandy	Cluster	un	14063300	0.15460	-1.00000	-1.00000	0.03162	-1.00000	-1.00000	0.03120	-1.00000	-1.00000	0.00021	-1.00000	-1.00000
33245	Gandy	Cluster	un	14069146	0.22222	-1.00000	-1.00000	0.06897	-1.00000	-1.00000	0.06897	-1.00000	-1.00000	0.00032	-1.00000	-1.00000
33258	Gandy	Cluster	un	14070851	0.02280	-1.00000	-1.00000	0.00378	-1.00000	-1.00000	0.03673	-1.00000	-1.00000	0.00040	-1.00000	-1.00000
33279	Gandy	Cluster	un	14072938	-0.00315	-1.00000	-1.00000	-0.00013	-1.00000	-1.00000	-0.01186	-1.00000	-1.00000	0.00034	-1.00000	-1.00000
33289	Gandy	Cluster	un	14073731	0.11672	-1.00000	-1.00000	0.01853	-1.00000	-1.00000	0.03064	-1.00000	-1.00000	0.00024	-1.00000	-1.00000
33316	Gandy	Cluster	un	14079440	0.00251	-1.00000	-1.00000	0.00009	-1.00000	-1.00000	0.00508	-1.00000	-1.00000	0.00012	-1.00000	-1.00000
33329	Gandy	Cluster	un	14082738	0.65198	-1.00000	-1.00000	0.62471	-1.00000	-1.00000	0.62018	-1.00000	-1.00000	0.00084	-1.00000	-1.00000
33366	Gandy	Cluster	un	14088334	-0.00000	-1.00000	-1.00000	-0.00000	-1.00000	-1.00000	-0.00581	-1.00000	-1.00000	0.00020	-1.00000	-1.00000
33492	Gandy	Cluster	un	14105826	-0.04348	-1.00000	-1.00000	-0.00379	-1.00000	-1.00000	-0.02077	-1.00000	-1.00000	0.00047	-1.00000	-1.00000
33503	Gandy	Cluster	un	14108254	0.21608	-1.00000	-1.00000	0.05772	-1.00000	-1.00000	0.07534	-1.00000	-1.00000	0.00035	-1.00000	-1.00000
33538	Gandy	Cluster	un	14115214	0.00656	-1.00000	-1.00000	0.00026	-1.00000	-1.00000	0.01989	-1.00000	-1.00000	0.00034	-1.00000	-1.00000
33546	Gandy	Cluster	un	14117598	-0.00235	-1.00000	-1.00000	-0.00008	-1.00000	-1.00000	-0.00000	-1.00000	-1.00000	0.00004	-1.00000	-1.00000
33551	Gandy	Cluster	un	14120050	0.11672	-1.00000	-1.00000	0.01853	-1.00000	-1.00000	0.01818	-1.00000	-1.00000	0.00018	-1.00000	-1.00000
33554	Gandy	Cluster	un	14120838	0.12265	-1.00000	-1.00000	0.06405	-1.00000	-1.00000	0.04572	-1.00000	-1.00000	0.00058	-1.00000	-1.00000
33611	Gandy	Cluster	un	14132169	0.04820	-1.00000	-1.00000	0.00374	-1.00000	-1.00000	0.01220	-1.00000	-1.00000	0.00016	-1.00000	-1.00000
33700	Gandy	Cluster	un	14145486	0.04067	-1.00000	-1.00000	0.00302	-1.00000	-1.00000	0.00284	-1.00000	-1.00000	0.00008	-1.00000	-1.00000
33729	Gandy	Cluster	un	14151035	0.25057	-1.00000	-1.00000	0.09328	-1.00000	-1.00000	0.07200	-1.00000	-1.00000	0.00049	-1.00000	-1.00000
33757	Gandy	Cluster	un	14153331	0.00000	-1.00000	-1.00000	0.00000	-1.00000	-1.00000	-0.00009	-1.00000	-1.00000	0.00011	-1.00000	-1.00000
33760	Gandy	Cluster	un	14155006	0.61066	-1.00000	-1.00000	0.53036	-1.00000	-1.00000	0.50937	-1.00000	-1.00000	0.00086	-1.00000	-1.00000
33815	Gandy	Cluster	un	14161731	0.03114	-1.00000	-1.00000	0.00229	-1.00000	-1.00000	0.00246	-1.00000	-1.00000	0.00008	-1.00000	-1.00000
33842	Gandy	Cluster	un	14169431	0.81223	-1.00000	-1.00000	0.77087	-1.00000	-1.00000	0.77462	-1.00000	-1.00000	0.00097	-1.00000	-1.00000
33857	Gandy	Cluster	un	14171882	0.44907	-1.00000	-1.00000	0.41488	-1.00000	-1.00000	0.40808	-1.00000	-1.00000	0.00083	-1.00000	-1.00000
33860	Gandy	Cluster	un	14173411	0.49122	-1.00000	-1.00000	0.32557	-1.00000	-1.00000	0.34304	-1.00000	-1.00000	0.00063	-1.00000	-1.00000
33869	Gandy	Cluster	un	14176546	0.07875	-1.00000	-1.00000	0.00908	-1.00000	-1.00000	0.01894	-1.00000	-1.00000	0.00019	-1.00000	-1.00000
33895	Gandy	Cluster	un	14182746	0.00290	-1.00000	-1.00000	0.00011	-1.00000	-1.00000	-0.00030	-1.00000	-1.00000	0.00013	-1.00000	-1.00000
34027	Gandy	Cluster	un	14190851	0.21739	-1.00000	-1.00000	0.06757	-1.00000	-1.00000	0.07910	-1.00000	-1.00000	0.00047	-1.00000	-1.00000
34209	Gandy	Cluster	un	14200573	0.05748	-1.00000	-1.00000	0.00467	-1.00000	-1.00000	0.01434	-1.00000	-1.00000	0.00020	-1.00000	-1.00000
34275	Gandy	Cluster	un	14202971	0.84696	-1.00000	-1.00000	0.83630	-1.00000	-1.00000	0.82367	-1.00000	-1.00000	0.00108	-1.00000	-1.00000
34320	Gandy	Cluster	un	14207355	-0.00235	-1.00000	-1.00000	-0.00008	-1.00000	-1.00000	0.00008	-1.00000	-1.00000	0.00013	-1.00000	-1.00000
36087	Gandy	Cluster	un	14281565	0.11329	-1.00000	-1.00000	0.02085	-1.00000	-1.00000	0.02135	-1.00000	-1.00000	0.00019	-1.00000	-1.00000
36400	Gandy	Cluster	un	14292478	0.72527	-1.00000	-1.00000	0.68920	-1.00000	-1.00000	0.66730	-1.00000	-1.00000	0.00102	-1.00000	-1.00000
36745	Gandy	Cluster	un	14313098	0.00000	-1.00000	-1.00000	0.00000	-1.00000	-1.00000	-0.00000	-1.00000	-1.00000	0.00005	-1.00000	-1.00000
36992	Gandy	Cluster	un	14326481	-0.00000	-1.00000	-1.00000	-0.00000	-1.00000	-1.00000	-0.00000	-1.00000	-1.00000	0.00004	-1.00000	-1.00000
37372	Gandy	Cluster	un	14355197	0.02760	-1.00000	-1.00000	0.00210	-1.00000	-1.00000	0.00246	-1.00000	-1.00000	0.00008	-1.00000	-1.00000
37690	Gandy	Cluster	un	14364614	0.00290	-1.00000	-1.00000	0.00011	-1.00000	-1.00000	0.00589	-1.00000	-1.00000	0.00015	-1.00000	-1.00000
38171	Gandy	Cluster	un	14378447	0.00000	-1.00000	-1.00000	0.00000	-1.00000	-1.00000	-0.01682	-1.00000	-1.00000	0.00045	-1.00000	-1.00000
38804	Gandy	Cluster	un	14397741	0.04420	-1.00000	-1.00000	0.00354	-1.00000	-1.00000	0.01220	-1.00000	-1.00000	0.00018	-1.00000	-1.00000
39180	Gandy	Cluster	un	14407665	0.00951	-1.00000	-1.00000	0.00037	-1.00000	-1.00000	0.02512	-1.00000	-1.00000	0.00021	-1.00000	-1.00000
41108	Gandy	Cluster	un	14465952	0.00561	-1.00000	-1.00000	0.00021	-1.00000	-1.00000	-0.00000	-1.00000	-1.00000	0.00006	-1.00000	-1.00000
41699	Gandy	Cluster	un	14492659	0.28070	-1.00000	-1.00000	0.09850	-1.00000	-1.00000	0.12008	-1.00000	-1.00000	0.00050	-1.00000	-1.00000
43951	Gandy	Cluster	un	14529444	0.30864	-1.00000	-1.00000	0.27473	-1.00000	-1.00000	0.26653	-1.00000	-1.00000	0.00071	-1.00000	-1.00000
44504	Gandy	Cluster	un	14535806	0.04348	-1.00000	-1.00000	0.00394	-1.00000	-1.00000	0.01434	-1.00000	-1.00000	0.00020	-1.00000	-1.00000
44660	Gandy	Cluster	un	14540742	0.04000	-1.00000	-1.00000	0.00332	-1.00000	-1.00000	-0.00760	-1.00000	-1.00000	0.00032	-1.00000	-1.00000
47367	Gandy	Cluster	un	14573213	-0.03440	-1.00000	-1.00000	-0.01182	-1.00000	-1.00000	-0.00533	-1.00000	-1.00000	0.00039	-1.00000	-1.00000
48023	Gandy	Cluster	un	14582777	0.17774	-1.00000	-1.00000	0.04751	-1.00000	-1.00000	0.04113	-1.00000	-1.00000	0.00040	-1.00000	-1.00000
50809	Gandy	Cluster	un	14607038	0.59866	-1.00000	-1.00000	0.60884	-1.00000	-1.00000	0.57026	-1.00000	-1.00000	0.00098	-1.00000	-1.00000
51443	Gandy	Cluster	un	14614418	0.00951	-1.00000	-1.00000	0.00037	-1.00000	-1.00000	0.02512	-1.00000	-1.00000	0.00025	-1.00000	-1.00000
52075	Gandy	Cluster	un	14619919	-0.00315	-1.00000	-1.00000	-0.00013	-1.00000	-1.00000	-0.01186	-1.00000	-1.00000	0.00034	-1.00000	-1.00000
52792	Gandy	Cluster	un	14628320	0.03704	-1.00000	-1.00000	0.00284	-1.00000	-1.00000	-0.00227	-1.00000	-1.00000	0.00025	-1.00000	-1.00000
55001	Gandy	Cluster	un	14646500	0.05748	-1.00000	-1.00000	0.00467	-1.00000	-1.00000	0.01434	-1.00000	-1.00000	0.00020	-1.00000	-1.00000
55846	Gandy	Cluster	un	14650644	0.45419	-1.00000	-1.00000	0.27868	-1.00000	-1.00000	0.29725	-1.00000	-1.00000	0.00056	-1.00000	-1.00000
56588	Gandy	Cluster	un	14659735	0.13205	-1.00000	-1.00000	0.02645	-1.00000	-1.00000	0.01790	-1.00000	-1.00000	0.00027	-1.00000	-1.00000
56693	Gandy	Cluster	un	14665505	0.22563	-1.00000	-1.00000	0.07947	-1.00000	-1.00000	0.06282	-1.00000	-1.00000	0.00048	-1.00000	-1.00000
57257	Gandy	Cluster	un	14670761	0.16737	-1.00000	-1.00000	0.03722	-1.00000	-1.00000	0.03670	-1.00000	-1.00000	0.00026	-1.00000	-1.00000
57555	Gandy	Cluster	un	14678655	-0.00000	-1.00000	-1.00000	-0.00000	-1.00000	-1.00000	-0.00000	-1.00000	-1.00000	0.00004	-1.00000	-1.00000
57651	Gandy	Cluster	un	14679442	0.06470	-1.00000	-1.00000	0.00736	-1.00000	-1.00000	0.00760	-1.00000	-1.00000	0.00012	-1.00000	-1.00000
57653	Gandy	Cluster	un	14680247	0.49122	-1.00000	-1.00000	0.32557	-1.00000	-1.00000	0.34304	-1.00000	-1.00000	0.00062	-1.00000	-1.00000
61268	Gandy	Cluster	un	14697268	0.00561	-1.00000	-1.00000	0.00021	-1.00000	-1.00000	0.00589	-1.00000	-1.00000	0.00014	-1.00000	-1.00000
62034	Gandy	Cluster	un	14703869	0.03704	-1.00000	-1.00000	0.00284	-1.00000	-1.00000	0.00021	-1.00000	-1.00000	0.00015	-1.00000	-1.00000
62979	Gandy	Cluster	un	14710077	0.53042	-1.00000	-1.00000	0.37820	-1.00000	-1.00000	0.39552	-1.00000	-1.00000	0.00067	-1.00000	-1.00000
63935	Gandy	Cluster	un	14714100	0.14504	-1.00000	-1.00000	0.02643	-1.00000	-1.00000	0.06897	-1.00000	-1.00000	0.00035	-1.00000	-1.00000
66060	Gandy	Cluster	un	14725069	0.05304	-1.00000	-1.00000	0.00446	-1.00000	-1.00000	0.03024	-1.00000	-1.00000	0.00039	-1.00000	-1.00000
66182	Gandy	Cluster	un	14725854	0.07875	-1.00000	-1.00000	0.00908	-1.00000	-1.00000	0.01894	-1.00000	-1.00000	0.00019	-1.00000	-1.00000
66500	Gandy	Cluster	un	14728397	-0.00000	-1.00000	-1.00000	-0.00000	-1.00000	-1.00000	-0.00000	-1.00000	-1.00000	0.00004	-1.00000	-1.00000
67515	Gandy	Cluster	un	14738861	0.80312	-1.00000	-1.00000	0.74880	-1.00000	-1.00000	0.77021	-1.00000	-1.00000	0.00102	-1.00000	-1.00000
67668	Gandy	Cluster	un	14742154	-0.00000	-1.00000	-1.00000	-0.00000	-1.00000	-1.00000	-0.00000	-1.00000	-1.00000	0.00004	-1.00000	-1.00000
67725	Gandy	Cluster	un	14743003	0.11111	-1.00000	-1.00000	0.01818	-1.00000	-1.00000	0.01818	-1.00000	-1.00000	0.00020	-1.00000	-1.00000
67738	Gandy	Cluster	un	14743731	0.05755	-1.00000	-1.00000	0.01280	-1.00000	-1.00000	0.04535	-1.00000	-1.00000	0.00079	-1.00000	-1.00000
67897	Gandy	Cluster	un	14748450	0.05304	-1.00000	-1.00000	0.00446	-1.00000	-1.00000	0.06452	-1.00000	-1.00000	0.00034	-1.00000	-1.00000
68184	Gandy	Cluster	un	14753338	-0.04348	-1.00000	-1.00000	-0.04545	-1.00000	-1.00000	-0.04010	-1.00000	-1.00000	0.00064	-1.00000	-1.00000
68249	Gandy	Cluster	un	14754184	-0.03641	-1.00000	-1.00000	-0.00561	-1.00000	-1.00000	-0.00175	-1.00000	-1.00000	0.00023	-1.00000	-1.00000
68267	Gandy	Cluster	un	14755957	0.00251	-1.00000	-1.00000	0.00009	-1.00000	-1.00000	0.00508	-1.00000	-1.00000	0.00012	-1.00000	-1.00000
68332	Gandy	Cluster	un	14757592	-0.00235	-1.00000	-1.00000	-0.00008	-1.00000	-1.00000	-0.00000	-1.00000	-1.00000	0.00004	-1.00000	-1.00000
68366	Gandy	Cluster	un	14758864	0.00000	-1.00000	-1.00000	0.00000	-1.00000	-1.00000	0.00508	-1.00000	-1.00000	0.00013	-1.00000	-1.00000
68570	Gandy	Cluster	un	14762234	0.62906	-1.00000	-1.00000	0.56606	-1.00000	-1.00000	0.55894	-1.00000	-1.00000	0.00090	-1.00000	-1.00000
69000	Gandy	Cluster	un	14764582	-0.03975	-1.00000	-1.00000	-0.00319	-1.00000	-1.00000	-0.00376	-1.00000	-1.00000	0.00032	-1.00000	-1.00000
69291	Gandy	Cluster	un	14766951	-0.00000	-1.00000	-1.00000	-0.00000	-1.00000	-1.00000	0.02159	-1.00000	-1.00000	0.00019	-1.00000	-1.00000
69741	Gandy	Cluster	un	14772728	0.06470	-1.00000	-1.00000	0.00736	-1.00000	-1.00000	0.00760	-1.00000	-1.00000	0.00014	-1.00000	-1.00000
70869	Gandy	Cluster	un	14779131	0.03555	-1.00000	-1.00000	0.03423	-1.00000	-1.00000	0.01763	-1.00000	-1.00000	0.00075	-1.00000	-1.00000
71652	Gandy	Cluster	un	14785831	0.13263	-1.00000	-1.00000	0.02215	-1.00000	-1.00000	0.02135	-1.00000	-1.00000	0.00018	-1.00000	-1.00000
72103	Gandy	Cluster	un	14790697	0.08696	-1.00000	-1.00000	0.01227	-1.00000	-1.00000	-0.00578	-1.00000	-1.00000	0.00051	-1.00000	-1.00000
72937	Gandy	Cluster	un	14800154	0.04420	-1.00000	-1.00000	0.00354	-1.00000	-1.00000	0.03064	-1.00000	-1.00000	0.00026	-1.00000	-1.00000
73628	Gandy	Cluster	un	14805041	0.06095	-1.00000	-1.00000	0.02163	-1.00000	-1.00000	0.05998	-1.00000	-1.00000	0.00050	-1.00000	-1.00000
73855	Gandy	Cluster	un	14807875	0.00340	-1.00000	-1.00000	0.00014	-1.00000	-1.00000	-0.00378	-1.00000	-1.00000	0.00038	-1.00000	-1.00000
74377	Gandy	Cluster	un	14811833	-0.03795	-1.00000	-1.00000	-0.00293	-1.00000	-1.00000	0.04194	-1.00000	-1.00000	0.00034	-1.00000	-1.00000
74639	Gandy	Cluster	un	14814264	-0.00000	-1.00000	-1.00000	-0.00000	-1.00000	-1.00000	-0.01068	-1.00000	-1.00000	0.00032	-1.00000	-1.00000
74918	Gandy	Cluster	un	14815855	0.10495	-1.00000	-1.00000	0.01335	-1.00000	-1.00000	0.08145	-1.00000	-1.00000	0.00034	-1.00000	-1.00000
75166	Gandy	Cluster	un	14818480	0.84839	-1.00000	-1.00000	0.84839	-1.00000	-1.00000	0.84832	-1.00000	-1.00000	0.00123	-1.00000	-1.00000
75551	Gandy	Cluster	un	14819200	0.00251	-1.00000	-1.00000	0.00009	-1.00000	-1.00000	0.00508	-1.00000	-1.00000	0.00012	-1.00000	-1.00000
76350	Gandy	Cluster	un	14827636	0.00251	-1.00000	-1.00000	0.00009	-1.00000	-1.00000	0.00508	-1.00000	-1.00000	0.00011	-1.00000	-1.00000
76433	Gandy	Cluster	un	14828579	0.00561	-1.00000	-1.00000	0.00021	-1.00000	-1.00000	0.00589	-1.00000	-1.00000	0.00013	-1.00000	-1.00000
76520	Gandy	Cluster	un	14829398	0.02760	-1.00000	-1.00000	0.00210	-1.00000	-1.00000	0.00021	-1.00000	-1.00000	0.00014	-1.00000	-1.00000
76693	Gandy	Cluster	un	14831044	0.00251	-1.00000	-1.00000	0.00009	-1.00000	-1.00000	-0.00000	-1.00000	-1.00000	0.00004	-1.00000	-1.00000
76733	Gandy	Cluster	un	14832671	0.00251	-1.00000	-1.00000	0.00009	-1.00000	-1.00000	-0.00000	-1.00000	-1.00000	0.00004	-1.00000	-1.00000
76877	Gandy	Cluster	un	14834161	0.39197	-1.00000	-1.00000	0.30634	-1.00000	-1.00000	0.31347	-1.00000	-1.00000	0.00074	-1.00000	-1.00000
76975	Gandy	Cluster	un	14835828	0.04820	-1.00000	-1.00000	0.00374	-1.00000	-1.00000	0.03064	-1.00000	-1.00000	0.00024	-1.00000	-1.00000
77008	Gandy	Cluster	un	14837525	0.00251	-1.00000	-1.00000	0.00009	-1.00000	-1.00000	0.00508	-1.00000	-1.00000	0.00012	-1.00000	-1.00000
77208	Gandy	Cluster	un	14839848	0.00000	-1.00000	-1.00000	0.00000	-1.00000	-1.00000	-0.00502	-1.00000	-1.00000	0.00020	-1.00000	-1.00000
77846	Gandy	Cluster	un	14847026	0.05304	-1.00000	-1.00000	0.00446	-1.00000	-1.00000	0.03024	-1.00000	-1.00000	0.00037	-1.00000	-1.00000
78230	Gandy	Cluster	un	14851085	-0.00767	-1.00000	-1.00000	-0.00029	-1.00000	-1.00000	0.01323	-1.00000	-1.00000	0.00020	-1.00000	-1.00000
78247	Gandy	Cluster	un	14851948	-0.02940	-1.00000	-1.00000	-0.03028	-1.00000	-1.00000	-0.03201	-1.00000	-1.00000	0.00082	-1.00000	-1.00000
78451	Gandy	Cluster	un	14852673	-0.04160	-1.00000	-1.00000	-0.00347	-1.00000	-1.00000	-0.01045	-1.00000	-1.00000	0.00043	-1.00000	-1.00000
79419	Gandy	Cluster	un	14859922	0.06897	-1.00000	-1.00000	0.00760	-1.00000	-1.00000	0.00760	-1.00000	-1.00000	0.00014	-1.00000	-1.00000
79875	Gandy	Cluster	un	14864546	0.96136	-1.00000	-1.00000	0.95654	-1.00000	-1.00000	0.95875	-1.00000	-1.00000	0.00130	-1.00000	-1.00000
81377	Gandy	Cluster	un	14873021	0.04067	-1.00000	-1.00000	0.00302	-1.00000	-1.00000	0.00284	-1.00000	-1.00000	0.00009	-1.00000	-1.00000
81898	Gandy	Cluster	un	14876269	-0.03242	-1.00000	-1.00000	-0.00882	-1.00000	-1.00000	-0.00777	-1.00000	-1.00000	0.00031	-1.00000	-1.00000
81971	Gandy	Cluster	un	14880411	0.07407	-1.00000	-1.00000	0.00881	-1.00000	-1.00000	0.01894	-1.00000	-1.00000	0.00022	-1.00000	-1.00000
82171	Gandy	Cluster	un	14882058	-0.02558	-1.00000	-1.00000	-0.02243	-1.00000	-1.00000	-0.02167	-1.00000	-1.00000	0.00063	-1.00000	-1.00000
82538	Gandy	Cluster	un	14884551	0.00000	-1.00000	-1.00000	0.00000	-1.00000	-1.00000	-0.00502	-1.00000	-1.00000	0.00019	-1.00000	-1.00000
82725	Gandy	Cluster	un	14886140	0.05304	-1.00000	-1.00000	0.00446	-1.00000	-1.00000	0.01011	-1.00000	-1.00000	0.00032	-1.00000	-1.00000
82780	Gandy	Cluster	un	14886936	0.07875	-1.00000	-1.00000	0.00908	-1.00000	-1.00000	0.01894	-1.00000	-1.00000	0.00019	-1.00000	-1.00000
83988	Gandy	Cluster	un	14894483	-0.00235	-1.00000	-1.00000	-0.00008	-1.00000	-1.00000	-0.00000	-1.00000	-1.00000	0.00004	-1.00000	-1.00000
84174	Gandy	Cluster	un	14896120	0.06470	-1.00000	-1.00000	0.00736	-1.00000	-1.00000	0.00760	-1.00000	-1.00000	0.00015	-1.00000	-1.00000
84786	Gandy	Cluster	un	14900032	0.00951	-1.00000	-1.00000	0.00037	-1.00000	-1.00000	0.05121	-1.00000	-1.00000	0.00031	-1.00000	-1.00000
85393	Gandy	Cluster	un	14904066	-0.00000	-1.00000	-1.00000	-0.00000	-1.00000	-1.00000	-0.01068	-1.00000	-1.00000	0.00033	-1.00000	-1.00000
85802	Gandy	Cluster	un	14918257	0.00000	-1.00000	-1.00000	0.00000	-1.00000	-1.00000	-0.00000	-1.00000	-1.00000	0.00004	-1.00000	-1.00000
85812	Gandy	Cluster	un	14919058	-0.00235	-1.00000	-1.00000	-0.00008	-1.00000	-1.00000	-0.00000	-1.00000	-1.00000	0.00004	-1.00000	-1.00000
86096	Gandy	Cluster	un	14932550	0.16737	-1.00000	-1.00000	0.03722	-1.00000	-1.00000	0.04771	-1.00000	-1.00000	0.00043	-1.00000	-1.00000
86161	Gandy	Cluster	un	14934958	0.00251	-1.00000	-1.00000	0.00009	-1.00000	-1.00000	0.00508	-1.00000	-1.00000	0.00013	-1.00000	-1.00000
86496	Gandy	Cluster	un	14951250	0.24138	-1.00000	-1.00000	0.08069	-1.00000	-1.00000	0.08069	-1.00000	-1.00000	0.00033	-1.00000	-1.00000
86536	Gandy	Cluster	un	14952804	0.26443	-1.00000	-1.00000	0.17132	-1.00000	-1.00000	0.18935	-1.00000	-1.00000	0.00065	-1.00000	-1.00000
86597	Gandy	Cluster	un	14957383	0.06920	-1.00000	-1.00000	0.00850	-1.00000	-1.00000	0.00352	-1.00000	-1.00000	0.00024	-1.00000	-1.00000
88765	Gandy	Cluster	un	14999127	-0.03975	-1.00000	-1.00000	-0.00319	-1.00000	-1.00000	0.01151	-1.00000	-1.00000	0.00035	-1.00000	-1.00000
88803	Gandy	Cluster	un	15002389	-0.00489	-1.00000	-1.00000	-0.00018	-1.00000	-1.00000	0.01104	-1.00000	-1.00000	0.00021	-1.00000	-1.00000
89054	Gandy	Cluster	un	15010403	0.10345	-1.00000	-1.00000	0.01567	-1.00000	-1.00000	0.01567	-1.00000	-1.00000	0.00018	-1.00000	-1.00000
89077	Gandy	Cluster	un	15011152	-0.00931	-1.00000	-1.00000	-0.00156	-1.00000	-1.00000	-0.00805	-1.00000	-1.00000	0.00030	-1.00000	-1.00000
89161	Gandy	Cluster	un	15013632	-0.03448	-1.00000	-1.00000	-0.00493	-1.00000	-1.00000	-0.00493	-1.00000	-1.00000	0.00015	-1.00000	-1.00000
89228	Gandy	Cluster	un	15016834	0.05553	-1.00000	-1.00000	0.00674	-1.00000	-1.00000	0.01088	-1.00000	-1.00000	0.00027	-1.00000	-1.00000
89255	Gandy	Cluster	un	15019213	0.03704	-1.00000	-1.00000	0.00284	-1.00000	-1.00000	0.01050	-1.00000	-1.00000	0.00017	-1.00000	-1.00000
89263	Gandy	Cluster	un	15019996	0.24906	-1.00000	-1.00000	0.23314	-1.00000	-1.00000	0.22051	-1.00000	-1.00000	0.00082	-1.00000	-1.00000
89903	Gandy	Cluster	un	15025337	0.07407	-1.00000	-1.00000	0.00881	-1.00000	-1.00000	0.00361	-1.00000	-1.00000	0.00027	-1.00000	-1.00000
90721	Gandy	Cluster	un	15033256	0.00656	-1.00000	-1.00000	0.00026	-1.00000	-1.00000	0.00261	-1.00000	-1.00000	0.00026	-1.00000	-1.00000
90808	Gandy	Cluster	un	15036207	0.03114	-1.00000	-1.00000	0.00229	-1.00000	-1.00000	0.00246	-1.00000	-1.00000	0.00008	-1.00000	-1.00000
90818	Gandy	Cluster	un	15037029	0.09920	-1.00000	-1.00000	0.01731	-1.00000	-1.00000	0.01818	-1.00000	-1.00000	0.00019	-1.00000	-1.00000
90847	Gandy	Cluster	un	15037790	-0.00489	-1.00000	-1.00000	-0.00018	-1.00000	-1.00000	0.01104	-1.00000	-1.00000	0.00021	-1.00000	-1.00000
91060	Gandy	Cluster	un	15041804	-0.03465	-1.00000	-1.00000	-0.02666	-1.00000	-1.00000	-0.02203	-1.00000	-1.00000	0.00057	-1.00000	-1.00000
91500	Gandy	Cluster	un	15049708	0.57240	-1.00000	-1.00000	0.55129	-1.00000	-1.00000	0.55091	-1.00000	-1.00000	0.00086	-1.00000	-1.00000
91594	Gandy	Cluster	un	15051309	0.21608	-1.00000	-1.00000	0.05772	-1.00000	-1.00000	0.10217	-1.00000	-1.00000	0.00040	-1.00000	-1.00000
91666	Gandy	Cluster	un	15052946	-0.03684	-1.00000	-1.00000	-0.00273	-1.00000	-1.00000	0.01433	-1.00000	-1.00000	0.00024	-1.00000	-1.00000
91829	Gandy	Cluster	un	15055392	0.11672	-1.00000	-1.00000	0.01853	-1.00000	-1.00000	0.01818	-1.00000	-1.00000	0.00016	-1.00000	-1.00000
91952	Gandy	Cluster	un	15056278	0.20818	-1.00000	-1.00000	0.05720	-1.00000	-1.00000	0.06938	-1.00000	-1.00000	0.00042	-1.00000	-1.00000
92349	Gandy	Cluster	un	15064217	0.00656	-1.00000	-1.00000	0.00026	-1.00000	-1.00000	0.02512	-1.00000	-1.00000	0.00021	-1.00000	-1.00000
92719	Gandy	Cluster	un	15070620	0.04838	-1.00000	-1.00000	0.00422	-1.00000	-1.00000	-0.00632	-1.00000	-1.00000	0.00031	-1.00000	-1.00000
92736	Gandy	Cluster	un	15071443	0.48148	-1.00000	-1.00000	0.32500	-1.00000	-1.00000	0.34304	-1.00000	-1.00000	0.00071	-1.00000	-1.00000
92914	Gandy	Cluster	un	15075274	-0.00767	-1.00000	-1.00000	-0.00029	-1.00000	-1.00000	0.01323	-1.00000	-1.00000	0.00023	-1.00000	-1.00000
92956	Gandy	Cluster	un	15076035	0.00000	-1.00000	-1.00000	0.00000	-1.00000	-1.00000	-0.00000	-1.00000	-1.00000	0.00004	-1.00000	-1.00000
92976	Gandy	Cluster	un	15076867	0.00251	-1.00000	-1.00000	0.00009	-1.00000	-1.00000	0.00508	-1.00000	-1.00000	0.00012	-1.00000	-1.00000
93049	Gandy	Cluster	un	15079898	0.00000	-1.00000	-1.00000	0.00000	-1.00000	-1.00000	-0.00009	-1.00000	-1.00000	0.00012	-1.00000	-1.00000
93311	Gandy	Cluster	un	15082397	0.03448	-1.00000	-1.00000	0.00246	-1.00000	-1.00000	0.00246	-1.00000	-1.00000	0.00008	-1.00000	-1.00000
93935	Gandy	Cluster	un	15087046	0.00000	-1.00000	-1.00000	0.00000	-1.00000	-1.00000	-0.00502	-1.00000	-1.00000	0.00022	-1.00000	-1.00000
95273	Gandy	Cluster	un	15094278	0.04820	-1.00000	-1.00000	0.00374	-1.00000	-1.00000	0.00332	-1.00000	-1.00000	0.00009	-1.00000	-1.00000
95957	Gandy	Cluster	un	15102389	0.01928	-1.00000	-1.00000	0.00415	-1.00000	-1.00000	0.00477	-1.00000	-1.00000	0.00023	-1.00000	-1.00000
96217	Gandy	Cluster	un	15104677	-0.00565	-1.00000	-1.00000	-0.00022	-1.00000	-1.00000	0.01286	-1.00000	-1.00000	0.00021	-1.00000	-1.00000
96325	Gandy	Cluster	un	15105485	-0.00235	-1.00000	-1.00000	-0.00008	-1.00000	-1.00000	-0.00000	-1.00000	-1.00000	0.00004	-1.00000	-1.00000
96547	Gandy	Cluster	un	15107950	0.05304	-1.00000	-1.00000	0.00446	-1.00000	-1.00000	0.01434	-1.00000	-1.00000	0.00019	-1.00000	-1.00000
96730	Gandy	Cluster	un	15109576	0.00290	-1.00000	-1.00000	0.00011	-1.00000	-1.00000	0.00088	-1.00000	-1.00000	0.00033	-1.00000	-1.00000
96795	Gandy	Cluster	un	15110219	-0.00489	-1.00000	-1.00000	-0.00018	-1.00000	-1.00000	0.00029	-1.00000	-1.00000	0.00013	-1.00000	-1.00000
97437	Gandy	Cluster	un	15115788	0.40542	-1.00000	-1.00000	0.41367	-1.00000	-1.00000	0.42295	-1.00000	-1.00000	0.00087	-1.00000	-1.00000
97998	Gandy	Cluster	un	15119914	0.03320	-1.00000	-1.00000	0.00263	-1.00000	-1.00000	-0.00486	-1.00000	-1.00000	0.00028	-1.00000	-1.00000
98732	Gandy	Cluster	un	15128268	0.03114	-1.00000	-1.00000	0.00229	-1.00000	-1.00000	0.00246	-1.00000	-1.00000	0.00008	-1.00000	-1.00000
100904	Gandy	Cluster	un	15139575	-0.00000	-1.00000	-1.00000	-0.00000	-1.00000	-1.00000	-0.00000	-1.00000	-1.00000	0.00004	-1.00000	-1.00000
101010	Gandy	Cluster	un	15141363	0.11111	-1.00000	-1.00000	0.01818	-1.00000	-1.00000	0.03064	-1.00000	-1.00000	0.00026	-1.00000	-1.00000
101094	Gandy	Cluster	un	15143006	0.06897	-1.00000	-1.00000	0.00760	-1.00000	-1.00000	0.00760	-1.00000	-1.00000	0.00012	-1.00000	-1.00000
101264	Gandy	Cluster	un	15146354	0.75528	-1.00000	-1.00000	0.68965	-1.00000	-1.00000	0.70652	-1.00000	-1.00000	0.00107	-1.00000	-1.00000
101617	Gandy	Cluster	un	15150318	-0.03249	-1.00000	-1.00000	-0.03036	-1.00000	-1.00000	-0.02882	-1.00000	-1.00000	0.00072	-1.00000	-1.00000
101692	Gandy	Cluster	un	15151108	0.00290	-1.00000	-1.00000	0.00011	-1.00000	-1.00000	0.02159	-1.00000	-1.00000	0.00021	-1.00000	-1.00000
102345	Gandy	Cluster	un	15156173	0.58364	-1.00000	-1.00000	0.59353	-1.00000	-1.00000	0.58484	-1.00000	-1.00000	0.00093	-1.00000	-1.00000
103748	Gandy	Cluster	un	15165007	-0.03951	-1.00000	-1.00000	-0.03795	-1.00000	-1.00000	-0.04472	-1.00000	-1.00000	0.00075	-1.00000	-1.00000
105485	Gandy	Cluster	un	15181878	0.13793	-1.00000	-1.00000	0.02685	-1.00000	-1.00000	0.02685	-1.00000	-1.00000	0.00021	-1.00000	-1.00000
105543	Gandy	Cluster	un	15183408	0.88796	-1.00000	-1.00000	0.87099	-1.00000	-1.00000	0.87518	-1.00000	-1.00000	0.00130	-1.00000	-1.00000
106160	Gandy	Cluster	un	15184885	0.27586	-1.00000	-1.00000	0.10573	-1.00000	-1.00000	0.10573	-1.00000	-1.00000	0.00039	-1.00000	-1.00000
106426	Gandy	Cluster	un	15185660	0.14147	-1.00000	-1.00000	0.03071	-1.00000	-1.00000	0.02450	-1.00000	-1.00000	0.00031	-1.00000	-1.00000
106452	Gandy	Cluster	un	15186567	0.08696	-1.00000	-1.00000	0.01227	-1.00000	-1.00000	0.01026	-1.00000	-1.00000	0.00050	-1.00000	-1.00000
107552	Gandy	Cluster	un	15192074	0.02414	-1.00000	-1.00000	0.01515	-1.00000	-1.00000	0.02349	-1.00000	-1.00000	0.00062	-1.00000	-1.00000
107821	Gandy	Cluster	un	15195342	-0.00000	-1.00000	-1.00000	-0.00000	-1.00000	-1.00000	-0.00000	-1.00000	-1.00000	0.00004	-1.00000	-1.00000
107988	Gandy	Cluster	un	15198574	0.00000	-1.00000	-1.00000	0.00000	-1.00000	-1.00000	-0.00502	-1.00000	-1.00000	0.00019	-1.00000	-1.00000
108800	Gandy	Cluster	un	15205558	0.09920	-1.00000	-1.00000	0.01304	-1.00000	-1.00000	0.02177	-1.00000	-1.00000	0.00034	-1.00000	-1.00000
108824	Gandy	Cluster	un	15206413	0.00000	-1.00000	-1.00000	0.00000	-1.00000	-1.00000	0.00508	-1.00000	-1.00000	0.00013	-1.00000	-1.00000
109580	Gandy	Cluster	un	15209590	0.07875	-1.00000	-1.00000	0.00908	-1.00000	-1.00000	0.01894	-1.00000	-1.00000	0.00021	-1.00000	-1.00000
110157	Gandy	Cluster	un	15212057	0.00951	-1.00000	-1.00000	0.00037	-1.00000	-1.00000	0.05121	-1.00000	-1.00000	0.00030	-1.00000	-1.00000
110165	Gandy	Cluster	un	15213684	0.21731	-1.00000	-1.00000	0.07871	-1.00000	-1.00000	0.06484	-1.00000	-1.00000	0.00037	-1.00000	-1.00000
110192	Gandy	Cluster	un	15215291	0.06897	-1.00000	-1.00000	0.00760	-1.00000	-1.00000	0.00760	-1.00000	-1.00000	0.00012	-1.00000	-1.00000
110198	Gandy	Cluster	un	15216133	-0.03567	-1.00000	-1.00000	-0.00255	-1.00000	-1.00000	0.00018	-1.00000	-1.00000	0.00017	-1.00000	-1.00000
110437	Gandy	Cluster	un	15220059	0.60473	-1.00000	-1.00000	0.59778	-1.00000	-1.00000	0.60416	-1.00000	-1.00000	0.00090	-1.00000	-1.00000
110456	Gandy	Cluster	un	15222601	-0.04160	-1.00000	-1.00000	-0.00347	-1.00000	-1.00000	-0.01045	-1.00000	-1.00000	0.00040	-1.00000	-1.00000
110467	Gandy	Cluster	un	15223438	0.07875	-1.00000	-1.00000	0.00908	-1.00000	-1.00000	0.01894	-1.00000	-1.00000	0.00021	-1.00000	-1.00000
113572	Gandy	Cluster	un	15234705	0.00656	-1.00000	-1.00000	0.00026	-1.00000	-1.00000	-0.00054	-1.00000	-1.00000	0.00013	-1.00000	-1.00000
115969	Gandy	Cluster	un	15251789	0.00561	-1.00000	-1.00000	0.00021	-1.00000	-1.00000	0.02159	-1.00000	-1.00000	0.00021	-1.00000	-1.00000
116073	Gandy	Cluster	un	15252591	0.00251	-1.00000	-1.00000	0.00009	-1.00000	-1.00000	0.00508	-1.00000	-1.00000	0.00014	-1.00000	-1.00000
116147	Gandy	Cluster	un	15253331	0.00290	-1.00000	-1.00000	0.00011	-1.00000	-1.00000	-0.00000	-1.00000	-1.00000	0.00006	-1.00000	-1.00000
116627	Gandy	Cluster	un	15257195	-0.00565	-1.00000	-1.00000	-0.00022	-1.00000	-1.00000	-0.00429	-1.00000	-1.00000	0.00026	-1.00000	-1.00000
116737	Gandy	Cluster	un	15259825	-0.00000	-1.00000	-1.00000	-0.00000	-1.00000	-1.00000	-0.01068	-1.00000	-1.00000	0.00033	-1.00000	-1.00000
116813	Gandy	Cluster	un	15261264	1.00000	-1.00000	-1.00000	1.00000	-1.00000	-1.00000	1.00000	-1.00000	-1.00000	0.00133	-1.00000	-1.00000
117278	Gandy	Cluster	un	15264587	0.19238	-1.00000	-1.00000	0.04856	-1.00000	-1.00000	0.06452	-1.00000	-1.00000	0.00032	-1.00000	-1.00000
117348	Gandy	Cluster	un	15266210	0.55413	-1.00000	-1.00000	0.38325	-1.00000	-1.00000	0.42553	-1.00000	-1.00000	0.00077	-1.00000	-1.00000
117443	Gandy	Cluster	un	15267926	0.60000	-1.00000	-1.00000	0.48980	-1.00000	-1.00000	0.47867	-1.00000	-1.00000	0.00078	-1.00000	-1.00000
117629	Gandy	Cluster	un	15269543	0.02760	-1.00000	-1.00000	0.00210	-1.00000	-1.00000	0.00021	-1.00000	-1.00000	0.00017	-1.00000	-1.00000
119779	Gandy	Cluster	un	15285993	-0.00000	-1.00000	-1.00000	-0.00000	-1.00000	-1.00000	-0.00000	-1.00000	-1.00000	0.00005	-1.00000	-1.00000
119823	Gandy	Cluster	un	15287566	0.13263	-1.00000	-1.00000	0.02215	-1.00000	-1.00000	0.05900	-1.00000	-1.00000	0.00034	-1.00000	-1.00000
120295	Gandy	Cluster	un	15293178	0.41046	-1.00000	-1.00000	0.22754	-1.00000	-1.00000	0.24086	-1.00000	-1.00000	0.00069	-1.00000	-1.00000
120304	Gandy	Cluster	un	15294657	0.11672	-1.00000	-1.00000	0.01853	-1.00000	-1.00000	0.01818	-1.00000	-1.00000	0.00017	-1.00000	-1.00000
120423	Gandy	Cluster	un	15295511	-0.02941	-1.00000	-1.00000	-0.01153	-1.00000	-1.00000	-0.01167	-1.00000	-1.00000	0.00035	-1.00000	-1.00000
120571	Gandy	Cluster	un	15297093	0.09302	-1.00000	-1.00000	0.01497	-1.00000	-1.00000	0.01567	-1.00000	-1.00000	0.00017	-1.00000	-1.00000
121045	Gandy	Cluster	un	15301114	-0.00235	-1.00000	-1.00000	-0.00008	-1.00000	-1.00000	0.00008	-1.00000	-1.00000	0.00012	-1.00000	-1.00000
121232	Gandy	Cluster	un	15302786	0.00251	-1.00000	-1.00000	0.00009	-1.00000	-1.00000	-0.00000	-1.00000	-1.00000	0.00004	-1.00000	-1.00000
122508	Gandy	Cluster	un	15306813	0.04067	-1.00000	-1.00000	0.00302	-1.00000	-1.00000	0.00284	-1.00000	-1.00000	0.00009	-1.00000	-1.00000
122591	Gandy	Cluster	un	15308346	0.05748	-1.00000	-1.00000	0.00467	-1.00000	-1.00000	0.00394	-1.00000	-1.00000	0.00009	-1.00000	-1.00000
122800	Gandy	Cluster	un	15310820	-0.00000	-1.00000	-1.00000	-0.00000	-1.00000	-1.00000	-0.00000	-1.00000	-1.00000	0.00004	-1.00000	-1.00000
122879	Gandy	Cluster	un	15312403	0.19845	-1.00000	-1.00000	0.04545	-1.00000	-1.00000	0.12678	-1.00000	-1.00000	0.00043	-1.00000	-1.00000
122928	Gandy	Cluster	un	15315712	0.71182	-1.00000	-1.00000	0.67952	-1.00000	-1.00000	0.69346	-1.00000	-1.00000	0.00095	-1.00000	-1.00000
123279	Gandy	Cluster	un	15329398	0.00251	-1.00000	-1.00000	0.00009	-1.00000	-1.00000	-0.00000	-1.00000	-1.00000	0.00004	-1.00000	-1.00000
123288	Gandy	Cluster	un	15330195	0.00656	-1.00000	-1.00000	0.00026	-1.00000	-1.00000	0.01989	-1.00000	-1.00000	0.00034	-1.00000	-1.00000
123764	Gandy	Cluster	un	15335088	0.00251	-1.00000	-1.00000	0.00009	-1.00000	-1.00000	-0.00000	-1.00000	-1.00000	0.00005	-1.00000	-1.00000
124020	Gandy	Cluster	un	15337461	0.00561	-1.00000	-1.00000	0.00021	-1.00000	-1.00000	0.02159	-1.00000	-1.00000	0.00021	-1.00000	-1.00000
124526	Gandy	Cluster	un	15342194	0.00561	-1.00000	-1.00000	0.00021	-1.00000	-1.00000	0.02159	-1.00000	-1.00000	0.00020	-1.00000	-1.00000
125050	Gandy	Cluster	un	15343843	0.41707	-1.00000	-1.00000	0.23467	-1.00000	-1.00000	0.25402	-1.00000	-1.00000	0.00061	-1.00000	-1.00000
126364	Gandy	Cluster	un	15352353	0.38471	-1.00000	-1.00000	0.23817	-1.00000	-1.00000	0.21901	-1.00000	-1.00000	0.00067	-1.00000	-1.00000
126402	Gandy	Cluster	un	15353166	0.33944	-1.00000	-1.00000	0.14624	-1.00000	-1.00000	0.14487	-1.00000	-1.00000	0.00042	-1.00000	-1.00000
126544	Gandy	Cluster	un	15354774	0.13012	-1.00000	-1.00000	0.07613	-1.00000	-1.00000	0.06985	-1.00000	-1.00000	0.00056	-1.00000	-1.00000
126607	Gandy	Cluster	un	15355597	-0.00235	-1.00000	-1.00000	-0.00008	-1.00000	-1.00000	0.00008	-1.00000	-1.00000	0.00012	-1.00000	-1.00000
127455	Gandy	Cluster	un	15360432	0.00687	-1.00000	-1.00000	0.00309	-1.00000	-1.00000	0.04079	-1.00000	-1.00000	0.00048	-1.00000	-1.00000
127779	Gandy	Cluster	un	15363657	0.00340	-1.00000	-1.00000	0.00014	-1.00000	-1.00000	-0.00378	-1.00000	-1.00000	0.00040	-1.00000	-1.00000
128078	Gandy	Cluster	un	15369156	0.04067	-1.00000	-1.00000	0.00302	-1.00000	-1.00000	0.01050	-1.00000	-1.00000	0.00016	-1.00000	-1.00000
128190	Gandy	Cluster	un	15372336	-0.03684	-1.00000	-1.00000	-0.03334	-1.00000	-1.00000	-0.03459	-1.00000	-1.00000	0.00072	-1.00000	-1.00000
128242	Gandy	Cluster	un	15373117	0.00290	-1.00000	-1.00000	0.00011	-1.00000	-1.00000	0.00088	-1.00000	-1.00000	0.00023	-1.00000	-1.00000
128314	Gandy	Cluster	un	15374831	0.14815	-1.00000	-1.00000	0.03120	-1.00000	-1.00000	0.04578	-1.00000	-1.00000	0.00030	-1.00000	-1.00000
128635	Gandy	Cluster	un	15381909	0.00656	-1.00000	-1.00000	0.00026	-1.00000	-1.00000	0.00261	-1.00000	-1.00000	0.00024	-1.00000	-1.00000
128758	Gandy	Cluster	un	15383551	0.04820	-1.00000	-1.00000	0.00374	-1.00000	-1.00000	0.03064	-1.00000	-1.00000	0.00027	-1.00000	-1.00000
129205	Gandy	Cluster	un	15394447	0.04420	-1.00000	-1.00000	0.00354	-1.00000	-1.00000	-0.00175	-1.00000	-1.00000	0.00022	-1.00000	-1.00000
129266	Gandy	Cluster	un	15398505	0.33181	-1.00000	-1.00000	0.19636	-1.00000	-1.00000	0.24402	-1.00000	-1.00000	0.00062	-1.00000	-1.00000
129308	Gandy	Cluster	un	15400093	0.07407	-1.00000	-1.00000	0.00881	-1.00000	-1.00000	0.00361	-1.00000	-1.00000	0.00026	-1.00000	-1.00000
129372	Gandy	Cluster	un	15400935	0.13263	-1.00000	-1.00000	0.02215	-1.00000	-1.00000	0.03571	-1.00000	-1.00000	0.00025	-1.00000	-1.00000
130177	Gandy	Cluster	un	15408949	0.03320	-1.00000	-1.00000	0.00263	-1.00000	-1.00000	-0.00486	-1.00000	-1.00000	0.00028	-1.00000	-1.00000
130755	Gandy	Cluster	un	15416189	0.00251	-1.00000	-1.00000	0.00009	-1.00000	-1.00000	-0.00000	-1.00000	-1.00000	0.00005	-1.00000	-1.00000
130876	Gandy	Cluster	un	15416951	0.05304	-1.00000	-1.00000	0.00446	-1.00000	-1.00000	0.06452	-1.00000	-1.00000	0.00033	-1.00000	-1.00000
130883	Gandy	Cluster	un	15417768	0.21608	-1.00000	-1.00000	0.05772	-1.00000	-1.00000	0.10217	-1.00000	-1.00000	0.00043	-1.00000	-1.00000
131012	Gandy	Cluster	un	15418542	0.15460	-1.00000	-1.00000	0.03162	-1.00000	-1.00000	0.04578	-1.00000	-1.00000	0.00030	-1.00000	-1.00000
131442	Gandy	Cluster	un	15424500	0.00000	-1.00000	-1.00000	0.00000	-1.00000	-1.00000	-0.00000	-1.00000	-1.00000	0.00005	-1.00000	-1.00000
131455	Gandy	Cluster	un	15426078	0.00251	-1.00000	-1.00000	0.00009	-1.00000	-1.00000	-0.00000	-1.00000	-1.00000	0.00004	-1.00000	-1.00000
131648	Gandy	Cluster	un	15430239	-0.00489	-1.00000	-1.00000	-0.00018	-1.00000	-1.00000	0.01104	-1.00000	-1.00000	0.00021	-1.00000	-1.00000
132049	Gandy	Cluster	un	15439458	0.00340	-1.00000	-1.00000	0.00014	-1.00000	-1.00000	-0.01093	-1.00000	-1.00000	0.00034	-1.00000	-1.00000
132140	Gandy	Cluster	un	15440258	0.12595	-1.00000	-1.00000	0.02599	-1.00000	-1.00000	0.02685	-1.00000	-1.00000	0.00021	-1.00000	-1.00000
132262	Gandy	Cluster	un	15441888	-0.00489	-1.00000	-1.00000	-0.00018	-1.00000	-1.00000	0.00029	-1.00000	-1.00000	0.00012	-1.00000	-1.00000
132269	Gandy	Cluster	un	15442738	-0.00315	-1.00000	-1.00000	-0.00013	-1.00000	-1.00000	-0.01039	-1.00000	-1.00000	0.00038	-1.00000	-1.00000
132373	Gandy	Cluster	un	15446792	-0.03704	-1.00000	-1.00000	-0.00275	-1.00000	-1.00000	-0.00019	-1.00000	-1.00000	0.00016	-1.00000	-1.00000
132387	Gandy	Cluster	un	15448370	-0.00000	-1.00000	-1.00000	-0.00000	-1.00000	-1.00000	-0.00581	-1.00000	-1.00000	0.00021	-1.00000	-1.00000
132431	Gandy	Cluster	un	15449697	-0.03342	-1.00000	-1.00000	-0.01030	-1.00000	-1.00000	-0.00406	-1.00000	-1.00000	0.00038	-1.00000	-1.00000
132517	Gandy	Cluster	un	15451318	0.03448	-1.00000	-1.00000	0.00246	-1.00000	-1.00000	0.00246	-1.00000	-1.00000	0.00008	-1.00000	-1.00000
132534	Gandy	Cluster	un	15452939	0.54387	-1.00000	-1.00000	0.38273	-1.00000	-1.00000	0.41303	-1.00000	-1.00000	0.00080	-1.00000	-1.00000
132604	Gandy	Cluster	un	15454565	-0.00315	-1.00000	-1.00000	-0.00013	-1.00000	-1.00000	-0.00207	-1.00000	-1.00000	0.00027	-1.00000	-1.00000
133539	Gandy	Cluster	un	15463309	0.08000	-1.00000	-1.00000	0.01033	-1.00000	-1.00000	0.02205	-1.00000	-1.00000	0.00022	-1.00000	-1.00000
133714	Gandy	Cluster	un	15464742	0.06897	-1.00000	-1.00000	0.00760	-1.00000	-1.00000	0.00760	-1.00000	-1.00000	0.00012	-1.00000	-1.00000
133771	Gandy	Cluster	un	15466364	0.23364	-1.00000	-1.00000	0.08013	-1.00000	-1.00000	0.06667	-1.00000	-1.00000	0.00037	-1.00000	-1.00000
133804	Gandy	Cluster	un	15467208	0.00000	-1.00000	-1.00000	0.00000	-1.00000	-1.00000	-0.00502	-1.00000	-1.00000	0.00020	-1.00000	-1.00000
133927	Gandy	Cluster	un	15469568	0.18519	-1.00000	-1.00000	0.04808	-1.00000	-1.00000	0.04260	-1.00000	-1.00000	0.00039	-1.00000	-1.00000
135069	Gandy	Cluster	un	15477603	0.00000	-1.00000	-1.00000	0.00000	-1.00000	-1.00000	-0.00502	-1.00000	-1.00000	0.00019	-1.00000	-1.00000
135087	Gandy	Cluster	un	15478404	0.00251	-1.00000	-1.00000	0.00009	-1.00000	-1.00000	0.00508	-1.00000	-1.00000	0.00012	-1.00000	-1.00000
135292	Gandy	Cluster	un	15482528	0.16737	-1.00000	-1.00000	0.03722	-1.00000	-1.00000	0.05342	-1.00000	-1.00000	0.00023	-1.00000	-1.00000
135903	Gandy	Cluster	un	15487658	0.09054	-1.00000	-1.00000	0.01094	-1.00000	-1.00000	0.02205	-1.00000	-1.00000	0.00021	-1.00000	-1.00000
135996	Gandy	Cluster	un	15488519	0.13788	-1.00000	-1.00000	0.02596	-1.00000	-1.00000	0.02542	-1.00000	-1.00000	0.00018	-1.00000	-1.00000
136363	Gandy	Cluster	un	15491082	-0.00767	-1.00000	-1.00000	-0.00029	-1.00000	-1.00000	0.00057	-1.00000	-1.00000	0.00012	-1.00000	-1.00000
137525	Gandy	Cluster	un	15496880	0.27190	-1.00000	-1.00000	0.19132	-1.00000	-1.00000	0.15814	-1.00000	-1.00000	0.00073	-1.00000	-1.00000
137586	Gandy	Cluster	un	15498962	0.37414	-1.00000	-1.00000	0.24168	-1.00000	-1.00000	0.23557	-1.00000	-1.00000	0.00066	-1.00000	-1.00000
137952	Gandy	Cluster	un	15503653	0.00251	-1.00000	-1.00000	0.00009	-1.00000	-1.00000	-0.00000	-1.00000	-1.00000	0.00005	-1.00000	-1.00000
138300	Gandy	Cluster	un	15507723	-0.00000	-1.00000	-1.00000	-0.00000	-1.00000	-1.00000	-0.00000	-1.00000	-1.00000	0.00004	-1.00000	-1.00000
138883	Gandy	Cluster	un	15510948	-0.00000	-1.00000	-1.00000	-0.00000	-1.00000	-1.00000	-0.00000	-1.00000	-1.00000	0.00004	-1.00000	-1.00000
140036	Gandy	Cluster	un	15514217	0.17241	-1.00000	-1.00000	0.04132	-1.00000	-1.00000	0.04132	-1.00000	-1.00000	0.00025	-1.00000	-1.00000
140367	Gandy	Cluster	un	15515794	0.10194	-1.00000	-1.00000	0.03577	-1.00000	-1.00000	0.04403	-1.00000	-1.00000	0.00051	-1.00000	-1.00000
140514	Gandy	Cluster	un	15517327	0.05304	-1.00000	-1.00000	0.00446	-1.00000	-1.00000	-0.00098	-1.00000	-1.00000	0.00026	-1.00000	-1.00000
141931	Gandy	Cluster	un	15525666	0.00000	-1.00000	-1.00000	0.00000	-1.00000	-1.00000	-0.00009	-1.00000	-1.00000	0.00012	-1.00000	-1.00000
141988	Gandy	Cluster	un	15527274	-0.00270	-1.00000	-1.00000	-0.00010	-1.00000	-1.00000	-0.00558	-1.00000	-1.00000	0.00022	-1.00000	-1.00000
143274	Gandy	Cluster	un	15534549	0.00340	-1.00000	-1.00000	0.00014	-1.00000	-1.00000	-0.00378	-1.00000	-1.00000	0.00036	-1.00000	-1.00000
144379	Gandy	Cluster	un	15544414	-0.00000	-1.00000	-1.00000	-0.00000	-1.00000	-1.00000	-0.00581	-1.00000	-1.00000	0.00022	-1.00000	-1.00000
145814	Gandy	Cluster	un	15555277	0.00290	-1.00000	-1.00000	0.00011	-1.00000	-1.00000	0.00589	-1.00000	-1.00000	0.00013	-1.00000	-1.00000
145847	Gandy	Cluster	un	15556108	0.00000	-1.00000	-1.00000	0.00000	-1.00000	-1.00000	0.00508	-1.00000	-1.00000	0.00012	-1.00000	-1.00000
146417	Gandy	Cluster	un	15559992	0.04067	-1.00000	-1.00000	0.00302	-1.00000	-1.00000	0.00284	-1.00000	-1.00000	0.00009	-1.00000	-1.00000
148585	Gandy	Cluster	un	15565706	0.03038	-1.00000	-1.00000	0.01005	-1.00000	-1.00000	0.01705	-1.00000	-1.00000	0.00048	-1.00000	-1.00000
149619	Gandy	Cluster	un	15567367	0.09920	-1.00000	-1.00000	0.01304	-1.00000	-1.00000	0.05025	-1.00000	-1.00000	0.00033	-1.00000	-1.00000
149658	Gandy	Cluster	un	15568116	0.00051	-1.00000	-1.00000	0.00038	-1.00000	-1.00000	-0.00911	-1.00000	-1.00000	0.00061	-1.00000	-1.00000
151530	Gandy	Cluster	un	15577375	-0.00000	-1.00000	-1.00000	-0.00000	-1.00000	-1.00000	-0.00000	-1.00000	-1.00000	0.00004	-1.00000	-1.00000
152254	Gandy	Cluster	un	15586609	0.65909	-1.00000	-1.00000	0.62086	-1.00000	-1.00000	0.61569	-1.00000	-1.00000	0.00097	-1.00000	-1.00000
152260	Gandy	Cluster	un	15587391	0.00000	-1.00000	-1.00000	0.00000	-1.00000	-1.00000	-0.00000	-1.00000	-1.00000	0.00005	-1.00000	-1.00000
152386	Gandy	Cluster	un	15588157	0.05304	-1.00000	-1.00000	0.00446	-1.00000	-1.00000	0.01011	-1.00000	-1.00000	0.00033	-1.00000	-1.00000
152472	Gandy	Cluster	un	15589699	-0.02782	-1.00000	-1.00000	-0.00329	-1.00000	-1.00000	-0.00897	-1.00000	-1.00000	0.00030	-1.00000	-1.00000
152489	Gandy	Cluster	un	15590420	-0.01370	-1.00000	-1.00000	-0.01420	-1.00000	-1.00000	0.01111	-1.00000	-1.00000	0.00075	-1.00000	-1.00000
152644	Gandy	Cluster	un	15592775	0.27586	-1.00000	-1.00000	0.10573	-1.00000	-1.00000	0.10573	-1.00000	-1.00000	0.00040	-1.00000	-1.00000
153062	Gandy	Cluster	un	15598837	-0.00565	-1.00000	-1.00000	-0.00022	-1.00000	-1.00000	0.03423	-1.00000	-1.00000	0.00030	-1.00000	-1.00000
153758	Gandy	Cluster	un	15606517	0.04820	-1.00000	-1.00000	0.00374	-1.00000	-1.00000	0.01220	-1.00000	-1.00000	0.00017	-1.00000	-1.00000
154073	Gandy	Cluster	un	15609732	0.05748	-1.00000	-1.00000	0.00467	-1.00000	-1.00000	0.00394	-1.00000	-1.00000	0.00010	-1.00000	-1.00000
155442	Gandy	Cluster	un	15620888	0.00951	-1.00000	-1.00000	0.00037	-1.00000	-1.00000	0.02512	-1.00000	-1.00000	0.00021	-1.00000	-1.00000
155641	Gandy	Cluster	un	15622505	0.00561	-1.00000	-1.00000	0.00021	-1.00000	-1.00000	0.02159	-1.00000	-1.00000	0.00021	-1.00000	-1.00000
155822	Gandy	Cluster	un	15626730	0.09834	-1.00000	-1.00000	0.01534	-1.00000	-1.00000	0.01567	-1.00000	-1.00000	0.00017	-1.00000	-1.00000
156053	Gandy	Cluster	un	15631837	-0.01113	-1.00000	-1.00000	-0.01153	-1.00000	-1.00000	-0.00709	-1.00000	-1.00000	0.00067	-1.00000	-1.00000
156054	Gandy	Cluster	un	15632649	-0.02055	-1.00000	-1.00000	-0.00226	-1.00000	-1.00000	-0.00236	-1.00000	-1.00000	0.00012	-1.00000	-1.00000
156234	Gandy	Cluster	un	15639216	0.04348	-1.00000	-1.00000	0.00394	-1.00000	-1.00000	0.02500	-1.00000	-1.00000	0.00043	-1.00000	-1.00000
156332	Gandy	Cluster	un	15640794	0.00340	-1.00000	-1.00000	0.00014	-1.00000	-1.00000	-0.00378	-1.00000	-1.00000	0.00039	-1.00000	-1.00000
156380	Gandy	Cluster	un	15642479	0.04820	-1.00000	-1.00000	0.00374	-1.00000	-1.00000	0.01220	-1.00000	-1.00000	0.00018	-1.00000	-1.00000
156796	Gandy	Cluster	un	15647947	0.00000	-1.00000	-1.00000	0.00000	-1.00000	-1.00000	-0.00000	-1.00000	-1.00000	0.00005	-1.00000	-1.00000
157066	Gandy	Cluster	un	15655102	0.04820	-1.00000	-1.00000	0.00374	-1.00000	-1.00000	0.00332	-1.00000	-1.00000	0.00009	-1.00000	-1.00000
157431	Gandy	Cluster	un	15658198	0.19970	-1.00000	-1.00000	0.05872	-1.00000	-1.00000	0.04666	-1.00000	-1.00000	0.00035	-1.00000	-1.00000
157602	Gandy	Cluster	un	15660565	-0.00235	-1.00000	-1.00000	-0.00008	-1.00000	-1.00000	-0.00000	-1.00000	-1.00000	0.00004	-1.00000	-1.00000
157619	Gandy	Cluster	un	15662316	0.16000	-1.00000	-1.00000	0.03670	-1.00000	-1.00000	0.01971	-1.00000	-1.00000	0.00048	-1.00000	-1.00000
157784	Gandy	Cluster	un	15666128	0.00951	-1.00000	-1.00000	0.00037	-1.00000	-1.00000	0.00691	-1.00000	-1.00000	0.00014	-1.00000	-1.00000
157794	Gandy	Cluster	un	15666925	0.69703	-1.00000	-1.00000	0.60533	-1.00000	-1.00000	0.61429	-1.00000	-1.00000	0.00088	-1.00000	-1.00000
157807	Gandy	Cluster	un	15668538	0.03448	-1.00000	-1.00000	0.00246	-1.00000	-1.00000	0.00246	-1.00000	-1.00000	0.00008	-1.00000	-1.00000
158340	Gandy	Cluster	un	15677500	0.12251	-1.00000	-1.00000	0.12164	-1.00000	-1.00000	0.11986	-1.00000	-1.00000	0.00077	-1.00000	-1.00000
159615	Gandy	Cluster	un	15689921	0.02912	-1.00000	-1.00000	0.00239	-1.00000	-1.00000	0.00027	-1.00000	-1.00000	0.00017	-1.00000	-1.00000
159907	Gandy	Cluster	un	15695688	0.13146	-1.00000	-1.00000	0.08658	-1.00000	-1.00000	0.08614	-1.00000	-1.00000	0.00048	-1.00000	-1.00000
160256	Gandy	Cluster	un	15700808	0.00251	-1.00000	-1.00000	0.00009	-1.00000	-1.00000	0.00508	-1.00000	-1.00000	0.00012	-1.00000	-1.00000
160443	Gandy	Cluster	un	15704016	0.49055	-1.00000	-1.00000	0.32499	-1.00000	-1.00000	0.31899	-1.00000	-1.00000	0.00062	-1.00000	-1.00000
161618	Gandy	Cluster	un	15722398	0.07407	-1.00000	-1.00000	0.00881	-1.00000	-1.00000	0.00370	-1.00000	-1.00000	0.00022	-1.00000	-1.00000
161620	Gandy	Cluster	un	15723168	-0.00235	-1.00000	-1.00000	-0.00008	-1.00000	-1.00000	-0.00000	-1.00000	-1.00000	0.00004	-1.00000	-1.00000
161758	Gandy	Cluster	un	15727225	0.05304	-1.00000	-1.00000	0.00446	-1.00000	-1.00000	0.01011	-1.00000	-1.00000	0.00033	-1.00000	-1.00000
161869	Gandy	Cluster	un	15729564	0.33944	-1.00000	-1.00000	0.14624	-1.00000	-1.00000	0.19576	-1.00000	-1.00000	0.00049	-1.00000	-1.00000
162057	Gandy	Cluster	un	15732844	0.00951	-1.00000	-1.00000	0.00037	-1.00000	-1.00000	0.00691	-1.00000	-1.00000	0.00014	-1.00000	-1.00000
163107	Gandy	Cluster	un	15737885	-0.04160	-1.00000	-1.00000	-0.00347	-1.00000	-1.00000	-0.01045	-1.00000	-1.00000	0.00041	-1.00000	-1.00000
163129	Gandy	Cluster	un	15739576	0.00561	-1.00000	-1.00000	0.00021	-1.00000	-1.00000	-0.00000	-1.00000	-1.00000	0.00005	-1.00000	-1.00000
163158	Gandy	Cluster	un	15740391	-0.00000	-1.00000	-1.00000	-0.00000	-1.00000	-1.00000	-0.00581	-1.00000	-1.00000	0.00021	-1.00000	-1.00000
163219	Gandy	Cluster	un	15741990	-0.00000	-1.00000	-1.00000	-0.00000	-1.00000	-1.00000	-0.00000	-1.00000	-1.00000	0.00042	-1.00000	-1.00000
163255	Gandy	Cluster	un	15742752	0.17448	-1.00000	-1.00000	0.03767	-1.00000	-1.00000	0.05342	-1.00000	-1.00000	0.00032	-1.00000	-1.00000
163290	Gandy	Cluster	un	15744329	-0.00235	-1.00000	-1.00000	-0.00008	-1.00000	-1.00000	0.00008	-1.00000	-1.00000	0.00012	-1.00000	-1.00000
163420	Gandy	Cluster	un	15746662	0.01073	-1.00000	-1.00000	0.01001	-1.00000	-1.00000	0.01002	-1.00000	-1.00000	0.00064	-1.00000	-1.00000
163446	Gandy	Cluster	un	15747559	0.00656	-1.00000	-1.00000	0.00026	-1.00000	-1.00000	0.05121	-1.00000	-1.00000	0.00027	-1.00000	-1.00000
163499	Gandy	Cluster	un	15748410	0.02760	-1.00000	-1.00000	0.00210	-1.00000	-1.00000	0.00883	-1.00000	-1.00000	0.00022	-1.00000	-1.00000
164019	Gandy	Cluster	un	15759210	0.03448	-1.00000	-1.00000	0.00246	-1.00000	-1.00000	0.00246	-1.00000	-1.00000	0.00009	-1.00000	-1.00000
164029	Gandy	Cluster	un	15759974	0.05304	-1.00000	-1.00000	0.00446	-1.00000	-1.00000	-0.00098	-1.00000	-1.00000	0.00028	-1.00000	-1.00000
164643	Gandy	Cluster	un	15767328	-0.00235	-1.00000	-1.00000	-0.00008	-1.00000	-1.00000	-0.00000	-1.00000	-1.00000	0.00004	-1.00000	-1.00000
164831	Gandy	Cluster	un	15768114	-0.00565	-1.00000	-1.00000	-0.00022	-1.00000	-1.00000	0.03423	-1.00000	-1.00000	0.00027	-1.00000	-1.00000
164841	Gandy	Cluster	un	15768961	0.08083	-1.00000	-1.00000	0.07958	-1.00000	-1.00000	0.05930	-1.00000	-1.00000	0.00076	-1.00000	-1.00000
165032	Gandy	Cluster	un	15769804	0.13205	-1.00000	-1.00000	0.02645	-1.00000	-1.00000	0.02685	-1.00000	-1.00000	0.00021	-1.00000	-1.00000
165077	Gandy	Cluster	un	15770616	0.03114	-1.00000	-1.00000	0.00229	-1.00000	-1.00000	0.00246	-1.00000	-1.00000	0.00008	-1.00000	-1.00000
165299	Gandy	Cluster	un	15772096	0.00251	-1.00000	-1.00000	0.00009	-1.00000	-1.00000	0.00508	-1.00000	-1.00000	0.00013	-1.00000	-1.00000
166769	Gandy	Cluster	un	15783206	0.00656	-1.00000	-1.00000	0.00026	-1.00000	-1.00000	0.01989	-1.00000	-1.00000	0.00034	-1.00000	-1.00000
167214	Gandy	Cluster	un	15787332	-0.00489	-1.00000	-1.00000	-0.00018	-1.00000	-1.00000	-0.00000	-1.00000	-1.00000	0.00004	-1.00000	-1.00000
167271	Gandy	Cluster	un	15788943	0.05748	-1.00000	-1.00000	0.00467	-1.00000	-1.00000	0.01434	-1.00000	-1.00000	0.00019	-1.00000	-1.00000
168615	Gandy	Cluster	un	15797584	0.00951	-1.00000	-1.00000	0.00037	-1.00000	-1.00000	0.00691	-1.00000	-1.00000	0.00016	-1.00000	-1.00000
168998	Gandy	Cluster	un	15799081	0.76388	-1.00000	-1.00000	0.74005	-1.00000	-1.00000	0.73701	-1.00000	-1.00000	0.00113	-1.00000	-1.00000
169294	Gandy	Cluster	un	15803143	0.00290	-1.00000	-1.00000	0.00011	-1.00000	-1.00000	-0.00518	-1.00000	-1.00000	0.00021	-1.00000	-1.00000
169320	Gandy	Cluster	un	15803927	0.09834	-1.00000	-1.00000	0.01534	-1.00000	-1.00000	0.00883	-1.00000	-1.00000	0.00023	-1.00000	-1.00000
169463	Gandy	Cluster	un	15806326	0.00251	-1.00000	-1.00000	0.00009	-1.00000	-1.00000	-0.00000	-1.00000	-1.00000	0.00004	-1.00000	-1.00000
169503	Gandy	Cluster	un	15807961	0.00251	-1.00000	-1.00000	0.00009	-1.00000	-1.00000	-0.00000	-1.00000	-1.00000	0.00004	-1.00000	-1.00000
169548	Gandy	Cluster	un	15809535	-0.02245	-1.00000	-1.00000	-0.00238	-1.00000	-1.00000	-0.00238	-1.00000	-1.00000	0.00012	-1.00000	-1.00000
169565	Gandy	Cluster	un	15810316	0.00951	-1.00000	-1.00000	0.00037	-1.00000	-1.00000	0.02512	-1.00000	-1.00000	0.00021	-1.00000	-1.00000
169600	Gandy	Cluster	un	15811155	-0.00767	-1.00000	-1.00000	-0.00029	-1.00000	-1.00000	0.01323	-1.00000	-1.00000	0.00024	-1.00000	-1.00000
169790	Gandy	Cluster	un	15818031	-0.00235	-1.00000	-1.00000	-0.00008	-1.00000	-1.00000	0.00008	-1.00000	-1.00000	0.00012	-1.00000	-1.00000
169926	Gandy	Cluster	un	15821234	0.00000	-1.00000	-1.00000	0.00000	-1.00000	-1.00000	-0.01241	-1.00000	-1.00000	0.00035	-1.00000	-1.00000
169932	Gandy	Cluster	un	15822017	-0.00315	-1.00000	-1.00000	-0.00013	-1.00000	-1.00000	-0.00000	-1.00000	-1.00000	0.00005	-1.00000	-1.00000
170219	Gandy	Cluster	un	15831625	0.06897	-1.00000	-1.00000	0.00760	-1.00000	-1.00000	0.00760	-1.00000	-1.00000	0.00011	-1.00000	-1.00000
170230	Gandy	Cluster	un	15832520	0.62928	-1.00000	-1.00000	0.50457	-1.00000	-1.00000	0.51820	-1.00000	-1.00000	0.00080	-1.00000	-1.00000
170523	Gandy	Cluster	un	15840001	0.00656	-1.00000	-1.00000	0.00026	-1.00000	-1.00000	-0.00529	-1.00000	-1.00000	0.00020	-1.00000	-1.00000
170735	Gandy	Cluster	un	15846950	-0.00270	-1.00000	-1.00000	-0.00010	-1.00000	-1.00000	-0.00488	-1.00000	-1.00000	0.00025	-1.00000	-1.00000
170787	Gandy	Cluster	un	15848534	0.73564	-1.00000	-1.00000	0.66196	-1.00000	-1.00000	0.67930	-1.00000	-1.00000	0.00092	-1.00000	-1.00000
170959	Gandy	Cluster	un	15851742	0.19057	-1.00000	-1.00000	0.04497	-1.00000	-1.00000	0.09204	-1.00000	-1.00000	0.00038	-1.00000	-1.00000
171050	Gandy	Cluster	un	15854229	-0.00000	-1.00000	-1.00000	-0.00000	-1.00000	-1.00000	-0.01068	-1.00000	-1.00000	0.00032	-1.00000	-1.00000
171927	Gandy	Cluster	un	15869150	0.03448	-1.00000	-1.00000	0.00246	-1.00000	-1.00000	0.00246	-1.00000	-1.00000	0.00009	-1.00000	-1.00000
172542	Gandy	Cluster	un	15880690	-0.00270	-1.00000	-1.00000	-0.00010	-1.00000	-1.00000	0.00508	-1.00000	-1.00000	0.00012	-1.00000	-1.00000
172892	Gandy	Cluster	un	15884631	0.00561	-1.00000	-1.00000	0.00021	-1.00000	-1.00000	0.00589	-1.00000	-1.00000	0.00014	-1.00000	-1.00000
172988	Gandy	Cluster	un	15886960	0.05304	-1.00000	-1.00000	0.00446	-1.00000	-1.00000	0.03571	-1.00000	-1.00000	0.00024	-1.00000	-1.00000
172997	Gandy	Cluster	un	15887837	0.23364	-1.00000	-1.00000	0.08013	-1.00000	-1.00000	0.08069	-1.00000	-1.00000	0.00034	-1.00000	-1.00000
173368	Gandy	Cluster	un	15890776	0.50844	-1.00000	-1.00000	0.37372	-1.00000	-1.00000	0.36652	-1.00000	-1.00000	0.00075	-1.00000	-1.00000
173376	Gandy	Cluster	un	15891571	0.53379	-1.00000	-1.00000	0.53881	-1.00000	-1.00000	0.52536	-1.00000	-1.00000	0.00090	-1.00000	-1.00000
173393	Gandy	Cluster	un	15892390	-0.02222	-1.00000	-1.00000	-0.00762	-1.00000	-1.00000	-0.01397	-1.00000	-1.00000	0.00043	-1.00000	-1.00000
173445	Gandy	Cluster	un	15895192	0.09834	-1.00000	-1.00000	0.01534	-1.00000	-1.00000	0.01567	-1.00000	-1.00000	0.00018	-1.00000	-1.00000
173946	Gandy	Cluster	un	15907022	-0.00000	-1.00000	-1.00000	-0.00000	-1.00000	-1.00000	-0.01068	-1.00000	-1.00000	0.00032	-1.00000	-1.00000
175038	Gandy	Cluster	un	15925775	0.04000	-1.00000	-1.00000	0.00332	-1.00000	-1.00000	-0.00561	-1.00000	-1.00000	0.00029	-1.00000	-1.00000
175389	Gandy	Cluster	un	15934629	0.12751	-1.00000	-1.00000	0.13060	-1.00000	-1.00000	0.12770	-1.00000	-1.00000	0.00071	-1.00000	-1.00000
175758	Gandy	Cluster	un	15943982	0.52000	-1.00000	-1.00000	0.37759	-1.00000	-1.00000	0.35372	-1.00000	-1.00000	0.00084	-1.00000	-1.00000
175827	Gandy	Cluster	un	15947421	0.03448	-1.00000	-1.00000	0.00246	-1.00000	-1.00000	0.00246	-1.00000	-1.00000	0.00008	-1.00000	-1.00000
175952	Gandy	Cluster	un	15953899	0.28862	-1.00000	-1.00000	0.20590	-1.00000	-1.00000	0.19259	-1.00000	-1.00000	0.00066	-1.00000	-1.00000
176284	Gandy	Cluster	un	15962821	0.00290	-1.00000	-1.00000	0.00011	-1.00000	-1.00000	0.02159	-1.00000	-1.00000	0.00020	-1.00000	-1.00000
176687	Gandy	Cluster	un	15970541	0.62928	-1.00000	-1.00000	0.50457	-1.00000	-1.00000	0.50875	-1.00000	-1.00000	0.00086	-1.00000	-1.00000
176909	Gandy	Cluster	un	15973946	0.03320	-1.00000	-1.00000	0.00263	-1.00000	-1.00000	-0.00486	-1.00000	-1.00000	0.00029	-1.00000	-1.00000
177017	Gandy	Cluster	un	15975563	-0.00235	-1.00000	-1.00000	-0.00008	-1.00000	-1.00000	0.00008	-1.00000	-1.00000	0.00013	-1.00000	-1.00000
177373	Gandy	Cluster	un	15981789	0.28358	-1.00000	-1.00000	0.13213	-1.00000	-1.00000	0.11617	-1.00000	-1.00000	0.00047	-1.00000	-1.00000
177524	Gandy	Cluster	un	15983461	-0.00565	-1.00000	-1.00000	-0.00022	-1.00000	-1.00000	-0.00429	-1.00000	-1.00000	0.00027	-1.00000	-1.00000
177667	Gandy	Cluster	un	15988420	0.00951	-1.00000	-1.00000	0.00037	-1.00000	-1.00000	0.02512	-1.00000	-1.00000	0.00022	-1.00000	-1.00000
177870	Gandy	Cluster	un	15990012	0.03114	-1.00000	-1.00000	0.00229	-1.00000	-1.00000	0.00246	-1.00000	-1.00000	0.00009	-1.00000	-1.00000
178059	Gandy	Cluster	un	15990778	0.00656	-1.00000	-1.00000	0.00026	-1.00000	-1.00000	0.01989	-1.00000	-1.00000	0.00037	-1.00000	-1.00000
178104	Gandy	Cluster	un	15992332	0.06897	-1.00000	-1.00000	0.00760	-1.00000	-1.00000	0.00760	-1.00000	-1.00000	0.00012	-1.00000	-1.00000
178807	Gandy	Cluster	un	15995619	0.05553	-1.00000	-1.00000	0.00674	-1.00000	-1.00000	0.00274	-1.00000	-1.00000	0.00022	-1.00000	-1.00000
179245	Gandy	Cluster	un	16000426	0.06897	-1.00000	-1.00000	0.00760	-1.00000	-1.00000	0.00760	-1.00000	-1.00000	0.00013	-1.00000	-1.00000
179997	Gandy	Cluster	un	16006455	0.80631	-1.00000	-1.00000	0.77077	-1.00000	-1.00000	0.76813	-1.00000	-1.00000	0.00106	-1.00000	-1.00000
180699	Gandy	Cluster	un	16012016	-0.00489	-1.00000	-1.00000	-0.00018	-1.00000	-1.00000	0.01104	-1.00000	-1.00000	0.00020	-1.00000	-1.00000
180925	Gandy	Cluster	un	16018733	0.10495	-1.00000	-1.00000	0.01335	-1.00000	-1.00000	0.08145	-1.00000	-1.00000	0.00037	-1.00000	-1.00000
180932	Gandy	Cluster	un	16019535	0.03114	-1.00000	-1.00000	0.00229	-1.00000	-1.00000	0.00246	-1.00000	-1.00000	0.00010	-1.00000	-1.00000
181532	Gandy	Cluster	un	16028167	1.00000	-1.00000	-1.00000	1.00000	-1.00000	-1.00000	0.98731	-1.00000	-1.00000	0.00111	-1.00000	-1.00000
181557	Gandy	Cluster	un	16030676	0.16737	-1.00000	-1.00000	0.06887	-1.00000	-1.00000	0.04990	-1.00000	-1.00000	0.00053	-1.00000	-1.00000
181700	Gandy	Cluster	un	16033165	0.91687	-1.00000	-1.00000	0.91936	-1.00000	-1.00000	0.91296	-1.00000	-1.00000	0.00117	-1.00000	-1.00000
182127	Gandy	Cluster	un	16039678	-0.00235	-1.00000	-1.00000	-0.00008	-1.00000	-1.00000	-0.00000	-1.00000	-1.00000	0.00004	-1.00000	-1.00000
182197	Gandy	Cluster	un	16042051	0.05748	-1.00000	-1.00000	0.00467	-1.00000	-1.00000	0.00394	-1.00000	-1.00000	0.00011	-1.00000	-1.00000
182956	Gandy	Cluster	un	16050961	0.00251	-1.00000	-1.00000	0.00009	-1.00000	-1.00000	-0.00000	-1.00000	-1.00000	0.00005	-1.00000	-1.00000
182982	Gandy	Cluster	un	16053348	0.04838	-1.00000	-1.00000	0.00422	-1.00000	-1.00000	0.00836	-1.00000	-1.00000	0.00034	-1.00000	-1.00000
183077	Gandy	Cluster	un	16056649	0.07407	-1.00000	-1.00000	0.00881	-1.00000	-1.00000	0.01894	-1.00000	-1.00000	0.00021	-1.00000	-1.00000
183260	Gandy	Cluster	un	16061720	-0.03986	-1.00000	-1.00000	-0.04151	-1.00000	-1.00000	-0.04663	-1.00000	-1.00000	0.00077	-1.00000	-1.00000
183836	Gandy	Cluster	un	16070393	0.04000	-1.00000	-1.00000	0.00332	-1.00000	-1.00000	-0.00260	-1.00000	-1.00000	0.00023	-1.00000	-1.00000
183952	Gandy	Cluster	un	16072924	0.36961	-1.00000	-1.00000	0.17428	-1.00000	-1.00000	0.19133	-1.00000	-1.00000	0.00059	-1.00000	-1.00000
184659	Gandy	Cluster	un	16076238	0.03448	-1.00000	-1.00000	0.00246	-1.00000	-1.00000	0.00246	-1.00000	-1.00000	0.00008	-1.00000	-1.00000
185405	Gandy	Cluster	un	16080302	0.92364	-1.00000	-1.00000	0.92871	-1.00000	-1.00000	0.93075	-1.00000	-1.00000	0.00154	-1.00000	-1.00000
185829	Gandy	Cluster	un	16084129	-0.00235	-1.00000	-1.00000	-0.00008	-1.00000	-1.00000	-0.00000	-1.00000	-1.00000	0.00004	-1.00000	-1.00000
186272	Gandy	Cluster	un	16087246	0.42909	-1.00000	-1.00000	0.28043	-1.00000	-1.00000	0.25806	-1.00000	-1.00000	0.00071	-1.00000	-1.00000
187300	Gandy	Cluster	un	16093903	0.84324	-1.00000	-1.00000	0.80536	-1.00000	-1.00000	0.81379	-1.00000	-1.00000	0.00096	-1.00000	-1.00000
187783	Gandy	Cluster	un	16104435	0.10495	-1.00000	-1.00000	0.01335	-1.00000	-1.00000	0.08145	-1.00000	-1.00000	0.00039	-1.00000	-1.00000
188047	Gandy	Cluster	un	16111629	0.00251	-1.00000	-1.00000	0.00009	-1.00000	-1.00000	0.00508	-1.00000	-1.00000	0.00013	-1.00000	-1.00000
188049	Gandy	Cluster	un	16112427	-0.00000	-1.00000	-1.00000	-0.00000	-1.00000	-1.00000	-0.00000	-1.00000	-1.00000	0.00004	-1.00000	-1.00000
188167	Gandy	Cluster	un	16116471	-0.03686	-1.00000	-1.00000	-0.00781	-1.00000	-1.00000	0.00351	-1.00000	-1.00000	0.00045	-1.00000	-1.00000
188308	Gandy	Cluster	un	16125215	0.00290	-1.00000	-1.00000	0.00011	-1.00000	-1.00000	-0.00518	-1.00000	-1.00000	0.00021	-1.00000	-1.00000
188398	Gandy	Cluster	un	16129134	0.02760	-1.00000	-1.00000	0.00210	-1.00000	-1.00000	0.00021	-1.00000	-1.00000	0.00015	-1.00000	-1.00000
188500	Gandy	Cluster	un	16132527	0.00840	-1.00000	-1.00000	0.00273	-1.00000	-1.00000	-0.01108	-1.00000	-1.00000	0.00062	-1.00000	-1.00000
188545	Gandy	Cluster	un	16133209	-0.00315	-1.00000	-1.00000	-0.00013	-1.00000	-1.00000	-0.00564	-1.00000	-1.00000	0.00027	-1.00000	-1.00000
188552	Gandy	Cluster	un	16134032	0.51852	-1.00000	-1.00000	0.37433	-1.00000	-1.00000	0.36058	-1.00000	-1.00000	0.00072	-1.00000	-1.00000
188759	Gandy	Cluster	un	16136431	0.52000	-1.00000	-1.00000	0.37759	-1.00000	-1.00000	0.35372	-1.00000	-1.00000	0.00075	-1.00000	-1.00000
188927	Gandy	Cluster	un	16138122	0.06920	-1.00000	-1.00000	0.00850	-1.00000	-1.00000	-0.00168	-1.00000	-1.00000	0.00034	-1.00000	-1.00000
189056	Gandy	Cluster	un	16138906	0.35619	-1.00000	-1.00000	0.31121	-1.00000	-1.00000	0.30194	-1.00000	-1.00000	0.00105	-1.00000	-1.00000
189094	Gandy	Cluster	un	16139916	-0.00000	-1.00000	-1.00000	-0.00000	-1.00000	-1.00000	-0.01068	-1.00000	-1.00000	0.00029	-1.00000	-1.00000
189138	Gandy	Cluster	un	16140824	1.00000	-1.00000	-1.00000	1.00000	-1.00000	-1.00000	1.00000	-1.00000	-1.00000	0.00129	-1.00000	-1.00000
189580	Gandy	Cluster	un	16148422	0.67155	-1.00000	-1.00000	0.56683	-1.00000	-1.00000	0.56035	-1.00000	-1.00000	0.00081	-1.00000	-1.00000
189852	Gandy	Cluster	un	16152461	0.02912	-1.00000	-1.00000	0.00239	-1.00000	-1.00000	0.00518	-1.00000	-1.00000	0.00039	-1.00000	-1.00000
189899	Gandy	Cluster	un	16153205	-0.03704	-1.00000	-1.00000	-0.00275	-1.00000	-1.00000	-0.00786	-1.00000	-1.00000	0.00022	-1.00000	-1.00000
190015	Gandy	Cluster	un	16157236	0.74619	-1.00000	-1.00000	0.74461	-1.00000	-1.00000	0.74376	-1.00000	-1.00000	0.00102	-1.00000	-1.00000
190202	Gandy	Cluster	un	16164985	0.03555	-1.00000	-1.00000	0.00306	-1.00000	-1.00000	-0.01045	-1.00000	-1.00000	0.00051	-1.00000	-1.00000
190675	Gandy	Cluster	un	16179294	-0.00000	-1.00000	-1.00000	-0.00000	-1.00000	-1.00000	-0.00000	-1.00000	-1.00000	0.00004	-1.00000	-1.00000
191150	Gandy	Cluster	un	16188934	0.02760	-1.00000	-1.00000	0.00210	-1.00000	-1.00000	0.00246	-1.00000	-1.00000	0.00008	-1.00000	-1.00000
191220	Gandy	Cluster	un	16191065	0.15460	-1.00000	-1.00000	0.03162	-1.00000	-1.00000	0.03120	-1.00000	-1.00000	0.00022	-1.00000	-1.00000
191381	Gandy	Cluster	un	16199634	0.92328	-1.00000	-1.00000	0.92328	-1.00000	-1.00000	0.91740	-1.00000	-1.00000	0.00119	-1.00000	-1.00000
191403	Gandy	Cluster	un	16201242	-0.03975	-1.00000	-1.00000	-0.00319	-1.00000	-1.00000	-0.00376	-1.00000	-1.00000	0.00032	-1.00000	-1.00000
191414	Gandy	Cluster	un	16202014	0.49122	-1.00000	-1.00000	0.32557	-1.00000	-1.00000	0.34304	-1.00000	-1.00000	0.00068	-1.00000	-1.00000
191542	Gandy	Cluster	un	16205900	0.04348	-1.00000	-1.00000	0.00394	-1.00000	-1.00000	0.03571	-1.00000	-1.00000	0.00029	-1.00000	-1.00000
191582	Gandy	Cluster	un	16206633	0.00340	-1.00000	-1.00000	0.00014	-1.00000	-1.00000	-0.00037	-1.00000	-1.00000	0.00019	-1.00000	-1.00000
191874	Gandy	Cluster	un	16208071	0.04420	-1.00000	-1.00000	0.00354	-1.00000	-1.00000	0.00332	-1.00000	-1.00000	0.00010	-1.00000	-1.00000
191882	Gandy	Cluster	un	16208864	0.08538	-1.00000	-1.00000	0.01066	-1.00000	-1.00000	0.00535	-1.00000	-1.00000	0.00029	-1.00000	-1.00000
192173	Gandy	Cluster	un	16213534	-0.00565	-1.00000	-1.00000	-0.00022	-1.00000	-1.00000	-0.00429	-1.00000	-1.00000	0.00029	-1.00000	-1.00000
193322	Gandy	Cluster	un	16226701	0.06897	-1.00000	-1.00000	0.00760	-1.00000	-1.00000	0.00760	-1.00000	-1.00000	0.00011	-1.00000	-1.00000
193606	Gandy	Cluster	un	16234924	0.03114	-1.00000	-1.00000	0.00229	-1.00000	-1.00000	0.00246	-1.00000	-1.00000	0.00008	-1.00000	-1.00000
194527	Gandy	Cluster	un	16238881	-0.03975	-1.00000	-1.00000	-0.00319	-1.00000	-1.00000	0.01151	-1.00000	-1.00000	0.00035	-1.00000	-1.00000
194615	Gandy	Cluster	un	16242261	0.04067	-1.00000	-1.00000	0.00302	-1.00000	-1.00000	0.00284	-1.00000	-1.00000	0.00009	-1.00000	-1.00000
195197	Gandy	Cluster	un	16248538	-0.01393	-1.00000	-1.00000	-0.01446	-1.00000	-1.00000	0.00736	-1.00000	-1.00000	0.00080	-1.00000	-1.00000
195553	Gandy	Cluster	un	16251713	-0.00235	-1.00000	-1.00000	-0.00008	-1.00000	-1.00000	0.00008	-1.00000	-1.00000	0.00012	-1.00000	-1.00000
196089	Gandy	Cluster	un	16257255	0.00000	-1.00000	-1.00000	0.00000	-1.00000	-1.00000	-0.00502	-1.00000	-1.00000	0.00020	-1.00000	-1.00000
196106	Gandy	Cluster	un	16258051	-0.00235	-1.00000	-1.00000	-0.00008	-1.00000	-1.00000	0.00008	-1.00000	-1.00000	0.00012	-1.00000	-1.00000
196328	Gandy	Cluster	un	16266943	0.07407	-1.00000	-1.00000	0.00881	-1.00000	-1.00000	0.00881	-1.00000	-1.00000	0.00013	-1.00000	-1.00000
196406	Gandy	Cluster	un	16269406	-0.00000	-1.00000	-1.00000	-0.00000	-1.00000	-1.00000	-0.00000	-1.00000	-1.00000	0.00004	-1.00000	-1.00000
196755	Gandy	Cluster	un	16272629	0.04420	-1.00000	-1.00000	0.00354	-1.00000	-1.00000	0.00705	-1.00000	-1.00000	0.00031	-1.00000	-1.00000
196769	Gandy	Cluster	un	16273418	0.00656	-1.00000	-1.00000	0.00026	-1.00000	-1.00000	0.00261	-1.00000	-1.00000	0.00027	-1.00000	-1.00000
197025	Gandy	Cluster	un	16281254	-0.04160	-1.00000	-1.00000	-0.00347	-1.00000	-1.00000	-0.01045	-1.00000	-1.00000	0.00040	-1.00000	-1.00000
197059	Gandy	Cluster	un	16282094	-0.02913	-1.00000	-1.00000	-0.00330	-1.00000	-1.00000	-0.00315	-1.00000	-1.00000	0.00013	-1.00000	-1.00000
197155	Gandy	Cluster	un	16282846	0.04067	-1.00000	-1.00000	0.00302	-1.00000	-1.00000	0.00284	-1.00000	-1.00000	0.00009	-1.00000	-1.00000
197364	Gandy	Cluster	un	16286902	0.03448	-1.00000	-1.00000	0.00246	-1.00000	-1.00000	0.00246	-1.00000	-1.00000	0.00008	-1.00000	-1.00000
197997	Gandy	Cluster	un	16296866	-0.00489	-1.00000	-1.00000	-0.00018	-1.00000	-1.00000	0.00029	-1.00000	-1.00000	0.00012	-1.00000	-1.00000
198028	Gandy	Cluster	un	16297725	0.04067	-1.00000	-1.00000	0.00302	-1.00000	-1.00000	0.01050	-1.00000	-1.00000	0.00015	-1.00000	-1.00000
198094	Gandy	Cluster	un	16299510	-0.03759	-1.00000	-1.00000	-0.03904	-1.00000	-1.00000	-0.03560	-1.00000	-1.00000	0.00073	-1.00000	-1.00000
198511	Gandy	Cluster	un	16301817	0.04000	-1.00000	-1.00000	0.00332	-1.00000	-1.00000	-0.00260	-1.00000	-1.00000	0.00023	-1.00000	-1.00000
198614	Gandy	Cluster	un	16304379	0.52811	-1.00000	-1.00000	0.40941	-1.00000	-1.00000	0.47241	-1.00000	-1.00000	0.00080	-1.00000	-1.00000
198615	Gandy	Cluster	un	16305203	0.02760	-1.00000	-1.00000	0.00210	-1.00000	-1.00000	0.00021	-1.00000	-1.00000	0.00016	-1.00000	-1.00000
198637	Gandy	Cluster	un	16306896	-0.00235	-1.00000	-1.00000	-0.00008	-1.00000	-1.00000	0.00008	-1.00000	-1.00000	0.00012	-1.00000	-1.00000
198698	Gandy	Cluster	un	16309273	1.00000	-1.00000	-1.00000	1.00000	-1.00000	-1.00000	1.00000	-1.00000	-1.00000	0.00119	-1.00000	-1.00000
198708	Gandy	Cluster	un	16310115	-0.00000	-1.00000	-1.00000	-0.00000	-1.00000	-1.00000	-0.00000	-1.00000	-1.00000	0.00005	-1.00000	-1.00000
198811	Gandy	Cluster	un	16312375	-0.03704	-1.00000	-1.00000	-0.00275	-1.00000	-1.00000	-0.00786	-1.00000	-1.00000	0.00024	-1.00000	-1.00000
199118	Gandy	Cluster	un	16317092	0.44123	-1.00000	-1.00000	0.33959	-1.00000	-1.00000	0.31676	-1.00000	-1.00000	0.00081	-1.00000	-1.00000
199331	Gandy	Cluster	un	16321066	0.03704	-1.00000	-1.00000	0.00284	-1.00000	-1.00000	0.00284	-1.00000	-1.00000	0.00009	-1.00000	-1.00000
199400	Gandy	Cluster	un	16323549	0.02382	-1.00000	-1.00000	0.00187	-1.00000	-1.00000	0.00029	-1.00000	-1.00000	0.00017	-1.00000	-1.00000
199637	Gandy	Cluster	un	16325922	-0.00000	-1.00000	-1.00000	-0.00000	-1.00000	-1.00000	-0.00000	-1.00000	-1.00000	0.00005	-1.00000	-1.00000
200471	Gandy	Cluster	un	16335292	0.10528	-1.00000	-1.00000	0.01778	-1.00000	-1.00000	0.01818	-1.00000	-1.00000	0.00018	-1.00000	-1.00000
200585	Gandy	Cluster	un	16338412	1.00000	-1.00000	-1.00000	1.00000	-1.00000	-1.00000	1.00000	-1.00000	-1.00000	0.00124	-1.00000	-1.00000
202372	Gandy	Cluster	un	16346413	0.03704	-1.00000	-1.00000	0.00284	-1.00000	-1.00000	0.01050	-1.00000	-1.00000	0.00017	-1.00000	-1.00000
202380	Gandy	Cluster	un	16347195	0.00290	-1.00000	-1.00000	0.00011	-1.00000	-1.00000	-0.00030	-1.00000	-1.00000	0.00011	-1.00000	-1.00000
202689	Gandy	Cluster	un	16352954	-0.03841	-1.00000	-1.00000	-0.00296	-1.00000	-1.00000	0.01378	-1.00000	-1.00000	0.00022	-1.00000	-1.00000
202840	Gandy	Cluster	un	16357063	0.00561	-1.00000	-1.00000	0.00021	-1.00000	-1.00000	0.02159	-1.00000	-1.00000	0.00022	-1.00000	-1.00000
202947	Gandy	Cluster	un	16359367	0.12000	-1.00000	-1.00000	0.02135	-1.00000	-1.00000	0.00690	-1.00000	-1.00000	0.00035	-1.00000	-1.00000
203023	Gandy	Cluster	un	16360254	0.00656	-1.00000	-1.00000	0.00026	-1.00000	-1.00000	0.01989	-1.00000	-1.00000	0.00033	-1.00000	-1.00000
203108	Gandy	Cluster	un	16361877	0.00561	-1.00000	-1.00000	0.00021	-1.00000	-1.00000	0.02159	-1.00000	-1.00000	0.00020	-1.00000	-1.00000
203148	Gandy	Cluster	un	16363469	-0.00235	-1.00000	-1.00000	-0.00008	-1.00000	-1.00000	0.00008	-1.00000	-1.00000	0.00014	-1.00000	-1.00000
203167	Gandy	Cluster	un	16364161	0.00251	-1.00000	-1.00000	0.00009	-1.00000	-1.00000	-0.00000	-1.00000	-1.00000	0.00004	-1.00000	-1.00000
203548	Gandy	Cluster	un	16373509	0.04000	-1.00000	-1.00000	0.00332	-1.00000	-1.00000	0.00027	-1.00000	-1.00000	0.00018	-1.00000	-1.00000
203579	Gandy	Cluster	un	16374306	0.05748	-1.00000	-1.00000	0.00467	-1.00000	-1.00000	0.00394	-1.00000	-1.00000	0.00010	-1.00000	-1.00000
204548	Gandy	Cluster	un	16376788	0.45784	-1.00000	-1.00000	0.43949	-1.00000	-1.00000	0.43595	-1.00000	-1.00000	0.00081	-1.00000	-1.00000
204795	Gandy	Cluster	un	16379954	0.55413	-1.00000	-1.00000	0.38325	-1.00000	-1.00000	0.42553	-1.00000	-1.00000	0.00077	-1.00000	-1.00000
204862	Gandy	Cluster	un	16380748	-0.00000	-1.00000	-1.00000	-0.00000	-1.00000	-1.00000	-0.01068	-1.00000	-1.00000	0.00030	-1.00000	-1.00000
205079	Gandy	Cluster	un	16381629	0.22563	-1.00000	-1.00000	0.07947	-1.00000	-1.00000	0.08069	-1.00000	-1.00000	0.00034	-1.00000	-1.00000
205675	Gandy	Cluster	un	16384702	0.11111	-1.00000	-1.00000	0.07965	-1.00000	-1.00000	0.16124	-1.00000	-1.00000	0.00074	-1.00000	-1.00000
206342	Gandy	Cluster	un	16388595	0.00251	-1.00000	-1.00000	0.00009	-1.00000	-1.00000	0.00508	-1.00000	-1.00000	0.00012	-1.00000	-1.00000
206380	Gandy	Cluster	un	16389407	0.04820	-1.00000	-1.00000	0.00374	-1.00000	-1.00000	0.03064	-1.00000	-1.00000	0.00024	-1.00000	-1.00000
207587	Gandy	Cluster	un	16395087	0.37931	-1.00000	-1.00000	0.20183	-1.00000	-1.00000	0.20183	-1.00000	-1.00000	0.00049	-1.00000	-1.00000
207710	Gandy	Cluster	un	16396510	0.10949	-1.00000	-1.00000	0.08253	-1.00000	-1.00000	0.07367	-1.00000	-1.00000	0.00066	-1.00000	-1.00000
208420	Gandy	Cluster	un	16399718	0.00656	-1.00000	-1.00000	0.00026	-1.00000	-1.00000	0.01989	-1.00000	-1.00000	0.00035	-1.00000	-1.00000
208438	Gandy	Cluster	un	16402946	0.05493	-1.00000	-1.00000	0.04764	-1.00000	-1.00000	0.04013	-1.00000	-1.00000	0.00073	-1.00000	-1.00000
208513	Gandy	Cluster	un	16405371	-0.00000	-1.00000	-1.00000	-0.00000	-1.00000	-1.00000	-0.00011	-1.00000	-1.00000	0.00013	-1.00000	-1.00000
208546	Gandy	Cluster	un	16406222	0.03320	-1.00000	-1.00000	0.00263	-1.00000	-1.00000	-0.00486	-1.00000	-1.00000	0.00028	-1.00000	-1.00000
208572	Gandy	Cluster	un	16407076	-0.00489	-1.00000	-1.00000	-0.00018	-1.00000	-1.00000	-0.00000	-1.00000	-1.00000	0.00004	-1.00000	-1.00000
208596	Gandy	Cluster	un	16407844	0.17448	-1.00000	-1.00000	0.03767	-1.00000	-1.00000	0.05342	-1.00000	-1.00000	0.00031	-1.00000	-1.00000
208839	Gandy	Cluster	un	16410233	0.36066	-1.00000	-1.00000	0.20046	-1.00000	-1.00000	0.18420	-1.00000	-1.00000	0.00062	-1.00000	-1.00000
208895	Gandy	Cluster	un	16410952	0.00000	-1.00000	-1.00000	0.00000	-1.00000	-1.00000	-0.00502	-1.00000	-1.00000	0.00020	-1.00000	-1.00000
209288	Gandy	Cluster	un	16419655	-0.00767	-1.00000	-1.00000	-0.00029	-1.00000	-1.00000	0.01323	-1.00000	-1.00000	0.00022	-1.00000	-1.00000
209521	Gandy	Cluster	un	16424468	-0.04171	-1.00000	-1.00000	-0.04295	-1.00000	-1.00000	-0.05829	-1.00000	-1.00000	0.00071	-1.00000	-1.00000
210272	Gandy	Cluster	un	16439988	0.03704	-1.00000	-1.00000	0.00284	-1.00000	-1.00000	0.00284	-1.00000	-1.00000	0.00010	-1.00000	-1.00000
210399	Gandy	Cluster	un	16442421	0.17241	-1.00000	-1.00000	0.04132	-1.00000	-1.00000	0.04132	-1.00000	-1.00000	0.00026	-1.00000	-1.00000
210597	Gandy	Cluster	un	16446406	0.03114	-1.00000	-1.00000	0.00229	-1.00000	-1.00000	0.00246	-1.00000	-1.00000	0.00009	-1.00000	-1.00000
210740	Gandy	Cluster	un	16448716	-0.00250	-1.00000	-1.00000	-0.00117	-1.00000	-1.00000	0.01049	-1.00000	-1.00000	0.00049	-1.00000	-1.00000
210985	Gandy	Cluster	un	16455193	0.09834	-1.00000	-1.00000	0.01534	-1.00000	-1.00000	0.01567	-1.00000	-1.00000	0.00016	-1.00000	-1.00000
211197	Gandy	Cluster	un	16457586	0.08231	-1.00000	-1.00000	0.07120	-1.00000	-1.00000	0.07120	-1.00000	-1.00000	0.00057	-1.00000	-1.00000
212201	Gandy	Cluster	un	16462418	0.02760	-1.00000	-1.00000	0.00210	-1.00000	-1.00000	0.00246	-1.00000	-1.00000	0.00008	-1.00000	-1.00000
212363	Gandy	Cluster	un	16464879	0.25744	-1.00000	-1.00000	0.08247	-1.00000	-1.00000	0.08124	-1.00000	-1.00000	0.00034	-1.00000	-1.00000
212369	Gandy	Cluster	un	16465682	-0.01813	-1.00000	-1.00000	-0.00706	-1.00000	-1.00000	0.00438	-1.00000	-1.00000	0.00042	-1.00000	-1.00000
212553	Gandy	Cluster	un	16467406	0.00656	-1.00000	-1.00000	0.00026	-1.00000	-1.00000	-0.00000	-1.00000	-1.00000	0.00005	-1.00000	-1.00000
212592	Gandy	Cluster	un	16468221	0.01709	-1.00000	-1.00000	0.00681	-1.00000	-1.00000	0.00078	-1.00000	-1.00000	0.00044	-1.00000	-1.00000
213228	Gandy	Cluster	un	16472365	0.72414	-1.00000	-1.00000	0.66571	-1.00000	-1.00000	0.66571	-1.00000	-1.00000	0.00089	-1.00000	-1.00000
213457	Gandy	Cluster	un	16474680	0.03367	-1.00000	-1.00000	0.00677	-1.00000	-1.00000	0.00677	-1.00000	-1.00000	0.00020	-1.00000	-1.00000
213633	Gandy	Cluster	un	16477100	-0.00767	-1.00000	-1.00000	-0.00029	-1.00000	-1.00000	0.03472	-1.00000	-1.00000	0.00025	-1.00000	-1.00000
213881	Gandy	Cluster	un	16481986	-0.03841	-1.00000	-1.00000	-0.00296	-1.00000	-1.00000	0.01378	-1.00000	-1.00000	0.00024	-1.00000	-1.00000
214255	Gandy	Cluster	un	16485298	0.06897	-1.00000	-1.00000	0.00760	-1.00000	-1.00000	0.00760	-1.00000	-1.00000	0.00013	-1.00000	-1.00000
214331	Gandy	Cluster	un	16487660	-0.00000	-1.00000	-1.00000	-0.00000	-1.00000	-1.00000	-0.00000	-1.00000	-1.00000	0.00004	-1.00000	-1.00000
215476	Gandy	Cluster	un	16499057	-0.00235	-1.00000	-1.00000	-0.00008	-1.00000	-1.00000	-0.00000	-1.00000	-1.00000	0.00004	-1.00000	-1.00000
215519	Gandy	Cluster	un	16499816	0.00656	-1.00000	-1.00000	0.00026	-1.00000	-1.00000	0.00261	-1.00000	-1.00000	0.00027	-1.00000	-1.00000
216021	Gandy	Cluster	un	16507094	0.05930	-1.00000	-1.00000	0.02596	-1.00000	-1.00000	0.03998	-1.00000	-1.00000	0.00048	-1.00000	-1.00000
216407	Gandy	Cluster	un	16509415	0.72094	-1.00000	-1.00000	0.68229	-1.00000	-1.00000	0.69606	-1.00000	-1.00000	0.00100	-1.00000	-1.00000
216617	Gandy	Cluster	un	16512539	0.44444	-1.00000	-1.00000	0.27807	-1.00000	-1.00000	0.27200	-1.00000	-1.00000	0.00068	-1.00000	-1.00000
216972	Gandy	Cluster	un	16515742	0.13793	-1.00000	-1.00000	0.02685	-1.00000	-1.00000	0.02685	-1.00000	-1.00000	0.00021	-1.00000	-1.00000
217463	Gandy	Cluster	un	16518633	0.16655	-1.00000	-1.00000	0.10599	-1.00000	-1.00000	0.09960	-1.00000	-1.00000	0.00059	-1.00000	-1.00000
217889	Gandy	Cluster	un	16520243	0.00561	-1.00000	-1.00000	0.00021	-1.00000	-1.00000	0.02159	-1.00000	-1.00000	0.00021	-1.00000	-1.00000
219621	Gandy	Cluster	un	16532881	0.68043	-1.00000	-1.00000	0.56715	-1.00000	-1.00000	0.56604	-1.00000	-1.00000	0.00081	-1.00000	-1.00000
219783	Gandy	Cluster	un	16535344	0.05474	-1.00000	-1.00000	0.02707	-1.00000	-1.00000	0.04311	-1.00000	-1.00000	0.00051	-1.00000	-1.00000
220508	Gandy	Cluster	un	16546681	-0.00489	-1.00000	-1.00000	-0.00018	-1.00000	-1.00000	-0.00000	-1.00000	-1.00000	0.00004	-1.00000	-1.00000
220592	Gandy	Cluster	un	16549869	0.06024	-1.00000	-1.00000	0.00707	-1.00000	-1.00000	0.00286	-1.00000	-1.00000	0.00022	-1.00000	-1.00000
220692	Gandy	Cluster	un	16551452	-0.01411	-1.00000	-1.00000	-0.00767	-1.00000	-1.00000	-0.00433	-1.00000	-1.00000	0.00051	-1.00000	-1.00000
220741	Gandy	Cluster	un	16553197	0.00000	-1.00000	-1.00000	0.00000	-1.00000	-1.00000	-0.00502	-1.00000	-1.00000	0.00020	-1.00000	-1.00000
220789	Gandy	Cluster	un	16554897	0.02382	-1.00000	-1.00000	0.00187	-1.00000	-1.00000	0.00246	-1.00000	-1.00000	0.00007	-1.00000	-1.00000
220927	Gandy	Cluster	un	16557622	0.02760	-1.00000	-1.00000	0.00210	-1.00000	-1.00000	0.00021	-1.00000	-1.00000	0.00018	-1.00000	-1.00000
221273	Gandy	Cluster	un	16568210	-0.00000	-1.00000	-1.00000	-0.00000	-1.00000	-1.00000	-0.00000	-1.00000	-1.00000	0.00004	-1.00000	-1.00000
221326	Gandy	Cluster	un	16569069	0.04067	-1.00000	-1.00000	0.00302	-1.00000	-1.00000	0.01050	-1.00000	-1.00000	0.00017	-1.00000	-1.00000
221720	Gandy	Cluster	un	16573842	0.03448	-1.00000	-1.00000	0.00246	-1.00000	-1.00000	0.00246	-1.00000	-1.00000	0.00008	-1.00000	-1.00000
221880	Gandy	Cluster	un	16577061	0.02382	-1.00000	-1.00000	0.00187	-1.00000	-1.00000	0.01069	-1.00000	-1.00000	0.00025	-1.00000	-1.00000
222079	Gandy	Cluster	un	16582748	0.00656	-1.00000	-1.00000	0.00026	-1.00000	-1.00000	0.00261	-1.00000	-1.00000	0.00029	-1.00000	-1.00000
222992	Gandy	Cluster	un	16592185	-0.00489	-1.00000	-1.00000	-0.00018	-1.00000	-1.00000	0.01104	-1.00000	-1.00000	0.00020	-1.00000	-1.00000
224675	Gandy	Cluster	un	16602006	0.03320	-1.00000	-1.00000	0.00263	-1.00000	-1.00000	0.01050	-1.00000	-1.00000	0.00016	-1.00000	-1.00000
224732	Gandy	Cluster	un	16602863	0.00656	-1.00000	-1.00000	0.00026	-1.00000	-1.00000	0.01989	-1.00000	-1.00000	0.00034	-1.00000	-1.00000
225295	Gandy	Cluster	un	16605228	0.00000	-1.00000	-1.00000	0.00000	-1.00000	-1.00000	-0.00000	-1.00000	-1.00000	0.00004	-1.00000	-1.00000
226030	Gandy	Cluster	un	16610843	0.08902	-1.00000	-1.00000	0.03349	-1.00000	-1.00000	0.03308	-1.00000	-1.00000	0.00032	-1.00000	-1.00000
226381	Gandy	Cluster	un	16612546	0.00251	-1.00000	-1.00000	0.00009	-1.00000	-1.00000	-0.00000	-1.00000	-1.00000	0.00005	-1.00000	-1.00000
226545	Gandy	Cluster	un	16614070	-0.03795	-1.00000	-1.00000	-0.00293	-1.00000	-1.00000	-0.00300	-1.00000	-1.00000	0.00008	-1.00000	-1.00000
226866	Gandy	Cluster	un	16615731	0.02912	-1.00000	-1.00000	0.00239	-1.00000	-1.00000	-0.00468	-1.00000	-1.00000	0.00031	-1.00000	-1.00000
227700	Gandy	Cluster	un	16619083	0.06470	-1.00000	-1.00000	0.00736	-1.00000	-1.00000	0.00760	-1.00000	-1.00000	0.00013	-1.00000	-1.00000
228066	Gandy	Cluster	un	16623934	0.00656	-1.00000	-1.00000	0.00026	-1.00000	-1.00000	0.00691	-1.00000	-1.00000	0.00015	-1.00000	-1.00000
228493	Gandy	Cluster	un	16630109	-0.03723	-1.00000	-1.00000	-0.03867	-1.00000	-1.00000	-0.01344	-1.00000	-1.00000	0.00074	-1.00000	-1.00000
228721	Gandy	Cluster	un	16632582	0.00000	-1.00000	-1.00000	0.00000	-1.00000	-1.00000	-0.00000	-1.00000	-1.00000	0.00004	-1.00000	-1.00000
230079	Gandy	Cluster	un	16638291	0.04387	-1.00000	-1.00000	0.03583	-1.00000	-1.00000	0.02251	-1.00000	-1.00000	0.00070	-1.00000	-1.00000
230318	Gandy	Cluster	un	16639911	0.03320	-1.00000	-1.00000	0.00263	-1.00000	-1.00000	-0.00486	-1.00000	-1.00000	0.00031	-1.00000	-1.00000
230668	Gandy	Cluster	un	16644607	-0.00000	-1.00000	-1.00000	-0.00000	-1.00000	-1.00000	-0.00000	-1.00000	-1.00000	0.00004	-1.00000	-1.00000
230848	Gandy	Cluster	un	16646267	-0.00344	-1.00000	-1.00000	-0.00232	-1.00000	-1.00000	0.02862	-1.00000	-1.00000	0.00065	-1.00000	-1.00000
231143	Gandy	Cluster	un	16647922	-0.00235	-1.00000	-1.00000	-0.00008	-1.00000	-1.00000	-0.00000	-1.00000	-1.00000	0.00005	-1.00000	-1.00000
231514	Gandy	Cluster	un	16653335	0.19226	-1.00000	-1.00000	0.05812	-1.00000	-1.00000	0.04452	-1.00000	-1.00000	0.00039	-1.00000	-1.00000
232654	Gandy	Cluster	un	16660742	-0.00235	-1.00000	-1.00000	-0.00008	-1.00000	-1.00000	0.00008	-1.00000	-1.00000	0.00013	-1.00000	-1.00000
233240	Gandy	Cluster	un	16663835	0.08538	-1.00000	-1.00000	0.01066	-1.00000	-1.00000	0.01674	-1.00000	-1.00000	0.00033	-1.00000	-1.00000
233834	Gandy	Cluster	un	16669523	0.00000	-1.00000	-1.00000	0.00000	-1.00000	-1.00000	-0.01682	-1.00000	-1.00000	0.00042	-1.00000	-1.00000
234575	Gandy	Cluster	un	16670913	0.63874	-1.00000	-1.00000	0.50496	-1.00000	-1.00000	0.51820	-1.00000	-1.00000	0.00077	-1.00000	-1.00000
234824	Gandy	Cluster	un	16672409	0.28000	-1.00000	-1.00000	0.11067	-1.00000	-1.00000	0.09678	-1.00000	-1.00000	0.00054	-1.00000	-1.00000
235587	Gandy	Cluster	un	16677186	0.38009	-1.00000	-1.00000	0.18506	-1.00000	-1.00000	0.20588	-1.00000	-1.00000	0.00054	-1.00000	-1.00000
236127	Gandy	Cluster	un	16683672	0.06897	-1.00000	-1.00000	0.00760	-1.00000	-1.00000	0.00760	-1.00000	-1.00000	0.00016	-1.00000	-1.00000
236980	Gandy	Cluster	un	16688255	0.19238	-1.00000	-1.00000	0.04856	-1.00000	-1.00000	0.06452	-1.00000	-1.00000	0.00034	-1.00000	-1.00000
237694	Gandy	Cluster	un	16693354	0.07875	-1.00000	-1.00000	0.00908	-1.00000	-1.00000	0.00881	-1.00000	-1.00000	0.00011	-1.00000	-1.00000
237918	Gandy	Cluster	un	16698503	-0.00000	-1.00000	-1.00000	-0.00000	-1.00000	-1.00000	-0.00000	-1.00000	-1.00000	0.00004	-1.00000	-1.00000
238041	Gandy	Cluster	un	16701765	-0.00489	-1.00000	-1.00000	-0.00018	-1.00000	-1.00000	0.01104	-1.00000	-1.00000	0.00020	-1.00000	-1.00000
238054	Gandy	Cluster	un	16702561	0.04812	-1.00000	-1.00000	0.02176	-1.00000	-1.00000	0.06032	-1.00000	-1.00000	0.00049	-1.00000	-1.00000
238067	Gandy	Cluster	un	16703390	-0.00270	-1.00000	-1.00000	-0.00010	-1.00000	-1.00000	-0.00488	-1.00000	-1.00000	0.00025	-1.00000	-1.00000
238115	Gandy	Cluster	un	16704228	0.68966	-1.00000	-1.00000	0.61674	-1.00000	-1.00000	0.61674	-1.00000	-1.00000	0.00088	-1.00000	-1.00000
238244	Gandy	Cluster	un	16707497	-0.00000	-1.00000	-1.00000	-0.00000	-1.00000	-1.00000	-0.00000	-1.00000	-1.00000	0.00004	-1.00000	-1.00000
238373	Gandy	Cluster	un	16709026	0.29724	-1.00000	-1.00000	0.14813	-1.00000	-1.00000	0.20048	-1.00000	-1.00000	0.00054	-1.00000	-1.00000
238426	Gandy	Cluster	un	16712310	-0.04171	-1.00000	-1.00000	-0.04295	-1.00000	-1.00000	-0.04545	-1.00000	-1.00000	0.00074	-1.00000	-1.00000
238686	Gandy	Cluster	un	16716253	0.03448	-1.00000	-1.00000	0.00246	-1.00000	-1.00000	0.00246	-1.00000	-1.00000	0.00008	-1.00000	-1.00000
239135	Gandy	Cluster	un	16718711	0.06897	-1.00000	-1.00000	0.00760	-1.00000	-1.00000	0.00760	-1.00000	-1.00000	0.00013	-1.00000	-1.00000
239721	Gandy	Cluster	un	16725796	-0.00489	-1.00000	-1.00000	-0.00018	-1.00000	-1.00000	0.00029	-1.00000	-1.00000	0.00014	-1.00000	-1.00000
239998	Gandy	Cluster	un	16728957	0.00251	-1.00000	-1.00000	0.00009	-1.00000	-1.00000	0.00508	-1.00000	-1.00000	0.00013	-1.00000	-1.00000
240112	Gandy	Cluster	un	16733932	-0.00270	-1.00000	-1.00000	-0.00010	-1.00000	-1.00000	-0.00000	-1.00000	-1.00000	0.00007	-1.00000	-1.00000
240304	Gandy	Cluster	un	16735246	0.62928	-1.00000	-1.00000	0.50457	-1.00000	-1.00000	0.55838	-1.00000	-1.00000	0.00090	-1.00000	-1.00000
241216	Gandy	Cluster	un	16740216	0.03448	-1.00000	-1.00000	0.00246	-1.00000	-1.00000	0.00246	-1.00000	-1.00000	0.00010	-1.00000	-1.00000
241951	Gandy	Cluster	un	16745287	0.18519	-1.00000	-1.00000	0.04808	-1.00000	-1.00000	0.06452	-1.00000	-1.00000	0.00032	-1.00000	-1.00000
242097	Gandy	Cluster	un	16746955	0.36091	-1.00000	-1.00000	0.34553	-1.00000	-1.00000	0.35429	-1.00000	-1.00000	0.00073	-1.00000	-1.00000
242910	Gandy	Cluster	un	16755387	-0.00000	-1.00000	-1.00000	-0.00000	-1.00000	-1.00000	-0.00000	-1.00000	-1.00000	0.00004	-1.00000	-1.00000
243116	Gandy	Cluster	un	16757874	0.57986	-1.00000	-1.00000	0.43400	-1.00000	-1.00000	0.44898	-1.00000	-1.00000	0.00072	-1.00000	-1.00000
243124	Gandy	Cluster	un	16758720	0.00000	-1.00000	-1.00000	0.00000	-1.00000	-1.00000	-0.01276	-1.00000	-1.00000	0.00041	-1.00000	-1.00000
243787	Gandy	Cluster	un	16762824	0.48000	-1.00000	-1.00000	0.32432	-1.00000	-1.00000	0.30588	-1.00000	-1.00000	0.00070	-1.00000	-1.00000
245014	Gandy	Cluster	un	16765392	0.06897	-1.00000	-1.00000	0.00760	-1.00000	-1.00000	0.00760	-1.00000	-1.00000	0.00012	-1.00000	-1.00000
246574	Gandy	Cluster	un	16771026	0.42492	-1.00000	-1.00000	0.35212	-1.00000	-1.00000	0.34553	-1.00000	-1.00000	0.00078	-1.00000	-1.00000
246628	Gandy	Cluster	un	16771813	0.06752	-1.00000	-1.00000	0.04364	-1.00000	-1.00000	0.04096	-1.00000	-1.00000	0.00060	-1.00000	-1.00000
246756	Gandy	Cluster	un	16773434	0.03704	-1.00000	-1.00000	0.00284	-1.00000	-1.00000	-0.00227	-1.00000	-1.00000	0.00025	-1.00000	-1.00000
246774	Gandy	Cluster	un	16774189	0.00000	-1.00000	-1.00000	0.00000	-1.00000	-1.00000	-0.00502	-1.00000	-1.00000	0.00019	-1.00000	-1.00000
247116	Gandy	Cluster	un	16774998	-0.00000	-1.00000	-1.00000	-0.00000	-1.00000	-1.00000	-0.00581	-1.00000	-1.00000	0.00021	-1.00000	-1.00000
247876	Gandy	Cluster	un	16779082	0.55556	-1.00000	-1.00000	0.42553	-1.00000	-1.00000	0.44051	-1.00000	-1.00000	0.00069	-1.00000	-1.00000
248204	Gandy	Cluster	un	16784766	0.04420	-1.00000	-1.00000	0.00354	-1.00000	-1.00000	0.00705	-1.00000	-1.00000	0.00031	-1.00000	-1.00000
248646	Gandy	Cluster	un	16787939	0.22563	-1.00000	-1.00000	0.07947	-1.00000	-1.00000	0.06282	-1.00000	-1.00000	0.00045	-1.00000	-1.00000
248665	Gandy	Cluster	un	16788751	0.04067	-1.00000	-1.00000	0.00302	-1.00000	-1.00000	0.00284	-1.00000	-1.00000	0.00009	-1.00000	-1.00000
248844	Gandy	Cluster	un	16791934	-0.03511	-1.00000	-1.00000	-0.01747	-1.00000	-1.00000	-0.01338	-1.00000	-1.00000	0.00045	-1.00000	-1.00000
249679	Gandy	Cluster	un	16798437	0.49055	-1.00000	-1.00000	0.32499	-1.00000	-1.00000	0.33530	-1.00000	-1.00000	0.00072	-1.00000	-1.00000
249783	Gandy	Cluster	un	16800068	-0.03841	-1.00000	-1.00000	-0.00296	-1.00000	-1.00000	-0.00486	-1.00000	-1.00000	0.00031	-1.00000	-1.00000
249836	Gandy	Cluster	un	16801622	0.04067	-1.00000	-1.00000	0.00302	-1.00000	-1.00000	0.01050	-1.00000	-1.00000	0.00017	-1.00000	-1.00000
250844	Gandy	Cluster	un	16806884	0.35880	-1.00000	-1.00000	0.33224	-1.00000	-1.00000	0.33826	-1.00000	-1.00000	0.00087	-1.00000	-1.00000
251456	Gandy	Cluster	un	16812350	0.09054	-1.00000	-1.00000	0.01094	-1.00000	-1.00000	0.01033	-1.00000	-1.00000	0.00015	-1.00000	-1.00000
251841	Gandy	Cluster	un	16816159	-0.02913	-1.00000	-1.00000	-0.00330	-1.00000	-1.00000	0.00934	-1.00000	-1.00000	0.00028	-1.00000	-1.00000
252182	Gandy	Cluster	un	16818569	0.00251	-1.00000	-1.00000	0.00009	-1.00000	-1.00000	-0.00000	-1.00000	-1.00000	0.00004	-1.00000	-1.00000
252716	Gandy	Cluster	un	16824810	0.15460	-1.00000	-1.00000	0.03162	-1.00000	-1.00000	0.04578	-1.00000	-1.00000	0.00030	-1.00000	-1.00000
252736	Gandy	Cluster	un	16825588	0.03448	-1.00000	-1.00000	0.00246	-1.00000	-1.00000	0.00246	-1.00000	-1.00000	0.00009	-1.00000	-1.00000
252770	Gandy	Cluster	un	16826361	1.00000	-1.00000	-1.00000	1.00000	-1.00000	-1.00000	1.00000	-1.00000	-1.00000	0.00119	-1.00000	-1.00000
252797	Gandy	Cluster	un	16827205	0.00656	-1.00000	-1.00000	0.00026	-1.00000	-1.00000	0.01989	-1.00000	-1.00000	0.00034	-1.00000	-1.00000
252978	Gandy	Cluster	un	16832853	0.20191	-1.00000	-1.00000	0.20024	-1.00000	-1.00000	0.19766	-1.00000	-1.00000	0.00071	-1.00000	-1.00000
252995	Gandy	Cluster	un	16833677	0.10790	-1.00000	-1.00000	0.05788	-1.00000	-1.00000	0.09750	-1.00000	-1.00000	0.00064	-1.00000	-1.00000
253042	Gandy	Cluster	un	16836189	0.27098	-1.00000	-1.00000	0.09781	-1.00000	-1.00000	0.14063	-1.00000	-1.00000	0.00061	-1.00000	-1.00000
253238	Gandy	Cluster	un	16838653	0.00290	-1.00000	-1.00000	0.00011	-1.00000	-1.00000	0.00589	-1.00000	-1.00000	0.00014	-1.00000	-1.00000
253567	Gandy	Cluster	un	16843430	-0.00565	-1.00000	-1.00000	-0.00022	-1.00000	-1.00000	-0.00429	-1.00000	-1.00000	0.00026	-1.00000	-1.00000
253676	Gandy	Cluster	un	16845077	0.22546	-1.00000	-1.00000	0.13457	-1.00000	-1.00000	0.15267	-1.00000	-1.00000	0.00052	-1.00000	-1.00000
253734	Gandy	Cluster	un	16848309	0.20818	-1.00000	-1.00000	0.05720	-1.00000	-1.00000	0.06938	-1.00000	-1.00000	0.00042	-1.00000	-1.00000
253887	Gandy	Cluster	un	16849184	0.00340	-1.00000	-1.00000	0.00014	-1.00000	-1.00000	0.00110	-1.00000	-1.00000	0.00028	-1.00000	-1.00000
254567	Gandy	Cluster	un	16852603	0.40615	-1.00000	-1.00000	0.39244	-1.00000	-1.00000	0.40259	-1.00000	-1.00000	0.00097	-1.00000	-1.00000
254677	Gandy	Cluster	un	16853327	0.11672	-1.00000	-1.00000	0.01853	-1.00000	-1.00000	0.03064	-1.00000	-1.00000	0.00024	-1.00000	-1.00000
255442	Gandy	Cluster	un	16856510	0.05304	-1.00000	-1.00000	0.00446	-1.00000	-1.00000	0.03024	-1.00000	-1.00000	0.00039	-1.00000	-1.00000
255601	Gandy	Cluster	un	16858008	-0.00000	-1.00000	-1.00000	-0.00000	-1.00000	-1.00000	-0.00581	-1.00000	-1.00000	0.00021	-1.00000	-1.00000
255649	Gandy	Cluster	un	16859593	-0.02584	-1.00000	-1.00000	-0.02553	-1.00000	-1.00000	-0.03636	-1.00000	-1.00000	0.00074	-1.00000	-1.00000
256590	Gandy	Cluster	un	16865809	-0.00489	-1.00000	-1.00000	-0.00018	-1.00000	-1.00000	0.01104	-1.00000	-1.00000	0.00020	-1.00000	-1.00000
256626	Gandy	Cluster	un	16868295	-0.03641	-1.00000	-1.00000	-0.00561	-1.00000	-1.00000	-0.00566	-1.00000	-1.00000	0.00017	-1.00000	-1.00000
256723	Gandy	Cluster	un	16869890	0.06897	-1.00000	-1.00000	0.00760	-1.00000	-1.00000	0.00760	-1.00000	-1.00000	0.00012	-1.00000	-1.00000
257121	Gandy	Cluster	un	16874005	0.20000	-1.00000	-1.00000	0.05660	-1.00000	-1.00000	0.05021	-1.00000	-1.00000	0.00042	-1.00000	-1.00000
257883	Gandy	Cluster	un	16879547	0.60982	-1.00000	-1.00000	0.49026	-1.00000	-1.00000	0.48980	-1.00000	-1.00000	0.00076	-1.00000	-1.00000
257884	Gandy	Cluster	un	16880360	0.03320	-1.00000	-1.00000	0.00263	-1.00000	-1.00000	0.00284	-1.00000	-1.00000	0.00009	-1.00000	-1.00000
258148	Gandy	Cluster	un	16884415	0.03834	-1.00000	-1.00000	0.01941	-1.00000	-1.00000	0.09675	-1.00000	-1.00000	0.00057	-1.00000	-1.00000
258363	Gandy	Cluster	un	16885260	0.11111	-1.00000	-1.00000	0.01818	-1.00000	-1.00000	0.03064	-1.00000	-1.00000	0.00024	-1.00000	-1.00000
258852	Gandy	Cluster	un	16893677	-0.00489	-1.00000	-1.00000	-0.00018	-1.00000	-1.00000	0.00029	-1.00000	-1.00000	0.00013	-1.00000	-1.00000
259088	Gandy	Cluster	un	16897529	0.00251	-1.00000	-1.00000	0.00009	-1.00000	-1.00000	0.00508	-1.00000	-1.00000	0.00011	-1.00000	-1.00000
259757	Gandy	Cluster	un	16900859	-0.02569	-1.00000	-1.00000	-0.00281	-1.00000	-1.00000	-0.00237	-1.00000	-1.00000	0.00019	-1.00000	-1.00000
260151	Gandy	Cluster	un	16903337	0.00290	-1.00000	-1.00000	0.00011	-1.00000	-1.00000	0.00088	-1.00000	-1.00000	0.00022	-1.00000	-1.00000
260287	Gandy	Cluster	un	16904299	0.53073	-1.00000	-1.00000	0.44996	-1.00000	-1.00000	0.45150	-1.00000	-1.00000	0.00087	-1.00000	-1.00000
260583	Gandy	Cluster	un	16906732	-0.00315	-1.00000	-1.00000	-0.00013	-1.00000	-1.00000	-0.01039	-1.00000	-1.00000	0.00036	-1.00000	-1.00000
260956	Gandy	Cluster	un	16907579	0.17241	-1.00000	-1.00000	0.04132	-1.00000	-1.00000	0.04132	-1.00000	-1.00000	0.00029	-1.00000	-1.00000
261556	Gandy	Cluster	un	16910783	0.00251	-1.00000	-1.00000	0.00009	-1.00000	-1.00000	0.00508	-1.00000	-1.00000	0.00012	-1.00000	-1.00000
262849	Gandy	Cluster	un	16916382	0.12000	-1.00000	-1.00000	0.02135	-1.00000	-1.00000	0.03571	-1.00000	-1.00000	0.00028	-1.00000	-1.00000
263184	Gandy	Cluster	un	16917156	0.00290	-1.00000	-1.00000	0.00011	-1.00000	-1.00000	0.00088	-1.00000	-1.00000	0.00027	-1.00000	-1.00000
263760	Gandy	Cluster	un	16921974	-0.03495	-1.00000	-1.00000	-0.03541	-1.00000	-1.00000	-0.01208	-1.00000	-1.00000	0.00067	-1.00000	-1.00000
263888	Gandy	Cluster	un	16923558	-0.00315	-1.00000	-1.00000	-0.00013	-1.00000	-1.00000	-0.00651	-1.00000	-1.00000	0.00021	-1.00000	-1.00000
264021	Gandy	Cluster	un	16924357	0.70370	-1.00000	-1.00000	0.63758	-1.00000	-1.00000	0.64526	-1.00000	-1.00000	0.00088	-1.00000	-1.00000
264575	Gandy	Cluster	un	16931785	0.15234	-1.00000	-1.00000	0.03609	-1.00000	-1.00000	0.02878	-1.00000	-1.00000	0.00040	-1.00000	-1.00000
264844	Gandy	Cluster	un	16935676	0.07875	-1.00000	-1.00000	0.00908	-1.00000	-1.00000	0.00881	-1.00000	-1.00000	0.00013	-1.00000	-1.00000
264886	Gandy	Cluster	un	16937298	-0.00000	-1.00000	-1.00000	-0.00000	-1.00000	-1.00000	-0.00000	-1.00000	-1.00000	0.00004	-1.00000	-1.00000
265331	Gandy	Cluster	un	16946343	-0.00000	-1.00000	-1.00000	-0.00000	-1.00000	-1.00000	-0.00000	-1.00000	-1.00000	0.00004	-1.00000	-1.00000
265361	Gandy	Cluster	un	16948076	0.14147	-1.00000	-1.00000	0.03071	-1.00000	-1.00000	0.02257	-1.00000	-1.00000	0.00033	-1.00000	-1.00000
265395	Gandy	Cluster	un	16949759	0.40741	-1.00000	-1.00000	0.23404	-1.00000	-1.00000	0.25402	-1.00000	-1.00000	0.00062	-1.00000	-1.00000
265503	Gandy	Cluster	un	16951324	0.29630	-1.00000	-1.00000	0.12308	-1.00000	-1.00000	0.12308	-1.00000	-1.00000	0.00038	-1.00000	-1.00000
265702	Gandy	Cluster	un	16957025	0.04000	-1.00000	-1.00000	0.00332	-1.00000	-1.00000	0.03064	-1.00000	-1.00000	0.00021	-1.00000	-1.00000
265816	Gandy	Cluster	un	16960563	0.04000	-1.00000	-1.00000	0.00332	-1.00000	-1.00000	0.00332	-1.00000	-1.00000	0.00009	-1.00000	-1.00000
265976	Gandy	Cluster	un	16965345	-0.00270	-1.00000	-1.00000	-0.00010	-1.00000	-1.00000	0.00011	-1.00000	-1.00000	0.00011	-1.00000	-1.00000
266030	Gandy	Cluster	un	16967107	0.00251	-1.00000	-1.00000	0.00009	-1.00000	-1.00000	-0.00000	-1.00000	-1.00000	0.00004	-1.00000	-1.00000
266095	Gandy	Cluster	un	16969275	0.03320	-1.00000	-1.00000	0.00263	-1.00000	-1.00000	-0.00303	-1.00000	-1.00000	0.00023	-1.00000	-1.00000
266254	Gandy	Cluster	un	16974951	-0.00270	-1.00000	-1.00000	-0.00010	-1.00000	-1.00000	-0.00558	-1.00000	-1.00000	0.00018	-1.00000	-1.00000
266418	Gandy	Cluster	un	16978308	0.35895	-1.00000	-1.00000	0.17354	-1.00000	-1.00000	0.15928	-1.00000	-1.00000	0.00066	-1.00000	-1.00000
266559	Gandy	Cluster	un	16983012	0.74782	-1.00000	-1.00000	0.68984	-1.00000	-1.00000	0.69565	-1.00000	-1.00000	0.00097	-1.00000	-1.00000
266571	Gandy	Cluster	un	16983800	0.09834	-1.00000	-1.00000	0.01534	-1.00000	-1.00000	0.01567	-1.00000	-1.00000	0.00015	-1.00000	-1.00000
267349	Gandy	Cluster	un	16990564	0.28480	-1.00000	-1.00000	0.29227	-1.00000	-1.00000	0.28493	-1.00000	-1.00000	0.00078	-1.00000	-1.00000
267968	Gandy	Cluster	un	16999393	-0.00315	-1.00000	-1.00000	-0.00013	-1.00000	-1.00000	-0.01039	-1.00000	-1.00000	0.00038	-1.00000	-1.00000
268028	Gandy	Cluster	un	17003521	0.06470	-1.00000	-1.00000	0.00736	-1.00000	-1.00000	0.00760	-1.00000	-1.00000	0.00011	-1.00000	-1.00000
268265	Gandy	Cluster	un	17006866	0.03704	-1.00000	-1.00000	0.00284	-1.00000	-1.00000	0.01050	-1.00000	-1.00000	0.00018	-1.00000	-1.00000
268673	Gandy	Cluster	un	17013488	0.00251	-1.00000	-1.00000	0.00009	-1.00000	-1.00000	-0.00000	-1.00000	-1.00000	0.00005	-1.00000	-1.00000
269066	Gandy	Cluster	un	17016664	-0.02245	-1.00000	-1.00000	-0.00238	-1.00000	-1.00000	-0.00238	-1.00000	-1.00000	0.00011	-1.00000	-1.00000
269119	Gandy	Cluster	un	17018450	0.03320	-1.00000	-1.00000	0.00263	-1.00000	-1.00000	-0.00303	-1.00000	-1.00000	0.00023	-1.00000	-1.00000
270172	Gandy	Cluster	un	17023163	-0.03850	-1.00000	-1.00000	-0.03959	-1.00000	-1.00000	-0.04753	-1.00000	-1.00000	0.00075	-1.00000	-1.00000
270567	Gandy	Cluster	un	17025516	0.02760	-1.00000	-1.00000	0.00210	-1.00000	-1.00000	0.00246	-1.00000	-1.00000	0.00009	-1.00000	-1.00000
270649	Gandy	Cluster	un	17026260	0.03114	-1.00000	-1.00000	0.00229	-1.00000	-1.00000	0.00246	-1.00000	-1.00000	0.00007	-1.00000	-1.00000
270707	Gandy	Cluster	un	17031151	0.00290	-1.00000	-1.00000	0.00011	-1.00000	-1.00000	0.00088	-1.00000	-1.00000	0.00026	-1.00000	-1.00000
270793	Gandy	Cluster	un	17032779	0.03114	-1.00000	-1.00000	0.00229	-1.00000	-1.00000	0.00246	-1.00000	-1.00000	0.00008	-1.00000	-1.00000
271056	Gandy	Cluster	un	17033594	-0.00270	-1.00000	-1.00000	-0.00010	-1.00000	-1.00000	-0.00488	-1.00000	-1.00000	0.00026	-1.00000	-1.00000
271271	Gandy	Cluster	un	17037625	0.04838	-1.00000	-1.00000	0.00422	-1.00000	-1.00000	0.00323	-1.00000	-1.00000	0.00045	-1.00000	-1.00000
271287	Gandy	Cluster	un	17038370	0.00290	-1.00000	-1.00000	0.00011	-1.00000	-1.00000	0.02159	-1.00000	-1.00000	0.00021	-1.00000	-1.00000
271294	Gandy	Cluster	un	17039178	1.00000	-1.00000	-1.00000	1.00000	-1.00000	-1.00000	1.00000	-1.00000	-1.00000	0.00125	-1.00000	-1.00000
271357	Gandy	Cluster	un	17041597	0.08538	-1.00000	-1.00000	0.01066	-1.00000	-1.00000	0.01033	-1.00000	-1.00000	0.00013	-1.00000	-1.00000
271375	Gandy	Cluster	un	17042499	0.00000	-1.00000	-1.00000	0.00000	-1.00000	-1.00000	-0.00000	-1.00000	-1.00000	0.00004	-1.00000	-1.00000
271538	Gandy	Cluster	un	17046422	0.00251	-1.00000	-1.00000	0.00009	-1.00000	-1.00000	0.00508	-1.00000	-1.00000	0.00011	-1.00000	-1.00000
271767	Gandy	Cluster	un	17049726	0.00340	-1.00000	-1.00000	0.00014	-1.00000	-1.00000	-0.01093	-1.00000	-1.00000	0.00034	-1.00000	-1.00000
272448	Gandy	Cluster	un	17058055	0.33193	-1.00000	-1.00000	0.20829	-1.00000	-1.00000	0.19388	-1.00000	-1.00000	0.00061	-1.00000	-1.00000
273017	Gandy	Cluster	un	17064015	0.08538	-1.00000	-1.00000	0.01066	-1.00000	-1.00000	0.00535	-1.00000	-1.00000	0.00027	-1.00000	-1.00000
273094	Gandy	Cluster	un	17068949	0.00561	-1.00000	-1.00000	0.00021	-1.00000	-1.00000	0.00589	-1.00000	-1.00000	0.00014	-1.00000	-1.00000
273339	Gandy	Cluster	un	17070553	0.16737	-1.00000	-1.00000	0.03722	-1.00000	-1.00000	0.05342	-1.00000	-1.00000	0.00028	-1.00000	-1.00000
274134	Gandy	Cluster	un	17080637	0.07407	-1.00000	-1.00000	0.00881	-1.00000	-1.00000	0.01894	-1.00000	-1.00000	0.00023	-1.00000	-1.00000
274344	Gandy	Cluster	un	17082918	0.02912	-1.00000	-1.00000	0.00239	-1.00000	-1.00000	0.00518	-1.00000	-1.00000	0.00035	-1.00000	-1.00000
274675	Gandy	Cluster	un	17087680	-0.00000	-1.00000	-1.00000	-0.00000	-1.00000	-1.00000	-0.00607	-1.00000	-1.00000	0.00026	-1.00000	-1.00000
274736	Gandy	Cluster	un	17089267	-0.02433	-1.00000	-1.00000	-0.01504	-1.00000	-1.00000	-0.03041	-1.00000	-1.00000	0.00075	-1.00000	-1.00000
275690	Gandy	Cluster	un	17100491	0.09920	-1.00000	-1.00000	0.01731	-1.00000	-1.00000	0.03064	-1.00000	-1.00000	0.00025	-1.00000	-1.00000
275765	Gandy	Cluster	un	17103554	-0.00901	-1.00000	-1.00000	-0.00733	-1.00000	-1.00000	-0.00646	-1.00000	-1.00000	0.00061	-1.00000	-1.00000
276391	Gandy	Cluster	un	17110107	0.09054	-1.00000	-1.00000	0.01094	-1.00000	-1.00000	0.02205	-1.00000	-1.00000	0.00021	-1.00000	-1.00000
276422	Gandy	Cluster	un	17110956	0.00561	-1.00000	-1.00000	0.00021	-1.00000	-1.00000	0.00589	-1.00000	-1.00000	0.00013	-1.00000	-1.00000
277405	Gandy	Cluster	un	17121448	0.04820	-1.00000	-1.00000	0.00374	-1.00000	-1.00000	0.03064	-1.00000	-1.00000	0.00024	-1.00000	-1.00000
277575	Gandy	Cluster	un	17122298	-0.00000	-1.00000	-1.00000	-0.00000	-1.00000	-1.00000	-0.00607	-1.00000	-1.00000	0.00028	-1.00000	-1.00000
278656	Gandy	Cluster	un	17127084	0.10495	-1.00000	-1.00000	0.01335	-1.00000	-1.00000	0.05025	-1.00000	-1.00000	0.00032	-1.00000	-1.00000
279076	Gandy	Cluster	un	17129619	0.04067	-1.00000	-1.00000	0.00302	-1.00000	-1.00000	0.01050	-1.00000	-1.00000	0.00017	-1.00000	-1.00000
279080	Gandy	Cluster	un	17130426	0.25033	-1.00000	-1.00000	0.10361	-1.00000	-1.00000	0.09274	-1.00000	-1.00000	0.00054	-1.00000	-1.00000
281155	Gandy	Cluster	un	17145562	0.00290	-1.00000	-1.00000	0.00011	-1.00000	-1.00000	0.00589	-1.00000	-1.00000	0.00013	-1.00000	-1.00000
281914	Gandy	Cluster	un	17147968	0.03114	-1.00000	-1.00000	0.00229	-1.00000	-1.00000	0.00246	-1.00000	-1.00000	0.00008	-1.00000	-1.00000
282124	Gandy	Cluster	un	17148857	0.38009	-1.00000	-1.00000	0.18506	-1.00000	-1.00000	0.23432	-1.00000	-1.00000	0.00060	-1.00000	-1.00000
283743	Gandy	Cluster	un	17159153	0.13793	-1.00000	-1.00000	0.02685	-1.00000	-1.00000	0.02685	-1.00000	-1.00000	0.00022	-1.00000	-1.00000
285131	Gandy	Cluster	un	17161598	0.05304	-1.00000	-1.00000	0.00446	-1.00000	-1.00000	0.03571	-1.00000	-1.00000	0.00027	-1.00000	-1.00000
285970	Gandy	Cluster	un	17164655	0.64934	-1.00000	-1.00000	0.54767	-1.00000	-1.00000	0.54877	-1.00000	-1.00000	0.00094	-1.00000	-1.00000
286557	Gandy	Cluster	un	17167865	0.19845	-1.00000	-1.00000	0.04545	-1.00000	-1.00000	0.06312	-1.00000	-1.00000	0.00030	-1.00000	-1.00000
286698	Gandy	Cluster	un	17169618	0.00000	-1.00000	-1.00000	0.00000	-1.00000	-1.00000	-0.00000	-1.00000	-1.00000	0.00005	-1.00000	-1.00000
287690	Gandy	Cluster	un	17175023	0.00251	-1.00000	-1.00000	0.00009	-1.00000	-1.00000	0.00508	-1.00000	-1.00000	0.00011	-1.00000	-1.00000
287907	Gandy	Cluster	un	17177603	0.04000	-1.00000	-1.00000	0.00332	-1.00000	-1.00000	-0.00760	-1.00000	-1.00000	0.00036	-1.00000	-1.00000
287935	Gandy	Cluster	un	17178404	0.00340	-1.00000	-1.00000	0.00014	-1.00000	-1.00000	0.00691	-1.00000	-1.00000	0.00015	-1.00000	-1.00000
288114	Gandy	Cluster	un	17183244	0.00561	-1.00000	-1.00000	0.00021	-1.00000	-1.00000	0.00589	-1.00000	-1.00000	0.00012	-1.00000	-1.00000
288131	Gandy	Cluster	un	17184116	0.26087	-1.00000	-1.00000	0.09700	-1.00000	-1.00000	0.09888	-1.00000	-1.00000	0.00063	-1.00000	-1.00000
288217	Gandy	Cluster	un	17185553	0.17391	-1.00000	-1.00000	0.04376	-1.00000	-1.00000	0.09204	-1.00000	-1.00000	0.00046	-1.00000	-1.00000
288315	Gandy	Cluster	un	17186252	0.04838	-1.00000	-1.00000	0.00422	-1.00000	-1.00000	0.00323	-1.00000	-1.00000	0.00045	-1.00000	-1.00000
288511	Gandy	Cluster	un	17190096	-0.03119	-1.00000	-1.00000	-0.00664	-1.00000	-1.00000	0.00521	-1.00000	-1.00000	0.00035	-1.00000	-1.00000
288759	Gandy	Cluster	un	17194936	0.00000	-1.00000	-1.00000	0.00000	-1.00000	-1.00000	-0.00063	-1.00000	-1.00000	0.00028	-1.00000	-1.00000
289349	Gandy	Cluster	un	17198091	0.12643	-1.00000	-1.00000	0.02178	-1.00000	-1.00000	0.05900	-1.00000	-1.00000	0.00034	-1.00000	-1.00000
289754	Gandy	Cluster	un	17201404	0.12643	-1.00000	-1.00000	0.02178	-1.00000	-1.00000	0.01646	-1.00000	-1.00000	0.00032	-1.00000	-1.00000
290299	Gandy	Cluster	un	17205485	-0.00489	-1.00000	-1.00000	-0.00018	-1.00000	-1.00000	0.01104	-1.00000	-1.00000	0.00022	-1.00000	-1.00000
290443	Gandy	Cluster	un	17211204	0.25916	-1.00000	-1.00000	0.10443	-1.00000	-1.00000	0.08527	-1.00000	-1.00000	0.00049	-1.00000	-1.00000
291481	Gandy	Cluster	un	17220929	0.08538	-1.00000	-1.00000	0.01066	-1.00000	-1.00000	0.00535	-1.00000	-1.00000	0.00027	-1.00000	-1.00000
291651	Gandy	Cluster	un	17223459	0.10495	-1.00000	-1.00000	0.01335	-1.00000	-1.00000	0.05025	-1.00000	-1.00000	0.00029	-1.00000	-1.00000
291892	Gandy	Cluster	un	17231498	0.00951	-1.00000	-1.00000	0.00037	-1.00000	-1.00000	0.02512	-1.00000	-1.00000	0.00022	-1.00000	-1.00000
292509	Gandy	Cluster	un	17236182	-0.03704	-1.00000	-1.00000	-0.00570	-1.00000	-1.00000	-0.01101	-1.00000	-1.00000	0.00030	-1.00000	-1.00000
292575	Gandy	Cluster	un	17238697	0.04067	-1.00000	-1.00000	0.00302	-1.00000	-1.00000	0.01050	-1.00000	-1.00000	0.00016	-1.00000	-1.00000
292576	Gandy	Cluster	un	17239515	0.00561	-1.00000	-1.00000	0.00021	-1.00000	-1.00000	-0.00000	-1.00000	-1.00000	0.00005	-1.00000	-1.00000
293009	Gandy	Cluster	un	17241959	0.13788	-1.00000	-1.00000	0.02596	-1.00000	-1.00000	0.01476	-1.00000	-1.00000	0.00042	-1.00000	-1.00000
293099	Gandy	Cluster	un	17242817	-0.00489	-1.00000	-1.00000	-0.00018	-1.00000	-1.00000	-0.00000	-1.00000	-1.00000	0.00004	-1.00000	-1.00000
293150	Gandy	Cluster	un	17244424	0.20818	-1.00000	-1.00000	0.05720	-1.00000	-1.00000	0.10217	-1.00000	-1.00000	0.00043	-1.00000	-1.00000
293203	Gandy	Cluster	un	17245203	0.59156	-1.00000	-1.00000	0.59809	-1.00000	-1.00000	0.59712	-1.00000	-1.00000	0.00089	-1.00000	-1.00000
293288	Gandy	Cluster	un	17246824	0.06897	-1.00000	-1.00000	0.00760	-1.00000	-1.00000	0.00760	-1.00000	-1.00000	0.00012	-1.00000	-1.00000
293336	Gandy	Cluster	un	17247637	0.06470	-1.00000	-1.00000	0.00736	-1.00000	-1.00000	0.00760	-1.00000	-1.00000	0.00013	-1.00000	-1.00000
293349	Gandy	Cluster	un	17248395	0.18136	-1.00000	-1.00000	0.11244	-1.00000	-1.00000	0.12894	-1.00000	-1.00000	0.00053	-1.00000	-1.00000
293444	Gandy	Cluster	un	17250871	0.07875	-1.00000	-1.00000	0.00908	-1.00000	-1.00000	0.01894	-1.00000	-1.00000	0.00022	-1.00000	-1.00000
294176	Gandy	Cluster	un	17261128	-0.00000	-1.00000	-1.00000	-0.00000	-1.00000	-1.00000	-0.00000	-1.00000	-1.00000	0.00004	-1.00000	-1.00000
294278	Gandy	Cluster	un	17262770	0.00290	-1.00000	-1.00000	0.00011	-1.00000	-1.00000	-0.00030	-1.00000	-1.00000	0.00013	-1.00000	-1.00000
294422	Gandy	Cluster	un	17265241	0.00340	-1.00000	-1.00000	0.00014	-1.00000	-1.00000	-0.01093	-1.00000	-1.00000	0.00031	-1.00000	-1.00000
294539	Gandy	Cluster	un	17267710	0.15460	-1.00000	-1.00000	0.03162	-1.00000	-1.00000	0.04578	-1.00000	-1.00000	0.00027	-1.00000	-1.00000
294813	Gandy	Cluster	un	17272701	-0.00767	-1.00000	-1.00000	-0.00029	-1.00000	-1.00000	0.03472	-1.00000	-1.00000	0.00027	-1.00000	-1.00000
294917	Gandy	Cluster	un	17274370	0.36961	-1.00000	-1.00000	0.17428	-1.00000	-1.00000	0.21944	-1.00000	-1.00000	0.00063	-1.00000	-1.00000
295070	Gandy	Cluster	un	17275858	0.11672	-1.00000	-1.00000	0.01853	-1.00000	-1.00000	0.01818	-1.00000	-1.00000	0.00019	-1.00000	-1.00000
295251	Gandy	Cluster	un	17280728	0.36961	-1.00000	-1.00000	0.17428	-1.00000	-1.00000	0.16894	-1.00000	-1.00000	0.00053	-1.00000	-1.00000
295877	Gandy	Cluster	un	17286638	0.00000	-1.00000	-1.00000	0.00000	-1.00000	-1.00000	0.00508	-1.00000	-1.00000	0.00012	-1.00000	-1.00000
296142	Gandy	Cluster	un	17292199	0.00251	-1.00000	-1.00000	0.00009	-1.00000	-1.00000	0.00508	-1.00000	-1.00000	0.00012	-1.00000	-1.00000
296155	Gandy	Cluster	un	17293041	0.00000	-1.00000	-1.00000	0.00000	-1.00000	-1.00000	-0.00063	-1.00000	-1.00000	0.00027	-1.00000	-1.00000
296183	Gandy	Cluster	un	17293911	0.07087	-1.00000	-1.00000	0.02436	-1.00000	-1.00000	0.03836	-1.00000	-1.00000	0.00040	-1.00000	-1.00000
296228	Gandy	Cluster	un	17297106	0.19238	-1.00000	-1.00000	0.04856	-1.00000	-1.00000	0.06452	-1.00000	-1.00000	0.00033	-1.00000	-1.00000
296320	Gandy	Cluster	un	17298623	-0.00489	-1.00000	-1.00000	-0.00018	-1.00000	-1.00000	-0.00000	-1.00000	-1.00000	0.00005	-1.00000	-1.00000
296472	Gandy	Cluster	un	17300958	-0.00270	-1.00000	-1.00000	-0.00010	-1.00000	-1.00000	-0.00488	-1.00000	-1.00000	0.00029	-1.00000	-1.00000
296827	Gandy	Cluster	un	17307164	0.26765	-1.00000	-1.00000	0.09455	-1.00000	-1.00000	0.11315	-1.00000	-1.00000	0.00044	-1.00000	-1.00000
296897	Gandy	Cluster	un	17307924	0.01235	-1.00000	-1.00000	0.00316	-1.00000	-1.00000	0.06938	-1.00000	-1.00000	0.00047	-1.00000	-1.00000
297189	Gandy	Cluster	un	17311895	0.11672	-1.00000	-1.00000	0.01853	-1.00000	-1.00000	0.01818	-1.00000	-1.00000	0.00016	-1.00000	-1.00000
297223	Gandy	Cluster	un	17314397	-0.00000	-1.00000	-1.00000	-0.00000	-1.00000	-1.00000	0.02159	-1.00000	-1.00000	0.00022	-1.00000	-1.00000
297348	Gandy	Cluster	un	17316758	-0.00000	-1.00000	-1.00000	-0.00000	-1.00000	-1.00000	-0.00000	-1.00000	-1.00000	0.00004	-1.00000	-1.00000
297502	Gandy	Cluster	un	17319936	0.10345	-1.00000	-1.00000	0.01567	-1.00000	-1.00000	0.01567	-1.00000	-1.00000	0.00016	-1.00000	-1.00000
297582	Gandy	Cluster	un	17327116	0.29101	-1.00000	-1.00000	0.24237	-1.00000	-1.00000	0.27989	-1.00000	-1.00000	0.00073	-1.00000	-1.00000
297589	Gandy	Cluster	un	17328762	0.00656	-1.00000	-1.00000	0.00026	-1.00000	-1.00000	0.01989	-1.00000	-1.00000	0.00036	-1.00000	-1.00000
297605	Gandy	Cluster	un	17330355	0.11672	-1.00000	-1.00000	0.01853	-1.00000	-1.00000	0.03064	-1.00000	-1.00000	0.00025	-1.00000	-1.00000
297691	Gandy	Cluster	un	17335149	0.22677	-1.00000	-1.00000	0.06831	-1.00000	-1.00000	0.10932	-1.00000	-1.00000	0.00061	-1.00000	-1.00000
297805	Gandy	Cluster	un	17340712	0.00290	-1.00000	-1.00000	0.00011	-1.00000	-1.00000	0.00088	-1.00000	-1.00000	0.00025	-1.00000	-1.00000
297973	Gandy	Cluster	un	17351684	-0.00000	-1.00000	-1.00000	-0.00000	-1.00000	-1.00000	-0.00000	-1.00000	-1.00000	0.00004	-1.00000	-1.00000
297997	Gandy	Cluster	un	17352563	-0.00000	-1.00000	-1.00000	-0.00000	-1.00000	-1.00000	-0.00000	-1.00000	-1.00000	0.00004	-1.00000	-1.00000
298025	Gandy	Cluster	un	17354198	0.00951	-1.00000	-1.00000	0.00037	-1.00000	-1.00000	0.05121	-1.00000	-1.00000	0.00031	-1.00000	-1.00000
298026	Gandy	Cluster	un	17354959	0.00290	-1.00000	-1.00000	0.00011	-1.00000	-1.00000	0.00088	-1.00000	-1.00000	0.00025	-1.00000	-1.00000
298065	Gandy	Cluster	un	17359946	0.17241	-1.00000	-1.00000	0.04132	-1.00000	-1.00000	0.04132	-1.00000	-1.00000	0.00025	-1.00000	-1.00000
298077	Gandy	Cluster	un	17362486	0.54037	-1.00000	-1.00000	0.37872	-1.00000	-1.00000	0.39552	-1.00000	-1.00000	0.00067	-1.00000	-1.00000
298113	Gandy	Cluster	un	17366568	0.00290	-1.00000	-1.00000	0.00011	-1.00000	-1.00000	0.02159	-1.00000	-1.00000	0.00020	-1.00000	-1.00000
298122	Gandy	Cluster	un	17368188	0.00340	-1.00000	-1.00000	0.00014	-1.00000	-1.00000	-0.01093	-1.00000	-1.00000	0.00030	-1.00000	-1.00000
298160	Gandy	Cluster	un	17371492	0.00561	-1.00000	-1.00000	0.00021	-1.00000	-1.00000	-0.00000	-1.00000	-1.00000	0.00005	-1.00000	-1.00000
298198	Gandy	Cluster	un	17373119	0.04067	-1.00000	-1.00000	0.00302	-1.00000	-1.00000	0.00284	-1.00000	-1.00000	0.00010	-1.00000	-1.00000
298256	Gandy	Cluster	un	17376332	0.00870	-1.00000	-1.00000	0.00394	-1.00000	-1.00000	-0.00957	-1.00000	-1.00000	0.00055	-1.00000	-1.00000
298448	Gandy	Cluster	un	17388469	0.02912	-1.00000	-1.00000	0.00239	-1.00000	-1.00000	-0.00468	-1.00000	-1.00000	0.00029	-1.00000	-1.00000
298462	Gandy	Cluster	un	17390134	0.00000	-1.00000	-1.00000	0.00000	-1.00000	-1.00000	-0.00009	-1.00000	-1.00000	0.00013	-1.00000	-1.00000
298476	Gandy	Cluster	un	17390913	0.03704	-1.00000	-1.00000	0.00284	-1.00000	-1.00000	0.00284	-1.00000	-1.00000	0.00009	-1.00000	-1.00000
298592	Gandy	Cluster	un	17396586	-0.00000	-1.00000	-1.00000	-0.00000	-1.00000	-1.00000	-0.00000	-1.00000	-1.00000	0.00005	-1.00000	-1.00000
298651	Gandy	Cluster	un	17404749	0.00000	-1.00000	-1.00000	0.00000	-1.00000	-1.00000	-0.00713	-1.00000	-1.00000	0.00027	-1.00000	-1.00000
298695	Gandy	Cluster	un	17405597	0.53133	-1.00000	-1.00000	0.54108	-1.00000	-1.00000	0.54270	-1.00000	-1.00000	0.00087	-1.00000	-1.00000
298841	Gandy	Cluster	un	17413318	0.07875	-1.00000	-1.00000	0.00908	-1.00000	-1.00000	0.00881	-1.00000	-1.00000	0.00013	-1.00000	-1.00000
298843	Gandy	Cluster	un	17414141	0.00251	-1.00000	-1.00000	0.00009	-1.00000	-1.00000	-0.00000	-1.00000	-1.00000	0.00005	-1.00000	-1.00000
298862	Gandy	Cluster	un	17415706	0.03704	-1.00000	-1.00000	0.00284	-1.00000	-1.00000	0.00284	-1.00000	-1.00000	0.00009	-1.00000	-1.00000
298894	Gandy	Cluster	un	17418071	-0.00270	-1.00000	-1.00000	-0.00010	-1.00000	-1.00000	0.01069	-1.00000	-1.00000	0.00021	-1.00000	-1.00000
298902	Gandy	Cluster	un	17419599	0.04820	-1.00000	-1.00000	0.00374	-1.00000	-1.00000	0.00332	-1.00000	-1.00000	0.00010	-1.00000	-1.00000
298909	Gandy	Cluster	un	17421223	-0.00489	-1.00000	-1.00000	-0.00018	-1.00000	-1.00000	0.01104	-1.00000	-1.00000	0.00020	-1.00000	-1.00000
298986	Gandy	Cluster	un	17424087	0.08538	-1.00000	-1.00000	0.01066	-1.00000	-1.00000	0.04304	-1.00000	-1.00000	0.00029	-1.00000	-1.00000
299006	Gandy	Cluster	un	17426467	0.00656	-1.00000	-1.00000	0.00026	-1.00000	-1.00000	0.00261	-1.00000	-1.00000	0.00033	-1.00000	-1.00000
299010	Gandy	Cluster	un	17427147	0.00951	-1.00000	-1.00000	0.00037	-1.00000	-1.00000	0.05121	-1.00000	-1.00000	0.00027	-1.00000	-1.00000
299047	Gandy	Cluster	un	17433286	0.00000	-1.00000	-1.00000	0.00000	-1.00000	-1.00000	-0.00000	-1.00000	-1.00000	0.00004	-1.00000	-1.00000
299052	Gandy	Cluster	un	17434120	0.61300	-1.00000	-1.00000	0.58431	-1.00000	-1.00000	0.58019	-1.00000	-1.00000	0.00092	-1.00000	-1.00000
299095	Gandy	Cluster	un	17437054	-0.03567	-1.00000	-1.00000	-0.00255	-1.00000	-1.00000	0.00018	-1.00000	-1.00000	0.00017	-1.00000	-1.00000
299118	Gandy	Cluster	un	17439290	-0.00925	-1.00000	-1.00000	-0.00207	-1.00000	-1.00000	-0.00207	-1.00000	-1.00000	0.00023	-1.00000	-1.00000
299421	Gandy	Cluster	un	17453277	0.08000	-1.00000	-1.00000	0.01033	-1.00000	-1.00000	0.01033	-1.00000	-1.00000	0.00016	-1.00000	-1.00000
299557	Gandy	Cluster	un	17458936	-0.02184	-1.00000	-1.00000	-0.00259	-1.00000	-1.00000	0.00352	-1.00000	-1.00000	0.00022	-1.00000	-1.00000
299588	Gandy	Cluster	un	17459703	0.15460	-1.00000	-1.00000	0.03162	-1.00000	-1.00000	0.04578	-1.00000	-1.00000	0.00029	-1.00000	-1.00000
299675	Gandy	Cluster	un	17460508	0.03555	-1.00000	-1.00000	0.00306	-1.00000	-1.00000	-0.00356	-1.00000	-1.00000	0.00030	-1.00000	-1.00000
299834	Gandy	Cluster	un	17465102	0.00251	-1.00000	-1.00000	0.00009	-1.00000	-1.00000	0.00508	-1.00000	-1.00000	0.00012	-1.00000	-1.00000
299858	Gandy	Cluster	un	17466745	-0.00235	-1.00000	-1.00000	-0.00008	-1.00000	-1.00000	0.00008	-1.00000	-1.00000	0.00011	-1.00000	-1.00000
299860	Gandy	Cluster	un	17467639	0.06920	-1.00000	-1.00000	0.00850	-1.00000	-1.00000	-0.00168	-1.00000	-1.00000	0.00036	-1.00000	-1.00000
300225	Gandy	Cluster	un	17474080	0.04838	-1.00000	-1.00000	0.00422	-1.00000	-1.00000	-0.00632	-1.00000	-1.00000	0.00032	-1.00000	-1.00000
300434	Gandy	Cluster	un	17477999	0.71516	-1.00000	-1.00000	0.71186	-1.00000	-1.00000	0.71480	-1.00000	-1.00000	0.00101	-1.00000	-1.00000
300465	Gandy	Cluster	un	17481043	-0.04174	-1.00000	-1.00000	-0.04355	-1.00000	-1.00000	-0.04356	-1.00000	-1.00000	0.00062	-1.00000	-1.00000
300891	Gandy	Cluster	un	17493136	-0.00235	-1.00000	-1.00000	-0.00008	-1.00000	-1.00000	0.00008	-1.00000	-1.00000	0.00012	-1.00000	-1.00000
301037	Gandy	Cluster	un	17494832	0.00290	-1.00000	-1.00000	0.00011	-1.00000	-1.00000	0.00589	-1.00000	-1.00000	0.00013	-1.00000	-1.00000
301157	Gandy	Cluster	un	17497908	-0.00270	-1.00000	-1.00000	-0.00010	-1.00000	-1.00000	-0.00558	-1.00000	-1.00000	0.00020	-1.00000	-1.00000
301592	Gandy	Cluster	un	17511122	0.03704	-1.00000	-1.00000	0.00284	-1.00000	-1.00000	0.01050	-1.00000	-1.00000	0.00015	-1.00000	-1.00000
301662	Gandy	Cluster	un	17514449	0.06470	-1.00000	-1.00000	0.00736	-1.00000	-1.00000	0.00300	-1.00000	-1.00000	0.00018	-1.00000	-1.00000
301907	Gandy	Cluster	un	17522289	0.00290	-1.00000	-1.00000	0.00011	-1.00000	-1.00000	0.00088	-1.00000	-1.00000	0.00026	-1.00000	-1.00000
302006	Gandy	Cluster	un	17525695	-0.00000	-1.00000	-1.00000	-0.00000	-1.00000	-1.00000	-0.01068	-1.00000	-1.00000	0.00033	-1.00000	-1.00000
302333	Gandy	Cluster	un	17537580	-0.00270	-1.00000	-1.00000	-0.00010	-1.00000	-1.00000	-0.00558	-1.00000	-1.00000	0.00019	-1.00000	-1.00000
302363	Gandy	Cluster	un	17539245	0.00561	-1.00000	-1.00000	0.00021	-1.00000	-1.00000	0.00589	-1.00000	-1.00000	0.00013	-1.00000	-1.00000
302398	Gandy	Cluster	un	17541658	0.58672	-1.00000	-1.00000	0.44290	-1.00000	-1.00000	0.43672	-1.00000	-1.00000	0.00067	-1.00000	-1.00000
302407	Gandy	Cluster	un	17542603	-0.00000	-1.00000	-1.00000	-0.00000	-1.00000	-1.00000	-0.00000	-1.00000	-1.00000	0.00004	-1.00000	-1.00000
302456	Gandy	Cluster	un	17547505	-0.00235	-1.00000	-1.00000	-0.00008	-1.00000	-1.00000	0.00008	-1.00000	-1.00000	0.00013	-1.00000	-1.00000
302698	Gandy	Cluster	un	17556347	0.52000	-1.00000	-1.00000	0.37759	-1.00000	-1.00000	0.38414	-1.00000	-1.00000	0.00077	-1.00000	-1.00000
302813	Gandy	Cluster	un	17565166	0.19057	-1.00000	-1.00000	0.04497	-1.00000	-1.00000	0.08545	-1.00000	-1.00000	0.00049	-1.00000	-1.00000
302880	Gandy	Cluster	un	17565970	0.00561	-1.00000	-1.00000	0.00021	-1.00000	-1.00000	0.02159	-1.00000	-1.00000	0.00021	-1.00000	-1.00000
303170	Gandy	Cluster	un	17572435	1.00000	-1.00000	-1.00000	1.00000	-1.00000	-1.00000	1.00000	-1.00000	-1.00000	0.00124	-1.00000	-1.00000
303190	Gandy	Cluster	un	17574049	-0.04160	-1.00000	-1.00000	-0.00347	-1.00000	-1.00000	-0.01045	-1.00000	-1.00000	0.00043	-1.00000	-1.00000
303203	Gandy	Cluster	un	17574832	0.27520	-1.00000	-1.00000	0.28298	-1.00000	-1.00000	0.27654	-1.00000	-1.00000	0.00080	-1.00000	-1.00000
303296	Gandy	Cluster	un	17578005	0.30175	-1.00000	-1.00000	0.13370	-1.00000	-1.00000	0.13433	-1.00000	-1.00000	0.00045	-1.00000	-1.00000
303324	Gandy	Cluster	un	17578745	0.36834	-1.00000	-1.00000	0.26083	-1.00000	-1.00000	0.33840	-1.00000	-1.00000	0.00074	-1.00000	-1.00000
303399	Gandy	Cluster	un	17581194	0.45419	-1.00000	-1.00000	0.27868	-1.00000	-1.00000	0.27807	-1.00000	-1.00000	0.00057	-1.00000	-1.00000
303742	Gandy	Cluster	un	17590105	-0.03975	-1.00000	-1.00000	-0.00319	-1.00000	-1.00000	0.00077	-1.00000	-1.00000	0.00017	-1.00000	-1.00000
304366	Gandy	Cluster	un	17594958	0.03114	-1.00000	-1.00000	0.00229	-1.00000	-1.00000	0.00246	-1.00000	-1.00000	0.00009	-1.00000	-1.00000
304912	Gandy	Cluster	un	17604824	0.05304	-1.00000	-1.00000	0.00446	-1.00000	-1.00000	0.01011	-1.00000	-1.00000	0.00030	-1.00000	-1.00000
305079	Gandy	Cluster	un	17608064	0.02382	-1.00000	-1.00000	0.00187	-1.00000	-1.00000	0.00246	-1.00000	-1.00000	0.00009	-1.00000	-1.00000
305332	Gandy	Cluster	un	17612118	0.04348	-1.00000	-1.00000	0.00394	-1.00000	-1.00000	-0.00879	-1.00000	-1.00000	0.00038	-1.00000	-1.00000
305760	Gandy	Cluster	un	17617733	0.07875	-1.00000	-1.00000	0.00908	-1.00000	-1.00000	0.01894	-1.00000	-1.00000	0.00021	-1.00000	-1.00000
305854	Gandy	Cluster	un	17624110	0.00561	-1.00000	-1.00000	0.00021	-1.00000	-1.00000	0.02159	-1.00000	-1.00000	0.00021	-1.00000	-1.00000
305937	Gandy	Cluster	un	17624921	0.02912	-1.00000	-1.00000	0.00239	-1.00000	-1.00000	0.00518	-1.00000	-1.00000	0.00039	-1.00000	-1.00000
306407	Gandy	Cluster	un	17629632	0.04067	-1.00000	-1.00000	0.00302	-1.00000	-1.00000	0.01050	-1.00000	-1.00000	0.00018	-1.00000	-1.00000
306543	Gandy	Cluster	un	17633651	0.00951	-1.00000	-1.00000	0.00037	-1.00000	-1.00000	0.05121	-1.00000	-1.00000	0.00030	-1.00000	-1.00000
306594	Gandy	Cluster	un	17635230	-0.00489	-1.00000	-1.00000	-0.00018	-1.00000	-1.00000	0.01104	-1.00000	-1.00000	0.00021	-1.00000	-1.00000
306601	Gandy	Cluster	un	17635999	0.37024	-1.00000	-1.00000	0.18442	-1.00000	-1.00000	0.17874	-1.00000	-1.00000	0.00055	-1.00000	-1.00000
306659	Gandy	Cluster	un	17638523	-0.00235	-1.00000	-1.00000	-0.00008	-1.00000	-1.00000	-0.00000	-1.00000	-1.00000	0.00004	-1.00000	-1.00000
306906	Gandy	Cluster	un	17645109	0.13205	-1.00000	-1.00000	0.02645	-1.00000	-1.00000	0.02685	-1.00000	-1.00000	0.00029	-1.00000	-1.00000
306993	Gandy	Cluster	un	17647149	0.00656	-1.00000	-1.00000	0.00026	-1.00000	-1.00000	0.00261	-1.00000	-1.00000	0.00026	-1.00000	-1.00000
307060	Gandy	Cluster	un	17648812	-0.00000	-1.00000	-1.00000	-0.00000	-1.00000	-1.00000	-0.00000	-1.00000	-1.00000	0.00004	-1.00000	-1.00000
307070	Gandy	Cluster	un	17649679	0.03114	-1.00000	-1.00000	0.00229	-1.00000	-1.00000	0.00246	-1.00000	-1.00000	0.00008	-1.00000	-1.00000
307151	Gandy	Cluster	un	17654486	-0.03684	-1.00000	-1.00000	-0.00273	-1.00000	-1.00000	0.00061	-1.00000	-1.00000	0.00016	-1.00000	-1.00000
307154	Gandy	Cluster	un	17655327	0.61928	-1.00000	-1.00000	0.50412	-1.00000	-1.00000	0.49679	-1.00000	-1.00000	0.00082	-1.00000	-1.00000
307222	Gandy	Cluster	un	17661783	0.13263	-1.00000	-1.00000	0.02215	-1.00000	-1.00000	0.03571	-1.00000	-1.00000	0.00027	-1.00000	-1.00000
307238	Gandy	Cluster	un	17665025	0.00000	-1.00000	-1.00000	0.00000	-1.00000	-1.00000	-0.00009	-1.00000	-1.00000	0.00013	-1.00000	-1.00000
307279	Gandy	Cluster	un	17665810	0.04923	-1.00000	-1.00000	0.01134	-1.00000	-1.00000	0.08226	-1.00000	-1.00000	0.00053	-1.00000	-1.00000
307298	Gandy	Cluster	un	17666484	0.00951	-1.00000	-1.00000	0.00037	-1.00000	-1.00000	0.02512	-1.00000	-1.00000	0.00021	-1.00000	-1.00000
307441	Gandy	Cluster	un	17669090	-0.03567	-1.00000	-1.00000	-0.00255	-1.00000	-1.00000	0.00018	-1.00000	-1.00000	0.00016	-1.00000	-1.00000
307633	Gandy	Cluster	un	17675513	0.00656	-1.00000	-1.00000	0.00026	-1.00000	-1.00000	0.01989	-1.00000	-1.00000	0.00035	-1.00000	-1.00000
308161	Gandy	Cluster	un	17695632	0.02760	-1.00000	-1.00000	0.00210	-1.00000	-1.00000	0.00246	-1.00000	-1.00000	0.00008	-1.00000	-1.00000
308169	Gandy	Cluster	un	17696444	0.55801	-1.00000	-1.00000	0.46639	-1.00000	-1.00000	0.45412	-1.00000	-1.00000	0.00086	-1.00000	-1.00000
308727	Gandy	Cluster	un	17711697	-0.00270	-1.00000	-1.00000	-0.00010	-1.00000	-1.00000	0.00011	-1.00000	-1.00000	0.00013	-1.00000	-1.00000
308825	Gandy	Cluster	un	17714836	0.60000	-1.00000	-1.00000	0.48980	-1.00000	-1.00000	0.48258	-1.00000	-1.00000	0.00084	-1.00000	-1.00000
308890	Gandy	Cluster	un	17718788	1.00000	-1.00000	-1.00000	1.00000	-1.00000	-1.00000	1.00000	-1.00000	-1.00000	0.00134	-1.00000	-1.00000
309008	Gandy	Cluster	un	17721157	-0.04160	-1.00000	-1.00000	-0.00347	-1.00000	-1.00000	-0.01504	-1.00000	-1.00000	0.00036	-1.00000	-1.00000
309105	Gandy	Cluster	un	17725141	0.00000	-1.00000	-1.00000	0.00000	-1.00000	-1.00000	-0.00683	-1.00000	-1.00000	0.00045	-1.00000	-1.00000
309225	Gandy	Cluster	un	17728205	0.04348	-1.00000	-1.00000	0.00394	-1.00000	-1.00000	-0.00879	-1.00000	-1.00000	0.00039	-1.00000	-1.00000
309319	Gandy	Cluster	un	17729820	-0.00565	-1.00000	-1.00000	-0.00022	-1.00000	-1.00000	-0.00619	-1.00000	-1.00000	0.00021	-1.00000	-1.00000
309628	Gandy	Cluster	un	17733087	0.05304	-1.00000	-1.00000	0.00446	-1.00000	-1.00000	0.00043	-1.00000	-1.00000	0.00019	-1.00000	-1.00000
309816	Gandy	Cluster	un	17736429	0.04838	-1.00000	-1.00000	0.00422	-1.00000	-1.00000	-0.00194	-1.00000	-1.00000	0.00027	-1.00000	-1.00000
310062	Gandy	Cluster	un	17742958	-0.00767	-1.00000	-1.00000	-0.00029	-1.00000	-1.00000	-0.00000	-1.00000	-1.00000	0.00004	-1.00000	-1.00000
310084	Gandy	Cluster	un	17743730	0.51852	-1.00000	-1.00000	0.37433	-1.00000	-1.00000	0.36058	-1.00000	-1.00000	0.00070	-1.00000	-1.00000
310483	Gandy	Cluster	un	17748389	0.02912	-1.00000	-1.00000	0.00239	-1.00000	-1.00000	0.00518	-1.00000	-1.00000	0.00035	-1.00000	-1.00000
310818	Gandy	Cluster	un	17756202	0.40741	-1.00000	-1.00000	0.23404	-1.00000	-1.00000	0.25402	-1.00000	-1.00000	0.00060	-1.00000	-1.00000
310835	Gandy	Cluster	un	17756986	-0.03704	-1.00000	-1.00000	-0.00275	-1.00000	-1.00000	-0.00019	-1.00000	-1.00000	0.00016	-1.00000	-1.00000
311152	Gandy	Cluster	un	17766109	0.03834	-1.00000	-1.00000	0.01941	-1.00000	-1.00000	0.03363	-1.00000	-1.00000	0.00048	-1.00000	-1.00000
311280	Gandy	Cluster	un	17769274	0.00561	-1.00000	-1.00000	0.00021	-1.00000	-1.00000	0.00589	-1.00000	-1.00000	0.00013	-1.00000	-1.00000
311385	Gandy	Cluster	un	17770115	0.29630	-1.00000	-1.00000	0.12308	-1.00000	-1.00000	0.14308	-1.00000	-1.00000	0.00049	-1.00000	-1.00000
311527	Gandy	Cluster	un	17771610	0.71689	-1.00000	-1.00000	0.66550	-1.00000	-1.00000	0.66571	-1.00000	-1.00000	0.00088	-1.00000	-1.00000
311540	Gandy	Cluster	un	17772448	0.02382	-1.00000	-1.00000	0.00187	-1.00000	-1.00000	0.03045	-1.00000	-1.00000	0.00032	-1.00000	-1.00000
312216	Gandy	Cluster	un	17778150	-0.00000	-1.00000	-1.00000	-0.00000	-1.00000	-1.00000	0.02159	-1.00000	-1.00000	0.00023	-1.00000	-1.00000
313400	Gandy	Cluster	un	17785335	0.00656	-1.00000	-1.00000	0.00026	-1.00000	-1.00000	-0.00000	-1.00000	-1.00000	0.00005	-1.00000	-1.00000
313469	Gandy	Cluster	un	17786179	0.03114	-1.00000	-1.00000	0.00229	-1.00000	-1.00000	0.00246	-1.00000	-1.00000	0.00009	-1.00000	-1.00000
313940	Gandy	Cluster	un	17789341	0.03320	-1.00000	-1.00000	0.00263	-1.00000	-1.00000	0.00284	-1.00000	-1.00000	0.00009	-1.00000	-1.00000
315311	Gandy	Cluster	un	17795928	-0.01397	-1.00000	-1.00000	-0.01415	-1.00000	-1.00000	-0.02266	-1.00000	-1.00000	0.00067	-1.00000	-1.00000
315450	Gandy	Cluster	un	17798371	0.06024	-1.00000	-1.00000	0.00707	-1.00000	-1.00000	0.00760	-1.00000	-1.00000	0.00014	-1.00000	-1.00000
315513	Gandy	Cluster	un	17801545	0.63822	-1.00000	-1.00000	0.56649	-1.00000	-1.00000	0.55595	-1.00000	-1.00000	0.00088	-1.00000	-1.00000
315603	Gandy	Cluster	un	17803229	0.04000	-1.00000	-1.00000	0.00332	-1.00000	-1.00000	0.00545	-1.00000	-1.00000	0.00035	-1.00000	-1.00000
315668	Gandy	Cluster	un	17803937	0.04067	-1.00000	-1.00000	0.00302	-1.00000	-1.00000	0.01050	-1.00000	-1.00000	0.00017	-1.00000	-1.00000
315760	Gandy	Cluster	un	17804700	0.16584	-1.00000	-1.00000	0.04086	-1.00000	-1.00000	0.04132	-1.00000	-1.00000	0.00023	-1.00000	-1.00000
315863	Gandy	Cluster	un	17806355	0.00290	-1.00000	-1.00000	0.00011	-1.00000	-1.00000	-0.00518	-1.00000	-1.00000	0.00021	-1.00000	-1.00000
316836	Gandy	Cluster	un	17808730	0.06897	-1.00000	-1.00000	0.00760	-1.00000	-1.00000	0.00760	-1.00000	-1.00000	0.00012	-1.00000	-1.00000
317571	Gandy	Cluster	un	17817467	-0.01663	-1.00000	-1.00000	-0.00598	-1.00000	-1.00000	-0.00444	-1.00000	-1.00000	0.00049	-1.00000	-1.00000
318567	Gandy	Cluster	un	17828647	0.14960	-1.00000	-1.00000	0.06749	-1.00000	-1.00000	0.11190	-1.00000	-1.00000	0.00056	-1.00000	-1.00000
318625	Gandy	Cluster	un	17829404	-0.00235	-1.00000	-1.00000	-0.00008	-1.00000	-1.00000	-0.00000	-1.00000	-1.00000	0.00004	-1.00000	-1.00000
318659	Gandy	Cluster	un	17832353	0.11672	-1.00000	-1.00000	0.01853	-1.00000	-1.00000	0.03064	-1.00000	-1.00000	0.00026	-1.00000	-1.00000
318661	Gandy	Cluster	un	17833118	-0.00235	-1.00000	-1.00000	-0.00008	-1.00000	-1.00000	-0.00000	-1.00000	-1.00000	0.00004	-1.00000	-1.00000
318698	Gandy	Cluster	un	17836346	0.02912	-1.00000	-1.00000	0.00239	-1.00000	-1.00000	0.00518	-1.00000	-1.00000	0.00035	-1.00000	-1.00000
318707	Gandy	Cluster	un	17837193	0.06470	-1.00000	-1.00000	0.00736	-1.00000	-1.00000	0.00300	-1.00000	-1.00000	0.00021	-1.00000	-1.00000
318746	Gandy	Cluster	un	17837959	0.00951	-1.00000	-1.00000	0.00037	-1.00000	-1.00000	0.02512	-1.00000	-1.00000	0.00021	-1.00000	-1.00000
318747	Gandy	Cluster	un	17838821	0.00000	-1.00000	-1.00000	0.00000	-1.00000	-1.00000	-0.01276	-1.00000	-1.00000	0.00036	-1.00000	-1.00000
318837	Gandy	Cluster	un	17844366	0.82759	-1.00000	-1.00000	0.80537	-1.00000	-1.00000	0.80537	-1.00000	-1.00000	0.00121	-1.00000	-1.00000
318855	Gandy	Cluster	un	17845055	-0.00270	-1.00000	-1.00000	-0.00010	-1.00000	-1.00000	0.00508	-1.00000	-1.00000	0.00013	-1.00000	-1.00000
318915	Gandy	Cluster	un	17845853	0.61873	-1.00000	-1.00000	0.60559	-1.00000	-1.00000	0.59081	-1.00000	-1.00000	0.00091	-1.00000	-1.00000
318920	Gandy	Cluster	un	17846690	0.12595	-1.00000	-1.00000	0.02599	-1.00000	-1.00000	0.01743	-1.00000	-1.00000	0.00029	-1.00000	-1.00000
318956	Gandy	Cluster	un	17850522	-0.03034	-1.00000	-1.00000	-0.02869	-1.00000	-1.00000	-0.00119	-1.00000	-1.00000	0.00068	-1.00000	-1.00000
318984	Gandy	Cluster	un	17852987	0.00290	-1.00000	-1.00000	0.00011	-1.00000	-1.00000	0.02159	-1.00000	-1.00000	0.00021	-1.00000	-1.00000
319000	Gandy	Cluster	un	17853799	0.00000	-1.00000	-1.00000	0.00000	-1.00000	-1.00000	0.02512	-1.00000	-1.00000	0.00022	-1.00000	-1.00000
319058	Gandy	Cluster	un	17860010	0.04420	-1.00000	-1.00000	0.00354	-1.00000	-1.00000	0.00705	-1.00000	-1.00000	0.00030	-1.00000	-1.00000
319148	Gandy	Cluster	un	17862689	0.00951	-1.00000	-1.00000	0.00037	-1.00000	-1.00000	0.05121	-1.00000	-1.00000	0.00028	-1.00000	-1.00000
319220	Gandy	Cluster	un	17865053	0.07875	-1.00000	-1.00000	0.00908	-1.00000	-1.00000	0.00881	-1.00000	-1.00000	0.00014	-1.00000	-1.00000
320523	Gandy	Cluster	un	17868256	0.00000	-1.00000	-1.00000	0.00000	-1.00000	-1.00000	0.00508	-1.00000	-1.00000	0.00013	-1.00000	-1.00000
320559	Gandy	Cluster	un	17869843	0.32841	-1.00000	-1.00000	0.24967	-1.00000	-1.00000	0.23443	-1.00000	-1.00000	0.00073	-1.00000	-1.00000
322966	Gandy	Cluster	un	17879206	0.09920	-1.00000	-1.00000	0.01731	-1.00000	-1.00000	0.03064	-1.00000	-1.00000	0.00023	-1.00000	-1.00000
323366	Gandy	Cluster	un	17882548	0.13793	-1.00000	-1.00000	0.02685	-1.00000	-1.00000	0.02685	-1.00000	-1.00000	0.00020	-1.00000	-1.00000
323775	Gandy	Cluster	un	17885025	0.06920	-1.00000	-1.00000	0.00850	-1.00000	-1.00000	0.00881	-1.00000	-1.00000	0.00014	-1.00000	-1.00000
324100	Gandy	Cluster	un	17886691	0.55451	-1.00000	-1.00000	0.56483	-1.00000	-1.00000	0.58406	-1.00000	-1.00000	0.00090	-1.00000	-1.00000
324269	Gandy	Cluster	un	17889199	-0.00489	-1.00000	-1.00000	-0.00018	-1.00000	-1.00000	0.01104	-1.00000	-1.00000	0.00020	-1.00000	-1.00000
324357	Gandy	Cluster	un	17890010	-0.00565	-1.00000	-1.00000	-0.00022	-1.00000	-1.00000	-0.00619	-1.00000	-1.00000	0.00022	-1.00000	-1.00000
324422	Gandy	Cluster	un	17891576	0.34669	-1.00000	-1.00000	0.35144	-1.00000	-1.00000	0.35670	-1.00000	-1.00000	0.00081	-1.00000	-1.00000
324960	Gandy	Cluster	un	17894780	-0.00235	-1.00000	-1.00000	-0.00008	-1.00000	-1.00000	-0.00000	-1.00000	-1.00000	0.00004	-1.00000	-1.00000
325223	Gandy	Cluster	un	17895566	0.51133	-1.00000	-1.00000	0.48661	-1.00000	-1.00000	0.49499	-1.00000	-1.00000	0.00087	-1.00000	-1.00000
325683	Gandy	Cluster	un	17900291	0.02017	-1.00000	-1.00000	0.01862	-1.00000	-1.00000	0.00159	-1.00000	-1.00000	0.00071	-1.00000	-1.00000
325958	Gandy	Cluster	un	17906777	0.00000	-1.00000	-1.00000	0.00000	-1.00000	-1.00000	-0.00000	-1.00000	-1.00000	0.00006	-1.00000	-1.00000
326015	Gandy	Cluster	un	17908162	-0.03119	-1.00000	-1.00000	-0.00664	-1.00000	-1.00000	0.00521	-1.00000	-1.00000	0.00039	-1.00000	-1.00000
326138	Gandy	Cluster	un	17910521	0.00340	-1.00000	-1.00000	0.00014	-1.00000	-1.00000	-0.00378	-1.00000	-1.00000	0.00059	-1.00000	-1.00000
326419	Gandy	Cluster	un	17912861	0.00290	-1.00000	-1.00000	0.00011	-1.00000	-1.00000	0.00589	-1.00000	-1.00000	0.00013	-1.00000	-1.00000
326472	Gandy	Cluster	un	17914468	0.04067	-1.00000	-1.00000	0.00302	-1.00000	-1.00000	0.00284	-1.00000	-1.00000	0.00008	-1.00000	-1.00000
326657	Gandy	Cluster	un	17916773	0.46069	-1.00000	-1.00000	0.27518	-1.00000	-1.00000	0.32107	-1.00000	-1.00000	0.00062	-1.00000	-1.00000
326834	Gandy	Cluster	un	17918454	0.03320	-1.00000	-1.00000	0.00263	-1.00000	-1.00000	0.00852	-1.00000	-1.00000	0.00025	-1.00000	-1.00000
327168	Gandy	Cluster	un	17923379	0.33591	-1.00000	-1.00000	0.16578	-1.00000	-1.00000	0.16641	-1.00000	-1.00000	0.00038	-1.00000	-1.00000
327325	Gandy	Cluster	un	17924336	-0.00235	-1.00000	-1.00000	-0.00008	-1.00000	-1.00000	0.00008	-1.00000	-1.00000	0.00011	-1.00000	-1.00000
327521	Gandy	Cluster	un	17927655	0.75199	-1.00000	-1.00000	0.71352	-1.00000	-1.00000	0.70985	-1.00000	-1.00000	0.00094	-1.00000	-1.00000
327568	Gandy	Cluster	un	17928487	0.04000	-1.00000	-1.00000	0.00332	-1.00000	-1.00000	-0.00260	-1.00000	-1.00000	0.00025	-1.00000	-1.00000
327587	Gandy	Cluster	un	17929282	-0.01600	-1.00000	-1.00000	-0.01473	-1.00000	-1.00000	-0.01485	-1.00000	-1.00000	0.00061	-1.00000	-1.00000
328164	Gandy	Cluster	un	17936790	0.44638	-1.00000	-1.00000	0.42659	-1.00000	-1.00000	0.41725	-1.00000	-1.00000	0.00092	-1.00000	-1.00000
328413	Gandy	Cluster	un	17939169	0.19845	-1.00000	-1.00000	0.04545	-1.00000	-1.00000	0.09204	-1.00000	-1.00000	0.00049	-1.00000	-1.00000
328817	Gandy	Cluster	un	17945294	0.09321	-1.00000	-1.00000	0.01269	-1.00000	-1.00000	0.02597	-1.00000	-1.00000	0.00025	-1.00000	-1.00000
329280	Gandy	Cluster	un	17951496	0.23078	-1.00000	-1.00000	0.08046	-1.00000	-1.00000	0.06288	-1.00000	-1.00000	0.00047	-1.00000	-1.00000
329387	Gandy	Cluster	un	17953910	0.20567	-1.00000	-1.00000	0.06760	-1.00000	-1.00000	0.05996	-1.00000	-1.00000	0.00041	-1.00000	-1.00000
329445	Gandy	Cluster	un	17955564	0.57725	-1.00000	-1.00000	0.46746	-1.00000	-1.00000	0.46789	-1.00000	-1.00000	0.00076	-1.00000	-1.00000
330742	Gandy	Cluster	un	17970689	0.07407	-1.00000	-1.00000	0.00881	-1.00000	-1.00000	0.01894	-1.00000	-1.00000	0.00022	-1.00000	-1.00000
331082	Gandy	Cluster	un	17973810	0.07342	-1.00000	-1.00000	0.05271	-1.00000	-1.00000	0.04605	-1.00000	-1.00000	0.00059	-1.00000	-1.00000
331108	Gandy	Cluster	un	17974661	0.38009	-1.00000	-1.00000	0.18506	-1.00000	-1.00000	0.23432	-1.00000	-1.00000	0.00062	-1.00000	-1.00000
331181	Gandy	Cluster	un	17976180	0.00251	-1.00000	-1.00000	0.00009	-1.00000	-1.00000	-0.00000	-1.00000	-1.00000	0.00004	-1.00000	-1.00000
331245	Gandy	Cluster	un	17977023	0.12000	-1.00000	-1.00000	0.02135	-1.00000	-1.00000	0.02822	-1.00000	-1.00000	0.00035	-1.00000	-1.00000
331271	Gandy	Cluster	un	17978764	-0.00000	-1.00000	-1.00000	-0.00000	-1.00000	-1.00000	0.00589	-1.00000	-1.00000	0.00014	-1.00000	-1.00000
331292	Gandy	Cluster	un	17979543	0.10737	-1.00000	-1.00000	0.10857	-1.00000	-1.00000	0.09625	-1.00000	-1.00000	0.00073	-1.00000	-1.00000
331412	Gandy	Cluster	un	17984852	0.07875	-1.00000	-1.00000	0.00908	-1.00000	-1.00000	0.01894	-1.00000	-1.00000	0.00021	-1.00000	-1.00000
331453	Gandy	Cluster	un	17986464	0.38340	-1.00000	-1.00000	0.37597	-1.00000	-1.00000	0.39075	-1.00000	-1.00000	0.00077	-1.00000	-1.00000
331468	Gandy	Cluster	un	17988195	0.37649	-1.00000	-1.00000	0.38481	-1.00000	-1.00000	0.37648	-1.00000	-1.00000	0.00080	-1.00000	-1.00000
331653	Gandy	Cluster	un	17996572	0.15194	-1.00000	-1.00000	0.03970	-1.00000	-1.00000	0.02915	-1.00000	-1.00000	0.00031	-1.00000	-1.00000
331663	Gandy	Cluster	un	17997406	0.25744	-1.00000	-1.00000	0.08247	-1.00000	-1.00000	0.10158	-1.00000	-1.00000	0.00038	-1.00000	-1.00000
332115	Gandy	Cluster	un	18010161	0.15194	-1.00000	-1.00000	0.02682	-1.00000	-1.00000	0.04215	-1.00000	-1.00000	0.00031	-1.00000	-1.00000
332120	Gandy	Cluster	un	18010916	0.65791	-1.00000	-1.00000	0.58428	-1.00000	-1.00000	0.56599	-1.00000	-1.00000	0.00095	-1.00000	-1.00000
332398	Gandy	Cluster	un	18016614	0.15194	-1.00000	-1.00000	0.03970	-1.00000	-1.00000	0.04132	-1.00000	-1.00000	0.00026	-1.00000	-1.00000
332598	Gandy	Cluster	un	18019854	0.00290	-1.00000	-1.00000	0.00011	-1.00000	-1.00000	0.02159	-1.00000	-1.00000	0.00022	-1.00000	-1.00000
332652	Gandy	Cluster	un	18021354	0.80631	-1.00000	-1.00000	0.77077	-1.00000	-1.00000	0.78064	-1.00000	-1.00000	0.00104	-1.00000	-1.00000
332659	Gandy	Cluster	un	18022159	0.03114	-1.00000	-1.00000	0.00229	-1.00000	-1.00000	0.00246	-1.00000	-1.00000	0.00008	-1.00000	-1.00000
332707	Gandy	Cluster	un	18023779	-0.00235	-1.00000	-1.00000	-0.00008	-1.00000	-1.00000	0.00008	-1.00000	-1.00000	0.00013	-1.00000	-1.00000
332761	Gandy	Cluster	un	18024529	0.04838	-1.00000	-1.00000	0.00422	-1.00000	-1.00000	-0.00194	-1.00000	-1.00000	0.00027	-1.00000	-1.00000
333108	Gandy	Cluster	un	18026930	-0.01207	-1.00000	-1.00000	-0.00585	-1.00000	-1.00000	-0.00751	-1.00000	-1.00000	0.00067	-1.00000	-1.00000
333647	Gandy	Cluster	un	18029158	0.08000	-1.00000	-1.00000	0.01033	-1.00000	-1.00000	0.02205	-1.00000	-1.00000	0.00022	-1.00000	-1.00000
333777	Gandy	Cluster	un	18030808	0.00000	-1.00000	-1.00000	0.00000	-1.00000	-1.00000	-0.00009	-1.00000	-1.00000	0.00013	-1.00000	-1.00000
334153	Gandy	Cluster	un	18033188	0.11262	-1.00000	-1.00000	0.11312	-1.00000	-1.00000	0.12689	-1.00000	-1.00000	0.00082	-1.00000	-1.00000
334155	Gandy	Cluster	un	18033914	0.03114	-1.00000	-1.00000	0.00229	-1.00000	-1.00000	0.00246	-1.00000	-1.00000	0.00009	-1.00000	-1.00000
334216	Gandy	Cluster	un	18038718	0.23588	-1.00000	-1.00000	0.16431	-1.00000	-1.00000	0.15086	-1.00000	-1.00000	0.00067	-1.00000	-1.00000
334422	Gandy	Cluster	un	18046108	0.03448	-1.00000	-1.00000	0.00246	-1.00000	-1.00000	0.00246	-1.00000	-1.00000	0.00008	-1.00000	-1.00000
334430	Gandy	Cluster	un	18047708	-0.00235	-1.00000	-1.00000	-0.00008	-1.00000	-1.00000	-0.00000	-1.00000	-1.00000	0.00004	-1.00000	-1.00000
334568	Gandy	Cluster	un	18050127	0.00000	-1.00000	-1.00000	0.00000	-1.00000	-1.00000	-0.00000	-1.00000	-1.00000	0.00004	-1.00000	-1.00000
334757	Gandy	Cluster	un	18054343	-0.00315	-1.00000	-1.00000	-0.00013	-1.00000	-1.00000	-0.00000	-1.00000	-1.00000	0.00005	-1.00000	-1.00000
334763	Gandy	Cluster	un	18055123	0.11111	-1.00000	-1.00000	0.01818	-1.00000	-1.00000	0.03064	-1.00000	-1.00000	0.00025	-1.00000	-1.00000
334981	Gandy	Cluster	un	18061492	0.17448	-1.00000	-1.00000	0.03767	-1.00000	-1.00000	0.07867	-1.00000	-1.00000	0.00038	-1.00000	-1.00000
335030	Gandy	Cluster	un	18063880	0.73564	-1.00000	-1.00000	0.66196	-1.00000	-1.00000	0.67930	-1.00000	-1.00000	0.00105	-1.00000	-1.00000
335081	Gandy	Cluster	un	18065475	0.07875	-1.00000	-1.00000	0.00908	-1.00000	-1.00000	0.01894	-1.00000	-1.00000	0.00020	-1.00000	-1.00000
335144	Gandy	Cluster	un	18068759	-0.03975	-1.00000	-1.00000	-0.00319	-1.00000	-1.00000	0.01674	-1.00000	-1.00000	0.00026	-1.00000	-1.00000
335164	Gandy	Cluster	un	18070420	0.00290	-1.00000	-1.00000	0.00011	-1.00000	-1.00000	-0.00000	-1.00000	-1.00000	0.00004	-1.00000	-1.00000
335290	Gandy	Cluster	un	18072805	0.04420	-1.00000	-1.00000	0.00354	-1.00000	-1.00000	-0.00175	-1.00000	-1.00000	0.00025	-1.00000	-1.00000
335354	Gandy	Cluster	un	18074389	0.87557	-1.00000	-1.00000	0.87086	-1.00000	-1.00000	0.85898	-1.00000	-1.00000	0.00112	-1.00000	-1.00000
335645	Gandy	Cluster	un	18082554	-0.00489	-1.00000	-1.00000	-0.00018	-1.00000	-1.00000	-0.00000	-1.00000	-1.00000	0.00004	-1.00000	-1.00000
335666	Gandy	Cluster	un	18083388	0.03320	-1.00000	-1.00000	0.00263	-1.00000	-1.00000	-0.00486	-1.00000	-1.00000	0.00027	-1.00000	-1.00000
335748	Gandy	Cluster	un	18088251	-0.00270	-1.00000	-1.00000	-0.00010	-1.00000	-1.00000	-0.00558	-1.00000	-1.00000	0.00019	-1.00000	-1.00000
335784	Gandy	Cluster	un	18089958	0.19701	-1.00000	-1.00000	0.11197	-1.00000	-1.00000	0.15127	-1.00000	-1.00000	0.00065	-1.00000	-1.00000
335834	Gandy	Cluster	un	18092428	0.21731	-1.00000	-1.00000	0.07871	-1.00000	-1.00000	0.06284	-1.00000	-1.00000	0.00046	-1.00000	-1.00000
335982	Gandy	Cluster	un	18094082	0.06470	-1.00000	-1.00000	0.00736	-1.00000	-1.00000	0.00760	-1.00000	-1.00000	0.00012	-1.00000	-1.00000
336001	Gandy	Cluster	un	18095595	0.08745	-1.00000	-1.00000	0.01453	-1.00000	-1.00000	0.00820	-1.00000	-1.00000	0.00024	-1.00000	-1.00000
336008	Gandy	Cluster	un	18097311	0.04348	-1.00000	-1.00000	0.00394	-1.00000	-1.00000	0.00092	-1.00000	-1.00000	0.00037	-1.00000	-1.00000
336103	Gandy	Cluster	un	18098948	-0.00000	-1.00000	-1.00000	-0.00000	-1.00000	-1.00000	-0.00000	-1.00000	-1.00000	0.00004	-1.00000	-1.00000
336130	Gandy	Cluster	un	18100615	0.00656	-1.00000	-1.00000	0.00026	-1.00000	-1.00000	0.02512	-1.00000	-1.00000	0.00025	-1.00000	-1.00000
336139	Gandy	Cluster	un	18101328	0.00561	-1.00000	-1.00000	0.00021	-1.00000	-1.00000	0.02159	-1.00000	-1.00000	0.00021	-1.00000	-1.00000
336284	Gandy	Cluster	un	18106524	0.21608	-1.00000	-1.00000	0.05772	-1.00000	-1.00000	0.07534	-1.00000	-1.00000	0.00041	-1.00000	-1.00000
336384	Gandy	Cluster	un	18108855	0.03320	-1.00000	-1.00000	0.00263	-1.00000	-1.00000	-0.00486	-1.00000	-1.00000	0.00028	-1.00000	-1.00000
336452	Gandy	Cluster	un	18109712	0.09302	-1.00000	-1.00000	0.01497	-1.00000	-1.00000	0.01567	-1.00000	-1.00000	0.00015	-1.00000	-1.00000
336465	Gandy	Cluster	un	18110595	0.08000	-1.00000	-1.00000	0.01033	-1.00000	-1.00000	0.01493	-1.00000	-1.00000	0.00034	-1.00000	-1.00000
336561	Gandy	Cluster	un	18115598	0.03114	-1.00000	-1.00000	0.00229	-1.00000	-1.00000	0.00018	-1.00000	-1.00000	0.00015	-1.00000	-1.00000
336566	Gandy	Cluster	un	18116445	0.00290	-1.00000	-1.00000	0.00011	-1.00000	-1.00000	0.00088	-1.00000	-1.00000	0.00028	-1.00000	-1.00000
336694	Gandy	Cluster	un	18120480	0.00290	-1.00000	-1.00000	0.00011	-1.00000	-1.00000	0.00589	-1.00000	-1.00000	0.00011	-1.00000	-1.00000
336708	Gandy	Cluster	un	18122303	0.17448	-1.00000	-1.00000	0.03767	-1.00000	-1.00000	0.05342	-1.00000	-1.00000	0.00032	-1.00000	-1.00000
336751	Gandy	Cluster	un	18124741	-0.00315	-1.00000	-1.00000	-0.00013	-1.00000	-1.00000	-0.01039	-1.00000	-1.00000	0.00037	-1.00000	-1.00000
336910	Gandy	Cluster	un	18127997	1.00000	-1.00000	-1.00000	1.00000	-1.00000	-1.00000	0.98728	-1.00000	-1.00000	0.00138	-1.00000	-1.00000
336911	Gandy	Cluster	un	18128717	-0.00000	-1.00000	-1.00000	-0.00000	-1.00000	-1.00000	-0.00000	-1.00000	-1.00000	0.00004	-1.00000	-1.00000
336941	Gandy	Cluster	un	18130492	0.04067	-1.00000	-1.00000	0.00302	-1.00000	-1.00000	0.01050	-1.00000	-1.00000	0.00018	-1.00000	-1.00000
336996	Gandy	Cluster	un	18133588	0.03448	-1.00000	-1.00000	0.00246	-1.00000	-1.00000	0.00246	-1.00000	-1.00000	0.00009	-1.00000	-1.00000
337020	Gandy	Cluster	un	18134304	0.09054	-1.00000	-1.00000	0.01094	-1.00000	-1.00000	0.01033	-1.00000	-1.00000	0.00014	-1.00000	-1.00000
337037	Gandy	Cluster	un	18135133	0.06897	-1.00000	-1.00000	0.00760	-1.00000	-1.00000	0.00760	-1.00000	-1.00000	0.00013	-1.00000	-1.00000
337118	Gandy	Cluster	un	18136778	0.00290	-1.00000	-1.00000	0.00011	-1.00000	-1.00000	0.00088	-1.00000	-1.00000	0.00027	-1.00000	-1.00000
337236	Gandy	Cluster	un	18142441	0.68966	-1.00000	-1.00000	0.61674	-1.00000	-1.00000	0.61674	-1.00000	-1.00000	0.00090	-1.00000	-1.00000
337599	Gandy	Cluster	un	18156710	0.04820	-1.00000	-1.00000	0.00374	-1.00000	-1.00000	0.03064	-1.00000	-1.00000	0.00022	-1.00000	-1.00000
337719	Gandy	Cluster	un	18159243	0.00561	-1.00000	-1.00000	0.00021	-1.00000	-1.00000	0.02159	-1.00000	-1.00000	0.00022	-1.00000	-1.00000
337950	Gandy	Cluster	un	18163274	-0.03709	-1.00000	-1.00000	-0.03063	-1.00000	-1.00000	-0.03178	-1.00000	-1.00000	0.00066	-1.00000	-1.00000
338148	Gandy	Cluster	un	18164896	0.06470	-1.00000	-1.00000	0.00736	-1.00000	-1.00000	0.00760	-1.00000	-1.00000	0.00012	-1.00000	-1.00000
338517	Gandy	Cluster	un	18167231	0.00000	-1.00000	-1.00000	0.00000	-1.00000	-1.00000	-0.01241	-1.00000	-1.00000	0.00032	-1.00000	-1.00000
338565	Gandy	Cluster	un	18168094	-0.04016	-1.00000	-1.00000	-0.02877	-1.00000	-1.00000	-0.00870	-1.00000	-1.00000	0.00080	-1.00000	-1.00000
338995	Gandy	Cluster	un	18171196	0.53037	-1.00000	-1.00000	0.49048	-1.00000	-1.00000	0.48399	-1.00000	-1.00000	0.00079	-1.00000	-1.00000
340280	Gandy	Cluster	un	18172894	0.03448	-1.00000	-1.00000	0.00246	-1.00000	-1.00000	0.00246	-1.00000	-1.00000	0.00008	-1.00000	-1.00000
340565	Gandy	Cluster	un	18174555	0.11111	-1.00000	-1.00000	0.01818	-1.00000	-1.00000	0.03064	-1.00000	-1.00000	0.00026	-1.00000	-1.00000
340778	Gandy	Cluster	un	18176117	-0.00270	-1.00000	-1.00000	-0.00010	-1.00000	-1.00000	0.00011	-1.00000	-1.00000	0.00014	-1.00000	-1.00000
341487	Gandy	Cluster	un	18181045	0.02912	-1.00000	-1.00000	0.00239	-1.00000	-1.00000	0.01050	-1.00000	-1.00000	0.00017	-1.00000	-1.00000
341540	Gandy	Cluster	un	18182664	0.07952	-1.00000	-1.00000	0.02318	-1.00000	-1.00000	0.02399	-1.00000	-1.00000	0.00025	-1.00000	-1.00000
342146	Gandy	Cluster	un	18188293	0.11672	-1.00000	-1.00000	0.01853	-1.00000	-1.00000	0.03064	-1.00000	-1.00000	0.00024	-1.00000	-1.00000
342789	Gandy	Cluster	un	18200789	0.00561	-1.00000	-1.00000	0.00021	-1.00000	-1.00000	0.02159	-1.00000	-1.00000	0.00022	-1.00000	-1.00000
342800	Gandy	Cluster	un	18202366	0.02382	-1.00000	-1.00000	0.00187	-1.00000	-1.00000	0.00246	-1.00000	-1.00000	0.00008	-1.00000	-1.00000
342874	Gandy	Cluster	un	18207181	0.42407	-1.00000	-1.00000	0.22070	-1.00000	-1.00000	0.24242	-1.00000	-1.00000	0.00052	-1.00000	-1.00000
342880	Gandy	Cluster	un	18208068	0.00290	-1.00000	-1.00000	0.00011	-1.00000	-1.00000	-0.00518	-1.00000	-1.00000	0.00022	-1.00000	-1.00000
342908	Gandy	Cluster	un	18209645	0.06470	-1.00000	-1.00000	0.00736	-1.00000	-1.00000	0.00760	-1.00000	-1.00000	0.00011	-1.00000	-1.00000
343275	Gandy	Cluster	un	18217905	0.34483	-1.00000	-1.00000	0.16641	-1.00000	-1.00000	0.16641	-1.00000	-1.00000	0.00046	-1.00000	-1.00000
343323	Gandy	Cluster	un	18220300	0.00290	-1.00000	-1.00000	0.00011	-1.00000	-1.00000	-0.00518	-1.00000	-1.00000	0.00020	-1.00000	-1.00000
343553	Gandy	Cluster	un	18231468	0.59259	-1.00000	-1.00000	0.47803	-1.00000	-1.00000	0.49123	-1.00000	-1.00000	0.00100	-1.00000	-1.00000
343650	Gandy	Cluster	un	18235113	0.29151	-1.00000	-1.00000	0.24848	-1.00000	-1.00000	0.22638	-1.00000	-1.00000	0.00073	-1.00000	-1.00000
343955	Gandy	Cluster	un	18241765	0.06024	-1.00000	-1.00000	0.00707	-1.00000	-1.00000	0.00760	-1.00000	-1.00000	0.00013	-1.00000	-1.00000
344053	Gandy	Cluster	un	18244130	0.30435	-1.00000	-1.00000	0.13208	-1.00000	-1.00000	0.13208	-1.00000	-1.00000	0.00045	-1.00000	-1.00000
344069	Gandy	Cluster	un	18244871	0.33518	-1.00000	-1.00000	0.13430	-1.00000	-1.00000	0.18797	-1.00000	-1.00000	0.00052	-1.00000	-1.00000
344381	Gandy	Cluster	un	18250371	0.00251	-1.00000	-1.00000	0.00009	-1.00000	-1.00000	-0.00000	-1.00000	-1.00000	0.00005	-1.00000	-1.00000
344700	Gandy	Cluster	un	18254342	0.35895	-1.00000	-1.00000	0.17354	-1.00000	-1.00000	0.21613	-1.00000	-1.00000	0.00068	-1.00000	-1.00000
345004	Gandy	Cluster	un	18261875	0.06897	-1.00000	-1.00000	0.00760	-1.00000	-1.00000	0.00760	-1.00000	-1.00000	0.00014	-1.00000	-1.00000
345303	Gandy	Cluster	un	18271345	-0.03016	-1.00000	-1.00000	-0.02442	-1.00000	-1.00000	-0.02880	-1.00000	-1.00000	0.00066	-1.00000	-1.00000
345359	Gandy	Cluster	un	18276147	0.06407	-1.00000	-1.00000	0.00815	-1.00000	-1.00000	0.00571	-1.00000	-1.00000	0.00041	-1.00000	-1.00000
346025	Gandy	Cluster	un	18291305	0.00561	-1.00000	-1.00000	0.00021	-1.00000	-1.00000	0.02159	-1.00000	-1.00000	0.00020	-1.00000	-1.00000
346147	Gandy	Cluster	un	18297099	-0.00000	-1.00000	-1.00000	-0.00000	-1.00000	-1.00000	-0.00000	-1.00000	-1.00000	0.00005	-1.00000	-1.00000
346208	Gandy	Cluster	un	18298557	0.00340	-1.00000	-1.00000	0.00014	-1.00000	-1.00000	0.01768	-1.00000	-1.00000	0.00039	-1.00000	-1.00000
346425	Gandy	Cluster	un	18302651	0.45330	-1.00000	-1.00000	0.32358	-1.00000	-1.00000	0.30539	-1.00000	-1.00000	0.00076	-1.00000	-1.00000
346734	Gandy	Cluster	un	18311362	0.00000	-1.00000	-1.00000	0.00000	-1.00000	-1.00000	-0.00502	-1.00000	-1.00000	0.00021	-1.00000	-1.00000
346948	Gandy	Cluster	un	18313701	-0.00000	-1.00000	-1.00000	-0.00000	-1.00000	-1.00000	-0.00000	-1.00000	-1.00000	0.00004	-1.00000	-1.00000
347087	Gandy	Cluster	un	18318507	0.00251	-1.00000	-1.00000	0.00009	-1.00000	-1.00000	-0.00000	-1.00000	-1.00000	0.00005	-1.00000	-1.00000
347141	Gandy	Cluster	un	18319282	0.07407	-1.00000	-1.00000	0.00881	-1.00000	-1.00000	0.01894	-1.00000	-1.00000	0.00021	-1.00000	-1.00000
347155	Gandy	Cluster	un	18320068	0.71144	-1.00000	-1.00000	0.63782	-1.00000	-1.00000	0.64526	-1.00000	-1.00000	0.00090	-1.00000	-1.00000
347487	Gandy	Cluster	un	18327238	-0.00315	-1.00000	-1.00000	-0.00013	-1.00000	-1.00000	-0.01039	-1.00000	-1.00000	0.00034	-1.00000	-1.00000
347560	Gandy	Cluster	un	18330638	-0.00315	-1.00000	-1.00000	-0.00013	-1.00000	-1.00000	-0.00564	-1.00000	-1.00000	0.00028	-1.00000	-1.00000
347761	Gandy	Cluster	un	18336748	0.79845	-1.00000	-1.00000	0.80446	-1.00000	-1.00000	0.80572	-1.00000	-1.00000	0.00118	-1.00000	-1.00000
348083	Gandy	Cluster	un	18339114	-0.00489	-1.00000	-1.00000	-0.00018	-1.00000	-1.00000	-0.00000	-1.00000	-1.00000	0.00004	-1.00000	-1.00000
349008	Gandy	Cluster	un	18346960	-0.00235	-1.00000	-1.00000	-0.00008	-1.00000	-1.00000	0.00008	-1.00000	-1.00000	0.00012	-1.00000	-1.00000
349998	Gandy	Cluster	un	18351807	0.03704	-1.00000	-1.00000	0.00284	-1.00000	-1.00000	0.00284	-1.00000	-1.00000	0.00009	-1.00000	-1.00000
350095	Gandy	Cluster	un	18354845	0.00251	-1.00000	-1.00000	0.00009	-1.00000	-1.00000	0.00508	-1.00000	-1.00000	0.00013	-1.00000	-1.00000
350566	Gandy	Cluster	un	18360631	-0.01798	-1.00000	-1.00000	-0.00206	-1.00000	-1.00000	-0.00230	-1.00000	-1.00000	0.00014	-1.00000	-1.00000
350586	Gandy	Cluster	un	18361388	0.24449	-1.00000	-1.00000	0.06949	-1.00000	-1.00000	0.15534	-1.00000	-1.00000	0.00050	-1.00000	-1.00000
351151	Gandy	Cluster	un	18364671	0.00290	-1.00000	-1.00000	0.00011	-1.00000	-1.00000	0.00589	-1.00000	-1.00000	0.00012	-1.00000	-1.00000
352512	Gandy	Cluster	un	18382201	0.19785	-1.00000	-1.00000	0.16170	-1.00000	-1.00000	0.20467	-1.00000	-1.00000	0.00070	-1.00000	-1.00000
352621	Gandy	Cluster	un	18386214	0.02760	-1.00000	-1.00000	0.00210	-1.00000	-1.00000	0.00883	-1.00000	-1.00000	0.00025	-1.00000	-1.00000
352713	Gandy	Cluster	un	18386988	0.06897	-1.00000	-1.00000	0.00760	-1.00000	-1.00000	0.00760	-1.00000	-1.00000	0.00011	-1.00000	-1.00000
352753	Gandy	Cluster	un	18387905	0.09920	-1.00000	-1.00000	0.01304	-1.00000	-1.00000	0.02597	-1.00000	-1.00000	0.00023	-1.00000	-1.00000
353208	Gandy	Cluster	un	18391956	0.16584	-1.00000	-1.00000	0.04086	-1.00000	-1.00000	0.04132	-1.00000	-1.00000	0.00024	-1.00000	-1.00000
353785	Gandy	Cluster	un	18399797	-0.00565	-1.00000	-1.00000	-0.00022	-1.00000	-1.00000	0.00778	-1.00000	-1.00000	0.00036	-1.00000	-1.00000
354281	Gandy	Cluster	un	18404496	-0.03282	-1.00000	-1.00000	-0.02707	-1.00000	-1.00000	-0.02120	-1.00000	-1.00000	0.00061	-1.00000	-1.00000
354293	Gandy	Cluster	un	18406938	-0.00235	-1.00000	-1.00000	-0.00008	-1.00000	-1.00000	-0.00000	-1.00000	-1.00000	0.00004	-1.00000	-1.00000
354414	Gandy	Cluster	un	18413481	1.00000	-1.00000	-1.00000	1.00000	-1.00000	-1.00000	1.00000	-1.00000	-1.00000	0.00115	-1.00000	-1.00000
354648	Gandy	Cluster	un	18416714	0.03448	-1.00000	-1.00000	0.00246	-1.00000	-1.00000	0.00246	-1.00000	-1.00000	0.00009	-1.00000	-1.00000
354706	Gandy	Cluster	un	18420706	0.05748	-1.00000	-1.00000	0.00467	-1.00000	-1.00000	0.00394	-1.00000	-1.00000	0.00010	-1.00000	-1.00000
354713	Gandy	Cluster	un	18421519	-0.00000	-1.00000	-1.00000	-0.00000	-1.00000	-1.00000	-0.00000	-1.00000	-1.00000	0.00004	-1.00000	-1.00000
354889	Gandy	Cluster	un	18426382	0.04420	-1.00000	-1.00000	0.00354	-1.00000	-1.00000	0.00029	-1.00000	-1.00000	0.00017	-1.00000	-1.00000
354912	Gandy	Cluster	un	18427191	-0.00565	-1.00000	-1.00000	-0.00022	-1.00000	-1.00000	0.00508	-1.00000	-1.00000	0.00012	-1.00000	-1.00000
355048	Gandy	Cluster	un	18429664	0.03448	-1.00000	-1.00000	0.00246	-1.00000	-1.00000	0.00246	-1.00000	-1.00000	0.00008	-1.00000	-1.00000
355064	Gandy	Cluster	un	18431239	0.81223	-1.00000	-1.00000	0.77087	-1.00000	-1.00000	0.78064	-1.00000	-1.00000	0.00089	-1.00000	-1.00000
355416	Gandy	Cluster	un	18432909	0.11672	-1.00000	-1.00000	0.01853	-1.00000	-1.00000	0.03064	-1.00000	-1.00000	0.00025	-1.00000	-1.00000
355497	Gandy	Cluster	un	18435252	0.00340	-1.00000	-1.00000	0.00014	-1.00000	-1.00000	-0.00601	-1.00000	-1.00000	0.00022	-1.00000	-1.00000
355566	Gandy	Cluster	un	18438361	0.03672	-1.00000	-1.00000	0.00802	-1.00000	-1.00000	0.00233	-1.00000	-1.00000	0.00028	-1.00000	-1.00000
355650	Gandy	Cluster	un	18441561	-0.00000	-1.00000	-1.00000	-0.00000	-1.00000	-1.00000	-0.00000	-1.00000	-1.00000	0.00004	-1.00000	-1.00000
355685	Gandy	Cluster	un	18444513	0.03448	-1.00000	-1.00000	0.00246	-1.00000	-1.00000	0.00246	-1.00000	-1.00000	0.00008	-1.00000	-1.00000
355706	Gandy	Cluster	un	18446231	0.00000	-1.00000	-1.00000	0.00000	-1.00000	-1.00000	0.00508	-1.00000	-1.00000	0.00012	-1.00000	-1.00000
355914	Gandy	Cluster	un	18450197	-0.01273	-1.00000	-1.00000	-0.01237	-1.00000	-1.00000	-0.01967	-1.00000	-1.00000	0.00070	-1.00000	-1.00000
356056	Gandy	Cluster	un	18454130	0.00251	-1.00000	-1.00000	0.00009	-1.00000	-1.00000	-0.00000	-1.00000	-1.00000	0.00004	-1.00000	-1.00000
356098	Gandy	Cluster	un	18455760	0.06024	-1.00000	-1.00000	0.00707	-1.00000	-1.00000	0.00760	-1.00000	-1.00000	0.00013	-1.00000	-1.00000
356464	Gandy	Cluster	un	18472578	0.04828	-1.00000	-1.00000	0.04605	-1.00000	-1.00000	0.04605	-1.00000	-1.00000	0.00063	-1.00000	-1.00000
356489	Gandy	Cluster	un	18474846	0.72093	-1.00000	-1.00000	0.72871	-1.00000	-1.00000	0.69224	-1.00000	-1.00000	0.00102	-1.00000	-1.00000
356633	Gandy	Cluster	un	18479763	0.72142	-1.00000	-1.00000	0.70411	-1.00000	-1.00000	0.69566	-1.00000	-1.00000	0.00105	-1.00000	-1.00000
356910	Gandy	Cluster	un	18486181	0.03704	-1.00000	-1.00000	0.00284	-1.00000	-1.00000	0.01050	-1.00000	-1.00000	0.00016	-1.00000	-1.00000
356913	Gandy	Cluster	un	18486996	-0.03795	-1.00000	-1.00000	-0.00293	-1.00000	-1.00000	0.04194	-1.00000	-1.00000	0.00033	-1.00000	-1.00000
357079	Gandy	Cluster	un	18492755	0.00951	-1.00000	-1.00000	0.00037	-1.00000	-1.00000	0.05121	-1.00000	-1.00000	0.00030	-1.00000	-1.00000
357113	Gandy	Cluster	un	18493521	0.11672	-1.00000	-1.00000	0.01853	-1.00000	-1.00000	0.03064	-1.00000	-1.00000	0.00026	-1.00000	-1.00000
357778	Gandy	Cluster	un	18503056	0.12000	-1.00000	-1.00000	0.06746	-1.00000	-1.00000	0.07746	-1.00000	-1.00000	0.00063	-1.00000	-1.00000
358003	Gandy	Cluster	un	18511783	-0.00235	-1.00000	-1.00000	-0.00008	-1.00000	-1.00000	0.00008	-1.00000	-1.00000	0.00012	-1.00000	-1.00000
358090	Gandy	Cluster	un	18514712	0.36051	-1.00000	-1.00000	0.19258	-1.00000	-1.00000	0.21372	-1.00000	-1.00000	0.00052	-1.00000	-1.00000
358422	Gandy	Cluster	un	18518822	-0.00235	-1.00000	-1.00000	-0.00008	-1.00000	-1.00000	-0.00000	-1.00000	-1.00000	0.00005	-1.00000	-1.00000
358832	Gandy	Cluster	un	18526169	0.00000	-1.00000	-1.00000	0.00000	-1.00000	-1.00000	-0.00502	-1.00000	-1.00000	0.00020	-1.00000	-1.00000
358926	Gandy	Cluster	un	18526964	0.00251	-1.00000	-1.00000	0.00009	-1.00000	-1.00000	0.00508	-1.00000	-1.00000	0.00012	-1.00000	-1.00000
358935	Gandy	Cluster	un	18527819	-0.03704	-1.00000	-1.00000	-0.00275	-1.00000	-1.00000	-0.00786	-1.00000	-1.00000	0.00022	-1.00000	-1.00000
359362	Gandy	Cluster	un	18538217	-0.00270	-1.00000	-1.00000	-0.00010	-1.00000	-1.00000	-0.00558	-1.00000	-1.00000	0.00026	-1.00000	-1.00000
359459	Gandy	Cluster	un	18540560	0.04838	-1.00000	-1.00000	0.00422	-1.00000	-1.00000	-0.00680	-1.00000	-1.00000	0.00035	-1.00000	-1.00000
359622	Gandy	Cluster	un	18541430	0.00251	-1.00000	-1.00000	0.00009	-1.00000	-1.00000	0.00508	-1.00000	-1.00000	0.00012	-1.00000	-1.00000
359701	Gandy	Cluster	un	18542269	-0.03980	-1.00000	-1.00000	-0.04027	-1.00000	-1.00000	-0.06042	-1.00000	-1.00000	0.00078	-1.00000	-1.00000
359771	Gandy	Cluster	un	18543083	0.03555	-1.00000	-1.00000	0.00306	-1.00000	-1.00000	0.00332	-1.00000	-1.00000	0.00010	-1.00000	-1.00000
361174	Gandy	Cluster	un	18553324	0.22804	-1.00000	-1.00000	0.23502	-1.00000	-1.00000	0.22645	-1.00000	-1.00000	0.00077	-1.00000	-1.00000
363593	Gandy	Cluster	un	18562671	-0.03279	-1.00000	-1.00000	-0.00386	-1.00000	-1.00000	0.03483	-1.00000	-1.00000	0.00039	-1.00000	-1.00000
363994	Gandy	Cluster	un	18568931	0.05748	-1.00000	-1.00000	0.00467	-1.00000	-1.00000	0.01434	-1.00000	-1.00000	0.00018	-1.00000	-1.00000
364892	Gandy	Cluster	un	18572226	0.00340	-1.00000	-1.00000	0.00014	-1.00000	-1.00000	0.00110	-1.00000	-1.00000	0.00027	-1.00000	-1.00000
365446	Gandy	Cluster	un	18581816	0.04420	-1.00000	-1.00000	0.00354	-1.00000	-1.00000	0.00705	-1.00000	-1.00000	0.00030	-1.00000	-1.00000
365455	Gandy	Cluster	un	18582643	-0.04000	-1.00000	-1.00000	-0.00321	-1.00000	-1.00000	-0.00652	-1.00000	-1.00000	0.00032	-1.00000	-1.00000
365545	Gandy	Cluster	un	18590009	0.07875	-1.00000	-1.00000	0.00908	-1.00000	-1.00000	0.00881	-1.00000	-1.00000	0.00014	-1.00000	-1.00000
365771	Gandy	Cluster	un	18595498	0.04820	-1.00000	-1.00000	0.00374	-1.00000	-1.00000	0.00332	-1.00000	-1.00000	0.00009	-1.00000	-1.00000
365823	Gandy	Cluster	un	18596336	0.00561	-1.00000	-1.00000	0.00021	-1.00000	-1.00000	0.00589	-1.00000	-1.00000	0.00014	-1.00000	-1.00000
365937	Gandy	Cluster	un	18599490	0.29006	-1.00000	-1.00000	0.09910	-1.00000	-1.00000	0.18781	-1.00000	-1.00000	0.00056	-1.00000	-1.00000
365960	Gandy	Cluster	un	18602713	0.10528	-1.00000	-1.00000	0.01778	-1.00000	-1.00000	0.00499	-1.00000	-1.00000	0.00036	-1.00000	-1.00000
366006	Gandy	Cluster	un	18604347	0.09302	-1.00000	-1.00000	0.01497	-1.00000	-1.00000	0.00852	-1.00000	-1.00000	0.00025	-1.00000	-1.00000
366078	Gandy	Cluster	un	18605867	0.05755	-1.00000	-1.00000	0.01280	-1.00000	-1.00000	0.00722	-1.00000	-1.00000	0.00038	-1.00000	-1.00000
366124	Gandy	Cluster	un	18607412	-0.02382	-1.00000	-1.00000	-0.01126	-1.00000	-1.00000	-0.00341	-1.00000	-1.00000	0.00047	-1.00000	-1.00000
366156	Gandy	Cluster	un	18608980	-0.00000	-1.00000	-1.00000	-0.00000	-1.00000	-1.00000	-0.00000	-1.00000	-1.00000	0.00004	-1.00000	-1.00000
366323	Gandy	Cluster	un	18612901	0.11672	-1.00000	-1.00000	0.01853	-1.00000	-1.00000	0.03064	-1.00000	-1.00000	0.00025	-1.00000	-1.00000
366349	Gandy	Cluster	un	18613715	0.00561	-1.00000	-1.00000	0.00021	-1.00000	-1.00000	0.02159	-1.00000	-1.00000	0.00020	-1.00000	-1.00000
366367	Gandy	Cluster	un	18615380	0.00656	-1.00000	-1.00000	0.00026	-1.00000	-1.00000	0.01989	-1.00000	-1.00000	0.00036	-1.00000	-1.00000
366482	Gandy	Cluster	un	18619889	1.00000	-1.00000	-1.00000	1.00000	-1.00000	-1.00000	1.00000	-1.00000	-1.00000	0.00138	-1.00000	-1.00000
366485	Gandy	Cluster	un	18620613	0.03704	-1.00000	-1.00000	0.00284	-1.00000	-1.00000	0.00284	-1.00000	-1.00000	0.00009	-1.00000	-1.00000
367056	Gandy	Cluster	un	18630228	0.00951	-1.00000	-1.00000	0.00037	-1.00000	-1.00000	0.02512	-1.00000	-1.00000	0.00022	-1.00000	-1.00000
367984	Gandy	Cluster	un	18638007	0.23364	-1.00000	-1.00000	0.08013	-1.00000	-1.00000	0.08069	-1.00000	-1.00000	0.00032	-1.00000	-1.00000
368430	Gandy	Cluster	un	18642830	0.03114	-1.00000	-1.00000	0.00229	-1.00000	-1.00000	0.00018	-1.00000	-1.00000	0.00015	-1.00000	-1.00000
368715	Gandy	Cluster	un	18648608	0.00000	-1.00000	-1.00000	0.00000	-1.00000	-1.00000	0.00508	-1.00000	-1.00000	0.00013	-1.00000	-1.00000
368720	Gandy	Cluster	un	18650120	0.00251	-1.00000	-1.00000	0.00009	-1.00000	-1.00000	0.00508	-1.00000	-1.00000	0.00012	-1.00000	-1.00000
368898	Gandy	Cluster	un	18653358	0.00000	-1.00000	-1.00000	0.00000	-1.00000	-1.00000	0.00508	-1.00000	-1.00000	0.00012	-1.00000	-1.00000
368985	Gandy	Cluster	un	18655576	0.00656	-1.00000	-1.00000	0.00026	-1.00000	-1.00000	0.00691	-1.00000	-1.00000	0.00014	-1.00000	-1.00000
369000	Gandy	Cluster	un	18656426	-0.00000	-1.00000	-1.00000	-0.00000	-1.00000	-1.00000	-0.00000	-1.00000	-1.00000	0.00004	-1.00000	-1.00000
369098	Gandy	Cluster	un	18660544	0.00000	-1.00000	-1.00000	0.00000	-1.00000	-1.00000	-0.00009	-1.00000	-1.00000	0.00013	-1.00000	-1.00000
369374	Gandy	Cluster	un	18661318	0.00251	-1.00000	-1.00000	0.00009	-1.00000	-1.00000	0.00508	-1.00000	-1.00000	0.00013	-1.00000	-1.00000
369379	Gandy	Cluster	un	18662117	-0.00315	-1.00000	-1.00000	-0.00013	-1.00000	-1.00000	-0.01039	-1.00000	-1.00000	0.00039	-1.00000	-1.00000
370208	Gandy	Cluster	un	18672338	-0.00000	-1.00000	-1.00000	-0.00000	-1.00000	-1.00000	-0.00050	-1.00000	-1.00000	0.00028	-1.00000	-1.00000
370284	Gandy	Cluster	un	18673952	-0.00235	-1.00000	-1.00000	-0.00008	-1.00000	-1.00000	0.00008	-1.00000	-1.00000	0.00012	-1.00000	-1.00000
370357	Gandy	Cluster	un	18675591	0.03114	-1.00000	-1.00000	0.00229	-1.00000	-1.00000	0.00246	-1.00000	-1.00000	0.00008	-1.00000	-1.00000
370611	Gandy	Cluster	un	18682723	0.89655	-1.00000	-1.00000	0.88973	-1.00000	-1.00000	0.88973	-1.00000	-1.00000	0.00113	-1.00000	-1.00000
370626	Gandy	Cluster	un	18683523	0.00251	-1.00000	-1.00000	0.00009	-1.00000	-1.00000	-0.00000	-1.00000	-1.00000	0.00005	-1.00000	-1.00000
370882	Gandy	Cluster	un	18685102	0.11111	-1.00000	-1.00000	0.01818	-1.00000	-1.00000	0.01289	-1.00000	-1.00000	0.00029	-1.00000	-1.00000
371008	Gandy	Cluster	un	18686582	-0.00258	-1.00000	-1.00000	-0.00101	-1.00000	-1.00000	-0.00756	-1.00000	-1.00000	0.00044	-1.00000	-1.00000
371036	Gandy	Cluster	un	18687426	-0.00000	-1.00000	-1.00000	-0.00000	-1.00000	-1.00000	-0.00000	-1.00000	-1.00000	0.00005	-1.00000	-1.00000
371377	Gandy	Cluster	un	18688221	0.00561	-1.00000	-1.00000	0.00021	-1.00000	-1.00000	0.00589	-1.00000	-1.00000	0.00014	-1.00000	-1.00000
371841	Gandy	Cluster	un	18694844	0.03448	-1.00000	-1.00000	0.00246	-1.00000	-1.00000	0.00246	-1.00000	-1.00000	0.00009	-1.00000	-1.00000
372360	Gandy	Cluster	un	18698895	-0.00565	-1.00000	-1.00000	-0.00022	-1.00000	-1.00000	0.00037	-1.00000	-1.00000	0.00013	-1.00000	-1.00000
373245	Gandy	Cluster	un	18709970	-0.00489	-1.00000	-1.00000	-0.00018	-1.00000	-1.00000	-0.00000	-1.00000	-1.00000	0.00004	-1.00000	-1.00000
373370	Gandy	Cluster	un	18713080	-0.00000	-1.00000	-1.00000	-0.00000	-1.00000	-1.00000	-0.01068	-1.00000	-1.00000	0.00032	-1.00000	-1.00000
373753	Gandy	Cluster	un	18713885	-0.00565	-1.00000	-1.00000	-0.00022	-1.00000	-1.00000	-0.00619	-1.00000	-1.00000	0.00020	-1.00000	-1.00000
375291	Gandy	Cluster	un	18736049	-0.00235	-1.00000	-1.00000	-0.00008	-1.00000	-1.00000	-0.00000	-1.00000	-1.00000	0.00004	-1.00000	-1.00000
375356	Gandy	Cluster	un	18738456	-0.00489	-1.00000	-1.00000	-0.00018	-1.00000	-1.00000	0.01104	-1.00000	-1.00000	0.00020	-1.00000	-1.00000
375443	Gandy	Cluster	un	18740756	0.00251	-1.00000	-1.00000	0.00009	-1.00000	-1.00000	-0.00000	-1.00000	-1.00000	0.00004	-1.00000	-1.00000
375670	Gandy	Cluster	un	18743141	0.04000	-1.00000	-1.00000	0.00332	-1.00000	-1.00000	-0.00561	-1.00000	-1.00000	0.00033	-1.00000	-1.00000
375779	Gandy	Cluster	un	18747192	0.00000	-1.00000	-1.00000	0.00000	-1.00000	-1.00000	-0.01682	-1.00000	-1.00000	0.00042	-1.00000	-1.00000
376035	Gandy	Cluster	un	18757550	0.29006	-1.00000	-1.00000	0.09910	-1.00000	-1.00000	0.18781	-1.00000	-1.00000	0.00056	-1.00000	-1.00000
376068	Gandy	Cluster	un	18759188	0.45419	-1.00000	-1.00000	0.27868	-1.00000	-1.00000	0.29725	-1.00000	-1.00000	0.00061	-1.00000	-1.00000
376157	Gandy	Cluster	un	18763271	0.04593	-1.00000	-1.00000	0.01548	-1.00000	-1.00000	0.00859	-1.00000	-1.00000	0.00036	-1.00000	-1.00000
377074	Gandy	Cluster	un	18784656	1.00000	-1.00000	-1.00000	1.00000	-1.00000	-1.00000	1.00000	-1.00000	-1.00000	0.00126	-1.00000	-1.00000
381435	Gandy	Cluster	un	18807976	0.02760	-1.00000	-1.00000	0.00210	-1.00000	-1.00000	0.00246	-1.00000	-1.00000	0.00008	-1.00000	-1.00000
381728	Gandy	Cluster	un	18809595	0.08745	-1.00000	-1.00000	0.01453	-1.00000	-1.00000	0.01567	-1.00000	-1.00000	0.00017	-1.00000	-1.00000
382486	Gandy	Cluster	un	18813793	0.92839	-1.00000	-1.00000	0.92331	-1.00000	-1.00000	0.92388	-1.00000	-1.00000	0.00131	-1.00000	-1.00000
382572	Gandy	Cluster	un	18814507	-0.01323	-1.00000	-1.00000	-0.01340	-1.00000	-1.00000	-0.01135	-1.00000	-1.00000	0.00065	-1.00000	-1.00000
382690	Gandy	Cluster	un	18815329	0.00000	-1.00000	-1.00000	0.00000	-1.00000	-1.00000	-0.00502	-1.00000	-1.00000	0.00017	-1.00000	-1.00000
382844	Gandy	Cluster	un	18816993	-0.03841	-1.00000	-1.00000	-0.00296	-1.00000	-1.00000	-0.00844	-1.00000	-1.00000	0.00023	-1.00000	-1.00000
385014	Gandy	Cluster	un	18830209	0.00340	-1.00000	-1.00000	0.00014	-1.00000	-1.00000	-0.01093	-1.00000	-1.00000	0.00033	-1.00000	-1.00000
385492	Gandy	Cluster	un	18834318	0.08478	-1.00000	-1.00000	0.02685	-1.00000	-1.00000	0.03776	-1.00000	-1.00000	0.00048	-1.00000	-1.00000
385683	Gandy	Cluster	un	18836800	0.00251	-1.00000	-1.00000	0.00009	-1.00000	-1.00000	0.00508	-1.00000	-1.00000	0.00012	-1.00000	-1.00000
386784	Gandy	Cluster	un	18845670	0.02382	-1.00000	-1.00000	0.00187	-1.00000	-1.00000	0.01069	-1.00000	-1.00000	0.00022	-1.00000	-1.00000
387057	Gandy	Cluster	un	18848995	0.00951	-1.00000	-1.00000	0.00037	-1.00000	-1.00000	0.05121	-1.00000	-1.00000	0.00032	-1.00000	-1.00000
425885	Gandy	Cluster	un	18870290	-0.03567	-1.00000	-1.00000	-0.00255	-1.00000	-1.00000	0.00018	-1.00000	-1.00000	0.00015	-1.00000	-1.00000
427173	Gandy	Cluster	un	18874487	-0.00000	-1.00000	-1.00000	-0.00000	-1.00000	-1.00000	-0.01068	-1.00000	-1.00000	0.00030	-1.00000	-1.00000
427203	Gandy	Cluster	un	18876106	-0.00489	-1.00000	-1.00000	-0.00018	-1.00000	-1.00000	-0.00000	-1.00000	-1.00000	0.00004	-1.00000	-1.00000
428059	Gandy	Cluster	un	18886231	0.15460	-1.00000	-1.00000	0.03162	-1.00000	-1.00000	0.03120	-1.00000	-1.00000	0.00021	-1.00000	-1.00000
428155	Gandy	Cluster	un	18887855	0.09920	-1.00000	-1.00000	0.01304	-1.00000	-1.00000	0.05025	-1.00000	-1.00000	0.00031	-1.00000	-1.00000
429827	Gandy	Cluster	un	18895532	0.06541	-1.00000	-1.00000	0.01407	-1.00000	-1.00000	0.05263	-1.00000	-1.00000	0.00039	-1.00000	-1.00000
430408	Gandy	Cluster	un	18899473	0.08696	-1.00000	-1.00000	0.01227	-1.00000	-1.00000	0.01752	-1.00000	-1.00000	0.00037	-1.00000	-1.00000
431296	Gandy	Cluster	un	18905959	0.00000	-1.00000	-1.00000	0.00000	-1.00000	-1.00000	0.05121	-1.00000	-1.00000	0.00025	-1.00000	-1.00000
431633	Gandy	Cluster	un	18906890	1.00000	-1.00000	-1.00000	1.00000	-1.00000	-1.00000	1.00000	-1.00000	-1.00000	0.00125	-1.00000	-1.00000
432826	Gandy	Cluster	un	18914095	0.15194	-1.00000	-1.00000	0.02682	-1.00000	-1.00000	0.06897	-1.00000	-1.00000	0.00038	-1.00000	-1.00000
433760	Gandy	Cluster	un	18918916	0.19238	-1.00000	-1.00000	0.04856	-1.00000	-1.00000	0.06452	-1.00000	-1.00000	0.00031	-1.00000	-1.00000
433817	Gandy	Cluster	un	18919789	0.03448	-1.00000	-1.00000	0.00246	-1.00000	-1.00000	0.00246	-1.00000	-1.00000	0.00008	-1.00000	-1.00000
435366	Gandy	Cluster	un	18926325	0.00251	-1.00000	-1.00000	0.00009	-1.00000	-1.00000	-0.00000	-1.00000	-1.00000	0.00004	-1.00000	-1.00000
435491	Gandy	Cluster	un	18927161	0.09149	-1.00000	-1.00000	0.02614	-1.00000	-1.00000	0.01963	-1.00000	-1.00000	0.00040	-1.00000	-1.00000
435934	Gandy	Cluster	un	18932170	-0.00565	-1.00000	-1.00000	-0.00022	-1.00000	-1.00000	0.00778	-1.00000	-1.00000	0.00035	-1.00000	-1.00000
435936	Gandy	Cluster	un	18932939	-0.02407	-1.00000	-1.00000	-0.00274	-1.00000	-1.00000	-0.00273	-1.00000	-1.00000	0.00020	-1.00000	-1.00000
436691	Gandy	Cluster	un	18940806	0.07407	-1.00000	-1.00000	0.00881	-1.00000	-1.00000	0.01894	-1.00000	-1.00000	0.00021	-1.00000	-1.00000
436708	Gandy	Cluster	un	18942378	0.28712	-1.00000	-1.00000	0.12236	-1.00000	-1.00000	0.10114	-1.00000	-1.00000	0.00045	-1.00000	-1.00000
436852	Gandy	Cluster	un	18944142	-0.02529	-1.00000	-1.00000	-0.02594	-1.00000	-1.00000	-0.02594	-1.00000	-1.00000	0.00062	-1.00000	-1.00000
436879	Gandy	Cluster	un	18944955	0.14815	-1.00000	-1.00000	0.03120	-1.00000	-1.00000	0.03120	-1.00000	-1.00000	0.00022	-1.00000	-1.00000
437442	Gandy	Cluster	un	18953906	-0.00270	-1.00000	-1.00000	-0.00010	-1.00000	-1.00000	0.00508	-1.00000	-1.00000	0.00013	-1.00000	-1.00000
437611	Gandy	Cluster	un	18956355	0.25033	-1.00000	-1.00000	0.10361	-1.00000	-1.00000	0.08505	-1.00000	-1.00000	0.00047	-1.00000	-1.00000
438080	Gandy	Cluster	un	18960317	0.03114	-1.00000	-1.00000	0.00229	-1.00000	-1.00000	0.00246	-1.00000	-1.00000	0.00009	-1.00000	-1.00000
438284	Gandy	Cluster	un	18961970	-0.00000	-1.00000	-1.00000	-0.00000	-1.00000	-1.00000	-0.00050	-1.00000	-1.00000	0.00026	-1.00000	-1.00000
438833	Gandy	Cluster	un	18964551	0.07875	-1.00000	-1.00000	0.00908	-1.00000	-1.00000	0.00881	-1.00000	-1.00000	0.00015	-1.00000	-1.00000
438898	Gandy	Cluster	un	18965286	0.23006	-1.00000	-1.00000	0.06951	-1.00000	-1.00000	0.08696	-1.00000	-1.00000	0.00039	-1.00000	-1.00000
439320	Gandy	Cluster	un	18966825	-0.02708	-1.00000	-1.00000	-0.02525	-1.00000	-1.00000	-0.03973	-1.00000	-1.00000	0.00076	-1.00000	-1.00000
440434	Gandy	Cluster	un	18982303	0.00290	-1.00000	-1.00000	0.00011	-1.00000	-1.00000	0.00088	-1.00000	-1.00000	0.00026	-1.00000	-1.00000
441478	Gandy	Cluster	un	18994264	-0.00767	-1.00000	-1.00000	-0.00029	-1.00000	-1.00000	0.03472	-1.00000	-1.00000	0.00029	-1.00000	-1.00000
441486	Gandy	Cluster	un	18995816	-0.02184	-1.00000	-1.00000	-0.00259	-1.00000	-1.00000	-0.00809	-1.00000	-1.00000	0.00028	-1.00000	-1.00000
441523	Gandy	Cluster	un	18998242	-0.02569	-1.00000	-1.00000	-0.00281	-1.00000	-1.00000	-0.00237	-1.00000	-1.00000	0.00018	-1.00000	-1.00000
443738	Gandy	Cluster	un	19011836	0.33333	-1.00000	-1.00000	0.15625	-1.00000	-1.00000	0.13983	-1.00000	-1.00000	0.00052	-1.00000	-1.00000
444724	Gandy	Cluster	un	19015782	0.41520	-1.00000	-1.00000	0.34561	-1.00000	-1.00000	0.34604	-1.00000	-1.00000	0.00067	-1.00000	-1.00000
445623	Gandy	Cluster	un	19018199	0.00561	-1.00000	-1.00000	0.00021	-1.00000	-1.00000	0.00589	-1.00000	-1.00000	0.00012	-1.00000	-1.00000
445929	Gandy	Cluster	un	19021591	0.04838	-1.00000	-1.00000	0.00422	-1.00000	-1.00000	0.03571	-1.00000	-1.00000	0.00033	-1.00000	-1.00000
448256	Gandy	Cluster	un	19025430	0.06024	-1.00000	-1.00000	0.00707	-1.00000	-1.00000	0.00760	-1.00000	-1.00000	0.00013	-1.00000	-1.00000
450306	Gandy	Cluster	un	19032593	0.03320	-1.00000	-1.00000	0.00263	-1.00000	-1.00000	0.01050	-1.00000	-1.00000	0.00016	-1.00000	-1.00000
451263	Gandy	Cluster	un	19037500	-0.03684	-1.00000	-1.00000	-0.00273	-1.00000	-1.00000	0.00061	-1.00000	-1.00000	0.00016	-1.00000	-1.00000
451832	Gandy	Cluster	un	19040004	-0.00489	-1.00000	-1.00000	-0.00018	-1.00000	-1.00000	0.01104	-1.00000	-1.00000	0.00021	-1.00000	-1.00000
454037	Gandy	Cluster	un	19050515	0.00290	-1.00000	-1.00000	0.00011	-1.00000	-1.00000	0.00589	-1.00000	-1.00000	0.00015	-1.00000	-1.00000
454265	Gandy	Cluster	un	19052909	0.07407	-1.00000	-1.00000	0.00881	-1.00000	-1.00000	0.01894	-1.00000	-1.00000	0.00020	-1.00000	-1.00000
454877	Gandy	Cluster	un	19054508	-0.02407	-1.00000	-1.00000	-0.00274	-1.00000	-1.00000	-0.00274	-1.00000	-1.00000	0.00014	-1.00000	-1.00000
455471	Gandy	Cluster	un	19056012	0.03448	-1.00000	-1.00000	0.00246	-1.00000	-1.00000	0.00246	-1.00000	-1.00000	0.00008	-1.00000	-1.00000
456298	Gandy	Cluster	un	19061852	0.04820	-1.00000	-1.00000	0.00374	-1.00000	-1.00000	0.01220	-1.00000	-1.00000	0.00018	-1.00000	-1.00000
456959	Gandy	Cluster	un	19063489	-0.04000	-1.00000	-1.00000	-0.00321	-1.00000	-1.00000	-0.00024	-1.00000	-1.00000	0.00018	-1.00000	-1.00000
458584	Gandy	Cluster	un	19068157	-0.00489	-1.00000	-1.00000	-0.00018	-1.00000	-1.00000	0.00029	-1.00000	-1.00000	0.00013	-1.00000	-1.00000
458860	Gandy	Cluster	un	19068949	0.37984	-1.00000	-1.00000	0.17493	-1.00000	-1.00000	0.19700	-1.00000	-1.00000	0.00054	-1.00000	-1.00000
458931	Gandy	Cluster	un	19069739	0.14147	-1.00000	-1.00000	0.03071	-1.00000	-1.00000	0.01546	-1.00000	-1.00000	0.00036	-1.00000	-1.00000
459120	Gandy	Cluster	un	19072208	0.04348	-1.00000	-1.00000	0.00394	-1.00000	-1.00000	-0.00033	-1.00000	-1.00000	0.00046	-1.00000	-1.00000
459135	Gandy	Cluster	un	19072947	0.58784	-1.00000	-1.00000	0.52960	-1.00000	-1.00000	0.52243	-1.00000	-1.00000	0.00080	-1.00000	-1.00000
459184	Gandy	Cluster	un	19073798	0.04820	-1.00000	-1.00000	0.00374	-1.00000	-1.00000	0.03064	-1.00000	-1.00000	0.00022	-1.00000	-1.00000
459601	Gandy	Cluster	un	19075505	-0.01877	-1.00000	-1.00000	-0.00233	-1.00000	-1.00000	0.01881	-1.00000	-1.00000	0.00036	-1.00000	-1.00000
461043	Gandy	Cluster	un	19081293	0.00290	-1.00000	-1.00000	0.00011	-1.00000	-1.00000	-0.00518	-1.00000	-1.00000	0.00019	-1.00000	-1.00000
461236	Gandy	Cluster	un	19082165	0.01411	-1.00000	-1.00000	0.00223	-1.00000	-1.00000	0.01115	-1.00000	-1.00000	0.00026	-1.00000	-1.00000
463566	Gandy	Cluster	un	19092550	0.00340	-1.00000	-1.00000	0.00014	-1.00000	-1.00000	-0.01093	-1.00000	-1.00000	0.00036	-1.00000	-1.00000
463691	Gandy	Cluster	un	19093298	-0.00270	-1.00000	-1.00000	-0.00010	-1.00000	-1.00000	-0.00488	-1.00000	-1.00000	0.00028	-1.00000	-1.00000
463814	Gandy	Cluster	un	19094065	-0.00565	-1.00000	-1.00000	-0.00022	-1.00000	-1.00000	0.01286	-1.00000	-1.00000	0.00022	-1.00000	-1.00000
464232	Gandy	Cluster	un	19095685	-0.00235	-1.00000	-1.00000	-0.00008	-1.00000	-1.00000	-0.00000	-1.00000	-1.00000	0.00004	-1.00000	-1.00000
464606	Gandy	Cluster	un	19098881	0.00000	-1.00000	-1.00000	0.00000	-1.00000	-1.00000	-0.00502	-1.00000	-1.00000	0.00019	-1.00000	-1.00000
465102	Gandy	Cluster	un	19101248	0.39540	-1.00000	-1.00000	0.35379	-1.00000	-1.00000	0.35415	-1.00000	-1.00000	0.00070	-1.00000	-1.00000
466566	Gandy	Cluster	un	19111580	0.07875	-1.00000	-1.00000	0.00908	-1.00000	-1.00000	0.01894	-1.00000	-1.00000	0.00020	-1.00000	-1.00000
467549	Gandy	Cluster	un	19119534	-0.00000	-1.00000	-1.00000	-0.00000	-1.00000	-1.00000	-0.00000	-1.00000	-1.00000	0.00004	-1.00000	-1.00000
467777	Gandy	Cluster	un	19122817	-0.00235	-1.00000	-1.00000	-0.00008	-1.00000	-1.00000	0.00008	-1.00000	-1.00000	0.00012	-1.00000	-1.00000
467934	Gandy	Cluster	un	19125910	0.74761	-1.00000	-1.00000	0.74507	-1.00000	-1.00000	0.74507	-1.00000	-1.00000	0.00106	-1.00000	-1.00000
467960	Gandy	Cluster	un	19126685	0.03320	-1.00000	-1.00000	0.00263	-1.00000	-1.00000	0.01050	-1.00000	-1.00000	0.00017	-1.00000	-1.00000
467996	Gandy	Cluster	un	19127458	0.12602	-1.00000	-1.00000	0.08251	-1.00000	-1.00000	0.06473	-1.00000	-1.00000	0.00071	-1.00000	-1.00000
468380	Gandy	Cluster	un	19131310	0.03448	-1.00000	-1.00000	0.00246	-1.00000	-1.00000	0.00246	-1.00000	-1.00000	0.00008	-1.00000	-1.00000
468492	Gandy	Cluster	un	19132133	0.37037	-1.00000	-1.00000	0.19332	-1.00000	-1.00000	0.18739	-1.00000	-1.00000	0.00052	-1.00000	-1.00000
468571	Gandy	Cluster	un	19133029	0.17985	-1.00000	-1.00000	0.08612	-1.00000	-1.00000	0.10527	-1.00000	-1.00000	0.00050	-1.00000	-1.00000
469663	Gandy	Cluster	un	19139930	0.19970	-1.00000	-1.00000	0.05872	-1.00000	-1.00000	0.04666	-1.00000	-1.00000	0.00035	-1.00000	-1.00000
469700	Gandy	Cluster	un	19140738	-0.00767	-1.00000	-1.00000	-0.00029	-1.00000	-1.00000	-0.00000	-1.00000	-1.00000	0.00004	-1.00000	-1.00000
470893	Gandy	Cluster	un	19151968	0.00167	-1.00000	-1.00000	0.00094	-1.00000	-1.00000	-0.00758	-1.00000	-1.00000	0.00060	-1.00000	-1.00000
471518	Gandy	Cluster	un	19159950	-0.01029	-1.00000	-1.00000	-0.00269	-1.00000	-1.00000	-0.01445	-1.00000	-1.00000	0.00050	-1.00000	-1.00000
472557	Gandy	Cluster	un	19165584	-0.03755	-1.00000	-1.00000	-0.01680	-1.00000	-1.00000	-0.03554	-1.00000	-1.00000	0.00068	-1.00000	-1.00000
472868	Gandy	Cluster	un	19167207	0.00000	-1.00000	-1.00000	0.00000	-1.00000	-1.00000	-0.00000	-1.00000	-1.00000	0.00004	-1.00000	-1.00000
473113	Gandy	Cluster	un	19168844	0.03704	-1.00000	-1.00000	0.00284	-1.00000	-1.00000	-0.00227	-1.00000	-1.00000	0.00023	-1.00000	-1.00000
473225	Gandy	Cluster	un	19170705	-0.03704	-1.00000	-1.00000	-0.00275	-1.00000	-1.00000	-0.00019	-1.00000	-1.00000	0.00017	-1.00000	-1.00000
473360	Gandy	Cluster	un	19173196	0.15703	-1.00000	-1.00000	0.13482	-1.00000	-1.00000	0.16384	-1.00000	-1.00000	0.00074	-1.00000	-1.00000
473906	Gandy	Cluster	un	19181325	0.15573	-1.00000	-1.00000	0.06603	-1.00000	-1.00000	0.04723	-1.00000	-1.00000	0.00058	-1.00000	-1.00000
473912	Gandy	Cluster	un	19182134	0.07436	-1.00000	-1.00000	0.00994	-1.00000	-1.00000	0.00309	-1.00000	-1.00000	0.00031	-1.00000	-1.00000
474289	Gandy	Cluster	un	19190169	0.00251	-1.00000	-1.00000	0.00009	-1.00000	-1.00000	0.00508	-1.00000	-1.00000	0.00012	-1.00000	-1.00000
478992	Gandy	Cluster	un	19223105	0.05304	-1.00000	-1.00000	0.00446	-1.00000	-1.00000	0.06452	-1.00000	-1.00000	0.00033	-1.00000	-1.00000
479209	Gandy	Cluster	un	19225542	0.00000	-1.00000	-1.00000	0.00000	-1.00000	-1.00000	-0.01276	-1.00000	-1.00000	0.00039	-1.00000	-1.00000
479851	Gandy	Cluster	un	19228767	0.12595	-1.00000	-1.00000	0.02599	-1.00000	-1.00000	0.02685	-1.00000	-1.00000	0.00020	-1.00000	-1.00000
480224	Gandy	Cluster	un	19233597	0.20000	-1.00000	-1.00000	0.05660	-1.00000	-1.00000	0.10217	-1.00000	-1.00000	0.00045	-1.00000	-1.00000
480353	Gandy	Cluster	un	19235821	0.04420	-1.00000	-1.00000	0.00354	-1.00000	-1.00000	-0.00175	-1.00000	-1.00000	0.00023	-1.00000	-1.00000
481054	Gandy	Cluster	un	19240354	0.12264	-1.00000	-1.00000	0.08781	-1.00000	-1.00000	0.10531	-1.00000	-1.00000	0.00064	-1.00000	-1.00000
482242	Gandy	Cluster	un	19247447	-0.00000	-1.00000	-1.00000	-0.00000	-1.00000	-1.00000	-0.00581	-1.00000	-1.00000	0.00021	-1.00000	-1.00000
483272	Gandy	Cluster	un	19255748	0.05748	-1.00000	-1.00000	0.00467	-1.00000	-1.00000	0.01434	-1.00000	-1.00000	0.00019	-1.00000	-1.00000
483817	Gandy	Cluster	un	19258058	-0.00767	-1.00000	-1.00000	-0.00029	-1.00000	-1.00000	0.01323	-1.00000	-1.00000	0.00025	-1.00000	-1.00000
484381	Gandy	Cluster	un	19258757	-0.00489	-1.00000	-1.00000	-0.00018	-1.00000	-1.00000	0.01104	-1.00000	-1.00000	0.00020	-1.00000	-1.00000
484809	Gandy	Cluster	un	19261155	0.33944	-1.00000	-1.00000	0.14624	-1.00000	-1.00000	0.16697	-1.00000	-1.00000	0.00051	-1.00000	-1.00000
484947	Gandy	Cluster	un	19262778	0.00340	-1.00000	-1.00000	0.00014	-1.00000	-1.00000	-0.00378	-1.00000	-1.00000	0.00037	-1.00000	-1.00000
485465	Gandy	Cluster	un	19264371	-0.03131	-1.00000	-1.00000	-0.01341	-1.00000	-1.00000	0.01687	-1.00000	-1.00000	0.00047	-1.00000	-1.00000
485537	Gandy	Cluster	un	19265226	-0.00270	-1.00000	-1.00000	-0.00010	-1.00000	-1.00000	-0.00488	-1.00000	-1.00000	0.00027	-1.00000	-1.00000
485804	Gandy	Cluster	un	19266881	0.00561	-1.00000	-1.00000	0.00021	-1.00000	-1.00000	0.00589	-1.00000	-1.00000	0.00013	-1.00000	-1.00000
485808	Gandy	Cluster	un	19267679	0.56000	-1.00000	-1.00000	0.43299	-1.00000	-1.00000	0.43732	-1.00000	-1.00000	0.00082	-1.00000	-1.00000
485819	Gandy	Cluster	un	19268470	0.05304	-1.00000	-1.00000	0.00446	-1.00000	-1.00000	0.01434	-1.00000	-1.00000	0.00019	-1.00000	-1.00000
488281	Gandy	Cluster	un	19279529	0.02382	-1.00000	-1.00000	0.00187	-1.00000	-1.00000	0.01069	-1.00000	-1.00000	0.00024	-1.00000	-1.00000
488962	Gandy	Cluster	un	19286440	0.37986	-1.00000	-1.00000	0.19396	-1.00000	-1.00000	0.19332	-1.00000	-1.00000	0.00045	-1.00000	-1.00000
493947	Gandy	Cluster	un	19298567	0.19238	-1.00000	-1.00000	0.04856	-1.00000	-1.00000	0.04808	-1.00000	-1.00000	0.00026	-1.00000	-1.00000
494648	Gandy	Cluster	un	19302619	0.00656	-1.00000	-1.00000	0.00026	-1.00000	-1.00000	0.01989	-1.00000	-1.00000	0.00030	-1.00000	-1.00000
495311	Gandy	Cluster	un	19307004	0.06897	-1.00000	-1.00000	0.00760	-1.00000	-1.00000	0.00760	-1.00000	-1.00000	0.00012	-1.00000	-1.00000
495585	Gandy	Cluster	un	19307812	0.00290	-1.00000	-1.00000	0.00011	-1.00000	-1.00000	-0.00518	-1.00000	-1.00000	0.00019	-1.00000	-1.00000
496754	Gandy	Cluster	un	19310194	-0.00000	-1.00000	-1.00000	-0.00000	-1.00000	-1.00000	-0.00011	-1.00000	-1.00000	0.00012	-1.00000	-1.00000
498000	Gandy	Cluster	un	19314340	0.05748	-1.00000	-1.00000	0.00467	-1.00000	-1.00000	0.06452	-1.00000	-1.00000	0.00030	-1.00000	-1.00000
499343	Gandy	Cluster	un	19319937	0.03555	-1.00000	-1.00000	0.00306	-1.00000	-1.00000	-0.01045	-1.00000	-1.00000	0.00045	-1.00000	-1.00000
499823	Gandy	Cluster	un	19321500	0.00290	-1.00000	-1.00000	0.00011	-1.00000	-1.00000	0.00088	-1.00000	-1.00000	0.00025	-1.00000	-1.00000
502619	Gandy	Cluster	un	19331512	0.03448	-1.00000	-1.00000	0.00246	-1.00000	-1.00000	0.00246	-1.00000	-1.00000	0.00007	-1.00000	-1.00000
503239	Gandy	Cluster	un	19346130	0.00340	-1.00000	-1.00000	0.00014	-1.00000	-1.00000	-0.00378	-1.00000	-1.00000	0.00039	-1.00000	-1.00000
504151	Gandy	Cluster	un	19352387	-0.00315	-1.00000	-1.00000	-0.00013	-1.00000	-1.00000	0.00013	-1.00000	-1.00000	0.00014	-1.00000	-1.00000
504163	Gandy	Cluster	un	19353205	-0.00315	-1.00000	-1.00000	-0.00013	-1.00000	-1.00000	0.00554	-1.00000	-1.00000	0.00030	-1.00000	-1.00000
505147	Gandy	Cluster	un	19366305	0.48978	-1.00000	-1.00000	0.32431	-1.00000	-1.00000	0.32050	-1.00000	-1.00000	0.00074	-1.00000	-1.00000
505588	Gandy	Cluster	un	19369631	0.00561	-1.00000	-1.00000	0.00021	-1.00000	-1.00000	-0.00000	-1.00000	-1.00000	0.00005	-1.00000	-1.00000
505660	Gandy	Cluster	un	19371290	0.00561	-1.00000	-1.00000	0.00021	-1.00000	-1.00000	0.00589	-1.00000	-1.00000	0.00013	-1.00000	-1.00000
505740	Gandy	Cluster	un	19372127	0.02912	-1.00000	-1.00000	0.00239	-1.00000	-1.00000	0.01034	-1.00000	-1.00000	0.00027	-1.00000	-1.00000
506423	Gandy	Cluster	un	19381840	0.03448	-1.00000	-1.00000	0.00246	-1.00000	-1.00000	0.00246	-1.00000	-1.00000	0.00008	-1.00000	-1.00000
506434	Gandy	Cluster	un	19382630	-0.00000	-1.00000	-1.00000	-0.00000	-1.00000	-1.00000	-0.00581	-1.00000	-1.00000	0.00021	-1.00000	-1.00000
506779	Gandy	Cluster	un	19384994	0.04420	-1.00000	-1.00000	0.00354	-1.00000	-1.00000	0.01220	-1.00000	-1.00000	0.00017	-1.00000	-1.00000
506792	Gandy	Cluster	un	19385811	-0.00565	-1.00000	-1.00000	-0.00022	-1.00000	-1.00000	0.03423	-1.00000	-1.00000	0.00032	-1.00000	-1.00000
506908	Gandy	Cluster	un	19389839	-0.00489	-1.00000	-1.00000	-0.00018	-1.00000	-1.00000	0.01104	-1.00000	-1.00000	0.00020	-1.00000	-1.00000
507036	Gandy	Cluster	un	19390645	0.06470	-1.00000	-1.00000	0.00736	-1.00000	-1.00000	0.00760	-1.00000	-1.00000	0.00012	-1.00000	-1.00000
507221	Gandy	Cluster	un	19391491	0.00000	-1.00000	-1.00000	0.00000	-1.00000	-1.00000	-0.00502	-1.00000	-1.00000	0.00020	-1.00000	-1.00000
508663	Gandy	Cluster	un	19394591	0.00656	-1.00000	-1.00000	0.00026	-1.00000	-1.00000	0.02512	-1.00000	-1.00000	0.00022	-1.00000	-1.00000
509088	Gandy	Cluster	un	19395419	0.00000	-1.00000	-1.00000	0.00000	-1.00000	-1.00000	-0.00009	-1.00000	-1.00000	0.00013	-1.00000	-1.00000
511312	Gandy	Cluster	un	19403423	0.00251	-1.00000	-1.00000	0.00009	-1.00000	-1.00000	0.00508	-1.00000	-1.00000	0.00012	-1.00000	-1.00000
511574	Gandy	Cluster	un	19405857	0.03114	-1.00000	-1.00000	0.00229	-1.00000	-1.00000	0.00246	-1.00000	-1.00000	0.00009	-1.00000	-1.00000
512008	Gandy	Cluster	un	19407516	0.03555	-1.00000	-1.00000	0.00306	-1.00000	-1.00000	-0.00925	-1.00000	-1.00000	0.00040	-1.00000	-1.00000
512621	Gandy	Cluster	un	19413061	-0.00000	-1.00000	-1.00000	-0.00000	-1.00000	-1.00000	-0.00000	-1.00000	-1.00000	0.00005	-1.00000	-1.00000
513949	Gandy	Cluster	un	19414268	0.00340	-1.00000	-1.00000	0.00014	-1.00000	-1.00000	-0.00378	-1.00000	-1.00000	0.00039	-1.00000	-1.00000
514703	Gandy	Cluster	un	19416663	0.00000	-1.00000	-1.00000	0.00000	-1.00000	-1.00000	0.00508	-1.00000	-1.00000	0.00012	-1.00000	-1.00000
515600	Gandy	Cluster	un	19417528	-0.00315	-1.00000	-1.00000	-0.00013	-1.00000	-1.00000	-0.00564	-1.00000	-1.00000	0.00028	-1.00000	-1.00000
518181	Gandy	Cluster	un	19423492	0.00251	-1.00000	-1.00000	0.00009	-1.00000	-1.00000	-0.00000	-1.00000	-1.00000	0.00005	-1.00000	-1.00000
519992	Gandy	Cluster	un	19425042	0.23006	-1.00000	-1.00000	0.06951	-1.00000	-1.00000	0.08696	-1.00000	-1.00000	0.00038	-1.00000	-1.00000
522952	Gandy	Cluster	un	19428851	0.00000	-1.00000	-1.00000	0.00000	-1.00000	-1.00000	-0.00000	-1.00000	-1.00000	0.00004	-1.00000	-1.00000
523185	Gandy	Cluster	un	19430456	0.42051	-1.00000	-1.00000	0.22818	-1.00000	-1.00000	0.24861	-1.00000	-1.00000	0.00057	-1.00000	-1.00000
527878	Gandy	Cluster	un	19436559	-0.00270	-1.00000	-1.00000	-0.00010	-1.00000	-1.00000	-0.00488	-1.00000	-1.00000	0.00027	-1.00000	-1.00000
527952	Gandy	Cluster	un	19437339	-0.00000	-1.00000	-1.00000	-0.00000	-1.00000	-1.00000	-0.00607	-1.00000	-1.00000	0.00026	-1.00000	-1.00000
528166	Gandy	Cluster	un	19439061	0.09054	-1.00000	-1.00000	0.01094	-1.00000	-1.00000	0.02205	-1.00000	-1.00000	0.00025	-1.00000	-1.00000
528316	Gandy	Cluster	un	19442144	0.00561	-1.00000	-1.00000	0.00021	-1.00000	-1.00000	-0.00000	-1.00000	-1.00000	0.00005	-1.00000	-1.00000
528354	Gandy	Cluster	un	19451866	0.03038	-1.00000	-1.00000	0.01005	-1.00000	-1.00000	0.00913	-1.00000	-1.00000	0.00045	-1.00000	-1.00000
528363	Gandy	Cluster	un	19453493	0.00290	-1.00000	-1.00000	0.00011	-1.00000	-1.00000	-0.00000	-1.00000	-1.00000	0.00005	-1.00000	-1.00000
528373	Gandy	Cluster	un	19455669	0.04067	-1.00000	-1.00000	0.00302	-1.00000	-1.00000	0.01050	-1.00000	-1.00000	0.00018	-1.00000	-1.00000
528377	Gandy	Cluster	un	19457280	-0.00270	-1.00000	-1.00000	-0.00010	-1.00000	-1.00000	-0.00488	-1.00000	-1.00000	0.00023	-1.00000	-1.00000
528378	Gandy	Cluster	un	19458190	-0.00000	-1.00000	-1.00000	-0.00000	-1.00000	-1.00000	-0.00011	-1.00000	-1.00000	0.00011	-1.00000	-1.00000
528404	Gandy	Cluster	un	19463614	-0.00235	-1.00000	-1.00000	-0.00008	-1.00000	-1.00000	-0.00000	-1.00000	-1.00000	0.00004	-1.00000	-1.00000
528405	Gandy	Cluster	un	19464366	0.03320	-1.00000	-1.00000	0.00263	-1.00000	-1.00000	0.01050	-1.00000	-1.00000	0.00016	-1.00000	-1.00000
528408	Gandy	Cluster	un	19466119	0.61928	-1.00000	-1.00000	0.50412	-1.00000	-1.00000	0.48232	-1.00000	-1.00000	0.00088	-1.00000	-1.00000
528415	Gandy	Cluster	un	19468424	0.00951	-1.00000	-1.00000	0.00037	-1.00000	-1.00000	0.05121	-1.00000	-1.00000	0.00026	-1.00000	-1.00000
528438	Gandy	Cluster	un	19471790	0.46785	-1.00000	-1.00000	0.27111	-1.00000	-1.00000	0.26895	-1.00000	-1.00000	0.00054	-1.00000	-1.00000
528446	Gandy	Cluster	un	19474968	-0.03975	-1.00000	-1.00000	-0.00319	-1.00000	-1.00000	-0.00905	-1.00000	-1.00000	0.00025	-1.00000	-1.00000
528457	Gandy	Cluster	un	19480112	0.03448	-1.00000	-1.00000	0.00246	-1.00000	-1.00000	0.00246	-1.00000	-1.00000	0.00008	-1.00000	-1.00000
528461	Gandy	Cluster	un	19480908	0.09302	-1.00000	-1.00000	0.01497	-1.00000	-1.00000	0.00852	-1.00000	-1.00000	0.00024	-1.00000	-1.00000
528466	Gandy	Cluster	un	19481708	-0.02012	-1.00000	-1.00000	-0.00481	-1.00000	-1.00000	-0.00561	-1.00000	-1.00000	0.00032	-1.00000	-1.00000
528473	Gandy	Cluster	un	19484676	-0.00270	-1.00000	-1.00000	-0.00010	-1.00000	-1.00000	-0.00488	-1.00000	-1.00000	0.00027	-1.00000	-1.00000
528493	Gandy	Cluster	un	19491062	0.06798	-1.00000	-1.00000	0.01687	-1.00000	-1.00000	0.01687	-1.00000	-1.00000	0.00025	-1.00000	-1.00000
528534	Gandy	Cluster	un	19496642	0.16584	-1.00000	-1.00000	0.04086	-1.00000	-1.00000	0.04132	-1.00000	-1.00000	0.00023	-1.00000	-1.00000
528560	Gandy	Cluster	un	19501547	0.22222	-1.00000	-1.00000	0.06897	-1.00000	-1.00000	0.06339	-1.00000	-1.00000	0.00044	-1.00000	-1.00000
528580	Gandy	Cluster	un	19505509	0.04838	-1.00000	-1.00000	0.00422	-1.00000	-1.00000	0.02781	-1.00000	-1.00000	0.00037	-1.00000	-1.00000
528590	Gandy	Cluster	un	19510361	0.54566	-1.00000	-1.00000	0.42498	-1.00000	-1.00000	0.41239	-1.00000	-1.00000	0.00078	-1.00000	-1.00000
528601	Gandy	Cluster	un	19516092	-0.00489	-1.00000	-1.00000	-0.00018	-1.00000	-1.00000	0.01104	-1.00000	-1.00000	0.00020	-1.00000	-1.00000
528606	Gandy	Cluster	un	19516921	0.07436	-1.00000	-1.00000	0.00994	-1.00000	-1.00000	0.00445	-1.00000	-1.00000	0.00039	-1.00000	-1.00000
528608	Gandy	Cluster	un	19517756	0.00340	-1.00000	-1.00000	0.00014	-1.00000	-1.00000	0.05121	-1.00000	-1.00000	0.00029	-1.00000	-1.00000
528624	Gandy	Cluster	un	19524264	0.20690	-1.00000	-1.00000	0.05924	-1.00000	-1.00000	0.05924	-1.00000	-1.00000	0.00031	-1.00000	-1.00000
528626	Gandy	Cluster	un	19525029	0.36051	-1.00000	-1.00000	0.19258	-1.00000	-1.00000	0.16826	-1.00000	-1.00000	0.00063	-1.00000	-1.00000
528631	Gandy	Cluster	un	19526577	0.13793	-1.00000	-1.00000	0.02685	-1.00000	-1.00000	0.02685	-1.00000	-1.00000	0.00020	-1.00000	-1.00000
528638	Gandy	Cluster	un	19527399	0.71355	-1.00000	-1.00000	0.62879	-1.00000	-1.00000	0.62709	-1.00000	-1.00000	0.00093	-1.00000	-1.00000
528652	Gandy	Cluster	un	19529715	-0.00489	-1.00000	-1.00000	-0.00018	-1.00000	-1.00000	0.00029	-1.00000	-1.00000	0.00012	-1.00000	-1.00000
528661	Gandy	Cluster	un	19532155	0.00251	-1.00000	-1.00000	0.00009	-1.00000	-1.00000	-0.00000	-1.00000	-1.00000	0.00005	-1.00000	-1.00000
528664	Gandy	Cluster	un	19532867	0.27098	-1.00000	-1.00000	0.09781	-1.00000	-1.00000	0.18781	-1.00000	-1.00000	0.00047	-1.00000	-1.00000
528665	Gandy	Cluster	un	19533790	-0.02813	-1.00000	-1.00000	-0.00378	-1.00000	-1.00000	-0.01090	-1.00000	-1.00000	0.00035	-1.00000	-1.00000
528679	Gandy	Cluster	un	19539317	0.00561	-1.00000	-1.00000	0.00021	-1.00000	-1.00000	0.00589	-1.00000	-1.00000	0.00013	-1.00000	-1.00000
528691	Gandy	Cluster	un	19541679	-0.03101	-1.00000	-1.00000	-0.00879	-1.00000	-1.00000	-0.01442	-1.00000	-1.00000	0.00040	-1.00000	-1.00000
528723	Gandy	Cluster	un	19549504	-0.00225	-1.00000	-1.00000	-0.00081	-1.00000	-1.00000	-0.00060	-1.00000	-1.00000	0.00034	-1.00000	-1.00000
528725	Gandy	Cluster	un	19550281	0.03704	-1.00000	-1.00000	0.00284	-1.00000	-1.00000	0.01050	-1.00000	-1.00000	0.00013	-1.00000	-1.00000
528733	Gandy	Cluster	un	19552959	-0.00000	-1.00000	-1.00000	-0.00000	-1.00000	-1.00000	-0.00581	-1.00000	-1.00000	0.00020	-1.00000	-1.00000
528734	Gandy	Cluster	un	19553798	0.27669	-1.00000	-1.00000	0.15219	-1.00000	-1.00000	0.16324	-1.00000	-1.00000	0.00064	-1.00000	-1.00000
528743	Gandy	Cluster	un	19556847	0.32530	-1.00000	-1.00000	0.13366	-1.00000	-1.00000	0.12841	-1.00000	-1.00000	0.00055	-1.00000	-1.00000
528747	Gandy	Cluster	un	19558387	0.03114	-1.00000	-1.00000	0.00229	-1.00000	-1.00000	0.00246	-1.00000	-1.00000	0.00008	-1.00000	-1.00000
528766	Gandy	Cluster	un	19563862	-0.01397	-1.00000	-1.00000	-0.01415	-1.00000	-1.00000	-0.02138	-1.00000	-1.00000	0.00075	-1.00000	-1.00000
528774	Gandy	Cluster	un	19564695	0.00251	-1.00000	-1.00000	0.00009	-1.00000	-1.00000	-0.00000	-1.00000	-1.00000	0.00005	-1.00000	-1.00000
528783	Gandy	Cluster	un	19567702	0.09302	-1.00000	-1.00000	0.01497	-1.00000	-1.00000	0.01567	-1.00000	-1.00000	0.00016	-1.00000	-1.00000
528802	Gandy	Cluster	un	19569369	0.09920	-1.00000	-1.00000	0.06163	-1.00000	-1.00000	0.04918	-1.00000	-1.00000	0.00064	-1.00000	-1.00000
528823	Gandy	Cluster	un	19574171	0.00561	-1.00000	-1.00000	0.00021	-1.00000	-1.00000	0.02159	-1.00000	-1.00000	0.00024	-1.00000	-1.00000
528854	Gandy	Cluster	un	19582876	0.03114	-1.00000	-1.00000	0.00229	-1.00000	-1.00000	0.00246	-1.00000	-1.00000	0.00008	-1.00000	-1.00000
528898	Gandy	Cluster	un	19594373	-0.01798	-1.00000	-1.00000	-0.00206	-1.00000	-1.00000	-0.00230	-1.00000	-1.00000	0.00014	-1.00000	-1.00000
528995	Gandy	Cluster	un	19614044	-0.03684	-1.00000	-1.00000	-0.00273	-1.00000	-1.00000	0.00061	-1.00000	-1.00000	0.00018	-1.00000	-1.00000
528996	Gandy	Cluster	un	19614812	0.80312	-1.00000	-1.00000	0.74880	-1.00000	-1.00000	0.77021	-1.00000	-1.00000	0.00104	-1.00000	-1.00000
529001	Gandy	Cluster	un	19616508	0.03704	-1.00000	-1.00000	0.00284	-1.00000	-1.00000	0.01050	-1.00000	-1.00000	0.00022	-1.00000	-1.00000
529017	Gandy	Cluster	un	19619527	0.75862	-1.00000	-1.00000	0.71368	-1.00000	-1.00000	0.71368	-1.00000	-1.00000	0.00106	-1.00000	-1.00000
529018	Gandy	Cluster	un	19620248	-0.00315	-1.00000	-1.00000	-0.00013	-1.00000	-1.00000	-0.01186	-1.00000	-1.00000	0.00030	-1.00000	-1.00000
529032	Gandy	Cluster	un	19625227	0.00951	-1.00000	-1.00000	0.00037	-1.00000	-1.00000	0.02512	-1.00000	-1.00000	0.00023	-1.00000	-1.00000
529050	Gandy	Cluster	un	19632462	0.17241	-1.00000	-1.00000	0.04132	-1.00000	-1.00000	0.04132	-1.00000	-1.00000	0.00025	-1.00000	-1.00000
529058	Gandy	Cluster	un	19636228	-0.03798	-1.00000	-1.00000	-0.01359	-1.00000	-1.00000	0.00594	-1.00000	-1.00000	0.00058	-1.00000	-1.00000
529061	Gandy	Cluster	un	19636984	0.09054	-1.00000	-1.00000	0.01094	-1.00000	-1.00000	0.01033	-1.00000	-1.00000	0.00015	-1.00000	-1.00000
529074	Gandy	Cluster	un	19639183	0.10345	-1.00000	-1.00000	0.01567	-1.00000	-1.00000	0.01567	-1.00000	-1.00000	0.00016	-1.00000	-1.00000
529083	Gandy	Cluster	un	19641700	0.02360	-1.00000	-1.00000	0.00658	-1.00000	-1.00000	0.01680	-1.00000	-1.00000	0.00035	-1.00000	-1.00000
529108	Gandy	Cluster	un	19646279	0.67155	-1.00000	-1.00000	0.56683	-1.00000	-1.00000	0.57909	-1.00000	-1.00000	0.00092	-1.00000	-1.00000
529115	Gandy	Cluster	un	19649670	0.14147	-1.00000	-1.00000	0.03071	-1.00000	-1.00000	0.04578	-1.00000	-1.00000	0.00028	-1.00000	-1.00000
529154	Gandy	Cluster	un	19659200	0.03114	-1.00000	-1.00000	0.00229	-1.00000	-1.00000	0.00246	-1.00000	-1.00000	0.00008	-1.00000	-1.00000
529175	Gandy	Cluster	un	19660022	0.29284	-1.00000	-1.00000	0.13298	-1.00000	-1.00000	0.11733	-1.00000	-1.00000	0.00048	-1.00000	-1.00000
529182	Gandy	Cluster	un	19661662	0.00290	-1.00000	-1.00000	0.00011	-1.00000	-1.00000	-0.00000	-1.00000	-1.00000	0.00005	-1.00000	-1.00000
529184	Gandy	Cluster	un	19662438	-0.00000	-1.00000	-1.00000	-0.00000	-1.00000	-1.00000	-0.00000	-1.00000	-1.00000	0.00004	-1.00000	-1.00000
529239	Gandy	Cluster	un	19670519	-0.03975	-1.00000	-1.00000	-0.00319	-1.00000	-1.00000	0.01151	-1.00000	-1.00000	0.00040	-1.00000	-1.00000
529248	Gandy	Cluster	un	19671262	0.07875	-1.00000	-1.00000	0.00908	-1.00000	-1.00000	0.00881	-1.00000	-1.00000	0.00013	-1.00000	-1.00000
529263	Gandy	Cluster	un	19673692	0.26443	-1.00000	-1.00000	0.17132	-1.00000	-1.00000	0.18935	-1.00000	-1.00000	0.00057	-1.00000	-1.00000
529298	Gandy	Cluster	un	19675295	-0.00270	-1.00000	-1.00000	-0.00010	-1.00000	-1.00000	-0.00558	-1.00000	-1.00000	0.00020	-1.00000	-1.00000
529380	Gandy	Cluster	un	19679227	1.00000	-1.00000	-1.00000	1.00000	-1.00000	-1.00000	0.98822	-1.00000	-1.00000	0.00131	-1.00000	-1.00000
529683	Gandy	Cluster	un	19683017	-0.01916	-1.00000	-1.00000	-0.00812	-1.00000	-1.00000	-0.00033	-1.00000	-1.00000	0.00041	-1.00000	-1.00000
529899	Gandy	Cluster	un	19687868	0.71144	-1.00000	-1.00000	0.63782	-1.00000	-1.00000	0.63758	-1.00000	-1.00000	0.00103	-1.00000	-1.00000
530257	Gandy	Cluster	un	19694538	0.17241	-1.00000	-1.00000	0.04132	-1.00000	-1.00000	0.04132	-1.00000	-1.00000	0.00025	-1.00000	-1.00000
530380	Gandy	Cluster	un	19697094	0.00340	-1.00000	-1.00000	0.00014	-1.00000	-1.00000	-0.01093	-1.00000	-1.00000	0.00033	-1.00000	-1.00000
530676	Gandy	Cluster	un	19698754	0.04067	-1.00000	-1.00000	0.00302	-1.00000	-1.00000	0.00284	-1.00000	-1.00000	0.00009	-1.00000	-1.00000
530680	Gandy	Cluster	un	19699565	0.18519	-1.00000	-1.00000	0.04808	-1.00000	-1.00000	0.04808	-1.00000	-1.00000	0.00025	-1.00000	-1.00000
530815	Gandy	Cluster	un	19700428	0.09834	-1.00000	-1.00000	0.01534	-1.00000	-1.00000	0.01567	-1.00000	-1.00000	0.00017	-1.00000	-1.00000
531040	Gandy	Cluster	un	19706773	0.07875	-1.00000	-1.00000	0.00908	-1.00000	-1.00000	0.00881	-1.00000	-1.00000	0.00014	-1.00000	-1.00000
531071	Gandy	Cluster	un	19707552	0.13060	-1.00000	-1.00000	0.04681	-1.00000	-1.00000	0.03643	-1.00000	-1.00000	0.00045	-1.00000	-1.00000
531191	Gandy	Cluster	un	19711504	-0.03841	-1.00000	-1.00000	-0.00296	-1.00000	-1.00000	0.00022	-1.00000	-1.00000	0.00018	-1.00000	-1.00000
531193	Gandy	Cluster	un	19712282	0.08262	-1.00000	-1.00000	0.05179	-1.00000	-1.00000	0.04537	-1.00000	-1.00000	0.00055	-1.00000	-1.00000
531220	Gandy	Cluster	un	19714708	0.02912	-1.00000	-1.00000	0.00239	-1.00000	-1.00000	0.01050	-1.00000	-1.00000	0.00016	-1.00000	-1.00000
531360	Gandy	Cluster	un	19721151	-0.00565	-1.00000	-1.00000	-0.00022	-1.00000	-1.00000	-0.00429	-1.00000	-1.00000	0.00029	-1.00000	-1.00000
531495	Gandy	Cluster	un	19724355	0.10345	-1.00000	-1.00000	0.01567	-1.00000	-1.00000	0.01567	-1.00000	-1.00000	0.00018	-1.00000	-1.00000
531606	Gandy	Cluster	un	19726656	0.00251	-1.00000	-1.00000	0.00009	-1.00000	-1.00000	-0.00000	-1.00000	-1.00000	0.00004	-1.00000	-1.00000
531835	Gandy	Cluster	un	19730166	0.15903	-1.00000	-1.00000	0.04033	-1.00000	-1.00000	0.03023	-1.00000	-1.00000	0.00043	-1.00000	-1.00000
531951	Gandy	Cluster	un	19734886	0.09920	-1.00000	-1.00000	0.01731	-1.00000	-1.00000	0.01818	-1.00000	-1.00000	0.00019	-1.00000	-1.00000
532151	Gandy	Cluster	un	19738862	0.12375	-1.00000	-1.00000	0.04394	-1.00000	-1.00000	0.01790	-1.00000	-1.00000	0.00058	-1.00000	-1.00000
532190	Gandy	Cluster	un	19740482	0.10528	-1.00000	-1.00000	0.01778	-1.00000	-1.00000	0.01175	-1.00000	-1.00000	0.00029	-1.00000	-1.00000
532439	Gandy	Cluster	un	19749136	-0.00235	-1.00000	-1.00000	-0.00008	-1.00000	-1.00000	-0.00000	-1.00000	-1.00000	0.00004	-1.00000	-1.00000
532464	Gandy	Cluster	un	19751453	0.03448	-1.00000	-1.00000	0.00246	-1.00000	-1.00000	0.00246	-1.00000	-1.00000	0.00008	-1.00000	-1.00000
532686	Gandy	Cluster	un	19756387	0.13793	-1.00000	-1.00000	0.02685	-1.00000	-1.00000	0.02685	-1.00000	-1.00000	0.00020	-1.00000	-1.00000
532689	Gandy	Cluster	un	19757238	0.08915	-1.00000	-1.00000	0.05338	-1.00000	-1.00000	0.03660	-1.00000	-1.00000	0.00062	-1.00000	-1.00000
532714	Gandy	Cluster	un	19760501	0.09321	-1.00000	-1.00000	0.01269	-1.00000	-1.00000	0.00163	-1.00000	-1.00000	0.00040	-1.00000	-1.00000
532764	Gandy	Cluster	un	19762967	-0.00270	-1.00000	-1.00000	-0.00010	-1.00000	-1.00000	-0.00000	-1.00000	-1.00000	0.00005	-1.00000	-1.00000
532870	Gandy	Cluster	un	19766925	0.00561	-1.00000	-1.00000	0.00021	-1.00000	-1.00000	0.00589	-1.00000	-1.00000	0.00013	-1.00000	-1.00000
532961	Gandy	Cluster	un	19768461	0.44907	-1.00000	-1.00000	0.41488	-1.00000	-1.00000	0.40808	-1.00000	-1.00000	0.00084	-1.00000	-1.00000
533002	Gandy	Cluster	un	19770142	-0.00270	-1.00000	-1.00000	-0.00010	-1.00000	-1.00000	0.01069	-1.00000	-1.00000	0.00019	-1.00000	-1.00000
533090	Gandy	Cluster	un	19775091	1.00000	-1.00000	-1.00000	1.00000	-1.00000	-1.00000	1.00000	-1.00000	-1.00000	0.00135	-1.00000	-1.00000
533117	Gandy	Cluster	un	19775835	0.42909	-1.00000	-1.00000	0.28043	-1.00000	-1.00000	0.25806	-1.00000	-1.00000	0.00064	-1.00000	-1.00000
533183	Gandy	Cluster	un	19780009	0.04420	-1.00000	-1.00000	0.00354	-1.00000	-1.00000	0.00029	-1.00000	-1.00000	0.00018	-1.00000	-1.00000
533313	Gandy	Cluster	un	19784863	0.17448	-1.00000	-1.00000	0.03767	-1.00000	-1.00000	0.07867	-1.00000	-1.00000	0.00035	-1.00000	-1.00000
533321	Gandy	Cluster	un	19785710	0.00340	-1.00000	-1.00000	0.00014	-1.00000	-1.00000	-0.00037	-1.00000	-1.00000	0.00015	-1.00000	-1.00000
533492	Gandy	Cluster	un	19790476	0.00340	-1.00000	-1.00000	0.00014	-1.00000	-1.00000	-0.00601	-1.00000	-1.00000	0.00020	-1.00000	-1.00000
533500	Gandy	Cluster	un	19791328	0.25926	-1.00000	-1.00000	0.09396	-1.00000	-1.00000	0.11315	-1.00000	-1.00000	0.00043	-1.00000	-1.00000
533565	Gandy	Cluster	un	19793632	0.13793	-1.00000	-1.00000	0.02685	-1.00000	-1.00000	0.02685	-1.00000	-1.00000	0.00021	-1.00000	-1.00000
533588	Gandy	Cluster	un	19794441	0.46355	-1.00000	-1.00000	0.32435	-1.00000	-1.00000	0.30314	-1.00000	-1.00000	0.00070	-1.00000	-1.00000
533595	Gandy	Cluster	un	19795252	0.12000	-1.00000	-1.00000	0.02135	-1.00000	-1.00000	0.02135	-1.00000	-1.00000	0.00021	-1.00000	-1.00000
533660	Gandy	Cluster	un	19797635	0.10528	-1.00000	-1.00000	0.01778	-1.00000	-1.00000	0.01034	-1.00000	-1.00000	0.00025	-1.00000	-1.00000
533763	Gandy	Cluster	un	19800042	0.69043	-1.00000	-1.00000	0.68658	-1.00000	-1.00000	0.67232	-1.00000	-1.00000	0.00104	-1.00000	-1.00000
533828	Gandy	Cluster	un	19804688	0.07875	-1.00000	-1.00000	0.00908	-1.00000	-1.00000	0.00881	-1.00000	-1.00000	0.00014	-1.00000	-1.00000
533907	Gandy	Cluster	un	19806314	0.00000	-1.00000	-1.00000	0.00000	-1.00000	-1.00000	0.00508	-1.00000	-1.00000	0.00012	-1.00000	-1.00000
533938	Gandy	Cluster	un	19807905	0.12181	-1.00000	-1.00000	0.06338	-1.00000	-1.00000	0.11095	-1.00000	-1.00000	0.00058	-1.00000	-1.00000
533966	Gandy	Cluster	un	19808690	-0.04160	-1.00000	-1.00000	-0.00347	-1.00000	-1.00000	0.00028	-1.00000	-1.00000	0.00016	-1.00000	-1.00000
533982	Gandy	Cluster	un	19810400	0.03555	-1.00000	-1.00000	0.00306	-1.00000	-1.00000	0.00028	-1.00000	-1.00000	0.00018	-1.00000	-1.00000
534102	Gandy	Cluster	un	19821652	-0.00489	-1.00000	-1.00000	-0.00018	-1.00000	-1.00000	0.01104	-1.00000	-1.00000	0.00022	-1.00000	-1.00000
534125	Gandy	Cluster	un	19823128	0.02505	-1.00000	-1.00000	0.00481	-1.00000	-1.00000	0.00505	-1.00000	-1.00000	0.00020	-1.00000	-1.00000
534176	Gandy	Cluster	un	19826480	0.11672	-1.00000	-1.00000	0.01853	-1.00000	-1.00000	0.01818	-1.00000	-1.00000	0.00017	-1.00000	-1.00000
534183	Gandy	Cluster	un	19827316	0.04067	-1.00000	-1.00000	0.00302	-1.00000	-1.00000	0.00284	-1.00000	-1.00000	0.00009	-1.00000	-1.00000
534460	Gandy	Cluster	un	19842642	-0.02962	-1.00000	-1.00000	-0.03049	-1.00000	-1.00000	-0.03894	-1.00000	-1.00000	0.00064	-1.00000	-1.00000
534494	Gandy	Cluster	un	19844318	0.10528	-1.00000	-1.00000	0.01778	-1.00000	-1.00000	0.01818	-1.00000	-1.00000	0.00019	-1.00000	-1.00000
534515	Gandy	Cluster	un	19845927	0.09311	-1.00000	-1.00000	0.05158	-1.00000	-1.00000	0.08790	-1.00000	-1.00000	0.00063	-1.00000	-1.00000
534663	Gandy	Cluster	un	19852279	-0.00315	-1.00000	-1.00000	-0.00013	-1.00000	-1.00000	-0.01186	-1.00000	-1.00000	0.00029	-1.00000	-1.00000
534717	Gandy	Cluster	un	19854708	0.00340	-1.00000	-1.00000	0.00014	-1.00000	-1.00000	-0.00601	-1.00000	-1.00000	0.00021	-1.00000	-1.00000
534757	Gandy	Cluster	un	19857106	-0.00648	-1.00000	-1.00000	-0.00585	-1.00000	-1.00000	-0.01319	-1.00000	-1.00000	0.00067	-1.00000	-1.00000
534765	Gandy	Cluster	un	19858698	0.00000	-1.00000	-1.00000	0.00000	-1.00000	-1.00000	0.00508	-1.00000	-1.00000	0.00013	-1.00000	-1.00000
534828	Gandy	Cluster	un	19861094	-0.02791	-1.00000	-1.00000	-0.02870	-1.00000	-1.00000	-0.03663	-1.00000	-1.00000	0.00067	-1.00000	-1.00000
534831	Gandy	Cluster	un	19861929	-0.00344	-1.00000	-1.00000	-0.00232	-1.00000	-1.00000	-0.00937	-1.00000	-1.00000	0.00056	-1.00000	-1.00000
534893	Gandy	Cluster	un	19862784	0.17774	-1.00000	-1.00000	0.04751	-1.00000	-1.00000	0.03571	-1.00000	-1.00000	0.00034	-1.00000	-1.00000
534934	Gandy	Cluster	un	19863591	0.00561	-1.00000	-1.00000	0.00021	-1.00000	-1.00000	0.02159	-1.00000	-1.00000	0.00020	-1.00000	-1.00000
534943	Gandy	Cluster	un	19864411	0.03704	-1.00000	-1.00000	0.00284	-1.00000	-1.00000	0.00284	-1.00000	-1.00000	0.00008	-1.00000	-1.00000
535035	Gandy	Cluster	un	19868633	-0.00000	-1.00000	-1.00000	-0.00000	-1.00000	-1.00000	-0.00581	-1.00000	-1.00000	0.00020	-1.00000	-1.00000
535333	Gandy	Cluster	un	19875275	-0.02012	-1.00000	-1.00000	-0.00481	-1.00000	-1.00000	-0.00561	-1.00000	-1.00000	0.00037	-1.00000	-1.00000
535357	Gandy	Cluster	un	19875951	0.07407	-1.00000	-1.00000	0.00881	-1.00000	-1.00000	0.00881	-1.00000	-1.00000	0.00013	-1.00000	-1.00000
535372	Gandy	Cluster	un	19877575	0.68686	-1.00000	-1.00000	0.63699	-1.00000	-1.00000	0.61889	-1.00000	-1.00000	0.00098	-1.00000	-1.00000
535391	Gandy	Cluster	un	19879911	0.47131	-1.00000	-1.00000	0.32434	-1.00000	-1.00000	0.30039	-1.00000	-1.00000	0.00068	-1.00000	-1.00000
535473	Gandy	Cluster	un	19882358	0.04348	-1.00000	-1.00000	0.00394	-1.00000	-1.00000	-0.00033	-1.00000	-1.00000	0.00048	-1.00000	-1.00000
535477	Gandy	Cluster	un	19883069	0.18519	-1.00000	-1.00000	0.04808	-1.00000	-1.00000	0.04808	-1.00000	-1.00000	0.00028	-1.00000	-1.00000
535587	Gandy	Cluster	un	19888873	0.96159	-1.00000	-1.00000	0.96296	-1.00000	-1.00000	0.96297	-1.00000	-1.00000	0.00119	-1.00000	-1.00000
535591	Gandy	Cluster	un	19889683	0.07407	-1.00000	-1.00000	0.00881	-1.00000	-1.00000	0.01894	-1.00000	-1.00000	0.00020	-1.00000	-1.00000
535613	Gandy	Cluster	un	19892103	0.00290	-1.00000	-1.00000	0.00011	-1.00000	-1.00000	-0.00518	-1.00000	-1.00000	0.00021	-1.00000	-1.00000
535811	Gandy	Cluster	un	19895233	0.00656	-1.00000	-1.00000	0.00026	-1.00000	-1.00000	0.00261	-1.00000	-1.00000	0.00028	-1.00000	-1.00000
535880	Gandy	Cluster	un	19896045	-0.00000	-1.00000	-1.00000	-0.00000	-1.00000	-1.00000	-0.00607	-1.00000	-1.00000	0.00025	-1.00000	-1.00000
536010	Gandy	Cluster	un	19900193	0.03704	-1.00000	-1.00000	0.00284	-1.00000	-1.00000	0.01050	-1.00000	-1.00000	0.00017	-1.00000	-1.00000
536686	Gandy	Cluster	un	19906752	0.14504	-1.00000	-1.00000	0.02643	-1.00000	-1.00000	0.02542	-1.00000	-1.00000	0.00023	-1.00000	-1.00000
537130	Gandy	Cluster	un	19912432	0.57626	-1.00000	-1.00000	0.55375	-1.00000	-1.00000	0.53785	-1.00000	-1.00000	0.00090	-1.00000	-1.00000
537820	Gandy	Cluster	un	19918447	0.15234	-1.00000	-1.00000	0.03609	-1.00000	-1.00000	0.02878	-1.00000	-1.00000	0.00040	-1.00000	-1.00000
537942	Gandy	Cluster	un	19919198	0.37624	-1.00000	-1.00000	0.38190	-1.00000	-1.00000	0.35268	-1.00000	-1.00000	0.00099	-1.00000	-1.00000
538092	Gandy	Cluster	un	19920757	0.03783	-1.00000	-1.00000	0.03046	-1.00000	-1.00000	0.03571	-1.00000	-1.00000	0.00067	-1.00000	-1.00000
538137	Gandy	Cluster	un	19926372	-0.03975	-1.00000	-1.00000	-0.00319	-1.00000	-1.00000	-0.00323	-1.00000	-1.00000	0.00009	-1.00000	-1.00000
538178	Gandy	Cluster	un	19930028	0.09054	-1.00000	-1.00000	0.01094	-1.00000	-1.00000	0.01033	-1.00000	-1.00000	0.00015	-1.00000	-1.00000
538211	Gandy	Cluster	un	19933023	0.00000	-1.00000	-1.00000	0.00000	-1.00000	-1.00000	-0.00000	-1.00000	-1.00000	0.00004	-1.00000	-1.00000
538229	Gandy	Cluster	un	19933888	0.15460	-1.00000	-1.00000	0.03162	-1.00000	-1.00000	0.04578	-1.00000	-1.00000	0.00028	-1.00000	-1.00000
538273	Gandy	Cluster	un	19935511	-0.04348	-1.00000	-1.00000	-0.01232	-1.00000	-1.00000	-0.01649	-1.00000	-1.00000	0.00045	-1.00000	-1.00000
538338	Gandy	Cluster	un	19940934	-0.01698	-1.00000	-1.00000	-0.01447	-1.00000	-1.00000	-0.02049	-1.00000	-1.00000	0.00068	-1.00000	-1.00000
538403	Gandy	Cluster	un	19943396	-0.00000	-1.00000	-1.00000	-0.00000	-1.00000	-1.00000	0.02159	-1.00000	-1.00000	0.00019	-1.00000	-1.00000
538477	Gandy	Cluster	un	19945861	0.00561	-1.00000	-1.00000	0.00021	-1.00000	-1.00000	-0.00000	-1.00000	-1.00000	0.00005	-1.00000	-1.00000
538538	Gandy	Cluster	un	19946633	0.15234	-1.00000	-1.00000	0.03609	-1.00000	-1.00000	0.03670	-1.00000	-1.00000	0.00023	-1.00000	-1.00000
538549	Gandy	Cluster	un	19947453	0.02811	-1.00000	-1.00000	0.02556	-1.00000	-1.00000	0.01810	-1.00000	-1.00000	0.00061	-1.00000	-1.00000
538582	Gandy	Cluster	un	19948355	-0.02055	-1.00000	-1.00000	-0.00226	-1.00000	-1.00000	0.00300	-1.00000	-1.00000	0.00025	-1.00000	-1.00000
538617	Gandy	Cluster	un	19950606	0.00000	-1.00000	-1.00000	0.00000	-1.00000	-1.00000	0.00508	-1.00000	-1.00000	0.00013	-1.00000	-1.00000
538646	Gandy	Cluster	un	19951400	0.02382	-1.00000	-1.00000	0.00187	-1.00000	-1.00000	0.00246	-1.00000	-1.00000	0.00009	-1.00000	-1.00000
538750	Gandy	Cluster	un	19954448	-0.00000	-1.00000	-1.00000	-0.00000	-1.00000	-1.00000	-0.00581	-1.00000	-1.00000	0.00020	-1.00000	-1.00000
538873	Gandy	Cluster	un	19960869	0.28070	-1.00000	-1.00000	0.09850	-1.00000	-1.00000	0.15157	-1.00000	-1.00000	0.00048	-1.00000	-1.00000
538981	Gandy	Cluster	un	19966239	0.04000	-1.00000	-1.00000	0.00332	-1.00000	-1.00000	-0.00260	-1.00000	-1.00000	0.00023	-1.00000	-1.00000
538985	Gandy	Cluster	un	19967120	0.18524	-1.00000	-1.00000	0.18660	-1.00000	-1.00000	0.17469	-1.00000	-1.00000	0.00076	-1.00000	-1.00000
539022	Gandy	Cluster	un	19969467	0.00290	-1.00000	-1.00000	0.00011	-1.00000	-1.00000	0.00589	-1.00000	-1.00000	0.00014	-1.00000	-1.00000
539234	Gandy	Cluster	un	19974841	0.02912	-1.00000	-1.00000	0.00239	-1.00000	-1.00000	0.00284	-1.00000	-1.00000	0.00008	-1.00000	-1.00000
539600	Gandy	Cluster	un	19985776	-0.00000	-1.00000	-1.00000	-0.00000	-1.00000	-1.00000	-0.00050	-1.00000	-1.00000	0.00031	-1.00000	-1.00000
539606	Gandy	Cluster	un	19986485	0.00340	-1.00000	-1.00000	0.00014	-1.00000	-1.00000	0.01768	-1.00000	-1.00000	0.00034	-1.00000	-1.00000
539850	Gandy	Cluster	un	19994495	0.51120	-1.00000	-1.00000	0.32555	-1.00000	-1.00000	0.37209	-1.00000	-1.00000	0.00078	-1.00000	-1.00000
539972	Gandy	Cluster	un	19997672	-0.00000	-1.00000	-1.00000	-0.00000	-1.00000	-1.00000	-0.01068	-1.00000	-1.00000	0.00033	-1.00000	-1.00000
540051	Gandy	Cluster	un	20003428	0.20000	-1.00000	-1.00000	0.05660	-1.00000	-1.00000	0.04403	-1.00000	-1.00000	0.00050	-1.00000	-1.00000
540091	Gandy	Cluster	un	20004241	-0.00315	-1.00000	-1.00000	-0.00013	-1.00000	-1.00000	0.00013	-1.00000	-1.00000	0.00013	-1.00000	-1.00000
540398	Gandy	Cluster	un	20014907	0.08538	-1.00000	-1.00000	0.01066	-1.00000	-1.00000	0.01033	-1.00000	-1.00000	0.00015	-1.00000	-1.00000
540451	Gandy	Cluster	un	20018143	0.00290	-1.00000	-1.00000	0.00011	-1.00000	-1.00000	0.02159	-1.00000	-1.00000	0.00021	-1.00000	-1.00000
540458	Gandy	Cluster	un	20019730	0.06897	-1.00000	-1.00000	0.00760	-1.00000	-1.00000	0.00760	-1.00000	-1.00000	0.00013	-1.00000	-1.00000
540595	Gandy	Cluster	un	20022875	0.00000	-1.00000	-1.00000	0.00000	-1.00000	-1.00000	-0.00009	-1.00000	-1.00000	0.00012	-1.00000	-1.00000
540976	Gandy	Cluster	un	20044844	0.05304	-1.00000	-1.00000	0.00446	-1.00000	-1.00000	0.01434	-1.00000	-1.00000	0.00019	-1.00000	-1.00000
541082	Gandy	Cluster	un	20049436	-0.03798	-1.00000	-1.00000	-0.01359	-1.00000	-1.00000	0.01181	-1.00000	-1.00000	0.00041	-1.00000	-1.00000
541210	Gandy	Cluster	un	20058085	0.13263	-1.00000	-1.00000	0.02215	-1.00000	-1.00000	0.02135	-1.00000	-1.00000	0.00019	-1.00000	-1.00000
541246	Gandy	Cluster	un	20058909	0.04820	-1.00000	-1.00000	0.00374	-1.00000	-1.00000	0.01220	-1.00000	-1.00000	0.00018	-1.00000	-1.00000
541321	Gandy	Cluster	un	20062077	0.08696	-1.00000	-1.00000	0.08000	-1.00000	-1.00000	0.11977	-1.00000	-1.00000	0.00067	-1.00000	-1.00000
541377	Gandy	Cluster	un	20064596	0.00000	-1.00000	-1.00000	0.00000	-1.00000	-1.00000	-0.01241	-1.00000	-1.00000	0.00036	-1.00000	-1.00000
541392	Gandy	Cluster	un	20066180	-0.03975	-1.00000	-1.00000	-0.00319	-1.00000	-1.00000	0.01674	-1.00000	-1.00000	0.00025	-1.00000	-1.00000
541406	Gandy	Cluster	un	20068606	0.45884	-1.00000	-1.00000	0.34279	-1.00000	-1.00000	0.32935	-1.00000	-1.00000	0.00066	-1.00000	-1.00000
541480	Gandy	Cluster	un	20073392	0.00000	-1.00000	-1.00000	0.00000	-1.00000	-1.00000	0.00508	-1.00000	-1.00000	0.00012	-1.00000	-1.00000
541584	Gandy	Cluster	un	20080562	0.00000	-1.00000	-1.00000	0.00000	-1.00000	-1.00000	-0.00502	-1.00000	-1.00000	0.00019	-1.00000	-1.00000
541755	Gandy	Cluster	un	20087010	0.30292	-1.00000	-1.00000	0.18209	-1.00000	-1.00000	0.14994	-1.00000	-1.00000	0.00068	-1.00000	-1.00000
541788	Gandy	Cluster	un	20087834	0.18136	-1.00000	-1.00000	0.11244	-1.00000	-1.00000	0.12894	-1.00000	-1.00000	0.00062	-1.00000	-1.00000
542083	Gandy	Cluster	un	20096441	0.11111	-1.00000	-1.00000	0.01818	-1.00000	-1.00000	0.01818	-1.00000	-1.00000	0.00018	-1.00000	-1.00000
542110	Gandy	Cluster	un	20098835	0.84399	-1.00000	-1.00000	0.84371	-1.00000	-1.00000	0.84371	-1.00000	-1.00000	0.00114	-1.00000	-1.00000
542567	Gandy	Cluster	un	20115147	-0.00000	-1.00000	-1.00000	-0.00000	-1.00000	-1.00000	-0.00581	-1.00000	-1.00000	0.00020	-1.00000	-1.00000
542717	Gandy	Cluster	un	20122392	0.00951	-1.00000	-1.00000	0.00037	-1.00000	-1.00000	0.02512	-1.00000	-1.00000	0.00022	-1.00000	-1.00000
542955	Gandy	Cluster	un	20133478	-0.00565	-1.00000	-1.00000	-0.00022	-1.00000	-1.00000	0.03423	-1.00000	-1.00000	0.00030	-1.00000	-1.00000
543002	Gandy	Cluster	un	20139068	-0.00270	-1.00000	-1.00000	-0.00010	-1.00000	-1.00000	0.00508	-1.00000	-1.00000	0.00012	-1.00000	-1.00000
543219	Gandy	Cluster	un	20146865	0.00290	-1.00000	-1.00000	0.00011	-1.00000	-1.00000	0.02159	-1.00000	-1.00000	0.00022	-1.00000	-1.00000
543233	Gandy	Cluster	un	20148334	-0.00270	-1.00000	-1.00000	-0.00010	-1.00000	-1.00000	-0.00558	-1.00000	-1.00000	0.00021	-1.00000	-1.00000
543284	Gandy	Cluster	un	20152253	0.00561	-1.00000	-1.00000	0.00021	-1.00000	-1.00000	0.00589	-1.00000	-1.00000	0.00013	-1.00000	-1.00000
543362	Gandy	Cluster	un	20159663	0.00656	-1.00000	-1.00000	0.00026	-1.00000	-1.00000	0.02512	-1.00000	-1.00000	0.00023	-1.00000	-1.00000
543506	Gandy	Cluster	un	20165328	0.04000	-1.00000	-1.00000	0.00332	-1.00000	-1.00000	0.00545	-1.00000	-1.00000	0.00032	-1.00000	-1.00000
543550	Gandy	Cluster	un	20166092	0.53860	-1.00000	-1.00000	0.51346	-1.00000	-1.00000	0.50484	-1.00000	-1.00000	0.00095	-1.00000	-1.00000
543601	Gandy	Cluster	un	20167677	0.32377	-1.00000	-1.00000	0.15551	-1.00000	-1.00000	0.13877	-1.00000	-1.00000	0.00053	-1.00000	-1.00000
543636	Gandy	Cluster	un	20170357	-0.01881	-1.00000	-1.00000	-0.00960	-1.00000	-1.00000	-0.01109	-1.00000	-1.00000	0.00048	-1.00000	-1.00000
543844	Gandy	Cluster	un	20177005	0.17331	-1.00000	-1.00000	0.09703	-1.00000	-1.00000	0.08361	-1.00000	-1.00000	0.00058	-1.00000	-1.00000
543923	Gandy	Cluster	un	20180147	-0.04000	-1.00000	-1.00000	-0.00321	-1.00000	-1.00000	0.01316	-1.00000	-1.00000	0.00026	-1.00000	-1.00000
543979	Gandy	Cluster	un	20180918	-0.00000	-1.00000	-1.00000	-0.00000	-1.00000	-1.00000	-0.00000	-1.00000	-1.00000	0.00005	-1.00000	-1.00000
544267	Gandy	Cluster	un	20187300	0.96148	-1.00000	-1.00000	0.96000	-1.00000	-1.00000	0.96024	-1.00000	-1.00000	0.00110	-1.00000	-1.00000
544438	Gandy	Cluster	un	20191383	0.07037	-1.00000	-1.00000	0.02117	-1.00000	-1.00000	0.01361	-1.00000	-1.00000	0.00034	-1.00000	-1.00000
544467	Gandy	Cluster	un	20197212	0.00000	-1.00000	-1.00000	0.00000	-1.00000	-1.00000	-0.00502	-1.00000	-1.00000	0.00019	-1.00000	-1.00000
544511	Gandy	Cluster	un	20201279	0.14994	-1.00000	-1.00000	0.15366	-1.00000	-1.00000	0.16677	-1.00000	-1.00000	0.00083	-1.00000	-1.00000
544521	Gandy	Cluster	un	20202894	0.02505	-1.00000	-1.00000	0.00481	-1.00000	-1.00000	0.00505	-1.00000	-1.00000	0.00022	-1.00000	-1.00000
544586	Gandy	Cluster	un	20207424	0.00000	-1.00000	-1.00000	0.00000	-1.00000	-1.00000	-0.00009	-1.00000	-1.00000	0.00013	-1.00000	-1.00000
544870	Gandy	Cluster	un	20237289	0.04838	-1.00000	-1.00000	0.00422	-1.00000	-1.00000	0.01434	-1.00000	-1.00000	0.00019	-1.00000	-1.00000
544889	Gandy	Cluster	un	20242221	0.03632	-1.00000	-1.00000	0.01266	-1.00000	-1.00000	0.00627	-1.00000	-1.00000	0.00039	-1.00000	-1.00000
544893	Gandy	Cluster	un	20243013	-0.00767	-1.00000	-1.00000	-0.00029	-1.00000	-1.00000	-0.00000	-1.00000	-1.00000	0.00004	-1.00000	-1.00000
544941	Gandy	Cluster	un	20253326	0.34783	-1.00000	-1.00000	0.17266	-1.00000	-1.00000	0.15356	-1.00000	-1.00000	0.00055	-1.00000	-1.00000
545408	Gandy	Cluster	un	20263519	0.49122	-1.00000	-1.00000	0.32557	-1.00000	-1.00000	0.32500	-1.00000	-1.00000	0.00061	-1.00000	-1.00000
545599	Gandy	Cluster	un	20269093	0.04420	-1.00000	-1.00000	0.00354	-1.00000	-1.00000	-0.00175	-1.00000	-1.00000	0.00024	-1.00000	-1.00000
545701	Gandy	Cluster	un	20279445	0.06920	-1.00000	-1.00000	0.00850	-1.00000	-1.00000	0.00265	-1.00000	-1.00000	0.00027	-1.00000	-1.00000
545952	Gandy	Cluster	un	20284293	0.78991	-1.00000	-1.00000	0.74853	-1.00000	-1.00000	0.75345	-1.00000	-1.00000	0.00104	-1.00000	-1.00000
546311	Gandy	Cluster	un	20302732	-0.01113	-1.00000	-1.00000	-0.01153	-1.00000	-1.00000	0.01495	-1.00000	-1.00000	0.00076	-1.00000	-1.00000
546338	Gandy	Cluster	un	20305956	0.00000	-1.00000	-1.00000	0.00000	-1.00000	-1.00000	-0.00009	-1.00000	-1.00000	0.00014	-1.00000	-1.00000
546758	Gandy	Cluster	un	20323208	0.05553	-1.00000	-1.00000	0.00674	-1.00000	-1.00000	0.00760	-1.00000	-1.00000	0.00013	-1.00000	-1.00000
546760	Gandy	Cluster	un	20323960	0.21739	-1.00000	-1.00000	0.06757	-1.00000	-1.00000	0.06943	-1.00000	-1.00000	0.00054	-1.00000	-1.00000
546774	Gandy	Cluster	un	20325680	0.13788	-1.00000	-1.00000	0.02596	-1.00000	-1.00000	0.03571	-1.00000	-1.00000	0.00040	-1.00000	-1.00000
546775	Gandy	Cluster	un	20326491	0.00290	-1.00000	-1.00000	0.00011	-1.00000	-1.00000	0.00088	-1.00000	-1.00000	0.00026	-1.00000	-1.00000
546779	Gandy	Cluster	un	20327301	0.02951	-1.00000	-1.00000	0.02039	-1.00000	-1.00000	0.01301	-1.00000	-1.00000	0.00051	-1.00000	-1.00000
546878	Gandy	Cluster	un	20337636	-0.00270	-1.00000	-1.00000	-0.00010	-1.00000	-1.00000	-0.00000	-1.00000	-1.00000	0.00005	-1.00000	-1.00000
546886	Gandy	Cluster	un	20339180	0.61914	-1.00000	-1.00000	0.49066	-1.00000	-1.00000	0.52145	-1.00000	-1.00000	0.00084	-1.00000	-1.00000
546908	Gandy	Cluster	un	20343141	0.46067	-1.00000	-1.00000	0.32356	-1.00000	-1.00000	0.30462	-1.00000	-1.00000	0.00076	-1.00000	-1.00000
547053	Gandy	Cluster	un	20360089	0.00251	-1.00000	-1.00000	0.00009	-1.00000	-1.00000	0.00508	-1.00000	-1.00000	0.00014	-1.00000	-1.00000
547132	Gandy	Cluster	un	20364720	-0.00270	-1.00000	-1.00000	-0.00010	-1.00000	-1.00000	-0.00558	-1.00000	-1.00000	0.00019	-1.00000	-1.00000
547259	Gandy	Cluster	un	20368782	-0.04174	-1.00000	-1.00000	-0.04355	-1.00000	-1.00000	-0.05113	-1.00000	-1.00000	0.00084	-1.00000	-1.00000
547263	Gandy	Cluster	un	20369526	0.16737	-1.00000	-1.00000	0.03722	-1.00000	-1.00000	0.03670	-1.00000	-1.00000	0.00025	-1.00000	-1.00000
547701	Gandy	Cluster	un	20382932	0.30969	-1.00000	-1.00000	0.14401	-1.00000	-1.00000	0.12626	-1.00000	-1.00000	0.00046	-1.00000	-1.00000
547702	Gandy	Cluster	un	20383796	0.12643	-1.00000	-1.00000	0.02178	-1.00000	-1.00000	0.02135	-1.00000	-1.00000	0.00019	-1.00000	-1.00000
547705	Gandy	Cluster	un	20384624	0.22222	-1.00000	-1.00000	0.06897	-1.00000	-1.00000	0.06339	-1.00000	-1.00000	0.00041	-1.00000	-1.00000
548082	Gandy	Cluster	un	20394791	0.00951	-1.00000	-1.00000	0.00037	-1.00000	-1.00000	0.05121	-1.00000	-1.00000	0.00028	-1.00000	-1.00000
548431	Gandy	Cluster	un	20408785	0.00000	-1.00000	-1.00000	0.00000	-1.00000	-1.00000	-0.00683	-1.00000	-1.00000	0.00038	-1.00000	-1.00000
548502	Gandy	Cluster	un	20413603	0.50844	-1.00000	-1.00000	0.37372	-1.00000	-1.00000	0.35055	-1.00000	-1.00000	0.00078	-1.00000	-1.00000
548788	Gandy	Cluster	un	20417641	0.00000	-1.00000	-1.00000	0.00000	-1.00000	-1.00000	-0.00713	-1.00000	-1.00000	0.00031	-1.00000	-1.00000
549517	Gandy	Cluster	un	20436182	0.57286	-1.00000	-1.00000	0.47699	-1.00000	-1.00000	0.44762	-1.00000	-1.00000	0.00083	-1.00000	-1.00000
550132	Gandy	Cluster	un	20460367	-0.00565	-1.00000	-1.00000	-0.00022	-1.00000	-1.00000	-0.00429	-1.00000	-1.00000	0.00029	-1.00000	-1.00000
550227	Gandy	Cluster	un	20463261	0.00561	-1.00000	-1.00000	0.00021	-1.00000	-1.00000	-0.00000	-1.00000	-1.00000	0.00005	-1.00000	-1.00000
550231	Gandy	Cluster	un	20465516	-0.00489	-1.00000	-1.00000	-0.00018	-1.00000	-1.00000	0.01104	-1.00000	-1.00000	0.00020	-1.00000	-1.00000
550232	Gandy	Cluster	un	20466312	0.00290	-1.00000	-1.00000	0.00011	-1.00000	-1.00000	0.00088	-1.00000	-1.00000	0.00029	-1.00000	-1.00000
550331	Gandy	Cluster	un	20467800	0.06470	-1.00000	-1.00000	0.00736	-1.00000	-1.00000	0.00760	-1.00000	-1.00000	0.00014	-1.00000	-1.00000
551051	Gandy	Cluster	un	20492643	0.03555	-1.00000	-1.00000	0.00306	-1.00000	-1.00000	-0.00561	-1.00000	-1.00000	0.00031	-1.00000	-1.00000
551668	Gandy	Cluster	un	20514906	-0.02782	-1.00000	-1.00000	-0.00329	-1.00000	-1.00000	-0.00897	-1.00000	-1.00000	0.00028	-1.00000	-1.00000
551673	Gandy	Cluster	un	20516519	0.00000	-1.00000	-1.00000	0.00000	-1.00000	-1.00000	-0.01276	-1.00000	-1.00000	0.00040	-1.00000	-1.00000
551804	Gandy	Cluster	un	20533896	-0.00767	-1.00000	-1.00000	-0.00029	-1.00000	-1.00000	0.01323	-1.00000	-1.00000	0.00019	-1.00000	-1.00000
551903	Gandy	Cluster	un	20542103	0.39735	-1.00000	-1.00000	0.23331	-1.00000	-1.00000	0.20951	-1.00000	-1.00000	0.00062	-1.00000	-1.00000
551960	Gandy	Cluster	un	20547022	0.08745	-1.00000	-1.00000	0.01453	-1.00000	-1.00000	0.00820	-1.00000	-1.00000	0.00026	-1.00000	-1.00000
552074	Gandy	Cluster	un	20559787	0.00251	-1.00000	-1.00000	0.00009	-1.00000	-1.00000	-0.00000	-1.00000	-1.00000	0.00005	-1.00000	-1.00000
552093	Gandy	Cluster	un	20563772	0.72805	-1.00000	-1.00000	0.66175	-1.00000	-1.00000	0.66900	-1.00000	-1.00000	0.00085	-1.00000	-1.00000
552094	Gandy	Cluster	un	20564659	0.46209	-1.00000	-1.00000	0.38197	-1.00000	-1.00000	0.36726	-1.00000	-1.00000	0.00082	-1.00000	-1.00000
552197	Gandy	Cluster	un	20570132	-0.00235	-1.00000	-1.00000	-0.00008	-1.00000	-1.00000	-0.00000	-1.00000	-1.00000	0.00004	-1.00000	-1.00000
552350	Gandy	Cluster	un	20576263	0.00290	-1.00000	-1.00000	0.00011	-1.00000	-1.00000	-0.00000	-1.00000	-1.00000	0.00005	-1.00000	-1.00000
552477	Gandy	Cluster	un	20580906	0.07569	-1.00000	-1.00000	0.01821	-1.00000	-1.00000	0.01786	-1.00000	-1.00000	0.00023	-1.00000	-1.00000
552562	Gandy	Cluster	un	20583562	0.79839	-1.00000	-1.00000	0.79912	-1.00000	-1.00000	0.80395	-1.00000	-1.00000	0.00109	-1.00000	-1.00000
552863	Gandy	Cluster	un	20593535	-0.00000	-1.00000	-1.00000	-0.00000	-1.00000	-1.00000	-0.00000	-1.00000	-1.00000	0.00004	-1.00000	-1.00000
552933	Gandy	Cluster	un	20595182	0.77237	-1.00000	-1.00000	0.75455	-1.00000	-1.00000	0.75761	-1.00000	-1.00000	0.00090	-1.00000	-1.00000
553207	Gandy	Cluster	un	20605574	-0.00000	-1.00000	-1.00000	-0.00000	-1.00000	-1.00000	-0.00581	-1.00000	-1.00000	0.00021	-1.00000	-1.00000
553277	Gandy	Cluster	un	20608838	-0.03770	-1.00000	-1.00000	-0.02034	-1.00000	-1.00000	0.00222	-1.00000	-1.00000	0.00060	-1.00000	-1.00000
553520	Gandy	Cluster	un	20622857	0.05304	-1.00000	-1.00000	0.00446	-1.00000	-1.00000	0.03571	-1.00000	-1.00000	0.00027	-1.00000	-1.00000
553541	Gandy	Cluster	un	20626876	0.04348	-1.00000	-1.00000	0.00394	-1.00000	-1.00000	0.02500	-1.00000	-1.00000	0.00036	-1.00000	-1.00000
553590	Gandy	Cluster	un	20631621	0.00656	-1.00000	-1.00000	0.00026	-1.00000	-1.00000	0.00691	-1.00000	-1.00000	0.00015	-1.00000	-1.00000
553727	Gandy	Cluster	un	20645275	0.16000	-1.00000	-1.00000	0.03670	-1.00000	-1.00000	0.05342	-1.00000	-1.00000	0.00032	-1.00000	-1.00000
553744	Gandy	Cluster	un	20649394	0.00000	-1.00000	-1.00000	0.00000	-1.00000	-1.00000	-0.00502	-1.00000	-1.00000	0.00020	-1.00000	-1.00000
554072	Gandy	Cluster	un	20671115	0.04420	-1.00000	-1.00000	0.00354	-1.00000	-1.00000	0.01220	-1.00000	-1.00000	0.00018	-1.00000	-1.00000
554516	Gandy	Cluster	un	20686284	0.00656	-1.00000	-1.00000	0.00026	-1.00000	-1.00000	0.05121	-1.00000	-1.00000	0.00032	-1.00000	-1.00000
554696	Gandy	Cluster	un	20690078	-0.00315	-1.00000	-1.00000	-0.00013	-1.00000	-1.00000	-0.01039	-1.00000	-1.00000	0.00037	-1.00000	-1.00000
554706	Gandy	Cluster	un	20690913	0.05304	-1.00000	-1.00000	0.00446	-1.00000	-1.00000	0.03024	-1.00000	-1.00000	0.00035	-1.00000	-1.00000
555020	Gandy	Cluster	un	20698022	0.10528	-1.00000	-1.00000	0.01778	-1.00000	-1.00000	0.01818	-1.00000	-1.00000	0.00016	-1.00000	-1.00000
555418	Gandy	Cluster	un	20706440	-0.04025	-1.00000	-1.00000	-0.04193	-1.00000	-1.00000	-0.04195	-1.00000	-1.00000	0.00066	-1.00000	-1.00000
556061	Gandy	Cluster	un	20717858	-0.00270	-1.00000	-1.00000	-0.00010	-1.00000	-1.00000	-0.00488	-1.00000	-1.00000	0.00026	-1.00000	-1.00000
556571	Gandy	Cluster	un	20735493	0.00000	-1.00000	-1.00000	0.00000	-1.00000	-1.00000	0.00508	-1.00000	-1.00000	0.00013	-1.00000	-1.00000
556799	Gandy	Cluster	un	20748451	-0.04348	-1.00000	-1.00000	-0.04545	-1.00000	-1.00000	-0.05552	-1.00000	-1.00000	0.00069	-1.00000	-1.00000
556868	Gandy	Cluster	un	20750802	0.15194	-1.00000	-1.00000	0.02682	-1.00000	-1.00000	0.02542	-1.00000	-1.00000	0.00020	-1.00000	-1.00000
557122	Gandy	Cluster	un	20754095	0.00000	-1.00000	-1.00000	0.00000	-1.00000	-1.00000	-0.01276	-1.00000	-1.00000	0.00044	-1.00000	-1.00000
557187	Gandy	Cluster	un	20758245	-0.00000	-1.00000	-1.00000	-0.00000	-1.00000	-1.00000	-0.00000	-1.00000	-1.00000	0.00005	-1.00000	-1.00000
557230	Gandy	Cluster	un	20759801	-0.00235	-1.00000	-1.00000	-0.00008	-1.00000	-1.00000	-0.00000	-1.00000	-1.00000	0.00004	-1.00000	-1.00000
557306	Gandy	Cluster	un	20766212	-0.03795	-1.00000	-1.00000	-0.00293	-1.00000	-1.00000	0.01733	-1.00000	-1.00000	0.00025	-1.00000	-1.00000
557508	Gandy	Cluster	un	20774448	0.02912	-1.00000	-1.00000	0.00239	-1.00000	-1.00000	-0.00468	-1.00000	-1.00000	0.00032	-1.00000	-1.00000
557513	Gandy	Cluster	un	20775230	-0.00235	-1.00000	-1.00000	-0.00008	-1.00000	-1.00000	0.00008	-1.00000	-1.00000	0.00012	-1.00000	-1.00000
557681	Gandy	Cluster	un	20783511	-0.00000	-1.00000	-1.00000	-0.00000	-1.00000	-1.00000	-0.00050	-1.00000	-1.00000	0.00026	-1.00000	-1.00000
557704	Gandy	Cluster	un	20786047	0.09920	-1.00000	-1.00000	0.01731	-1.00000	-1.00000	0.01818	-1.00000	-1.00000	0.00018	-1.00000	-1.00000
557846	Gandy	Cluster	un	20793265	-0.00000	-1.00000	-1.00000	-0.00000	-1.00000	-1.00000	0.02159	-1.00000	-1.00000	0.00021	-1.00000	-1.00000
558028	Gandy	Cluster	un	20803278	0.00000	-1.00000	-1.00000	0.00000	-1.00000	-1.00000	0.00508	-1.00000	-1.00000	0.00012	-1.00000	-1.00000
558034	Gandy	Cluster	un	20804136	-0.00000	-1.00000	-1.00000	-0.00000	-1.00000	-1.00000	-0.00000	-1.00000	-1.00000	0.00004	-1.00000	-1.00000
558179	Gandy	Cluster	un	20808204	0.00000	-1.00000	-1.00000	0.00000	-1.00000	-1.00000	-0.00000	-1.00000	-1.00000	0.00005	-1.00000	-1.00000
558266	Gandy	Cluster	un	20819297	0.74747	-1.00000	-1.00000	0.68944	-1.00000	-1.00000	0.68361	-1.00000	-1.00000	0.00093	-1.00000	-1.00000
558329	Gandy	Cluster	un	20820144	0.07810	-1.00000	-1.00000	0.07688	-1.00000	-1.00000	0.11662	-1.00000	-1.00000	0.00068	-1.00000	-1.00000
558346	Gandy	Cluster	un	20821039	0.05304	-1.00000	-1.00000	0.00446	-1.00000	-1.00000	0.01434	-1.00000	-1.00000	0.00019	-1.00000	-1.00000
558643	Gandy	Cluster	un	20839041	-0.00000	-1.00000	-1.00000	-0.00000	-1.00000	-1.00000	-0.00581	-1.00000	-1.00000	0.00022	-1.00000	-1.00000
558790	Gandy	Cluster	un	20854091	0.00340	-1.00000	-1.00000	0.00014	-1.00000	-1.00000	-0.00378	-1.00000	-1.00000	0.00039	-1.00000	-1.00000
559496	Gandy	Cluster	un	20889455	0.04000	-1.00000	-1.00000	0.00332	-1.00000	-1.00000	-0.00561	-1.00000	-1.00000	0.00033	-1.00000	-1.00000
559539	Gandy	Cluster	un	20893506	0.55413	-1.00000	-1.00000	0.38325	-1.00000	-1.00000	0.45283	-1.00000	-1.00000	0.00079	-1.00000	-1.00000
559641	Gandy	Cluster	un	20898445	0.05748	-1.00000	-1.00000	0.00467	-1.00000	-1.00000	0.03571	-1.00000	-1.00000	0.00027	-1.00000	-1.00000
559695	Gandy	Cluster	un	20901733	0.05686	-1.00000	-1.00000	0.04469	-1.00000	-1.00000	0.02692	-1.00000	-1.00000	0.00071	-1.00000	-1.00000
559791	Gandy	Cluster	un	20909013	0.00561	-1.00000	-1.00000	0.00021	-1.00000	-1.00000	0.02159	-1.00000	-1.00000	0.00022	-1.00000	-1.00000
560025	Gandy	Cluster	un	20924036	-0.00000	-1.00000	-1.00000	-0.00000	-1.00000	-1.00000	0.02159	-1.00000	-1.00000	0.00021	-1.00000	-1.00000
560067	Gandy	Cluster	un	20925573	0.04067	-1.00000	-1.00000	0.00302	-1.00000	-1.00000	0.00284	-1.00000	-1.00000	0.00009	-1.00000	-1.00000
560195	Gandy	Cluster	un	20936975	0.03555	-1.00000	-1.00000	0.00306	-1.00000	-1.00000	-0.00925	-1.00000	-1.00000	0.00036	-1.00000	-1.00000
560229	Gandy	Cluster	un	20938626	-0.00000	-1.00000	-1.00000	-0.00000	-1.00000	-1.00000	-0.00581	-1.00000	-1.00000	0.00020	-1.00000	-1.00000
560587	Gandy	Cluster	un	20949643	0.00290	-1.00000	-1.00000	0.00011	-1.00000	-1.00000	-0.00030	-1.00000	-1.00000	0.00012	-1.00000	-1.00000
560871	Gandy	Cluster	un	20962566	-0.00315	-1.00000	-1.00000	-0.00013	-1.00000	-1.00000	-0.00207	-1.00000	-1.00000	0.00030	-1.00000	-1.00000
562219	Gandy	Cluster	un	21010916	0.00656	-1.00000	-1.00000	0.00026	-1.00000	-1.00000	0.00691	-1.00000	-1.00000	0.00014	-1.00000	-1.00000
