# Locus ID	Pop 1 ID	Pop 2 ID	Chr	BP	Column	Fisher's P	Odds Ratio	CI Low	CI High	LOD	AMOVA Fst	Smoothed AMOVA Fst	Smoothed AMOVA Fst P-value
4	Rosebud_Top_P	Jail_Pond	un	108	107	1.000000000	1.78571	0.15251	20.90852	0.25181	0.01681	-1.00000	-1.00000
37	Rosebud_Top_P	Jail_Pond	un	6631	133	0.003465046	12.00000	1.38010	104.34058	1.07918	0.17636	-1.00000	-1.00000
42	Rosebud_Top_P	Jail_Pond	un	8936	63	0.030480478	4.79167	1.13598	20.21166	0.68049	0.09665	-1.00000	-1.00000
43	Rosebud_Top_P	Jail_Pond	un	9701	8	0.104821803	4.83333	0.50582	46.18450	0.68425	0.06335	-1.00000	-1.00000
51	Rosebud_Top_P	Jail_Pond	un	13995	247	1.000000000	0.51852	0.04439	6.05718	0.28524	0.01752	-1.00000	-1.00000
79	Rosebud_Top_P	Jail_Pond	un	23352	63	0.481481481	0.44828	0.03837	5.23742	0.34845	0.02032	-1.00000	-1.00000
91	Rosebud_Top_P	Jail_Pond	un	28863	124	0.118181818	0.22414	0.02352	2.13589	0.64948	0.05660	-1.00000	-1.00000
104	Rosebud_Top_P	Jail_Pond	un	32774	102	0.000000000	406.00000	34.82467	4733.31104	2.60853	0.93103	-1.00000	-1.00000
106	Rosebud_Top_P	Jail_Pond	un	34240	22	0.000000000	106.33334	11.91992	948.56152	2.02667	0.68531	-1.00000	-1.00000
115	Rosebud_Top_P	Jail_Pond	un	35807	8	0.245454545	3.22222	0.31567	32.89072	0.50816	0.03704	-1.00000	-1.00000
131	Rosebud_Top_P	Jail_Pond	un	40692	66	0.020060790	8.10000	0.90237	72.70824	0.90849	0.12037	-1.00000	-1.00000
144	Rosebud_Top_P	Jail_Pond	un	43777	47	1.000000000	1.02941	0.30914	3.42782	0.01259	0.00004	-1.00000	-1.00000
160	Rosebud_Top_P	Jail_Pond	un	49159	64	0.500000000	0.48276	0.04141	5.62819	0.31627	0.01818	-1.00000	-1.00000
173	Rosebud_Top_P	Jail_Pond	un	54225	112	0.000055152	15.75000	3.62603	68.41167	1.19728	0.32977	-1.00000	-1.00000
203	Rosebud_Top_P	Jail_Pond	un	62314	109	0.130508505	2.87500	0.82466	10.02312	0.45864	0.05283	-1.00000	-1.00000
227	Rosebud_Top_P	Jail_Pond	un	68683	154	0.409430280	1.80000	0.60505	5.35492	0.25527	0.02084	-1.00000	-1.00000
240	Rosebud_Top_P	Jail_Pond	un	73069	32	0.020799934	7.90909	0.88661	70.55416	0.89813	0.10989	-1.00000	-1.00000
251	Rosebud_Top_P	Jail_Pond	un	80037	6	0.491264850	0.33333	0.03259	3.40968	0.47712	0.03571	-1.00000	-1.00000
261	Rosebud_Top_P	Jail_Pond	un	84121	34	0.500000000	2.07143	0.17768	24.14955	0.31627	0.01818	-1.00000	-1.00000
267	Rosebud_Top_P	Jail_Pond	un	86713	63	0.010968168	9.21053	1.04264	81.36432	0.96428	0.14286	-1.00000	-1.00000
288	Rosebud_Top_P	Jail_Pond	un	95744	131	0.009934180	7.76471	1.52172	39.62011	0.89012	0.13633	-1.00000	-1.00000
291	Rosebud_Top_P	Jail_Pond	un	97374	44	0.005105438	0.09483	0.01103	0.81529	1.02307	0.14286	-1.00000	-1.00000
298	Rosebud_Top_P	Jail_Pond	un	99753	110	1.000000000	1.00000	0.33607	2.97559	0.00000	0.00000	-1.00000	-1.00000
299	Rosebud_Top_P	Jail_Pond	un	100582	34	0.481481481	0.44828	0.03837	5.23742	0.34845	0.02032	-1.00000	-1.00000
304	Rosebud_Top_P	Jail_Pond	un	102341	154	0.117021277	0.22000	0.02284	2.11887	0.65758	0.06667	-1.00000	-1.00000
308	Rosebud_Top_P	Jail_Pond	un	103041	99	0.000000006	105.80000	11.45065	977.55548	2.02449	0.60803	-1.00000	-1.00000
332	Rosebud_Top_P	Jail_Pond	un	112079	14	0.000000152	46.63636	5.54421	392.29208	1.66872	0.46429	-1.00000	-1.00000
339	Rosebud_Top_P	Jail_Pond	un	116048	139	0.003714274	11.60000	1.34375	100.13750	1.06446	0.16039	-1.00000	-1.00000
342	Rosebud_Top_P	Jail_Pond	un	117625	109	0.016354234	8.70000	0.97139	77.91955	0.93952	0.12411	-1.00000	-1.00000
356	Rosebud_Top_P	Jail_Pond	un	122855	192	0.500000000	2.07692	0.17741	24.31412	0.31742	0.01961	-1.00000	-1.00000
374	Rosebud_Top_P	Jail_Pond	un	125310	112	0.000063297	31.90909	3.71161	274.32541	1.50391	0.32335	-1.00000	-1.00000
380	Rosebud_Top_P	Jail_Pond	un	126936	101	1.000000000	0.51852	0.04439	6.05718	0.28524	0.01752	-1.00000	-1.00000
409	Rosebud_Top_P	Jail_Pond	un	138241	110	0.200180072	4.54545	0.47195	43.77839	0.65758	0.03830	-1.00000	-1.00000
413	Rosebud_Top_P	Jail_Pond	un	140969	456	1.000000000	0.56000	0.04783	6.55691	0.25181	0.01681	-1.00000	-1.00000
414	Rosebud_Top_P	Jail_Pond	un	141305	17	1.000000000	0.96000	0.30600	3.01172	0.01773	0.00010	-1.00000	-1.00000
422	Rosebud_Top_P	Jail_Pond	un	142909	20	0.245454545	0.31034	0.03040	3.16783	0.50816	0.03704	-1.00000	-1.00000
423	Rosebud_Top_P	Jail_Pond	un	143886	127	0.245454545	3.22222	0.31567	32.89072	0.50816	0.03704	-1.00000	-1.00000
427	Rosebud_Top_P	Jail_Pond	un	147009	78	0.112015456	0.18519	0.02022	1.69642	0.73239	0.07429	-1.00000	-1.00000
450	Rosebud_Top_P	Jail_Pond	un	156551	67	0.000028156	25.13333	2.99466	210.93718	1.40025	0.30769	-1.00000	-1.00000
461	Rosebud_Top_P	Jail_Pond	un	159608	12	0.003714274	11.60000	1.34375	100.13750	1.06446	0.16039	-1.00000	-1.00000
468	Rosebud_Top_P	Jail_Pond	un	161140	32	0.000000000	207.00000	20.12924	2128.69409	2.31597	0.85119	-1.00000	-1.00000
477	Rosebud_Top_P	Jail_Pond	un	163664	86	0.000000002	74.25000	8.61646	639.82959	1.87070	0.59091	-1.00000	-1.00000
487	Rosebud_Top_P	Jail_Pond	un	167699	13	0.091583710	5.27273	0.55003	50.54564	0.72204	0.07143	-1.00000	-1.00000
489	Rosebud_Top_P	Jail_Pond	un	169340	26	0.481481481	2.23077	0.19093	26.06312	0.34845	0.02032	-1.00000	-1.00000
493	Rosebud_Top_P	Jail_Pond	un	170235	99	0.112015456	0.18519	0.02022	1.69642	0.73239	0.07429	-1.00000	-1.00000
501	Rosebud_Top_P	Jail_Pond	un	173278	111	0.481481481	0.44828	0.03837	5.23742	0.34845	0.02032	-1.00000	-1.00000
507	Rosebud_Top_P	Jail_Pond	un	176495	55	0.010050659	10.00000	1.15273	86.75040	1.00000	0.15027	-1.00000	-1.00000
510	Rosebud_Top_P	Jail_Pond	un	177373	100	0.000118451	11.40000	3.09229	42.02706	1.05690	0.29167	-1.00000	-1.00000
514	Rosebud_Top_P	Jail_Pond	un	178115	49	0.500000000	0.48276	0.04141	5.62819	0.31627	0.01818	-1.00000	-1.00000
540	Rosebud_Top_P	Jail_Pond	un	187261	29	0.000000016	65.25000	7.52132	566.06567	1.81458	0.56667	-1.00000	-1.00000
552	Rosebud_Top_P	Jail_Pond	un	193196	332	0.481481481	2.23077	0.19093	26.06312	0.34845	0.02032	-1.00000	-1.00000
556	Rosebud_Top_P	Jail_Pond	un	195405	80	0.008914258	9.66667	1.10451	84.60300	0.98528	0.13462	-1.00000	-1.00000
581	Rosebud_Top_P	Jail_Pond	un	203978	23	0.000008647	28.57143	3.41708	238.89586	1.45593	0.34749	-1.00000	-1.00000
596	Rosebud_Top_P	Jail_Pond	un	206864	83	0.024822695	0.13333	0.01482	1.19995	0.87506	0.11628	-1.00000	-1.00000
602	Rosebud_Top_P	Jail_Pond	un	208397	62	0.000000009	84.00000	12.78378	551.94965	1.92428	0.64000	-1.00000	-1.00000
615	Rosebud_Top_P	Jail_Pond	un	215056	133	0.000000066	52.20000	6.15300	442.84708	1.71767	0.49480	-1.00000	-1.00000
616	Rosebud_Top_P	Jail_Pond	un	215792	22	0.000009385	29.00000	3.45766	243.22809	1.46240	0.34146	-1.00000	-1.00000
617	Rosebud_Top_P	Jail_Pond	un	216673	144	0.245454545	0.31034	0.03040	3.16783	0.50816	0.03704	-1.00000	-1.00000
622	Rosebud_Top_P	Jail_Pond	un	218469	386	1.000000000	0.52000	0.04432	6.10163	0.28400	0.01884	-1.00000	-1.00000
635	Rosebud_Top_P	Jail_Pond	un	222971	70	0.085543807	4.40000	0.83357	23.22536	0.64345	0.06553	-1.00000	-1.00000
641	Rosebud_Top_P	Jail_Pond	un	226883	53	0.046139818	6.42857	0.69714	59.27980	0.80811	0.09420	-1.00000	-1.00000
654	Rosebud_Top_P	Jail_Pond	un	231497	72	0.020799934	7.90909	0.88661	70.55416	0.89813	0.10989	-1.00000	-1.00000
661	Rosebud_Top_P	Jail_Pond	un	233810	19	0.025728988	7.25000	0.81543	64.45982	0.86034	0.09804	-1.00000	-1.00000
668	Rosebud_Top_P	Jail_Pond	un	237231	152	0.500000000	2.07692	0.17741	24.31412	0.31742	0.01961	-1.00000	-1.00000
690	Rosebud_Top_P	Jail_Pond	un	245076	97	0.245454545	0.31034	0.03040	3.16783	0.50816	0.03704	-1.00000	-1.00000
696	Rosebud_Top_P	Jail_Pond	un	248573	261	0.020799934	0.12644	0.01417	1.12790	0.89813	0.10989	-1.00000	-1.00000
698	Rosebud_Top_P	Jail_Pond	un	250413	508	0.500000000	2.07143	0.17768	24.14955	0.31627	0.01818	-1.00000	-1.00000
699	Rosebud_Top_P	Jail_Pond	un	250842	112	0.094679221	3.70370	0.86125	15.92735	0.56864	0.06190	-1.00000	-1.00000
708	Rosebud_Top_P	Jail_Pond	un	253931	98	1.000000000	0.51852	0.04439	6.05718	0.28524	0.01752	-1.00000	-1.00000
719	Rosebud_Top_P	Jail_Pond	un	254745	108	0.000000000	783.00000	46.62555	13149.20605	2.89376	1.00000	-1.00000	-1.00000
721	Rosebud_Top_P	Jail_Pond	un	256489	124	0.091583710	5.27273	0.55003	50.54564	0.72204	0.07143	-1.00000	-1.00000
724	Rosebud_Top_P	Jail_Pond	un	258134	78	1.000000000	0.52000	0.04432	6.10163	0.28400	0.01884	-1.00000	-1.00000
731	Rosebud_Top_P	Jail_Pond	un	261265	143	0.500000000	0.48276	0.04141	5.62819	0.31627	0.01818	-1.00000	-1.00000
735	Rosebud_Top_P	Jail_Pond	un	263607	107	0.461538462	0.41379	0.03533	4.84665	0.38322	0.02288	-1.00000	-1.00000
743	Rosebud_Top_P	Jail_Pond	un	265203	49	0.480000000	2.25000	0.19172	26.40626	0.35218	0.02211	-1.00000	-1.00000
745	Rosebud_Top_P	Jail_Pond	un	266024	95	0.091583710	0.18966	0.01978	1.81808	0.72204	0.07143	-1.00000	-1.00000
749	Rosebud_Top_P	Jail_Pond	un	268314	57	0.014812697	0.17391	0.04216	0.71732	0.75967	0.12206	-1.00000	-1.00000
753	Rosebud_Top_P	Jail_Pond	un	269184	52	0.710775906	1.38889	0.28088	6.86774	0.14267	0.00292	-1.00000	-1.00000
756	Rosebud_Top_P	Jail_Pond	un	270851	124	0.097646318	2.75000	0.85125	8.88403	0.43933	0.05263	-1.00000	-1.00000
759	Rosebud_Top_P	Jail_Pond	un	272048	434	0.104821803	0.20690	0.02165	1.97698	0.68425	0.06335	-1.00000	-1.00000
768	Rosebud_Top_P	Jail_Pond	un	274803	58	0.118181818	0.22414	0.02352	2.13589	0.64948	0.05660	-1.00000	-1.00000
772	Rosebud_Top_P	Jail_Pond	un	276507	81	0.500000000	0.48148	0.04113	5.63661	0.31742	0.01961	-1.00000	-1.00000
773	Rosebud_Top_P	Jail_Pond	un	277851	312	0.500000000	2.07143	0.17768	24.14955	0.31627	0.01818	-1.00000	-1.00000
777	Rosebud_Top_P	Jail_Pond	un	279311	75	0.500000000	0.48276	0.04141	5.62819	0.31627	0.01818	-1.00000	-1.00000
788	Rosebud_Top_P	Jail_Pond	un	283388	139	0.025446017	4.00000	1.20448	13.28379	0.60206	0.11111	-1.00000	-1.00000
793	Rosebud_Top_P	Jail_Pond	un	285798	107	0.000000000	222.33333	21.66588	2281.56470	2.34700	0.85556	-1.00000	-1.00000
802	Rosebud_Top_P	Jail_Pond	un	290617	86	0.104821803	4.83333	0.50582	46.18450	0.68425	0.06335	-1.00000	-1.00000
804	Rosebud_Top_P	Jail_Pond	un	291372	42	0.500000000	2.07143	0.17768	24.14955	0.31627	0.01818	-1.00000	-1.00000
812	Rosebud_Top_P	Jail_Pond	un	292970	96	0.491264850	0.33333	0.03259	3.40968	0.47712	0.03571	-1.00000	-1.00000
824	Rosebud_Top_P	Jail_Pond	un	296265	120	0.104821803	4.83333	0.50582	46.18450	0.68425	0.06335	-1.00000	-1.00000
833	Rosebud_Top_P	Jail_Pond	un	298520	25	0.491264850	0.33333	0.03259	3.40968	0.47712	0.03571	-1.00000	-1.00000
850	Rosebud_Top_P	Jail_Pond	un	306984	116	0.002587025	0.07759	0.00894	0.67309	1.11022	0.18148	-1.00000	-1.00000
851	Rosebud_Top_P	Jail_Pond	un	307711	32	0.011043619	5.00000	1.44748	17.27138	0.69897	0.14286	-1.00000	-1.00000
864	Rosebud_Top_P	Jail_Pond	un	309624	297	0.461538462	0.41379	0.03533	4.84665	0.38322	0.02288	-1.00000	-1.00000
869	Rosebud_Top_P	Jail_Pond	un	312634	358	1.000000000	1.92308	0.16389	22.56519	0.28400	0.01884	-1.00000	-1.00000
874	Rosebud_Top_P	Jail_Pond	un	314817	97	1.000000000	1.08696	0.19905	5.93552	0.03621	0.00017	-1.00000	-1.00000
887	Rosebud_Top_P	Jail_Pond	un	320523	51	0.500000000	0.48276	0.04141	5.62819	0.31627	0.01818	-1.00000	-1.00000
893	Rosebud_Top_P	Jail_Pond	un	322166	83	0.741107202	1.38000	0.36514	5.21547	0.13988	0.00419	-1.00000	-1.00000
900	Rosebud_Top_P	Jail_Pond	un	323804	73	0.000000005	75.00000	8.52772	659.61346	1.87506	0.61538	-1.00000	-1.00000
907	Rosebud_Top_P	Jail_Pond	un	325473	60	0.208144796	0.26437	0.02576	2.71292	0.57779	0.04667	-1.00000	-1.00000
913	Rosebud_Top_P	Jail_Pond	un	326530	22	0.000000000	783.00000	46.62555	13149.20605	2.89376	1.00000	-1.00000	-1.00000
920	Rosebud_Top_P	Jail_Pond	un	330784	333	1.000000000	1.92308	0.16389	22.56519	0.28400	0.01884	-1.00000	-1.00000
925	Rosebud_Top_P	Jail_Pond	un	332202	57	0.249760175	0.45455	0.14302	1.44464	0.34242	0.03365	-1.00000	-1.00000
927	Rosebud_Top_P	Jail_Pond	un	333026	105	0.006611286	10.68421	1.21537	93.92410	1.02874	0.15217	-1.00000	-1.00000
930	Rosebud_Top_P	Jail_Pond	un	333931	121	0.245454545	3.22222	0.31567	32.89072	0.50816	0.03704	-1.00000	-1.00000
949	Rosebud_Top_P	Jail_Pond	un	341078	179	0.461538462	0.41379	0.03533	4.84665	0.38322	0.02288	-1.00000	-1.00000
956	Rosebud_Top_P	Jail_Pond	un	343371	52	0.000000010	63.00000	7.38797	537.22504	1.79934	0.54622	-1.00000	-1.00000
976	Rosebud_Top_P	Jail_Pond	un	350425	102	0.245454545	3.22222	0.31567	32.89072	0.50816	0.03704	-1.00000	-1.00000
984	Rosebud_Top_P	Jail_Pond	un	354424	38	0.227113906	0.28736	0.02808	2.94037	0.54158	0.04142	-1.00000	-1.00000
987	Rosebud_Top_P	Jail_Pond	un	355322	108	0.500000000	0.48276	0.04141	5.62819	0.31627	0.01818	-1.00000	-1.00000
994	Rosebud_Top_P	Jail_Pond	un	357774	120	0.000009385	29.00000	3.45766	243.22809	1.46240	0.34146	-1.00000	-1.00000
1012	Rosebud_Top_P	Jail_Pond	un	367879	101	0.000708021	16.17647	1.90730	137.19798	1.20888	0.23077	-1.00000	-1.00000
1016	Rosebud_Top_P	Jail_Pond	un	368850	257	0.245098039	3.24000	0.31597	33.22326	0.51055	0.04000	-1.00000	-1.00000
1019	Rosebud_Top_P	Jail_Pond	un	369640	155	0.117647059	0.22222	0.02321	2.12804	0.65321	0.06122	-1.00000	-1.00000
1031	Rosebud_Top_P	Jail_Pond	un	372059	201	1.000000000	1.17391	0.06948	19.83494	0.06964	0.00024	-1.00000	-1.00000
1041	Rosebud_Top_P	Jail_Pond	un	374165	27	0.118181818	4.46154	0.46819	42.51565	0.64948	0.05660	-1.00000	-1.00000
1044	Rosebud_Top_P	Jail_Pond	un	375810	222	1.000000000	0.52000	0.04432	6.10163	0.28400	0.01884	-1.00000	-1.00000
1055	Rosebud_Top_P	Jail_Pond	un	379913	82	0.000000082	56.25000	6.45221	490.38443	1.75012	0.54839	-1.00000	-1.00000
1063	Rosebud_Top_P	Jail_Pond	un	383208	74	0.000000010	63.00000	7.38797	537.22504	1.79934	0.54622	-1.00000	-1.00000
1073	Rosebud_Top_P	Jail_Pond	un	386724	312	0.500000000	0.48276	0.04141	5.62819	0.31627	0.01818	-1.00000	-1.00000
1086	Rosebud_Top_P	Jail_Pond	un	389203	282	0.490612245	0.33333	0.03243	3.42639	0.47712	0.03846	-1.00000	-1.00000
1089	Rosebud_Top_P	Jail_Pond	un	391523	172	1.000000000	1.00000	0.05920	16.89051	0.00000	0.00000	-1.00000	-1.00000
1092	Rosebud_Top_P	Jail_Pond	un	392330	126	0.000002304	33.14286	3.98367	275.73810	1.52039	0.36585	-1.00000	-1.00000
1097	Rosebud_Top_P	Jail_Pond	un	393034	112	0.000000000	159.50000	16.63843	1529.00562	2.20276	0.79032	-1.00000	-1.00000
1117	Rosebud_Top_P	Jail_Pond	un	397575	19	0.227113906	0.28736	0.02808	2.94037	0.54158	0.04142	-1.00000	-1.00000
1125	Rosebud_Top_P	Jail_Pond	un	400719	6	0.055746141	5.80000	0.63455	53.01424	0.76343	0.07692	-1.00000	-1.00000
1151	Rosebud_Top_P	Jail_Pond	un	408483	50	0.000000581	43.20000	5.04896	369.62860	1.63548	0.46429	-1.00000	-1.00000
1160	Rosebud_Top_P	Jail_Pond	un	412408	38	0.358189918	2.11111	0.60349	7.38499	0.32451	0.02681	-1.00000	-1.00000
1161	Rosebud_Top_P	Jail_Pond	un	413313	136	0.000127909	0.04938	0.00586	0.41625	1.30642	0.26829	-1.00000	-1.00000
1163	Rosebud_Top_P	Jail_Pond	un	413954	29	0.016354234	0.11494	0.01283	1.02946	0.93952	0.12411	-1.00000	-1.00000
1165	Rosebud_Top_P	Jail_Pond	un	414760	10	0.004426205	14.29412	1.65955	123.11864	1.15516	0.15945	-1.00000	-1.00000
1166	Rosebud_Top_P	Jail_Pond	un	415781	143	0.000046796	23.40000	2.78171	196.84299	1.36922	0.30000	-1.00000	-1.00000
1183	Rosebud_Top_P	Jail_Pond	un	421182	16	0.104821803	0.20690	0.02165	1.97698	0.68425	0.06335	-1.00000	-1.00000
1187	Rosebud_Top_P	Jail_Pond	un	422061	40	0.461538462	0.41379	0.03533	4.84665	0.38322	0.02288	-1.00000	-1.00000
1188	Rosebud_Top_P	Jail_Pond	un	422930	67	0.227113906	0.28736	0.02808	2.94037	0.54158	0.04142	-1.00000	-1.00000
1198	Rosebud_Top_P	Jail_Pond	un	427690	129	0.510444696	0.52795	0.14278	1.95221	0.27741	0.01791	-1.00000	-1.00000
1222	Rosebud_Top_P	Jail_Pond	un	436468	13	0.000001694	35.30769	4.22710	294.91452	1.54787	0.39098	-1.00000	-1.00000
1239	Rosebud_Top_P	Jail_Pond	un	444394	27	0.009182922	0.12397	0.02397	0.64125	0.90669	0.14974	-1.00000	-1.00000
1250	Rosebud_Top_P	Jail_Pond	un	446738	136	0.046261731	5.21053	1.00009	27.14716	0.71688	0.08447	-1.00000	-1.00000
1254	Rosebud_Top_P	Jail_Pond	un	449173	82	0.000000000	351.00000	29.98258	4109.08643	2.54531	0.92593	-1.00000	-1.00000
1273	Rosebud_Top_P	Jail_Pond	un	456346	18	0.500000000	0.48148	0.04113	5.63661	0.31742	0.01961	-1.00000	-1.00000
1323	Rosebud_Top_P	Jail_Pond	un	471574	30	0.000000002	82.14286	9.37414	719.79358	1.91457	0.62857	-1.00000	-1.00000
1338	Rosebud_Top_P	Jail_Pond	un	478869	53	0.154559097	2.57143	0.81288	8.13437	0.41017	0.04899	-1.00000	-1.00000
1343	Rosebud_Top_P	Jail_Pond	un	481573	243	0.500000000	0.48276	0.04141	5.62819	0.31627	0.01818	-1.00000	-1.00000
1348	Rosebud_Top_P	Jail_Pond	un	482130	28	0.104821803	0.20690	0.02165	1.97698	0.68425	0.06335	-1.00000	-1.00000
1350	Rosebud_Top_P	Jail_Pond	un	483825	84	0.481481481	2.23077	0.19093	26.06312	0.34845	0.02032	-1.00000	-1.00000
1366	Rosebud_Top_P	Jail_Pond	un	490415	111	0.500000000	0.48276	0.04141	5.62819	0.31627	0.01818	-1.00000	-1.00000
1370	Rosebud_Top_P	Jail_Pond	un	491808	24	0.001886343	13.50000	1.59559	114.22084	1.13033	0.18571	-1.00000	-1.00000
1388	Rosebud_Top_P	Jail_Pond	un	498258	13	0.500000000	2.07143	0.17768	24.14955	0.31627	0.01818	-1.00000	-1.00000
1401	Rosebud_Top_P	Jail_Pond	un	500592	79	0.000000000	725.00000	43.08483	12199.76953	2.86034	1.00000	-1.00000	-1.00000
1409	Rosebud_Top_P	Jail_Pond	un	505228	39	0.480000000	0.44444	0.03787	5.21605	0.35218	0.02211	-1.00000	-1.00000
1416	Rosebud_Top_P	Jail_Pond	un	509620	100	0.500000000	0.48276	0.04141	5.62819	0.31627	0.01818	-1.00000	-1.00000
1424	Rosebud_Top_P	Jail_Pond	un	511116	135	0.493212670	0.36000	0.03511	3.69147	0.44370	0.03429	-1.00000	-1.00000
1432	Rosebud_Top_P	Jail_Pond	un	512759	74	0.000000000	145.00000	15.86366	1325.35596	2.16137	0.75000	-1.00000	-1.00000
1442	Rosebud_Top_P	Jail_Pond	un	514351	69	0.000013103	29.00000	3.42359	245.64850	1.46240	0.35000	-1.00000	-1.00000
1455	Rosebud_Top_P	Jail_Pond	un	519319	32	0.020799934	7.90909	0.88661	70.55416	0.89813	0.10989	-1.00000	-1.00000
1473	Rosebud_Top_P	Jail_Pond	un	525904	236	1.000000000	0.51852	0.04439	6.05718	0.28524	0.01752	-1.00000	-1.00000
1503	Rosebud_Top_P	Jail_Pond	un	532463	116	0.055746141	5.80000	0.63455	53.01424	0.76343	0.07692	-1.00000	-1.00000
1510	Rosebud_Top_P	Jail_Pond	un	535525	214	1.000000000	1.08000	0.06407	18.20505	0.03342	0.00005	-1.00000	-1.00000
1535	Rosebud_Top_P	Jail_Pond	un	543633	122	0.000028156	0.03979	0.00474	0.33393	1.40025	0.30769	-1.00000	-1.00000
1539	Rosebud_Top_P	Jail_Pond	un	545128	10	0.005105438	10.54545	1.22656	90.66576	1.02307	0.14286	-1.00000	-1.00000
1549	Rosebud_Top_P	Jail_Pond	un	547631	75	0.245454545	3.22222	0.31567	32.89072	0.50816	0.03704	-1.00000	-1.00000
1550	Rosebud_Top_P	Jail_Pond	un	548371	71	0.361234991	0.30864	0.03010	3.16484	0.51055	0.01923	-1.00000	-1.00000
1561	Rosebud_Top_P	Jail_Pond	un	556181	425	1.000000000	0.56000	0.04783	6.55691	0.25181	0.01681	-1.00000	-1.00000
1563	Rosebud_Top_P	Jail_Pond	un	556608	126	0.481481481	2.23077	0.19093	26.06312	0.34845	0.02032	-1.00000	-1.00000
1567	Rosebud_Top_P	Jail_Pond	un	558895	7	0.245454545	3.22222	0.31567	32.89072	0.50816	0.03704	-1.00000	-1.00000
1568	Rosebud_Top_P	Jail_Pond	un	559857	90	0.190296010	2.80000	0.64934	12.07381	0.44716	0.03849	-1.00000	-1.00000
1569	Rosebud_Top_P	Jail_Pond	un	560773	70	0.245454545	0.31034	0.03040	3.16783	0.50816	0.03704	-1.00000	-1.00000
1580	Rosebud_Top_P	Jail_Pond	un	564107	95	0.000000626	52.77778	6.14521	453.27924	1.72245	0.43866	-1.00000	-1.00000
1589	Rosebud_Top_P	Jail_Pond	un	567322	97	0.494493904	0.55556	0.13735	2.24711	0.25527	0.01279	-1.00000	-1.00000
1590	Rosebud_Top_P	Jail_Pond	un	568048	19	0.025310124	0.13580	0.01519	1.21416	0.86709	0.10638	-1.00000	-1.00000
1593	Rosebud_Top_P	Jail_Pond	un	569591	20	0.500000000	0.48000	0.04081	5.64636	0.31876	0.02128	-1.00000	-1.00000
1608	Rosebud_Top_P	Jail_Pond	un	576928	13	0.016453127	5.14286	1.38823	19.05232	0.71120	0.12160	-1.00000	-1.00000
1609	Rosebud_Top_P	Jail_Pond	un	577792	63	0.000000016	61.22222	7.16369	523.21606	1.78691	0.53846	-1.00000	-1.00000
1616	Rosebud_Top_P	Jail_Pond	un	579440	106	0.055222089	0.17037	0.01854	1.56542	0.76861	0.08333	-1.00000	-1.00000
1619	Rosebud_Top_P	Jail_Pond	un	581003	59	0.000000954	54.00000	6.17230	472.43329	1.73239	0.44962	-1.00000	-1.00000
1650	Rosebud_Top_P	Jail_Pond	un	592751	150	0.000005219	30.85714	3.70036	257.31656	1.48936	0.35714	-1.00000	-1.00000
1659	Rosebud_Top_P	Jail_Pond	un	597617	354	0.500000000	0.48148	0.04113	5.63661	0.31742	0.01961	-1.00000	-1.00000
1665	Rosebud_Top_P	Jail_Pond	un	599768	32	0.000000000	162.00000	16.91695	1551.34375	2.20952	0.79310	-1.00000	-1.00000
1669	Rosebud_Top_P	Jail_Pond	un	601393	42	0.208144796	0.26437	0.02576	2.71292	0.57779	0.04667	-1.00000	-1.00000
1671	Rosebud_Top_P	Jail_Pond	un	602344	120	0.000000000	783.00000	46.62555	13149.20605	2.89376	1.00000	-1.00000	-1.00000
1676	Rosebud_Top_P	Jail_Pond	un	605391	123	0.500000000	0.48148	0.04113	5.63661	0.31742	0.01961	-1.00000	-1.00000
1677	Rosebud_Top_P	Jail_Pond	un	606275	68	0.000521867	16.87500	1.97225	144.38617	1.22724	0.23780	-1.00000	-1.00000
1679	Rosebud_Top_P	Jail_Pond	un	608039	186	0.491264850	0.33333	0.03259	3.40968	0.47712	0.03571	-1.00000	-1.00000
1686	Rosebud_Top_P	Jail_Pond	un	610303	35	0.361234991	0.30864	0.03010	3.16484	0.51055	0.01923	-1.00000	-1.00000
1693	Rosebud_Top_P	Jail_Pond	un	614419	75	0.568465280	0.66316	0.21321	2.06263	0.17838	0.00972	-1.00000	-1.00000
1695	Rosebud_Top_P	Jail_Pond	un	615232	101	0.481481481	2.23077	0.19093	26.06312	0.34845	0.02032	-1.00000	-1.00000
1706	Rosebud_Top_P	Jail_Pond	un	619250	274	0.500000000	2.07692	0.17741	24.31412	0.31742	0.01961	-1.00000	-1.00000
1711	Rosebud_Top_P	Jail_Pond	un	622529	286	0.000000000	675.00000	40.04383	11378.15820	2.82930	1.00000	-1.00000	-1.00000
1728	Rosebud_Top_P	Jail_Pond	un	631837	71	0.491264850	0.33333	0.03259	3.40968	0.47712	0.03571	-1.00000	-1.00000
1730	Rosebud_Top_P	Jail_Pond	un	632696	37	0.000000094	52.77778	6.14521	453.27924	1.72245	0.51923	-1.00000	-1.00000
1757	Rosebud_Top_P	Jail_Pond	un	645035	140	0.000000387	36.00000	6.72908	192.59697	1.55630	0.46256	-1.00000	-1.00000
1761	Rosebud_Top_P	Jail_Pond	un	646378	22	0.500000000	0.48148	0.04113	5.63661	0.31742	0.01961	-1.00000	-1.00000
1764	Rosebud_Top_P	Jail_Pond	un	648209	234	1.000000000	0.92593	0.05493	15.60790	0.03342	0.00005	-1.00000	-1.00000
1767	Rosebud_Top_P	Jail_Pond	un	648472	32	0.000080714	0.04598	0.00547	0.38665	1.33746	0.27549	-1.00000	-1.00000
1781	Rosebud_Top_P	Jail_Pond	un	653656	135	0.000000000	159.50000	16.63843	1529.00562	2.20276	0.79032	-1.00000	-1.00000
1789	Rosebud_Top_P	Jail_Pond	un	655687	61	0.055222089	0.17037	0.01854	1.56542	0.76861	0.08333	-1.00000	-1.00000
1800	Rosebud_Top_P	Jail_Pond	un	660429	107	0.000000149	51.00000	5.92112	439.27515	1.70757	0.50980	-1.00000	-1.00000
1820	Rosebud_Top_P	Jail_Pond	un	667460	92	0.000268549	15.40000	2.92957	80.95383	1.18752	0.28125	-1.00000	-1.00000
1833	Rosebud_Top_P	Jail_Pond	un	672240	47	0.025728988	7.25000	0.81543	64.45982	0.86034	0.09804	-1.00000	-1.00000
1835	Rosebud_Top_P	Jail_Pond	un	673013	58	0.003465046	0.08333	0.00958	0.72459	1.07918	0.17636	-1.00000	-1.00000
1840	Rosebud_Top_P	Jail_Pond	un	675289	100	0.104821803	0.20690	0.02165	1.97698	0.68425	0.06335	-1.00000	-1.00000
1855	Rosebud_Top_P	Jail_Pond	un	682836	65	1.000000000	0.51852	0.04439	6.05718	0.28524	0.01752	-1.00000	-1.00000
1861	Rosebud_Top_P	Jail_Pond	un	686073	54	0.118181818	0.22414	0.02352	2.13589	0.64948	0.05660	-1.00000	-1.00000
1880	Rosebud_Top_P	Jail_Pond	un	695732	87	1.000000000	0.51852	0.04439	6.05718	0.28524	0.01752	-1.00000	-1.00000
1902	Rosebud_Top_P	Jail_Pond	un	702976	10	0.227113906	0.28736	0.02808	2.94037	0.54158	0.04142	-1.00000	-1.00000
1905	Rosebud_Top_P	Jail_Pond	un	705509	235	1.000000000	0.51852	0.04439	6.05718	0.28524	0.01752	-1.00000	-1.00000
1907	Rosebud_Top_P	Jail_Pond	un	706065	29	0.008914258	9.66667	1.10451	84.60300	0.98528	0.13462	-1.00000	-1.00000
1909	Rosebud_Top_P	Jail_Pond	un	706963	53	0.245454545	0.31034	0.03040	3.16783	0.50816	0.03704	-1.00000	-1.00000
1921	Rosebud_Top_P	Jail_Pond	un	711801	45	0.000355389	0.05517	0.00646	0.47099	1.25828	0.24419	-1.00000	-1.00000
1927	Rosebud_Top_P	Jail_Pond	un	712709	147	0.500000000	0.48276	0.04141	5.62819	0.31627	0.01818	-1.00000	-1.00000
1928	Rosebud_Top_P	Jail_Pond	un	713441	10	0.000985088	8.00000	2.18808	29.24942	0.90309	0.20000	-1.00000	-1.00000
1947	Rosebud_Top_P	Jail_Pond	un	720751	19	0.245098039	3.24000	0.31597	33.22326	0.51055	0.04000	-1.00000	-1.00000
1948	Rosebud_Top_P	Jail_Pond	un	721658	112	0.016354234	8.70000	0.97139	77.91955	0.93952	0.12411	-1.00000	-1.00000
1949	Rosebud_Top_P	Jail_Pond	un	722559	333	0.461538462	0.41379	0.03533	4.84665	0.38322	0.02288	-1.00000	-1.00000
1951	Rosebud_Top_P	Jail_Pond	un	723034	10	0.500000000	2.07143	0.17768	24.14955	0.31627	0.01818	-1.00000	-1.00000
1986	Rosebud_Top_P	Jail_Pond	un	736815	44	0.245098039	0.30864	0.03010	3.16484	0.51055	0.04000	-1.00000	-1.00000
1991	Rosebud_Top_P	Jail_Pond	un	739385	123	0.500000000	2.07143	0.17768	24.14955	0.31627	0.01818	-1.00000	-1.00000
1993	Rosebud_Top_P	Jail_Pond	un	740336	308	0.245098039	3.24000	0.31597	33.22326	0.51055	0.04000	-1.00000	-1.00000
1994	Rosebud_Top_P	Jail_Pond	un	740799	11	0.039514417	0.17172	0.03272	0.90111	0.76519	0.10047	-1.00000	-1.00000
2002	Rosebud_Top_P	Jail_Pond	un	743533	147	0.208144796	0.26437	0.02576	2.71292	0.57779	0.04667	-1.00000	-1.00000
2003	Rosebud_Top_P	Jail_Pond	un	744326	103	0.000708021	0.06182	0.00729	0.52430	1.20888	0.23077	-1.00000	-1.00000
2008	Rosebud_Top_P	Jail_Pond	un	747193	41	0.046139818	6.42857	0.69714	59.27980	0.80811	0.09420	-1.00000	-1.00000
2026	Rosebud_Top_P	Jail_Pond	un	755420	107	0.054169360	6.25000	0.69956	55.83867	0.79588	0.09119	-1.00000	-1.00000
2028	Rosebud_Top_P	Jail_Pond	un	756154	112	0.004916860	10.80000	1.24824	93.44380	1.03342	0.15556	-1.00000	-1.00000
2034	Rosebud_Top_P	Jail_Pond	un	760205	439	0.500000000	0.48148	0.04113	5.63661	0.31742	0.01961	-1.00000	-1.00000
2059	Rosebud_Top_P	Jail_Pond	un	767344	70	0.481481481	0.44828	0.03837	5.23742	0.34845	0.02032	-1.00000	-1.00000
2070	Rosebud_Top_P	Jail_Pond	un	773001	81	0.000000000	191.66667	18.59275	1975.82971	2.28255	0.72024	-1.00000	-1.00000
2074	Rosebud_Top_P	Jail_Pond	un	774546	17	1.000000000	0.51852	0.04439	6.05718	0.28524	0.01752	-1.00000	-1.00000
2085	Rosebud_Top_P	Jail_Pond	un	777477	33	0.245454545	3.22222	0.31567	32.89072	0.50816	0.03704	-1.00000	-1.00000
2087	Rosebud_Top_P	Jail_Pond	un	778281	52	1.000000000	0.56000	0.04783	6.55691	0.25181	0.01681	-1.00000	-1.00000
2088	Rosebud_Top_P	Jail_Pond	un	779090	6	0.245454545	3.22222	0.31567	32.89072	0.50816	0.03704	-1.00000	-1.00000
2089	Rosebud_Top_P	Jail_Pond	un	779966	51	0.611542730	3.00000	0.29185	30.83754	0.47712	0.01717	-1.00000	-1.00000
2101	Rosebud_Top_P	Jail_Pond	un	786771	229	1.000000000	0.51852	0.04439	6.05718	0.28524	0.01752	-1.00000	-1.00000
2102	Rosebud_Top_P	Jail_Pond	un	787814	397	0.500000000	0.48276	0.04141	5.62819	0.31627	0.01818	-1.00000	-1.00000
2114	Rosebud_Top_P	Jail_Pond	un	791608	71	0.000000000	725.00000	43.08483	12199.76953	2.86034	1.00000	-1.00000	-1.00000
2118	Rosebud_Top_P	Jail_Pond	un	792411	52	0.245454545	0.31034	0.03040	3.16783	0.50816	0.03704	-1.00000	-1.00000
2124	Rosebud_Top_P	Jail_Pond	un	794748	50	0.000221963	18.76471	2.22348	158.36180	1.27334	0.24476	-1.00000	-1.00000
2126	Rosebud_Top_P	Jail_Pond	un	795880	351	0.480000000	0.44444	0.03787	5.21605	0.35218	0.02211	-1.00000	-1.00000
2129	Rosebud_Top_P	Jail_Pond	un	797853	30	0.000849276	0.06667	0.00784	0.56688	1.17609	0.20930	-1.00000	-1.00000
2138	Rosebud_Top_P	Jail_Pond	un	801163	29	0.086150046	0.24000	0.05530	1.04154	0.61979	0.07623	-1.00000	-1.00000
2140	Rosebud_Top_P	Jail_Pond	un	802042	88	0.000000000	325.00000	27.69753	3813.51733	2.51188	0.92308	-1.00000	-1.00000
2144	Rosebud_Top_P	Jail_Pond	un	803768	138	0.500000000	2.07143	0.17768	24.14955	0.31627	0.01818	-1.00000	-1.00000
2150	Rosebud_Top_P	Jail_Pond	un	806810	9	0.117647059	0.22222	0.02321	2.12804	0.65321	0.06122	-1.00000	-1.00000
2151	Rosebud_Top_P	Jail_Pond	un	807992	305	0.104821803	0.20690	0.02165	1.97698	0.68425	0.06335	-1.00000	-1.00000
2161	Rosebud_Top_P	Jail_Pond	un	811959	111	0.005051612	14.37500	1.67042	123.70560	1.15761	0.17107	-1.00000	-1.00000
2173	Rosebud_Top_P	Jail_Pond	un	817542	83	1.000000000	0.51852	0.04439	6.05718	0.28524	0.01752	-1.00000	-1.00000
2175	Rosebud_Top_P	Jail_Pond	un	819119	141	0.111055145	0.18400	0.01997	1.69499	0.73518	0.08027	-1.00000	-1.00000
2180	Rosebud_Top_P	Jail_Pond	un	822220	81	0.020060790	8.10000	0.90237	72.70824	0.90849	0.12037	-1.00000	-1.00000
2200	Rosebud_Top_P	Jail_Pond	un	829929	578	0.480000000	2.25000	0.19172	26.40626	0.35218	0.02211	-1.00000	-1.00000
2214	Rosebud_Top_P	Jail_Pond	un	835761	148	0.000000037	57.00000	6.65442	488.24686	1.75587	0.52941	-1.00000	-1.00000
2221	Rosebud_Top_P	Jail_Pond	un	838229	131	0.091583710	0.18966	0.01978	1.81808	0.72204	0.07143	-1.00000	-1.00000
2242	Rosebud_Top_P	Jail_Pond	un	844537	39	0.135408229	2.78667	0.79415	9.77840	0.44509	0.05290	-1.00000	-1.00000
2244	Rosebud_Top_P	Jail_Pond	un	845404	107	0.000000000	783.00000	46.62555	13149.20605	2.89376	1.00000	-1.00000	-1.00000
2248	Rosebud_Top_P	Jail_Pond	un	847873	36	0.118181818	4.46154	0.46819	42.51565	0.64948	0.05660	-1.00000	-1.00000
2268	Rosebud_Top_P	Jail_Pond	un	855921	112	0.500000000	0.48276	0.04141	5.62819	0.31627	0.01818	-1.00000	-1.00000
2269	Rosebud_Top_P	Jail_Pond	un	856625	70	0.500000000	0.48276	0.04141	5.62819	0.31627	0.01818	-1.00000	-1.00000
2286	Rosebud_Top_P	Jail_Pond	un	862544	347	0.245098039	3.24000	0.31597	33.22326	0.51055	0.04000	-1.00000	-1.00000
2296	Rosebud_Top_P	Jail_Pond	un	866916	49	0.236897275	4.15385	0.43495	39.66973	0.61845	0.05462	-1.00000	-1.00000
2308	Rosebud_Top_P	Jail_Pond	un	873385	22	0.481481481	0.44828	0.03837	5.23742	0.34845	0.02032	-1.00000	-1.00000
2311	Rosebud_Top_P	Jail_Pond	un	875743	32	0.236897275	4.15385	0.43495	39.66973	0.61845	0.05462	-1.00000	-1.00000
2321	Rosebud_Top_P	Jail_Pond	un	879014	47	0.102210560	0.28571	0.06519	1.25232	0.54407	0.06143	-1.00000	-1.00000
2325	Rosebud_Top_P	Jail_Pond	un	880630	34	0.236897275	0.24074	0.02521	2.29910	0.61845	0.05462	-1.00000	-1.00000
2329	Rosebud_Top_P	Jail_Pond	un	881470	44	0.047272578	0.15862	0.01730	1.45424	0.79964	0.08615	-1.00000	-1.00000
2330	Rosebud_Top_P	Jail_Pond	un	882298	91	0.461538462	0.41379	0.03533	4.84665	0.38322	0.02288	-1.00000	-1.00000
2354	Rosebud_Top_P	Jail_Pond	un	886873	81	0.225306122	0.28395	0.02761	2.92002	0.54676	0.04514	-1.00000	-1.00000
2359	Rosebud_Top_P	Jail_Pond	un	889905	73	0.000000016	61.22222	7.16369	523.21606	1.78691	0.53846	-1.00000	-1.00000
2360	Rosebud_Top_P	Jail_Pond	un	890767	25	0.000022275	27.00000	3.18017	229.23271	1.43136	0.34211	-1.00000	-1.00000
2364	Rosebud_Top_P	Jail_Pond	un	891739	224	0.227113906	0.28736	0.02808	2.94037	0.54158	0.04142	-1.00000	-1.00000
2373	Rosebud_Top_P	Jail_Pond	un	896478	169	0.000000000	783.00000	46.62555	13149.20605	2.89376	1.00000	-1.00000	-1.00000
2376	Rosebud_Top_P	Jail_Pond	un	898038	121	0.047272578	0.15862	0.01730	1.45424	0.79964	0.08615	-1.00000	-1.00000
2388	Rosebud_Top_P	Jail_Pond	un	905055	212	0.225306122	0.28395	0.02761	2.92002	0.54676	0.04514	-1.00000	-1.00000
2389	Rosebud_Top_P	Jail_Pond	un	905837	165	0.481481481	2.23077	0.19093	26.06312	0.34845	0.02032	-1.00000	-1.00000
2414	Rosebud_Top_P	Jail_Pond	un	913007	97	0.016700507	0.18182	0.04887	0.67641	0.74036	0.13613	-1.00000	-1.00000
2423	Rosebud_Top_P	Jail_Pond	un	917056	42	0.004889055	7.66667	1.80751	32.51863	0.88461	0.17582	-1.00000	-1.00000
2428	Rosebud_Top_P	Jail_Pond	un	919541	222	0.500000000	0.48276	0.04141	5.62819	0.31627	0.01818	-1.00000	-1.00000
2432	Rosebud_Top_P	Jail_Pond	un	922573	94	0.500000000	0.48276	0.04141	5.62819	0.31627	0.01818	-1.00000	-1.00000
2434	Rosebud_Top_P	Jail_Pond	un	923341	84	0.000002976	33.46154	3.98697	280.83353	1.52455	0.37692	-1.00000	-1.00000
2435	Rosebud_Top_P	Jail_Pond	un	924138	107	0.001257332	8.40000	2.21318	31.88173	0.92428	0.21304	-1.00000	-1.00000
2437	Rosebud_Top_P	Jail_Pond	un	925864	125	0.000000581	43.20000	5.04896	369.62860	1.63548	0.46429	-1.00000	-1.00000
2439	Rosebud_Top_P	Jail_Pond	un	927326	9	0.000335760	17.47059	2.06538	147.77966	1.24231	0.23810	-1.00000	-1.00000
2447	Rosebud_Top_P	Jail_Pond	un	932018	29	0.481481481	2.23077	0.19093	26.06312	0.34845	0.02032	-1.00000	-1.00000
2456	Rosebud_Top_P	Jail_Pond	un	937717	34	0.051876516	0.14815	0.01663	1.32015	0.82930	0.09475	-1.00000	-1.00000
2457	Rosebud_Top_P	Jail_Pond	un	938499	10	0.235918367	4.16667	0.43401	40.00140	0.61979	0.05892	-1.00000	-1.00000
2473	Rosebud_Top_P	Jail_Pond	un	943573	50	0.480000000	0.44444	0.03787	5.21605	0.35218	0.02211	-1.00000	-1.00000
2474	Rosebud_Top_P	Jail_Pond	un	944409	138	0.016354234	0.11494	0.01283	1.02946	0.93952	0.12411	-1.00000	-1.00000
2477	Rosebud_Top_P	Jail_Pond	un	945849	16	0.000000000	124.20000	13.51716	1141.18933	2.09412	0.73333	-1.00000	-1.00000
2483	Rosebud_Top_P	Jail_Pond	un	948938	88	0.000000016	61.22222	7.16369	523.21606	1.78691	0.53846	-1.00000	-1.00000
2498	Rosebud_Top_P	Jail_Pond	un	955842	62	0.208144796	3.78261	0.36861	38.81679	0.57779	0.04667	-1.00000	-1.00000
2499	Rosebud_Top_P	Jail_Pond	un	956879	328	0.480000000	0.44444	0.03787	5.21605	0.35218	0.02211	-1.00000	-1.00000
2504	Rosebud_Top_P	Jail_Pond	un	960598	146	0.500000000	0.48276	0.04141	5.62819	0.31627	0.01818	-1.00000	-1.00000
2516	Rosebud_Top_P	Jail_Pond	un	965321	59	0.245454545	0.31034	0.03040	3.16783	0.50816	0.03704	-1.00000	-1.00000
2518	Rosebud_Top_P	Jail_Pond	un	966274	184	0.461538462	0.41379	0.03533	4.84665	0.38322	0.02288	-1.00000	-1.00000
2523	Rosebud_Top_P	Jail_Pond	un	968687	20	0.500000000	2.07143	0.17768	24.14955	0.31627	0.01818	-1.00000	-1.00000
2533	Rosebud_Top_P	Jail_Pond	un	973790	137	0.000043173	0.04233	0.00508	0.35297	1.37337	0.29443	-1.00000	-1.00000
2535	Rosebud_Top_P	Jail_Pond	un	975362	98	0.000159019	12.00000	3.08996	46.60255	1.07918	0.28810	-1.00000	-1.00000
2537	Rosebud_Top_P	Jail_Pond	un	976907	32	0.039250162	6.90476	0.75044	63.53036	0.83915	0.09722	-1.00000	-1.00000
2538	Rosebud_Top_P	Jail_Pond	un	977744	12	0.091583710	0.18966	0.01978	1.81808	0.72204	0.07143	-1.00000	-1.00000
2548	Rosebud_Top_P	Jail_Pond	un	983759	368	0.490612245	3.00000	0.29185	30.83754	0.47712	0.03846	-1.00000	-1.00000
2551	Rosebud_Top_P	Jail_Pond	un	985069	139	0.481481481	0.44828	0.03837	5.23742	0.34845	0.02032	-1.00000	-1.00000
2554	Rosebud_Top_P	Jail_Pond	un	986227	490	0.500000000	0.48276	0.04141	5.62819	0.31627	0.01818	-1.00000	-1.00000
2561	Rosebud_Top_P	Jail_Pond	un	989109	116	0.245454545	0.31034	0.03040	3.16783	0.50816	0.03704	-1.00000	-1.00000
2566	Rosebud_Top_P	Jail_Pond	un	993081	43	0.500000000	0.48276	0.04141	5.62819	0.31627	0.01818	-1.00000	-1.00000
2576	Rosebud_Top_P	Jail_Pond	un	997844	12	0.026878837	0.10857	0.01229	0.95910	0.96428	0.10227	-1.00000	-1.00000
2579	Rosebud_Top_P	Jail_Pond	un	999247	107	0.245454545	3.22222	0.31567	32.89072	0.50816	0.03704	-1.00000	-1.00000
2611	Rosebud_Top_P	Jail_Pond	un	1010403	66	0.759773182	1.35714	0.40350	4.56468	0.13263	0.00488	-1.00000	-1.00000
2620	Rosebud_Top_P	Jail_Pond	un	1015284	142	0.249818007	2.08333	0.62317	6.96480	0.31876	0.02778	-1.00000	-1.00000
2643	Rosebud_Top_P	Jail_Pond	un	1026518	368	0.000000000	725.00000	43.08483	12199.76953	2.86034	1.00000	-1.00000	-1.00000
2656	Rosebud_Top_P	Jail_Pond	un	1031201	86	0.245098039	0.30864	0.03010	3.16484	0.51055	0.04000	-1.00000	-1.00000
2665	Rosebud_Top_P	Jail_Pond	un	1035967	22	0.670207706	0.50000	0.08354	2.99241	0.30103	0.01099	-1.00000	-1.00000
2667	Rosebud_Top_P	Jail_Pond	un	1036860	23	0.117647059	4.50000	0.46992	43.09288	0.65321	0.06122	-1.00000	-1.00000
2675	Rosebud_Top_P	Jail_Pond	un	1041074	62	0.245454545	0.31034	0.03040	3.16783	0.50816	0.03704	-1.00000	-1.00000
2678	Rosebud_Top_P	Jail_Pond	un	1042753	435	0.500000000	2.08333	0.17711	24.50678	0.31876	0.02128	-1.00000	-1.00000
2679	Rosebud_Top_P	Jail_Pond	un	1043231	74	0.020799934	0.12644	0.01417	1.12790	0.89813	0.10989	-1.00000	-1.00000
2683	Rosebud_Top_P	Jail_Pond	un	1045240	369	0.500000000	2.07692	0.17741	24.31412	0.31742	0.01961	-1.00000	-1.00000
2684	Rosebud_Top_P	Jail_Pond	un	1045854	151	1.000000000	1.00000	0.28800	3.47228	0.00000	0.00000	-1.00000	-1.00000
2686	Rosebud_Top_P	Jail_Pond	un	1047418	27	0.000000893	38.66667	4.59785	325.17648	1.58734	0.41420	-1.00000	-1.00000
2688	Rosebud_Top_P	Jail_Pond	un	1049046	62	0.480000000	0.44444	0.03787	5.21605	0.35218	0.02211	-1.00000	-1.00000
2701	Rosebud_Top_P	Jail_Pond	un	1055281	260	0.500000000	0.48148	0.04113	5.63661	0.31742	0.01961	-1.00000	-1.00000
2704	Rosebud_Top_P	Jail_Pond	un	1057414	70	0.025310124	7.36364	0.82361	65.83572	0.86709	0.10638	-1.00000	-1.00000
2713	Rosebud_Top_P	Jail_Pond	un	1061476	132	0.092502533	6.57895	0.70856	61.08561	0.81816	0.06821	-1.00000	-1.00000
2721	Rosebud_Top_P	Jail_Pond	un	1065488	116	0.235918367	4.16667	0.43401	40.00140	0.61979	0.05892	-1.00000	-1.00000
2730	Rosebud_Top_P	Jail_Pond	un	1068404	48	0.481481481	0.44828	0.03837	5.23742	0.34845	0.02032	-1.00000	-1.00000
2744	Rosebud_Top_P	Jail_Pond	un	1078402	12	0.016354234	0.11494	0.01283	1.02946	0.93952	0.12411	-1.00000	-1.00000
2749	Rosebud_Top_P	Jail_Pond	un	1081686	60	0.236897275	0.24074	0.02521	2.29910	0.61845	0.05462	-1.00000	-1.00000
2750	Rosebud_Top_P	Jail_Pond	un	1082583	150	0.000000009	67.50000	7.80148	584.02374	1.82930	0.57576	-1.00000	-1.00000
2758	Rosebud_Top_P	Jail_Pond	un	1085922	348	1.000000000	1.92857	0.16509	22.52900	0.28524	0.01752	-1.00000	-1.00000
2760	Rosebud_Top_P	Jail_Pond	un	1087293	116	0.000000581	43.20000	5.04896	369.62860	1.63548	0.46429	-1.00000	-1.00000
2764	Rosebud_Top_P	Jail_Pond	un	1088795	103	0.236897275	0.24074	0.02521	2.29910	0.61845	0.05462	-1.00000	-1.00000
2774	Rosebud_Top_P	Jail_Pond	un	1092689	48	0.000000000	99.00000	11.07302	885.12469	1.99564	0.67742	-1.00000	-1.00000
2777	Rosebud_Top_P	Jail_Pond	un	1094437	131	0.000000000	729.00000	43.33459	12263.66797	2.86273	1.00000	-1.00000	-1.00000
2778	Rosebud_Top_P	Jail_Pond	un	1095101	51	1.000000000	0.69697	0.10611	4.57802	0.15679	0.00285	-1.00000	-1.00000
2788	Rosebud_Top_P	Jail_Pond	un	1098497	19	0.205483403	0.40000	0.10180	1.57177	0.39794	0.03704	-1.00000	-1.00000
2800	Rosebud_Top_P	Jail_Pond	un	1103714	37	0.481481481	2.23077	0.19093	26.06312	0.34845	0.02032	-1.00000	-1.00000
2803	Rosebud_Top_P	Jail_Pond	un	1105456	123	1.000000000	0.83636	0.19838	3.52607	0.07760	0.00110	-1.00000	-1.00000
2806	Rosebud_Top_P	Jail_Pond	un	1108044	146	0.491264850	3.00000	0.29328	30.68711	0.47712	0.03571	-1.00000	-1.00000
2811	Rosebud_Top_P	Jail_Pond	un	1111310	119	0.000000178	46.20000	8.06479	264.66147	1.66464	0.52723	-1.00000	-1.00000
2812	Rosebud_Top_P	Jail_Pond	un	1112274	303	0.481481481	2.23077	0.19093	26.06312	0.34845	0.02032	-1.00000	-1.00000
2814	Rosebud_Top_P	Jail_Pond	un	1112910	134	0.227113906	0.28736	0.02808	2.94037	0.54158	0.04142	-1.00000	-1.00000
2837	Rosebud_Top_P	Jail_Pond	un	1121692	129	0.208144796	0.26437	0.02576	2.71292	0.57779	0.04667	-1.00000	-1.00000
2840	Rosebud_Top_P	Jail_Pond	un	1122563	204	0.461538462	0.41379	0.03533	4.84665	0.38322	0.02288	-1.00000	-1.00000
2842	Rosebud_Top_P	Jail_Pond	un	1123277	72	0.500000000	2.07143	0.17768	24.14955	0.31627	0.01818	-1.00000	-1.00000
2848	Rosebud_Top_P	Jail_Pond	un	1125514	101	0.500000000	0.48276	0.04141	5.62819	0.31627	0.01818	-1.00000	-1.00000
2851	Rosebud_Top_P	Jail_Pond	un	1127020	8	0.002076008	0.07819	0.00913	0.66975	1.10685	0.18182	-1.00000	-1.00000
2853	Rosebud_Top_P	Jail_Pond	un	1127956	71	0.000000000	783.00000	46.62555	13149.20605	2.89376	1.00000	-1.00000	-1.00000
2863	Rosebud_Top_P	Jail_Pond	un	1134229	14	0.491264850	0.33333	0.03259	3.40968	0.47712	0.03571	-1.00000	-1.00000
2864	Rosebud_Top_P	Jail_Pond	un	1135065	42	0.118181818	4.46154	0.46819	42.51565	0.64948	0.05660	-1.00000	-1.00000
2865	Rosebud_Top_P	Jail_Pond	un	1135912	21	0.000009385	29.00000	3.45766	243.22809	1.46240	0.34146	-1.00000	-1.00000
2867	Rosebud_Top_P	Jail_Pond	un	1137438	43	0.008914258	9.66667	1.10451	84.60300	0.98528	0.13462	-1.00000	-1.00000
2868	Rosebud_Top_P	Jail_Pond	un	1138230	55	0.025962845	4.00000	1.21800	13.13629	0.60206	0.10519	-1.00000	-1.00000
2870	Rosebud_Top_P	Jail_Pond	un	1139786	23	0.500000000	0.48276	0.04141	5.62819	0.31627	0.01818	-1.00000	-1.00000
2871	Rosebud_Top_P	Jail_Pond	un	1140642	70	0.000000000	675.00000	40.04383	11378.15820	2.82930	1.00000	-1.00000	-1.00000
2873	Rosebud_Top_P	Jail_Pond	un	1141377	13	0.480000000	0.44444	0.03787	5.21605	0.35218	0.02211	-1.00000	-1.00000
2876	Rosebud_Top_P	Jail_Pond	un	1143900	102	0.552064167	1.48148	0.43074	5.09543	0.17070	0.00752	-1.00000	-1.00000
2879	Rosebud_Top_P	Jail_Pond	un	1145443	6	0.461538462	0.41379	0.03533	4.84665	0.38322	0.02288	-1.00000	-1.00000
2881	Rosebud_Top_P	Jail_Pond	un	1147400	364	0.500000000	0.48276	0.04141	5.62819	0.31627	0.01818	-1.00000	-1.00000
2882	Rosebud_Top_P	Jail_Pond	un	1148272	439	1.000000000	1.92308	0.16389	22.56519	0.28400	0.01884	-1.00000	-1.00000
2895	Rosebud_Top_P	Jail_Pond	un	1153948	11	0.112015456	5.40000	0.58948	49.46759	0.73239	0.07429	-1.00000	-1.00000
2900	Rosebud_Top_P	Jail_Pond	un	1156217	24	1.000000000	1.00000	0.31897	3.13506	0.00000	0.00000	-1.00000	-1.00000
2909	Rosebud_Top_P	Jail_Pond	un	1160201	13	0.142348115	0.38095	0.10858	1.33658	0.41913	0.04505	-1.00000	-1.00000
2911	Rosebud_Top_P	Jail_Pond	un	1161991	208	0.480000000	2.25000	0.19172	26.40626	0.35218	0.02211	-1.00000	-1.00000
2915	Rosebud_Top_P	Jail_Pond	un	1164972	59	1.000000000	0.51852	0.04439	6.05718	0.28524	0.01752	-1.00000	-1.00000
2918	Rosebud_Top_P	Jail_Pond	un	1167362	68	0.051876516	6.75000	0.75749	60.14915	0.82930	0.09475	-1.00000	-1.00000
2938	Rosebud_Top_P	Jail_Pond	un	1174384	11	0.273111402	0.51852	0.16667	1.61315	0.28524	0.02500	-1.00000	-1.00000
2939	Rosebud_Top_P	Jail_Pond	un	1175360	222	0.481481481	0.44828	0.03837	5.23742	0.34845	0.02032	-1.00000	-1.00000
2949	Rosebud_Top_P	Jail_Pond	un	1181006	32	0.500000000	0.48276	0.04141	5.62819	0.31627	0.01818	-1.00000	-1.00000
2980	Rosebud_Top_P	Jail_Pond	un	1189264	132	0.000081590	29.54545	3.42761	254.67741	1.47049	0.31350	-1.00000	-1.00000
2982	Rosebud_Top_P	Jail_Pond	un	1190755	28	0.102108768	6.81818	0.76063	61.11749	0.83367	0.06841	-1.00000	-1.00000
2984	Rosebud_Top_P	Jail_Pond	un	1191525	81	0.000000082	56.25000	6.45221	490.38443	1.75012	0.54839	-1.00000	-1.00000
2999	Rosebud_Top_P	Jail_Pond	un	1198763	103	0.000003676	43.20000	5.04896	369.62860	1.63548	0.38890	-1.00000	-1.00000
3010	Rosebud_Top_P	Jail_Pond	un	1203515	144	0.500000000	0.48148	0.04113	5.63661	0.31742	0.01961	-1.00000	-1.00000
3012	Rosebud_Top_P	Jail_Pond	un	1205139	142	0.003714274	11.60000	1.34375	100.13750	1.06446	0.16039	-1.00000	-1.00000
3024	Rosebud_Top_P	Jail_Pond	un	1209671	125	0.500000000	2.07143	0.17768	24.14955	0.31627	0.01818	-1.00000	-1.00000
3032	Rosebud_Top_P	Jail_Pond	un	1211834	144	0.491264850	3.00000	0.29328	30.68711	0.47712	0.03571	-1.00000	-1.00000
3037	Rosebud_Top_P	Jail_Pond	un	1215191	104	0.491264850	0.33333	0.03259	3.40968	0.47712	0.03571	-1.00000	-1.00000
3042	Rosebud_Top_P	Jail_Pond	un	1217889	68	0.118181818	0.22414	0.02352	2.13589	0.64948	0.05660	-1.00000	-1.00000
3045	Rosebud_Top_P	Jail_Pond	un	1218766	135	0.000000000	121.80000	13.23776	1120.67566	2.08565	0.72917	-1.00000	-1.00000
3068	Rosebud_Top_P	Jail_Pond	un	1227524	72	0.055746141	0.17241	0.01886	1.57593	0.76343	0.07692	-1.00000	-1.00000
3077	Rosebud_Top_P	Jail_Pond	un	1232281	81	0.491264850	3.00000	0.29328	30.68711	0.47712	0.03571	-1.00000	-1.00000
3091	Rosebud_Top_P	Jail_Pond	un	1234682	13	0.500000000	0.48276	0.04141	5.62819	0.31627	0.01818	-1.00000	-1.00000
3094	Rosebud_Top_P	Jail_Pond	un	1235682	223	0.480000000	2.25000	0.19172	26.40626	0.35218	0.02211	-1.00000	-1.00000
3112	Rosebud_Top_P	Jail_Pond	un	1243849	82	0.200180072	4.54545	0.47195	43.77839	0.65758	0.03830	-1.00000	-1.00000
3114	Rosebud_Top_P	Jail_Pond	un	1244648	49	0.002423097	8.33333	1.97381	35.18302	0.92082	0.18687	-1.00000	-1.00000
3120	Rosebud_Top_P	Jail_Pond	un	1247295	149	0.000000005	75.00000	8.52772	659.61346	1.87506	0.61538	-1.00000	-1.00000
3135	Rosebud_Top_P	Jail_Pond	un	1252275	225	1.000000000	0.51852	0.04439	6.05718	0.28524	0.01752	-1.00000	-1.00000
3138	Rosebud_Top_P	Jail_Pond	un	1253784	102	0.500000000	0.48276	0.04141	5.62819	0.31627	0.01818	-1.00000	-1.00000
3139	Rosebud_Top_P	Jail_Pond	un	1254445	16	0.000000009	67.50000	7.80148	584.02374	1.82930	0.57576	-1.00000	-1.00000
3147	Rosebud_Top_P	Jail_Pond	un	1256133	83	0.104821803	4.83333	0.50582	46.18450	0.68425	0.06335	-1.00000	-1.00000
3171	Rosebud_Top_P	Jail_Pond	un	1265770	222	0.500000000	2.07143	0.17768	24.14955	0.31627	0.01818	-1.00000	-1.00000
3179	Rosebud_Top_P	Jail_Pond	un	1268018	37	0.000000000	725.00000	43.08483	12199.76953	2.86034	1.00000	-1.00000	-1.00000
3182	Rosebud_Top_P	Jail_Pond	un	1268863	49	0.530380505	1.68000	0.46983	6.00729	0.22531	0.01192	-1.00000	-1.00000
3183	Rosebud_Top_P	Jail_Pond	un	1269645	58	0.006611286	0.09360	0.01065	0.82280	1.02874	0.15217	-1.00000	-1.00000
3185	Rosebud_Top_P	Jail_Pond	un	1271270	22	0.055746141	5.80000	0.63455	53.01424	0.76343	0.07692	-1.00000	-1.00000
3186	Rosebud_Top_P	Jail_Pond	un	1272235	57	0.000000000	351.00000	29.98258	4109.08643	2.54531	0.92593	-1.00000	-1.00000
3200	Rosebud_Top_P	Jail_Pond	un	1278413	6	0.000000000	378.00000	32.35829	4415.68408	2.57749	0.92857	-1.00000	-1.00000
3210	Rosebud_Top_P	Jail_Pond	un	1284656	129	0.225306122	3.52174	0.34246	36.21597	0.54676	0.04514	-1.00000	-1.00000
3220	Rosebud_Top_P	Jail_Pond	un	1289436	95	1.000000000	1.92857	0.16509	22.52900	0.28524	0.01752	-1.00000	-1.00000
3222	Rosebud_Top_P	Jail_Pond	un	1290976	103	0.000000000	225.00000	21.94246	2307.17041	2.35218	0.85714	-1.00000	-1.00000
3233	Rosebud_Top_P	Jail_Pond	un	1295937	233	0.480000000	2.25000	0.19172	26.40626	0.35218	0.02211	-1.00000	-1.00000
3246	Rosebud_Top_P	Jail_Pond	un	1303151	115	0.000000000	145.00000	15.86366	1325.35596	2.16137	0.75000	-1.00000	-1.00000
3248	Rosebud_Top_P	Jail_Pond	un	1303857	91	0.245098039	0.30864	0.03010	3.16484	0.51055	0.04000	-1.00000	-1.00000
3297	Rosebud_Top_P	Jail_Pond	un	1321255	33	0.091583710	5.27273	0.55003	50.54564	0.72204	0.07143	-1.00000	-1.00000
3302	Rosebud_Top_P	Jail_Pond	un	1323496	28	0.580024777	1.39669	0.44868	4.34778	0.14510	0.00694	-1.00000	-1.00000
3308	Rosebud_Top_P	Jail_Pond	un	1327602	143	0.000012389	28.84615	3.41998	243.30547	1.46009	0.35897	-1.00000	-1.00000
3310	Rosebud_Top_P	Jail_Pond	un	1329222	153	0.091583710	0.18966	0.01978	1.81808	0.72204	0.07143	-1.00000	-1.00000
3313	Rosebud_Top_P	Jail_Pond	un	1331109	308	0.245454545	0.31034	0.03040	3.16783	0.50816	0.03704	-1.00000	-1.00000
3315	Rosebud_Top_P	Jail_Pond	un	1332469	31	0.090706738	3.83333	0.87930	16.71155	0.58358	0.06909	-1.00000	-1.00000
3320	Rosebud_Top_P	Jail_Pond	un	1334740	9	0.225306122	0.28395	0.02761	2.92002	0.54676	0.04514	-1.00000	-1.00000
3337	Rosebud_Top_P	Jail_Pond	un	1338805	26	0.047272578	0.15862	0.01730	1.45424	0.79964	0.08615	-1.00000	-1.00000
3340	Rosebud_Top_P	Jail_Pond	un	1340539	117	0.481481481	0.44828	0.03837	5.23742	0.34845	0.02032	-1.00000	-1.00000
3354	Rosebud_Top_P	Jail_Pond	un	1347052	67	1.000000000	0.88235	0.27778	2.80273	0.05436	0.00090	-1.00000	-1.00000
3359	Rosebud_Top_P	Jail_Pond	un	1350350	44	0.000081590	29.54545	3.42761	254.67741	1.47049	0.31350	-1.00000	-1.00000
3380	Rosebud_Top_P	Jail_Pond	un	1357510	73	0.245454545	0.31034	0.03040	3.16783	0.50816	0.03704	-1.00000	-1.00000
3383	Rosebud_Top_P	Jail_Pond	un	1358190	23	0.118181818	0.22414	0.02352	2.13589	0.64948	0.05660	-1.00000	-1.00000
3384	Rosebud_Top_P	Jail_Pond	un	1359082	50	0.236897275	4.15385	0.43495	39.66973	0.61845	0.05462	-1.00000	-1.00000
3389	Rosebud_Top_P	Jail_Pond	un	1361460	12	0.000000000	350.00000	29.89212	4098.06982	2.54407	0.92571	-1.00000	-1.00000
3393	Rosebud_Top_P	Jail_Pond	un	1363284	154	0.157214791	0.29143	0.06593	1.28827	0.53547	0.05448	-1.00000	-1.00000
3394	Rosebud_Top_P	Jail_Pond	un	1364252	343	1.000000000	1.92857	0.16509	22.52900	0.28524	0.01752	-1.00000	-1.00000
3406	Rosebud_Top_P	Jail_Pond	un	1369382	103	0.007840548	0.10744	0.02052	0.56242	0.96884	0.17802	-1.00000	-1.00000
3407	Rosebud_Top_P	Jail_Pond	un	1370106	7	0.055746141	0.17241	0.01886	1.57593	0.76343	0.07692	-1.00000	-1.00000
3420	Rosebud_Top_P	Jail_Pond	un	1373674	58	0.000000352	45.00000	5.27812	383.65939	1.65321	0.47552	-1.00000	-1.00000
3457	Rosebud_Top_P	Jail_Pond	un	1389881	65	1.000000000	0.56000	0.04783	6.55691	0.25181	0.01681	-1.00000	-1.00000
3460	Rosebud_Top_P	Jail_Pond	un	1391495	63	0.104821803	0.20690	0.02165	1.97698	0.68425	0.06335	-1.00000	-1.00000
3461	Rosebud_Top_P	Jail_Pond	un	1392615	286	0.227113906	3.48000	0.34009	35.60907	0.54158	0.04142	-1.00000	-1.00000
3464	Rosebud_Top_P	Jail_Pond	un	1394753	14	0.000273662	0.05333	0.00631	0.45075	1.27300	0.26036	-1.00000	-1.00000
3466	Rosebud_Top_P	Jail_Pond	un	1396367	56	0.077539236	0.30702	0.08787	1.07269	0.51284	0.07131	-1.00000	-1.00000
3483	Rosebud_Top_P	Jail_Pond	un	1405699	63	0.002407285	6.78571	2.05816	22.37240	0.83160	0.19780	-1.00000	-1.00000
3491	Rosebud_Top_P	Jail_Pond	un	1410518	99	0.039250162	0.14483	0.01574	1.33255	0.83915	0.09722	-1.00000	-1.00000
3502	Rosebud_Top_P	Jail_Pond	un	1415480	243	0.500000000	2.07692	0.17741	24.31412	0.31742	0.01961	-1.00000	-1.00000
3503	Rosebud_Top_P	Jail_Pond	un	1416128	25	0.208144796	0.26437	0.02576	2.71292	0.57779	0.04667	-1.00000	-1.00000
3516	Rosebud_Top_P	Jail_Pond	un	1422328	444	0.500000000	2.08333	0.17711	24.50678	0.31876	0.02128	-1.00000	-1.00000
3523	Rosebud_Top_P	Jail_Pond	un	1424914	41	0.245454545	0.31034	0.03040	3.16783	0.50816	0.03704	-1.00000	-1.00000
3525	Rosebud_Top_P	Jail_Pond	un	1426029	246	0.493212670	0.36000	0.03511	3.69147	0.44370	0.03429	-1.00000	-1.00000
3534	Rosebud_Top_P	Jail_Pond	un	1428562	30	0.001284842	12.00000	2.30555	62.45788	1.07918	0.22161	-1.00000	-1.00000
3542	Rosebud_Top_P	Jail_Pond	un	1432801	224	0.480000000	0.44444	0.03787	5.21605	0.35218	0.02211	-1.00000	-1.00000
3544	Rosebud_Top_P	Jail_Pond	un	1433438	89	0.008462141	5.83333	1.55557	21.87479	0.76592	0.14975	-1.00000	-1.00000
3550	Rosebud_Top_P	Jail_Pond	un	1435445	50	0.055746141	0.17241	0.01886	1.57593	0.76343	0.07692	-1.00000	-1.00000
3552	Rosebud_Top_P	Jail_Pond	un	1437560	392	0.245098039	3.24000	0.31597	33.22326	0.51055	0.04000	-1.00000	-1.00000
3556	Rosebud_Top_P	Jail_Pond	un	1438843	69	0.118181818	0.22414	0.02352	2.13589	0.64948	0.05660	-1.00000	-1.00000
3565	Rosebud_Top_P	Jail_Pond	un	1441158	146	0.020799934	7.90909	0.88661	70.55416	0.89813	0.10989	-1.00000	-1.00000
3569	Rosebud_Top_P	Jail_Pond	un	1443426	89	0.046139818	6.42857	0.69714	59.27980	0.80811	0.09420	-1.00000	-1.00000
3570	Rosebud_Top_P	Jail_Pond	un	1443939	19	0.104821803	0.20690	0.02165	1.97698	0.68425	0.06335	-1.00000	-1.00000
3589	Rosebud_Top_P	Jail_Pond	un	1449979	53	0.000000000	377.00000	32.26782	4404.66650	2.57634	0.92838	-1.00000	-1.00000
3603	Rosebud_Top_P	Jail_Pond	un	1455165	302	0.117021277	4.54545	0.47195	43.77839	0.65758	0.06667	-1.00000	-1.00000
3617	Rosebud_Top_P	Jail_Pond	un	1462177	138	0.504726820	1.83333	0.46759	7.18810	0.26324	0.01423	-1.00000	-1.00000
3621	Rosebud_Top_P	Jail_Pond	un	1464298	121	0.480000000	2.25000	0.19172	26.40626	0.35218	0.02211	-1.00000	-1.00000
3626	Rosebud_Top_P	Jail_Pond	un	1468235	60	0.000000773	36.66667	6.62465	202.94589	1.56427	0.47657	-1.00000	-1.00000
3629	Rosebud_Top_P	Jail_Pond	un	1470675	13	0.091583710	0.18966	0.01978	1.81808	0.72204	0.07143	-1.00000	-1.00000
3635	Rosebud_Top_P	Jail_Pond	un	1475564	99	0.000747542	0.05051	0.00593	0.43023	1.29667	0.21674	-1.00000	-1.00000
3641	Rosebud_Top_P	Jail_Pond	un	1478908	103	0.481481481	2.23077	0.19093	26.06312	0.34845	0.02032	-1.00000	-1.00000
3645	Rosebud_Top_P	Jail_Pond	un	1481146	46	0.112015456	5.40000	0.58948	49.46759	0.73239	0.07429	-1.00000	-1.00000
3653	Rosebud_Top_P	Jail_Pond	un	1485273	102	0.011603269	8.82609	1.01217	76.96327	0.94577	0.12000	-1.00000	-1.00000
3664	Rosebud_Top_P	Jail_Pond	un	1490959	62	0.265509104	2.16364	0.71251	6.57020	0.33518	0.03612	-1.00000	-1.00000
3673	Rosebud_Top_P	Jail_Pond	un	1495469	8	0.500000000	2.07143	0.17768	24.14955	0.31627	0.01818	-1.00000	-1.00000
3674	Rosebud_Top_P	Jail_Pond	un	1496480	209	1.000000000	1.92857	0.16509	22.52900	0.28524	0.01752	-1.00000	-1.00000
3675	Rosebud_Top_P	Jail_Pond	un	1497154	101	0.481481481	2.23077	0.19093	26.06312	0.34845	0.02032	-1.00000	-1.00000
3682	Rosebud_Top_P	Jail_Pond	un	1498751	91	0.001478820	8.33333	2.15003	32.29926	0.92082	0.21960	-1.00000	-1.00000
3688	Rosebud_Top_P	Jail_Pond	un	1501431	343	0.481481481	2.23077	0.19093	26.06312	0.34845	0.02032	-1.00000	-1.00000
3690	Rosebud_Top_P	Jail_Pond	un	1502759	45	0.118181818	4.46154	0.46819	42.51565	0.64948	0.05660	-1.00000	-1.00000
3693	Rosebud_Top_P	Jail_Pond	un	1503611	44	1.000000000	1.78571	0.15251	20.90852	0.25181	0.01681	-1.00000	-1.00000
3697	Rosebud_Top_P	Jail_Pond	un	1505330	110	0.239819005	3.84615	0.40172	36.82394	0.58503	0.05248	-1.00000	-1.00000
3711	Rosebud_Top_P	Jail_Pond	un	1511478	458	0.481481481	0.44828	0.03837	5.23742	0.34845	0.02032	-1.00000	-1.00000
3750	Rosebud_Top_P	Jail_Pond	un	1529267	63	0.481481481	0.44828	0.03837	5.23742	0.34845	0.02032	-1.00000	-1.00000
3751	Rosebud_Top_P	Jail_Pond	un	1530016	74	0.500000000	0.48276	0.04141	5.62819	0.31627	0.01818	-1.00000	-1.00000
3758	Rosebud_Top_P	Jail_Pond	un	1532528	217	0.481481481	0.44828	0.03837	5.23742	0.34845	0.02032	-1.00000	-1.00000
3763	Rosebud_Top_P	Jail_Pond	un	1534639	83	0.000000252	44.81818	5.31062	378.23602	1.65145	0.45344	-1.00000	-1.00000
3774	Rosebud_Top_P	Jail_Pond	un	1539243	112	0.245454545	3.22222	0.31567	32.89072	0.50816	0.03704	-1.00000	-1.00000
3783	Rosebud_Top_P	Jail_Pond	un	1544109	64	0.000002976	33.46154	3.98697	280.83353	1.52455	0.37692	-1.00000	-1.00000
3789	Rosebud_Top_P	Jail_Pond	un	1546745	467	0.480000000	2.25000	0.19172	26.40626	0.35218	0.02211	-1.00000	-1.00000
3795	Rosebud_Top_P	Jail_Pond	un	1548475	51	0.000190927	19.80000	2.32434	168.66753	1.29667	0.27083	-1.00000	-1.00000
3804	Rosebud_Top_P	Jail_Pond	un	1553473	106	0.000000001	87.00000	9.94055	761.42694	1.93952	0.63348	-1.00000	-1.00000
3806	Rosebud_Top_P	Jail_Pond	un	1555151	147	0.491264850	0.33333	0.03259	3.40968	0.47712	0.03571	-1.00000	-1.00000
3814	Rosebud_Top_P	Jail_Pond	un	1559250	433	0.480000000	0.44444	0.03787	5.21605	0.35218	0.02211	-1.00000	-1.00000
3823	Rosebud_Top_P	Jail_Pond	un	1562754	10	0.000019812	25.37500	3.05000	211.11198	1.40441	0.30233	-1.00000	-1.00000
3826	Rosebud_Top_P	Jail_Pond	un	1564667	226	1.000000000	0.51852	0.04439	6.05718	0.28524	0.01752	-1.00000	-1.00000
3831	Rosebud_Top_P	Jail_Pond	un	1567145	295	0.111055145	0.18400	0.01997	1.69499	0.73518	0.08027	-1.00000	-1.00000
3832	Rosebud_Top_P	Jail_Pond	un	1567744	20	0.481481481	2.23077	0.19093	26.06312	0.34845	0.02032	-1.00000	-1.00000
3845	Rosebud_Top_P	Jail_Pond	un	1574211	97	0.481481481	0.44828	0.03837	5.23742	0.34845	0.02032	-1.00000	-1.00000
3848	Rosebud_Top_P	Jail_Pond	un	1576481	19	0.245098039	3.24000	0.31597	33.22326	0.51055	0.04000	-1.00000	-1.00000
3858	Rosebud_Top_P	Jail_Pond	un	1581321	8	0.011308779	9.00000	1.02601	78.94656	0.95424	0.13043	-1.00000	-1.00000
3865	Rosebud_Top_P	Jail_Pond	un	1584640	85	1.000000000	0.51852	0.04439	6.05718	0.28524	0.01752	-1.00000	-1.00000
3874	Rosebud_Top_P	Jail_Pond	un	1587208	8	0.540995718	1.50980	0.42791	5.32705	0.17892	0.00794	-1.00000	-1.00000
3877	Rosebud_Top_P	Jail_Pond	un	1588222	215	0.208144796	0.26437	0.02576	2.71292	0.57779	0.04667	-1.00000	-1.00000
3892	Rosebud_Top_P	Jail_Pond	un	1593967	289	0.500000000	2.07143	0.17768	24.14955	0.31627	0.01818	-1.00000	-1.00000
3901	Rosebud_Top_P	Jail_Pond	un	1597795	13	0.480000000	0.44444	0.03787	5.21605	0.35218	0.02211	-1.00000	-1.00000
3903	Rosebud_Top_P	Jail_Pond	un	1599575	104	0.000000003	126.50000	13.09567	1221.94934	2.10209	0.65033	-1.00000	-1.00000
3907	Rosebud_Top_P	Jail_Pond	un	1601153	32	1.000000000	1.04938	0.34300	3.21047	0.02093	0.00013	-1.00000	-1.00000
3910	Rosebud_Top_P	Jail_Pond	un	1603581	141	0.000000000	729.00000	43.33459	12263.66797	2.86273	1.00000	-1.00000	-1.00000
3927	Rosebud_Top_P	Jail_Pond	un	1609118	154	0.000000000	261.00000	25.56952	2664.14868	2.41664	0.86667	-1.00000	-1.00000
3931	Rosebud_Top_P	Jail_Pond	un	1609797	53	0.005107483	0.09333	0.01092	0.79800	1.02996	0.15584	-1.00000	-1.00000
3932	Rosebud_Top_P	Jail_Pond	un	1610621	88	0.000000000	378.00000	32.35829	4415.68408	2.57749	0.92857	-1.00000	-1.00000
3944	Rosebud_Top_P	Jail_Pond	un	1616396	164	0.480000000	0.44444	0.03787	5.21605	0.35218	0.02211	-1.00000	-1.00000
3947	Rosebud_Top_P	Jail_Pond	un	1618773	77	0.004916860	10.80000	1.24824	93.44380	1.03342	0.15556	-1.00000	-1.00000
3950	Rosebud_Top_P	Jail_Pond	un	1620368	94	0.112015456	0.18519	0.02022	1.69642	0.73239	0.07429	-1.00000	-1.00000
3963	Rosebud_Top_P	Jail_Pond	un	1623407	72	0.500000000	2.07143	0.17768	24.14955	0.31627	0.01818	-1.00000	-1.00000
3967	Rosebud_Top_P	Jail_Pond	un	1625814	151	0.491264850	3.00000	0.29328	30.68711	0.47712	0.03571	-1.00000	-1.00000
3970	Rosebud_Top_P	Jail_Pond	un	1626577	63	0.261291423	0.50000	0.15574	1.60526	0.30103	0.02857	-1.00000	-1.00000
3980	Rosebud_Top_P	Jail_Pond	un	1629606	145	1.000000000	1.92308	0.16389	22.56519	0.28400	0.01884	-1.00000	-1.00000
3989	Rosebud_Top_P	Jail_Pond	un	1633948	68	0.245454545	0.31034	0.03040	3.16783	0.50816	0.03704	-1.00000	-1.00000
3992	Rosebud_Top_P	Jail_Pond	un	1635711	229	0.244680851	0.30667	0.02975	3.16133	0.51333	0.04348	-1.00000	-1.00000
3996	Rosebud_Top_P	Jail_Pond	un	1637640	532	0.500000000	0.48148	0.04113	5.63661	0.31742	0.01961	-1.00000	-1.00000
3998	Rosebud_Top_P	Jail_Pond	un	1638814	132	0.245454545	3.22222	0.31567	32.89072	0.50816	0.03704	-1.00000	-1.00000
3999	Rosebud_Top_P	Jail_Pond	un	1639548	81	0.047272578	6.30435	0.68765	57.79831	0.79964	0.08615	-1.00000	-1.00000
4003	Rosebud_Top_P	Jail_Pond	un	1640385	65	0.118181818	4.46154	0.46819	42.51565	0.64948	0.05660	-1.00000	-1.00000
4014	Rosebud_Top_P	Jail_Pond	un	1646088	23	0.000355389	18.12500	2.12319	154.72722	1.25828	0.24419	-1.00000	-1.00000
4018	Rosebud_Top_P	Jail_Pond	un	1648369	70	0.006225734	5.33333	1.59532	17.82989	0.72700	0.15152	-1.00000	-1.00000
4020	Rosebud_Top_P	Jail_Pond	un	1649070	11	0.022269237	0.16800	0.03954	0.71380	0.77469	0.12698	-1.00000	-1.00000
4031	Rosebud_Top_P	Jail_Pond	un	1655833	386	0.481481481	0.44828	0.03837	5.23742	0.34845	0.02032	-1.00000	-1.00000
4045	Rosebud_Top_P	Jail_Pond	un	1661128	60	0.500000000	0.48148	0.04113	5.63661	0.31742	0.01961	-1.00000	-1.00000
4048	Rosebud_Top_P	Jail_Pond	un	1663535	152	0.092502533	6.57895	0.70856	61.08561	0.81816	0.06821	-1.00000	-1.00000
4051	Rosebud_Top_P	Jail_Pond	un	1665098	126	0.210875976	2.52000	0.70180	9.04868	0.40140	0.04132	-1.00000	-1.00000
4058	Rosebud_Top_P	Jail_Pond	un	1667519	13	0.500000000	0.48276	0.04141	5.62819	0.31627	0.01818	-1.00000	-1.00000
4059	Rosebud_Top_P	Jail_Pond	un	1668386	73	0.500000000	0.48276	0.04141	5.62819	0.31627	0.01818	-1.00000	-1.00000
4062	Rosebud_Top_P	Jail_Pond	un	1670947	95	0.008914258	0.10345	0.01182	0.90538	0.98528	0.13462	-1.00000	-1.00000
4079	Rosebud_Top_P	Jail_Pond	un	1678213	22	0.225306122	0.28395	0.02761	2.92002	0.54676	0.04514	-1.00000	-1.00000
4093	Rosebud_Top_P	Jail_Pond	un	1685272	344	0.227113906	0.28736	0.02808	2.94037	0.54158	0.04142	-1.00000	-1.00000
4101	Rosebud_Top_P	Jail_Pond	un	1688940	76	0.000000000	783.00000	46.62555	13149.20605	2.89376	1.00000	-1.00000	-1.00000
4110	Rosebud_Top_P	Jail_Pond	un	1693751	88	0.025310124	7.36364	0.82361	65.83572	0.86709	0.10638	-1.00000	-1.00000
4119	Rosebud_Top_P	Jail_Pond	un	1695361	51	0.012084093	0.08696	0.00988	0.76511	1.06070	0.13960	-1.00000	-1.00000
4137	Rosebud_Top_P	Jail_Pond	un	1704036	19	1.000000000	0.82609	0.20772	3.28535	0.08297	0.00142	-1.00000	-1.00000
4138	Rosebud_Top_P	Jail_Pond	un	1704832	28	0.481481481	0.44828	0.03837	5.23742	0.34845	0.02032	-1.00000	-1.00000
4144	Rosebud_Top_P	Jail_Pond	un	1707334	40	0.481481481	2.23077	0.19093	26.06312	0.34845	0.02032	-1.00000	-1.00000
4145	Rosebud_Top_P	Jail_Pond	un	1708217	25	0.000911685	14.50000	1.71773	122.39995	1.16137	0.19149	-1.00000	-1.00000
4151	Rosebud_Top_P	Jail_Pond	un	1710799	56	0.500000000	0.48276	0.04141	5.62819	0.31627	0.01818	-1.00000	-1.00000
4157	Rosebud_Top_P	Jail_Pond	un	1713734	95	0.227113906	3.48000	0.34009	35.60907	0.54158	0.04142	-1.00000	-1.00000
4158	Rosebud_Top_P	Jail_Pond	un	1714544	89	0.000015337	27.00000	3.23956	225.03064	1.43136	0.32500	-1.00000	-1.00000
4168	Rosebud_Top_P	Jail_Pond	un	1718434	16	0.020799934	7.90909	0.88661	70.55416	0.89813	0.10989	-1.00000	-1.00000
4183	Rosebud_Top_P	Jail_Pond	un	1723276	21	1.000000000	0.52000	0.04432	6.10163	0.28400	0.01884	-1.00000	-1.00000
4198	Rosebud_Top_P	Jail_Pond	un	1729661	8	0.000000001	87.00000	9.94055	761.42694	1.93952	0.63348	-1.00000	-1.00000
4200	Rosebud_Top_P	Jail_Pond	un	1731313	17	0.481481481	0.44828	0.03837	5.23742	0.34845	0.02032	-1.00000	-1.00000
4205	Rosebud_Top_P	Jail_Pond	un	1732955	12	0.002587025	0.07759	0.00894	0.67309	1.11022	0.18148	-1.00000	-1.00000
4206	Rosebud_Top_P	Jail_Pond	un	1733793	33	0.008470111	9.94737	1.12900	87.64407	0.99771	0.14773	-1.00000	-1.00000
4215	Rosebud_Top_P	Jail_Pond	un	1738692	25	0.020799934	0.12644	0.01417	1.12790	0.89813	0.10989	-1.00000	-1.00000
4224	Rosebud_Top_P	Jail_Pond	un	1740328	10	0.000000037	57.00000	6.65442	488.24686	1.75587	0.52941	-1.00000	-1.00000
4226	Rosebud_Top_P	Jail_Pond	un	1742112	250	0.500000000	2.07143	0.17768	24.14955	0.31627	0.01818	-1.00000	-1.00000
4248	Rosebud_Top_P	Jail_Pond	un	1750683	50	0.000866767	8.14286	2.29420	28.90169	0.91078	0.23077	-1.00000	-1.00000
4254	Rosebud_Top_P	Jail_Pond	un	1752339	216	0.245454545	0.31034	0.03040	3.16783	0.50816	0.03704	-1.00000	-1.00000
4256	Rosebud_Top_P	Jail_Pond	un	1752875	10	0.000000085	42.16667	8.45358	210.32838	1.62497	0.53481	-1.00000	-1.00000
4259	Rosebud_Top_P	Jail_Pond	un	1755389	58	0.000000000	351.00000	29.98258	4109.08643	2.54531	0.92593	-1.00000	-1.00000
4267	Rosebud_Top_P	Jail_Pond	un	1756908	27	0.245098039	3.24000	0.31597	33.22326	0.51055	0.04000	-1.00000	-1.00000
4279	Rosebud_Top_P	Jail_Pond	un	1762423	47	0.236897275	0.24074	0.02521	2.29910	0.61845	0.05462	-1.00000	-1.00000
4281	Rosebud_Top_P	Jail_Pond	un	1764138	145	0.011365902	5.00000	1.53628	16.27311	0.69897	0.14512	-1.00000	-1.00000
4283	Rosebud_Top_P	Jail_Pond	un	1765949	306	0.461538462	2.41667	0.20633	28.30581	0.38322	0.02288	-1.00000	-1.00000
4286	Rosebud_Top_P	Jail_Pond	un	1767241	80	1.000000000	0.56000	0.04783	6.55691	0.25181	0.01681	-1.00000	-1.00000
4287	Rosebud_Top_P	Jail_Pond	un	1768177	312	0.225306122	0.28395	0.02761	2.92002	0.54676	0.04514	-1.00000	-1.00000
4310	Rosebud_Top_P	Jail_Pond	un	1781826	49	0.000000007	73.28571	8.31773	645.70422	1.86502	0.60938	-1.00000	-1.00000
4313	Rosebud_Top_P	Jail_Pond	un	1783251	15	0.500000000	0.48276	0.04141	5.62819	0.31627	0.01818	-1.00000	-1.00000
4322	Rosebud_Top_P	Jail_Pond	un	1787935	44	1.000000000	0.51852	0.04439	6.05718	0.28524	0.01752	-1.00000	-1.00000
4343	Rosebud_Top_P	Jail_Pond	un	1796686	103	0.491264850	0.33333	0.03259	3.40968	0.47712	0.03571	-1.00000	-1.00000
4355	Rosebud_Top_P	Jail_Pond	un	1803946	16	0.481481481	0.44828	0.03837	5.23742	0.34845	0.02032	-1.00000	-1.00000
4358	Rosebud_Top_P	Jail_Pond	un	1805569	37	0.000000001	105.00000	11.35756	970.71906	2.02119	0.71429	-1.00000	-1.00000
4360	Rosebud_Top_P	Jail_Pond	un	1807141	62	0.000000000	162.00000	16.91695	1551.34375	2.20952	0.68258	-1.00000	-1.00000
4362	Rosebud_Top_P	Jail_Pond	un	1808652	18	0.055746141	5.80000	0.63455	53.01424	0.76343	0.07692	-1.00000	-1.00000
4374	Rosebud_Top_P	Jail_Pond	un	1813550	267	0.481481481	0.44828	0.03837	5.23742	0.34845	0.02032	-1.00000	-1.00000
4394	Rosebud_Top_P	Jail_Pond	un	1820627	8	0.491264850	0.33333	0.03259	3.40968	0.47712	0.03571	-1.00000	-1.00000
4396	Rosebud_Top_P	Jail_Pond	un	1822374	128	0.000000000	725.00000	43.08483	12199.76953	2.86034	1.00000	-1.00000	-1.00000
4398	Rosebud_Top_P	Jail_Pond	un	1824048	238	1.000000000	0.56000	0.04783	6.55691	0.25181	0.01681	-1.00000	-1.00000
4402	Rosebud_Top_P	Jail_Pond	un	1826288	89	0.500000000	0.48000	0.04081	5.64636	0.31876	0.02128	-1.00000	-1.00000
4404	Rosebud_Top_P	Jail_Pond	un	1826987	33	0.009182922	8.06667	1.55946	41.72663	0.90669	0.14974	-1.00000	-1.00000
4422	Rosebud_Top_P	Jail_Pond	un	1834763	39	0.500000000	0.48276	0.04141	5.62819	0.31627	0.01818	-1.00000	-1.00000
4423	Rosebud_Top_P	Jail_Pond	un	1835598	57	0.481481481	0.44828	0.03837	5.23742	0.34845	0.02032	-1.00000	-1.00000
4427	Rosebud_Top_P	Jail_Pond	un	1837238	79	0.577085807	0.62500	0.20755	1.88211	0.20412	0.01349	-1.00000	-1.00000
4431	Rosebud_Top_P	Jail_Pond	un	1839809	175	0.500000000	2.08333	0.17711	24.50678	0.31876	0.02128	-1.00000	-1.00000
4432	Rosebud_Top_P	Jail_Pond	un	1840521	71	0.245454545	0.31034	0.03040	3.16783	0.50816	0.03704	-1.00000	-1.00000
4438	Rosebud_Top_P	Jail_Pond	un	1844427	290	1.000000000	1.92857	0.16509	22.52900	0.28524	0.01752	-1.00000	-1.00000
4445	Rosebud_Top_P	Jail_Pond	un	1847520	18	0.235918367	0.24000	0.02500	2.30408	0.61979	0.05892	-1.00000	-1.00000
4456	Rosebud_Top_P	Jail_Pond	un	1853479	262	1.000000000	0.51852	0.04439	6.05718	0.28524	0.01752	-1.00000	-1.00000
4457	Rosebud_Top_P	Jail_Pond	un	1854119	109	0.618181818	0.48148	0.04113	5.63661	0.31742	0.00629	-1.00000	-1.00000
4463	Rosebud_Top_P	Jail_Pond	un	1856152	71	1.000000000	0.51852	0.04439	6.05718	0.28524	0.01752	-1.00000	-1.00000
4465	Rosebud_Top_P	Jail_Pond	un	1857043	26	0.000000006	105.00000	11.35756	970.71906	2.02119	0.60606	-1.00000	-1.00000
4469	Rosebud_Top_P	Jail_Pond	un	1857797	24	0.361183661	0.53571	0.14857	1.93165	0.27107	0.01775	-1.00000	-1.00000
4499	Rosebud_Top_P	Jail_Pond	un	1872309	65	0.117647059	0.22222	0.02321	2.12804	0.65321	0.06122	-1.00000	-1.00000
4511	Rosebud_Top_P	Jail_Pond	un	1879497	88	0.491264850	3.00000	0.29328	30.68711	0.47712	0.03571	-1.00000	-1.00000
4513	Rosebud_Top_P	Jail_Pond	un	1881121	81	0.000000002	74.25000	8.61646	639.82959	1.87070	0.59091	-1.00000	-1.00000
4519	Rosebud_Top_P	Jail_Pond	un	1884200	95	0.000000016	65.25000	7.52132	566.06567	1.81458	0.56667	-1.00000	-1.00000
4531	Rosebud_Top_P	Jail_Pond	un	1889168	411	0.461538462	2.41667	0.20633	28.30581	0.38322	0.02288	-1.00000	-1.00000
4532	Rosebud_Top_P	Jail_Pond	un	1889611	72	0.000000893	38.66667	4.59785	325.17648	1.58734	0.41420	-1.00000	-1.00000
4551	Rosebud_Top_P	Jail_Pond	un	1898390	19	0.184239734	0.20370	0.02120	1.95699	0.69100	0.04147	-1.00000	-1.00000
4553	Rosebud_Top_P	Jail_Pond	un	1900006	59	1.000000000	1.00000	0.32251	3.10063	0.00000	0.00000	-1.00000	-1.00000
4557	Rosebud_Top_P	Jail_Pond	un	1902375	30	0.500000000	0.48276	0.04141	5.62819	0.31627	0.01818	-1.00000	-1.00000
4565	Rosebud_Top_P	Jail_Pond	un	1905410	117	0.004426205	14.29412	1.65955	123.11864	1.15516	0.15945	-1.00000	-1.00000
4576	Rosebud_Top_P	Jail_Pond	un	1911218	79	0.000335760	17.47059	2.06538	147.77966	1.24231	0.23810	-1.00000	-1.00000
4590	Rosebud_Top_P	Jail_Pond	un	1916018	7	0.118181818	4.46154	0.46819	42.51565	0.64948	0.05660	-1.00000	-1.00000
4594	Rosebud_Top_P	Jail_Pond	un	1918773	428	0.480000000	2.25000	0.19172	26.40626	0.35218	0.02211	-1.00000	-1.00000
4602	Rosebud_Top_P	Jail_Pond	un	1922543	22	0.000000000	106.33334	11.91992	948.56152	2.02667	0.68531	-1.00000	-1.00000
4605	Rosebud_Top_P	Jail_Pond	un	1923945	63	0.200180072	0.22000	0.02284	2.11887	0.65758	0.03830	-1.00000	-1.00000
4631	Rosebud_Top_P	Jail_Pond	un	1937792	52	0.461538462	2.41667	0.20633	28.30581	0.38322	0.02288	-1.00000	-1.00000
4639	Rosebud_Top_P	Jail_Pond	un	1941802	67	0.103265306	0.20370	0.02120	1.95699	0.69100	0.06915	-1.00000	-1.00000
4640	Rosebud_Top_P	Jail_Pond	un	1942590	71	0.227113906	3.48000	0.34009	35.60907	0.54158	0.04142	-1.00000	-1.00000
4641	Rosebud_Top_P	Jail_Pond	un	1943288	37	0.018771940	5.00000	1.35677	18.42612	0.69897	0.12200	-1.00000	-1.00000
4643	Rosebud_Top_P	Jail_Pond	un	1944284	222	0.500000000	2.07143	0.17768	24.14955	0.31627	0.01818	-1.00000	-1.00000
4644	Rosebud_Top_P	Jail_Pond	un	1944920	47	1.000000000	1.78571	0.15251	20.90852	0.25181	0.01681	-1.00000	-1.00000
4645	Rosebud_Top_P	Jail_Pond	un	1945728	18	0.000156987	25.00000	2.96594	210.72560	1.39794	0.26509	-1.00000	-1.00000
4649	Rosebud_Top_P	Jail_Pond	un	1948378	92	0.000000000	300.00000	25.50314	3528.97705	2.47712	0.92000	-1.00000	-1.00000
4670	Rosebud_Top_P	Jail_Pond	un	1957322	34	0.236897275	0.24074	0.02521	2.29910	0.61845	0.05462	-1.00000	-1.00000
4671	Rosebud_Top_P	Jail_Pond	un	1958081	15	1.000000000	0.51852	0.04439	6.05718	0.28524	0.01752	-1.00000	-1.00000
4680	Rosebud_Top_P	Jail_Pond	un	1961460	141	0.005105438	0.09483	0.01103	0.81529	1.02307	0.14286	-1.00000	-1.00000
4684	Rosebud_Top_P	Jail_Pond	un	1962962	128	0.055746141	0.17241	0.01886	1.57593	0.76343	0.07692	-1.00000	-1.00000
4689	Rosebud_Top_P	Jail_Pond	un	1965529	226	1.000000000	1.92857	0.16509	22.52900	0.28524	0.01752	-1.00000	-1.00000
4690	Rosebud_Top_P	Jail_Pond	un	1966212	67	0.006611286	10.68421	1.21537	93.92410	1.02874	0.15217	-1.00000	-1.00000
4693	Rosebud_Top_P	Jail_Pond	un	1967823	127	0.480000000	0.44444	0.03787	5.21605	0.35218	0.02211	-1.00000	-1.00000
4697	Rosebud_Top_P	Jail_Pond	un	1970098	29	0.017985119	11.11765	1.25495	98.49133	1.04601	0.12507	-1.00000	-1.00000
4705	Rosebud_Top_P	Jail_Pond	un	1973502	113	0.117647059	0.22222	0.02321	2.12804	0.65321	0.06122	-1.00000	-1.00000
4706	Rosebud_Top_P	Jail_Pond	un	1974213	20	0.500000000	2.07143	0.17768	24.14955	0.31627	0.01818	-1.00000	-1.00000
4710	Rosebud_Top_P	Jail_Pond	un	1976058	99	0.000062894	0.04571	0.00547	0.38223	1.33995	0.28571	-1.00000	-1.00000
4723	Rosebud_Top_P	Jail_Pond	un	1980740	13	0.000190927	0.05051	0.00593	0.43023	1.29667	0.27083	-1.00000	-1.00000
4724	Rosebud_Top_P	Jail_Pond	un	1981577	98	0.500000000	0.48276	0.04141	5.62819	0.31627	0.01818	-1.00000	-1.00000
4729	Rosebud_Top_P	Jail_Pond	un	1984815	152	1.000000000	1.16667	0.38402	3.54439	0.06695	0.00148	-1.00000	-1.00000
4738	Rosebud_Top_P	Jail_Pond	un	1986508	175	0.239819005	0.26000	0.02716	2.48930	0.58503	0.05248	-1.00000	-1.00000
4741	Rosebud_Top_P	Jail_Pond	un	1988079	77	0.750501270	0.72857	0.20507	2.58844	0.13753	0.00481	-1.00000	-1.00000
4742	Rosebud_Top_P	Jail_Pond	un	1988940	120	0.491264850	3.00000	0.29328	30.68711	0.47712	0.03571	-1.00000	-1.00000
4748	Rosebud_Top_P	Jail_Pond	un	1992873	112	0.481481481	2.23077	0.19093	26.06312	0.34845	0.02032	-1.00000	-1.00000
4749	Rosebud_Top_P	Jail_Pond	un	1993585	17	0.118181818	4.46154	0.46819	42.51565	0.64948	0.05660	-1.00000	-1.00000
4750	Rosebud_Top_P	Jail_Pond	un	1994361	12	0.245098039	0.30864	0.03010	3.16484	0.51055	0.04000	-1.00000	-1.00000
4759	Rosebud_Top_P	Jail_Pond	un	1997702	113	0.500000000	0.48276	0.04141	5.62819	0.31627	0.01818	-1.00000	-1.00000
4774	Rosebud_Top_P	Jail_Pond	un	2004081	130	0.000000000	350.00000	29.89212	4098.06982	2.54407	0.92571	-1.00000	-1.00000
4776	Rosebud_Top_P	Jail_Pond	un	2004775	27	0.000587549	16.11111	1.89908	136.68118	1.20713	0.21538	-1.00000	-1.00000
4780	Rosebud_Top_P	Jail_Pond	un	2006562	148	0.352483363	2.01176	0.56266	7.19303	0.30358	0.02352	-1.00000	-1.00000
4781	Rosebud_Top_P	Jail_Pond	un	2007270	44	0.500000000	0.48276	0.04141	5.62819	0.31627	0.01818	-1.00000	-1.00000
4784	Rosebud_Top_P	Jail_Pond	un	2008098	31	0.245098039	0.30864	0.03010	3.16484	0.51055	0.04000	-1.00000	-1.00000
4785	Rosebud_Top_P	Jail_Pond	un	2008890	17	0.361183661	0.53571	0.14857	1.93165	0.27107	0.01775	-1.00000	-1.00000
4812	Rosebud_Top_P	Jail_Pond	un	2022453	104	0.000001109	39.54546	4.65292	336.09937	1.59710	0.42982	-1.00000	-1.00000
4815	Rosebud_Top_P	Jail_Pond	un	2023191	58	0.500000000	2.07143	0.17768	24.14955	0.31627	0.01818	-1.00000	-1.00000
4816	Rosebud_Top_P	Jail_Pond	un	2024014	56	0.055746141	5.80000	0.63455	53.01424	0.76343	0.07692	-1.00000	-1.00000
4826	Rosebud_Top_P	Jail_Pond	un	2027661	81	0.245098039	0.30864	0.03010	3.16484	0.51055	0.04000	-1.00000	-1.00000
4828	Rosebud_Top_P	Jail_Pond	un	2029343	95	0.024613663	4.09091	1.22246	13.69007	0.61182	0.10951	-1.00000	-1.00000
4831	Rosebud_Top_P	Jail_Pond	un	2031277	467	0.500000000	0.48148	0.04113	5.63661	0.31742	0.01961	-1.00000	-1.00000
4839	Rosebud_Top_P	Jail_Pond	un	2034991	116	0.003173744	0.09848	0.01890	0.51329	1.00663	0.18872	-1.00000	-1.00000
4843	Rosebud_Top_P	Jail_Pond	un	2037279	11	0.000000000	783.00000	46.62555	13149.20605	2.89376	1.00000	-1.00000	-1.00000
4848	Rosebud_Top_P	Jail_Pond	un	2040519	94	0.000000000	261.00000	25.56952	2664.14868	2.41664	0.86667	-1.00000	-1.00000
4852	Rosebud_Top_P	Jail_Pond	un	2042017	22	0.491264850	0.33333	0.03259	3.40968	0.47712	0.03571	-1.00000	-1.00000
4861	Rosebud_Top_P	Jail_Pond	un	2045375	26	0.000000000	675.00000	40.04383	11378.15820	2.82930	1.00000	-1.00000	-1.00000
4864	Rosebud_Top_P	Jail_Pond	un	2047050	90	0.051107251	0.14667	0.01636	1.31471	0.83367	0.10256	-1.00000	-1.00000
4878	Rosebud_Top_P	Jail_Pond	un	2052722	6	0.000000035	60.75000	6.98673	528.22418	1.78355	0.55808	-1.00000	-1.00000
4888	Rosebud_Top_P	Jail_Pond	un	2059292	41	0.227113906	0.28736	0.02808	2.94037	0.54158	0.04142	-1.00000	-1.00000
4894	Rosebud_Top_P	Jail_Pond	un	2063456	139	0.208144796	3.78261	0.36861	38.81679	0.57779	0.04667	-1.00000	-1.00000
4895	Rosebud_Top_P	Jail_Pond	un	2064262	111	0.000000000	175.50000	18.37673	1676.04626	2.24428	0.80049	-1.00000	-1.00000
4905	Rosebud_Top_P	Jail_Pond	un	2070094	118	0.000000000	350.00000	29.89212	4098.06982	2.54407	0.92571	-1.00000	-1.00000
4908	Rosebud_Top_P	Jail_Pond	un	2071717	83	0.000127909	20.25000	2.40238	170.68977	1.30642	0.26829	-1.00000	-1.00000
4919	Rosebud_Top_P	Jail_Pond	un	2077990	34	0.103265306	4.90909	0.51099	47.16195	0.69100	0.06915	-1.00000	-1.00000
4923	Rosebud_Top_P	Jail_Pond	un	2079561	55	0.025728988	7.25000	0.81543	64.45982	0.86034	0.09804	-1.00000	-1.00000
4933	Rosebud_Top_P	Jail_Pond	un	2084303	19	0.000000000	351.00000	29.98258	4109.08643	2.54531	0.92593	-1.00000	-1.00000
4934	Rosebud_Top_P	Jail_Pond	un	2085217	12	0.000000000	350.00000	29.89212	4098.06982	2.54407	0.92571	-1.00000	-1.00000
4938	Rosebud_Top_P	Jail_Pond	un	2087621	52	0.104821803	0.20690	0.02165	1.97698	0.68425	0.06335	-1.00000	-1.00000
4952	Rosebud_Top_P	Jail_Pond	un	2094809	74	0.245454545	3.22222	0.31567	32.89072	0.50816	0.03704	-1.00000	-1.00000
4956	Rosebud_Top_P	Jail_Pond	un	2097396	312	1.000000000	0.52000	0.04432	6.10163	0.28400	0.01884	-1.00000	-1.00000
4966	Rosebud_Top_P	Jail_Pond	un	2101761	56	0.000000000	135.00000	14.73692	1236.68982	2.13033	0.74286	-1.00000	-1.00000
4968	Rosebud_Top_P	Jail_Pond	un	2103515	150	0.500000000	0.48148	0.04113	5.63661	0.31742	0.01961	-1.00000	-1.00000
4970	Rosebud_Top_P	Jail_Pond	un	2104999	77	0.025728988	7.25000	0.81543	64.45982	0.86034	0.09804	-1.00000	-1.00000
4971	Rosebud_Top_P	Jail_Pond	un	2105916	207	0.481481481	2.23077	0.19093	26.06312	0.34845	0.02032	-1.00000	-1.00000
4977	Rosebud_Top_P	Jail_Pond	un	2107414	411	0.491264850	0.33333	0.03259	3.40968	0.47712	0.03571	-1.00000	-1.00000
4979	Rosebud_Top_P	Jail_Pond	un	2108787	226	1.000000000	1.92308	0.16389	22.56519	0.28400	0.01884	-1.00000	-1.00000
4986	Rosebud_Top_P	Jail_Pond	un	2111199	117	0.000000000	841.00000	50.16650	14098.67188	2.92480	1.00000	-1.00000	-1.00000
5007	Rosebud_Top_P	Jail_Pond	un	2118490	80	0.055746141	0.17241	0.01886	1.57593	0.76343	0.07692	-1.00000	-1.00000
5008	Rosebud_Top_P	Jail_Pond	un	2119285	64	0.500000000	0.48276	0.04141	5.62819	0.31627	0.01818	-1.00000	-1.00000
5009	Rosebud_Top_P	Jail_Pond	un	2120145	138	0.500000000	0.48148	0.04113	5.63661	0.31742	0.01961	-1.00000	-1.00000
5012	Rosebud_Top_P	Jail_Pond	un	2121679	132	0.491264850	3.00000	0.29328	30.68711	0.47712	0.03571	-1.00000	-1.00000
5016	Rosebud_Top_P	Jail_Pond	un	2125075	217	0.500000000	2.07143	0.17768	24.14955	0.31627	0.01818	-1.00000	-1.00000
5022	Rosebud_Top_P	Jail_Pond	un	2127228	31	0.491264850	3.00000	0.29328	30.68711	0.47712	0.03571	-1.00000	-1.00000
5027	Rosebud_Top_P	Jail_Pond	un	2130254	21	0.481481481	0.44828	0.03837	5.23742	0.34845	0.02032	-1.00000	-1.00000
5029	Rosebud_Top_P	Jail_Pond	un	2131129	40	0.000005460	31.15385	3.70346	262.06906	1.49351	0.36842	-1.00000	-1.00000
5030	Rosebud_Top_P	Jail_Pond	un	2131955	12	0.000000000	675.00000	40.04383	11378.15820	2.82930	1.00000	-1.00000	-1.00000
5033	Rosebud_Top_P	Jail_Pond	un	2132704	21	1.000000000	1.92308	0.16389	22.56519	0.28400	0.00517	-1.00000	-1.00000
5041	Rosebud_Top_P	Jail_Pond	un	2135997	48	0.409176437	0.41667	0.06900	2.51603	0.38021	0.01904	-1.00000	-1.00000
5043	Rosebud_Top_P	Jail_Pond	un	2136837	39	0.020799934	0.12644	0.01417	1.12790	0.89813	0.10989	-1.00000	-1.00000
5053	Rosebud_Top_P	Jail_Pond	un	2141743	100	0.179365258	2.88235	0.64567	12.86722	0.45975	0.04211	-1.00000	-1.00000
5063	Rosebud_Top_P	Jail_Pond	un	2146006	71	0.235918367	4.16667	0.43401	40.00140	0.61979	0.05892	-1.00000	-1.00000
5067	Rosebud_Top_P	Jail_Pond	un	2147878	291	0.245454545	3.22222	0.31567	32.89072	0.50816	0.03704	-1.00000	-1.00000
5068	Rosebud_Top_P	Jail_Pond	un	2148494	150	0.000000000	406.00000	34.82467	4733.31104	2.60853	0.93103	-1.00000	-1.00000
5079	Rosebud_Top_P	Jail_Pond	un	2152854	10	0.055746141	5.80000	0.63455	53.01424	0.76343	0.07692	-1.00000	-1.00000
5088	Rosebud_Top_P	Jail_Pond	un	2158522	64	0.236897275	4.15385	0.43495	39.66973	0.61845	0.05462	-1.00000	-1.00000
5094	Rosebud_Top_P	Jail_Pond	un	2162001	246	1.000000000	0.51852	0.04439	6.05718	0.28524	0.01752	-1.00000	-1.00000
5108	Rosebud_Top_P	Jail_Pond	un	2166650	19	0.020799934	7.90909	0.88661	70.55416	0.89813	0.10989	-1.00000	-1.00000
5113	Rosebud_Top_P	Jail_Pond	un	2169145	37	0.461538462	2.41667	0.20633	28.30581	0.38322	0.02288	-1.00000	-1.00000
5114	Rosebud_Top_P	Jail_Pond	un	2170171	283	0.227113906	0.28736	0.02808	2.94037	0.54158	0.04142	-1.00000	-1.00000
5121	Rosebud_Top_P	Jail_Pond	un	2172144	100	0.500000000	0.48276	0.04141	5.62819	0.31627	0.01818	-1.00000	-1.00000
5142	Rosebud_Top_P	Jail_Pond	un	2180192	89	0.530380505	1.68000	0.46983	6.00729	0.22531	0.01192	-1.00000	-1.00000
5145	Rosebud_Top_P	Jail_Pond	un	2181716	27	0.025310124	0.13580	0.01519	1.21416	0.86709	0.10638	-1.00000	-1.00000
5153	Rosebud_Top_P	Jail_Pond	un	2185749	82	0.000000000	261.00000	25.56952	2664.14868	2.41664	0.86667	-1.00000	-1.00000
5160	Rosebud_Top_P	Jail_Pond	un	2187383	116	0.481481481	2.23077	0.19093	26.06312	0.34845	0.02032	-1.00000	-1.00000
5162	Rosebud_Top_P	Jail_Pond	un	2188249	208	0.500000000	2.07692	0.17741	24.31412	0.31742	0.01961	-1.00000	-1.00000
5164	Rosebud_Top_P	Jail_Pond	un	2188938	73	0.227113906	3.48000	0.34009	35.60907	0.54158	0.04142	-1.00000	-1.00000
5169	Rosebud_Top_P	Jail_Pond	un	2192460	276	1.000000000	1.92857	0.16509	22.52900	0.28524	0.01752	-1.00000	-1.00000
5174	Rosebud_Top_P	Jail_Pond	un	2196182	14	0.000110472	21.42857	2.51518	182.56502	1.33099	0.29730	-1.00000	-1.00000
5188	Rosebud_Top_P	Jail_Pond	un	2203817	400	0.004916860	10.80000	1.24824	93.44380	1.03342	0.15556	-1.00000	-1.00000
5190	Rosebud_Top_P	Jail_Pond	un	2204458	278	1.000000000	0.52000	0.04432	6.10163	0.28400	0.01884	-1.00000	-1.00000
5201	Rosebud_Top_P	Jail_Pond	un	2207506	145	0.000000016	65.25000	7.52132	566.06567	1.81458	0.56667	-1.00000	-1.00000
5205	Rosebud_Top_P	Jail_Pond	un	2209008	63	0.000101828	21.66667	2.56879	182.74944	1.33579	0.29150	-1.00000	-1.00000
5209	Rosebud_Top_P	Jail_Pond	un	2211430	33	0.494493904	0.55556	0.13735	2.24711	0.25527	0.01279	-1.00000	-1.00000
5211	Rosebud_Top_P	Jail_Pond	un	2212277	13	0.191851209	5.47619	0.59057	50.77928	0.73848	0.05364	-1.00000	-1.00000
5215	Rosebud_Top_P	Jail_Pond	un	2213222	129	0.055746141	0.17241	0.01886	1.57593	0.76343	0.07692	-1.00000	-1.00000
5218	Rosebud_Top_P	Jail_Pond	un	2214797	67	0.761508567	0.81429	0.23137	2.86584	0.08922	0.00197	-1.00000	-1.00000
5222	Rosebud_Top_P	Jail_Pond	un	2217971	57	0.000000002	81.00000	9.23409	710.51910	1.90849	0.62500	-1.00000	-1.00000
5226	Rosebud_Top_P	Jail_Pond	un	2219517	11	0.051876516	0.14815	0.01663	1.32015	0.82930	0.09475	-1.00000	-1.00000
5236	Rosebud_Top_P	Jail_Pond	un	2224463	14	0.491264850	0.33333	0.03259	3.40968	0.47712	0.03571	-1.00000	-1.00000
5242	Rosebud_Top_P	Jail_Pond	un	2226977	118	0.245454545	3.22222	0.31567	32.89072	0.50816	0.03704	-1.00000	-1.00000
5248	Rosebud_Top_P	Jail_Pond	un	2230200	53	0.000000000	729.00000	43.33459	12263.66797	2.86273	1.00000	-1.00000	-1.00000
5249	Rosebud_Top_P	Jail_Pond	un	2230952	9	0.039250162	6.90476	0.75044	63.53036	0.83915	0.09722	-1.00000	-1.00000
5257	Rosebud_Top_P	Jail_Pond	un	2234307	217	0.117647059	4.50000	0.46992	43.09288	0.65321	0.06122	-1.00000	-1.00000
5270	Rosebud_Top_P	Jail_Pond	un	2238145	106	0.000000000	297.00000	25.23189	3495.93359	2.47276	0.78189	-1.00000	-1.00000
5274	Rosebud_Top_P	Jail_Pond	un	2240442	16	0.000000149	51.00000	5.92112	439.27515	1.70757	0.50980	-1.00000	-1.00000
5281	Rosebud_Top_P	Jail_Pond	un	2242940	106	0.245454545	3.22222	0.31567	32.89072	0.50816	0.03704	-1.00000	-1.00000
5289	Rosebud_Top_P	Jail_Pond	un	2246142	261	0.461538462	2.41667	0.20633	28.30581	0.38322	0.02288	-1.00000	-1.00000
5296	Rosebud_Top_P	Jail_Pond	un	2247690	254	0.480000000	2.25000	0.19172	26.40626	0.35218	0.02211	-1.00000	-1.00000
5312	Rosebud_Top_P	Jail_Pond	un	2255083	132	0.000016379	27.00000	3.21179	226.97647	1.43136	0.33333	-1.00000	-1.00000
5323	Rosebud_Top_P	Jail_Pond	un	2258609	36	0.481481481	0.44828	0.03837	5.23742	0.34845	0.02032	-1.00000	-1.00000
5329	Rosebud_Top_P	Jail_Pond	un	2260281	29	0.272340426	0.36000	0.07932	1.63383	0.44370	0.03544	-1.00000	-1.00000
5335	Rosebud_Top_P	Jail_Pond	un	2264811	356	0.480000000	0.44444	0.03787	5.21605	0.35218	0.02211	-1.00000	-1.00000
5340	Rosebud_Top_P	Jail_Pond	un	2266053	31	0.000127909	20.25000	2.40238	170.68977	1.30642	0.26829	-1.00000	-1.00000
5345	Rosebud_Top_P	Jail_Pond	un	2269341	11	0.500000000	0.48276	0.04141	5.62819	0.31627	0.01818	-1.00000	-1.00000
5362	Rosebud_Top_P	Jail_Pond	un	2278317	47	0.000770342	0.06397	0.00761	0.53812	1.19400	0.21104	-1.00000	-1.00000
5364	Rosebud_Top_P	Jail_Pond	un	2279967	97	0.500000000	0.48148	0.04113	5.63661	0.31742	0.01961	-1.00000	-1.00000
5366	Rosebud_Top_P	Jail_Pond	un	2280743	119	0.190296010	2.80000	0.64934	12.07381	0.44716	0.03849	-1.00000	-1.00000
5375	Rosebud_Top_P	Jail_Pond	un	2286355	33	0.005105438	0.09483	0.01103	0.81529	1.02307	0.14286	-1.00000	-1.00000
5377	Rosebud_Top_P	Jail_Pond	un	2288044	16	0.227113906	0.28736	0.02808	2.94037	0.54158	0.04142	-1.00000	-1.00000
5383	Rosebud_Top_P	Jail_Pond	un	2290684	92	0.001501515	13.73684	1.60737	117.39751	1.13789	0.18729	-1.00000	-1.00000
5387	Rosebud_Top_P	Jail_Pond	un	2292591	335	0.491264850	3.00000	0.29328	30.68711	0.47712	0.03571	-1.00000	-1.00000
5389	Rosebud_Top_P	Jail_Pond	un	2293941	125	0.500000000	2.07692	0.17741	24.31412	0.31742	0.01961	-1.00000	-1.00000
5395	Rosebud_Top_P	Jail_Pond	un	2297068	95	0.006611286	10.68421	1.21537	93.92410	1.02874	0.15217	-1.00000	-1.00000
5409	Rosebud_Top_P	Jail_Pond	un	2302021	277	0.481481481	2.23077	0.19093	26.06312	0.34845	0.02032	-1.00000	-1.00000
5415	Rosebud_Top_P	Jail_Pond	un	2305156	154	0.000911685	14.50000	1.71773	122.39995	1.16137	0.19149	-1.00000	-1.00000
5418	Rosebud_Top_P	Jail_Pond	un	2307520	78	0.227113906	0.28736	0.02808	2.94037	0.54158	0.04142	-1.00000	-1.00000
5421	Rosebud_Top_P	Jail_Pond	un	2309180	158	1.000000000	1.08696	0.06420	18.40268	0.03621	0.00007	-1.00000	-1.00000
5425	Rosebud_Top_P	Jail_Pond	un	2309901	92	0.227113906	0.28736	0.02808	2.94037	0.54158	0.04142	-1.00000	-1.00000
5446	Rosebud_Top_P	Jail_Pond	un	2316825	97	1.000000000	0.51852	0.04439	6.05718	0.28524	0.01752	-1.00000	-1.00000
5453	Rosebud_Top_P	Jail_Pond	un	2319711	41	0.500000000	2.08333	0.17711	24.50678	0.31876	0.02128	-1.00000	-1.00000
5458	Rosebud_Top_P	Jail_Pond	un	2322275	132	0.047493109	0.21739	0.05050	0.93573	0.66276	0.09223	-1.00000	-1.00000
5460	Rosebud_Top_P	Jail_Pond	un	2322993	56	0.051876516	6.75000	0.75749	60.14915	0.82930	0.09475	-1.00000	-1.00000
5462	Rosebud_Top_P	Jail_Pond	un	2323837	14	0.094815285	0.15556	0.01687	1.43442	0.80811	0.06198	-1.00000	-1.00000
5472	Rosebud_Top_P	Jail_Pond	un	2328768	94	0.000001109	39.54546	4.65292	336.09937	1.59710	0.42982	-1.00000	-1.00000
5475	Rosebud_Top_P	Jail_Pond	un	2331081	60	0.500000000	0.48276	0.04141	5.62819	0.31627	0.01818	-1.00000	-1.00000
5480	Rosebud_Top_P	Jail_Pond	un	2332719	72	0.313878492	0.44156	0.11087	1.75858	0.35501	0.02763	-1.00000	-1.00000
5484	Rosebud_Top_P	Jail_Pond	un	2335085	76	0.000231448	15.36364	2.95883	79.77519	1.18649	0.26774	-1.00000	-1.00000
5495	Rosebud_Top_P	Jail_Pond	un	2340871	43	0.025728988	7.25000	0.81543	64.45982	0.86034	0.09804	-1.00000	-1.00000
5498	Rosebud_Top_P	Jail_Pond	un	2342687	249	0.051107251	6.81818	0.76063	61.11749	0.83367	0.10256	-1.00000	-1.00000
5504	Rosebud_Top_P	Jail_Pond	un	2344764	141	0.000001724	36.00000	4.27091	303.44849	1.55630	0.40541	-1.00000	-1.00000
5507	Rosebud_Top_P	Jail_Pond	un	2346251	97	0.500000000	0.48276	0.04141	5.62819	0.31627	0.01818	-1.00000	-1.00000
5515	Rosebud_Top_P	Jail_Pond	un	2350287	124	0.245454545	0.31034	0.03040	3.16783	0.50816	0.03704	-1.00000	-1.00000
5517	Rosebud_Top_P	Jail_Pond	un	2350981	23	0.000521867	0.05926	0.00693	0.50704	1.22724	0.23780	-1.00000	-1.00000
5523	Rosebud_Top_P	Jail_Pond	un	2353543	86	0.118181818	4.46154	0.46819	42.51565	0.64948	0.05660	-1.00000	-1.00000
5539	Rosebud_Top_P	Jail_Pond	un	2359483	401	0.493212670	0.36000	0.03511	3.69147	0.44370	0.03429	-1.00000	-1.00000
5545	Rosebud_Top_P	Jail_Pond	un	2362402	67	0.500000000	0.48276	0.04141	5.62819	0.31627	0.01818	-1.00000	-1.00000
5549	Rosebud_Top_P	Jail_Pond	un	2365045	141	0.000036343	25.00000	2.96594	210.72560	1.39794	0.32432	-1.00000	-1.00000
5554	Rosebud_Top_P	Jail_Pond	un	2368509	342	0.000000000	841.00000	50.16650	14098.67188	2.92480	1.00000	-1.00000	-1.00000
5556	Rosebud_Top_P	Jail_Pond	un	2370045	294	0.244680851	3.26087	0.31632	33.61525	0.51333	0.04348	-1.00000	-1.00000
5557	Rosebud_Top_P	Jail_Pond	un	2370684	46	0.235835141	0.43636	0.13148	1.44826	0.36015	0.03474	-1.00000	-1.00000
5564	Rosebud_Top_P	Jail_Pond	un	2373802	33	0.500000000	0.48148	0.04113	5.63661	0.31742	0.01961	-1.00000	-1.00000
5570	Rosebud_Top_P	Jail_Pond	un	2377236	264	0.091583710	5.27273	0.55003	50.54564	0.72204	0.07143	-1.00000	-1.00000
5577	Rosebud_Top_P	Jail_Pond	un	2380871	92	0.155113115	2.64444	0.84139	8.31130	0.42233	0.05653	-1.00000	-1.00000
5587	Rosebud_Top_P	Jail_Pond	un	2384999	53	0.500000000	0.48276	0.04141	5.62819	0.31627	0.01818	-1.00000	-1.00000
5588	Rosebud_Top_P	Jail_Pond	un	2385875	92	0.500000000	2.07143	0.17768	24.14955	0.31627	0.01818	-1.00000	-1.00000
5593	Rosebud_Top_P	Jail_Pond	un	2388435	210	0.602040816	0.44000	0.03729	5.19112	0.35655	0.00891	-1.00000	-1.00000
5598	Rosebud_Top_P	Jail_Pond	un	2391005	295	0.500000000	0.48000	0.04081	5.64636	0.31876	0.02128	-1.00000	-1.00000
5605	Rosebud_Top_P	Jail_Pond	un	2395122	412	1.000000000	1.92857	0.16509	22.52900	0.28524	0.01752	-1.00000	-1.00000
5610	Rosebud_Top_P	Jail_Pond	un	2398051	67	0.000009385	0.03448	0.00411	0.28921	1.46240	0.34146	-1.00000	-1.00000
5612	Rosebud_Top_P	Jail_Pond	un	2398863	91	0.245454545	0.31034	0.03040	3.16783	0.50816	0.03704	-1.00000	-1.00000
5615	Rosebud_Top_P	Jail_Pond	un	2401243	123	0.208144796	0.26437	0.02576	2.71292	0.57779	0.04667	-1.00000	-1.00000
5621	Rosebud_Top_P	Jail_Pond	un	2402742	72	0.001185781	0.05724	0.00677	0.48417	1.24231	0.18939	-1.00000	-1.00000
5628	Rosebud_Top_P	Jail_Pond	un	2407157	32	0.245098039	3.24000	0.31597	33.22326	0.51055	0.04000	-1.00000	-1.00000
5631	Rosebud_Top_P	Jail_Pond	un	2408770	81	0.000000292	46.40000	5.43537	396.10168	1.66652	0.47297	-1.00000	-1.00000
5632	Rosebud_Top_P	Jail_Pond	un	2409654	167	0.091583710	5.27273	0.55003	50.54564	0.72204	0.07143	-1.00000	-1.00000
5645	Rosebud_Top_P	Jail_Pond	un	2413574	56	0.245454545	0.31034	0.03040	3.16783	0.50816	0.03704	-1.00000	-1.00000
5650	Rosebud_Top_P	Jail_Pond	un	2416536	418	0.208144796	0.26437	0.02576	2.71292	0.57779	0.04667	-1.00000	-1.00000
5658	Rosebud_Top_P	Jail_Pond	un	2418654	22	0.104821803	4.83333	0.50582	46.18450	0.68425	0.06335	-1.00000	-1.00000
5663	Rosebud_Top_P	Jail_Pond	un	2421078	12	0.271987431	1.94444	0.62796	6.02089	0.28880	0.02685	-1.00000	-1.00000
5683	Rosebud_Top_P	Jail_Pond	un	2428293	152	0.008914258	0.10345	0.01182	0.90538	0.98528	0.13462	-1.00000	-1.00000
5712	Rosebud_Top_P	Jail_Pond	un	2442522	58	0.245454545	0.31034	0.03040	3.16783	0.50816	0.03704	-1.00000	-1.00000
5721	Rosebud_Top_P	Jail_Pond	un	2447393	77	1.000000000	0.56000	0.04783	6.55691	0.25181	0.01681	-1.00000	-1.00000
5730	Rosebud_Top_P	Jail_Pond	un	2453416	451	0.481481481	2.23077	0.19093	26.06312	0.34845	0.02032	-1.00000	-1.00000
5732	Rosebud_Top_P	Jail_Pond	un	2453877	85	0.000070994	11.00000	3.17169	38.15002	1.04139	0.28736	-1.00000	-1.00000
5733	Rosebud_Top_P	Jail_Pond	un	2454685	27	0.208144796	0.26437	0.02576	2.71292	0.57779	0.04667	-1.00000	-1.00000
5744	Rosebud_Top_P	Jail_Pond	un	2459874	79	0.118181818	4.46154	0.46819	42.51565	0.64948	0.05660	-1.00000	-1.00000
5748	Rosebud_Top_P	Jail_Pond	un	2462596	357	0.500000000	2.07143	0.17768	24.14955	0.31627	0.01818	-1.00000	-1.00000
5749	Rosebud_Top_P	Jail_Pond	un	2463211	138	0.227113906	3.48000	0.34009	35.60907	0.54158	0.04142	-1.00000	-1.00000
5750	Rosebud_Top_P	Jail_Pond	un	2463909	57	0.006611286	10.68421	1.21537	93.92410	1.02874	0.15217	-1.00000	-1.00000
5754	Rosebud_Top_P	Jail_Pond	un	2465758	327	0.481481481	2.23077	0.19093	26.06312	0.34845	0.02032	-1.00000	-1.00000
5759	Rosebud_Top_P	Jail_Pond	un	2467803	43	0.491264850	0.33333	0.03259	3.40968	0.47712	0.03571	-1.00000	-1.00000
5767	Rosebud_Top_P	Jail_Pond	un	2471954	26	0.227113906	3.48000	0.34009	35.60907	0.54158	0.04142	-1.00000	-1.00000
5790	Rosebud_Top_P	Jail_Pond	un	2480752	111	1.000000000	0.91667	0.11877	7.07512	0.03779	0.00014	-1.00000	-1.00000
5791	Rosebud_Top_P	Jail_Pond	un	2481506	18	0.000127909	0.04938	0.00586	0.41625	1.30642	0.26829	-1.00000	-1.00000
5796	Rosebud_Top_P	Jail_Pond	un	2484673	64	0.481481481	0.44828	0.03837	5.23742	0.34845	0.02032	-1.00000	-1.00000
5797	Rosebud_Top_P	Jail_Pond	un	2485491	72	0.552064167	0.67500	0.19625	2.32160	0.17070	0.00752	-1.00000	-1.00000
5798	Rosebud_Top_P	Jail_Pond	un	2486255	34	0.225940131	2.28000	0.63022	8.24861	0.35793	0.03361	-1.00000	-1.00000
5800	Rosebud_Top_P	Jail_Pond	un	2487092	92	0.480000000	2.25000	0.19172	26.40626	0.35218	0.02211	-1.00000	-1.00000
5802	Rosebud_Top_P	Jail_Pond	un	2488690	145	0.500000000	0.48276	0.04141	5.62819	0.31627	0.01818	-1.00000	-1.00000
5820	Rosebud_Top_P	Jail_Pond	un	2494325	465	0.500000000	2.07692	0.17741	24.31412	0.31742	0.01961	-1.00000	-1.00000
5823	Rosebud_Top_P	Jail_Pond	un	2495521	69	0.245098039	3.24000	0.31597	33.22326	0.51055	0.04000	-1.00000	-1.00000
5827	Rosebud_Top_P	Jail_Pond	un	2496261	30	0.104821803	0.20690	0.02165	1.97698	0.68425	0.06335	-1.00000	-1.00000
5856	Rosebud_Top_P	Jail_Pond	un	2507670	21	0.245454545	0.31034	0.03040	3.16783	0.50816	0.03704	-1.00000	-1.00000
5861	Rosebud_Top_P	Jail_Pond	un	2510726	33	0.024366600	10.22222	1.16894	89.39197	1.00955	0.11968	-1.00000	-1.00000
5882	Rosebud_Top_P	Jail_Pond	un	2516081	43	0.118181818	4.46154	0.46819	42.51565	0.64948	0.05660	-1.00000	-1.00000
5883	Rosebud_Top_P	Jail_Pond	un	2516926	83	0.227113906	0.28736	0.02808	2.94037	0.54158	0.04142	-1.00000	-1.00000
5886	Rosebud_Top_P	Jail_Pond	un	2517998	75	0.500000000	2.07692	0.17741	24.31412	0.31742	0.01961	-1.00000	-1.00000
5893	Rosebud_Top_P	Jail_Pond	un	2521109	75	0.055746141	0.17241	0.01886	1.57593	0.76343	0.07692	-1.00000	-1.00000
5896	Rosebud_Top_P	Jail_Pond	un	2522875	80	0.000368554	16.78947	2.00057	140.90321	1.22504	0.21739	-1.00000	-1.00000
5902	Rosebud_Top_P	Jail_Pond	un	2524555	43	0.490612245	0.33333	0.03243	3.42639	0.47712	0.03846	-1.00000	-1.00000
5907	Rosebud_Top_P	Jail_Pond	un	2526781	81	0.000003930	23.00000	5.42253	97.55589	1.36173	0.42681	-1.00000	-1.00000
5911	Rosebud_Top_P	Jail_Pond	un	2527525	60	0.000770342	15.63158	1.85831	131.48848	1.19400	0.21104	-1.00000	-1.00000
5914	Rosebud_Top_P	Jail_Pond	un	2529880	75	0.000000003	78.71429	8.95404	691.97137	1.89605	0.61765	-1.00000	-1.00000
5919	Rosebud_Top_P	Jail_Pond	un	2532354	78	0.481481481	0.44828	0.03837	5.23742	0.34845	0.02032	-1.00000	-1.00000
5924	Rosebud_Top_P	Jail_Pond	un	2535818	39	0.227113906	3.48000	0.34009	35.60907	0.54158	0.04142	-1.00000	-1.00000
5926	Rosebud_Top_P	Jail_Pond	un	2536687	115	0.500000000	2.07143	0.17768	24.14955	0.31627	0.01818	-1.00000	-1.00000
5928	Rosebud_Top_P	Jail_Pond	un	2538323	45	0.020799934	7.90909	0.88661	70.55416	0.89813	0.10989	-1.00000	-1.00000
5942	Rosebud_Top_P	Jail_Pond	un	2542245	136	0.020799934	7.90909	0.88661	70.55416	0.89813	0.10989	-1.00000	-1.00000
5950	Rosebud_Top_P	Jail_Pond	un	2546393	307	0.481481481	2.23077	0.19093	26.06312	0.34845	0.02032	-1.00000	-1.00000
5954	Rosebud_Top_P	Jail_Pond	un	2549335	52	0.003714274	11.60000	1.34375	100.13750	1.06446	0.16039	-1.00000	-1.00000
5958	Rosebud_Top_P	Jail_Pond	un	2550511	392	0.500000000	0.48000	0.04081	5.64636	0.31876	0.02128	-1.00000	-1.00000
5966	Rosebud_Top_P	Jail_Pond	un	2554913	152	0.000041324	0.04023	0.00475	0.34105	1.39545	0.31301	-1.00000	-1.00000
5974	Rosebud_Top_P	Jail_Pond	un	2558993	134	0.047272578	0.15862	0.01730	1.45424	0.79964	0.08615	-1.00000	-1.00000
5976	Rosebud_Top_P	Jail_Pond	un	2559715	129	0.000038815	25.00000	2.93679	212.81769	1.39794	0.33333	-1.00000	-1.00000
5983	Rosebud_Top_P	Jail_Pond	un	2563752	25	0.000000071	54.77778	6.37423	470.73969	1.73860	0.51852	-1.00000	-1.00000
5984	Rosebud_Top_P	Jail_Pond	un	2564502	34	0.245454545	0.31034	0.03040	3.16783	0.50816	0.03704	-1.00000	-1.00000
5985	Rosebud_Top_P	Jail_Pond	un	2565425	66	0.235918367	4.16667	0.43401	40.00140	0.61979	0.05892	-1.00000	-1.00000
6012	Rosebud_Top_P	Jail_Pond	un	2577523	118	0.055746141	5.80000	0.63455	53.01424	0.76343	0.07692	-1.00000	-1.00000
6015	Rosebud_Top_P	Jail_Pond	un	2579229	94	0.011603269	0.11330	0.01299	0.98798	0.94577	0.12000	-1.00000	-1.00000
6022	Rosebud_Top_P	Jail_Pond	un	2581672	111	0.481481481	2.23077	0.19093	26.06312	0.34845	0.02032	-1.00000	-1.00000
6033	Rosebud_Top_P	Jail_Pond	un	2584767	113	0.000000062	87.40000	9.38486	813.94513	1.94151	0.57857	-1.00000	-1.00000
6035	Rosebud_Top_P	Jail_Pond	un	2586498	229	0.461538462	0.41379	0.03533	4.84665	0.38322	0.02288	-1.00000	-1.00000
6038	Rosebud_Top_P	Jail_Pond	un	2588222	357	0.500000000	2.07692	0.17741	24.31412	0.31742	0.01961	-1.00000	-1.00000
6039	Rosebud_Top_P	Jail_Pond	un	2588685	42	0.103265306	0.20370	0.02120	1.95699	0.69100	0.06915	-1.00000	-1.00000
6052	Rosebud_Top_P	Jail_Pond	un	2593473	56	0.117647059	4.50000	0.46992	43.09288	0.65321	0.06122	-1.00000	-1.00000
6072	Rosebud_Top_P	Jail_Pond	un	2602408	128	0.000368554	16.78947	2.00057	140.90321	1.22504	0.21739	-1.00000	-1.00000
6075	Rosebud_Top_P	Jail_Pond	un	2603982	89	0.025310124	7.36364	0.82361	65.83572	0.86709	0.10638	-1.00000	-1.00000
6082	Rosebud_Top_P	Jail_Pond	un	2605702	113	0.000000004	67.66666	7.95342	575.69940	1.83037	0.55556	-1.00000	-1.00000
6083	Rosebud_Top_P	Jail_Pond	un	2606775	353	1.000000000	1.92308	0.16389	22.56519	0.28400	0.01884	-1.00000	-1.00000
6101	Rosebud_Top_P	Jail_Pond	un	2615271	98	1.000000000	0.51852	0.04439	6.05718	0.28524	0.01752	-1.00000	-1.00000
6102	Rosebud_Top_P	Jail_Pond	un	2616072	109	0.000000066	52.20000	6.15300	442.84708	1.71767	0.49480	-1.00000	-1.00000
6103	Rosebud_Top_P	Jail_Pond	un	2616847	97	0.000006814	38.63636	4.55546	327.68777	1.58700	0.36332	-1.00000	-1.00000
6117	Rosebud_Top_P	Jail_Pond	un	2622458	9	1.000000000	0.52000	0.04432	6.10163	0.28400	0.01884	-1.00000	-1.00000
6120	Rosebud_Top_P	Jail_Pond	un	2623390	130	0.493212670	2.77778	0.27089	28.48358	0.44370	0.03429	-1.00000	-1.00000
6134	Rosebud_Top_P	Jail_Pond	un	2628969	9	0.016354234	8.70000	0.97139	77.91955	0.93952	0.12411	-1.00000	-1.00000
6135	Rosebud_Top_P	Jail_Pond	un	2629855	130	0.091583710	0.18966	0.01978	1.81808	0.72204	0.07143	-1.00000	-1.00000
6143	Rosebud_Top_P	Jail_Pond	un	2634548	10	0.000078077	18.20000	3.49043	94.89957	1.26007	0.30572	-1.00000	-1.00000
6145	Rosebud_Top_P	Jail_Pond	un	2636084	61	0.104821803	0.20690	0.02165	1.97698	0.68425	0.06335	-1.00000	-1.00000
6148	Rosebud_Top_P	Jail_Pond	un	2637624	108	0.054609929	5.95238	0.64385	55.02943	0.77469	0.09091	-1.00000	-1.00000
6149	Rosebud_Top_P	Jail_Pond	un	2638450	107	0.491264850	3.00000	0.29328	30.68711	0.47712	0.03571	-1.00000	-1.00000
6160	Rosebud_Top_P	Jail_Pond	un	2641929	275	1.000000000	1.08000	0.06407	18.20505	0.03342	0.00005	-1.00000	-1.00000
6163	Rosebud_Top_P	Jail_Pond	un	2642509	42	0.000503223	8.28000	2.40062	28.55859	0.91803	0.22266	-1.00000	-1.00000
6173	Rosebud_Top_P	Jail_Pond	un	2646049	378	0.490612245	3.00000	0.29185	30.83754	0.47712	0.03846	-1.00000	-1.00000
6177	Rosebud_Top_P	Jail_Pond	un	2646834	334	0.500000000	2.07143	0.17768	24.14955	0.31627	0.01818	-1.00000	-1.00000
6180	Rosebud_Top_P	Jail_Pond	un	2647318	7	0.000000001	87.00000	9.94055	761.42694	1.93952	0.63348	-1.00000	-1.00000
6181	Rosebud_Top_P	Jail_Pond	un	2648142	89	1.000000000	0.51852	0.04439	6.05718	0.28524	0.01752	-1.00000	-1.00000
6182	Rosebud_Top_P	Jail_Pond	un	2648854	17	0.481481481	0.44828	0.03837	5.23742	0.34845	0.02032	-1.00000	-1.00000
6183	Rosebud_Top_P	Jail_Pond	un	2649613	37	0.000000000	106.33334	11.91992	948.56152	2.02667	0.68531	-1.00000	-1.00000
6186	Rosebud_Top_P	Jail_Pond	un	2651310	135	0.461538462	0.41379	0.03533	4.84665	0.38322	0.02288	-1.00000	-1.00000
6189	Rosebud_Top_P	Jail_Pond	un	2651973	44	0.000849276	0.06667	0.00784	0.56688	1.17609	0.20930	-1.00000	-1.00000
6192	Rosebud_Top_P	Jail_Pond	un	2653610	71	1.000000000	1.78571	0.15251	20.90852	0.25181	0.01681	-1.00000	-1.00000
6201	Rosebud_Top_P	Jail_Pond	un	2658659	239	0.490612245	0.33333	0.03243	3.42639	0.47712	0.03846	-1.00000	-1.00000
6203	Rosebud_Top_P	Jail_Pond	un	2660391	66	0.481481481	2.23077	0.19093	26.06312	0.34845	0.02032	-1.00000	-1.00000
6209	Rosebud_Top_P	Jail_Pond	un	2664247	145	1.000000000	0.78571	0.15674	3.93858	0.10474	0.00173	-1.00000	-1.00000
6216	Rosebud_Top_P	Jail_Pond	un	2667833	348	1.000000000	0.52000	0.04432	6.10163	0.28400	0.01884	-1.00000	-1.00000
6223	Rosebud_Top_P	Jail_Pond	un	2670026	111	0.245098039	3.24000	0.31597	33.22326	0.51055	0.04000	-1.00000	-1.00000
6249	Rosebud_Top_P	Jail_Pond	un	2683991	44	0.716145181	0.63333	0.14915	2.68925	0.19837	0.00744	-1.00000	-1.00000
6251	Rosebud_Top_P	Jail_Pond	un	2685910	377	0.461538462	0.41379	0.03533	4.84665	0.38322	0.02288	-1.00000	-1.00000
6267	Rosebud_Top_P	Jail_Pond	un	2689802	170	0.480000000	2.25000	0.19172	26.40626	0.35218	0.02211	-1.00000	-1.00000
6275	Rosebud_Top_P	Jail_Pond	un	2693618	200	0.245454545	0.31034	0.03040	3.16783	0.50816	0.03704	-1.00000	-1.00000
6283	Rosebud_Top_P	Jail_Pond	un	2696044	317	0.245454545	3.22222	0.31567	32.89072	0.50816	0.03704	-1.00000	-1.00000
6285	Rosebud_Top_P	Jail_Pond	un	2697499	128	0.245454545	0.31034	0.03040	3.16783	0.50816	0.03704	-1.00000	-1.00000
6299	Rosebud_Top_P	Jail_Pond	un	2700745	65	0.481481481	2.23077	0.19093	26.06312	0.34845	0.02032	-1.00000	-1.00000
6307	Rosebud_Top_P	Jail_Pond	un	2703976	62	0.002188045	0.08046	0.00946	0.68454	1.09442	0.16667	-1.00000	-1.00000
6312	Rosebud_Top_P	Jail_Pond	un	2705792	219	0.208144796	3.78261	0.36861	38.81679	0.57779	0.04667	-1.00000	-1.00000
6324	Rosebud_Top_P	Jail_Pond	un	2710591	51	0.245454545	0.31034	0.03040	3.16783	0.50816	0.03704	-1.00000	-1.00000
6336	Rosebud_Top_P	Jail_Pond	un	2714892	323	0.208144796	0.26437	0.02576	2.71292	0.57779	0.04667	-1.00000	-1.00000
6349	Rosebud_Top_P	Jail_Pond	un	2720100	61	0.235918367	0.24000	0.02500	2.30408	0.61979	0.05892	-1.00000	-1.00000
6359	Rosebud_Top_P	Jail_Pond	un	2723560	132	0.112015456	0.18519	0.02022	1.69642	0.73239	0.07429	-1.00000	-1.00000
6363	Rosebud_Top_P	Jail_Pond	un	2725026	46	0.000937522	0.05138	0.00594	0.44429	1.28918	0.23148	-1.00000	-1.00000
6373	Rosebud_Top_P	Jail_Pond	un	2730458	149	0.000001694	35.30769	4.22710	294.91452	1.54787	0.39098	-1.00000	-1.00000
6376	Rosebud_Top_P	Jail_Pond	un	2731926	98	0.500000000	2.07143	0.17768	24.14955	0.31627	0.01818	-1.00000	-1.00000
6386	Rosebud_Top_P	Jail_Pond	un	2736922	91	0.480000000	2.25000	0.19172	26.40626	0.35218	0.02211	-1.00000	-1.00000
6408	Rosebud_Top_P	Jail_Pond	un	2745124	301	0.245454545	0.31034	0.03040	3.16783	0.50816	0.03704	-1.00000	-1.00000
6411	Rosebud_Top_P	Jail_Pond	un	2746119	477	1.000000000	1.92857	0.16509	22.52900	0.28524	0.01752	-1.00000	-1.00000
6413	Rosebud_Top_P	Jail_Pond	un	2747352	104	0.051876516	6.75000	0.75749	60.14915	0.82930	0.09475	-1.00000	-1.00000
6421	Rosebud_Top_P	Jail_Pond	un	2751989	15	0.461538462	2.41667	0.20633	28.30581	0.38322	0.02288	-1.00000	-1.00000
6429	Rosebud_Top_P	Jail_Pond	un	2758538	32	0.481481481	0.44828	0.03837	5.23742	0.34845	0.02032	-1.00000	-1.00000
6448	Rosebud_Top_P	Jail_Pond	un	2765696	308	0.091583710	5.27273	0.55003	50.54564	0.72204	0.07143	-1.00000	-1.00000
6451	Rosebud_Top_P	Jail_Pond	un	2766414	117	1.000000000	0.56000	0.04783	6.55691	0.25181	0.01681	-1.00000	-1.00000
6469	Rosebud_Top_P	Jail_Pond	un	2772858	35	0.000911685	14.50000	1.71773	122.39995	1.16137	0.19149	-1.00000	-1.00000
6480	Rosebud_Top_P	Jail_Pond	un	2778564	96	0.000002976	33.46154	3.98697	280.83353	1.52455	0.37692	-1.00000	-1.00000
6484	Rosebud_Top_P	Jail_Pond	un	2779383	123	0.000000000	125.00000	13.61030	1148.02759	2.09691	0.73469	-1.00000	-1.00000
6486	Rosebud_Top_P	Jail_Pond	un	2780316	205	0.480000000	2.25000	0.19172	26.40626	0.35218	0.02211	-1.00000	-1.00000
6496	Rosebud_Top_P	Jail_Pond	un	2783483	68	0.005051612	14.37500	1.67042	123.70560	1.15761	0.17107	-1.00000	-1.00000
6501	Rosebud_Top_P	Jail_Pond	un	2785145	13	0.227113906	0.28736	0.02808	2.94037	0.54158	0.04142	-1.00000	-1.00000
6505	Rosebud_Top_P	Jail_Pond	un	2788671	274	0.245098039	0.30864	0.03010	3.16484	0.51055	0.04000	-1.00000	-1.00000
6516	Rosebud_Top_P	Jail_Pond	un	2792568	6	0.039607201	0.11111	0.01232	1.00223	0.95424	0.09796	-1.00000	-1.00000
6517	Rosebud_Top_P	Jail_Pond	un	2793955	533	0.500000000	2.08333	0.17711	24.50678	0.31876	0.02128	-1.00000	-1.00000
6520	Rosebud_Top_P	Jail_Pond	un	2795916	118	0.481481481	0.44828	0.03837	5.23742	0.34845	0.02032	-1.00000	-1.00000
6523	Rosebud_Top_P	Jail_Pond	un	2797384	12	1.000000000	1.00000	0.31897	3.13506	0.00000	0.00000	-1.00000	-1.00000
6527	Rosebud_Top_P	Jail_Pond	un	2799815	44	0.500000000	0.48276	0.04141	5.62819	0.31627	0.01818	-1.00000	-1.00000
6533	Rosebud_Top_P	Jail_Pond	un	2803945	52	0.481481481	2.23077	0.19093	26.06312	0.34845	0.02032	-1.00000	-1.00000
6536	Rosebud_Top_P	Jail_Pond	un	2805555	155	0.500000000	2.07143	0.17768	24.14955	0.31627	0.01818	-1.00000	-1.00000
6540	Rosebud_Top_P	Jail_Pond	un	2807963	139	0.055746141	5.80000	0.63455	53.01424	0.76343	0.07692	-1.00000	-1.00000
6553	Rosebud_Top_P	Jail_Pond	un	2812051	120	0.002188045	0.08046	0.00946	0.68454	1.09442	0.16667	-1.00000	-1.00000
6554	Rosebud_Top_P	Jail_Pond	un	2812933	32	0.500000000	0.48276	0.04141	5.62819	0.31627	0.01818	-1.00000	-1.00000
6558	Rosebud_Top_P	Jail_Pond	un	2816117	13	0.091583710	5.27273	0.55003	50.54564	0.72204	0.07143	-1.00000	-1.00000
6564	Rosebud_Top_P	Jail_Pond	un	2818442	35	0.491264850	0.33333	0.03259	3.40968	0.47712	0.03571	-1.00000	-1.00000
6567	Rosebud_Top_P	Jail_Pond	un	2820731	19	0.491264850	3.00000	0.29328	30.68711	0.47712	0.03571	-1.00000	-1.00000
6575	Rosebud_Top_P	Jail_Pond	un	2824414	101	0.003414686	7.50000	2.00506	28.05398	0.87506	0.19298	-1.00000	-1.00000
6576	Rosebud_Top_P	Jail_Pond	un	2825094	41	0.003714274	11.60000	1.34375	100.13750	1.06446	0.16039	-1.00000	-1.00000
6603	Rosebud_Top_P	Jail_Pond	un	2834575	102	0.227113906	3.48000	0.34009	35.60907	0.54158	0.04142	-1.00000	-1.00000
6605	Rosebud_Top_P	Jail_Pond	un	2835264	44	0.112015456	0.18519	0.02022	1.69642	0.73239	0.07429	-1.00000	-1.00000
6607	Rosebud_Top_P	Jail_Pond	un	2836110	52	0.500000000	2.07143	0.17768	24.14955	0.31627	0.01818	-1.00000	-1.00000
6608	Rosebud_Top_P	Jail_Pond	un	2836901	8	1.000000000	1.92308	0.16389	22.56519	0.28400	0.01884	-1.00000	-1.00000
6617	Rosebud_Top_P	Jail_Pond	un	2842585	100	0.000953498	14.47368	1.71607	122.07419	1.16058	0.20408	-1.00000	-1.00000
6631	Rosebud_Top_P	Jail_Pond	un	2846677	142	0.227113906	3.48000	0.34009	35.60907	0.54158	0.04142	-1.00000	-1.00000
6640	Rosebud_Top_P	Jail_Pond	un	2851654	258	0.461538462	0.41379	0.03533	4.84665	0.38322	0.02288	-1.00000	-1.00000
6657	Rosebud_Top_P	Jail_Pond	un	2857989	41	0.481481481	0.44828	0.03837	5.23742	0.34845	0.02032	-1.00000	-1.00000
6660	Rosebud_Top_P	Jail_Pond	un	2860250	41	0.500000000	0.48276	0.04141	5.62819	0.31627	0.01818	-1.00000	-1.00000
6662	Rosebud_Top_P	Jail_Pond	un	2861924	69	0.025728988	0.13793	0.01551	1.22635	0.86034	0.09804	-1.00000	-1.00000
6665	Rosebud_Top_P	Jail_Pond	un	2862692	20	0.000000001	96.66666	10.79318	865.77277	1.98528	0.67172	-1.00000	-1.00000
6677	Rosebud_Top_P	Jail_Pond	un	2868786	73	0.118181818	4.46154	0.46819	42.51565	0.64948	0.05660	-1.00000	-1.00000
6683	Rosebud_Top_P	Jail_Pond	un	2873058	263	0.054609929	0.16800	0.01817	1.55315	0.77469	0.09091	-1.00000	-1.00000
6707	Rosebud_Top_P	Jail_Pond	un	2882243	119	0.114880414	0.20000	0.02178	1.83684	0.69897	0.07143	-1.00000	-1.00000
6715	Rosebud_Top_P	Jail_Pond	un	2887133	39	0.118181818	0.22414	0.02352	2.13589	0.64948	0.05660	-1.00000	-1.00000
6737	Rosebud_Top_P	Jail_Pond	un	2894277	29	0.000335760	17.47059	2.06538	147.77966	1.24231	0.23810	-1.00000	-1.00000
6742	Rosebud_Top_P	Jail_Pond	un	2895351	19	0.012739138	11.11111	1.27451	96.86606	1.04576	0.12661	-1.00000	-1.00000
6752	Rosebud_Top_P	Jail_Pond	un	2900905	142	0.236897275	4.15385	0.43495	39.66973	0.61845	0.05462	-1.00000	-1.00000
6759	Rosebud_Top_P	Jail_Pond	un	2903321	117	0.500000000	0.48000	0.04081	5.64636	0.31876	0.02128	-1.00000	-1.00000
6782	Rosebud_Top_P	Jail_Pond	un	2910748	28	0.227113906	0.28736	0.02808	2.94037	0.54158	0.04142	-1.00000	-1.00000
6783	Rosebud_Top_P	Jail_Pond	un	2911690	148	0.491264850	0.33333	0.03259	3.40968	0.47712	0.03571	-1.00000	-1.00000
6794	Rosebud_Top_P	Jail_Pond	un	2918752	106	0.103265306	4.90909	0.51099	47.16195	0.69100	0.06915	-1.00000	-1.00000
6797	Rosebud_Top_P	Jail_Pond	un	2919535	60	0.500000000	0.48276	0.04141	5.62819	0.31627	0.01818	-1.00000	-1.00000
6803	Rosebud_Top_P	Jail_Pond	un	2921761	20	0.184239734	0.20370	0.02120	1.95699	0.69100	0.04147	-1.00000	-1.00000
6805	Rosebud_Top_P	Jail_Pond	un	2923390	110	0.000000000	121.80000	13.23776	1120.67566	2.08565	0.72917	-1.00000	-1.00000
6807	Rosebud_Top_P	Jail_Pond	un	2924157	67	0.004426205	0.06996	0.00812	0.60257	1.15516	0.15945	-1.00000	-1.00000
6808	Rosebud_Top_P	Jail_Pond	un	2925214	299	0.227113906	0.28736	0.02808	2.94037	0.54158	0.04142	-1.00000	-1.00000
6815	Rosebud_Top_P	Jail_Pond	un	2928174	53	0.245454545	0.31034	0.03040	3.16783	0.50816	0.03704	-1.00000	-1.00000
6818	Rosebud_Top_P	Jail_Pond	un	2929051	97	0.005105438	0.09483	0.01103	0.81529	1.02307	0.14286	-1.00000	-1.00000
6819	Rosebud_Top_P	Jail_Pond	un	2929814	73	0.500000000	0.48276	0.04141	5.62819	0.31627	0.01818	-1.00000	-1.00000
6849	Rosebud_Top_P	Jail_Pond	un	2943096	30	0.016354234	8.70000	0.97139	77.91955	0.93952	0.12411	-1.00000	-1.00000
6865	Rosebud_Top_P	Jail_Pond	un	2946386	88	0.047272578	0.15862	0.01730	1.45424	0.79964	0.08615	-1.00000	-1.00000
6873	Rosebud_Top_P	Jail_Pond	un	2950456	93	1.000000000	0.92000	0.05434	15.57603	0.03621	0.00007	-1.00000	-1.00000
6876	Rosebud_Top_P	Jail_Pond	un	2952143	150	0.461538462	2.41667	0.20633	28.30581	0.38322	0.02288	-1.00000	-1.00000
6883	Rosebud_Top_P	Jail_Pond	un	2954376	43	0.500000000	0.48276	0.04141	5.62819	0.31627	0.01818	-1.00000	-1.00000
6888	Rosebud_Top_P	Jail_Pond	un	2956909	99	0.000587549	16.11111	1.89908	136.68118	1.20713	0.21538	-1.00000	-1.00000
6890	Rosebud_Top_P	Jail_Pond	un	2957678	31	0.481481481	2.23077	0.19093	26.06312	0.34845	0.02032	-1.00000	-1.00000
6897	Rosebud_Top_P	Jail_Pond	un	2960984	38	0.227113906	3.48000	0.34009	35.60907	0.54158	0.04142	-1.00000	-1.00000
6898	Rosebud_Top_P	Jail_Pond	un	2961831	87	0.339557099	0.28000	0.02707	2.89628	0.55284	0.02540	-1.00000	-1.00000
6911	Rosebud_Top_P	Jail_Pond	un	2968422	90	0.245454545	0.31034	0.03040	3.16783	0.50816	0.03704	-1.00000	-1.00000
6915	Rosebud_Top_P	Jail_Pond	un	2971841	9	0.570045993	1.46667	0.46377	4.63835	0.16633	0.00853	-1.00000	-1.00000
6920	Rosebud_Top_P	Jail_Pond	un	2975223	311	0.500000000	2.07143	0.17768	24.14955	0.31627	0.01818	-1.00000	-1.00000
6921	Rosebud_Top_P	Jail_Pond	un	2975877	16	0.500000000	0.48276	0.04141	5.62819	0.31627	0.01818	-1.00000	-1.00000
6924	Rosebud_Top_P	Jail_Pond	un	2977650	228	0.245098039	3.24000	0.31597	33.22326	0.51055	0.04000	-1.00000	-1.00000
6925	Rosebud_Top_P	Jail_Pond	un	2978088	9	0.118181818	0.22414	0.02352	2.13589	0.64948	0.05660	-1.00000	-1.00000
6926	Rosebud_Top_P	Jail_Pond	un	2978899	49	0.227113906	3.48000	0.34009	35.60907	0.54158	0.04142	-1.00000	-1.00000
6929	Rosebud_Top_P	Jail_Pond	un	2979702	58	0.000009130	36.00000	4.27091	303.44849	1.55630	0.33937	-1.00000	-1.00000
6954	Rosebud_Top_P	Jail_Pond	un	2990237	125	0.493212670	0.36000	0.03511	3.69147	0.44370	0.03429	-1.00000	-1.00000
6975	Rosebud_Top_P	Jail_Pond	un	2998673	38	0.118181818	0.22414	0.02352	2.13589	0.64948	0.05660	-1.00000	-1.00000
6979	Rosebud_Top_P	Jail_Pond	un	2999585	149	0.000116847	0.04843	0.00580	0.40455	1.31486	0.26531	-1.00000	-1.00000
6981	Rosebud_Top_P	Jail_Pond	un	3000212	28	0.000000068	73.28571	8.31773	645.70422	1.86502	0.51720	-1.00000	-1.00000
6991	Rosebud_Top_P	Jail_Pond	un	3005929	70	0.313878492	0.44156	0.11087	1.75858	0.35501	0.02763	-1.00000	-1.00000
6992	Rosebud_Top_P	Jail_Pond	un	3006742	56	0.000000002	81.00000	9.23409	710.51910	1.90849	0.62500	-1.00000	-1.00000
7005	Rosebud_Top_P	Jail_Pond	un	3012461	145	0.000000050	81.00000	8.98001	730.62250	1.90849	0.54682	-1.00000	-1.00000
7017	Rosebud_Top_P	Jail_Pond	un	3015743	53	0.008914258	0.10345	0.01182	0.90538	0.98528	0.13462	-1.00000	-1.00000
7020	Rosebud_Top_P	Jail_Pond	un	3016537	17	0.020799934	0.12644	0.01417	1.12790	0.89813	0.10989	-1.00000	-1.00000
7049	Rosebud_Top_P	Jail_Pond	un	3030403	149	0.000000001	96.66666	10.79318	865.77277	1.98528	0.67172	-1.00000	-1.00000
7055	Rosebud_Top_P	Jail_Pond	un	3033758	147	0.000163785	25.00000	2.93679	212.81769	1.39794	0.27068	-1.00000	-1.00000
7060	Rosebud_Top_P	Jail_Pond	un	3036092	7	0.121005426	3.00000	0.77401	11.62773	0.47712	0.05495	-1.00000	-1.00000
7064	Rosebud_Top_P	Jail_Pond	un	3037779	94	0.208144796	3.78261	0.36861	38.81679	0.57779	0.04667	-1.00000	-1.00000
7072	Rosebud_Top_P	Jail_Pond	un	3040977	113	0.000026669	35.00000	4.04740	302.66315	1.54407	0.35287	-1.00000	-1.00000
7077	Rosebud_Top_P	Jail_Pond	un	3044173	107	0.055746141	0.17241	0.01886	1.57593	0.76343	0.07692	-1.00000	-1.00000
7083	Rosebud_Top_P	Jail_Pond	un	3047473	124	0.011308779	0.11111	0.01267	0.97465	0.95424	0.13043	-1.00000	-1.00000
7089	Rosebud_Top_P	Jail_Pond	un	3050553	9	0.000000000	162.00000	16.91695	1551.34375	2.20952	0.79310	-1.00000	-1.00000
7093	Rosebud_Top_P	Jail_Pond	un	3053044	63	0.005105438	0.09483	0.01103	0.81529	1.02307	0.14286	-1.00000	-1.00000
7098	Rosebud_Top_P	Jail_Pond	un	3056276	22	1.000000000	1.78571	0.15251	20.90852	0.25181	0.01681	-1.00000	-1.00000
7099	Rosebud_Top_P	Jail_Pond	un	3057125	75	0.000000004	72.50000	8.39845	625.85938	1.86034	0.58462	-1.00000	-1.00000
7106	Rosebud_Top_P	Jail_Pond	un	3062451	44	0.000000002	115.00000	12.48383	1059.37024	2.06070	0.61985	-1.00000	-1.00000
7109	Rosebud_Top_P	Jail_Pond	un	3064181	120	0.000129646	26.83333	3.13976	229.32550	1.42867	0.29335	-1.00000	-1.00000
7121	Rosebud_Top_P	Jail_Pond	un	3070806	57	0.104821803	0.20690	0.02165	1.97698	0.68425	0.06335	-1.00000	-1.00000
7139	Rosebud_Top_P	Jail_Pond	un	3077382	122	0.000000000	841.00000	50.16650	14098.67188	2.92480	1.00000	-1.00000	-1.00000
7144	Rosebud_Top_P	Jail_Pond	un	3078673	21	0.001768977	0.07200	0.00844	0.61386	1.14267	0.20263	-1.00000	-1.00000
7146	Rosebud_Top_P	Jail_Pond	un	3079916	22	0.000000000	675.00000	40.04383	11378.15820	2.82930	1.00000	-1.00000	-1.00000
7148	Rosebud_Top_P	Jail_Pond	un	3081098	319	0.245454545	3.22222	0.31567	32.89072	0.50816	0.03704	-1.00000	-1.00000
7151	Rosebud_Top_P	Jail_Pond	un	3082507	16	0.013573491	6.00000	1.42930	25.18711	0.77815	0.13462	-1.00000	-1.00000
7166	Rosebud_Top_P	Jail_Pond	un	3090859	132	0.000000000	729.00000	43.33459	12263.66797	2.86273	1.00000	-1.00000	-1.00000
7168	Rosebud_Top_P	Jail_Pond	un	3091422	129	0.000000000	783.00000	46.62555	13149.20605	2.89376	1.00000	-1.00000	-1.00000
7170	Rosebud_Top_P	Jail_Pond	un	3092146	38	0.461538462	0.41379	0.03533	4.84665	0.38322	0.02288	-1.00000	-1.00000
7178	Rosebud_Top_P	Jail_Pond	un	3096047	48	0.003465046	12.00000	1.38010	104.34058	1.07918	0.17636	-1.00000	-1.00000
7187	Rosebud_Top_P	Jail_Pond	un	3099393	118	0.500000000	0.48148	0.04113	5.63661	0.31742	0.01961	-1.00000	-1.00000
7188	Rosebud_Top_P	Jail_Pond	un	3100424	314	1.000000000	1.92308	0.16389	22.56519	0.28400	0.01884	-1.00000	-1.00000
7190	Rosebud_Top_P	Jail_Pond	un	3101030	134	0.225306122	0.28395	0.02761	2.92002	0.54676	0.04514	-1.00000	-1.00000
7191	Rosebud_Top_P	Jail_Pond	un	3101804	104	0.000000581	43.20000	5.04896	369.62860	1.63548	0.46429	-1.00000	-1.00000
7192	Rosebud_Top_P	Jail_Pond	un	3102622	173	1.000000000	1.92308	0.16389	22.56519	0.28400	0.01884	-1.00000	-1.00000
7194	Rosebud_Top_P	Jail_Pond	un	3103377	65	0.000022275	0.03704	0.00436	0.31445	1.43136	0.34211	-1.00000	-1.00000
7201	Rosebud_Top_P	Jail_Pond	un	3106458	56	0.481481481	2.23077	0.19093	26.06312	0.34845	0.02032	-1.00000	-1.00000
7234	Rosebud_Top_P	Jail_Pond	un	3117590	83	0.000221963	0.05329	0.00631	0.44975	1.27334	0.24476	-1.00000	-1.00000
7235	Rosebud_Top_P	Jail_Pond	un	3118576	322	0.500000000	0.48276	0.04141	5.62819	0.31627	0.01818	-1.00000	-1.00000
7242	Rosebud_Top_P	Jail_Pond	un	3122235	75	0.144425815	0.25000	0.04673	1.33748	0.60206	0.05385	-1.00000	-1.00000
7254	Rosebud_Top_P	Jail_Pond	un	3129440	13	0.016354234	8.70000	0.97139	77.91955	0.93952	0.12411	-1.00000	-1.00000
7293	Rosebud_Top_P	Jail_Pond	un	3147124	108	0.000003931	33.83333	3.99090	286.82590	1.52934	0.38889	-1.00000	-1.00000
7310	Rosebud_Top_P	Jail_Pond	un	3152737	136	0.044893600	0.20000	0.04668	0.85693	0.69897	0.10045	-1.00000	-1.00000
7316	Rosebud_Top_P	Jail_Pond	un	3156085	89	0.118181818	4.46154	0.46819	42.51565	0.64948	0.05660	-1.00000	-1.00000
7321	Rosebud_Top_P	Jail_Pond	un	3158505	81	0.091583710	5.27273	0.55003	50.54564	0.72204	0.07143	-1.00000	-1.00000
7325	Rosebud_Top_P	Jail_Pond	un	3160835	142	0.227113906	0.28736	0.02808	2.94037	0.54158	0.04142	-1.00000	-1.00000
7337	Rosebud_Top_P	Jail_Pond	un	3166260	26	0.500000000	0.48276	0.04141	5.62819	0.31627	0.01818	-1.00000	-1.00000
7340	Rosebud_Top_P	Jail_Pond	un	3167700	7	0.008914258	9.66667	1.10451	84.60300	0.98528	0.13462	-1.00000	-1.00000
7350	Rosebud_Top_P	Jail_Pond	un	3171762	120	0.002188045	12.42857	1.46083	105.74072	1.09442	0.16667	-1.00000	-1.00000
7351	Rosebud_Top_P	Jail_Pond	un	3172456	16	0.010968168	0.10857	0.01229	0.95910	0.96428	0.14286	-1.00000	-1.00000
7358	Rosebud_Top_P	Jail_Pond	un	3177344	75	0.091583710	0.18966	0.01978	1.81808	0.72204	0.07143	-1.00000	-1.00000
7359	Rosebud_Top_P	Jail_Pond	un	3178094	25	0.245454545	0.31034	0.03040	3.16783	0.50816	0.03704	-1.00000	-1.00000
7366	Rosebud_Top_P	Jail_Pond	un	3180562	151	0.500000000	0.48276	0.04141	5.62819	0.31627	0.01818	-1.00000	-1.00000
7374	Rosebud_Top_P	Jail_Pond	un	3185982	10	0.010827417	5.00000	1.52201	16.42563	0.69897	0.14318	-1.00000	-1.00000
7380	Rosebud_Top_P	Jail_Pond	un	3190295	73	0.481481481	0.44828	0.03837	5.23742	0.34845	0.02032	-1.00000	-1.00000
7387	Rosebud_Top_P	Jail_Pond	un	3194349	32	0.236897275	0.24074	0.02521	2.29910	0.61845	0.05462	-1.00000	-1.00000
7391	Rosebud_Top_P	Jail_Pond	un	3195922	55	0.500000000	0.48148	0.04113	5.63661	0.31742	0.01961	-1.00000	-1.00000
7394	Rosebud_Top_P	Jail_Pond	un	3198417	183	0.239819005	0.26000	0.02716	2.48930	0.58503	0.05248	-1.00000	-1.00000
7403	Rosebud_Top_P	Jail_Pond	un	3201431	62	0.225306122	0.28395	0.02761	2.92002	0.54676	0.04514	-1.00000	-1.00000
7405	Rosebud_Top_P	Jail_Pond	un	3202798	46	0.236897275	0.24074	0.02521	2.29910	0.61845	0.05462	-1.00000	-1.00000
7414	Rosebud_Top_P	Jail_Pond	un	3207084	232	0.480000000	2.25000	0.19172	26.40626	0.35218	0.02211	-1.00000	-1.00000
7425	Rosebud_Top_P	Jail_Pond	un	3211729	155	0.245454545	0.31034	0.03040	3.16783	0.50816	0.03704	-1.00000	-1.00000
7428	Rosebud_Top_P	Jail_Pond	un	3213378	149	0.000000034	58.33333	6.82258	498.75238	1.76592	0.53571	-1.00000	-1.00000
7430	Rosebud_Top_P	Jail_Pond	un	3214733	37	0.000000016	61.22222	7.16369	523.21606	1.78691	0.53846	-1.00000	-1.00000
7434	Rosebud_Top_P	Jail_Pond	un	3218168	35	0.491264850	3.00000	0.29328	30.68711	0.47712	0.03571	-1.00000	-1.00000
7451	Rosebud_Top_P	Jail_Pond	un	3223199	114	0.047549742	3.50000	1.05058	11.66023	0.54407	0.08654	-1.00000	-1.00000
7455	Rosebud_Top_P	Jail_Pond	un	3224027	110	0.005105438	10.54545	1.22656	90.66576	1.02307	0.14286	-1.00000	-1.00000
7458	Rosebud_Top_P	Jail_Pond	un	3225629	134	0.000587549	16.11111	1.89908	136.68118	1.20713	0.21538	-1.00000	-1.00000
7473	Rosebud_Top_P	Jail_Pond	un	3232046	63	0.491264850	3.00000	0.29328	30.68711	0.47712	0.03571	-1.00000	-1.00000
7477	Rosebud_Top_P	Jail_Pond	un	3233664	28	0.008470111	0.10053	0.01141	0.88574	0.99771	0.14773	-1.00000	-1.00000
7478	Rosebud_Top_P	Jail_Pond	un	3234422	13	0.000000002	135.00000	13.99809	1301.96375	2.13033	0.65672	-1.00000	-1.00000
7483	Rosebud_Top_P	Jail_Pond	un	3236871	50	0.010399967	9.81818	1.13937	84.60557	0.99203	0.13830	-1.00000	-1.00000
7491	Rosebud_Top_P	Jail_Pond	un	3240834	67	0.004426205	14.29412	1.65955	123.11864	1.15516	0.15945	-1.00000	-1.00000
7493	Rosebud_Top_P	Jail_Pond	un	3242442	55	0.491264850	3.00000	0.29328	30.68711	0.47712	0.03571	-1.00000	-1.00000
7497	Rosebud_Top_P	Jail_Pond	un	3244886	87	1.000000000	0.56000	0.04783	6.55691	0.25181	0.01681	-1.00000	-1.00000
7498	Rosebud_Top_P	Jail_Pond	un	3245643	51	0.118181818	0.22414	0.02352	2.13589	0.64948	0.05660	-1.00000	-1.00000
7520	Rosebud_Top_P	Jail_Pond	un	3249792	86	1.000000000	1.78571	0.15251	20.90852	0.25181	0.01681	-1.00000	-1.00000
7521	Rosebud_Top_P	Jail_Pond	un	3250569	24	0.481481481	2.23077	0.19093	26.06312	0.34845	0.02032	-1.00000	-1.00000
7531	Rosebud_Top_P	Jail_Pond	un	3256513	226	1.000000000	0.52000	0.04432	6.10163	0.28400	0.01884	-1.00000	-1.00000
7538	Rosebud_Top_P	Jail_Pond	un	3260485	120	0.245454545	0.31034	0.03040	3.16783	0.50816	0.03704	-1.00000	-1.00000
7540	Rosebud_Top_P	Jail_Pond	un	3261139	11	0.208144796	3.78261	0.36861	38.81679	0.57779	0.04667	-1.00000	-1.00000
7542	Rosebud_Top_P	Jail_Pond	un	3262024	31	0.001768977	13.88889	1.62905	118.41340	1.14267	0.20263	-1.00000	-1.00000
7548	Rosebud_Top_P	Jail_Pond	un	3264910	95	0.245454545	3.22222	0.31567	32.89072	0.50816	0.03704	-1.00000	-1.00000
7553	Rosebud_Top_P	Jail_Pond	un	3267192	9	0.003714274	11.60000	1.34375	100.13750	1.06446	0.16039	-1.00000	-1.00000
7557	Rosebud_Top_P	Jail_Pond	un	3269960	312	0.245098039	3.24000	0.31597	33.22326	0.51055	0.04000	-1.00000	-1.00000
7565	Rosebud_Top_P	Jail_Pond	un	3273142	152	0.000000000	725.00000	43.08483	12199.76953	2.86034	1.00000	-1.00000	-1.00000
7566	Rosebud_Top_P	Jail_Pond	un	3273937	88	0.104821803	4.83333	0.50582	46.18450	0.68425	0.06335	-1.00000	-1.00000
7567	Rosebud_Top_P	Jail_Pond	un	3274695	15	0.047272578	6.30435	0.68765	57.79831	0.79964	0.08615	-1.00000	-1.00000
7572	Rosebud_Top_P	Jail_Pond	un	3277285	133	0.001369902	14.29412	1.65955	123.11864	1.15516	0.20635	-1.00000	-1.00000
7577	Rosebud_Top_P	Jail_Pond	un	3280549	116	0.236897275	0.24074	0.02521	2.29910	0.61845	0.05462	-1.00000	-1.00000
7593	Rosebud_Top_P	Jail_Pond	un	3289110	107	0.491264850	0.33333	0.03259	3.40968	0.47712	0.03571	-1.00000	-1.00000
7608	Rosebud_Top_P	Jail_Pond	un	3295567	14	0.239819005	0.26000	0.02716	2.48930	0.58503	0.05248	-1.00000	-1.00000
7614	Rosebud_Top_P	Jail_Pond	un	3298801	32	0.112015456	0.18519	0.02022	1.69642	0.73239	0.07429	-1.00000	-1.00000
7641	Rosebud_Top_P	Jail_Pond	un	3307562	100	0.000396835	0.06000	0.00714	0.50393	1.22185	0.22997	-1.00000	-1.00000
7647	Rosebud_Top_P	Jail_Pond	un	3311176	60	1.000000000	0.51852	0.04439	6.05718	0.28524	0.01752	-1.00000	-1.00000
7648	Rosebud_Top_P	Jail_Pond	un	3312135	101	0.500000000	2.07692	0.17741	24.31412	0.31742	0.01961	-1.00000	-1.00000
7651	Rosebud_Top_P	Jail_Pond	un	3314544	137	0.046261731	5.21053	1.00009	27.14716	0.71688	0.08447	-1.00000	-1.00000
7653	Rosebud_Top_P	Jail_Pond	un	3315373	48	0.104821803	4.83333	0.50582	46.18450	0.68425	0.06335	-1.00000	-1.00000
7654	Rosebud_Top_P	Jail_Pond	un	3316304	133	0.000007034	31.50000	3.70715	267.65814	1.49831	0.38063	-1.00000	-1.00000
7660	Rosebud_Top_P	Jail_Pond	un	3318795	167	0.500000000	2.07692	0.17741	24.31412	0.31742	0.01961	-1.00000	-1.00000
7662	Rosebud_Top_P	Jail_Pond	un	3320335	106	0.481481481	2.23077	0.19093	26.06312	0.34845	0.02032	-1.00000	-1.00000
7672	Rosebud_Top_P	Jail_Pond	un	3325014	112	0.360144058	0.30667	0.02975	3.16133	0.51333	0.02083	-1.00000	-1.00000
7682	Rosebud_Top_P	Jail_Pond	un	3328168	27	0.020799934	7.90909	0.88661	70.55416	0.89813	0.10989	-1.00000	-1.00000
7683	Rosebud_Top_P	Jail_Pond	un	3328825	20	0.208144796	0.26437	0.02576	2.71292	0.57779	0.04667	-1.00000	-1.00000
7696	Rosebud_Top_P	Jail_Pond	un	3335428	107	0.000977321	15.35294	1.78655	131.93742	1.18619	0.21212	-1.00000	-1.00000
7715	Rosebud_Top_P	Jail_Pond	un	3345933	269	0.481481481	0.44828	0.03837	5.23742	0.34845	0.02032	-1.00000	-1.00000
7726	Rosebud_Top_P	Jail_Pond	un	3350445	74	0.011317577	12.17647	1.40560	105.48238	1.08552	0.14463	-1.00000	-1.00000
7735	Rosebud_Top_P	Jail_Pond	un	3353807	123	0.000002091	36.81818	4.32211	313.63794	1.56606	0.42130	-1.00000	-1.00000
7737	Rosebud_Top_P	Jail_Pond	un	3355299	85	1.000000000	1.00000	0.05920	16.89051	0.00000	0.00000	-1.00000	-1.00000
7740	Rosebud_Top_P	Jail_Pond	un	3356192	90	0.000221963	0.05329	0.00631	0.44975	1.27334	0.24476	-1.00000	-1.00000
7743	Rosebud_Top_P	Jail_Pond	un	3357740	51	0.245098039	0.30864	0.03010	3.16484	0.51055	0.04000	-1.00000	-1.00000
7749	Rosebud_Top_P	Jail_Pond	un	3360456	65	1.000000000	1.78571	0.15251	20.90852	0.25181	0.01681	-1.00000	-1.00000
7751	Rosebud_Top_P	Jail_Pond	un	3361135	45	0.104821803	4.83333	0.50582	46.18450	0.68425	0.06335	-1.00000	-1.00000
7755	Rosebud_Top_P	Jail_Pond	un	3362853	79	0.245454545	0.31034	0.03040	3.16783	0.50816	0.03704	-1.00000	-1.00000
7757	Rosebud_Top_P	Jail_Pond	un	3363572	47	0.481481481	0.44828	0.03837	5.23742	0.34845	0.02032	-1.00000	-1.00000
7766	Rosebud_Top_P	Jail_Pond	un	3370235	61	0.000849276	0.06667	0.00784	0.56688	1.17609	0.20930	-1.00000	-1.00000
7775	Rosebud_Top_P	Jail_Pond	un	3374954	44	0.117021277	4.54545	0.47195	43.77839	0.65758	0.06667	-1.00000	-1.00000
7784	Rosebud_Top_P	Jail_Pond	un	3378529	335	1.000000000	0.56000	0.04783	6.55691	0.25181	0.01681	-1.00000	-1.00000
7786	Rosebud_Top_P	Jail_Pond	un	3379774	14	0.227113906	3.48000	0.34009	35.60907	0.54158	0.04142	-1.00000	-1.00000
7792	Rosebud_Top_P	Jail_Pond	un	3382183	119	0.500000000	0.48276	0.04141	5.62819	0.31627	0.01818	-1.00000	-1.00000
7794	Rosebud_Top_P	Jail_Pond	un	3382874	73	0.000012389	28.84615	3.41998	243.30547	1.46009	0.35897	-1.00000	-1.00000
7799	Rosebud_Top_P	Jail_Pond	un	3383811	250	0.500000000	2.07143	0.17768	24.14955	0.31627	0.01818	-1.00000	-1.00000
7802	Rosebud_Top_P	Jail_Pond	un	3384499	97	0.245454545	3.22222	0.31567	32.89072	0.50816	0.03704	-1.00000	-1.00000
7803	Rosebud_Top_P	Jail_Pond	un	3385531	296	1.000000000	0.56000	0.04783	6.55691	0.25181	0.01681	-1.00000	-1.00000
7806	Rosebud_Top_P	Jail_Pond	un	3387838	229	1.000000000	0.56000	0.04783	6.55691	0.25181	0.01681	-1.00000	-1.00000
7807	Rosebud_Top_P	Jail_Pond	un	3388502	133	0.481481481	0.44828	0.03837	5.23742	0.34845	0.02032	-1.00000	-1.00000
7812	Rosebud_Top_P	Jail_Pond	un	3390689	17	0.490612245	0.33333	0.03243	3.42639	0.47712	0.03846	-1.00000	-1.00000
7818	Rosebud_Top_P	Jail_Pond	un	3393167	104	1.000000000	0.56000	0.04783	6.55691	0.25181	0.01681	-1.00000	-1.00000
7826	Rosebud_Top_P	Jail_Pond	un	3398561	60	0.461538462	0.41379	0.03533	4.84665	0.38322	0.02288	-1.00000	-1.00000
7827	Rosebud_Top_P	Jail_Pond	un	3399342	38	0.118181818	4.46154	0.46819	42.51565	0.64948	0.05660	-1.00000	-1.00000
7828	Rosebud_Top_P	Jail_Pond	un	3400138	7	0.500000000	0.48276	0.04141	5.62819	0.31627	0.01818	-1.00000	-1.00000
7830	Rosebud_Top_P	Jail_Pond	un	3401693	119	0.236897275	4.15385	0.43495	39.66973	0.61845	0.05462	-1.00000	-1.00000
7831	Rosebud_Top_P	Jail_Pond	un	3402409	9	1.000000000	0.56000	0.04783	6.55691	0.25181	0.01681	-1.00000	-1.00000
7832	Rosebud_Top_P	Jail_Pond	un	3403254	29	0.245454545	3.22222	0.31567	32.89072	0.50816	0.03704	-1.00000	-1.00000
7835	Rosebud_Top_P	Jail_Pond	un	3404077	102	0.461538462	0.41379	0.03533	4.84665	0.38322	0.02288	-1.00000	-1.00000
7837	Rosebud_Top_P	Jail_Pond	un	3405853	309	1.000000000	0.51852	0.04439	6.05718	0.28524	0.01752	-1.00000	-1.00000
7839	Rosebud_Top_P	Jail_Pond	un	3406313	7	0.000000000	729.00000	43.33459	12263.66797	2.86273	1.00000	-1.00000	-1.00000
7847	Rosebud_Top_P	Jail_Pond	un	3410221	50	0.000000066	52.20000	6.15300	442.84708	1.71767	0.49480	-1.00000	-1.00000
7861	Rosebud_Top_P	Jail_Pond	un	3415082	102	0.227113906	3.48000	0.34009	35.60907	0.54158	0.04142	-1.00000	-1.00000
7900	Rosebud_Top_P	Jail_Pond	un	3430848	104	0.025116561	7.60870	0.86830	66.67275	0.88131	0.11180	-1.00000	-1.00000
7902	Rosebud_Top_P	Jail_Pond	un	3432350	109	0.000123973	0.04702	0.00553	0.39964	1.32770	0.27778	-1.00000	-1.00000
7913	Rosebud_Top_P	Jail_Pond	un	3438668	45	0.000273662	18.75000	2.21850	158.46834	1.27300	0.26036	-1.00000	-1.00000
7914	Rosebud_Top_P	Jail_Pond	un	3439454	16	0.000000433	38.33333	7.64350	192.24750	1.58358	0.51794	-1.00000	-1.00000
7916	Rosebud_Top_P	Jail_Pond	un	3441025	27	0.250281567	3.30000	0.59622	18.26513	0.51851	0.04037	-1.00000	-1.00000
7920	Rosebud_Top_P	Jail_Pond	un	3443037	447	0.480000000	0.44444	0.03787	5.21605	0.35218	0.02211	-1.00000	-1.00000
7926	Rosebud_Top_P	Jail_Pond	un	3445399	102	0.055746141	5.80000	0.63455	53.01424	0.76343	0.07692	-1.00000	-1.00000
7930	Rosebud_Top_P	Jail_Pond	un	3447654	81	0.244680851	3.26087	0.31632	33.61525	0.51333	0.04348	-1.00000	-1.00000
7946	Rosebud_Top_P	Jail_Pond	un	3456328	119	0.025728988	7.25000	0.81543	64.45982	0.86034	0.09804	-1.00000	-1.00000
7957	Rosebud_Top_P	Jail_Pond	un	3460421	221	0.208144796	3.78261	0.36861	38.81679	0.57779	0.04667	-1.00000	-1.00000
7972	Rosebud_Top_P	Jail_Pond	un	3466318	84	0.245454545	3.22222	0.31567	32.89072	0.50816	0.03704	-1.00000	-1.00000
7980	Rosebud_Top_P	Jail_Pond	un	3468728	94	0.000000066	52.20000	6.15300	442.84708	1.71767	0.49480	-1.00000	-1.00000
7986	Rosebud_Top_P	Jail_Pond	un	3469998	11	0.025310124	0.13580	0.01519	1.21416	0.86709	0.10638	-1.00000	-1.00000
7990	Rosebud_Top_P	Jail_Pond	un	3470935	212	0.500000000	2.07692	0.17741	24.31412	0.31742	0.01961	-1.00000	-1.00000
7995	Rosebud_Top_P	Jail_Pond	un	3474746	99	0.227113906	3.48000	0.34009	35.60907	0.54158	0.04142	-1.00000	-1.00000
8007	Rosebud_Top_P	Jail_Pond	un	3480413	114	0.500000000	0.48276	0.04141	5.62819	0.31627	0.01818	-1.00000	-1.00000
8013	Rosebud_Top_P	Jail_Pond	un	3483493	68	0.000000000	729.00000	43.33459	12263.66797	2.86273	1.00000	-1.00000	-1.00000
8023	Rosebud_Top_P	Jail_Pond	un	3488514	104	0.500000000	0.48276	0.04141	5.62819	0.31627	0.01818	-1.00000	-1.00000
8025	Rosebud_Top_P	Jail_Pond	un	3489100	11	0.500000000	0.48276	0.04141	5.62819	0.31627	0.01818	-1.00000	-1.00000
8039	Rosebud_Top_P	Jail_Pond	un	3493049	14	0.020799934	7.90909	0.88661	70.55416	0.89813	0.10989	-1.00000	-1.00000
8052	Rosebud_Top_P	Jail_Pond	un	3498161	252	0.481481481	0.44828	0.03837	5.23742	0.34845	0.02032	-1.00000	-1.00000
8053	Rosebud_Top_P	Jail_Pond	un	3498794	34	0.245454545	0.31034	0.03040	3.16783	0.50816	0.03704	-1.00000	-1.00000
8054	Rosebud_Top_P	Jail_Pond	un	3499595	41	0.001886343	0.07407	0.00875	0.62673	1.13033	0.18571	-1.00000	-1.00000
8059	Rosebud_Top_P	Jail_Pond	un	3502826	7	0.006611286	10.68421	1.21537	93.92410	1.02874	0.15217	-1.00000	-1.00000
8067	Rosebud_Top_P	Jail_Pond	un	3506083	14	0.491264850	0.33333	0.03259	3.40968	0.47712	0.03571	-1.00000	-1.00000
8083	Rosebud_Top_P	Jail_Pond	un	3515129	47	0.001823555	7.36000	2.11112	25.65919	0.86688	0.20044	-1.00000	-1.00000
8108	Rosebud_Top_P	Jail_Pond	un	3529819	232	0.491264850	0.33333	0.03259	3.40968	0.47712	0.03571	-1.00000	-1.00000
8109	Rosebud_Top_P	Jail_Pond	un	3530417	15	1.000000000	1.92308	0.16389	22.56519	0.28400	0.01884	-1.00000	-1.00000
8111	Rosebud_Top_P	Jail_Pond	un	3532109	148	0.000977321	0.06513	0.00758	0.55974	1.18619	0.21212	-1.00000	-1.00000
8116	Rosebud_Top_P	Jail_Pond	un	3533716	26	0.000144217	19.33333	2.31339	161.57144	1.28631	0.24444	-1.00000	-1.00000
8126	Rosebud_Top_P	Jail_Pond	un	3539313	115	0.000000000	121.80000	13.23776	1120.67566	2.08565	0.72917	-1.00000	-1.00000
8128	Rosebud_Top_P	Jail_Pond	un	3540063	27	0.008470111	0.10053	0.01141	0.88574	0.99771	0.14773	-1.00000	-1.00000
8133	Rosebud_Top_P	Jail_Pond	un	3541762	63	0.481481481	2.23077	0.19093	26.06312	0.34845	0.02032	-1.00000	-1.00000
8146	Rosebud_Top_P	Jail_Pond	un	3545969	154	0.000000292	46.40000	5.43537	396.10168	1.66652	0.47297	-1.00000	-1.00000
8165	Rosebud_Top_P	Jail_Pond	un	3551588	344	0.481481481	2.23077	0.19093	26.06312	0.34845	0.02032	-1.00000	-1.00000
8200	Rosebud_Top_P	Jail_Pond	un	3562027	61	0.000000082	56.25000	6.45221	490.38443	1.75012	0.54839	-1.00000	-1.00000
8204	Rosebud_Top_P	Jail_Pond	un	3563562	10	0.091583710	0.18966	0.01978	1.81808	0.72204	0.07143	-1.00000	-1.00000
8221	Rosebud_Top_P	Jail_Pond	un	3568926	9	0.784801739	1.21333	0.40385	3.64534	0.08398	0.00228	-1.00000	-1.00000
8222	Rosebud_Top_P	Jail_Pond	un	3569764	72	0.000000000	324.00000	27.60709	3802.50171	2.51055	0.79067	-1.00000	-1.00000
8235	Rosebud_Top_P	Jail_Pond	un	3576393	77	0.000000252	44.81818	5.31062	378.23602	1.65145	0.45344	-1.00000	-1.00000
8251	Rosebud_Top_P	Jail_Pond	un	3583460	45	0.481481481	0.44828	0.03837	5.23742	0.34845	0.02032	-1.00000	-1.00000
8271	Rosebud_Top_P	Jail_Pond	un	3593508	23	0.000001109	39.54546	4.65292	336.09937	1.59710	0.42982	-1.00000	-1.00000
8277	Rosebud_Top_P	Jail_Pond	un	3596783	30	0.000901086	8.02222	2.26480	28.41582	0.90429	0.22112	-1.00000	-1.00000
8286	Rosebud_Top_P	Jail_Pond	un	3599272	31	0.000000001	96.66666	10.79318	865.77277	1.98528	0.67172	-1.00000	-1.00000
8302	Rosebud_Top_P	Jail_Pond	un	3607068	117	0.461538462	0.41379	0.03533	4.84665	0.38322	0.02288	-1.00000	-1.00000
8307	Rosebud_Top_P	Jail_Pond	un	3609173	82	0.500000000	2.07692	0.17741	24.31412	0.31742	0.01961	-1.00000	-1.00000
8312	Rosebud_Top_P	Jail_Pond	un	3611624	124	0.000000001	96.66666	10.79318	865.77277	1.98528	0.67172	-1.00000	-1.00000
8316	Rosebud_Top_P	Jail_Pond	un	3612374	36	0.025310124	0.13580	0.01519	1.21416	0.86709	0.10638	-1.00000	-1.00000
8318	Rosebud_Top_P	Jail_Pond	un	3614117	60	0.000000000	348.00000	29.71122	4076.03662	2.54158	0.92529	-1.00000	-1.00000
8326	Rosebud_Top_P	Jail_Pond	un	3618153	68	0.000000000	225.00000	21.94246	2307.17041	2.35218	0.85714	-1.00000	-1.00000
8336	Rosebud_Top_P	Jail_Pond	un	3622912	49	0.461538462	0.41379	0.03533	4.84665	0.38322	0.02288	-1.00000	-1.00000
8337	Rosebud_Top_P	Jail_Pond	un	3623744	22	0.000004013	33.33333	3.94401	281.72150	1.52288	0.39560	-1.00000	-1.00000
8351	Rosebud_Top_P	Jail_Pond	un	3630307	116	0.500000000	2.07143	0.17768	24.14955	0.31627	0.01818	-1.00000	-1.00000
8356	Rosebud_Top_P	Jail_Pond	un	3633012	450	0.461538462	0.41379	0.03533	4.84665	0.38322	0.02288	-1.00000	-1.00000
8365	Rosebud_Top_P	Jail_Pond	un	3638866	23	0.001949047	0.07556	0.00875	0.65250	1.12173	0.20000	-1.00000	-1.00000
8371	Rosebud_Top_P	Jail_Pond	un	3641245	23	0.000011949	36.81818	4.32211	313.63794	1.56606	0.35072	-1.00000	-1.00000
8372	Rosebud_Top_P	Jail_Pond	un	3642139	79	0.000000001	87.00000	9.94055	761.42694	1.93952	0.63348	-1.00000	-1.00000
8378	Rosebud_Top_P	Jail_Pond	un	3644536	6	0.024822695	7.50000	0.83337	67.49715	0.87506	0.11628	-1.00000	-1.00000
8410	Rosebud_Top_P	Jail_Pond	un	3659210	66	0.000977321	15.35294	1.78655	131.93742	1.18619	0.21212	-1.00000	-1.00000
8414	Rosebud_Top_P	Jail_Pond	un	3661534	46	0.261366159	2.82609	0.49943	15.99169	0.45119	0.02624	-1.00000	-1.00000
8415	Rosebud_Top_P	Jail_Pond	un	3662332	30	0.275061667	1.95000	0.63886	5.95202	0.29003	0.02576	-1.00000	-1.00000
8419	Rosebud_Top_P	Jail_Pond	un	3665482	95	0.047272578	6.30435	0.68765	57.79831	0.79964	0.08615	-1.00000	-1.00000
8422	Rosebud_Top_P	Jail_Pond	un	3667021	43	0.117647059	0.22222	0.02321	2.12804	0.65321	0.06122	-1.00000	-1.00000
8423	Rosebud_Top_P	Jail_Pond	un	3667862	88	0.326901777	0.45000	0.11565	1.75103	0.34679	0.02722	-1.00000	-1.00000
8426	Rosebud_Top_P	Jail_Pond	un	3668693	152	0.000009385	29.00000	3.45766	243.22809	1.46240	0.34146	-1.00000	-1.00000
8432	Rosebud_Top_P	Jail_Pond	un	3673600	327	0.490612245	0.33333	0.03243	3.42639	0.47712	0.03846	-1.00000	-1.00000
8438	Rosebud_Top_P	Jail_Pond	un	3676389	19	1.000000000	1.92857	0.16509	22.52900	0.28524	0.01752	-1.00000	-1.00000
8439	Rosebud_Top_P	Jail_Pond	un	3677190	35	0.111055145	5.43478	0.58997	50.06475	0.73518	0.08027	-1.00000	-1.00000
8448	Rosebud_Top_P	Jail_Pond	un	3681756	105	0.004488740	11.57143	1.35697	98.67399	1.06339	0.16149	-1.00000	-1.00000
8449	Rosebud_Top_P	Jail_Pond	un	3682582	76	0.000118451	11.40000	3.09229	42.02706	1.05690	0.29167	-1.00000	-1.00000
8451	Rosebud_Top_P	Jail_Pond	un	3683344	22	0.500000000	2.07143	0.17768	24.14955	0.31627	0.01818	-1.00000	-1.00000
8458	Rosebud_Top_P	Jail_Pond	un	3685788	30	0.481481481	2.23077	0.19093	26.06312	0.34845	0.02032	-1.00000	-1.00000
8459	Rosebud_Top_P	Jail_Pond	un	3686676	114	0.227113906	3.48000	0.34009	35.60907	0.54158	0.04142	-1.00000	-1.00000
8460	Rosebud_Top_P	Jail_Pond	un	3687374	41	0.703001768	1.82540	0.38790	8.59008	0.26136	0.01136	-1.00000	-1.00000
8463	Rosebud_Top_P	Jail_Pond	un	3688786	45	0.024822695	7.50000	0.83337	67.49715	0.87506	0.11628	-1.00000	-1.00000
8466	Rosebud_Top_P	Jail_Pond	un	3690396	25	0.227284105	0.29231	0.05114	1.67087	0.53416	0.03998	-1.00000	-1.00000
8489	Rosebud_Top_P	Jail_Pond	un	3699125	44	0.239480278	2.29670	0.70473	7.48489	0.36110	0.03874	-1.00000	-1.00000
8496	Rosebud_Top_P	Jail_Pond	un	3702444	42	0.001153681	9.54545	2.26535	40.22147	0.97980	0.22125	-1.00000	-1.00000
8510	Rosebud_Top_P	Jail_Pond	un	3708146	55	0.025310124	7.36364	0.82361	65.83572	0.86709	0.10638	-1.00000	-1.00000
8516	Rosebud_Top_P	Jail_Pond	un	3710270	7	0.456120261	0.49565	0.10467	2.34699	0.30482	0.01604	-1.00000	-1.00000
8518	Rosebud_Top_P	Jail_Pond	un	3711175	75	0.000368554	0.05956	0.00710	0.49986	1.22504	0.21739	-1.00000	-1.00000
8525	Rosebud_Top_P	Jail_Pond	un	3715115	64	0.000000019	96.60000	10.41763	895.74646	1.98498	0.59442	-1.00000	-1.00000
8535	Rosebud_Top_P	Jail_Pond	un	3720203	238	0.091583710	0.18966	0.01978	1.81808	0.72204	0.07143	-1.00000	-1.00000
8542	Rosebud_Top_P	Jail_Pond	un	3725105	128	0.244680851	0.30667	0.02975	3.16133	0.51333	0.04348	-1.00000	-1.00000
8543	Rosebud_Top_P	Jail_Pond	un	3725996	116	0.051876516	6.75000	0.75749	60.14915	0.82930	0.09475	-1.00000	-1.00000
8555	Rosebud_Top_P	Jail_Pond	un	3731671	97	0.245454545	0.31034	0.03040	3.16783	0.50816	0.03704	-1.00000	-1.00000
8559	Rosebud_Top_P	Jail_Pond	un	3733936	33	0.500000000	0.48276	0.04141	5.62819	0.31627	0.01818	-1.00000	-1.00000
8568	Rosebud_Top_P	Jail_Pond	un	3737959	14	0.491264850	0.33333	0.03259	3.40968	0.47712	0.03571	-1.00000	-1.00000
8576	Rosebud_Top_P	Jail_Pond	un	3740345	6	0.104821803	4.83333	0.50582	46.18450	0.68425	0.06335	-1.00000	-1.00000
8578	Rosebud_Top_P	Jail_Pond	un	3742075	117	0.047272578	6.30435	0.68765	57.79831	0.79964	0.08615	-1.00000	-1.00000
8588	Rosebud_Top_P	Jail_Pond	un	3747033	86	0.245454545	0.31034	0.03040	3.16783	0.50816	0.03704	-1.00000	-1.00000
8595	Rosebud_Top_P	Jail_Pond	un	3751379	248	0.461538462	0.41379	0.03533	4.84665	0.38322	0.02288	-1.00000	-1.00000
8596	Rosebud_Top_P	Jail_Pond	un	3752014	68	0.000000000	162.50000	16.97265	1555.81152	2.21085	0.79365	-1.00000	-1.00000
8605	Rosebud_Top_P	Jail_Pond	un	3755971	19	0.022483682	4.50000	1.37025	14.77833	0.65321	0.12886	-1.00000	-1.00000
8612	Rosebud_Top_P	Jail_Pond	un	3758359	92	0.004488740	11.57143	1.35697	98.67399	1.06339	0.16149	-1.00000	-1.00000
8615	Rosebud_Top_P	Jail_Pond	un	3760168	366	0.500000000	0.48148	0.04113	5.63661	0.31742	0.01961	-1.00000	-1.00000
8619	Rosebud_Top_P	Jail_Pond	un	3761384	23	0.000144217	0.05172	0.00619	0.43227	1.28631	0.24444	-1.00000	-1.00000
8626	Rosebud_Top_P	Jail_Pond	un	3764741	61	0.015690765	4.19481	1.32609	13.26933	0.62271	0.11545	-1.00000	-1.00000
8633	Rosebud_Top_P	Jail_Pond	un	3767339	138	0.000000326	47.22222	5.46805	407.81201	1.67415	0.50000	-1.00000	-1.00000
8634	Rosebud_Top_P	Jail_Pond	un	3768015	112	0.004916860	0.09259	0.01070	0.80113	1.03342	0.15556	-1.00000	-1.00000
8638	Rosebud_Top_P	Jail_Pond	un	3770542	183	0.481481481	2.23077	0.19093	26.06312	0.34845	0.02032	-1.00000	-1.00000
8640	Rosebud_Top_P	Jail_Pond	un	3771241	92	0.000406337	9.00000	2.68448	30.17346	0.95424	0.25000	-1.00000	-1.00000
8644	Rosebud_Top_P	Jail_Pond	un	3772828	94	1.000000000	0.51852	0.04439	6.05718	0.28524	0.01752	-1.00000	-1.00000
8663	Rosebud_Top_P	Jail_Pond	un	3780752	31	0.000005460	31.15385	3.70346	262.06906	1.49351	0.36842	-1.00000	-1.00000
8670	Rosebud_Top_P	Jail_Pond	un	3783103	42	0.245098039	3.24000	0.31597	33.22326	0.51055	0.04000	-1.00000	-1.00000
8677	Rosebud_Top_P	Jail_Pond	un	3786631	142	0.481481481	0.44828	0.03837	5.23742	0.34845	0.02032	-1.00000	-1.00000
8678	Rosebud_Top_P	Jail_Pond	un	3787428	139	0.729850993	1.50000	0.37123	6.06088	0.17609	0.00604	-1.00000	-1.00000
8679	Rosebud_Top_P	Jail_Pond	un	3788234	172	0.225306122	3.52174	0.34246	36.21597	0.54676	0.04514	-1.00000	-1.00000
8688	Rosebud_Top_P	Jail_Pond	un	3792170	87	0.603773585	0.44444	0.03787	5.21605	0.35218	0.00808	-1.00000	-1.00000
8691	Rosebud_Top_P	Jail_Pond	un	3793808	156	0.245098039	3.24000	0.31597	33.22326	0.51055	0.04000	-1.00000	-1.00000
8694	Rosebud_Top_P	Jail_Pond	un	3794565	116	0.481481481	0.44828	0.03837	5.23742	0.34845	0.02032	-1.00000	-1.00000
8696	Rosebud_Top_P	Jail_Pond	un	3795236	15	0.500000000	2.07143	0.17768	24.14955	0.31627	0.01818	-1.00000	-1.00000
8706	Rosebud_Top_P	Jail_Pond	un	3798742	280	0.481481481	2.23077	0.19093	26.06312	0.34845	0.02032	-1.00000	-1.00000
8707	Rosebud_Top_P	Jail_Pond	un	3799403	54	0.491264850	3.00000	0.29328	30.68711	0.47712	0.03571	-1.00000	-1.00000
8735	Rosebud_Top_P	Jail_Pond	un	3814533	143	0.000000003	78.71429	8.95404	691.97137	1.89605	0.61765	-1.00000	-1.00000
8742	Rosebud_Top_P	Jail_Pond	un	3816730	31	0.480000000	0.44444	0.03787	5.21605	0.35218	0.02211	-1.00000	-1.00000
8744	Rosebud_Top_P	Jail_Pond	un	3818289	11	0.016354234	0.11494	0.01283	1.02946	0.93952	0.12411	-1.00000	-1.00000
8752	Rosebud_Top_P	Jail_Pond	un	3822256	26	0.055746141	5.80000	0.63455	53.01424	0.76343	0.07692	-1.00000	-1.00000
8753	Rosebud_Top_P	Jail_Pond	un	3823056	77	0.011308779	9.00000	1.02601	78.94656	0.95424	0.13043	-1.00000	-1.00000
8754	Rosebud_Top_P	Jail_Pond	un	3823922	157	0.103265306	0.20370	0.02120	1.95699	0.69100	0.06915	-1.00000	-1.00000
8755	Rosebud_Top_P	Jail_Pond	un	3824612	60	0.000000127	41.66667	8.34270	208.09955	1.61979	0.53131	-1.00000	-1.00000
8756	Rosebud_Top_P	Jail_Pond	un	3825412	42	0.245098039	0.30864	0.03010	3.16484	0.51055	0.04000	-1.00000	-1.00000
8757	Rosebud_Top_P	Jail_Pond	un	3826163	40	0.000000000	729.00000	43.33459	12263.66797	2.86273	1.00000	-1.00000	-1.00000
8758	Rosebud_Top_P	Jail_Pond	un	3827182	242	1.000000000	1.92857	0.16509	22.52900	0.28524	0.01752	-1.00000	-1.00000
8760	Rosebud_Top_P	Jail_Pond	un	3828710	232	0.493212670	0.36000	0.03511	3.69147	0.44370	0.03429	-1.00000	-1.00000
8768	Rosebud_Top_P	Jail_Pond	un	3835200	318	0.500000000	2.07692	0.17741	24.31412	0.31742	0.01961	-1.00000	-1.00000
8780	Rosebud_Top_P	Jail_Pond	un	3839092	43	0.000009385	29.00000	3.45766	243.22809	1.46240	0.34146	-1.00000	-1.00000
8781	Rosebud_Top_P	Jail_Pond	un	3839940	51	0.227113906	3.48000	0.34009	35.60907	0.54158	0.04142	-1.00000	-1.00000
8797	Rosebud_Top_P	Jail_Pond	un	3846374	98	0.011603269	0.11330	0.01299	0.98798	0.94577	0.12000	-1.00000	-1.00000
8799	Rosebud_Top_P	Jail_Pond	un	3847365	224	0.490612245	0.33333	0.03243	3.42639	0.47712	0.03846	-1.00000	-1.00000
8814	Rosebud_Top_P	Jail_Pond	un	3853559	102	0.118181818	0.22414	0.02352	2.13589	0.64948	0.05660	-1.00000	-1.00000
8834	Rosebud_Top_P	Jail_Pond	un	3860297	103	0.047272578	0.15862	0.01730	1.45424	0.79964	0.08615	-1.00000	-1.00000
8835	Rosebud_Top_P	Jail_Pond	un	3861363	400	0.480000000	0.44444	0.03787	5.21605	0.35218	0.02211	-1.00000	-1.00000
8837	Rosebud_Top_P	Jail_Pond	un	3862649	109	0.245454545	3.22222	0.31567	32.89072	0.50816	0.03704	-1.00000	-1.00000
8849	Rosebud_Top_P	Jail_Pond	un	3868415	122	0.041212230	0.17593	0.03392	0.91255	0.75467	0.09201	-1.00000	-1.00000
8856	Rosebud_Top_P	Jail_Pond	un	3871593	34	0.104821803	4.83333	0.50582	46.18450	0.68425	0.06335	-1.00000	-1.00000
8861	Rosebud_Top_P	Jail_Pond	un	3874865	105	0.001886343	13.50000	1.59559	114.22084	1.13033	0.18571	-1.00000	-1.00000
8872	Rosebud_Top_P	Jail_Pond	un	3878237	340	0.480000000	2.25000	0.19172	26.40626	0.35218	0.02211	-1.00000	-1.00000
8873	Rosebud_Top_P	Jail_Pond	un	3878728	82	0.500000000	0.48276	0.04141	5.62819	0.31627	0.01818	-1.00000	-1.00000
8895	Rosebud_Top_P	Jail_Pond	un	3887195	75	0.046799852	8.10000	0.90237	72.70824	0.90849	0.08419	-1.00000	-1.00000
8905	Rosebud_Top_P	Jail_Pond	un	3890235	94	0.001501515	13.73684	1.60737	117.39751	1.13789	0.18729	-1.00000	-1.00000
8916	Rosebud_Top_P	Jail_Pond	un	3893264	47	0.673758865	0.63636	0.09647	4.19761	0.19629	0.00465	-1.00000	-1.00000
8917	Rosebud_Top_P	Jail_Pond	un	3894139	60	0.000000000	95.28571	10.92729	830.88916	1.97903	0.64706	-1.00000	-1.00000
8937	Rosebud_Top_P	Jail_Pond	un	3899534	18	0.055222089	5.86957	0.63881	53.93145	0.76861	0.08333	-1.00000	-1.00000
8956	Rosebud_Top_P	Jail_Pond	un	3909338	371	0.103265306	4.90909	0.51099	47.16195	0.69100	0.06915	-1.00000	-1.00000
8971	Rosebud_Top_P	Jail_Pond	un	3913673	62	0.000127909	20.25000	2.40238	170.68977	1.30642	0.26829	-1.00000	-1.00000
8981	Rosebud_Top_P	Jail_Pond	un	3917731	47	0.000000000	783.00000	46.62555	13149.20605	2.89376	1.00000	-1.00000	-1.00000
8983	Rosebud_Top_P	Jail_Pond	un	3919319	58	0.500000000	0.48276	0.04141	5.62819	0.31627	0.01818	-1.00000	-1.00000
8987	Rosebud_Top_P	Jail_Pond	un	3921014	63	0.245454545	0.31034	0.03040	3.16783	0.50816	0.03704	-1.00000	-1.00000
9002	Rosebud_Top_P	Jail_Pond	un	3927776	262	0.493212670	2.77778	0.27089	28.48358	0.44370	0.03429	-1.00000	-1.00000
9011	Rosebud_Top_P	Jail_Pond	un	3930288	312	0.500000000	0.48148	0.04113	5.63661	0.31742	0.01961	-1.00000	-1.00000
9016	Rosebud_Top_P	Jail_Pond	un	3933278	31	0.011603269	0.11330	0.01299	0.98798	0.94577	0.12000	-1.00000	-1.00000
9048	Rosebud_Top_P	Jail_Pond	un	3946795	108	0.111055145	5.43478	0.58997	50.06475	0.73518	0.08027	-1.00000	-1.00000
9051	Rosebud_Top_P	Jail_Pond	un	3948376	138	0.245454545	3.22222	0.31567	32.89072	0.50816	0.03704	-1.00000	-1.00000
9052	Rosebud_Top_P	Jail_Pond	un	3949095	32	0.055222089	0.17037	0.01854	1.56542	0.76861	0.08333	-1.00000	-1.00000
9063	Rosebud_Top_P	Jail_Pond	un	3955563	151	0.235918367	0.24000	0.02500	2.30408	0.61979	0.05892	-1.00000	-1.00000
9064	Rosebud_Top_P	Jail_Pond	un	3956289	61	0.491264850	0.33333	0.03259	3.40968	0.47712	0.03571	-1.00000	-1.00000
9071	Rosebud_Top_P	Jail_Pond	un	3959687	61	0.010399967	0.10185	0.01182	0.87768	0.99203	0.13830	-1.00000	-1.00000
9080	Rosebud_Top_P	Jail_Pond	un	3963739	59	0.000000016	58.00000	6.87092	489.59979	1.76343	0.51351	-1.00000	-1.00000
9093	Rosebud_Top_P	Jail_Pond	un	3971106	129	0.000000037	57.00000	6.65442	488.24686	1.75587	0.52941	-1.00000	-1.00000
9101	Rosebud_Top_P	Jail_Pond	un	3975015	131	0.117647059	0.22222	0.02321	2.12804	0.65321	0.06122	-1.00000	-1.00000
9104	Rosebud_Top_P	Jail_Pond	un	3977405	79	0.000555546	10.45455	2.49488	43.80869	1.01931	0.23529	-1.00000	-1.00000
9107	Rosebud_Top_P	Jail_Pond	un	3978323	257	0.227113906	3.48000	0.34009	35.60907	0.54158	0.04142	-1.00000	-1.00000
9125	Rosebud_Top_P	Jail_Pond	un	3986475	52	0.025310124	7.36364	0.82361	65.83572	0.86709	0.10638	-1.00000	-1.00000
9126	Rosebud_Top_P	Jail_Pond	un	3987213	22	0.000000000	300.00000	25.50314	3528.97705	2.47712	0.92000	-1.00000	-1.00000
9128	Rosebud_Top_P	Jail_Pond	un	3988776	24	0.000000071	54.77778	6.37423	470.73969	1.73860	0.51852	-1.00000	-1.00000
9143	Rosebud_Top_P	Jail_Pond	un	3992782	24	0.000010753	20.23809	4.57820	89.46329	1.30617	0.37950	-1.00000	-1.00000
9150	Rosebud_Top_P	Jail_Pond	un	3994336	16	0.000000000	297.00000	25.23189	3495.93359	2.47276	0.78189	-1.00000	-1.00000
9155	Rosebud_Top_P	Jail_Pond	un	3996773	141	0.000000292	46.40000	5.43537	396.10168	1.66652	0.47297	-1.00000	-1.00000
9162	Rosebud_Top_P	Jail_Pond	un	3999915	126	0.000000000	783.00000	46.62555	13149.20605	2.89376	1.00000	-1.00000	-1.00000
9172	Rosebud_Top_P	Jail_Pond	un	4005529	145	0.020799934	0.12644	0.01417	1.12790	0.89813	0.10989	-1.00000	-1.00000
9176	Rosebud_Top_P	Jail_Pond	un	4007785	60	0.000587549	16.11111	1.89908	136.68118	1.20713	0.21538	-1.00000	-1.00000
9178	Rosebud_Top_P	Jail_Pond	un	4009406	68	1.000000000	1.00000	0.29360	3.40605	0.00000	0.00000	-1.00000	-1.00000
9193	Rosebud_Top_P	Jail_Pond	un	4015989	15	0.000849276	0.06667	0.00784	0.56688	1.17609	0.20930	-1.00000	-1.00000
9196	Rosebud_Top_P	Jail_Pond	un	4017895	301	0.225306122	3.52174	0.34246	36.21597	0.54676	0.04514	-1.00000	-1.00000
9198	Rosebud_Top_P	Jail_Pond	un	4019300	95	0.005105438	0.09483	0.01103	0.81529	1.02307	0.14286	-1.00000	-1.00000
9204	Rosebud_Top_P	Jail_Pond	un	4022308	10	0.000005219	30.85714	3.70036	257.31656	1.48936	0.35714	-1.00000	-1.00000
9205	Rosebud_Top_P	Jail_Pond	un	4023273	119	0.461538462	0.41379	0.03533	4.84665	0.38322	0.02288	-1.00000	-1.00000
9208	Rosebud_Top_P	Jail_Pond	un	4025741	283	0.500000000	2.07143	0.17768	24.14955	0.31627	0.01818	-1.00000	-1.00000
9218	Rosebud_Top_P	Jail_Pond	un	4030312	63	0.025728988	7.25000	0.81543	64.45982	0.86034	0.09804	-1.00000	-1.00000
9220	Rosebud_Top_P	Jail_Pond	un	4031846	114	0.002304137	0.06087	0.00702	0.52800	1.21560	0.19902	-1.00000	-1.00000
9225	Rosebud_Top_P	Jail_Pond	un	4034160	28	1.000000000	0.51852	0.04439	6.05718	0.28524	0.01752	-1.00000	-1.00000
9227	Rosebud_Top_P	Jail_Pond	un	4035795	46	0.000000008	68.75000	7.95716	594.00140	1.83727	0.58065	-1.00000	-1.00000
9238	Rosebud_Top_P	Jail_Pond	un	4041585	120	0.000000000	841.00000	50.16650	14098.67188	2.92480	1.00000	-1.00000	-1.00000
9239	Rosebud_Top_P	Jail_Pond	un	4042319	47	0.117647059	0.22222	0.02321	2.12804	0.65321	0.06122	-1.00000	-1.00000
9249	Rosebud_Top_P	Jail_Pond	un	4046388	58	0.001501515	0.07280	0.00852	0.62214	1.13789	0.18729	-1.00000	-1.00000
9253	Rosebud_Top_P	Jail_Pond	un	4049420	17	0.002076008	12.78947	1.49310	109.55123	1.10685	0.18182	-1.00000	-1.00000
9255	Rosebud_Top_P	Jail_Pond	un	4050548	295	0.481481481	2.23077	0.19093	26.06312	0.34845	0.02032	-1.00000	-1.00000
9256	Rosebud_Top_P	Jail_Pond	un	4051116	89	0.245454545	3.22222	0.31567	32.89072	0.50816	0.03704	-1.00000	-1.00000
9260	Rosebud_Top_P	Jail_Pond	un	4051926	98	0.000000007	73.28571	8.31773	645.70422	1.86502	0.60938	-1.00000	-1.00000
9269	Rosebud_Top_P	Jail_Pond	un	4053516	111	0.000000004	83.33334	9.25965	749.96844	1.92082	0.65517	-1.00000	-1.00000
9285	Rosebud_Top_P	Jail_Pond	un	4060690	55	1.000000000	1.92857	0.16509	22.52900	0.28524	0.01752	-1.00000	-1.00000
9287	Rosebud_Top_P	Jail_Pond	un	4061438	102	0.227113906	3.48000	0.34009	35.60907	0.54158	0.04142	-1.00000	-1.00000
9289	Rosebud_Top_P	Jail_Pond	un	4063062	68	0.000911685	0.06897	0.00817	0.58216	1.16137	0.19149	-1.00000	-1.00000
9294	Rosebud_Top_P	Jail_Pond	un	4065527	85	0.104821803	0.20690	0.02165	1.97698	0.68425	0.06335	-1.00000	-1.00000
9298	Rosebud_Top_P	Jail_Pond	un	4067407	242	0.046139818	6.42857	0.69714	59.27980	0.80811	0.09420	-1.00000	-1.00000
9307	Rosebud_Top_P	Jail_Pond	un	4072374	71	0.002188045	12.42857	1.46083	105.74072	1.09442	0.16667	-1.00000	-1.00000
9308	Rosebud_Top_P	Jail_Pond	un	4073190	96	0.003714274	11.60000	1.34375	100.13750	1.06446	0.16039	-1.00000	-1.00000
9315	Rosebud_Top_P	Jail_Pond	un	4076390	130	0.005105438	10.54545	1.22656	90.66576	1.02307	0.14286	-1.00000	-1.00000
9321	Rosebud_Top_P	Jail_Pond	un	4080169	11	0.000046796	0.04274	0.00508	0.35949	1.36922	0.30000	-1.00000	-1.00000
9322	Rosebud_Top_P	Jail_Pond	un	4081040	89	0.225306122	3.52174	0.34246	36.21597	0.54676	0.04514	-1.00000	-1.00000
9329	Rosebud_Top_P	Jail_Pond	un	4086055	104	0.000005071	29.14286	5.37815	157.91780	1.46453	0.42237	-1.00000	-1.00000
9333	Rosebud_Top_P	Jail_Pond	un	4086763	49	0.112015456	0.18519	0.02022	1.69642	0.73239	0.07429	-1.00000	-1.00000
9365	Rosebud_Top_P	Jail_Pond	un	4096501	135	0.225306122	3.52174	0.34246	36.21597	0.54676	0.04514	-1.00000	-1.00000
9373	Rosebud_Top_P	Jail_Pond	un	4098824	85	0.000003931	33.83333	3.99090	286.82590	1.52934	0.38889	-1.00000	-1.00000
9379	Rosebud_Top_P	Jail_Pond	un	4102089	95	0.481481481	0.44828	0.03837	5.23742	0.34845	0.02032	-1.00000	-1.00000
9416	Rosebud_Top_P	Jail_Pond	un	4118166	32	0.000000000	783.00000	46.62555	13149.20605	2.89376	1.00000	-1.00000	-1.00000
9420	Rosebud_Top_P	Jail_Pond	un	4120774	86	0.022190811	9.94737	1.12900	87.64407	0.99771	0.10787	-1.00000	-1.00000
9422	Rosebud_Top_P	Jail_Pond	un	4122539	330	0.500000000	2.07692	0.17741	24.31412	0.31742	0.01961	-1.00000	-1.00000
9425	Rosebud_Top_P	Jail_Pond	un	4125039	368	0.480000000	0.44444	0.03787	5.21605	0.35218	0.02211	-1.00000	-1.00000
9441	Rosebud_Top_P	Jail_Pond	un	4128889	8	0.227113906	0.28736	0.02808	2.94037	0.54158	0.04142	-1.00000	-1.00000
9464	Rosebud_Top_P	Jail_Pond	un	4138711	51	0.500000000	2.07692	0.17741	24.31412	0.31742	0.01961	-1.00000	-1.00000
9479	Rosebud_Top_P	Jail_Pond	un	4143885	305	0.500000000	0.48276	0.04141	5.62819	0.31627	0.01818	-1.00000	-1.00000
9482	Rosebud_Top_P	Jail_Pond	un	4146095	145	0.000000003	78.71429	8.95404	691.97137	1.89605	0.61765	-1.00000	-1.00000
9494	Rosebud_Top_P	Jail_Pond	un	4153892	484	0.500000000	2.07692	0.17741	24.31412	0.31742	0.01961	-1.00000	-1.00000
9498	Rosebud_Top_P	Jail_Pond	un	4154270	43	0.703001768	0.54783	0.11641	2.57800	0.26136	0.01136	-1.00000	-1.00000
9500	Rosebud_Top_P	Jail_Pond	un	4155770	106	0.000953498	0.06909	0.00819	0.58273	1.16058	0.20408	-1.00000	-1.00000
9510	Rosebud_Top_P	Jail_Pond	un	4159266	421	0.500000000	2.08333	0.17711	24.50678	0.31876	0.02128	-1.00000	-1.00000
9511	Rosebud_Top_P	Jail_Pond	un	4159705	58	0.000977321	0.06513	0.00758	0.55974	1.18619	0.21212	-1.00000	-1.00000
9514	Rosebud_Top_P	Jail_Pond	un	4162102	123	0.000000000	675.00000	40.04383	11378.15820	2.82930	1.00000	-1.00000	-1.00000
9522	Rosebud_Top_P	Jail_Pond	un	4163651	7	0.500000000	0.48276	0.04141	5.62819	0.31627	0.01818	-1.00000	-1.00000
9530	Rosebud_Top_P	Jail_Pond	un	4167810	18	1.000000000	0.51852	0.04439	6.05718	0.28524	0.01752	-1.00000	-1.00000
9540	Rosebud_Top_P	Jail_Pond	un	4174405	291	0.500000000	2.07143	0.17768	24.14955	0.31627	0.01818	-1.00000	-1.00000
9543	Rosebud_Top_P	Jail_Pond	un	4176890	378	1.000000000	0.56000	0.04783	6.55691	0.25181	0.01681	-1.00000	-1.00000
9553	Rosebud_Top_P	Jail_Pond	un	4181530	307	0.091583710	5.27273	0.55003	50.54564	0.72204	0.07143	-1.00000	-1.00000
9555	Rosebud_Top_P	Jail_Pond	un	4183003	48	1.000000000	1.92857	0.16509	22.52900	0.28524	0.01752	-1.00000	-1.00000
9560	Rosebud_Top_P	Jail_Pond	un	4184623	71	0.049976781	3.51852	1.11921	11.06137	0.54636	0.09216	-1.00000	-1.00000
9562	Rosebud_Top_P	Jail_Pond	un	4186231	17	0.000156987	0.04000	0.00475	0.33716	1.39794	0.26509	-1.00000	-1.00000
9564	Rosebud_Top_P	Jail_Pond	un	4187093	47	0.047272578	0.15862	0.01730	1.45424	0.79964	0.08615	-1.00000	-1.00000
9574	Rosebud_Top_P	Jail_Pond	un	4190986	79	0.000041324	0.04023	0.00475	0.34105	1.39545	0.31301	-1.00000	-1.00000
9605	Rosebud_Top_P	Jail_Pond	un	4199863	73	0.000266822	10.55556	2.77852	40.10038	1.02348	0.26401	-1.00000	-1.00000
9608	Rosebud_Top_P	Jail_Pond	un	4201610	246	0.480000000	0.44444	0.03787	5.21605	0.35218	0.02211	-1.00000	-1.00000
9613	Rosebud_Top_P	Jail_Pond	un	4203095	112	0.000355389	18.12500	2.12319	154.72722	1.25828	0.24419	-1.00000	-1.00000
9617	Rosebud_Top_P	Jail_Pond	un	4205613	68	0.000355389	18.12500	2.12319	154.72722	1.25828	0.24419	-1.00000	-1.00000
9624	Rosebud_Top_P	Jail_Pond	un	4208880	19	0.000000000	351.00000	29.98258	4109.08643	2.54531	0.92593	-1.00000	-1.00000
9628	Rosebud_Top_P	Jail_Pond	un	4211338	25	0.491264850	0.33333	0.03259	3.40968	0.47712	0.03571	-1.00000	-1.00000
9635	Rosebud_Top_P	Jail_Pond	un	4213272	384	0.461538462	2.41667	0.20633	28.30581	0.38322	0.02288	-1.00000	-1.00000
9640	Rosebud_Top_P	Jail_Pond	un	4215503	154	0.010405057	0.13333	0.02574	0.69061	0.87506	0.13333	-1.00000	-1.00000
9649	Rosebud_Top_P	Jail_Pond	un	4220360	92	0.000159019	12.00000	3.08996	46.60255	1.07918	0.28810	-1.00000	-1.00000
9659	Rosebud_Top_P	Jail_Pond	un	4225958	70	0.000000000	95.28571	10.92729	830.88916	1.97903	0.64706	-1.00000	-1.00000
9661	Rosebud_Top_P	Jail_Pond	un	4226850	117	0.000335760	17.47059	2.06538	147.77966	1.24231	0.23810	-1.00000	-1.00000
9672	Rosebud_Top_P	Jail_Pond	un	4234143	124	0.227113906	3.48000	0.34009	35.60907	0.54158	0.04142	-1.00000	-1.00000
9673	Rosebud_Top_P	Jail_Pond	un	4234866	22	0.000000000	729.00000	43.33459	12263.66797	2.86273	1.00000	-1.00000	-1.00000
9675	Rosebud_Top_P	Jail_Pond	un	4235628	17	0.047272578	6.30435	0.68765	57.79831	0.79964	0.08615	-1.00000	-1.00000
9676	Rosebud_Top_P	Jail_Pond	un	4236464	64	0.461538462	0.41379	0.03533	4.84665	0.38322	0.02288	-1.00000	-1.00000
9690	Rosebud_Top_P	Jail_Pond	un	4241119	21	0.500000000	0.48276	0.04141	5.62819	0.31627	0.01818	-1.00000	-1.00000
9696	Rosebud_Top_P	Jail_Pond	un	4243729	89	0.000000219	43.50000	5.20513	363.53574	1.63849	0.43590	-1.00000	-1.00000
9705	Rosebud_Top_P	Jail_Pond	un	4246188	109	0.000001228	38.63636	4.55546	327.68777	1.58700	0.43439	-1.00000	-1.00000
9713	Rosebud_Top_P	Jail_Pond	un	4250252	103	0.244680851	0.30667	0.02975	3.16133	0.51333	0.04348	-1.00000	-1.00000
9720	Rosebud_Top_P	Jail_Pond	un	4252630	87	0.000000000	148.50000	15.45738	1426.64880	2.17173	0.78448	-1.00000	-1.00000
9723	Rosebud_Top_P	Jail_Pond	un	4254069	73	0.002587025	0.07759	0.00894	0.67309	1.11022	0.18148	-1.00000	-1.00000
9756	Rosebud_Top_P	Jail_Pond	un	4267821	111	0.000000513	41.72727	4.93302	352.96133	1.62042	0.44444	-1.00000	-1.00000
9769	Rosebud_Top_P	Jail_Pond	un	4274314	108	0.020060790	0.12346	0.01375	1.10819	0.90848	0.12037	-1.00000	-1.00000
9775	Rosebud_Top_P	Jail_Pond	un	4276640	34	0.228917111	2.45882	0.70922	8.52458	0.39073	0.03972	-1.00000	-1.00000
9777	Rosebud_Top_P	Jail_Pond	un	4278147	23	0.005806677	0.07556	0.00875	0.65250	1.12173	0.15238	-1.00000	-1.00000
9785	Rosebud_Top_P	Jail_Pond	un	4281444	80	0.500000000	0.48276	0.04141	5.62819	0.31627	0.01818	-1.00000	-1.00000
9800	Rosebud_Top_P	Jail_Pond	un	4288526	15	0.000000513	41.72727	4.93302	352.96133	1.62042	0.44444	-1.00000	-1.00000
9807	Rosebud_Top_P	Jail_Pond	un	4290997	29	0.227113906	3.48000	0.34009	35.60907	0.54158	0.04142	-1.00000	-1.00000
9853	Rosebud_Top_P	Jail_Pond	un	4306682	8	0.500000000	2.07143	0.17768	24.14955	0.31627	0.01818	-1.00000	-1.00000
9855	Rosebud_Top_P	Jail_Pond	un	4307510	54	0.500000000	2.07143	0.17768	24.14955	0.31627	0.01818	-1.00000	-1.00000
9860	Rosebud_Top_P	Jail_Pond	un	4309470	315	0.227113906	0.28736	0.02808	2.94037	0.54158	0.04142	-1.00000	-1.00000
9869	Rosebud_Top_P	Jail_Pond	un	4313069	65	0.000004962	25.33333	4.88390	131.40691	1.40369	0.38026	-1.00000	-1.00000
9881	Rosebud_Top_P	Jail_Pond	un	4316641	16	0.000041324	0.04023	0.00475	0.34105	1.39545	0.31301	-1.00000	-1.00000
9884	Rosebud_Top_P	Jail_Pond	un	4318336	91	0.025728988	0.13793	0.01551	1.22635	0.86034	0.09804	-1.00000	-1.00000
9886	Rosebud_Top_P	Jail_Pond	un	4319278	130	0.000028156	25.13333	2.99466	210.93718	1.40025	0.30769	-1.00000	-1.00000
9887	Rosebud_Top_P	Jail_Pond	un	4320100	146	1.000000000	0.51852	0.04439	6.05718	0.28524	0.01752	-1.00000	-1.00000
9895	Rosebud_Top_P	Jail_Pond	un	4326411	26	0.239819005	3.84615	0.40172	36.82394	0.58503	0.05248	-1.00000	-1.00000
9903	Rosebud_Top_P	Jail_Pond	un	4329393	69	0.227113906	0.28736	0.02808	2.94037	0.54158	0.04142	-1.00000	-1.00000
9913	Rosebud_Top_P	Jail_Pond	un	4335803	29	0.047272578	6.30435	0.68765	57.79831	0.79964	0.08615	-1.00000	-1.00000
9919	Rosebud_Top_P	Jail_Pond	un	4338195	54	0.118181818	4.46154	0.46819	42.51565	0.64948	0.05660	-1.00000	-1.00000
9921	Rosebud_Top_P	Jail_Pond	un	4339923	120	0.000396835	16.66667	1.98438	139.98189	1.22185	0.22997	-1.00000	-1.00000
9922	Rosebud_Top_P	Jail_Pond	un	4341099	442	1.000000000	1.00000	0.05944	16.82259	0.00000	0.00000	-1.00000	-1.00000
9925	Rosebud_Top_P	Jail_Pond	un	4343121	15	0.491264850	3.00000	0.29328	30.68711	0.47712	0.03571	-1.00000	-1.00000
9927	Rosebud_Top_P	Jail_Pond	un	4344678	112	0.245454545	3.22222	0.31567	32.89072	0.50816	0.03704	-1.00000	-1.00000
9940	Rosebud_Top_P	Jail_Pond	un	4349127	442	0.500000000	2.07143	0.17768	24.14955	0.31627	0.01818	-1.00000	-1.00000
9941	Rosebud_Top_P	Jail_Pond	un	4349523	25	0.055746141	5.80000	0.63455	53.01424	0.76343	0.07692	-1.00000	-1.00000
9944	Rosebud_Top_P	Jail_Pond	un	4350232	8	0.000000000	243.00000	23.75590	2485.65576	2.38561	0.86224	-1.00000	-1.00000
9951	Rosebud_Top_P	Jail_Pond	un	4351902	40	0.047272578	0.15862	0.01730	1.45424	0.79964	0.08615	-1.00000	-1.00000
9955	Rosebud_Top_P	Jail_Pond	un	4354294	142	0.011308779	9.00000	1.02601	78.94656	0.95424	0.13043	-1.00000	-1.00000
9958	Rosebud_Top_P	Jail_Pond	un	4355892	39	0.047272578	0.15862	0.01730	1.45424	0.79964	0.08615	-1.00000	-1.00000
9974	Rosebud_Top_P	Jail_Pond	un	4365723	120	0.039250162	6.90476	0.75044	63.53036	0.83915	0.09722	-1.00000	-1.00000
9997	Rosebud_Top_P	Jail_Pond	un	4375486	362	0.461538462	0.41379	0.03533	4.84665	0.38322	0.02288	-1.00000	-1.00000
10003	Rosebud_Top_P	Jail_Pond	un	4379299	299	0.461538462	0.41379	0.03533	4.84665	0.38322	0.02288	-1.00000	-1.00000
10005	Rosebud_Top_P	Jail_Pond	un	4380835	84	0.245098039	0.30864	0.03010	3.16484	0.51055	0.04000	-1.00000	-1.00000
10013	Rosebud_Top_P	Jail_Pond	un	4385264	511	0.500000000	0.48148	0.04113	5.63661	0.31742	0.01961	-1.00000	-1.00000
10018	Rosebud_Top_P	Jail_Pond	un	4387986	28	0.025728988	0.13793	0.01551	1.22635	0.86034	0.09804	-1.00000	-1.00000
10024	Rosebud_Top_P	Jail_Pond	un	4389421	27	0.000000000	116.00000	13.04689	1031.35706	2.06446	0.69697	-1.00000	-1.00000
10033	Rosebud_Top_P	Jail_Pond	un	4392872	236	0.227113906	0.28736	0.02808	2.94037	0.54158	0.04142	-1.00000	-1.00000
10034	Rosebud_Top_P	Jail_Pond	un	4393510	134	0.481481481	0.44828	0.03837	5.23742	0.34845	0.02032	-1.00000	-1.00000
10037	Rosebud_Top_P	Jail_Pond	un	4395113	83	0.227113906	0.28736	0.02808	2.94037	0.54158	0.04142	-1.00000	-1.00000
10048	Rosebud_Top_P	Jail_Pond	un	4401255	21	0.000002290	32.57143	6.05342	175.25595	1.51284	0.44393	-1.00000	-1.00000
10053	Rosebud_Top_P	Jail_Pond	un	4402560	29	0.000000012	66.00000	10.98319	396.60608	1.81954	0.59524	-1.00000	-1.00000
10065	Rosebud_Top_P	Jail_Pond	un	4407678	14	0.154559097	2.57143	0.81288	8.13437	0.41017	0.04899	-1.00000	-1.00000
10070	Rosebud_Top_P	Jail_Pond	un	4410330	138	0.500000000	2.07143	0.17768	24.14955	0.31627	0.01818	-1.00000	-1.00000
10073	Rosebud_Top_P	Jail_Pond	un	4411100	175	0.481481481	0.44828	0.03837	5.23742	0.34845	0.02032	-1.00000	-1.00000
10074	Rosebud_Top_P	Jail_Pond	un	4411806	44	1.000000000	0.51852	0.04439	6.05718	0.28524	0.01752	-1.00000	-1.00000
10076	Rosebud_Top_P	Jail_Pond	un	4412949	138	0.000000000	135.00000	14.73692	1236.68982	2.13033	0.74286	-1.00000	-1.00000
10077	Rosebud_Top_P	Jail_Pond	un	4413834	224	0.500000000	0.48148	0.04113	5.63661	0.31742	0.01961	-1.00000	-1.00000
10084	Rosebud_Top_P	Jail_Pond	un	4417571	68	0.000000592	60.71429	6.83555	539.27264	1.78329	0.48612	-1.00000	-1.00000
10090	Rosebud_Top_P	Jail_Pond	un	4419452	340	0.617021277	0.47826	0.04043	5.65781	0.32034	0.00741	-1.00000	-1.00000
10099	Rosebud_Top_P	Jail_Pond	un	4422568	47	0.103265306	4.90909	0.51099	47.16195	0.69100	0.06915	-1.00000	-1.00000
10110	Rosebud_Top_P	Jail_Pond	un	4428352	79	0.011047109	0.15415	0.03629	0.65485	0.81206	0.14562	-1.00000	-1.00000
10115	Rosebud_Top_P	Jail_Pond	un	4431475	379	0.227113906	0.28736	0.02808	2.94037	0.54158	0.04142	-1.00000	-1.00000
10129	Rosebud_Top_P	Jail_Pond	un	4437464	44	1.000000000	0.56000	0.04783	6.55691	0.25181	0.01681	-1.00000	-1.00000
10131	Rosebud_Top_P	Jail_Pond	un	4439057	47	0.481481481	0.44828	0.03837	5.23742	0.34845	0.02032	-1.00000	-1.00000
10134	Rosebud_Top_P	Jail_Pond	un	4439879	38	0.000002091	36.81818	4.32211	313.63794	1.56606	0.42130	-1.00000	-1.00000
10136	Rosebud_Top_P	Jail_Pond	un	4441638	102	0.000000000	325.00000	27.69753	3813.51733	2.51188	0.92308	-1.00000	-1.00000
10145	Rosebud_Top_P	Jail_Pond	un	4445282	59	0.118181818	0.22414	0.02352	2.13589	0.64948	0.05660	-1.00000	-1.00000
10147	Rosebud_Top_P	Jail_Pond	un	4446831	91	0.000015337	0.03704	0.00444	0.30868	1.43136	0.32500	-1.00000	-1.00000
10154	Rosebud_Top_P	Jail_Pond	un	4450229	185	1.000000000	0.52000	0.04432	6.10163	0.28400	0.01884	-1.00000	-1.00000
10156	Rosebud_Top_P	Jail_Pond	un	4450872	40	0.011308779	9.00000	1.02601	78.94656	0.95424	0.13043	-1.00000	-1.00000
10170	Rosebud_Top_P	Jail_Pond	un	4456827	79	0.000000004	72.50000	8.39845	625.85938	1.86034	0.58462	-1.00000	-1.00000
10177	Rosebud_Top_P	Jail_Pond	un	4462180	511	1.000000000	0.52000	0.04432	6.10163	0.28400	0.01884	-1.00000	-1.00000
10188	Rosebud_Top_P	Jail_Pond	un	4466845	71	0.002188045	12.42857	1.46083	105.74072	1.09442	0.16667	-1.00000	-1.00000
10192	Rosebud_Top_P	Jail_Pond	un	4467612	167	0.500000000	2.07692	0.17741	24.31412	0.31742	0.01961	-1.00000	-1.00000
10196	Rosebud_Top_P	Jail_Pond	un	4469946	89	0.011043619	5.00000	1.44748	17.27138	0.69897	0.14286	-1.00000	-1.00000
10217	Rosebud_Top_P	Jail_Pond	un	4478748	123	0.118181818	4.46154	0.46819	42.51565	0.64948	0.05660	-1.00000	-1.00000
10230	Rosebud_Top_P	Jail_Pond	un	4484226	124	0.500000000	0.48276	0.04141	5.62819	0.31627	0.01818	-1.00000	-1.00000
10253	Rosebud_Top_P	Jail_Pond	un	4495426	74	0.000000326	47.22222	5.46805	407.81201	1.67415	0.50000	-1.00000	-1.00000
10264	Rosebud_Top_P	Jail_Pond	un	4499668	40	0.000000001	176.33333	17.05645	1822.97314	2.24633	0.71056	-1.00000	-1.00000
10271	Rosebud_Top_P	Jail_Pond	un	4502836	45	0.500000000	0.48276	0.04141	5.62819	0.31627	0.01818	-1.00000	-1.00000
10273	Rosebud_Top_P	Jail_Pond	un	4503751	150	0.245098039	3.24000	0.31597	33.22326	0.51055	0.04000	-1.00000	-1.00000
10278	Rosebud_Top_P	Jail_Pond	un	4505280	57	0.481481481	0.44828	0.03837	5.23742	0.34845	0.02032	-1.00000	-1.00000
10280	Rosebud_Top_P	Jail_Pond	un	4506110	88	0.091583710	0.18966	0.01978	1.81808	0.72204	0.07143	-1.00000	-1.00000
10282	Rosebud_Top_P	Jail_Pond	un	4506828	19	0.004916860	0.09259	0.01070	0.80113	1.03342	0.15556	-1.00000	-1.00000
10289	Rosebud_Top_P	Jail_Pond	un	4511613	58	0.000036465	31.50000	3.70715	267.65814	1.49831	0.31454	-1.00000	-1.00000
10296	Rosebud_Top_P	Jail_Pond	un	4512493	100	0.245454545	0.31034	0.03040	3.16783	0.50816	0.03704	-1.00000	-1.00000
10298	Rosebud_Top_P	Jail_Pond	un	4513321	142	0.227113906	0.28736	0.02808	2.94037	0.54158	0.04142	-1.00000	-1.00000
10299	Rosebud_Top_P	Jail_Pond	un	4513969	87	0.000000000	133.39999	14.55060	1223.01221	2.12516	0.74038	-1.00000	-1.00000
10307	Rosebud_Top_P	Jail_Pond	un	4518059	132	0.481481481	2.23077	0.19093	26.06312	0.34845	0.02032	-1.00000	-1.00000
10308	Rosebud_Top_P	Jail_Pond	un	4519122	360	1.000000000	0.51852	0.04439	6.05718	0.28524	0.01752	-1.00000	-1.00000
10311	Rosebud_Top_P	Jail_Pond	un	4521305	130	0.104821803	4.83333	0.50582	46.18450	0.68425	0.06335	-1.00000	-1.00000
10324	Rosebud_Top_P	Jail_Pond	un	4524463	95	0.491264850	0.33333	0.03259	3.40968	0.47712	0.03571	-1.00000	-1.00000
10325	Rosebud_Top_P	Jail_Pond	un	4525499	383	0.500000000	0.48148	0.04113	5.63661	0.31742	0.01961	-1.00000	-1.00000
10326	Rosebud_Top_P	Jail_Pond	un	4526019	34	0.227113906	0.28736	0.02808	2.94037	0.54158	0.04142	-1.00000	-1.00000
10348	Rosebud_Top_P	Jail_Pond	un	4533033	51	0.055746141	5.80000	0.63455	53.01424	0.76343	0.07692	-1.00000	-1.00000
10352	Rosebud_Top_P	Jail_Pond	un	4535713	42	0.000019131	35.54546	4.17796	302.41568	1.55078	0.35111	-1.00000	-1.00000
10357	Rosebud_Top_P	Jail_Pond	un	4539095	113	0.245454545	3.22222	0.31567	32.89072	0.50816	0.03704	-1.00000	-1.00000
10361	Rosebud_Top_P	Jail_Pond	un	4540488	79	0.245454545	0.31034	0.03040	3.16783	0.50816	0.03704	-1.00000	-1.00000
10371	Rosebud_Top_P	Jail_Pond	un	4545707	34	0.500000000	2.07143	0.17768	24.14955	0.31627	0.01818	-1.00000	-1.00000
10373	Rosebud_Top_P	Jail_Pond	un	4546748	324	0.481481481	2.23077	0.19093	26.06312	0.34845	0.02032	-1.00000	-1.00000
10379	Rosebud_Top_P	Jail_Pond	un	4548118	107	0.491264850	0.33333	0.03259	3.40968	0.47712	0.03571	-1.00000	-1.00000
10400	Rosebud_Top_P	Jail_Pond	un	4554490	243	0.500000000	2.07692	0.17741	24.31412	0.31742	0.01961	-1.00000	-1.00000
10405	Rosebud_Top_P	Jail_Pond	un	4557750	289	0.500000000	2.07143	0.17768	24.14955	0.31627	0.01818	-1.00000	-1.00000
10418	Rosebud_Top_P	Jail_Pond	un	4561496	35	0.000000002	81.00000	9.23409	710.51910	1.90849	0.62500	-1.00000	-1.00000
10420	Rosebud_Top_P	Jail_Pond	un	4563150	49	1.000000000	0.56000	0.04783	6.55691	0.25181	0.01681	-1.00000	-1.00000
10432	Rosebud_Top_P	Jail_Pond	un	4568775	172	0.225306122	3.52174	0.34246	36.21597	0.54676	0.04514	-1.00000	-1.00000
10435	Rosebud_Top_P	Jail_Pond	un	4570236	78	0.006611286	10.68421	1.21537	93.92410	1.02874	0.15217	-1.00000	-1.00000
10442	Rosebud_Top_P	Jail_Pond	un	4571894	135	0.020060790	8.10000	0.90237	72.70824	0.90849	0.12037	-1.00000	-1.00000
10445	Rosebud_Top_P	Jail_Pond	un	4573370	65	0.244680851	3.26087	0.31632	33.61525	0.51333	0.04348	-1.00000	-1.00000
10449	Rosebud_Top_P	Jail_Pond	un	4576195	341	1.000000000	1.92308	0.16389	22.56519	0.28400	0.01884	-1.00000	-1.00000
10456	Rosebud_Top_P	Jail_Pond	un	4578372	131	0.027715237	9.00000	1.02601	78.94656	0.95424	0.09375	-1.00000	-1.00000
10458	Rosebud_Top_P	Jail_Pond	un	4579083	106	0.002076008	12.78947	1.49310	109.55123	1.10685	0.18182	-1.00000	-1.00000
10461	Rosebud_Top_P	Jail_Pond	un	4579843	19	0.491264850	0.33333	0.03259	3.40968	0.47712	0.03571	-1.00000	-1.00000
10466	Rosebud_Top_P	Jail_Pond	un	4582764	403	0.481481481	0.44828	0.03837	5.23742	0.34845	0.02032	-1.00000	-1.00000
10479	Rosebud_Top_P	Jail_Pond	un	4586414	11	0.245454545	0.31034	0.03040	3.16783	0.50816	0.03704	-1.00000	-1.00000
10481	Rosebud_Top_P	Jail_Pond	un	4587234	41	0.000005802	20.00000	4.94463	80.89591	1.30103	0.39670	-1.00000	-1.00000
10492	Rosebud_Top_P	Jail_Pond	un	4591130	62	0.000368554	0.05956	0.00710	0.49986	1.22504	0.21739	-1.00000	-1.00000
10499	Rosebud_Top_P	Jail_Pond	un	4594197	73	0.500000000	0.48276	0.04141	5.62819	0.31627	0.01818	-1.00000	-1.00000
10509	Rosebud_Top_P	Jail_Pond	un	4597375	23	0.790752065	0.85859	0.29071	2.53575	0.06622	0.00136	-1.00000	-1.00000
10513	Rosebud_Top_P	Jail_Pond	un	4599849	111	0.000022275	27.00000	3.18017	229.23271	1.43136	0.34211	-1.00000	-1.00000
10516	Rosebud_Top_P	Jail_Pond	un	4602457	138	0.104821803	4.83333	0.50582	46.18450	0.68425	0.06335	-1.00000	-1.00000
10521	Rosebud_Top_P	Jail_Pond	un	4606691	88	0.046139818	6.42857	0.69714	59.27980	0.80811	0.09420	-1.00000	-1.00000
10525	Rosebud_Top_P	Jail_Pond	un	4608624	431	0.500000000	2.07143	0.17768	24.14955	0.31627	0.01818	-1.00000	-1.00000
10527	Rosebud_Top_P	Jail_Pond	un	4609121	149	0.000101828	21.66667	2.56879	182.74944	1.33579	0.29150	-1.00000	-1.00000
10530	Rosebud_Top_P	Jail_Pond	un	4610559	59	0.000013103	29.00000	3.42359	245.64850	1.46240	0.35000	-1.00000	-1.00000
10537	Rosebud_Top_P	Jail_Pond	un	4614862	415	1.000000000	1.00000	0.05920	16.89051	0.00000	0.00000	-1.00000	-1.00000
10548	Rosebud_Top_P	Jail_Pond	un	4621526	23	0.000000000	135.00000	14.73692	1236.68982	2.13033	0.74286	-1.00000	-1.00000
10549	Rosebud_Top_P	Jail_Pond	un	4622412	82	0.208144796	0.26437	0.02576	2.71292	0.57779	0.04667	-1.00000	-1.00000
10558	Rosebud_Top_P	Jail_Pond	un	4625507	152	0.245454545	3.22222	0.31567	32.89072	0.50816	0.03704	-1.00000	-1.00000
10562	Rosebud_Top_P	Jail_Pond	un	4627782	85	0.003714274	0.08621	0.00999	0.74418	1.06446	0.16039	-1.00000	-1.00000
10564	Rosebud_Top_P	Jail_Pond	un	4628767	236	0.020060790	8.10000	0.90237	72.70824	0.90849	0.12037	-1.00000	-1.00000
10572	Rosebud_Top_P	Jail_Pond	un	4630922	32	0.011930344	11.84210	1.37884	101.70531	1.07343	0.13248	-1.00000	-1.00000
10582	Rosebud_Top_P	Jail_Pond	un	4636138	301	0.500000000	0.48148	0.04113	5.63661	0.31742	0.01961	-1.00000	-1.00000
10593	Rosebud_Top_P	Jail_Pond	un	4638208	104	0.000127909	20.25000	2.40238	170.68977	1.30642	0.26829	-1.00000	-1.00000
10597	Rosebud_Top_P	Jail_Pond	un	4640709	176	0.500000000	2.07143	0.17768	24.14955	0.31627	0.01818	-1.00000	-1.00000
10605	Rosebud_Top_P	Jail_Pond	un	4643666	39	1.000000000	0.56000	0.04783	6.55691	0.25181	0.01681	-1.00000	-1.00000
10612	Rosebud_Top_P	Jail_Pond	un	4646127	40	0.491264850	3.00000	0.29328	30.68711	0.47712	0.03571	-1.00000	-1.00000
10615	Rosebud_Top_P	Jail_Pond	un	4648450	17	0.025310124	0.13580	0.01519	1.21416	0.86709	0.10638	-1.00000	-1.00000
10622	Rosebud_Top_P	Jail_Pond	un	4650976	372	0.227113906	3.48000	0.34009	35.60907	0.54158	0.04142	-1.00000	-1.00000
10625	Rosebud_Top_P	Jail_Pond	un	4652316	88	0.245454545	3.22222	0.31567	32.89072	0.50816	0.03704	-1.00000	-1.00000
10643	Rosebud_Top_P	Jail_Pond	un	4661277	69	0.236897275	0.24074	0.02521	2.29910	0.61845	0.05462	-1.00000	-1.00000
10652	Rosebud_Top_P	Jail_Pond	un	4667248	297	0.500000000	0.48148	0.04113	5.63661	0.31742	0.01961	-1.00000	-1.00000
10661	Rosebud_Top_P	Jail_Pond	un	4670253	7	0.245454545	0.31034	0.03040	3.16783	0.50816	0.03704	-1.00000	-1.00000
10665	Rosebud_Top_P	Jail_Pond	un	4672088	115	0.054169360	0.16000	0.01791	1.42947	0.79588	0.09119	-1.00000	-1.00000
10672	Rosebud_Top_P	Jail_Pond	un	4675474	383	0.500000000	2.08333	0.17711	24.50678	0.31876	0.02128	-1.00000	-1.00000
10704	Rosebud_Top_P	Jail_Pond	un	4687704	6	0.091583710	0.18966	0.01978	1.81808	0.72204	0.07143	-1.00000	-1.00000
10710	Rosebud_Top_P	Jail_Pond	un	4689467	22	0.000000000	729.00000	43.33459	12263.66797	2.86273	1.00000	-1.00000	-1.00000
10721	Rosebud_Top_P	Jail_Pond	un	4695368	251	0.245098039	3.24000	0.31597	33.22326	0.51055	0.04000	-1.00000	-1.00000
10722	Rosebud_Top_P	Jail_Pond	un	4695899	14	1.000000000	1.92857	0.16509	22.52900	0.28524	0.01752	-1.00000	-1.00000
10732	Rosebud_Top_P	Jail_Pond	un	4701130	299	0.117647059	4.50000	0.46992	43.09288	0.65321	0.06122	-1.00000	-1.00000
10733	Rosebud_Top_P	Jail_Pond	un	4701618	19	0.461538462	2.41667	0.20633	28.30581	0.38322	0.02288	-1.00000	-1.00000
10739	Rosebud_Top_P	Jail_Pond	un	4703373	241	0.225306122	0.28395	0.02761	2.92002	0.54676	0.04514	-1.00000	-1.00000
10741	Rosebud_Top_P	Jail_Pond	un	4704926	96	0.245454545	3.22222	0.31567	32.89072	0.50816	0.03704	-1.00000	-1.00000
10750	Rosebud_Top_P	Jail_Pond	un	4709880	146	0.225306122	0.28395	0.02761	2.92002	0.54676	0.04514	-1.00000	-1.00000
10759	Rosebud_Top_P	Jail_Pond	un	4714318	29	0.000039693	16.50000	4.02750	67.59782	1.21748	0.36001	-1.00000	-1.00000
10761	Rosebud_Top_P	Jail_Pond	un	4716046	148	0.500000000	2.07143	0.17768	24.14955	0.31627	0.01818	-1.00000	-1.00000
10762	Rosebud_Top_P	Jail_Pond	un	4716783	139	0.482900137	0.50000	0.12268	2.03786	0.30103	0.01837	-1.00000	-1.00000
10776	Rosebud_Top_P	Jail_Pond	un	4721865	486	1.000000000	0.51852	0.04439	6.05718	0.28524	0.01752	-1.00000	-1.00000
10777	Rosebud_Top_P	Jail_Pond	un	4722245	68	0.245454545	0.31034	0.03040	3.16783	0.50816	0.03704	-1.00000	-1.00000
10778	Rosebud_Top_P	Jail_Pond	un	4722945	58	0.491264850	0.33333	0.03259	3.40968	0.47712	0.03571	-1.00000	-1.00000
10779	Rosebud_Top_P	Jail_Pond	un	4723971	278	0.245454545	0.31034	0.03040	3.16783	0.50816	0.03704	-1.00000	-1.00000
10781	Rosebud_Top_P	Jail_Pond	un	4724515	54	0.117647059	4.50000	0.46992	43.09288	0.65321	0.06122	-1.00000	-1.00000
10783	Rosebud_Top_P	Jail_Pond	un	4725259	8	1.000000000	1.92857	0.16509	22.52900	0.28524	0.01752	-1.00000	-1.00000
10789	Rosebud_Top_P	Jail_Pond	un	4727842	134	0.775295530	0.77273	0.24758	2.41181	0.11197	0.00380	-1.00000	-1.00000
10791	Rosebud_Top_P	Jail_Pond	un	4729582	106	0.000000000	351.00000	29.98258	4109.08643	2.54531	0.92593	-1.00000	-1.00000
10793	Rosebud_Top_P	Jail_Pond	un	4730321	66	0.481481481	0.44828	0.03837	5.23742	0.34845	0.02032	-1.00000	-1.00000
10807	Rosebud_Top_P	Jail_Pond	un	4735881	70	0.245098039	0.30864	0.03010	3.16484	0.51055	0.04000	-1.00000	-1.00000
10842	Rosebud_Top_P	Jail_Pond	un	4751914	18	0.467392380	2.10000	0.46151	9.55564	0.32222	0.01892	-1.00000	-1.00000
10851	Rosebud_Top_P	Jail_Pond	un	4757110	445	0.480000000	0.44444	0.03787	5.21605	0.35218	0.02211	-1.00000	-1.00000
10857	Rosebud_Top_P	Jail_Pond	un	4759634	139	0.010050659	0.10000	0.01153	0.86750	1.00000	0.15027	-1.00000	-1.00000
10859	Rosebud_Top_P	Jail_Pond	un	4761092	36	0.058985194	3.92857	1.02946	14.99207	0.59423	0.08552	-1.00000	-1.00000
10862	Rosebud_Top_P	Jail_Pond	un	4762217	312	0.500000000	0.48148	0.04113	5.63661	0.31742	0.01961	-1.00000	-1.00000
10869	Rosebud_Top_P	Jail_Pond	un	4765147	164	1.000000000	0.85185	0.05042	14.39326	0.06964	0.00024	-1.00000	-1.00000
10871	Rosebud_Top_P	Jail_Pond	un	4765834	50	0.000046796	23.40000	2.78171	196.84299	1.36922	0.30000	-1.00000	-1.00000
10885	Rosebud_Top_P	Jail_Pond	un	4772212	330	0.500000000	2.07692	0.17741	24.31412	0.31742	0.01961	-1.00000	-1.00000
10895	Rosebud_Top_P	Jail_Pond	un	4775434	139	0.236897275	0.24074	0.02521	2.29910	0.61845	0.05462	-1.00000	-1.00000
10896	Rosebud_Top_P	Jail_Pond	un	4776174	91	0.000054482	22.17647	2.66115	184.80547	1.34589	0.27273	-1.00000	-1.00000
10898	Rosebud_Top_P	Jail_Pond	un	4777807	18	0.000043173	23.62500	2.83309	197.00800	1.37337	0.29443	-1.00000	-1.00000
10906	Rosebud_Top_P	Jail_Pond	un	4780955	21	0.000000000	208.33333	20.26751	2141.49561	2.31876	0.85207	-1.00000	-1.00000
10914	Rosebud_Top_P	Jail_Pond	un	4785145	38	0.002188045	12.42857	1.46083	105.74072	1.09442	0.16667	-1.00000	-1.00000
10930	Rosebud_Top_P	Jail_Pond	un	4788312	155	0.104821803	4.83333	0.50582	46.18450	0.68425	0.06335	-1.00000	-1.00000
10935	Rosebud_Top_P	Jail_Pond	un	4791313	37	1.000000000	1.00000	0.30112	3.32095	0.00000	0.00000	-1.00000	-1.00000
10936	Rosebud_Top_P	Jail_Pond	un	4792227	89	0.500000000	2.07692	0.17741	24.31412	0.31742	0.01961	-1.00000	-1.00000
10956	Rosebud_Top_P	Jail_Pond	un	4800871	118	0.000000000	783.00000	46.62555	13149.20605	2.89376	1.00000	-1.00000	-1.00000
10958	Rosebud_Top_P	Jail_Pond	un	4802490	252	0.227113906	0.28736	0.02808	2.94037	0.54158	0.04142	-1.00000	-1.00000
10961	Rosebud_Top_P	Jail_Pond	un	4803892	99	0.003714274	0.08621	0.00999	0.74418	1.06446	0.16039	-1.00000	-1.00000
10965	Rosebud_Top_P	Jail_Pond	un	4805560	148	0.008470111	0.10053	0.01141	0.88574	0.99771	0.14773	-1.00000	-1.00000
10969	Rosebud_Top_P	Jail_Pond	un	4808054	56	0.000144217	0.05172	0.00619	0.43227	1.28631	0.24444	-1.00000	-1.00000
10985	Rosebud_Top_P	Jail_Pond	un	4820236	222	1.000000000	0.51852	0.04439	6.05718	0.28524	0.01752	-1.00000	-1.00000
10987	Rosebud_Top_P	Jail_Pond	un	4820840	8	0.054230816	3.23810	1.01975	10.28217	0.51029	0.07885	-1.00000	-1.00000
10991	Rosebud_Top_P	Jail_Pond	un	4822677	128	0.480000000	0.44444	0.03787	5.21605	0.35218	0.02211	-1.00000	-1.00000
11022	Rosebud_Top_P	Jail_Pond	un	4833471	515	1.000000000	1.92308	0.16389	22.56519	0.28400	0.01884	-1.00000	-1.00000
11023	Rosebud_Top_P	Jail_Pond	un	4833822	55	0.460213632	1.98413	0.42345	9.29679	0.29757	0.01435	-1.00000	-1.00000
11029	Rosebud_Top_P	Jail_Pond	un	4836240	92	0.004700643	0.09000	0.01032	0.78462	1.04576	0.17073	-1.00000	-1.00000
11031	Rosebud_Top_P	Jail_Pond	un	4837786	150	1.000000000	1.17391	0.06948	19.83494	0.06964	0.00024	-1.00000	-1.00000
11049	Rosebud_Top_P	Jail_Pond	un	4842381	89	0.245454545	0.31034	0.03040	3.16783	0.50816	0.03704	-1.00000	-1.00000
11056	Rosebud_Top_P	Jail_Pond	un	4844122	117	0.000000000	841.00000	50.16650	14098.67188	2.92480	1.00000	-1.00000	-1.00000
11068	Rosebud_Top_P	Jail_Pond	un	4848984	35	0.011308779	0.11111	0.01267	0.97465	0.95424	0.13043	-1.00000	-1.00000
11070	Rosebud_Top_P	Jail_Pond	un	4850741	154	0.011603269	8.82609	1.01217	76.96327	0.94577	0.12000	-1.00000	-1.00000
11096	Rosebud_Top_P	Jail_Pond	un	4860493	122	0.500000000	0.48276	0.04141	5.62819	0.31627	0.01818	-1.00000	-1.00000
11100	Rosebud_Top_P	Jail_Pond	un	4862059	113	0.000000007	73.28571	8.31773	645.70422	1.86502	0.60938	-1.00000	-1.00000
11101	Rosebud_Top_P	Jail_Pond	un	4862942	113	0.000000001	78.00000	13.07793	465.21130	1.89209	0.62051	-1.00000	-1.00000
11110	Rosebud_Top_P	Jail_Pond	un	4867045	85	0.225306122	0.28395	0.02761	2.92002	0.54676	0.04514	-1.00000	-1.00000
11114	Rosebud_Top_P	Jail_Pond	un	4868769	196	1.000000000	0.51852	0.04439	6.05718	0.28524	0.01752	-1.00000	-1.00000
11115	Rosebud_Top_P	Jail_Pond	un	4869531	73	0.039250162	6.90476	0.75044	63.53036	0.83915	0.09722	-1.00000	-1.00000
11134	Rosebud_Top_P	Jail_Pond	un	4878422	40	0.481481481	0.44828	0.03837	5.23742	0.34845	0.02032	-1.00000	-1.00000
11139	Rosebud_Top_P	Jail_Pond	un	4880241	104	0.245454545	0.31034	0.03040	3.16783	0.50816	0.03704	-1.00000	-1.00000
11143	Rosebud_Top_P	Jail_Pond	un	4882777	91	0.000396835	16.66667	1.98438	139.98189	1.22185	0.22997	-1.00000	-1.00000
11147	Rosebud_Top_P	Jail_Pond	un	4884828	498	0.617021277	0.47826	0.04043	5.65781	0.32034	0.00741	-1.00000	-1.00000
11155	Rosebud_Top_P	Jail_Pond	un	4887702	141	0.245454545	0.31034	0.03040	3.16783	0.50816	0.03704	-1.00000	-1.00000
11159	Rosebud_Top_P	Jail_Pond	un	4889981	7	0.500000000	2.07143	0.17768	24.14955	0.31627	0.01818	-1.00000	-1.00000
11165	Rosebud_Top_P	Jail_Pond	un	4893943	82	0.003714274	0.08621	0.00999	0.74418	1.06446	0.16039	-1.00000	-1.00000
11171	Rosebud_Top_P	Jail_Pond	un	4896239	15	1.000000000	1.10000	0.24241	4.99161	0.04139	0.00031	-1.00000	-1.00000
11173	Rosebud_Top_P	Jail_Pond	un	4897122	39	1.000000000	0.51852	0.04439	6.05718	0.28524	0.01752	-1.00000	-1.00000
11176	Rosebud_Top_P	Jail_Pond	un	4899677	28	0.118181818	4.46154	0.46819	42.51565	0.64948	0.05660	-1.00000	-1.00000
11201	Rosebud_Top_P	Jail_Pond	un	4911654	20	0.016354234	8.70000	0.97139	77.91955	0.93952	0.12411	-1.00000	-1.00000
11210	Rosebud_Top_P	Jail_Pond	un	4914298	204	0.000000000	783.00000	46.62555	13149.20605	2.89376	1.00000	-1.00000	-1.00000
11221	Rosebud_Top_P	Jail_Pond	un	4921487	124	0.500000000	0.48276	0.04141	5.62819	0.31627	0.01818	-1.00000	-1.00000
11231	Rosebud_Top_P	Jail_Pond	un	4925649	196	0.500000000	0.48148	0.04113	5.63661	0.31742	0.01961	-1.00000	-1.00000
11235	Rosebud_Top_P	Jail_Pond	un	4927902	230	0.117647059	4.50000	0.46992	43.09288	0.65321	0.06122	-1.00000	-1.00000
11236	Rosebud_Top_P	Jail_Pond	un	4928618	84	1.000000000	1.92857	0.16509	22.52900	0.28524	0.01752	-1.00000	-1.00000
11239	Rosebud_Top_P	Jail_Pond	un	4929672	375	1.000000000	1.78571	0.15251	20.90852	0.25181	0.01681	-1.00000	-1.00000
11242	Rosebud_Top_P	Jail_Pond	un	4930861	41	0.000221963	18.76471	2.22348	158.36180	1.27334	0.24476	-1.00000	-1.00000
11243	Rosebud_Top_P	Jail_Pond	un	4931670	39	0.500000000	0.48276	0.04141	5.62819	0.31627	0.01818	-1.00000	-1.00000
11260	Rosebud_Top_P	Jail_Pond	un	4937512	73	0.016354234	0.11494	0.01283	1.02946	0.93952	0.12411	-1.00000	-1.00000
11263	Rosebud_Top_P	Jail_Pond	un	4939835	19	1.000000000	0.51852	0.04439	6.05718	0.28524	0.01752	-1.00000	-1.00000
11268	Rosebud_Top_P	Jail_Pond	un	4941245	51	0.481481481	0.44828	0.03837	5.23742	0.34845	0.02032	-1.00000	-1.00000
11275	Rosebud_Top_P	Jail_Pond	un	4944686	122	0.208144796	0.26437	0.02576	2.71292	0.57779	0.04667	-1.00000	-1.00000
11288	Rosebud_Top_P	Jail_Pond	un	4948812	311	0.490612245	3.00000	0.29185	30.83754	0.47712	0.03846	-1.00000	-1.00000
11317	Rosebud_Top_P	Jail_Pond	un	4959544	61	0.227113906	3.48000	0.34009	35.60907	0.54158	0.04142	-1.00000	-1.00000
11319	Rosebud_Top_P	Jail_Pond	un	4960471	128	0.490612245	0.33333	0.03243	3.42639	0.47712	0.03846	-1.00000	-1.00000
11334	Rosebud_Top_P	Jail_Pond	un	4966469	104	0.039250162	0.14483	0.01574	1.33255	0.83915	0.09722	-1.00000	-1.00000
11335	Rosebud_Top_P	Jail_Pond	un	4967214	59	0.227113906	0.28736	0.02808	2.94037	0.54158	0.04142	-1.00000	-1.00000
11336	Rosebud_Top_P	Jail_Pond	un	4968004	74	0.000712996	8.68889	2.46408	30.63889	0.93896	0.23359	-1.00000	-1.00000
11353	Rosebud_Top_P	Jail_Pond	un	4972566	35	0.500000000	2.07692	0.17741	24.31412	0.31742	0.01961	-1.00000	-1.00000
11361	Rosebud_Top_P	Jail_Pond	un	4976815	97	0.480000000	2.25000	0.19172	26.40626	0.35218	0.02211	-1.00000	-1.00000
11365	Rosebud_Top_P	Jail_Pond	un	4977538	50	0.245454545	0.31034	0.03040	3.16783	0.50816	0.03704	-1.00000	-1.00000
11375	Rosebud_Top_P	Jail_Pond	un	4983157	100	0.117647059	0.22222	0.02321	2.12804	0.65321	0.06122	-1.00000	-1.00000
11376	Rosebud_Top_P	Jail_Pond	un	4983960	16	0.000000004	72.50000	8.39845	625.85938	1.86034	0.58462	-1.00000	-1.00000
11381	Rosebud_Top_P	Jail_Pond	un	4985589	86	0.000000000	135.00000	14.73692	1236.68982	2.13033	0.74286	-1.00000	-1.00000
11386	Rosebud_Top_P	Jail_Pond	un	4987183	56	0.001501515	13.73684	1.60737	117.39751	1.13789	0.18729	-1.00000	-1.00000
11391	Rosebud_Top_P	Jail_Pond	un	4989849	277	0.480000000	0.44444	0.03787	5.21605	0.35218	0.02211	-1.00000	-1.00000
11420	Rosebud_Top_P	Jail_Pond	un	5005286	12	0.500000000	0.48148	0.04113	5.63661	0.31742	0.01961	-1.00000	-1.00000
11421	Rosebud_Top_P	Jail_Pond	un	5006187	122	0.002587025	12.88889	1.48569	111.81544	1.11022	0.18148	-1.00000	-1.00000
11422	Rosebud_Top_P	Jail_Pond	un	5007076	236	0.480000000	0.44444	0.03787	5.21605	0.35218	0.02211	-1.00000	-1.00000
11429	Rosebud_Top_P	Jail_Pond	un	5009421	131	0.055746141	5.80000	0.63455	53.01424	0.76343	0.07692	-1.00000	-1.00000
11430	Rosebud_Top_P	Jail_Pond	un	5010109	31	1.000000000	0.51852	0.04439	6.05718	0.28524	0.01752	-1.00000	-1.00000
11431	Rosebud_Top_P	Jail_Pond	un	5010919	74	0.245454545	3.22222	0.31567	32.89072	0.50816	0.03704	-1.00000	-1.00000
11433	Rosebud_Top_P	Jail_Pond	un	5012060	401	1.000000000	1.92857	0.16509	22.52900	0.28524	0.01752	-1.00000	-1.00000
11436	Rosebud_Top_P	Jail_Pond	un	5013261	31	0.481481481	2.23077	0.19093	26.06312	0.34845	0.02032	-1.00000	-1.00000
11437	Rosebud_Top_P	Jail_Pond	un	5014298	236	0.002188045	0.08046	0.00946	0.68454	1.09442	0.16667	-1.00000	-1.00000
11450	Rosebud_Top_P	Jail_Pond	un	5019487	20	0.005673158	7.14286	1.71906	29.67925	0.85387	0.15630	-1.00000	-1.00000
11456	Rosebud_Top_P	Jail_Pond	un	5021351	344	1.000000000	1.92857	0.16509	22.52900	0.28524	0.01752	-1.00000	-1.00000
11464	Rosebud_Top_P	Jail_Pond	un	5025142	113	0.000105070	27.00000	3.18017	229.23271	1.43136	0.28023	-1.00000	-1.00000
11479	Rosebud_Top_P	Jail_Pond	un	5030598	70	0.245098039	3.24000	0.31597	33.22326	0.51055	0.04000	-1.00000	-1.00000
11485	Rosebud_Top_P	Jail_Pond	un	5033809	23	0.245454545	0.31034	0.03040	3.16783	0.50816	0.03704	-1.00000	-1.00000
11489	Rosebud_Top_P	Jail_Pond	un	5036424	7	0.000000000	675.00000	40.04383	11378.15820	2.82930	1.00000	-1.00000	-1.00000
11511	Rosebud_Top_P	Jail_Pond	un	5048402	433	0.481481481	0.44828	0.03837	5.23742	0.34845	0.02032	-1.00000	-1.00000
11520	Rosebud_Top_P	Jail_Pond	un	5052658	29	0.480000000	2.25000	0.19172	26.40626	0.35218	0.02211	-1.00000	-1.00000
11522	Rosebud_Top_P	Jail_Pond	un	5053750	310	0.500000000	0.48276	0.04141	5.62819	0.31627	0.01818	-1.00000	-1.00000
11523	Rosebud_Top_P	Jail_Pond	un	5054378	99	0.104821803	4.83333	0.50582	46.18450	0.68425	0.06335	-1.00000	-1.00000
11526	Rosebud_Top_P	Jail_Pond	un	5055962	143	0.011603269	0.11330	0.01299	0.98798	0.94577	0.12000	-1.00000	-1.00000
11540	Rosebud_Top_P	Jail_Pond	un	5062299	45	0.000005460	31.15385	3.70346	262.06906	1.49351	0.36842	-1.00000	-1.00000
11556	Rosebud_Top_P	Jail_Pond	un	5067748	28	0.481481481	0.44828	0.03837	5.23742	0.34845	0.02032	-1.00000	-1.00000
11572	Rosebud_Top_P	Jail_Pond	un	5073685	44	1.000000000	1.00000	0.13002	7.69086	0.00000	0.00000	-1.00000	-1.00000
11592	Rosebud_Top_P	Jail_Pond	un	5083213	6	0.000009385	0.03448	0.00411	0.28921	1.46240	0.34146	-1.00000	-1.00000
11596	Rosebud_Top_P	Jail_Pond	un	5084942	22	0.000000522	40.50000	4.83497	339.24695	1.60746	0.42664	-1.00000	-1.00000
11623	Rosebud_Top_P	Jail_Pond	un	5096845	66	0.004916860	10.80000	1.24824	93.44380	1.03342	0.15556	-1.00000	-1.00000
11624	Rosebud_Top_P	Jail_Pond	un	5097644	28	0.000000000	351.00000	29.98258	4109.08643	2.54531	0.92593	-1.00000	-1.00000
11646	Rosebud_Top_P	Jail_Pond	un	5109438	144	0.000000000	324.00000	27.60709	3802.50171	2.51055	0.92284	-1.00000	-1.00000
11649	Rosebud_Top_P	Jail_Pond	un	5111808	69	0.500000000	0.48276	0.04141	5.62819	0.31627	0.01818	-1.00000	-1.00000
11651	Rosebud_Top_P	Jail_Pond	un	5113219	98	0.000000001	105.00000	11.35756	970.71906	2.02119	0.71429	-1.00000	-1.00000
11658	Rosebud_Top_P	Jail_Pond	un	5116337	25	0.500000000	0.48148	0.04113	5.63661	0.31742	0.01961	-1.00000	-1.00000
11659	Rosebud_Top_P	Jail_Pond	un	5117163	33	0.000000000	150.00000	15.62445	1440.05042	2.17609	0.78632	-1.00000	-1.00000
11670	Rosebud_Top_P	Jail_Pond	un	5124254	80	0.055746141	5.80000	0.63455	53.01424	0.76343	0.07692	-1.00000	-1.00000
11673	Rosebud_Top_P	Jail_Pond	un	5125725	116	0.001369902	0.06996	0.00812	0.60257	1.15516	0.20635	-1.00000	-1.00000
11689	Rosebud_Top_P	Jail_Pond	un	5132062	50	1.000000000	0.51852	0.04439	6.05718	0.28524	0.01752	-1.00000	-1.00000
11693	Rosebud_Top_P	Jail_Pond	un	5135323	140	0.500000000	0.48276	0.04141	5.62819	0.31627	0.01818	-1.00000	-1.00000
11699	Rosebud_Top_P	Jail_Pond	un	5138462	128	0.025310124	0.13580	0.01519	1.21416	0.86709	0.10638	-1.00000	-1.00000
11707	Rosebud_Top_P	Jail_Pond	un	5142358	10	0.118181818	0.22414	0.02352	2.13589	0.64948	0.05660	-1.00000	-1.00000
11710	Rosebud_Top_P	Jail_Pond	un	5143242	48	0.111055145	5.43478	0.58997	50.06475	0.73518	0.08027	-1.00000	-1.00000
11714	Rosebud_Top_P	Jail_Pond	un	5145221	405	0.461538462	0.41379	0.03533	4.84665	0.38322	0.02288	-1.00000	-1.00000
11717	Rosebud_Top_P	Jail_Pond	un	5147288	11	0.117021277	0.22000	0.02284	2.11887	0.65758	0.06667	-1.00000	-1.00000
11724	Rosebud_Top_P	Jail_Pond	un	5149928	340	0.500000000	0.48276	0.04141	5.62819	0.31627	0.01818	-1.00000	-1.00000
11725	Rosebud_Top_P	Jail_Pond	un	5150490	97	1.000000000	0.51852	0.04439	6.05718	0.28524	0.01752	-1.00000	-1.00000
11739	Rosebud_Top_P	Jail_Pond	un	5154657	398	0.104821803	0.20690	0.02165	1.97698	0.68425	0.06335	-1.00000	-1.00000
11743	Rosebud_Top_P	Jail_Pond	un	5155961	78	0.000000018	67.85714	7.68150	599.43909	1.83160	0.60000	-1.00000	-1.00000
11748	Rosebud_Top_P	Jail_Pond	un	5157531	130	0.000000893	38.66667	4.59785	325.17648	1.58734	0.41420	-1.00000	-1.00000
11749	Rosebud_Top_P	Jail_Pond	un	5158382	153	0.500000000	0.48276	0.04141	5.62819	0.31627	0.01818	-1.00000	-1.00000
11750	Rosebud_Top_P	Jail_Pond	un	5159198	133	0.500000000	0.48276	0.04141	5.62819	0.31627	0.01818	-1.00000	-1.00000
11757	Rosebud_Top_P	Jail_Pond	un	5162310	57	0.000000016	65.25000	7.52132	566.06567	1.81458	0.56667	-1.00000	-1.00000
11764	Rosebud_Top_P	Jail_Pond	un	5164096	100	0.055222089	0.17037	0.01854	1.56542	0.76861	0.08333	-1.00000	-1.00000
11767	Rosebud_Top_P	Jail_Pond	un	5165581	67	0.118181818	4.46154	0.46819	42.51565	0.64948	0.05660	-1.00000	-1.00000
11772	Rosebud_Top_P	Jail_Pond	un	5168634	11	0.723711243	0.70000	0.16596	2.95256	0.15490	0.00440	-1.00000	-1.00000
11777	Rosebud_Top_P	Jail_Pond	un	5171966	98	0.000000000	841.00000	50.16650	14098.67188	2.92480	1.00000	-1.00000	-1.00000
11782	Rosebud_Top_P	Jail_Pond	un	5175195	27	0.005105438	0.09483	0.01103	0.81529	1.02307	0.14286	-1.00000	-1.00000
11789	Rosebud_Top_P	Jail_Pond	un	5177674	111	0.011308779	9.00000	1.02601	78.94656	0.95424	0.13043	-1.00000	-1.00000
11791	Rosebud_Top_P	Jail_Pond	un	5179258	42	0.000022275	0.03704	0.00436	0.31445	1.43136	0.34211	-1.00000	-1.00000
11800	Rosebud_Top_P	Jail_Pond	un	5183858	50	0.000000006	105.00000	11.35756	970.71906	2.02119	0.60606	-1.00000	-1.00000
11803	Rosebud_Top_P	Jail_Pond	un	5185398	75	0.036001467	3.33333	1.09833	10.11641	0.52288	0.08333	-1.00000	-1.00000
11808	Rosebud_Top_P	Jail_Pond	un	5186921	49	0.500000000	0.48276	0.04141	5.62819	0.31627	0.01818	-1.00000	-1.00000
11809	Rosebud_Top_P	Jail_Pond	un	5187863	164	0.461538462	2.41667	0.20633	28.30581	0.38322	0.02288	-1.00000	-1.00000
11811	Rosebud_Top_P	Jail_Pond	un	5188820	318	0.500000000	2.08333	0.17711	24.50678	0.31876	0.02128	-1.00000	-1.00000
11815	Rosebud_Top_P	Jail_Pond	un	5190959	105	1.000000000	1.07843	0.35128	3.31079	0.03279	0.00033	-1.00000	-1.00000
11835	Rosebud_Top_P	Jail_Pond	un	5195382	14	0.025310124	0.13580	0.01519	1.21416	0.86709	0.10638	-1.00000	-1.00000
11855	Rosebud_Top_P	Jail_Pond	un	5204215	9	0.117647059	4.50000	0.46992	43.09288	0.65321	0.06122	-1.00000	-1.00000
11865	Rosebud_Top_P	Jail_Pond	un	5206789	111	0.117647059	0.22222	0.02321	2.12804	0.65321	0.06122	-1.00000	-1.00000
11872	Rosebud_Top_P	Jail_Pond	un	5209957	132	0.076562692	0.20455	0.03850	1.08663	0.68921	0.07853	-1.00000	-1.00000
11876	Rosebud_Top_P	Jail_Pond	un	5211450	14	0.000355389	18.12500	2.12319	154.72722	1.25828	0.24419	-1.00000	-1.00000
11880	Rosebud_Top_P	Jail_Pond	un	5213997	149	0.112015456	5.40000	0.58948	49.46759	0.73239	0.07429	-1.00000	-1.00000
11887	Rosebud_Top_P	Jail_Pond	un	5218973	75	0.500000000	2.07143	0.17768	24.14955	0.31627	0.01818	-1.00000	-1.00000
11897	Rosebud_Top_P	Jail_Pond	un	5223584	83	0.000000035	60.75000	6.98673	528.22418	1.78355	0.55808	-1.00000	-1.00000
11901	Rosebud_Top_P	Jail_Pond	un	5225909	16	0.461538462	0.41379	0.03533	4.84665	0.38322	0.02288	-1.00000	-1.00000
11904	Rosebud_Top_P	Jail_Pond	un	5228388	71	0.104821803	0.20690	0.02165	1.97698	0.68425	0.06335	-1.00000	-1.00000
11909	Rosebud_Top_P	Jail_Pond	un	5230865	59	1.000000000	0.56522	0.04804	6.65021	0.24778	0.00405	-1.00000	-1.00000
11926	Rosebud_Top_P	Jail_Pond	un	5237514	253	1.000000000	1.92308	0.16389	22.56519	0.28400	0.01884	-1.00000	-1.00000
11935	Rosebud_Top_P	Jail_Pond	un	5243910	467	0.481481481	2.23077	0.19093	26.06312	0.34845	0.02032	-1.00000	-1.00000
11943	Rosebud_Top_P	Jail_Pond	un	5247318	60	0.000368554	16.78947	2.00057	140.90321	1.22504	0.21739	-1.00000	-1.00000
11948	Rosebud_Top_P	Jail_Pond	un	5250440	24	0.461538462	0.41379	0.03533	4.84665	0.38322	0.02288	-1.00000	-1.00000
11956	Rosebud_Top_P	Jail_Pond	un	5254947	504	0.481481481	0.44828	0.03837	5.23742	0.34845	0.02032	-1.00000	-1.00000
11962	Rosebud_Top_P	Jail_Pond	un	5257017	126	0.481481481	2.23077	0.19093	26.06312	0.34845	0.02032	-1.00000	-1.00000
11974	Rosebud_Top_P	Jail_Pond	un	5261238	155	0.500000000	2.07692	0.17741	24.31412	0.31742	0.01961	-1.00000	-1.00000
11977	Rosebud_Top_P	Jail_Pond	un	5263131	52	0.500000000	2.07143	0.17768	24.14955	0.31627	0.01818	-1.00000	-1.00000
11979	Rosebud_Top_P	Jail_Pond	un	5264726	76	0.055222089	5.86957	0.63881	53.93145	0.76861	0.08333	-1.00000	-1.00000
11984	Rosebud_Top_P	Jail_Pond	un	5266552	261	0.244680851	3.26087	0.31632	33.61525	0.51333	0.04348	-1.00000	-1.00000
11986	Rosebud_Top_P	Jail_Pond	un	5267973	85	0.055746141	5.80000	0.63455	53.01424	0.76343	0.07692	-1.00000	-1.00000
11987	Rosebud_Top_P	Jail_Pond	un	5268800	51	0.227113906	0.28736	0.02808	2.94037	0.54158	0.04142	-1.00000	-1.00000
11993	Rosebud_Top_P	Jail_Pond	un	5271236	57	0.000221963	0.05329	0.00631	0.44975	1.27334	0.24476	-1.00000	-1.00000
11997	Rosebud_Top_P	Jail_Pond	un	5273673	114	0.491264850	3.00000	0.29328	30.68711	0.47712	0.03571	-1.00000	-1.00000
12004	Rosebud_Top_P	Jail_Pond	un	5276960	76	0.500000000	0.48276	0.04141	5.62819	0.31627	0.01818	-1.00000	-1.00000
12016	Rosebud_Top_P	Jail_Pond	un	5283573	66	0.000020450	33.33333	3.94401	281.72150	1.52288	0.32876	-1.00000	-1.00000
12017	Rosebud_Top_P	Jail_Pond	un	5284353	48	0.245454545	3.22222	0.31567	32.89072	0.50816	0.03704	-1.00000	-1.00000
12019	Rosebud_Top_P	Jail_Pond	un	5285204	73	0.000007034	31.50000	3.70715	267.65814	1.49831	0.38063	-1.00000	-1.00000
12030	Rosebud_Top_P	Jail_Pond	un	5289345	61	0.245098039	3.24000	0.31597	33.22326	0.51055	0.04000	-1.00000	-1.00000
12031	Rosebud_Top_P	Jail_Pond	un	5290074	37	0.000063808	13.93333	3.66232	53.00947	1.14406	0.33189	-1.00000	-1.00000
12036	Rosebud_Top_P	Jail_Pond	un	5292332	45	0.010050659	10.00000	1.15273	86.75040	1.00000	0.15027	-1.00000	-1.00000
12044	Rosebud_Top_P	Jail_Pond	un	5294866	83	0.104821803	4.83333	0.50582	46.18450	0.68425	0.06335	-1.00000	-1.00000
12048	Rosebud_Top_P	Jail_Pond	un	5297196	7	0.118181818	4.46154	0.46819	42.51565	0.64948	0.05660	-1.00000	-1.00000
12057	Rosebud_Top_P	Jail_Pond	un	5300664	298	0.481481481	0.44828	0.03837	5.23742	0.34845	0.02032	-1.00000	-1.00000
12060	Rosebud_Top_P	Jail_Pond	un	5303233	222	0.245454545	3.22222	0.31567	32.89072	0.50816	0.03704	-1.00000	-1.00000
12066	Rosebud_Top_P	Jail_Pond	un	5305324	53	0.260410898	0.46667	0.15142	1.43819	0.33099	0.03310	-1.00000	-1.00000
12068	Rosebud_Top_P	Jail_Pond	un	5306113	67	0.000000000	106.33334	11.91992	948.56152	2.02667	0.68531	-1.00000	-1.00000
12073	Rosebud_Top_P	Jail_Pond	un	5307651	131	0.000000000	324.00000	27.60709	3802.50171	2.51055	0.92284	-1.00000	-1.00000
12080	Rosebud_Top_P	Jail_Pond	un	5312441	218	0.461538462	2.41667	0.20633	28.30581	0.38322	0.02288	-1.00000	-1.00000
12083	Rosebud_Top_P	Jail_Pond	un	5314280	437	0.500000000	2.07143	0.17768	24.14955	0.31627	0.01818	-1.00000	-1.00000
12089	Rosebud_Top_P	Jail_Pond	un	5316305	49	0.039250162	6.90476	0.75044	63.53036	0.83915	0.09722	-1.00000	-1.00000
12094	Rosebud_Top_P	Jail_Pond	un	5318688	369	0.047272578	6.30435	0.68765	57.79831	0.79964	0.08615	-1.00000	-1.00000
12101	Rosebud_Top_P	Jail_Pond	un	5322673	120	0.118181818	0.22414	0.02352	2.13589	0.64948	0.05660	-1.00000	-1.00000
12107	Rosebud_Top_P	Jail_Pond	un	5326581	111	0.039250162	6.90476	0.75044	63.53036	0.83915	0.09722	-1.00000	-1.00000
12118	Rosebud_Top_P	Jail_Pond	un	5332303	128	0.481481481	0.44828	0.03837	5.23742	0.34845	0.02032	-1.00000	-1.00000
12120	Rosebud_Top_P	Jail_Pond	un	5333063	49	1.000000000	1.00000	0.05920	16.89051	0.00000	0.00000	-1.00000	-1.00000
12125	Rosebud_Top_P	Jail_Pond	un	5335545	154	0.500000000	0.48276	0.04141	5.62819	0.31627	0.01818	-1.00000	-1.00000
12130	Rosebud_Top_P	Jail_Pond	un	5337969	122	0.000000000	133.39999	14.55060	1223.01221	2.12516	0.74038	-1.00000	-1.00000
12149	Rosebud_Top_P	Jail_Pond	un	5348461	106	0.000081590	29.54545	3.42761	254.67741	1.47049	0.31350	-1.00000	-1.00000
12151	Rosebud_Top_P	Jail_Pond	un	5350302	333	0.461538462	0.41379	0.03533	4.84665	0.38322	0.02288	-1.00000	-1.00000
12169	Rosebud_Top_P	Jail_Pond	un	5359695	32	0.232546798	0.44974	0.12674	1.59588	0.34704	0.03008	-1.00000	-1.00000
12175	Rosebud_Top_P	Jail_Pond	un	5363615	54	0.011603269	0.11330	0.01299	0.98798	0.94577	0.12000	-1.00000	-1.00000
12177	Rosebud_Top_P	Jail_Pond	un	5365251	34	0.000000000	377.00000	32.26782	4404.66650	2.57634	0.92838	-1.00000	-1.00000
12186	Rosebud_Top_P	Jail_Pond	un	5369253	12	0.500000000	0.48276	0.04141	5.62819	0.31627	0.01818	-1.00000	-1.00000
12192	Rosebud_Top_P	Jail_Pond	un	5372459	75	0.618181818	2.07692	0.17741	24.31412	0.31742	0.00629	-1.00000	-1.00000
12207	Rosebud_Top_P	Jail_Pond	un	5380244	266	0.245098039	3.24000	0.31597	33.22326	0.51055	0.04000	-1.00000	-1.00000
12208	Rosebud_Top_P	Jail_Pond	un	5380770	17	0.091583710	5.27273	0.55003	50.54564	0.72204	0.07143	-1.00000	-1.00000
12211	Rosebud_Top_P	Jail_Pond	un	5383394	210	0.500000000	2.07143	0.17768	24.14955	0.31627	0.01818	-1.00000	-1.00000
12212	Rosebud_Top_P	Jail_Pond	un	5383863	27	0.245098039	3.24000	0.31597	33.22326	0.51055	0.04000	-1.00000	-1.00000
12215	Rosebud_Top_P	Jail_Pond	un	5385114	397	1.000000000	1.92857	0.16509	22.52900	0.28524	0.01752	-1.00000	-1.00000
12233	Rosebud_Top_P	Jail_Pond	un	5390017	72	0.051876516	0.14815	0.01663	1.32015	0.82930	0.09475	-1.00000	-1.00000
12235	Rosebud_Top_P	Jail_Pond	un	5391570	82	0.008914258	0.10345	0.01182	0.90538	0.98528	0.13462	-1.00000	-1.00000
12250	Rosebud_Top_P	Jail_Pond	un	5397848	15	0.490612245	0.33333	0.03243	3.42639	0.47712	0.03846	-1.00000	-1.00000
12255	Rosebud_Top_P	Jail_Pond	un	5401275	344	0.117647059	4.50000	0.46992	43.09288	0.65321	0.06122	-1.00000	-1.00000
12257	Rosebud_Top_P	Jail_Pond	un	5401694	32	0.000000307	33.00000	7.34985	148.16621	1.51851	0.49463	-1.00000	-1.00000
12263	Rosebud_Top_P	Jail_Pond	un	5404536	344	0.000000000	241.66667	23.61758	2472.85181	2.38322	0.86154	-1.00000	-1.00000
12267	Rosebud_Top_P	Jail_Pond	un	5406672	105	0.001369902	0.06996	0.00812	0.60257	1.15516	0.20635	-1.00000	-1.00000
12272	Rosebud_Top_P	Jail_Pond	un	5408564	298	0.104821803	0.20690	0.02165	1.97698	0.68425	0.06335	-1.00000	-1.00000
12275	Rosebud_Top_P	Jail_Pond	un	5410106	327	0.091583710	0.18966	0.01978	1.81808	0.72204	0.07143	-1.00000	-1.00000
12283	Rosebud_Top_P	Jail_Pond	un	5412185	10	0.114880414	0.20000	0.02178	1.83684	0.69897	0.07143	-1.00000	-1.00000
12289	Rosebud_Top_P	Jail_Pond	un	5416074	12	0.500000000	0.48276	0.04141	5.62819	0.31627	0.01818	-1.00000	-1.00000
12292	Rosebud_Top_P	Jail_Pond	un	5418700	320	0.481481481	2.23077	0.19093	26.06312	0.34845	0.02032	-1.00000	-1.00000
12310	Rosebud_Top_P	Jail_Pond	un	5426954	22	0.481481481	2.23077	0.19093	26.06312	0.34845	0.02032	-1.00000	-1.00000
12321	Rosebud_Top_P	Jail_Pond	un	5434229	135	1.000000000	0.51852	0.04439	6.05718	0.28524	0.01752	-1.00000	-1.00000
12325	Rosebud_Top_P	Jail_Pond	un	5436712	117	0.000000000	162.00000	16.91695	1551.34375	2.20952	0.79310	-1.00000	-1.00000
12328	Rosebud_Top_P	Jail_Pond	un	5438262	19	0.005105438	10.54545	1.22656	90.66576	1.02307	0.14286	-1.00000	-1.00000
12337	Rosebud_Top_P	Jail_Pond	un	5442322	98	0.091583710	0.18966	0.01978	1.81808	0.72204	0.07143	-1.00000	-1.00000
12348	Rosebud_Top_P	Jail_Pond	un	5445416	23	0.500000000	0.48276	0.04141	5.62819	0.31627	0.01818	-1.00000	-1.00000
12353	Rosebud_Top_P	Jail_Pond	un	5449240	378	1.000000000	0.52000	0.04432	6.10163	0.28400	0.01884	-1.00000	-1.00000
12356	Rosebud_Top_P	Jail_Pond	un	5450484	70	0.001501515	0.07280	0.00852	0.62214	1.13789	0.18729	-1.00000	-1.00000
12367	Rosebud_Top_P	Jail_Pond	un	5454537	138	0.227113906	3.48000	0.34009	35.60907	0.54158	0.04142	-1.00000	-1.00000
12369	Rosebud_Top_P	Jail_Pond	un	5456143	394	0.461538462	0.41379	0.03533	4.84665	0.38322	0.02288	-1.00000	-1.00000
12370	Rosebud_Top_P	Jail_Pond	un	5456580	47	0.245454545	0.31034	0.03040	3.16783	0.50816	0.03704	-1.00000	-1.00000
12371	Rosebud_Top_P	Jail_Pond	un	5457441	81	0.000000000	378.00000	32.35829	4415.68408	2.57749	0.92857	-1.00000	-1.00000
12399	Rosebud_Top_P	Jail_Pond	un	5469613	14	0.000000000	222.33333	21.66588	2281.56470	2.34700	0.85556	-1.00000	-1.00000
12405	Rosebud_Top_P	Jail_Pond	un	5472236	99	1.000000000	1.92857	0.16509	22.52900	0.28524	0.01752	-1.00000	-1.00000
12407	Rosebud_Top_P	Jail_Pond	un	5472945	27	0.493212670	2.77778	0.27089	28.48358	0.44370	0.03429	-1.00000	-1.00000
12412	Rosebud_Top_P	Jail_Pond	un	5474676	104	0.000046796	23.40000	2.78171	196.84299	1.36922	0.30000	-1.00000	-1.00000
12415	Rosebud_Top_P	Jail_Pond	un	5475481	76	0.000000292	46.40000	5.43537	396.10168	1.66652	0.47297	-1.00000	-1.00000
12418	Rosebud_Top_P	Jail_Pond	un	5476334	100	1.000000000	0.51852	0.04439	6.05718	0.28524	0.01752	-1.00000	-1.00000
12437	Rosebud_Top_P	Jail_Pond	un	5486065	38	0.481481481	0.44828	0.03837	5.23742	0.34845	0.02032	-1.00000	-1.00000
12444	Rosebud_Top_P	Jail_Pond	un	5489326	121	1.000000000	0.86538	0.30149	2.48398	0.06279	0.00129	-1.00000	-1.00000
12449	Rosebud_Top_P	Jail_Pond	un	5492478	14	0.118181818	4.46154	0.46819	42.51565	0.64948	0.05660	-1.00000	-1.00000
12451	Rosebud_Top_P	Jail_Pond	un	5494167	111	0.000000000	162.00000	16.91695	1551.34375	2.20952	0.79310	-1.00000	-1.00000
12452	Rosebud_Top_P	Jail_Pond	un	5494708	49	0.000037531	16.66667	3.84045	72.32944	1.22185	0.33554	-1.00000	-1.00000
12454	Rosebud_Top_P	Jail_Pond	un	5495684	224	1.000000000	1.78571	0.15251	20.90852	0.25181	0.01681	-1.00000	-1.00000
12458	Rosebud_Top_P	Jail_Pond	un	5497200	58	0.360144058	0.30667	0.02975	3.16133	0.51333	0.02083	-1.00000	-1.00000
12461	Rosebud_Top_P	Jail_Pond	un	5498782	73	0.245454545	3.22222	0.31567	32.89072	0.50816	0.03704	-1.00000	-1.00000
12469	Rosebud_Top_P	Jail_Pond	un	5500327	74	0.000335760	17.47059	2.06538	147.77966	1.24231	0.23810	-1.00000	-1.00000
12470	Rosebud_Top_P	Jail_Pond	un	5501183	135	0.025116561	0.13143	0.01500	1.15167	0.88131	0.11180	-1.00000	-1.00000
12483	Rosebud_Top_P	Jail_Pond	un	5508078	11	0.047272578	6.30435	0.68765	57.79831	0.79964	0.08615	-1.00000	-1.00000
12485	Rosebud_Top_P	Jail_Pond	un	5509808	70	1.000000000	0.56000	0.04783	6.55691	0.25181	0.01681	-1.00000	-1.00000
12491	Rosebud_Top_P	Jail_Pond	un	5513015	51	0.245454545	0.31034	0.03040	3.16783	0.50816	0.03704	-1.00000	-1.00000
12495	Rosebud_Top_P	Jail_Pond	un	5514861	145	0.117647059	4.50000	0.46992	43.09288	0.65321	0.06122	-1.00000	-1.00000
12502	Rosebud_Top_P	Jail_Pond	un	5518070	37	0.500000000	0.48276	0.04141	5.62819	0.31627	0.01818	-1.00000	-1.00000
12505	Rosebud_Top_P	Jail_Pond	un	5519662	75	0.500000000	2.07143	0.17768	24.14955	0.31627	0.01818	-1.00000	-1.00000
12508	Rosebud_Top_P	Jail_Pond	un	5521244	128	0.500000000	2.07143	0.17768	24.14955	0.31627	0.01818	-1.00000	-1.00000
12519	Rosebud_Top_P	Jail_Pond	un	5526467	153	0.000001196	40.00000	4.66259	343.15671	1.60206	0.45455	-1.00000	-1.00000
12547	Rosebud_Top_P	Jail_Pond	un	5535183	204	0.481481481	2.23077	0.19093	26.06312	0.34845	0.02032	-1.00000	-1.00000
12549	Rosebud_Top_P	Jail_Pond	un	5536045	249	0.480000000	0.44444	0.03787	5.21605	0.35218	0.02211	-1.00000	-1.00000
12551	Rosebud_Top_P	Jail_Pond	un	5537613	124	0.000000000	159.50000	16.63843	1529.00562	2.20276	0.79032	-1.00000	-1.00000
12553	Rosebud_Top_P	Jail_Pond	un	5539203	109	0.227113906	3.48000	0.34009	35.60907	0.54158	0.04142	-1.00000	-1.00000
12555	Rosebud_Top_P	Jail_Pond	un	5540777	89	0.000977321	15.35294	1.78655	131.93742	1.18619	0.21212	-1.00000	-1.00000
12557	Rosebud_Top_P	Jail_Pond	un	5542331	53	0.005107483	10.71429	1.25313	91.60759	1.02996	0.15584	-1.00000	-1.00000
12569	Rosebud_Top_P	Jail_Pond	un	5547926	76	0.000000062	50.09091	5.96864	420.38062	1.69976	0.47368	-1.00000	-1.00000
12578	Rosebud_Top_P	Jail_Pond	un	5551298	251	0.245454545	3.22222	0.31567	32.89072	0.50816	0.03704	-1.00000	-1.00000
12579	Rosebud_Top_P	Jail_Pond	un	5552168	290	1.000000000	0.92593	0.05493	15.60790	0.03342	0.00005	-1.00000	-1.00000
12581	Rosebud_Top_P	Jail_Pond	un	5553286	72	0.245454545	0.31034	0.03040	3.16783	0.50816	0.03704	-1.00000	-1.00000
12593	Rosebud_Top_P	Jail_Pond	un	5557998	9	0.000000000	378.00000	32.35829	4415.68408	2.57749	0.92857	-1.00000	-1.00000
12594	Rosebud_Top_P	Jail_Pond	un	5559006	154	0.000000001	78.00000	13.07793	465.21130	1.89209	0.62051	-1.00000	-1.00000
12603	Rosebud_Top_P	Jail_Pond	un	5561989	44	0.227113906	3.48000	0.34009	35.60907	0.54158	0.04142	-1.00000	-1.00000
12604	Rosebud_Top_P	Jail_Pond	un	5562834	113	0.481481481	0.44828	0.03837	5.23742	0.34845	0.02032	-1.00000	-1.00000
12612	Rosebud_Top_P	Jail_Pond	un	5565316	54	0.000000149	51.00000	5.92112	439.27515	1.70757	0.50980	-1.00000	-1.00000
12613	Rosebud_Top_P	Jail_Pond	un	5566164	18	0.010968168	9.21053	1.04264	81.36432	0.96428	0.14286	-1.00000	-1.00000
12614	Rosebud_Top_P	Jail_Pond	un	5567037	65	0.534329553	1.80000	0.52109	6.21770	0.25527	0.01818	-1.00000	-1.00000
12637	Rosebud_Top_P	Jail_Pond	un	5576436	63	0.259118541	0.35000	0.06135	1.99666	0.45593	0.02857	-1.00000	-1.00000
12650	Rosebud_Top_P	Jail_Pond	un	5579723	181	1.000000000	1.92857	0.16509	22.52900	0.28524	0.01752	-1.00000	-1.00000
12653	Rosebud_Top_P	Jail_Pond	un	5581139	14	0.000465738	10.00000	2.61084	38.30188	1.00000	0.24915	-1.00000	-1.00000
12656	Rosebud_Top_P	Jail_Pond	un	5581915	9	0.117647059	4.50000	0.46992	43.09288	0.65321	0.06122	-1.00000	-1.00000
12658	Rosebud_Top_P	Jail_Pond	un	5582737	85	0.047272578	6.30435	0.68765	57.79831	0.79964	0.08615	-1.00000	-1.00000
12661	Rosebud_Top_P	Jail_Pond	un	5584439	122	0.000000068	73.28571	8.31773	645.70422	1.86502	0.51720	-1.00000	-1.00000
12667	Rosebud_Top_P	Jail_Pond	un	5586786	90	0.000002290	32.57143	6.05342	175.25595	1.51284	0.44393	-1.00000	-1.00000
12683	Rosebud_Top_P	Jail_Pond	un	5594190	256	0.481481481	0.44828	0.03837	5.23742	0.34845	0.02032	-1.00000	-1.00000
12687	Rosebud_Top_P	Jail_Pond	un	5595853	6	0.201543739	4.50000	0.46992	43.09288	0.65321	0.03529	-1.00000	-1.00000
12690	Rosebud_Top_P	Jail_Pond	un	5597588	56	0.051876516	0.14815	0.01663	1.32015	0.82930	0.09475	-1.00000	-1.00000
12704	Rosebud_Top_P	Jail_Pond	un	5605214	137	0.008914258	0.10345	0.01182	0.90538	0.98528	0.13462	-1.00000	-1.00000
12717	Rosebud_Top_P	Jail_Pond	un	5611086	387	0.500000000	0.48276	0.04141	5.62819	0.31627	0.01818	-1.00000	-1.00000
12724	Rosebud_Top_P	Jail_Pond	un	5615040	335	0.020060790	0.12346	0.01375	1.10819	0.90848	0.12037	-1.00000	-1.00000
12727	Rosebud_Top_P	Jail_Pond	un	5615526	226	1.000000000	0.51852	0.04439	6.05718	0.28524	0.01752	-1.00000	-1.00000
12737	Rosebud_Top_P	Jail_Pond	un	5621086	342	0.500000000	2.07143	0.17768	24.14955	0.31627	0.01818	-1.00000	-1.00000
12741	Rosebud_Top_P	Jail_Pond	un	5621560	16	0.583502436	1.40000	0.45778	4.28156	0.14613	0.00698	-1.00000	-1.00000
12742	Rosebud_Top_P	Jail_Pond	un	5622404	56	0.000000000	841.00000	50.16650	14098.67188	2.92480	1.00000	-1.00000	-1.00000
12747	Rosebud_Top_P	Jail_Pond	un	5625725	8	0.000000000	575.00000	33.96244	9735.01758	2.75967	0.84616	-1.00000	-1.00000
12752	Rosebud_Top_P	Jail_Pond	un	5629699	8	0.000335760	17.47059	2.06538	147.77966	1.24231	0.23810	-1.00000	-1.00000
12759	Rosebud_Top_P	Jail_Pond	un	5633877	208	1.000000000	0.51852	0.04439	6.05718	0.28524	0.01752	-1.00000	-1.00000
12761	Rosebud_Top_P	Jail_Pond	un	5635253	26	0.227113906	3.48000	0.34009	35.60907	0.54158	0.04142	-1.00000	-1.00000
12769	Rosebud_Top_P	Jail_Pond	un	5640079	13	0.500000000	0.48276	0.04141	5.62819	0.31627	0.01818	-1.00000	-1.00000
12776	Rosebud_Top_P	Jail_Pond	un	5641783	93	0.500000000	0.48276	0.04141	5.62819	0.31627	0.01818	-1.00000	-1.00000
12777	Rosebud_Top_P	Jail_Pond	un	5642769	277	0.481481481	2.23077	0.19093	26.06312	0.34845	0.02032	-1.00000	-1.00000
12782	Rosebud_Top_P	Jail_Pond	un	5646603	8	1.000000000	0.52000	0.04432	6.10163	0.28400	0.01884	-1.00000	-1.00000
12786	Rosebud_Top_P	Jail_Pond	un	5648653	368	0.039250162	6.90476	0.75044	63.53036	0.83915	0.09722	-1.00000	-1.00000
12791	Rosebud_Top_P	Jail_Pond	un	5651947	253	0.480000000	2.25000	0.19172	26.40626	0.35218	0.02211	-1.00000	-1.00000
12795	Rosebud_Top_P	Jail_Pond	un	5654309	21	0.000160510	0.05231	0.00625	0.43808	1.28143	0.25714	-1.00000	-1.00000
12800	Rosebud_Top_P	Jail_Pond	un	5655371	285	0.617021277	2.09091	0.17675	24.73540	0.32034	0.00741	-1.00000	-1.00000
12802	Rosebud_Top_P	Jail_Pond	un	5656015	118	0.008914258	9.66667	1.10451	84.60300	0.98528	0.13462	-1.00000	-1.00000
12816	Rosebud_Top_P	Jail_Pond	un	5660845	64	0.227113906	3.48000	0.34009	35.60907	0.54158	0.04142	-1.00000	-1.00000
12818	Rosebud_Top_P	Jail_Pond	un	5662322	101	0.324214609	0.25926	0.02513	2.67521	0.58627	0.02790	-1.00000	-1.00000
12834	Rosebud_Top_P	Jail_Pond	un	5671870	23	0.051107251	6.81818	0.76063	61.11749	0.83367	0.10256	-1.00000	-1.00000
12836	Rosebud_Top_P	Jail_Pond	un	5672982	343	0.461538462	0.41379	0.03533	4.84665	0.38322	0.02288	-1.00000	-1.00000
12843	Rosebud_Top_P	Jail_Pond	un	5674256	36	0.000004805	18.00000	4.61548	70.19852	1.25527	0.37290	-1.00000	-1.00000
12851	Rosebud_Top_P	Jail_Pond	un	5676705	95	0.047272578	6.30435	0.68765	57.79831	0.79964	0.08615	-1.00000	-1.00000
12855	Rosebud_Top_P	Jail_Pond	un	5679958	25	0.500000000	0.48276	0.04141	5.62819	0.31627	0.01818	-1.00000	-1.00000
12859	Rosebud_Top_P	Jail_Pond	un	5681723	205	0.500000000	2.07143	0.17768	24.14955	0.31627	0.01818	-1.00000	-1.00000
12866	Rosebud_Top_P	Jail_Pond	un	5684920	110	0.000016379	27.00000	3.21179	226.97647	1.43136	0.33333	-1.00000	-1.00000
12868	Rosebud_Top_P	Jail_Pond	un	5686702	171	0.500000000	0.48000	0.04081	5.64636	0.31876	0.02128	-1.00000	-1.00000
12873	Rosebud_Top_P	Jail_Pond	un	5689896	103	1.000000000	0.56000	0.04783	6.55691	0.25181	0.01681	-1.00000	-1.00000
12888	Rosebud_Top_P	Jail_Pond	un	5693776	13	0.000020409	34.09091	3.99134	291.17758	1.53264	0.34028	-1.00000	-1.00000
12891	Rosebud_Top_P	Jail_Pond	un	5696128	304	0.461538462	0.41379	0.03533	4.84665	0.38322	0.02288	-1.00000	-1.00000
12894	Rosebud_Top_P	Jail_Pond	un	5696674	29	0.104821803	4.83333	0.50582	46.18450	0.68425	0.06335	-1.00000	-1.00000
12896	Rosebud_Top_P	Jail_Pond	un	5697648	101	0.020799934	7.90909	0.88661	70.55416	0.89813	0.10989	-1.00000	-1.00000
12901	Rosebud_Top_P	Jail_Pond	un	5699331	137	1.000000000	0.51852	0.04439	6.05718	0.28524	0.01752	-1.00000	-1.00000
12904	Rosebud_Top_P	Jail_Pond	un	5700767	20	0.461538462	0.41379	0.03533	4.84665	0.38322	0.02288	-1.00000	-1.00000
12925	Rosebud_Top_P	Jail_Pond	un	5708733	122	0.117647059	0.22222	0.02321	2.12804	0.65321	0.06122	-1.00000	-1.00000
12931	Rosebud_Top_P	Jail_Pond	un	5710363	109	0.208144796	3.78261	0.36861	38.81679	0.57779	0.04667	-1.00000	-1.00000
12934	Rosebud_Top_P	Jail_Pond	un	5712770	12	0.101180734	2.88000	0.95353	8.69858	0.45939	0.06669	-1.00000	-1.00000
12944	Rosebud_Top_P	Jail_Pond	un	5718452	36	0.181502388	0.20000	0.02069	1.93368	0.69897	0.04558	-1.00000	-1.00000
12952	Rosebud_Top_P	Jail_Pond	un	5722672	151	0.225306122	3.52174	0.34246	36.21597	0.54676	0.04514	-1.00000	-1.00000
12953	Rosebud_Top_P	Jail_Pond	un	5723429	83	0.245098039	3.24000	0.31597	33.22326	0.51055	0.04000	-1.00000	-1.00000
12970	Rosebud_Top_P	Jail_Pond	un	5731339	31	0.245454545	3.22222	0.31567	32.89072	0.50816	0.03704	-1.00000	-1.00000
12971	Rosebud_Top_P	Jail_Pond	un	5732162	47	0.000000016	65.25000	7.52132	566.06567	1.81458	0.56667	-1.00000	-1.00000
12973	Rosebud_Top_P	Jail_Pond	un	5733801	65	0.000000252	44.81818	5.31062	378.23602	1.65145	0.45344	-1.00000	-1.00000
13002	Rosebud_Top_P	Jail_Pond	un	5746015	141	0.481481481	2.23077	0.19093	26.06312	0.34845	0.02032	-1.00000	-1.00000
13005	Rosebud_Top_P	Jail_Pond	un	5746799	142	0.055746141	0.17241	0.01886	1.57593	0.76343	0.07692	-1.00000	-1.00000
13010	Rosebud_Top_P	Jail_Pond	un	5749196	25	0.245454545	0.31034	0.03040	3.16783	0.50816	0.03704	-1.00000	-1.00000
13022	Rosebud_Top_P	Jail_Pond	un	5755197	16	0.054609929	0.16800	0.01817	1.55315	0.77469	0.09091	-1.00000	-1.00000
13026	Rosebud_Top_P	Jail_Pond	un	5757468	55	0.002188045	0.08046	0.00946	0.68454	1.09442	0.16667	-1.00000	-1.00000
13028	Rosebud_Top_P	Jail_Pond	un	5759109	49	0.000355389	0.05517	0.00646	0.47099	1.25828	0.24419	-1.00000	-1.00000
13032	Rosebud_Top_P	Jail_Pond	un	5760803	35	0.039250162	0.14483	0.01574	1.33255	0.83915	0.09722	-1.00000	-1.00000
13037	Rosebud_Top_P	Jail_Pond	un	5764983	110	0.055746141	5.80000	0.63455	53.01424	0.76343	0.07692	-1.00000	-1.00000
13047	Rosebud_Top_P	Jail_Pond	un	5769554	96	0.104821803	4.83333	0.50582	46.18450	0.68425	0.06335	-1.00000	-1.00000
13050	Rosebud_Top_P	Jail_Pond	un	5771163	100	0.055746141	0.17241	0.01886	1.57593	0.76343	0.07692	-1.00000	-1.00000
13055	Rosebud_Top_P	Jail_Pond	un	5774446	133	0.044893600	0.20000	0.04668	0.85693	0.69897	0.10045	-1.00000	-1.00000
13056	Rosebud_Top_P	Jail_Pond	un	5775314	205	0.500000000	2.07143	0.17768	24.14955	0.31627	0.01818	-1.00000	-1.00000
13060	Rosebud_Top_P	Jail_Pond	un	5776736	10	0.227113906	3.48000	0.34009	35.60907	0.54158	0.04142	-1.00000	-1.00000
13062	Rosebud_Top_P	Jail_Pond	un	5778432	24	0.003465046	12.00000	1.38010	104.34058	1.07918	0.17636	-1.00000	-1.00000
13072	Rosebud_Top_P	Jail_Pond	un	5782461	31	0.068711763	3.55385	1.00471	12.57057	0.55070	0.08118	-1.00000	-1.00000
13084	Rosebud_Top_P	Jail_Pond	un	5787534	304	0.500000000	2.07692	0.17741	24.31412	0.31742	0.01961	-1.00000	-1.00000
13091	Rosebud_Top_P	Jail_Pond	un	5789783	52	0.000003931	33.83333	3.99090	286.82590	1.52934	0.38889	-1.00000	-1.00000
13101	Rosebud_Top_P	Jail_Pond	un	5794552	23	0.000000009	67.50000	7.80148	584.02374	1.82930	0.57576	-1.00000	-1.00000
13107	Rosebud_Top_P	Jail_Pond	un	5797728	33	0.000144217	19.33333	2.31339	161.57144	1.28631	0.24444	-1.00000	-1.00000
13132	Rosebud_Top_P	Jail_Pond	un	5808998	170	0.480000000	2.25000	0.19172	26.40626	0.35218	0.02211	-1.00000	-1.00000
13140	Rosebud_Top_P	Jail_Pond	un	5811352	84	0.000116847	0.04843	0.00580	0.40455	1.31486	0.26531	-1.00000	-1.00000
13143	Rosebud_Top_P	Jail_Pond	un	5812933	43	0.054169360	0.16000	0.01791	1.42947	0.79588	0.09119	-1.00000	-1.00000
13145	Rosebud_Top_P	Jail_Pond	un	5814387	32	0.011603269	8.82609	1.01217	76.96327	0.94577	0.12000	-1.00000	-1.00000
13148	Rosebud_Top_P	Jail_Pond	un	5815997	43	0.047272578	6.30435	0.68765	57.79831	0.79964	0.08615	-1.00000	-1.00000
13150	Rosebud_Top_P	Jail_Pond	un	5817601	124	0.000849276	0.06667	0.00784	0.56688	1.17609	0.20930	-1.00000	-1.00000
13152	Rosebud_Top_P	Jail_Pond	un	5819136	19	0.236897275	4.15385	0.43495	39.66973	0.61845	0.05462	-1.00000	-1.00000
13163	Rosebud_Top_P	Jail_Pond	un	5824779	51	0.674869948	1.56522	0.23922	10.24137	0.19457	0.00426	-1.00000	-1.00000
13165	Rosebud_Top_P	Jail_Pond	un	5826372	33	0.500000000	0.48276	0.04141	5.62819	0.31627	0.01818	-1.00000	-1.00000
13173	Rosebud_Top_P	Jail_Pond	un	5830469	114	0.000000142	48.60000	5.71554	413.25253	1.68664	0.48571	-1.00000	-1.00000
13186	Rosebud_Top_P	Jail_Pond	un	5835154	58	0.091583710	5.27273	0.55003	50.54564	0.72204	0.07143	-1.00000	-1.00000
13188	Rosebud_Top_P	Jail_Pond	un	5835966	44	0.023552697	0.18261	0.04278	0.77945	0.73848	0.11776	-1.00000	-1.00000
13194	Rosebud_Top_P	Jail_Pond	un	5840048	94	0.117647059	0.22222	0.02321	2.12804	0.65321	0.06122	-1.00000	-1.00000
13196	Rosebud_Top_P	Jail_Pond	un	5841089	289	0.493212670	0.36000	0.03511	3.69147	0.44370	0.03429	-1.00000	-1.00000
13199	Rosebud_Top_P	Jail_Pond	un	5843537	312	0.104821803	0.20690	0.02165	1.97698	0.68425	0.06335	-1.00000	-1.00000
13201	Rosebud_Top_P	Jail_Pond	un	5844147	92	0.025728988	0.13793	0.01551	1.22635	0.86034	0.09804	-1.00000	-1.00000
13204	Rosebud_Top_P	Jail_Pond	un	5845906	176	0.480000000	2.25000	0.19172	26.40626	0.35218	0.02211	-1.00000	-1.00000
13207	Rosebud_Top_P	Jail_Pond	un	5848185	18	0.380839548	1.76471	0.52169	5.96947	0.24667	0.01622	-1.00000	-1.00000
13208	Rosebud_Top_P	Jail_Pond	un	5849024	15	0.227113906	0.28736	0.02808	2.94037	0.54158	0.04142	-1.00000	-1.00000
13217	Rosebud_Top_P	Jail_Pond	un	5851393	39	0.118181818	4.46154	0.46819	42.51565	0.64948	0.05660	-1.00000	-1.00000
13225	Rosebud_Top_P	Jail_Pond	un	5854371	64	1.000000000	0.56000	0.04783	6.55691	0.25181	0.01681	-1.00000	-1.00000
13231	Rosebud_Top_P	Jail_Pond	un	5856874	79	0.000000000	116.00000	13.04689	1031.35706	2.06446	0.69697	-1.00000	-1.00000
13232	Rosebud_Top_P	Jail_Pond	un	5857984	352	0.461538462	0.41379	0.03533	4.84665	0.38322	0.02288	-1.00000	-1.00000
13237	Rosebud_Top_P	Jail_Pond	un	5860164	60	0.500000000	2.07143	0.17768	24.14955	0.31627	0.01818	-1.00000	-1.00000
13238	Rosebud_Top_P	Jail_Pond	un	5860919	23	1.000000000	1.00000	0.05944	16.82259	0.00000	0.00000	-1.00000	-1.00000
13248	Rosebud_Top_P	Jail_Pond	un	5864230	96	0.000779619	15.62500	1.82133	134.04559	1.19382	0.23077	-1.00000	-1.00000
13252	Rosebud_Top_P	Jail_Pond	un	5865173	282	1.000000000	1.92308	0.16389	22.56519	0.28400	0.01884	-1.00000	-1.00000
13253	Rosebud_Top_P	Jail_Pond	un	5865734	101	0.500000000	0.48276	0.04141	5.62819	0.31627	0.01818	-1.00000	-1.00000
13256	Rosebud_Top_P	Jail_Pond	un	5867482	82	0.000000149	51.00000	5.92112	439.27515	1.70757	0.50980	-1.00000	-1.00000
13261	Rosebud_Top_P	Jail_Pond	un	5870560	20	0.000163721	13.22222	3.08685	56.63604	1.12130	0.29087	-1.00000	-1.00000
13263	Rosebud_Top_P	Jail_Pond	un	5871935	7	0.789664692	1.16667	0.39271	3.46593	0.06695	0.00148	-1.00000	-1.00000
13267	Rosebud_Top_P	Jail_Pond	un	5873537	15	0.000000016	65.25000	7.52132	566.06567	1.81458	0.56667	-1.00000	-1.00000
13271	Rosebud_Top_P	Jail_Pond	un	5875209	53	0.025310124	7.36364	0.82361	65.83572	0.86709	0.10638	-1.00000	-1.00000
13282	Rosebud_Top_P	Jail_Pond	un	5883498	54	0.055746141	0.17241	0.01886	1.57593	0.76343	0.07692	-1.00000	-1.00000
13293	Rosebud_Top_P	Jail_Pond	un	5887030	378	0.245454545	3.22222	0.31567	32.89072	0.50816	0.03704	-1.00000	-1.00000
13295	Rosebud_Top_P	Jail_Pond	un	5888524	135	0.000368554	0.05956	0.00710	0.49986	1.22504	0.21739	-1.00000	-1.00000
13296	Rosebud_Top_P	Jail_Pond	un	5889320	121	0.491264850	0.33333	0.03259	3.40968	0.47712	0.03571	-1.00000	-1.00000
13305	Rosebud_Top_P	Jail_Pond	un	5893615	286	0.491264850	0.33333	0.03259	3.40968	0.47712	0.03571	-1.00000	-1.00000
13310	Rosebud_Top_P	Jail_Pond	un	5897542	162	1.000000000	1.92308	0.16389	22.56519	0.28400	0.01884	-1.00000	-1.00000
13313	Rosebud_Top_P	Jail_Pond	un	5898937	35	0.000000142	48.60000	5.71554	413.25253	1.68664	0.48571	-1.00000	-1.00000
13341	Rosebud_Top_P	Jail_Pond	un	5910553	314	0.491264850	0.33333	0.03259	3.40968	0.47712	0.03571	-1.00000	-1.00000
13360	Rosebud_Top_P	Jail_Pond	un	5917819	53	0.500000000	2.07692	0.17741	24.31412	0.31742	0.01961	-1.00000	-1.00000
13371	Rosebud_Top_P	Jail_Pond	un	5921100	58	0.017557114	4.96364	1.40328	17.55724	0.69580	0.13222	-1.00000	-1.00000
13373	Rosebud_Top_P	Jail_Pond	un	5922675	73	0.245454545	0.31034	0.03040	3.16783	0.50816	0.03704	-1.00000	-1.00000
13378	Rosebud_Top_P	Jail_Pond	un	5925900	22	0.055222089	0.17037	0.01854	1.56542	0.76861	0.08333	-1.00000	-1.00000
13380	Rosebud_Top_P	Jail_Pond	un	5927799	381	0.500000000	0.48000	0.04081	5.64636	0.31876	0.02128	-1.00000	-1.00000
13383	Rosebud_Top_P	Jail_Pond	un	5929083	152	0.000014294	15.40000	4.07718	58.16762	1.18752	0.35165	-1.00000	-1.00000
13385	Rosebud_Top_P	Jail_Pond	un	5929756	17	0.225306122	0.28395	0.02761	2.92002	0.54676	0.04514	-1.00000	-1.00000
13399	Rosebud_Top_P	Jail_Pond	un	5936248	93	0.055222089	5.86957	0.63881	53.93145	0.76861	0.08333	-1.00000	-1.00000
13403	Rosebud_Top_P	Jail_Pond	un	5938518	40	0.493212670	2.77778	0.27089	28.48358	0.44370	0.03429	-1.00000	-1.00000
13423	Rosebud_Top_P	Jail_Pond	un	5947039	32	0.000005219	30.85714	3.70036	257.31656	1.48936	0.35714	-1.00000	-1.00000
13429	Rosebud_Top_P	Jail_Pond	un	5948569	51	0.090706738	3.83333	0.87930	16.71155	0.58358	0.06909	-1.00000	-1.00000
13430	Rosebud_Top_P	Jail_Pond	un	5949408	27	1.000000000	0.52000	0.04432	6.10163	0.28400	0.00517	-1.00000	-1.00000
13435	Rosebud_Top_P	Jail_Pond	un	5951980	126	0.245098039	0.30864	0.03010	3.16484	0.51055	0.04000	-1.00000	-1.00000
13437	Rosebud_Top_P	Jail_Pond	un	5953479	52	0.200180072	0.22000	0.02284	2.11887	0.65758	0.03830	-1.00000	-1.00000
13438	Rosebud_Top_P	Jail_Pond	un	5954218	29	0.111436688	2.51852	0.83718	7.57655	0.40115	0.05096	-1.00000	-1.00000
13461	Rosebud_Top_P	Jail_Pond	un	5966063	40	0.500000000	2.07143	0.17768	24.14955	0.31627	0.01818	-1.00000	-1.00000
13465	Rosebud_Top_P	Jail_Pond	un	5968422	23	0.000002294	50.00000	5.70012	438.58688	1.69897	0.43896	-1.00000	-1.00000
13475	Rosebud_Top_P	Jail_Pond	un	5970797	99	0.481481481	0.44828	0.03837	5.23742	0.34845	0.02032	-1.00000	-1.00000
13483	Rosebud_Top_P	Jail_Pond	un	5973907	65	0.000000000	113.40000	12.29761	1045.69580	2.05461	0.72222	-1.00000	-1.00000
13489	Rosebud_Top_P	Jail_Pond	un	5977159	85	0.245454545	0.31034	0.03040	3.16783	0.50816	0.03704	-1.00000	-1.00000
13494	Rosebud_Top_P	Jail_Pond	un	5979780	280	0.481481481	2.23077	0.19093	26.06312	0.34845	0.02032	-1.00000	-1.00000
13501	Rosebud_Top_P	Jail_Pond	un	5981965	48	0.000000000	174.00000	18.20957	1662.64185	2.24055	0.79901	-1.00000	-1.00000
13504	Rosebud_Top_P	Jail_Pond	un	5984389	138	0.461538462	0.41379	0.03533	4.84665	0.38322	0.02288	-1.00000	-1.00000
13506	Rosebud_Top_P	Jail_Pond	un	5986137	312	0.481481481	2.23077	0.19093	26.06312	0.34845	0.02032	-1.00000	-1.00000
13517	Rosebud_Top_P	Jail_Pond	un	5992443	130	0.000000000	378.00000	32.35829	4415.68408	2.57749	0.92857	-1.00000	-1.00000
13528	Rosebud_Top_P	Jail_Pond	un	5996404	121	1.000000000	0.51852	0.04439	6.05718	0.28524	0.01752	-1.00000	-1.00000
13539	Rosebud_Top_P	Jail_Pond	un	6001839	32	0.000000001	91.66666	10.22621	821.69061	1.96221	0.66844	-1.00000	-1.00000
13546	Rosebud_Top_P	Jail_Pond	un	6004767	133	0.000000000	116.00000	13.04689	1031.35706	2.06446	0.69697	-1.00000	-1.00000
13558	Rosebud_Top_P	Jail_Pond	un	6009489	8	0.000000893	38.66667	4.59785	325.17648	1.58734	0.41420	-1.00000	-1.00000
13559	Rosebud_Top_P	Jail_Pond	un	6010308	76	0.118181818	4.46154	0.46819	42.51565	0.64948	0.05660	-1.00000	-1.00000
13577	Rosebud_Top_P	Jail_Pond	un	6016313	53	0.771586934	0.74118	0.23582	2.32947	0.13008	0.00527	-1.00000	-1.00000
13579	Rosebud_Top_P	Jail_Pond	un	6017115	98	1.000000000	0.51852	0.04439	6.05718	0.28524	0.01752	-1.00000	-1.00000
13583	Rosebud_Top_P	Jail_Pond	un	6018730	145	0.481481481	2.23077	0.19093	26.06312	0.34845	0.02032	-1.00000	-1.00000
13593	Rosebud_Top_P	Jail_Pond	un	6021947	67	0.000000000	208.33333	20.26751	2141.49561	2.31876	0.85207	-1.00000	-1.00000
13594	Rosebud_Top_P	Jail_Pond	un	6022752	130	0.245454545	3.22222	0.31567	32.89072	0.50816	0.03704	-1.00000	-1.00000
13598	Rosebud_Top_P	Jail_Pond	un	6023626	216	0.500000000	2.07143	0.17768	24.14955	0.31627	0.01818	-1.00000	-1.00000
13611	Rosebud_Top_P	Jail_Pond	un	6027572	60	0.500000000	2.07143	0.17768	24.14955	0.31627	0.01818	-1.00000	-1.00000
13621	Rosebud_Top_P	Jail_Pond	un	6033296	400	0.000000000	675.00000	40.04383	11378.15820	2.82930	1.00000	-1.00000	-1.00000
13626	Rosebud_Top_P	Jail_Pond	un	6034572	24	0.481481481	0.44828	0.03837	5.23742	0.34845	0.02032	-1.00000	-1.00000
13628	Rosebud_Top_P	Jail_Pond	un	6035431	58	0.000001196	40.00000	4.66259	343.15671	1.60206	0.45455	-1.00000	-1.00000
13635	Rosebud_Top_P	Jail_Pond	un	6039685	255	1.000000000	0.56000	0.04783	6.55691	0.25181	0.01681	-1.00000	-1.00000
13636	Rosebud_Top_P	Jail_Pond	un	6040211	14	0.000368554	16.78947	2.00057	140.90321	1.22504	0.21739	-1.00000	-1.00000
13637	Rosebud_Top_P	Jail_Pond	un	6041180	85	0.000335760	17.47059	2.06538	147.77966	1.24231	0.23810	-1.00000	-1.00000
13638	Rosebud_Top_P	Jail_Pond	un	6041988	57	0.461538462	2.41667	0.20633	28.30581	0.38322	0.02288	-1.00000	-1.00000
13639	Rosebud_Top_P	Jail_Pond	un	6042824	81	0.617647059	0.48000	0.04081	5.64636	0.31876	0.00680	-1.00000	-1.00000
13648	Rosebud_Top_P	Jail_Pond	un	6047686	58	0.586807972	1.37879	0.45293	4.19727	0.13950	0.00641	-1.00000	-1.00000
13649	Rosebud_Top_P	Jail_Pond	un	6048513	125	0.000002976	33.46154	3.98697	280.83353	1.52455	0.37692	-1.00000	-1.00000
13654	Rosebud_Top_P	Jail_Pond	un	6049043	29	0.003465046	12.00000	1.38010	104.34058	1.07918	0.17636	-1.00000	-1.00000
13670	Rosebud_Top_P	Jail_Pond	un	6056323	13	0.481481481	2.23077	0.19093	26.06312	0.34845	0.02032	-1.00000	-1.00000
13672	Rosebud_Top_P	Jail_Pond	un	6057973	96	1.000000000	0.56000	0.04783	6.55691	0.25181	0.01681	-1.00000	-1.00000
13684	Rosebud_Top_P	Jail_Pond	un	6063542	245	1.000000000	0.51852	0.04439	6.05718	0.28524	0.01752	-1.00000	-1.00000
13691	Rosebud_Top_P	Jail_Pond	un	6068024	87	0.245454545	0.31034	0.03040	3.16783	0.50816	0.03704	-1.00000	-1.00000
13695	Rosebud_Top_P	Jail_Pond	un	6070421	12	0.000849276	15.00000	1.76405	127.54709	1.17609	0.20930	-1.00000	-1.00000
13697	Rosebud_Top_P	Jail_Pond	un	6071243	80	0.005105438	10.54545	1.22656	90.66576	1.02307	0.14286	-1.00000	-1.00000
13700	Rosebud_Top_P	Jail_Pond	un	6072971	32	0.008914258	9.66667	1.10451	84.60300	0.98528	0.13462	-1.00000	-1.00000
13701	Rosebud_Top_P	Jail_Pond	un	6073830	53	0.175358093	3.11111	0.71625	13.51342	0.49292	0.04855	-1.00000	-1.00000
13719	Rosebud_Top_P	Jail_Pond	un	6082276	216	0.016354234	8.70000	0.97139	77.91955	0.93952	0.12411	-1.00000	-1.00000
13728	Rosebud_Top_P	Jail_Pond	un	6085621	370	0.114880414	5.00000	0.54441	45.92110	0.69897	0.07143	-1.00000	-1.00000
13739	Rosebud_Top_P	Jail_Pond	un	6090887	21	0.000026633	31.15385	3.70346	262.06906	1.49351	0.30625	-1.00000	-1.00000
13754	Rosebud_Top_P	Jail_Pond	un	6095605	31	0.500000000	0.48276	0.04141	5.62819	0.31627	0.01818	-1.00000	-1.00000
13767	Rosebud_Top_P	Jail_Pond	un	6103285	64	0.227113906	3.48000	0.34009	35.60907	0.54158	0.04142	-1.00000	-1.00000
13776	Rosebud_Top_P	Jail_Pond	un	6107469	34	0.008914258	0.10345	0.01182	0.90538	0.98528	0.13462	-1.00000	-1.00000
13784	Rosebud_Top_P	Jail_Pond	un	6111801	206	0.208144796	0.26437	0.02576	2.71292	0.57779	0.04667	-1.00000	-1.00000
13786	Rosebud_Top_P	Jail_Pond	un	6113467	125	0.025728988	7.25000	0.81543	64.45982	0.86034	0.09804	-1.00000	-1.00000
13800	Rosebud_Top_P	Jail_Pond	un	6119095	275	0.244680851	3.26087	0.31632	33.61525	0.51333	0.04348	-1.00000	-1.00000
13807	Rosebud_Top_P	Jail_Pond	un	6121395	343	0.500000000	0.48276	0.04141	5.62819	0.31627	0.01818	-1.00000	-1.00000
13814	Rosebud_Top_P	Jail_Pond	un	6125075	38	0.002587025	12.88889	1.48569	111.81544	1.11022	0.18148	-1.00000	-1.00000
13823	Rosebud_Top_P	Jail_Pond	un	6130833	9	0.500000000	0.48276	0.04141	5.62819	0.31627	0.01818	-1.00000	-1.00000
13825	Rosebud_Top_P	Jail_Pond	un	6131767	115	0.055746141	0.17241	0.01886	1.57593	0.76343	0.07692	-1.00000	-1.00000
13829	Rosebud_Top_P	Jail_Pond	un	6134174	131	0.091583710	0.18966	0.01978	1.81808	0.72204	0.07143	-1.00000	-1.00000
13834	Rosebud_Top_P	Jail_Pond	un	6135651	60	0.041212230	0.17593	0.03392	0.91255	0.75467	0.09201	-1.00000	-1.00000
13840	Rosebud_Top_P	Jail_Pond	un	6137994	62	0.000911685	14.50000	1.71773	122.39995	1.16137	0.19149	-1.00000	-1.00000
13843	Rosebud_Top_P	Jail_Pond	un	6140072	438	0.500000000	2.07143	0.17768	24.14955	0.31627	0.01818	-1.00000	-1.00000
13844	Rosebud_Top_P	Jail_Pond	un	6140499	27	0.493212670	0.36000	0.03511	3.69147	0.44370	0.03429	-1.00000	-1.00000
13847	Rosebud_Top_P	Jail_Pond	un	6143025	138	0.491264850	3.00000	0.29328	30.68711	0.47712	0.03571	-1.00000	-1.00000
13858	Rosebud_Top_P	Jail_Pond	un	6147730	54	0.104821803	4.83333	0.50582	46.18450	0.68425	0.06335	-1.00000	-1.00000
13861	Rosebud_Top_P	Jail_Pond	un	6150307	241	0.481481481	0.44828	0.03837	5.23742	0.34845	0.02032	-1.00000	-1.00000
13863	Rosebud_Top_P	Jail_Pond	un	6151957	172	0.500000000	0.48148	0.04113	5.63661	0.31742	0.01961	-1.00000	-1.00000
13881	Rosebud_Top_P	Jail_Pond	un	6159040	54	0.104821803	4.83333	0.50582	46.18450	0.68425	0.06335	-1.00000	-1.00000
13886	Rosebud_Top_P	Jail_Pond	un	6160627	42	0.001886343	13.50000	1.59559	114.22084	1.13033	0.18571	-1.00000	-1.00000
13891	Rosebud_Top_P	Jail_Pond	un	6162283	62	0.047272578	6.30435	0.68765	57.79831	0.79964	0.08615	-1.00000	-1.00000
13896	Rosebud_Top_P	Jail_Pond	un	6163893	23	0.227113906	3.48000	0.34009	35.60907	0.54158	0.04142	-1.00000	-1.00000
13904	Rosebud_Top_P	Jail_Pond	un	6167095	97	0.117647059	4.50000	0.46992	43.09288	0.65321	0.06122	-1.00000	-1.00000
13917	Rosebud_Top_P	Jail_Pond	un	6172550	18	0.500000000	0.48276	0.04141	5.62819	0.31627	0.01818	-1.00000	-1.00000
13926	Rosebud_Top_P	Jail_Pond	un	6177433	114	0.117647059	0.22222	0.02321	2.12804	0.65321	0.06122	-1.00000	-1.00000
13927	Rosebud_Top_P	Jail_Pond	un	6178253	124	0.118181818	4.46154	0.46819	42.51565	0.64948	0.05660	-1.00000	-1.00000
13934	Rosebud_Top_P	Jail_Pond	un	6182065	54	0.092502533	6.57895	0.70856	61.08561	0.81816	0.06821	-1.00000	-1.00000
13935	Rosebud_Top_P	Jail_Pond	un	6182945	153	0.227113906	3.48000	0.34009	35.60907	0.54158	0.04142	-1.00000	-1.00000
13937	Rosebud_Top_P	Jail_Pond	un	6184022	15	0.500000000	0.48276	0.04141	5.62819	0.31627	0.01818	-1.00000	-1.00000
13943	Rosebud_Top_P	Jail_Pond	un	6185635	30	0.118181818	4.46154	0.46819	42.51565	0.64948	0.05660	-1.00000	-1.00000
13949	Rosebud_Top_P	Jail_Pond	un	6187996	23	0.245454545	0.31034	0.03040	3.16783	0.50816	0.03704	-1.00000	-1.00000
13953	Rosebud_Top_P	Jail_Pond	un	6190478	69	1.000000000	0.51852	0.04439	6.05718	0.28524	0.01752	-1.00000	-1.00000
13958	Rosebud_Top_P	Jail_Pond	un	6191303	42	0.618181818	2.07692	0.17741	24.31412	0.31742	0.00629	-1.00000	-1.00000
13961	Rosebud_Top_P	Jail_Pond	un	6192965	111	1.000000000	0.51852	0.04439	6.05718	0.28524	0.01752	-1.00000	-1.00000
13967	Rosebud_Top_P	Jail_Pond	un	6196724	63	0.000521867	0.05926	0.00693	0.50704	1.22724	0.23780	-1.00000	-1.00000
13970	Rosebud_Top_P	Jail_Pond	un	6199109	129	0.245454545	0.31034	0.03040	3.16783	0.50816	0.03704	-1.00000	-1.00000
13973	Rosebud_Top_P	Jail_Pond	un	6201013	433	1.000000000	0.56000	0.04783	6.55691	0.25181	0.01681	-1.00000	-1.00000
13974	Rosebud_Top_P	Jail_Pond	un	6201425	69	0.025310124	7.36364	0.82361	65.83572	0.86709	0.10638	-1.00000	-1.00000
13982	Rosebud_Top_P	Jail_Pond	un	6206120	24	0.461538462	2.41667	0.20633	28.30581	0.38322	0.02288	-1.00000	-1.00000
13987	Rosebud_Top_P	Jail_Pond	un	6208522	55	0.481481481	2.23077	0.19093	26.06312	0.34845	0.02032	-1.00000	-1.00000
13990	Rosebud_Top_P	Jail_Pond	un	6209499	226	0.103265306	4.90909	0.51099	47.16195	0.69100	0.06915	-1.00000	-1.00000
14010	Rosebud_Top_P	Jail_Pond	un	6217337	63	0.000000000	729.00000	43.33459	12263.66797	2.86273	1.00000	-1.00000	-1.00000
14012	Rosebud_Top_P	Jail_Pond	un	6218977	111	0.500000000	2.07143	0.17768	24.14955	0.31627	0.01818	-1.00000	-1.00000
14014	Rosebud_Top_P	Jail_Pond	un	6220574	127	0.011308779	0.11111	0.01267	0.97465	0.95424	0.13043	-1.00000	-1.00000
14017	Rosebud_Top_P	Jail_Pond	un	6222109	74	0.000000000	783.00000	46.62555	13149.20605	2.89376	1.00000	-1.00000	-1.00000
14020	Rosebud_Top_P	Jail_Pond	un	6223744	23	0.002188045	0.08046	0.00946	0.68454	1.09442	0.16667	-1.00000	-1.00000
14031	Rosebud_Top_P	Jail_Pond	un	6227807	113	0.001886343	13.50000	1.59559	114.22084	1.13033	0.18571	-1.00000	-1.00000
14033	Rosebud_Top_P	Jail_Pond	un	6229428	159	1.000000000	0.51852	0.04439	6.05718	0.28524	0.01752	-1.00000	-1.00000
14039	Rosebud_Top_P	Jail_Pond	un	6231574	87	0.129854872	0.35185	0.09374	1.32067	0.45364	0.04472	-1.00000	-1.00000
14042	Rosebud_Top_P	Jail_Pond	un	6234052	102	0.500000000	0.48148	0.04113	5.63661	0.31742	0.01961	-1.00000	-1.00000
14046	Rosebud_Top_P	Jail_Pond	un	6236477	34	0.000022608	16.66667	4.07378	68.18669	1.22185	0.36308	-1.00000	-1.00000
14053	Rosebud_Top_P	Jail_Pond	un	6239671	92	0.118181818	4.46154	0.46819	42.51565	0.64948	0.05660	-1.00000	-1.00000
14079	Rosebud_Top_P	Jail_Pond	un	6250243	331	0.500000000	0.48148	0.04113	5.63661	0.31742	0.01961	-1.00000	-1.00000
14085	Rosebud_Top_P	Jail_Pond	un	6252337	35	1.000000000	1.92857	0.16509	22.52900	0.28524	0.01752	-1.00000	-1.00000
14103	Rosebud_Top_P	Jail_Pond	un	6257708	134	0.236897275	0.24074	0.02521	2.29910	0.61845	0.05462	-1.00000	-1.00000
14107	Rosebud_Top_P	Jail_Pond	un	6258451	19	0.000273662	18.75000	2.21850	158.46834	1.27300	0.26036	-1.00000	-1.00000
14120	Rosebud_Top_P	Jail_Pond	un	6263106	84	0.000000352	45.00000	5.27812	383.65939	1.65321	0.47552	-1.00000	-1.00000
14130	Rosebud_Top_P	Jail_Pond	un	6268494	53	0.016354234	8.70000	0.97139	77.91955	0.93952	0.12411	-1.00000	-1.00000
14146	Rosebud_Top_P	Jail_Pond	un	6273420	120	0.004697018	6.08000	1.71972	21.49556	0.78390	0.16977	-1.00000	-1.00000
14149	Rosebud_Top_P	Jail_Pond	un	6274149	68	0.481481481	0.44828	0.03837	5.23742	0.34845	0.02032	-1.00000	-1.00000
14157	Rosebud_Top_P	Jail_Pond	un	6275664	75	0.500000000	2.07143	0.17768	24.14955	0.31627	0.01818	-1.00000	-1.00000
14183	Rosebud_Top_P	Jail_Pond	un	6287196	10	0.000000000	675.00000	40.04383	11378.15820	2.82930	1.00000	-1.00000	-1.00000
14184	Rosebud_Top_P	Jail_Pond	un	6288052	16	0.117647059	0.22222	0.02321	2.12804	0.65321	0.06122	-1.00000	-1.00000
14187	Rosebud_Top_P	Jail_Pond	un	6290499	20	0.000000142	48.60000	5.71554	413.25253	1.68664	0.48571	-1.00000	-1.00000
14188	Rosebud_Top_P	Jail_Pond	un	6291407	132	1.000000000	0.83333	0.24229	2.86618	0.07918	0.00161	-1.00000	-1.00000
14192	Rosebud_Top_P	Jail_Pond	un	6292125	31	0.025728988	0.13793	0.01551	1.22635	0.86034	0.09804	-1.00000	-1.00000
14196	Rosebud_Top_P	Jail_Pond	un	6293715	13	0.500000000	2.07692	0.17741	24.31412	0.31742	0.01961	-1.00000	-1.00000
14197	Rosebud_Top_P	Jail_Pond	un	6294601	39	0.000000000	783.00000	46.62555	13149.20605	2.89376	1.00000	-1.00000	-1.00000
14203	Rosebud_Top_P	Jail_Pond	un	6296434	223	0.461538462	0.41379	0.03533	4.84665	0.38322	0.02288	-1.00000	-1.00000
14212	Rosebud_Top_P	Jail_Pond	un	6300188	49	0.481481481	2.23077	0.19093	26.06312	0.34845	0.02032	-1.00000	-1.00000
14215	Rosebud_Top_P	Jail_Pond	un	6301933	119	0.000490337	20.25000	2.40238	170.68977	1.30642	0.21646	-1.00000	-1.00000
14218	Rosebud_Top_P	Jail_Pond	un	6303509	98	0.000000066	52.20000	6.15300	442.84708	1.71767	0.49480	-1.00000	-1.00000
14229	Rosebud_Top_P	Jail_Pond	un	6306835	152	0.500000000	0.48276	0.04141	5.62819	0.31627	0.01818	-1.00000	-1.00000
14235	Rosebud_Top_P	Jail_Pond	un	6308301	71	0.000026633	31.15385	3.70346	262.06906	1.49351	0.30625	-1.00000	-1.00000
14237	Rosebud_Top_P	Jail_Pond	un	6309810	44	0.481481481	0.44828	0.03837	5.23742	0.34845	0.02032	-1.00000	-1.00000
14244	Rosebud_Top_P	Jail_Pond	un	6312830	18	0.025310124	7.36364	0.82361	65.83572	0.86709	0.10638	-1.00000	-1.00000
14246	Rosebud_Top_P	Jail_Pond	un	6313682	25	0.245454545	0.31034	0.03040	3.16783	0.50816	0.03704	-1.00000	-1.00000
14256	Rosebud_Top_P	Jail_Pond	un	6318265	78	1.000000000	0.56000	0.04783	6.55691	0.25181	0.01681	-1.00000	-1.00000
14265	Rosebud_Top_P	Jail_Pond	un	6322098	9	0.201543739	4.50000	0.46992	43.09288	0.65321	0.03529	-1.00000	-1.00000
14320	Rosebud_Top_P	Jail_Pond	un	6337918	215	0.500000000	0.48148	0.04113	5.63661	0.31742	0.01961	-1.00000	-1.00000
14325	Rosebud_Top_P	Jail_Pond	un	6340849	46	0.000000000	241.66667	23.61758	2472.85181	2.38322	0.86154	-1.00000	-1.00000
14362	Rosebud_Top_P	Jail_Pond	un	6357699	11	0.055222089	0.17037	0.01854	1.56542	0.76861	0.08333	-1.00000	-1.00000
14365	Rosebud_Top_P	Jail_Pond	un	6360077	47	0.208144796	0.26437	0.02576	2.71292	0.57779	0.04667	-1.00000	-1.00000
14405	Rosebud_Top_P	Jail_Pond	un	6371096	50	0.118181818	4.46154	0.46819	42.51565	0.64948	0.05660	-1.00000	-1.00000
14420	Rosebud_Top_P	Jail_Pond	un	6375871	91	0.000000000	175.50000	18.37673	1676.04626	2.24428	0.80049	-1.00000	-1.00000
14425	Rosebud_Top_P	Jail_Pond	un	6377846	195	0.481481481	2.23077	0.19093	26.06312	0.34845	0.02032	-1.00000	-1.00000
14441	Rosebud_Top_P	Jail_Pond	un	6384127	150	0.001272094	9.33333	2.25021	38.71241	0.97004	0.21360	-1.00000	-1.00000
14445	Rosebud_Top_P	Jail_Pond	un	6386020	460	0.490612245	0.33333	0.03243	3.42639	0.47712	0.03846	-1.00000	-1.00000
14454	Rosebud_Top_P	Jail_Pond	un	6389614	15	0.091583710	0.18966	0.01978	1.81808	0.72204	0.07143	-1.00000	-1.00000
14479	Rosebud_Top_P	Jail_Pond	un	6402468	33	0.023501224	8.21739	0.94023	71.81789	0.91473	0.11607	-1.00000	-1.00000
14489	Rosebud_Top_P	Jail_Pond	un	6404998	78	0.000000127	41.66667	8.34270	208.09955	1.61979	0.53131	-1.00000	-1.00000
14500	Rosebud_Top_P	Jail_Pond	un	6410608	81	1.000000000	1.09524	0.19885	6.03240	0.03951	0.00022	-1.00000	-1.00000
14501	Rosebud_Top_P	Jail_Pond	un	6411465	136	0.481481481	0.44828	0.03837	5.23742	0.34845	0.02032	-1.00000	-1.00000
14504	Rosebud_Top_P	Jail_Pond	un	6413929	206	0.500000000	0.48276	0.04141	5.62819	0.31627	0.01818	-1.00000	-1.00000
14527	Rosebud_Top_P	Jail_Pond	un	6423808	198	0.245454545	0.31034	0.03040	3.16783	0.50816	0.03704	-1.00000	-1.00000
14541	Rosebud_Top_P	Jail_Pond	un	6432367	407	0.227113906	3.48000	0.34009	35.60907	0.54158	0.04142	-1.00000	-1.00000
14547	Rosebud_Top_P	Jail_Pond	un	6434431	69	0.118181818	4.46154	0.46819	42.51565	0.64948	0.05660	-1.00000	-1.00000
14550	Rosebud_Top_P	Jail_Pond	un	6436110	134	0.481481481	0.44828	0.03837	5.23742	0.34845	0.02032	-1.00000	-1.00000
14565	Rosebud_Top_P	Jail_Pond	un	6442405	59	1.000000000	0.51852	0.04439	6.05718	0.28524	0.01752	-1.00000	-1.00000
14581	Rosebud_Top_P	Jail_Pond	un	6446461	122	0.055222089	0.17037	0.01854	1.56542	0.76861	0.08333	-1.00000	-1.00000
14606	Rosebud_Top_P	Jail_Pond	un	6454343	46	0.239819005	0.26000	0.02716	2.48930	0.58503	0.05248	-1.00000	-1.00000
14614	Rosebud_Top_P	Jail_Pond	un	6458560	123	0.500000000	0.48276	0.04141	5.62819	0.31627	0.01818	-1.00000	-1.00000
14617	Rosebud_Top_P	Jail_Pond	un	6459293	112	0.000009385	29.00000	3.45766	243.22809	1.46240	0.34146	-1.00000	-1.00000
14638	Rosebud_Top_P	Jail_Pond	un	6468604	95	0.117647059	0.22222	0.02321	2.12804	0.65321	0.06122	-1.00000	-1.00000
14648	Rosebud_Top_P	Jail_Pond	un	6472276	83	0.000000000	174.00000	18.20957	1662.64185	2.24055	0.79901	-1.00000	-1.00000
14657	Rosebud_Top_P	Jail_Pond	un	6475599	150	0.000080714	0.04598	0.00547	0.38665	1.33746	0.27549	-1.00000	-1.00000
14670	Rosebud_Top_P	Jail_Pond	un	6478715	106	0.000000149	51.00000	5.92112	439.27515	1.70757	0.50980	-1.00000	-1.00000
14675	Rosebud_Top_P	Jail_Pond	un	6482737	108	0.493212670	2.77778	0.27089	28.48358	0.44370	0.03429	-1.00000	-1.00000
14688	Rosebud_Top_P	Jail_Pond	un	6488205	57	0.104821803	0.20690	0.02165	1.97698	0.68425	0.06335	-1.00000	-1.00000
14691	Rosebud_Top_P	Jail_Pond	un	6489866	108	0.118181818	4.46154	0.46819	42.51565	0.64948	0.05660	-1.00000	-1.00000
14694	Rosebud_Top_P	Jail_Pond	un	6492521	134	0.051876516	0.14815	0.01663	1.32015	0.82930	0.09475	-1.00000	-1.00000
14699	Rosebud_Top_P	Jail_Pond	un	6495597	44	0.500000000	0.48148	0.04113	5.63661	0.31742	0.01961	-1.00000	-1.00000
14703	Rosebud_Top_P	Jail_Pond	un	6498232	349	0.245098039	0.30864	0.03010	3.16484	0.51055	0.04000	-1.00000	-1.00000
14708	Rosebud_Top_P	Jail_Pond	un	6499430	30	0.493212670	0.36000	0.03511	3.69147	0.44370	0.03429	-1.00000	-1.00000
14715	Rosebud_Top_P	Jail_Pond	un	6501042	143	0.054609929	0.16800	0.01817	1.55315	0.77469	0.09091	-1.00000	-1.00000
14724	Rosebud_Top_P	Jail_Pond	un	6502646	85	0.178450907	2.20370	0.72129	6.73279	0.34315	0.03748	-1.00000	-1.00000
14734	Rosebud_Top_P	Jail_Pond	un	6507657	210	0.500000000	0.48276	0.04141	5.62819	0.31627	0.01818	-1.00000	-1.00000
14740	Rosebud_Top_P	Jail_Pond	un	6509862	38	0.000000142	48.60000	5.71554	413.25253	1.68664	0.48571	-1.00000	-1.00000
14741	Rosebud_Top_P	Jail_Pond	un	6510599	14	0.000000003	113.40000	12.29761	1045.69580	2.05461	0.61627	-1.00000	-1.00000
14742	Rosebud_Top_P	Jail_Pond	un	6511522	36	0.500000000	0.48276	0.04141	5.62819	0.31627	0.01818	-1.00000	-1.00000
14743	Rosebud_Top_P	Jail_Pond	un	6512302	85	0.500000000	0.48276	0.04141	5.62819	0.31627	0.01818	-1.00000	-1.00000
14754	Rosebud_Top_P	Jail_Pond	un	6516975	60	0.000000001	87.00000	9.94055	761.42694	1.93952	0.63348	-1.00000	-1.00000
14773	Rosebud_Top_P	Jail_Pond	un	6526082	390	1.000000000	1.92308	0.16389	22.56519	0.28400	0.01884	-1.00000	-1.00000
14777	Rosebud_Top_P	Jail_Pond	un	6528959	74	0.253099393	3.27273	0.59686	17.94505	0.51491	0.03733	-1.00000	-1.00000
14779	Rosebud_Top_P	Jail_Pond	un	6529662	18	0.104821803	0.20690	0.02165	1.97698	0.68425	0.06335	-1.00000	-1.00000
14780	Rosebud_Top_P	Jail_Pond	un	6530509	32	0.208144796	3.78261	0.36861	38.81679	0.57779	0.04667	-1.00000	-1.00000
14782	Rosebud_Top_P	Jail_Pond	un	6531386	30	0.000007034	31.50000	3.70715	267.65814	1.49831	0.38063	-1.00000	-1.00000
14799	Rosebud_Top_P	Jail_Pond	un	6540503	361	0.500000000	2.08333	0.17711	24.50678	0.31876	0.02128	-1.00000	-1.00000
14801	Rosebud_Top_P	Jail_Pond	un	6541691	21	0.208144796	3.78261	0.36861	38.81679	0.57779	0.04667	-1.00000	-1.00000
14809	Rosebud_Top_P	Jail_Pond	un	6543450	59	0.000116847	20.64706	2.47190	172.45865	1.31486	0.26531	-1.00000	-1.00000
14821	Rosebud_Top_P	Jail_Pond	un	6546612	85	0.000000016	61.22222	7.16369	523.21606	1.78691	0.53846	-1.00000	-1.00000
14823	Rosebud_Top_P	Jail_Pond	un	6548201	35	0.000648122	9.22857	2.46258	34.58420	0.96513	0.25175	-1.00000	-1.00000
14824	Rosebud_Top_P	Jail_Pond	un	6549053	106	0.000000000	225.00000	21.94246	2307.17041	2.35218	0.85714	-1.00000	-1.00000
14833	Rosebud_Top_P	Jail_Pond	un	6552410	73	0.035363529	4.28571	1.14287	16.07128	0.63202	0.09974	-1.00000	-1.00000
14847	Rosebud_Top_P	Jail_Pond	un	6557418	240	0.245098039	0.30864	0.03010	3.16484	0.51055	0.04000	-1.00000	-1.00000
14862	Rosebud_Top_P	Jail_Pond	un	6564495	122	0.000000326	47.22222	5.46805	407.81201	1.67415	0.50000	-1.00000	-1.00000
14874	Rosebud_Top_P	Jail_Pond	un	6570997	121	0.000163785	25.00000	2.93679	212.81769	1.39794	0.27068	-1.00000	-1.00000
14879	Rosebud_Top_P	Jail_Pond	un	6572606	137	0.000005460	31.15385	3.70346	262.06906	1.49351	0.36842	-1.00000	-1.00000
14884	Rosebud_Top_P	Jail_Pond	un	6574619	9	0.000000000	783.00000	46.62555	13149.20605	2.89376	1.00000	-1.00000	-1.00000
14885	Rosebud_Top_P	Jail_Pond	un	6575516	99	0.118181818	4.46154	0.46819	42.51565	0.64948	0.05660	-1.00000	-1.00000
14898	Rosebud_Top_P	Jail_Pond	un	6580056	128	0.245454545	3.22222	0.31567	32.89072	0.50816	0.03704	-1.00000	-1.00000
14909	Rosebud_Top_P	Jail_Pond	un	6583405	134	0.047272578	0.15862	0.01730	1.45424	0.79964	0.08615	-1.00000	-1.00000
14912	Rosebud_Top_P	Jail_Pond	un	6585021	14	0.000368554	16.78947	2.00057	140.90321	1.22504	0.21739	-1.00000	-1.00000
14918	Rosebud_Top_P	Jail_Pond	un	6588474	38	0.000000000	243.00000	23.75590	2485.65576	2.38561	0.86224	-1.00000	-1.00000
14927	Rosebud_Top_P	Jail_Pond	un	6591858	116	0.000004209	22.61905	5.15803	99.18929	1.35447	0.40217	-1.00000	-1.00000
14939	Rosebud_Top_P	Jail_Pond	un	6595084	36	0.308699828	2.33333	0.53029	10.26683	0.36798	0.02500	-1.00000	-1.00000
14945	Rosebud_Top_P	Jail_Pond	un	6597362	51	0.208144796	0.26437	0.02576	2.71292	0.57779	0.04667	-1.00000	-1.00000
14956	Rosebud_Top_P	Jail_Pond	un	6600506	72	0.481481481	0.44828	0.03837	5.23742	0.34845	0.02032	-1.00000	-1.00000
14957	Rosebud_Top_P	Jail_Pond	un	6601513	269	0.500000000	0.48000	0.04081	5.64636	0.31876	0.02128	-1.00000	-1.00000
14966	Rosebud_Top_P	Jail_Pond	un	6606312	53	1.000000000	1.00000	0.29360	3.40605	0.00000	0.00000	-1.00000	-1.00000
14970	Rosebud_Top_P	Jail_Pond	un	6607984	44	0.500000000	0.48276	0.04141	5.62819	0.31627	0.01818	-1.00000	-1.00000
14975	Rosebud_Top_P	Jail_Pond	un	6611225	107	0.000000016	65.25000	7.52132	566.06567	1.81458	0.56667	-1.00000	-1.00000
14997	Rosebud_Top_P	Jail_Pond	un	6623506	83	1.000000000	0.51852	0.04439	6.05718	0.28524	0.01752	-1.00000	-1.00000
15004	Rosebud_Top_P	Jail_Pond	un	6625906	146	0.000000000	725.00000	43.08483	12199.76953	2.86034	1.00000	-1.00000	-1.00000
15009	Rosebud_Top_P	Jail_Pond	un	6628038	32	1.000000000	1.92857	0.16509	22.52900	0.28524	0.01752	-1.00000	-1.00000
15014	Rosebud_Top_P	Jail_Pond	un	6629582	81	0.104821803	0.20690	0.02165	1.97698	0.68425	0.06335	-1.00000	-1.00000
15031	Rosebud_Top_P	Jail_Pond	un	6635153	112	0.500000000	0.48276	0.04141	5.62819	0.31627	0.01818	-1.00000	-1.00000
15034	Rosebud_Top_P	Jail_Pond	un	6635963	122	0.118181818	0.22414	0.02352	2.13589	0.64948	0.05660	-1.00000	-1.00000
15036	Rosebud_Top_P	Jail_Pond	un	6637328	146	0.047272578	0.15862	0.01730	1.45424	0.79964	0.08615	-1.00000	-1.00000
15054	Rosebud_Top_P	Jail_Pond	un	6642808	70	0.245454545	3.22222	0.31567	32.89072	0.50816	0.03704	-1.00000	-1.00000
15103	Rosebud_Top_P	Jail_Pond	un	6663307	33	0.000000000	351.00000	29.98258	4109.08643	2.54531	0.92593	-1.00000	-1.00000
15104	Rosebud_Top_P	Jail_Pond	un	6664087	50	0.022958460	0.12000	0.01364	1.05538	0.92082	0.12587	-1.00000	-1.00000
15113	Rosebud_Top_P	Jail_Pond	un	6665525	10	0.011603269	0.11330	0.01299	0.98798	0.94577	0.12000	-1.00000	-1.00000
15118	Rosebud_Top_P	Jail_Pond	un	6667265	104	0.245454545	3.22222	0.31567	32.89072	0.50816	0.03704	-1.00000	-1.00000
15120	Rosebud_Top_P	Jail_Pond	un	6667999	60	0.481481481	2.23077	0.19093	26.06312	0.34845	0.02032	-1.00000	-1.00000
15126	Rosebud_Top_P	Jail_Pond	un	6672605	101	0.245454545	0.31034	0.03040	3.16783	0.50816	0.03704	-1.00000	-1.00000
15128	Rosebud_Top_P	Jail_Pond	un	6674045	10	0.208144796	0.26437	0.02576	2.71292	0.57779	0.04667	-1.00000	-1.00000
15129	Rosebud_Top_P	Jail_Pond	un	6674998	203	0.245098039	3.24000	0.31597	33.22326	0.51055	0.04000	-1.00000	-1.00000
15133	Rosebud_Top_P	Jail_Pond	un	6676643	142	0.002017343	0.09615	0.01898	0.48709	1.01703	0.18673	-1.00000	-1.00000
15136	Rosebud_Top_P	Jail_Pond	un	6677495	133	0.500000000	0.48276	0.04141	5.62819	0.31627	0.01818	-1.00000	-1.00000
15140	Rosebud_Top_P	Jail_Pond	un	6678638	127	0.000355389	0.05517	0.00646	0.47099	1.25828	0.24419	-1.00000	-1.00000
15146	Rosebud_Top_P	Jail_Pond	un	6682674	378	0.500000000	0.48276	0.04141	5.62819	0.31627	0.01818	-1.00000	-1.00000
15160	Rosebud_Top_P	Jail_Pond	un	6689875	64	0.500000000	0.48276	0.04141	5.62819	0.31627	0.01818	-1.00000	-1.00000
15177	Rosebud_Top_P	Jail_Pond	un	6696109	45	0.051876516	0.14815	0.01663	1.32015	0.82930	0.09475	-1.00000	-1.00000
15191	Rosebud_Top_P	Jail_Pond	un	6699876	101	0.000000000	162.00000	16.91695	1551.34375	2.20952	0.79310	-1.00000	-1.00000
15192	Rosebud_Top_P	Jail_Pond	un	6700621	60	0.000587549	16.11111	1.89908	136.68118	1.20713	0.21538	-1.00000	-1.00000
15193	Rosebud_Top_P	Jail_Pond	un	6701503	93	1.000000000	1.10526	0.27632	4.42097	0.04347	0.00040	-1.00000	-1.00000
15197	Rosebud_Top_P	Jail_Pond	un	6703749	50	0.500000000	2.07692	0.17741	24.31412	0.31742	0.01961	-1.00000	-1.00000
15200	Rosebud_Top_P	Jail_Pond	un	6706065	40	0.481481481	0.44828	0.03837	5.23742	0.34845	0.02032	-1.00000	-1.00000
15207	Rosebud_Top_P	Jail_Pond	un	6709900	36	0.227113906	0.28736	0.02808	2.94037	0.54158	0.04142	-1.00000	-1.00000
15215	Rosebud_Top_P	Jail_Pond	un	6712697	409	1.000000000	1.92857	0.16509	22.52900	0.28524	0.01752	-1.00000	-1.00000
15220	Rosebud_Top_P	Jail_Pond	un	6715107	399	0.000000000	725.00000	43.08483	12199.76953	2.86034	1.00000	-1.00000	-1.00000
15234	Rosebud_Top_P	Jail_Pond	un	6723568	77	1.000000000	1.92857	0.16509	22.52900	0.28524	0.01752	-1.00000	-1.00000
15263	Rosebud_Top_P	Jail_Pond	un	6734794	92	0.000000352	45.00000	5.27812	383.65939	1.65321	0.47552	-1.00000	-1.00000
15266	Rosebud_Top_P	Jail_Pond	un	6737243	40	0.025307915	10.00000	1.15273	86.75040	1.00000	0.10989	-1.00000	-1.00000
15273	Rosebud_Top_P	Jail_Pond	un	6738022	31	0.461538462	2.41667	0.20633	28.30581	0.38322	0.02288	-1.00000	-1.00000
15278	Rosebud_Top_P	Jail_Pond	un	6740527	15	0.245454545	0.31034	0.03040	3.16783	0.50816	0.03704	-1.00000	-1.00000
15281	Rosebud_Top_P	Jail_Pond	un	6742985	25	0.000000035	60.75000	6.98673	528.22418	1.78355	0.55808	-1.00000	-1.00000
15285	Rosebud_Top_P	Jail_Pond	un	6744660	109	0.000000000	137.50000	14.27645	1324.29639	2.13830	0.77778	-1.00000	-1.00000
15287	Rosebud_Top_P	Jail_Pond	un	6746422	190	0.480000000	0.44444	0.03787	5.21605	0.35218	0.02211	-1.00000	-1.00000
15290	Rosebud_Top_P	Jail_Pond	un	6748114	284	1.000000000	0.51852	0.04439	6.05718	0.28524	0.01752	-1.00000	-1.00000
15295	Rosebud_Top_P	Jail_Pond	un	6748639	35	0.025728988	7.25000	0.81543	64.45982	0.86034	0.09804	-1.00000	-1.00000
15313	Rosebud_Top_P	Jail_Pond	un	6756669	50	0.151579356	0.38462	0.11754	1.25853	0.41497	0.04921	-1.00000	-1.00000
15314	Rosebud_Top_P	Jail_Pond	un	6757551	56	0.245454545	3.22222	0.31567	32.89072	0.50816	0.03704	-1.00000	-1.00000
15324	Rosebud_Top_P	Jail_Pond	un	6763189	138	1.000000000	1.00000	0.05920	16.89051	0.00000	0.00000	-1.00000	-1.00000
15336	Rosebud_Top_P	Jail_Pond	un	6768653	228	1.000000000	0.56000	0.04783	6.55691	0.25181	0.01681	-1.00000	-1.00000
15352	Rosebud_Top_P	Jail_Pond	un	6775054	104	0.200180072	4.54545	0.47195	43.77839	0.65758	0.03830	-1.00000	-1.00000
15361	Rosebud_Top_P	Jail_Pond	un	6777571	148	0.500000000	2.07692	0.17741	24.31412	0.31742	0.01961	-1.00000	-1.00000
15362	Rosebud_Top_P	Jail_Pond	un	6778277	93	0.000000954	54.00000	6.17230	472.43329	1.73239	0.44962	-1.00000	-1.00000
15374	Rosebud_Top_P	Jail_Pond	un	6783596	41	0.227113906	3.48000	0.34009	35.60907	0.54158	0.04142	-1.00000	-1.00000
15379	Rosebud_Top_P	Jail_Pond	un	6784440	38	0.000157268	12.60000	3.28779	48.28777	1.10037	0.31252	-1.00000	-1.00000
15384	Rosebud_Top_P	Jail_Pond	un	6786831	88	0.227113906	3.48000	0.34009	35.60907	0.54158	0.04142	-1.00000	-1.00000
15401	Rosebud_Top_P	Jail_Pond	un	6790732	10	0.500000000	0.48276	0.04141	5.62819	0.31627	0.01818	-1.00000	-1.00000
15405	Rosebud_Top_P	Jail_Pond	un	6792448	81	1.000000000	0.51852	0.04439	6.05718	0.28524	0.01752	-1.00000	-1.00000
15410	Rosebud_Top_P	Jail_Pond	un	6794785	6	0.245454545	0.31034	0.03040	3.16783	0.50816	0.03704	-1.00000	-1.00000
15418	Rosebud_Top_P	Jail_Pond	un	6798126	113	0.500000000	2.07143	0.17768	24.14955	0.31627	0.01818	-1.00000	-1.00000
15421	Rosebud_Top_P	Jail_Pond	un	6800426	94	1.000000000	0.51852	0.04439	6.05718	0.28524	0.01752	-1.00000	-1.00000
15433	Rosebud_Top_P	Jail_Pond	un	6804999	22	0.000116847	0.04843	0.00580	0.40455	1.31486	0.26531	-1.00000	-1.00000
15445	Rosebud_Top_P	Jail_Pond	un	6809779	112	0.083574248	7.10526	0.76720	65.80408	0.85158	0.07255	-1.00000	-1.00000
15465	Rosebud_Top_P	Jail_Pond	un	6818687	124	0.500000000	2.07143	0.17768	24.14955	0.31627	0.01818	-1.00000	-1.00000
15467	Rosebud_Top_P	Jail_Pond	un	6819404	23	0.112015456	5.40000	0.58948	49.46759	0.73239	0.07429	-1.00000	-1.00000
15474	Rosebud_Top_P	Jail_Pond	un	6821892	39	0.227113906	0.28736	0.02808	2.94037	0.54158	0.04142	-1.00000	-1.00000
15478	Rosebud_Top_P	Jail_Pond	un	6824584	325	0.500000000	0.48148	0.04113	5.63661	0.31742	0.01961	-1.00000	-1.00000
15490	Rosebud_Top_P	Jail_Pond	un	6828379	121	0.000000062	50.09091	5.96864	420.38062	1.69976	0.47368	-1.00000	-1.00000
15499	Rosebud_Top_P	Jail_Pond	un	6832048	25	0.118181818	0.22414	0.02352	2.13589	0.64948	0.05660	-1.00000	-1.00000
15502	Rosebud_Top_P	Jail_Pond	un	6833765	13	0.046139818	6.42857	0.69714	59.27980	0.80811	0.09420	-1.00000	-1.00000
15511	Rosebud_Top_P	Jail_Pond	un	6839211	42	0.000000000	351.00000	29.98258	4109.08643	2.54531	0.92593	-1.00000	-1.00000
15527	Rosebud_Top_P	Jail_Pond	un	6848192	17	0.000000000	725.00000	43.08483	12199.76953	2.86034	1.00000	-1.00000	-1.00000
15529	Rosebud_Top_P	Jail_Pond	un	6849994	61	0.481481481	0.44828	0.03837	5.23742	0.34845	0.02032	-1.00000	-1.00000
15533	Rosebud_Top_P	Jail_Pond	un	6852436	46	0.500000000	0.48276	0.04141	5.62819	0.31627	0.01818	-1.00000	-1.00000
15537	Rosebud_Top_P	Jail_Pond	un	6855554	26	0.000000037	57.00000	6.65442	488.24686	1.75587	0.52941	-1.00000	-1.00000
15549	Rosebud_Top_P	Jail_Pond	un	6860761	104	0.500000000	0.48276	0.04141	5.62819	0.31627	0.01818	-1.00000	-1.00000
15555	Rosebud_Top_P	Jail_Pond	un	6861633	144	0.500000000	2.07143	0.17768	24.14955	0.31627	0.01818	-1.00000	-1.00000
15560	Rosebud_Top_P	Jail_Pond	un	6864702	80	0.118181818	0.22414	0.02352	2.13589	0.64948	0.05660	-1.00000	-1.00000
15562	Rosebud_Top_P	Jail_Pond	un	6866412	137	0.000000016	65.25000	7.52132	566.06567	1.81458	0.56667	-1.00000	-1.00000
15572	Rosebud_Top_P	Jail_Pond	un	6870604	171	1.000000000	1.92308	0.16389	22.56519	0.28400	0.01884	-1.00000	-1.00000
15574	Rosebud_Top_P	Jail_Pond	un	6872543	517	1.000000000	1.92308	0.16389	22.56519	0.28400	0.01884	-1.00000	-1.00000
15600	Rosebud_Top_P	Jail_Pond	un	6884389	61	0.104821803	4.83333	0.50582	46.18450	0.68425	0.06335	-1.00000	-1.00000
15602	Rosebud_Top_P	Jail_Pond	un	6886011	18	0.003464716	5.66667	1.74295	18.42346	0.75333	0.15942	-1.00000	-1.00000
15617	Rosebud_Top_P	Jail_Pond	un	6894940	111	0.025310124	7.36364	0.82361	65.83572	0.86709	0.10638	-1.00000	-1.00000
15631	Rosebud_Top_P	Jail_Pond	un	6901275	89	1.000000000	1.78571	0.15251	20.90852	0.25181	0.01681	-1.00000	-1.00000
15632	Rosebud_Top_P	Jail_Pond	un	6901969	6	0.000000149	51.00000	5.92112	439.27515	1.70757	0.50980	-1.00000	-1.00000
15633	Rosebud_Top_P	Jail_Pond	un	6902839	6	1.000000000	0.91667	0.11877	7.07512	0.03779	0.00014	-1.00000	-1.00000
15638	Rosebud_Top_P	Jail_Pond	un	6905370	53	0.225306122	3.52174	0.34246	36.21597	0.54676	0.04514	-1.00000	-1.00000
15644	Rosebud_Top_P	Jail_Pond	un	6909284	10	0.500000000	2.07143	0.17768	24.14955	0.31627	0.01818	-1.00000	-1.00000
15649	Rosebud_Top_P	Jail_Pond	un	6910755	43	0.500000000	0.48276	0.04141	5.62819	0.31627	0.01818	-1.00000	-1.00000
15657	Rosebud_Top_P	Jail_Pond	un	6914447	117	0.000203319	11.33333	2.99247	42.92252	1.05436	0.27430	-1.00000	-1.00000
15665	Rosebud_Top_P	Jail_Pond	un	6917119	264	0.500000000	2.08333	0.17711	24.50678	0.31876	0.02128	-1.00000	-1.00000
15679	Rosebud_Top_P	Jail_Pond	un	6922223	111	0.500000000	0.48276	0.04141	5.62819	0.31627	0.01818	-1.00000	-1.00000
15680	Rosebud_Top_P	Jail_Pond	un	6922930	12	0.002587025	0.07759	0.00894	0.67309	1.11022	0.18148	-1.00000	-1.00000
15702	Rosebud_Top_P	Jail_Pond	un	6931820	56	0.227113906	0.28736	0.02808	2.94037	0.54158	0.04142	-1.00000	-1.00000
15716	Rosebud_Top_P	Jail_Pond	un	6936969	278	0.481481481	0.44828	0.03837	5.23742	0.34845	0.02032	-1.00000	-1.00000
15733	Rosebud_Top_P	Jail_Pond	un	6943302	117	0.000000000	175.50000	18.37673	1676.04626	2.24428	0.80049	-1.00000	-1.00000
15743	Rosebud_Top_P	Jail_Pond	un	6949642	58	0.009182922	8.06667	1.55946	41.72663	0.90669	0.14974	-1.00000	-1.00000
15749	Rosebud_Top_P	Jail_Pond	un	6953425	44	1.000000000	1.08696	0.25626	4.61039	0.03621	0.00025	-1.00000	-1.00000
15750	Rosebud_Top_P	Jail_Pond	un	6954243	20	1.000000000	0.51852	0.04439	6.05718	0.28524	0.01752	-1.00000	-1.00000
15763	Rosebud_Top_P	Jail_Pond	un	6960592	57	0.000221963	0.05329	0.00631	0.44975	1.27334	0.24476	-1.00000	-1.00000
15767	Rosebud_Top_P	Jail_Pond	un	6962128	86	0.245454545	0.31034	0.03040	3.16783	0.50816	0.03704	-1.00000	-1.00000
15771	Rosebud_Top_P	Jail_Pond	un	6964569	98	0.000000001	79.75000	9.27583	685.65979	1.90173	0.60000	-1.00000	-1.00000
15822	Rosebud_Top_P	Jail_Pond	un	6985373	39	0.000000000	729.00000	43.33459	12263.66797	2.86273	1.00000	-1.00000	-1.00000
15832	Rosebud_Top_P	Jail_Pond	un	6987798	119	0.010399967	9.81818	1.13937	84.60557	0.99203	0.13830	-1.00000	-1.00000
15845	Rosebud_Top_P	Jail_Pond	un	6994342	64	0.047272578	0.15862	0.01730	1.45424	0.79964	0.08615	-1.00000	-1.00000
15854	Rosebud_Top_P	Jail_Pond	un	6998297	29	0.000000000	725.00000	43.08483	12199.76953	2.86034	1.00000	-1.00000	-1.00000
15855	Rosebud_Top_P	Jail_Pond	un	6999119	81	0.500000000	0.48276	0.04141	5.62819	0.31627	0.01818	-1.00000	-1.00000
15860	Rosebud_Top_P	Jail_Pond	un	7000417	33	0.008914258	9.66667	1.10451	84.60300	0.98528	0.13462	-1.00000	-1.00000
15864	Rosebud_Top_P	Jail_Pond	un	7002796	45	0.004873434	6.07143	1.82332	20.21714	0.78329	0.17781	-1.00000	-1.00000
15869	Rosebud_Top_P	Jail_Pond	un	7003609	91	0.003714274	0.08621	0.00999	0.74418	1.06446	0.16039	-1.00000	-1.00000
15872	Rosebud_Top_P	Jail_Pond	un	7005199	74	1.000000000	0.92593	0.05493	15.60790	0.03342	0.00005	-1.00000	-1.00000
15880	Rosebud_Top_P	Jail_Pond	un	7009990	67	0.011317577	0.08213	0.00948	0.71144	1.08552	0.14463	-1.00000	-1.00000
15883	Rosebud_Top_P	Jail_Pond	un	7010773	28	0.000000037	57.00000	6.65442	488.24686	1.75587	0.52941	-1.00000	-1.00000
15885	Rosebud_Top_P	Jail_Pond	un	7012396	7	0.000000000	175.50000	18.37673	1676.04626	2.24428	0.80049	-1.00000	-1.00000
15886	Rosebud_Top_P	Jail_Pond	un	7013295	55	0.020060790	0.12346	0.01375	1.10819	0.90848	0.12037	-1.00000	-1.00000
15890	Rosebud_Top_P	Jail_Pond	un	7014035	93	0.245098039	0.30864	0.03010	3.16484	0.51055	0.04000	-1.00000	-1.00000
15899	Rosebud_Top_P	Jail_Pond	un	7017055	8	0.092502533	6.57895	0.70856	61.08561	0.81816	0.06821	-1.00000	-1.00000
15903	Rosebud_Top_P	Jail_Pond	un	7019835	380	0.481481481	2.23077	0.19093	26.06312	0.34845	0.02032	-1.00000	-1.00000
15910	Rosebud_Top_P	Jail_Pond	un	7023753	113	0.245454545	0.31034	0.03040	3.16783	0.50816	0.03704	-1.00000	-1.00000
15913	Rosebud_Top_P	Jail_Pond	un	7024839	355	0.481481481	2.23077	0.19093	26.06312	0.34845	0.02032	-1.00000	-1.00000
15918	Rosebud_Top_P	Jail_Pond	un	7026925	38	0.047272578	6.30435	0.68765	57.79831	0.79964	0.08615	-1.00000	-1.00000
15922	Rosebud_Top_P	Jail_Pond	un	7029209	46	0.781251279	1.36364	0.45675	4.07120	0.13470	0.00595	-1.00000	-1.00000
15925	Rosebud_Top_P	Jail_Pond	un	7031552	43	0.245454545	3.22222	0.31567	32.89072	0.50816	0.03704	-1.00000	-1.00000
15926	Rosebud_Top_P	Jail_Pond	un	7032387	85	0.236897275	0.24074	0.02521	2.29910	0.61845	0.05462	-1.00000	-1.00000
15930	Rosebud_Top_P	Jail_Pond	un	7034699	13	0.710888611	0.65714	0.13964	3.09243	0.18234	0.00548	-1.00000	-1.00000
15940	Rosebud_Top_P	Jail_Pond	un	7039863	179	0.500000000	2.07143	0.17768	24.14955	0.31627	0.01818	-1.00000	-1.00000
15944	Rosebud_Top_P	Jail_Pond	un	7042078	105	0.000000000	841.00000	50.16650	14098.67188	2.92480	1.00000	-1.00000	-1.00000
15947	Rosebud_Top_P	Jail_Pond	un	7043591	34	0.004488740	11.57143	1.35697	98.67399	1.06339	0.16149	-1.00000	-1.00000
15950	Rosebud_Top_P	Jail_Pond	un	7045268	37	0.000000000	841.00000	50.16650	14098.67188	2.92480	1.00000	-1.00000	-1.00000
15953	Rosebud_Top_P	Jail_Pond	un	7046927	100	0.491264850	0.33333	0.03259	3.40968	0.47712	0.03571	-1.00000	-1.00000
15964	Rosebud_Top_P	Jail_Pond	un	7053296	7	0.001803955	11.00000	2.10414	57.50580	1.04139	0.21008	-1.00000	-1.00000
15968	Rosebud_Top_P	Jail_Pond	un	7054143	13	0.481481481	0.44828	0.03837	5.23742	0.34845	0.02032	-1.00000	-1.00000
15972	Rosebud_Top_P	Jail_Pond	un	7056565	10	0.000000003	91.66666	14.00524	599.97375	1.96221	0.65242	-1.00000	-1.00000
15978	Rosebud_Top_P	Jail_Pond	un	7058226	58	0.000221963	18.76471	2.22348	158.36180	1.27334	0.24476	-1.00000	-1.00000
15986	Rosebud_Top_P	Jail_Pond	un	7061270	10	0.000162246	15.00000	2.97236	75.69738	1.17609	0.25490	-1.00000	-1.00000
15990	Rosebud_Top_P	Jail_Pond	un	7062953	115	0.000587549	16.11111	1.89908	136.68118	1.20713	0.21538	-1.00000	-1.00000
15994	Rosebud_Top_P	Jail_Pond	un	7064576	94	0.000008647	28.57143	3.41708	238.89586	1.45593	0.34749	-1.00000	-1.00000
15995	Rosebud_Top_P	Jail_Pond	un	7065850	473	0.480000000	2.25000	0.19172	26.40626	0.35218	0.02211	-1.00000	-1.00000
15996	Rosebud_Top_P	Jail_Pond	un	7066202	43	0.000000000	108.00000	12.11987	962.38641	2.03342	0.68894	-1.00000	-1.00000
16003	Rosebud_Top_P	Jail_Pond	un	7067531	114	0.227113906	0.28736	0.02808	2.94037	0.54158	0.04142	-1.00000	-1.00000
16006	Rosebud_Top_P	Jail_Pond	un	7068362	95	0.103265306	0.20370	0.02120	1.95699	0.69100	0.06915	-1.00000	-1.00000
16009	Rosebud_Top_P	Jail_Pond	un	7070683	18	0.000000000	325.00000	27.69753	3813.51733	2.51188	0.92308	-1.00000	-1.00000
16013	Rosebud_Top_P	Jail_Pond	un	7073190	31	0.000000000	675.00000	40.04383	11378.15820	2.82930	1.00000	-1.00000	-1.00000
16016	Rosebud_Top_P	Jail_Pond	un	7074048	90	0.786244457	1.17333	0.38712	3.55631	0.06942	0.00154	-1.00000	-1.00000
16030	Rosebud_Top_P	Jail_Pond	un	7080941	78	0.000038815	25.00000	2.93679	212.81769	1.39794	0.33333	-1.00000	-1.00000
16051	Rosebud_Top_P	Jail_Pond	un	7090721	70	0.245454545	3.22222	0.31567	32.89072	0.50816	0.03704	-1.00000	-1.00000
16065	Rosebud_Top_P	Jail_Pond	un	7099231	79	0.236897275	0.24074	0.02521	2.29910	0.61845	0.05462	-1.00000	-1.00000
16071	Rosebud_Top_P	Jail_Pond	un	7100963	194	0.500000000	2.07692	0.17741	24.31412	0.31742	0.01961	-1.00000	-1.00000
16079	Rosebud_Top_P	Jail_Pond	un	7104630	150	0.227113906	3.48000	0.34009	35.60907	0.54158	0.04142	-1.00000	-1.00000
16092	Rosebud_Top_P	Jail_Pond	un	7108661	43	0.118181818	0.22414	0.02352	2.13589	0.64948	0.05660	-1.00000	-1.00000
16106	Rosebud_Top_P	Jail_Pond	un	7112651	16	0.000335760	0.05724	0.00677	0.48417	1.24231	0.23810	-1.00000	-1.00000
16107	Rosebud_Top_P	Jail_Pond	un	7113823	390	1.000000000	1.92308	0.16389	22.56519	0.28400	0.01884	-1.00000	-1.00000
16108	Rosebud_Top_P	Jail_Pond	un	7114289	35	1.000000000	0.56000	0.04783	6.55691	0.25181	0.01681	-1.00000	-1.00000
16110	Rosebud_Top_P	Jail_Pond	un	7115088	53	0.135898644	0.35455	0.10516	1.19535	0.45033	0.05760	-1.00000	-1.00000
16121	Rosebud_Top_P	Jail_Pond	un	7123613	202	0.500000000	0.48276	0.04141	5.62819	0.31627	0.01818	-1.00000	-1.00000
16122	Rosebud_Top_P	Jail_Pond	un	7124151	8	0.025728988	7.25000	0.81543	64.45982	0.86034	0.09804	-1.00000	-1.00000
16123	Rosebud_Top_P	Jail_Pond	un	7125113	195	0.480000000	0.44444	0.03787	5.21605	0.35218	0.02211	-1.00000	-1.00000
16125	Rosebud_Top_P	Jail_Pond	un	7126825	273	0.500000000	2.07143	0.17768	24.14955	0.31627	0.01818	-1.00000	-1.00000
16173	Rosebud_Top_P	Jail_Pond	un	7148361	386	0.227113906	3.48000	0.34009	35.60907	0.54158	0.04142	-1.00000	-1.00000
16180	Rosebud_Top_P	Jail_Pond	un	7151877	7	0.002188045	12.42857	1.46083	105.74072	1.09442	0.16667	-1.00000	-1.00000
16182	Rosebud_Top_P	Jail_Pond	un	7153583	112	0.461538462	2.41667	0.20633	28.30581	0.38322	0.02288	-1.00000	-1.00000
16192	Rosebud_Top_P	Jail_Pond	un	7158506	275	0.493212670	0.36000	0.03511	3.69147	0.44370	0.03429	-1.00000	-1.00000
16204	Rosebud_Top_P	Jail_Pond	un	7163221	74	0.500000000	0.48148	0.04113	5.63661	0.31742	0.01961	-1.00000	-1.00000
16211	Rosebud_Top_P	Jail_Pond	un	7166369	108	0.245454545	0.31034	0.03040	3.16783	0.50816	0.03704	-1.00000	-1.00000
16218	Rosebud_Top_P	Jail_Pond	un	7169853	220	0.244680851	0.30667	0.02975	3.16133	0.51333	0.04348	-1.00000	-1.00000
16224	Rosebud_Top_P	Jail_Pond	un	7171474	145	0.022958460	8.33333	0.94752	73.29038	0.92082	0.12587	-1.00000	-1.00000
16237	Rosebud_Top_P	Jail_Pond	un	7179715	82	0.500000000	2.07143	0.17768	24.14955	0.31627	0.01818	-1.00000	-1.00000
16242	Rosebud_Top_P	Jail_Pond	un	7182106	54	0.118181818	4.46154	0.46819	42.51565	0.64948	0.05660	-1.00000	-1.00000
16262	Rosebud_Top_P	Jail_Pond	un	7187786	57	0.004488740	11.57143	1.35697	98.67399	1.06339	0.16149	-1.00000	-1.00000
16280	Rosebud_Top_P	Jail_Pond	un	7194544	295	0.500000000	0.48276	0.04141	5.62819	0.31627	0.01818	-1.00000	-1.00000
16282	Rosebud_Top_P	Jail_Pond	un	7195667	112	0.025728988	7.25000	0.81543	64.45982	0.86034	0.09804	-1.00000	-1.00000
16287	Rosebud_Top_P	Jail_Pond	un	7199332	52	0.175358093	0.32143	0.07400	1.39616	0.49292	0.04855	-1.00000	-1.00000
16288	Rosebud_Top_P	Jail_Pond	un	7200357	295	0.461538462	0.41379	0.03533	4.84665	0.38322	0.02288	-1.00000	-1.00000
16296	Rosebud_Top_P	Jail_Pond	un	7204191	13	0.023501224	0.12169	0.01392	1.06357	0.91473	0.11607	-1.00000	-1.00000
16300	Rosebud_Top_P	Jail_Pond	un	7206746	64	1.000000000	1.92308	0.16389	22.56519	0.28400	0.01884	-1.00000	-1.00000
16307	Rosebud_Top_P	Jail_Pond	un	7211831	140	0.236897275	4.15385	0.43495	39.66973	0.61845	0.05462	-1.00000	-1.00000
16309	Rosebud_Top_P	Jail_Pond	un	7212556	22	0.480000000	0.44444	0.03787	5.21605	0.35218	0.02211	-1.00000	-1.00000
16313	Rosebud_Top_P	Jail_Pond	un	7214254	70	0.663337033	0.58974	0.09043	3.84611	0.22934	0.00574	-1.00000	-1.00000
16314	Rosebud_Top_P	Jail_Pond	un	7215229	152	0.001501515	0.07280	0.00852	0.62214	1.13789	0.18729	-1.00000	-1.00000
16325	Rosebud_Top_P	Jail_Pond	un	7219155	62	0.118181818	0.22414	0.02352	2.13589	0.64948	0.05660	-1.00000	-1.00000
16326	Rosebud_Top_P	Jail_Pond	un	7219966	71	0.111055145	5.43478	0.58997	50.06475	0.73518	0.08027	-1.00000	-1.00000
16335	Rosebud_Top_P	Jail_Pond	un	7224366	344	1.000000000	0.56000	0.04783	6.55691	0.25181	0.01681	-1.00000	-1.00000
16345	Rosebud_Top_P	Jail_Pond	un	7230977	331	0.481481481	0.44828	0.03837	5.23742	0.34845	0.02032	-1.00000	-1.00000
16352	Rosebud_Top_P	Jail_Pond	un	7235469	128	0.025310124	7.36364	0.82361	65.83572	0.86709	0.10638	-1.00000	-1.00000
16357	Rosebud_Top_P	Jail_Pond	un	7237277	260	0.500000000	0.48276	0.04141	5.62819	0.31627	0.01818	-1.00000	-1.00000
16359	Rosebud_Top_P	Jail_Pond	un	7238708	103	0.699408065	1.51515	0.30502	7.52622	0.18046	0.00483	-1.00000	-1.00000
16361	Rosebud_Top_P	Jail_Pond	un	7240325	100	0.493212670	2.77778	0.27089	28.48358	0.44370	0.03429	-1.00000	-1.00000
16369	Rosebud_Top_P	Jail_Pond	un	7243232	60	0.709458251	0.71739	0.14382	3.57837	0.14424	0.00317	-1.00000	-1.00000
16371	Rosebud_Top_P	Jail_Pond	un	7244276	302	0.481481481	2.23077	0.19093	26.06312	0.34845	0.02032	-1.00000	-1.00000
16375	Rosebud_Top_P	Jail_Pond	un	7246174	87	0.245098039	0.30864	0.03010	3.16484	0.51055	0.04000	-1.00000	-1.00000
16376	Rosebud_Top_P	Jail_Pond	un	7246965	81	0.000003931	33.83333	3.99090	286.82590	1.52934	0.38889	-1.00000	-1.00000
16384	Rosebud_Top_P	Jail_Pond	un	7250174	52	0.020060790	8.10000	0.90237	72.70824	0.90849	0.12037	-1.00000	-1.00000
16407	Rosebud_Top_P	Jail_Pond	un	7261582	22	0.000767558	8.80000	2.33585	33.15288	0.94448	0.22500	-1.00000	-1.00000
16410	Rosebud_Top_P	Jail_Pond	un	7263274	61	0.481481481	0.44828	0.03837	5.23742	0.34845	0.02032	-1.00000	-1.00000
16411	Rosebud_Top_P	Jail_Pond	un	7264074	61	0.025310124	7.36364	0.82361	65.83572	0.86709	0.10638	-1.00000	-1.00000
16414	Rosebud_Top_P	Jail_Pond	un	7265703	87	0.000000581	43.20000	5.04896	369.62860	1.63548	0.46429	-1.00000	-1.00000
16436	Rosebud_Top_P	Jail_Pond	un	7274450	64	0.000000000	729.00000	43.33459	12263.66797	2.86273	1.00000	-1.00000	-1.00000
16439	Rosebud_Top_P	Jail_Pond	un	7276820	89	0.006611286	10.68421	1.21537	93.92410	1.02874	0.15217	-1.00000	-1.00000
16446	Rosebud_Top_P	Jail_Pond	un	7279708	208	0.461538462	2.41667	0.20633	28.30581	0.38322	0.02288	-1.00000	-1.00000
16458	Rosebud_Top_P	Jail_Pond	un	7283660	223	0.244680851	0.30667	0.02975	3.16133	0.51333	0.04348	-1.00000	-1.00000
16461	Rosebud_Top_P	Jail_Pond	un	7284900	51	0.000000000	841.00000	50.16650	14098.67188	2.92480	1.00000	-1.00000	-1.00000
16466	Rosebud_Top_P	Jail_Pond	un	7286577	38	0.000000000	225.00000	21.94246	2307.17041	2.35218	0.85714	-1.00000	-1.00000
16474	Rosebud_Top_P	Jail_Pond	un	7289013	74	0.117647059	0.22222	0.02321	2.12804	0.65321	0.06122	-1.00000	-1.00000
16476	Rosebud_Top_P	Jail_Pond	un	7290498	16	0.001529901	0.08974	0.01755	0.45891	1.04700	0.19784	-1.00000	-1.00000
16479	Rosebud_Top_P	Jail_Pond	un	7292022	48	0.033218971	4.28571	1.12917	16.26619	0.63202	0.09470	-1.00000	-1.00000
16487	Rosebud_Top_P	Jail_Pond	un	7293612	69	0.000002091	36.81818	4.32211	313.63794	1.56606	0.42130	-1.00000	-1.00000
16497	Rosebud_Top_P	Jail_Pond	un	7299288	136	0.227113906	3.48000	0.34009	35.60907	0.54158	0.04142	-1.00000	-1.00000
16501	Rosebud_Top_P	Jail_Pond	un	7300793	96	0.245454545	0.31034	0.03040	3.16783	0.50816	0.03704	-1.00000	-1.00000
16512	Rosebud_Top_P	Jail_Pond	un	7308031	85	0.000587549	16.11111	1.89908	136.68118	1.20713	0.21538	-1.00000	-1.00000
16516	Rosebud_Top_P	Jail_Pond	un	7308827	74	0.055222089	0.17037	0.01854	1.56542	0.76861	0.08333	-1.00000	-1.00000
16528	Rosebud_Top_P	Jail_Pond	un	7313486	24	0.500000000	0.48276	0.04141	5.62819	0.31627	0.01818	-1.00000	-1.00000
16542	Rosebud_Top_P	Jail_Pond	un	7318035	37	0.227113906	0.28736	0.02808	2.94037	0.54158	0.04142	-1.00000	-1.00000
16553	Rosebud_Top_P	Jail_Pond	un	7322139	51	0.001395038	8.84615	2.15128	36.37582	0.94675	0.19849	-1.00000	-1.00000
16574	Rosebud_Top_P	Jail_Pond	un	7329623	127	0.000335760	0.05724	0.00677	0.48417	1.24231	0.23810	-1.00000	-1.00000
16580	Rosebud_Top_P	Jail_Pond	un	7330448	130	0.003714274	0.08621	0.00999	0.74418	1.06446	0.16039	-1.00000	-1.00000
16586	Rosebud_Top_P	Jail_Pond	un	7330947	47	0.000000000	99.00000	11.07302	885.12469	1.99564	0.67742	-1.00000	-1.00000
16589	Rosebud_Top_P	Jail_Pond	un	7332829	253	0.480000000	0.44444	0.03787	5.21605	0.35218	0.02211	-1.00000	-1.00000
16591	Rosebud_Top_P	Jail_Pond	un	7334203	140	0.011308779	9.00000	1.02601	78.94656	0.95424	0.13043	-1.00000	-1.00000
16596	Rosebud_Top_P	Jail_Pond	un	7336632	117	0.000163721	13.22222	3.08685	56.63604	1.12130	0.29087	-1.00000	-1.00000
16599	Rosebud_Top_P	Jail_Pond	un	7339113	152	0.500000000	0.48148	0.04113	5.63661	0.31742	0.01961	-1.00000	-1.00000
16616	Rosebud_Top_P	Jail_Pond	un	7343727	43	0.000849276	15.00000	1.76405	127.54709	1.17609	0.20930	-1.00000	-1.00000
16636	Rosebud_Top_P	Jail_Pond	un	7350302	44	0.000000730	37.92308	4.55073	316.02829	1.57890	0.40000	-1.00000	-1.00000
16638	Rosebud_Top_P	Jail_Pond	un	7351178	111	0.072885400	3.28571	0.92968	11.61252	0.51663	0.06864	-1.00000	-1.00000
16644	Rosebud_Top_P	Jail_Pond	un	7355756	16	0.245454545	0.31034	0.03040	3.16783	0.50816	0.03704	-1.00000	-1.00000
16650	Rosebud_Top_P	Jail_Pond	un	7358281	116	0.245454545	0.31034	0.03040	3.16783	0.50816	0.03704	-1.00000	-1.00000
16659	Rosebud_Top_P	Jail_Pond	un	7363148	278	0.481481481	2.23077	0.19093	26.06312	0.34845	0.02032	-1.00000	-1.00000
16665	Rosebud_Top_P	Jail_Pond	un	7365255	14	0.011308779	9.00000	1.02601	78.94656	0.95424	0.13043	-1.00000	-1.00000
16677	Rosebud_Top_P	Jail_Pond	un	7369296	76	0.011603269	8.82609	1.01217	76.96327	0.94577	0.12000	-1.00000	-1.00000
16678	Rosebud_Top_P	Jail_Pond	un	7370093	108	0.118181818	0.22414	0.02352	2.13589	0.64948	0.05660	-1.00000	-1.00000
16679	Rosebud_Top_P	Jail_Pond	un	7370951	199	0.480000000	2.25000	0.19172	26.40626	0.35218	0.02211	-1.00000	-1.00000
16682	Rosebud_Top_P	Jail_Pond	un	7373247	50	0.245454545	0.31034	0.03040	3.16783	0.50816	0.03704	-1.00000	-1.00000
16696	Rosebud_Top_P	Jail_Pond	un	7379083	109	0.022190811	9.94737	1.12900	87.64407	0.99771	0.10787	-1.00000	-1.00000
16702	Rosebud_Top_P	Jail_Pond	un	7380578	23	0.002217045	6.84000	1.95532	23.92736	0.83506	0.19023	-1.00000	-1.00000
16704	Rosebud_Top_P	Jail_Pond	un	7382224	88	0.491264850	0.33333	0.03259	3.40968	0.47712	0.03571	-1.00000	-1.00000
16705	Rosebud_Top_P	Jail_Pond	un	7382951	16	0.500000000	0.48276	0.04141	5.62819	0.31627	0.01818	-1.00000	-1.00000
16708	Rosebud_Top_P	Jail_Pond	un	7385511	63	0.000000000	783.00000	46.62555	13149.20605	2.89376	1.00000	-1.00000	-1.00000
16716	Rosebud_Top_P	Jail_Pond	un	7388711	52	1.000000000	0.51852	0.04439	6.05718	0.28524	0.01752	-1.00000	-1.00000
16717	Rosebud_Top_P	Jail_Pond	un	7390033	521	0.490612245	0.33333	0.03243	3.42639	0.47712	0.03846	-1.00000	-1.00000
16719	Rosebud_Top_P	Jail_Pond	un	7390302	10	0.085582239	3.00000	0.92987	9.67878	0.47712	0.06699	-1.00000	-1.00000
16727	Rosebud_Top_P	Jail_Pond	un	7393413	80	0.104821803	4.83333	0.50582	46.18450	0.68425	0.06335	-1.00000	-1.00000
16731	Rosebud_Top_P	Jail_Pond	un	7394330	135	0.012084093	0.08696	0.00988	0.76511	1.06070	0.13960	-1.00000	-1.00000
16732	Rosebud_Top_P	Jail_Pond	un	7395071	114	0.227113906	3.48000	0.34009	35.60907	0.54158	0.04142	-1.00000	-1.00000
16733	Rosebud_Top_P	Jail_Pond	un	7395899	114	0.117647059	4.50000	0.46992	43.09288	0.65321	0.06122	-1.00000	-1.00000
16740	Rosebud_Top_P	Jail_Pond	un	7399798	8	0.104821803	0.20690	0.02165	1.97698	0.68425	0.06335	-1.00000	-1.00000
16742	Rosebud_Top_P	Jail_Pond	un	7400861	239	0.500000000	0.48276	0.04141	5.62819	0.31627	0.01818	-1.00000	-1.00000
16745	Rosebud_Top_P	Jail_Pond	un	7402566	239	0.235918367	4.16667	0.43401	40.00140	0.61979	0.05892	-1.00000	-1.00000
16748	Rosebud_Top_P	Jail_Pond	un	7404662	67	0.001768977	13.88889	1.62905	118.41340	1.14267	0.20263	-1.00000	-1.00000
16754	Rosebud_Top_P	Jail_Pond	un	7406368	379	0.500000000	2.07692	0.17741	24.31412	0.31742	0.01961	-1.00000	-1.00000
16761	Rosebud_Top_P	Jail_Pond	un	7408415	46	0.118181818	4.46154	0.46819	42.51565	0.64948	0.05660	-1.00000	-1.00000
16774	Rosebud_Top_P	Jail_Pond	un	7413189	138	0.245454545	0.31034	0.03040	3.16783	0.50816	0.03704	-1.00000	-1.00000
16785	Rosebud_Top_P	Jail_Pond	un	7417814	24	0.002076008	12.78947	1.49310	109.55123	1.10685	0.18182	-1.00000	-1.00000
16792	Rosebud_Top_P	Jail_Pond	un	7422043	67	0.000127909	0.04938	0.00586	0.41625	1.30642	0.26829	-1.00000	-1.00000
16799	Rosebud_Top_P	Jail_Pond	un	7425149	6	0.227113906	3.48000	0.34009	35.60907	0.54158	0.04142	-1.00000	-1.00000
16810	Rosebud_Top_P	Jail_Pond	un	7430989	77	0.001369902	0.06996	0.00812	0.60257	1.15516	0.20635	-1.00000	-1.00000
16823	Rosebud_Top_P	Jail_Pond	un	7437213	58	0.055746141	5.80000	0.63455	53.01424	0.76343	0.07692	-1.00000	-1.00000
16830	Rosebud_Top_P	Jail_Pond	un	7439566	27	0.005105438	10.54545	1.22656	90.66576	1.02307	0.14286	-1.00000	-1.00000
16840	Rosebud_Top_P	Jail_Pond	un	7443570	30	0.000004013	33.33333	3.94401	281.72150	1.52288	0.39560	-1.00000	-1.00000
16872	Rosebud_Top_P	Jail_Pond	un	7456067	52	0.118181818	4.46154	0.46819	42.51565	0.64948	0.05660	-1.00000	-1.00000
16879	Rosebud_Top_P	Jail_Pond	un	7458900	384	0.500000000	0.48276	0.04141	5.62819	0.31627	0.01818	-1.00000	-1.00000
16880	Rosebud_Top_P	Jail_Pond	un	7459351	34	0.491264850	0.33333	0.03259	3.40968	0.47712	0.03571	-1.00000	-1.00000
16894	Rosebud_Top_P	Jail_Pond	un	7466678	76	0.118181818	4.46154	0.46819	42.51565	0.64948	0.05660	-1.00000	-1.00000
16899	Rosebud_Top_P	Jail_Pond	un	7468279	109	0.111055145	5.43478	0.58997	50.06475	0.73518	0.08027	-1.00000	-1.00000
16903	Rosebud_Top_P	Jail_Pond	un	7469847	37	0.046139818	0.15556	0.01687	1.43442	0.80811	0.09420	-1.00000	-1.00000
16914	Rosebud_Top_P	Jail_Pond	un	7472831	32	0.000368554	0.05956	0.00710	0.49986	1.22504	0.21739	-1.00000	-1.00000
16917	Rosebud_Top_P	Jail_Pond	un	7473676	41	0.104821803	4.83333	0.50582	46.18450	0.68425	0.06335	-1.00000	-1.00000
16923	Rosebud_Top_P	Jail_Pond	un	7477805	58	0.046139818	6.42857	0.69714	59.27980	0.80811	0.09420	-1.00000	-1.00000
16930	Rosebud_Top_P	Jail_Pond	un	7481142	93	0.491264850	0.33333	0.03259	3.40968	0.47712	0.03571	-1.00000	-1.00000
16935	Rosebud_Top_P	Jail_Pond	un	7483362	28	0.000001694	35.30769	4.22710	294.91452	1.54787	0.39098	-1.00000	-1.00000
16937	Rosebud_Top_P	Jail_Pond	un	7485105	154	0.236897275	4.15385	0.43495	39.66973	0.61845	0.05462	-1.00000	-1.00000
16946	Rosebud_Top_P	Jail_Pond	un	7490443	85	0.000013103	29.00000	3.42359	245.64850	1.46240	0.35000	-1.00000	-1.00000
16955	Rosebud_Top_P	Jail_Pond	un	7495369	147	1.000000000	1.92857	0.16509	22.52900	0.28524	0.01752	-1.00000	-1.00000
16959	Rosebud_Top_P	Jail_Pond	un	7497179	351	0.025728988	0.13793	0.01551	1.22635	0.86034	0.09804	-1.00000	-1.00000
16969	Rosebud_Top_P	Jail_Pond	un	7501381	13	0.005105438	10.54545	1.22656	90.66576	1.02307	0.14286	-1.00000	-1.00000
16972	Rosebud_Top_P	Jail_Pond	un	7503867	64	0.112015456	0.18519	0.02022	1.69642	0.73239	0.07429	-1.00000	-1.00000
16977	Rosebud_Top_P	Jail_Pond	un	7506054	38	0.047272578	0.15862	0.01730	1.45424	0.79964	0.08615	-1.00000	-1.00000
16980	Rosebud_Top_P	Jail_Pond	un	7507634	22	0.000000000	241.66667	23.61758	2472.85181	2.38322	0.86154	-1.00000	-1.00000
16988	Rosebud_Top_P	Jail_Pond	un	7509988	142	0.046799852	8.10000	0.90237	72.70824	0.90849	0.08419	-1.00000	-1.00000
16998	Rosebud_Top_P	Jail_Pond	un	7515608	24	1.000000000	1.00000	0.21910	4.56405	0.00000	0.00000	-1.00000	-1.00000
16999	Rosebud_Top_P	Jail_Pond	un	7516651	193	0.500000000	0.48000	0.04081	5.64636	0.31876	0.02128	-1.00000	-1.00000
17007	Rosebud_Top_P	Jail_Pond	un	7520787	259	0.461538462	0.41379	0.03533	4.84665	0.38322	0.02288	-1.00000	-1.00000
17015	Rosebud_Top_P	Jail_Pond	un	7525179	50	0.000000016	65.25000	7.52132	566.06567	1.81458	0.56667	-1.00000	-1.00000
17048	Rosebud_Top_P	Jail_Pond	un	7540076	29	0.000000000	133.39999	14.55060	1223.01221	2.12516	0.74038	-1.00000	-1.00000
17051	Rosebud_Top_P	Jail_Pond	un	7542066	359	0.245098039	3.24000	0.31597	33.22326	0.51055	0.04000	-1.00000	-1.00000
17059	Rosebud_Top_P	Jail_Pond	un	7545371	15	0.023501224	8.21739	0.94023	71.81789	0.91473	0.11607	-1.00000	-1.00000
17063	Rosebud_Top_P	Jail_Pond	un	7547458	455	1.000000000	1.78571	0.15251	20.90852	0.25181	0.01681	-1.00000	-1.00000
17067	Rosebud_Top_P	Jail_Pond	un	7550084	79	0.054169360	6.25000	0.69956	55.83867	0.79588	0.09119	-1.00000	-1.00000
17075	Rosebud_Top_P	Jail_Pond	un	7553431	113	0.047272578	6.30435	0.68765	57.79831	0.79964	0.08615	-1.00000	-1.00000
17093	Rosebud_Top_P	Jail_Pond	un	7563129	132	0.500000000	0.48276	0.04141	5.62819	0.31627	0.01818	-1.00000	-1.00000
17100	Rosebud_Top_P	Jail_Pond	un	7566273	119	0.200180072	0.22000	0.02284	2.11887	0.65758	0.03830	-1.00000	-1.00000
17104	Rosebud_Top_P	Jail_Pond	un	7568337	43	0.245098039	3.24000	0.31597	33.22326	0.51055	0.04000	-1.00000	-1.00000
17107	Rosebud_Top_P	Jail_Pond	un	7570771	65	0.481481481	2.23077	0.19093	26.06312	0.34845	0.02032	-1.00000	-1.00000
17108	Rosebud_Top_P	Jail_Pond	un	7571508	92	0.000000000	159.50000	16.63843	1529.00562	2.20276	0.79032	-1.00000	-1.00000
17112	Rosebud_Top_P	Jail_Pond	un	7572369	100	0.500000000	2.07143	0.17768	24.14955	0.31627	0.01818	-1.00000	-1.00000
17113	Rosebud_Top_P	Jail_Pond	un	7573061	38	0.000000636	31.66667	6.71640	149.30278	1.50060	0.47709	-1.00000	-1.00000
17115	Rosebud_Top_P	Jail_Pond	un	7574629	103	0.104821803	4.83333	0.50582	46.18450	0.68425	0.06335	-1.00000	-1.00000
17119	Rosebud_Top_P	Jail_Pond	un	7576193	64	0.000000000	351.00000	29.98258	4109.08643	2.54531	0.92593	-1.00000	-1.00000
17121	Rosebud_Top_P	Jail_Pond	un	7577915	261	0.480000000	2.25000	0.19172	26.40626	0.35218	0.02211	-1.00000	-1.00000
17127	Rosebud_Top_P	Jail_Pond	un	7581906	373	0.244680851	3.26087	0.31632	33.61525	0.51333	0.04348	-1.00000	-1.00000
17133	Rosebud_Top_P	Jail_Pond	un	7585763	84	0.000008647	28.57143	3.41708	238.89586	1.45593	0.34749	-1.00000	-1.00000
17136	Rosebud_Top_P	Jail_Pond	un	7588271	153	0.047272578	6.30435	0.68765	57.79831	0.79964	0.08615	-1.00000	-1.00000
17157	Rosebud_Top_P	Jail_Pond	un	7595284	131	0.500000000	0.48276	0.04141	5.62819	0.31627	0.01818	-1.00000	-1.00000
17164	Rosebud_Top_P	Jail_Pond	un	7598439	68	0.000000000	406.00000	34.82467	4733.31104	2.60853	0.93103	-1.00000	-1.00000
17165	Rosebud_Top_P	Jail_Pond	un	7599159	7	0.245454545	0.31034	0.03040	3.16783	0.50816	0.03704	-1.00000	-1.00000
17167	Rosebud_Top_P	Jail_Pond	un	7599941	46	0.236897275	0.24074	0.02521	2.29910	0.61845	0.05462	-1.00000	-1.00000
17192	Rosebud_Top_P	Jail_Pond	un	7612940	9	0.000000251	38.50000	7.68044	192.99030	1.58546	0.51923	-1.00000	-1.00000
17198	Rosebud_Top_P	Jail_Pond	un	7615552	130	0.000000893	38.66667	4.59785	325.17648	1.58734	0.41420	-1.00000	-1.00000
17203	Rosebud_Top_P	Jail_Pond	un	7617009	40	0.011603269	8.82609	1.01217	76.96327	0.94577	0.12000	-1.00000	-1.00000
17234	Rosebud_Top_P	Jail_Pond	un	7630519	42	0.245098039	0.30864	0.03010	3.16484	0.51055	0.04000	-1.00000	-1.00000
17238	Rosebud_Top_P	Jail_Pond	un	7631341	41	0.500000000	2.07143	0.17768	24.14955	0.31627	0.01818	-1.00000	-1.00000
17263	Rosebud_Top_P	Jail_Pond	un	7640619	16	0.142348115	0.38095	0.10858	1.33658	0.41913	0.04505	-1.00000	-1.00000
17271	Rosebud_Top_P	Jail_Pond	un	7643902	111	0.500000000	2.07143	0.17768	24.14955	0.31627	0.01818	-1.00000	-1.00000
17282	Rosebud_Top_P	Jail_Pond	un	7649534	45	0.004409847	6.41667	1.72250	23.90345	0.80731	0.16340	-1.00000	-1.00000
17290	Rosebud_Top_P	Jail_Pond	un	7650407	128	0.011308779	0.11111	0.01267	0.97465	0.95424	0.13043	-1.00000	-1.00000
17294	Rosebud_Top_P	Jail_Pond	un	7651966	111	0.245454545	0.31034	0.03040	3.16783	0.50816	0.03704	-1.00000	-1.00000
17296	Rosebud_Top_P	Jail_Pond	un	7652846	110	0.008470111	9.94737	1.12900	87.64407	0.99771	0.14773	-1.00000	-1.00000
17310	Rosebud_Top_P	Jail_Pond	un	7657576	82	0.493212670	0.36000	0.03511	3.69147	0.44370	0.03429	-1.00000	-1.00000
17323	Rosebud_Top_P	Jail_Pond	un	7659831	52	0.000001173	55.85714	6.26951	497.64975	1.74708	0.47407	-1.00000	-1.00000
17352	Rosebud_Top_P	Jail_Pond	un	7670569	85	0.001433399	8.18182	2.19946	30.43567	0.91285	0.20626	-1.00000	-1.00000
17355	Rosebud_Top_P	Jail_Pond	un	7671472	94	0.055746141	0.17241	0.01886	1.57593	0.76343	0.07692	-1.00000	-1.00000
17370	Rosebud_Top_P	Jail_Pond	un	7675321	109	1.000000000	0.51852	0.04439	6.05718	0.28524	0.01752	-1.00000	-1.00000
17373	Rosebud_Top_P	Jail_Pond	un	7677695	114	0.039250162	0.14483	0.01574	1.33255	0.83915	0.09722	-1.00000	-1.00000
17381	Rosebud_Top_P	Jail_Pond	un	7681128	478	0.480000000	2.25000	0.19172	26.40626	0.35218	0.02211	-1.00000	-1.00000
17382	Rosebud_Top_P	Jail_Pond	un	7681509	65	0.000101828	0.04615	0.00547	0.38929	1.33579	0.29150	-1.00000	-1.00000
17392	Rosebud_Top_P	Jail_Pond	un	7683921	51	0.000849276	0.06667	0.00784	0.56688	1.17609	0.20930	-1.00000	-1.00000
17393	Rosebud_Top_P	Jail_Pond	un	7685022	358	0.500000000	2.07692	0.17741	24.31412	0.31742	0.01961	-1.00000	-1.00000
17403	Rosebud_Top_P	Jail_Pond	un	7686494	133	0.481481481	0.44828	0.03837	5.23742	0.34845	0.02032	-1.00000	-1.00000
17413	Rosebud_Top_P	Jail_Pond	un	7693269	338	0.227113906	3.48000	0.34009	35.60907	0.54158	0.04142	-1.00000	-1.00000
17423	Rosebud_Top_P	Jail_Pond	un	7697138	277	0.227113906	3.48000	0.34009	35.60907	0.54158	0.04142	-1.00000	-1.00000
17426	Rosebud_Top_P	Jail_Pond	un	7699216	68	0.104821803	4.83333	0.50582	46.18450	0.68425	0.06335	-1.00000	-1.00000
17429	Rosebud_Top_P	Jail_Pond	un	7700793	21	0.245454545	3.22222	0.31567	32.89072	0.50816	0.03704	-1.00000	-1.00000
17434	Rosebud_Top_P	Jail_Pond	un	7703287	82	0.002464405	0.12000	0.02892	0.49800	0.92082	0.18480	-1.00000	-1.00000
17462	Rosebud_Top_P	Jail_Pond	un	7712788	203	0.500000000	0.48276	0.04141	5.62819	0.31627	0.01818	-1.00000	-1.00000
17478	Rosebud_Top_P	Jail_Pond	un	7719171	301	0.480000000	2.25000	0.19172	26.40626	0.35218	0.02211	-1.00000	-1.00000
17480	Rosebud_Top_P	Jail_Pond	un	7720626	70	0.000000000	100.00000	11.19296	893.41876	2.00000	0.67980	-1.00000	-1.00000
17490	Rosebud_Top_P	Jail_Pond	un	7723633	16	0.023501224	0.12169	0.01392	1.06357	0.91473	0.11607	-1.00000	-1.00000
17493	Rosebud_Top_P	Jail_Pond	un	7725878	45	0.000000001	96.66666	10.79318	865.77277	1.98528	0.67172	-1.00000	-1.00000
17504	Rosebud_Top_P	Jail_Pond	un	7730701	106	0.245098039	0.30864	0.03010	3.16484	0.51055	0.04000	-1.00000	-1.00000
17505	Rosebud_Top_P	Jail_Pond	un	7731714	277	0.491264850	0.33333	0.03259	3.40968	0.47712	0.03571	-1.00000	-1.00000
17508	Rosebud_Top_P	Jail_Pond	un	7732923	71	0.054169360	6.25000	0.69956	55.83867	0.79588	0.09119	-1.00000	-1.00000
17511	Rosebud_Top_P	Jail_Pond	un	7734519	58	0.000911685	0.06897	0.00817	0.58216	1.16137	0.19149	-1.00000	-1.00000
17516	Rosebud_Top_P	Jail_Pond	un	7736993	74	0.227113906	3.48000	0.34009	35.60907	0.54158	0.04142	-1.00000	-1.00000
17523	Rosebud_Top_P	Jail_Pond	un	7740641	6	0.000001260	22.00000	5.47325	88.43002	1.34242	0.41538	-1.00000	-1.00000
17534	Rosebud_Top_P	Jail_Pond	un	7744751	258	1.000000000	1.78571	0.15251	20.90852	0.25181	0.01681	-1.00000	-1.00000
17535	Rosebud_Top_P	Jail_Pond	un	7745376	55	0.045086120	8.33333	0.92148	75.36156	0.92082	0.09277	-1.00000	-1.00000
17545	Rosebud_Top_P	Jail_Pond	un	7751472	41	0.000046796	0.04274	0.00508	0.35949	1.36922	0.30000	-1.00000	-1.00000
17551	Rosebud_Top_P	Jail_Pond	un	7754738	136	0.000000000	207.00000	20.12924	2128.69409	2.31597	0.85119	-1.00000	-1.00000
17566	Rosebud_Top_P	Jail_Pond	un	7757801	43	0.055222089	5.86957	0.63881	53.93145	0.76861	0.08333	-1.00000	-1.00000
17571	Rosebud_Top_P	Jail_Pond	un	7759504	50	0.046139818	6.42857	0.69714	59.27980	0.80811	0.09420	-1.00000	-1.00000
17583	Rosebud_Top_P	Jail_Pond	un	7767084	219	0.208144796	3.78261	0.36861	38.81679	0.57779	0.04667	-1.00000	-1.00000
17595	Rosebud_Top_P	Jail_Pond	un	7771877	274	0.046139818	6.42857	0.69714	59.27980	0.80811	0.09420	-1.00000	-1.00000
17597	Rosebud_Top_P	Jail_Pond	un	7773345	70	0.022958460	0.12000	0.01364	1.05538	0.92082	0.12587	-1.00000	-1.00000
17598	Rosebud_Top_P	Jail_Pond	un	7774091	45	1.000000000	1.78571	0.15251	20.90852	0.25181	0.01681	-1.00000	-1.00000
17603	Rosebud_Top_P	Jail_Pond	un	7775713	79	0.227113906	3.48000	0.34009	35.60907	0.54158	0.04142	-1.00000	-1.00000
17626	Rosebud_Top_P	Jail_Pond	un	7784835	94	0.030152868	0.21488	0.05660	0.81577	0.66781	0.11020	-1.00000	-1.00000
17627	Rosebud_Top_P	Jail_Pond	un	7785623	147	0.000028156	25.13333	2.99466	210.93718	1.40025	0.30769	-1.00000	-1.00000
17632	Rosebud_Top_P	Jail_Pond	un	7787062	18	0.118181818	0.22414	0.02352	2.13589	0.64948	0.05660	-1.00000	-1.00000
17635	Rosebud_Top_P	Jail_Pond	un	7789782	369	0.091583710	5.27273	0.55003	50.54564	0.72204	0.07143	-1.00000	-1.00000
17659	Rosebud_Top_P	Jail_Pond	un	7797509	37	0.002163840	16.86667	1.96860	144.51083	1.22703	0.19907	-1.00000	-1.00000
17662	Rosebud_Top_P	Jail_Pond	un	7798304	30	0.025310124	0.13580	0.01519	1.21416	0.86709	0.10638	-1.00000	-1.00000
17663	Rosebud_Top_P	Jail_Pond	un	7799207	144	0.000000000	99.00000	11.07302	885.12469	1.99564	0.67742	-1.00000	-1.00000
17670	Rosebud_Top_P	Jail_Pond	un	7802245	122	0.047272578	6.30435	0.68765	57.79831	0.79964	0.08615	-1.00000	-1.00000
17673	Rosebud_Top_P	Jail_Pond	un	7803044	82	0.051876516	0.14815	0.01663	1.32015	0.82930	0.09475	-1.00000	-1.00000
17676	Rosebud_Top_P	Jail_Pond	un	7804663	50	0.020799934	7.90909	0.88661	70.55416	0.89813	0.10989	-1.00000	-1.00000
17682	Rosebud_Top_P	Jail_Pond	un	7808218	342	0.245098039	3.24000	0.31597	33.22326	0.51055	0.04000	-1.00000	-1.00000
17683	Rosebud_Top_P	Jail_Pond	un	7808699	29	0.051107251	6.81818	0.76063	61.11749	0.83367	0.10256	-1.00000	-1.00000
17684	Rosebud_Top_P	Jail_Pond	un	7809545	100	0.493212670	0.36000	0.03511	3.69147	0.44370	0.03429	-1.00000	-1.00000
17698	Rosebud_Top_P	Jail_Pond	un	7819003	23	0.000000000	162.00000	16.91695	1551.34375	2.20952	0.79310	-1.00000	-1.00000
17699	Rosebud_Top_P	Jail_Pond	un	7819848	50	1.000000000	0.51852	0.04439	6.05718	0.28524	0.01752	-1.00000	-1.00000
17701	Rosebud_Top_P	Jail_Pond	un	7820569	51	0.004279824	0.08444	0.00983	0.72525	1.07343	0.17582	-1.00000	-1.00000
17702	Rosebud_Top_P	Jail_Pond	un	7821399	34	0.481481481	0.44828	0.03837	5.23742	0.34845	0.02032	-1.00000	-1.00000
17710	Rosebud_Top_P	Jail_Pond	un	7824075	435	1.000000000	1.92308	0.16389	22.56519	0.28400	0.01884	-1.00000	-1.00000
17718	Rosebud_Top_P	Jail_Pond	un	7827732	147	0.500000000	0.48276	0.04141	5.62819	0.31627	0.01818	-1.00000	-1.00000
17719	Rosebud_Top_P	Jail_Pond	un	7828448	75	0.001104672	7.36735	2.16302	25.09353	0.86731	0.21302	-1.00000	-1.00000
17725	Rosebud_Top_P	Jail_Pond	un	7830864	27	0.010968168	9.21053	1.04264	81.36432	0.96428	0.14286	-1.00000	-1.00000
17731	Rosebud_Top_P	Jail_Pond	un	7833897	9	0.500000000	0.48148	0.04113	5.63661	0.31742	0.01961	-1.00000	-1.00000
17735	Rosebud_Top_P	Jail_Pond	un	7836197	92	1.000000000	0.56000	0.04783	6.55691	0.25181	0.01681	-1.00000	-1.00000
17736	Rosebud_Top_P	Jail_Pond	un	7837011	84	0.000000001	90.00000	10.02637	807.86932	1.95424	0.66398	-1.00000	-1.00000
17739	Rosebud_Top_P	Jail_Pond	un	7838549	36	0.002260552	6.75000	1.94572	23.41676	0.82930	0.19564	-1.00000	-1.00000
17744	Rosebud_Top_P	Jail_Pond	un	7842654	89	0.245454545	3.22222	0.31567	32.89072	0.50816	0.03704	-1.00000	-1.00000
17745	Rosebud_Top_P	Jail_Pond	un	7843471	103	0.481481481	0.44828	0.03837	5.23742	0.34845	0.02032	-1.00000	-1.00000
17746	Rosebud_Top_P	Jail_Pond	un	7844289	156	0.493212670	0.36000	0.03511	3.69147	0.44370	0.03429	-1.00000	-1.00000
17751	Rosebud_Top_P	Jail_Pond	un	7847330	27	0.000000001	91.66666	10.22621	821.69061	1.96221	0.66844	-1.00000	-1.00000
17758	Rosebud_Top_P	Jail_Pond	un	7849026	24	0.004488740	0.08642	0.01013	0.73693	1.06339	0.16149	-1.00000	-1.00000
17759	Rosebud_Top_P	Jail_Pond	un	7849977	151	0.104821803	0.20690	0.02165	1.97698	0.68425	0.06335	-1.00000	-1.00000
17764	Rosebud_Top_P	Jail_Pond	un	7851614	193	0.480000000	0.44444	0.03787	5.21605	0.35218	0.02211	-1.00000	-1.00000
17768	Rosebud_Top_P	Jail_Pond	un	7854075	257	0.000000000	725.00000	43.08483	12199.76953	2.86034	1.00000	-1.00000	-1.00000
17770	Rosebud_Top_P	Jail_Pond	un	7855623	117	0.000001228	38.63636	4.55546	327.68777	1.58700	0.43439	-1.00000	-1.00000
17772	Rosebud_Top_P	Jail_Pond	un	7856403	21	0.208144796	3.78261	0.36861	38.81679	0.57779	0.04667	-1.00000	-1.00000
17783	Rosebud_Top_P	Jail_Pond	un	7858976	90	0.111055145	0.18400	0.01997	1.69499	0.73518	0.08027	-1.00000	-1.00000
17786	Rosebud_Top_P	Jail_Pond	un	7861312	22	0.104821803	4.83333	0.50582	46.18450	0.68425	0.06335	-1.00000	-1.00000
17788	Rosebud_Top_P	Jail_Pond	un	7862462	392	0.500000000	0.48148	0.04113	5.63661	0.31742	0.01961	-1.00000	-1.00000
17791	Rosebud_Top_P	Jail_Pond	un	7864507	61	0.000587549	16.11111	1.89908	136.68118	1.20713	0.21538	-1.00000	-1.00000
17802	Rosebud_Top_P	Jail_Pond	un	7869441	114	0.227113906	0.28736	0.02808	2.94037	0.54158	0.04142	-1.00000	-1.00000
17804	Rosebud_Top_P	Jail_Pond	un	7870246	40	0.002022280	11.00000	2.16364	55.92439	1.04139	0.20255	-1.00000	-1.00000
17817	Rosebud_Top_P	Jail_Pond	un	7878105	60	0.020799934	0.12644	0.01417	1.12790	0.89813	0.10989	-1.00000	-1.00000
17824	Rosebud_Top_P	Jail_Pond	un	7880497	250	0.480000000	0.44444	0.03787	5.21605	0.35218	0.02211	-1.00000	-1.00000
17848	Rosebud_Top_P	Jail_Pond	un	7893072	75	0.100520301	2.71429	0.86801	8.48765	0.43366	0.05594	-1.00000	-1.00000
17852	Rosebud_Top_P	Jail_Pond	un	7896334	45	0.000299853	0.05455	0.00639	0.46588	1.26324	0.26316	-1.00000	-1.00000
17856	Rosebud_Top_P	Jail_Pond	un	7898017	145	0.500000000	0.48276	0.04141	5.62819	0.31627	0.01818	-1.00000	-1.00000
17859	Rosebud_Top_P	Jail_Pond	un	7898864	150	0.047272578	0.15862	0.01730	1.45424	0.79964	0.08615	-1.00000	-1.00000
17868	Rosebud_Top_P	Jail_Pond	un	7902636	34	0.117647059	0.22222	0.02321	2.12804	0.65321	0.06122	-1.00000	-1.00000
17883	Rosebud_Top_P	Jail_Pond	un	7907256	154	0.186526959	0.36000	0.08263	1.56840	0.44370	0.03478	-1.00000	-1.00000
17886	Rosebud_Top_P	Jail_Pond	un	7908760	43	0.000000279	60.75000	6.98673	528.22418	1.78355	0.47196	-1.00000	-1.00000
17893	Rosebud_Top_P	Jail_Pond	un	7911237	66	1.000000000	1.78571	0.15251	20.90852	0.25181	0.01681	-1.00000	-1.00000
17908	Rosebud_Top_P	Jail_Pond	un	7919579	331	0.480000000	2.25000	0.19172	26.40626	0.35218	0.02211	-1.00000	-1.00000
17911	Rosebud_Top_P	Jail_Pond	un	7920274	95	0.028415981	5.00000	1.16500	21.45925	0.69897	0.10769	-1.00000	-1.00000
17948	Rosebud_Top_P	Jail_Pond	un	7933812	105	1.000000000	0.56000	0.04783	6.55691	0.25181	0.01681	-1.00000	-1.00000
17952	Rosebud_Top_P	Jail_Pond	un	7934612	72	0.481481481	0.44828	0.03837	5.23742	0.34845	0.02032	-1.00000	-1.00000
17960	Rosebud_Top_P	Jail_Pond	un	7938598	113	0.602040816	0.44000	0.03729	5.19112	0.35655	0.00891	-1.00000	-1.00000
17966	Rosebud_Top_P	Jail_Pond	un	7939351	79	0.025728988	7.25000	0.81543	64.45982	0.86034	0.09804	-1.00000	-1.00000
17972	Rosebud_Top_P	Jail_Pond	un	7941145	274	0.227113906	3.48000	0.34009	35.60907	0.54158	0.04142	-1.00000	-1.00000
17976	Rosebud_Top_P	Jail_Pond	un	7943643	77	0.490612245	3.00000	0.29185	30.83754	0.47712	0.03846	-1.00000	-1.00000
17978	Rosebud_Top_P	Jail_Pond	un	7944398	33	0.114880414	0.20000	0.02178	1.83684	0.69897	0.07143	-1.00000	-1.00000
17980	Rosebud_Top_P	Jail_Pond	un	7945280	150	0.578005186	1.42857	0.46136	4.42351	0.15490	0.00767	-1.00000	-1.00000
17985	Rosebud_Top_P	Jail_Pond	un	7946889	85	0.491264850	3.00000	0.29328	30.68711	0.47712	0.03571	-1.00000	-1.00000
17990	Rosebud_Top_P	Jail_Pond	un	7948407	52	0.500000000	0.48148	0.04113	5.63661	0.31742	0.01961	-1.00000	-1.00000
17994	Rosebud_Top_P	Jail_Pond	un	7951736	93	0.002188045	12.42857	1.46083	105.74072	1.09442	0.16667	-1.00000	-1.00000
17995	Rosebud_Top_P	Jail_Pond	un	7952681	105	0.000911685	14.50000	1.71773	122.39995	1.16137	0.19149	-1.00000	-1.00000
17996	Rosebud_Top_P	Jail_Pond	un	7953457	22	0.500000000	0.48276	0.04141	5.62819	0.31627	0.01818	-1.00000	-1.00000
17997	Rosebud_Top_P	Jail_Pond	un	7954254	9	0.117647059	4.50000	0.46992	43.09288	0.65321	0.06122	-1.00000	-1.00000
18000	Rosebud_Top_P	Jail_Pond	un	7955691	38	0.000005460	31.15385	3.70346	262.06906	1.49351	0.36842	-1.00000	-1.00000
18013	Rosebud_Top_P	Jail_Pond	un	7962379	80	0.022688676	4.60000	1.36043	15.55390	0.66276	0.11522	-1.00000	-1.00000
18023	Rosebud_Top_P	Jail_Pond	un	7966455	143	1.000000000	0.51852	0.04439	6.05718	0.28524	0.01752	-1.00000	-1.00000
18032	Rosebud_Top_P	Jail_Pond	un	7968868	196	0.481481481	0.44828	0.03837	5.23742	0.34845	0.02032	-1.00000	-1.00000
18035	Rosebud_Top_P	Jail_Pond	un	7970472	146	1.000000000	0.51852	0.04439	6.05718	0.28524	0.01752	-1.00000	-1.00000
18037	Rosebud_Top_P	Jail_Pond	un	7971955	22	0.227113906	0.28736	0.02808	2.94037	0.54158	0.04142	-1.00000	-1.00000
18047	Rosebud_Top_P	Jail_Pond	un	7977781	275	0.500000000	0.48148	0.04113	5.63661	0.31742	0.01961	-1.00000	-1.00000
18061	Rosebud_Top_P	Jail_Pond	un	7980165	234	0.500000000	2.07692	0.17741	24.31412	0.31742	0.01961	-1.00000	-1.00000
18067	Rosebud_Top_P	Jail_Pond	un	7983110	153	0.000067711	14.00000	3.68232	53.22734	1.14613	0.33333	-1.00000	-1.00000
18080	Rosebud_Top_P	Jail_Pond	un	7987817	28	0.104821803	4.83333	0.50582	46.18450	0.68425	0.06335	-1.00000	-1.00000
18108	Rosebud_Top_P	Jail_Pond	un	7998535	320	1.000000000	1.78571	0.15251	20.90852	0.25181	0.01681	-1.00000	-1.00000
18112	Rosebud_Top_P	Jail_Pond	un	7999914	59	0.491264850	0.33333	0.03259	3.40968	0.47712	0.03571	-1.00000	-1.00000
18118	Rosebud_Top_P	Jail_Pond	un	8003961	63	0.000144217	19.33333	2.31339	161.57144	1.28631	0.24444	-1.00000	-1.00000
18120	Rosebud_Top_P	Jail_Pond	un	8005032	279	0.461538462	2.41667	0.20633	28.30581	0.38322	0.02288	-1.00000	-1.00000
18127	Rosebud_Top_P	Jail_Pond	un	8006340	36	0.001858792	0.05926	0.00693	0.50704	1.22724	0.18736	-1.00000	-1.00000
18140	Rosebud_Top_P	Jail_Pond	un	8015485	293	0.481481481	0.44828	0.03837	5.23742	0.34845	0.02032	-1.00000	-1.00000
18142	Rosebud_Top_P	Jail_Pond	un	8016926	102	0.493212670	0.36000	0.03511	3.69147	0.44370	0.03429	-1.00000	-1.00000
18144	Rosebud_Top_P	Jail_Pond	un	8017805	158	0.500000000	0.48148	0.04113	5.63661	0.31742	0.01961	-1.00000	-1.00000
18150	Rosebud_Top_P	Jail_Pond	un	8020287	302	1.000000000	0.51852	0.04439	6.05718	0.28524	0.01752	-1.00000	-1.00000
18151	Rosebud_Top_P	Jail_Pond	un	8021058	290	0.500000000	0.48276	0.04141	5.62819	0.31627	0.01818	-1.00000	-1.00000
18152	Rosebud_Top_P	Jail_Pond	un	8022004	363	1.000000000	1.92308	0.16389	22.56519	0.28400	0.01884	-1.00000	-1.00000
18159	Rosebud_Top_P	Jail_Pond	un	8024077	15	0.000063952	11.50000	3.23628	40.86480	1.06070	0.29032	-1.00000	-1.00000
18162	Rosebud_Top_P	Jail_Pond	un	8026857	323	1.000000000	1.92308	0.16389	22.56519	0.28400	0.01884	-1.00000	-1.00000
18167	Rosebud_Top_P	Jail_Pond	un	8029333	440	0.491264850	0.33333	0.03259	3.40968	0.47712	0.03571	-1.00000	-1.00000
18177	Rosebud_Top_P	Jail_Pond	un	8034483	321	0.461538462	2.41667	0.20633	28.30581	0.38322	0.02288	-1.00000	-1.00000
18188	Rosebud_Top_P	Jail_Pond	un	8037557	103	0.000080714	21.75000	2.58629	182.91176	1.33746	0.27549	-1.00000	-1.00000
18196	Rosebud_Top_P	Jail_Pond	un	8040830	92	0.025728988	7.25000	0.81543	64.45982	0.86034	0.09804	-1.00000	-1.00000
18197	Rosebud_Top_P	Jail_Pond	un	8041590	6	0.104821803	0.20690	0.02165	1.97698	0.68425	0.06335	-1.00000	-1.00000
18219	Rosebud_Top_P	Jail_Pond	un	8051854	57	0.022190811	9.94737	1.12900	87.64407	0.99771	0.10787	-1.00000	-1.00000
18229	Rosebud_Top_P	Jail_Pond	un	8054394	8	0.173510807	2.25000	0.72434	6.98908	0.35218	0.03840	-1.00000	-1.00000
18230	Rosebud_Top_P	Jail_Pond	un	8055380	154	0.245098039	3.24000	0.31597	33.22326	0.51055	0.04000	-1.00000	-1.00000
18233	Rosebud_Top_P	Jail_Pond	un	8056890	26	0.025728988	7.25000	0.81543	64.45982	0.86034	0.09804	-1.00000	-1.00000
18239	Rosebud_Top_P	Jail_Pond	un	8060196	25	0.000146857	10.50000	2.93643	37.54554	1.02119	0.27359	-1.00000	-1.00000
18240	Rosebud_Top_P	Jail_Pond	un	8061049	58	0.001369902	0.06996	0.00812	0.60257	1.15516	0.20635	-1.00000	-1.00000
18251	Rosebud_Top_P	Jail_Pond	un	8065139	99	0.500000000	0.48148	0.04113	5.63661	0.31742	0.01961	-1.00000	-1.00000
18253	Rosebud_Top_P	Jail_Pond	un	8065933	54	0.117647059	0.22222	0.02321	2.12804	0.65321	0.06122	-1.00000	-1.00000
18257	Rosebud_Top_P	Jail_Pond	un	8068384	36	0.491264850	0.33333	0.03259	3.40968	0.47712	0.03571	-1.00000	-1.00000
18258	Rosebud_Top_P	Jail_Pond	un	8069321	282	0.491264850	3.00000	0.29328	30.68711	0.47712	0.03571	-1.00000	-1.00000
18266	Rosebud_Top_P	Jail_Pond	un	8073658	35	0.000911685	14.50000	1.71773	122.39995	1.16137	0.19149	-1.00000	-1.00000
18269	Rosebud_Top_P	Jail_Pond	un	8075227	49	0.015221131	5.62222	1.34169	23.55934	0.74991	0.12030	-1.00000	-1.00000
18275	Rosebud_Top_P	Jail_Pond	un	8076872	123	0.008914258	9.66667	1.10451	84.60300	0.98528	0.13462	-1.00000	-1.00000
18278	Rosebud_Top_P	Jail_Pond	un	8078452	46	0.186526959	0.36000	0.08263	1.56840	0.44370	0.03478	-1.00000	-1.00000
18280	Rosebud_Top_P	Jail_Pond	un	8080444	303	1.000000000	1.92308	0.16389	22.56519	0.28400	0.00517	-1.00000	-1.00000
18282	Rosebud_Top_P	Jail_Pond	un	8081089	146	0.245454545	0.31034	0.03040	3.16783	0.50816	0.03704	-1.00000	-1.00000
18283	Rosebud_Top_P	Jail_Pond	un	8081826	91	0.039250162	6.90476	0.75044	63.53036	0.83915	0.09722	-1.00000	-1.00000
18300	Rosebud_Top_P	Jail_Pond	un	8091519	20	0.039250162	6.90476	0.75044	63.53036	0.83915	0.09722	-1.00000	-1.00000
18301	Rosebud_Top_P	Jail_Pond	un	8092354	75	0.055746141	0.17241	0.01886	1.57593	0.76343	0.07692	-1.00000	-1.00000
18308	Rosebud_Top_P	Jail_Pond	un	8095081	241	0.500000000	0.48148	0.04113	5.63661	0.31742	0.01961	-1.00000	-1.00000
18318	Rosebud_Top_P	Jail_Pond	un	8098837	114	0.112015456	0.18519	0.02022	1.69642	0.73239	0.07429	-1.00000	-1.00000
18324	Rosebud_Top_P	Jail_Pond	un	8101332	253	0.225306122	3.52174	0.34246	36.21597	0.54676	0.04514	-1.00000	-1.00000
18342	Rosebud_Top_P	Jail_Pond	un	8105802	15	0.500000000	0.48276	0.04141	5.62819	0.31627	0.01818	-1.00000	-1.00000
18354	Rosebud_Top_P	Jail_Pond	un	8113154	149	0.491264850	0.33333	0.03259	3.40968	0.47712	0.03571	-1.00000	-1.00000
18370	Rosebud_Top_P	Jail_Pond	un	8121387	303	0.236897275	4.15385	0.43495	39.66973	0.61845	0.05462	-1.00000	-1.00000
18371	Rosebud_Top_P	Jail_Pond	un	8122308	392	0.245098039	0.30864	0.03010	3.16484	0.51055	0.04000	-1.00000	-1.00000
18391	Rosebud_Top_P	Jail_Pond	un	8133399	67	0.013573491	0.16667	0.03970	0.69964	0.77815	0.13462	-1.00000	-1.00000
18405	Rosebud_Top_P	Jail_Pond	un	8139788	255	0.245454545	3.22222	0.31567	32.89072	0.50816	0.03704	-1.00000	-1.00000
18421	Rosebud_Top_P	Jail_Pond	un	8143021	127	1.000000000	0.51852	0.04439	6.05718	0.28524	0.01752	-1.00000	-1.00000
18425	Rosebud_Top_P	Jail_Pond	un	8145206	72	0.000000000	729.00000	43.33459	12263.66797	2.86273	1.00000	-1.00000	-1.00000
18433	Rosebud_Top_P	Jail_Pond	un	8147259	72	0.500000000	2.07143	0.17768	24.14955	0.31627	0.01818	-1.00000	-1.00000
18440	Rosebud_Top_P	Jail_Pond	un	8149657	142	0.225306122	3.52174	0.34246	36.21597	0.54676	0.04514	-1.00000	-1.00000
18448	Rosebud_Top_P	Jail_Pond	un	8151256	120	0.000000001	78.00000	13.07793	465.21130	1.89209	0.62051	-1.00000	-1.00000
18452	Rosebud_Top_P	Jail_Pond	un	8153630	49	0.697061803	1.53333	0.30574	7.68990	0.18564	0.00545	-1.00000	-1.00000
18455	Rosebud_Top_P	Jail_Pond	un	8154453	37	0.000000000	783.00000	46.62555	13149.20605	2.89376	1.00000	-1.00000	-1.00000
18466	Rosebud_Top_P	Jail_Pond	un	8157603	51	0.004488740	11.57143	1.35697	98.67399	1.06339	0.16149	-1.00000	-1.00000
18471	Rosebud_Top_P	Jail_Pond	un	8159234	60	0.500000000	0.48276	0.04141	5.62819	0.31627	0.01818	-1.00000	-1.00000
18475	Rosebud_Top_P	Jail_Pond	un	8160885	153	0.225306122	0.28395	0.02761	2.92002	0.54676	0.04514	-1.00000	-1.00000
18488	Rosebud_Top_P	Jail_Pond	un	8164730	8	0.227113906	3.48000	0.34009	35.60907	0.54158	0.04142	-1.00000	-1.00000
18492	Rosebud_Top_P	Jail_Pond	un	8168023	101	0.000274939	15.00000	2.89983	77.59085	1.17609	0.27099	-1.00000	-1.00000
18496	Rosebud_Top_P	Jail_Pond	un	8170515	154	0.000000002	74.25000	8.61646	639.82959	1.87070	0.59091	-1.00000	-1.00000
18497	Rosebud_Top_P	Jail_Pond	un	8171499	271	0.461538462	2.41667	0.20633	28.30581	0.38322	0.02288	-1.00000	-1.00000
18499	Rosebud_Top_P	Jail_Pond	un	8173090	326	1.000000000	1.78571	0.15251	20.90852	0.25181	0.01681	-1.00000	-1.00000
18506	Rosebud_Top_P	Jail_Pond	un	8176887	35	0.000041324	24.85714	2.93209	210.72923	1.39545	0.31301	-1.00000	-1.00000
18508	Rosebud_Top_P	Jail_Pond	un	8178457	7	0.493212670	0.36000	0.03511	3.69147	0.44370	0.03429	-1.00000	-1.00000
18514	Rosebud_Top_P	Jail_Pond	un	8179375	136	0.003714274	11.60000	1.34375	100.13750	1.06446	0.16039	-1.00000	-1.00000
18518	Rosebud_Top_P	Jail_Pond	un	8181050	204	0.500000000	2.07143	0.17768	24.14955	0.31627	0.01818	-1.00000	-1.00000
18547	Rosebud_Top_P	Jail_Pond	un	8197000	270	0.500000000	2.07692	0.17741	24.31412	0.31742	0.01961	-1.00000	-1.00000
18559	Rosebud_Top_P	Jail_Pond	un	8200736	94	0.481481481	2.23077	0.19093	26.06312	0.34845	0.02032	-1.00000	-1.00000
18563	Rosebud_Top_P	Jail_Pond	un	8202491	74	0.000368554	0.05956	0.00710	0.49986	1.22504	0.21739	-1.00000	-1.00000
18564	Rosebud_Top_P	Jail_Pond	un	8203302	145	0.001501515	13.73684	1.60737	117.39751	1.13789	0.18729	-1.00000	-1.00000
18571	Rosebud_Top_P	Jail_Pond	un	8206373	44	0.000000000	406.00000	34.82467	4733.31104	2.60853	0.93103	-1.00000	-1.00000
18574	Rosebud_Top_P	Jail_Pond	un	8207936	40	0.020799934	0.12644	0.01417	1.12790	0.89813	0.10989	-1.00000	-1.00000
18582	Rosebud_Top_P	Jail_Pond	un	8213371	91	0.004916860	0.09259	0.01070	0.80113	1.03342	0.15556	-1.00000	-1.00000
18587	Rosebud_Top_P	Jail_Pond	un	8215829	62	0.500000000	0.48276	0.04141	5.62819	0.31627	0.01818	-1.00000	-1.00000
18593	Rosebud_Top_P	Jail_Pond	un	8218308	28	0.000977321	0.06513	0.00758	0.55974	1.18619	0.21212	-1.00000	-1.00000
18594	Rosebud_Top_P	Jail_Pond	un	8219390	379	0.461538462	0.41379	0.03533	4.84665	0.38322	0.02288	-1.00000	-1.00000
18596	Rosebud_Top_P	Jail_Pond	un	8219836	23	0.480000000	2.25000	0.19172	26.40626	0.35218	0.02211	-1.00000	-1.00000
18598	Rosebud_Top_P	Jail_Pond	un	8221360	64	0.780787878	1.32000	0.44081	3.95275	0.12057	0.00457	-1.00000	-1.00000
18609	Rosebud_Top_P	Jail_Pond	un	8226767	45	0.004916860	10.80000	1.24824	93.44380	1.03342	0.15556	-1.00000	-1.00000
18618	Rosebud_Top_P	Jail_Pond	un	8229342	188	1.000000000	0.56000	0.04783	6.55691	0.25181	0.01681	-1.00000	-1.00000
18620	Rosebud_Top_P	Jail_Pond	un	8230058	126	0.000000730	37.92308	4.55073	316.02829	1.57890	0.40000	-1.00000	-1.00000
18621	Rosebud_Top_P	Jail_Pond	un	8230999	279	0.500000000	2.07692	0.17741	24.31412	0.31742	0.01961	-1.00000	-1.00000
18622	Rosebud_Top_P	Jail_Pond	un	8232161	568	1.000000000	1.92308	0.16389	22.56519	0.28400	0.01884	-1.00000	-1.00000
18629	Rosebud_Top_P	Jail_Pond	un	8233478	263	0.500000000	0.48276	0.04141	5.62819	0.31627	0.01818	-1.00000	-1.00000
18643	Rosebud_Top_P	Jail_Pond	un	8239761	151	0.481481481	0.44828	0.03837	5.23742	0.34845	0.02032	-1.00000	-1.00000
18651	Rosebud_Top_P	Jail_Pond	un	8242831	76	1.000000000	0.52000	0.04432	6.10163	0.28400	0.01884	-1.00000	-1.00000
18667	Rosebud_Top_P	Jail_Pond	un	8251723	19	0.500000000	0.48276	0.04141	5.62819	0.31627	0.01818	-1.00000	-1.00000
18668	Rosebud_Top_P	Jail_Pond	un	8252550	54	0.481481481	2.23077	0.19093	26.06312	0.34845	0.02032	-1.00000	-1.00000
18670	Rosebud_Top_P	Jail_Pond	un	8253395	144	0.500000000	2.07143	0.17768	24.14955	0.31627	0.01818	-1.00000	-1.00000
18672	Rosebud_Top_P	Jail_Pond	un	8254120	32	0.054609929	5.95238	0.64385	55.02943	0.77469	0.09091	-1.00000	-1.00000
18674	Rosebud_Top_P	Jail_Pond	un	8255887	266	0.481481481	2.23077	0.19093	26.06312	0.34845	0.02032	-1.00000	-1.00000
18676	Rosebud_Top_P	Jail_Pond	un	8257400	73	0.039250162	6.90476	0.75044	63.53036	0.83915	0.09722	-1.00000	-1.00000
18690	Rosebud_Top_P	Jail_Pond	un	8263167	140	0.051876516	6.75000	0.75749	60.14915	0.82930	0.09475	-1.00000	-1.00000
18696	Rosebud_Top_P	Jail_Pond	un	8265544	112	0.225306122	3.52174	0.34246	36.21597	0.54676	0.04514	-1.00000	-1.00000
18702	Rosebud_Top_P	Jail_Pond	un	8268719	98	0.235918367	0.24000	0.02500	2.30408	0.61979	0.05892	-1.00000	-1.00000
18714	Rosebud_Top_P	Jail_Pond	un	8271913	60	0.020799934	7.90909	0.88661	70.55416	0.89813	0.10989	-1.00000	-1.00000
18736	Rosebud_Top_P	Jail_Pond	un	8280972	83	1.000000000	1.00000	0.05920	16.89051	0.00000	0.00000	-1.00000	-1.00000
18739	Rosebud_Top_P	Jail_Pond	un	8281699	8	0.000000000	625.00000	37.00302	10556.57129	2.79588	1.00000	-1.00000	-1.00000
18745	Rosebud_Top_P	Jail_Pond	un	8286418	24	1.000000000	1.10000	0.30479	3.96996	0.04139	0.00039	-1.00000	-1.00000
18747	Rosebud_Top_P	Jail_Pond	un	8288189	124	0.000020409	34.09091	3.99134	291.17758	1.53264	0.34028	-1.00000	-1.00000
18750	Rosebud_Top_P	Jail_Pond	un	8289774	32	0.000005460	31.15385	3.70346	262.06906	1.49351	0.36842	-1.00000	-1.00000
18752	Rosebud_Top_P	Jail_Pond	un	8291306	53	0.000123973	21.26667	2.50224	180.74677	1.32770	0.27778	-1.00000	-1.00000
18753	Rosebud_Top_P	Jail_Pond	un	8292121	68	0.000000522	40.50000	4.83497	339.24695	1.60746	0.42664	-1.00000	-1.00000
18781	Rosebud_Top_P	Jail_Pond	un	8306714	70	0.481481481	0.44828	0.03837	5.23742	0.34845	0.02032	-1.00000	-1.00000
18788	Rosebud_Top_P	Jail_Pond	un	8310046	98	0.000000000	208.33333	20.26751	2141.49561	2.31876	0.72999	-1.00000	-1.00000
18790	Rosebud_Top_P	Jail_Pond	un	8311619	48	0.245454545	0.31034	0.03040	3.16783	0.50816	0.03704	-1.00000	-1.00000
18794	Rosebud_Top_P	Jail_Pond	un	8312416	58	0.025728988	0.13793	0.01551	1.22635	0.86034	0.09804	-1.00000	-1.00000
18795	Rosebud_Top_P	Jail_Pond	un	8313280	50	0.000101828	0.04615	0.00547	0.38929	1.33579	0.29150	-1.00000	-1.00000
18810	Rosebud_Top_P	Jail_Pond	un	8319056	70	0.000000000	841.00000	50.16650	14098.67188	2.92480	1.00000	-1.00000	-1.00000
18814	Rosebud_Top_P	Jail_Pond	un	8321528	43	0.481481481	0.44828	0.03837	5.23742	0.34845	0.02032	-1.00000	-1.00000
18822	Rosebud_Top_P	Jail_Pond	un	8325563	146	0.500000000	0.48148	0.04113	5.63661	0.31742	0.01961	-1.00000	-1.00000
18834	Rosebud_Top_P	Jail_Pond	un	8333447	148	0.000006888	20.80952	4.72402	91.66689	1.31826	0.38788	-1.00000	-1.00000
18854	Rosebud_Top_P	Jail_Pond	un	8342022	48	0.491264850	0.33333	0.03259	3.40968	0.47712	0.03571	-1.00000	-1.00000
18855	Rosebud_Top_P	Jail_Pond	un	8342882	55	0.227113906	0.28736	0.02808	2.94037	0.54158	0.04142	-1.00000	-1.00000
18869	Rosebud_Top_P	Jail_Pond	un	8350287	43	0.481481481	2.23077	0.19093	26.06312	0.34845	0.02032	-1.00000	-1.00000
18874	Rosebud_Top_P	Jail_Pond	un	8352688	91	0.046139818	6.42857	0.69714	59.27980	0.80811	0.09420	-1.00000	-1.00000
18876	Rosebud_Top_P	Jail_Pond	un	8353399	9	0.490612245	0.33333	0.03243	3.42639	0.47712	0.03846	-1.00000	-1.00000
18877	Rosebud_Top_P	Jail_Pond	un	8354320	49	0.593796891	1.36111	0.45743	4.05011	0.13389	0.00592	-1.00000	-1.00000
18878	Rosebud_Top_P	Jail_Pond	un	8355372	284	0.461538462	0.41379	0.03533	4.84665	0.38322	0.02288	-1.00000	-1.00000
18880	Rosebud_Top_P	Jail_Pond	un	8356744	24	0.039250162	0.14483	0.01574	1.33255	0.83915	0.09722	-1.00000	-1.00000
18884	Rosebud_Top_P	Jail_Pond	un	8358311	112	0.046139818	6.42857	0.69714	59.27980	0.80811	0.09420	-1.00000	-1.00000
18897	Rosebud_Top_P	Jail_Pond	un	8363799	12	0.500000000	2.07143	0.17768	24.14955	0.31627	0.01818	-1.00000	-1.00000
18904	Rosebud_Top_P	Jail_Pond	un	8366346	30	0.480000000	0.44444	0.03787	5.21605	0.35218	0.02211	-1.00000	-1.00000
18912	Rosebud_Top_P	Jail_Pond	un	8371232	31	0.000000000	300.00000	25.50314	3528.97705	2.47712	0.92000	-1.00000	-1.00000
18913	Rosebud_Top_P	Jail_Pond	un	8372051	31	0.000000000	106.33334	11.91992	948.56152	2.02667	0.68531	-1.00000	-1.00000
18917	Rosebud_Top_P	Jail_Pond	un	8375255	49	0.051778560	8.33333	0.94752	73.29038	0.92082	0.08852	-1.00000	-1.00000
18929	Rosebud_Top_P	Jail_Pond	un	8382509	268	0.500000000	0.48148	0.04113	5.63661	0.31742	0.01961	-1.00000	-1.00000
18943	Rosebud_Top_P	Jail_Pond	un	8388939	11	0.011943257	4.80000	1.42320	16.18889	0.68124	0.13524	-1.00000	-1.00000
18946	Rosebud_Top_P	Jail_Pond	un	8391442	32	0.000160510	0.05231	0.00625	0.43808	1.28143	0.25714	-1.00000	-1.00000
18956	Rosebud_Top_P	Jail_Pond	un	8397989	149	0.000000000	150.00000	15.62445	1440.05042	2.17609	0.67301	-1.00000	-1.00000
18957	Rosebud_Top_P	Jail_Pond	un	8398654	33	0.227113906	3.48000	0.34009	35.60907	0.54158	0.04142	-1.00000	-1.00000
19000	Rosebud_Top_P	Jail_Pond	un	8416192	34	0.000000000	783.00000	46.62555	13149.20605	2.89376	1.00000	-1.00000	-1.00000
19007	Rosebud_Top_P	Jail_Pond	un	8418610	50	0.005105438	0.09483	0.01103	0.81529	1.02307	0.14286	-1.00000	-1.00000
19011	Rosebud_Top_P	Jail_Pond	un	8421055	34	0.000000062	50.09091	5.96864	420.38062	1.69976	0.47368	-1.00000	-1.00000
19015	Rosebud_Top_P	Jail_Pond	un	8422622	13	0.025728988	7.25000	0.81543	64.45982	0.86034	0.09804	-1.00000	-1.00000
19018	Rosebud_Top_P	Jail_Pond	un	8424687	460	0.500000000	2.07692	0.17741	24.31412	0.31742	0.01961	-1.00000	-1.00000
19034	Rosebud_Top_P	Jail_Pond	un	8432221	124	0.000645543	14.00000	2.72752	71.86018	1.14613	0.25000	-1.00000	-1.00000
19040	Rosebud_Top_P	Jail_Pond	un	8435227	106	0.500000000	2.07143	0.17768	24.14955	0.31627	0.01818	-1.00000	-1.00000
19043	Rosebud_Top_P	Jail_Pond	un	8437556	58	0.001768977	0.07200	0.00844	0.61386	1.14267	0.20263	-1.00000	-1.00000
19045	Rosebud_Top_P	Jail_Pond	un	8439153	112	0.000006911	29.00000	3.48759	241.14066	1.46240	0.33333	-1.00000	-1.00000
19047	Rosebud_Top_P	Jail_Pond	un	8440697	81	0.200180072	4.54545	0.47195	43.77839	0.65758	0.03830	-1.00000	-1.00000
19052	Rosebud_Top_P	Jail_Pond	un	8442140	103	0.000016379	0.03704	0.00441	0.31135	1.43136	0.33333	-1.00000	-1.00000
19078	Rosebud_Top_P	Jail_Pond	un	8454396	59	0.051107251	6.81818	0.76063	61.11749	0.83367	0.10256	-1.00000	-1.00000
19088	Rosebud_Top_P	Jail_Pond	un	8459161	63	0.000000001	79.75000	9.27583	685.65979	1.90173	0.60000	-1.00000	-1.00000
19089	Rosebud_Top_P	Jail_Pond	un	8459979	76	0.000123973	21.26667	2.50224	180.74677	1.32770	0.27778	-1.00000	-1.00000
19094	Rosebud_Top_P	Jail_Pond	un	8461717	178	0.225306122	0.28395	0.02761	2.92002	0.54676	0.04514	-1.00000	-1.00000
19106	Rosebud_Top_P	Jail_Pond	un	8466912	98	0.008914258	9.66667	1.10451	84.60300	0.98528	0.13462	-1.00000	-1.00000
19107	Rosebud_Top_P	Jail_Pond	un	8467590	6	0.388011350	0.56000	0.17668	1.77500	0.25181	0.01883	-1.00000	-1.00000
19112	Rosebud_Top_P	Jail_Pond	un	8471588	78	0.235918367	4.16667	0.43401	40.00140	0.61979	0.05892	-1.00000	-1.00000
19140	Rosebud_Top_P	Jail_Pond	un	8483356	28	0.000000000	729.00000	43.33459	12263.66797	2.86273	1.00000	-1.00000	-1.00000
19152	Rosebud_Top_P	Jail_Pond	un	8490696	111	1.000000000	1.92857	0.16509	22.52900	0.28524	0.01752	-1.00000	-1.00000
19156	Rosebud_Top_P	Jail_Pond	un	8492074	117	0.025728988	0.13793	0.01551	1.22635	0.86034	0.09804	-1.00000	-1.00000
19157	Rosebud_Top_P	Jail_Pond	un	8492866	28	0.245454545	0.31034	0.03040	3.16783	0.50816	0.03704	-1.00000	-1.00000
19158	Rosebud_Top_P	Jail_Pond	un	8493709	79	0.118181818	0.22414	0.02352	2.13589	0.64948	0.05660	-1.00000	-1.00000
19164	Rosebud_Top_P	Jail_Pond	un	8496916	29	0.000000001	105.00000	11.35756	970.71906	2.02119	0.71429	-1.00000	-1.00000
19177	Rosebud_Top_P	Jail_Pond	un	8503559	309	0.227113906	0.28736	0.02808	2.94037	0.54158	0.04142	-1.00000	-1.00000
19180	Rosebud_Top_P	Jail_Pond	un	8505751	56	0.564608525	0.62567	0.20028	1.95457	0.20366	0.01309	-1.00000	-1.00000
19183	Rosebud_Top_P	Jail_Pond	un	8507388	76	1.000000000	0.52000	0.04432	6.10163	0.28400	0.01884	-1.00000	-1.00000
19184	Rosebud_Top_P	Jail_Pond	un	8508213	93	0.000011949	36.81818	4.32211	313.63794	1.56606	0.35072	-1.00000	-1.00000
19193	Rosebud_Top_P	Jail_Pond	un	8512234	21	0.500000000	0.48276	0.04141	5.62819	0.31627	0.01818	-1.00000	-1.00000
19196	Rosebud_Top_P	Jail_Pond	un	8514900	281	1.000000000	0.51852	0.04439	6.05718	0.28524	0.01752	-1.00000	-1.00000
19198	Rosebud_Top_P	Jail_Pond	un	8516235	42	0.000000004	72.50000	8.39845	625.85938	1.86034	0.58462	-1.00000	-1.00000
19214	Rosebud_Top_P	Jail_Pond	un	8522799	13	0.000002304	33.14286	3.98367	275.73810	1.52039	0.36585	-1.00000	-1.00000
19215	Rosebud_Top_P	Jail_Pond	un	8523591	33	0.000004209	22.61905	5.15803	99.18929	1.35447	0.40217	-1.00000	-1.00000
19221	Rosebud_Top_P	Jail_Pond	un	8526860	83	0.000011948	16.50000	4.20834	64.69290	1.21748	0.35687	-1.00000	-1.00000
19227	Rosebud_Top_P	Jail_Pond	un	8529943	43	0.010387488	5.18182	1.47672	18.18297	0.71448	0.14129	-1.00000	-1.00000
19233	Rosebud_Top_P	Jail_Pond	un	8534042	94	0.000000009	67.50000	7.80148	584.02374	1.82930	0.57576	-1.00000	-1.00000
19238	Rosebud_Top_P	Jail_Pond	un	8536267	10	0.500000000	0.48276	0.04141	5.62819	0.31627	0.01818	-1.00000	-1.00000
19247	Rosebud_Top_P	Jail_Pond	un	8538529	66	0.011317577	0.08213	0.00948	0.71144	1.08552	0.14463	-1.00000	-1.00000
19261	Rosebud_Top_P	Jail_Pond	un	8545436	40	0.500000000	0.48276	0.04141	5.62819	0.31627	0.01818	-1.00000	-1.00000
19263	Rosebud_Top_P	Jail_Pond	un	8547183	117	0.000355389	18.12500	2.12319	154.72722	1.25828	0.24419	-1.00000	-1.00000
19267	Rosebud_Top_P	Jail_Pond	un	8549392	77	0.005107483	0.09333	0.01092	0.79800	1.02996	0.15584	-1.00000	-1.00000
19277	Rosebud_Top_P	Jail_Pond	un	8553458	11	0.005105438	0.09483	0.01103	0.81529	1.02307	0.14286	-1.00000	-1.00000
19297	Rosebud_Top_P	Jail_Pond	un	8562418	144	0.500000000	0.48276	0.04141	5.62819	0.31627	0.01818	-1.00000	-1.00000
19318	Rosebud_Top_P	Jail_Pond	un	8571563	72	0.000821390	12.69231	2.49434	64.58398	1.10354	0.23113	-1.00000	-1.00000
19328	Rosebud_Top_P	Jail_Pond	un	8576271	16	0.000000000	108.00000	12.11987	962.38641	2.03342	0.68894	-1.00000	-1.00000
19329	Rosebud_Top_P	Jail_Pond	un	8577415	331	0.114880414	0.20000	0.02178	1.83684	0.69897	0.07143	-1.00000	-1.00000
19338	Rosebud_Top_P	Jail_Pond	un	8582773	77	0.500000000	2.07143	0.17768	24.14955	0.31627	0.01818	-1.00000	-1.00000
19340	Rosebud_Top_P	Jail_Pond	un	8583517	77	0.208144796	3.78261	0.36861	38.81679	0.57779	0.04667	-1.00000	-1.00000
19343	Rosebud_Top_P	Jail_Pond	un	8585010	70	0.500000000	2.07692	0.17741	24.31412	0.31742	0.01961	-1.00000	-1.00000
19357	Rosebud_Top_P	Jail_Pond	un	8592273	9	0.054609929	5.95238	0.64385	55.02943	0.77469	0.09091	-1.00000	-1.00000
19364	Rosebud_Top_P	Jail_Pond	un	8596982	76	0.461538462	2.41667	0.20633	28.30581	0.38322	0.02288	-1.00000	-1.00000
19385	Rosebud_Top_P	Jail_Pond	un	8607298	78	0.236897275	4.15385	0.43495	39.66973	0.61845	0.05462	-1.00000	-1.00000
19388	Rosebud_Top_P	Jail_Pond	un	8608967	97	0.000123973	0.04702	0.00553	0.39964	1.32770	0.27778	-1.00000	-1.00000
19390	Rosebud_Top_P	Jail_Pond	un	8609785	84	0.256473693	0.34545	0.05997	1.98990	0.46161	0.03136	-1.00000	-1.00000
19391	Rosebud_Top_P	Jail_Pond	un	8610912	401	0.227113906	0.28736	0.02808	2.94037	0.54158	0.04142	-1.00000	-1.00000
19392	Rosebud_Top_P	Jail_Pond	un	8611535	150	1.000000000	0.51852	0.04439	6.05718	0.28524	0.01752	-1.00000	-1.00000
19397	Rosebud_Top_P	Jail_Pond	un	8613948	13	0.000000000	108.00000	12.11987	962.38641	2.03342	0.68894	-1.00000	-1.00000
19398	Rosebud_Top_P	Jail_Pond	un	8614875	128	0.006611286	10.68421	1.21537	93.92410	1.02874	0.15217	-1.00000	-1.00000
19419	Rosebud_Top_P	Jail_Pond	un	8623785	20	0.118181818	4.46154	0.46819	42.51565	0.64948	0.05660	-1.00000	-1.00000
19429	Rosebud_Top_P	Jail_Pond	un	8627777	53	1.000000000	1.92857	0.16509	22.52900	0.28524	0.01752	-1.00000	-1.00000
19435	Rosebud_Top_P	Jail_Pond	un	8630529	256	0.500000000	0.48148	0.04113	5.63661	0.31742	0.01961	-1.00000	-1.00000
19436	Rosebud_Top_P	Jail_Pond	un	8631094	42	0.001369902	14.29412	1.65955	123.11864	1.15516	0.20635	-1.00000	-1.00000
19442	Rosebud_Top_P	Jail_Pond	un	8635568	313	0.208144796	3.78261	0.36861	38.81679	0.57779	0.04667	-1.00000	-1.00000
19444	Rosebud_Top_P	Jail_Pond	un	8636063	7	0.000000252	44.81818	5.31062	378.23602	1.65145	0.45344	-1.00000	-1.00000
19446	Rosebud_Top_P	Jail_Pond	un	8637029	112	0.481481481	0.44828	0.03837	5.23742	0.34845	0.02032	-1.00000	-1.00000
19456	Rosebud_Top_P	Jail_Pond	un	8643045	494	1.000000000	1.78571	0.15251	20.90852	0.25181	0.01681	-1.00000	-1.00000
19461	Rosebud_Top_P	Jail_Pond	un	8644885	44	0.481481481	0.44828	0.03837	5.23742	0.34845	0.02032	-1.00000	-1.00000
19469	Rosebud_Top_P	Jail_Pond	un	8648150	85	0.000000016	61.22222	7.16369	523.21606	1.78691	0.53846	-1.00000	-1.00000
19470	Rosebud_Top_P	Jail_Pond	un	8648969	37	0.001501515	0.07280	0.00852	0.62214	1.13789	0.18729	-1.00000	-1.00000
19485	Rosebud_Top_P	Jail_Pond	un	8654696	88	0.004017424	0.06667	0.00767	0.57977	1.17609	0.17668	-1.00000	-1.00000
19490	Rosebud_Top_P	Jail_Pond	un	8657021	14	0.114880414	5.00000	0.54441	45.92110	0.69897	0.07143	-1.00000	-1.00000
19508	Rosebud_Top_P	Jail_Pond	un	8661158	112	0.236897275	4.15385	0.43495	39.66973	0.61845	0.05462	-1.00000	-1.00000
19510	Rosebud_Top_P	Jail_Pond	un	8662997	440	0.500000000	0.48148	0.04113	5.63661	0.31742	0.01961	-1.00000	-1.00000
19521	Rosebud_Top_P	Jail_Pond	un	8667221	25	0.500000000	0.48276	0.04141	5.62819	0.31627	0.01818	-1.00000	-1.00000
19542	Rosebud_Top_P	Jail_Pond	un	8672904	39	0.245454545	0.31034	0.03040	3.16783	0.50816	0.03704	-1.00000	-1.00000
19550	Rosebud_Top_P	Jail_Pond	un	8677298	335	1.000000000	1.92857	0.16509	22.52900	0.28524	0.01752	-1.00000	-1.00000
19552	Rosebud_Top_P	Jail_Pond	un	8678628	45	0.500000000	0.48276	0.04141	5.62819	0.31627	0.01818	-1.00000	-1.00000
19555	Rosebud_Top_P	Jail_Pond	un	8681295	83	0.520059198	0.59006	0.16104	2.16206	0.22910	0.01187	-1.00000	-1.00000
19561	Rosebud_Top_P	Jail_Pond	un	8684646	85	0.493212670	0.36000	0.03511	3.69147	0.44370	0.03429	-1.00000	-1.00000
19565	Rosebud_Top_P	Jail_Pond	un	8685547	176	0.480000000	2.25000	0.19172	26.40626	0.35218	0.02211	-1.00000	-1.00000
19575	Rosebud_Top_P	Jail_Pond	un	8689484	112	0.002188045	0.08046	0.00946	0.68454	1.09442	0.16667	-1.00000	-1.00000
19590	Rosebud_Top_P	Jail_Pond	un	8696645	132	0.200180072	4.54545	0.47195	43.77839	0.65758	0.03830	-1.00000	-1.00000
19600	Rosebud_Top_P	Jail_Pond	un	8701723	213	0.480000000	2.25000	0.19172	26.40626	0.35218	0.02211	-1.00000	-1.00000
19602	Rosebud_Top_P	Jail_Pond	un	8703546	399	0.500000000	2.07692	0.17741	24.31412	0.31742	0.01961	-1.00000	-1.00000
19609	Rosebud_Top_P	Jail_Pond	un	8705058	323	1.000000000	1.92857	0.16509	22.52900	0.28524	0.01752	-1.00000	-1.00000
19626	Rosebud_Top_P	Jail_Pond	un	8711884	27	0.047272578	0.15862	0.01730	1.45424	0.79964	0.08615	-1.00000	-1.00000
19633	Rosebud_Top_P	Jail_Pond	un	8716304	256	0.227113906	0.28736	0.02808	2.94037	0.54158	0.04142	-1.00000	-1.00000
19635	Rosebud_Top_P	Jail_Pond	un	8717066	143	0.000000016	58.00000	6.87092	489.59979	1.76343	0.51351	-1.00000	-1.00000
19636	Rosebud_Top_P	Jail_Pond	un	8717817	124	0.055746141	5.80000	0.63455	53.01424	0.76343	0.07692	-1.00000	-1.00000
19648	Rosebud_Top_P	Jail_Pond	un	8721014	59	0.000000522	40.50000	4.83497	339.24695	1.60746	0.42664	-1.00000	-1.00000
19650	Rosebud_Top_P	Jail_Pond	un	8721837	88	0.001501515	13.73684	1.60737	117.39751	1.13789	0.18729	-1.00000	-1.00000
19652	Rosebud_Top_P	Jail_Pond	un	8723346	29	0.025116561	7.60870	0.86830	66.67275	0.88131	0.11180	-1.00000	-1.00000
19654	Rosebud_Top_P	Jail_Pond	un	8724979	43	0.193752973	5.43478	0.58997	50.06475	0.73518	0.04962	-1.00000	-1.00000
19667	Rosebud_Top_P	Jail_Pond	un	8728304	248	0.208144796	0.26437	0.02576	2.71292	0.57779	0.04667	-1.00000	-1.00000
19671	Rosebud_Top_P	Jail_Pond	un	8730345	10	0.025116561	0.13143	0.01500	1.15167	0.88131	0.11180	-1.00000	-1.00000
19674	Rosebud_Top_P	Jail_Pond	un	8731204	44	0.008470111	0.10053	0.01141	0.88574	0.99771	0.14773	-1.00000	-1.00000
19680	Rosebud_Top_P	Jail_Pond	un	8733160	136	0.481481481	0.44828	0.03837	5.23742	0.34845	0.02032	-1.00000	-1.00000
19691	Rosebud_Top_P	Jail_Pond	un	8736254	23	0.000000292	46.40000	5.43537	396.10168	1.66652	0.47297	-1.00000	-1.00000
19700	Rosebud_Top_P	Jail_Pond	un	8739784	26	0.000000000	135.00000	14.73692	1236.68982	2.13033	0.74286	-1.00000	-1.00000
19709	Rosebud_Top_P	Jail_Pond	un	8745097	79	0.481481481	0.44828	0.03837	5.23742	0.34845	0.02032	-1.00000	-1.00000
19711	Rosebud_Top_P	Jail_Pond	un	8746698	138	1.000000000	0.52000	0.04432	6.10163	0.28400	0.00517	-1.00000	-1.00000
19712	Rosebud_Top_P	Jail_Pond	un	8747373	14	0.000849276	0.06667	0.00784	0.56688	1.17609	0.20930	-1.00000	-1.00000
19716	Rosebud_Top_P	Jail_Pond	un	8749943	91	0.225306122	3.52174	0.34246	36.21597	0.54676	0.04514	-1.00000	-1.00000
19725	Rosebud_Top_P	Jail_Pond	un	8753821	116	0.022958460	8.33333	0.94752	73.29038	0.92082	0.12587	-1.00000	-1.00000
19728	Rosebud_Top_P	Jail_Pond	un	8755318	71	0.000000513	41.72727	4.93302	352.96133	1.62042	0.44444	-1.00000	-1.00000
19735	Rosebud_Top_P	Jail_Pond	un	8758560	94	0.491264850	3.00000	0.29328	30.68711	0.47712	0.03571	-1.00000	-1.00000
19737	Rosebud_Top_P	Jail_Pond	un	8759304	18	0.020060790	0.12346	0.01375	1.10819	0.90848	0.12037	-1.00000	-1.00000
19754	Rosebud_Top_P	Jail_Pond	un	8765813	125	0.000305051	18.00000	2.14888	150.77641	1.25527	0.23754	-1.00000	-1.00000
19756	Rosebud_Top_P	Jail_Pond	un	8766708	238	0.490612245	3.00000	0.29185	30.83754	0.47712	0.03846	-1.00000	-1.00000
19758	Rosebud_Top_P	Jail_Pond	un	8767351	24	0.112015456	5.40000	0.58948	49.46759	0.73239	0.07429	-1.00000	-1.00000
19759	Rosebud_Top_P	Jail_Pond	un	8768212	60	0.000041324	24.85714	2.93209	210.72923	1.39545	0.31301	-1.00000	-1.00000
19761	Rosebud_Top_P	Jail_Pond	un	8769736	90	0.000000000	175.50000	18.37673	1676.04626	2.24428	0.80049	-1.00000	-1.00000
19762	Rosebud_Top_P	Jail_Pond	un	8770458	17	0.245454545	0.31034	0.03040	3.16783	0.50816	0.03704	-1.00000	-1.00000
19764	Rosebud_Top_P	Jail_Pond	un	8771392	151	0.245454545	0.31034	0.03040	3.16783	0.50816	0.03704	-1.00000	-1.00000
19767	Rosebud_Top_P	Jail_Pond	un	8772110	147	0.245098039	3.24000	0.31597	33.22326	0.51055	0.04000	-1.00000	-1.00000
19773	Rosebud_Top_P	Jail_Pond	un	8774386	116	0.000000000	175.50000	18.37673	1676.04626	2.24428	0.80049	-1.00000	-1.00000
19777	Rosebud_Top_P	Jail_Pond	un	8777824	265	0.245454545	3.22222	0.31567	32.89072	0.50816	0.03704	-1.00000	-1.00000
19786	Rosebud_Top_P	Jail_Pond	un	8783385	85	0.500000000	0.48276	0.04141	5.62819	0.31627	0.01818	-1.00000	-1.00000
19787	Rosebud_Top_P	Jail_Pond	un	8784223	112	0.114880414	0.20000	0.02178	1.83684	0.69897	0.07143	-1.00000	-1.00000
19790	Rosebud_Top_P	Jail_Pond	un	8786768	141	0.500000000	0.48148	0.04113	5.63661	0.31742	0.01961	-1.00000	-1.00000
19795	Rosebud_Top_P	Jail_Pond	un	8790031	99	0.003173744	0.09848	0.01890	0.51329	1.00663	0.18872	-1.00000	-1.00000
19798	Rosebud_Top_P	Jail_Pond	un	8790850	47	0.227113906	3.48000	0.34009	35.60907	0.54158	0.04142	-1.00000	-1.00000
19802	Rosebud_Top_P	Jail_Pond	un	8793411	193	0.461538462	2.41667	0.20633	28.30581	0.38322	0.02288	-1.00000	-1.00000
19818	Rosebud_Top_P	Jail_Pond	un	8802010	109	0.491264850	0.33333	0.03259	3.40968	0.47712	0.03571	-1.00000	-1.00000
19820	Rosebud_Top_P	Jail_Pond	un	8802749	88	0.245454545	3.22222	0.31567	32.89072	0.50816	0.03704	-1.00000	-1.00000
19826	Rosebud_Top_P	Jail_Pond	un	8807237	386	1.000000000	0.51852	0.04439	6.05718	0.28524	0.01752	-1.00000	-1.00000
19831	Rosebud_Top_P	Jail_Pond	un	8808627	85	0.047272578	6.30435	0.68765	57.79831	0.79964	0.08615	-1.00000	-1.00000
19832	Rosebud_Top_P	Jail_Pond	un	8809367	36	0.491264850	0.33333	0.03259	3.40968	0.47712	0.03571	-1.00000	-1.00000
19833	Rosebud_Top_P	Jail_Pond	un	8810377	202	1.000000000	0.52000	0.04432	6.10163	0.28400	0.01884	-1.00000	-1.00000
19837	Rosebud_Top_P	Jail_Pond	un	8811002	31	0.055222089	0.17037	0.01854	1.56542	0.76861	0.08333	-1.00000	-1.00000
19846	Rosebud_Top_P	Jail_Pond	un	8815461	408	0.500000000	0.48276	0.04141	5.62819	0.31627	0.01818	-1.00000	-1.00000
19852	Rosebud_Top_P	Jail_Pond	un	8818289	62	0.004279824	0.08444	0.00983	0.72525	1.07343	0.17582	-1.00000	-1.00000
19858	Rosebud_Top_P	Jail_Pond	un	8821906	214	0.480000000	0.44444	0.03787	5.21605	0.35218	0.02211	-1.00000	-1.00000
19868	Rosebud_Top_P	Jail_Pond	un	8827952	10	0.000849212	0.08333	0.01646	0.42178	1.07918	0.21432	-1.00000	-1.00000
19895	Rosebud_Top_P	Jail_Pond	un	8835180	44	0.500000000	0.48276	0.04141	5.62819	0.31627	0.01818	-1.00000	-1.00000
19903	Rosebud_Top_P	Jail_Pond	un	8837693	69	0.001886343	0.07407	0.00875	0.62673	1.13033	0.18571	-1.00000	-1.00000
19909	Rosebud_Top_P	Jail_Pond	un	8839388	177	0.500000000	0.48148	0.04113	5.63661	0.31742	0.01961	-1.00000	-1.00000
19910	Rosebud_Top_P	Jail_Pond	un	8840250	130	0.000000006	105.00000	11.35756	970.71906	2.02119	0.60606	-1.00000	-1.00000
19911	Rosebud_Top_P	Jail_Pond	un	8841089	95	0.006611286	0.09360	0.01065	0.82280	1.02874	0.15217	-1.00000	-1.00000
19914	Rosebud_Top_P	Jail_Pond	un	8842526	27	1.000000000	0.52000	0.04432	6.10163	0.28400	0.01884	-1.00000	-1.00000
19915	Rosebud_Top_P	Jail_Pond	un	8843357	69	0.000046796	23.40000	2.78171	196.84299	1.36922	0.30000	-1.00000	-1.00000
19924	Rosebud_Top_P	Jail_Pond	un	8848240	143	1.000000000	0.56000	0.04783	6.55691	0.25181	0.01681	-1.00000	-1.00000
19934	Rosebud_Top_P	Jail_Pond	un	8852902	66	0.245454545	3.22222	0.31567	32.89072	0.50816	0.03704	-1.00000	-1.00000
19937	Rosebud_Top_P	Jail_Pond	un	8854269	18	0.000000004	72.50000	8.39845	625.85938	1.86034	0.58462	-1.00000	-1.00000
19941	Rosebud_Top_P	Jail_Pond	un	8856934	332	0.481481481	0.44828	0.03837	5.23742	0.34845	0.02032	-1.00000	-1.00000
19942	Rosebud_Top_P	Jail_Pond	un	8857733	309	0.500000000	2.07143	0.17768	24.14955	0.31627	0.01818	-1.00000	-1.00000
19943	Rosebud_Top_P	Jail_Pond	un	8858225	45	0.000000010	63.00000	7.38797	537.22504	1.79934	0.54622	-1.00000	-1.00000
19950	Rosebud_Top_P	Jail_Pond	un	8862369	109	0.025728988	7.25000	0.81543	64.45982	0.86034	0.09804	-1.00000	-1.00000
19952	Rosebud_Top_P	Jail_Pond	un	8864110	265	0.245454545	0.31034	0.03040	3.16783	0.50816	0.03704	-1.00000	-1.00000
19953	Rosebud_Top_P	Jail_Pond	un	8864684	57	0.000041324	0.04023	0.00475	0.34105	1.39545	0.31301	-1.00000	-1.00000
19959	Rosebud_Top_P	Jail_Pond	un	8866365	152	0.000000000	783.00000	46.62555	13149.20605	2.89376	1.00000	-1.00000	-1.00000
19964	Rosebud_Top_P	Jail_Pond	un	8867901	19	0.118181818	0.22414	0.02352	2.13589	0.64948	0.05660	-1.00000	-1.00000
19969	Rosebud_Top_P	Jail_Pond	un	8869657	50	0.000000000	783.00000	46.62555	13149.20605	2.89376	1.00000	-1.00000	-1.00000
19976	Rosebud_Top_P	Jail_Pond	un	8873084	253	0.227113906	3.48000	0.34009	35.60907	0.54158	0.04142	-1.00000	-1.00000
19988	Rosebud_Top_P	Jail_Pond	un	8878667	120	0.047272578	0.15862	0.01730	1.45424	0.79964	0.08615	-1.00000	-1.00000
19996	Rosebud_Top_P	Jail_Pond	un	8881037	36	0.352571217	0.24000	0.02500	2.30408	0.61979	0.03238	-1.00000	-1.00000
19997	Rosebud_Top_P	Jail_Pond	un	8881958	129	0.000009385	0.03448	0.00411	0.28921	1.46240	0.34146	-1.00000	-1.00000
20000	Rosebud_Top_P	Jail_Pond	un	8883542	123	0.022700900	4.54545	1.37038	15.07691	0.65758	0.12442	-1.00000	-1.00000
20015	Rosebud_Top_P	Jail_Pond	un	8890850	89	0.055746141	5.80000	0.63455	53.01424	0.76343	0.07692	-1.00000	-1.00000
20023	Rosebud_Top_P	Jail_Pond	un	8894715	328	0.500000000	0.48276	0.04141	5.62819	0.31627	0.01818	-1.00000	-1.00000
20026	Rosebud_Top_P	Jail_Pond	un	8895309	53	0.245454545	0.31034	0.03040	3.16783	0.50816	0.03704	-1.00000	-1.00000
20028	Rosebud_Top_P	Jail_Pond	un	8896022	13	0.493212670	0.36000	0.03511	3.69147	0.44370	0.03429	-1.00000	-1.00000
20031	Rosebud_Top_P	Jail_Pond	un	8898390	60	0.047272578	6.30435	0.68765	57.79831	0.79964	0.08615	-1.00000	-1.00000
20032	Rosebud_Top_P	Jail_Pond	un	8899169	117	0.025728988	7.25000	0.81543	64.45982	0.86034	0.09804	-1.00000	-1.00000
20035	Rosebud_Top_P	Jail_Pond	un	8900733	37	0.661311333	0.58333	0.08878	3.83298	0.23408	0.00641	-1.00000	-1.00000
20037	Rosebud_Top_P	Jail_Pond	un	8901782	280	1.000000000	1.92308	0.16389	22.56519	0.28400	0.00517	-1.00000	-1.00000
20048	Rosebud_Top_P	Jail_Pond	un	8907408	20	0.245454545	0.31034	0.03040	3.16783	0.50816	0.03704	-1.00000	-1.00000
20050	Rosebud_Top_P	Jail_Pond	un	8908962	43	0.039250162	0.14483	0.01574	1.33255	0.83915	0.09722	-1.00000	-1.00000
20051	Rosebud_Top_P	Jail_Pond	un	8909883	167	0.480000000	0.44444	0.03787	5.21605	0.35218	0.02211	-1.00000	-1.00000
20070	Rosebud_Top_P	Jail_Pond	un	8917800	104	0.361234991	0.30864	0.03010	3.16484	0.51055	0.01923	-1.00000	-1.00000
20077	Rosebud_Top_P	Jail_Pond	un	8922629	43	0.227113906	3.48000	0.34009	35.60907	0.54158	0.04142	-1.00000	-1.00000
20091	Rosebud_Top_P	Jail_Pond	un	8927290	75	0.000000000	208.33333	20.26751	2141.49561	2.31876	0.85207	-1.00000	-1.00000
20097	Rosebud_Top_P	Jail_Pond	un	8930956	101	0.047272578	6.30435	0.68765	57.79831	0.79964	0.08615	-1.00000	-1.00000
20099	Rosebud_Top_P	Jail_Pond	un	8931673	14	0.000019812	25.37500	3.05000	211.11198	1.40441	0.30233	-1.00000	-1.00000
20103	Rosebud_Top_P	Jail_Pond	un	8932546	109	0.000000001	91.66666	10.22621	821.69061	1.96221	0.66844	-1.00000	-1.00000
20107	Rosebud_Top_P	Jail_Pond	un	8934909	95	0.500000000	2.07143	0.17768	24.14955	0.31627	0.01818	-1.00000	-1.00000
20119	Rosebud_Top_P	Jail_Pond	un	8940407	39	0.500000000	0.48276	0.04141	5.62819	0.31627	0.01818	-1.00000	-1.00000
20131	Rosebud_Top_P	Jail_Pond	un	8946957	137	1.000000000	0.56000	0.04783	6.55691	0.25181	0.01681	-1.00000	-1.00000
20136	Rosebud_Top_P	Jail_Pond	un	8949983	117	0.245454545	0.31034	0.03040	3.16783	0.50816	0.03704	-1.00000	-1.00000
20137	Rosebud_Top_P	Jail_Pond	un	8950798	133	0.117647059	0.22222	0.02321	2.12804	0.65321	0.06122	-1.00000	-1.00000
20158	Rosebud_Top_P	Jail_Pond	un	8958665	66	0.180894214	2.18182	0.71985	6.61297	0.33882	0.03704	-1.00000	-1.00000
20159	Rosebud_Top_P	Jail_Pond	un	8959484	112	0.000027217	16.18518	3.83074	68.38375	1.20912	0.32799	-1.00000	-1.00000
20175	Rosebud_Top_P	Jail_Pond	un	8965130	46	0.104821803	4.83333	0.50582	46.18450	0.68425	0.06335	-1.00000	-1.00000
20182	Rosebud_Top_P	Jail_Pond	un	8969089	44	0.103265306	0.20370	0.02120	1.95699	0.69100	0.06915	-1.00000	-1.00000
20184	Rosebud_Top_P	Jail_Pond	un	8969780	54	1.000000000	1.08000	0.06407	18.20505	0.03342	0.00005	-1.00000	-1.00000
20185	Rosebud_Top_P	Jail_Pond	un	8970587	53	0.104821803	0.20690	0.02165	1.97698	0.68425	0.06335	-1.00000	-1.00000
20190	Rosebud_Top_P	Jail_Pond	un	8973153	237	0.500000000	2.07143	0.17768	24.14955	0.31627	0.01818	-1.00000	-1.00000
20191	Rosebud_Top_P	Jail_Pond	un	8973749	59	0.399120362	1.71429	0.54462	5.39600	0.23408	0.01709	-1.00000	-1.00000
20196	Rosebud_Top_P	Jail_Pond	un	8975376	36	0.118181818	4.46154	0.46819	42.51565	0.64948	0.05660	-1.00000	-1.00000
20197	Rosebud_Top_P	Jail_Pond	un	8976316	208	0.481481481	2.23077	0.19093	26.06312	0.34845	0.02032	-1.00000	-1.00000
20203	Rosebud_Top_P	Jail_Pond	un	8978621	18	0.003714274	11.60000	1.34375	100.13750	1.06446	0.16039	-1.00000	-1.00000
20207	Rosebud_Top_P	Jail_Pond	un	8980276	25	0.118181818	0.22414	0.02352	2.13589	0.64948	0.05660	-1.00000	-1.00000
20211	Rosebud_Top_P	Jail_Pond	un	8982780	139	0.500000000	2.07692	0.17741	24.31412	0.31742	0.01961	-1.00000	-1.00000
20213	Rosebud_Top_P	Jail_Pond	un	8984708	366	0.245454545	0.31034	0.03040	3.16783	0.50816	0.03704	-1.00000	-1.00000
20227	Rosebud_Top_P	Jail_Pond	un	8989262	82	0.500000000	2.07143	0.17768	24.14955	0.31627	0.01818	-1.00000	-1.00000
20234	Rosebud_Top_P	Jail_Pond	un	8992379	58	0.000080714	0.04598	0.00547	0.38665	1.33746	0.27549	-1.00000	-1.00000
20238	Rosebud_Top_P	Jail_Pond	un	8994030	126	0.039250162	6.90476	0.75044	63.53036	0.83915	0.09722	-1.00000	-1.00000
20262	Rosebud_Top_P	Jail_Pond	un	9004836	62	0.481481481	2.23077	0.19093	26.06312	0.34845	0.02032	-1.00000	-1.00000
20265	Rosebud_Top_P	Jail_Pond	un	9007206	71	0.030383822	3.66667	1.14055	11.78765	0.56427	0.08889	-1.00000	-1.00000
20283	Rosebud_Top_P	Jail_Pond	un	9012468	376	0.461538462	2.41667	0.20633	28.30581	0.38322	0.02288	-1.00000	-1.00000
20284	Rosebud_Top_P	Jail_Pond	un	9013039	149	0.003465046	12.00000	1.38010	104.34058	1.07918	0.17636	-1.00000	-1.00000
20291	Rosebud_Top_P	Jail_Pond	un	9017543	92	0.000002976	33.46154	3.98697	280.83353	1.52455	0.37692	-1.00000	-1.00000
20299	Rosebud_Top_P	Jail_Pond	un	9021634	133	0.025310124	0.13580	0.01519	1.21416	0.86709	0.10638	-1.00000	-1.00000
20309	Rosebud_Top_P	Jail_Pond	un	9026847	526	0.500000000	2.07692	0.17741	24.31412	0.31742	0.01961	-1.00000	-1.00000
20317	Rosebud_Top_P	Jail_Pond	un	9030379	84	0.000002976	33.46154	3.98697	280.83353	1.52455	0.37692	-1.00000	-1.00000
20318	Rosebud_Top_P	Jail_Pond	un	9031172	50	0.020799934	0.12644	0.01417	1.12790	0.89813	0.10989	-1.00000	-1.00000
20335	Rosebud_Top_P	Jail_Pond	un	9036823	59	0.000157268	12.60000	3.28779	48.28777	1.10037	0.31252	-1.00000	-1.00000
20357	Rosebud_Top_P	Jail_Pond	un	9046100	99	0.000000004	72.50000	8.39845	625.85938	1.86034	0.58462	-1.00000	-1.00000
20362	Rosebud_Top_P	Jail_Pond	un	9049283	134	0.112015456	0.18519	0.02022	1.69642	0.73239	0.07429	-1.00000	-1.00000
20396	Rosebud_Top_P	Jail_Pond	un	9068249	559	0.500000000	0.48148	0.04113	5.63661	0.31742	0.01961	-1.00000	-1.00000
20405	Rosebud_Top_P	Jail_Pond	un	9071095	140	0.118181818	4.46154	0.46819	42.51565	0.64948	0.05660	-1.00000	-1.00000
20431	Rosebud_Top_P	Jail_Pond	un	9082190	22	0.000000000	175.50000	18.37673	1676.04626	2.24428	0.80049	-1.00000	-1.00000
20433	Rosebud_Top_P	Jail_Pond	un	9083945	109	0.481481481	0.44828	0.03837	5.23742	0.34845	0.02032	-1.00000	-1.00000
20437	Rosebud_Top_P	Jail_Pond	un	9084619	16	0.007592295	4.88889	1.51333	15.79383	0.68921	0.13369	-1.00000	-1.00000
20439	Rosebud_Top_P	Jail_Pond	un	9086311	33	0.500000000	0.48276	0.04141	5.62819	0.31627	0.01818	-1.00000	-1.00000
20457	Rosebud_Top_P	Jail_Pond	un	9092665	37	0.000000001	96.66666	10.79318	865.77277	1.98528	0.67172	-1.00000	-1.00000
20463	Rosebud_Top_P	Jail_Pond	un	9095083	143	0.754008836	1.35088	0.38651	4.72139	0.13062	0.00412	-1.00000	-1.00000
20485	Rosebud_Top_P	Jail_Pond	un	9102395	222	0.103265306	4.90909	0.51099	47.16195	0.69100	0.06915	-1.00000	-1.00000
20495	Rosebud_Top_P	Jail_Pond	un	9104857	273	0.227113906	0.28736	0.02808	2.94037	0.54158	0.04142	-1.00000	-1.00000
20512	Rosebud_Top_P	Jail_Pond	un	9110690	89	1.000000000	1.78571	0.15251	20.90852	0.25181	0.01681	-1.00000	-1.00000
20522	Rosebud_Top_P	Jail_Pond	un	9114712	94	0.000007053	26.00000	4.89449	138.11446	1.41497	0.38904	-1.00000	-1.00000
20525	Rosebud_Top_P	Jail_Pond	un	9115613	144	0.011603269	8.82609	1.01217	76.96327	0.94577	0.12000	-1.00000	-1.00000
20570	Rosebud_Top_P	Jail_Pond	un	9135346	84	0.104821803	0.20690	0.02165	1.97698	0.68425	0.06335	-1.00000	-1.00000
20577	Rosebud_Top_P	Jail_Pond	un	9137813	44	0.603773585	2.25000	0.19172	26.40626	0.35218	0.00808	-1.00000	-1.00000
20588	Rosebud_Top_P	Jail_Pond	un	9145090	114	0.500000000	0.48276	0.04141	5.62819	0.31627	0.01818	-1.00000	-1.00000
20591	Rosebud_Top_P	Jail_Pond	un	9145925	62	0.000000062	50.09091	5.96864	420.38062	1.69976	0.47368	-1.00000	-1.00000
20595	Rosebud_Top_P	Jail_Pond	un	9147499	85	0.000000000	348.00000	29.71122	4076.03662	2.54158	0.92529	-1.00000	-1.00000
20600	Rosebud_Top_P	Jail_Pond	un	9151015	148	0.236897275	4.15385	0.43495	39.66973	0.61845	0.05462	-1.00000	-1.00000
20601	Rosebud_Top_P	Jail_Pond	un	9151726	28	0.000008647	28.57143	3.41708	238.89586	1.45593	0.34749	-1.00000	-1.00000
20604	Rosebud_Top_P	Jail_Pond	un	9153476	66	0.245454545	3.22222	0.31567	32.89072	0.50816	0.03704	-1.00000	-1.00000
20618	Rosebud_Top_P	Jail_Pond	un	9160067	31	0.047272578	0.15862	0.01730	1.45424	0.79964	0.08615	-1.00000	-1.00000
20625	Rosebud_Top_P	Jail_Pond	un	9161650	28	0.481481481	2.23077	0.19093	26.06312	0.34845	0.02032	-1.00000	-1.00000
20630	Rosebud_Top_P	Jail_Pond	un	9164003	92	0.118181818	0.22414	0.02352	2.13589	0.64948	0.05660	-1.00000	-1.00000
20635	Rosebud_Top_P	Jail_Pond	un	9166502	96	0.227113906	3.48000	0.34009	35.60907	0.54158	0.04142	-1.00000	-1.00000
20637	Rosebud_Top_P	Jail_Pond	un	9168343	423	0.500000000	0.48000	0.04081	5.64636	0.31876	0.02128	-1.00000	-1.00000
20655	Rosebud_Top_P	Jail_Pond	un	9177333	61	0.500000000	2.07692	0.17741	24.31412	0.31742	0.01961	-1.00000	-1.00000
20658	Rosebud_Top_P	Jail_Pond	un	9179773	79	0.000003931	33.83333	3.99090	286.82590	1.52934	0.38889	-1.00000	-1.00000
20672	Rosebud_Top_P	Jail_Pond	un	9184624	118	0.500000000	0.48148	0.04113	5.63661	0.31742	0.01961	-1.00000	-1.00000
20673	Rosebud_Top_P	Jail_Pond	un	9185408	56	0.104821803	0.20690	0.02165	1.97698	0.68425	0.06335	-1.00000	-1.00000
20676	Rosebud_Top_P	Jail_Pond	un	9187151	365	0.481481481	2.23077	0.19093	26.06312	0.34845	0.02032	-1.00000	-1.00000
20683	Rosebud_Top_P	Jail_Pond	un	9187669	51	0.039250162	6.90476	0.75044	63.53036	0.83915	0.09722	-1.00000	-1.00000
20689	Rosebud_Top_P	Jail_Pond	un	9191300	432	0.500000000	0.48148	0.04113	5.63661	0.31742	0.01961	-1.00000	-1.00000
20708	Rosebud_Top_P	Jail_Pond	un	9198199	9	0.491264850	3.00000	0.29328	30.68711	0.47712	0.03571	-1.00000	-1.00000
20712	Rosebud_Top_P	Jail_Pond	un	9200779	58	1.000000000	0.51852	0.04439	6.05718	0.28524	0.01752	-1.00000	-1.00000
20731	Rosebud_Top_P	Jail_Pond	un	9208828	366	0.055746141	5.80000	0.63455	53.01424	0.76343	0.07692	-1.00000	-1.00000
20736	Rosebud_Top_P	Jail_Pond	un	9210309	98	0.236897275	0.24074	0.02521	2.29910	0.61845	0.05462	-1.00000	-1.00000
20740	Rosebud_Top_P	Jail_Pond	un	9211939	98	0.245454545	3.22222	0.31567	32.89072	0.50816	0.03704	-1.00000	-1.00000
20746	Rosebud_Top_P	Jail_Pond	un	9214336	151	0.034552490	3.40000	1.11133	10.40191	0.53148	0.08791	-1.00000	-1.00000
20775	Rosebud_Top_P	Jail_Pond	un	9226546	146	0.500000000	0.48276	0.04141	5.62819	0.31627	0.01818	-1.00000	-1.00000
20781	Rosebud_Top_P	Jail_Pond	un	9230569	142	0.047272578	0.15862	0.01730	1.45424	0.79964	0.08615	-1.00000	-1.00000
20790	Rosebud_Top_P	Jail_Pond	un	9232828	36	0.025310124	7.36364	0.82361	65.83572	0.86709	0.10638	-1.00000	-1.00000
20806	Rosebud_Top_P	Jail_Pond	un	9238328	115	0.245454545	3.22222	0.31567	32.89072	0.50816	0.03704	-1.00000	-1.00000
20808	Rosebud_Top_P	Jail_Pond	un	9239008	17	0.589502262	0.40741	0.03461	4.79552	0.38997	0.01037	-1.00000	-1.00000
20813	Rosebud_Top_P	Jail_Pond	un	9240918	224	0.481481481	0.44828	0.03837	5.23742	0.34845	0.02032	-1.00000	-1.00000
20816	Rosebud_Top_P	Jail_Pond	un	9242479	129	0.135420848	0.25641	0.04669	1.40808	0.59106	0.05023	-1.00000	-1.00000
20831	Rosebud_Top_P	Jail_Pond	un	9248729	62	1.000000000	1.92857	0.16509	22.52900	0.28524	0.01752	-1.00000	-1.00000
20832	Rosebud_Top_P	Jail_Pond	un	9249588	42	0.055746141	0.17241	0.01886	1.57593	0.76343	0.07692	-1.00000	-1.00000
20838	Rosebud_Top_P	Jail_Pond	un	9252053	103	0.000000000	106.33334	11.91992	948.56152	2.02667	0.68531	-1.00000	-1.00000
20840	Rosebud_Top_P	Jail_Pond	un	9253627	101	0.481481481	0.44828	0.03837	5.23742	0.34845	0.02032	-1.00000	-1.00000
20866	Rosebud_Top_P	Jail_Pond	un	9264030	65	0.010405057	7.50000	1.44799	38.84697	0.87506	0.13333	-1.00000	-1.00000
20869	Rosebud_Top_P	Jail_Pond	un	9264899	91	0.000000000	162.00000	16.91695	1551.34375	2.20952	0.79310	-1.00000	-1.00000
20872	Rosebud_Top_P	Jail_Pond	un	9266470	33	0.744743607	0.71429	0.19233	2.65272	0.14613	0.00507	-1.00000	-1.00000
20882	Rosebud_Top_P	Jail_Pond	un	9270507	126	0.000770342	0.06397	0.00761	0.53812	1.19400	0.21104	-1.00000	-1.00000
20886	Rosebud_Top_P	Jail_Pond	un	9272879	28	0.245098039	0.30864	0.03010	3.16484	0.51055	0.04000	-1.00000	-1.00000
20888	Rosebud_Top_P	Jail_Pond	un	9274445	301	0.103265306	4.90909	0.51099	47.16195	0.69100	0.06915	-1.00000	-1.00000
20890	Rosebud_Top_P	Jail_Pond	un	9275056	73	0.227113906	0.28736	0.02808	2.94037	0.54158	0.04142	-1.00000	-1.00000
20898	Rosebud_Top_P	Jail_Pond	un	9280062	83	0.020799934	7.90909	0.88661	70.55416	0.89813	0.10989	-1.00000	-1.00000
20902	Rosebud_Top_P	Jail_Pond	un	9281676	110	0.227113906	3.48000	0.34009	35.60907	0.54158	0.04142	-1.00000	-1.00000
20909	Rosebud_Top_P	Jail_Pond	un	9286101	64	0.055746141	0.17241	0.01886	1.57593	0.76343	0.07692	-1.00000	-1.00000
20913	Rosebud_Top_P	Jail_Pond	un	9287008	92	0.020060790	0.12346	0.01375	1.10819	0.90848	0.12037	-1.00000	-1.00000
20929	Rosebud_Top_P	Jail_Pond	un	9294913	73	0.055746141	5.80000	0.63455	53.01424	0.76343	0.07692	-1.00000	-1.00000
20930	Rosebud_Top_P	Jail_Pond	un	9295740	48	0.376382852	0.51515	0.15588	1.70246	0.28807	0.02305	-1.00000	-1.00000
20931	Rosebud_Top_P	Jail_Pond	un	9296558	20	0.261526909	3.00000	0.54479	16.52003	0.47712	0.03274	-1.00000	-1.00000
20934	Rosebud_Top_P	Jail_Pond	un	9297499	137	0.000350484	9.45000	2.62082	34.07424	0.97543	0.25337	-1.00000	-1.00000
20936	Rosebud_Top_P	Jail_Pond	un	9299035	27	0.245454545	0.31034	0.03040	3.16783	0.50816	0.03704	-1.00000	-1.00000
20941	Rosebud_Top_P	Jail_Pond	un	9302259	155	0.236897275	0.24074	0.02521	2.29910	0.61845	0.05462	-1.00000	-1.00000
20959	Rosebud_Top_P	Jail_Pond	un	9310907	48	0.245454545	0.31034	0.03040	3.16783	0.50816	0.03704	-1.00000	-1.00000
20963	Rosebud_Top_P	Jail_Pond	un	9312599	108	0.500000000	0.48276	0.04141	5.62819	0.31627	0.01818	-1.00000	-1.00000
20971	Rosebud_Top_P	Jail_Pond	un	9315193	337	0.500000000	0.48276	0.04141	5.62819	0.31627	0.01818	-1.00000	-1.00000
20975	Rosebud_Top_P	Jail_Pond	un	9318509	272	0.481481481	0.44828	0.03837	5.23742	0.34845	0.02032	-1.00000	-1.00000
20977	Rosebud_Top_P	Jail_Pond	un	9319214	106	0.236897275	4.15385	0.43495	39.66973	0.61845	0.05462	-1.00000	-1.00000
20980	Rosebud_Top_P	Jail_Pond	un	9320686	11	0.000000000	675.00000	40.04383	11378.15820	2.82930	1.00000	-1.00000	-1.00000
20987	Rosebud_Top_P	Jail_Pond	un	9323235	20	0.006611286	0.09360	0.01065	0.82280	1.02874	0.15217	-1.00000	-1.00000
20989	Rosebud_Top_P	Jail_Pond	un	9325215	376	0.500000000	0.48148	0.04113	5.63661	0.31742	0.01961	-1.00000	-1.00000
20993	Rosebud_Top_P	Jail_Pond	un	9326500	104	0.245454545	3.22222	0.31567	32.89072	0.50816	0.03704	-1.00000	-1.00000
20995	Rosebud_Top_P	Jail_Pond	un	9327279	98	0.104821803	4.83333	0.50582	46.18450	0.68425	0.06335	-1.00000	-1.00000
21000	Rosebud_Top_P	Jail_Pond	un	9330492	32	0.500000000	0.48276	0.04141	5.62819	0.31627	0.01818	-1.00000	-1.00000
21012	Rosebud_Top_P	Jail_Pond	un	9336566	14	0.000587549	0.06207	0.00732	0.52657	1.20713	0.21538	-1.00000	-1.00000
21022	Rosebud_Top_P	Jail_Pond	un	9341251	88	0.245454545	3.22222	0.31567	32.89072	0.50816	0.03704	-1.00000	-1.00000
21030	Rosebud_Top_P	Jail_Pond	un	9344389	125	1.000000000	0.51852	0.04439	6.05718	0.28524	0.01752	-1.00000	-1.00000
21036	Rosebud_Top_P	Jail_Pond	un	9347570	36	0.000002137	45.00000	5.27812	383.65939	1.65321	0.39990	-1.00000	-1.00000
21042	Rosebud_Top_P	Jail_Pond	un	9350781	84	1.000000000	0.87500	0.28192	2.71580	0.05799	0.00107	-1.00000	-1.00000
21044	Rosebud_Top_P	Jail_Pond	un	9352392	69	0.481481481	0.44828	0.03837	5.23742	0.34845	0.02032	-1.00000	-1.00000
21049	Rosebud_Top_P	Jail_Pond	un	9355612	45	0.000016379	27.00000	3.21179	226.97647	1.43136	0.33333	-1.00000	-1.00000
21063	Rosebud_Top_P	Jail_Pond	un	9363120	88	0.047272578	6.30435	0.68765	57.79831	0.79964	0.08615	-1.00000	-1.00000
21064	Rosebud_Top_P	Jail_Pond	un	9364086	229	0.491264850	0.33333	0.03259	3.40968	0.47712	0.03571	-1.00000	-1.00000
21068	Rosebud_Top_P	Jail_Pond	un	9366536	285	0.500000000	2.07143	0.17768	24.14955	0.31627	0.01818	-1.00000	-1.00000
21073	Rosebud_Top_P	Jail_Pond	un	9367888	55	0.055746141	5.80000	0.63455	53.01424	0.76343	0.07692	-1.00000	-1.00000
21081	Rosebud_Top_P	Jail_Pond	un	9371145	105	0.004488740	11.57143	1.35697	98.67399	1.06339	0.16149	-1.00000	-1.00000
21092	Rosebud_Top_P	Jail_Pond	un	9376618	76	0.055746141	5.80000	0.63455	53.01424	0.76343	0.07692	-1.00000	-1.00000
21100	Rosebud_Top_P	Jail_Pond	un	9380139	364	0.000000000	783.00000	46.62555	13149.20605	2.89376	1.00000	-1.00000	-1.00000
21102	Rosebud_Top_P	Jail_Pond	un	9380673	61	0.000000000	225.00000	21.94246	2307.17041	2.35218	0.85714	-1.00000	-1.00000
21118	Rosebud_Top_P	Jail_Pond	un	9388072	69	1.000000000	0.51852	0.04439	6.05718	0.28524	0.01752	-1.00000	-1.00000
21124	Rosebud_Top_P	Jail_Pond	un	9390565	144	0.006611286	10.68421	1.21537	93.92410	1.02874	0.15217	-1.00000	-1.00000
21125	Rosebud_Top_P	Jail_Pond	un	9391318	121	0.491264850	3.00000	0.29328	30.68711	0.47712	0.03571	-1.00000	-1.00000
21138	Rosebud_Top_P	Jail_Pond	un	9396224	253	0.244680851	0.30667	0.02975	3.16133	0.51333	0.04348	-1.00000	-1.00000
21158	Rosebud_Top_P	Jail_Pond	un	9406458	56	0.000080714	0.04598	0.00547	0.38665	1.33746	0.27549	-1.00000	-1.00000
21162	Rosebud_Top_P	Jail_Pond	un	9408382	338	0.500000000	2.07692	0.17741	24.31412	0.31742	0.01961	-1.00000	-1.00000
21164	Rosebud_Top_P	Jail_Pond	un	9409762	104	0.490612245	3.00000	0.29185	30.83754	0.47712	0.03846	-1.00000	-1.00000
21185	Rosebud_Top_P	Jail_Pond	un	9418286	87	0.000000000	300.00000	25.50314	3528.97705	2.47712	0.78370	-1.00000	-1.00000
21186	Rosebud_Top_P	Jail_Pond	un	9419035	91	0.039250162	6.90476	0.75044	63.53036	0.83915	0.09722	-1.00000	-1.00000
21192	Rosebud_Top_P	Jail_Pond	un	9420511	130	0.245454545	0.31034	0.03040	3.16783	0.50816	0.03704	-1.00000	-1.00000
21196	Rosebud_Top_P	Jail_Pond	un	9423184	342	1.000000000	0.56000	0.04783	6.55691	0.25181	0.01681	-1.00000	-1.00000
21207	Rosebud_Top_P	Jail_Pond	un	9427552	84	0.000000018	67.85714	7.68150	599.43909	1.83160	0.60000	-1.00000	-1.00000
21214	Rosebud_Top_P	Jail_Pond	un	9429073	126	0.500000000	0.48276	0.04141	5.62819	0.31627	0.01818	-1.00000	-1.00000
21228	Rosebud_Top_P	Jail_Pond	un	9435990	8	0.245454545	0.31034	0.03040	3.16783	0.50816	0.03704	-1.00000	-1.00000
21235	Rosebud_Top_P	Jail_Pond	un	9438601	269	0.481481481	2.23077	0.19093	26.06312	0.34845	0.02032	-1.00000	-1.00000
21237	Rosebud_Top_P	Jail_Pond	un	9440316	425	0.500000000	2.08333	0.17711	24.50678	0.31876	0.02128	-1.00000	-1.00000
21249	Rosebud_Top_P	Jail_Pond	un	9445376	208	1.000000000	0.51852	0.04439	6.05718	0.28524	0.01752	-1.00000	-1.00000
21269	Rosebud_Top_P	Jail_Pond	un	9453738	249	0.117647059	4.50000	0.46992	43.09288	0.65321	0.06122	-1.00000	-1.00000
21273	Rosebud_Top_P	Jail_Pond	un	9454602	293	0.500000000	2.07143	0.17768	24.14955	0.31627	0.01818	-1.00000	-1.00000
21279	Rosebud_Top_P	Jail_Pond	un	9457545	114	0.245454545	0.31034	0.03040	3.16783	0.50816	0.03704	-1.00000	-1.00000
21285	Rosebud_Top_P	Jail_Pond	un	9459371	254	0.245098039	3.24000	0.31597	33.22326	0.51055	0.04000	-1.00000	-1.00000
21290	Rosebud_Top_P	Jail_Pond	un	9461575	86	0.000037437	13.80000	3.79435	50.19036	1.13988	0.32821	-1.00000	-1.00000
21301	Rosebud_Top_P	Jail_Pond	un	9465786	12	0.493212670	2.77778	0.27089	28.48358	0.44370	0.03429	-1.00000	-1.00000
21302	Rosebud_Top_P	Jail_Pond	un	9466640	69	0.000066824	0.04321	0.00509	0.36716	1.36442	0.30556	-1.00000	-1.00000
21304	Rosebud_Top_P	Jail_Pond	un	9468221	52	0.000000000	243.00000	23.75590	2485.65576	2.38561	0.86224	-1.00000	-1.00000
21329	Rosebud_Top_P	Jail_Pond	un	9476421	58	0.000000000	675.00000	40.04383	11378.15820	2.82930	1.00000	-1.00000	-1.00000
21336	Rosebud_Top_P	Jail_Pond	un	9479271	348	0.024822695	7.50000	0.83337	67.49715	0.87506	0.11628	-1.00000	-1.00000
21340	Rosebud_Top_P	Jail_Pond	un	9480719	119	0.777567761	1.19118	0.37328	3.80115	0.07598	0.00168	-1.00000	-1.00000
21348	Rosebud_Top_P	Jail_Pond	un	9482381	154	0.236897275	0.24074	0.02521	2.29910	0.61845	0.05462	-1.00000	-1.00000
21349	Rosebud_Top_P	Jail_Pond	un	9483093	20	0.481481481	0.44828	0.03837	5.23742	0.34845	0.02032	-1.00000	-1.00000
21357	Rosebud_Top_P	Jail_Pond	un	9487307	139	0.000000000	783.00000	46.62555	13149.20605	2.89376	1.00000	-1.00000	-1.00000
21363	Rosebud_Top_P	Jail_Pond	un	9491244	95	0.054169360	6.25000	0.69956	55.83867	0.79588	0.09119	-1.00000	-1.00000
21373	Rosebud_Top_P	Jail_Pond	un	9495984	48	0.000127909	0.04938	0.00586	0.41625	1.30642	0.26829	-1.00000	-1.00000
21376	Rosebud_Top_P	Jail_Pond	un	9498520	130	0.481481481	2.23077	0.19093	26.06312	0.34845	0.02032	-1.00000	-1.00000
21377	Rosebud_Top_P	Jail_Pond	un	9499448	128	0.000000730	37.92308	4.55073	316.02829	1.57890	0.40000	-1.00000	-1.00000
21382	Rosebud_Top_P	Jail_Pond	un	9500242	48	0.000849276	0.06667	0.00784	0.56688	1.17609	0.20930	-1.00000	-1.00000
21385	Rosebud_Top_P	Jail_Pond	un	9502666	32	0.091583710	0.18966	0.01978	1.81808	0.72204	0.07143	-1.00000	-1.00000
21387	Rosebud_Top_P	Jail_Pond	un	9504582	360	0.500000000	0.48276	0.04141	5.62819	0.31627	0.01818	-1.00000	-1.00000
21398	Rosebud_Top_P	Jail_Pond	un	9509821	49	0.239819005	0.26000	0.02716	2.48930	0.58503	0.05248	-1.00000	-1.00000
21399	Rosebud_Top_P	Jail_Pond	un	9510726	132	0.008914258	9.66667	1.10451	84.60300	0.98528	0.13462	-1.00000	-1.00000
21404	Rosebud_Top_P	Jail_Pond	un	9512220	7	0.117647059	4.50000	0.46992	43.09288	0.65321	0.06122	-1.00000	-1.00000
21409	Rosebud_Top_P	Jail_Pond	un	9515338	59	0.001979678	7.17778	2.00750	25.66401	0.85599	0.20106	-1.00000	-1.00000
21417	Rosebud_Top_P	Jail_Pond	un	9519294	31	0.721015056	1.44737	0.33916	6.17674	0.16058	0.00502	-1.00000	-1.00000
21418	Rosebud_Top_P	Jail_Pond	un	9520110	45	0.003714274	11.60000	1.34375	100.13750	1.06446	0.16039	-1.00000	-1.00000
21423	Rosebud_Top_P	Jail_Pond	un	9524082	21	0.106888390	2.59615	0.85055	7.92429	0.41433	0.05309	-1.00000	-1.00000
21433	Rosebud_Top_P	Jail_Pond	un	9529475	131	0.118181818	4.46154	0.46819	42.51565	0.64948	0.05660	-1.00000	-1.00000
21436	Rosebud_Top_P	Jail_Pond	un	9530545	406	0.481481481	0.44828	0.03837	5.23742	0.34845	0.02032	-1.00000	-1.00000
21438	Rosebud_Top_P	Jail_Pond	un	9531074	42	0.319803393	0.45238	0.11518	1.77674	0.34450	0.02458	-1.00000	-1.00000
21439	Rosebud_Top_P	Jail_Pond	un	9531977	86	0.245454545	0.31034	0.03040	3.16783	0.50816	0.03704	-1.00000	-1.00000
21447	Rosebud_Top_P	Jail_Pond	un	9535725	77	0.500000000	0.48276	0.04141	5.62819	0.31627	0.01818	-1.00000	-1.00000
21450	Rosebud_Top_P	Jail_Pond	un	9536608	110	0.552064167	1.48148	0.43074	5.09543	0.17070	0.00752	-1.00000	-1.00000
21453	Rosebud_Top_P	Jail_Pond	un	9538069	9	0.055222089	0.17037	0.01854	1.56542	0.76861	0.08333	-1.00000	-1.00000
21465	Rosebud_Top_P	Jail_Pond	un	9541373	20	0.000000000	106.33334	11.91992	948.56152	2.02667	0.68531	-1.00000	-1.00000
21470	Rosebud_Top_P	Jail_Pond	un	9545212	76	0.118181818	0.22414	0.02352	2.13589	0.64948	0.05660	-1.00000	-1.00000
21471	Rosebud_Top_P	Jail_Pond	un	9546011	112	0.018771940	5.00000	1.35677	18.42612	0.69897	0.12200	-1.00000	-1.00000
21485	Rosebud_Top_P	Jail_Pond	un	9553887	20	0.047272578	6.30435	0.68765	57.79831	0.79964	0.08615	-1.00000	-1.00000
21486	Rosebud_Top_P	Jail_Pond	un	9554830	88	1.000000000	0.51852	0.04439	6.05718	0.28524	0.01752	-1.00000	-1.00000
21508	Rosebud_Top_P	Jail_Pond	un	9564535	172	0.227113906	0.28736	0.02808	2.94037	0.54158	0.04142	-1.00000	-1.00000
21517	Rosebud_Top_P	Jail_Pond	un	9569365	81	0.000005460	31.15385	3.70346	262.06906	1.49351	0.36842	-1.00000	-1.00000
21520	Rosebud_Top_P	Jail_Pond	un	9570843	32	0.000006888	20.80952	4.72402	91.66689	1.31826	0.38788	-1.00000	-1.00000
21528	Rosebud_Top_P	Jail_Pond	un	9575606	21	0.030480478	4.79167	1.13598	20.21166	0.68049	0.09665	-1.00000	-1.00000
21541	Rosebud_Top_P	Jail_Pond	un	9578377	305	0.500000000	0.48276	0.04141	5.62819	0.31627	0.01818	-1.00000	-1.00000
21543	Rosebud_Top_P	Jail_Pond	un	9579864	243	0.245454545	0.31034	0.03040	3.16783	0.50816	0.03704	-1.00000	-1.00000
21555	Rosebud_Top_P	Jail_Pond	un	9585355	67	0.467392380	0.47619	0.10465	2.16681	0.32222	0.01892	-1.00000	-1.00000
21557	Rosebud_Top_P	Jail_Pond	un	9586935	47	0.481481481	0.44828	0.03837	5.23742	0.34845	0.02032	-1.00000	-1.00000
21571	Rosebud_Top_P	Jail_Pond	un	9590240	106	1.000000000	1.12500	0.34256	3.69458	0.05115	0.00075	-1.00000	-1.00000
21576	Rosebud_Top_P	Jail_Pond	un	9593678	264	0.500000000	0.48276	0.04141	5.62819	0.31627	0.01818	-1.00000	-1.00000
21580	Rosebud_Top_P	Jail_Pond	un	9594968	30	0.000000000	208.33333	20.26751	2141.49561	2.31876	0.85207	-1.00000	-1.00000
21584	Rosebud_Top_P	Jail_Pond	un	9596638	80	0.148530551	0.38889	0.11673	1.29558	0.41017	0.04848	-1.00000	-1.00000
21594	Rosebud_Top_P	Jail_Pond	un	9601092	33	0.491264850	0.33333	0.03259	3.40968	0.47712	0.03571	-1.00000	-1.00000
21600	Rosebud_Top_P	Jail_Pond	un	9603391	28	0.003714274	11.60000	1.34375	100.13750	1.06446	0.16039	-1.00000	-1.00000
21623	Rosebud_Top_P	Jail_Pond	un	9613173	521	1.000000000	1.92857	0.16509	22.52900	0.28524	0.01752	-1.00000	-1.00000
21627	Rosebud_Top_P	Jail_Pond	un	9615018	13	0.118181818	0.22414	0.02352	2.13589	0.64948	0.05660	-1.00000	-1.00000
21638	Rosebud_Top_P	Jail_Pond	un	9619082	56	0.000000000	133.39999	14.55060	1223.01221	2.12516	0.74038	-1.00000	-1.00000
21647	Rosebud_Top_P	Jail_Pond	un	9624117	36	0.709458251	0.71739	0.14382	3.57837	0.14424	0.00317	-1.00000	-1.00000
21649	Rosebud_Top_P	Jail_Pond	un	9625010	165	1.000000000	0.51852	0.04439	6.05718	0.28524	0.01752	-1.00000	-1.00000
21650	Rosebud_Top_P	Jail_Pond	un	9625663	40	0.000000009	91.66666	10.22621	821.69061	1.96221	0.57013	-1.00000	-1.00000
21652	Rosebud_Top_P	Jail_Pond	un	9626644	142	0.047272578	6.30435	0.68765	57.79831	0.79964	0.08615	-1.00000	-1.00000
21654	Rosebud_Top_P	Jail_Pond	un	9628233	104	0.500000000	0.48276	0.04141	5.62819	0.31627	0.01818	-1.00000	-1.00000
21658	Rosebud_Top_P	Jail_Pond	un	9630555	92	0.091583710	5.27273	0.55003	50.54564	0.72204	0.07143	-1.00000	-1.00000
21675	Rosebud_Top_P	Jail_Pond	un	9637747	252	0.500000000	0.48148	0.04113	5.63661	0.31742	0.01961	-1.00000	-1.00000
21701	Rosebud_Top_P	Jail_Pond	un	9647038	146	0.000273662	0.05333	0.00631	0.45075	1.27300	0.26036	-1.00000	-1.00000
21705	Rosebud_Top_P	Jail_Pond	un	9648875	314	0.245454545	3.22222	0.31567	32.89072	0.50816	0.03704	-1.00000	-1.00000
21709	Rosebud_Top_P	Jail_Pond	un	9650127	34	0.000123973	0.04702	0.00553	0.39964	1.32770	0.27778	-1.00000	-1.00000
21711	Rosebud_Top_P	Jail_Pond	un	9650959	84	0.101420854	2.66667	0.85001	8.36589	0.42597	0.05769	-1.00000	-1.00000
21712	Rosebud_Top_P	Jail_Pond	un	9651773	42	1.000000000	1.32000	0.20168	8.63962	0.12057	0.00162	-1.00000	-1.00000
21722	Rosebud_Top_P	Jail_Pond	un	9657235	80	0.697061803	1.53333	0.30574	7.68990	0.18564	0.00545	-1.00000	-1.00000
21724	Rosebud_Top_P	Jail_Pond	un	9658056	11	0.245454545	0.31034	0.03040	3.16783	0.50816	0.03704	-1.00000	-1.00000
21738	Rosebud_Top_P	Jail_Pond	un	9662584	73	0.227113906	3.48000	0.34009	35.60907	0.54158	0.04142	-1.00000	-1.00000
21741	Rosebud_Top_P	Jail_Pond	un	9664400	284	0.112015456	0.18519	0.02022	1.69642	0.73239	0.07429	-1.00000	-1.00000
21742	Rosebud_Top_P	Jail_Pond	un	9664999	56	0.003714274	11.60000	1.34375	100.13750	1.06446	0.16039	-1.00000	-1.00000
21746	Rosebud_Top_P	Jail_Pond	un	9668228	107	0.500000000	0.48276	0.04141	5.62819	0.31627	0.01818	-1.00000	-1.00000
21752	Rosebud_Top_P	Jail_Pond	un	9671388	52	0.000005219	30.85714	3.70036	257.31656	1.48936	0.35714	-1.00000	-1.00000
21755	Rosebud_Top_P	Jail_Pond	un	9672225	80	0.500000000	0.48276	0.04141	5.62819	0.31627	0.01818	-1.00000	-1.00000
21761	Rosebud_Top_P	Jail_Pond	un	9675392	102	0.500000000	0.48276	0.04141	5.62819	0.31627	0.01818	-1.00000	-1.00000
21762	Rosebud_Top_P	Jail_Pond	un	9676587	405	0.244680851	0.30667	0.02975	3.16133	0.51333	0.04348	-1.00000	-1.00000
21773	Rosebud_Top_P	Jail_Pond	un	9680325	91	0.245098039	3.24000	0.31597	33.22326	0.51055	0.04000	-1.00000	-1.00000
21778	Rosebud_Top_P	Jail_Pond	un	9681975	30	0.491264850	3.00000	0.29328	30.68711	0.47712	0.03571	-1.00000	-1.00000
21783	Rosebud_Top_P	Jail_Pond	un	9683698	135	0.500000000	2.07143	0.17768	24.14955	0.31627	0.01818	-1.00000	-1.00000
21786	Rosebud_Top_P	Jail_Pond	un	9684372	8	0.005105438	10.54545	1.22656	90.66576	1.02307	0.14286	-1.00000	-1.00000
21790	Rosebud_Top_P	Jail_Pond	un	9686798	38	0.001369902	0.06996	0.00812	0.60257	1.15516	0.20635	-1.00000	-1.00000
21794	Rosebud_Top_P	Jail_Pond	un	9688451	136	0.481481481	2.23077	0.19093	26.06312	0.34845	0.02032	-1.00000	-1.00000
21820	Rosebud_Top_P	Jail_Pond	un	9697211	51	0.236897275	0.24074	0.02521	2.29910	0.61845	0.05462	-1.00000	-1.00000
21826	Rosebud_Top_P	Jail_Pond	un	9699629	107	0.236897275	0.24074	0.02521	2.29910	0.61845	0.05462	-1.00000	-1.00000
21832	Rosebud_Top_P	Jail_Pond	un	9702981	353	0.500000000	2.08333	0.17711	24.50678	0.31876	0.02128	-1.00000	-1.00000
21833	Rosebud_Top_P	Jail_Pond	un	9703617	128	0.383162575	0.52525	0.16517	1.67030	0.27963	0.02404	-1.00000	-1.00000
21834	Rosebud_Top_P	Jail_Pond	un	9704382	130	0.500000000	0.48276	0.04141	5.62819	0.31627	0.01818	-1.00000	-1.00000
21851	Rosebud_Top_P	Jail_Pond	un	9710254	235	0.500000000	2.08333	0.17711	24.50678	0.31876	0.02128	-1.00000	-1.00000
21857	Rosebud_Top_P	Jail_Pond	un	9714220	96	0.144425815	4.00000	0.74768	21.39966	0.60206	0.05385	-1.00000	-1.00000
21869	Rosebud_Top_P	Jail_Pond	un	9719012	12	0.000000007	73.28571	8.31773	645.70422	1.86502	0.60938	-1.00000	-1.00000
21870	Rosebud_Top_P	Jail_Pond	un	9719877	33	1.000000000	0.51852	0.04439	6.05718	0.28524	0.01752	-1.00000	-1.00000
21874	Rosebud_Top_P	Jail_Pond	un	9722294	14	0.002188045	0.08046	0.00946	0.68454	1.09442	0.16667	-1.00000	-1.00000
21890	Rosebud_Top_P	Jail_Pond	un	9731318	61	0.000911685	0.06897	0.00817	0.58216	1.16137	0.19149	-1.00000	-1.00000
21891	Rosebud_Top_P	Jail_Pond	un	9732333	256	0.117021277	0.22000	0.02284	2.11887	0.65758	0.06667	-1.00000	-1.00000
21893	Rosebud_Top_P	Jail_Pond	un	9733840	117	0.000000000	351.00000	29.98258	4109.08643	2.54531	0.92593	-1.00000	-1.00000
21902	Rosebud_Top_P	Jail_Pond	un	9737726	126	1.000000000	1.76923	0.15037	20.81635	0.24778	0.00405	-1.00000	-1.00000
21903	Rosebud_Top_P	Jail_Pond	un	9738420	23	0.000101828	21.66667	2.56879	182.74944	1.33579	0.29150	-1.00000	-1.00000
21911	Rosebud_Top_P	Jail_Pond	un	9741667	15	0.000000004	83.33334	9.25965	749.96844	1.92082	0.65517	-1.00000	-1.00000
21913	Rosebud_Top_P	Jail_Pond	un	9743297	27	0.227113906	3.48000	0.34009	35.60907	0.54158	0.04142	-1.00000	-1.00000
21919	Rosebud_Top_P	Jail_Pond	un	9745639	11	0.480000000	0.44444	0.03787	5.21605	0.35218	0.02211	-1.00000	-1.00000
21926	Rosebud_Top_P	Jail_Pond	un	9747326	122	0.236897275	0.24074	0.02521	2.29910	0.61845	0.05462	-1.00000	-1.00000
21964	Rosebud_Top_P	Jail_Pond	un	9761618	325	1.000000000	1.92857	0.16509	22.52900	0.28524	0.01752	-1.00000	-1.00000
21966	Rosebud_Top_P	Jail_Pond	un	9762200	148	0.011603269	0.11330	0.01299	0.98798	0.94577	0.12000	-1.00000	-1.00000
21967	Rosebud_Top_P	Jail_Pond	un	9762990	126	0.011308779	9.00000	1.02601	78.94656	0.95424	0.13043	-1.00000	-1.00000
21969	Rosebud_Top_P	Jail_Pond	un	9764704	224	0.480000000	0.44444	0.03787	5.21605	0.35218	0.02211	-1.00000	-1.00000
21980	Rosebud_Top_P	Jail_Pond	un	9770212	112	1.000000000	1.11111	0.30328	4.07078	0.04576	0.00051	-1.00000	-1.00000
21981	Rosebud_Top_P	Jail_Pond	un	9770950	32	0.000000000	174.00000	18.20957	1662.64185	2.24055	0.79901	-1.00000	-1.00000
21986	Rosebud_Top_P	Jail_Pond	un	9773446	7	1.000000000	0.51852	0.04439	6.05718	0.28524	0.01752	-1.00000	-1.00000
21988	Rosebud_Top_P	Jail_Pond	un	9775062	97	0.118181818	4.46154	0.46819	42.51565	0.64948	0.05660	-1.00000	-1.00000
21992	Rosebud_Top_P	Jail_Pond	un	9775974	227	0.208144796	0.26437	0.02576	2.71292	0.57779	0.04667	-1.00000	-1.00000
22002	Rosebud_Top_P	Jail_Pond	un	9780867	95	0.194105286	2.07692	0.71097	6.06718	0.31742	0.03226	-1.00000	-1.00000
22011	Rosebud_Top_P	Jail_Pond	un	9783209	18	0.000911685	0.06897	0.00817	0.58216	1.16137	0.19149	-1.00000	-1.00000
22013	Rosebud_Top_P	Jail_Pond	un	9784164	133	0.208144796	0.26437	0.02576	2.71292	0.57779	0.04667	-1.00000	-1.00000
22015	Rosebud_Top_P	Jail_Pond	un	9784891	31	0.208144796	0.26437	0.02576	2.71292	0.57779	0.04667	-1.00000	-1.00000
22028	Rosebud_Top_P	Jail_Pond	un	9790638	125	0.000001109	39.54546	4.65292	336.09937	1.59710	0.42982	-1.00000	-1.00000
22031	Rosebud_Top_P	Jail_Pond	un	9792237	76	0.491264850	3.00000	0.29328	30.68711	0.47712	0.03571	-1.00000	-1.00000
22039	Rosebud_Top_P	Jail_Pond	un	9795427	60	0.055746141	0.17241	0.01886	1.57593	0.76343	0.07692	-1.00000	-1.00000
22040	Rosebud_Top_P	Jail_Pond	un	9796225	37	0.357724628	0.26087	0.02709	2.51184	0.58358	0.02928	-1.00000	-1.00000
22041	Rosebud_Top_P	Jail_Pond	un	9796937	42	0.112015456	0.18519	0.02022	1.69642	0.73239	0.07429	-1.00000	-1.00000
22050	Rosebud_Top_P	Jail_Pond	un	9800111	81	0.118181818	0.22414	0.02352	2.13589	0.64948	0.05660	-1.00000	-1.00000
22052	Rosebud_Top_P	Jail_Pond	un	9801929	280	0.104821803	4.83333	0.50582	46.18450	0.68425	0.06335	-1.00000	-1.00000
22053	Rosebud_Top_P	Jail_Pond	un	9802570	73	0.244680851	0.30667	0.02975	3.16133	0.51333	0.04348	-1.00000	-1.00000
22062	Rosebud_Top_P	Jail_Pond	un	9807399	61	0.013826129	0.16883	0.03952	0.72116	0.77255	0.13445	-1.00000	-1.00000
22064	Rosebud_Top_P	Jail_Pond	un	9808069	56	0.225306122	3.52174	0.34246	36.21597	0.54676	0.04514	-1.00000	-1.00000
22073	Rosebud_Top_P	Jail_Pond	un	9813103	274	0.500000000	2.07143	0.17768	24.14955	0.31627	0.01818	-1.00000	-1.00000
22081	Rosebud_Top_P	Jail_Pond	un	9816197	16	0.461538462	0.41379	0.03533	4.84665	0.38322	0.02288	-1.00000	-1.00000
22084	Rosebud_Top_P	Jail_Pond	un	9817469	462	0.481481481	0.44828	0.03837	5.23742	0.34845	0.02032	-1.00000	-1.00000
22106	Rosebud_Top_P	Jail_Pond	un	9824198	28	0.000080714	0.04598	0.00547	0.38665	1.33746	0.27549	-1.00000	-1.00000
22113	Rosebud_Top_P	Jail_Pond	un	9828271	77	0.010518303	8.25000	1.61704	42.09084	0.91645	0.15055	-1.00000	-1.00000
22114	Rosebud_Top_P	Jail_Pond	un	9829118	159	1.000000000	0.52000	0.04432	6.10163	0.28400	0.01884	-1.00000	-1.00000
22133	Rosebud_Top_P	Jail_Pond	un	9839026	84	0.000000000	783.00000	46.62555	13149.20605	2.89376	1.00000	-1.00000	-1.00000
22134	Rosebud_Top_P	Jail_Pond	un	9839897	75	0.771586934	0.74118	0.23582	2.32947	0.13008	0.00527	-1.00000	-1.00000
22140	Rosebud_Top_P	Jail_Pond	un	9840792	179	1.000000000	1.92857	0.16509	22.52900	0.28524	0.01752	-1.00000	-1.00000
22145	Rosebud_Top_P	Jail_Pond	un	9842278	70	0.500000000	0.48276	0.04141	5.62819	0.31627	0.01818	-1.00000	-1.00000
22153	Rosebud_Top_P	Jail_Pond	un	9847229	151	0.117647059	0.22222	0.02321	2.12804	0.65321	0.06122	-1.00000	-1.00000
22154	Rosebud_Top_P	Jail_Pond	un	9847928	71	0.000572015	10.22222	2.47836	42.16245	1.00955	0.22768	-1.00000	-1.00000
22167	Rosebud_Top_P	Jail_Pond	un	9853325	10	0.104821803	0.20690	0.02165	1.97698	0.68425	0.06335	-1.00000	-1.00000
22186	Rosebud_Top_P	Jail_Pond	un	9860613	95	0.025310124	0.13580	0.01519	1.21416	0.86709	0.10638	-1.00000	-1.00000
22208	Rosebud_Top_P	Jail_Pond	un	9871656	79	0.000849276	15.00000	1.76405	127.54709	1.17609	0.20930	-1.00000	-1.00000
22243	Rosebud_Top_P	Jail_Pond	un	9885406	45	0.118181818	4.46154	0.46819	42.51565	0.64948	0.05660	-1.00000	-1.00000
22244	Rosebud_Top_P	Jail_Pond	un	9886232	113	0.245454545	0.31034	0.03040	3.16783	0.50816	0.03704	-1.00000	-1.00000
22246	Rosebud_Top_P	Jail_Pond	un	9887743	80	0.239819005	0.26000	0.02716	2.48930	0.58503	0.05248	-1.00000	-1.00000
22252	Rosebud_Top_P	Jail_Pond	un	9892090	278	0.500000000	0.48276	0.04141	5.62819	0.31627	0.01818	-1.00000	-1.00000
22268	Rosebud_Top_P	Jail_Pond	un	9897860	505	0.481481481	2.23077	0.19093	26.06312	0.34845	0.02032	-1.00000	-1.00000
22280	Rosebud_Top_P	Jail_Pond	un	9901527	94	0.000101828	0.04615	0.00547	0.38929	1.33579	0.29150	-1.00000	-1.00000
22282	Rosebud_Top_P	Jail_Pond	un	9902381	119	0.500000000	0.48276	0.04141	5.62819	0.31627	0.01818	-1.00000	-1.00000
22288	Rosebud_Top_P	Jail_Pond	un	9903915	13	0.000000893	38.66667	4.59785	325.17648	1.58734	0.41420	-1.00000	-1.00000
22292	Rosebud_Top_P	Jail_Pond	un	9904854	137	0.000000252	44.81818	5.31062	378.23602	1.65145	0.45344	-1.00000	-1.00000
22297	Rosebud_Top_P	Jail_Pond	un	9906486	101	0.020060790	8.10000	0.90237	72.70824	0.90849	0.12037	-1.00000	-1.00000
22301	Rosebud_Top_P	Jail_Pond	un	9908891	14	0.007079241	6.64444	1.61585	27.32228	0.82246	0.14576	-1.00000	-1.00000
22319	Rosebud_Top_P	Jail_Pond	un	9915418	55	1.000000000	0.56000	0.04783	6.55691	0.25181	0.01681	-1.00000	-1.00000
22337	Rosebud_Top_P	Jail_Pond	un	9920364	61	0.480000000	0.44444	0.03787	5.21605	0.35218	0.02211	-1.00000	-1.00000
22340	Rosebud_Top_P	Jail_Pond	un	9922621	51	0.225306122	3.52174	0.34246	36.21597	0.54676	0.04514	-1.00000	-1.00000
22346	Rosebud_Top_P	Jail_Pond	un	9925170	258	0.461538462	2.41667	0.20633	28.30581	0.38322	0.02288	-1.00000	-1.00000
22360	Rosebud_Top_P	Jail_Pond	un	9929747	179	0.225306122	3.52174	0.34246	36.21597	0.54676	0.04514	-1.00000	-1.00000
22367	Rosebud_Top_P	Jail_Pond	un	9932914	71	0.104821803	4.83333	0.50582	46.18450	0.68425	0.06335	-1.00000	-1.00000
22369	Rosebud_Top_P	Jail_Pond	un	9933745	49	0.461538462	0.41379	0.03533	4.84665	0.38322	0.02288	-1.00000	-1.00000
22370	Rosebud_Top_P	Jail_Pond	un	9934346	258	0.602040816	0.44000	0.03729	5.19112	0.35655	0.00891	-1.00000	-1.00000
22374	Rosebud_Top_P	Jail_Pond	un	9935005	107	0.461538462	2.41667	0.20633	28.30581	0.38322	0.02288	-1.00000	-1.00000
22377	Rosebud_Top_P	Jail_Pond	un	9935802	20	0.500000000	0.48276	0.04141	5.62819	0.31627	0.01818	-1.00000	-1.00000
22385	Rosebud_Top_P	Jail_Pond	un	9940755	120	0.208144796	0.26437	0.02576	2.71292	0.57779	0.04667	-1.00000	-1.00000
22394	Rosebud_Top_P	Jail_Pond	un	9945739	103	0.008470111	9.94737	1.12900	87.64407	0.99771	0.14773	-1.00000	-1.00000
22402	Rosebud_Top_P	Jail_Pond	un	9948587	362	0.480000000	0.44444	0.03787	5.21605	0.35218	0.02211	-1.00000	-1.00000
22406	Rosebud_Top_P	Jail_Pond	un	9950224	385	1.000000000	1.92308	0.16389	22.56519	0.28400	0.01884	-1.00000	-1.00000
22423	Rosebud_Top_P	Jail_Pond	un	9957339	363	0.480000000	0.44444	0.03787	5.21605	0.35218	0.02211	-1.00000	-1.00000
22426	Rosebud_Top_P	Jail_Pond	un	9958948	334	0.461538462	0.41379	0.03533	4.84665	0.38322	0.02288	-1.00000	-1.00000
22429	Rosebud_Top_P	Jail_Pond	un	9960360	107	0.068711763	0.28139	0.07955	0.99531	0.55070	0.08118	-1.00000	-1.00000
22438	Rosebud_Top_P	Jail_Pond	un	9964417	34	0.000000004	72.50000	8.39845	625.85938	1.86034	0.58462	-1.00000	-1.00000
22444	Rosebud_Top_P	Jail_Pond	un	9967782	258	1.000000000	1.00000	0.32251	3.10063	0.00000	0.00000	-1.00000	-1.00000
22445	Rosebud_Top_P	Jail_Pond	un	9968330	46	0.000000730	37.92308	4.55073	316.02829	1.57890	0.40000	-1.00000	-1.00000
22447	Rosebud_Top_P	Jail_Pond	un	9970143	147	0.490612245	0.33333	0.03243	3.42639	0.47712	0.03846	-1.00000	-1.00000
22457	Rosebud_Top_P	Jail_Pond	un	9974186	82	0.001949047	0.07556	0.00875	0.65250	1.12173	0.20000	-1.00000	-1.00000
22469	Rosebud_Top_P	Jail_Pond	un	9980625	92	0.000490067	14.18182	2.72105	73.91406	1.15173	0.25672	-1.00000	-1.00000
22481	Rosebud_Top_P	Jail_Pond	un	9984601	128	0.011603269	0.11330	0.01299	0.98798	0.94577	0.12000	-1.00000	-1.00000
22484	Rosebud_Top_P	Jail_Pond	un	9985365	131	0.245098039	3.24000	0.31597	33.22326	0.51055	0.04000	-1.00000	-1.00000
22485	Rosebud_Top_P	Jail_Pond	un	9986132	75	0.481481481	2.23077	0.19093	26.06312	0.34845	0.02032	-1.00000	-1.00000
22496	Rosebud_Top_P	Jail_Pond	un	9990090	145	0.000001694	35.30769	4.22710	294.91452	1.54787	0.39098	-1.00000	-1.00000
22504	Rosebud_Top_P	Jail_Pond	un	9992568	296	0.500000000	0.48148	0.04113	5.63661	0.31742	0.01961	-1.00000	-1.00000
22510	Rosebud_Top_P	Jail_Pond	un	9993939	119	0.239819005	0.26000	0.02716	2.48930	0.58503	0.05248	-1.00000	-1.00000
22517	Rosebud_Top_P	Jail_Pond	un	9997301	86	0.500000000	2.07143	0.17768	24.14955	0.31627	0.01818	-1.00000	-1.00000
22520	Rosebud_Top_P	Jail_Pond	un	9998241	106	0.500000000	0.48276	0.04141	5.62819	0.31627	0.01818	-1.00000	-1.00000
22528	Rosebud_Top_P	Jail_Pond	un	10003287	97	0.055746141	5.80000	0.63455	53.01424	0.76343	0.07692	-1.00000	-1.00000
22530	Rosebud_Top_P	Jail_Pond	un	10004272	225	0.500000000	0.48276	0.04141	5.62819	0.31627	0.01818	-1.00000	-1.00000
22537	Rosebud_Top_P	Jail_Pond	un	10007331	61	1.000000000	1.12500	0.34256	3.69458	0.05115	0.00075	-1.00000	-1.00000
22539	Rosebud_Top_P	Jail_Pond	un	10008455	418	0.481481481	2.23077	0.19093	26.06312	0.34845	0.02032	-1.00000	-1.00000
22556	Rosebud_Top_P	Jail_Pond	un	10013906	121	0.500000000	0.48148	0.04113	5.63661	0.31742	0.01961	-1.00000	-1.00000
22561	Rosebud_Top_P	Jail_Pond	un	10017247	84	0.002587025	12.88889	1.48569	111.81544	1.11022	0.18148	-1.00000	-1.00000
22577	Rosebud_Top_P	Jail_Pond	un	10024817	122	0.025780891	4.09091	1.28717	13.00179	0.61182	0.11052	-1.00000	-1.00000
22599	Rosebud_Top_P	Jail_Pond	un	10032958	78	0.500000000	2.07692	0.17741	24.31412	0.31742	0.01961	-1.00000	-1.00000
22609	Rosebud_Top_P	Jail_Pond	un	10038345	92	0.461538462	0.41379	0.03533	4.84665	0.38322	0.02288	-1.00000	-1.00000
22611	Rosebud_Top_P	Jail_Pond	un	10039948	46	0.245454545	0.31034	0.03040	3.16783	0.50816	0.03704	-1.00000	-1.00000
22612	Rosebud_Top_P	Jail_Pond	un	10040760	47	0.118181818	4.46154	0.46819	42.51565	0.64948	0.05660	-1.00000	-1.00000
22618	Rosebud_Top_P	Jail_Pond	un	10042349	19	0.000004066	34.09091	3.99134	291.17758	1.53264	0.41176	-1.00000	-1.00000
22625	Rosebud_Top_P	Jail_Pond	un	10047223	147	0.000000035	60.75000	6.98673	528.22418	1.78355	0.55808	-1.00000	-1.00000
22626	Rosebud_Top_P	Jail_Pond	un	10047905	87	0.500000000	2.07143	0.17768	24.14955	0.31627	0.01818	-1.00000	-1.00000
22633	Rosebud_Top_P	Jail_Pond	un	10053712	100	0.020060790	0.12346	0.01375	1.10819	0.90848	0.12037	-1.00000	-1.00000
22638	Rosebud_Top_P	Jail_Pond	un	10056252	205	1.000000000	0.56000	0.04783	6.55691	0.25181	0.01681	-1.00000	-1.00000
22643	Rosebud_Top_P	Jail_Pond	un	10058639	106	0.259118541	0.35000	0.06135	1.99666	0.45593	0.02857	-1.00000	-1.00000
22644	Rosebud_Top_P	Jail_Pond	un	10059289	8	0.491264850	0.33333	0.03259	3.40968	0.47712	0.03571	-1.00000	-1.00000
22649	Rosebud_Top_P	Jail_Pond	un	10063393	58	0.000000000	208.33333	20.26751	2141.49561	2.31876	0.85207	-1.00000	-1.00000
22662	Rosebud_Top_P	Jail_Pond	un	10067382	13	0.000521867	16.87500	1.97225	144.38617	1.22724	0.23780	-1.00000	-1.00000
22667	Rosebud_Top_P	Jail_Pond	un	10069849	133	0.493212670	0.36000	0.03511	3.69147	0.44370	0.03429	-1.00000	-1.00000
22668	Rosebud_Top_P	Jail_Pond	un	10070562	114	0.000022608	16.66667	4.07378	68.18669	1.22185	0.36308	-1.00000	-1.00000
22676	Rosebud_Top_P	Jail_Pond	un	10074463	12	0.000000001	137.50000	14.27645	1324.29639	2.13830	0.66117	-1.00000	-1.00000
22686	Rosebud_Top_P	Jail_Pond	un	10080007	12	0.104821803	4.83333	0.50582	46.18450	0.68425	0.06335	-1.00000	-1.00000
22697	Rosebud_Top_P	Jail_Pond	un	10084036	116	1.000000000	1.92857	0.16509	22.52900	0.28524	0.01752	-1.00000	-1.00000
22700	Rosebud_Top_P	Jail_Pond	un	10085633	82	0.481481481	2.23077	0.19093	26.06312	0.34845	0.02032	-1.00000	-1.00000
22704	Rosebud_Top_P	Jail_Pond	un	10088822	141	0.000355389	0.05517	0.00646	0.47099	1.25828	0.24419	-1.00000	-1.00000
22711	Rosebud_Top_P	Jail_Pond	un	10092076	117	1.000000000	0.51852	0.04439	6.05718	0.28524	0.01752	-1.00000	-1.00000
22713	Rosebud_Top_P	Jail_Pond	un	10093591	67	0.260410898	0.46667	0.15142	1.43819	0.33099	0.03310	-1.00000	-1.00000
22714	Rosebud_Top_P	Jail_Pond	un	10094621	329	0.104821803	0.20690	0.02165	1.97698	0.68425	0.06335	-1.00000	-1.00000
22715	Rosebud_Top_P	Jail_Pond	un	10095190	152	0.000000001	87.00000	9.94055	761.42694	1.93952	0.63348	-1.00000	-1.00000
22722	Rosebud_Top_P	Jail_Pond	un	10099146	110	0.000849276	15.00000	1.76405	127.54709	1.17609	0.20930	-1.00000	-1.00000
22747	Rosebud_Top_P	Jail_Pond	un	10110574	47	0.000000326	47.22222	5.46805	407.81201	1.67415	0.50000	-1.00000	-1.00000
22757	Rosebud_Top_P	Jail_Pond	un	10114441	51	0.000000000	841.00000	50.16650	14098.67188	2.92480	1.00000	-1.00000	-1.00000
22763	Rosebud_Top_P	Jail_Pond	un	10116425	296	0.091583710	0.18966	0.01978	1.81808	0.72204	0.07143	-1.00000	-1.00000
22769	Rosebud_Top_P	Jail_Pond	un	10119368	52	0.360144058	3.26087	0.31632	33.61525	0.51333	0.02083	-1.00000	-1.00000
22770	Rosebud_Top_P	Jail_Pond	un	10120511	394	0.227113906	3.48000	0.34009	35.60907	0.54158	0.04142	-1.00000	-1.00000
22772	Rosebud_Top_P	Jail_Pond	un	10122146	474	1.000000000	0.56000	0.04783	6.55691	0.25181	0.01681	-1.00000	-1.00000
22778	Rosebud_Top_P	Jail_Pond	un	10125863	280	0.500000000	2.07692	0.17741	24.31412	0.31742	0.01961	-1.00000	-1.00000
22780	Rosebud_Top_P	Jail_Pond	un	10126369	63	0.008914258	9.66667	1.10451	84.60300	0.98528	0.13462	-1.00000	-1.00000
22782	Rosebud_Top_P	Jail_Pond	un	10128065	149	0.000022275	0.03704	0.00436	0.31445	1.43136	0.34211	-1.00000	-1.00000
22787	Rosebud_Top_P	Jail_Pond	un	10131161	25	0.104821803	4.83333	0.50582	46.18450	0.68425	0.06335	-1.00000	-1.00000
22792	Rosebud_Top_P	Jail_Pond	un	10133825	29	0.020799934	7.90909	0.88661	70.55416	0.89813	0.10989	-1.00000	-1.00000
22799	Rosebud_Top_P	Jail_Pond	un	10137367	423	0.461538462	2.41667	0.20633	28.30581	0.38322	0.02288	-1.00000	-1.00000
22803	Rosebud_Top_P	Jail_Pond	un	10138703	148	0.055746141	5.80000	0.63455	53.01424	0.76343	0.07692	-1.00000	-1.00000
22806	Rosebud_Top_P	Jail_Pond	un	10140272	115	0.000003931	33.83333	3.99090	286.82590	1.52934	0.38889	-1.00000	-1.00000
22811	Rosebud_Top_P	Jail_Pond	un	10142517	82	0.227113906	0.28736	0.02808	2.94037	0.54158	0.04142	-1.00000	-1.00000
22816	Rosebud_Top_P	Jail_Pond	un	10143193	22	0.491264850	0.33333	0.03259	3.40968	0.47712	0.03571	-1.00000	-1.00000
22824	Rosebud_Top_P	Jail_Pond	un	10145696	39	0.001768977	0.07200	0.00844	0.61386	1.14267	0.20263	-1.00000	-1.00000
22825	Rosebud_Top_P	Jail_Pond	un	10146835	366	1.000000000	1.00000	0.05920	16.89051	0.00000	0.00000	-1.00000	-1.00000
22831	Rosebud_Top_P	Jail_Pond	un	10148947	136	0.008914258	9.66667	1.10451	84.60300	0.98528	0.13462	-1.00000	-1.00000
22836	Rosebud_Top_P	Jail_Pond	un	10152946	67	0.743163072	1.54737	0.41973	5.70450	0.18959	0.00833	-1.00000	-1.00000
22842	Rosebud_Top_P	Jail_Pond	un	10155474	98	0.000362270	23.00000	2.66277	198.66566	1.36173	0.26593	-1.00000	-1.00000
22846	Rosebud_Top_P	Jail_Pond	un	10156905	45	0.002188045	12.42857	1.46083	105.74072	1.09442	0.16667	-1.00000	-1.00000
22850	Rosebud_Top_P	Jail_Pond	un	10158706	257	0.500000000	2.07692	0.17741	24.31412	0.31742	0.01961	-1.00000	-1.00000
22851	Rosebud_Top_P	Jail_Pond	un	10159348	63	0.104821803	4.83333	0.50582	46.18450	0.68425	0.06335	-1.00000	-1.00000
22854	Rosebud_Top_P	Jail_Pond	un	10160850	31	0.480000000	0.44444	0.03787	5.21605	0.35218	0.02211	-1.00000	-1.00000
22858	Rosebud_Top_P	Jail_Pond	un	10163277	87	0.000123973	21.26667	2.50224	180.74677	1.32770	0.27778	-1.00000	-1.00000
22865	Rosebud_Top_P	Jail_Pond	un	10167263	47	0.000000000	116.00000	13.04689	1031.35706	2.06446	0.69697	-1.00000	-1.00000
22870	Rosebud_Top_P	Jail_Pond	un	10170373	36	0.000000000	159.50000	16.63843	1529.00562	2.20276	0.79032	-1.00000	-1.00000
22896	Rosebud_Top_P	Jail_Pond	un	10180080	152	0.000160510	0.05231	0.00625	0.43808	1.28143	0.25714	-1.00000	-1.00000
22897	Rosebud_Top_P	Jail_Pond	un	10180818	31	0.500000000	2.07143	0.17768	24.14955	0.31627	0.01818	-1.00000	-1.00000
22911	Rosebud_Top_P	Jail_Pond	un	10188823	45	0.020799934	7.90909	0.88661	70.55416	0.89813	0.10989	-1.00000	-1.00000
22921	Rosebud_Top_P	Jail_Pond	un	10195370	136	0.000335760	0.05724	0.00677	0.48417	1.24231	0.23810	-1.00000	-1.00000
22930	Rosebud_Top_P	Jail_Pond	un	10197788	84	0.000000001	100.00000	15.33779	651.98438	2.00000	0.66484	-1.00000	-1.00000
22931	Rosebud_Top_P	Jail_Pond	un	10198936	413	0.244680851	0.30667	0.02975	3.16133	0.51333	0.04348	-1.00000	-1.00000
22934	Rosebud_Top_P	Jail_Pond	un	10200384	346	1.000000000	0.56000	0.04783	6.55691	0.25181	0.01681	-1.00000	-1.00000
22962	Rosebud_Top_P	Jail_Pond	un	10211828	31	0.236897275	4.15385	0.43495	39.66973	0.61845	0.05462	-1.00000	-1.00000
22988	Rosebud_Top_P	Jail_Pond	un	10220418	95	0.010968168	0.10857	0.01229	0.95910	0.96428	0.14286	-1.00000	-1.00000
23000	Rosebud_Top_P	Jail_Pond	un	10224597	109	0.103265306	4.90909	0.51099	47.16195	0.69100	0.06915	-1.00000	-1.00000
23012	Rosebud_Top_P	Jail_Pond	un	10232682	39	0.004700643	0.09000	0.01032	0.78462	1.04576	0.17073	-1.00000	-1.00000
23017	Rosebud_Top_P	Jail_Pond	un	10235951	91	0.000001228	38.63636	4.55546	327.68777	1.58700	0.43439	-1.00000	-1.00000
23021	Rosebud_Top_P	Jail_Pond	un	10237164	477	0.480000000	0.44444	0.03787	5.21605	0.35218	0.02211	-1.00000	-1.00000
23025	Rosebud_Top_P	Jail_Pond	un	10239124	8	0.335750134	0.49351	0.12499	1.94858	0.30671	0.01996	-1.00000	-1.00000
23026	Rosebud_Top_P	Jail_Pond	un	10239707	62	1.000000000	1.92857	0.16509	22.52900	0.28524	0.01752	-1.00000	-1.00000
23027	Rosebud_Top_P	Jail_Pond	un	10240587	153	0.245454545	0.31034	0.03040	3.16783	0.50816	0.03704	-1.00000	-1.00000
23028	Rosebud_Top_P	Jail_Pond	un	10241202	47	0.021321888	4.33333	1.29458	14.50492	0.63682	0.11487	-1.00000	-1.00000
23031	Rosebud_Top_P	Jail_Pond	un	10242778	22	0.000000049	45.83333	9.22700	227.66811	1.66118	0.54840	-1.00000	-1.00000
23035	Rosebud_Top_P	Jail_Pond	un	10245320	133	1.000000000	0.51852	0.04439	6.05718	0.28524	0.01752	-1.00000	-1.00000
23036	Rosebud_Top_P	Jail_Pond	un	10246126	141	0.245454545	0.31034	0.03040	3.16783	0.50816	0.03704	-1.00000	-1.00000
23043	Rosebud_Top_P	Jail_Pond	un	10248536	103	0.504726820	1.83333	0.46759	7.18810	0.26324	0.01423	-1.00000	-1.00000
23048	Rosebud_Top_P	Jail_Pond	un	10251824	87	0.000000000	241.66667	23.61758	2472.85181	2.38322	0.86154	-1.00000	-1.00000
23052	Rosebud_Top_P	Jail_Pond	un	10253401	176	1.000000000	0.52000	0.04432	6.10163	0.28400	0.01884	-1.00000	-1.00000
23063	Rosebud_Top_P	Jail_Pond	un	10258869	12	0.500000000	0.48276	0.04141	5.62819	0.31627	0.01818	-1.00000	-1.00000
23065	Rosebud_Top_P	Jail_Pond	un	10260351	11	0.002587025	12.88889	1.48569	111.81544	1.11022	0.18148	-1.00000	-1.00000
23079	Rosebud_Top_P	Jail_Pond	un	10266110	322	0.500000000	2.07143	0.17768	24.14955	0.31627	0.01818	-1.00000	-1.00000
23084	Rosebud_Top_P	Jail_Pond	un	10267568	144	1.000000000	0.51852	0.04439	6.05718	0.28524	0.01752	-1.00000	-1.00000
23086	Rosebud_Top_P	Jail_Pond	un	10269325	18	0.017761795	0.14530	0.02791	0.75631	0.83774	0.11616	-1.00000	-1.00000
23088	Rosebud_Top_P	Jail_Pond	un	10270154	66	0.000428182	0.04667	0.00548	0.39759	1.33099	0.23866	-1.00000	-1.00000
23103	Rosebud_Top_P	Jail_Pond	un	10275614	81	0.245454545	3.22222	0.31567	32.89072	0.50816	0.03704	-1.00000	-1.00000
23118	Rosebud_Top_P	Jail_Pond	un	10283478	35	0.481481481	0.44828	0.03837	5.23742	0.34845	0.02032	-1.00000	-1.00000
23124	Rosebud_Top_P	Jail_Pond	un	10285416	405	1.000000000	1.92308	0.16389	22.56519	0.28400	0.01884	-1.00000	-1.00000
23126	Rosebud_Top_P	Jail_Pond	un	10286743	139	0.500000000	2.07143	0.17768	24.14955	0.31627	0.01818	-1.00000	-1.00000
23127	Rosebud_Top_P	Jail_Pond	un	10287637	135	0.004916860	0.09259	0.01070	0.80113	1.03342	0.15556	-1.00000	-1.00000
23136	Rosebud_Top_P	Jail_Pond	un	10292399	16	0.047272578	6.30435	0.68765	57.79831	0.79964	0.08615	-1.00000	-1.00000
23154	Rosebud_Top_P	Jail_Pond	un	10296808	6	0.000000142	48.60000	5.71554	413.25253	1.68664	0.48571	-1.00000	-1.00000
23161	Rosebud_Top_P	Jail_Pond	un	10300069	122	0.104821803	4.83333	0.50582	46.18450	0.68425	0.06335	-1.00000	-1.00000
23167	Rosebud_Top_P	Jail_Pond	un	10304024	52	0.083574248	0.14074	0.01520	1.30344	0.85158	0.07255	-1.00000	-1.00000
23173	Rosebud_Top_P	Jail_Pond	un	10306828	442	1.000000000	0.56000	0.04783	6.55691	0.25181	0.01681	-1.00000	-1.00000
23176	Rosebud_Top_P	Jail_Pond	un	10308216	89	0.500000000	0.48148	0.04113	5.63661	0.31742	0.01961	-1.00000	-1.00000
23177	Rosebud_Top_P	Jail_Pond	un	10308990	90	1.000000000	0.56000	0.04783	6.55691	0.25181	0.01681	-1.00000	-1.00000
23187	Rosebud_Top_P	Jail_Pond	un	10313620	33	0.481481481	2.23077	0.19093	26.06312	0.34845	0.02032	-1.00000	-1.00000
23192	Rosebud_Top_P	Jail_Pond	un	10315356	124	0.461538462	2.41667	0.20633	28.30581	0.38322	0.02288	-1.00000	-1.00000
23202	Rosebud_Top_P	Jail_Pond	un	10319488	44	0.070187549	0.28099	0.07599	1.03907	0.55131	0.07109	-1.00000	-1.00000
23207	Rosebud_Top_P	Jail_Pond	un	10321878	51	0.000001448	30.00000	5.70839	157.66275	1.47712	0.42008	-1.00000	-1.00000
23209	Rosebud_Top_P	Jail_Pond	un	10323503	53	0.481481481	2.23077	0.19093	26.06312	0.34845	0.02032	-1.00000	-1.00000
23214	Rosebud_Top_P	Jail_Pond	un	10327127	521	0.480000000	0.44444	0.03787	5.21605	0.35218	0.02211	-1.00000	-1.00000
23221	Rosebud_Top_P	Jail_Pond	un	10329903	207	0.245098039	3.24000	0.31597	33.22326	0.51055	0.04000	-1.00000	-1.00000
23241	Rosebud_Top_P	Jail_Pond	un	10339503	46	0.000001109	39.54546	4.65292	336.09937	1.59710	0.42982	-1.00000	-1.00000
23249	Rosebud_Top_P	Jail_Pond	un	10344479	179	0.245098039	0.30864	0.03010	3.16484	0.51055	0.04000	-1.00000	-1.00000
23257	Rosebud_Top_P	Jail_Pond	un	10348592	105	0.585932658	0.70588	0.23464	2.12353	0.15127	0.00714	-1.00000	-1.00000
23268	Rosebud_Top_P	Jail_Pond	un	10354837	23	0.039250162	6.90476	0.75044	63.53036	0.83915	0.09722	-1.00000	-1.00000
23272	Rosebud_Top_P	Jail_Pond	un	10357525	131	0.112015456	5.40000	0.58948	49.46759	0.73239	0.07429	-1.00000	-1.00000
23276	Rosebud_Top_P	Jail_Pond	un	10359594	26	0.177316746	2.22222	0.72871	6.77670	0.34679	0.03841	-1.00000	-1.00000
23285	Rosebud_Top_P	Jail_Pond	un	10363355	95	0.000000522	40.50000	4.83497	339.24695	1.60746	0.42664	-1.00000	-1.00000
23294	Rosebud_Top_P	Jail_Pond	un	10367324	28	0.500000000	0.48148	0.04113	5.63661	0.31742	0.01961	-1.00000	-1.00000
23303	Rosebud_Top_P	Jail_Pond	un	10369959	253	1.000000000	1.92308	0.16389	22.56519	0.28400	0.01884	-1.00000	-1.00000
23315	Rosebud_Top_P	Jail_Pond	un	10373851	209	0.500000000	2.07143	0.17768	24.14955	0.31627	0.01818	-1.00000	-1.00000
23329	Rosebud_Top_P	Jail_Pond	un	10378995	33	0.500000000	0.48148	0.04113	5.63661	0.31742	0.01961	-1.00000	-1.00000
23341	Rosebud_Top_P	Jail_Pond	un	10384141	487	0.480000000	2.25000	0.19172	26.40626	0.35218	0.02211	-1.00000	-1.00000
23343	Rosebud_Top_P	Jail_Pond	un	10384564	123	0.011053539	5.06667	1.47028	17.46004	0.70472	0.13609	-1.00000	-1.00000
23344	Rosebud_Top_P	Jail_Pond	un	10385286	89	0.000000000	121.80000	13.23776	1120.67566	2.08565	0.72917	-1.00000	-1.00000
23346	Rosebud_Top_P	Jail_Pond	un	10386093	89	0.004488740	11.57143	1.35697	98.67399	1.06339	0.16149	-1.00000	-1.00000
23347	Rosebud_Top_P	Jail_Pond	un	10386947	35	0.500000000	0.48276	0.04141	5.62819	0.31627	0.01818	-1.00000	-1.00000
23359	Rosebud_Top_P	Jail_Pond	un	10391989	54	0.000116013	11.61111	3.07648	43.82212	1.06487	0.28113	-1.00000	-1.00000
23362	Rosebud_Top_P	Jail_Pond	un	10393704	132	0.236897275	0.24074	0.02521	2.29910	0.61845	0.05462	-1.00000	-1.00000
23369	Rosebud_Top_P	Jail_Pond	un	10396977	19	0.245454545	0.31034	0.03040	3.16783	0.50816	0.03704	-1.00000	-1.00000
23378	Rosebud_Top_P	Jail_Pond	un	10401228	127	0.045086120	0.12000	0.01327	1.08521	0.92082	0.09277	-1.00000	-1.00000
23382	Rosebud_Top_P	Jail_Pond	un	10402963	324	0.500000000	2.08333	0.17711	24.50678	0.31876	0.02128	-1.00000	-1.00000
23384	Rosebud_Top_P	Jail_Pond	un	10404811	437	1.000000000	1.92308	0.16389	22.56519	0.28400	0.01884	-1.00000	-1.00000
23385	Rosebud_Top_P	Jail_Pond	un	10405166	6	0.245454545	3.22222	0.31567	32.89072	0.50816	0.03704	-1.00000	-1.00000
23397	Rosebud_Top_P	Jail_Pond	un	10407653	169	0.480000000	2.25000	0.19172	26.40626	0.35218	0.02211	-1.00000	-1.00000
23406	Rosebud_Top_P	Jail_Pond	un	10411015	293	0.461538462	0.41379	0.03533	4.84665	0.38322	0.02288	-1.00000	-1.00000
23417	Rosebud_Top_P	Jail_Pond	un	10415568	104	0.000000000	222.33333	21.66588	2281.56470	2.34700	0.85556	-1.00000	-1.00000
23430	Rosebud_Top_P	Jail_Pond	un	10421138	44	0.465403183	2.30000	0.50813	10.41081	0.36173	0.02326	-1.00000	-1.00000
23434	Rosebud_Top_P	Jail_Pond	un	10424534	40	0.235918367	4.16667	0.43401	40.00140	0.61979	0.05892	-1.00000	-1.00000
23436	Rosebud_Top_P	Jail_Pond	un	10425287	108	0.481481481	2.23077	0.19093	26.06312	0.34845	0.02032	-1.00000	-1.00000
23439	Rosebud_Top_P	Jail_Pond	un	10426000	57	0.020799934	7.90909	0.88661	70.55416	0.89813	0.10989	-1.00000	-1.00000
23447	Rosebud_Top_P	Jail_Pond	un	10430688	18	0.000000007	73.28571	8.31773	645.70422	1.86502	0.60938	-1.00000	-1.00000
23457	Rosebud_Top_P	Jail_Pond	un	10434866	237	0.480000000	2.25000	0.19172	26.40626	0.35218	0.02211	-1.00000	-1.00000
23458	Rosebud_Top_P	Jail_Pond	un	10435382	40	0.481481481	2.23077	0.19093	26.06312	0.34845	0.02032	-1.00000	-1.00000
23469	Rosebud_Top_P	Jail_Pond	un	10441187	130	0.000000522	40.50000	4.83497	339.24695	1.60746	0.42664	-1.00000	-1.00000
23475	Rosebud_Top_P	Jail_Pond	un	10445269	72	0.500000000	0.48148	0.04113	5.63661	0.31742	0.01961	-1.00000	-1.00000
23478	Rosebud_Top_P	Jail_Pond	un	10446097	95	0.208144796	3.78261	0.36861	38.81679	0.57779	0.04667	-1.00000	-1.00000
23483	Rosebud_Top_P	Jail_Pond	un	10448614	128	0.104821803	0.20690	0.02165	1.97698	0.68425	0.06335	-1.00000	-1.00000
23495	Rosebud_Top_P	Jail_Pond	un	10455691	232	0.227113906	0.28736	0.02808	2.94037	0.54158	0.04142	-1.00000	-1.00000
23498	Rosebud_Top_P	Jail_Pond	un	10456086	40	0.245454545	0.31034	0.03040	3.16783	0.50816	0.03704	-1.00000	-1.00000
23508	Rosebud_Top_P	Jail_Pond	un	10460371	114	0.491264850	0.33333	0.03259	3.40968	0.47712	0.03571	-1.00000	-1.00000
23510	Rosebud_Top_P	Jail_Pond	un	10461928	51	1.000000000	0.56000	0.04783	6.55691	0.25181	0.01681	-1.00000	-1.00000
23518	Rosebud_Top_P	Jail_Pond	un	10464299	139	0.000000000	783.00000	46.62555	13149.20605	2.89376	1.00000	-1.00000	-1.00000
23519	Rosebud_Top_P	Jail_Pond	un	10465161	109	0.491264850	0.33333	0.03259	3.40968	0.47712	0.03571	-1.00000	-1.00000
23522	Rosebud_Top_P	Jail_Pond	un	10465924	51	0.002076008	0.07819	0.00913	0.66975	1.10685	0.18182	-1.00000	-1.00000
23525	Rosebud_Top_P	Jail_Pond	un	10467604	53	0.003714274	0.08621	0.00999	0.74418	1.06446	0.16039	-1.00000	-1.00000
23530	Rosebud_Top_P	Jail_Pond	un	10470824	12	0.674869948	0.63889	0.09764	4.18031	0.19457	0.00426	-1.00000	-1.00000
23538	Rosebud_Top_P	Jail_Pond	un	10473995	15	0.000000000	162.00000	16.91695	1551.34375	2.20952	0.79310	-1.00000	-1.00000
23540	Rosebud_Top_P	Jail_Pond	un	10474877	105	0.227113906	3.48000	0.34009	35.60907	0.54158	0.04142	-1.00000	-1.00000
23545	Rosebud_Top_P	Jail_Pond	un	10478177	122	0.003714274	11.60000	1.34375	100.13750	1.06446	0.16039	-1.00000	-1.00000
23557	Rosebud_Top_P	Jail_Pond	un	10484565	51	0.461538462	2.41667	0.20633	28.30581	0.38322	0.02288	-1.00000	-1.00000
23561	Rosebud_Top_P	Jail_Pond	un	10487071	83	0.500000000	0.48148	0.04113	5.63661	0.31742	0.01961	-1.00000	-1.00000
23564	Rosebud_Top_P	Jail_Pond	un	10487942	135	0.000005460	31.15385	3.70346	262.06906	1.49351	0.36842	-1.00000	-1.00000
23569	Rosebud_Top_P	Jail_Pond	un	10491167	70	0.047272578	0.15862	0.01730	1.45424	0.79964	0.08615	-1.00000	-1.00000
23570	Rosebud_Top_P	Jail_Pond	un	10492060	73	0.093421899	2.83333	0.87922	9.13058	0.45230	0.06241	-1.00000	-1.00000
23575	Rosebud_Top_P	Jail_Pond	un	10495402	361	0.500000000	2.07143	0.17768	24.14955	0.31627	0.01818	-1.00000	-1.00000
23586	Rosebud_Top_P	Jail_Pond	un	10502757	108	0.104821803	0.20690	0.02165	1.97698	0.68425	0.06335	-1.00000	-1.00000
23591	Rosebud_Top_P	Jail_Pond	un	10505187	118	0.227113906	0.28736	0.02808	2.94037	0.54158	0.04142	-1.00000	-1.00000
23593	Rosebud_Top_P	Jail_Pond	un	10505947	132	0.055222089	0.17037	0.01854	1.56542	0.76861	0.08333	-1.00000	-1.00000
23604	Rosebud_Top_P	Jail_Pond	un	10511255	8	0.481481481	0.44828	0.03837	5.23742	0.34845	0.02032	-1.00000	-1.00000
23605	Rosebud_Top_P	Jail_Pond	un	10512080	43	0.001501515	0.07280	0.00852	0.62214	1.13789	0.18729	-1.00000	-1.00000
23621	Rosebud_Top_P	Jail_Pond	un	10518413	95	0.091583710	5.27273	0.55003	50.54564	0.72204	0.07143	-1.00000	-1.00000
23623	Rosebud_Top_P	Jail_Pond	un	10519174	24	0.000080714	21.75000	2.58629	182.91176	1.33746	0.27549	-1.00000	-1.00000
23632	Rosebud_Top_P	Jail_Pond	un	10523286	29	0.000127909	20.25000	2.40238	170.68977	1.30642	0.26829	-1.00000	-1.00000
23635	Rosebud_Top_P	Jail_Pond	un	10525795	114	0.000000066	52.20000	6.15300	442.84708	1.71767	0.49480	-1.00000	-1.00000
23637	Rosebud_Top_P	Jail_Pond	un	10527473	80	0.000000021	58.33333	10.63256	320.03369	1.76592	0.58960	-1.00000	-1.00000
23640	Rosebud_Top_P	Jail_Pond	un	10529089	132	0.000000000	121.80000	13.23776	1120.67566	2.08565	0.72917	-1.00000	-1.00000
23641	Rosebud_Top_P	Jail_Pond	un	10529891	85	1.000000000	0.51852	0.04439	6.05718	0.28524	0.01752	-1.00000	-1.00000
23642	Rosebud_Top_P	Jail_Pond	un	10530720	109	0.760008621	0.75000	0.21996	2.55730	0.12494	0.00392	-1.00000	-1.00000
23646	Rosebud_Top_P	Jail_Pond	un	10532710	470	0.500000000	2.07143	0.17768	24.14955	0.31627	0.01818	-1.00000	-1.00000
23650	Rosebud_Top_P	Jail_Pond	un	10534690	104	1.000000000	1.92857	0.16509	22.52900	0.28524	0.01752	-1.00000	-1.00000
23651	Rosebud_Top_P	Jail_Pond	un	10535575	118	0.000081590	29.54545	3.42761	254.67741	1.47049	0.31350	-1.00000	-1.00000
23687	Rosebud_Top_P	Jail_Pond	un	10549655	12	0.011437374	0.11000	0.01273	0.95040	0.95861	0.13333	-1.00000	-1.00000
23713	Rosebud_Top_P	Jail_Pond	un	10556836	52	1.000000000	1.78571	0.15251	20.90852	0.25181	0.01681	-1.00000	-1.00000
23725	Rosebud_Top_P	Jail_Pond	un	10564004	69	0.245454545	3.22222	0.31567	32.89072	0.50816	0.03704	-1.00000	-1.00000
23732	Rosebud_Top_P	Jail_Pond	un	10567866	84	0.227113906	3.48000	0.34009	35.60907	0.54158	0.04142	-1.00000	-1.00000
23747	Rosebud_Top_P	Jail_Pond	un	10574141	23	0.465403183	2.30000	0.50813	10.41081	0.36173	0.02326	-1.00000	-1.00000
23748	Rosebud_Top_P	Jail_Pond	un	10575157	221	0.481481481	2.23077	0.19093	26.06312	0.34845	0.02032	-1.00000	-1.00000
23754	Rosebud_Top_P	Jail_Pond	un	10578153	19	0.047272578	6.30435	0.68765	57.79831	0.79964	0.08615	-1.00000	-1.00000
23765	Rosebud_Top_P	Jail_Pond	un	10581383	38	0.000305051	18.00000	2.14888	150.77641	1.25527	0.23754	-1.00000	-1.00000
23773	Rosebud_Top_P	Jail_Pond	un	10584843	149	0.500000000	0.48276	0.04141	5.62819	0.31627	0.01818	-1.00000	-1.00000
23778	Rosebud_Top_P	Jail_Pond	un	10587956	42	0.047272578	0.15862	0.01730	1.45424	0.79964	0.08615	-1.00000	-1.00000
23782	Rosebud_Top_P	Jail_Pond	un	10590374	52	0.001501515	13.73684	1.60737	117.39751	1.13789	0.18729	-1.00000	-1.00000
23785	Rosebud_Top_P	Jail_Pond	un	10592909	132	0.000770342	15.63158	1.85831	131.48848	1.19400	0.21104	-1.00000	-1.00000
23791	Rosebud_Top_P	Jail_Pond	un	10597003	189	1.000000000	1.17391	0.06948	19.83494	0.06964	0.00024	-1.00000	-1.00000
23799	Rosebud_Top_P	Jail_Pond	un	10599233	57	0.000001196	40.00000	4.66259	343.15671	1.60206	0.45455	-1.00000	-1.00000
23817	Rosebud_Top_P	Jail_Pond	un	10606064	429	1.000000000	0.51852	0.04439	6.05718	0.28524	0.01752	-1.00000	-1.00000
23822	Rosebud_Top_P	Jail_Pond	un	10609051	114	0.104821803	0.20690	0.02165	1.97698	0.68425	0.06335	-1.00000	-1.00000
23823	Rosebud_Top_P	Jail_Pond	un	10609789	32	0.104821803	4.83333	0.50582	46.18450	0.68425	0.06335	-1.00000	-1.00000
23827	Rosebud_Top_P	Jail_Pond	un	10612135	99	0.227113906	0.28736	0.02808	2.94037	0.54158	0.04142	-1.00000	-1.00000
23832	Rosebud_Top_P	Jail_Pond	un	10615143	28	0.002163840	0.05929	0.00692	0.50797	1.22703	0.19907	-1.00000	-1.00000
23833	Rosebud_Top_P	Jail_Pond	un	10615937	33	0.000000000	99.00000	11.07302	885.12469	1.99564	0.67742	-1.00000	-1.00000
23846	Rosebud_Top_P	Jail_Pond	un	10623075	65	0.055746141	5.80000	0.63455	53.01424	0.76343	0.07692	-1.00000	-1.00000
23853	Rosebud_Top_P	Jail_Pond	un	10626419	25	0.227113906	0.28736	0.02808	2.94037	0.54158	0.04142	-1.00000	-1.00000
23854	Rosebud_Top_P	Jail_Pond	un	10627260	74	0.500000000	2.07143	0.17768	24.14955	0.31627	0.01818	-1.00000	-1.00000
23855	Rosebud_Top_P	Jail_Pond	un	10628065	78	0.027721226	5.13333	1.21825	21.63021	0.71040	0.11000	-1.00000	-1.00000
23856	Rosebud_Top_P	Jail_Pond	un	10628821	12	0.000355389	18.12500	2.12319	154.72722	1.25828	0.24419	-1.00000	-1.00000
23861	Rosebud_Top_P	Jail_Pond	un	10631354	56	0.747127964	0.71429	0.19519	2.61386	0.14613	0.00481	-1.00000	-1.00000
23862	Rosebud_Top_P	Jail_Pond	un	10632179	10	0.104821803	4.83333	0.50582	46.18450	0.68425	0.06335	-1.00000	-1.00000
23871	Rosebud_Top_P	Jail_Pond	un	10636435	7	0.244680851	0.30667	0.02975	3.16133	0.51333	0.04348	-1.00000	-1.00000
23876	Rosebud_Top_P	Jail_Pond	un	10638782	52	0.000335760	0.05724	0.00677	0.48417	1.24231	0.23810	-1.00000	-1.00000
23881	Rosebud_Top_P	Jail_Pond	un	10640459	83	0.000000000	729.00000	43.33459	12263.66797	2.86273	1.00000	-1.00000	-1.00000
23882	Rosebud_Top_P	Jail_Pond	un	10641340	86	1.000000000	0.51852	0.04439	6.05718	0.28524	0.01752	-1.00000	-1.00000
23888	Rosebud_Top_P	Jail_Pond	un	10644409	14	0.000000149	51.00000	5.92112	439.27515	1.70757	0.50980	-1.00000	-1.00000
23897	Rosebud_Top_P	Jail_Pond	un	10649278	98	0.000015337	27.00000	3.23956	225.03064	1.43136	0.32500	-1.00000	-1.00000
23909	Rosebud_Top_P	Jail_Pond	un	10654044	43	0.008228921	0.12308	0.02385	0.63510	0.90982	0.14168	-1.00000	-1.00000
23915	Rosebud_Top_P	Jail_Pond	un	10656455	49	0.618181818	0.48148	0.04113	5.63661	0.31742	0.00629	-1.00000	-1.00000
23924	Rosebud_Top_P	Jail_Pond	un	10661251	95	0.117647059	4.50000	0.46992	43.09288	0.65321	0.06122	-1.00000	-1.00000
23930	Rosebud_Top_P	Jail_Pond	un	10664369	11	0.500000000	2.07143	0.17768	24.14955	0.31627	0.01818	-1.00000	-1.00000
23934	Rosebud_Top_P	Jail_Pond	un	10666409	387	0.227113906	0.28736	0.02808	2.94037	0.54158	0.04142	-1.00000	-1.00000
23935	Rosebud_Top_P	Jail_Pond	un	10666807	54	0.000000000	241.66667	23.61758	2472.85181	2.38322	0.86154	-1.00000	-1.00000
23943	Rosebud_Top_P	Jail_Pond	un	10672725	376	0.225306122	0.28395	0.02761	2.92002	0.54676	0.04514	-1.00000	-1.00000
23958	Rosebud_Top_P	Jail_Pond	un	10678763	16	0.000368554	0.05956	0.00710	0.49986	1.22504	0.21739	-1.00000	-1.00000
23966	Rosebud_Top_P	Jail_Pond	un	10682104	23	0.082389355	3.20779	0.98430	10.45410	0.50621	0.07719	-1.00000	-1.00000
23967	Rosebud_Top_P	Jail_Pond	un	10683079	185	0.481481481	2.23077	0.19093	26.06312	0.34845	0.02032	-1.00000	-1.00000
23971	Rosebud_Top_P	Jail_Pond	un	10686218	115	0.055746141	0.17241	0.01886	1.57593	0.76343	0.07692	-1.00000	-1.00000
23981	Rosebud_Top_P	Jail_Pond	un	10691106	66	0.491264850	3.00000	0.29328	30.68711	0.47712	0.03571	-1.00000	-1.00000
23984	Rosebud_Top_P	Jail_Pond	un	10693336	11	0.000001694	35.30769	4.22710	294.91452	1.54787	0.39098	-1.00000	-1.00000
23987	Rosebud_Top_P	Jail_Pond	un	10695556	54	0.500000000	0.48148	0.04113	5.63661	0.31742	0.01961	-1.00000	-1.00000
23989	Rosebud_Top_P	Jail_Pond	un	10696442	84	0.002232736	12.50000	1.47347	106.04211	1.09691	0.17940	-1.00000	-1.00000
23993	Rosebud_Top_P	Jail_Pond	un	10698497	14	0.000004013	33.33333	3.94401	281.72150	1.52288	0.39560	-1.00000	-1.00000
24013	Rosebud_Top_P	Jail_Pond	un	10709706	148	0.008914258	0.10345	0.01182	0.90538	0.98528	0.13462	-1.00000	-1.00000
24022	Rosebud_Top_P	Jail_Pond	un	10714207	17	0.412134551	1.66667	0.54935	5.05647	0.22185	0.01574	-1.00000	-1.00000
24029	Rosebud_Top_P	Jail_Pond	un	10717695	35	0.002996415	14.88235	1.74925	126.61694	1.17267	0.17267	-1.00000	-1.00000
24035	Rosebud_Top_P	Jail_Pond	un	10719394	45	0.500000000	0.48276	0.04141	5.62819	0.31627	0.01818	-1.00000	-1.00000
24039	Rosebud_Top_P	Jail_Pond	un	10721637	147	0.208144796	3.78261	0.36861	38.81679	0.57779	0.04667	-1.00000	-1.00000
24041	Rosebud_Top_P	Jail_Pond	un	10722347	132	0.000002481	27.50000	6.06017	124.79018	1.43933	0.46170	-1.00000	-1.00000
24042	Rosebud_Top_P	Jail_Pond	un	10723036	47	0.500000000	0.48000	0.04081	5.64636	0.31876	0.02128	-1.00000	-1.00000
24046	Rosebud_Top_P	Jail_Pond	un	10726426	287	0.500000000	2.07143	0.17768	24.14955	0.31627	0.01818	-1.00000	-1.00000
24057	Rosebud_Top_P	Jail_Pond	un	10732237	318	0.480000000	0.44444	0.03787	5.21605	0.35218	0.02211	-1.00000	-1.00000
24059	Rosebud_Top_P	Jail_Pond	un	10732792	69	0.000000000	300.00000	25.50314	3528.97705	2.47712	0.92000	-1.00000	-1.00000
24081	Rosebud_Top_P	Jail_Pond	un	10741057	9	0.046139818	0.15556	0.01687	1.43442	0.80811	0.09420	-1.00000	-1.00000
24082	Rosebud_Top_P	Jail_Pond	un	10742012	106	0.245454545	0.31034	0.03040	3.16783	0.50816	0.03704	-1.00000	-1.00000
24086	Rosebud_Top_P	Jail_Pond	un	10744280	20	0.500000000	0.48148	0.04113	5.63661	0.31742	0.01961	-1.00000	-1.00000
24090	Rosebud_Top_P	Jail_Pond	un	10746682	102	0.500000000	0.48276	0.04141	5.62819	0.31627	0.01818	-1.00000	-1.00000
24115	Rosebud_Top_P	Jail_Pond	un	10757031	6	1.000000000	0.51852	0.04439	6.05718	0.28524	0.01752	-1.00000	-1.00000
24124	Rosebud_Top_P	Jail_Pond	un	10758817	117	0.481481481	0.44828	0.03837	5.23742	0.34845	0.02032	-1.00000	-1.00000
24129	Rosebud_Top_P	Jail_Pond	un	10761819	87	0.000000071	54.77778	6.37423	470.73969	1.73860	0.51852	-1.00000	-1.00000
24130	Rosebud_Top_P	Jail_Pond	un	10762540	54	0.500000000	0.48276	0.04141	5.62819	0.31627	0.01818	-1.00000	-1.00000
24136	Rosebud_Top_P	Jail_Pond	un	10764564	72	1.000000000	1.92857	0.16509	22.52900	0.28524	0.01752	-1.00000	-1.00000
24148	Rosebud_Top_P	Jail_Pond	un	10769364	19	0.039250162	6.90476	0.75044	63.53036	0.83915	0.09722	-1.00000	-1.00000
24149	Rosebud_Top_P	Jail_Pond	un	10770239	97	0.008914258	9.66667	1.10451	84.60300	0.98528	0.13462	-1.00000	-1.00000
24151	Rosebud_Top_P	Jail_Pond	un	10771010	80	0.491264850	0.33333	0.03259	3.40968	0.47712	0.03571	-1.00000	-1.00000
24156	Rosebud_Top_P	Jail_Pond	un	10772687	67	0.055746141	0.17241	0.01886	1.57593	0.76343	0.07692	-1.00000	-1.00000
24158	Rosebud_Top_P	Jail_Pond	un	10773888	446	0.481481481	2.23077	0.19093	26.06312	0.34845	0.02032	-1.00000	-1.00000
24167	Rosebud_Top_P	Jail_Pond	un	10778206	88	0.500000000	0.48148	0.04113	5.63661	0.31742	0.01961	-1.00000	-1.00000
24174	Rosebud_Top_P	Jail_Pond	un	10780628	82	0.236897275	0.24074	0.02521	2.29910	0.61845	0.05462	-1.00000	-1.00000
24177	Rosebud_Top_P	Jail_Pond	un	10781481	85	0.000011949	36.81818	4.32211	313.63794	1.56606	0.35072	-1.00000	-1.00000
24181	Rosebud_Top_P	Jail_Pond	un	10782097	76	0.000000066	52.20000	6.15300	442.84708	1.71767	0.49480	-1.00000	-1.00000
24183	Rosebud_Top_P	Jail_Pond	un	10783798	46	0.225306122	0.28395	0.02761	2.92002	0.54676	0.04514	-1.00000	-1.00000
24189	Rosebud_Top_P	Jail_Pond	un	10787066	67	0.245454545	0.31034	0.03040	3.16783	0.50816	0.03704	-1.00000	-1.00000
24192	Rosebud_Top_P	Jail_Pond	un	10789250	70	0.000000000	841.00000	50.16650	14098.67188	2.92480	1.00000	-1.00000	-1.00000
24223	Rosebud_Top_P	Jail_Pond	un	10800587	248	0.500000000	2.07143	0.17768	24.14955	0.31627	0.01818	-1.00000	-1.00000
24224	Rosebud_Top_P	Jail_Pond	un	10801240	114	0.245098039	0.30864	0.03010	3.16484	0.51055	0.04000	-1.00000	-1.00000
24226	Rosebud_Top_P	Jail_Pond	un	10801925	41	0.500000000	0.48148	0.04113	5.63661	0.31742	0.01961	-1.00000	-1.00000
24234	Rosebud_Top_P	Jail_Pond	un	10807116	318	0.000000000	325.00000	27.69753	3813.51733	2.51188	0.92308	-1.00000	-1.00000
24240	Rosebud_Top_P	Jail_Pond	un	10811472	135	0.016354234	0.11494	0.01283	1.02946	0.93952	0.12411	-1.00000	-1.00000
24241	Rosebud_Top_P	Jail_Pond	un	10812259	140	0.055746141	0.17241	0.01886	1.57593	0.76343	0.07692	-1.00000	-1.00000
24244	Rosebud_Top_P	Jail_Pond	un	10813594	82	0.025310124	0.13580	0.01519	1.21416	0.86709	0.10638	-1.00000	-1.00000
24246	Rosebud_Top_P	Jail_Pond	un	10814271	14	0.118181818	4.46154	0.46819	42.51565	0.64948	0.05660	-1.00000	-1.00000
24255	Rosebud_Top_P	Jail_Pond	un	10817517	132	1.000000000	0.52000	0.04432	6.10163	0.28400	0.01884	-1.00000	-1.00000
24262	Rosebud_Top_P	Jail_Pond	un	10820754	55	0.117647059	0.22222	0.02321	2.12804	0.65321	0.06122	-1.00000	-1.00000
24268	Rosebud_Top_P	Jail_Pond	un	10822350	67	0.227113906	0.28736	0.02808	2.94037	0.54158	0.04142	-1.00000	-1.00000
24274	Rosebud_Top_P	Jail_Pond	un	10825422	44	0.135408229	0.35885	0.10227	1.25921	0.44509	0.05290	-1.00000	-1.00000
24276	Rosebud_Top_P	Jail_Pond	un	10826340	128	0.571551651	1.61157	0.52684	4.92972	0.20725	0.01406	-1.00000	-1.00000
24280	Rosebud_Top_P	Jail_Pond	un	10828967	385	0.480000000	2.25000	0.19172	26.40626	0.35218	0.02211	-1.00000	-1.00000
24282	Rosebud_Top_P	Jail_Pond	un	10830297	89	0.000305051	18.00000	2.14888	150.77641	1.25527	0.23754	-1.00000	-1.00000
24289	Rosebud_Top_P	Jail_Pond	un	10833700	317	0.117021277	0.22000	0.02284	2.11887	0.65758	0.06667	-1.00000	-1.00000
24293	Rosebud_Top_P	Jail_Pond	un	10835972	226	0.225306122	0.28395	0.02761	2.92002	0.54676	0.04514	-1.00000	-1.00000
24313	Rosebud_Top_P	Jail_Pond	un	10842214	119	0.500000000	0.48276	0.04141	5.62819	0.31627	0.01818	-1.00000	-1.00000
24316	Rosebud_Top_P	Jail_Pond	un	10843072	73	0.055222089	5.86957	0.63881	53.93145	0.76861	0.08333	-1.00000	-1.00000
24319	Rosebud_Top_P	Jail_Pond	un	10844633	46	0.481481481	0.44828	0.03837	5.23742	0.34845	0.02032	-1.00000	-1.00000
24358	Rosebud_Top_P	Jail_Pond	un	10859213	63	0.500000000	0.48276	0.04141	5.62819	0.31627	0.01818	-1.00000	-1.00000
24360	Rosebud_Top_P	Jail_Pond	un	10861010	276	0.500000000	0.48276	0.04141	5.62819	0.31627	0.01818	-1.00000	-1.00000
24361	Rosebud_Top_P	Jail_Pond	un	10862056	505	1.000000000	1.92857	0.16509	22.52900	0.28524	0.01752	-1.00000	-1.00000
24370	Rosebud_Top_P	Jail_Pond	un	10864995	137	0.000000002	161.00000	15.52038	1670.12683	2.20683	0.69930	-1.00000	-1.00000
24383	Rosebud_Top_P	Jail_Pond	un	10871231	7	0.118181818	0.22414	0.02352	2.13589	0.64948	0.05660	-1.00000	-1.00000
24387	Rosebud_Top_P	Jail_Pond	un	10873375	68	0.245454545	0.31034	0.03040	3.16783	0.50816	0.03704	-1.00000	-1.00000
24392	Rosebud_Top_P	Jail_Pond	un	10874933	40	0.001369902	14.29412	1.65955	123.11864	1.15516	0.20635	-1.00000	-1.00000
24403	Rosebud_Top_P	Jail_Pond	un	10882459	422	0.481481481	0.44828	0.03837	5.23742	0.34845	0.02032	-1.00000	-1.00000
24404	Rosebud_Top_P	Jail_Pond	un	10883004	138	1.000000000	0.51852	0.04439	6.05718	0.28524	0.01752	-1.00000	-1.00000
24412	Rosebud_Top_P	Jail_Pond	un	10888599	59	0.227113906	0.28736	0.02808	2.94037	0.54158	0.04142	-1.00000	-1.00000
24441	Rosebud_Top_P	Jail_Pond	un	10903679	90	0.500000000	2.07143	0.17768	24.14955	0.31627	0.01818	-1.00000	-1.00000
24443	Rosebud_Top_P	Jail_Pond	un	10904481	114	0.500000000	0.48276	0.04141	5.62819	0.31627	0.01818	-1.00000	-1.00000
24445	Rosebud_Top_P	Jail_Pond	un	10905441	238	0.208144796	3.78261	0.36861	38.81679	0.57779	0.04667	-1.00000	-1.00000
24458	Rosebud_Top_P	Jail_Pond	un	10909150	24	0.481481481	0.44828	0.03837	5.23742	0.34845	0.02032	-1.00000	-1.00000
24465	Rosebud_Top_P	Jail_Pond	un	10911463	10	0.000000000	783.00000	46.62555	13149.20605	2.89376	1.00000	-1.00000	-1.00000
24466	Rosebud_Top_P	Jail_Pond	un	10912412	121	0.000000000	350.00000	29.89212	4098.06982	2.54407	0.92571	-1.00000	-1.00000
24475	Rosebud_Top_P	Jail_Pond	un	10915530	50	0.481481481	0.44828	0.03837	5.23742	0.34845	0.02032	-1.00000	-1.00000
24492	Rosebud_Top_P	Jail_Pond	un	10925009	126	0.000000002	81.00000	9.23409	710.51910	1.90849	0.62500	-1.00000	-1.00000
24500	Rosebud_Top_P	Jail_Pond	un	10927376	69	0.000911685	14.50000	1.71773	122.39995	1.16137	0.19149	-1.00000	-1.00000
24501	Rosebud_Top_P	Jail_Pond	un	10928229	70	0.000008568	24.55556	4.71750	127.81669	1.39015	0.37135	-1.00000	-1.00000
24514	Rosebud_Top_P	Jail_Pond	un	10933703	254	0.481481481	2.23077	0.19093	26.06312	0.34845	0.02032	-1.00000	-1.00000
24521	Rosebud_Top_P	Jail_Pond	un	10936595	8	1.000000000	0.78571	0.15674	3.93858	0.10474	0.00173	-1.00000	-1.00000
24527	Rosebud_Top_P	Jail_Pond	un	10940710	26	0.000000000	325.00000	27.69753	3813.51733	2.51188	0.79121	-1.00000	-1.00000
24531	Rosebud_Top_P	Jail_Pond	un	10942605	262	0.046139818	0.15556	0.01687	1.43442	0.80811	0.09420	-1.00000	-1.00000
24540	Rosebud_Top_P	Jail_Pond	un	10947224	79	0.667952287	2.18182	0.36308	13.11095	0.33882	0.01449	-1.00000	-1.00000
24546	Rosebud_Top_P	Jail_Pond	un	10949542	55	0.000190927	19.80000	2.32434	168.66753	1.29667	0.27083	-1.00000	-1.00000
24553	Rosebud_Top_P	Jail_Pond	un	10954613	475	0.481481481	0.44828	0.03837	5.23742	0.34845	0.02032	-1.00000	-1.00000
24555	Rosebud_Top_P	Jail_Pond	un	10955797	60	0.480000000	0.44444	0.03787	5.21605	0.35218	0.02211	-1.00000	-1.00000
24559	Rosebud_Top_P	Jail_Pond	un	10957479	36	0.500000000	0.48276	0.04141	5.62819	0.31627	0.01818	-1.00000	-1.00000
24576	Rosebud_Top_P	Jail_Pond	un	10966518	338	0.111055145	0.18400	0.01997	1.69499	0.73518	0.08027	-1.00000	-1.00000
24578	Rosebud_Top_P	Jail_Pond	un	10967063	63	0.245454545	0.31034	0.03040	3.16783	0.50816	0.03704	-1.00000	-1.00000
24588	Rosebud_Top_P	Jail_Pond	un	10972002	110	0.103265306	4.90909	0.51099	47.16195	0.69100	0.06915	-1.00000	-1.00000
24604	Rosebud_Top_P	Jail_Pond	un	10978575	149	0.500000000	0.48276	0.04141	5.62819	0.31627	0.01818	-1.00000	-1.00000
24609	Rosebud_Top_P	Jail_Pond	un	10981020	218	0.227113906	0.28736	0.02808	2.94037	0.54158	0.04142	-1.00000	-1.00000
24617	Rosebud_Top_P	Jail_Pond	un	10985836	146	0.617647059	2.08333	0.17711	24.50678	0.31876	0.00680	-1.00000	-1.00000
24620	Rosebud_Top_P	Jail_Pond	un	10987377	85	0.025728988	0.13793	0.01551	1.22635	0.86034	0.09804	-1.00000	-1.00000
24625	Rosebud_Top_P	Jail_Pond	un	10989752	47	0.000000004	67.66666	7.95342	575.69940	1.83037	0.55556	-1.00000	-1.00000
24626	Rosebud_Top_P	Jail_Pond	un	10990695	140	0.515906511	1.66667	0.42238	6.57643	0.22185	0.01035	-1.00000	-1.00000
24627	Rosebud_Top_P	Jail_Pond	un	10991575	149	0.493212670	0.36000	0.03511	3.69147	0.44370	0.03429	-1.00000	-1.00000
24635	Rosebud_Top_P	Jail_Pond	un	10995301	25	0.000003931	33.83333	3.99090	286.82590	1.52934	0.38889	-1.00000	-1.00000
24641	Rosebud_Top_P	Jail_Pond	un	10998482	53	0.000000000	783.00000	46.62555	13149.20605	2.89376	1.00000	-1.00000	-1.00000
24644	Rosebud_Top_P	Jail_Pond	un	11000830	74	0.000123973	0.04702	0.00553	0.39964	1.32770	0.27778	-1.00000	-1.00000
24653	Rosebud_Top_P	Jail_Pond	un	11004353	46	0.117647059	0.22222	0.02321	2.12804	0.65321	0.06122	-1.00000	-1.00000
24654	Rosebud_Top_P	Jail_Pond	un	11005189	83	0.245454545	3.22222	0.31567	32.89072	0.50816	0.03704	-1.00000	-1.00000
24660	Rosebud_Top_P	Jail_Pond	un	11006767	33	1.000000000	0.56000	0.04783	6.55691	0.25181	0.01681	-1.00000	-1.00000
24661	Rosebud_Top_P	Jail_Pond	un	11007662	76	0.245454545	0.31034	0.03040	3.16783	0.50816	0.03704	-1.00000	-1.00000
24663	Rosebud_Top_P	Jail_Pond	un	11009274	152	0.769327333	0.80000	0.24580	2.60370	0.09691	0.00265	-1.00000	-1.00000
24664	Rosebud_Top_P	Jail_Pond	un	11009972	76	1.000000000	0.51852	0.04439	6.05718	0.28524	0.01752	-1.00000	-1.00000
24676	Rosebud_Top_P	Jail_Pond	un	11014526	60	0.245454545	0.31034	0.03040	3.16783	0.50816	0.03704	-1.00000	-1.00000
24677	Rosebud_Top_P	Jail_Pond	un	11015466	80	0.500000000	2.07692	0.17741	24.31412	0.31742	0.01961	-1.00000	-1.00000
24680	Rosebud_Top_P	Jail_Pond	un	11017913	75	0.000000000	406.00000	34.82467	4733.31104	2.60853	0.93103	-1.00000	-1.00000
24684	Rosebud_Top_P	Jail_Pond	un	11020914	19	0.055746141	0.17241	0.01886	1.57593	0.76343	0.07692	-1.00000	-1.00000
24690	Rosebud_Top_P	Jail_Pond	un	11025063	43	0.245454545	0.31034	0.03040	3.16783	0.50816	0.03704	-1.00000	-1.00000
24691	Rosebud_Top_P	Jail_Pond	un	11025971	147	0.245454545	3.22222	0.31567	32.89072	0.50816	0.03704	-1.00000	-1.00000
24694	Rosebud_Top_P	Jail_Pond	un	11026604	6	0.000000000	148.50000	15.45738	1426.64880	2.17173	0.78448	-1.00000	-1.00000
24704	Rosebud_Top_P	Jail_Pond	un	11029917	18	0.481481481	0.44828	0.03837	5.23742	0.34845	0.02032	-1.00000	-1.00000
24707	Rosebud_Top_P	Jail_Pond	un	11031574	18	0.239819005	0.26000	0.02716	2.48930	0.58503	0.05248	-1.00000	-1.00000
24717	Rosebud_Top_P	Jail_Pond	un	11037224	61	0.118181818	0.22414	0.02352	2.13589	0.64948	0.05660	-1.00000	-1.00000
24725	Rosebud_Top_P	Jail_Pond	un	11041223	60	0.002034730	9.06061	2.13284	38.49066	0.95716	0.20844	-1.00000	-1.00000
24726	Rosebud_Top_P	Jail_Pond	un	11042072	57	0.025116561	0.13143	0.01500	1.15167	0.88131	0.11180	-1.00000	-1.00000
24731	Rosebud_Top_P	Jail_Pond	un	11042845	22	0.461538462	0.41379	0.03533	4.84665	0.38322	0.02288	-1.00000	-1.00000
24747	Rosebud_Top_P	Jail_Pond	un	11050952	22	0.500000000	0.48276	0.04141	5.62819	0.31627	0.01818	-1.00000	-1.00000
24750	Rosebud_Top_P	Jail_Pond	un	11053303	28	0.000000071	54.77778	6.37423	470.73969	1.73860	0.51852	-1.00000	-1.00000
24757	Rosebud_Top_P	Jail_Pond	un	11055652	92	0.002587025	0.07759	0.00894	0.67309	1.11022	0.18148	-1.00000	-1.00000
24758	Rosebud_Top_P	Jail_Pond	un	11056353	13	0.480000000	0.44444	0.03787	5.21605	0.35218	0.02211	-1.00000	-1.00000
24766	Rosebud_Top_P	Jail_Pond	un	11060479	7	0.003714274	0.08621	0.00999	0.74418	1.06446	0.16039	-1.00000	-1.00000
24771	Rosebud_Top_P	Jail_Pond	un	11063203	449	0.480000000	2.25000	0.19172	26.40626	0.35218	0.02211	-1.00000	-1.00000
24791	Rosebud_Top_P	Jail_Pond	un	11072360	52	0.245098039	3.24000	0.31597	33.22326	0.51055	0.04000	-1.00000	-1.00000
24795	Rosebud_Top_P	Jail_Pond	un	11074714	145	0.000355120	12.14286	3.02976	48.66684	1.08432	0.29806	-1.00000	-1.00000
24809	Rosebud_Top_P	Jail_Pond	un	11077973	76	1.000000000	0.51852	0.04439	6.05718	0.28524	0.01752	-1.00000	-1.00000
24810	Rosebud_Top_P	Jail_Pond	un	11078688	27	0.104821803	0.20690	0.02165	1.97698	0.68425	0.06335	-1.00000	-1.00000
24814	Rosebud_Top_P	Jail_Pond	un	11081218	68	0.500000000	0.48276	0.04141	5.62819	0.31627	0.01818	-1.00000	-1.00000
24833	Rosebud_Top_P	Jail_Pond	un	11090757	35	0.245454545	3.22222	0.31567	32.89072	0.50816	0.03704	-1.00000	-1.00000
24847	Rosebud_Top_P	Jail_Pond	un	11096778	116	0.114880414	0.20000	0.02178	1.83684	0.69897	0.07143	-1.00000	-1.00000
24850	Rosebud_Top_P	Jail_Pond	un	11098377	39	0.000000000	783.00000	46.62555	13149.20605	2.89376	1.00000	-1.00000	-1.00000
24852	Rosebud_Top_P	Jail_Pond	un	11100108	56	0.083574248	7.10526	0.76720	65.80408	0.85158	0.07255	-1.00000	-1.00000
24858	Rosebud_Top_P	Jail_Pond	un	11102309	60	0.481481481	0.44828	0.03837	5.23742	0.34845	0.02032	-1.00000	-1.00000
24881	Rosebud_Top_P	Jail_Pond	un	11113621	96	0.747127964	1.40000	0.38258	5.12316	0.14613	0.00481	-1.00000	-1.00000
24891	Rosebud_Top_P	Jail_Pond	un	11117684	46	0.245454545	0.31034	0.03040	3.16783	0.50816	0.03704	-1.00000	-1.00000
24893	Rosebud_Top_P	Jail_Pond	un	11119288	36	0.227113906	3.48000	0.34009	35.60907	0.54158	0.04142	-1.00000	-1.00000
24914	Rosebud_Top_P	Jail_Pond	un	11127970	26	0.001153681	9.54545	2.26535	40.22147	0.97980	0.22125	-1.00000	-1.00000
24918	Rosebud_Top_P	Jail_Pond	un	11130530	67	0.003714274	11.60000	1.34375	100.13750	1.06446	0.16039	-1.00000	-1.00000
24928	Rosebud_Top_P	Jail_Pond	un	11134784	336	0.225306122	3.52174	0.34246	36.21597	0.54676	0.04514	-1.00000	-1.00000
24934	Rosebud_Top_P	Jail_Pond	un	11139423	137	0.245454545	0.31034	0.03040	3.16783	0.50816	0.03704	-1.00000	-1.00000
24935	Rosebud_Top_P	Jail_Pond	un	11140302	130	0.000000000	191.66667	18.59275	1975.82971	2.28255	0.72024	-1.00000	-1.00000
24936	Rosebud_Top_P	Jail_Pond	un	11141009	7	0.236897275	0.24074	0.02521	2.29910	0.61845	0.05462	-1.00000	-1.00000
24937	Rosebud_Top_P	Jail_Pond	un	11141924	65	0.000000016	65.25000	7.52132	566.06567	1.81458	0.56667	-1.00000	-1.00000
24938	Rosebud_Top_P	Jail_Pond	un	11142713	90	0.104821803	0.20690	0.02165	1.97698	0.68425	0.06335	-1.00000	-1.00000
24944	Rosebud_Top_P	Jail_Pond	un	11144330	20	0.104821803	4.83333	0.50582	46.18450	0.68425	0.06335	-1.00000	-1.00000
24951	Rosebud_Top_P	Jail_Pond	un	11147699	39	0.000000018	67.85714	7.68150	599.43909	1.83160	0.60000	-1.00000	-1.00000
24965	Rosebud_Top_P	Jail_Pond	un	11153362	99	0.000046420	17.00000	3.80813	75.89033	1.23045	0.35000	-1.00000	-1.00000
24972	Rosebud_Top_P	Jail_Pond	un	11156139	384	0.480000000	0.44444	0.03787	5.21605	0.35218	0.02211	-1.00000	-1.00000
24977	Rosebud_Top_P	Jail_Pond	un	11158140	43	0.000123973	0.04702	0.00553	0.39964	1.32770	0.27778	-1.00000	-1.00000
24987	Rosebud_Top_P	Jail_Pond	un	11162286	337	1.000000000	1.08000	0.06407	18.20505	0.03342	0.00005	-1.00000	-1.00000
25016	Rosebud_Top_P	Jail_Pond	un	11172080	262	0.500000000	0.48148	0.04113	5.63661	0.31742	0.01961	-1.00000	-1.00000
25039	Rosebud_Top_P	Jail_Pond	un	11178937	151	0.000000252	44.81818	5.31062	378.23602	1.65145	0.45344	-1.00000	-1.00000
25040	Rosebud_Top_P	Jail_Pond	un	11179705	100	0.000001109	39.54546	4.65292	336.09937	1.59710	0.42982	-1.00000	-1.00000
25044	Rosebud_Top_P	Jail_Pond	un	11182015	28	0.361234991	0.30864	0.03010	3.16484	0.51055	0.01923	-1.00000	-1.00000
25049	Rosebud_Top_P	Jail_Pond	un	11184240	95	0.500000000	0.48276	0.04141	5.62819	0.31627	0.01818	-1.00000	-1.00000
25054	Rosebud_Top_P	Jail_Pond	un	11185924	34	0.055746141	5.80000	0.63455	53.01424	0.76343	0.07692	-1.00000	-1.00000
25056	Rosebud_Top_P	Jail_Pond	un	11186726	14	0.245454545	0.31034	0.03040	3.16783	0.50816	0.03704	-1.00000	-1.00000
25062	Rosebud_Top_P	Jail_Pond	un	11190792	33	0.482900137	2.00000	0.49071	8.15143	0.30103	0.01837	-1.00000	-1.00000
25063	Rosebud_Top_P	Jail_Pond	un	11191491	13	0.227113906	0.28736	0.02808	2.94037	0.54158	0.04142	-1.00000	-1.00000
25066	Rosebud_Top_P	Jail_Pond	un	11193193	85	0.000000000	222.33333	21.66588	2281.56470	2.34700	0.85556	-1.00000	-1.00000
25070	Rosebud_Top_P	Jail_Pond	un	11194876	73	0.342212357	0.28395	0.02761	2.92002	0.54676	0.02310	-1.00000	-1.00000
25080	Rosebud_Top_P	Jail_Pond	un	11199625	29	0.000000000	162.00000	16.91695	1551.34375	2.20952	0.79310	-1.00000	-1.00000
25085	Rosebud_Top_P	Jail_Pond	un	11202242	142	0.114880414	0.20000	0.02178	1.83684	0.69897	0.07143	-1.00000	-1.00000
25090	Rosebud_Top_P	Jail_Pond	un	11204649	51	0.208144796	0.26437	0.02576	2.71292	0.57779	0.04667	-1.00000	-1.00000
25094	Rosebud_Top_P	Jail_Pond	un	11206480	219	0.225306122	3.52174	0.34246	36.21597	0.54676	0.04514	-1.00000	-1.00000
25104	Rosebud_Top_P	Jail_Pond	un	11211994	37	0.000000000	300.00000	25.50314	3528.97705	2.47712	0.92000	-1.00000	-1.00000
25115	Rosebud_Top_P	Jail_Pond	un	11216845	31	0.481481481	0.44828	0.03837	5.23742	0.34845	0.02032	-1.00000	-1.00000
25118	Rosebud_Top_P	Jail_Pond	un	11217755	73	0.245098039	0.30864	0.03010	3.16484	0.51055	0.04000	-1.00000	-1.00000
25126	Rosebud_Top_P	Jail_Pond	un	11221008	143	0.000000549	56.25000	6.45221	490.38443	1.75012	0.46093	-1.00000	-1.00000
25128	Rosebud_Top_P	Jail_Pond	un	11221774	37	0.047272578	6.30435	0.68765	57.79831	0.79964	0.08615	-1.00000	-1.00000
25130	Rosebud_Top_P	Jail_Pond	un	11223429	44	0.001369902	0.06996	0.00812	0.60257	1.15516	0.20635	-1.00000	-1.00000
25133	Rosebud_Top_P	Jail_Pond	un	11225828	37	0.000000000	725.00000	43.08483	12199.76953	2.86034	1.00000	-1.00000	-1.00000
25139	Rosebud_Top_P	Jail_Pond	un	11228253	34	0.000043173	0.04233	0.00508	0.35297	1.37337	0.29443	-1.00000	-1.00000
25149	Rosebud_Top_P	Jail_Pond	un	11232900	31	0.461538462	0.41379	0.03533	4.84665	0.38322	0.02288	-1.00000	-1.00000
25171	Rosebud_Top_P	Jail_Pond	un	11239373	19	0.000000000	725.00000	43.08483	12199.76953	2.86034	1.00000	-1.00000	-1.00000
25175	Rosebud_Top_P	Jail_Pond	un	11242834	312	0.490612245	0.33333	0.03243	3.42639	0.47712	0.03846	-1.00000	-1.00000
25180	Rosebud_Top_P	Jail_Pond	un	11245950	14	1.000000000	1.13333	0.35680	3.59995	0.05436	0.00090	-1.00000	-1.00000
25183	Rosebud_Top_P	Jail_Pond	un	11247551	20	0.227113906	3.48000	0.34009	35.60907	0.54158	0.04142	-1.00000	-1.00000
25186	Rosebud_Top_P	Jail_Pond	un	11249275	69	0.491264850	0.33333	0.03259	3.40968	0.47712	0.03571	-1.00000	-1.00000
25187	Rosebud_Top_P	Jail_Pond	un	11250263	150	0.111055145	0.18400	0.01997	1.69499	0.73518	0.08027	-1.00000	-1.00000
25189	Rosebud_Top_P	Jail_Pond	un	11251039	127	0.245454545	0.31034	0.03040	3.16783	0.50816	0.03704	-1.00000	-1.00000
25192	Rosebud_Top_P	Jail_Pond	un	11252664	135	0.011603269	0.11330	0.01299	0.98798	0.94577	0.12000	-1.00000	-1.00000
25196	Rosebud_Top_P	Jail_Pond	un	11253331	35	0.055222089	0.17037	0.01854	1.56542	0.76861	0.08333	-1.00000	-1.00000
25206	Rosebud_Top_P	Jail_Pond	un	11258128	59	0.500000000	0.48148	0.04113	5.63661	0.31742	0.01961	-1.00000	-1.00000
25213	Rosebud_Top_P	Jail_Pond	un	11260484	72	0.001501515	13.73684	1.60737	117.39751	1.13789	0.18729	-1.00000	-1.00000
25223	Rosebud_Top_P	Jail_Pond	un	11264586	52	0.227113906	3.48000	0.34009	35.60907	0.54158	0.04142	-1.00000	-1.00000
25251	Rosebud_Top_P	Jail_Pond	un	11275828	51	0.005105438	10.54545	1.22656	90.66576	1.02307	0.14286	-1.00000	-1.00000
25256	Rosebud_Top_P	Jail_Pond	un	11278408	96	0.000000127	41.66667	8.34270	208.09955	1.61979	0.53131	-1.00000	-1.00000
25279	Rosebud_Top_P	Jail_Pond	un	11289604	69	0.009905093	5.32000	1.48457	19.06441	0.72591	0.14701	-1.00000	-1.00000
25287	Rosebud_Top_P	Jail_Pond	un	11292502	305	0.225306122	0.28395	0.02761	2.92002	0.54676	0.04514	-1.00000	-1.00000
25288	Rosebud_Top_P	Jail_Pond	un	11293088	134	0.000009385	0.03448	0.00411	0.28921	1.46240	0.34146	-1.00000	-1.00000
25303	Rosebud_Top_P	Jail_Pond	un	11296462	23	0.000368554	0.05956	0.00710	0.49986	1.22504	0.21739	-1.00000	-1.00000
25313	Rosebud_Top_P	Jail_Pond	un	11299123	141	0.000849276	0.06667	0.00784	0.56688	1.17609	0.20930	-1.00000	-1.00000
25316	Rosebud_Top_P	Jail_Pond	un	11299799	26	1.000000000	0.51852	0.04439	6.05718	0.28524	0.01752	-1.00000	-1.00000
25319	Rosebud_Top_P	Jail_Pond	un	11300698	81	0.000000000	124.20000	13.51716	1141.18933	2.09412	0.73333	-1.00000	-1.00000
25322	Rosebud_Top_P	Jail_Pond	un	11302182	8	0.020053773	4.90000	1.41332	16.98842	0.69020	0.12919	-1.00000	-1.00000
25324	Rosebud_Top_P	Jail_Pond	un	11303876	58	0.117647059	0.22222	0.02321	2.12804	0.65321	0.06122	-1.00000	-1.00000
25326	Rosebud_Top_P	Jail_Pond	un	11304861	267	1.000000000	0.56000	0.04783	6.55691	0.25181	0.01681	-1.00000	-1.00000
25331	Rosebud_Top_P	Jail_Pond	un	11306221	68	0.227113906	0.28736	0.02808	2.94037	0.54158	0.04142	-1.00000	-1.00000
25337	Rosebud_Top_P	Jail_Pond	un	11307819	102	0.505129536	0.60000	0.14555	2.47333	0.22185	0.01053	-1.00000	-1.00000
25338	Rosebud_Top_P	Jail_Pond	un	11308610	64	0.446558198	0.45600	0.09672	2.14996	0.34104	0.01955	-1.00000	-1.00000
25343	Rosebud_Top_P	Jail_Pond	un	11311108	80	0.000144217	19.33333	2.31339	161.57144	1.28631	0.24444	-1.00000	-1.00000
25345	Rosebud_Top_P	Jail_Pond	un	11311895	118	1.000000000	0.51852	0.04439	6.05718	0.28524	0.01752	-1.00000	-1.00000
25346	Rosebud_Top_P	Jail_Pond	un	11312822	276	0.481481481	0.44828	0.03837	5.23742	0.34845	0.02032	-1.00000	-1.00000
25353	Rosebud_Top_P	Jail_Pond	un	11314413	318	0.000000000	675.00000	40.04383	11378.15820	2.82930	1.00000	-1.00000	-1.00000
25354	Rosebud_Top_P	Jail_Pond	un	11315005	109	0.049397729	3.46154	1.05787	11.32676	0.53927	0.08427	-1.00000	-1.00000
25356	Rosebud_Top_P	Jail_Pond	un	11316656	141	0.000000000	243.00000	23.75590	2485.65576	2.38561	0.86224	-1.00000	-1.00000
25358	Rosebud_Top_P	Jail_Pond	un	11317277	21	0.000221309	11.84848	2.85753	49.12863	1.07366	0.25890	-1.00000	-1.00000
25365	Rosebud_Top_P	Jail_Pond	un	11318967	31	0.500000000	0.48276	0.04141	5.62819	0.31627	0.01818	-1.00000	-1.00000
25366	Rosebud_Top_P	Jail_Pond	un	11319628	12	0.000000000	725.00000	43.08483	12199.76953	2.86034	1.00000	-1.00000	-1.00000
25373	Rosebud_Top_P	Jail_Pond	un	11323022	142	0.670207706	2.00000	0.33418	11.96965	0.30103	0.01099	-1.00000	-1.00000
25376	Rosebud_Top_P	Jail_Pond	un	11324836	300	0.481481481	0.44828	0.03837	5.23742	0.34845	0.02032	-1.00000	-1.00000
25378	Rosebud_Top_P	Jail_Pond	un	11325540	268	0.481481481	0.44828	0.03837	5.23742	0.34845	0.02032	-1.00000	-1.00000
25383	Rosebud_Top_P	Jail_Pond	un	11327049	123	0.000000007	73.28571	8.31773	645.70422	1.86502	0.60938	-1.00000	-1.00000
25392	Rosebud_Top_P	Jail_Pond	un	11330227	98	0.000000002	135.00000	13.99809	1301.96375	2.13033	0.65672	-1.00000	-1.00000
25397	Rosebud_Top_P	Jail_Pond	un	11333389	20	0.012084093	11.50000	1.30700	101.18560	1.06070	0.13960	-1.00000	-1.00000
25405	Rosebud_Top_P	Jail_Pond	un	11335852	62	0.461538462	0.41379	0.03533	4.84665	0.38322	0.02288	-1.00000	-1.00000
25407	Rosebud_Top_P	Jail_Pond	un	11336557	20	0.104821803	0.20690	0.02165	1.97698	0.68425	0.06335	-1.00000	-1.00000
25412	Rosebud_Top_P	Jail_Pond	un	11339014	55	0.236897275	4.15385	0.43495	39.66973	0.61845	0.05462	-1.00000	-1.00000
25432	Rosebud_Top_P	Jail_Pond	un	11346287	9	0.236897275	4.15385	0.43495	39.66973	0.61845	0.05462	-1.00000	-1.00000
25442	Rosebud_Top_P	Jail_Pond	un	11350053	21	0.245098039	3.24000	0.31597	33.22326	0.51055	0.04000	-1.00000	-1.00000
25445	Rosebud_Top_P	Jail_Pond	un	11351738	36	0.011603269	8.82609	1.01217	76.96327	0.94577	0.12000	-1.00000	-1.00000
25449	Rosebud_Top_P	Jail_Pond	un	11353355	25	0.000000000	729.00000	43.33459	12263.66797	2.86273	1.00000	-1.00000	-1.00000
25453	Rosebud_Top_P	Jail_Pond	un	11355060	152	0.016354234	8.70000	0.97139	77.91955	0.93952	0.12411	-1.00000	-1.00000
25472	Rosebud_Top_P	Jail_Pond	un	11361348	109	1.000000000	1.92857	0.16509	22.52900	0.28524	0.01752	-1.00000	-1.00000
25473	Rosebud_Top_P	Jail_Pond	un	11362141	88	0.491264850	0.33333	0.03259	3.40968	0.47712	0.03571	-1.00000	-1.00000
25484	Rosebud_Top_P	Jail_Pond	un	11366981	35	0.104821803	0.20690	0.02165	1.97698	0.68425	0.06335	-1.00000	-1.00000
25487	Rosebud_Top_P	Jail_Pond	un	11368740	64	0.481481481	0.44828	0.03837	5.23742	0.34845	0.02032	-1.00000	-1.00000
25494	Rosebud_Top_P	Jail_Pond	un	11372612	43	0.500000000	2.07143	0.17768	24.14955	0.31627	0.01818	-1.00000	-1.00000
25516	Rosebud_Top_P	Jail_Pond	un	11380702	194	1.000000000	0.51852	0.04439	6.05718	0.28524	0.01752	-1.00000	-1.00000
25517	Rosebud_Top_P	Jail_Pond	un	11381299	14	0.006611286	0.09360	0.01065	0.82280	1.02874	0.15217	-1.00000	-1.00000
25518	Rosebud_Top_P	Jail_Pond	un	11382192	91	0.003714274	11.60000	1.34375	100.13750	1.06446	0.16039	-1.00000	-1.00000
25519	Rosebud_Top_P	Jail_Pond	un	11383073	222	0.500000000	2.07143	0.17768	24.14955	0.31627	0.01818	-1.00000	-1.00000
25527	Rosebud_Top_P	Jail_Pond	un	11385464	112	0.500000000	2.07692	0.17741	24.31412	0.31742	0.01961	-1.00000	-1.00000
25529	Rosebud_Top_P	Jail_Pond	un	11386313	149	0.000093651	12.50000	3.23779	48.25818	1.09691	0.29989	-1.00000	-1.00000
25539	Rosebud_Top_P	Jail_Pond	un	11391772	60	0.004916860	10.80000	1.24824	93.44380	1.03342	0.15556	-1.00000	-1.00000
25541	Rosebud_Top_P	Jail_Pond	un	11392843	230	0.091583710	5.27273	0.55003	50.54564	0.72204	0.07143	-1.00000	-1.00000
25543	Rosebud_Top_P	Jail_Pond	un	11394312	102	0.245098039	0.30864	0.03010	3.16484	0.51055	0.04000	-1.00000	-1.00000
25550	Rosebud_Top_P	Jail_Pond	un	11396433	40	0.000105070	27.00000	3.18017	229.23271	1.43136	0.28023	-1.00000	-1.00000
25560	Rosebud_Top_P	Jail_Pond	un	11398002	35	0.000000000	241.66667	23.61758	2472.85181	2.38322	0.86154	-1.00000	-1.00000
25562	Rosebud_Top_P	Jail_Pond	un	11398943	64	0.118181818	0.22414	0.02352	2.13589	0.64948	0.05660	-1.00000	-1.00000
25564	Rosebud_Top_P	Jail_Pond	un	11399728	21	0.249818007	0.48000	0.14358	1.60469	0.31876	0.02778	-1.00000	-1.00000
25566	Rosebud_Top_P	Jail_Pond	un	11401429	33	1.000000000	0.52000	0.04432	6.10163	0.28400	0.01884	-1.00000	-1.00000
25568	Rosebud_Top_P	Jail_Pond	un	11402250	55	0.245454545	0.31034	0.03040	3.16783	0.50816	0.03704	-1.00000	-1.00000
25572	Rosebud_Top_P	Jail_Pond	un	11403958	6	0.114880414	5.00000	0.54441	45.92110	0.69897	0.07143	-1.00000	-1.00000
25582	Rosebud_Top_P	Jail_Pond	un	11408025	95	0.011308779	9.00000	1.02601	78.94656	0.95424	0.13043	-1.00000	-1.00000
25583	Rosebud_Top_P	Jail_Pond	un	11408806	101	0.000000898	48.60000	5.71554	413.25253	1.68664	0.41110	-1.00000	-1.00000
25589	Rosebud_Top_P	Jail_Pond	un	11411048	17	0.000000001	78.00000	13.07793	465.21130	1.89209	0.62051	-1.00000	-1.00000
25590	Rosebud_Top_P	Jail_Pond	un	11411956	120	0.500000000	0.48276	0.04141	5.62819	0.31627	0.01818	-1.00000	-1.00000
25605	Rosebud_Top_P	Jail_Pond	un	11418132	79	1.000000000	0.52000	0.04432	6.10163	0.28400	0.01884	-1.00000	-1.00000
25619	Rosebud_Top_P	Jail_Pond	un	11422042	74	0.245454545	0.31034	0.03040	3.16783	0.50816	0.03704	-1.00000	-1.00000
25630	Rosebud_Top_P	Jail_Pond	un	11427065	77	0.000000004	83.33334	9.25965	749.96844	1.92082	0.65517	-1.00000	-1.00000
25636	Rosebud_Top_P	Jail_Pond	un	11430143	54	0.000002955	41.72727	4.93302	352.96133	1.62042	0.37427	-1.00000	-1.00000
25650	Rosebud_Top_P	Jail_Pond	un	11433235	56	1.000000000	0.90909	0.25189	3.28096	0.04139	0.00039	-1.00000	-1.00000
25651	Rosebud_Top_P	Jail_Pond	un	11434195	218	0.117647059	4.50000	0.46992	43.09288	0.65321	0.06122	-1.00000	-1.00000
25652	Rosebud_Top_P	Jail_Pond	un	11434801	32	0.000000071	54.77778	6.37423	470.73969	1.73860	0.51852	-1.00000	-1.00000
25664	Rosebud_Top_P	Jail_Pond	un	11437965	109	0.024822695	7.50000	0.83337	67.49715	0.87506	0.11628	-1.00000	-1.00000
25668	Rosebud_Top_P	Jail_Pond	un	11441171	103	0.245454545	0.31034	0.03040	3.16783	0.50816	0.03704	-1.00000	-1.00000
25670	Rosebud_Top_P	Jail_Pond	un	11442008	110	1.000000000	0.51852	0.04439	6.05718	0.28524	0.01752	-1.00000	-1.00000
25683	Rosebud_Top_P	Jail_Pond	un	11444502	140	0.015227606	4.25000	1.33183	13.56214	0.62839	0.12000	-1.00000	-1.00000
25695	Rosebud_Top_P	Jail_Pond	un	11450839	117	0.227113906	3.48000	0.34009	35.60907	0.54158	0.04142	-1.00000	-1.00000
25717	Rosebud_Top_P	Jail_Pond	un	11457395	118	0.001395038	8.84615	2.15128	36.37582	0.94675	0.19849	-1.00000	-1.00000
25718	Rosebud_Top_P	Jail_Pond	un	11458105	29	0.020799934	7.90909	0.88661	70.55416	0.89813	0.10989	-1.00000	-1.00000
25722	Rosebud_Top_P	Jail_Pond	un	11459767	154	0.020799934	0.12644	0.01417	1.12790	0.89813	0.10989	-1.00000	-1.00000
25735	Rosebud_Top_P	Jail_Pond	un	11465317	46	0.208144796	3.78261	0.36861	38.81679	0.57779	0.04667	-1.00000	-1.00000
25742	Rosebud_Top_P	Jail_Pond	un	11468511	54	0.199433358	0.20000	0.02165	1.84793	0.69897	0.04563	-1.00000	-1.00000
25743	Rosebud_Top_P	Jail_Pond	un	11469436	123	0.000001292	36.00000	6.49131	199.65150	1.55630	0.47115	-1.00000	-1.00000
25746	Rosebud_Top_P	Jail_Pond	un	11470909	39	0.481481481	2.23077	0.19093	26.06312	0.34845	0.02032	-1.00000	-1.00000
25752	Rosebud_Top_P	Jail_Pond	un	11473458	82	0.000000001	91.66666	10.22621	821.69061	1.96221	0.66844	-1.00000	-1.00000
25767	Rosebud_Top_P	Jail_Pond	un	11479643	100	0.000190927	19.80000	2.32434	168.66753	1.29667	0.27083	-1.00000	-1.00000
25772	Rosebud_Top_P	Jail_Pond	un	11481155	7	0.025728988	7.25000	0.81543	64.45982	0.86034	0.09804	-1.00000	-1.00000
25776	Rosebud_Top_P	Jail_Pond	un	11482812	111	0.020799934	7.90909	0.88661	70.55416	0.89813	0.10989	-1.00000	-1.00000
25777	Rosebud_Top_P	Jail_Pond	un	11483681	150	0.208144796	0.26437	0.02576	2.71292	0.57779	0.04667	-1.00000	-1.00000
25780	Rosebud_Top_P	Jail_Pond	un	11485725	396	0.500000000	2.07143	0.17768	24.14955	0.31627	0.01818	-1.00000	-1.00000
25788	Rosebud_Top_P	Jail_Pond	un	11489385	92	0.000005802	20.00000	4.94463	80.89591	1.30103	0.39670	-1.00000	-1.00000
25789	Rosebud_Top_P	Jail_Pond	un	11490209	123	0.500000000	0.48276	0.04141	5.62819	0.31627	0.01818	-1.00000	-1.00000
25790	Rosebud_Top_P	Jail_Pond	un	11490719	8	0.500000000	0.48148	0.04113	5.63661	0.31742	0.01961	-1.00000	-1.00000
25804	Rosebud_Top_P	Jail_Pond	un	11499152	471	0.500000000	2.08333	0.17711	24.50678	0.31876	0.02128	-1.00000	-1.00000
25808	Rosebud_Top_P	Jail_Pond	un	11501254	231	0.481481481	0.44828	0.03837	5.23742	0.34845	0.02032	-1.00000	-1.00000
25816	Rosebud_Top_P	Jail_Pond	un	11502561	188	0.481481481	2.23077	0.19093	26.06312	0.34845	0.02032	-1.00000	-1.00000
25833	Rosebud_Top_P	Jail_Pond	un	11507137	61	0.000036465	31.50000	3.70715	267.65814	1.49831	0.31454	-1.00000	-1.00000
25848	Rosebud_Top_P	Jail_Pond	un	11511194	48	0.003632905	7.00000	1.82241	26.88743	0.84510	0.18519	-1.00000	-1.00000
25852	Rosebud_Top_P	Jail_Pond	un	11513393	455	0.481481481	2.23077	0.19093	26.06312	0.34845	0.02032	-1.00000	-1.00000
25869	Rosebud_Top_P	Jail_Pond	un	11519355	23	0.520059198	0.59006	0.16104	2.16206	0.22910	0.01187	-1.00000	-1.00000
25871	Rosebud_Top_P	Jail_Pond	un	11520012	140	0.112015456	5.40000	0.58948	49.46759	0.73239	0.07429	-1.00000	-1.00000
25876	Rosebud_Top_P	Jail_Pond	un	11524203	73	0.744743607	1.40000	0.37697	5.19934	0.14613	0.00507	-1.00000	-1.00000
25881	Rosebud_Top_P	Jail_Pond	un	11526493	245	0.225306122	3.52174	0.34246	36.21597	0.54676	0.04514	-1.00000	-1.00000
25899	Rosebud_Top_P	Jail_Pond	un	11535067	69	0.481481481	2.23077	0.19093	26.06312	0.34845	0.02032	-1.00000	-1.00000
25901	Rosebud_Top_P	Jail_Pond	un	11536769	147	0.000000016	61.22222	7.16369	523.21606	1.78691	0.53846	-1.00000	-1.00000
25915	Rosebud_Top_P	Jail_Pond	un	11541461	32	0.481481481	0.44828	0.03837	5.23742	0.34845	0.02032	-1.00000	-1.00000
25918	Rosebud_Top_P	Jail_Pond	un	11543227	25	0.000006911	29.00000	3.48759	241.14066	1.46240	0.33333	-1.00000	-1.00000
25922	Rosebud_Top_P	Jail_Pond	un	11544745	57	0.787430670	1.20000	0.40413	3.56322	0.07918	0.00200	-1.00000	-1.00000
25923	Rosebud_Top_P	Jail_Pond	un	11545917	505	1.000000000	1.92308	0.16389	22.56519	0.28400	0.01884	-1.00000	-1.00000
25932	Rosebud_Top_P	Jail_Pond	un	11548656	6	0.000000000	174.00000	18.20957	1662.64185	2.24055	0.79901	-1.00000	-1.00000
25934	Rosebud_Top_P	Jail_Pond	un	11549561	59	0.000000000	324.00000	27.60709	3802.50171	2.51055	0.92284	-1.00000	-1.00000
25952	Rosebud_Top_P	Jail_Pond	un	11555341	12	0.091583710	0.18966	0.01978	1.81808	0.72204	0.07143	-1.00000	-1.00000
25967	Rosebud_Top_P	Jail_Pond	un	11563590	354	0.481481481	0.44828	0.03837	5.23742	0.34845	0.02032	-1.00000	-1.00000
25973	Rosebud_Top_P	Jail_Pond	un	11565687	74	0.104821803	0.20690	0.02165	1.97698	0.68425	0.06335	-1.00000	-1.00000
25983	Rosebud_Top_P	Jail_Pond	un	11570604	123	0.245098039	0.30864	0.03010	3.16484	0.51055	0.04000	-1.00000	-1.00000
25985	Rosebud_Top_P	Jail_Pond	un	11571309	25	0.023501224	0.12169	0.01392	1.06357	0.91473	0.11607	-1.00000	-1.00000
25986	Rosebud_Top_P	Jail_Pond	un	11572625	434	0.491264850	3.00000	0.29328	30.68711	0.47712	0.03571	-1.00000	-1.00000
25994	Rosebud_Top_P	Jail_Pond	un	11574779	18	1.000000000	0.51852	0.04439	6.05718	0.28524	0.01752	-1.00000	-1.00000
25999	Rosebud_Top_P	Jail_Pond	un	11578036	57	0.245454545	0.31034	0.03040	3.16783	0.50816	0.03704	-1.00000	-1.00000
26020	Rosebud_Top_P	Jail_Pond	un	11586120	21	0.000000029	95.00000	10.23154	882.07617	1.97772	0.59001	-1.00000	-1.00000
26026	Rosebud_Top_P	Jail_Pond	un	11587700	27	0.004133606	6.59184	1.91672	22.67019	0.81901	0.19281	-1.00000	-1.00000
26027	Rosebud_Top_P	Jail_Pond	un	11588558	83	0.055222089	5.86957	0.63881	53.93145	0.76861	0.08333	-1.00000	-1.00000
26031	Rosebud_Top_P	Jail_Pond	un	11590860	46	0.047272578	6.30435	0.68765	57.79831	0.79964	0.08615	-1.00000	-1.00000
26073	Rosebud_Top_P	Jail_Pond	un	11608954	41	0.000000000	148.50000	15.45738	1426.64880	2.17173	0.78448	-1.00000	-1.00000
26074	Rosebud_Top_P	Jail_Pond	un	11609895	161	0.025310124	7.36364	0.82361	65.83572	0.86709	0.10638	-1.00000	-1.00000
26078	Rosebud_Top_P	Jail_Pond	un	11611440	89	0.500000000	0.48276	0.04141	5.62819	0.31627	0.01818	-1.00000	-1.00000
26101	Rosebud_Top_P	Jail_Pond	un	11621803	18	0.000000016	65.25000	7.52132	566.06567	1.81458	0.56667	-1.00000	-1.00000
26109	Rosebud_Top_P	Jail_Pond	un	11625978	82	0.025728988	0.13793	0.01551	1.22635	0.86034	0.09804	-1.00000	-1.00000
26113	Rosebud_Top_P	Jail_Pond	un	11628316	23	0.006611286	0.09360	0.01065	0.82280	1.02874	0.15217	-1.00000	-1.00000
26122	Rosebud_Top_P	Jail_Pond	un	11629907	12	0.104821803	4.83333	0.50582	46.18450	0.68425	0.06335	-1.00000	-1.00000
26126	Rosebud_Top_P	Jail_Pond	un	11631586	41	0.054609929	0.16800	0.01817	1.55315	0.77469	0.09091	-1.00000	-1.00000
26131	Rosebud_Top_P	Jail_Pond	un	11635832	104	0.011603269	8.82609	1.01217	76.96327	0.94577	0.12000	-1.00000	-1.00000
26135	Rosebud_Top_P	Jail_Pond	un	11638332	125	0.481481481	0.44828	0.03837	5.23742	0.34845	0.02032	-1.00000	-1.00000
26141	Rosebud_Top_P	Jail_Pond	un	11640770	92	0.000000009	67.50000	7.80148	584.02374	1.82930	0.57576	-1.00000	-1.00000
26145	Rosebud_Top_P	Jail_Pond	un	11641665	154	1.000000000	0.52000	0.04432	6.10163	0.28400	0.01884	-1.00000	-1.00000
26154	Rosebud_Top_P	Jail_Pond	un	11646370	93	0.480000000	0.44444	0.03787	5.21605	0.35218	0.02211	-1.00000	-1.00000
26157	Rosebud_Top_P	Jail_Pond	un	11648744	29	0.500000000	0.48148	0.04113	5.63661	0.31742	0.01961	-1.00000	-1.00000
26159	Rosebud_Top_P	Jail_Pond	un	11649587	38	1.000000000	0.52000	0.04432	6.10163	0.28400	0.01884	-1.00000	-1.00000
26163	Rosebud_Top_P	Jail_Pond	un	11651971	89	0.500000000	0.48276	0.04141	5.62819	0.31627	0.01818	-1.00000	-1.00000
26179	Rosebud_Top_P	Jail_Pond	un	11660048	14	0.025310124	0.13580	0.01519	1.21416	0.86709	0.10638	-1.00000	-1.00000
26180	Rosebud_Top_P	Jail_Pond	un	11660914	58	0.245454545	0.31034	0.03040	3.16783	0.50816	0.03704	-1.00000	-1.00000
26190	Rosebud_Top_P	Jail_Pond	un	11664297	76	0.004279824	0.08444	0.00983	0.72525	1.07343	0.17582	-1.00000	-1.00000
26197	Rosebud_Top_P	Jail_Pond	un	11666672	31	0.210667214	0.40909	0.10581	1.58163	0.38818	0.03333	-1.00000	-1.00000
26205	Rosebud_Top_P	Jail_Pond	un	11670003	115	0.500000000	0.48276	0.04141	5.62819	0.31627	0.01818	-1.00000	-1.00000
26219	Rosebud_Top_P	Jail_Pond	un	11678044	35	0.000000000	243.00000	23.75590	2485.65576	2.38561	0.86224	-1.00000	-1.00000
26222	Rosebud_Top_P	Jail_Pond	un	11679773	121	0.166322288	2.33333	0.74129	7.34456	0.36798	0.04262	-1.00000	-1.00000
26228	Rosebud_Top_P	Jail_Pond	un	11683025	12	0.481481481	2.23077	0.19093	26.06312	0.34845	0.02032	-1.00000	-1.00000
26230	Rosebud_Top_P	Jail_Pond	un	11684623	34	0.208144796	3.78261	0.36861	38.81679	0.57779	0.04667	-1.00000	-1.00000
26236	Rosebud_Top_P	Jail_Pond	un	11687004	70	0.055746141	5.80000	0.63455	53.01424	0.76343	0.07692	-1.00000	-1.00000
26237	Rosebud_Top_P	Jail_Pond	un	11687729	21	0.003465046	12.00000	1.38010	104.34058	1.07918	0.17636	-1.00000	-1.00000
26249	Rosebud_Top_P	Jail_Pond	un	11690960	64	1.000000000	0.90476	0.22619	3.61898	0.04347	0.00040	-1.00000	-1.00000
26256	Rosebud_Top_P	Jail_Pond	un	11695598	102	0.000000364	62.42857	7.04536	553.17664	1.79538	0.49386	-1.00000	-1.00000
26262	Rosebud_Top_P	Jail_Pond	un	11698792	97	0.500000000	0.48276	0.04141	5.62819	0.31627	0.01818	-1.00000	-1.00000
26270	Rosebud_Top_P	Jail_Pond	un	11701541	451	0.481481481	0.44828	0.03837	5.23742	0.34845	0.02032	-1.00000	-1.00000
26277	Rosebud_Top_P	Jail_Pond	un	11705166	17	0.500000000	0.48276	0.04141	5.62819	0.31627	0.01818	-1.00000	-1.00000
26283	Rosebud_Top_P	Jail_Pond	un	11706769	112	0.361234991	0.30864	0.03010	3.16484	0.51055	0.01923	-1.00000	-1.00000
26284	Rosebud_Top_P	Jail_Pond	un	11707603	115	0.046236557	3.54545	1.04244	12.05852	0.54967	0.08893	-1.00000	-1.00000
26288	Rosebud_Top_P	Jail_Pond	un	11710123	292	0.481481481	2.23077	0.19093	26.06312	0.34845	0.02032	-1.00000	-1.00000
26291	Rosebud_Top_P	Jail_Pond	un	11711605	134	0.500000000	0.48276	0.04141	5.62819	0.31627	0.01818	-1.00000	-1.00000
26298	Rosebud_Top_P	Jail_Pond	un	11713972	136	0.617647059	2.08333	0.17711	24.50678	0.31876	0.00680	-1.00000	-1.00000
26307	Rosebud_Top_P	Jail_Pond	un	11718445	66	0.000000149	51.00000	5.92112	439.27515	1.70757	0.50980	-1.00000	-1.00000
26317	Rosebud_Top_P	Jail_Pond	un	11722694	508	0.000000000	675.00000	40.04383	11378.15820	2.82930	1.00000	-1.00000	-1.00000
26323	Rosebud_Top_P	Jail_Pond	un	11725404	101	0.618181818	0.48148	0.04113	5.63661	0.31742	0.00629	-1.00000	-1.00000
26326	Rosebud_Top_P	Jail_Pond	un	11727938	141	0.245098039	3.24000	0.31597	33.22326	0.51055	0.04000	-1.00000	-1.00000
26327	Rosebud_Top_P	Jail_Pond	un	11728495	47	0.117647059	4.50000	0.46992	43.09288	0.65321	0.06122	-1.00000	-1.00000
26336	Rosebud_Top_P	Jail_Pond	un	11731866	29	1.000000000	0.51852	0.04439	6.05718	0.28524	0.01752	-1.00000	-1.00000
26338	Rosebud_Top_P	Jail_Pond	un	11733441	80	0.245098039	3.24000	0.31597	33.22326	0.51055	0.04000	-1.00000	-1.00000
26343	Rosebud_Top_P	Jail_Pond	un	11735983	32	0.000977321	0.06513	0.00758	0.55974	1.18619	0.21212	-1.00000	-1.00000
26349	Rosebud_Top_P	Jail_Pond	un	11738733	378	1.000000000	1.92857	0.16509	22.52900	0.28524	0.01752	-1.00000	-1.00000
26366	Rosebud_Top_P	Jail_Pond	un	11742403	86	0.000144217	0.05172	0.00619	0.43227	1.28631	0.24444	-1.00000	-1.00000
26370	Rosebud_Top_P	Jail_Pond	un	11744727	49	0.747127964	0.71429	0.19519	2.61386	0.14613	0.00481	-1.00000	-1.00000
26388	Rosebud_Top_P	Jail_Pond	un	11752319	52	0.008470111	0.10053	0.01141	0.88574	0.99771	0.14773	-1.00000	-1.00000
26425	Rosebud_Top_P	Jail_Pond	un	11765988	101	0.000274939	15.00000	2.89983	77.59085	1.17609	0.27099	-1.00000	-1.00000
26430	Rosebud_Top_P	Jail_Pond	un	11769417	317	1.000000000	0.52000	0.04432	6.10163	0.28400	0.01884	-1.00000	-1.00000
26469	Rosebud_Top_P	Jail_Pond	un	11781504	268	0.011437374	9.09091	1.05219	78.54564	0.95861	0.13333	-1.00000	-1.00000
26474	Rosebud_Top_P	Jail_Pond	un	11784169	23	0.500000000	0.48148	0.04113	5.63661	0.31742	0.01961	-1.00000	-1.00000
26479	Rosebud_Top_P	Jail_Pond	un	11784987	29	0.002188045	12.42857	1.46083	105.74072	1.09442	0.16667	-1.00000	-1.00000
26485	Rosebud_Top_P	Jail_Pond	un	11787473	140	0.112015456	0.18519	0.02022	1.69642	0.73239	0.07429	-1.00000	-1.00000
26487	Rosebud_Top_P	Jail_Pond	un	11788094	94	1.000000000	1.92857	0.16509	22.52900	0.28524	0.01752	-1.00000	-1.00000
26495	Rosebud_Top_P	Jail_Pond	un	11790641	112	1.000000000	0.51852	0.04439	6.05718	0.28524	0.01752	-1.00000	-1.00000
26498	Rosebud_Top_P	Jail_Pond	un	11792226	41	0.500000000	0.48148	0.04113	5.63661	0.31742	0.01961	-1.00000	-1.00000
26518	Rosebud_Top_P	Jail_Pond	un	11799734	106	0.104821803	0.20690	0.02165	1.97698	0.68425	0.06335	-1.00000	-1.00000
26526	Rosebud_Top_P	Jail_Pond	un	11802105	114	0.001638791	0.05600	0.00648	0.48426	1.25181	0.20806	-1.00000	-1.00000
26535	Rosebud_Top_P	Jail_Pond	un	11806139	130	0.000000149	51.00000	5.92112	439.27515	1.70757	0.50980	-1.00000	-1.00000
26542	Rosebud_Top_P	Jail_Pond	un	11810707	68	0.025728988	7.25000	0.81543	64.45982	0.86034	0.09804	-1.00000	-1.00000
26543	Rosebud_Top_P	Jail_Pond	un	11811488	80	0.009649678	5.36667	1.55788	18.48741	0.72970	0.14179	-1.00000	-1.00000
26549	Rosebud_Top_P	Jail_Pond	un	11814416	42	0.000000730	37.92308	4.55073	316.02829	1.57890	0.40000	-1.00000	-1.00000
26550	Rosebud_Top_P	Jail_Pond	un	11815397	224	0.490612245	0.33333	0.03243	3.42639	0.47712	0.03846	-1.00000	-1.00000
26568	Rosebud_Top_P	Jail_Pond	un	11820734	74	0.103265306	4.90909	0.51099	47.16195	0.69100	0.06915	-1.00000	-1.00000
26571	Rosebud_Top_P	Jail_Pond	un	11822259	22	0.000045610	15.96000	3.99007	63.83887	1.20303	0.35923	-1.00000	-1.00000
26574	Rosebud_Top_P	Jail_Pond	un	11823831	9	0.245098039	3.24000	0.31597	33.22326	0.51055	0.04000	-1.00000	-1.00000
26575	Rosebud_Top_P	Jail_Pond	un	11825023	358	0.481481481	2.23077	0.19093	26.06312	0.34845	0.02032	-1.00000	-1.00000
26578	Rosebud_Top_P	Jail_Pond	un	11825566	140	0.000008898	18.33333	4.50908	74.54096	1.26324	0.38095	-1.00000	-1.00000
26595	Rosebud_Top_P	Jail_Pond	un	11832925	7	0.055222089	5.86957	0.63881	53.93145	0.76861	0.08333	-1.00000	-1.00000
26597	Rosebud_Top_P	Jail_Pond	un	11833752	42	0.565303853	1.65000	0.52785	5.15773	0.21748	0.01435	-1.00000	-1.00000
26601	Rosebud_Top_P	Jail_Pond	un	11834751	6	0.155113115	2.64444	0.84139	8.31130	0.42233	0.05653	-1.00000	-1.00000
26602	Rosebud_Top_P	Jail_Pond	un	11835990	443	0.480000000	0.44444	0.03787	5.21605	0.35218	0.02211	-1.00000	-1.00000
26605	Rosebud_Top_P	Jail_Pond	un	11838185	123	0.245454545	0.31034	0.03040	3.16783	0.50816	0.03704	-1.00000	-1.00000
26610	Rosebud_Top_P	Jail_Pond	un	11840559	117	0.003714274	0.08621	0.00999	0.74418	1.06446	0.16039	-1.00000	-1.00000
26617	Rosebud_Top_P	Jail_Pond	un	11843002	100	0.104821803	4.83333	0.50582	46.18450	0.68425	0.06335	-1.00000	-1.00000
26621	Rosebud_Top_P	Jail_Pond	un	11844489	33	0.000007034	31.50000	3.70715	267.65814	1.49831	0.38063	-1.00000	-1.00000
26630	Rosebud_Top_P	Jail_Pond	un	11846850	76	0.481481481	0.44828	0.03837	5.23742	0.34845	0.02032	-1.00000	-1.00000
26641	Rosebud_Top_P	Jail_Pond	un	11850836	9	0.000000000	222.33333	21.66588	2281.56470	2.34700	0.85556	-1.00000	-1.00000
26645	Rosebud_Top_P	Jail_Pond	un	11852598	137	0.000002976	33.46154	3.98697	280.83353	1.52455	0.37692	-1.00000	-1.00000
26662	Rosebud_Top_P	Jail_Pond	un	11860208	83	0.493212670	0.36000	0.03511	3.69147	0.44370	0.03429	-1.00000	-1.00000
26663	Rosebud_Top_P	Jail_Pond	un	11860982	119	0.118181818	0.22414	0.02352	2.13589	0.64948	0.05660	-1.00000	-1.00000
26667	Rosebud_Top_P	Jail_Pond	un	11861718	38	0.118181818	4.46154	0.46819	42.51565	0.64948	0.05660	-1.00000	-1.00000
26675	Rosebud_Top_P	Jail_Pond	un	11865790	33	0.379060766	1.85185	0.56012	6.12257	0.26761	0.01912	-1.00000	-1.00000
26677	Rosebud_Top_P	Jail_Pond	un	11866796	86	0.000000000	348.00000	29.71122	4076.03662	2.54158	0.92529	-1.00000	-1.00000
26684	Rosebud_Top_P	Jail_Pond	un	11870771	151	0.256634140	2.03704	0.62066	6.68569	0.30900	0.02500	-1.00000	-1.00000
26695	Rosebud_Top_P	Jail_Pond	un	11875456	42	0.768526386	0.74118	0.22970	2.39160	0.13008	0.00484	-1.00000	-1.00000
26697	Rosebud_Top_P	Jail_Pond	un	11876259	63	0.245098039	0.30864	0.03010	3.16484	0.51055	0.04000	-1.00000	-1.00000
26708	Rosebud_Top_P	Jail_Pond	un	11879993	15	0.000013103	0.03448	0.00407	0.29209	1.46240	0.35000	-1.00000	-1.00000
26712	Rosebud_Top_P	Jail_Pond	un	11882548	432	0.481481481	0.44828	0.03837	5.23742	0.34845	0.02032	-1.00000	-1.00000
26735	Rosebud_Top_P	Jail_Pond	un	11887021	49	1.000000000	1.00000	0.05944	16.82259	0.00000	0.00000	-1.00000	-1.00000
26737	Rosebud_Top_P	Jail_Pond	un	11888098	275	0.091583710	5.27273	0.55003	50.54564	0.72204	0.07143	-1.00000	-1.00000
26738	Rosebud_Top_P	Jail_Pond	un	11888737	47	0.500000000	2.07692	0.17741	24.31412	0.31742	0.01961	-1.00000	-1.00000
26740	Rosebud_Top_P	Jail_Pond	un	11889675	116	0.500000000	0.48276	0.04141	5.62819	0.31627	0.01818	-1.00000	-1.00000
26743	Rosebud_Top_P	Jail_Pond	un	11890613	225	0.481481481	2.23077	0.19093	26.06312	0.34845	0.02032	-1.00000	-1.00000
26749	Rosebud_Top_P	Jail_Pond	un	11892032	70	0.000221963	18.76471	2.22348	158.36180	1.27334	0.24476	-1.00000	-1.00000
26753	Rosebud_Top_P	Jail_Pond	un	11894369	35	0.500000000	0.48148	0.04113	5.63661	0.31742	0.01961	-1.00000	-1.00000
26754	Rosebud_Top_P	Jail_Pond	un	11895116	10	0.118181818	0.22414	0.02352	2.13589	0.64948	0.05660	-1.00000	-1.00000
26759	Rosebud_Top_P	Jail_Pond	un	11898276	16	0.000000000	189.00000	18.31630	1950.22974	2.27646	0.71721	-1.00000	-1.00000
26765	Rosebud_Top_P	Jail_Pond	un	11900668	53	0.000000000	95.28571	10.92729	830.88916	1.97903	0.64706	-1.00000	-1.00000
26766	Rosebud_Top_P	Jail_Pond	un	11901485	31	0.003465046	12.00000	1.38010	104.34058	1.07918	0.17636	-1.00000	-1.00000
26777	Rosebud_Top_P	Jail_Pond	un	11907166	48	0.000006539	45.00000	5.18815	390.31253	1.65321	0.40513	-1.00000	-1.00000
26780	Rosebud_Top_P	Jail_Pond	un	11908303	368	0.244680851	3.26087	0.31632	33.61525	0.51333	0.04348	-1.00000	-1.00000
26781	Rosebud_Top_P	Jail_Pond	un	11908794	18	0.500000000	0.48148	0.04113	5.63661	0.31742	0.01961	-1.00000	-1.00000
26791	Rosebud_Top_P	Jail_Pond	un	11913096	158	0.610508033	3.00000	0.29019	31.01467	0.47712	0.01843	-1.00000	-1.00000
26792	Rosebud_Top_P	Jail_Pond	un	11913877	129	0.491264850	0.33333	0.03259	3.40968	0.47712	0.03571	-1.00000	-1.00000
26802	Rosebud_Top_P	Jail_Pond	un	11919161	29	0.245454545	0.31034	0.03040	3.16783	0.50816	0.03704	-1.00000	-1.00000
26806	Rosebud_Top_P	Jail_Pond	un	11920926	128	0.101420854	2.66667	0.85001	8.36589	0.42597	0.05769	-1.00000	-1.00000
26810	Rosebud_Top_P	Jail_Pond	un	11922762	347	0.500000000	2.07143	0.17768	24.14955	0.31627	0.01818	-1.00000	-1.00000
26813	Rosebud_Top_P	Jail_Pond	un	11923959	81	0.000000000	159.50000	16.63843	1529.00562	2.20276	0.79032	-1.00000	-1.00000
26814	Rosebud_Top_P	Jail_Pond	un	11924811	149	1.000000000	0.56000	0.04783	6.55691	0.25181	0.01681	-1.00000	-1.00000
26823	Rosebud_Top_P	Jail_Pond	un	11927845	26	0.025728988	7.25000	0.81543	64.45982	0.86034	0.09804	-1.00000	-1.00000
26828	Rosebud_Top_P	Jail_Pond	un	11932189	330	0.500000000	0.48276	0.04141	5.62819	0.31627	0.01818	-1.00000	-1.00000
26830	Rosebud_Top_P	Jail_Pond	un	11932730	93	1.000000000	0.56000	0.04783	6.55691	0.25181	0.01681	-1.00000	-1.00000
26851	Rosebud_Top_P	Jail_Pond	un	11942341	35	0.000645543	14.00000	2.72752	71.86018	1.14613	0.25000	-1.00000	-1.00000
26853	Rosebud_Top_P	Jail_Pond	un	11944327	320	0.480000000	2.25000	0.19172	26.40626	0.35218	0.02211	-1.00000	-1.00000
26858	Rosebud_Top_P	Jail_Pond	un	11944822	94	0.227113906	3.48000	0.34009	35.60907	0.54158	0.04142	-1.00000	-1.00000
26860	Rosebud_Top_P	Jail_Pond	un	11945546	54	0.000000142	48.60000	5.71554	413.25253	1.68664	0.48571	-1.00000	-1.00000
26864	Rosebud_Top_P	Jail_Pond	un	11947988	123	0.227113906	0.28736	0.02808	2.94037	0.54158	0.04142	-1.00000	-1.00000
26870	Rosebud_Top_P	Jail_Pond	un	11951302	249	0.227113906	3.48000	0.34009	35.60907	0.54158	0.04142	-1.00000	-1.00000
26876	Rosebud_Top_P	Jail_Pond	un	11955309	280	0.047272578	6.30435	0.68765	57.79831	0.79964	0.08615	-1.00000	-1.00000
26877	Rosebud_Top_P	Jail_Pond	un	11955983	119	0.011603269	8.82609	1.01217	76.96327	0.94577	0.12000	-1.00000	-1.00000
26885	Rosebud_Top_P	Jail_Pond	un	11961647	216	1.000000000	1.92857	0.16509	22.52900	0.28524	0.01752	-1.00000	-1.00000
26904	Rosebud_Top_P	Jail_Pond	un	11969234	441	1.000000000	1.78571	0.15251	20.90852	0.25181	0.01681	-1.00000	-1.00000
26905	Rosebud_Top_P	Jail_Pond	un	11969555	123	0.158768507	2.42857	0.75475	7.81445	0.38535	0.04514	-1.00000	-1.00000
26907	Rosebud_Top_P	Jail_Pond	un	11971007	7	0.010112034	0.08333	0.00958	0.72459	1.07918	0.13297	-1.00000	-1.00000
26916	Rosebud_Top_P	Jail_Pond	un	11975994	292	0.481481481	2.23077	0.19093	26.06312	0.34845	0.02032	-1.00000	-1.00000
26919	Rosebud_Top_P	Jail_Pond	un	11976554	236	0.054609929	5.95238	0.64385	55.02943	0.77469	0.09091	-1.00000	-1.00000
26920	Rosebud_Top_P	Jail_Pond	un	11977142	32	0.208144796	3.78261	0.36861	38.81679	0.57779	0.04667	-1.00000	-1.00000
26936	Rosebud_Top_P	Jail_Pond	un	11984242	252	1.000000000	1.92857	0.16509	22.52900	0.28524	0.01752	-1.00000	-1.00000
26942	Rosebud_Top_P	Jail_Pond	un	11986460	115	0.091583710	0.18966	0.01978	1.81808	0.72204	0.07143	-1.00000	-1.00000
26949	Rosebud_Top_P	Jail_Pond	un	11989595	23	0.000208538	12.26667	2.90811	51.74186	1.08873	0.26954	-1.00000	-1.00000
27009	Rosebud_Top_P	Jail_Pond	un	12021463	262	0.011308779	9.00000	1.02601	78.94656	0.95424	0.13043	-1.00000	-1.00000
27024	Rosebud_Top_P	Jail_Pond	un	12027248	414	0.500000000	0.48276	0.04141	5.62819	0.31627	0.01818	-1.00000	-1.00000
27030	Rosebud_Top_P	Jail_Pond	un	12028380	54	0.104821803	0.20690	0.02165	1.97698	0.68425	0.06335	-1.00000	-1.00000
27037	Rosebud_Top_P	Jail_Pond	un	12033369	105	0.500000000	0.48276	0.04141	5.62819	0.31627	0.01818	-1.00000	-1.00000
27043	Rosebud_Top_P	Jail_Pond	un	12037111	514	0.244680851	3.26087	0.31632	33.61525	0.51333	0.04348	-1.00000	-1.00000
27055	Rosebud_Top_P	Jail_Pond	un	12043043	255	1.000000000	1.92857	0.16509	22.52900	0.28524	0.01752	-1.00000	-1.00000
27064	Rosebud_Top_P	Jail_Pond	un	12046188	28	0.000000000	406.00000	34.82467	4733.31104	2.60853	0.93103	-1.00000	-1.00000
27066	Rosebud_Top_P	Jail_Pond	un	12047937	149	0.001886343	0.07407	0.00875	0.62673	1.13033	0.18571	-1.00000	-1.00000
27086	Rosebud_Top_P	Jail_Pond	un	12054305	82	0.002076008	0.07819	0.00913	0.66975	1.10685	0.18182	-1.00000	-1.00000
27096	Rosebud_Top_P	Jail_Pond	un	12058265	126	0.500000000	0.48276	0.04141	5.62819	0.31627	0.01818	-1.00000	-1.00000
27101	Rosebud_Top_P	Jail_Pond	un	12061355	61	0.245454545	0.31034	0.03040	3.16783	0.50816	0.03704	-1.00000	-1.00000
27105	Rosebud_Top_P	Jail_Pond	un	12063773	7	0.000000009	67.50000	7.80148	584.02374	1.82930	0.57576	-1.00000	-1.00000
27114	Rosebud_Top_P	Jail_Pond	un	12067782	31	0.000234472	25.00000	2.90330	215.27237	1.39794	0.27635	-1.00000	-1.00000
27118	Rosebud_Top_P	Jail_Pond	un	12069396	49	0.000000000	783.00000	46.62555	13149.20605	2.89376	1.00000	-1.00000	-1.00000
27132	Rosebud_Top_P	Jail_Pond	un	12075202	84	0.000000066	52.20000	6.15300	442.84708	1.71767	0.49480	-1.00000	-1.00000
27134	Rosebud_Top_P	Jail_Pond	un	12076790	17	1.000000000	0.56000	0.04783	6.55691	0.25181	0.01681	-1.00000	-1.00000
27138	Rosebud_Top_P	Jail_Pond	un	12079743	13	0.001348834	13.00000	2.48334	68.05341	1.11394	0.24444	-1.00000	-1.00000
27148	Rosebud_Top_P	Jail_Pond	un	12082186	72	0.269467737	2.16667	0.71669	6.55015	0.33579	0.03401	-1.00000	-1.00000
27155	Rosebud_Top_P	Jail_Pond	un	12087061	154	0.500000000	0.48276	0.04141	5.62819	0.31627	0.01818	-1.00000	-1.00000
27160	Rosebud_Top_P	Jail_Pond	un	12088553	100	0.000005460	31.15385	3.70346	262.06906	1.49351	0.36842	-1.00000	-1.00000
27168	Rosebud_Top_P	Jail_Pond	un	12092539	112	0.055906057	0.31469	0.09777	1.01287	0.50212	0.06970	-1.00000	-1.00000
27179	Rosebud_Top_P	Jail_Pond	un	12098851	21	0.068267079	2.81481	0.94588	8.37651	0.44945	0.06323	-1.00000	-1.00000
27188	Rosebud_Top_P	Jail_Pond	un	12101372	94	0.000094437	12.22222	3.38655	44.11064	1.08715	0.30796	-1.00000	-1.00000
27191	Rosebud_Top_P	Jail_Pond	un	12103808	53	0.000977321	0.06513	0.00758	0.55974	1.18619	0.21212	-1.00000	-1.00000
27192	Rosebud_Top_P	Jail_Pond	un	12104877	343	0.500000000	0.48276	0.04141	5.62819	0.31627	0.01818	-1.00000	-1.00000
27209	Rosebud_Top_P	Jail_Pond	un	12111011	38	0.227113906	3.48000	0.34009	35.60907	0.54158	0.04142	-1.00000	-1.00000
27216	Rosebud_Top_P	Jail_Pond	un	12114262	47	0.117647059	4.50000	0.46992	43.09288	0.65321	0.06122	-1.00000	-1.00000
27227	Rosebud_Top_P	Jail_Pond	un	12119820	94	0.227113906	0.28736	0.02808	2.94037	0.54158	0.04142	-1.00000	-1.00000
27247	Rosebud_Top_P	Jail_Pond	un	12125420	11	0.053848971	0.22857	0.05389	0.96947	0.64098	0.08744	-1.00000	-1.00000
27248	Rosebud_Top_P	Jail_Pond	un	12126679	457	0.500000000	0.48148	0.04113	5.63661	0.31742	0.01961	-1.00000	-1.00000
27253	Rosebud_Top_P	Jail_Pond	un	12130179	8	0.500000000	0.48276	0.04141	5.62819	0.31627	0.01818	-1.00000	-1.00000
27255	Rosebud_Top_P	Jail_Pond	un	12131061	97	1.000000000	1.00000	0.31738	3.15081	0.00000	0.00000	-1.00000	-1.00000
27264	Rosebud_Top_P	Jail_Pond	un	12135841	37	0.500000000	0.48276	0.04141	5.62819	0.31627	0.01818	-1.00000	-1.00000
27276	Rosebud_Top_P	Jail_Pond	un	12140956	328	0.461538462	0.41379	0.03533	4.84665	0.38322	0.02288	-1.00000	-1.00000
27293	Rosebud_Top_P	Jail_Pond	un	12147813	9	0.002076008	0.07819	0.00913	0.66975	1.10685	0.18182	-1.00000	-1.00000
27294	Rosebud_Top_P	Jail_Pond	un	12148750	74	0.020799934	7.90909	0.88661	70.55416	0.89813	0.10989	-1.00000	-1.00000
27299	Rosebud_Top_P	Jail_Pond	un	12151826	55	0.001104672	7.36735	2.16302	25.09353	0.86731	0.21302	-1.00000	-1.00000
27304	Rosebud_Top_P	Jail_Pond	un	12154237	42	0.574334133	1.54815	0.50968	4.70245	0.18981	0.01106	-1.00000	-1.00000
27322	Rosebud_Top_P	Jail_Pond	un	12162920	12	0.245098039	3.24000	0.31597	33.22326	0.51055	0.04000	-1.00000	-1.00000
27331	Rosebud_Top_P	Jail_Pond	un	12167049	52	0.000080714	21.75000	2.58629	182.91176	1.33746	0.27549	-1.00000	-1.00000
27339	Rosebud_Top_P	Jail_Pond	un	12172773	57	0.011308779	9.00000	1.02601	78.94656	0.95424	0.13043	-1.00000	-1.00000
27359	Rosebud_Top_P	Jail_Pond	un	12180815	131	0.208144796	0.26437	0.02576	2.71292	0.57779	0.04667	-1.00000	-1.00000
27377	Rosebud_Top_P	Jail_Pond	un	12188223	141	0.000000000	222.33333	21.66588	2281.56470	2.34700	0.85556	-1.00000	-1.00000
27380	Rosebud_Top_P	Jail_Pond	un	12189671	34	0.118181818	0.22414	0.02352	2.13589	0.64948	0.05660	-1.00000	-1.00000
27386	Rosebud_Top_P	Jail_Pond	un	12191303	40	0.039250162	0.14483	0.01574	1.33255	0.83915	0.09722	-1.00000	-1.00000
27387	Rosebud_Top_P	Jail_Pond	un	12192107	42	0.245098039	0.30864	0.03010	3.16484	0.51055	0.04000	-1.00000	-1.00000
27389	Rosebud_Top_P	Jail_Pond	un	12193661	65	1.000000000	1.08696	0.06420	18.40268	0.03621	0.00007	-1.00000	-1.00000
27392	Rosebud_Top_P	Jail_Pond	un	12195261	45	0.039250162	6.90476	0.75044	63.53036	0.83915	0.09722	-1.00000	-1.00000
27402	Rosebud_Top_P	Jail_Pond	un	12199157	26	0.047272578	0.15862	0.01730	1.45424	0.79964	0.08615	-1.00000	-1.00000
27417	Rosebud_Top_P	Jail_Pond	un	12204213	57	0.500000000	0.48276	0.04141	5.62819	0.31627	0.01818	-1.00000	-1.00000
27418	Rosebud_Top_P	Jail_Pond	un	12205040	33	0.000043173	23.62500	2.83309	197.00800	1.37337	0.29443	-1.00000	-1.00000
27419	Rosebud_Top_P	Jail_Pond	un	12205862	41	0.000123973	21.26667	2.50224	180.74677	1.32770	0.27778	-1.00000	-1.00000
27420	Rosebud_Top_P	Jail_Pond	un	12206763	111	0.000000513	41.72727	4.93302	352.96133	1.62042	0.44444	-1.00000	-1.00000
27425	Rosebud_Top_P	Jail_Pond	un	12209945	96	0.500000000	0.48148	0.04113	5.63661	0.31742	0.01961	-1.00000	-1.00000
27434	Rosebud_Top_P	Jail_Pond	un	12215356	53	0.003414686	7.50000	2.00506	28.05398	0.87506	0.19298	-1.00000	-1.00000
27435	Rosebud_Top_P	Jail_Pond	un	12216145	83	0.002076008	12.78947	1.49310	109.55123	1.10685	0.18182	-1.00000	-1.00000
27440	Rosebud_Top_P	Jail_Pond	un	12218673	124	1.000000000	1.92857	0.16509	22.52900	0.28524	0.01752	-1.00000	-1.00000
27445	Rosebud_Top_P	Jail_Pond	un	12221074	89	0.000012389	28.84615	3.41998	243.30547	1.46009	0.35897	-1.00000	-1.00000
27453	Rosebud_Top_P	Jail_Pond	un	12224223	63	0.006611286	0.09360	0.01065	0.82280	1.02874	0.15217	-1.00000	-1.00000
27458	Rosebud_Top_P	Jail_Pond	un	12225754	8	0.000000000	133.39999	14.55060	1223.01221	2.12516	0.74038	-1.00000	-1.00000
27464	Rosebud_Top_P	Jail_Pond	un	12228907	20	0.245454545	3.22222	0.31567	32.89072	0.50816	0.03704	-1.00000	-1.00000
27482	Rosebud_Top_P	Jail_Pond	un	12233731	60	0.000000000	191.66667	18.59275	1975.82971	2.28255	0.84615	-1.00000	-1.00000
27485	Rosebud_Top_P	Jail_Pond	un	12234911	381	1.000000000	1.92857	0.16509	22.52900	0.28524	0.01752	-1.00000	-1.00000
27487	Rosebud_Top_P	Jail_Pond	un	12235379	35	0.002076008	12.78947	1.49310	109.55123	1.10685	0.18182	-1.00000	-1.00000
27492	Rosebud_Top_P	Jail_Pond	un	12237786	105	0.024522579	4.34286	1.34423	14.03063	0.63778	0.12144	-1.00000	-1.00000
27496	Rosebud_Top_P	Jail_Pond	un	12240275	153	0.055222089	0.17037	0.01854	1.56542	0.76861	0.08333	-1.00000	-1.00000
27502	Rosebud_Top_P	Jail_Pond	un	12242780	237	0.227113906	0.28736	0.02808	2.94037	0.54158	0.04142	-1.00000	-1.00000
27506	Rosebud_Top_P	Jail_Pond	un	12244129	37	0.000127909	20.25000	2.40238	170.68977	1.30642	0.26829	-1.00000	-1.00000
27507	Rosebud_Top_P	Jail_Pond	un	12245374	468	0.481481481	2.23077	0.19093	26.06312	0.34845	0.02032	-1.00000	-1.00000
27510	Rosebud_Top_P	Jail_Pond	un	12246712	133	0.500000000	2.07143	0.17768	24.14955	0.31627	0.01818	-1.00000	-1.00000
27512	Rosebud_Top_P	Jail_Pond	un	12247652	216	0.481481481	2.23077	0.19093	26.06312	0.34845	0.02032	-1.00000	-1.00000
27513	Rosebud_Top_P	Jail_Pond	un	12248509	305	0.481481481	2.23077	0.19093	26.06312	0.34845	0.02032	-1.00000	-1.00000
27521	Rosebud_Top_P	Jail_Pond	un	12254451	53	0.000000000	135.00000	14.73692	1236.68982	2.13033	0.74286	-1.00000	-1.00000
27524	Rosebud_Top_P	Jail_Pond	un	12256075	95	0.011603269	8.82609	1.01217	76.96327	0.94577	0.12000	-1.00000	-1.00000
27529	Rosebud_Top_P	Jail_Pond	un	12258413	96	0.786244457	1.17333	0.38712	3.55631	0.06942	0.00154	-1.00000	-1.00000
27539	Rosebud_Top_P	Jail_Pond	un	12264069	54	0.001768977	13.88889	1.62905	118.41340	1.14267	0.20263	-1.00000	-1.00000
27561	Rosebud_Top_P	Jail_Pond	un	12273706	69	0.000000000	175.50000	18.37673	1676.04626	2.24428	0.80049	-1.00000	-1.00000
27577	Rosebud_Top_P	Jail_Pond	un	12281696	21	0.481481481	2.23077	0.19093	26.06312	0.34845	0.02032	-1.00000	-1.00000
27579	Rosebud_Top_P	Jail_Pond	un	12283301	18	0.461538462	2.41667	0.20633	28.30581	0.38322	0.02288	-1.00000	-1.00000
27586	Rosebud_Top_P	Jail_Pond	un	12287611	56	0.118181818	0.22414	0.02352	2.13589	0.64948	0.05660	-1.00000	-1.00000
27607	Rosebud_Top_P	Jail_Pond	un	12298111	102	0.000335760	17.47059	2.06538	147.77966	1.24231	0.23810	-1.00000	-1.00000
27608	Rosebud_Top_P	Jail_Pond	un	12298877	52	0.000004746	23.33333	5.12786	106.17377	1.36798	0.41704	-1.00000	-1.00000
27610	Rosebud_Top_P	Jail_Pond	un	12300527	22	0.000001228	38.63636	4.55546	327.68777	1.58700	0.43439	-1.00000	-1.00000
27614	Rosebud_Top_P	Jail_Pond	un	12302823	102	0.086150046	0.24000	0.05530	1.04154	0.61979	0.07623	-1.00000	-1.00000
27617	Rosebud_Top_P	Jail_Pond	un	12305307	94	0.046139818	0.15556	0.01687	1.43442	0.80811	0.09420	-1.00000	-1.00000
27627	Rosebud_Top_P	Jail_Pond	un	12309982	11	0.002188045	12.42857	1.46083	105.74072	1.09442	0.16667	-1.00000	-1.00000
27642	Rosebud_Top_P	Jail_Pond	un	12315770	103	0.610508033	3.00000	0.29019	31.01467	0.47712	0.01843	-1.00000	-1.00000
27661	Rosebud_Top_P	Jail_Pond	un	12324835	69	0.047272578	6.30435	0.68765	57.79831	0.79964	0.08615	-1.00000	-1.00000
27683	Rosebud_Top_P	Jail_Pond	un	12334406	447	0.500000000	0.48276	0.04141	5.62819	0.31627	0.01818	-1.00000	-1.00000
27684	Rosebud_Top_P	Jail_Pond	un	12334878	55	0.171345659	2.27273	0.73048	7.07106	0.35655	0.04077	-1.00000	-1.00000
27685	Rosebud_Top_P	Jail_Pond	un	12335742	102	0.000001371	51.75000	5.91776	452.54681	1.71391	0.44849	-1.00000	-1.00000
27688	Rosebud_Top_P	Jail_Pond	un	12337491	240	0.500000000	0.48276	0.04141	5.62819	0.31627	0.01818	-1.00000	-1.00000
27692	Rosebud_Top_P	Jail_Pond	un	12338063	16	0.001369902	14.29412	1.65955	123.11864	1.15516	0.20635	-1.00000	-1.00000
27704	Rosebud_Top_P	Jail_Pond	un	12341349	13	0.005105438	0.09483	0.01103	0.81529	1.02307	0.14286	-1.00000	-1.00000
27706	Rosebud_Top_P	Jail_Pond	un	12342941	14	0.000000000	191.66667	18.59275	1975.82971	2.28255	0.84615	-1.00000	-1.00000
27717	Rosebud_Top_P	Jail_Pond	un	12350194	28	0.224250007	0.42105	0.11909	1.48861	0.37566	0.03694	-1.00000	-1.00000
27721	Rosebud_Top_P	Jail_Pond	un	12353867	277	0.500000000	0.48276	0.04141	5.62819	0.31627	0.01818	-1.00000	-1.00000
27724	Rosebud_Top_P	Jail_Pond	un	12356291	21	0.481481481	0.44828	0.03837	5.23742	0.34845	0.02032	-1.00000	-1.00000
27727	Rosebud_Top_P	Jail_Pond	un	12358458	50	0.245454545	0.31034	0.03040	3.16783	0.50816	0.03704	-1.00000	-1.00000
27728	Rosebud_Top_P	Jail_Pond	un	12359204	12	0.245454545	3.22222	0.31567	32.89072	0.50816	0.03704	-1.00000	-1.00000
27739	Rosebud_Top_P	Jail_Pond	un	12362778	280	1.000000000	0.51852	0.04439	6.05718	0.28524	0.01752	-1.00000	-1.00000
27740	Rosebud_Top_P	Jail_Pond	un	12363345	57	0.000000326	47.22222	5.46805	407.81201	1.67415	0.50000	-1.00000	-1.00000
27744	Rosebud_Top_P	Jail_Pond	un	12364980	74	0.000026633	31.15385	3.70346	262.06906	1.49351	0.30625	-1.00000	-1.00000
27747	Rosebud_Top_P	Jail_Pond	un	12367322	35	0.004873434	6.07143	1.82332	20.21714	0.78329	0.17781	-1.00000	-1.00000
27758	Rosebud_Top_P	Jail_Pond	un	12373341	273	0.227113906	0.28736	0.02808	2.94037	0.54158	0.04142	-1.00000	-1.00000
27776	Rosebud_Top_P	Jail_Pond	un	12381157	113	0.010050659	0.10000	0.01153	0.86750	1.00000	0.15027	-1.00000	-1.00000
27786	Rosebud_Top_P	Jail_Pond	un	12386126	141	0.236897275	4.15385	0.43495	39.66973	0.61845	0.05462	-1.00000	-1.00000
27789	Rosebud_Top_P	Jail_Pond	un	12387644	131	0.390451935	0.52941	0.16980	1.65062	0.27621	0.02425	-1.00000	-1.00000
27805	Rosebud_Top_P	Jail_Pond	un	12395713	110	0.245454545	3.22222	0.31567	32.89072	0.50816	0.03704	-1.00000	-1.00000
27807	Rosebud_Top_P	Jail_Pond	un	12397225	25	0.114880414	0.20000	0.02178	1.83684	0.69897	0.07143	-1.00000	-1.00000
27819	Rosebud_Top_P	Jail_Pond	un	12401281	95	0.008914258	9.66667	1.10451	84.60300	0.98528	0.13462	-1.00000	-1.00000
27830	Rosebud_Top_P	Jail_Pond	un	12406836	53	0.023501224	8.21739	0.94023	71.81789	0.91473	0.11607	-1.00000	-1.00000
27838	Rosebud_Top_P	Jail_Pond	un	12409144	55	0.002076008	0.07819	0.00913	0.66975	1.10685	0.18182	-1.00000	-1.00000
27839	Rosebud_Top_P	Jail_Pond	un	12410328	448	0.245098039	3.24000	0.31597	33.22326	0.51055	0.04000	-1.00000	-1.00000
27840	Rosebud_Top_P	Jail_Pond	un	12410858	139	0.000368554	16.78947	2.00057	140.90321	1.22504	0.21739	-1.00000	-1.00000
27849	Rosebud_Top_P	Jail_Pond	un	12415338	102	0.000305051	18.00000	2.14888	150.77641	1.25527	0.23754	-1.00000	-1.00000
27859	Rosebud_Top_P	Jail_Pond	un	12421129	33	0.094815285	6.42857	0.69714	59.27980	0.80811	0.06198	-1.00000	-1.00000
27874	Rosebud_Top_P	Jail_Pond	un	12428373	76	0.004409847	6.41667	1.72250	23.90345	0.80731	0.16340	-1.00000	-1.00000
27877	Rosebud_Top_P	Jail_Pond	un	12429985	106	0.481481481	0.44828	0.03837	5.23742	0.34845	0.02032	-1.00000	-1.00000
27893	Rosebud_Top_P	Jail_Pond	un	12435033	47	0.461538462	0.41379	0.03533	4.84665	0.38322	0.02288	-1.00000	-1.00000
27897	Rosebud_Top_P	Jail_Pond	un	12436809	106	0.481481481	2.23077	0.19093	26.06312	0.34845	0.02032	-1.00000	-1.00000
27911	Rosebud_Top_P	Jail_Pond	un	12442673	384	0.500000000	2.07143	0.17768	24.14955	0.31627	0.01818	-1.00000	-1.00000
27912	Rosebud_Top_P	Jail_Pond	un	12443258	149	0.000000000	162.50000	16.97265	1555.81152	2.21085	0.79365	-1.00000	-1.00000
27920	Rosebud_Top_P	Jail_Pond	un	12447146	32	0.245454545	3.22222	0.31567	32.89072	0.50816	0.03704	-1.00000	-1.00000
27927	Rosebud_Top_P	Jail_Pond	un	12451152	44	0.091583710	5.27273	0.55003	50.54564	0.72204	0.07143	-1.00000	-1.00000
27928	Rosebud_Top_P	Jail_Pond	un	12451912	58	0.046139818	0.15556	0.01687	1.43442	0.80811	0.09420	-1.00000	-1.00000
27930	Rosebud_Top_P	Jail_Pond	un	12452761	21	0.000000424	32.20000	6.84252	151.52893	1.50786	0.48214	-1.00000	-1.00000
27959	Rosebud_Top_P	Jail_Pond	un	12467595	23	0.245098039	0.30864	0.03010	3.16484	0.51055	0.04000	-1.00000	-1.00000
27962	Rosebud_Top_P	Jail_Pond	un	12469092	15	0.461538462	2.41667	0.20633	28.30581	0.38322	0.02288	-1.00000	-1.00000
27968	Rosebud_Top_P	Jail_Pond	un	12473222	80	0.103265306	0.20370	0.02120	1.95699	0.69100	0.06915	-1.00000	-1.00000
27973	Rosebud_Top_P	Jail_Pond	un	12475578	97	0.002188045	12.42857	1.46083	105.74072	1.09442	0.16667	-1.00000	-1.00000
27990	Rosebud_Top_P	Jail_Pond	un	12482463	239	0.500000000	2.07692	0.17741	24.31412	0.31742	0.01961	-1.00000	-1.00000
27999	Rosebud_Top_P	Jail_Pond	un	12484649	107	0.026878837	0.10857	0.01229	0.95910	0.96428	0.10227	-1.00000	-1.00000
28004	Rosebud_Top_P	Jail_Pond	un	12486375	83	1.000000000	1.92857	0.16509	22.52900	0.28524	0.01752	-1.00000	-1.00000
28005	Rosebud_Top_P	Jail_Pond	un	12487268	144	0.500000000	0.48276	0.04141	5.62819	0.31627	0.01818	-1.00000	-1.00000
28013	Rosebud_Top_P	Jail_Pond	un	12490496	54	0.000000292	46.40000	5.43537	396.10168	1.66652	0.47297	-1.00000	-1.00000
28015	Rosebud_Top_P	Jail_Pond	un	12491287	98	0.000368554	16.78947	2.00057	140.90321	1.22504	0.21739	-1.00000	-1.00000
28026	Rosebud_Top_P	Jail_Pond	un	12493564	29	1.000000000	0.92000	0.05434	15.57603	0.03621	0.00007	-1.00000	-1.00000
28027	Rosebud_Top_P	Jail_Pond	un	12494498	129	0.481481481	2.23077	0.19093	26.06312	0.34845	0.02032	-1.00000	-1.00000
28030	Rosebud_Top_P	Jail_Pond	un	12496242	266	0.481481481	2.23077	0.19093	26.06312	0.34845	0.02032	-1.00000	-1.00000
28031	Rosebud_Top_P	Jail_Pond	un	12496908	158	1.000000000	1.00000	0.05893	16.97048	0.00000	0.00000	-1.00000	-1.00000
28032	Rosebud_Top_P	Jail_Pond	un	12497588	53	1.000000000	0.56000	0.04783	6.55691	0.25181	0.01681	-1.00000	-1.00000
28051	Rosebud_Top_P	Jail_Pond	un	12506606	328	0.245454545	3.22222	0.31567	32.89072	0.50816	0.03704	-1.00000	-1.00000
28053	Rosebud_Top_P	Jail_Pond	un	12507059	47	0.394282294	1.83333	0.59204	5.67719	0.26324	0.02066	-1.00000	-1.00000
28059	Rosebud_Top_P	Jail_Pond	un	12510963	149	0.003714274	0.08621	0.00999	0.74418	1.06446	0.16039	-1.00000	-1.00000
28061	Rosebud_Top_P	Jail_Pond	un	12512731	278	1.000000000	0.52000	0.04432	6.10163	0.28400	0.01884	-1.00000	-1.00000
28063	Rosebud_Top_P	Jail_Pond	un	12513269	10	0.019968382	4.66667	1.37633	15.82312	0.66901	0.12927	-1.00000	-1.00000
28066	Rosebud_Top_P	Jail_Pond	un	12514800	97	0.000127909	20.25000	2.40238	170.68977	1.30642	0.26829	-1.00000	-1.00000
28068	Rosebud_Top_P	Jail_Pond	un	12516290	10	0.000000000	378.00000	32.35829	4415.68408	2.57749	0.92857	-1.00000	-1.00000
28072	Rosebud_Top_P	Jail_Pond	un	12518855	140	0.026878837	9.21053	1.04264	81.36432	0.96428	0.10227	-1.00000	-1.00000
28073	Rosebud_Top_P	Jail_Pond	un	12519610	134	0.045354523	3.66667	1.12028	12.00100	0.56427	0.08937	-1.00000	-1.00000
28080	Rosebud_Top_P	Jail_Pond	un	12521834	33	0.002163840	0.05929	0.00692	0.50797	1.22703	0.19907	-1.00000	-1.00000
28083	Rosebud_Top_P	Jail_Pond	un	12523456	125	0.020060790	8.10000	0.90237	72.70824	0.90849	0.12037	-1.00000	-1.00000
28097	Rosebud_Top_P	Jail_Pond	un	12530337	194	0.480000000	0.44444	0.03787	5.21605	0.35218	0.02211	-1.00000	-1.00000
28100	Rosebud_Top_P	Jail_Pond	un	12531948	94	0.500000000	0.48276	0.04141	5.62819	0.31627	0.01818	-1.00000	-1.00000
28103	Rosebud_Top_P	Jail_Pond	un	12532676	74	0.245098039	0.30864	0.03010	3.16484	0.51055	0.04000	-1.00000	-1.00000
28106	Rosebud_Top_P	Jail_Pond	un	12534277	202	0.227113906	0.28736	0.02808	2.94037	0.54158	0.04142	-1.00000	-1.00000
28113	Rosebud_Top_P	Jail_Pond	un	12535722	31	0.245098039	0.30864	0.03010	3.16484	0.51055	0.04000	-1.00000	-1.00000
28116	Rosebud_Top_P	Jail_Pond	un	12537728	497	0.461538462	0.41379	0.03533	4.84665	0.38322	0.02288	-1.00000	-1.00000
28120	Rosebud_Top_P	Jail_Pond	un	12539597	14	0.227113906	3.48000	0.34009	35.60907	0.54158	0.04142	-1.00000	-1.00000
28122	Rosebud_Top_P	Jail_Pond	un	12541264	108	0.000000140	50.00000	5.89389	424.16843	1.69897	0.49351	-1.00000	-1.00000
28129	Rosebud_Top_P	Jail_Pond	un	12545310	57	0.500000000	0.48276	0.04141	5.62819	0.31627	0.01818	-1.00000	-1.00000
28130	Rosebud_Top_P	Jail_Pond	un	12546168	76	0.000274939	15.00000	2.89983	77.59085	1.17609	0.27099	-1.00000	-1.00000
28137	Rosebud_Top_P	Jail_Pond	un	12550323	107	0.245454545	0.31034	0.03040	3.16783	0.50816	0.03704	-1.00000	-1.00000
28138	Rosebud_Top_P	Jail_Pond	un	12551372	311	0.016354234	8.70000	0.97139	77.91955	0.93952	0.12411	-1.00000	-1.00000
28139	Rosebud_Top_P	Jail_Pond	un	12552097	290	0.461538462	0.41379	0.03533	4.84665	0.38322	0.02288	-1.00000	-1.00000
28147	Rosebud_Top_P	Jail_Pond	un	12555079	87	0.000674159	9.00000	2.55509	31.70138	0.95424	0.24889	-1.00000	-1.00000
28158	Rosebud_Top_P	Jail_Pond	un	12561517	97	0.461538462	2.41667	0.20633	28.30581	0.38322	0.02288	-1.00000	-1.00000
28159	Rosebud_Top_P	Jail_Pond	un	12562374	115	0.227113906	0.28736	0.02808	2.94037	0.54158	0.04142	-1.00000	-1.00000
28161	Rosebud_Top_P	Jail_Pond	un	12564089	218	0.227113906	3.48000	0.34009	35.60907	0.54158	0.04142	-1.00000	-1.00000
28168	Rosebud_Top_P	Jail_Pond	un	12567078	111	0.245454545	0.31034	0.03040	3.16783	0.50816	0.03704	-1.00000	-1.00000
28170	Rosebud_Top_P	Jail_Pond	un	12567800	88	0.245098039	0.30864	0.03010	3.16484	0.51055	0.04000	-1.00000	-1.00000
28172	Rosebud_Top_P	Jail_Pond	un	12569495	253	0.461538462	0.41379	0.03533	4.84665	0.38322	0.02288	-1.00000	-1.00000
28175	Rosebud_Top_P	Jail_Pond	un	12570857	114	0.003714274	11.60000	1.34375	100.13750	1.06446	0.16039	-1.00000	-1.00000
28180	Rosebud_Top_P	Jail_Pond	un	12572266	125	0.005105438	10.54545	1.22656	90.66576	1.02307	0.14286	-1.00000	-1.00000
28206	Rosebud_Top_P	Jail_Pond	un	12581137	28	0.242508324	3.09524	0.54450	17.59517	0.49069	0.03233	-1.00000	-1.00000
28214	Rosebud_Top_P	Jail_Pond	un	12585365	394	0.461538462	2.41667	0.20633	28.30581	0.38322	0.02288	-1.00000	-1.00000
28220	Rosebud_Top_P	Jail_Pond	un	12587448	153	0.000000000	225.00000	21.94246	2307.17041	2.35218	0.85714	-1.00000	-1.00000
28225	Rosebud_Top_P	Jail_Pond	un	12590786	86	0.000000000	325.00000	27.69753	3813.51733	2.51188	0.92308	-1.00000	-1.00000
28228	Rosebud_Top_P	Jail_Pond	un	12593237	38	0.245098039	3.24000	0.31597	33.22326	0.51055	0.04000	-1.00000	-1.00000
28230	Rosebud_Top_P	Jail_Pond	un	12594931	88	0.000000000	783.00000	46.62555	13149.20605	2.89376	1.00000	-1.00000	-1.00000
28231	Rosebud_Top_P	Jail_Pond	un	12595650	21	0.010968168	0.10857	0.01229	0.95910	0.96428	0.14286	-1.00000	-1.00000
28232	Rosebud_Top_P	Jail_Pond	un	12596827	417	0.481481481	2.23077	0.19093	26.06312	0.34845	0.02032	-1.00000	-1.00000
28245	Rosebud_Top_P	Jail_Pond	un	12603789	218	0.244680851	3.26087	0.31632	33.61525	0.51333	0.04348	-1.00000	-1.00000
28247	Rosebud_Top_P	Jail_Pond	un	12605033	8	0.000127909	0.04938	0.00586	0.41625	1.30642	0.26829	-1.00000	-1.00000
28256	Rosebud_Top_P	Jail_Pond	un	12610560	35	0.500000000	0.48276	0.04141	5.62819	0.31627	0.01818	-1.00000	-1.00000
28270	Rosebud_Top_P	Jail_Pond	un	12617912	75	0.010968168	0.10857	0.01229	0.95910	0.96428	0.14286	-1.00000	-1.00000
28274	Rosebud_Top_P	Jail_Pond	un	12619469	65	0.017761795	0.14530	0.02791	0.75631	0.83774	0.11616	-1.00000	-1.00000
28277	Rosebud_Top_P	Jail_Pond	un	12621732	125	0.055746141	0.17241	0.01886	1.57593	0.76343	0.07692	-1.00000	-1.00000
28304	Rosebud_Top_P	Jail_Pond	un	12632480	26	0.000000050	81.00000	8.98001	730.62250	1.90849	0.54682	-1.00000	-1.00000
28306	Rosebud_Top_P	Jail_Pond	un	12633386	88	0.055746141	0.17241	0.01886	1.57593	0.76343	0.07692	-1.00000	-1.00000
28312	Rosebud_Top_P	Jail_Pond	un	12636998	434	0.500000000	0.48276	0.04141	5.62819	0.31627	0.01818	-1.00000	-1.00000
28342	Rosebud_Top_P	Jail_Pond	un	12646961	34	0.000000001	96.66666	10.79318	865.77277	1.98528	0.67172	-1.00000	-1.00000
28346	Rosebud_Top_P	Jail_Pond	un	12648985	63	0.000000041	54.00000	6.38237	456.88336	1.73239	0.50408	-1.00000	-1.00000
28352	Rosebud_Top_P	Jail_Pond	un	12652020	55	0.000000004	67.66666	7.95342	575.69940	1.83037	0.55556	-1.00000	-1.00000
28354	Rosebud_Top_P	Jail_Pond	un	12653742	146	0.461538462	0.41379	0.03533	4.84665	0.38322	0.02288	-1.00000	-1.00000
28356	Rosebud_Top_P	Jail_Pond	un	12655215	120	0.500000000	0.48276	0.04141	5.62819	0.31627	0.01818	-1.00000	-1.00000
28361	Rosebud_Top_P	Jail_Pond	un	12658586	278	0.461538462	2.41667	0.20633	28.30581	0.38322	0.02288	-1.00000	-1.00000
28364	Rosebud_Top_P	Jail_Pond	un	12660109	156	0.500000000	2.08333	0.17711	24.50678	0.31876	0.02128	-1.00000	-1.00000
28385	Rosebud_Top_P	Jail_Pond	un	12668471	50	0.236897275	4.15385	0.43495	39.66973	0.61845	0.05462	-1.00000	-1.00000
28387	Rosebud_Top_P	Jail_Pond	un	12669406	267	0.055222089	5.86957	0.63881	53.93145	0.76861	0.08333	-1.00000	-1.00000
28400	Rosebud_Top_P	Jail_Pond	un	12673258	92	0.000000000	406.00000	34.82467	4733.31104	2.60853	0.93103	-1.00000	-1.00000
28413	Rosebud_Top_P	Jail_Pond	un	12679531	120	0.055746141	5.80000	0.63455	53.01424	0.76343	0.07692	-1.00000	-1.00000
28418	Rosebud_Top_P	Jail_Pond	un	12682033	211	0.491264850	0.33333	0.03259	3.40968	0.47712	0.03571	-1.00000	-1.00000
28419	Rosebud_Top_P	Jail_Pond	un	12682772	151	0.003714274	11.60000	1.34375	100.13750	1.06446	0.16039	-1.00000	-1.00000
28436	Rosebud_Top_P	Jail_Pond	un	12691799	18	0.002188045	0.08046	0.00946	0.68454	1.09442	0.16667	-1.00000	-1.00000
28445	Rosebud_Top_P	Jail_Pond	un	12696175	199	0.245454545	0.31034	0.03040	3.16783	0.50816	0.03704	-1.00000	-1.00000
28447	Rosebud_Top_P	Jail_Pond	un	12696810	110	0.227113906	3.48000	0.34009	35.60907	0.54158	0.04142	-1.00000	-1.00000
28448	Rosebud_Top_P	Jail_Pond	un	12697601	98	0.227113906	0.28736	0.02808	2.94037	0.54158	0.04142	-1.00000	-1.00000
28455	Rosebud_Top_P	Jail_Pond	un	12699085	95	0.000000000	116.00000	13.04689	1031.35706	2.06446	0.69697	-1.00000	-1.00000
28470	Rosebud_Top_P	Jail_Pond	un	12705100	14	0.000006888	20.80952	4.72402	91.66689	1.31826	0.38788	-1.00000	-1.00000
28472	Rosebud_Top_P	Jail_Pond	un	12706030	65	0.000003931	33.83333	3.99090	286.82590	1.52934	0.38889	-1.00000	-1.00000
28504	Rosebud_Top_P	Jail_Pond	un	12722387	45	0.000305051	18.00000	2.14888	150.77641	1.25527	0.23754	-1.00000	-1.00000
28506	Rosebud_Top_P	Jail_Pond	un	12724543	419	0.500000000	0.48148	0.04113	5.63661	0.31742	0.01961	-1.00000	-1.00000
28510	Rosebud_Top_P	Jail_Pond	un	12726952	478	0.490612245	3.00000	0.29185	30.83754	0.47712	0.03846	-1.00000	-1.00000
28514	Rosebud_Top_P	Jail_Pond	un	12727285	38	0.245454545	0.31034	0.03040	3.16783	0.50816	0.03704	-1.00000	-1.00000
28520	Rosebud_Top_P	Jail_Pond	un	12728988	106	0.001011425	9.72222	2.33983	40.39675	0.98777	0.21532	-1.00000	-1.00000
28525	Rosebud_Top_P	Jail_Pond	un	12731467	91	0.000015337	27.00000	3.23956	225.03064	1.43136	0.32500	-1.00000	-1.00000
28527	Rosebud_Top_P	Jail_Pond	un	12733232	88	0.245454545	0.31034	0.03040	3.16783	0.50816	0.03704	-1.00000	-1.00000
28528	Rosebud_Top_P	Jail_Pond	un	12733984	59	0.000446292	23.00000	2.72013	194.47568	1.36173	0.25435	-1.00000	-1.00000
28533	Rosebud_Top_P	Jail_Pond	un	12736305	103	0.000587549	0.06207	0.00732	0.52657	1.20713	0.21538	-1.00000	-1.00000
28539	Rosebud_Top_P	Jail_Pond	un	12737811	21	1.000000000	1.92857	0.16509	22.52900	0.28524	0.01752	-1.00000	-1.00000
28546	Rosebud_Top_P	Jail_Pond	un	12740383	195	0.481481481	0.44828	0.03837	5.23742	0.34845	0.02032	-1.00000	-1.00000
28552	Rosebud_Top_P	Jail_Pond	un	12742548	98	0.002232736	0.08000	0.00943	0.67867	1.09691	0.17940	-1.00000	-1.00000
28557	Rosebud_Top_P	Jail_Pond	un	12744139	65	0.003465046	0.08333	0.00958	0.72459	1.07918	0.17636	-1.00000	-1.00000
28560	Rosebud_Top_P	Jail_Pond	un	12745025	124	0.001886343	13.50000	1.59559	114.22084	1.13033	0.18571	-1.00000	-1.00000
28561	Rosebud_Top_P	Jail_Pond	un	12745831	118	0.245098039	0.30864	0.03010	3.16484	0.51055	0.04000	-1.00000	-1.00000
28565	Rosebud_Top_P	Jail_Pond	un	12747526	248	0.481481481	2.23077	0.19093	26.06312	0.34845	0.02032	-1.00000	-1.00000
28572	Rosebud_Top_P	Jail_Pond	un	12751390	79	0.025728988	7.25000	0.81543	64.45982	0.86034	0.09804	-1.00000	-1.00000
28581	Rosebud_Top_P	Jail_Pond	un	12755315	10	0.064051585	2.91919	0.96381	8.84165	0.46526	0.06812	-1.00000	-1.00000
28590	Rosebud_Top_P	Jail_Pond	un	12758675	81	0.000000000	783.00000	46.62555	13149.20605	2.89376	1.00000	-1.00000	-1.00000
28592	Rosebud_Top_P	Jail_Pond	un	12760197	30	0.000019131	35.54546	4.17796	302.41568	1.55078	0.35111	-1.00000	-1.00000
28599	Rosebud_Top_P	Jail_Pond	un	12763523	78	0.000000522	40.50000	4.83497	339.24695	1.60746	0.42664	-1.00000	-1.00000
28602	Rosebud_Top_P	Jail_Pond	un	12765150	29	0.118181818	4.46154	0.46819	42.51565	0.64948	0.05660	-1.00000	-1.00000
28609	Rosebud_Top_P	Jail_Pond	un	12768383	72	0.500000000	0.48276	0.04141	5.62819	0.31627	0.01818	-1.00000	-1.00000
28612	Rosebud_Top_P	Jail_Pond	un	12769993	62	0.000022275	27.00000	3.18017	229.23271	1.43136	0.34211	-1.00000	-1.00000
28618	Rosebud_Top_P	Jail_Pond	un	12773138	89	0.027715237	9.00000	1.02601	78.94656	0.95424	0.09375	-1.00000	-1.00000
28623	Rosebud_Top_P	Jail_Pond	un	12773977	127	0.000000000	276.00000	23.39942	3255.46582	2.44091	0.77564	-1.00000	-1.00000
28646	Rosebud_Top_P	Jail_Pond	un	12781454	91	0.000041324	0.04023	0.00475	0.34105	1.39545	0.31301	-1.00000	-1.00000
28648	Rosebud_Top_P	Jail_Pond	un	12782933	34	0.777567761	0.83951	0.26308	2.67894	0.07598	0.00168	-1.00000	-1.00000
28657	Rosebud_Top_P	Jail_Pond	un	12788800	485	1.000000000	0.52000	0.04432	6.10163	0.28400	0.01884	-1.00000	-1.00000
28661	Rosebud_Top_P	Jail_Pond	un	12791419	172	0.245098039	3.24000	0.31597	33.22326	0.51055	0.04000	-1.00000	-1.00000
28664	Rosebud_Top_P	Jail_Pond	un	12792169	31	0.003465046	0.08333	0.00958	0.72459	1.07918	0.17636	-1.00000	-1.00000
28665	Rosebud_Top_P	Jail_Pond	un	12792947	111	0.000013103	29.00000	3.42359	245.64850	1.46240	0.35000	-1.00000	-1.00000
28668	Rosebud_Top_P	Jail_Pond	un	12794478	71	0.481481481	0.44828	0.03837	5.23742	0.34845	0.02032	-1.00000	-1.00000
28670	Rosebud_Top_P	Jail_Pond	un	12796059	54	0.000080714	21.75000	2.58629	182.91176	1.33746	0.27549	-1.00000	-1.00000
28673	Rosebud_Top_P	Jail_Pond	un	12797968	397	0.500000000	0.48000	0.04081	5.64636	0.31876	0.02128	-1.00000	-1.00000
28675	Rosebud_Top_P	Jail_Pond	un	12798473	115	0.611542730	0.33333	0.03243	3.42639	0.47712	0.01717	-1.00000	-1.00000
28676	Rosebud_Top_P	Jail_Pond	un	12799268	81	0.461538462	0.41379	0.03533	4.84665	0.38322	0.02288	-1.00000	-1.00000
28677	Rosebud_Top_P	Jail_Pond	un	12800107	60	0.491264850	0.33333	0.03259	3.40968	0.47712	0.03571	-1.00000	-1.00000
28686	Rosebud_Top_P	Jail_Pond	un	12804169	151	0.047272578	0.15862	0.01730	1.45424	0.79964	0.08615	-1.00000	-1.00000
28694	Rosebud_Top_P	Jail_Pond	un	12809206	93	0.000000000	159.50000	16.63843	1529.00562	2.20276	0.79032	-1.00000	-1.00000
28703	Rosebud_Top_P	Jail_Pond	un	12812679	255	0.004700643	11.11111	1.27451	96.86606	1.04576	0.17073	-1.00000	-1.00000
28705	Rosebud_Top_P	Jail_Pond	un	12814135	87	0.481481481	0.44828	0.03837	5.23742	0.34845	0.02032	-1.00000	-1.00000
28710	Rosebud_Top_P	Jail_Pond	un	12817249	23	0.011437374	9.09091	1.05219	78.54564	0.95861	0.13333	-1.00000	-1.00000
28718	Rosebud_Top_P	Jail_Pond	un	12818796	58	1.000000000	0.56000	0.04783	6.55691	0.25181	0.01681	-1.00000	-1.00000
28738	Rosebud_Top_P	Jail_Pond	un	12827512	113	0.227113906	3.48000	0.34009	35.60907	0.54158	0.04142	-1.00000	-1.00000
28744	Rosebud_Top_P	Jail_Pond	un	12828253	53	0.025310124	7.36364	0.82361	65.83572	0.86709	0.10638	-1.00000	-1.00000
28746	Rosebud_Top_P	Jail_Pond	un	12829189	144	0.000006911	29.00000	3.48759	241.14066	1.46240	0.33333	-1.00000	-1.00000
28769	Rosebud_Top_P	Jail_Pond	un	12839360	86	0.500000000	0.48148	0.04113	5.63661	0.31742	0.01961	-1.00000	-1.00000
28775	Rosebud_Top_P	Jail_Pond	un	12841172	259	1.000000000	0.51852	0.04439	6.05718	0.28524	0.01752	-1.00000	-1.00000
28783	Rosebud_Top_P	Jail_Pond	un	12845016	53	0.112015456	5.40000	0.58948	49.46759	0.73239	0.07429	-1.00000	-1.00000
28791	Rosebud_Top_P	Jail_Pond	un	12848188	8	0.000000000	625.00000	37.00302	10556.57129	2.79588	1.00000	-1.00000	-1.00000
28795	Rosebud_Top_P	Jail_Pond	un	12851878	504	0.500000000	0.48276	0.04141	5.62819	0.31627	0.01818	-1.00000	-1.00000
28806	Rosebud_Top_P	Jail_Pond	un	12856156	7	0.245454545	0.31034	0.03040	3.16783	0.50816	0.03704	-1.00000	-1.00000
28808	Rosebud_Top_P	Jail_Pond	un	12857802	17	0.500000000	0.48276	0.04141	5.62819	0.31627	0.01818	-1.00000	-1.00000
28823	Rosebud_Top_P	Jail_Pond	un	12862385	7	0.481481481	0.44828	0.03837	5.23742	0.34845	0.02032	-1.00000	-1.00000
28839	Rosebud_Top_P	Jail_Pond	un	12871223	126	0.000000000	783.00000	46.62555	13149.20605	2.89376	1.00000	-1.00000	-1.00000
28843	Rosebud_Top_P	Jail_Pond	un	12872822	44	0.055746141	0.17241	0.01886	1.57593	0.76343	0.07692	-1.00000	-1.00000
28844	Rosebud_Top_P	Jail_Pond	un	12873615	89	0.004700643	0.09000	0.01032	0.78462	1.04576	0.17073	-1.00000	-1.00000
28845	Rosebud_Top_P	Jail_Pond	un	12874382	101	0.500000000	0.48276	0.04141	5.62819	0.31627	0.01818	-1.00000	-1.00000
28851	Rosebud_Top_P	Jail_Pond	un	12877605	36	0.012084093	11.50000	1.30700	101.18560	1.06070	0.13960	-1.00000	-1.00000
28852	Rosebud_Top_P	Jail_Pond	un	12878502	105	0.481481481	2.23077	0.19093	26.06312	0.34845	0.02032	-1.00000	-1.00000
28870	Rosebud_Top_P	Jail_Pond	un	12886693	77	0.000587549	0.06207	0.00732	0.52657	1.20713	0.21538	-1.00000	-1.00000
28876	Rosebud_Top_P	Jail_Pond	un	12889203	121	0.761508567	0.81429	0.23137	2.86584	0.08922	0.00197	-1.00000	-1.00000
28877	Rosebud_Top_P	Jail_Pond	un	12889989	151	1.000000000	0.51852	0.04439	6.05718	0.28524	0.01752	-1.00000	-1.00000
28887	Rosebud_Top_P	Jail_Pond	un	12894788	305	0.500000000	2.07692	0.17741	24.31412	0.31742	0.01961	-1.00000	-1.00000
28888	Rosebud_Top_P	Jail_Pond	un	12895397	50	0.025310124	7.36364	0.82361	65.83572	0.86709	0.10638	-1.00000	-1.00000
28897	Rosebud_Top_P	Jail_Pond	un	12899701	321	0.245454545	3.22222	0.31567	32.89072	0.50816	0.03704	-1.00000	-1.00000
28898	Rosebud_Top_P	Jail_Pond	un	12900352	243	0.500000000	2.07143	0.17768	24.14955	0.31627	0.01818	-1.00000	-1.00000
28903	Rosebud_Top_P	Jail_Pond	un	12902664	252	0.491264850	3.00000	0.29328	30.68711	0.47712	0.03571	-1.00000	-1.00000
28915	Rosebud_Top_P	Jail_Pond	un	12908242	90	0.490612245	0.33333	0.03243	3.42639	0.47712	0.03846	-1.00000	-1.00000
28919	Rosebud_Top_P	Jail_Pond	un	12911582	297	0.490612245	3.00000	0.29185	30.83754	0.47712	0.03846	-1.00000	-1.00000
28920	Rosebud_Top_P	Jail_Pond	un	12912474	304	0.225306122	0.28395	0.02761	2.92002	0.54676	0.04514	-1.00000	-1.00000
28934	Rosebud_Top_P	Jail_Pond	un	12917175	64	0.000849276	15.00000	1.76405	127.54709	1.17609	0.20930	-1.00000	-1.00000
28941	Rosebud_Top_P	Jail_Pond	un	12919052	260	0.500000000	0.48148	0.04113	5.63661	0.31742	0.01961	-1.00000	-1.00000
28970	Rosebud_Top_P	Jail_Pond	un	12932837	97	0.001756039	7.60000	2.07060	27.89534	0.88081	0.21340	-1.00000	-1.00000
28971	Rosebud_Top_P	Jail_Pond	un	12933509	43	0.000000000	225.00000	21.94246	2307.17041	2.35218	0.85714	-1.00000	-1.00000
28980	Rosebud_Top_P	Jail_Pond	un	12935667	49	0.051876516	0.14815	0.01663	1.32015	0.82930	0.09475	-1.00000	-1.00000
28984	Rosebud_Top_P	Jail_Pond	un	12937479	199	0.480000000	2.25000	0.19172	26.40626	0.35218	0.02211	-1.00000	-1.00000
28989	Rosebud_Top_P	Jail_Pond	un	12940548	43	0.104821803	4.83333	0.50582	46.18450	0.68425	0.06335	-1.00000	-1.00000
28990	Rosebud_Top_P	Jail_Pond	un	12941377	67	0.500000000	0.48000	0.04081	5.64636	0.31876	0.02128	-1.00000	-1.00000
28991	Rosebud_Top_P	Jail_Pond	un	12942229	80	0.491264850	0.33333	0.03259	3.40968	0.47712	0.03571	-1.00000	-1.00000
28994	Rosebud_Top_P	Jail_Pond	un	12944764	124	0.000002091	36.81818	4.32211	313.63794	1.56606	0.42130	-1.00000	-1.00000
28996	Rosebud_Top_P	Jail_Pond	un	12945872	434	1.000000000	0.51852	0.04439	6.05718	0.28524	0.01752	-1.00000	-1.00000
28998	Rosebud_Top_P	Jail_Pond	un	12947050	106	0.500000000	2.07143	0.17768	24.14955	0.31627	0.01818	-1.00000	-1.00000
29007	Rosebud_Top_P	Jail_Pond	un	12951089	138	0.102859605	3.63158	0.85953	15.34372	0.56010	0.06132	-1.00000	-1.00000
29025	Rosebud_Top_P	Jail_Pond	un	12959840	21	0.000006911	29.00000	3.48759	241.14066	1.46240	0.33333	-1.00000	-1.00000
29026	Rosebud_Top_P	Jail_Pond	un	12961114	446	0.500000000	2.07143	0.17768	24.14955	0.31627	0.01818	-1.00000	-1.00000
29028	Rosebud_Top_P	Jail_Pond	un	12961497	36	0.000045610	15.96000	3.99007	63.83887	1.20303	0.35923	-1.00000	-1.00000
29032	Rosebud_Top_P	Jail_Pond	un	12963074	25	0.055746141	0.17241	0.01886	1.57593	0.76343	0.07692	-1.00000	-1.00000
29039	Rosebud_Top_P	Jail_Pond	un	12967383	366	0.500000000	0.48000	0.04081	5.64636	0.31876	0.02128	-1.00000	-1.00000
29046	Rosebud_Top_P	Jail_Pond	un	12971266	95	0.016354234	0.11494	0.01283	1.02946	0.93952	0.12411	-1.00000	-1.00000
29048	Rosebud_Top_P	Jail_Pond	un	12972841	50	0.500000000	0.48276	0.04141	5.62819	0.31627	0.01818	-1.00000	-1.00000
29056	Rosebud_Top_P	Jail_Pond	un	12977871	55	0.112015456	0.18519	0.02022	1.69642	0.73239	0.07429	-1.00000	-1.00000
29076	Rosebud_Top_P	Jail_Pond	un	12985916	98	0.001501515	0.07280	0.00852	0.62214	1.13789	0.18729	-1.00000	-1.00000
29081	Rosebud_Top_P	Jail_Pond	un	12989913	92	0.000953498	0.06909	0.00819	0.58273	1.16058	0.20408	-1.00000	-1.00000
29083	Rosebud_Top_P	Jail_Pond	un	12991524	100	0.481481481	2.23077	0.19093	26.06312	0.34845	0.02032	-1.00000	-1.00000
29089	Rosebud_Top_P	Jail_Pond	un	12993060	59	0.006611286	10.68421	1.21537	93.92410	1.02874	0.15217	-1.00000	-1.00000
29091	Rosebud_Top_P	Jail_Pond	un	12993777	19	0.000028156	25.13333	2.99466	210.93718	1.40025	0.30769	-1.00000	-1.00000
29094	Rosebud_Top_P	Jail_Pond	un	12995377	31	0.104821803	0.20690	0.02165	1.97698	0.68425	0.06335	-1.00000	-1.00000
29107	Rosebud_Top_P	Jail_Pond	un	13000246	32	0.000000000	133.39999	14.55060	1223.01221	2.12516	0.74038	-1.00000	-1.00000
29108	Rosebud_Top_P	Jail_Pond	un	13001172	84	0.668837748	2.00000	0.33148	12.06717	0.30103	0.01175	-1.00000	-1.00000
29112	Rosebud_Top_P	Jail_Pond	un	13004429	140	0.077528948	3.21538	0.90215	11.46012	0.50723	0.07031	-1.00000	-1.00000
29117	Rosebud_Top_P	Jail_Pond	un	13007778	150	0.000116847	0.04843	0.00580	0.40455	1.31486	0.26531	-1.00000	-1.00000
29127	Rosebud_Top_P	Jail_Pond	un	13011826	82	0.016354234	8.70000	0.97139	77.91955	0.93952	0.12411	-1.00000	-1.00000
29130	Rosebud_Top_P	Jail_Pond	un	13014180	86	0.491264850	0.33333	0.03259	3.40968	0.47712	0.03571	-1.00000	-1.00000
29141	Rosebud_Top_P	Jail_Pond	un	13019527	10	0.047272578	6.30435	0.68765	57.79831	0.79964	0.08615	-1.00000	-1.00000
29155	Rosebud_Top_P	Jail_Pond	un	13027960	151	0.000000000	783.00000	46.62555	13149.20605	2.89376	1.00000	-1.00000	-1.00000
29161	Rosebud_Top_P	Jail_Pond	un	13031909	10	0.000003931	33.83333	3.99090	286.82590	1.52934	0.38889	-1.00000	-1.00000
29164	Rosebud_Top_P	Jail_Pond	un	13034573	235	0.481481481	2.23077	0.19093	26.06312	0.34845	0.02032	-1.00000	-1.00000
29167	Rosebud_Top_P	Jail_Pond	un	13036039	16	0.481481481	0.44828	0.03837	5.23742	0.34845	0.02032	-1.00000	-1.00000
29169	Rosebud_Top_P	Jail_Pond	un	13036933	13	0.245098039	3.24000	0.31597	33.22326	0.51055	0.04000	-1.00000	-1.00000
29172	Rosebud_Top_P	Jail_Pond	un	13038569	33	0.481481481	0.44828	0.03837	5.23742	0.34845	0.02032	-1.00000	-1.00000
29178	Rosebud_Top_P	Jail_Pond	un	13039476	148	0.481481481	0.44828	0.03837	5.23742	0.34845	0.02032	-1.00000	-1.00000
29180	Rosebud_Top_P	Jail_Pond	un	13040569	300	0.500000000	2.07143	0.17768	24.14955	0.31627	0.01818	-1.00000	-1.00000
29181	Rosebud_Top_P	Jail_Pond	un	13041083	54	0.789664692	1.16667	0.39271	3.46593	0.06695	0.00148	-1.00000	-1.00000
29190	Rosebud_Top_P	Jail_Pond	un	13046055	34	0.345887132	0.48913	0.13650	1.75275	0.31058	0.02277	-1.00000	-1.00000
29202	Rosebud_Top_P	Jail_Pond	un	13050826	10	0.481481481	2.23077	0.19093	26.06312	0.34845	0.02032	-1.00000	-1.00000
29206	Rosebud_Top_P	Jail_Pond	un	13051601	154	0.118181818	4.46154	0.46819	42.51565	0.64948	0.05660	-1.00000	-1.00000
29210	Rosebud_Top_P	Jail_Pond	un	13053097	17	0.493212670	0.36000	0.03511	3.69147	0.44370	0.03429	-1.00000	-1.00000
29213	Rosebud_Top_P	Jail_Pond	un	13055595	103	0.245098039	0.30864	0.03010	3.16484	0.51055	0.04000	-1.00000	-1.00000
29221	Rosebud_Top_P	Jail_Pond	un	13058823	152	0.000000480	57.50000	6.60776	500.35864	1.75967	0.46701	-1.00000	-1.00000
29235	Rosebud_Top_P	Jail_Pond	un	13066167	280	0.117647059	4.50000	0.46992	43.09288	0.65321	0.06122	-1.00000	-1.00000
29239	Rosebud_Top_P	Jail_Pond	un	13067600	87	0.481481481	0.44828	0.03837	5.23742	0.34845	0.02032	-1.00000	-1.00000
29243	Rosebud_Top_P	Jail_Pond	un	13070679	28	0.000000000	348.00000	29.71122	4076.03662	2.54158	0.92529	-1.00000	-1.00000
29259	Rosebud_Top_P	Jail_Pond	un	13076482	38	0.245454545	0.31034	0.03040	3.16783	0.50816	0.03704	-1.00000	-1.00000
29284	Rosebud_Top_P	Jail_Pond	un	13088603	73	1.000000000	0.52000	0.04432	6.10163	0.28400	0.01884	-1.00000	-1.00000
29294	Rosebud_Top_P	Jail_Pond	un	13093463	125	0.055222089	5.86957	0.63881	53.93145	0.76861	0.08333	-1.00000	-1.00000
29295	Rosebud_Top_P	Jail_Pond	un	13094285	105	0.747127964	1.40000	0.38258	5.12316	0.14613	0.00481	-1.00000	-1.00000
29303	Rosebud_Top_P	Jail_Pond	un	13097475	20	0.000000041	54.00000	6.38237	456.88336	1.73239	0.50408	-1.00000	-1.00000
29329	Rosebud_Top_P	Jail_Pond	un	13104659	53	0.490612245	0.33333	0.03243	3.42639	0.47712	0.03846	-1.00000	-1.00000
29340	Rosebud_Top_P	Jail_Pond	un	13109621	155	0.118181818	4.46154	0.46819	42.51565	0.64948	0.05660	-1.00000	-1.00000
29345	Rosebud_Top_P	Jail_Pond	un	13112026	94	0.055746141	5.80000	0.63455	53.01424	0.76343	0.07692	-1.00000	-1.00000
29349	Rosebud_Top_P	Jail_Pond	un	13112895	149	0.245454545	0.31034	0.03040	3.16783	0.50816	0.03704	-1.00000	-1.00000
29352	Rosebud_Top_P	Jail_Pond	un	13115556	237	0.208144796	0.26437	0.02576	2.71292	0.57779	0.04667	-1.00000	-1.00000
29364	Rosebud_Top_P	Jail_Pond	un	13121833	56	0.000123973	21.26667	2.50224	180.74677	1.32770	0.27778	-1.00000	-1.00000
29365	Rosebud_Top_P	Jail_Pond	un	13123031	462	0.480000000	2.25000	0.19172	26.40626	0.35218	0.02211	-1.00000	-1.00000
29372	Rosebud_Top_P	Jail_Pond	un	13124175	21	0.091583710	0.18966	0.01978	1.81808	0.72204	0.07143	-1.00000	-1.00000
29377	Rosebud_Top_P	Jail_Pond	un	13128293	52	0.000000000	725.00000	43.08483	12199.76953	2.86034	1.00000	-1.00000	-1.00000
29379	Rosebud_Top_P	Jail_Pond	un	13129007	35	0.025310124	0.13580	0.01519	1.21416	0.86709	0.10638	-1.00000	-1.00000
29385	Rosebud_Top_P	Jail_Pond	un	13130945	395	0.500000000	0.48276	0.04141	5.62819	0.31627	0.01818	-1.00000	-1.00000
29391	Rosebud_Top_P	Jail_Pond	un	13132749	16	0.000013103	29.00000	3.42359	245.64850	1.46240	0.35000	-1.00000	-1.00000
29398	Rosebud_Top_P	Jail_Pond	un	13135739	123	0.118181818	4.46154	0.46819	42.51565	0.64948	0.05660	-1.00000	-1.00000
29409	Rosebud_Top_P	Jail_Pond	un	13141233	39	1.000000000	0.51852	0.04439	6.05718	0.28524	0.01752	-1.00000	-1.00000
29424	Rosebud_Top_P	Jail_Pond	un	13147038	154	0.239819005	3.84615	0.40172	36.82394	0.58503	0.05248	-1.00000	-1.00000
29432	Rosebud_Top_P	Jail_Pond	un	13152590	113	0.000001977	47.22222	5.46805	407.81201	1.67415	0.41830	-1.00000	-1.00000
29440	Rosebud_Top_P	Jail_Pond	un	13156217	503	0.500000000	0.48276	0.04141	5.62819	0.31627	0.01818	-1.00000	-1.00000
29441	Rosebud_Top_P	Jail_Pond	un	13156520	26	0.055222089	0.17037	0.01854	1.56542	0.76861	0.08333	-1.00000	-1.00000
29445	Rosebud_Top_P	Jail_Pond	un	13159079	148	0.611542730	3.00000	0.29185	30.83754	0.47712	0.01717	-1.00000	-1.00000
29447	Rosebud_Top_P	Jail_Pond	un	13159900	140	0.000000032	83.33334	9.25965	749.96844	1.92082	0.55453	-1.00000	-1.00000
29465	Rosebud_Top_P	Jail_Pond	un	13166949	102	1.000000000	0.51852	0.04439	6.05718	0.28524	0.01752	-1.00000	-1.00000
29473	Rosebud_Top_P	Jail_Pond	un	13171097	133	0.500000000	0.48276	0.04141	5.62819	0.31627	0.01818	-1.00000	-1.00000
29478	Rosebud_Top_P	Jail_Pond	un	13174263	136	0.493212670	0.36000	0.03511	3.69147	0.44370	0.03429	-1.00000	-1.00000
29479	Rosebud_Top_P	Jail_Pond	un	13175201	247	0.227113906	0.28736	0.02808	2.94037	0.54158	0.04142	-1.00000	-1.00000
29492	Rosebud_Top_P	Jail_Pond	un	13180846	110	0.481481481	2.23077	0.19093	26.06312	0.34845	0.02032	-1.00000	-1.00000
29507	Rosebud_Top_P	Jail_Pond	un	13185476	6	0.047272578	0.15862	0.01730	1.45424	0.79964	0.08615	-1.00000	-1.00000
29512	Rosebud_Top_P	Jail_Pond	un	13188049	120	0.000000893	38.66667	4.59785	325.17648	1.58734	0.41420	-1.00000	-1.00000
29514	Rosebud_Top_P	Jail_Pond	un	13188740	25	0.245098039	0.30864	0.03010	3.16484	0.51055	0.04000	-1.00000	-1.00000
29517	Rosebud_Top_P	Jail_Pond	un	13190425	67	1.000000000	1.92857	0.16509	22.52900	0.28524	0.01752	-1.00000	-1.00000
29519	Rosebud_Top_P	Jail_Pond	un	13191248	57	0.500000000	2.07143	0.17768	24.14955	0.31627	0.01818	-1.00000	-1.00000
29520	Rosebud_Top_P	Jail_Pond	un	13192216	22	0.000006911	0.03448	0.00415	0.28673	1.46240	0.33333	-1.00000	-1.00000
29526	Rosebud_Top_P	Jail_Pond	un	13195465	84	0.000305051	18.00000	2.14888	150.77641	1.25527	0.23754	-1.00000	-1.00000
29530	Rosebud_Top_P	Jail_Pond	un	13197697	16	0.245454545	0.31034	0.03040	3.16783	0.50816	0.03704	-1.00000	-1.00000
29534	Rosebud_Top_P	Jail_Pond	un	13200506	398	0.480000000	0.44444	0.03787	5.21605	0.35218	0.02211	-1.00000	-1.00000
29540	Rosebud_Top_P	Jail_Pond	un	13202527	27	0.000000032	83.33334	9.25965	749.96844	1.92082	0.55453	-1.00000	-1.00000
29569	Rosebud_Top_P	Jail_Pond	un	13215034	301	0.117021277	0.22000	0.02284	2.11887	0.65758	0.06667	-1.00000	-1.00000
29571	Rosebud_Top_P	Jail_Pond	un	13216437	138	1.000000000	0.56000	0.04783	6.55691	0.25181	0.01681	-1.00000	-1.00000
29573	Rosebud_Top_P	Jail_Pond	un	13218042	36	0.051876516	6.75000	0.75749	60.14915	0.82930	0.09475	-1.00000	-1.00000
29582	Rosebud_Top_P	Jail_Pond	un	13223093	236	0.500000000	0.48148	0.04113	5.63661	0.31742	0.01961	-1.00000	-1.00000
29586	Rosebud_Top_P	Jail_Pond	un	13224594	121	0.006567355	6.50000	1.71211	24.67719	0.81291	0.16730	-1.00000	-1.00000
29596	Rosebud_Top_P	Jail_Pond	un	13229195	84	0.000000000	729.00000	43.33459	12263.66797	2.86273	1.00000	-1.00000	-1.00000
29600	Rosebud_Top_P	Jail_Pond	un	13230844	95	0.011308779	9.00000	1.02601	78.94656	0.95424	0.13043	-1.00000	-1.00000
29610	Rosebud_Top_P	Jail_Pond	un	13237354	48	0.000147657	10.80000	2.91189	40.05645	1.03342	0.26203	-1.00000	-1.00000
29616	Rosebud_Top_P	Jail_Pond	un	13240700	13	0.000000002	91.00000	13.89449	595.99158	1.95904	0.65057	-1.00000	-1.00000
29621	Rosebud_Top_P	Jail_Pond	un	13243086	41	0.500000000	0.48276	0.04141	5.62819	0.31627	0.01818	-1.00000	-1.00000
29629	Rosebud_Top_P	Jail_Pond	un	13246342	18	0.000000000	222.33333	21.66588	2281.56470	2.34700	0.85556	-1.00000	-1.00000
29636	Rosebud_Top_P	Jail_Pond	un	13249505	87	0.091583710	5.27273	0.55003	50.54564	0.72204	0.07143	-1.00000	-1.00000
29637	Rosebud_Top_P	Jail_Pond	un	13250329	11	0.008914258	0.10345	0.01182	0.90538	0.98528	0.13462	-1.00000	-1.00000
29641	Rosebud_Top_P	Jail_Pond	un	13251847	12	0.245454545	3.22222	0.31567	32.89072	0.50816	0.03704	-1.00000	-1.00000
29648	Rosebud_Top_P	Jail_Pond	un	13254333	65	0.055222089	0.17037	0.01854	1.56542	0.76861	0.08333	-1.00000	-1.00000
29651	Rosebud_Top_P	Jail_Pond	un	13255931	29	0.000000000	99.00000	11.07302	885.12469	1.99564	0.67742	-1.00000	-1.00000
29658	Rosebud_Top_P	Jail_Pond	un	13258203	99	0.500000000	0.48276	0.04141	5.62819	0.31627	0.01818	-1.00000	-1.00000
29660	Rosebud_Top_P	Jail_Pond	un	13259807	213	0.500000000	0.48000	0.04081	5.64636	0.31876	0.02128	-1.00000	-1.00000
29699	Rosebud_Top_P	Jail_Pond	un	13273421	45	0.002076008	0.07819	0.00913	0.66975	1.10685	0.18182	-1.00000	-1.00000
29702	Rosebud_Top_P	Jail_Pond	un	13274265	98	1.000000000	0.51852	0.04439	6.05718	0.28524	0.01752	-1.00000	-1.00000
29705	Rosebud_Top_P	Jail_Pond	un	13274990	55	0.000335760	0.05724	0.00677	0.48417	1.24231	0.23810	-1.00000	-1.00000
29714	Rosebud_Top_P	Jail_Pond	un	13281478	63	0.500000000	0.48276	0.04141	5.62819	0.31627	0.01818	-1.00000	-1.00000
29735	Rosebud_Top_P	Jail_Pond	un	13289122	443	0.500000000	0.48276	0.04141	5.62819	0.31627	0.01818	-1.00000	-1.00000
29736	Rosebud_Top_P	Jail_Pond	un	13289618	148	0.000368554	16.78947	2.00057	140.90321	1.22504	0.21739	-1.00000	-1.00000
29741	Rosebud_Top_P	Jail_Pond	un	13290397	73	0.000368554	16.78947	2.00057	140.90321	1.22504	0.21739	-1.00000	-1.00000
29743	Rosebud_Top_P	Jail_Pond	un	13291225	83	0.227113906	0.28736	0.02808	2.94037	0.54158	0.04142	-1.00000	-1.00000
29754	Rosebud_Top_P	Jail_Pond	un	13295246	108	0.000770342	15.63158	1.85831	131.48848	1.19400	0.21104	-1.00000	-1.00000
29755	Rosebud_Top_P	Jail_Pond	un	13295911	38	0.000587549	16.11111	1.89908	136.68118	1.20713	0.21538	-1.00000	-1.00000
29768	Rosebud_Top_P	Jail_Pond	un	13302175	84	0.000000000	377.00000	32.26782	4404.66650	2.57634	0.92838	-1.00000	-1.00000
29770	Rosebud_Top_P	Jail_Pond	un	13302928	7	0.091583710	5.27273	0.55003	50.54564	0.72204	0.07143	-1.00000	-1.00000
29771	Rosebud_Top_P	Jail_Pond	un	13303781	24	0.709458251	0.71739	0.14382	3.57837	0.14424	0.00317	-1.00000	-1.00000
29772	Rosebud_Top_P	Jail_Pond	un	13304652	151	0.500000000	0.48148	0.04113	5.63661	0.31742	0.01961	-1.00000	-1.00000
29775	Rosebud_Top_P	Jail_Pond	un	13306444	328	0.208144796	3.78261	0.36861	38.81679	0.57779	0.04667	-1.00000	-1.00000
29784	Rosebud_Top_P	Jail_Pond	un	13310214	71	0.500000000	2.07143	0.17768	24.14955	0.31627	0.01818	-1.00000	-1.00000
29800	Rosebud_Top_P	Jail_Pond	un	13313445	73	0.245454545	3.22222	0.31567	32.89072	0.50816	0.03704	-1.00000	-1.00000
29819	Rosebud_Top_P	Jail_Pond	un	13322338	31	0.051876516	6.75000	0.75749	60.14915	0.82930	0.09475	-1.00000	-1.00000
29829	Rosebud_Top_P	Jail_Pond	un	13327228	148	0.010112034	0.08333	0.00958	0.72459	1.07918	0.13297	-1.00000	-1.00000
29834	Rosebud_Top_P	Jail_Pond	un	13328620	16	0.011308779	9.00000	1.02601	78.94656	0.95424	0.13043	-1.00000	-1.00000
29851	Rosebud_Top_P	Jail_Pond	un	13335810	61	0.005105438	0.09483	0.01103	0.81529	1.02307	0.14286	-1.00000	-1.00000
29855	Rosebud_Top_P	Jail_Pond	un	13338744	14	0.008914258	0.10345	0.01182	0.90538	0.98528	0.13462	-1.00000	-1.00000
29861	Rosebud_Top_P	Jail_Pond	un	13342322	395	0.480000000	0.44444	0.03787	5.21605	0.35218	0.02211	-1.00000	-1.00000
29862	Rosebud_Top_P	Jail_Pond	un	13342786	39	1.000000000	1.19048	0.27913	5.07729	0.07572	0.00111	-1.00000	-1.00000
29869	Rosebud_Top_P	Jail_Pond	un	13346182	144	0.491264850	0.33333	0.03259	3.40968	0.47712	0.03571	-1.00000	-1.00000
29874	Rosebud_Top_P	Jail_Pond	un	13348524	56	0.047272578	0.15862	0.01730	1.45424	0.79964	0.08615	-1.00000	-1.00000
29880	Rosebud_Top_P	Jail_Pond	un	13351752	85	0.254202209	2.23232	0.71458	6.97373	0.34876	0.03872	-1.00000	-1.00000
29881	Rosebud_Top_P	Jail_Pond	un	13352653	106	0.118181818	4.46154	0.46819	42.51565	0.64948	0.05660	-1.00000	-1.00000
29882	Rosebud_Top_P	Jail_Pond	un	13353386	19	0.000000000	207.00000	20.12924	2128.69409	2.31597	0.85119	-1.00000	-1.00000
29894	Rosebud_Top_P	Jail_Pond	un	13358457	120	0.208144796	0.26437	0.02576	2.71292	0.57779	0.04667	-1.00000	-1.00000
29902	Rosebud_Top_P	Jail_Pond	un	13362251	138	0.245454545	0.31034	0.03040	3.16783	0.50816	0.03704	-1.00000	-1.00000
29907	Rosebud_Top_P	Jail_Pond	un	13363732	7	0.000000000	174.00000	18.20957	1662.64185	2.24055	0.79901	-1.00000	-1.00000
29920	Rosebud_Top_P	Jail_Pond	un	13368494	31	0.000041324	24.85714	2.93209	210.72923	1.39545	0.31301	-1.00000	-1.00000
29935	Rosebud_Top_P	Jail_Pond	un	13376149	321	1.000000000	0.51852	0.04439	6.05718	0.28524	0.01752	-1.00000	-1.00000
29970	Rosebud_Top_P	Jail_Pond	un	13387379	310	0.500000000	0.48276	0.04141	5.62819	0.31627	0.01818	-1.00000	-1.00000
29976	Rosebud_Top_P	Jail_Pond	un	13390887	464	1.000000000	0.51852	0.04439	6.05718	0.28524	0.01752	-1.00000	-1.00000
29978	Rosebud_Top_P	Jail_Pond	un	13392359	309	0.208144796	0.26437	0.02576	2.71292	0.57779	0.04667	-1.00000	-1.00000
29979	Rosebud_Top_P	Jail_Pond	un	13392848	23	0.500000000	0.48276	0.04141	5.62819	0.31627	0.01818	-1.00000	-1.00000
29981	Rosebud_Top_P	Jail_Pond	un	13394769	282	0.481481481	2.23077	0.19093	26.06312	0.34845	0.02032	-1.00000	-1.00000
29988	Rosebud_Top_P	Jail_Pond	un	13397816	114	0.480000000	0.44444	0.03787	5.21605	0.35218	0.02211	-1.00000	-1.00000
29993	Rosebud_Top_P	Jail_Pond	un	13401192	144	0.025728988	0.13793	0.01551	1.22635	0.86034	0.09804	-1.00000	-1.00000
30001	Rosebud_Top_P	Jail_Pond	un	13402816	141	0.000490337	20.25000	2.40238	170.68977	1.30642	0.21646	-1.00000	-1.00000
30007	Rosebud_Top_P	Jail_Pond	un	13405184	102	0.000008647	28.57143	3.41708	238.89586	1.45593	0.34749	-1.00000	-1.00000
30009	Rosebud_Top_P	Jail_Pond	un	13405974	105	0.025310124	7.36364	0.82361	65.83572	0.86709	0.10638	-1.00000	-1.00000
30016	Rosebud_Top_P	Jail_Pond	un	13409255	117	0.227113906	0.28736	0.02808	2.94037	0.54158	0.04142	-1.00000	-1.00000
30025	Rosebud_Top_P	Jail_Pond	un	13415446	488	1.000000000	0.52000	0.04432	6.10163	0.28400	0.01884	-1.00000	-1.00000
30036	Rosebud_Top_P	Jail_Pond	un	13420033	141	0.500000000	2.07692	0.17741	24.31412	0.31742	0.01961	-1.00000	-1.00000
30038	Rosebud_Top_P	Jail_Pond	un	13421538	68	0.000000016	81.00000	9.23409	710.51910	1.90849	0.53476	-1.00000	-1.00000
30039	Rosebud_Top_P	Jail_Pond	un	13422303	22	0.245454545	3.22222	0.31567	32.89072	0.50816	0.03704	-1.00000	-1.00000
30049	Rosebud_Top_P	Jail_Pond	un	13427846	45	0.000000000	324.00000	27.60709	3802.50171	2.51055	0.92284	-1.00000	-1.00000
30051	Rosebud_Top_P	Jail_Pond	un	13429038	316	0.481481481	0.44828	0.03837	5.23742	0.34845	0.02032	-1.00000	-1.00000
30052	Rosebud_Top_P	Jail_Pond	un	13429415	34	0.000013103	29.00000	3.42359	245.64850	1.46240	0.35000	-1.00000	-1.00000
30059	Rosebud_Top_P	Jail_Pond	un	13432874	251	0.244680851	0.30667	0.02975	3.16133	0.51333	0.04348	-1.00000	-1.00000
30063	Rosebud_Top_P	Jail_Pond	un	13435769	32	0.045648626	3.60000	1.03835	12.48129	0.55630	0.08235	-1.00000	-1.00000
30076	Rosebud_Top_P	Jail_Pond	un	13439941	62	0.000368554	16.78947	2.00057	140.90321	1.22504	0.21739	-1.00000	-1.00000
30085	Rosebud_Top_P	Jail_Pond	un	13444490	35	1.000000000	1.09091	0.24297	4.89806	0.03779	0.00024	-1.00000	-1.00000
30095	Rosebud_Top_P	Jail_Pond	un	13448374	26	0.047272578	6.30435	0.68765	57.79831	0.79964	0.08615	-1.00000	-1.00000
30114	Rosebud_Top_P	Jail_Pond	un	13455784	241	0.245454545	0.31034	0.03040	3.16783	0.50816	0.03704	-1.00000	-1.00000
30117	Rosebud_Top_P	Jail_Pond	un	13456534	144	0.412134551	1.66667	0.54935	5.05647	0.22185	0.01574	-1.00000	-1.00000
30129	Rosebud_Top_P	Jail_Pond	un	13461176	36	0.000587549	16.11111	1.89908	136.68118	1.20713	0.21538	-1.00000	-1.00000
30143	Rosebud_Top_P	Jail_Pond	un	13466785	59	0.025021610	4.22222	1.32148	13.49029	0.62554	0.11866	-1.00000	-1.00000
30146	Rosebud_Top_P	Jail_Pond	un	13468443	128	0.504726820	0.54545	0.13912	2.13861	0.26324	0.01423	-1.00000	-1.00000
30151	Rosebud_Top_P	Jail_Pond	un	13470839	41	0.481481481	0.44828	0.03837	5.23742	0.34845	0.02032	-1.00000	-1.00000
30153	Rosebud_Top_P	Jail_Pond	un	13472428	8	0.020799934	0.12644	0.01417	1.12790	0.89813	0.10989	-1.00000	-1.00000
30159	Rosebud_Top_P	Jail_Pond	un	13475147	141	0.001305971	19.28572	2.23610	166.33391	1.28524	0.21624	-1.00000	-1.00000
30161	Rosebud_Top_P	Jail_Pond	un	13475764	53	0.103265306	0.20370	0.02120	1.95699	0.69100	0.06915	-1.00000	-1.00000
30164	Rosebud_Top_P	Jail_Pond	un	13477203	42	0.000000000	133.39999	14.55060	1223.01221	2.12516	0.74038	-1.00000	-1.00000
30166	Rosebud_Top_P	Jail_Pond	un	13477987	89	0.069262539	0.20238	0.03735	1.09665	0.69383	0.07798	-1.00000	-1.00000
30167	Rosebud_Top_P	Jail_Pond	un	13478704	17	0.000001109	39.54546	4.65292	336.09937	1.59710	0.42982	-1.00000	-1.00000
30168	Rosebud_Top_P	Jail_Pond	un	13479670	144	0.055746141	5.80000	0.63455	53.01424	0.76343	0.07692	-1.00000	-1.00000
30177	Rosebud_Top_P	Jail_Pond	un	13484467	104	0.000066824	0.04321	0.00509	0.36716	1.36442	0.30556	-1.00000	-1.00000
30192	Rosebud_Top_P	Jail_Pond	un	13490314	369	0.500000000	2.07143	0.17768	24.14955	0.31627	0.01818	-1.00000	-1.00000
30193	Rosebud_Top_P	Jail_Pond	un	13490781	14	0.165965766	2.32653	0.72936	7.42123	0.36671	0.03987	-1.00000	-1.00000
30196	Rosebud_Top_P	Jail_Pond	un	13493405	181	0.500000000	2.07143	0.17768	24.14955	0.31627	0.01818	-1.00000	-1.00000
30211	Rosebud_Top_P	Jail_Pond	un	13500000	134	0.104821803	0.20690	0.02165	1.97698	0.68425	0.06335	-1.00000	-1.00000
30218	Rosebud_Top_P	Jail_Pond	un	13503149	67	0.481481481	0.44828	0.03837	5.23742	0.34845	0.02032	-1.00000	-1.00000
30224	Rosebud_Top_P	Jail_Pond	un	13504943	240	1.000000000	1.78571	0.15251	20.90852	0.25181	0.01681	-1.00000	-1.00000
30238	Rosebud_Top_P	Jail_Pond	un	13509620	51	0.025728988	7.25000	0.81543	64.45982	0.86034	0.09804	-1.00000	-1.00000
30248	Rosebud_Top_P	Jail_Pond	un	13515389	124	0.227113906	3.48000	0.34009	35.60907	0.54158	0.04142	-1.00000	-1.00000
30254	Rosebud_Top_P	Jail_Pond	un	13518629	76	0.481481481	0.44828	0.03837	5.23742	0.34845	0.02032	-1.00000	-1.00000
30257	Rosebud_Top_P	Jail_Pond	un	13519412	48	0.000000001	79.75000	9.27583	685.65979	1.90173	0.60000	-1.00000	-1.00000
30261	Rosebud_Top_P	Jail_Pond	un	13521807	30	0.491264850	0.33333	0.03259	3.40968	0.47712	0.03571	-1.00000	-1.00000
30264	Rosebud_Top_P	Jail_Pond	un	13523435	92	0.047272578	0.15862	0.01730	1.45424	0.79964	0.08615	-1.00000	-1.00000
30268	Rosebud_Top_P	Jail_Pond	un	13524036	29	0.000013103	29.00000	3.42359	245.64850	1.46240	0.35000	-1.00000	-1.00000
30279	Rosebud_Top_P	Jail_Pond	un	13529882	149	0.001768977	13.88889	1.62905	118.41340	1.14267	0.20263	-1.00000	-1.00000
30286	Rosebud_Top_P	Jail_Pond	un	13532927	41	0.000849276	15.00000	1.76405	127.54709	1.17609	0.20930	-1.00000	-1.00000
30290	Rosebud_Top_P	Jail_Pond	un	13534726	200	1.000000000	1.78571	0.15251	20.90852	0.25181	0.01681	-1.00000	-1.00000
30292	Rosebud_Top_P	Jail_Pond	un	13536142	44	0.118181818	4.46154	0.46819	42.51565	0.64948	0.05660	-1.00000	-1.00000
30298	Rosebud_Top_P	Jail_Pond	un	13537848	112	0.000587549	0.06207	0.00732	0.52657	1.20713	0.21538	-1.00000	-1.00000
30311	Rosebud_Top_P	Jail_Pond	un	13544593	49	0.008914258	9.66667	1.10451	84.60300	0.98528	0.13462	-1.00000	-1.00000
30312	Rosebud_Top_P	Jail_Pond	un	13545428	21	0.104821803	0.20690	0.02165	1.97698	0.68425	0.06335	-1.00000	-1.00000
30317	Rosebud_Top_P	Jail_Pond	un	13548694	78	0.208144796	0.26437	0.02576	2.71292	0.57779	0.04667	-1.00000	-1.00000
30333	Rosebud_Top_P	Jail_Pond	un	13555528	147	0.118181818	0.22414	0.02352	2.13589	0.64948	0.05660	-1.00000	-1.00000
30334	Rosebud_Top_P	Jail_Pond	un	13556312	92	0.239819005	3.84615	0.40172	36.82394	0.58503	0.05248	-1.00000	-1.00000
30346	Rosebud_Top_P	Jail_Pond	un	13559601	322	0.480000000	2.25000	0.19172	26.40626	0.35218	0.02211	-1.00000	-1.00000
30365	Rosebud_Top_P	Jail_Pond	un	13566286	146	0.245454545	0.31034	0.03040	3.16783	0.50816	0.03704	-1.00000	-1.00000
30390	Rosebud_Top_P	Jail_Pond	un	13577545	296	0.208144796	3.78261	0.36861	38.81679	0.57779	0.04667	-1.00000	-1.00000
30392	Rosebud_Top_P	Jail_Pond	un	13578806	6	0.500000000	0.48276	0.04141	5.62819	0.31627	0.01818	-1.00000	-1.00000
30412	Rosebud_Top_P	Jail_Pond	un	13585419	191	1.000000000	1.78571	0.15251	20.90852	0.25181	0.01681	-1.00000	-1.00000
30449	Rosebud_Top_P	Jail_Pond	un	13592788	19	0.055222089	5.86957	0.63881	53.93145	0.76861	0.08333	-1.00000	-1.00000
30454	Rosebud_Top_P	Jail_Pond	un	13593582	76	0.500000000	2.07143	0.17768	24.14955	0.31627	0.01818	-1.00000	-1.00000
30455	Rosebud_Top_P	Jail_Pond	un	13594674	366	0.225306122	3.52174	0.34246	36.21597	0.54676	0.04514	-1.00000	-1.00000
30497	Rosebud_Top_P	Jail_Pond	un	13604233	106	1.000000000	1.78571	0.15251	20.90852	0.25181	0.01681	-1.00000	-1.00000
30514	Rosebud_Top_P	Jail_Pond	un	13610001	367	0.500000000	2.08333	0.17711	24.50678	0.31876	0.02128	-1.00000	-1.00000
30518	Rosebud_Top_P	Jail_Pond	un	13611353	94	0.481481481	2.23077	0.19093	26.06312	0.34845	0.02032	-1.00000	-1.00000
30569	Rosebud_Top_P	Jail_Pond	un	13618552	241	0.112015456	5.40000	0.58948	49.46759	0.73239	0.07429	-1.00000	-1.00000
30646	Rosebud_Top_P	Jail_Pond	un	13626945	103	0.481481481	2.23077	0.19093	26.06312	0.34845	0.02032	-1.00000	-1.00000
30684	Rosebud_Top_P	Jail_Pond	un	13630249	69	0.011308779	0.11111	0.01267	0.97465	0.95424	0.13043	-1.00000	-1.00000
30693	Rosebud_Top_P	Jail_Pond	un	13633138	65	0.000013103	29.00000	3.42359	245.64850	1.46240	0.35000	-1.00000	-1.00000
30724	Rosebud_Top_P	Jail_Pond	un	13640357	122	0.225306122	0.28395	0.02761	2.92002	0.54676	0.04514	-1.00000	-1.00000
30749	Rosebud_Top_P	Jail_Pond	un	13644155	41	0.114880414	5.00000	0.54441	45.92110	0.69897	0.07143	-1.00000	-1.00000
30842	Rosebud_Top_P	Jail_Pond	un	13657915	51	0.020060790	0.12346	0.01375	1.10819	0.90848	0.12037	-1.00000	-1.00000
30863	Rosebud_Top_P	Jail_Pond	un	13661295	214	0.491264850	0.33333	0.03259	3.40968	0.47712	0.03571	-1.00000	-1.00000
30869	Rosebud_Top_P	Jail_Pond	un	13662388	74	0.011603269	8.82609	1.01217	76.96327	0.94577	0.12000	-1.00000	-1.00000
30889	Rosebud_Top_P	Jail_Pond	un	13665848	100	0.227113906	3.48000	0.34009	35.60907	0.54158	0.04142	-1.00000	-1.00000
30914	Rosebud_Top_P	Jail_Pond	un	13669840	67	0.500000000	2.07143	0.17768	24.14955	0.31627	0.01818	-1.00000	-1.00000
30929	Rosebud_Top_P	Jail_Pond	un	13675310	15	0.490612245	0.33333	0.03243	3.42639	0.47712	0.03846	-1.00000	-1.00000
30935	Rosebud_Top_P	Jail_Pond	un	13677064	132	0.000000000	148.50000	15.45738	1426.64880	2.17173	0.78448	-1.00000	-1.00000
30954	Rosebud_Top_P	Jail_Pond	un	13678544	83	0.490612245	0.33333	0.03243	3.42639	0.47712	0.03846	-1.00000	-1.00000
30979	Rosebud_Top_P	Jail_Pond	un	13685207	155	0.055746141	5.80000	0.63455	53.01424	0.76343	0.07692	-1.00000	-1.00000
31046	Rosebud_Top_P	Jail_Pond	un	13691833	91	0.011308779	0.11111	0.01267	0.97465	0.95424	0.13043	-1.00000	-1.00000
31066	Rosebud_Top_P	Jail_Pond	un	13697657	18	0.000000000	841.00000	50.16650	14098.67188	2.92480	1.00000	-1.00000	-1.00000
31123	Rosebud_Top_P	Jail_Pond	un	13706159	84	0.000057723	30.66667	3.61715	259.99576	1.48667	0.31697	-1.00000	-1.00000
31141	Rosebud_Top_P	Jail_Pond	un	13710054	70	0.500000000	0.48276	0.04141	5.62819	0.31627	0.01818	-1.00000	-1.00000
31202	Rosebud_Top_P	Jail_Pond	un	13717294	103	0.000000000	348.00000	29.71122	4076.03662	2.54158	0.92529	-1.00000	-1.00000
31229	Rosebud_Top_P	Jail_Pond	un	13723820	162	0.480000000	2.25000	0.19172	26.40626	0.35218	0.02211	-1.00000	-1.00000
31235	Rosebud_Top_P	Jail_Pond	un	13726661	52	0.000000893	38.66667	4.59785	325.17648	1.58734	0.41420	-1.00000	-1.00000
31298	Rosebud_Top_P	Jail_Pond	un	13736369	445	0.500000000	2.07143	0.17768	24.14955	0.31627	0.01818	-1.00000	-1.00000
31303	Rosebud_Top_P	Jail_Pond	un	13737035	300	0.500000000	0.48276	0.04141	5.62819	0.31627	0.01818	-1.00000	-1.00000
31308	Rosebud_Top_P	Jail_Pond	un	13738300	20	0.245454545	0.31034	0.03040	3.16783	0.50816	0.03704	-1.00000	-1.00000
31338	Rosebud_Top_P	Jail_Pond	un	13743270	124	0.227113906	0.28736	0.02808	2.94037	0.54158	0.04142	-1.00000	-1.00000
31353	Rosebud_Top_P	Jail_Pond	un	13746351	308	0.025310124	0.13580	0.01519	1.21416	0.86709	0.10638	-1.00000	-1.00000
31395	Rosebud_Top_P	Jail_Pond	un	13748942	83	0.010399967	0.10185	0.01182	0.87768	0.99203	0.13830	-1.00000	-1.00000
31461	Rosebud_Top_P	Jail_Pond	un	13760093	57	0.117647059	0.22222	0.02321	2.12804	0.65321	0.06122	-1.00000	-1.00000
31476	Rosebud_Top_P	Jail_Pond	un	13763260	6	0.239819005	0.26000	0.02716	2.48930	0.58503	0.05248	-1.00000	-1.00000
31532	Rosebud_Top_P	Jail_Pond	un	13770052	238	0.500000000	2.08333	0.17711	24.50678	0.31876	0.02128	-1.00000	-1.00000
31601	Rosebud_Top_P	Jail_Pond	un	13778292	32	0.010112034	12.00000	1.38010	104.34058	1.07918	0.13297	-1.00000	-1.00000
31604	Rosebud_Top_P	Jail_Pond	un	13779122	22	0.005105438	10.54545	1.22656	90.66576	1.02307	0.14286	-1.00000	-1.00000
31621	Rosebud_Top_P	Jail_Pond	un	13784279	19	0.000000433	38.33333	7.64350	192.24750	1.58358	0.51794	-1.00000	-1.00000
31655	Rosebud_Top_P	Jail_Pond	un	13792276	92	0.000000002	81.00000	9.23409	710.51910	1.90849	0.62500	-1.00000	-1.00000
31688	Rosebud_Top_P	Jail_Pond	un	13796493	93	0.054577150	0.13333	0.01482	1.19995	0.87506	0.07937	-1.00000	-1.00000
31694	Rosebud_Top_P	Jail_Pond	un	13797221	23	0.245454545	3.22222	0.31567	32.89072	0.50816	0.03704	-1.00000	-1.00000
31698	Rosebud_Top_P	Jail_Pond	un	13798129	27	0.480000000	2.25000	0.19172	26.40626	0.35218	0.02211	-1.00000	-1.00000
31713	Rosebud_Top_P	Jail_Pond	un	13802064	66	0.461538462	0.41379	0.03533	4.84665	0.38322	0.02288	-1.00000	-1.00000
31734	Rosebud_Top_P	Jail_Pond	un	13806995	143	0.000000000	116.00000	13.04689	1031.35706	2.06446	0.69697	-1.00000	-1.00000
31755	Rosebud_Top_P	Jail_Pond	un	13812890	20	0.002076008	12.78947	1.49310	109.55123	1.10685	0.18182	-1.00000	-1.00000
31760	Rosebud_Top_P	Jail_Pond	un	13813914	224	0.245454545	0.31034	0.03040	3.16783	0.50816	0.03704	-1.00000	-1.00000
31775	Rosebud_Top_P	Jail_Pond	un	13817204	236	0.500000000	0.48276	0.04141	5.62819	0.31627	0.01818	-1.00000	-1.00000
31800	Rosebud_Top_P	Jail_Pond	un	13820544	56	0.491264850	0.33333	0.03259	3.40968	0.47712	0.03571	-1.00000	-1.00000
31852	Rosebud_Top_P	Jail_Pond	un	13827413	86	0.500000000	0.48276	0.04141	5.62819	0.31627	0.01818	-1.00000	-1.00000
31935	Rosebud_Top_P	Jail_Pond	un	13838610	30	0.761508567	0.81429	0.23137	2.86584	0.08922	0.00197	-1.00000	-1.00000
31951	Rosebud_Top_P	Jail_Pond	un	13841880	86	0.491264850	0.33333	0.03259	3.40968	0.47712	0.03571	-1.00000	-1.00000
31971	Rosebud_Top_P	Jail_Pond	un	13844589	190	1.000000000	1.78571	0.15251	20.90852	0.25181	0.01681	-1.00000	-1.00000
32168	Rosebud_Top_P	Jail_Pond	un	13867435	128	0.046139818	0.15556	0.01687	1.43442	0.80811	0.09420	-1.00000	-1.00000
32184	Rosebud_Top_P	Jail_Pond	un	13871936	87	0.001185781	0.05724	0.00677	0.48417	1.24231	0.18939	-1.00000	-1.00000
32201	Rosebud_Top_P	Jail_Pond	un	13876591	101	0.000000001	91.66666	10.22621	821.69061	1.96221	0.66844	-1.00000	-1.00000
32203	Rosebud_Top_P	Jail_Pond	un	13877393	45	0.102859605	3.63158	0.85953	15.34372	0.56010	0.06132	-1.00000	-1.00000
32295	Rosebud_Top_P	Jail_Pond	un	13894941	33	0.000002091	36.81818	4.32211	313.63794	1.56606	0.42130	-1.00000	-1.00000
32331	Rosebud_Top_P	Jail_Pond	un	13903933	16	0.491264850	0.33333	0.03259	3.40968	0.47712	0.03571	-1.00000	-1.00000
32333	Rosebud_Top_P	Jail_Pond	un	13904803	27	0.104089396	2.62500	0.84376	8.16658	0.41913	0.05455	-1.00000	-1.00000
32349	Rosebud_Top_P	Jail_Pond	un	13907154	77	0.208144796	3.78261	0.36861	38.81679	0.57779	0.04667	-1.00000	-1.00000
32350	Rosebud_Top_P	Jail_Pond	un	13907807	26	0.500000000	2.07143	0.17768	24.14955	0.31627	0.01818	-1.00000	-1.00000
32351	Rosebud_Top_P	Jail_Pond	un	13908629	7	1.000000000	0.52000	0.04432	6.10163	0.28400	0.01884	-1.00000	-1.00000
32359	Rosebud_Top_P	Jail_Pond	un	13909526	129	0.055746141	0.17241	0.01886	1.57593	0.76343	0.07692	-1.00000	-1.00000
32403	Rosebud_Top_P	Jail_Pond	un	13919854	301	0.103265306	0.20370	0.02120	1.95699	0.69100	0.06915	-1.00000	-1.00000
32448	Rosebud_Top_P	Jail_Pond	un	13928425	234	0.010968168	9.21053	1.04264	81.36432	0.96428	0.14286	-1.00000	-1.00000
32512	Rosebud_Top_P	Jail_Pond	un	13937641	101	0.011308779	9.00000	1.02601	78.94656	0.95424	0.13043	-1.00000	-1.00000
32555	Rosebud_Top_P	Jail_Pond	un	13945608	55	0.245454545	3.22222	0.31567	32.89072	0.50816	0.03704	-1.00000	-1.00000
32602	Rosebud_Top_P	Jail_Pond	un	13955146	82	0.218164447	0.41063	0.11645	1.44796	0.38655	0.03651	-1.00000	-1.00000
32621	Rosebud_Top_P	Jail_Pond	un	13957559	66	0.618181818	2.07692	0.17741	24.31412	0.31742	0.00629	-1.00000	-1.00000
32625	Rosebud_Top_P	Jail_Pond	un	13958766	10	0.461538462	0.41379	0.03533	4.84665	0.38322	0.02288	-1.00000	-1.00000
32635	Rosebud_Top_P	Jail_Pond	un	13961061	124	0.000000142	48.60000	5.71554	413.25253	1.68664	0.48571	-1.00000	-1.00000
32661	Rosebud_Top_P	Jail_Pond	un	13966586	79	0.000000000	175.50000	18.37673	1676.04626	2.24428	0.80049	-1.00000	-1.00000
32728	Rosebud_Top_P	Jail_Pond	un	13974863	44	1.000000000	0.97633	0.32702	2.91488	0.01040	0.00004	-1.00000	-1.00000
32744	Rosebud_Top_P	Jail_Pond	un	13977399	104	0.491264850	3.00000	0.29328	30.68711	0.47712	0.03571	-1.00000	-1.00000
32750	Rosebud_Top_P	Jail_Pond	un	13979085	75	0.245454545	3.22222	0.31567	32.89072	0.50816	0.03704	-1.00000	-1.00000
32808	Rosebud_Top_P	Jail_Pond	un	13991300	256	0.500000000	0.48000	0.04081	5.64636	0.31876	0.02128	-1.00000	-1.00000
32863	Rosebud_Top_P	Jail_Pond	un	14002799	149	0.118181818	0.22414	0.02352	2.13589	0.64948	0.05660	-1.00000	-1.00000
32875	Rosebud_Top_P	Jail_Pond	un	14005178	228	1.000000000	1.17391	0.06948	19.83494	0.06964	0.00024	-1.00000	-1.00000
32876	Rosebud_Top_P	Jail_Pond	un	14006080	323	1.000000000	0.51852	0.04439	6.05718	0.28524	0.01752	-1.00000	-1.00000
32885	Rosebud_Top_P	Jail_Pond	un	14006633	64	0.051876516	0.14815	0.01663	1.32015	0.82930	0.09475	-1.00000	-1.00000
32929	Rosebud_Top_P	Jail_Pond	un	14012852	60	0.047272578	6.30435	0.68765	57.79831	0.79964	0.08615	-1.00000	-1.00000
32931	Rosebud_Top_P	Jail_Pond	un	14013688	121	1.000000000	0.56000	0.04783	6.55691	0.25181	0.01681	-1.00000	-1.00000
32956	Rosebud_Top_P	Jail_Pond	un	14018900	57	0.491264850	3.00000	0.29328	30.68711	0.47712	0.03571	-1.00000	-1.00000
33008	Rosebud_Top_P	Jail_Pond	un	14029128	71	0.051876516	6.75000	0.75749	60.14915	0.82930	0.09475	-1.00000	-1.00000
33046	Rosebud_Top_P	Jail_Pond	un	14036773	36	1.000000000	0.51852	0.04439	6.05718	0.28524	0.01752	-1.00000	-1.00000
33068	Rosebud_Top_P	Jail_Pond	un	14042218	38	0.004697018	6.08000	1.71972	21.49556	0.78390	0.16977	-1.00000	-1.00000
33074	Rosebud_Top_P	Jail_Pond	un	14044728	75	0.000001724	36.00000	4.27091	303.44849	1.55630	0.40541	-1.00000	-1.00000
33116	Rosebud_Top_P	Jail_Pond	un	14051809	235	0.244680851	0.30667	0.02975	3.16133	0.51333	0.04348	-1.00000	-1.00000
33137	Rosebud_Top_P	Jail_Pond	un	14055625	142	0.000000000	783.00000	46.62555	13149.20605	2.89376	1.00000	-1.00000	-1.00000
33160	Rosebud_Top_P	Jail_Pond	un	14058939	408	0.500000000	2.08333	0.17711	24.50678	0.31876	0.02128	-1.00000	-1.00000
33161	Rosebud_Top_P	Jail_Pond	un	14059341	68	0.481481481	0.44828	0.03837	5.23742	0.34845	0.02032	-1.00000	-1.00000
33191	Rosebud_Top_P	Jail_Pond	un	14063392	92	0.208144796	0.26437	0.02576	2.71292	0.57779	0.04667	-1.00000	-1.00000
33239	Rosebud_Top_P	Jail_Pond	un	14068418	86	0.227113906	3.48000	0.34009	35.60907	0.54158	0.04142	-1.00000	-1.00000
33289	Rosebud_Top_P	Jail_Pond	un	14073819	88	0.011603269	8.82609	1.01217	76.96327	0.94577	0.12000	-1.00000	-1.00000
33329	Rosebud_Top_P	Jail_Pond	un	14082824	86	0.008914258	0.10345	0.01182	0.90538	0.98528	0.13462	-1.00000	-1.00000
33366	Rosebud_Top_P	Jail_Pond	un	14088421	87	1.000000000	0.52000	0.04432	6.10163	0.28400	0.01884	-1.00000	-1.00000
33495	Rosebud_Top_P	Jail_Pond	un	14107444	50	0.754298659	1.26667	0.34359	4.66967	0.10266	0.00243	-1.00000	-1.00000
33503	Rosebud_Top_P	Jail_Pond	un	14108366	112	0.047272578	0.15862	0.01730	1.45424	0.79964	0.08615	-1.00000	-1.00000
33551	Rosebud_Top_P	Jail_Pond	un	14120076	26	0.245454545	0.31034	0.03040	3.16783	0.50816	0.03704	-1.00000	-1.00000
33554	Rosebud_Top_P	Jail_Pond	un	14120892	54	1.000000000	0.78261	0.15761	3.88601	0.10646	0.00167	-1.00000	-1.00000
33578	Rosebud_Top_P	Jail_Pond	un	14126256	99	0.000000000	113.40000	12.29761	1045.69580	2.05461	0.72222	-1.00000	-1.00000
33620	Rosebud_Top_P	Jail_Pond	un	14133184	107	0.008914258	9.66667	1.10451	84.60300	0.98528	0.13462	-1.00000	-1.00000
33652	Rosebud_Top_P	Jail_Pond	un	14137158	148	0.103265306	4.90909	0.51099	47.16195	0.69100	0.06915	-1.00000	-1.00000
33653	Rosebud_Top_P	Jail_Pond	un	14138183	419	1.000000000	0.51852	0.04439	6.05718	0.28524	0.01752	-1.00000	-1.00000
33684	Rosebud_Top_P	Jail_Pond	un	14142382	42	1.000000000	0.51852	0.04439	6.05718	0.28524	0.01752	-1.00000	-1.00000
33697	Rosebud_Top_P	Jail_Pond	un	14144788	106	0.500000000	0.48276	0.04141	5.62819	0.31627	0.01818	-1.00000	-1.00000
33729	Rosebud_Top_P	Jail_Pond	un	14151184	149	0.193752973	0.18400	0.01997	1.69499	0.73518	0.04962	-1.00000	-1.00000
33757	Rosebud_Top_P	Jail_Pond	un	14153415	84	0.117647059	0.22222	0.02321	2.12804	0.65321	0.06122	-1.00000	-1.00000
33816	Rosebud_Top_P	Jail_Pond	un	14162576	42	0.005771800	7.05128	1.66755	29.81653	0.84827	0.15579	-1.00000	-1.00000
33826	Rosebud_Top_P	Jail_Pond	un	14166727	106	0.000911685	14.50000	1.71773	122.39995	1.16137	0.19149	-1.00000	-1.00000
33857	Rosebud_Top_P	Jail_Pond	un	14171961	79	0.000001174	29.40000	6.21557	139.06363	1.46835	0.46607	-1.00000	-1.00000
33869	Rosebud_Top_P	Jail_Pond	un	14176616	70	0.112015456	0.18519	0.02022	1.69642	0.73239	0.07429	-1.00000	-1.00000
33882	Rosebud_Top_P	Jail_Pond	un	14178707	19	0.491264850	0.33333	0.03259	3.40968	0.47712	0.03571	-1.00000	-1.00000
34027	Rosebud_Top_P	Jail_Pond	un	14190911	60	0.006611286	0.09360	0.01065	0.82280	1.02874	0.15217	-1.00000	-1.00000
34296	Rosebud_Top_P	Jail_Pond	un	14205500	140	0.000000000	841.00000	50.16650	14098.67188	2.92480	1.00000	-1.00000	-1.00000
34320	Rosebud_Top_P	Jail_Pond	un	14207478	123	0.000000000	106.33334	11.91992	948.56152	2.02667	0.68531	-1.00000	-1.00000
34417	Rosebud_Top_P	Jail_Pond	un	14211175	72	1.000000000	1.00000	0.33607	2.97559	0.00000	0.00000	-1.00000	-1.00000
34594	Rosebud_Top_P	Jail_Pond	un	14220200	156	0.480000000	0.44444	0.03787	5.21605	0.35218	0.02211	-1.00000	-1.00000
35020	Rosebud_Top_P	Jail_Pond	un	14244704	19	0.000355389	18.12500	2.12319	154.72722	1.25828	0.24419	-1.00000	-1.00000
35107	Rosebud_Top_P	Jail_Pond	un	14249235	16	1.000000000	0.51852	0.04439	6.05718	0.28524	0.01752	-1.00000	-1.00000
35268	Rosebud_Top_P	Jail_Pond	un	14253015	24	0.500000000	0.48276	0.04141	5.62819	0.31627	0.01818	-1.00000	-1.00000
35769	Rosebud_Top_P	Jail_Pond	un	14270644	114	0.000305051	18.00000	2.14888	150.77641	1.25527	0.23754	-1.00000	-1.00000
35934	Rosebud_Top_P	Jail_Pond	un	14276875	51	0.002076008	12.78947	1.49310	109.55123	1.10685	0.18182	-1.00000	-1.00000
36266	Rosebud_Top_P	Jail_Pond	un	14286447	142	0.000000000	222.33333	21.66588	2281.56470	2.34700	0.85556	-1.00000	-1.00000
36489	Rosebud_Top_P	Jail_Pond	un	14301336	283	0.500000000	2.07143	0.17768	24.14955	0.31627	0.01818	-1.00000	-1.00000
36736	Rosebud_Top_P	Jail_Pond	un	14312349	15	0.000000326	47.22222	5.46805	407.81201	1.67415	0.50000	-1.00000	-1.00000
36745	Rosebud_Top_P	Jail_Pond	un	14313123	25	1.000000000	0.51852	0.04439	6.05718	0.28524	0.01752	-1.00000	-1.00000
37030	Rosebud_Top_P	Jail_Pond	un	14329041	284	0.500000000	2.07692	0.17741	24.31412	0.31742	0.01961	-1.00000	-1.00000
37054	Rosebud_Top_P	Jail_Pond	un	14333274	146	0.227113906	0.28736	0.02808	2.94037	0.54158	0.04142	-1.00000	-1.00000
38322	Rosebud_Top_P	Jail_Pond	un	14383254	19	0.000355389	18.12500	2.12319	154.72722	1.25828	0.24419	-1.00000	-1.00000
39109	Rosebud_Top_P	Jail_Pond	un	14405289	32	0.135420848	3.90000	0.71019	21.41688	0.59106	0.05023	-1.00000	-1.00000
40844	Rosebud_Top_P	Jail_Pond	un	14454860	38	1.000000000	1.92857	0.16509	22.52900	0.28524	0.01752	-1.00000	-1.00000
40937	Rosebud_Top_P	Jail_Pond	un	14458096	85	0.481481481	0.44828	0.03837	5.23742	0.34845	0.02032	-1.00000	-1.00000
41532	Rosebud_Top_P	Jail_Pond	un	14481929	76	0.025116561	0.13143	0.01500	1.15167	0.88131	0.11180	-1.00000	-1.00000
41620	Rosebud_Top_P	Jail_Pond	un	14488156	60	0.500000000	0.48000	0.04081	5.64636	0.31876	0.02128	-1.00000	-1.00000
41809	Rosebud_Top_P	Jail_Pond	un	14497093	17	1.000000000	1.78571	0.15251	20.90852	0.25181	0.01681	-1.00000	-1.00000
43149	Rosebud_Top_P	Jail_Pond	un	14518266	64	0.227113906	3.48000	0.34009	35.60907	0.54158	0.04142	-1.00000	-1.00000
44613	Rosebud_Top_P	Jail_Pond	un	14538252	46	0.000000016	58.00000	6.87092	489.59979	1.76343	0.51351	-1.00000	-1.00000
48023	Rosebud_Top_P	Jail_Pond	un	14582805	28	0.020799934	0.12644	0.01417	1.12790	0.89813	0.10989	-1.00000	-1.00000
50063	Rosebud_Top_P	Jail_Pond	un	14596482	103	1.000000000	1.92308	0.16389	22.56519	0.28400	0.01884	-1.00000	-1.00000
50530	Rosebud_Top_P	Jail_Pond	un	14602233	205	0.500000000	2.08333	0.17711	24.50678	0.31876	0.02128	-1.00000	-1.00000
50809	Rosebud_Top_P	Jail_Pond	un	14607058	20	0.000001228	38.63636	4.55546	327.68777	1.58700	0.43439	-1.00000	-1.00000
51876	Rosebud_Top_P	Jail_Pond	un	14616863	142	0.480000000	2.25000	0.19172	26.40626	0.35218	0.02211	-1.00000	-1.00000
52022	Rosebud_Top_P	Jail_Pond	un	14619438	299	1.000000000	0.51852	0.04439	6.05718	0.28524	0.01752	-1.00000	-1.00000
53992	Rosebud_Top_P	Jail_Pond	un	14637069	61	0.500000000	0.48276	0.04141	5.62819	0.31627	0.01818	-1.00000	-1.00000
54694	Rosebud_Top_P	Jail_Pond	un	14642525	77	0.104821803	4.83333	0.50582	46.18450	0.68425	0.06335	-1.00000	-1.00000
56143	Rosebud_Top_P	Jail_Pond	un	14656628	149	0.245098039	0.30864	0.03010	3.16484	0.51055	0.04000	-1.00000	-1.00000
56588	Rosebud_Top_P	Jail_Pond	un	14659768	33	0.000000000	95.28571	10.92729	830.88916	1.97903	0.64706	-1.00000	-1.00000
56693	Rosebud_Top_P	Jail_Pond	un	14665537	32	0.055746141	0.17241	0.01886	1.57593	0.76343	0.07692	-1.00000	-1.00000
57093	Rosebud_Top_P	Jail_Pond	un	14670314	380	1.000000000	1.78571	0.15251	20.90852	0.25181	0.01681	-1.00000	-1.00000
57651	Rosebud_Top_P	Jail_Pond	un	14679489	47	0.500000000	0.48276	0.04141	5.62819	0.31627	0.01818	-1.00000	-1.00000
57653	Rosebud_Top_P	Jail_Pond	un	14680323	76	0.000000032	83.33334	9.25965	749.96844	1.92082	0.55453	-1.00000	-1.00000
61951	Rosebud_Top_P	Jail_Pond	un	14701685	41	0.227113906	0.28736	0.02808	2.94037	0.54158	0.04142	-1.00000	-1.00000
66500	Rosebud_Top_P	Jail_Pond	un	14728468	71	0.000000012	66.00000	10.98319	396.60608	1.81954	0.59524	-1.00000	-1.00000
67515	Rosebud_Top_P	Jail_Pond	un	14738968	107	0.000000023	62.50000	7.20458	542.19000	1.79588	0.56576	-1.00000	-1.00000
67738	Rosebud_Top_P	Jail_Pond	un	14743827	96	0.039250162	0.14483	0.01574	1.33255	0.83915	0.09722	-1.00000	-1.00000
67771	Rosebud_Top_P	Jail_Pond	un	14744582	364	0.054609929	5.95238	0.64385	55.02943	0.77469	0.09091	-1.00000	-1.00000
68252	Rosebud_Top_P	Jail_Pond	un	14755040	8	0.000587549	16.11111	1.89908	136.68118	1.20713	0.21538	-1.00000	-1.00000
68267	Rosebud_Top_P	Jail_Pond	un	14756011	54	0.245454545	0.31034	0.03040	3.16783	0.50816	0.03704	-1.00000	-1.00000
68332	Rosebud_Top_P	Jail_Pond	un	14757602	10	0.236897275	0.24074	0.02521	2.29910	0.61845	0.05462	-1.00000	-1.00000
68507	Rosebud_Top_P	Jail_Pond	un	14760592	101	0.481481481	0.44828	0.03837	5.23742	0.34845	0.02032	-1.00000	-1.00000
68570	Rosebud_Top_P	Jail_Pond	un	14762263	29	0.000000000	406.00000	34.82467	4733.31104	2.60853	0.93103	-1.00000	-1.00000
68594	Rosebud_Top_P	Jail_Pond	un	14763355	301	0.094815285	6.42857	0.69714	59.27980	0.80811	0.06198	-1.00000	-1.00000
69000	Rosebud_Top_P	Jail_Pond	un	14764682	100	0.589502262	0.40741	0.03461	4.79552	0.38997	0.01037	-1.00000	-1.00000
69291	Rosebud_Top_P	Jail_Pond	un	14766971	20	0.000001724	36.00000	4.27091	303.44849	1.55630	0.40541	-1.00000	-1.00000
69741	Rosebud_Top_P	Jail_Pond	un	14772879	151	0.055746141	0.17241	0.01886	1.57593	0.76343	0.07692	-1.00000	-1.00000
70431	Rosebud_Top_P	Jail_Pond	un	14775219	77	0.000587549	0.06207	0.00732	0.52657	1.20713	0.21538	-1.00000	-1.00000
71525	Rosebud_Top_P	Jail_Pond	un	14785096	159	0.480000000	2.25000	0.19172	26.40626	0.35218	0.02211	-1.00000	-1.00000
72148	Rosebud_Top_P	Jail_Pond	un	14791616	138	0.000007034	31.50000	3.70715	267.65814	1.49831	0.38063	-1.00000	-1.00000
73397	Rosebud_Top_P	Jail_Pond	un	14802821	277	0.111055145	5.43478	0.58997	50.06475	0.73518	0.08027	-1.00000	-1.00000
73786	Rosebud_Top_P	Jail_Pond	un	14807085	33	0.481481481	0.44828	0.03837	5.23742	0.34845	0.02032	-1.00000	-1.00000
75803	Rosebud_Top_P	Jail_Pond	un	14822762	49	0.046139818	6.42857	0.69714	59.27980	0.80811	0.09420	-1.00000	-1.00000
76350	Rosebud_Top_P	Jail_Pond	un	14827656	20	0.225306122	0.28395	0.02761	2.92002	0.54676	0.04514	-1.00000	-1.00000
76693	Rosebud_Top_P	Jail_Pond	un	14831171	127	1.000000000	0.56000	0.04783	6.55691	0.25181	0.01681	-1.00000	-1.00000
76733	Rosebud_Top_P	Jail_Pond	un	14832914	243	0.481481481	2.23077	0.19093	26.06312	0.34845	0.02032	-1.00000	-1.00000
76877	Rosebud_Top_P	Jail_Pond	un	14834266	105	0.245098039	0.30864	0.03010	3.16484	0.51055	0.04000	-1.00000	-1.00000
76895	Rosebud_Top_P	Jail_Pond	un	14835242	254	0.104821803	0.20690	0.02165	1.97698	0.68425	0.06335	-1.00000	-1.00000
77220	Rosebud_Top_P	Jail_Pond	un	14840703	59	0.003714274	11.60000	1.34375	100.13750	1.06446	0.16039	-1.00000	-1.00000
77533	Rosebud_Top_P	Jail_Pond	un	14843013	10	0.245454545	3.22222	0.31567	32.89072	0.50816	0.03704	-1.00000	-1.00000
78230	Rosebud_Top_P	Jail_Pond	un	14851281	196	1.000000000	0.51852	0.04439	6.05718	0.28524	0.01752	-1.00000	-1.00000
78893	Rosebud_Top_P	Jail_Pond	un	14856056	137	1.000000000	0.52000	0.04432	6.10163	0.28400	0.01884	-1.00000	-1.00000
79489	Rosebud_Top_P	Jail_Pond	un	14860850	198	0.208144796	3.78261	0.36861	38.81679	0.57779	0.04667	-1.00000	-1.00000
79875	Rosebud_Top_P	Jail_Pond	un	14864560	14	0.491264850	3.00000	0.29328	30.68711	0.47712	0.03571	-1.00000	-1.00000
80161	Rosebud_Top_P	Jail_Pond	un	14866510	397	0.500000000	0.48276	0.04141	5.62819	0.31627	0.01818	-1.00000	-1.00000
81766	Rosebud_Top_P	Jail_Pond	un	14874703	153	0.227113906	3.48000	0.34009	35.60907	0.54158	0.04142	-1.00000	-1.00000
82171	Rosebud_Top_P	Jail_Pond	un	14882169	111	0.000587549	0.06207	0.00732	0.52657	1.20713	0.21538	-1.00000	-1.00000
83331	Rosebud_Top_P	Jail_Pond	un	14890414	25	0.491264850	3.00000	0.29328	30.68711	0.47712	0.03571	-1.00000	-1.00000
84174	Rosebud_Top_P	Jail_Pond	un	14896271	151	0.500000000	0.48276	0.04141	5.62819	0.31627	0.01818	-1.00000	-1.00000
84786	Rosebud_Top_P	Jail_Pond	un	14900366	334	0.104821803	0.20690	0.02165	1.97698	0.68425	0.06335	-1.00000	-1.00000
85393	Rosebud_Top_P	Jail_Pond	un	14904347	281	1.000000000	0.51852	0.04439	6.05718	0.28524	0.01752	-1.00000	-1.00000
85831	Rosebud_Top_P	Jail_Pond	un	14919851	40	0.000000000	675.00000	40.04383	11378.15820	2.82930	1.00000	-1.00000	-1.00000
86051	Rosebud_Top_P	Jail_Pond	un	14929544	350	0.225306122	3.52174	0.34246	36.21597	0.54676	0.04514	-1.00000	-1.00000
86096	Rosebud_Top_P	Jail_Pond	un	14932575	25	0.086288789	3.15000	0.98469	10.07680	0.49831	0.07696	-1.00000	-1.00000
86161	Rosebud_Top_P	Jail_Pond	un	14935331	373	0.500000000	0.48148	0.04113	5.63661	0.31742	0.01961	-1.00000	-1.00000
86536	Rosebud_Top_P	Jail_Pond	un	14952812	8	0.500000000	0.48276	0.04141	5.62819	0.31627	0.01818	-1.00000	-1.00000
86597	Rosebud_Top_P	Jail_Pond	un	14957415	32	0.239819005	0.26000	0.02716	2.48930	0.58503	0.05248	-1.00000	-1.00000
86652	Rosebud_Top_P	Jail_Pond	un	14963677	150	0.245098039	0.30864	0.03010	3.16484	0.51055	0.04000	-1.00000	-1.00000
87059	Rosebud_Top_P	Jail_Pond	un	14974713	141	1.000000000	1.78571	0.15251	20.90852	0.25181	0.01681	-1.00000	-1.00000
87441	Rosebud_Top_P	Jail_Pond	un	14978589	114	0.500000000	2.07143	0.17768	24.14955	0.31627	0.01818	-1.00000	-1.00000
88142	Rosebud_Top_P	Jail_Pond	un	14988203	22	0.245454545	3.22222	0.31567	32.89072	0.50816	0.03704	-1.00000	-1.00000
88765	Rosebud_Top_P	Jail_Pond	un	14999344	217	0.500000000	0.48000	0.04081	5.64636	0.31876	0.02128	-1.00000	-1.00000
88946	Rosebud_Top_P	Jail_Pond	un	15006416	156	1.000000000	0.56000	0.04783	6.55691	0.25181	0.01681	-1.00000	-1.00000
89030	Rosebud_Top_P	Jail_Pond	un	15009603	8	0.500000000	0.48148	0.04113	5.63661	0.31742	0.01961	-1.00000	-1.00000
89077	Rosebud_Top_P	Jail_Pond	un	15011247	95	0.227113906	0.28736	0.02808	2.94037	0.54158	0.04142	-1.00000	-1.00000
89255	Rosebud_Top_P	Jail_Pond	un	15019496	283	1.000000000	0.56000	0.04783	6.55691	0.25181	0.01681	-1.00000	-1.00000
89333	Rosebud_Top_P	Jail_Pond	un	15020939	131	0.000000513	41.72727	4.93302	352.96133	1.62042	0.44444	-1.00000	-1.00000
89592	Rosebud_Top_P	Jail_Pond	un	15022476	81	0.000094437	12.22222	3.38655	44.11064	1.08715	0.30796	-1.00000	-1.00000
89903	Rosebud_Top_P	Jail_Pond	un	15025727	390	1.000000000	0.52000	0.04432	6.10163	0.28400	0.01884	-1.00000	-1.00000
91060	Rosebud_Top_P	Jail_Pond	un	15041839	35	0.000000000	135.00000	14.73692	1236.68982	2.13033	0.74286	-1.00000	-1.00000
91387	Rosebud_Top_P	Jail_Pond	un	15047408	106	0.104821803	4.83333	0.50582	46.18450	0.68425	0.06335	-1.00000	-1.00000
92173	Rosebud_Top_P	Jail_Pond	un	15062011	164	0.500000000	0.48148	0.04113	5.63661	0.31742	0.01961	-1.00000	-1.00000
92736	Rosebud_Top_P	Jail_Pond	un	15071496	53	0.000000062	50.09091	5.96864	420.38062	1.69976	0.47368	-1.00000	-1.00000
95197	Rosebud_Top_P	Jail_Pond	un	15093717	283	0.103265306	4.90909	0.51099	47.16195	0.69100	0.06915	-1.00000	-1.00000
95683	Rosebud_Top_P	Jail_Pond	un	15096983	105	0.481481481	2.23077	0.19093	26.06312	0.34845	0.02032	-1.00000	-1.00000
95759	Rosebud_Top_P	Jail_Pond	un	15098602	198	0.480000000	2.25000	0.19172	26.40626	0.35218	0.02211	-1.00000	-1.00000
95948	Rosebud_Top_P	Jail_Pond	un	15101654	27	0.245454545	0.31034	0.03040	3.16783	0.50816	0.03704	-1.00000	-1.00000
96215	Rosebud_Top_P	Jail_Pond	un	15103944	68	0.481481481	0.44828	0.03837	5.23742	0.34845	0.02032	-1.00000	-1.00000
96325	Rosebud_Top_P	Jail_Pond	un	15105518	33	0.236897275	0.24074	0.02521	2.29910	0.61845	0.05462	-1.00000	-1.00000
97405	Rosebud_Top_P	Jail_Pond	un	15114983	67	0.481481481	0.44828	0.03837	5.23742	0.34845	0.02032	-1.00000	-1.00000
97437	Rosebud_Top_P	Jail_Pond	un	15115834	46	0.016354234	0.11494	0.01283	1.02946	0.93952	0.12411	-1.00000	-1.00000
97998	Rosebud_Top_P	Jail_Pond	un	15119993	79	1.000000000	1.78571	0.15251	20.90852	0.25181	0.01681	-1.00000	-1.00000
98212	Rosebud_Top_P	Jail_Pond	un	15121610	66	0.245098039	0.30864	0.03010	3.16484	0.51055	0.04000	-1.00000	-1.00000
99110	Rosebud_Top_P	Jail_Pond	un	15132638	154	0.112015456	5.40000	0.58948	49.46759	0.73239	0.07429	-1.00000	-1.00000
100237	Rosebud_Top_P	Jail_Pond	un	15138077	76	0.002587025	12.88889	1.48569	111.81544	1.11022	0.18148	-1.00000	-1.00000
101094	Rosebud_Top_P	Jail_Pond	un	15143043	37	0.461538462	0.41379	0.03533	4.84665	0.38322	0.02288	-1.00000	-1.00000
101264	Rosebud_Top_P	Jail_Pond	un	15146386	32	0.000000066	52.20000	6.15300	442.84708	1.71767	0.49480	-1.00000	-1.00000
101617	Rosebud_Top_P	Jail_Pond	un	15150458	140	0.000000009	67.50000	7.80148	584.02374	1.82930	0.57576	-1.00000	-1.00000
102716	Rosebud_Top_P	Jail_Pond	un	15160880	8	0.025728988	7.25000	0.81543	64.45982	0.86034	0.09804	-1.00000	-1.00000
103831	Rosebud_Top_P	Jail_Pond	un	15168337	114	1.000000000	0.56000	0.04783	6.55691	0.25181	0.01681	-1.00000	-1.00000
104095	Rosebud_Top_P	Jail_Pond	un	15171918	365	0.245454545	0.31034	0.03040	3.16783	0.50816	0.03704	-1.00000	-1.00000
104339	Rosebud_Top_P	Jail_Pond	un	15174637	96	0.481481481	2.23077	0.19093	26.06312	0.34845	0.02032	-1.00000	-1.00000
105485	Rosebud_Top_P	Jail_Pond	un	15181901	23	0.227113906	0.28736	0.02808	2.94037	0.54158	0.04142	-1.00000	-1.00000
106160	Rosebud_Top_P	Jail_Pond	un	15184968	83	0.000000292	46.40000	5.43537	396.10168	1.66652	0.47297	-1.00000	-1.00000
108084	Rosebud_Top_P	Jail_Pond	un	15199448	51	0.000022275	27.00000	3.18017	229.23271	1.43136	0.34211	-1.00000	-1.00000
108266	Rosebud_Top_P	Jail_Pond	un	15200875	78	0.481481481	0.44828	0.03837	5.23742	0.34845	0.02032	-1.00000	-1.00000
108691	Rosebud_Top_P	Jail_Pond	un	15203936	82	0.245454545	3.22222	0.31567	32.89072	0.50816	0.03704	-1.00000	-1.00000
108800	Rosebud_Top_P	Jail_Pond	un	15205712	154	0.004488740	0.08642	0.01013	0.73693	1.06339	0.16149	-1.00000	-1.00000
108824	Rosebud_Top_P	Jail_Pond	un	15206471	58	0.493212670	0.36000	0.03511	3.69147	0.44370	0.03429	-1.00000	-1.00000
109349	Rosebud_Top_P	Jail_Pond	un	15208388	409	0.055222089	5.86957	0.63881	53.93145	0.76861	0.08333	-1.00000	-1.00000
110437	Rosebud_Top_P	Jail_Pond	un	15220185	126	0.000000034	47.66667	8.72474	260.42151	1.67821	0.52083	-1.00000	-1.00000
111667	Rosebud_Top_P	Jail_Pond	un	15230236	316	1.000000000	1.92857	0.16509	22.52900	0.28524	0.01752	-1.00000	-1.00000
111786	Rosebud_Top_P	Jail_Pond	un	15231141	448	1.000000000	0.92000	0.05434	15.57603	0.03621	0.00007	-1.00000	-1.00000
112524	Rosebud_Top_P	Jail_Pond	un	15232369	88	0.239819005	0.26000	0.02716	2.48930	0.58503	0.05248	-1.00000	-1.00000
114418	Rosebud_Top_P	Jail_Pond	un	15240002	280	0.225306122	3.52174	0.34246	36.21597	0.54676	0.04514	-1.00000	-1.00000
115933	Rosebud_Top_P	Jail_Pond	un	15251256	138	0.000953498	14.47368	1.71607	122.07419	1.16058	0.20408	-1.00000	-1.00000
116147	Rosebud_Top_P	Jail_Pond	un	15253364	33	1.000000000	0.51852	0.04439	6.05718	0.28524	0.01752	-1.00000	-1.00000
116536	Rosebud_Top_P	Jail_Pond	un	15256758	402	0.493212670	2.77778	0.27089	28.48358	0.44370	0.03429	-1.00000	-1.00000
116813	Rosebud_Top_P	Jail_Pond	un	15261315	51	0.000000730	37.92308	4.55073	316.02829	1.57890	0.40000	-1.00000	-1.00000
116816	Rosebud_Top_P	Jail_Pond	un	15262118	102	0.000013994	18.00000	4.41640	73.36289	1.25527	0.37532	-1.00000	-1.00000
117012	Rosebud_Top_P	Jail_Pond	un	15263333	463	0.480000000	2.25000	0.19172	26.40626	0.35218	0.02211	-1.00000	-1.00000
117348	Rosebud_Top_P	Jail_Pond	un	15266290	80	0.008470111	9.94737	1.12900	87.64407	0.99771	0.14773	-1.00000	-1.00000
117443	Rosebud_Top_P	Jail_Pond	un	15267942	16	0.000305051	0.05556	0.00663	0.46536	1.25527	0.23754	-1.00000	-1.00000
117723	Rosebud_Top_P	Jail_Pond	un	15270700	389	0.235918367	4.16667	0.43401	40.00140	0.61979	0.05892	-1.00000	-1.00000
117736	Rosebud_Top_P	Jail_Pond	un	15271208	77	0.011603269	8.82609	1.01217	76.96327	0.94577	0.12000	-1.00000	-1.00000
118440	Rosebud_Top_P	Jail_Pond	un	15276924	85	0.000000581	43.20000	5.04896	369.62860	1.63548	0.46429	-1.00000	-1.00000
118988	Rosebud_Top_P	Jail_Pond	un	15279608	142	0.000779619	15.62500	1.82133	134.04559	1.19382	0.23077	-1.00000	-1.00000
119117	Rosebud_Top_P	Jail_Pond	un	15281198	62	0.245454545	3.22222	0.31567	32.89072	0.50816	0.03704	-1.00000	-1.00000
119164	Rosebud_Top_P	Jail_Pond	un	15284676	302	0.091583710	0.18966	0.01978	1.81808	0.72204	0.07143	-1.00000	-1.00000
119779	Rosebud_Top_P	Jail_Pond	un	15286044	51	0.481481481	0.44828	0.03837	5.23742	0.34845	0.02032	-1.00000	-1.00000
120283	Rosebud_Top_P	Jail_Pond	un	15292579	200	1.000000000	0.51852	0.04439	6.05718	0.28524	0.01752	-1.00000	-1.00000
120726	Rosebud_Top_P	Jail_Pond	un	15299597	80	1.000000000	0.51852	0.04439	6.05718	0.28524	0.01752	-1.00000	-1.00000
121232	Rosebud_Top_P	Jail_Pond	un	15302842	56	0.491264850	0.33333	0.03259	3.40968	0.47712	0.03571	-1.00000	-1.00000
121847	Rosebud_Top_P	Jail_Pond	un	15306347	416	0.481481481	0.44828	0.03837	5.23742	0.34845	0.02032	-1.00000	-1.00000
122508	Rosebud_Top_P	Jail_Pond	un	15306872	59	0.500000000	0.48276	0.04141	5.62819	0.31627	0.01818	-1.00000	-1.00000
122591	Rosebud_Top_P	Jail_Pond	un	15308441	95	1.000000000	0.56000	0.04783	6.55691	0.25181	0.01681	-1.00000	-1.00000
122928	Rosebud_Top_P	Jail_Pond	un	15315739	27	0.011603269	0.11330	0.01299	0.98798	0.94577	0.12000	-1.00000	-1.00000
123153	Rosebud_Top_P	Jail_Pond	un	15324975	496	0.480000000	0.44444	0.03787	5.21605	0.35218	0.02211	-1.00000	-1.00000
123247	Rosebud_Top_P	Jail_Pond	un	15327093	114	0.011308779	9.00000	1.02601	78.94656	0.95424	0.13043	-1.00000	-1.00000
123279	Rosebud_Top_P	Jail_Pond	un	15329589	191	1.000000000	1.08000	0.06407	18.20505	0.03342	0.00005	-1.00000	-1.00000
123824	Rosebud_Top_P	Jail_Pond	un	15336683	67	0.500000000	2.07143	0.17768	24.14955	0.31627	0.01818	-1.00000	-1.00000
125390	Rosebud_Top_P	Jail_Pond	un	15346952	58	0.001501515	13.73684	1.60737	117.39751	1.13789	0.18729	-1.00000	-1.00000
126489	Rosebud_Top_P	Jail_Pond	un	15354143	145	0.104821803	4.83333	0.50582	46.18450	0.68425	0.06335	-1.00000	-1.00000
127455	Rosebud_Top_P	Jail_Pond	un	15360560	128	0.025310124	0.13580	0.01519	1.21416	0.86709	0.10638	-1.00000	-1.00000
128078	Rosebud_Top_P	Jail_Pond	un	15369209	53	0.000000433	38.33333	7.64350	192.24750	1.58358	0.51794	-1.00000	-1.00000
128190	Rosebud_Top_P	Jail_Pond	un	15372366	30	0.000020901	37.80000	4.38275	326.01443	1.57749	0.36311	-1.00000	-1.00000
128485	Rosebud_Top_P	Jail_Pond	un	15376697	293	0.500000000	0.48276	0.04141	5.62819	0.31627	0.01818	-1.00000	-1.00000
128635	Rosebud_Top_P	Jail_Pond	un	15382332	423	0.480000000	2.25000	0.19172	26.40626	0.35218	0.02211	-1.00000	-1.00000
128981	Rosebud_Top_P	Jail_Pond	un	15388885	14	0.000029534	18.61905	4.19308	82.67648	1.26996	0.36565	-1.00000	-1.00000
129100	Rosebud_Top_P	Jail_Pond	un	15390868	451	0.500000000	0.48000	0.04081	5.64636	0.31876	0.02128	-1.00000	-1.00000
129241	Rosebud_Top_P	Jail_Pond	un	15396887	14	1.000000000	1.78571	0.15251	20.90852	0.25181	0.01681	-1.00000	-1.00000
129248	Rosebud_Top_P	Jail_Pond	un	15397731	32	0.481481481	0.44828	0.03837	5.23742	0.34845	0.02032	-1.00000	-1.00000
129266	Rosebud_Top_P	Jail_Pond	un	15398555	50	0.111055145	0.18400	0.01997	1.69499	0.73518	0.08027	-1.00000	-1.00000
129308	Rosebud_Top_P	Jail_Pond	un	15400149	56	0.017985119	11.11765	1.25495	98.49133	1.04601	0.12507	-1.00000	-1.00000
129528	Rosebud_Top_P	Jail_Pond	un	15405077	45	0.000911685	14.50000	1.71773	122.39995	1.16137	0.19149	-1.00000	-1.00000
130755	Rosebud_Top_P	Jail_Pond	un	15416265	76	0.500000000	2.08333	0.17711	24.50678	0.31876	0.02128	-1.00000	-1.00000
130883	Rosebud_Top_P	Jail_Pond	un	15417854	86	0.005105438	10.54545	1.22656	90.66576	1.02307	0.14286	-1.00000	-1.00000
131442	Rosebud_Top_P	Jail_Pond	un	15424602	102	1.000000000	0.51852	0.04439	6.05718	0.28524	0.01752	-1.00000	-1.00000
131449	Rosebud_Top_P	Jail_Pond	un	15425625	340	0.500000000	2.07692	0.17741	24.31412	0.31742	0.01961	-1.00000	-1.00000
131456	Rosebud_Top_P	Jail_Pond	un	15427012	95	0.776876305	0.73333	0.24021	2.23874	0.13470	0.00595	-1.00000	-1.00000
131519	Rosebud_Top_P	Jail_Pond	un	15428934	327	1.000000000	0.56000	0.04783	6.55691	0.25181	0.01681	-1.00000	-1.00000
131648	Rosebud_Top_P	Jail_Pond	un	15430514	275	1.000000000	0.51852	0.04439	6.05718	0.28524	0.01752	-1.00000	-1.00000
132517	Rosebud_Top_P	Jail_Pond	un	15451325	7	0.500000000	0.48276	0.04141	5.62819	0.31627	0.01818	-1.00000	-1.00000
132534	Rosebud_Top_P	Jail_Pond	un	15452956	17	0.000000000	162.50000	16.97265	1555.81152	2.21085	0.79365	-1.00000	-1.00000
132707	Rosebud_Top_P	Jail_Pond	un	15456283	127	0.000000004	72.50000	8.39845	625.85938	1.86034	0.58462	-1.00000	-1.00000
133272	Rosebud_Top_P	Jail_Pond	un	15459378	101	0.245454545	3.22222	0.31567	32.89072	0.50816	0.03704	-1.00000	-1.00000
133714	Rosebud_Top_P	Jail_Pond	un	15464760	18	0.461538462	0.41379	0.03533	4.84665	0.38322	0.02288	-1.00000	-1.00000
133771	Rosebud_Top_P	Jail_Pond	un	15466414	50	0.236897275	4.15385	0.43495	39.66973	0.61845	0.05462	-1.00000	-1.00000
133927	Rosebud_Top_P	Jail_Pond	un	15469722	154	0.000770342	15.63158	1.85831	131.48848	1.19400	0.21104	-1.00000	-1.00000
134536	Rosebud_Top_P	Jail_Pond	un	15471868	11	0.000000000	225.00000	21.94246	2307.17041	2.35218	0.85714	-1.00000	-1.00000
134872	Rosebud_Top_P	Jail_Pond	un	15473525	63	1.000000000	1.92857	0.16509	22.52900	0.28524	0.01752	-1.00000	-1.00000
135069	Rosebud_Top_P	Jail_Pond	un	15477876	273	0.481481481	2.23077	0.19093	26.06312	0.34845	0.02032	-1.00000	-1.00000
135117	Rosebud_Top_P	Jail_Pond	un	15481856	110	0.000221963	0.05329	0.00631	0.44975	1.27334	0.24476	-1.00000	-1.00000
135528	Rosebud_Top_P	Jail_Pond	un	15485309	12	0.000160510	19.11765	2.28267	160.11241	1.28143	0.25714	-1.00000	-1.00000
136363	Rosebud_Top_P	Jail_Pond	un	15491467	385	1.000000000	0.51852	0.04439	6.05718	0.28524	0.01752	-1.00000	-1.00000
137586	Rosebud_Top_P	Jail_Pond	un	15499115	153	0.009182922	8.06667	1.55946	41.72663	0.90669	0.14974	-1.00000	-1.00000
137642	Rosebud_Top_P	Jail_Pond	un	15499920	157	1.000000000	1.08696	0.06420	18.40268	0.03621	0.00007	-1.00000	-1.00000
138120	Rosebud_Top_P	Jail_Pond	un	15506222	149	0.000002976	33.46154	3.98697	280.83353	1.52455	0.37692	-1.00000	-1.00000
138124	Rosebud_Top_P	Jail_Pond	un	15506905	43	0.000000000	156.00000	20.34517	1196.15637	2.19312	0.72530	-1.00000	-1.00000
139064	Rosebud_Top_P	Jail_Pond	un	15511845	83	0.104821803	4.83333	0.50582	46.18450	0.68425	0.06335	-1.00000	-1.00000
140036	Rosebud_Top_P	Jail_Pond	un	15514470	253	0.091583710	0.18966	0.01978	1.81808	0.72204	0.07143	-1.00000	-1.00000
140253	Rosebud_Top_P	Jail_Pond	un	15515050	24	0.000000000	188.50000	19.78095	1796.28625	2.27531	0.80645	-1.00000	-1.00000
140384	Rosebud_Top_P	Jail_Pond	un	15516787	207	0.500000000	0.48000	0.04081	5.64636	0.31876	0.02128	-1.00000	-1.00000
140706	Rosebud_Top_P	Jail_Pond	un	15519064	55	0.500000000	0.48000	0.04081	5.64636	0.31876	0.02128	-1.00000	-1.00000
140752	Rosebud_Top_P	Jail_Pond	un	15519903	61	0.245454545	3.22222	0.31567	32.89072	0.50816	0.03704	-1.00000	-1.00000
141551	Rosebud_Top_P	Jail_Pond	un	15524207	133	0.104821803	0.20690	0.02165	1.97698	0.68425	0.06335	-1.00000	-1.00000
141931	Rosebud_Top_P	Jail_Pond	un	15526044	378	0.500000000	0.48148	0.04113	5.63661	0.31742	0.01961	-1.00000	-1.00000
142692	Rosebud_Top_P	Jail_Pond	un	15530586	92	0.020799934	7.90909	0.88661	70.55416	0.89813	0.10989	-1.00000	-1.00000
143840	Rosebud_Top_P	Jail_Pond	un	15539916	432	0.480000000	0.44444	0.03787	5.21605	0.35218	0.02211	-1.00000	-1.00000
143928	Rosebud_Top_P	Jail_Pond	un	15541094	11	0.000000066	52.20000	6.15300	442.84708	1.71767	0.49480	-1.00000	-1.00000
143933	Rosebud_Top_P	Jail_Pond	un	15542400	429	0.500000000	2.07143	0.17768	24.14955	0.31627	0.01818	-1.00000	-1.00000
144630	Rosebud_Top_P	Jail_Pond	un	15547954	303	0.118181818	4.46154	0.46819	42.51565	0.64948	0.05660	-1.00000	-1.00000
145642	Rosebud_Top_P	Jail_Pond	un	15554882	376	1.000000000	1.92308	0.16389	22.56519	0.28400	0.01884	-1.00000	-1.00000
145847	Rosebud_Top_P	Jail_Pond	un	15556157	49	0.103265306	4.90909	0.51099	47.16195	0.69100	0.06915	-1.00000	-1.00000
146417	Rosebud_Top_P	Jail_Pond	un	15560079	87	0.500000000	0.48276	0.04141	5.62819	0.31627	0.01818	-1.00000	-1.00000
147429	Rosebud_Top_P	Jail_Pond	un	15562560	146	0.500000000	0.48276	0.04141	5.62819	0.31627	0.01818	-1.00000	-1.00000
148197	Rosebud_Top_P	Jail_Pond	un	15564975	27	0.500000000	0.48276	0.04141	5.62819	0.31627	0.01818	-1.00000	-1.00000
148585	Rosebud_Top_P	Jail_Pond	un	15565852	146	0.054169360	0.16000	0.01791	1.42947	0.79588	0.09119	-1.00000	-1.00000
149619	Rosebud_Top_P	Jail_Pond	un	15567419	52	0.010050659	10.00000	1.15273	86.75040	1.00000	0.15027	-1.00000	-1.00000
151530	Rosebud_Top_P	Jail_Pond	un	15577466	91	0.481481481	0.44828	0.03837	5.23742	0.34845	0.02032	-1.00000	-1.00000
151635	Rosebud_Top_P	Jail_Pond	un	15580017	310	0.481481481	2.23077	0.19093	26.06312	0.34845	0.02032	-1.00000	-1.00000
151792	Rosebud_Top_P	Jail_Pond	un	15583482	31	0.000000000	348.00000	29.71122	4076.03662	2.54158	0.92529	-1.00000	-1.00000
152254	Rosebud_Top_P	Jail_Pond	un	15586642	33	0.000911685	14.50000	1.71773	122.39995	1.16137	0.19149	-1.00000	-1.00000
152260	Rosebud_Top_P	Jail_Pond	un	15587496	105	0.481481481	0.44828	0.03837	5.23742	0.34845	0.02032	-1.00000	-1.00000
152472	Rosebud_Top_P	Jail_Pond	un	15589848	149	0.104821803	0.20690	0.02165	1.97698	0.68425	0.06335	-1.00000	-1.00000
152489	Rosebud_Top_P	Jail_Pond	un	15590536	116	0.004127021	0.10606	0.02057	0.54682	0.97445	0.17710	-1.00000	-1.00000
152515	Rosebud_Top_P	Jail_Pond	un	15591572	387	1.000000000	1.92308	0.16389	22.56519	0.28400	0.01884	-1.00000	-1.00000
152644	Rosebud_Top_P	Jail_Pond	un	15592832	57	0.160124535	2.49495	0.80707	7.71284	0.39706	0.04939	-1.00000	-1.00000
152799	Rosebud_Top_P	Jail_Pond	un	15594910	82	0.000041324	24.85714	2.93209	210.72923	1.39545	0.31301	-1.00000	-1.00000
152916	Rosebud_Top_P	Jail_Pond	un	15596470	29	1.000000000	1.92857	0.16509	22.52900	0.28524	0.01752	-1.00000	-1.00000
153308	Rosebud_Top_P	Jail_Pond	un	15600498	80	0.000000252	44.81818	5.31062	378.23602	1.65145	0.45344	-1.00000	-1.00000
154049	Rosebud_Top_P	Jail_Pond	un	15609384	525	1.000000000	1.78571	0.15251	20.90852	0.25181	0.01681	-1.00000	-1.00000
154264	Rosebud_Top_P	Jail_Pond	un	15612305	236	0.500000000	0.48000	0.04081	5.64636	0.31876	0.02128	-1.00000	-1.00000
154870	Rosebud_Top_P	Jail_Pond	un	15616774	36	0.227113906	3.48000	0.34009	35.60907	0.54158	0.04142	-1.00000	-1.00000
155724	Rosebud_Top_P	Jail_Pond	un	15625167	84	0.500000000	2.07692	0.17741	24.31412	0.31742	0.01961	-1.00000	-1.00000
155814	Rosebud_Top_P	Jail_Pond	un	15625949	28	0.007414335	0.11667	0.02229	0.61060	0.93305	0.15795	-1.00000	-1.00000
155892	Rosebud_Top_P	Jail_Pond	un	15628559	104	0.000036343	0.04000	0.00475	0.33716	1.39794	0.32432	-1.00000	-1.00000
156054	Rosebud_Top_P	Jail_Pond	un	15632763	114	0.000080714	21.75000	2.58629	182.91176	1.33746	0.27549	-1.00000	-1.00000
156234	Rosebud_Top_P	Jail_Pond	un	15639557	341	1.000000000	0.52000	0.04432	6.10163	0.28400	0.01884	-1.00000	-1.00000
156436	Rosebud_Top_P	Jail_Pond	un	15643414	157	0.603773585	2.25000	0.19172	26.40626	0.35218	0.00808	-1.00000	-1.00000
156796	Rosebud_Top_P	Jail_Pond	un	15648044	97	0.500000000	0.48148	0.04113	5.63661	0.31742	0.01961	-1.00000	-1.00000
156921	Rosebud_Top_P	Jail_Pond	un	15650321	32	0.000319561	9.90000	2.65449	36.92237	0.99564	0.24728	-1.00000	-1.00000
157431	Rosebud_Top_P	Jail_Pond	un	15658260	62	0.010968168	0.10857	0.01229	0.95910	0.96428	0.14286	-1.00000	-1.00000
157602	Rosebud_Top_P	Jail_Pond	un	15660639	74	0.245098039	0.30864	0.03010	3.16484	0.51055	0.04000	-1.00000	-1.00000
157606	Rosebud_Top_P	Jail_Pond	un	15661450	98	0.245098039	3.24000	0.31597	33.22326	0.51055	0.04000	-1.00000	-1.00000
157794	Rosebud_Top_P	Jail_Pond	un	15666970	45	0.000000000	841.00000	50.16650	14098.67188	2.92480	1.00000	-1.00000	-1.00000
159079	Rosebud_Top_P	Jail_Pond	un	15686071	96	0.245454545	3.22222	0.31567	32.89072	0.50816	0.03704	-1.00000	-1.00000
159615	Rosebud_Top_P	Jail_Pond	un	15690204	283	0.461538462	0.41379	0.03533	4.84665	0.38322	0.02288	-1.00000	-1.00000
159657	Rosebud_Top_P	Jail_Pond	un	15690823	72	0.000000007	73.28571	8.31773	645.70422	1.86502	0.60938	-1.00000	-1.00000
159661	Rosebud_Top_P	Jail_Pond	un	15692710	373	0.461538462	2.41667	0.20633	28.30581	0.38322	0.02288	-1.00000	-1.00000
159875	Rosebud_Top_P	Jail_Pond	un	15694928	79	1.000000000	0.51852	0.04439	6.05718	0.28524	0.01752	-1.00000	-1.00000
159917	Rosebud_Top_P	Jail_Pond	un	15696700	137	0.500000000	2.07143	0.17768	24.14955	0.31627	0.01818	-1.00000	-1.00000
159983	Rosebud_Top_P	Jail_Pond	un	15697339	18	1.000000000	0.97403	0.31646	2.99792	0.01143	0.00004	-1.00000	-1.00000
160117	Rosebud_Top_P	Jail_Pond	un	15698597	108	0.427181263	0.45455	0.07497	2.75588	0.34242	0.01587	-1.00000	-1.00000
160146	Rosebud_Top_P	Jail_Pond	un	15700139	60	0.003714274	11.60000	1.34375	100.13750	1.06446	0.16039	-1.00000	-1.00000
160397	Rosebud_Top_P	Jail_Pond	un	15703285	41	0.000013283	21.00000	4.58276	96.23018	1.32222	0.39683	-1.00000	-1.00000
160473	Rosebud_Top_P	Jail_Pond	un	15705011	93	0.481481481	2.23077	0.19093	26.06312	0.34845	0.02032	-1.00000	-1.00000
160808	Rosebud_Top_P	Jail_Pond	un	15709981	115	0.016354234	8.70000	0.97139	77.91955	0.93952	0.12411	-1.00000	-1.00000
161074	Rosebud_Top_P	Jail_Pond	un	15711666	257	0.104821803	4.83333	0.50582	46.18450	0.68425	0.06335	-1.00000	-1.00000
161620	Rosebud_Top_P	Jail_Pond	un	15723255	87	0.461538462	0.41379	0.03533	4.84665	0.38322	0.02288	-1.00000	-1.00000
161758	Rosebud_Top_P	Jail_Pond	un	15727686	461	1.000000000	0.52000	0.04432	6.10163	0.28400	0.01884	-1.00000	-1.00000
162057	Rosebud_Top_P	Jail_Pond	un	15733150	306	1.000000000	0.56000	0.04783	6.55691	0.25181	0.01681	-1.00000	-1.00000
162117	Rosebud_Top_P	Jail_Pond	un	15734131	458	0.500000000	2.08333	0.17711	24.50678	0.31876	0.02128	-1.00000	-1.00000
163128	Rosebud_Top_P	Jail_Pond	un	15738938	248	0.481481481	2.23077	0.19093	26.06312	0.34845	0.02032	-1.00000	-1.00000
163219	Rosebud_Top_P	Jail_Pond	un	15742129	139	0.123803770	3.23529	0.86910	12.04364	0.50991	0.06195	-1.00000	-1.00000
163420	Rosebud_Top_P	Jail_Pond	un	15746775	113	0.000000087	76.66666	8.49303	692.07068	1.88461	0.54239	-1.00000	-1.00000
163570	Rosebud_Top_P	Jail_Pond	un	15750197	178	1.000000000	0.52000	0.04432	6.10163	0.28400	0.01884	-1.00000	-1.00000
163714	Rosebud_Top_P	Jail_Pond	un	15754188	30	0.055746141	5.80000	0.63455	53.01424	0.76343	0.07692	-1.00000	-1.00000
163735	Rosebud_Top_P	Jail_Pond	un	15754935	61	0.000146093	14.00000	3.19408	61.36346	1.14613	0.30672	-1.00000	-1.00000
164381	Rosebud_Top_P	Jail_Pond	un	15761569	22	0.001529901	11.14286	2.17908	56.97972	1.04700	0.19784	-1.00000	-1.00000
164515	Rosebud_Top_P	Jail_Pond	un	15764103	79	0.010399967	9.81818	1.13937	84.60557	0.99203	0.13830	-1.00000	-1.00000
164552	Rosebud_Top_P	Jail_Pond	un	15765649	18	0.148530551	0.38889	0.11673	1.29558	0.41017	0.04848	-1.00000	-1.00000
164643	Rosebud_Top_P	Jail_Pond	un	15767459	131	0.227113906	0.28736	0.02808	2.94037	0.54158	0.04142	-1.00000	-1.00000
164831	Rosebud_Top_P	Jail_Pond	un	15768414	300	0.481481481	0.44828	0.03837	5.23742	0.34845	0.02032	-1.00000	-1.00000
164841	Rosebud_Top_P	Jail_Pond	un	15768976	15	0.000023447	17.25000	3.99297	74.52166	1.23679	0.34562	-1.00000	-1.00000
165032	Rosebud_Top_P	Jail_Pond	un	15769829	25	0.185597242	3.00000	0.77249	11.65064	0.47712	0.05079	-1.00000	-1.00000
165302	Rosebud_Top_P	Jail_Pond	un	15773040	144	0.500000000	0.48000	0.04081	5.64636	0.31876	0.02128	-1.00000	-1.00000
165832	Rosebud_Top_P	Jail_Pond	un	15778493	29	0.008914258	9.66667	1.10451	84.60300	0.98528	0.13462	-1.00000	-1.00000
166192	Rosebud_Top_P	Jail_Pond	un	15780023	41	1.000000000	0.51852	0.04439	6.05718	0.28524	0.01752	-1.00000	-1.00000
166385	Rosebud_Top_P	Jail_Pond	un	15781698	125	0.006611286	10.68421	1.21537	93.92410	1.02874	0.15217	-1.00000	-1.00000
166532	Rosebud_Top_P	Jail_Pond	un	15782436	39	0.055746141	5.80000	0.63455	53.01424	0.76343	0.07692	-1.00000	-1.00000
167665	Rosebud_Top_P	Jail_Pond	un	15792271	90	0.490612245	3.00000	0.29185	30.83754	0.47712	0.03846	-1.00000	-1.00000
168998	Rosebud_Top_P	Jail_Pond	un	15799100	19	0.000000001	105.00000	11.35756	970.71906	2.02119	0.71429	-1.00000	-1.00000
169463	Rosebud_Top_P	Jail_Pond	un	15806468	142	0.000046796	23.40000	2.78171	196.84299	1.36922	0.30000	-1.00000	-1.00000
169548	Rosebud_Top_P	Jail_Pond	un	15809673	138	0.193752973	5.43478	0.58997	50.06475	0.73518	0.04962	-1.00000	-1.00000
169600	Rosebud_Top_P	Jail_Pond	un	15811375	220	0.480000000	0.44444	0.03787	5.21605	0.35218	0.02211	-1.00000	-1.00000
170021	Rosebud_Top_P	Jail_Pond	un	15825257	335	1.000000000	0.56000	0.04783	6.55691	0.25181	0.01681	-1.00000	-1.00000
170079	Rosebud_Top_P	Jail_Pond	un	15826808	236	0.500000000	2.07143	0.17768	24.14955	0.31627	0.01818	-1.00000	-1.00000
170219	Rosebud_Top_P	Jail_Pond	un	15831721	96	0.481481481	0.44828	0.03837	5.23742	0.34845	0.02032	-1.00000	-1.00000
170234	Rosebud_Top_P	Jail_Pond	un	15834157	87	0.245098039	3.24000	0.31597	33.22326	0.51055	0.04000	-1.00000	-1.00000
170523	Rosebud_Top_P	Jail_Pond	un	15840353	352	0.481481481	0.44828	0.03837	5.23742	0.34845	0.02032	-1.00000	-1.00000
170568	Rosebud_Top_P	Jail_Pond	un	15843459	194	0.500000000	2.07692	0.17741	24.31412	0.31742	0.01961	-1.00000	-1.00000
170743	Rosebud_Top_P	Jail_Pond	un	15847952	154	0.025116561	7.60870	0.86830	66.67275	0.88131	0.11180	-1.00000	-1.00000
170851	Rosebud_Top_P	Jail_Pond	un	15849613	242	0.000000000	675.00000	40.04383	11378.15820	2.82930	1.00000	-1.00000	-1.00000
170937	Rosebud_Top_P	Jail_Pond	un	15851034	46	0.104821803	4.83333	0.50582	46.18450	0.68425	0.06335	-1.00000	-1.00000
170959	Rosebud_Top_P	Jail_Pond	un	15851803	61	0.245098039	3.24000	0.31597	33.22326	0.51055	0.04000	-1.00000	-1.00000
171207	Rosebud_Top_P	Jail_Pond	un	15855325	278	0.208144796	3.78261	0.36861	38.81679	0.57779	0.04667	-1.00000	-1.00000
171288	Rosebud_Top_P	Jail_Pond	un	15857209	448	0.481481481	2.23077	0.19093	26.06312	0.34845	0.02032	-1.00000	-1.00000
171814	Rosebud_Top_P	Jail_Pond	un	15866857	120	0.000003931	33.83333	3.99090	286.82590	1.52934	0.38889	-1.00000	-1.00000
172112	Rosebud_Top_P	Jail_Pond	un	15872281	138	0.481481481	0.44828	0.03837	5.23742	0.34845	0.02032	-1.00000	-1.00000
172395	Rosebud_Top_P	Jail_Pond	un	15877062	277	0.481481481	0.44828	0.03837	5.23742	0.34845	0.02032	-1.00000	-1.00000
172997	Rosebud_Top_P	Jail_Pond	un	15887981	144	0.576743226	1.40625	0.44617	4.43229	0.14806	0.00654	-1.00000	-1.00000
173376	Rosebud_Top_P	Jail_Pond	un	15891636	65	0.758541250	0.80952	0.22595	2.90027	0.09177	0.00220	-1.00000	-1.00000
173393	Rosebud_Top_P	Jail_Pond	un	15892404	14	0.617647059	0.48000	0.04081	5.64636	0.31876	0.00680	-1.00000	-1.00000
173445	Rosebud_Top_P	Jail_Pond	un	15895286	94	0.047272578	0.15862	0.01730	1.45424	0.79964	0.08615	-1.00000	-1.00000
173970	Rosebud_Top_P	Jail_Pond	un	15908617	26	0.528813289	1.56471	0.41753	5.86376	0.19443	0.00926	-1.00000	-1.00000
174735	Rosebud_Top_P	Jail_Pond	un	15918571	114	0.000000000	725.00000	43.08483	12199.76953	2.86034	1.00000	-1.00000	-1.00000
175174	Rosebud_Top_P	Jail_Pond	un	15928281	49	0.342212357	3.52174	0.34246	36.21597	0.54676	0.02310	-1.00000	-1.00000
175250	Rosebud_Top_P	Jail_Pond	un	15929156	71	0.000000000	95.28571	10.92729	830.88916	1.97903	0.64706	-1.00000	-1.00000
175265	Rosebud_Top_P	Jail_Pond	un	15931698	85	0.104821803	4.83333	0.50582	46.18450	0.68425	0.06335	-1.00000	-1.00000
175389	Rosebud_Top_P	Jail_Pond	un	15934740	111	0.000123973	0.04702	0.00553	0.39964	1.32770	0.27778	-1.00000	-1.00000
175758	Rosebud_Top_P	Jail_Pond	un	15944081	99	0.000000000	725.00000	43.08483	12199.76953	2.86034	1.00000	-1.00000	-1.00000
175912	Rosebud_Top_P	Jail_Pond	un	15951600	154	0.025310124	7.36364	0.82361	65.83572	0.86709	0.10638	-1.00000	-1.00000
175976	Rosebud_Top_P	Jail_Pond	un	15954703	29	0.039250162	6.90476	0.75044	63.53036	0.83915	0.09722	-1.00000	-1.00000
176032	Rosebud_Top_P	Jail_Pond	un	15956235	42	0.500000000	0.48000	0.04081	5.64636	0.31876	0.02128	-1.00000	-1.00000
176195	Rosebud_Top_P	Jail_Pond	un	15960465	93	0.008470111	9.94737	1.12900	87.64407	0.99771	0.14773	-1.00000	-1.00000
176260	Rosebud_Top_P	Jail_Pond	un	15961573	390	0.006611286	10.68421	1.21537	93.92410	1.02874	0.15217	-1.00000	-1.00000
177295	Rosebud_Top_P	Jail_Pond	un	15979824	453	0.500000000	0.48000	0.04081	5.64636	0.31876	0.02128	-1.00000	-1.00000
177369	Rosebud_Top_P	Jail_Pond	un	15981187	200	0.480000000	0.44444	0.03787	5.21605	0.35218	0.02211	-1.00000	-1.00000
177373	Rosebud_Top_P	Jail_Pond	un	15981845	56	0.149035501	0.27778	0.05040	1.53094	0.55630	0.04545	-1.00000	-1.00000
178060	Rosebud_Top_P	Jail_Pond	un	15991743	240	0.103265306	4.90909	0.51099	47.16195	0.69100	0.06915	-1.00000	-1.00000
178104	Rosebud_Top_P	Jail_Pond	un	15992382	50	0.118181818	0.22414	0.02352	2.13589	0.64948	0.05660	-1.00000	-1.00000
178582	Rosebud_Top_P	Jail_Pond	un	15994406	482	1.000000000	0.51852	0.04439	6.05718	0.28524	0.01752	-1.00000	-1.00000
178807	Rosebud_Top_P	Jail_Pond	un	15995633	14	0.041200060	3.88235	1.05576	14.27663	0.58909	0.07967	-1.00000	-1.00000
179232	Rosebud_Top_P	Jail_Pond	un	15998884	37	0.010050659	10.00000	1.15273	86.75040	1.00000	0.15027	-1.00000	-1.00000
179424	Rosebud_Top_P	Jail_Pond	un	16002977	303	0.000000000	625.00000	37.00302	10556.57129	2.79588	1.00000	-1.00000	-1.00000
179997	Rosebud_Top_P	Jail_Pond	un	16006498	43	0.000000000	406.00000	34.82467	4733.31104	2.60853	0.93103	-1.00000	-1.00000
180024	Rosebud_Top_P	Jail_Pond	un	16007511	279	0.024822695	0.13333	0.01482	1.19995	0.87506	0.11628	-1.00000	-1.00000
180914	Rosebud_Top_P	Jail_Pond	un	16018095	172	0.208144796	3.78261	0.36861	38.81679	0.57779	0.04667	-1.00000	-1.00000
180932	Rosebud_Top_P	Jail_Pond	un	16019603	68	0.091583710	0.18966	0.01978	1.81808	0.72204	0.07143	-1.00000	-1.00000
180989	Rosebud_Top_P	Jail_Pond	un	16020266	39	0.024522579	4.34286	1.34423	14.03063	0.63778	0.12144	-1.00000	-1.00000
181047	Rosebud_Top_P	Jail_Pond	un	16021653	554	1.000000000	1.92308	0.16389	22.56519	0.28400	0.01884	-1.00000	-1.00000
181381	Rosebud_Top_P	Jail_Pond	un	16026188	407	1.000000000	1.92308	0.16389	22.56519	0.28400	0.01884	-1.00000	-1.00000
181532	Rosebud_Top_P	Jail_Pond	un	16028215	48	0.000000538	43.18182	5.11984	364.20483	1.63530	0.45378	-1.00000	-1.00000
182272	Rosebud_Top_P	Jail_Pond	un	16043708	8	0.491264850	0.33333	0.03259	3.40968	0.47712	0.03571	-1.00000	-1.00000
182976	Rosebud_Top_P	Jail_Pond	un	16052629	47	0.025310124	7.36364	0.82361	65.83572	0.86709	0.10638	-1.00000	-1.00000
183077	Rosebud_Top_P	Jail_Pond	un	16056683	34	0.227113906	0.28736	0.02808	2.94037	0.54158	0.04142	-1.00000	-1.00000
183170	Rosebud_Top_P	Jail_Pond	un	16057611	150	0.016354234	8.70000	0.97139	77.91955	0.93952	0.12411	-1.00000	-1.00000
183227	Rosebud_Top_P	Jail_Pond	un	16060877	112	0.208144796	3.78261	0.36861	38.81679	0.57779	0.04667	-1.00000	-1.00000
183450	Rosebud_Top_P	Jail_Pond	un	16063368	77	0.000000000	222.33333	21.66588	2281.56470	2.34700	0.85556	-1.00000	-1.00000
183683	Rosebud_Top_P	Jail_Pond	un	16065472	25	0.006611286	10.68421	1.21537	93.92410	1.02874	0.15217	-1.00000	-1.00000
183952	Rosebud_Top_P	Jail_Pond	un	16072963	39	0.470446549	2.09091	0.46462	9.40970	0.32034	0.01758	-1.00000	-1.00000
184659	Rosebud_Top_P	Jail_Pond	un	16076328	90	0.236897275	0.24074	0.02521	2.29910	0.61845	0.05462	-1.00000	-1.00000
184788	Rosebud_Top_P	Jail_Pond	un	16077180	96	0.500000000	0.48276	0.04141	5.62819	0.31627	0.01818	-1.00000	-1.00000
185298	Rosebud_Top_P	Jail_Pond	un	16078903	292	0.500000000	0.48148	0.04113	5.63661	0.31742	0.01961	-1.00000	-1.00000
185610	Rosebud_Top_P	Jail_Pond	un	16083346	86	0.117647059	0.22222	0.02321	2.12804	0.65321	0.06122	-1.00000	-1.00000
186272	Rosebud_Top_P	Jail_Pond	un	16087256	10	0.008987479	4.50000	1.45819	13.88708	0.65321	0.12821	-1.00000	-1.00000
187242	Rosebud_Top_P	Jail_Pond	un	16093076	7	0.225306122	3.52174	0.34246	36.21597	0.54676	0.04514	-1.00000	-1.00000
187552	Rosebud_Top_P	Jail_Pond	un	16097522	130	0.104821803	0.20690	0.02165	1.97698	0.68425	0.06335	-1.00000	-1.00000
187555	Rosebud_Top_P	Jail_Pond	un	16098252	11	0.000000000	208.33333	20.26751	2141.49561	2.31876	0.85207	-1.00000	-1.00000
187656	Rosebud_Top_P	Jail_Pond	un	16099908	52	0.118181818	4.46154	0.46819	42.51565	0.64948	0.05660	-1.00000	-1.00000
187703	Rosebud_Top_P	Jail_Pond	un	16101993	6	0.004318636	6.11111	1.79723	20.77956	0.78612	0.17413	-1.00000	-1.00000
187927	Rosebud_Top_P	Jail_Pond	un	16107066	207	0.016354234	0.11494	0.01283	1.02946	0.93952	0.12411	-1.00000	-1.00000
187994	Rosebud_Top_P	Jail_Pond	un	16108502	83	0.245454545	0.31034	0.03040	3.16783	0.50816	0.03704	-1.00000	-1.00000
188049	Rosebud_Top_P	Jail_Pond	un	16112510	83	0.500000000	0.48276	0.04141	5.62819	0.31627	0.01818	-1.00000	-1.00000
188167	Rosebud_Top_P	Jail_Pond	un	16116504	33	0.000000549	41.80000	7.25664	240.77800	1.62118	0.50970	-1.00000	-1.00000
188212	Rosebud_Top_P	Jail_Pond	un	16122826	29	0.054169360	6.25000	0.69956	55.83867	0.79588	0.09119	-1.00000	-1.00000
188220	Rosebud_Top_P	Jail_Pond	un	16124018	407	1.000000000	1.92857	0.16509	22.52900	0.28524	0.01752	-1.00000	-1.00000
188323	Rosebud_Top_P	Jail_Pond	un	16126859	145	0.236897275	4.15385	0.43495	39.66973	0.61845	0.05462	-1.00000	-1.00000
188365	Rosebud_Top_P	Jail_Pond	un	16127693	133	0.225940131	0.43860	0.12123	1.58676	0.35793	0.03361	-1.00000	-1.00000
188372	Rosebud_Top_P	Jail_Pond	un	16128352	21	0.002188045	12.42857	1.46083	105.74072	1.09442	0.16667	-1.00000	-1.00000
188398	Rosebud_Top_P	Jail_Pond	un	16129214	80	0.500000000	0.48276	0.04141	5.62819	0.31627	0.01818	-1.00000	-1.00000
188552	Rosebud_Top_P	Jail_Pond	un	16134075	43	0.770681314	0.82895	0.24920	2.75749	0.08147	0.00180	-1.00000	-1.00000
188730	Rosebud_Top_P	Jail_Pond	un	16135693	106	0.245098039	0.30864	0.03010	3.16484	0.51055	0.04000	-1.00000	-1.00000
188759	Rosebud_Top_P	Jail_Pond	un	16136457	26	0.000000012	115.00000	11.85945	1115.14417	2.06070	0.63668	-1.00000	-1.00000
189280	Rosebud_Top_P	Jail_Pond	un	16143238	26	0.000000016	61.22222	7.16369	523.21606	1.78691	0.53846	-1.00000	-1.00000
189350	Rosebud_Top_P	Jail_Pond	un	16144763	10	0.001886343	13.50000	1.59559	114.22084	1.13033	0.18571	-1.00000	-1.00000
189434	Rosebud_Top_P	Jail_Pond	un	16146972	129	0.461538462	2.41667	0.20633	28.30581	0.38322	0.02288	-1.00000	-1.00000
189580	Rosebud_Top_P	Jail_Pond	un	16148519	97	0.054609929	0.16800	0.01817	1.55315	0.77469	0.09091	-1.00000	-1.00000
190015	Rosebud_Top_P	Jail_Pond	un	16157283	47	0.005397361	13.80000	1.58196	120.38242	1.13988	0.16842	-1.00000	-1.00000
190373	Rosebud_Top_P	Jail_Pond	un	16173110	105	0.000123973	21.26667	2.50224	180.74677	1.32770	0.27778	-1.00000	-1.00000
191150	Rosebud_Top_P	Jail_Pond	un	16188943	9	0.055222089	0.17037	0.01854	1.56542	0.76861	0.08333	-1.00000	-1.00000
191220	Rosebud_Top_P	Jail_Pond	un	16191138	73	0.000000000	137.50000	14.27645	1324.29639	2.13830	0.77778	-1.00000	-1.00000
191306	Rosebud_Top_P	Jail_Pond	un	16194223	39	0.000028156	25.13333	2.99466	210.93718	1.40025	0.30769	-1.00000	-1.00000
191378	Rosebud_Top_P	Jail_Pond	un	16198865	112	0.111055145	5.43478	0.58997	50.06475	0.73518	0.08027	-1.00000	-1.00000
191850	Rosebud_Top_P	Jail_Pond	un	16207252	50	0.709458251	1.39394	0.27946	6.95300	0.14424	0.00317	-1.00000	-1.00000
193164	Rosebud_Top_P	Jail_Pond	un	16223511	84	0.763758486	0.75000	0.22728	2.47490	0.12494	0.00414	-1.00000	-1.00000
193256	Rosebud_Top_P	Jail_Pond	un	16225895	47	0.245454545	0.31034	0.03040	3.16783	0.50816	0.03704	-1.00000	-1.00000
193322	Rosebud_Top_P	Jail_Pond	un	16226804	103	0.500000000	0.48276	0.04141	5.62819	0.31627	0.01818	-1.00000	-1.00000
193353	Rosebud_Top_P	Jail_Pond	un	16228610	130	0.104821803	0.20690	0.02165	1.97698	0.68425	0.06335	-1.00000	-1.00000
193606	Rosebud_Top_P	Jail_Pond	un	16235222	298	0.500000000	2.07692	0.17741	24.31412	0.31742	0.01961	-1.00000	-1.00000
193743	Rosebud_Top_P	Jail_Pond	un	16236698	120	1.000000000	1.78571	0.15251	20.90852	0.25181	0.01681	-1.00000	-1.00000
193974	Rosebud_Top_P	Jail_Pond	un	16237482	114	1.000000000	1.13333	0.35680	3.59995	0.05436	0.00090	-1.00000	-1.00000
194589	Rosebud_Top_P	Jail_Pond	un	16241570	115	1.000000000	0.51852	0.04439	6.05718	0.28524	0.01752	-1.00000	-1.00000
194615	Rosebud_Top_P	Jail_Pond	un	16242304	43	0.225306122	3.52174	0.34246	36.21597	0.54676	0.04514	-1.00000	-1.00000
194626	Rosebud_Top_P	Jail_Pond	un	16243158	102	0.000000001	105.00000	11.35756	970.71906	2.02119	0.71429	-1.00000	-1.00000
195093	Rosebud_Top_P	Jail_Pond	un	16247739	23	0.245098039	3.24000	0.31597	33.22326	0.51055	0.04000	-1.00000	-1.00000
195197	Rosebud_Top_P	Jail_Pond	un	16248554	16	0.135420848	0.25641	0.04669	1.40808	0.59106	0.05023	-1.00000	-1.00000
196176	Rosebud_Top_P	Jail_Pond	un	16262467	422	0.244680851	3.26087	0.31632	33.61525	0.51333	0.04348	-1.00000	-1.00000
196188	Rosebud_Top_P	Jail_Pond	un	16263781	152	1.000000000	1.92857	0.16509	22.52900	0.28524	0.01752	-1.00000	-1.00000
196257	Rosebud_Top_P	Jail_Pond	un	16265321	7	0.480000000	2.25000	0.19172	26.40626	0.35218	0.02211	-1.00000	-1.00000
196328	Rosebud_Top_P	Jail_Pond	un	16267084	141	0.500000000	0.48276	0.04141	5.62819	0.31627	0.01818	-1.00000	-1.00000
196406	Rosebud_Top_P	Jail_Pond	un	16269513	107	0.480000000	2.25000	0.19172	26.40626	0.35218	0.02211	-1.00000	-1.00000
196616	Rosebud_Top_P	Jail_Pond	un	16271047	38	0.024822695	7.50000	0.83337	67.49715	0.87506	0.11628	-1.00000	-1.00000
196830	Rosebud_Top_P	Jail_Pond	un	16274950	201	1.000000000	0.52000	0.04432	6.10163	0.28400	0.01884	-1.00000	-1.00000
196835	Rosebud_Top_P	Jail_Pond	un	16275749	132	0.500000000	2.07143	0.17768	24.14955	0.31627	0.01818	-1.00000	-1.00000
196940	Rosebud_Top_P	Jail_Pond	un	16278929	22	0.000012938	29.16667	3.42344	248.49127	1.46489	0.37143	-1.00000	-1.00000
197025	Rosebud_Top_P	Jail_Pond	un	16281505	251	1.000000000	0.51852	0.04439	6.05718	0.28524	0.01752	-1.00000	-1.00000
197155	Rosebud_Top_P	Jail_Pond	un	16282877	31	0.500000000	0.48148	0.04113	5.63661	0.31742	0.01961	-1.00000	-1.00000
197215	Rosebud_Top_P	Jail_Pond	un	16283759	101	0.500000000	0.48276	0.04141	5.62819	0.31627	0.01818	-1.00000	-1.00000
197409	Rosebud_Top_P	Jail_Pond	un	16289605	238	0.480000000	2.25000	0.19172	26.40626	0.35218	0.02211	-1.00000	-1.00000
197599	Rosebud_Top_P	Jail_Pond	un	16293821	252	0.244680851	3.26087	0.31632	33.61525	0.51333	0.04348	-1.00000	-1.00000
197811	Rosebud_Top_P	Jail_Pond	un	16295697	510	1.000000000	0.52000	0.04432	6.10163	0.28400	0.01884	-1.00000	-1.00000
197949	Rosebud_Top_P	Jail_Pond	un	16296268	273	0.227113906	3.48000	0.34009	35.60907	0.54158	0.04142	-1.00000	-1.00000
198028	Rosebud_Top_P	Jail_Pond	un	16297819	94	0.000006911	29.00000	3.48759	241.14066	1.46240	0.33333	-1.00000	-1.00000
198143	Rosebud_Top_P	Jail_Pond	un	16300368	130	0.002587025	0.07759	0.00894	0.67309	1.11022	0.18148	-1.00000	-1.00000
198220	Rosebud_Top_P	Jail_Pond	un	16301411	391	0.461538462	2.41667	0.20633	28.30581	0.38322	0.02288	-1.00000	-1.00000
198614	Rosebud_Top_P	Jail_Pond	un	16304466	87	0.000000001	105.00000	11.35756	970.71906	2.02119	0.71429	-1.00000	-1.00000
198698	Rosebud_Top_P	Jail_Pond	un	16309311	38	1.000000000	0.51852	0.04439	6.05718	0.28524	0.01752	-1.00000	-1.00000
198708	Rosebud_Top_P	Jail_Pond	un	16310205	90	0.104821803	0.20690	0.02165	1.97698	0.68425	0.06335	-1.00000	-1.00000
198793	Rosebud_Top_P	Jail_Pond	un	16311708	111	0.500000000	0.48148	0.04113	5.63661	0.31742	0.01961	-1.00000	-1.00000
198811	Rosebud_Top_P	Jail_Pond	un	16312814	439	1.000000000	0.51852	0.04439	6.05718	0.28524	0.01752	-1.00000	-1.00000
199118	Rosebud_Top_P	Jail_Pond	un	16317176	84	0.000000581	43.20000	5.04896	369.62860	1.63548	0.46429	-1.00000	-1.00000
199256	Rosebud_Top_P	Jail_Pond	un	16319661	119	0.006611286	10.68421	1.21537	93.92410	1.02874	0.15217	-1.00000	-1.00000
199400	Rosebud_Top_P	Jail_Pond	un	16323565	16	0.227113906	0.28736	0.02808	2.94037	0.54158	0.04142	-1.00000	-1.00000
199637	Rosebud_Top_P	Jail_Pond	un	16326202	280	0.227113906	0.28736	0.02808	2.94037	0.54158	0.04142	-1.00000	-1.00000
199739	Rosebud_Top_P	Jail_Pond	un	16327441	10	0.245454545	3.22222	0.31567	32.89072	0.50816	0.03704	-1.00000	-1.00000
200162	Rosebud_Top_P	Jail_Pond	un	16332872	11	0.000000000	351.00000	29.98258	4109.08643	2.54531	0.92593	-1.00000	-1.00000
200471	Rosebud_Top_P	Jail_Pond	un	16335326	34	0.461538462	0.41379	0.03533	4.84665	0.38322	0.02288	-1.00000	-1.00000
202405	Rosebud_Top_P	Jail_Pond	un	16348111	8	0.000000326	47.22222	5.46805	407.81201	1.67415	0.50000	-1.00000	-1.00000
202606	Rosebud_Top_P	Jail_Pond	un	16350684	99	0.245454545	3.22222	0.31567	32.89072	0.50816	0.03704	-1.00000	-1.00000
202840	Rosebud_Top_P	Jail_Pond	un	16357335	272	0.227113906	0.28736	0.02808	2.94037	0.54158	0.04142	-1.00000	-1.00000
203167	Rosebud_Top_P	Jail_Pond	un	16364204	43	0.225306122	0.28395	0.02761	2.92002	0.54676	0.04514	-1.00000	-1.00000
203274	Rosebud_Top_P	Jail_Pond	un	16368195	179	0.461538462	2.41667	0.20633	28.30581	0.38322	0.02288	-1.00000	-1.00000
203309	Rosebud_Top_P	Jail_Pond	un	16370399	17	0.000000018	67.85714	7.68150	599.43909	1.83160	0.60000	-1.00000	-1.00000
203579	Rosebud_Top_P	Jail_Pond	un	16374349	43	0.047272578	0.15862	0.01730	1.45424	0.79964	0.08615	-1.00000	-1.00000
204548	Rosebud_Top_P	Jail_Pond	un	16376929	141	0.004279824	0.08444	0.00983	0.72525	1.07343	0.17582	-1.00000	-1.00000
204619	Rosebud_Top_P	Jail_Pond	un	16378012	391	1.000000000	0.51852	0.04439	6.05718	0.28524	0.01752	-1.00000	-1.00000
204671	Rosebud_Top_P	Jail_Pond	un	16378714	340	0.461538462	2.41667	0.20633	28.30581	0.38322	0.02288	-1.00000	-1.00000
205079	Rosebud_Top_P	Jail_Pond	un	16381637	8	0.004916860	0.09259	0.01070	0.80113	1.03342	0.15556	-1.00000	-1.00000
207597	Rosebud_Top_P	Jail_Pond	un	16395967	61	0.245454545	0.31034	0.03040	3.16783	0.50816	0.03704	-1.00000	-1.00000
207711	Rosebud_Top_P	Jail_Pond	un	16397437	133	0.500000000	0.48276	0.04141	5.62819	0.31627	0.01818	-1.00000	-1.00000
207981	Rosebud_Top_P	Jail_Pond	un	16398232	53	0.000000000	729.00000	43.33459	12263.66797	2.86273	1.00000	-1.00000	-1.00000
208513	Rosebud_Top_P	Jail_Pond	un	16405839	468	0.500000000	2.08333	0.17711	24.50678	0.31876	0.02128	-1.00000	-1.00000
208572	Rosebud_Top_P	Jail_Pond	un	16407171	95	1.000000000	0.51852	0.04439	6.05718	0.28524	0.01752	-1.00000	-1.00000
208839	Rosebud_Top_P	Jail_Pond	un	16410309	76	0.000013103	0.03448	0.00407	0.29209	1.46240	0.35000	-1.00000	-1.00000
209046	Rosebud_Top_P	Jail_Pond	un	16414127	23	0.000000000	841.00000	50.16650	14098.67188	2.92480	1.00000	-1.00000	-1.00000
209052	Rosebud_Top_P	Jail_Pond	un	16415008	63	0.006611286	0.09360	0.01065	0.82280	1.02874	0.15217	-1.00000	-1.00000
209265	Rosebud_Top_P	Jail_Pond	un	16418948	32	0.118181818	0.22414	0.02352	2.13589	0.64948	0.05660	-1.00000	-1.00000
209288	Rosebud_Top_P	Jail_Pond	un	16420052	397	0.227113906	0.28736	0.02808	2.94037	0.54158	0.04142	-1.00000	-1.00000
209521	Rosebud_Top_P	Jail_Pond	un	16424545	77	0.000019812	0.03941	0.00474	0.32787	1.40441	0.30233	-1.00000	-1.00000
209706	Rosebud_Top_P	Jail_Pond	un	16427735	58	0.500000000	0.48276	0.04141	5.62819	0.31627	0.01818	-1.00000	-1.00000
209987	Rosebud_Top_P	Jail_Pond	un	16434442	257	0.245098039	3.24000	0.31597	33.22326	0.51055	0.04000	-1.00000	-1.00000
210597	Rosebud_Top_P	Jail_Pond	un	16446439	33	0.245454545	0.31034	0.03040	3.16783	0.50816	0.03704	-1.00000	-1.00000
210857	Rosebud_Top_P	Jail_Pond	un	16450305	64	0.227113906	3.48000	0.34009	35.60907	0.54158	0.04142	-1.00000	-1.00000
211015	Rosebud_Top_P	Jail_Pond	un	16456035	24	0.493212670	0.36000	0.03511	3.69147	0.44370	0.03429	-1.00000	-1.00000
211134	Rosebud_Top_P	Jail_Pond	un	16457140	321	0.500000000	0.48276	0.04141	5.62819	0.31627	0.01818	-1.00000	-1.00000
212369	Rosebud_Top_P	Jail_Pond	un	16465830	148	0.011603269	0.11330	0.01299	0.98798	0.94577	0.12000	-1.00000	-1.00000
212592	Rosebud_Top_P	Jail_Pond	un	16468344	123	0.199350188	2.91176	0.76465	11.08797	0.46416	0.04931	-1.00000	-1.00000
213228	Rosebud_Top_P	Jail_Pond	un	16472402	37	0.000000000	729.00000	43.33459	12263.66797	2.86273	1.00000	-1.00000	-1.00000
213795	Rosebud_Top_P	Jail_Pond	un	16479278	472	0.481481481	0.44828	0.03837	5.23742	0.34845	0.02032	-1.00000	-1.00000
213850	Rosebud_Top_P	Jail_Pond	un	16481249	33	0.227113906	0.28736	0.02808	2.94037	0.54158	0.04142	-1.00000	-1.00000
214331	Rosebud_Top_P	Jail_Pond	un	16487940	280	0.500000000	2.07692	0.17741	24.31412	0.31742	0.01961	-1.00000	-1.00000
214383	Rosebud_Top_P	Jail_Pond	un	16488741	248	0.245454545	3.22222	0.31567	32.89072	0.50816	0.03704	-1.00000	-1.00000
215013	Rosebud_Top_P	Jail_Pond	un	16492549	148	0.500000000	2.07143	0.17768	24.14955	0.31627	0.01818	-1.00000	-1.00000
215237	Rosebud_Top_P	Jail_Pond	un	16494453	426	0.481481481	2.23077	0.19093	26.06312	0.34845	0.02032	-1.00000	-1.00000
215335	Rosebud_Top_P	Jail_Pond	un	16496558	20	0.245454545	0.31034	0.03040	3.16783	0.50816	0.03704	-1.00000	-1.00000
216479	Rosebud_Top_P	Jail_Pond	un	16511022	172	0.480000000	2.25000	0.19172	26.40626	0.35218	0.02211	-1.00000	-1.00000
216972	Rosebud_Top_P	Jail_Pond	un	16515756	14	0.245454545	0.31034	0.03040	3.16783	0.50816	0.03704	-1.00000	-1.00000
217463	Rosebud_Top_P	Jail_Pond	un	16518761	128	0.000000000	377.00000	32.26782	4404.66650	2.57634	0.92838	-1.00000	-1.00000
217889	Rosebud_Top_P	Jail_Pond	un	16520486	243	1.000000000	1.78571	0.15251	20.90852	0.25181	0.01681	-1.00000	-1.00000
219748	Rosebud_Top_P	Jail_Pond	un	16533800	91	1.000000000	0.91304	0.16577	5.02890	0.03951	0.00022	-1.00000	-1.00000
219783	Rosebud_Top_P	Jail_Pond	un	16535350	6	0.245098039	0.30864	0.03010	3.16484	0.51055	0.04000	-1.00000	-1.00000
220474	Rosebud_Top_P	Jail_Pond	un	16545247	235	0.039250162	6.90476	0.75044	63.53036	0.83915	0.09722	-1.00000	-1.00000
220508	Rosebud_Top_P	Jail_Pond	un	16546821	140	0.610508033	0.33333	0.03224	3.44607	0.47712	0.01843	-1.00000	-1.00000
220512	Rosebud_Top_P	Jail_Pond	un	16547597	127	0.000849276	15.00000	1.76405	127.54709	1.17609	0.20930	-1.00000	-1.00000
220684	Rosebud_Top_P	Jail_Pond	un	16550641	34	0.500000000	2.07143	0.17768	24.14955	0.31627	0.01818	-1.00000	-1.00000
220692	Rosebud_Top_P	Jail_Pond	un	16551536	84	0.045801254	3.75000	1.16007	12.12210	0.57403	0.10117	-1.00000	-1.00000
220789	Rosebud_Top_P	Jail_Pond	un	16555040	143	1.000000000	0.56000	0.04783	6.55691	0.25181	0.01681	-1.00000	-1.00000
221273	Rosebud_Top_P	Jail_Pond	un	16568326	116	0.117647059	0.22222	0.02321	2.12804	0.65321	0.06122	-1.00000	-1.00000
221542	Rosebud_Top_P	Jail_Pond	un	16569883	40	0.245454545	0.31034	0.03040	3.16783	0.50816	0.03704	-1.00000	-1.00000
221692	Rosebud_Top_P	Jail_Pond	un	16572378	60	0.055746141	0.17241	0.01886	1.57593	0.76343	0.07692	-1.00000	-1.00000
222479	Rosebud_Top_P	Jail_Pond	un	16588656	491	0.225306122	0.28395	0.02761	2.92002	0.54676	0.04514	-1.00000	-1.00000
222992	Rosebud_Top_P	Jail_Pond	un	16592479	294	0.500000000	0.48148	0.04113	5.63661	0.31742	0.01961	-1.00000	-1.00000
224675	Rosebud_Top_P	Jail_Pond	un	16602143	137	0.104821803	0.20690	0.02165	1.97698	0.68425	0.06335	-1.00000	-1.00000
226030	Rosebud_Top_P	Jail_Pond	un	16610938	95	0.004777856	8.80000	1.70879	45.31861	0.94448	0.15976	-1.00000	-1.00000
226381	Rosebud_Top_P	Jail_Pond	un	16612695	149	1.000000000	0.51852	0.04439	6.05718	0.28524	0.01752	-1.00000	-1.00000
226866	Rosebud_Top_P	Jail_Pond	un	16615827	96	0.046139818	0.15556	0.01687	1.43442	0.80811	0.09420	-1.00000	-1.00000
227700	Rosebud_Top_P	Jail_Pond	un	16619225	142	0.500000000	0.48276	0.04141	5.62819	0.31627	0.01818	-1.00000	-1.00000
227973	Rosebud_Top_P	Jail_Pond	un	16619907	62	0.480000000	2.25000	0.19172	26.40626	0.35218	0.02211	-1.00000	-1.00000
227997	Rosebud_Top_P	Jail_Pond	un	16620679	17	0.500000000	2.07143	0.17768	24.14955	0.31627	0.01818	-1.00000	-1.00000
228721	Rosebud_Top_P	Jail_Pond	un	16632588	6	0.481481481	0.44828	0.03837	5.23742	0.34845	0.02032	-1.00000	-1.00000
230422	Rosebud_Top_P	Jail_Pond	un	16640732	36	0.118181818	0.22414	0.02352	2.13589	0.64948	0.05660	-1.00000	-1.00000
230668	Rosebud_Top_P	Jail_Pond	un	16644683	76	0.481481481	0.44828	0.03837	5.23742	0.34845	0.02032	-1.00000	-1.00000
231143	Rosebud_Top_P	Jail_Pond	un	16647992	70	0.500000000	0.48276	0.04141	5.62819	0.31627	0.01818	-1.00000	-1.00000
232106	Rosebud_Top_P	Jail_Pond	un	16659147	98	0.208144796	3.78261	0.36861	38.81679	0.57779	0.04667	-1.00000	-1.00000
233432	Rosebud_Top_P	Jail_Pond	un	16666238	16	0.077528948	0.31100	0.08726	1.10847	0.50723	0.07031	-1.00000	-1.00000
233513	Rosebud_Top_P	Jail_Pond	un	16668034	130	0.000000060	50.60000	8.87326	288.54776	1.70415	0.54236	-1.00000	-1.00000
234824	Rosebud_Top_P	Jail_Pond	un	16672515	106	0.388011350	1.78571	0.56338	5.66008	0.25181	0.01883	-1.00000	-1.00000
234919	Rosebud_Top_P	Jail_Pond	un	16673278	19	0.227113906	0.28736	0.02808	2.94037	0.54158	0.04142	-1.00000	-1.00000
235118	Rosebud_Top_P	Jail_Pond	un	16674250	101	0.055746141	0.17241	0.01886	1.57593	0.76343	0.07692	-1.00000	-1.00000
236104	Rosebud_Top_P	Jail_Pond	un	16682050	7	0.245454545	0.31034	0.03040	3.16783	0.50816	0.03704	-1.00000	-1.00000
236127	Rosebud_Top_P	Jail_Pond	un	16683696	24	0.500000000	0.48276	0.04141	5.62819	0.31627	0.01818	-1.00000	-1.00000
236980	Rosebud_Top_P	Jail_Pond	un	16688282	27	0.000000016	61.22222	7.16369	523.21606	1.78691	0.53846	-1.00000	-1.00000
237694	Rosebud_Top_P	Jail_Pond	un	16693414	60	0.481481481	0.44828	0.03837	5.23742	0.34845	0.02032	-1.00000	-1.00000
237761	Rosebud_Top_P	Jail_Pond	un	16694341	44	0.055746141	5.80000	0.63455	53.01424	0.76343	0.07692	-1.00000	-1.00000
237918	Rosebud_Top_P	Jail_Pond	un	16698552	49	0.491264850	0.33333	0.03259	3.40968	0.47712	0.03571	-1.00000	-1.00000
238054	Rosebud_Top_P	Jail_Pond	un	16702637	76	0.000911685	0.06897	0.00817	0.58216	1.16137	0.19149	-1.00000	-1.00000
238067	Rosebud_Top_P	Jail_Pond	un	16703663	273	1.000000000	0.51852	0.04439	6.05718	0.28524	0.01752	-1.00000	-1.00000
238244	Rosebud_Top_P	Jail_Pond	un	16707503	6	0.118181818	0.22414	0.02352	2.13589	0.64948	0.05660	-1.00000	-1.00000
238375	Rosebud_Top_P	Jail_Pond	un	16710171	267	0.022958460	8.33333	0.94752	73.29038	0.92082	0.12587	-1.00000	-1.00000
238426	Rosebud_Top_P	Jail_Pond	un	16712415	105	0.000000326	47.22222	5.46805	407.81201	1.67415	0.50000	-1.00000	-1.00000
238493	Rosebud_Top_P	Jail_Pond	un	16715477	9	0.135408229	2.78667	0.79415	9.77840	0.44509	0.05290	-1.00000	-1.00000
239621	Rosebud_Top_P	Jail_Pond	un	16724450	65	1.000000000	0.92000	0.05434	15.57603	0.03621	0.00007	-1.00000	-1.00000
240111	Rosebud_Top_P	Jail_Pond	un	16733242	98	0.236897275	0.24074	0.02521	2.29910	0.61845	0.05462	-1.00000	-1.00000
240353	Rosebud_Top_P	Jail_Pond	un	16736861	64	0.039250162	0.14483	0.01574	1.33255	0.83915	0.09722	-1.00000	-1.00000
241216	Rosebud_Top_P	Jail_Pond	un	16740299	83	1.000000000	0.52000	0.04432	6.10163	0.28400	0.01884	-1.00000	-1.00000
241951	Rosebud_Top_P	Jail_Pond	un	16745422	135	0.480000000	2.25000	0.19172	26.40626	0.35218	0.02211	-1.00000	-1.00000
242097	Rosebud_Top_P	Jail_Pond	un	16746980	25	0.055746141	0.17241	0.01886	1.57593	0.76343	0.07692	-1.00000	-1.00000
242875	Rosebud_Top_P	Jail_Pond	un	16754768	264	0.245098039	3.24000	0.31597	33.22326	0.51055	0.04000	-1.00000	-1.00000
242910	Rosebud_Top_P	Jail_Pond	un	16755446	59	0.481481481	0.44828	0.03837	5.23742	0.34845	0.02032	-1.00000	-1.00000
242987	Rosebud_Top_P	Jail_Pond	un	16756271	17	0.491264850	0.33333	0.03259	3.40968	0.47712	0.03571	-1.00000	-1.00000
243787	Rosebud_Top_P	Jail_Pond	un	16762832	8	0.091583710	5.27273	0.55003	50.54564	0.72204	0.07143	-1.00000	-1.00000
245014	Rosebud_Top_P	Jail_Pond	un	16765432	40	0.016354234	0.11494	0.01283	1.02946	0.93952	0.12411	-1.00000	-1.00000
246557	Rosebud_Top_P	Jail_Pond	un	16770243	51	0.771586934	0.74118	0.23582	2.32947	0.13008	0.00527	-1.00000	-1.00000
246574	Rosebud_Top_P	Jail_Pond	un	16771103	77	0.597188042	1.36364	0.46573	3.99269	0.13470	0.00594	-1.00000	-1.00000
246756	Rosebud_Top_P	Jail_Pond	un	16773587	153	0.000000000	300.00000	25.50314	3528.97705	2.47712	0.92000	-1.00000	-1.00000
247876	Rosebud_Top_P	Jail_Pond	un	16779178	96	0.000006911	0.03448	0.00415	0.28673	1.46240	0.33333	-1.00000	-1.00000
247935	Rosebud_Top_P	Jail_Pond	un	16779983	35	1.000000000	1.12500	0.34256	3.69458	0.05115	0.00075	-1.00000	-1.00000
249442	Rosebud_Top_P	Jail_Pond	un	16794350	19	0.000000005	75.00000	8.52772	659.61346	1.87506	0.61538	-1.00000	-1.00000
249679	Rosebud_Top_P	Jail_Pond	un	16798499	62	0.000127909	0.04938	0.00586	0.41625	1.30642	0.26829	-1.00000	-1.00000
249783	Rosebud_Top_P	Jail_Pond	un	16800101	33	0.244680851	0.30667	0.02975	3.16133	0.51333	0.04348	-1.00000	-1.00000
249836	Rosebud_Top_P	Jail_Pond	un	16801773	151	0.500000000	0.48148	0.04113	5.63661	0.31742	0.01961	-1.00000	-1.00000
250156	Rosebud_Top_P	Jail_Pond	un	16805394	43	0.020799934	7.90909	0.88661	70.55416	0.89813	0.10989	-1.00000	-1.00000
252573	Rosebud_Top_P	Jail_Pond	un	16821702	72	0.500000000	0.48276	0.04141	5.62819	0.31627	0.01818	-1.00000	-1.00000
252619	Rosebud_Top_P	Jail_Pond	un	16822398	16	0.000000001	91.66666	10.22621	821.69061	1.96221	0.66844	-1.00000	-1.00000
252716	Rosebud_Top_P	Jail_Pond	un	16824856	46	0.245098039	3.24000	0.31597	33.22326	0.51055	0.04000	-1.00000	-1.00000
252955	Rosebud_Top_P	Jail_Pond	un	16832029	19	0.245454545	3.22222	0.31567	32.89072	0.50816	0.03704	-1.00000	-1.00000
252978	Rosebud_Top_P	Jail_Pond	un	16832899	46	0.000779619	0.06400	0.00746	0.54905	1.19382	0.23077	-1.00000	-1.00000
252995	Rosebud_Top_P	Jail_Pond	un	16833719	42	0.000028156	0.03979	0.00474	0.33393	1.40025	0.30769	-1.00000	-1.00000
253567	Rosebud_Top_P	Jail_Pond	un	16843730	300	1.000000000	0.56000	0.04783	6.55691	0.25181	0.01681	-1.00000	-1.00000
253676	Rosebud_Top_P	Jail_Pond	un	16845101	24	0.003714274	0.08621	0.00999	0.74418	1.06446	0.16039	-1.00000	-1.00000
253734	Rosebud_Top_P	Jail_Pond	un	16848452	143	0.006611286	0.09360	0.01065	0.82280	1.02874	0.15217	-1.00000	-1.00000
254206	Rosebud_Top_P	Jail_Pond	un	16849995	13	0.000000016	65.25000	7.52132	566.06567	1.81458	0.56667	-1.00000	-1.00000
254567	Rosebud_Top_P	Jail_Pond	un	16852706	103	0.025116561	0.13143	0.01500	1.15167	0.88131	0.11180	-1.00000	-1.00000
254677	Rosebud_Top_P	Jail_Pond	un	16853380	53	0.118181818	0.22414	0.02352	2.13589	0.64948	0.05660	-1.00000	-1.00000
255320	Rosebud_Top_P	Jail_Pond	un	16855782	61	0.009567158	0.12727	0.02421	0.66904	0.89526	0.14815	-1.00000	-1.00000
255649	Rosebud_Top_P	Jail_Pond	un	16859718	125	0.006588608	0.10769	0.02065	0.56154	0.96782	0.16687	-1.00000	-1.00000
256525	Rosebud_Top_P	Jail_Pond	un	16865116	15	0.054609929	5.95238	0.64385	55.02943	0.77469	0.09091	-1.00000	-1.00000
256626	Rosebud_Top_P	Jail_Pond	un	16868449	154	0.360144058	0.30667	0.02975	3.16133	0.51333	0.02083	-1.00000	-1.00000
256723	Rosebud_Top_P	Jail_Pond	un	16869956	66	0.481481481	0.44828	0.03837	5.23742	0.34845	0.02032	-1.00000	-1.00000
256811	Rosebud_Top_P	Jail_Pond	un	16872434	25	0.055222089	5.86957	0.63881	53.93145	0.76861	0.08333	-1.00000	-1.00000
257121	Rosebud_Top_P	Jail_Pond	un	16874094	89	0.104821803	0.20690	0.02165	1.97698	0.68425	0.06335	-1.00000	-1.00000
257784	Rosebud_Top_P	Jail_Pond	un	16876404	99	0.000000000	133.39999	14.55060	1223.01221	2.12516	0.74038	-1.00000	-1.00000
258363	Rosebud_Top_P	Jail_Pond	un	16885382	122	0.235918367	0.24000	0.02500	2.30408	0.61979	0.05892	-1.00000	-1.00000
258420	Rosebud_Top_P	Jail_Pond	un	16886166	58	0.000001724	36.00000	4.27091	303.44849	1.55630	0.40541	-1.00000	-1.00000
258537	Rosebud_Top_P	Jail_Pond	un	16888633	129	0.239819005	0.26000	0.02716	2.48930	0.58503	0.05248	-1.00000	-1.00000
258791	Rosebud_Top_P	Jail_Pond	un	16891110	17	0.491264850	0.33333	0.03259	3.40968	0.47712	0.03571	-1.00000	-1.00000
259070	Rosebud_Top_P	Jail_Pond	un	16896066	125	1.000000000	0.56000	0.04783	6.55691	0.25181	0.01681	-1.00000	-1.00000
260287	Rosebud_Top_P	Jail_Pond	un	16904338	39	0.028575767	5.39216	1.30657	22.25312	0.73176	0.10884	-1.00000	-1.00000
262849	Rosebud_Top_P	Jail_Pond	un	16916513	131	0.025310124	0.13580	0.01519	1.21416	0.86709	0.10638	-1.00000	-1.00000
263760	Rosebud_Top_P	Jail_Pond	un	16921986	12	0.000335760	0.05724	0.00677	0.48417	1.24231	0.23810	-1.00000	-1.00000
263888	Rosebud_Top_P	Jail_Pond	un	16923828	270	0.118181818	0.22414	0.02352	2.13589	0.64948	0.05660	-1.00000	-1.00000
264021	Rosebud_Top_P	Jail_Pond	un	16924383	26	0.000000023	62.50000	7.20458	542.19000	1.79588	0.56576	-1.00000	-1.00000
264575	Rosebud_Top_P	Jail_Pond	un	16931861	76	0.011308779	0.11111	0.01267	0.97465	0.95424	0.13043	-1.00000	-1.00000
264816	Rosebud_Top_P	Jail_Pond	un	16935029	104	0.000000041	54.00000	6.38237	456.88336	1.73239	0.50408	-1.00000	-1.00000
264844	Rosebud_Top_P	Jail_Pond	un	16935682	6	0.055222089	0.17037	0.01854	1.56542	0.76861	0.08333	-1.00000	-1.00000
264886	Rosebud_Top_P	Jail_Pond	un	16937439	141	0.039250162	0.14483	0.01574	1.33255	0.83915	0.09722	-1.00000	-1.00000
265267	Rosebud_Top_P	Jail_Pond	un	16944593	34	0.104821803	0.20690	0.02165	1.97698	0.68425	0.06335	-1.00000	-1.00000
265285	Rosebud_Top_P	Jail_Pond	un	16945459	44	0.055746141	5.80000	0.63455	53.01424	0.76343	0.07692	-1.00000	-1.00000
265331	Rosebud_Top_P	Jail_Pond	un	16946351	8	0.461538462	0.41379	0.03533	4.84665	0.38322	0.02288	-1.00000	-1.00000
265361	Rosebud_Top_P	Jail_Pond	un	16948105	29	0.000162246	15.00000	2.97236	75.69738	1.17609	0.25490	-1.00000	-1.00000
265395	Rosebud_Top_P	Jail_Pond	un	16949827	68	0.000000252	44.81818	5.31062	378.23602	1.65145	0.45344	-1.00000	-1.00000
265702	Rosebud_Top_P	Jail_Pond	un	16957038	13	0.011603269	0.11330	0.01299	0.98798	0.94577	0.12000	-1.00000	-1.00000
265740	Rosebud_Top_P	Jail_Pond	un	16958361	366	0.104821803	4.83333	0.50582	46.18450	0.68425	0.06335	-1.00000	-1.00000
265976	Rosebud_Top_P	Jail_Pond	un	16965466	121	0.112015456	0.18519	0.02022	1.69642	0.73239	0.07429	-1.00000	-1.00000
266030	Rosebud_Top_P	Jail_Pond	un	16967146	39	0.055746141	0.17241	0.01886	1.57593	0.76343	0.07692	-1.00000	-1.00000
266034	Rosebud_Top_P	Jail_Pond	un	16968025	105	0.481481481	0.44828	0.03837	5.23742	0.34845	0.02032	-1.00000	-1.00000
266095	Rosebud_Top_P	Jail_Pond	un	16969558	283	0.245454545	0.31034	0.03040	3.16783	0.50816	0.03704	-1.00000	-1.00000
266192	Rosebud_Top_P	Jail_Pond	un	16971309	339	0.500000000	2.08333	0.17711	24.50678	0.31876	0.02128	-1.00000	-1.00000
266224	Rosebud_Top_P	Jail_Pond	un	16973551	260	0.500000000	0.48276	0.04141	5.62819	0.31627	0.01818	-1.00000	-1.00000
266418	Rosebud_Top_P	Jail_Pond	un	16978371	63	0.081888074	4.42105	0.82166	23.78820	0.64553	0.06460	-1.00000	-1.00000
266539	Rosebud_Top_P	Jail_Pond	un	16982211	9	0.025728988	0.13793	0.01551	1.22635	0.86034	0.09804	-1.00000	-1.00000
266559	Rosebud_Top_P	Jail_Pond	un	16983125	113	0.000000326	47.22222	5.46805	407.81201	1.67415	0.50000	-1.00000	-1.00000
266571	Rosebud_Top_P	Jail_Pond	un	16983940	140	0.481481481	0.44828	0.03837	5.23742	0.34845	0.02032	-1.00000	-1.00000
266610	Rosebud_Top_P	Jail_Pond	un	16984788	123	0.000000000	225.00000	21.94246	2307.17041	2.35218	0.85714	-1.00000	-1.00000
266816	Rosebud_Top_P	Jail_Pond	un	16986351	57	0.054609929	0.16800	0.01817	1.55315	0.77469	0.09091	-1.00000	-1.00000
267239	Rosebud_Top_P	Jail_Pond	un	16989358	542	0.244680851	3.26087	0.31632	33.61525	0.51333	0.04348	-1.00000	-1.00000
267349	Rosebud_Top_P	Jail_Pond	un	16990592	28	0.783555708	0.75490	0.25596	2.22639	0.12211	0.00482	-1.00000	-1.00000
268028	Rosebud_Top_P	Jail_Pond	un	17003632	111	0.500000000	0.48148	0.04113	5.63661	0.31742	0.01961	-1.00000	-1.00000
268222	Rosebud_Top_P	Jail_Pond	un	17006127	43	0.069262539	4.94118	0.91187	26.77499	0.69383	0.07798	-1.00000	-1.00000
268641	Rosebud_Top_P	Jail_Pond	un	17012961	301	1.000000000	1.92857	0.16509	22.52900	0.28524	0.01752	-1.00000	-1.00000
268770	Rosebud_Top_P	Jail_Pond	un	17014628	352	0.239819005	3.84615	0.40172	36.82394	0.58503	0.05248	-1.00000	-1.00000
268866	Rosebud_Top_P	Jail_Pond	un	17015153	11	0.041212230	5.68421	1.09583	29.48465	0.75467	0.09201	-1.00000	-1.00000
269066	Rosebud_Top_P	Jail_Pond	un	17016801	137	0.461538462	2.41667	0.20633	28.30581	0.38322	0.02288	-1.00000	-1.00000
269401	Rosebud_Top_P	Jail_Pond	un	17020095	26	1.000000000	1.32000	0.20168	8.63962	0.12057	0.00162	-1.00000	-1.00000
270172	Rosebud_Top_P	Jail_Pond	un	17023172	9	0.003796338	6.44000	1.82217	22.76054	0.80889	0.17559	-1.00000	-1.00000
270567	Rosebud_Top_P	Jail_Pond	un	17025533	17	0.480000000	0.44444	0.03787	5.21605	0.35218	0.02211	-1.00000	-1.00000
270649	Rosebud_Top_P	Jail_Pond	un	17026373	113	1.000000000	0.51852	0.04439	6.05718	0.28524	0.01752	-1.00000	-1.00000
270707	Rosebud_Top_P	Jail_Pond	un	17031248	97	0.491264850	0.33333	0.03259	3.40968	0.47712	0.03571	-1.00000	-1.00000
270793	Rosebud_Top_P	Jail_Pond	un	17032786	7	0.500000000	0.48276	0.04141	5.62819	0.31627	0.01818	-1.00000	-1.00000
271271	Rosebud_Top_P	Jail_Pond	un	17037966	341	0.500000000	0.48148	0.04113	5.63661	0.31742	0.01961	-1.00000	-1.00000
271298	Rosebud_Top_P	Jail_Pond	un	17040027	51	0.000299853	0.05455	0.00639	0.46588	1.26324	0.26316	-1.00000	-1.00000
271538	Rosebud_Top_P	Jail_Pond	un	17046504	82	1.000000000	0.51852	0.04439	6.05718	0.28524	0.01752	-1.00000	-1.00000
272154	Rosebud_Top_P	Jail_Pond	un	17053929	247	0.039250162	6.90476	0.75044	63.53036	0.83915	0.09722	-1.00000	-1.00000
272448	Rosebud_Top_P	Jail_Pond	un	17058082	27	0.076562692	4.88889	0.92028	25.97169	0.68921	0.07853	-1.00000	-1.00000
272522	Rosebud_Top_P	Jail_Pond	un	17058970	137	0.000016193	17.48000	4.39527	69.51792	1.24254	0.37589	-1.00000	-1.00000
272610	Rosebud_Top_P	Jail_Pond	un	17059722	115	0.500000000	0.48000	0.04081	5.64636	0.31876	0.02128	-1.00000	-1.00000
272919	Rosebud_Top_P	Jail_Pond	un	17062508	249	0.490612245	0.33333	0.03243	3.42639	0.47712	0.03846	-1.00000	-1.00000
273021	Rosebud_Top_P	Jail_Pond	un	17065132	278	1.000000000	1.00000	0.05920	16.89051	0.00000	0.00000	-1.00000	-1.00000
273592	Rosebud_Top_P	Jail_Pond	un	17074212	136	1.000000000	1.92308	0.16389	22.56519	0.28400	0.01884	-1.00000	-1.00000
273809	Rosebud_Top_P	Jail_Pond	un	17077484	93	0.001949047	13.23529	1.53257	114.30026	1.12173	0.20000	-1.00000	-1.00000
274073	Rosebud_Top_P	Jail_Pond	un	17079930	126	0.394705463	1.89091	0.61297	5.83316	0.27667	0.02478	-1.00000	-1.00000
274520	Rosebud_Top_P	Jail_Pond	un	17084881	332	0.490612245	0.33333	0.03243	3.42639	0.47712	0.03846	-1.00000	-1.00000
274736	Rosebud_Top_P	Jail_Pond	un	17089407	140	0.039250162	0.14483	0.01574	1.33255	0.83915	0.09722	-1.00000	-1.00000
275021	Rosebud_Top_P	Jail_Pond	un	17094935	110	0.000000000	725.00000	43.08483	12199.76953	2.86034	1.00000	-1.00000	-1.00000
275320	Rosebud_Top_P	Jail_Pond	un	17098096	29	0.245098039	3.24000	0.31597	33.22326	0.51055	0.04000	-1.00000	-1.00000
275690	Rosebud_Top_P	Jail_Pond	un	17100511	20	0.047272578	0.15862	0.01730	1.45424	0.79964	0.08615	-1.00000	-1.00000
275832	Rosebud_Top_P	Jail_Pond	un	17104664	218	0.500000000	0.48148	0.04113	5.63661	0.31742	0.01961	-1.00000	-1.00000
275873	Rosebud_Top_P	Jail_Pond	un	17105314	101	0.000911685	14.50000	1.71773	122.39995	1.16137	0.19149	-1.00000	-1.00000
276367	Rosebud_Top_P	Jail_Pond	un	17109491	235	1.000000000	0.51852	0.04439	6.05718	0.28524	0.01752	-1.00000	-1.00000
276437	Rosebud_Top_P	Jail_Pond	un	17112158	348	1.000000000	1.92857	0.16509	22.52900	0.28524	0.01752	-1.00000	-1.00000
276658	Rosebud_Top_P	Jail_Pond	un	17113461	72	0.000004805	18.00000	4.61548	70.19852	1.25527	0.37290	-1.00000	-1.00000
277405	Rosebud_Top_P	Jail_Pond	un	17121491	43	0.118181818	0.22414	0.02352	2.13589	0.64948	0.05660	-1.00000	-1.00000
278656	Rosebud_Top_P	Jail_Pond	un	17127220	136	0.001501515	13.73684	1.60737	117.39751	1.13789	0.18729	-1.00000	-1.00000
279080	Rosebud_Top_P	Jail_Pond	un	17130550	124	0.055695692	0.13580	0.01519	1.21416	0.86709	0.07289	-1.00000	-1.00000
282124	Rosebud_Top_P	Jail_Pond	un	17148971	114	0.490612245	3.00000	0.29185	30.83754	0.47712	0.03846	-1.00000	-1.00000
283197	Rosebud_Top_P	Jail_Pond	un	17157187	253	0.480000000	2.25000	0.19172	26.40626	0.35218	0.02211	-1.00000	-1.00000
283694	Rosebud_Top_P	Jail_Pond	un	17158622	248	0.208144796	3.78261	0.36861	38.81679	0.57779	0.04667	-1.00000	-1.00000
283743	Rosebud_Top_P	Jail_Pond	un	17159220	67	0.490612245	0.33333	0.03243	3.42639	0.47712	0.03846	-1.00000	-1.00000
286401	Rosebud_Top_P	Jail_Pond	un	17165543	130	0.055746141	5.80000	0.63455	53.01424	0.76343	0.07692	-1.00000	-1.00000
286557	Rosebud_Top_P	Jail_Pond	un	17167873	8	0.104821803	4.83333	0.50582	46.18450	0.68425	0.06335	-1.00000	-1.00000
287992	Rosebud_Top_P	Jail_Pond	un	17181746	118	0.000033433	20.77778	3.95944	109.03462	1.31760	0.34483	-1.00000	-1.00000
288412	Rosebud_Top_P	Jail_Pond	un	17189572	266	1.000000000	0.51852	0.04439	6.05718	0.28524	0.01752	-1.00000	-1.00000
290329	Rosebud_Top_P	Jail_Pond	un	17207903	22	1.000000000	1.92857	0.16509	22.52900	0.28524	0.01752	-1.00000	-1.00000
290393	Rosebud_Top_P	Jail_Pond	un	17209818	250	0.011308779	9.00000	1.02601	78.94656	0.95424	0.13043	-1.00000	-1.00000
290443	Rosebud_Top_P	Jail_Pond	un	17211218	14	1.000000000	1.15038	0.35178	3.76186	0.06084	0.00103	-1.00000	-1.00000
290622	Rosebud_Top_P	Jail_Pond	un	17213721	153	0.225306122	0.28395	0.02761	2.92002	0.54676	0.04514	-1.00000	-1.00000
291653	Rosebud_Top_P	Jail_Pond	un	17224415	104	0.000000538	43.18182	5.11984	364.20483	1.63530	0.45378	-1.00000	-1.00000
291874	Rosebud_Top_P	Jail_Pond	un	17230757	27	1.000000000	0.51852	0.04439	6.05718	0.28524	0.01752	-1.00000	-1.00000
292097	Rosebud_Top_P	Jail_Pond	un	17234559	517	1.000000000	0.52000	0.04432	6.10163	0.28400	0.01884	-1.00000	-1.00000
292509	Rosebud_Top_P	Jail_Pond	un	17236277	95	0.465403183	2.30000	0.50813	10.41081	0.36173	0.02326	-1.00000	-1.00000
292575	Rosebud_Top_P	Jail_Pond	un	17238731	34	0.025728988	0.13793	0.01551	1.22635	0.86034	0.09804	-1.00000	-1.00000
292576	Rosebud_Top_P	Jail_Pond	un	17239527	12	0.500000000	0.48148	0.04113	5.63661	0.31742	0.01961	-1.00000	-1.00000
293099	Rosebud_Top_P	Jail_Pond	un	17242899	82	0.245454545	0.31034	0.03040	3.16783	0.50816	0.03704	-1.00000	-1.00000
293145	Rosebud_Top_P	Jail_Pond	un	17243689	39	0.011308779	0.11111	0.01267	0.97465	0.95424	0.13043	-1.00000	-1.00000
293203	Rosebud_Top_P	Jail_Pond	un	17245351	148	0.112015456	0.18519	0.02022	1.69642	0.73239	0.07429	-1.00000	-1.00000
293336	Rosebud_Top_P	Jail_Pond	un	17247731	94	0.208144796	0.26437	0.02576	2.71292	0.57779	0.04667	-1.00000	-1.00000
293349	Rosebud_Top_P	Jail_Pond	un	17248490	95	0.000911685	0.06897	0.00817	0.58216	1.16137	0.19149	-1.00000	-1.00000
293444	Rosebud_Top_P	Jail_Pond	un	17250909	38	0.245454545	0.31034	0.03040	3.16783	0.50816	0.03704	-1.00000	-1.00000
293514	Rosebud_Top_P	Jail_Pond	un	17253353	25	0.481481481	0.44828	0.03837	5.23742	0.34845	0.02032	-1.00000	-1.00000
293542	Rosebud_Top_P	Jail_Pond	un	17254789	20	0.245454545	0.31034	0.03040	3.16783	0.50816	0.03704	-1.00000	-1.00000
294176	Rosebud_Top_P	Jail_Pond	un	17261146	18	0.500000000	0.48276	0.04141	5.62819	0.31627	0.01818	-1.00000	-1.00000
294323	Rosebud_Top_P	Jail_Pond	un	17263597	6	0.047272578	6.30435	0.68765	57.79831	0.79964	0.08615	-1.00000	-1.00000
294557	Rosebud_Top_P	Jail_Pond	un	17269061	479	1.000000000	1.92308	0.16389	22.56519	0.28400	0.01884	-1.00000	-1.00000
294560	Rosebud_Top_P	Jail_Pond	un	17269457	113	0.000002343	33.00000	5.92518	183.79187	1.51851	0.45714	-1.00000	-1.00000
294660	Rosebud_Top_P	Jail_Pond	un	17271139	116	0.500000000	2.07692	0.17741	24.31412	0.31742	0.01961	-1.00000	-1.00000
294917	Rosebud_Top_P	Jail_Pond	un	17274414	44	0.003714274	11.60000	1.34375	100.13750	1.06446	0.16039	-1.00000	-1.00000
295084	Rosebud_Top_P	Jail_Pond	un	17276648	18	0.000000000	725.00000	43.08483	12199.76953	2.86034	1.00000	-1.00000	-1.00000
295125	Rosebud_Top_P	Jail_Pond	un	17277482	74	0.011308779	9.00000	1.02601	78.94656	0.95424	0.13043	-1.00000	-1.00000
295148	Rosebud_Top_P	Jail_Pond	un	17279374	306	0.493212670	0.36000	0.03511	3.69147	0.44370	0.03429	-1.00000	-1.00000
295226	Rosebud_Top_P	Jail_Pond	un	17279988	84	0.112015456	0.18519	0.02022	1.69642	0.73239	0.07429	-1.00000	-1.00000
295251	Rosebud_Top_P	Jail_Pond	un	17280816	88	0.000000000	783.00000	46.62555	13149.20605	2.89376	1.00000	-1.00000	-1.00000
295318	Rosebud_Top_P	Jail_Pond	un	17282446	6	0.000000000	325.00000	27.69753	3813.51733	2.51188	0.92308	-1.00000	-1.00000
295322	Rosebud_Top_P	Jail_Pond	un	17284308	93	0.016354234	8.70000	0.97139	77.91955	0.93952	0.12411	-1.00000	-1.00000
295880	Rosebud_Top_P	Jail_Pond	un	17287734	284	0.500000000	0.48000	0.04081	5.64636	0.31876	0.02128	-1.00000	-1.00000
295915	Rosebud_Top_P	Jail_Pond	un	17288520	287	1.000000000	0.92593	0.05493	15.60790	0.03342	0.00005	-1.00000	-1.00000
296155	Rosebud_Top_P	Jail_Pond	un	17293169	128	0.227113906	3.48000	0.34009	35.60907	0.54158	0.04142	-1.00000	-1.00000
296220	Rosebud_Top_P	Jail_Pond	un	17296395	43	0.208144796	3.78261	0.36861	38.81679	0.57779	0.04667	-1.00000	-1.00000
296320	Rosebud_Top_P	Jail_Pond	un	17298681	58	0.481481481	0.44828	0.03837	5.23742	0.34845	0.02032	-1.00000	-1.00000
296333	Rosebud_Top_P	Jail_Pond	un	17300257	27	0.047272578	6.30435	0.68765	57.79831	0.79964	0.08615	-1.00000	-1.00000
296612	Rosebud_Top_P	Jail_Pond	un	17303304	86	0.769815961	1.28571	0.39715	4.16226	0.10914	0.00326	-1.00000	-1.00000
296721	Rosebud_Top_P	Jail_Pond	un	17304024	40	0.001501515	0.07280	0.00852	0.62214	1.13789	0.18729	-1.00000	-1.00000
296730	Rosebud_Top_P	Jail_Pond	un	17304887	154	1.000000000	0.52000	0.04432	6.10163	0.28400	0.01884	-1.00000	-1.00000
297189	Rosebud_Top_P	Jail_Pond	un	17311965	70	0.011603269	8.82609	1.01217	76.96327	0.94577	0.12000	-1.00000	-1.00000
297195	Rosebud_Top_P	Jail_Pond	un	17312797	26	0.003465046	12.00000	1.38010	104.34058	1.07918	0.17636	-1.00000	-1.00000
297343	Rosebud_Top_P	Jail_Pond	un	17315985	74	0.000000000	162.00000	16.91695	1551.34375	2.20952	0.79310	-1.00000	-1.00000
297348	Rosebud_Top_P	Jail_Pond	un	17316824	66	0.104821803	0.20690	0.02165	1.97698	0.68425	0.06335	-1.00000	-1.00000
297359	Rosebud_Top_P	Jail_Pond	un	17317611	53	0.000000002	81.00000	9.23409	710.51910	1.90849	0.62500	-1.00000	-1.00000
297502	Rosebud_Top_P	Jail_Pond	un	17319950	14	0.490612245	0.33333	0.03243	3.42639	0.47712	0.03846	-1.00000	-1.00000
297582	Rosebud_Top_P	Jail_Pond	un	17327123	7	0.239819005	0.26000	0.02716	2.48930	0.58503	0.05248	-1.00000	-1.00000
297605	Rosebud_Top_P	Jail_Pond	un	17330440	85	0.000000352	45.00000	5.27812	383.65939	1.65321	0.47552	-1.00000	-1.00000
297785	Rosebud_Top_P	Jail_Pond	un	17339190	57	1.000000000	0.51852	0.04439	6.05718	0.28524	0.01752	-1.00000	-1.00000
297829	Rosebud_Top_P	Jail_Pond	un	17343180	51	0.008298169	5.90909	1.54633	22.58075	0.77152	0.15370	-1.00000	-1.00000
297832	Rosebud_Top_P	Jail_Pond	un	17343994	98	0.652100840	1.85714	0.28356	12.16309	0.26885	0.00821	-1.00000	-1.00000
297973	Rosebud_Top_P	Jail_Pond	un	17351996	312	0.481481481	0.44828	0.03837	5.23742	0.34845	0.02032	-1.00000	-1.00000
297997	Rosebud_Top_P	Jail_Pond	un	17352603	40	0.103265306	4.90909	0.51099	47.16195	0.69100	0.06915	-1.00000	-1.00000
298034	Rosebud_Top_P	Jail_Pond	un	17357574	34	0.000000023	62.50000	7.20458	542.19000	1.79588	0.56576	-1.00000	-1.00000
298065	Rosebud_Top_P	Jail_Pond	un	17360078	132	0.022958460	0.12000	0.01364	1.05538	0.92082	0.12587	-1.00000	-1.00000
298077	Rosebud_Top_P	Jail_Pond	un	17362583	97	0.000123973	21.26667	2.50224	180.74677	1.32770	0.27778	-1.00000	-1.00000
298403	Rosebud_Top_P	Jail_Pond	un	17384669	231	0.500000000	0.48276	0.04141	5.62819	0.31627	0.01818	-1.00000	-1.00000
298476	Rosebud_Top_P	Jail_Pond	un	17390926	13	0.227113906	0.28736	0.02808	2.94037	0.54158	0.04142	-1.00000	-1.00000
298549	Rosebud_Top_P	Jail_Pond	un	17395203	130	0.245454545	0.31034	0.03040	3.16783	0.50816	0.03704	-1.00000	-1.00000
298624	Rosebud_Top_P	Jail_Pond	un	17401810	373	1.000000000	1.78571	0.15251	20.90852	0.25181	0.01681	-1.00000	-1.00000
298695	Rosebud_Top_P	Jail_Pond	un	17405675	78	0.000046796	0.04274	0.00508	0.35949	1.36922	0.30000	-1.00000	-1.00000
298729	Rosebud_Top_P	Jail_Pond	un	17408357	307	1.000000000	1.92308	0.16389	22.56519	0.28400	0.01884	-1.00000	-1.00000
298857	Rosebud_Top_P	Jail_Pond	un	17415168	245	0.208144796	3.78261	0.36861	38.81679	0.57779	0.04667	-1.00000	-1.00000
298862	Rosebud_Top_P	Jail_Pond	un	17415728	22	1.000000000	0.51852	0.04439	6.05718	0.28524	0.01752	-1.00000	-1.00000
299010	Rosebud_Top_P	Jail_Pond	un	17427361	214	1.000000000	1.78571	0.15251	20.90852	0.25181	0.01681	-1.00000	-1.00000
299011	Rosebud_Top_P	Jail_Pond	un	17428308	294	0.047272578	6.30435	0.68765	57.79831	0.79964	0.08615	-1.00000	-1.00000
299034	Rosebud_Top_P	Jail_Pond	un	17431826	138	0.104821803	4.83333	0.50582	46.18450	0.68425	0.06335	-1.00000	-1.00000
299052	Rosebud_Top_P	Jail_Pond	un	17434207	87	0.000000000	350.00000	29.89212	4098.06982	2.54407	0.92571	-1.00000	-1.00000
299118	Rosebud_Top_P	Jail_Pond	un	17439406	116	0.227113906	0.28736	0.02808	2.94037	0.54158	0.04142	-1.00000	-1.00000
299153	Rosebud_Top_P	Jail_Pond	un	17441790	37	0.000000292	45.60000	7.94934	261.57645	1.65896	0.52344	-1.00000	-1.00000
299157	Rosebud_Top_P	Jail_Pond	un	17442698	112	0.789664692	1.16667	0.39271	3.46593	0.06695	0.00148	-1.00000	-1.00000
299204	Rosebud_Top_P	Jail_Pond	un	17443448	26	0.245454545	3.22222	0.31567	32.89072	0.50816	0.03704	-1.00000	-1.00000
299221	Rosebud_Top_P	Jail_Pond	un	17445316	293	0.208144796	3.78261	0.36861	38.81679	0.57779	0.04667	-1.00000	-1.00000
299421	Rosebud_Top_P	Jail_Pond	un	17453284	7	0.481481481	2.23077	0.19093	26.06312	0.34845	0.02032	-1.00000	-1.00000
299502	Rosebud_Top_P	Jail_Pond	un	17457361	14	0.000000094	52.77778	6.14521	453.27924	1.72245	0.51923	-1.00000	-1.00000
299588	Rosebud_Top_P	Jail_Pond	un	17459849	146	0.227113906	0.28736	0.02808	2.94037	0.54158	0.04142	-1.00000	-1.00000
299850	Rosebud_Top_P	Jail_Pond	un	17465989	44	0.000000094	52.77778	6.14521	453.27924	1.72245	0.51923	-1.00000	-1.00000
299858	Rosebud_Top_P	Jail_Pond	un	17466827	82	0.051876516	6.75000	0.75749	60.14915	0.82930	0.09475	-1.00000	-1.00000
300135	Rosebud_Top_P	Jail_Pond	un	17472060	405	1.000000000	1.92308	0.16389	22.56519	0.28400	0.01884	-1.00000	-1.00000
300434	Rosebud_Top_P	Jail_Pond	un	17478068	69	0.000000000	377.00000	32.26782	4404.66650	2.57634	0.92838	-1.00000	-1.00000
300562	Rosebud_Top_P	Jail_Pond	un	17485147	128	0.020998054	4.49091	1.26002	16.00628	0.65233	0.11852	-1.00000	-1.00000
301295	Rosebud_Top_P	Jail_Pond	un	17500271	65	0.001501515	0.07280	0.00852	0.62214	1.13789	0.18729	-1.00000	-1.00000
301389	Rosebud_Top_P	Jail_Pond	un	17503601	359	0.490612245	3.00000	0.29185	30.83754	0.47712	0.03846	-1.00000	-1.00000
301592	Rosebud_Top_P	Jail_Pond	un	17511387	265	0.227113906	0.28736	0.02808	2.94037	0.54158	0.04142	-1.00000	-1.00000
301749	Rosebud_Top_P	Jail_Pond	un	17516269	106	0.000000000	675.00000	40.04383	11378.15820	2.82930	1.00000	-1.00000	-1.00000
301762	Rosebud_Top_P	Jail_Pond	un	17517173	238	0.500000000	0.48276	0.04141	5.62819	0.31627	0.01818	-1.00000	-1.00000
301851	Rosebud_Top_P	Jail_Pond	un	17518475	89	0.008914258	9.66667	1.10451	84.60300	0.98528	0.13462	-1.00000	-1.00000
301911	Rosebud_Top_P	Jail_Pond	un	17523465	344	0.184239734	4.90909	0.51099	47.16195	0.69100	0.04147	-1.00000	-1.00000
302349	Rosebud_Top_P	Jail_Pond	un	17538498	64	0.491264850	3.00000	0.29328	30.68711	0.47712	0.03571	-1.00000	-1.00000
302398	Rosebud_Top_P	Jail_Pond	un	17541727	69	0.000000000	841.00000	50.16650	14098.67188	2.92480	1.00000	-1.00000	-1.00000
302407	Rosebud_Top_P	Jail_Pond	un	17542757	154	0.227113906	0.28736	0.02808	2.94037	0.54158	0.04142	-1.00000	-1.00000
302455	Rosebud_Top_P	Jail_Pond	un	17546708	64	0.000123973	0.04702	0.00553	0.39964	1.32770	0.27778	-1.00000	-1.00000
302456	Rosebud_Top_P	Jail_Pond	un	17547773	268	0.493212670	0.36000	0.03511	3.69147	0.44370	0.03429	-1.00000	-1.00000
302525	Rosebud_Top_P	Jail_Pond	un	17550790	23	0.104821803	4.83333	0.50582	46.18450	0.68425	0.06335	-1.00000	-1.00000
302635	Rosebud_Top_P	Jail_Pond	un	17554945	168	1.000000000	0.52000	0.04432	6.10163	0.28400	0.01884	-1.00000	-1.00000
302750	Rosebud_Top_P	Jail_Pond	un	17561369	120	0.481481481	2.23077	0.19093	26.06312	0.34845	0.02032	-1.00000	-1.00000
302798	Rosebud_Top_P	Jail_Pond	un	17564426	149	0.236897275	4.15385	0.43495	39.66973	0.61845	0.05462	-1.00000	-1.00000
302813	Rosebud_Top_P	Jail_Pond	un	17565216	50	0.023501224	0.12169	0.01392	1.06357	0.91473	0.11607	-1.00000	-1.00000
302880	Rosebud_Top_P	Jail_Pond	un	17566033	63	0.000016379	27.00000	3.21179	226.97647	1.43136	0.33333	-1.00000	-1.00000
303203	Rosebud_Top_P	Jail_Pond	un	17574911	79	0.273111402	0.51852	0.16667	1.61315	0.28524	0.02500	-1.00000	-1.00000
303371	Rosebud_Top_P	Jail_Pond	un	17580475	20	0.000127909	20.25000	2.40238	170.68977	1.30642	0.26829	-1.00000	-1.00000
303399	Rosebud_Top_P	Jail_Pond	un	17581348	154	0.000144217	0.05172	0.00619	0.43227	1.28631	0.24444	-1.00000	-1.00000
303411	Rosebud_Top_P	Jail_Pond	un	17582212	207	0.480000000	0.44444	0.03787	5.21605	0.35218	0.02211	-1.00000	-1.00000
303621	Rosebud_Top_P	Jail_Pond	un	17588471	22	0.461538462	0.41379	0.03533	4.84665	0.38322	0.02288	-1.00000	-1.00000
303964	Rosebud_Top_P	Jail_Pond	un	17593326	21	0.481481481	2.23077	0.19093	26.06312	0.34845	0.02032	-1.00000	-1.00000
304465	Rosebud_Top_P	Jail_Pond	un	17595908	170	0.500000000	0.48148	0.04113	5.63661	0.31742	0.01961	-1.00000	-1.00000
304600	Rosebud_Top_P	Jail_Pond	un	17597021	445	0.227113906	3.48000	0.34009	35.60907	0.54158	0.04142	-1.00000	-1.00000
304798	Rosebud_Top_P	Jail_Pond	un	17601634	49	0.000085020	12.48571	3.40756	45.74923	1.09641	0.30831	-1.00000	-1.00000
304909	Rosebud_Top_P	Jail_Pond	un	17604036	22	0.481481481	0.44828	0.03837	5.23742	0.34845	0.02032	-1.00000	-1.00000
304953	Rosebud_Top_P	Jail_Pond	un	17605749	79	0.020799934	7.90909	0.88661	70.55416	0.89813	0.10989	-1.00000	-1.00000
305114	Rosebud_Top_P	Jail_Pond	un	17609873	146	0.000000538	43.18182	5.11984	364.20483	1.63530	0.45378	-1.00000	-1.00000
305760	Rosebud_Top_P	Jail_Pond	un	17617750	17	0.500000000	0.48276	0.04141	5.62819	0.31627	0.01818	-1.00000	-1.00000
305803	Rosebud_Top_P	Jail_Pond	un	17619287	17	0.000849276	0.06667	0.00784	0.56688	1.17609	0.20930	-1.00000	-1.00000
305854	Rosebud_Top_P	Jail_Pond	un	17624322	212	1.000000000	0.56000	0.04783	6.55691	0.25181	0.01681	-1.00000	-1.00000
305937	Rosebud_Top_P	Jail_Pond	un	17625117	196	1.000000000	0.51852	0.04439	6.05718	0.28524	0.01752	-1.00000	-1.00000
306279	Rosebud_Top_P	Jail_Pond	un	17628136	88	0.000023787	25.00000	2.99156	208.92136	1.39794	0.31579	-1.00000	-1.00000
306413	Rosebud_Top_P	Jail_Pond	un	17630683	293	0.055746141	0.17241	0.01886	1.57593	0.76343	0.07692	-1.00000	-1.00000
306496	Rosebud_Top_P	Jail_Pond	un	17632204	116	0.054609929	5.95238	0.64385	55.02943	0.77469	0.09091	-1.00000	-1.00000
306544	Rosebud_Top_P	Jail_Pond	un	17634749	308	0.104821803	0.20690	0.02165	1.97698	0.68425	0.06335	-1.00000	-1.00000
306659	Rosebud_Top_P	Jail_Pond	un	17638770	247	0.491264850	0.33333	0.03259	3.40968	0.47712	0.03571	-1.00000	-1.00000
306936	Rosebud_Top_P	Jail_Pond	un	17646396	38	0.000000326	47.22222	5.46805	407.81201	1.67415	0.50000	-1.00000	-1.00000
306993	Rosebud_Top_P	Jail_Pond	un	17647624	475	1.000000000	0.51852	0.04439	6.05718	0.28524	0.01752	-1.00000	-1.00000
307036	Rosebud_Top_P	Jail_Pond	un	17648028	24	0.236897275	4.15385	0.43495	39.66973	0.61845	0.05462	-1.00000	-1.00000
307154	Rosebud_Top_P	Jail_Pond	un	17655434	107	0.000000139	67.85714	7.68150	599.43909	1.83160	0.50625	-1.00000	-1.00000
307169	Rosebud_Top_P	Jail_Pond	un	17656952	8	0.758541250	0.80952	0.22595	2.90027	0.09177	0.00220	-1.00000	-1.00000
307224	Rosebud_Top_P	Jail_Pond	un	17662634	52	0.000000000	351.00000	29.98258	4109.08643	2.54531	0.92593	-1.00000	-1.00000
307515	Rosebud_Top_P	Jail_Pond	un	17673027	103	0.149202728	0.39394	0.12187	1.27338	0.40457	0.04766	-1.00000	-1.00000
307742	Rosebud_Top_P	Jail_Pond	un	17677702	131	0.245454545	0.31034	0.03040	3.16783	0.50816	0.03704	-1.00000	-1.00000
307861	Rosebud_Top_P	Jail_Pond	un	17683977	62	0.025310124	7.36364	0.82361	65.83572	0.86709	0.10638	-1.00000	-1.00000
307863	Rosebud_Top_P	Jail_Pond	un	17685059	362	1.000000000	0.85185	0.05042	14.39326	0.06964	0.00024	-1.00000	-1.00000
307912	Rosebud_Top_P	Jail_Pond	un	17688188	321	1.000000000	0.56000	0.04783	6.55691	0.25181	0.01681	-1.00000	-1.00000
307913	Rosebud_Top_P	Jail_Pond	un	17688826	198	0.500000000	2.07692	0.17741	24.31412	0.31742	0.01961	-1.00000	-1.00000
308102	Rosebud_Top_P	Jail_Pond	un	17692864	316	0.245454545	0.31034	0.03040	3.16783	0.50816	0.03704	-1.00000	-1.00000
308161	Rosebud_Top_P	Jail_Pond	un	17695684	52	1.000000000	0.51852	0.04439	6.05718	0.28524	0.01752	-1.00000	-1.00000
308169	Rosebud_Top_P	Jail_Pond	un	17696486	42	0.265509104	2.16364	0.71251	6.57020	0.33518	0.03612	-1.00000	-1.00000
308627	Rosebud_Top_P	Jail_Pond	un	17706826	171	1.000000000	0.56000	0.04783	6.55691	0.25181	0.01681	-1.00000	-1.00000
308655	Rosebud_Top_P	Jail_Pond	un	17709326	135	0.000355389	18.12500	2.12319	154.72722	1.25828	0.24419	-1.00000	-1.00000
308707	Rosebud_Top_P	Jail_Pond	un	17710934	56	0.104821803	4.83333	0.50582	46.18450	0.68425	0.06335	-1.00000	-1.00000
308744	Rosebud_Top_P	Jail_Pond	un	17712607	112	0.461538462	2.41667	0.20633	28.30581	0.38322	0.02288	-1.00000	-1.00000
308825	Rosebud_Top_P	Jail_Pond	un	17714896	60	0.000000000	208.33333	20.26751	2141.49561	2.31876	0.85207	-1.00000	-1.00000
308861	Rosebud_Top_P	Jail_Pond	un	17715689	62	0.011603269	8.82609	1.01217	76.96327	0.94577	0.12000	-1.00000	-1.00000
308884	Rosebud_Top_P	Jail_Pond	un	17717994	65	0.104821803	0.20690	0.02165	1.97698	0.68425	0.06335	-1.00000	-1.00000
309172	Rosebud_Top_P	Jail_Pond	un	17725921	77	0.245454545	3.22222	0.31567	32.89072	0.50816	0.03704	-1.00000	-1.00000
309238	Rosebud_Top_P	Jail_Pond	un	17729293	304	0.000000000	675.00000	40.04383	11378.15820	2.82930	1.00000	-1.00000	-1.00000
309628	Rosebud_Top_P	Jail_Pond	un	17733161	74	0.245098039	3.24000	0.31597	33.22326	0.51055	0.04000	-1.00000	-1.00000
309816	Rosebud_Top_P	Jail_Pond	un	17736446	17	0.023501224	0.12169	0.01392	1.06357	0.91473	0.11607	-1.00000	-1.00000
309945	Rosebud_Top_P	Jail_Pond	un	17740451	24	0.500000000	0.48148	0.04113	5.63661	0.31742	0.01961	-1.00000	-1.00000
310062	Rosebud_Top_P	Jail_Pond	un	17743030	72	0.245454545	0.31034	0.03040	3.16783	0.50816	0.03704	-1.00000	-1.00000
310084	Rosebud_Top_P	Jail_Pond	un	17743875	145	0.003254928	0.13043	0.03128	0.54384	0.88461	0.17361	-1.00000	-1.00000
310292	Rosebud_Top_P	Jail_Pond	un	17747645	13	0.020799934	7.90909	0.88661	70.55416	0.89813	0.10989	-1.00000	-1.00000
310558	Rosebud_Top_P	Jail_Pond	un	17751600	21	0.047272578	6.30435	0.68765	57.79831	0.79964	0.08615	-1.00000	-1.00000
310844	Rosebud_Top_P	Jail_Pond	un	17757952	134	0.227113906	3.48000	0.34009	35.60907	0.54158	0.04142	-1.00000	-1.00000
310907	Rosebud_Top_P	Jail_Pond	un	17761128	59	0.010968168	0.10857	0.01229	0.95910	0.96428	0.14286	-1.00000	-1.00000
310945	Rosebud_Top_P	Jail_Pond	un	17761993	60	0.331583146	0.45455	0.11850	1.74351	0.34242	0.02512	-1.00000	-1.00000
311134	Rosebud_Top_P	Jail_Pond	un	17765505	267	0.225306122	3.52174	0.34246	36.21597	0.54676	0.04514	-1.00000	-1.00000
311527	Rosebud_Top_P	Jail_Pond	un	17771643	33	0.000001228	38.63636	4.55546	327.68777	1.58700	0.43439	-1.00000	-1.00000
311540	Rosebud_Top_P	Jail_Pond	un	17772561	113	0.000020450	33.33333	3.94401	281.72150	1.52288	0.32876	-1.00000	-1.00000
311583	Rosebud_Top_P	Jail_Pond	un	17773285	52	1.000000000	0.51852	0.04439	6.05718	0.28524	0.01752	-1.00000	-1.00000
312241	Rosebud_Top_P	Jail_Pond	un	17778902	23	0.047272578	0.15862	0.01730	1.45424	0.79964	0.08615	-1.00000	-1.00000
312306	Rosebud_Top_P	Jail_Pond	un	17780661	128	0.245454545	0.31034	0.03040	3.16783	0.50816	0.03704	-1.00000	-1.00000
315090	Rosebud_Top_P	Jail_Pond	un	17795250	143	0.000000003	126.50000	13.09567	1221.94934	2.10209	0.65033	-1.00000	-1.00000
315513	Rosebud_Top_P	Jail_Pond	un	17801631	86	0.095794660	2.91667	0.94640	8.98871	0.46489	0.06606	-1.00000	-1.00000
315760	Rosebud_Top_P	Jail_Pond	un	17804742	42	0.000911685	0.06897	0.00817	0.58216	1.16137	0.19149	-1.00000	-1.00000
315863	Rosebud_Top_P	Jail_Pond	un	17806641	286	0.500000000	0.48276	0.04141	5.62819	0.31627	0.01818	-1.00000	-1.00000
316817	Rosebud_Top_P	Jail_Pond	un	17807140	31	1.000000000	1.15385	0.37720	3.52956	0.06215	0.00126	-1.00000	-1.00000
316820	Rosebud_Top_P	Jail_Pond	un	17808220	310	0.461538462	0.41379	0.03533	4.84665	0.38322	0.02288	-1.00000	-1.00000
316836	Rosebud_Top_P	Jail_Pond	un	17808872	142	0.461538462	0.41379	0.03533	4.84665	0.38322	0.02288	-1.00000	-1.00000
317571	Rosebud_Top_P	Jail_Pond	un	17817570	103	0.003714274	0.08621	0.00999	0.74418	1.06446	0.16039	-1.00000	-1.00000
318425	Rosebud_Top_P	Jail_Pond	un	17827904	32	0.000046796	0.04274	0.00508	0.35949	1.36922	0.30000	-1.00000	-1.00000
318567	Rosebud_Top_P	Jail_Pond	un	17828774	127	0.491264850	0.33333	0.03259	3.40968	0.47712	0.03571	-1.00000	-1.00000
318625	Rosebud_Top_P	Jail_Pond	un	17829457	53	0.481481481	0.44828	0.03837	5.23742	0.34845	0.02032	-1.00000	-1.00000
318657	Rosebud_Top_P	Jail_Pond	un	17831758	111	1.000000000	1.92857	0.16509	22.52900	0.28524	0.01752	-1.00000	-1.00000
318693	Rosebud_Top_P	Jail_Pond	un	17835565	71	0.020799934	7.90909	0.88661	70.55416	0.89813	0.10989	-1.00000	-1.00000
318751	Rosebud_Top_P	Jail_Pond	un	17839728	26	0.117647059	4.50000	0.46992	43.09288	0.65321	0.06122	-1.00000	-1.00000
318920	Rosebud_Top_P	Jail_Pond	un	17846697	7	0.245098039	0.30864	0.03010	3.16484	0.51055	0.04000	-1.00000	-1.00000
319014	Rosebud_Top_P	Jail_Pond	un	17855676	165	0.461538462	0.41379	0.03533	4.84665	0.38322	0.02288	-1.00000	-1.00000
319039	Rosebud_Top_P	Jail_Pond	un	17858874	66	0.010968168	9.21053	1.04264	81.36432	0.96428	0.14286	-1.00000	-1.00000
319053	Rosebud_Top_P	Jail_Pond	un	17859626	40	0.480000000	2.25000	0.19172	26.40626	0.35218	0.02211	-1.00000	-1.00000
319139	Rosebud_Top_P	Jail_Pond	un	17861723	59	0.236897275	4.15385	0.43495	39.66973	0.61845	0.05462	-1.00000	-1.00000
320523	Rosebud_Top_P	Jail_Pond	un	17868471	215	0.481481481	0.44828	0.03837	5.23742	0.34845	0.02032	-1.00000	-1.00000
320526	Rosebud_Top_P	Jail_Pond	un	17869408	356	0.481481481	2.23077	0.19093	26.06312	0.34845	0.02032	-1.00000	-1.00000
320559	Rosebud_Top_P	Jail_Pond	un	17869975	132	0.000335760	0.05724	0.00677	0.48417	1.24231	0.23810	-1.00000	-1.00000
323775	Rosebud_Top_P	Jail_Pond	un	17885095	70	0.500000000	0.48276	0.04141	5.62819	0.31627	0.01818	-1.00000	-1.00000
324100	Rosebud_Top_P	Jail_Pond	un	17886776	85	0.001768977	0.07200	0.00844	0.61386	1.14267	0.20263	-1.00000	-1.00000
324357	Rosebud_Top_P	Jail_Pond	un	17890087	77	0.500000000	0.48148	0.04113	5.63661	0.31742	0.01961	-1.00000	-1.00000
324388	Rosebud_Top_P	Jail_Pond	un	17891065	297	1.000000000	1.92857	0.16509	22.52900	0.28524	0.01752	-1.00000	-1.00000
324422	Rosebud_Top_P	Jail_Pond	un	17891662	86	0.699408065	1.51515	0.30502	7.52622	0.18046	0.00483	-1.00000	-1.00000
324576	Rosebud_Top_P	Jail_Pond	un	17893407	254	1.000000000	0.52000	0.04432	6.10163	0.28400	0.01884	-1.00000	-1.00000
324876	Rosebud_Top_P	Jail_Pond	un	17894113	148	0.245454545	0.31034	0.03040	3.16783	0.50816	0.03704	-1.00000	-1.00000
324960	Rosebud_Top_P	Jail_Pond	un	17894820	40	0.245454545	0.31034	0.03040	3.16783	0.50816	0.03704	-1.00000	-1.00000
325223	Rosebud_Top_P	Jail_Pond	un	17895598	32	0.000000000	208.33333	20.26751	2141.49561	2.31876	0.72999	-1.00000	-1.00000
325663	Rosebud_Top_P	Jail_Pond	un	17897157	37	0.091583710	5.27273	0.55003	50.54564	0.72204	0.07143	-1.00000	-1.00000
326053	Rosebud_Top_P	Jail_Pond	un	17908911	18	0.245454545	0.31034	0.03040	3.16783	0.50816	0.03704	-1.00000	-1.00000
326657	Rosebud_Top_P	Jail_Pond	un	17916901	128	0.000000000	351.00000	29.98258	4109.08643	2.54531	0.92593	-1.00000	-1.00000
326962	Rosebud_Top_P	Jail_Pond	un	17920101	56	0.001000946	18.75000	2.21850	158.46834	1.27300	0.20786	-1.00000	-1.00000
327325	Rosebud_Top_P	Jail_Pond	un	17924638	302	1.000000000	0.92593	0.05493	15.60790	0.03342	0.00005	-1.00000	-1.00000
327521	Rosebud_Top_P	Jail_Pond	un	17927730	75	0.514437087	0.57823	0.15543	2.15115	0.23790	0.01351	-1.00000	-1.00000
327703	Rosebud_Top_P	Jail_Pond	un	17931232	323	0.245098039	3.24000	0.31597	33.22326	0.51055	0.04000	-1.00000	-1.00000
327718	Rosebud_Top_P	Jail_Pond	un	17931951	191	0.481481481	0.44828	0.03837	5.23742	0.34845	0.02032	-1.00000	-1.00000
327998	Rosebud_Top_P	Jail_Pond	un	17935260	26	0.245454545	3.22222	0.31567	32.89072	0.50816	0.03704	-1.00000	-1.00000
328238	Rosebud_Top_P	Jail_Pond	un	17937675	149	0.003714274	0.08621	0.00999	0.74418	1.06446	0.16039	-1.00000	-1.00000
328413	Rosebud_Top_P	Jail_Pond	un	17939288	119	0.020060790	8.10000	0.90237	72.70824	0.90849	0.12037	-1.00000	-1.00000
328463	Rosebud_Top_P	Jail_Pond	un	17942149	35	0.000007034	31.50000	3.70715	267.65814	1.49831	0.38063	-1.00000	-1.00000
328817	Rosebud_Top_P	Jail_Pond	un	17945426	132	1.000000000	0.51852	0.04439	6.05718	0.28524	0.01752	-1.00000	-1.00000
329024	Rosebud_Top_P	Jail_Pond	un	17948450	96	0.461538462	0.41379	0.03533	4.84665	0.38322	0.02288	-1.00000	-1.00000
329387	Rosebud_Top_P	Jail_Pond	un	17953939	29	0.003465046	0.08333	0.00958	0.72459	1.07918	0.17636	-1.00000	-1.00000
329431	Rosebud_Top_P	Jail_Pond	un	17954801	38	0.480000000	2.25000	0.19172	26.40626	0.35218	0.02211	-1.00000	-1.00000
329559	Rosebud_Top_P	Jail_Pond	un	17956393	34	0.002260552	6.75000	1.94572	23.41676	0.82930	0.19564	-1.00000	-1.00000
329662	Rosebud_Top_P	Jail_Pond	un	17957166	10	0.025116561	7.60870	0.86830	66.67275	0.88131	0.11180	-1.00000	-1.00000
329706	Rosebud_Top_P	Jail_Pond	un	17957891	193	0.481481481	0.44828	0.03837	5.23742	0.34845	0.02032	-1.00000	-1.00000
329950	Rosebud_Top_P	Jail_Pond	un	17959509	82	0.112015456	5.40000	0.58948	49.46759	0.73239	0.07429	-1.00000	-1.00000
330742	Rosebud_Top_P	Jail_Pond	un	17970802	113	0.011308779	0.11111	0.01267	0.97465	0.95424	0.13043	-1.00000	-1.00000
330839	Rosebud_Top_P	Jail_Pond	un	17972434	174	0.235918367	4.16667	0.43401	40.00140	0.61979	0.05892	-1.00000	-1.00000
331292	Rosebud_Top_P	Jail_Pond	un	17979682	139	0.123543340	3.05556	0.81929	11.39579	0.48509	0.05373	-1.00000	-1.00000
331453	Rosebud_Top_P	Jail_Pond	un	17986551	87	0.787982009	1.18182	0.39636	3.52383	0.07255	0.00173	-1.00000	-1.00000
331468	Rosebud_Top_P	Jail_Pond	un	17988288	93	1.000000000	0.89474	0.26016	3.07712	0.04830	0.00062	-1.00000	-1.00000
331508	Rosebud_Top_P	Jail_Pond	un	17991865	375	0.244680851	3.26087	0.31632	33.61525	0.51333	0.04348	-1.00000	-1.00000
331529	Rosebud_Top_P	Jail_Pond	un	17993527	393	0.461538462	0.41379	0.03533	4.84665	0.38322	0.02288	-1.00000	-1.00000
331653	Rosebud_Top_P	Jail_Pond	un	17996613	41	0.016700507	5.50000	1.47840	20.46128	0.74036	0.13613	-1.00000	-1.00000
331663	Rosebud_Top_P	Jail_Pond	un	17997422	16	1.000000000	1.78571	0.15251	20.90852	0.25181	0.01681	-1.00000	-1.00000
331685	Rosebud_Top_P	Jail_Pond	un	17999865	69	0.245098039	0.30864	0.03010	3.16484	0.51055	0.04000	-1.00000	-1.00000
331814	Rosebud_Top_P	Jail_Pond	un	18006210	28	1.000000000	1.00000	0.33607	2.97559	0.00000	0.00000	-1.00000	-1.00000
331815	Rosebud_Top_P	Jail_Pond	un	18007017	57	0.019796562	4.71429	1.26551	17.56172	0.67342	0.11111	-1.00000	-1.00000
332284	Rosebud_Top_P	Jail_Pond	un	18014181	113	0.112015456	0.18519	0.02022	1.69642	0.73239	0.07429	-1.00000	-1.00000
332398	Rosebud_Top_P	Jail_Pond	un	18016733	119	0.011308779	0.11111	0.01267	0.97465	0.95424	0.13043	-1.00000	-1.00000
332492	Rosebud_Top_P	Jail_Pond	un	18018242	85	0.006611286	0.09360	0.01065	0.82280	1.02874	0.15217	-1.00000	-1.00000
332597	Rosebud_Top_P	Jail_Pond	un	18019137	130	0.000000000	675.00000	40.04383	11378.15820	2.82930	1.00000	-1.00000	-1.00000
332598	Rosebud_Top_P	Jail_Pond	un	18019928	74	0.000779619	15.62500	1.82133	134.04559	1.19382	0.23077	-1.00000	-1.00000
332652	Rosebud_Top_P	Jail_Pond	un	18021456	102	0.000000000	148.50000	15.45738	1426.64880	2.17173	0.78448	-1.00000	-1.00000
333108	Rosebud_Top_P	Jail_Pond	un	18026943	13	0.001501515	0.07280	0.00852	0.62214	1.13789	0.18729	-1.00000	-1.00000
334164	Rosebud_Top_P	Jail_Pond	un	18034680	51	0.020799934	0.12644	0.01417	1.12790	0.89813	0.10989	-1.00000	-1.00000
334422	Rosebud_Top_P	Jail_Pond	un	18046192	84	0.500000000	0.48276	0.04141	5.62819	0.31627	0.01818	-1.00000	-1.00000
334434	Rosebud_Top_P	Jail_Pond	un	18048608	11	1.000000000	1.92857	0.16509	22.52900	0.28524	0.01752	-1.00000	-1.00000
334551	Rosebud_Top_P	Jail_Pond	un	18049587	195	0.461538462	2.41667	0.20633	28.30581	0.38322	0.02288	-1.00000	-1.00000
334604	Rosebud_Top_P	Jail_Pond	un	18051310	264	0.225306122	0.28395	0.02761	2.92002	0.54676	0.04514	-1.00000	-1.00000
334757	Rosebud_Top_P	Jail_Pond	un	18054376	33	0.461538462	0.41379	0.03533	4.84665	0.38322	0.02288	-1.00000	-1.00000
334763	Rosebud_Top_P	Jail_Pond	un	18055154	31	0.461538462	0.41379	0.03533	4.84665	0.38322	0.02288	-1.00000	-1.00000
334859	Rosebud_Top_P	Jail_Pond	un	18058621	223	0.461538462	2.41667	0.20633	28.30581	0.38322	0.02288	-1.00000	-1.00000
334908	Rosebud_Top_P	Jail_Pond	un	18059989	16	0.025728988	7.25000	0.81543	64.45982	0.86034	0.09804	-1.00000	-1.00000
335115	Rosebud_Top_P	Jail_Pond	un	18067328	199	0.480000000	0.44444	0.03787	5.21605	0.35218	0.02211	-1.00000	-1.00000
335144	Rosebud_Top_P	Jail_Pond	un	18069098	339	1.000000000	1.92308	0.16389	22.56519	0.28400	0.01884	-1.00000	-1.00000
335484	Rosebud_Top_P	Jail_Pond	un	18076856	21	0.016354234	8.70000	0.97139	77.91955	0.93952	0.12411	-1.00000	-1.00000
335573	Rosebud_Top_P	Jail_Pond	un	18080355	295	1.000000000	1.08000	0.06407	18.20505	0.03342	0.00005	-1.00000	-1.00000
335645	Rosebud_Top_P	Jail_Pond	un	18082766	212	1.000000000	0.52000	0.04432	6.10163	0.28400	0.01884	-1.00000	-1.00000
335703	Rosebud_Top_P	Jail_Pond	un	18086127	223	0.235918367	4.16667	0.43401	40.00140	0.61979	0.05892	-1.00000	-1.00000
335834	Rosebud_Top_P	Jail_Pond	un	18092572	144	0.260410898	2.14286	0.69532	6.60395	0.33099	0.03310	-1.00000	-1.00000
335982	Rosebud_Top_P	Jail_Pond	un	18094150	68	0.245098039	0.30864	0.03010	3.16484	0.51055	0.04000	-1.00000	-1.00000
336001	Rosebud_Top_P	Jail_Pond	un	18095667	72	0.023501224	8.21739	0.94023	71.81789	0.91473	0.11607	-1.00000	-1.00000
336103	Rosebud_Top_P	Jail_Pond	un	18099080	132	0.227113906	0.28736	0.02808	2.94037	0.54158	0.04142	-1.00000	-1.00000
336452	Rosebud_Top_P	Jail_Pond	un	18109806	94	0.245454545	0.31034	0.03040	3.16783	0.50816	0.03704	-1.00000	-1.00000
336495	Rosebud_Top_P	Jail_Pond	un	18111478	55	0.000000066	52.20000	6.15300	442.84708	1.71767	0.49480	-1.00000	-1.00000
336708	Rosebud_Top_P	Jail_Pond	un	18122449	146	0.000016379	27.00000	3.21179	226.97647	1.43136	0.33333	-1.00000	-1.00000
336911	Rosebud_Top_P	Jail_Pond	un	18128768	51	0.245454545	0.31034	0.03040	3.16783	0.50816	0.03704	-1.00000	-1.00000
336996	Rosebud_Top_P	Jail_Pond	un	18133654	66	0.500000000	0.48276	0.04141	5.62819	0.31627	0.01818	-1.00000	-1.00000
337037	Rosebud_Top_P	Jail_Pond	un	18135159	26	0.245098039	0.30864	0.03010	3.16484	0.51055	0.04000	-1.00000	-1.00000
337168	Rosebud_Top_P	Jail_Pond	un	18139458	218	0.500000000	0.48276	0.04141	5.62819	0.31627	0.01818	-1.00000	-1.00000
337364	Rosebud_Top_P	Jail_Pond	un	18147562	257	0.500000000	0.48148	0.04113	5.63661	0.31742	0.01961	-1.00000	-1.00000
337502	Rosebud_Top_P	Jail_Pond	un	18154346	222	1.000000000	1.78571	0.15251	20.90852	0.25181	0.01681	-1.00000	-1.00000
337524	Rosebud_Top_P	Jail_Pond	un	18156316	423	0.491264850	3.00000	0.29328	30.68711	0.47712	0.03571	-1.00000	-1.00000
337950	Rosebud_Top_P	Jail_Pond	un	18163320	46	0.237523899	0.41176	0.12532	1.35290	0.38535	0.04537	-1.00000	-1.00000
338565	Rosebud_Top_P	Jail_Pond	un	18168134	40	0.000000066	52.20000	6.15300	442.84708	1.71767	0.49480	-1.00000	-1.00000
338995	Rosebud_Top_P	Jail_Pond	un	18171329	133	0.000000094	52.77778	6.14521	453.27924	1.72245	0.51923	-1.00000	-1.00000
340836	Rosebud_Top_P	Jail_Pond	un	18176941	51	0.000017986	24.00000	4.50139	127.96061	1.38021	0.37678	-1.00000	-1.00000
342146	Rosebud_Top_P	Jail_Pond	un	18188347	54	0.481481481	0.44828	0.03837	5.23742	0.34845	0.02032	-1.00000	-1.00000
342545	Rosebud_Top_P	Jail_Pond	un	18194322	126	0.000000000	841.00000	50.16650	14098.67188	2.92480	1.00000	-1.00000	-1.00000
342546	Rosebud_Top_P	Jail_Pond	un	18195245	189	0.225306122	0.28395	0.02761	2.92002	0.54676	0.04514	-1.00000	-1.00000
342549	Rosebud_Top_P	Jail_Pond	un	18196030	241	0.225306122	0.28395	0.02761	2.92002	0.54676	0.04514	-1.00000	-1.00000
342794	Rosebud_Top_P	Jail_Pond	un	18201652	102	0.208144796	0.26437	0.02576	2.71292	0.57779	0.04667	-1.00000	-1.00000
342800	Rosebud_Top_P	Jail_Pond	un	18202454	88	0.208144796	0.26437	0.02576	2.71292	0.57779	0.04667	-1.00000	-1.00000
342884	Rosebud_Top_P	Jail_Pond	un	18208879	74	0.000000001	96.66666	10.79318	865.77277	1.98528	0.67172	-1.00000	-1.00000
343099	Rosebud_Top_P	Jail_Pond	un	18213391	392	0.461538462	2.41667	0.20633	28.30581	0.38322	0.02288	-1.00000	-1.00000
343194	Rosebud_Top_P	Jail_Pond	un	18215534	70	0.245098039	3.24000	0.31597	33.22326	0.51055	0.04000	-1.00000	-1.00000
343275	Rosebud_Top_P	Jail_Pond	un	18218020	115	0.002587025	0.07759	0.00894	0.67309	1.11022	0.18148	-1.00000	-1.00000
343529	Rosebud_Top_P	Jail_Pond	un	18230625	6	0.020799934	0.12644	0.01417	1.12790	0.89813	0.10989	-1.00000	-1.00000
343650	Rosebud_Top_P	Jail_Pond	un	18235151	38	0.000000071	54.77778	6.37423	470.73969	1.73860	0.51852	-1.00000	-1.00000
343697	Rosebud_Top_P	Jail_Pond	un	18236062	88	0.103265306	4.90909	0.51099	47.16195	0.69100	0.06915	-1.00000	-1.00000
344700	Rosebud_Top_P	Jail_Pond	un	18254406	64	0.051107251	0.14667	0.01636	1.31471	0.83367	0.10256	-1.00000	-1.00000
344971	Rosebud_Top_P	Jail_Pond	un	18260101	74	0.008914258	9.66667	1.10451	84.60300	0.98528	0.13462	-1.00000	-1.00000
344989	Rosebud_Top_P	Jail_Pond	un	18261086	78	0.118181818	4.46154	0.46819	42.51565	0.64948	0.05660	-1.00000	-1.00000
345004	Rosebud_Top_P	Jail_Pond	un	18261984	109	0.245454545	0.31034	0.03040	3.16783	0.50816	0.03704	-1.00000	-1.00000
345327	Rosebud_Top_P	Jail_Pond	un	18273940	147	0.025116561	7.60870	0.86830	66.67275	0.88131	0.11180	-1.00000	-1.00000
345436	Rosebud_Top_P	Jail_Pond	un	18278901	334	1.000000000	0.52000	0.04432	6.10163	0.28400	0.01884	-1.00000	-1.00000
345656	Rosebud_Top_P	Jail_Pond	un	18281474	393	1.000000000	0.52000	0.04432	6.10163	0.28400	0.01884	-1.00000	-1.00000
345810	Rosebud_Top_P	Jail_Pond	un	18288542	75	0.480000000	2.25000	0.19172	26.40626	0.35218	0.02211	-1.00000	-1.00000
345859	Rosebud_Top_P	Jail_Pond	un	18290020	25	1.000000000	1.78571	0.15251	20.90852	0.25181	0.01681	-1.00000	-1.00000
346077	Rosebud_Top_P	Jail_Pond	un	18293204	249	0.104821803	0.20690	0.02165	1.97698	0.68425	0.06335	-1.00000	-1.00000
346096	Rosebud_Top_P	Jail_Pond	un	18293793	10	0.025728988	7.25000	0.81543	64.45982	0.86034	0.09804	-1.00000	-1.00000
346147	Rosebud_Top_P	Jail_Pond	un	18297109	10	0.480000000	0.44444	0.03787	5.21605	0.35218	0.02211	-1.00000	-1.00000
346214	Rosebud_Top_P	Jail_Pond	un	18299288	37	0.602040816	2.27273	0.19264	26.81366	0.35655	0.00891	-1.00000	-1.00000
346404	Rosebud_Top_P	Jail_Pond	un	18301735	7	0.000000142	48.60000	5.71554	413.25253	1.68664	0.48571	-1.00000	-1.00000
346561	Rosebud_Top_P	Jail_Pond	un	18304308	31	0.008914258	9.66667	1.10451	84.60300	0.98528	0.13462	-1.00000	-1.00000
346930	Rosebud_Top_P	Jail_Pond	un	18313003	109	0.025728988	7.25000	0.81543	64.45982	0.86034	0.09804	-1.00000	-1.00000
346997	Rosebud_Top_P	Jail_Pond	un	18315588	286	0.039250162	6.90476	0.75044	63.53036	0.83915	0.09722	-1.00000	-1.00000
347032	Rosebud_Top_P	Jail_Pond	un	18316119	30	0.054169360	6.25000	0.69956	55.83867	0.79588	0.09119	-1.00000	-1.00000
347155	Rosebud_Top_P	Jail_Pond	un	18320080	12	0.000953498	14.47368	1.71607	122.07419	1.16058	0.20408	-1.00000	-1.00000
347588	Rosebud_Top_P	Jail_Pond	un	18333182	110	0.083574248	7.10526	0.76720	65.80408	0.85158	0.07255	-1.00000	-1.00000
347721	Rosebud_Top_P	Jail_Pond	un	18335997	37	0.104821803	4.83333	0.50582	46.18450	0.68425	0.06335	-1.00000	-1.00000
348014	Rosebud_Top_P	Jail_Pond	un	18337572	93	0.225306122	3.52174	0.34246	36.21597	0.54676	0.04514	-1.00000	-1.00000
348083	Rosebud_Top_P	Jail_Pond	un	18339247	133	0.104821803	0.20690	0.02165	1.97698	0.68425	0.06335	-1.00000	-1.00000
349006	Rosebud_Top_P	Jail_Pond	un	18346553	459	0.480000000	0.44444	0.03787	5.21605	0.35218	0.02211	-1.00000	-1.00000
349008	Rosebud_Top_P	Jail_Pond	un	18347185	225	0.491264850	0.33333	0.03259	3.40968	0.47712	0.03571	-1.00000	-1.00000
349138	Rosebud_Top_P	Jail_Pond	un	18347807	29	0.039250162	6.90476	0.75044	63.53036	0.83915	0.09722	-1.00000	-1.00000
349998	Rosebud_Top_P	Jail_Pond	un	18352073	266	0.480000000	0.44444	0.03787	5.21605	0.35218	0.02211	-1.00000	-1.00000
350078	Rosebud_Top_P	Jail_Pond	un	18352645	62	0.002587025	12.88889	1.48569	111.81544	1.11022	0.18148	-1.00000	-1.00000
350089	Rosebud_Top_P	Jail_Pond	un	18354155	111	0.010050659	10.00000	1.15273	86.75040	1.00000	0.15027	-1.00000	-1.00000
350095	Rosebud_Top_P	Jail_Pond	un	18354864	19	0.208144796	0.26437	0.02576	2.71292	0.57779	0.04667	-1.00000	-1.00000
350494	Rosebud_Top_P	Jail_Pond	un	18359875	47	0.429713513	1.57343	0.53667	4.61299	0.19685	0.01269	-1.00000	-1.00000
350566	Rosebud_Top_P	Jail_Pond	un	18360769	138	0.245454545	3.22222	0.31567	32.89072	0.50816	0.03704	-1.00000	-1.00000
350732	Rosebud_Top_P	Jail_Pond	un	18362468	283	1.000000000	1.92857	0.16509	22.52900	0.28524	0.01752	-1.00000	-1.00000
350850	Rosebud_Top_P	Jail_Pond	un	18363165	140	0.025728988	7.25000	0.81543	64.45982	0.86034	0.09804	-1.00000	-1.00000
351151	Rosebud_Top_P	Jail_Pond	un	18364732	61	0.001369902	14.29412	1.65955	123.11864	1.15516	0.20635	-1.00000	-1.00000
351157	Rosebud_Top_P	Jail_Pond	un	18366250	64	0.011308779	9.00000	1.02601	78.94656	0.95424	0.13043	-1.00000	-1.00000
351439	Rosebud_Top_P	Jail_Pond	un	18369843	362	0.225306122	3.52174	0.34246	36.21597	0.54676	0.04514	-1.00000	-1.00000
351484	Rosebud_Top_P	Jail_Pond	un	18370393	57	0.104821803	4.83333	0.50582	46.18450	0.68425	0.06335	-1.00000	-1.00000
351644	Rosebud_Top_P	Jail_Pond	un	18374281	55	0.490612245	3.00000	0.29185	30.83754	0.47712	0.03846	-1.00000	-1.00000
352441	Rosebud_Top_P	Jail_Pond	un	18381602	223	0.225306122	0.28395	0.02761	2.92002	0.54676	0.04514	-1.00000	-1.00000
352713	Rosebud_Top_P	Jail_Pond	un	18387029	41	0.481481481	0.44828	0.03837	5.23742	0.34845	0.02032	-1.00000	-1.00000
352753	Rosebud_Top_P	Jail_Pond	un	18387951	46	0.236897275	0.24074	0.02521	2.29910	0.61845	0.05462	-1.00000	-1.00000
353208	Rosebud_Top_P	Jail_Pond	un	18392097	141	0.011603269	0.11330	0.01299	0.98798	0.94577	0.12000	-1.00000	-1.00000
353467	Rosebud_Top_P	Jail_Pond	un	18397001	146	0.118181818	4.46154	0.46819	42.51565	0.64948	0.05660	-1.00000	-1.00000
353600	Rosebud_Top_P	Jail_Pond	un	18398315	20	0.047272578	0.15862	0.01730	1.45424	0.79964	0.08615	-1.00000	-1.00000
353785	Rosebud_Top_P	Jail_Pond	un	18400082	285	1.000000000	1.92857	0.16509	22.52900	0.28524	0.01752	-1.00000	-1.00000
354345	Rosebud_Top_P	Jail_Pond	un	18408697	49	0.000000581	43.20000	5.04896	369.62860	1.63548	0.46429	-1.00000	-1.00000
354393	Rosebud_Top_P	Jail_Pond	un	18411934	59	0.461538462	2.41667	0.20633	28.30581	0.38322	0.02288	-1.00000	-1.00000
354414	Rosebud_Top_P	Jail_Pond	un	18413611	130	0.000708021	16.17647	1.90730	137.19798	1.20888	0.23077	-1.00000	-1.00000
354585	Rosebud_Top_P	Jail_Pond	un	18415055	137	0.493212670	2.77778	0.27089	28.48358	0.44370	0.03429	-1.00000	-1.00000
354623	Rosebud_Top_P	Jail_Pond	un	18415987	129	0.054169360	6.25000	0.69956	55.83867	0.79588	0.09119	-1.00000	-1.00000
354673	Rosebud_Top_P	Jail_Pond	un	18419171	83	0.055222089	5.86957	0.63881	53.93145	0.76861	0.08333	-1.00000	-1.00000
354739	Rosebud_Top_P	Jail_Pond	un	18423273	149	0.239819005	3.84615	0.40172	36.82394	0.58503	0.05248	-1.00000	-1.00000
355416	Rosebud_Top_P	Jail_Pond	un	18432976	67	0.245454545	3.22222	0.31567	32.89072	0.50816	0.03704	-1.00000	-1.00000
355436	Rosebud_Top_P	Jail_Pond	un	18434073	359	0.500000000	2.08333	0.17711	24.50678	0.31876	0.02128	-1.00000	-1.00000
355496	Rosebud_Top_P	Jail_Pond	un	18434649	267	0.500000000	0.48000	0.04081	5.64636	0.31876	0.02128	-1.00000	-1.00000
355547	Rosebud_Top_P	Jail_Pond	un	18437644	106	0.480000000	2.25000	0.19172	26.40626	0.35218	0.02211	-1.00000	-1.00000
355566	Rosebud_Top_P	Jail_Pond	un	18438470	109	0.000000008	63.88889	11.69980	348.87695	1.80543	0.60446	-1.00000	-1.00000
355644	Rosebud_Top_P	Jail_Pond	un	18440819	48	1.000000000	1.78571	0.15251	20.90852	0.25181	0.01681	-1.00000	-1.00000
355715	Rosebud_Top_P	Jail_Pond	un	18447806	8	0.000000001	79.75000	9.27583	685.65979	1.90173	0.60000	-1.00000	-1.00000
355872	Rosebud_Top_P	Jail_Pond	un	18449424	22	0.001768977	13.88889	1.62905	118.41340	1.14267	0.20263	-1.00000	-1.00000
355989	Rosebud_Top_P	Jail_Pond	un	18452611	113	0.008470111	9.94737	1.12900	87.64407	0.99771	0.14773	-1.00000	-1.00000
356056	Rosebud_Top_P	Jail_Pond	un	18454537	407	1.000000000	0.51852	0.04439	6.05718	0.28524	0.01752	-1.00000	-1.00000
356113	Rosebud_Top_P	Jail_Pond	un	18457380	38	0.000000000	113.40000	12.29761	1045.69580	2.05461	0.72222	-1.00000	-1.00000
356185	Rosebud_Top_P	Jail_Pond	un	18461446	151	0.490612245	3.00000	0.29185	30.83754	0.47712	0.03846	-1.00000	-1.00000
356321	Rosebud_Top_P	Jail_Pond	un	18467808	22	0.000490337	20.25000	2.40238	170.68977	1.30642	0.21646	-1.00000	-1.00000
356489	Rosebud_Top_P	Jail_Pond	un	18474865	19	0.005669382	5.60000	1.63778	19.14788	0.74819	0.15099	-1.00000	-1.00000
356523	Rosebud_Top_P	Jail_Pond	un	18476596	78	0.001369902	14.29412	1.65955	123.11864	1.15516	0.20635	-1.00000	-1.00000
356910	Rosebud_Top_P	Jail_Pond	un	18486306	125	0.481481481	0.44828	0.03837	5.23742	0.34845	0.02032	-1.00000	-1.00000
356918	Rosebud_Top_P	Jail_Pond	un	18488598	83	0.236897275	4.15385	0.43495	39.66973	0.61845	0.05462	-1.00000	-1.00000
357374	Rosebud_Top_P	Jail_Pond	un	18496896	127	0.010050659	10.00000	1.15273	86.75040	1.00000	0.15027	-1.00000	-1.00000
358082	Rosebud_Top_P	Jail_Pond	un	18513337	258	1.000000000	1.92308	0.16389	22.56519	0.28400	0.01884	-1.00000	-1.00000
358088	Rosebud_Top_P	Jail_Pond	un	18514028	109	0.000001109	39.54546	4.65292	336.09937	1.59710	0.42982	-1.00000	-1.00000
358090	Rosebud_Top_P	Jail_Pond	un	18514721	9	0.236897275	4.15385	0.43495	39.66973	0.61845	0.05462	-1.00000	-1.00000
358207	Rosebud_Top_P	Jail_Pond	un	18516635	224	0.500000000	0.48000	0.04081	5.64636	0.31876	0.02128	-1.00000	-1.00000
358341	Rosebud_Top_P	Jail_Pond	un	18517433	301	0.245098039	3.24000	0.31597	33.22326	0.51055	0.04000	-1.00000	-1.00000
358457	Rosebud_Top_P	Jail_Pond	un	18520406	12	0.016354234	8.70000	0.97139	77.91955	0.93952	0.12411	-1.00000	-1.00000
358644	Rosebud_Top_P	Jail_Pond	un	18522974	74	0.112015456	5.40000	0.58948	49.46759	0.73239	0.07429	-1.00000	-1.00000
359194	Rosebud_Top_P	Jail_Pond	un	18531876	154	0.275061667	1.95000	0.63886	5.95202	0.29003	0.02576	-1.00000	-1.00000
359622	Rosebud_Top_P	Jail_Pond	un	18541559	129	0.027715237	9.00000	1.02601	78.94656	0.95424	0.09375	-1.00000	-1.00000
359701	Rosebud_Top_P	Jail_Pond	un	18542333	64	0.000009130	36.00000	4.27091	303.44849	1.55630	0.33937	-1.00000	-1.00000
359867	Rosebud_Top_P	Jail_Pond	un	18543907	87	0.011308779	9.00000	1.02601	78.94656	0.95424	0.13043	-1.00000	-1.00000
360457	Rosebud_Top_P	Jail_Pond	un	18547830	73	1.000000000	1.92308	0.16389	22.56519	0.28400	0.01884	-1.00000	-1.00000
360993	Rosebud_Top_P	Jail_Pond	un	18551155	93	0.481481481	2.23077	0.19093	26.06312	0.34845	0.02032	-1.00000	-1.00000
361138	Rosebud_Top_P	Jail_Pond	un	18551921	85	0.091583710	5.27273	0.55003	50.54564	0.72204	0.07143	-1.00000	-1.00000
361591	Rosebud_Top_P	Jail_Pond	un	18554348	211	1.000000000	1.92308	0.16389	22.56519	0.28400	0.01884	-1.00000	-1.00000
363633	Rosebud_Top_P	Jail_Pond	un	18564379	236	0.245454545	0.31034	0.03040	3.16783	0.50816	0.03704	-1.00000	-1.00000
363959	Rosebud_Top_P	Jail_Pond	un	18567517	135	0.005105438	10.54545	1.22656	90.66576	1.02307	0.14286	-1.00000	-1.00000
363961	Rosebud_Top_P	Jail_Pond	un	18568205	53	0.022700900	4.54545	1.37038	15.07691	0.65758	0.12442	-1.00000	-1.00000
364719	Rosebud_Top_P	Jail_Pond	un	18571624	232	0.500000000	0.48276	0.04141	5.62819	0.31627	0.01818	-1.00000	-1.00000
365545	Rosebud_Top_P	Jail_Pond	un	18590129	120	0.104821803	4.83333	0.50582	46.18450	0.68425	0.06335	-1.00000	-1.00000
365731	Rosebud_Top_P	Jail_Pond	un	18594980	283	0.480000000	0.44444	0.03787	5.21605	0.35218	0.02211	-1.00000	-1.00000
365771	Rosebud_Top_P	Jail_Pond	un	18595630	132	0.491264850	0.33333	0.03259	3.40968	0.47712	0.03571	-1.00000	-1.00000
365874	Rosebud_Top_P	Jail_Pond	un	18597361	232	0.025310124	7.36364	0.82361	65.83572	0.86709	0.10638	-1.00000	-1.00000
365960	Rosebud_Top_P	Jail_Pond	un	18602978	265	0.235918367	0.24000	0.02500	2.30408	0.61979	0.05892	-1.00000	-1.00000
366006	Rosebud_Top_P	Jail_Pond	un	18604492	145	0.565303853	0.60606	0.19388	1.89448	0.21748	0.01435	-1.00000	-1.00000
366124	Rosebud_Top_P	Jail_Pond	un	18607511	99	0.000000000	174.00000	18.20957	1662.64185	2.24055	0.79901	-1.00000	-1.00000
366323	Rosebud_Top_P	Jail_Pond	un	18612943	42	0.111055145	0.18400	0.01997	1.69499	0.73518	0.08027	-1.00000	-1.00000
366357	Rosebud_Top_P	Jail_Pond	un	18614666	115	0.000190927	19.80000	2.32434	168.66753	1.29667	0.27083	-1.00000	-1.00000
366367	Rosebud_Top_P	Jail_Pond	un	18615965	585	1.000000000	0.52000	0.04432	6.10163	0.28400	0.01884	-1.00000	-1.00000
366392	Rosebud_Top_P	Jail_Pond	un	18616967	40	0.104821803	4.83333	0.50582	46.18450	0.68425	0.06335	-1.00000	-1.00000
366482	Rosebud_Top_P	Jail_Pond	un	18619930	41	0.000000000	145.00000	15.86366	1325.35596	2.16137	0.75000	-1.00000	-1.00000
366510	Rosebud_Top_P	Jail_Pond	un	18623078	80	0.002587025	12.88889	1.48569	111.81544	1.11022	0.18148	-1.00000	-1.00000
367007	Rosebud_Top_P	Jail_Pond	un	18628748	84	0.245098039	3.24000	0.31597	33.22326	0.51055	0.04000	-1.00000	-1.00000
367022	Rosebud_Top_P	Jail_Pond	un	18629447	11	0.235918367	4.16667	0.43401	40.00140	0.61979	0.05892	-1.00000	-1.00000
367984	Rosebud_Top_P	Jail_Pond	un	18638098	91	1.000000000	0.52000	0.04432	6.10163	0.28400	0.00517	-1.00000	-1.00000
368430	Rosebud_Top_P	Jail_Pond	un	18643129	299	0.245454545	0.31034	0.03040	3.16783	0.50816	0.03704	-1.00000	-1.00000
368447	Rosebud_Top_P	Jail_Pond	un	18644208	489	0.500000000	0.48148	0.04113	5.63661	0.31742	0.01961	-1.00000	-1.00000
369528	Rosebud_Top_P	Jail_Pond	un	18664428	19	0.000022275	27.00000	3.18017	229.23271	1.43136	0.34211	-1.00000	-1.00000
369685	Rosebud_Top_P	Jail_Pond	un	18666837	85	0.025910863	9.47059	1.06300	84.37661	0.97638	0.11250	-1.00000	-1.00000
369787	Rosebud_Top_P	Jail_Pond	un	18669161	29	0.500000000	2.07692	0.17741	24.31412	0.31742	0.01961	-1.00000	-1.00000
370357	Rosebud_Top_P	Jail_Pond	un	18675613	22	0.481481481	0.44828	0.03837	5.23742	0.34845	0.02032	-1.00000	-1.00000
370518	Rosebud_Top_P	Jail_Pond	un	18678104	146	0.025310124	0.13580	0.01519	1.21416	0.86709	0.10638	-1.00000	-1.00000
370626	Rosebud_Top_P	Jail_Pond	un	18683575	52	0.500000000	2.07692	0.17741	24.31412	0.31742	0.01961	-1.00000	-1.00000
370882	Rosebud_Top_P	Jail_Pond	un	18685134	32	0.091583710	5.27273	0.55003	50.54564	0.72204	0.07143	-1.00000	-1.00000
371036	Rosebud_Top_P	Jail_Pond	un	18687463	37	1.000000000	0.51852	0.04439	6.05718	0.28524	0.01752	-1.00000	-1.00000
371766	Rosebud_Top_P	Jail_Pond	un	18692383	125	0.000000149	51.00000	5.92112	439.27515	1.70757	0.50980	-1.00000	-1.00000
371771	Rosebud_Top_P	Jail_Pond	un	18693386	263	0.500000000	2.07692	0.17741	24.31412	0.31742	0.01961	-1.00000	-1.00000
371861	Rosebud_Top_P	Jail_Pond	un	18696552	153	0.000190927	19.80000	2.32434	168.66753	1.29667	0.27083	-1.00000	-1.00000
372360	Rosebud_Top_P	Jail_Pond	un	18699215	320	0.104821803	0.20690	0.02165	1.97698	0.68425	0.06335	-1.00000	-1.00000
372393	Rosebud_Top_P	Jail_Pond	un	18699787	62	0.000014798	18.75000	4.36007	80.63223	1.27300	0.35971	-1.00000	-1.00000
372506	Rosebud_Top_P	Jail_Pond	un	18701354	38	0.461538462	2.41667	0.20633	28.30581	0.38322	0.02288	-1.00000	-1.00000
372545	Rosebud_Top_P	Jail_Pond	un	18703044	132	0.245098039	3.24000	0.31597	33.22326	0.51055	0.04000	-1.00000	-1.00000
373245	Rosebud_Top_P	Jail_Pond	un	18709982	12	0.493212670	0.36000	0.03511	3.69147	0.44370	0.03429	-1.00000	-1.00000
373360	Rosebud_Top_P	Jail_Pond	un	18712399	141	0.000028156	25.13333	2.99466	210.93718	1.40025	0.30769	-1.00000	-1.00000
374959	Rosebud_Top_P	Jail_Pond	un	18725765	111	0.010399967	9.81818	1.13937	84.60557	0.99203	0.13830	-1.00000	-1.00000
375128	Rosebud_Top_P	Jail_Pond	un	18727341	64	0.500000000	2.07692	0.17741	24.31412	0.31742	0.01961	-1.00000	-1.00000
375658	Rosebud_Top_P	Jail_Pond	un	18742440	19	0.022958460	8.33333	0.94752	73.29038	0.92082	0.12587	-1.00000	-1.00000
375745	Rosebud_Top_P	Jail_Pond	un	18745680	153	0.011053539	5.06667	1.47028	17.46004	0.70472	0.13609	-1.00000	-1.00000
375779	Rosebud_Top_P	Jail_Pond	un	18747416	224	0.500000000	0.48148	0.04113	5.63661	0.31742	0.01961	-1.00000	-1.00000
376035	Rosebud_Top_P	Jail_Pond	un	18757564	14	0.004279824	11.84210	1.37884	101.70531	1.07343	0.17582	-1.00000	-1.00000
376064	Rosebud_Top_P	Jail_Pond	un	18758382	58	0.610508033	0.33333	0.03224	3.44607	0.47712	0.01843	-1.00000	-1.00000
376352	Rosebud_Top_P	Jail_Pond	un	18769182	43	0.103265306	4.90909	0.51099	47.16195	0.69100	0.06915	-1.00000	-1.00000
376369	Rosebud_Top_P	Jail_Pond	un	18770271	280	0.500000000	2.07692	0.17741	24.31412	0.31742	0.01961	-1.00000	-1.00000
376373	Rosebud_Top_P	Jail_Pond	un	18770910	44	0.674869948	0.63889	0.09764	4.18031	0.19457	0.00426	-1.00000	-1.00000
376600	Rosebud_Top_P	Jail_Pond	un	18779130	52	0.481481481	2.23077	0.19093	26.06312	0.34845	0.02032	-1.00000	-1.00000
377074	Rosebud_Top_P	Jail_Pond	un	18784787	131	0.046139818	6.42857	0.69714	59.27980	0.80811	0.09420	-1.00000	-1.00000
377348	Rosebud_Top_P	Jail_Pond	un	18785904	451	0.225306122	3.52174	0.34246	36.21597	0.54676	0.04514	-1.00000	-1.00000
382572	Rosebud_Top_P	Jail_Pond	un	18814636	129	0.024822695	0.13333	0.01482	1.19995	0.87506	0.11628	-1.00000	-1.00000
382690	Rosebud_Top_P	Jail_Pond	un	18815370	41	0.000000005	75.00000	8.52772	659.61346	1.87506	0.61538	-1.00000	-1.00000
384452	Rosebud_Top_P	Jail_Pond	un	18823773	60	0.091583710	5.27273	0.55003	50.54564	0.72204	0.07143	-1.00000	-1.00000
384573	Rosebud_Top_P	Jail_Pond	un	18824588	78	0.480000000	2.25000	0.19172	26.40626	0.35218	0.02211	-1.00000	-1.00000
385009	Rosebud_Top_P	Jail_Pond	un	18829492	87	0.004700643	11.11111	1.27451	96.86606	1.04576	0.17073	-1.00000	-1.00000
386496	Rosebud_Top_P	Jail_Pond	un	18844411	270	0.481481481	0.44828	0.03837	5.23742	0.34845	0.02032	-1.00000	-1.00000
386784	Rosebud_Top_P	Jail_Pond	un	18845731	61	0.225306122	0.28395	0.02761	2.92002	0.54676	0.04514	-1.00000	-1.00000
387072	Rosebud_Top_P	Jail_Pond	un	18849939	211	0.481481481	2.23077	0.19093	26.06312	0.34845	0.02032	-1.00000	-1.00000
392564	Rosebud_Top_P	Jail_Pond	un	18853005	180	1.000000000	0.51852	0.04439	6.05718	0.28524	0.01752	-1.00000	-1.00000
397403	Rosebud_Top_P	Jail_Pond	un	18855508	416	0.500000000	2.08333	0.17711	24.50678	0.31876	0.02128	-1.00000	-1.00000
402432	Rosebud_Top_P	Jail_Pond	un	18858298	130	0.000190927	19.80000	2.32434	168.66753	1.29667	0.27083	-1.00000	-1.00000
421227	Rosebud_Top_P	Jail_Pond	un	18868914	347	0.227113906	3.48000	0.34009	35.60907	0.54158	0.04142	-1.00000	-1.00000
421296	Rosebud_Top_P	Jail_Pond	un	18869470	46	0.039250162	0.14483	0.01574	1.33255	0.83915	0.09722	-1.00000	-1.00000
426452	Rosebud_Top_P	Jail_Pond	un	18871198	41	0.103265306	4.90909	0.51099	47.16195	0.69100	0.06915	-1.00000	-1.00000
426826	Rosebud_Top_P	Jail_Pond	un	18872124	143	0.000849276	0.06667	0.00784	0.56688	1.17609	0.20930	-1.00000	-1.00000
427173	Rosebud_Top_P	Jail_Pond	un	18874729	242	0.500000000	0.48276	0.04141	5.62819	0.31627	0.01818	-1.00000	-1.00000
427203	Rosebud_Top_P	Jail_Pond	un	18876195	89	0.500000000	0.48276	0.04141	5.62819	0.31627	0.01818	-1.00000	-1.00000
427213	Rosebud_Top_P	Jail_Pond	un	18877775	139	0.293774255	2.57895	0.58233	11.42137	0.41144	0.03245	-1.00000	-1.00000
427885	Rosebud_Top_P	Jail_Pond	un	18883066	112	0.481481481	2.23077	0.19093	26.06312	0.34845	0.02032	-1.00000	-1.00000
428059	Rosebud_Top_P	Jail_Pond	un	18886311	80	0.000000082	56.25000	6.45221	490.38443	1.75012	0.54839	-1.00000	-1.00000
428711	Rosebud_Top_P	Jail_Pond	un	18892393	25	0.744743607	1.40000	0.37697	5.19934	0.14613	0.00507	-1.00000	-1.00000
429622	Rosebud_Top_P	Jail_Pond	un	18894834	90	0.000000010	63.00000	7.38797	537.22504	1.79934	0.54622	-1.00000	-1.00000
429827	Rosebud_Top_P	Jail_Pond	un	18895542	10	0.490612245	3.00000	0.29185	30.83754	0.47712	0.03846	-1.00000	-1.00000
430218	Rosebud_Top_P	Jail_Pond	un	18897128	14	0.104821803	0.20690	0.02165	1.97698	0.68425	0.06335	-1.00000	-1.00000
430409	Rosebud_Top_P	Jail_Pond	un	18900297	25	0.118181818	0.22414	0.02352	2.13589	0.64948	0.05660	-1.00000	-1.00000
430864	Rosebud_Top_P	Jail_Pond	un	18904399	63	0.480000000	2.25000	0.19172	26.40626	0.35218	0.02211	-1.00000	-1.00000
432311	Rosebud_Top_P	Jail_Pond	un	18910829	28	0.020060790	8.10000	0.90237	72.70824	0.90849	0.12037	-1.00000	-1.00000
432525	Rosebud_Top_P	Jail_Pond	un	18911719	177	0.500000000	0.48148	0.04113	5.63661	0.31742	0.01961	-1.00000	-1.00000
432809	Rosebud_Top_P	Jail_Pond	un	18913212	47	0.000000002	82.14286	9.37414	719.79358	1.91457	0.62857	-1.00000	-1.00000
433817	Rosebud_Top_P	Jail_Pond	un	18919914	125	0.245454545	0.31034	0.03040	3.16783	0.50816	0.03704	-1.00000	-1.00000
434320	Rosebud_Top_P	Jail_Pond	un	18920685	76	0.661311333	0.58333	0.08878	3.83298	0.23408	0.00641	-1.00000	-1.00000
435117	Rosebud_Top_P	Jail_Pond	un	18924164	270	1.000000000	1.00000	0.05944	16.82259	0.00000	0.00000	-1.00000	-1.00000
435543	Rosebud_Top_P	Jail_Pond	un	18928090	98	0.000110472	21.42857	2.51518	182.56502	1.33099	0.29730	-1.00000	-1.00000
436708	Rosebud_Top_P	Jail_Pond	un	18942390	12	0.094815285	0.15556	0.01687	1.43442	0.80811	0.06198	-1.00000	-1.00000
436852	Rosebud_Top_P	Jail_Pond	un	18944199	57	0.562184193	0.63636	0.19911	2.03380	0.19629	0.01124	-1.00000	-1.00000
436879	Rosebud_Top_P	Jail_Pond	un	18944992	37	0.225306122	0.28395	0.02761	2.92002	0.54676	0.04514	-1.00000	-1.00000
437995	Rosebud_Top_P	Jail_Pond	un	18958755	14	0.000110472	21.42857	2.51518	182.56502	1.33099	0.29730	-1.00000	-1.00000
438582	Rosebud_Top_P	Jail_Pond	un	18962852	35	0.055222089	5.86957	0.63881	53.93145	0.76861	0.08333	-1.00000	-1.00000
438833	Rosebud_Top_P	Jail_Pond	un	18964668	117	0.047272578	0.15862	0.01730	1.45424	0.79964	0.08615	-1.00000	-1.00000
438898	Rosebud_Top_P	Jail_Pond	un	18965437	151	0.003714274	11.60000	1.34375	100.13750	1.06446	0.16039	-1.00000	-1.00000
439445	Rosebud_Top_P	Jail_Pond	un	18968709	294	0.493212670	2.77778	0.27089	28.48358	0.44370	0.03429	-1.00000	-1.00000
439920	Rosebud_Top_P	Jail_Pond	un	18974179	133	0.020799934	7.90909	0.88661	70.55416	0.89813	0.10989	-1.00000	-1.00000
440106	Rosebud_Top_P	Jail_Pond	un	18977379	84	0.117647059	4.50000	0.46992	43.09288	0.65321	0.06122	-1.00000	-1.00000
440434	Rosebud_Top_P	Jail_Pond	un	18982685	382	0.500000000	0.48148	0.04113	5.63661	0.31742	0.01961	-1.00000	-1.00000
440803	Rosebud_Top_P	Jail_Pond	un	18986603	257	0.480000000	2.25000	0.19172	26.40626	0.35218	0.02211	-1.00000	-1.00000
441053	Rosebud_Top_P	Jail_Pond	un	18987199	59	0.024822695	7.50000	0.83337	67.49715	0.87506	0.11628	-1.00000	-1.00000
441329	Rosebud_Top_P	Jail_Pond	un	18989686	180	0.245098039	0.30864	0.03010	3.16484	0.51055	0.04000	-1.00000	-1.00000
441478	Rosebud_Top_P	Jail_Pond	un	18994497	233	0.461538462	2.41667	0.20633	28.30581	0.38322	0.02288	-1.00000	-1.00000
441482	Rosebud_Top_P	Jail_Pond	un	18995115	62	0.481481481	0.44828	0.03837	5.23742	0.34845	0.02032	-1.00000	-1.00000
441486	Rosebud_Top_P	Jail_Pond	un	18996165	349	1.000000000	0.52000	0.04432	6.10163	0.28400	0.01884	-1.00000	-1.00000
442113	Rosebud_Top_P	Jail_Pond	un	19005540	153	0.118181818	4.46154	0.46819	42.51565	0.64948	0.05660	-1.00000	-1.00000
442815	Rosebud_Top_P	Jail_Pond	un	19007913	94	0.225306122	3.52174	0.34246	36.21597	0.54676	0.04514	-1.00000	-1.00000
444724	Rosebud_Top_P	Jail_Pond	un	19015893	111	0.761508567	0.81429	0.23137	2.86584	0.08922	0.00197	-1.00000	-1.00000
445308	Rosebud_Top_P	Jail_Pond	un	19017018	408	0.000000000	625.00000	37.00302	10556.57129	2.79588	1.00000	-1.00000	-1.00000
445929	Rosebud_Top_P	Jail_Pond	un	19021710	119	0.024822695	0.13333	0.01482	1.19995	0.87506	0.11628	-1.00000	-1.00000
448256	Rosebud_Top_P	Jail_Pond	un	19025453	23	0.046139818	0.15556	0.01687	1.43442	0.80811	0.09420	-1.00000	-1.00000
450322	Rosebud_Top_P	Jail_Pond	un	19033469	55	0.500000000	2.07143	0.17768	24.14955	0.31627	0.01818	-1.00000	-1.00000
452648	Rosebud_Top_P	Jail_Pond	un	19043297	124	0.461538462	2.41667	0.20633	28.30581	0.38322	0.02288	-1.00000	-1.00000
453096	Rosebud_Top_P	Jail_Pond	un	19044811	61	0.000144217	0.05172	0.00619	0.43227	1.28631	0.24444	-1.00000	-1.00000
454037	Rosebud_Top_P	Jail_Pond	un	19050996	481	1.000000000	0.51852	0.04439	6.05718	0.28524	0.01752	-1.00000	-1.00000
454877	Rosebud_Top_P	Jail_Pond	un	19054647	139	0.039250162	0.14483	0.01574	1.33255	0.83915	0.09722	-1.00000	-1.00000
455471	Rosebud_Top_P	Jail_Pond	un	19056030	18	0.239819005	0.26000	0.02716	2.48930	0.58503	0.05248	-1.00000	-1.00000
455490	Rosebud_Top_P	Jail_Pond	un	19057196	334	0.117647059	4.50000	0.46992	43.09288	0.65321	0.06122	-1.00000	-1.00000
456076	Rosebud_Top_P	Jail_Pond	un	19058444	33	1.000000000	1.02667	0.33357	3.15994	0.01143	0.00004	-1.00000	-1.00000
456357	Rosebud_Top_P	Jail_Pond	un	19062807	142	0.025728988	0.13793	0.01551	1.22635	0.86034	0.09804	-1.00000	-1.00000
458244	Rosebud_Top_P	Jail_Pond	un	19066682	126	1.000000000	1.92857	0.16509	22.52900	0.28524	0.01752	-1.00000	-1.00000
458584	Rosebud_Top_P	Jail_Pond	un	19068219	62	0.055222089	0.17037	0.01854	1.56542	0.76861	0.08333	-1.00000	-1.00000
458931	Rosebud_Top_P	Jail_Pond	un	19069891	152	0.001113772	9.80000	2.28340	42.06013	0.99123	0.22960	-1.00000	-1.00000
458997	Rosebud_Top_P	Jail_Pond	un	19071580	148	0.000000000	351.00000	29.98258	4109.08643	2.54531	0.92593	-1.00000	-1.00000
459184	Rosebud_Top_P	Jail_Pond	un	19074074	276	0.245098039	0.30864	0.03010	3.16484	0.51055	0.04000	-1.00000	-1.00000
459271	Rosebud_Top_P	Jail_Pond	un	19074768	64	0.000000000	133.39999	14.55060	1223.01221	2.12516	0.74038	-1.00000	-1.00000
459601	Rosebud_Top_P	Jail_Pond	un	19075543	38	0.000274939	15.00000	2.89983	77.59085	1.17609	0.27099	-1.00000	-1.00000
460935	Rosebud_Top_P	Jail_Pond	un	19079805	17	0.117021277	0.22000	0.02284	2.11887	0.65758	0.06667	-1.00000	-1.00000
461043	Rosebud_Top_P	Jail_Pond	un	19081553	260	0.235918367	0.24000	0.02500	2.30408	0.61979	0.05892	-1.00000	-1.00000
461562	Rosebud_Top_P	Jail_Pond	un	19084133	320	0.481481481	0.44828	0.03837	5.23742	0.34845	0.02032	-1.00000	-1.00000
462466	Rosebud_Top_P	Jail_Pond	un	19085409	55	0.020060790	8.10000	0.90237	72.70824	0.90849	0.12037	-1.00000	-1.00000
462779	Rosebud_Top_P	Jail_Pond	un	19088793	176	1.000000000	0.52000	0.04432	6.10163	0.28400	0.01884	-1.00000	-1.00000
464232	Rosebud_Top_P	Jail_Pond	un	19095782	97	1.000000000	1.00000	0.05893	16.97048	0.00000	0.00000	-1.00000	-1.00000
465043	Rosebud_Top_P	Jail_Pond	un	19100527	48	0.000000000	261.00000	25.56952	2664.14868	2.41664	0.86667	-1.00000	-1.00000
465535	Rosebud_Top_P	Jail_Pond	un	19106435	475	0.481481481	0.44828	0.03837	5.23742	0.34845	0.02032	-1.00000	-1.00000
465669	Rosebud_Top_P	Jail_Pond	un	19106981	209	0.500000000	0.48148	0.04113	5.63661	0.31742	0.01961	-1.00000	-1.00000
465732	Rosebud_Top_P	Jail_Pond	un	19107636	125	0.025310124	7.36364	0.82361	65.83572	0.86709	0.10638	-1.00000	-1.00000
466776	Rosebud_Top_P	Jail_Pond	un	19114846	40	0.208144796	0.26437	0.02576	2.71292	0.57779	0.04667	-1.00000	-1.00000
466805	Rosebud_Top_P	Jail_Pond	un	19116152	513	1.000000000	0.52000	0.04432	6.10163	0.28400	0.01884	-1.00000	-1.00000
467960	Rosebud_Top_P	Jail_Pond	un	19126914	229	1.000000000	0.52000	0.04432	6.10163	0.28400	0.01884	-1.00000	-1.00000
468492	Rosebud_Top_P	Jail_Pond	un	19132181	48	0.504726820	1.83333	0.46759	7.18810	0.26324	0.01423	-1.00000	-1.00000
468571	Rosebud_Top_P	Jail_Pond	un	19133038	9	0.500000000	0.48148	0.04113	5.63661	0.31742	0.01961	-1.00000	-1.00000
469736	Rosebud_Top_P	Jail_Pond	un	19141881	338	1.000000000	1.92308	0.16389	22.56519	0.28400	0.01884	-1.00000	-1.00000
469761	Rosebud_Top_P	Jail_Pond	un	19142374	20	0.500000000	2.07143	0.17768	24.14955	0.31627	0.01818	-1.00000	-1.00000
469953	Rosebud_Top_P	Jail_Pond	un	19144911	144	1.000000000	1.00000	0.05920	16.89051	0.00000	0.00000	-1.00000	-1.00000
470007	Rosebud_Top_P	Jail_Pond	un	19145871	331	1.000000000	1.92857	0.16509	22.52900	0.28524	0.01752	-1.00000	-1.00000
470605	Rosebud_Top_P	Jail_Pond	un	19149609	112	0.275626364	2.10744	0.71102	6.24641	0.32375	0.03388	-1.00000	-1.00000
471010	Rosebud_Top_P	Jail_Pond	un	19154470	229	0.244680851	3.26087	0.31632	33.61525	0.51333	0.04348	-1.00000	-1.00000
472473	Rosebud_Top_P	Jail_Pond	un	19164877	115	0.009401286	0.08000	0.00912	0.70174	1.09691	0.14704	-1.00000	-1.00000
473017	Rosebud_Top_P	Jail_Pond	un	19168150	119	0.117647059	4.50000	0.46992	43.09288	0.65321	0.06122	-1.00000	-1.00000
473113	Rosebud_Top_P	Jail_Pond	un	19169200	356	0.500000000	0.48148	0.04113	5.63661	0.31742	0.01961	-1.00000	-1.00000
473360	Rosebud_Top_P	Jail_Pond	un	19173209	13	0.000000016	65.25000	7.52132	566.06567	1.81458	0.56667	-1.00000	-1.00000
473680	Rosebud_Top_P	Jail_Pond	un	19174819	49	0.104821803	4.83333	0.50582	46.18450	0.68425	0.06335	-1.00000	-1.00000
474158	Rosebud_Top_P	Jail_Pond	un	19185465	137	0.051107251	6.81818	0.76063	61.11749	0.83367	0.10256	-1.00000	-1.00000
474245	Rosebud_Top_P	Jail_Pond	un	19186447	284	0.244680851	3.26087	0.31632	33.61525	0.51333	0.04348	-1.00000	-1.00000
474261	Rosebud_Top_P	Jail_Pond	un	19187445	436	1.000000000	1.78571	0.15251	20.90852	0.25181	0.01681	-1.00000	-1.00000
474263	Rosebud_Top_P	Jail_Pond	un	19188189	368	1.000000000	0.51852	0.04439	6.05718	0.28524	0.01752	-1.00000	-1.00000
474289	Rosebud_Top_P	Jail_Pond	un	19190521	352	0.481481481	0.44828	0.03837	5.23742	0.34845	0.02032	-1.00000	-1.00000
475394	Rosebud_Top_P	Jail_Pond	un	19203644	40	0.003465046	0.08333	0.00958	0.72459	1.07918	0.17636	-1.00000	-1.00000
475650	Rosebud_Top_P	Jail_Pond	un	19206976	49	0.103265306	4.90909	0.51099	47.16195	0.69100	0.06915	-1.00000	-1.00000
477534	Rosebud_Top_P	Jail_Pond	un	19215426	250	0.481481481	2.23077	0.19093	26.06312	0.34845	0.02032	-1.00000	-1.00000
479167	Rosebud_Top_P	Jail_Pond	un	19224999	269	0.208144796	3.78261	0.36861	38.81679	0.57779	0.04667	-1.00000	-1.00000
480101	Rosebud_Top_P	Jail_Pond	un	19230450	15	0.117647059	4.50000	0.46992	43.09288	0.65321	0.06122	-1.00000	-1.00000
480224	Rosebud_Top_P	Jail_Pond	un	19233685	88	0.225306122	0.28395	0.02761	2.92002	0.54676	0.04514	-1.00000	-1.00000
480366	Rosebud_Top_P	Jail_Pond	un	19236707	25	0.500000000	2.07143	0.17768	24.14955	0.31627	0.01818	-1.00000	-1.00000
481054	Rosebud_Top_P	Jail_Pond	un	19240371	17	0.107089499	2.57576	0.83901	7.90759	0.41090	0.05357	-1.00000	-1.00000
481586	Rosebud_Top_P	Jail_Pond	un	19241515	405	0.461538462	2.41667	0.20633	28.30581	0.38322	0.02288	-1.00000	-1.00000
481649	Rosebud_Top_P	Jail_Pond	un	19243498	11	0.025310124	7.36364	0.82361	65.83572	0.86709	0.10638	-1.00000	-1.00000
481663	Rosebud_Top_P	Jail_Pond	un	19246062	218	0.480000000	2.25000	0.19172	26.40626	0.35218	0.02211	-1.00000	-1.00000
483272	Rosebud_Top_P	Jail_Pond	un	19255776	28	0.236897275	4.15385	0.43495	39.66973	0.61845	0.05462	-1.00000	-1.00000
483514	Rosebud_Top_P	Jail_Pond	un	19256706	149	0.000000000	116.00000	13.04689	1031.35706	2.06446	0.69697	-1.00000	-1.00000
484891	Rosebud_Top_P	Jail_Pond	un	19261951	24	0.000000252	44.81818	5.31062	378.23602	1.65145	0.45344	-1.00000	-1.00000
484947	Rosebud_Top_P	Jail_Pond	un	19263257	479	0.500000000	0.48148	0.04113	5.63661	0.31742	0.01961	-1.00000	-1.00000
485465	Rosebud_Top_P	Jail_Pond	un	19264441	70	0.067509302	0.28000	0.07290	1.07550	0.55284	0.07563	-1.00000	-1.00000
485804	Rosebud_Top_P	Jail_Pond	un	19267021	140	0.360144058	0.30667	0.02975	3.16133	0.51333	0.02083	-1.00000	-1.00000
486905	Rosebud_Top_P	Jail_Pond	un	19273222	81	1.000000000	1.92857	0.16509	22.52900	0.28524	0.01752	-1.00000	-1.00000
487669	Rosebud_Top_P	Jail_Pond	un	19276536	294	0.039250162	6.90476	0.75044	63.53036	0.83915	0.09722	-1.00000	-1.00000
488281	Rosebud_Top_P	Jail_Pond	un	19279821	292	1.000000000	0.51852	0.04439	6.05718	0.28524	0.01752	-1.00000	-1.00000
488962	Rosebud_Top_P	Jail_Pond	un	19286588	148	0.000000000	783.00000	46.62555	13149.20605	2.89376	1.00000	-1.00000	-1.00000
490085	Rosebud_Top_P	Jail_Pond	un	19288880	115	1.000000000	1.92857	0.16509	22.52900	0.28524	0.01752	-1.00000	-1.00000
490397	Rosebud_Top_P	Jail_Pond	un	19290549	111	0.117647059	4.50000	0.46992	43.09288	0.65321	0.06122	-1.00000	-1.00000
491840	Rosebud_Top_P	Jail_Pond	un	19295262	72	0.235918367	4.16667	0.43401	40.00140	0.61979	0.05892	-1.00000	-1.00000
493170	Rosebud_Top_P	Jail_Pond	un	19296127	37	0.111055145	5.43478	0.58997	50.06475	0.73518	0.08027	-1.00000	-1.00000
493947	Rosebud_Top_P	Jail_Pond	un	19298620	53	0.500000000	0.48148	0.04113	5.63661	0.31742	0.01961	-1.00000	-1.00000
494392	Rosebud_Top_P	Jail_Pond	un	19301028	63	0.000000000	175.50000	18.37673	1676.04626	2.24428	0.80049	-1.00000	-1.00000
496612	Rosebud_Top_P	Jail_Pond	un	19309691	236	0.500000000	0.48276	0.04141	5.62819	0.31627	0.01818	-1.00000	-1.00000
499884	Rosebud_Top_P	Jail_Pond	un	19323167	44	0.000305051	18.00000	2.14888	150.77641	1.25527	0.23754	-1.00000	-1.00000
501495	Rosebud_Top_P	Jail_Pond	un	19326961	41	0.000000000	729.00000	43.33459	12263.66797	2.86273	1.00000	-1.00000	-1.00000
502619	Rosebud_Top_P	Jail_Pond	un	19331548	36	1.000000000	0.56000	0.04783	6.55691	0.25181	0.01681	-1.00000	-1.00000
502651	Rosebud_Top_P	Jail_Pond	un	19332782	363	0.493212670	0.36000	0.03511	3.69147	0.44370	0.03429	-1.00000	-1.00000
502999	Rosebud_Top_P	Jail_Pond	un	19335080	214	0.490612245	3.00000	0.29185	30.83754	0.47712	0.03846	-1.00000	-1.00000
503035	Rosebud_Top_P	Jail_Pond	un	19340791	200	0.493212670	0.36000	0.03511	3.69147	0.44370	0.03429	-1.00000	-1.00000
503081	Rosebud_Top_P	Jail_Pond	un	19343789	129	0.547000858	1.62857	0.49176	5.39340	0.21181	0.01283	-1.00000	-1.00000
504327	Rosebud_Top_P	Jail_Pond	un	19356826	178	0.480000000	2.25000	0.19172	26.40626	0.35218	0.02211	-1.00000	-1.00000
504550	Rosebud_Top_P	Jail_Pond	un	19361635	114	0.025310124	7.36364	0.82361	65.83572	0.86709	0.10638	-1.00000	-1.00000
505147	Rosebud_Top_P	Jail_Pond	un	19366311	6	0.001501515	13.73684	1.60737	117.39751	1.13789	0.18729	-1.00000	-1.00000
505598	Rosebud_Top_P	Jail_Pond	un	19370551	68	0.046139818	6.42857	0.69714	59.27980	0.80811	0.09420	-1.00000	-1.00000
505927	Rosebud_Top_P	Jail_Pond	un	19375134	50	0.500000000	0.48148	0.04113	5.63661	0.31742	0.01961	-1.00000	-1.00000
506158	Rosebud_Top_P	Jail_Pond	un	19379223	328	0.244680851	3.26087	0.31632	33.61525	0.51333	0.04348	-1.00000	-1.00000
506779	Rosebud_Top_P	Jail_Pond	un	19385293	299	0.500000000	0.48000	0.04081	5.64636	0.31876	0.02128	-1.00000	-1.00000
506792	Rosebud_Top_P	Jail_Pond	un	19386126	315	0.227113906	0.28736	0.02808	2.94037	0.54158	0.04142	-1.00000	-1.00000
510302	Rosebud_Top_P	Jail_Pond	un	19398706	39	0.481481481	2.23077	0.19093	26.06312	0.34845	0.02032	-1.00000	-1.00000
511994	Rosebud_Top_P	Jail_Pond	un	19406956	331	0.500000000	0.48276	0.04141	5.62819	0.31627	0.01818	-1.00000	-1.00000
512260	Rosebud_Top_P	Jail_Pond	un	19410002	99	0.480000000	2.25000	0.19172	26.40626	0.35218	0.02211	-1.00000	-1.00000
512621	Rosebud_Top_P	Jail_Pond	un	19413129	68	0.490612245	0.33333	0.03243	3.42639	0.47712	0.03846	-1.00000	-1.00000
516591	Rosebud_Top_P	Jail_Pond	un	19420214	44	0.000000009	67.50000	7.80148	584.02374	1.82930	0.57576	-1.00000	-1.00000
518181	Rosebud_Top_P	Jail_Pond	un	19423558	66	0.461538462	0.41379	0.03533	4.84665	0.38322	0.02288	-1.00000	-1.00000
518366	Rosebud_Top_P	Jail_Pond	un	19424412	139	0.004800013	6.00000	1.71116	21.03834	0.77815	0.17483	-1.00000	-1.00000
519992	Rosebud_Top_P	Jail_Pond	un	19425059	17	0.118181818	0.22414	0.02352	2.13589	0.64948	0.05660	-1.00000	-1.00000
522460	Rosebud_Top_P	Jail_Pond	un	19427507	197	0.480000000	2.25000	0.19172	26.40626	0.35218	0.02211	-1.00000	-1.00000
528343	Rosebud_Top_P	Jail_Pond	un	19448160	124	0.000000000	207.00000	20.12924	2128.69409	2.31597	0.85119	-1.00000	-1.00000
528354	Rosebud_Top_P	Jail_Pond	un	19451878	12	0.000023447	17.25000	3.99297	74.52166	1.23679	0.34562	-1.00000	-1.00000
528363	Rosebud_Top_P	Jail_Pond	un	19453642	149	0.500000000	0.48148	0.04113	5.63661	0.31742	0.01961	-1.00000	-1.00000
528405	Rosebud_Top_P	Jail_Pond	un	19464473	107	0.235918367	0.24000	0.02500	2.30408	0.61979	0.05892	-1.00000	-1.00000
528408	Rosebud_Top_P	Jail_Pond	un	19466129	10	0.000006539	45.00000	5.18815	390.31253	1.65321	0.40513	-1.00000	-1.00000
528438	Rosebud_Top_P	Jail_Pond	un	19471866	76	0.000004066	34.09091	3.99134	291.17758	1.53264	0.41176	-1.00000	-1.00000
528456	Rosebud_Top_P	Jail_Pond	un	19479804	207	1.000000000	0.51852	0.04439	6.05718	0.28524	0.01752	-1.00000	-1.00000
528493	Rosebud_Top_P	Jail_Pond	un	19491069	7	0.117021277	4.54545	0.47195	43.77839	0.65758	0.06667	-1.00000	-1.00000
528534	Rosebud_Top_P	Jail_Pond	un	19496711	69	0.528813289	0.63910	0.17054	2.39503	0.19443	0.00926	-1.00000	-1.00000
528560	Rosebud_Top_P	Jail_Pond	un	19501570	23	0.000000000	148.50000	15.45738	1426.64880	2.17173	0.78448	-1.00000	-1.00000
528582	Rosebud_Top_P	Jail_Pond	un	19507212	29	0.000036343	0.04000	0.00475	0.33716	1.39794	0.32432	-1.00000	-1.00000
528591	Rosebud_Top_P	Jail_Pond	un	19511456	321	0.227113906	3.48000	0.34009	35.60907	0.54158	0.04142	-1.00000	-1.00000
528597	Rosebud_Top_P	Jail_Pond	un	19514446	35	0.002464405	8.33333	2.00805	34.58303	0.92082	0.18480	-1.00000	-1.00000
528606	Rosebud_Top_P	Jail_Pond	un	19516932	11	0.000000000	729.00000	43.33459	12263.66797	2.86273	1.00000	-1.00000	-1.00000
528624	Rosebud_Top_P	Jail_Pond	un	19524344	80	0.054169360	0.16000	0.01791	1.42947	0.79588	0.09119	-1.00000	-1.00000
528626	Rosebud_Top_P	Jail_Pond	un	19525105	76	0.027721226	0.19481	0.04623	0.82085	0.71040	0.11000	-1.00000	-1.00000
528631	Rosebud_Top_P	Jail_Pond	un	19526639	62	0.500000000	2.07692	0.17741	24.31412	0.31742	0.01961	-1.00000	-1.00000
528638	Rosebud_Top_P	Jail_Pond	un	19527526	127	0.245098039	3.24000	0.31597	33.22326	0.51055	0.04000	-1.00000	-1.00000
528679	Rosebud_Top_P	Jail_Pond	un	19539521	204	0.225306122	0.28395	0.02761	2.92002	0.54676	0.04514	-1.00000	-1.00000
528691	Rosebud_Top_P	Jail_Pond	un	19541773	94	0.000000000	162.50000	16.97265	1555.81152	2.21085	0.79365	-1.00000	-1.00000
528699	Rosebud_Top_P	Jail_Pond	un	19544056	109	0.000708021	16.17647	1.90730	137.19798	1.20888	0.23077	-1.00000	-1.00000
528703	Rosebud_Top_P	Jail_Pond	un	19544989	254	0.245098039	0.30864	0.03010	3.16484	0.51055	0.04000	-1.00000	-1.00000
528739	Rosebud_Top_P	Jail_Pond	un	19555391	10	0.039607201	9.00000	0.99778	81.18027	0.95424	0.09796	-1.00000	-1.00000
528749	Rosebud_Top_P	Jail_Pond	un	19559529	345	0.500000000	0.48000	0.04081	5.64636	0.31876	0.02128	-1.00000	-1.00000
528766	Rosebud_Top_P	Jail_Pond	un	19563876	14	0.003173744	0.09848	0.01890	0.51329	1.00663	0.18872	-1.00000	-1.00000
528802	Rosebud_Top_P	Jail_Pond	un	19569466	97	0.000000000	222.33333	21.66588	2281.56470	2.34700	0.85556	-1.00000	-1.00000
528813	Rosebud_Top_P	Jail_Pond	un	19572005	185	0.500000000	2.08333	0.17711	24.50678	0.31876	0.02128	-1.00000	-1.00000
528820	Rosebud_Top_P	Jail_Pond	un	19573341	15	0.000160510	19.11765	2.28267	160.11241	1.28143	0.25714	-1.00000	-1.00000
528829	Rosebud_Top_P	Jail_Pond	un	19576549	17	0.000006911	0.03448	0.00415	0.28673	1.46240	0.33333	-1.00000	-1.00000
528854	Rosebud_Top_P	Jail_Pond	un	19583003	127	1.000000000	0.51852	0.04439	6.05718	0.28524	0.01752	-1.00000	-1.00000
528873	Rosebud_Top_P	Jail_Pond	un	19587409	439	1.000000000	0.56000	0.04783	6.55691	0.25181	0.01681	-1.00000	-1.00000
528890	Rosebud_Top_P	Jail_Pond	un	19591136	65	0.055746141	5.80000	0.63455	53.01424	0.76343	0.07692	-1.00000	-1.00000
528935	Rosebud_Top_P	Jail_Pond	un	19601644	146	0.778955097	1.22222	0.39284	3.80266	0.08715	0.00240	-1.00000	-1.00000
528963	Rosebud_Top_P	Jail_Pond	un	19606221	80	0.245098039	3.24000	0.31597	33.22326	0.51055	0.04000	-1.00000	-1.00000
528973	Rosebud_Top_P	Jail_Pond	un	19607780	99	0.112015456	5.40000	0.58948	49.46759	0.73239	0.07429	-1.00000	-1.00000
528996	Rosebud_Top_P	Jail_Pond	un	19614897	85	0.114880414	5.00000	0.54441	45.92110	0.69897	0.07143	-1.00000	-1.00000
529000	Rosebud_Top_P	Jail_Pond	un	19615709	97	0.481481481	2.23077	0.19093	26.06312	0.34845	0.02032	-1.00000	-1.00000
529012	Rosebud_Top_P	Jail_Pond	un	19618879	191	1.000000000	1.78571	0.15251	20.90852	0.25181	0.01681	-1.00000	-1.00000
529017	Rosebud_Top_P	Jail_Pond	un	19619675	148	0.000000000	106.33334	11.91992	948.56152	2.02667	0.68531	-1.00000	-1.00000
529035	Rosebud_Top_P	Jail_Pond	un	19627141	320	0.245098039	0.30864	0.03010	3.16484	0.51055	0.04000	-1.00000	-1.00000
529038	Rosebud_Top_P	Jail_Pond	un	19628925	418	0.500000000	0.48148	0.04113	5.63661	0.31742	0.01961	-1.00000	-1.00000
529050	Rosebud_Top_P	Jail_Pond	un	19632547	85	1.000000000	0.51852	0.04439	6.05718	0.28524	0.01752	-1.00000	-1.00000
529058	Rosebud_Top_P	Jail_Pond	un	19636245	17	0.709458251	1.39394	0.27946	6.95300	0.14424	0.00317	-1.00000	-1.00000
529073	Rosebud_Top_P	Jail_Pond	un	19638490	59	0.000009385	29.00000	3.45766	243.22809	1.46240	0.34146	-1.00000	-1.00000
529074	Rosebud_Top_P	Jail_Pond	un	19639203	20	0.245098039	0.30864	0.03010	3.16484	0.51055	0.04000	-1.00000	-1.00000
529083	Rosebud_Top_P	Jail_Pond	un	19641790	90	0.225306122	0.28395	0.02761	2.92002	0.54676	0.04514	-1.00000	-1.00000
529090	Rosebud_Top_P	Jail_Pond	un	19643213	31	0.481481481	2.23077	0.19093	26.06312	0.34845	0.02032	-1.00000	-1.00000
529099	Rosebud_Top_P	Jail_Pond	un	19644818	133	0.000000000	222.33333	21.66588	2281.56470	2.34700	0.85556	-1.00000	-1.00000
529103	Rosebud_Top_P	Jail_Pond	un	19645512	77	0.481481481	2.23077	0.19093	26.06312	0.34845	0.02032	-1.00000	-1.00000
529109	Rosebud_Top_P	Jail_Pond	un	19647104	21	0.000000001	87.00000	9.94055	761.42694	1.93952	0.63348	-1.00000	-1.00000
529175	Rosebud_Top_P	Jail_Pond	un	19660096	74	0.011308779	0.11111	0.01267	0.97465	0.95424	0.13043	-1.00000	-1.00000
529184	Rosebud_Top_P	Jail_Pond	un	19662540	102	0.481481481	0.44828	0.03837	5.23742	0.34845	0.02032	-1.00000	-1.00000
529185	Rosebud_Top_P	Jail_Pond	un	19663342	98	1.000000000	0.56000	0.04783	6.55691	0.25181	0.01681	-1.00000	-1.00000
529204	Rosebud_Top_P	Jail_Pond	un	19667505	267	0.461538462	0.41379	0.03533	4.84665	0.38322	0.02288	-1.00000	-1.00000
529259	Rosebud_Top_P	Jail_Pond	un	19672912	69	0.408292092	1.68750	0.55073	5.17068	0.22724	0.01564	-1.00000	-1.00000
529263	Rosebud_Top_P	Jail_Pond	un	19673782	90	1.000000000	1.10000	0.24241	4.99161	0.04139	0.00031	-1.00000	-1.00000
529683	Rosebud_Top_P	Jail_Pond	un	19683162	145	0.020060790	0.12346	0.01375	1.10819	0.90848	0.12037	-1.00000	-1.00000
529899	Rosebud_Top_P	Jail_Pond	un	19687881	13	0.001768977	0.07200	0.00844	0.61386	1.14267	0.20263	-1.00000	-1.00000
529957	Rosebud_Top_P	Jail_Pond	un	19692454	506	0.500000000	2.07692	0.17741	24.31412	0.31742	0.01961	-1.00000	-1.00000
530257	Rosebud_Top_P	Jail_Pond	un	19694609	71	1.000000000	0.56000	0.04783	6.55691	0.25181	0.01681	-1.00000	-1.00000
530377	Rosebud_Top_P	Jail_Pond	un	19696569	347	0.481481481	0.44828	0.03837	5.23742	0.34845	0.02032	-1.00000	-1.00000
530676	Rosebud_Top_P	Jail_Pond	un	19698788	34	0.227113906	0.28736	0.02808	2.94037	0.54158	0.04142	-1.00000	-1.00000
531193	Rosebud_Top_P	Jail_Pond	un	19712342	60	0.003714274	0.08621	0.00999	0.74418	1.06446	0.16039	-1.00000	-1.00000
531213	Rosebud_Top_P	Jail_Pond	un	19713171	30	0.245454545	0.31034	0.03040	3.16783	0.50816	0.03704	-1.00000	-1.00000
531606	Rosebud_Top_P	Jail_Pond	un	19726758	102	0.245454545	3.22222	0.31567	32.89072	0.50816	0.03704	-1.00000	-1.00000
531835	Rosebud_Top_P	Jail_Pond	un	19730191	25	0.014520884	5.50000	1.45114	20.84567	0.74036	0.13744	-1.00000	-1.00000
531951	Rosebud_Top_P	Jail_Pond	un	19734953	67	0.051876516	0.14815	0.01663	1.32015	0.82930	0.09475	-1.00000	-1.00000
532190	Rosebud_Top_P	Jail_Pond	un	19740555	73	0.227113906	0.28736	0.02808	2.94037	0.54158	0.04142	-1.00000	-1.00000
532271	Rosebud_Top_P	Jail_Pond	un	19742974	106	0.500000000	2.08333	0.17711	24.50678	0.31876	0.02128	-1.00000	-1.00000
532464	Rosebud_Top_P	Jail_Pond	un	19751484	31	0.500000000	0.48148	0.04113	5.63661	0.31742	0.01961	-1.00000	-1.00000
532689	Rosebud_Top_P	Jail_Pond	un	19757283	45	0.088897883	3.00000	0.91791	9.80487	0.47712	0.06563	-1.00000	-1.00000
532709	Rosebud_Top_P	Jail_Pond	un	19759708	16	0.245454545	0.31034	0.03040	3.16783	0.50816	0.03704	-1.00000	-1.00000
532714	Rosebud_Top_P	Jail_Pond	un	19760684	183	1.000000000	0.51852	0.04439	6.05718	0.28524	0.01752	-1.00000	-1.00000
532763	Rosebud_Top_P	Jail_Pond	un	19762218	85	0.028105461	0.10870	0.01249	0.94586	0.96379	0.10342	-1.00000	-1.00000
532764	Rosebud_Top_P	Jail_Pond	un	19763028	61	0.461538462	0.41379	0.03533	4.84665	0.38322	0.02288	-1.00000	-1.00000
532961	Rosebud_Top_P	Jail_Pond	un	19768513	52	0.000000062	50.09091	5.96864	420.38062	1.69976	0.47368	-1.00000	-1.00000
533002	Rosebud_Top_P	Jail_Pond	un	19770395	253	1.000000000	0.52000	0.04432	6.10163	0.28400	0.01884	-1.00000	-1.00000
533046	Rosebud_Top_P	Jail_Pond	un	19773025	357	0.481481481	0.44828	0.03837	5.23742	0.34845	0.02032	-1.00000	-1.00000
533090	Rosebud_Top_P	Jail_Pond	un	19775146	55	0.000221963	18.76471	2.22348	158.36180	1.27334	0.24476	-1.00000	-1.00000
533117	Rosebud_Top_P	Jail_Pond	un	19775975	140	0.000036465	31.50000	3.70715	267.65814	1.49831	0.31454	-1.00000	-1.00000
533205	Rosebud_Top_P	Jail_Pond	un	19782445	56	0.004279824	11.84210	1.37884	101.70531	1.07343	0.17582	-1.00000	-1.00000
533313	Rosebud_Top_P	Jail_Pond	un	19784969	106	0.225306122	0.28395	0.02761	2.92002	0.54676	0.04514	-1.00000	-1.00000
533492	Rosebud_Top_P	Jail_Pond	un	19790727	251	0.480000000	0.44444	0.03787	5.21605	0.35218	0.02211	-1.00000	-1.00000
533500	Rosebud_Top_P	Jail_Pond	un	19791347	19	0.025310124	0.13580	0.01519	1.21416	0.86709	0.10638	-1.00000	-1.00000
533565	Rosebud_Top_P	Jail_Pond	un	19793782	150	0.227113906	0.28736	0.02808	2.94037	0.54158	0.04142	-1.00000	-1.00000
533660	Rosebud_Top_P	Jail_Pond	un	19797715	80	0.493212670	0.36000	0.03511	3.69147	0.44370	0.03429	-1.00000	-1.00000
533763	Rosebud_Top_P	Jail_Pond	un	19800183	141	0.000000000	108.33334	16.67064	703.99884	2.03476	0.67561	-1.00000	-1.00000
533821	Rosebud_Top_P	Jail_Pond	un	19804282	385	0.480000000	0.44444	0.03787	5.21605	0.35218	0.02211	-1.00000	-1.00000
533828	Rosebud_Top_P	Jail_Pond	un	19804742	54	0.104821803	0.20690	0.02165	1.97698	0.68425	0.06335	-1.00000	-1.00000
533966	Rosebud_Top_P	Jail_Pond	un	19808777	87	0.245454545	0.31034	0.03040	3.16783	0.50816	0.03704	-1.00000	-1.00000
534074	Rosebud_Top_P	Jail_Pond	un	19816813	20	0.000000000	378.00000	32.35829	4415.68408	2.57749	0.92857	-1.00000	-1.00000
534176	Rosebud_Top_P	Jail_Pond	un	19826625	145	0.225306122	0.28395	0.02761	2.92002	0.54676	0.04514	-1.00000	-1.00000
534183	Rosebud_Top_P	Jail_Pond	un	19827342	26	0.493212670	0.36000	0.03511	3.69147	0.44370	0.03429	-1.00000	-1.00000
534223	Rosebud_Top_P	Jail_Pond	un	19829042	14	0.025310124	7.36364	0.82361	65.83572	0.86709	0.10638	-1.00000	-1.00000
534256	Rosebud_Top_P	Jail_Pond	un	19833213	230	1.000000000	1.92308	0.16389	22.56519	0.28400	0.01884	-1.00000	-1.00000
534321	Rosebud_Top_P	Jail_Pond	un	19835432	48	0.103265306	4.90909	0.51099	47.16195	0.69100	0.06915	-1.00000	-1.00000
534464	Rosebud_Top_P	Jail_Pond	un	19843790	260	0.245454545	0.31034	0.03040	3.16783	0.50816	0.03704	-1.00000	-1.00000
534632	Rosebud_Top_P	Jail_Pond	un	19850109	283	0.491264850	3.00000	0.29328	30.68711	0.47712	0.03571	-1.00000	-1.00000
534649	Rosebud_Top_P	Jail_Pond	un	19850740	87	0.000000326	47.22222	5.46805	407.81201	1.67415	0.50000	-1.00000	-1.00000
534757	Rosebud_Top_P	Jail_Pond	un	19857119	13	0.002423097	8.33333	1.97381	35.18302	0.92082	0.18687	-1.00000	-1.00000
534828	Rosebud_Top_P	Jail_Pond	un	19861231	137	0.000028156	0.03979	0.00474	0.33393	1.40025	0.30769	-1.00000	-1.00000
534831	Rosebud_Top_P	Jail_Pond	un	19861992	63	0.000335760	0.05724	0.00677	0.48417	1.24231	0.23810	-1.00000	-1.00000
534893	Rosebud_Top_P	Jail_Pond	un	19862847	63	0.047272578	0.15862	0.01730	1.45424	0.79964	0.08615	-1.00000	-1.00000
534934	Rosebud_Top_P	Jail_Pond	un	19863726	135	0.117647059	0.22222	0.02321	2.12804	0.65321	0.06122	-1.00000	-1.00000
535333	Rosebud_Top_P	Jail_Pond	un	19875404	129	0.004279824	0.08444	0.00983	0.72525	1.07343	0.17582	-1.00000	-1.00000
535357	Rosebud_Top_P	Jail_Pond	un	19875975	24	0.008914258	0.10345	0.01182	0.90538	0.98528	0.13462	-1.00000	-1.00000
535477	Rosebud_Top_P	Jail_Pond	un	19883172	103	0.245098039	0.30864	0.03010	3.16484	0.51055	0.04000	-1.00000	-1.00000
535480	Rosebud_Top_P	Jail_Pond	un	19883979	152	0.000026669	35.00000	4.04740	302.66315	1.54407	0.35287	-1.00000	-1.00000
535554	Rosebud_Top_P	Jail_Pond	un	19887342	99	0.049397729	3.46154	1.05787	11.32676	0.53927	0.08427	-1.00000	-1.00000
535585	Rosebud_Top_P	Jail_Pond	un	19888103	37	0.461538462	0.41379	0.03533	4.84665	0.38322	0.02288	-1.00000	-1.00000
535758	Rosebud_Top_P	Jail_Pond	un	19894438	11	0.001501515	13.73684	1.60737	117.39751	1.13789	0.18729	-1.00000	-1.00000
535973	Rosebud_Top_P	Jail_Pond	un	19899462	74	0.000001977	47.22222	5.46805	407.81201	1.67415	0.41830	-1.00000	-1.00000
536010	Rosebud_Top_P	Jail_Pond	un	19900302	109	0.000000000	191.66667	18.59275	1975.82971	2.28255	0.84615	-1.00000	-1.00000
536206	Rosebud_Top_P	Jail_Pond	un	19902105	326	0.003465046	0.08333	0.00958	0.72459	1.07918	0.17636	-1.00000	-1.00000
536705	Rosebud_Top_P	Jail_Pond	un	19907754	277	0.461538462	2.41667	0.20633	28.30581	0.38322	0.02288	-1.00000	-1.00000
537942	Rosebud_Top_P	Jail_Pond	un	19919265	67	0.000000000	300.00000	25.50314	3528.97705	2.47712	0.92000	-1.00000	-1.00000
538092	Rosebud_Top_P	Jail_Pond	un	19920896	139	0.000010441	24.75000	4.65892	131.48167	1.39358	0.38568	-1.00000	-1.00000
538115	Rosebud_Top_P	Jail_Pond	un	19923221	16	0.043036561	5.33333	1.00833	28.20942	0.72700	0.08571	-1.00000	-1.00000
538137	Rosebud_Top_P	Jail_Pond	un	19926442	70	0.500000000	0.48148	0.04113	5.63661	0.31742	0.01961	-1.00000	-1.00000
538178	Rosebud_Top_P	Jail_Pond	un	19930047	19	0.500000000	0.48148	0.04113	5.63661	0.31742	0.01961	-1.00000	-1.00000
538276	Rosebud_Top_P	Jail_Pond	un	19936669	325	0.117647059	4.50000	0.46992	43.09288	0.65321	0.06122	-1.00000	-1.00000
538338	Rosebud_Top_P	Jail_Pond	un	19940948	14	0.011603269	0.11330	0.01299	0.98798	0.94577	0.12000	-1.00000	-1.00000
538549	Rosebud_Top_P	Jail_Pond	un	19947484	31	0.000000009	67.50000	7.80148	584.02374	1.82930	0.57576	-1.00000	-1.00000
538646	Rosebud_Top_P	Jail_Pond	un	19951445	45	1.000000000	0.52000	0.04432	6.10163	0.28400	0.01884	-1.00000	-1.00000
538716	Rosebud_Top_P	Jail_Pond	un	19952155	14	1.000000000	1.05000	0.34812	3.16698	0.02119	0.00014	-1.00000	-1.00000
538858	Rosebud_Top_P	Jail_Pond	un	19959355	74	0.117647059	4.50000	0.46992	43.09288	0.65321	0.06122	-1.00000	-1.00000
538985	Rosebud_Top_P	Jail_Pond	un	19967137	17	0.750501270	0.72857	0.20507	2.58844	0.13753	0.00481	-1.00000	-1.00000
539234	Rosebud_Top_P	Jail_Pond	un	19974985	144	0.481481481	0.44828	0.03837	5.23742	0.34845	0.02032	-1.00000	-1.00000
539264	Rosebud_Top_P	Jail_Pond	un	19975752	68	0.617647059	2.08333	0.17711	24.50678	0.31876	0.00680	-1.00000	-1.00000
539439	Rosebud_Top_P	Jail_Pond	un	19982628	14	0.001153681	9.54545	2.26535	40.22147	0.97980	0.22125	-1.00000	-1.00000
539600	Rosebud_Top_P	Jail_Pond	un	19986186	410	1.000000000	0.52000	0.04432	6.10163	0.28400	0.01884	-1.00000	-1.00000
539751	Rosebud_Top_P	Jail_Pond	un	19992457	137	0.001501515	0.07280	0.00852	0.62214	1.13789	0.18729	-1.00000	-1.00000
539820	Rosebud_Top_P	Jail_Pond	un	19994067	249	0.493212670	2.77778	0.27089	28.48358	0.44370	0.03429	-1.00000	-1.00000
539883	Rosebud_Top_P	Jail_Pond	un	19996098	77	0.500000000	0.48276	0.04141	5.62819	0.31627	0.01818	-1.00000	-1.00000
540004	Rosebud_Top_P	Jail_Pond	un	19999573	337	0.500000000	2.07692	0.17741	24.31412	0.31742	0.01961	-1.00000	-1.00000
540211	Rosebud_Top_P	Jail_Pond	un	20007007	142	0.480000000	0.44444	0.03787	5.21605	0.35218	0.02211	-1.00000	-1.00000
540455	Rosebud_Top_P	Jail_Pond	un	20019064	130	0.002996415	14.88235	1.74925	126.61694	1.17267	0.17267	-1.00000	-1.00000
540458	Rosebud_Top_P	Jail_Pond	un	20019789	59	0.091583710	0.18966	0.01978	1.81808	0.72204	0.07143	-1.00000	-1.00000
540593	Rosebud_Top_P	Jail_Pond	un	20022107	18	0.000023787	0.04000	0.00479	0.33427	1.39794	0.31579	-1.00000	-1.00000
540643	Rosebud_Top_P	Jail_Pond	un	20027763	125	0.006611286	0.09360	0.01065	0.82280	1.02874	0.15217	-1.00000	-1.00000
540976	Rosebud_Top_P	Jail_Pond	un	20045153	309	0.208144796	0.26437	0.02576	2.71292	0.57779	0.04667	-1.00000	-1.00000
541082	Rosebud_Top_P	Jail_Pond	un	20049482	46	1.000000000	1.00000	0.18241	5.48219	0.00000	0.00000	-1.00000	-1.00000
541116	Rosebud_Top_P	Jail_Pond	un	20050581	258	0.500000000	0.48000	0.04081	5.64636	0.31876	0.02128	-1.00000	-1.00000
541161	Rosebud_Top_P	Jail_Pond	un	20055217	213	0.235918367	0.24000	0.02500	2.30408	0.61979	0.05892	-1.00000	-1.00000
541180	Rosebud_Top_P	Jail_Pond	un	20056644	34	0.000000140	50.00000	5.89389	424.16843	1.69897	0.49351	-1.00000	-1.00000
541246	Rosebud_Top_P	Jail_Pond	un	20058977	68	0.461538462	0.41379	0.03533	4.84665	0.38322	0.02288	-1.00000	-1.00000
541321	Rosebud_Top_P	Jail_Pond	un	20062130	53	0.000350484	9.45000	2.62082	34.07424	0.97543	0.25337	-1.00000	-1.00000
541334	Rosebud_Top_P	Jail_Pond	un	20063200	266	0.055222089	5.86957	0.63881	53.93145	0.76861	0.08333	-1.00000	-1.00000
541468	Rosebud_Top_P	Jail_Pond	un	20071197	134	0.491264850	3.00000	0.29328	30.68711	0.47712	0.03571	-1.00000	-1.00000
541478	Rosebud_Top_P	Jail_Pond	un	20072881	253	0.461538462	0.41379	0.03533	4.84665	0.38322	0.02288	-1.00000	-1.00000
541480	Rosebud_Top_P	Jail_Pond	un	20073711	319	0.481481481	0.44828	0.03837	5.23742	0.34845	0.02032	-1.00000	-1.00000
541531	Rosebud_Top_P	Jail_Pond	un	20077236	12	0.117647059	4.50000	0.46992	43.09288	0.65321	0.06122	-1.00000	-1.00000
541587	Rosebud_Top_P	Jail_Pond	un	20081864	480	1.000000000	0.51852	0.04439	6.05718	0.28524	0.01752	-1.00000	-1.00000
541611	Rosebud_Top_P	Jail_Pond	un	20083136	132	0.025310124	7.36364	0.82361	65.83572	0.86709	0.10638	-1.00000	-1.00000
541612	Rosebud_Top_P	Jail_Pond	un	20083957	122	0.025310124	7.36364	0.82361	65.83572	0.86709	0.10638	-1.00000	-1.00000
541645	Rosebud_Top_P	Jail_Pond	un	20084800	147	0.000001196	40.00000	4.66259	343.15671	1.60206	0.45455	-1.00000	-1.00000
541788	Rosebud_Top_P	Jail_Pond	un	20087905	71	0.245454545	0.31034	0.03040	3.16783	0.50816	0.03704	-1.00000	-1.00000
541875	Rosebud_Top_P	Jail_Pond	un	20090930	30	0.003465046	12.00000	1.38010	104.34058	1.07918	0.17636	-1.00000	-1.00000
542083	Rosebud_Top_P	Jail_Pond	un	20096533	92	0.103265306	0.20370	0.02120	1.95699	0.69100	0.06915	-1.00000	-1.00000
542320	Rosebud_Top_P	Jail_Pond	un	20105996	142	0.000006911	29.00000	3.48759	241.14066	1.46240	0.33333	-1.00000	-1.00000
542398	Rosebud_Top_P	Jail_Pond	un	20107482	40	0.000000000	121.80000	13.23776	1120.67566	2.08565	0.72917	-1.00000	-1.00000
542567	Rosebud_Top_P	Jail_Pond	un	20115223	76	0.000006578	40.00000	4.66259	343.15671	1.60206	0.37815	-1.00000	-1.00000
542617	Rosebud_Top_P	Jail_Pond	un	20118443	41	0.245098039	3.24000	0.31597	33.22326	0.51055	0.04000	-1.00000	-1.00000
542664	Rosebud_Top_P	Jail_Pond	un	20120160	155	0.500000000	2.07692	0.17741	24.31412	0.31742	0.01961	-1.00000	-1.00000
542899	Rosebud_Top_P	Jail_Pond	un	20130575	130	0.020060790	8.10000	0.90237	72.70824	0.90849	0.12037	-1.00000	-1.00000
542924	Rosebud_Top_P	Jail_Pond	un	20131983	94	0.111055145	5.43478	0.58997	50.06475	0.73518	0.08027	-1.00000	-1.00000
542961	Rosebud_Top_P	Jail_Pond	un	20135043	57	0.490612245	3.00000	0.29185	30.83754	0.47712	0.03846	-1.00000	-1.00000
542978	Rosebud_Top_P	Jail_Pond	un	20136726	109	0.055222089	0.17037	0.01854	1.56542	0.76861	0.08333	-1.00000	-1.00000
543175	Rosebud_Top_P	Jail_Pond	un	20145346	61	0.490612245	3.00000	0.29185	30.83754	0.47712	0.03846	-1.00000	-1.00000
543221	Rosebud_Top_P	Jail_Pond	un	20147722	112	0.245098039	3.24000	0.31597	33.22326	0.51055	0.04000	-1.00000	-1.00000
543284	Rosebud_Top_P	Jail_Pond	un	20152502	249	1.000000000	0.51852	0.04439	6.05718	0.28524	0.01752	-1.00000	-1.00000
543362	Rosebud_Top_P	Jail_Pond	un	20159696	33	0.003714274	11.60000	1.34375	100.13750	1.06446	0.16039	-1.00000	-1.00000
543367	Rosebud_Top_P	Jail_Pond	un	20160836	390	0.490612245	0.33333	0.03243	3.42639	0.47712	0.03846	-1.00000	-1.00000
543550	Rosebud_Top_P	Jail_Pond	un	20166155	63	0.000000000	207.00000	20.12924	2128.69409	2.31597	0.85119	-1.00000	-1.00000
543636	Rosebud_Top_P	Jail_Pond	un	20170498	141	0.505129536	1.66667	0.40431	6.87037	0.22185	0.01053	-1.00000	-1.00000
543652	Rosebud_Top_P	Jail_Pond	un	20171245	79	0.000000000	729.00000	43.33459	12263.66797	2.86273	1.00000	-1.00000	-1.00000
543868	Rosebud_Top_P	Jail_Pond	un	20177809	9	0.000000049	45.83333	9.22700	227.66811	1.66118	0.54840	-1.00000	-1.00000
543882	Rosebud_Top_P	Jail_Pond	un	20178683	58	0.481481481	0.44828	0.03837	5.23742	0.34845	0.02032	-1.00000	-1.00000
544129	Rosebud_Top_P	Jail_Pond	un	20184457	182	0.225306122	3.52174	0.34246	36.21597	0.54676	0.04514	-1.00000	-1.00000
544197	Rosebud_Top_P	Jail_Pond	un	20185871	35	0.008914258	9.66667	1.10451	84.60300	0.98528	0.13462	-1.00000	-1.00000
544433	Rosebud_Top_P	Jail_Pond	un	20190933	300	0.500000000	2.07143	0.17768	24.14955	0.31627	0.01818	-1.00000	-1.00000
544447	Rosebud_Top_P	Jail_Pond	un	20195091	347	0.208144796	3.78261	0.36861	38.81679	0.57779	0.04667	-1.00000	-1.00000
544521	Rosebud_Top_P	Jail_Pond	un	20203009	115	0.461538462	0.41379	0.03533	4.84665	0.38322	0.02288	-1.00000	-1.00000
544617	Rosebud_Top_P	Jail_Pond	un	20210911	287	0.245098039	0.30864	0.03010	3.16484	0.51055	0.04000	-1.00000	-1.00000
544652	Rosebud_Top_P	Jail_Pond	un	20215203	26	0.237523899	2.42857	0.73915	7.97937	0.38535	0.04537	-1.00000	-1.00000
544667	Rosebud_Top_P	Jail_Pond	un	20217293	395	0.480000000	0.44444	0.03787	5.21605	0.35218	0.02211	-1.00000	-1.00000
544696	Rosebud_Top_P	Jail_Pond	un	20220312	77	0.227113906	3.48000	0.34009	35.60907	0.54158	0.04142	-1.00000	-1.00000
544719	Rosebud_Top_P	Jail_Pond	un	20223648	109	0.000110472	21.42857	2.51518	182.56502	1.33099	0.29730	-1.00000	-1.00000
544753	Rosebud_Top_P	Jail_Pond	un	20228623	186	1.000000000	1.08696	0.06420	18.40268	0.03621	0.00007	-1.00000	-1.00000
544869	Rosebud_Top_P	Jail_Pond	un	20236605	140	0.514437087	1.72941	0.46487	6.43380	0.23790	0.01351	-1.00000	-1.00000
544895	Rosebud_Top_P	Jail_Pond	un	20243977	154	0.245098039	3.24000	0.31597	33.22326	0.51055	0.04000	-1.00000	-1.00000
544920	Rosebud_Top_P	Jail_Pond	un	20248399	12	0.227113906	3.48000	0.34009	35.60907	0.54158	0.04142	-1.00000	-1.00000
545069	Rosebud_Top_P	Jail_Pond	un	20257247	56	0.000000001	100.00000	15.33779	651.98438	2.00000	0.66484	-1.00000	-1.00000
545408	Rosebud_Top_P	Jail_Pond	un	20263591	72	0.227113906	3.48000	0.34009	35.60907	0.54158	0.04142	-1.00000	-1.00000
545952	Rosebud_Top_P	Jail_Pond	un	20284417	124	0.000000001	100.00000	15.33779	651.98438	2.00000	0.66484	-1.00000	-1.00000
546306	Rosebud_Top_P	Jail_Pond	un	20301874	9	0.235835141	2.29167	0.69048	7.60589	0.36015	0.03474	-1.00000	-1.00000
546366	Rosebud_Top_P	Jail_Pond	un	20308258	67	1.000000000	1.78571	0.15251	20.90852	0.25181	0.01681	-1.00000	-1.00000
546459	Rosebud_Top_P	Jail_Pond	un	20310494	11	0.500000000	2.07692	0.17741	24.31412	0.31742	0.01961	-1.00000	-1.00000
546571	Rosebud_Top_P	Jail_Pond	un	20313285	406	1.000000000	1.78571	0.15251	20.90852	0.25181	0.01681	-1.00000	-1.00000
546652	Rosebud_Top_P	Jail_Pond	un	20317013	38	0.225306122	3.52174	0.34246	36.21597	0.54676	0.04514	-1.00000	-1.00000
546679	Rosebud_Top_P	Jail_Pond	un	20318710	205	0.244680851	0.30667	0.02975	3.16133	0.51333	0.04348	-1.00000	-1.00000
546747	Rosebud_Top_P	Jail_Pond	un	20321812	35	0.117647059	4.50000	0.46992	43.09288	0.65321	0.06122	-1.00000	-1.00000
546755	Rosebud_Top_P	Jail_Pond	un	20322630	220	0.481481481	0.44828	0.03837	5.23742	0.34845	0.02032	-1.00000	-1.00000
546774	Rosebud_Top_P	Jail_Pond	un	20325804	124	0.360144058	3.26087	0.31632	33.61525	0.51333	0.02083	-1.00000	-1.00000
546779	Rosebud_Top_P	Jail_Pond	un	20327380	79	0.000564447	9.20000	2.54081	33.31216	0.96379	0.24592	-1.00000	-1.00000
546780	Rosebud_Top_P	Jail_Pond	un	20328375	128	0.000080714	21.75000	2.58629	182.91176	1.33746	0.27549	-1.00000	-1.00000
546836	Rosebud_Top_P	Jail_Pond	un	20333813	91	0.006611286	10.68421	1.21537	93.92410	1.02874	0.15217	-1.00000	-1.00000
546875	Rosebud_Top_P	Jail_Pond	un	20336855	137	0.000000066	52.20000	6.15300	442.84708	1.71767	0.49480	-1.00000	-1.00000
546886	Rosebud_Top_P	Jail_Pond	un	20339188	8	0.020060790	8.10000	0.90237	72.70824	0.90849	0.12037	-1.00000	-1.00000
546905	Rosebud_Top_P	Jail_Pond	un	20342617	288	0.490612245	0.33333	0.03243	3.42639	0.47712	0.03846	-1.00000	-1.00000
546908	Rosebud_Top_P	Jail_Pond	un	20343285	144	0.383162575	1.90385	0.59870	6.05421	0.27963	0.02404	-1.00000	-1.00000
547000	Rosebud_Top_P	Jail_Pond	un	20354498	116	0.000953498	14.47368	1.71607	122.07419	1.16058	0.20408	-1.00000	-1.00000
547040	Rosebud_Top_P	Jail_Pond	un	20358504	8	1.000000000	1.92857	0.16509	22.52900	0.28524	0.01752	-1.00000	-1.00000
547136	Rosebud_Top_P	Jail_Pond	un	20365614	41	0.055746141	5.80000	0.63455	53.01424	0.76343	0.07692	-1.00000	-1.00000
547157	Rosebud_Top_P	Jail_Pond	un	20366546	148	0.117647059	4.50000	0.46992	43.09288	0.65321	0.06122	-1.00000	-1.00000
547288	Rosebud_Top_P	Jail_Pond	un	20371155	26	0.083574248	0.14074	0.01520	1.30344	0.85158	0.07255	-1.00000	-1.00000
547701	Rosebud_Top_P	Jail_Pond	un	20383067	135	0.004488740	11.57143	1.35697	98.67399	1.06339	0.16149	-1.00000	-1.00000
547702	Rosebud_Top_P	Jail_Pond	un	20383802	6	0.025116561	7.60870	0.86830	66.67275	0.88131	0.11180	-1.00000	-1.00000
547705	Rosebud_Top_P	Jail_Pond	un	20384742	118	0.010050659	10.00000	1.15273	86.75040	1.00000	0.15027	-1.00000	-1.00000
547999	Rosebud_Top_P	Jail_Pond	un	20389304	436	0.500000000	0.48000	0.04081	5.64636	0.31876	0.02128	-1.00000	-1.00000
548168	Rosebud_Top_P	Jail_Pond	un	20400624	64	0.010399967	9.81818	1.13937	84.60557	0.99203	0.13830	-1.00000	-1.00000
548219	Rosebud_Top_P	Jail_Pond	un	20403290	262	0.208144796	0.26437	0.02576	2.71292	0.57779	0.04667	-1.00000	-1.00000
548269	Rosebud_Top_P	Jail_Pond	un	20406326	74	0.005107483	10.71429	1.25313	91.60759	1.02996	0.15584	-1.00000	-1.00000
548502	Rosebud_Top_P	Jail_Pond	un	20413653	50	0.566153838	1.43697	0.43943	4.69907	0.15745	0.00694	-1.00000	-1.00000
548788	Rosebud_Top_P	Jail_Pond	un	20417933	292	0.500000000	0.48276	0.04141	5.62819	0.31627	0.01818	-1.00000	-1.00000
548808	Rosebud_Top_P	Jail_Pond	un	20420145	192	0.493212670	0.36000	0.03511	3.69147	0.44370	0.03429	-1.00000	-1.00000
548986	Rosebud_Top_P	Jail_Pond	un	20423315	77	0.004916860	10.80000	1.24824	93.44380	1.03342	0.15556	-1.00000	-1.00000
549171	Rosebud_Top_P	Jail_Pond	un	20425765	122	0.500000000	2.07692	0.17741	24.31412	0.31742	0.01961	-1.00000	-1.00000
549188	Rosebud_Top_P	Jail_Pond	un	20426584	154	0.000000000	729.00000	43.33459	12263.66797	2.86273	0.86224	-1.00000	-1.00000
549327	Rosebud_Top_P	Jail_Pond	un	20431488	147	0.461538462	2.41667	0.20633	28.30581	0.38322	0.02288	-1.00000	-1.00000
549444	Rosebud_Top_P	Jail_Pond	un	20433275	241	0.500000000	0.48276	0.04141	5.62819	0.31627	0.01818	-1.00000	-1.00000
549517	Rosebud_Top_P	Jail_Pond	un	20436301	119	0.111055145	0.18400	0.01997	1.69499	0.73518	0.08027	-1.00000	-1.00000
549746	Rosebud_Top_P	Jail_Pond	un	20443588	142	1.000000000	1.92308	0.16389	22.56519	0.28400	0.01884	-1.00000	-1.00000
549752	Rosebud_Top_P	Jail_Pond	un	20444276	92	0.000587549	16.11111	1.89908	136.68118	1.20713	0.21538	-1.00000	-1.00000
550331	Rosebud_Top_P	Jail_Pond	un	20467892	92	0.001369902	14.29412	1.65955	123.11864	1.15516	0.20635	-1.00000	-1.00000
550944	Rosebud_Top_P	Jail_Pond	un	20489383	149	0.225306122	3.52174	0.34246	36.21597	0.54676	0.04514	-1.00000	-1.00000
550960	Rosebud_Top_P	Jail_Pond	un	20491015	74	0.046139818	6.42857	0.69714	59.27980	0.80811	0.09420	-1.00000	-1.00000
551066	Rosebud_Top_P	Jail_Pond	un	20493835	380	1.000000000	0.51852	0.04439	6.05718	0.28524	0.01752	-1.00000	-1.00000
551191	Rosebud_Top_P	Jail_Pond	un	20497788	124	0.000007053	26.00000	4.89449	138.11446	1.41497	0.38904	-1.00000	-1.00000
551464	Rosebud_Top_P	Jail_Pond	un	20505363	226	0.104821803	4.83333	0.50582	46.18450	0.68425	0.06335	-1.00000	-1.00000
551477	Rosebud_Top_P	Jail_Pond	un	20506874	189	0.481481481	0.44828	0.03837	5.23742	0.34845	0.02032	-1.00000	-1.00000
551680	Rosebud_Top_P	Jail_Pond	un	20519071	128	0.001529901	0.08974	0.01755	0.45891	1.04700	0.19784	-1.00000	-1.00000
551734	Rosebud_Top_P	Jail_Pond	un	20525464	10	0.500000000	2.07143	0.17768	24.14955	0.31627	0.01818	-1.00000	-1.00000
551800	Rosebud_Top_P	Jail_Pond	un	20532411	220	0.481481481	0.44828	0.03837	5.23742	0.34845	0.02032	-1.00000	-1.00000
551851	Rosebud_Top_P	Jail_Pond	un	20538187	119	0.000009385	29.00000	3.45766	243.22809	1.46240	0.34146	-1.00000	-1.00000
551891	Rosebud_Top_P	Jail_Pond	un	20540599	117	0.047272578	6.30435	0.68765	57.79831	0.79964	0.08615	-1.00000	-1.00000
551938	Rosebud_Top_P	Jail_Pond	un	20544573	63	0.000110472	21.42857	2.51518	182.56502	1.33099	0.29730	-1.00000	-1.00000
551948	Rosebud_Top_P	Jail_Pond	un	20545350	27	0.617647059	2.08333	0.17711	24.50678	0.31876	0.00680	-1.00000	-1.00000
551960	Rosebud_Top_P	Jail_Pond	un	20547094	72	0.008914258	9.66667	1.10451	84.60300	0.98528	0.13462	-1.00000	-1.00000
551997	Rosebud_Top_P	Jail_Pond	un	20550368	65	1.000000000	1.92857	0.16509	22.52900	0.28524	0.01752	-1.00000	-1.00000
552051	Rosebud_Top_P	Jail_Pond	un	20556608	54	0.010050659	10.00000	1.15273	86.75040	1.00000	0.15027	-1.00000	-1.00000
552062	Rosebud_Top_P	Jail_Pond	un	20558127	36	0.000368554	16.78947	2.00057	140.90321	1.22504	0.21739	-1.00000	-1.00000
552093	Rosebud_Top_P	Jail_Pond	un	20563793	21	0.000503223	8.28000	2.40062	28.55859	0.91803	0.22266	-1.00000	-1.00000
552103	Rosebud_Top_P	Jail_Pond	un	20565730	306	0.481481481	2.23077	0.19093	26.06312	0.34845	0.02032	-1.00000	-1.00000
552197	Rosebud_Top_P	Jail_Pond	un	20570455	323	1.000000000	1.00000	0.05920	16.89051	0.00000	0.00000	-1.00000	-1.00000
552414	Rosebud_Top_P	Jail_Pond	un	20578556	17	0.000144217	19.33333	2.31339	161.57144	1.28631	0.24444	-1.00000	-1.00000
552575	Rosebud_Top_P	Jail_Pond	un	20584691	341	0.225306122	0.28395	0.02761	2.92002	0.54676	0.04514	-1.00000	-1.00000
552588	Rosebud_Top_P	Jail_Pond	un	20585299	143	0.025728988	7.25000	0.81543	64.45982	0.86034	0.09804	-1.00000	-1.00000
552933	Rosebud_Top_P	Jail_Pond	un	20595274	92	0.000000000	99.00000	11.07302	885.12469	1.99564	0.67742	-1.00000	-1.00000
552956	Rosebud_Top_P	Jail_Pond	un	20596314	227	0.490612245	0.33333	0.03243	3.42639	0.47712	0.03846	-1.00000	-1.00000
553168	Rosebud_Top_P	Jail_Pond	un	20602563	246	0.227113906	0.28736	0.02808	2.94037	0.54158	0.04142	-1.00000	-1.00000
553277	Rosebud_Top_P	Jail_Pond	un	20608956	118	0.232546798	0.44974	0.12674	1.59588	0.34704	0.03008	-1.00000	-1.00000
553280	Rosebud_Top_P	Jail_Pond	un	20609642	80	0.001638791	17.85714	2.06500	154.41997	1.25181	0.20806	-1.00000	-1.00000
553520	Rosebud_Top_P	Jail_Pond	un	20623123	266	0.481481481	0.44828	0.03837	5.23742	0.34845	0.02032	-1.00000	-1.00000
553521	Rosebud_Top_P	Jail_Pond	un	20623804	150	0.342212357	3.52174	0.34246	36.21597	0.54676	0.02310	-1.00000	-1.00000
553635	Rosebud_Top_P	Jail_Pond	un	20636575	129	0.000000893	38.66667	4.59785	325.17648	1.58734	0.41420	-1.00000	-1.00000
553664	Rosebud_Top_P	Jail_Pond	un	20639163	196	0.481481481	2.23077	0.19093	26.06312	0.34845	0.02032	-1.00000	-1.00000
553681	Rosebud_Top_P	Jail_Pond	un	20640574	8	0.208144796	3.78261	0.36861	38.81679	0.57779	0.04667	-1.00000	-1.00000
553706	Rosebud_Top_P	Jail_Pond	un	20642937	13	0.500000000	2.08333	0.17711	24.50678	0.31876	0.02128	-1.00000	-1.00000
553727	Rosebud_Top_P	Jail_Pond	un	20645352	77	0.054609929	5.95238	0.64385	55.02943	0.77469	0.09091	-1.00000	-1.00000
553778	Rosebud_Top_P	Jail_Pond	un	20654368	256	1.000000000	0.56000	0.04783	6.55691	0.25181	0.01681	-1.00000	-1.00000
553828	Rosebud_Top_P	Jail_Pond	un	20659315	208	1.000000000	1.92308	0.16389	22.56519	0.28400	0.01884	-1.00000	-1.00000
553853	Rosebud_Top_P	Jail_Pond	un	20660936	178	0.490612245	0.33333	0.03243	3.42639	0.47712	0.03846	-1.00000	-1.00000
555356	Rosebud_Top_P	Jail_Pond	un	20704860	59	1.000000000	1.78571	0.15251	20.90852	0.25181	0.01681	-1.00000	-1.00000
555539	Rosebud_Top_P	Jail_Pond	un	20708876	97	0.004488740	11.57143	1.35697	98.67399	1.06339	0.16149	-1.00000	-1.00000
556072	Rosebud_Top_P	Jail_Pond	un	20718982	326	1.000000000	1.92857	0.16509	22.52900	0.28524	0.01752	-1.00000	-1.00000
556671	Rosebud_Top_P	Jail_Pond	un	20739497	126	0.079941013	3.29333	0.95902	11.30951	0.51764	0.07193	-1.00000	-1.00000
556868	Rosebud_Top_P	Jail_Pond	un	20750882	80	0.105063500	6.05263	0.64992	56.36739	0.78194	0.06349	-1.00000	-1.00000
557230	Rosebud_Top_P	Jail_Pond	un	20760054	253	0.480000000	0.44444	0.03787	5.21605	0.35218	0.02211	-1.00000	-1.00000
557276	Rosebud_Top_P	Jail_Pond	un	20763058	99	0.039250162	6.90476	0.75044	63.53036	0.83915	0.09722	-1.00000	-1.00000
557290	Rosebud_Top_P	Jail_Pond	un	20763948	129	0.245454545	3.22222	0.31567	32.89072	0.50816	0.03704	-1.00000	-1.00000
557323	Rosebud_Top_P	Jail_Pond	un	20767090	70	0.005107483	10.71429	1.25313	91.60759	1.02996	0.15584	-1.00000	-1.00000
557716	Rosebud_Top_P	Jail_Pond	un	20786932	95	0.091583710	5.27273	0.55003	50.54564	0.72204	0.07143	-1.00000	-1.00000
557840	Rosebud_Top_P	Jail_Pond	un	20791691	127	0.000006888	20.80952	4.72402	91.66689	1.31826	0.38788	-1.00000	-1.00000
557858	Rosebud_Top_P	Jail_Pond	un	20794777	38	0.208144796	3.78261	0.36861	38.81679	0.57779	0.04667	-1.00000	-1.00000
558179	Rosebud_Top_P	Jail_Pond	un	20808272	68	0.000000000	351.00000	29.98258	4109.08643	2.54531	0.79821	-1.00000	-1.00000
558239	Rosebud_Top_P	Jail_Pond	un	20813812	226	0.500000000	2.07143	0.17768	24.14955	0.31627	0.01818	-1.00000	-1.00000
558246	Rosebud_Top_P	Jail_Pond	un	20815393	97	0.577085807	1.60000	0.53132	4.81819	0.20412	0.01349	-1.00000	-1.00000
558258	Rosebud_Top_P	Jail_Pond	un	20817742	58	0.000000254	57.00000	6.65442	488.24686	1.75587	0.45000	-1.00000	-1.00000
558263	Rosebud_Top_P	Jail_Pond	un	20818872	391	0.500000000	0.48000	0.04081	5.64636	0.31876	0.02128	-1.00000	-1.00000
558266	Rosebud_Top_P	Jail_Pond	un	20819332	35	0.508916877	1.65000	0.40582	6.70869	0.21748	0.00952	-1.00000	-1.00000
558346	Rosebud_Top_P	Jail_Pond	un	20821099	60	0.461538462	2.41667	0.20633	28.30581	0.38322	0.02288	-1.00000	-1.00000
558647	Rosebud_Top_P	Jail_Pond	un	20841350	10	0.114880414	5.00000	0.54441	45.92110	0.69897	0.07143	-1.00000	-1.00000
558727	Rosebud_Top_P	Jail_Pond	un	20850082	66	0.006611286	10.68421	1.21537	93.92410	1.02874	0.15217	-1.00000	-1.00000
558824	Rosebud_Top_P	Jail_Pond	un	20854964	79	0.245454545	3.22222	0.31567	32.89072	0.50816	0.03704	-1.00000	-1.00000
559166	Rosebud_Top_P	Jail_Pond	un	20876185	137	0.749278237	1.26000	0.33141	4.79046	0.10037	0.00222	-1.00000	-1.00000
559196	Rosebud_Top_P	Jail_Pond	un	20878674	128	0.003714274	11.60000	1.34375	100.13750	1.06446	0.16039	-1.00000	-1.00000
559268	Rosebud_Top_P	Jail_Pond	un	20882557	40	0.208144796	3.78261	0.36861	38.81679	0.57779	0.04667	-1.00000	-1.00000
559460	Rosebud_Top_P	Jail_Pond	un	20885859	252	1.000000000	0.51852	0.04439	6.05718	0.28524	0.01752	-1.00000	-1.00000
559502	Rosebud_Top_P	Jail_Pond	un	20891274	216	0.461538462	0.41379	0.03533	4.84665	0.38322	0.02288	-1.00000	-1.00000
559539	Rosebud_Top_P	Jail_Pond	un	20893528	22	0.559202855	1.51786	0.46510	4.95357	0.18123	0.00961	-1.00000	-1.00000
559584	Rosebud_Top_P	Jail_Pond	un	20894716	403	0.461538462	0.41379	0.03533	4.84665	0.38322	0.02288	-1.00000	-1.00000
559625	Rosebud_Top_P	Jail_Pond	un	20897304	484	1.000000000	0.56000	0.04783	6.55691	0.25181	0.01681	-1.00000	-1.00000
559808	Rosebud_Top_P	Jail_Pond	un	20910819	211	0.500000000	0.48148	0.04113	5.63661	0.31742	0.01961	-1.00000	-1.00000
560025	Rosebud_Top_P	Jail_Pond	un	20924338	302	0.481481481	0.44828	0.03837	5.23742	0.34845	0.02032	-1.00000	-1.00000
560067	Rosebud_Top_P	Jail_Pond	un	20925684	111	1.000000000	1.27273	0.25390	6.37984	0.10474	0.00173	-1.00000	-1.00000
560172	Rosebud_Top_P	Jail_Pond	un	20934019	459	0.480000000	2.25000	0.19172	26.40626	0.35218	0.02211	-1.00000	-1.00000
560185	Rosebud_Top_P	Jail_Pond	un	20935339	80	0.004127021	9.42857	1.82876	48.61110	0.97445	0.17710	-1.00000	-1.00000
560187	Rosebud_Top_P	Jail_Pond	un	20936586	442	1.000000000	1.92857	0.16509	22.52900	0.28524	0.01752	-1.00000	-1.00000
560742	Rosebud_Top_P	Jail_Pond	un	20954916	360	0.481481481	0.44828	0.03837	5.23742	0.34845	0.02032	-1.00000	-1.00000
561049	Rosebud_Top_P	Jail_Pond	un	20972916	70	0.055746141	5.80000	0.63455	53.01424	0.76343	0.07692	-1.00000	-1.00000
561062	Rosebud_Top_P	Jail_Pond	un	20975484	281	0.500000000	2.07692	0.17741	24.31412	0.31742	0.01961	-1.00000	-1.00000
561070	Rosebud_Top_P	Jail_Pond	un	20976822	94	0.004916860	10.80000	1.24824	93.44380	1.03342	0.15556	-1.00000	-1.00000
561083	Rosebud_Top_P	Jail_Pond	un	20978492	22	0.010399967	9.81818	1.13937	84.60557	0.99203	0.13830	-1.00000	-1.00000
561102	Rosebud_Top_P	Jail_Pond	un	20981078	29	0.000127909	20.25000	2.40238	170.68977	1.30642	0.26829	-1.00000	-1.00000
561160	Rosebud_Top_P	Jail_Pond	un	20986308	355	0.500000000	0.48000	0.04081	5.64636	0.31876	0.02128	-1.00000	-1.00000
561348	Rosebud_Top_P	Jail_Pond	un	20992884	325	0.000299853	18.33333	2.14646	156.58884	1.26324	0.26316	-1.00000	-1.00000
