# Locus ID	Pop 1 ID	Pop 2 ID	Chr	BP	Column	Fisher's P	Odds Ratio	CI Low	CI High	LOD	AMOVA Fst	Smoothed AMOVA Fst	Smoothed AMOVA Fst P-value
5	Bishop	Cluster	un	1023	210	0.104821803	4.83333	0.50582	46.18450	0.68425	0.06335	-1.00000	-1.00000
16	Bishop	Cluster	un	1721	57	0.001954280	0.07258	0.00838	0.62842	1.13918	0.18617	-1.00000	-1.00000
28	Bishop	Cluster	un	3389	66	0.211038961	0.26882	0.02632	2.74562	0.57054	0.04274	-1.00000	-1.00000
37	Bishop	Cluster	un	6631	133	0.112852665	5.37037	0.58906	48.96109	0.73000	0.06914	-1.00000	-1.00000
41	Bishop	Cluster	un	8101	57	0.004729090	9.53333	1.87353	48.50975	0.97924	0.17572	-1.00000	-1.00000
43	Bishop	Cluster	un	9701	8	0.106170599	0.20968	0.02205	1.99431	0.67845	0.05844	-1.00000	-1.00000
46	Bishop	Cluster	un	11261	13	0.500000000	2.06667	0.17791	24.00734	0.31527	0.01695	-1.00000	-1.00000
48	Bishop	Cluster	un	12908	12	0.500000000	2.06667	0.17791	24.00734	0.31527	0.01695	-1.00000	-1.00000
55	Bishop	Cluster	un	15376	33	0.245762712	3.20690	0.31542	32.60509	0.50608	0.03448	-1.00000	-1.00000
66	Bishop	Cluster	un	19585	116	0.482758621	2.21429	0.19026	25.77014	0.34523	0.01880	-1.00000	-1.00000
75	Bishop	Cluster	un	21034	9	0.211038961	0.26882	0.02632	2.74562	0.57054	0.04274	-1.00000	-1.00000
79	Bishop	Cluster	un	23352	63	0.245762712	3.20690	0.31542	32.60509	0.50608	0.03448	-1.00000	-1.00000
84	Bishop	Cluster	un	24996	184	0.227113906	0.28736	0.02808	2.94037	0.54158	0.04142	-1.00000	-1.00000
86	Bishop	Cluster	un	25792	218	0.500000000	2.07692	0.17741	24.31412	0.31742	0.01961	-1.00000	-1.00000
98	Bishop	Cluster	un	30550	306	0.464285714	0.41935	0.03596	4.89101	0.37742	0.02098	-1.00000	-1.00000
99	Bishop	Cluster	un	31104	51	0.000009385	0.03448	0.00411	0.28921	1.46240	0.34146	-1.00000	-1.00000
102	Bishop	Cluster	un	31854	31	0.500000000	0.48387	0.04165	5.62086	0.31527	0.01695	-1.00000	-1.00000
130	Bishop	Cluster	un	40084	278	1.000000000	0.51852	0.04439	6.05718	0.28524	0.01752	-1.00000	-1.00000
131	Bishop	Cluster	un	40692	66	0.009307886	0.10599	0.01218	0.92241	0.97473	0.12363	-1.00000	-1.00000
136	Bishop	Cluster	un	41446	71	0.000000549	56.25000	6.45221	490.38443	1.75012	0.46093	-1.00000	-1.00000
153	Bishop	Cluster	un	45973	61	0.500000000	0.48387	0.04165	5.62086	0.31527	0.01695	-1.00000	-1.00000
159	Bishop	Cluster	un	48363	90	0.118644068	0.22581	0.02380	2.14269	0.64626	0.05263	-1.00000	-1.00000
160	Bishop	Cluster	un	49159	64	0.055222089	5.86957	0.63881	53.93145	0.76861	0.08333	-1.00000	-1.00000
162	Bishop	Cluster	un	49855	13	0.390451935	1.88889	0.60583	5.88925	0.27621	0.02425	-1.00000	-1.00000
165	Bishop	Cluster	un	50702	14	0.040703531	0.14839	0.01622	1.35779	0.82860	0.08876	-1.00000	-1.00000
171	Bishop	Cluster	un	53030	58	0.118644068	0.22581	0.02380	2.14269	0.64626	0.05263	-1.00000	-1.00000
202	Bishop	Cluster	un	61415	20	0.093795094	0.19355	0.02029	1.84594	0.71321	0.06531	-1.00000	-1.00000
203	Bishop	Cluster	un	62314	109	0.014520884	5.50000	1.45114	20.84567	0.74036	0.13744	-1.00000	-1.00000
217	Bishop	Cluster	un	65971	497	0.480000000	0.44444	0.03787	5.21605	0.35218	0.02211	-1.00000	-1.00000
235	Bishop	Cluster	un	70780	89	0.106170599	0.20968	0.02205	1.99431	0.67845	0.05844	-1.00000	-1.00000
243	Bishop	Cluster	un	74263	463	0.500000000	0.48000	0.04081	5.64636	0.31876	0.02128	-1.00000	-1.00000
251	Bishop	Cluster	un	80037	6	0.237749546	4.14286	0.43577	39.38647	0.61730	0.05091	-1.00000	-1.00000
264	Bishop	Cluster	un	85173	194	0.493506494	0.35802	0.03507	3.65452	0.44609	0.03210	-1.00000	-1.00000
265	Bishop	Cluster	un	85962	157	0.002568646	15.63158	1.85831	131.48848	1.19400	0.16668	-1.00000	-1.00000
276	Bishop	Cluster	un	91604	16	0.192872117	0.24731	0.02414	2.53324	0.60676	0.04808	-1.00000	-1.00000
283	Bishop	Cluster	un	94055	80	0.056199822	0.17419	0.01914	1.58503	0.75897	0.07143	-1.00000	-1.00000
286	Bishop	Cluster	un	94930	105	0.000000000	99.00000	11.07302	885.12469	1.99564	0.67742	-1.00000	-1.00000
291	Bishop	Cluster	un	97374	44	0.112015456	5.40000	0.58948	49.46759	0.73239	0.07429	-1.00000	-1.00000
292	Bishop	Cluster	un	98157	31	0.245762712	0.31183	0.03067	3.17041	0.50608	0.03448	-1.00000	-1.00000
300	Bishop	Cluster	un	101561	196	0.461538462	0.41379	0.03533	4.84665	0.38322	0.02288	-1.00000	-1.00000
308	Bishop	Cluster	un	103041	99	0.000000929	31.50000	5.99656	165.46985	1.49831	0.42405	-1.00000	-1.00000
318	Bishop	Cluster	un	106183	31	0.159300682	0.17241	0.01792	1.65919	0.76343	0.05224	-1.00000	-1.00000
327	Bishop	Cluster	un	109093	53	0.228675136	0.29032	0.02849	2.95801	0.53712	0.03827	-1.00000	-1.00000
332	Bishop	Cluster	un	112079	14	0.093795094	0.19355	0.02029	1.84594	0.71321	0.06531	-1.00000	-1.00000
334	Bishop	Cluster	un	113268	374	0.482758621	2.21429	0.19026	25.77014	0.34523	0.01880	-1.00000	-1.00000
347	Bishop	Cluster	un	119306	158	0.500000000	0.48387	0.04165	5.62086	0.31527	0.01695	-1.00000	-1.00000
363	Bishop	Cluster	un	124433	34	0.033599894	0.13548	0.01475	1.24418	0.86811	0.10000	-1.00000	-1.00000
376	Bishop	Cluster	un	126010	47	0.461538462	2.41667	0.20633	28.30581	0.38322	0.02288	-1.00000	-1.00000
380	Bishop	Cluster	un	126936	101	0.006588608	0.10769	0.02065	0.56154	0.96782	0.16687	-1.00000	-1.00000
406	Bishop	Cluster	un	136580	52	0.500000000	2.06667	0.17791	24.00734	0.31527	0.01695	-1.00000	-1.00000
413	Bishop	Cluster	un	140969	456	0.481481481	0.44828	0.03837	5.23742	0.34845	0.02032	-1.00000	-1.00000
414	Bishop	Cluster	un	141305	17	0.785166956	1.33333	0.45599	3.89871	0.12494	0.00512	-1.00000	-1.00000
422	Bishop	Cluster	un	142909	20	0.020799934	0.12644	0.01417	1.12790	0.89813	0.10989	-1.00000	-1.00000
424	Bishop	Cluster	un	144746	94	0.245762712	3.20690	0.31542	32.60509	0.50608	0.03448	-1.00000	-1.00000
427	Bishop	Cluster	un	147009	78	0.051876516	6.75000	0.75749	60.14915	0.82930	0.09475	-1.00000	-1.00000
432	Bishop	Cluster	un	148879	300	0.228675136	0.29032	0.02849	2.95801	0.53712	0.03827	-1.00000	-1.00000
459	Bishop	Cluster	un	159039	104	0.007090887	0.09677	0.01108	0.84530	1.01424	0.13846	-1.00000	-1.00000
461	Bishop	Cluster	un	159608	12	0.016354234	0.11494	0.01283	1.02946	0.93952	0.12411	-1.00000	-1.00000
468	Bishop	Cluster	un	161140	32	0.450740159	0.46667	0.09996	2.17855	0.33099	0.01731	-1.00000	-1.00000
477	Bishop	Cluster	un	163664	86	0.000194430	0.04274	0.00508	0.35949	1.36922	0.24490	-1.00000	-1.00000
480	Bishop	Cluster	un	165226	16	0.056199822	0.17419	0.01914	1.58503	0.75897	0.07143	-1.00000	-1.00000
483	Bishop	Cluster	un	166156	96	0.245454545	0.31034	0.03040	3.16783	0.50816	0.03704	-1.00000	-1.00000
493	Bishop	Cluster	un	170235	99	0.002188045	12.42857	1.46083	105.74072	1.09442	0.16667	-1.00000	-1.00000
495	Bishop	Cluster	un	170942	48	0.000000002	82.14286	9.37414	719.79358	1.91457	0.62857	-1.00000	-1.00000
501	Bishop	Cluster	un	173278	111	0.245762712	0.31183	0.03067	3.17041	0.50608	0.03448	-1.00000	-1.00000
504	Bishop	Cluster	un	174101	134	0.000000000	155.00000	16.99050	1414.02527	2.19033	0.75630	-1.00000	-1.00000
507	Bishop	Cluster	un	176495	55	0.000016379	0.03704	0.00441	0.31135	1.43136	0.33333	-1.00000	-1.00000
510	Bishop	Cluster	un	177373	100	0.000115148	17.00000	3.31682	87.13162	1.23045	0.29407	-1.00000	-1.00000
519	Bishop	Cluster	un	179704	24	0.118644068	0.22581	0.02380	2.14269	0.64626	0.05263	-1.00000	-1.00000
525	Bishop	Cluster	un	181370	52	1.000000000	0.83333	0.18453	3.76334	0.07918	0.00108	-1.00000	-1.00000
532	Bishop	Cluster	un	183010	30	0.500000000	0.48387	0.04165	5.62086	0.31527	0.01695	-1.00000	-1.00000
540	Bishop	Cluster	un	187261	29	0.000008647	28.57143	3.41708	238.89586	1.45593	0.34749	-1.00000	-1.00000
543	Bishop	Cluster	un	189302	347	0.118181818	4.46154	0.46819	42.51565	0.64948	0.05660	-1.00000	-1.00000
574	Bishop	Cluster	un	200953	41	0.104821803	0.20690	0.02165	1.97698	0.68425	0.06335	-1.00000	-1.00000
577	Bishop	Cluster	un	202633	111	0.005271268	10.33333	1.20836	88.36581	1.01424	0.13208	-1.00000	-1.00000
581	Bishop	Cluster	un	203978	23	0.000000893	38.66667	4.59785	325.17648	1.58734	0.41420	-1.00000	-1.00000
586	Bishop	Cluster	un	206020	13	0.004675001	11.34783	1.33877	96.18756	1.05491	0.14933	-1.00000	-1.00000
605	Bishop	Cluster	un	210216	233	0.444444444	0.38710	0.03311	4.52610	0.41218	0.02358	-1.00000	-1.00000
615	Bishop	Cluster	un	215056	133	0.000081956	22.73333	2.68015	192.82645	1.35666	0.28409	-1.00000	-1.00000
616	Bishop	Cluster	un	215792	22	0.461538462	0.41379	0.03533	4.84665	0.38322	0.02288	-1.00000	-1.00000
622	Bishop	Cluster	un	218469	386	0.228675136	3.44444	0.33807	35.09441	0.53712	0.03827	-1.00000	-1.00000
625	Bishop	Cluster	un	219716	31	0.464285714	0.41935	0.03596	4.89101	0.37742	0.02098	-1.00000	-1.00000
627	Bishop	Cluster	un	220959	401	0.227113906	0.28736	0.02808	2.94037	0.54158	0.04142	-1.00000	-1.00000
628	Bishop	Cluster	un	221428	83	0.000000029	53.54546	6.39310	448.47025	1.72872	0.48214	-1.00000	-1.00000
635	Bishop	Cluster	un	222971	70	1.000000000	1.44444	0.22295	9.35813	0.15970	0.00259	-1.00000	-1.00000
638	Bishop	Cluster	un	224697	127	0.000002880	46.40000	5.43537	396.10168	1.66652	0.39857	-1.00000	-1.00000
646	Bishop	Cluster	un	229072	122	0.211038961	0.26882	0.02632	2.74562	0.57054	0.04274	-1.00000	-1.00000
653	Bishop	Cluster	un	230598	10	0.237749546	0.24138	0.02539	2.29481	0.61730	0.05091	-1.00000	-1.00000
675	Bishop	Cluster	un	239465	24	0.000000513	41.72727	4.93302	352.96133	1.62042	0.44444	-1.00000	-1.00000
687	Bishop	Cluster	un	243102	441	1.000000000	1.92857	0.16509	22.52900	0.28524	0.01752	-1.00000	-1.00000
688	Bishop	Cluster	un	243629	93	0.227113906	0.28736	0.02808	2.94037	0.54158	0.04142	-1.00000	-1.00000
689	Bishop	Cluster	un	244655	342	0.500000000	0.48000	0.04081	5.64636	0.31876	0.02128	-1.00000	-1.00000
690	Bishop	Cluster	un	245076	97	0.482758621	2.21429	0.19026	25.77014	0.34523	0.01880	-1.00000	-1.00000
696	Bishop	Cluster	un	248573	261	1.000000000	1.78571	0.15251	20.90852	0.25181	0.01681	-1.00000	-1.00000
708	Bishop	Cluster	un	253931	98	0.048259363	6.20000	0.67962	56.56101	0.79239	0.07937	-1.00000	-1.00000
724	Bishop	Cluster	un	258134	78	0.500000000	2.06667	0.17791	24.00734	0.31527	0.01695	-1.00000	-1.00000
731	Bishop	Cluster	un	261265	143	0.500000000	2.06667	0.17791	24.00734	0.31527	0.01695	-1.00000	-1.00000
735	Bishop	Cluster	un	263607	107	0.022269237	0.16800	0.03954	0.71380	0.77469	0.12698	-1.00000	-1.00000
745	Bishop	Cluster	un	266024	95	0.193752973	5.43478	0.58997	50.06475	0.73518	0.04962	-1.00000	-1.00000
747	Bishop	Cluster	un	267563	42	0.056199822	0.17419	0.01914	1.58503	0.75897	0.07143	-1.00000	-1.00000
753	Bishop	Cluster	un	269184	52	0.120255746	4.62963	0.50538	42.41049	0.66555	0.06400	-1.00000	-1.00000
756	Bishop	Cluster	un	270851	124	0.053273957	7.66667	0.84520	69.54317	0.88461	0.08711	-1.00000	-1.00000
759	Bishop	Cluster	un	272048	434	0.481481481	2.23077	0.19093	26.06312	0.34845	0.02032	-1.00000	-1.00000
770	Bishop	Cluster	un	275669	76	0.051876516	0.14815	0.01663	1.32015	0.82930	0.09475	-1.00000	-1.00000
772	Bishop	Cluster	un	276507	81	0.227113906	3.48000	0.34009	35.60907	0.54158	0.04142	-1.00000	-1.00000
777	Bishop	Cluster	un	279311	75	0.482758621	0.45161	0.03880	5.25593	0.34523	0.01880	-1.00000	-1.00000
781	Bishop	Cluster	un	281074	261	1.000000000	1.80000	0.15437	20.98797	0.25527	0.01576	-1.00000	-1.00000
784	Bishop	Cluster	un	281823	147	0.056199822	5.74074	0.63090	52.23658	0.75897	0.07143	-1.00000	-1.00000
785	Bishop	Cluster	un	282600	144	0.493506494	2.79310	0.27363	28.51051	0.44609	0.03210	-1.00000	-1.00000
788	Bishop	Cluster	un	283388	139	0.000000021	58.33333	10.63256	320.03369	1.76592	0.58960	-1.00000	-1.00000
792	Bishop	Cluster	un	284941	37	0.245762712	3.20690	0.31542	32.60509	0.50608	0.03448	-1.00000	-1.00000
793	Bishop	Cluster	un	285798	107	0.017220725	0.11828	0.01329	1.05307	0.92709	0.11312	-1.00000	-1.00000
799	Bishop	Cluster	un	289035	102	0.245098039	0.30864	0.03010	3.16484	0.51055	0.04000	-1.00000	-1.00000
811	Bishop	Cluster	un	292164	134	0.577085807	1.60000	0.53132	4.81819	0.20412	0.01349	-1.00000	-1.00000
812	Bishop	Cluster	un	292970	96	0.237749546	4.14286	0.43577	39.38647	0.61730	0.05091	-1.00000	-1.00000
814	Bishop	Cluster	un	293788	56	0.000706867	0.06093	0.00710	0.52259	1.21516	0.21739	-1.00000	-1.00000
817	Bishop	Cluster	un	295419	157	0.000849276	0.06667	0.00784	0.56688	1.17609	0.20930	-1.00000	-1.00000
824	Bishop	Cluster	un	296265	120	0.001099811	0.06810	0.00798	0.58084	1.16685	0.19231	-1.00000	-1.00000
833	Bishop	Cluster	un	298520	25	0.106170599	4.76923	0.50143	45.36166	0.67845	0.05844	-1.00000	-1.00000
834	Bishop	Cluster	un	299295	81	0.000000007	65.44444	7.67302	558.18658	1.81587	0.54656	-1.00000	-1.00000
837	Bishop	Cluster	un	300966	116	0.500000000	2.06667	0.17791	24.00734	0.31527	0.01695	-1.00000	-1.00000
850	Bishop	Cluster	un	306984	116	0.000911685	14.50000	1.71773	122.39995	1.16137	0.19149	-1.00000	-1.00000
851	Bishop	Cluster	un	307711	32	0.182794958	2.17949	0.72733	6.53098	0.33835	0.03633	-1.00000	-1.00000
878	Bishop	Cluster	un	316384	7	0.245762712	3.20690	0.31542	32.60509	0.50608	0.03448	-1.00000	-1.00000
882	Bishop	Cluster	un	318944	70	0.013439958	0.10753	0.01203	0.96116	0.96848	0.12755	-1.00000	-1.00000
887	Bishop	Cluster	un	320523	51	1.000000000	1.80000	0.15437	20.98797	0.25527	0.01576	-1.00000	-1.00000
893	Bishop	Cluster	un	322166	83	0.665071770	0.59524	0.09186	3.85723	0.22531	0.00519	-1.00000	-1.00000
904	Bishop	Cluster	un	324788	191	1.000000000	0.86207	0.05123	14.50627	0.06446	0.00019	-1.00000	-1.00000
907	Bishop	Cluster	un	325473	60	0.003714274	0.08621	0.00999	0.74418	1.06446	0.16039	-1.00000	-1.00000
913	Bishop	Cluster	un	326530	22	0.000000000	79.22222	9.36504	670.16931	1.89885	0.57895	-1.00000	-1.00000
914	Bishop	Cluster	un	327369	32	0.000129536	16.00000	3.15013	81.26658	1.20412	0.27473	-1.00000	-1.00000
917	Bishop	Cluster	un	328929	43	0.066343862	0.19388	0.03628	1.03611	0.71247	0.07566	-1.00000	-1.00000
920	Bishop	Cluster	un	330784	333	0.481481481	0.44828	0.03837	5.23742	0.34845	0.02032	-1.00000	-1.00000
925	Bishop	Cluster	un	332202	57	0.045880559	4.50000	1.04096	19.45328	0.65321	0.08288	-1.00000	-1.00000
927	Bishop	Cluster	un	333026	105	0.010708738	0.10345	0.01207	0.88640	0.98528	0.12810	-1.00000	-1.00000
936	Bishop	Cluster	un	338012	265	0.464285714	0.41935	0.03596	4.89101	0.37742	0.02098	-1.00000	-1.00000
979	Bishop	Cluster	un	352176	180	0.444444444	0.38710	0.03311	4.52610	0.41218	0.02358	-1.00000	-1.00000
980	Bishop	Cluster	un	353208	418	1.000000000	1.80000	0.15437	20.98797	0.25527	0.01576	-1.00000	-1.00000
984	Bishop	Cluster	un	354424	38	0.491833031	0.33333	0.03272	3.39531	0.47712	0.03333	-1.00000	-1.00000
987	Bishop	Cluster	un	355322	108	0.118644068	4.42857	0.46670	42.02293	0.64626	0.05263	-1.00000	-1.00000
990	Bishop	Cluster	un	357167	365	0.228675136	0.29032	0.02849	2.95801	0.53712	0.03827	-1.00000	-1.00000
1000	Bishop	Cluster	un	360761	95	0.228675136	0.29032	0.02849	2.95801	0.53712	0.03827	-1.00000	-1.00000
1019	Bishop	Cluster	un	369640	155	0.118644068	4.42857	0.46670	42.02293	0.64626	0.05263	-1.00000	-1.00000
1031	Bishop	Cluster	un	372059	201	1.000000000	1.78571	0.15251	20.90852	0.25181	0.01681	-1.00000	-1.00000
1044	Bishop	Cluster	un	375810	222	0.493506494	2.79310	0.27363	28.51051	0.44609	0.03210	-1.00000	-1.00000
1064	Bishop	Cluster	un	383997	76	0.106170599	0.20968	0.02205	1.99431	0.67845	0.05844	-1.00000	-1.00000
1073	Bishop	Cluster	un	386724	312	1.000000000	1.92857	0.16509	22.52900	0.28524	0.01752	-1.00000	-1.00000
1080	Bishop	Cluster	un	388207	100	0.004279824	0.08444	0.00983	0.72525	1.07343	0.17582	-1.00000	-1.00000
1110	Bishop	Cluster	un	395317	149	0.000028156	0.03979	0.00474	0.33393	1.40025	0.30769	-1.00000	-1.00000
1117	Bishop	Cluster	un	397575	19	0.500000000	2.07692	0.17741	24.31412	0.31742	0.01961	-1.00000	-1.00000
1120	Bishop	Cluster	un	399256	24	1.000000000	0.52000	0.04432	6.10163	0.28400	0.01884	-1.00000	-1.00000
1124	Bishop	Cluster	un	400390	302	1.000000000	0.51852	0.04439	6.05718	0.28524	0.01752	-1.00000	-1.00000
1132	Bishop	Cluster	un	402521	40	0.500000000	0.48387	0.04165	5.62086	0.31527	0.01695	-1.00000	-1.00000
1151	Bishop	Cluster	un	408483	50	0.115570167	2.47009	0.83577	7.30023	0.39271	0.04863	-1.00000	-1.00000
1153	Bishop	Cluster	un	409349	97	0.734386036	1.30435	0.31095	5.47129	0.11539	0.00236	-1.00000	-1.00000
1155	Bishop	Cluster	un	410301	293	1.000000000	0.93103	0.05544	15.63520	0.03103	0.00004	-1.00000	-1.00000
1160	Bishop	Cluster	un	412408	38	0.000008187	23.00000	5.04555	104.84476	1.36173	0.41266	-1.00000	-1.00000
1161	Bishop	Cluster	un	413313	136	0.387055075	1.73684	0.52227	5.77594	0.23976	0.01463	-1.00000	-1.00000
1163	Bishop	Cluster	un	413954	29	0.480341768	1.80000	0.38927	8.32331	0.25527	0.00962	-1.00000	-1.00000
1165	Bishop	Cluster	un	414760	10	0.000000000	325.00000	27.69753	3813.51733	2.51188	0.92308	-1.00000	-1.00000
1171	Bishop	Cluster	un	418892	91	0.040703531	6.73913	0.73649	61.66531	0.82860	0.08876	-1.00000	-1.00000
1183	Bishop	Cluster	un	421182	16	0.211038961	3.72000	0.36422	37.99496	0.57054	0.04274	-1.00000	-1.00000
1196	Bishop	Cluster	un	426195	7	1.000000000	0.92857	0.12178	7.08007	0.03218	0.00009	-1.00000	-1.00000
1212	Bishop	Cluster	un	433528	232	0.464285714	0.41935	0.03596	4.89101	0.37742	0.02098	-1.00000	-1.00000
1216	Bishop	Cluster	un	434227	121	0.500000000	0.48387	0.04165	5.62086	0.31527	0.01695	-1.00000	-1.00000
1222	Bishop	Cluster	un	436468	13	0.002063288	16.11111	1.89908	136.68118	1.20713	0.17036	-1.00000	-1.00000
1227	Bishop	Cluster	un	438798	6	1.000000000	1.93333	0.16614	22.49763	0.28631	0.01637	-1.00000	-1.00000
1252	Bishop	Cluster	un	447546	82	0.020799934	0.12644	0.01417	1.12790	0.89813	0.10989	-1.00000	-1.00000
1254	Bishop	Cluster	un	449173	82	1.000000000	0.79310	0.04702	13.37737	0.10067	0.00048	-1.00000	-1.00000
1273	Bishop	Cluster	un	456346	18	0.500000000	2.06667	0.17791	24.00734	0.31527	0.01695	-1.00000	-1.00000
1294	Bishop	Cluster	un	462819	52	0.211038961	0.26882	0.02632	2.74562	0.57054	0.04274	-1.00000	-1.00000
1313	Bishop	Cluster	un	468682	249	0.500000000	0.48000	0.04081	5.64636	0.31876	0.02128	-1.00000	-1.00000
1318	Bishop	Cluster	un	470381	407	0.482758621	0.45161	0.03880	5.25593	0.34523	0.01880	-1.00000	-1.00000
1323	Bishop	Cluster	un	471574	30	0.000245867	0.05161	0.00606	0.43972	1.28724	0.25000	-1.00000	-1.00000
1328	Bishop	Cluster	un	473279	114	0.091965616	0.35000	0.10600	1.15569	0.45593	0.05882	-1.00000	-1.00000
1335	Bishop	Cluster	un	477250	57	0.482758621	0.45161	0.03880	5.25593	0.34523	0.01880	-1.00000	-1.00000
1338	Bishop	Cluster	un	478869	53	0.559202855	0.65882	0.20187	2.15009	0.18123	0.00961	-1.00000	-1.00000
1340	Bishop	Cluster	un	479661	8	0.017220725	0.11828	0.01329	1.05307	0.92709	0.11312	-1.00000	-1.00000
1348	Bishop	Cluster	un	482130	28	1.000000000	1.93333	0.16614	22.49763	0.28631	0.01637	-1.00000	-1.00000
1355	Bishop	Cluster	un	486346	266	0.493506494	2.79310	0.27363	28.51051	0.44609	0.03210	-1.00000	-1.00000
1360	Bishop	Cluster	un	487684	20	0.482758621	0.45161	0.03880	5.25593	0.34523	0.01880	-1.00000	-1.00000
1380	Bishop	Cluster	un	496426	511	0.480000000	0.44444	0.03787	5.21605	0.35218	0.02211	-1.00000	-1.00000
1381	Bishop	Cluster	un	497021	251	0.118644068	0.22581	0.02380	2.14269	0.64626	0.05263	-1.00000	-1.00000
1388	Bishop	Cluster	un	498258	13	0.000000000	837.00000	49.91668	14034.76660	2.92273	1.00000	-1.00000	-1.00000
1401	Bishop	Cluster	un	500592	79	0.000002304	33.14286	3.98367	275.73810	1.52039	0.36585	-1.00000	-1.00000
1408	Bishop	Cluster	un	504451	57	0.496855346	2.58621	0.25274	26.46334	0.41266	0.03077	-1.00000	-1.00000
1409	Bishop	Cluster	un	505228	39	0.464285714	2.38462	0.20446	27.81217	0.37742	0.02098	-1.00000	-1.00000
1413	Bishop	Cluster	un	507831	69	0.500000000	0.48387	0.04165	5.62086	0.31527	0.01695	-1.00000	-1.00000
1424	Bishop	Cluster	un	511116	135	0.056199822	5.74074	0.63090	52.23658	0.75897	0.07143	-1.00000	-1.00000
1432	Bishop	Cluster	un	512759	74	0.000000000	625.00000	37.00302	10556.57129	2.79588	0.85207	-1.00000	-1.00000
1440	Bishop	Cluster	un	513548	40	0.245762712	3.20690	0.31542	32.60509	0.50608	0.03448	-1.00000	-1.00000
1446	Bishop	Cluster	un	516144	120	1.000000000	1.07407	0.06396	18.03732	0.03103	0.00004	-1.00000	-1.00000
1457	Bishop	Cluster	un	520220	114	0.020060790	0.12346	0.01375	1.10819	0.90848	0.12037	-1.00000	-1.00000
1517	Bishop	Cluster	un	537848	7	0.482758621	0.45161	0.03880	5.25593	0.34523	0.01880	-1.00000	-1.00000
1532	Bishop	Cluster	un	542804	112	0.012739138	11.11111	1.27451	96.86606	1.04576	0.12661	-1.00000	-1.00000
1535	Bishop	Cluster	un	543633	122	0.352483363	2.01176	0.56266	7.19303	0.30358	0.02352	-1.00000	-1.00000
1538	Bishop	Cluster	un	544452	142	0.001099811	0.06810	0.00798	0.58084	1.16685	0.19231	-1.00000	-1.00000
1549	Bishop	Cluster	un	547631	75	0.482758621	0.45161	0.03880	5.25593	0.34523	0.01880	-1.00000	-1.00000
1554	Bishop	Cluster	un	551663	43	0.676628011	0.64286	0.09951	4.15313	0.19189	0.00364	-1.00000	-1.00000
1566	Bishop	Cluster	un	558175	70	0.001621509	0.07527	0.00886	0.63910	1.12338	0.17143	-1.00000	-1.00000
1568	Bishop	Cluster	un	559857	90	0.056199822	5.74074	0.63090	52.23658	0.75897	0.07143	-1.00000	-1.00000
1572	Bishop	Cluster	un	562468	148	0.020799934	0.12644	0.01417	1.12790	0.89813	0.10989	-1.00000	-1.00000
1589	Bishop	Cluster	un	567322	97	0.711575882	1.53333	0.32894	7.14760	0.18564	0.00534	-1.00000	-1.00000
1590	Bishop	Cluster	un	568048	19	0.765262870	1.37500	0.42562	4.44201	0.13830	0.00526	-1.00000	-1.00000
1592	Bishop	Cluster	un	569191	402	0.228675136	0.29032	0.02849	2.95801	0.53712	0.03827	-1.00000	-1.00000
1594	Bishop	Cluster	un	570472	61	0.245762712	0.31183	0.03067	3.17041	0.50608	0.03448	-1.00000	-1.00000
1615	Bishop	Cluster	un	578551	29	0.003937952	0.08871	0.01034	0.76118	1.05203	0.14706	-1.00000	-1.00000
1616	Bishop	Cluster	un	579440	106	0.500000000	2.06667	0.17791	24.00734	0.31527	0.01695	-1.00000	-1.00000
1619	Bishop	Cluster	un	581003	59	0.000000132	49.00000	8.85509	271.14359	1.69020	0.56250	-1.00000	-1.00000
1642	Bishop	Cluster	un	588885	198	0.464285714	0.41935	0.03596	4.89101	0.37742	0.02098	-1.00000	-1.00000
1644	Bishop	Cluster	un	589549	52	0.000000027	51.66667	6.22608	428.75214	1.71321	0.46341	-1.00000	-1.00000
1647	Bishop	Cluster	un	591148	148	0.269185151	2.00000	0.64830	6.16995	0.30103	0.02828	-1.00000	-1.00000
1648	Bishop	Cluster	un	591807	18	0.000022275	27.00000	3.18017	229.23271	1.43136	0.34211	-1.00000	-1.00000
1650	Bishop	Cluster	un	592751	150	0.001621509	13.28571	1.56470	112.80769	1.12338	0.17143	-1.00000	-1.00000
1654	Bishop	Cluster	un	594565	339	0.482758621	0.45161	0.03880	5.25593	0.34523	0.01880	-1.00000	-1.00000
1659	Bishop	Cluster	un	597617	354	0.500000000	2.07143	0.17768	24.14955	0.31627	0.01818	-1.00000	-1.00000
1671	Bishop	Cluster	un	602344	120	0.245762712	0.31183	0.03067	3.17041	0.50608	0.03448	-1.00000	-1.00000
1678	Bishop	Cluster	un	607049	43	0.500000000	0.48387	0.04165	5.62086	0.31527	0.01695	-1.00000	-1.00000
1686	Bishop	Cluster	un	610303	35	0.354066986	4.15385	0.43495	39.66973	0.61845	0.03021	-1.00000	-1.00000
1692	Bishop	Cluster	un	613671	174	0.480000000	0.44444	0.03787	5.21605	0.35218	0.02211	-1.00000	-1.00000
1693	Bishop	Cluster	un	614419	75	0.000066824	23.14286	2.72362	196.64680	1.36442	0.30556	-1.00000	-1.00000
1709	Bishop	Cluster	un	621471	108	0.228675136	0.29032	0.02849	2.95801	0.53712	0.03827	-1.00000	-1.00000
1728	Bishop	Cluster	un	631837	71	0.106170599	0.20968	0.02205	1.99431	0.67845	0.05844	-1.00000	-1.00000
1730	Bishop	Cluster	un	632696	37	0.008914258	0.10345	0.01182	0.90538	0.98528	0.13462	-1.00000	-1.00000
1734	Bishop	Cluster	un	634312	71	0.245762712	0.31183	0.03067	3.17041	0.50608	0.03448	-1.00000	-1.00000
1735	Bishop	Cluster	un	635232	91	0.000000000	434.00000	37.29122	5050.94727	2.63749	0.93318	-1.00000	-1.00000
1740	Bishop	Cluster	un	638056	470	0.245454545	0.31034	0.03040	3.16783	0.50816	0.03704	-1.00000	-1.00000
1752	Bishop	Cluster	un	643496	147	0.001099811	0.06810	0.00798	0.58084	1.16685	0.19231	-1.00000	-1.00000
1767	Bishop	Cluster	un	648472	32	0.118181818	4.46154	0.46819	42.51565	0.64948	0.05660	-1.00000	-1.00000
1771	Bishop	Cluster	un	649766	449	0.491264850	0.33333	0.03259	3.40968	0.47712	0.03571	-1.00000	-1.00000
1800	Bishop	Cluster	un	660429	107	0.000000001	96.66666	10.79318	865.77277	1.98528	0.67172	-1.00000	-1.00000
1805	Bishop	Cluster	un	661973	51	0.000000000	406.00000	34.82467	4733.31104	2.60853	0.93103	-1.00000	-1.00000
1820	Bishop	Cluster	un	667460	92	0.000057723	30.66667	3.61715	259.99576	1.48667	0.31697	-1.00000	-1.00000
1855	Bishop	Cluster	un	682836	65	0.500000000	2.06667	0.17791	24.00734	0.31527	0.01695	-1.00000	-1.00000
1857	Bishop	Cluster	un	684522	95	0.026092774	7.15385	0.80847	63.30171	0.85454	0.09091	-1.00000	-1.00000
1866	Bishop	Cluster	un	687789	90	0.000081956	0.04399	0.00519	0.37311	1.35666	0.28409	-1.00000	-1.00000
1869	Bishop	Cluster	un	688795	282	1.000000000	1.80000	0.15437	20.98797	0.25527	0.01576	-1.00000	-1.00000
1880	Bishop	Cluster	un	695732	87	0.245762712	3.20690	0.31542	32.60509	0.50608	0.03448	-1.00000	-1.00000
1882	Bishop	Cluster	un	696545	99	0.245762712	3.20690	0.31542	32.60509	0.50608	0.03448	-1.00000	-1.00000
1895	Bishop	Cluster	un	701279	43	0.010518303	8.25000	1.61704	42.09084	0.91645	0.15055	-1.00000	-1.00000
1902	Bishop	Cluster	un	702976	10	0.500000000	2.06667	0.17791	24.00734	0.31527	0.01695	-1.00000	-1.00000
1903	Bishop	Cluster	un	703855	135	1.000000000	1.93333	0.16614	22.49763	0.28631	0.01637	-1.00000	-1.00000
1905	Bishop	Cluster	un	705509	235	0.211038961	0.26882	0.02632	2.74562	0.57054	0.04274	-1.00000	-1.00000
1907	Bishop	Cluster	un	706065	29	0.000123973	0.04702	0.00553	0.39964	1.32770	0.27778	-1.00000	-1.00000
1909	Bishop	Cluster	un	706963	53	0.027715237	0.11111	0.01267	0.97465	0.95424	0.09375	-1.00000	-1.00000
1927	Bishop	Cluster	un	712709	147	0.500000000	2.06667	0.17791	24.00734	0.31527	0.01695	-1.00000	-1.00000
1928	Bishop	Cluster	un	713441	10	0.482758621	2.21429	0.19026	25.77014	0.34523	0.01880	-1.00000	-1.00000
1932	Bishop	Cluster	un	715943	144	0.046139818	6.42857	0.69714	59.27980	0.80811	0.09420	-1.00000	-1.00000
1936	Bishop	Cluster	un	716644	61	1.000000000	0.51724	0.04445	6.01898	0.28631	0.01637	-1.00000	-1.00000
1939	Bishop	Cluster	un	717465	72	0.112015456	0.18519	0.02022	1.69642	0.73239	0.07429	-1.00000	-1.00000
1943	Bishop	Cluster	un	719229	255	1.000000000	0.93103	0.05544	15.63520	0.03103	0.00004	-1.00000	-1.00000
1949	Bishop	Cluster	un	722559	333	0.464285714	2.38462	0.20446	27.81217	0.37742	0.02098	-1.00000	-1.00000
1963	Bishop	Cluster	un	725847	472	0.480000000	2.25000	0.19172	26.40626	0.35218	0.02211	-1.00000	-1.00000
1979	Bishop	Cluster	un	733090	186	0.500000000	2.07692	0.17741	24.31412	0.31742	0.01961	-1.00000	-1.00000
1982	Bishop	Cluster	un	733720	50	0.003190409	0.09740	0.01905	0.49811	1.01143	0.17725	-1.00000	-1.00000
1991	Bishop	Cluster	un	739385	123	0.500000000	2.06667	0.17791	24.00734	0.31527	0.01695	-1.00000	-1.00000
1994	Bishop	Cluster	un	740799	11	0.780787878	0.75758	0.25299	2.26857	0.12057	0.00457	-1.00000	-1.00000
2002	Bishop	Cluster	un	743533	147	0.667952287	2.18182	0.36308	13.11095	0.33882	0.01449	-1.00000	-1.00000
2003	Bishop	Cluster	un	744326	103	0.000355389	18.12500	2.12319	154.72722	1.25828	0.24419	-1.00000	-1.00000
2008	Bishop	Cluster	un	747193	41	0.491264850	0.33333	0.03259	3.40968	0.47712	0.03571	-1.00000	-1.00000
2010	Bishop	Cluster	un	747918	223	0.500000000	0.48276	0.04141	5.62819	0.31627	0.01818	-1.00000	-1.00000
2013	Bishop	Cluster	un	748594	96	0.000967802	0.07097	0.00846	0.59542	1.14894	0.17647	-1.00000	-1.00000
2020	Bishop	Cluster	un	751196	88	0.005211412	0.08756	0.00998	0.76820	1.05771	0.15625	-1.00000	-1.00000
2022	Bishop	Cluster	un	752833	129	0.228675136	0.29032	0.02849	2.95801	0.53712	0.03827	-1.00000	-1.00000
2025	Bishop	Cluster	un	754721	256	1.000000000	1.78571	0.15251	20.90852	0.25181	0.01681	-1.00000	-1.00000
2030	Bishop	Cluster	un	756748	63	1.000000000	0.51852	0.04439	6.05718	0.28524	0.01752	-1.00000	-1.00000
2051	Bishop	Cluster	un	764144	29	0.500000000	2.06667	0.17791	24.00734	0.31527	0.01695	-1.00000	-1.00000
2056	Bishop	Cluster	un	765794	104	0.500000000	0.48387	0.04165	5.62086	0.31527	0.01695	-1.00000	-1.00000
2059	Bishop	Cluster	un	767344	70	0.002836355	0.08065	0.00936	0.69479	1.09342	0.16484	-1.00000	-1.00000
2063	Bishop	Cluster	un	769729	104	0.482758621	0.45161	0.03880	5.25593	0.34523	0.01880	-1.00000	-1.00000
2070	Bishop	Cluster	un	773001	81	0.000000454	24.00000	6.00219	95.96496	1.38021	0.43184	-1.00000	-1.00000
2074	Bishop	Cluster	un	774546	17	0.000000000	841.00000	50.16650	14098.67188	2.92480	1.00000	-1.00000	-1.00000
2077	Bishop	Cluster	un	776315	323	0.245283019	3.57143	0.37390	34.11384	0.55284	0.04706	-1.00000	-1.00000
2082	Bishop	Cluster	un	776840	95	0.112852665	5.37037	0.58906	48.96109	0.73000	0.06914	-1.00000	-1.00000
2085	Bishop	Cluster	un	777477	33	0.000000000	130.20000	14.17800	1195.65820	2.11461	0.73529	-1.00000	-1.00000
2089	Bishop	Cluster	un	779966	51	0.041229845	0.18182	0.03395	0.97362	0.74036	0.09474	-1.00000	-1.00000
2114	Bishop	Cluster	un	791608	71	0.500000000	0.48148	0.04113	5.63661	0.31742	0.01961	-1.00000	-1.00000
2120	Bishop	Cluster	un	793146	19	0.118644068	4.42857	0.46670	42.02293	0.64626	0.05263	-1.00000	-1.00000
2126	Bishop	Cluster	un	795880	351	0.496855346	2.58621	0.25274	26.46334	0.41266	0.03077	-1.00000	-1.00000
2129	Bishop	Cluster	un	797853	30	0.253099393	3.27273	0.59686	17.94505	0.51491	0.03733	-1.00000	-1.00000
2132	Bishop	Cluster	un	800515	268	0.500000000	0.48276	0.04141	5.62819	0.31627	0.01818	-1.00000	-1.00000
2138	Bishop	Cluster	un	801163	29	0.002304137	16.42857	1.89393	142.50671	1.21560	0.19902	-1.00000	-1.00000
2148	Bishop	Cluster	un	805993	19	0.118644068	4.42857	0.46670	42.02293	0.64626	0.05263	-1.00000	-1.00000
2150	Bishop	Cluster	un	806810	9	0.611542730	3.00000	0.29185	30.83754	0.47712	0.01717	-1.00000	-1.00000
2151	Bishop	Cluster	un	807992	305	0.118181818	4.46154	0.46819	42.51565	0.64948	0.05660	-1.00000	-1.00000
2173	Bishop	Cluster	un	817542	83	0.500000000	2.06667	0.17791	24.00734	0.31527	0.01695	-1.00000	-1.00000
2175	Bishop	Cluster	un	819119	141	0.228675136	3.44444	0.33807	35.09441	0.53712	0.03827	-1.00000	-1.00000
2180	Bishop	Cluster	un	822220	81	0.009307886	0.10599	0.01218	0.92241	0.97473	0.12363	-1.00000	-1.00000
2191	Bishop	Cluster	un	826344	113	0.118644068	0.22581	0.02380	2.14269	0.64626	0.05263	-1.00000	-1.00000
2206	Bishop	Cluster	un	832705	80	0.000123973	0.04702	0.00553	0.39964	1.32770	0.27778	-1.00000	-1.00000
2210	Bishop	Cluster	un	833451	77	0.000000000	237.66667	23.20264	2434.44067	2.37597	0.85938	-1.00000	-1.00000
2221	Bishop	Cluster	un	838229	131	0.500000000	2.06667	0.17791	24.00734	0.31527	0.01695	-1.00000	-1.00000
2231	Bishop	Cluster	un	841542	183	1.000000000	0.85185	0.05042	14.39326	0.06964	0.00024	-1.00000	-1.00000
2234	Bishop	Cluster	un	842186	13	0.118181818	4.46154	0.46819	42.51565	0.64948	0.05660	-1.00000	-1.00000
2244	Bishop	Cluster	un	845404	107	0.000000094	45.30769	5.47857	374.69418	1.65617	0.42857	-1.00000	-1.00000
2245	Bishop	Cluster	un	846242	85	0.000000224	58.33333	6.82258	498.75238	1.76592	0.45636	-1.00000	-1.00000
2260	Bishop	Cluster	un	853157	503	0.461538462	0.41379	0.03533	4.84665	0.38322	0.02288	-1.00000	-1.00000
2265	Bishop	Cluster	un	855331	281	0.481481481	0.44828	0.03837	5.23742	0.34845	0.02032	-1.00000	-1.00000
2269	Bishop	Cluster	un	856625	70	0.500000000	2.06667	0.17791	24.00734	0.31527	0.01695	-1.00000	-1.00000
2273	Bishop	Cluster	un	858186	22	0.021448606	7.75000	0.87337	68.77064	0.88930	0.10108	-1.00000	-1.00000
2290	Bishop	Cluster	un	864013	91	0.000779619	0.06400	0.00746	0.54905	1.19382	0.23077	-1.00000	-1.00000
2292	Bishop	Cluster	un	864602	156	0.697061803	0.65217	0.13004	3.27075	0.18564	0.00545	-1.00000	-1.00000
2294	Bishop	Cluster	un	865321	22	0.004675001	0.08812	0.01040	0.74695	1.05491	0.14933	-1.00000	-1.00000
2297	Bishop	Cluster	un	868012	300	0.482758621	2.21429	0.19026	25.77014	0.34523	0.01880	-1.00000	-1.00000
2304	Bishop	Cluster	un	871045	96	0.106170599	4.76923	0.50143	45.36166	0.67845	0.05844	-1.00000	-1.00000
2308	Bishop	Cluster	un	873385	22	0.138442666	0.26190	0.04809	1.42644	0.58186	0.04576	-1.00000	-1.00000
2309	Bishop	Cluster	un	874135	21	0.482758621	0.45161	0.03880	5.25593	0.34523	0.01880	-1.00000	-1.00000
2325	Bishop	Cluster	un	880630	34	0.002836355	12.40000	1.43928	106.83144	1.09342	0.16484	-1.00000	-1.00000
2329	Bishop	Cluster	un	881470	44	0.500000000	2.06667	0.17791	24.00734	0.31527	0.01695	-1.00000	-1.00000
2354	Bishop	Cluster	un	886873	81	0.482758621	2.21429	0.19026	25.77014	0.34523	0.01880	-1.00000	-1.00000
2356	Bishop	Cluster	un	888458	82	0.000000000	103.33334	11.56006	923.67841	2.01424	0.67857	-1.00000	-1.00000
2376	Bishop	Cluster	un	898038	121	0.006735131	12.50000	1.47347	106.04211	1.09691	0.13701	-1.00000	-1.00000
2379	Bishop	Cluster	un	900010	416	1.000000000	0.56000	0.04783	6.55691	0.25181	0.01681	-1.00000	-1.00000
2383	Bishop	Cluster	un	902622	105	0.000007884	0.03226	0.00382	0.27270	1.49136	0.35714	-1.00000	-1.00000
2388	Bishop	Cluster	un	905055	212	1.000000000	1.78571	0.15251	20.90852	0.25181	0.01681	-1.00000	-1.00000
2400	Bishop	Cluster	un	908977	7	0.026092774	0.13978	0.01580	1.23690	0.85454	0.09091	-1.00000	-1.00000
2404	Bishop	Cluster	un	909792	35	0.000206888	16.33333	3.20447	83.25166	1.21307	0.27128	-1.00000	-1.00000
2414	Bishop	Cluster	un	913007	97	0.576959063	1.45588	0.47198	4.49083	0.16313	0.00794	-1.00000	-1.00000
2416	Bishop	Cluster	un	914220	552	0.500000000	0.48000	0.04081	5.64636	0.31876	0.02128	-1.00000	-1.00000
2422	Bishop	Cluster	un	916621	423	0.461538462	0.41379	0.03533	4.84665	0.38322	0.02288	-1.00000	-1.00000
2430	Bishop	Cluster	un	921057	140	0.500000000	0.48387	0.04165	5.62086	0.31527	0.01695	-1.00000	-1.00000
2432	Bishop	Cluster	un	922573	94	1.000000000	1.93333	0.16614	22.49763	0.28631	0.01637	-1.00000	-1.00000
2438	Bishop	Cluster	un	926483	6	0.118644068	0.22581	0.02380	2.14269	0.64626	0.05263	-1.00000	-1.00000
2447	Bishop	Cluster	un	932018	29	0.048259363	0.16129	0.01768	1.47141	0.79239	0.07937	-1.00000	-1.00000
2456	Bishop	Cluster	un	937717	34	0.000368554	16.78947	2.00057	140.90321	1.22504	0.21739	-1.00000	-1.00000
2457	Bishop	Cluster	un	938499	10	0.231345082	0.30000	0.05293	1.70020	0.52288	0.03590	-1.00000	-1.00000
2461	Bishop	Cluster	un	939416	54	0.237749546	0.24138	0.02539	2.29481	0.61730	0.05091	-1.00000	-1.00000
2462	Bishop	Cluster	un	940247	75	0.500000000	0.48387	0.04165	5.62086	0.31527	0.01695	-1.00000	-1.00000
2468	Bishop	Cluster	un	941804	52	0.005271268	0.09677	0.01132	0.82757	1.01424	0.13208	-1.00000	-1.00000
2474	Bishop	Cluster	un	944409	138	0.245762712	3.20690	0.31542	32.60509	0.50608	0.03448	-1.00000	-1.00000
2477	Bishop	Cluster	un	945849	16	0.378305124	0.55556	0.16911	1.82507	0.25527	0.01823	-1.00000	-1.00000
2478	Bishop	Cluster	un	946642	9	0.000967802	0.07097	0.00846	0.59542	1.14894	0.17647	-1.00000	-1.00000
2479	Bishop	Cluster	un	947534	150	0.000013103	29.00000	3.42359	245.64850	1.46240	0.35000	-1.00000	-1.00000
2497	Bishop	Cluster	un	954978	41	0.000648604	0.06452	0.00766	0.54351	1.19033	0.19679	-1.00000	-1.00000
2499	Bishop	Cluster	un	956879	328	0.500000000	0.48387	0.04165	5.62086	0.31527	0.01695	-1.00000	-1.00000
2502	Bishop	Cluster	un	959386	427	1.000000000	0.86207	0.05123	14.50627	0.06446	0.00019	-1.00000	-1.00000
2504	Bishop	Cluster	un	960598	146	0.482758621	0.45161	0.03880	5.25593	0.34523	0.01880	-1.00000	-1.00000
2512	Bishop	Cluster	un	962908	66	1.000000000	1.00000	0.05944	16.82259	0.00000	0.00000	-1.00000	-1.00000
2513	Bishop	Cluster	un	963720	85	0.500000000	2.06667	0.17791	24.00734	0.31527	0.01695	-1.00000	-1.00000
2516	Bishop	Cluster	un	965321	59	0.500000000	2.06667	0.17791	24.00734	0.31527	0.01695	-1.00000	-1.00000
2532	Bishop	Cluster	un	972928	89	0.093795094	5.16667	0.54173	49.27621	0.71321	0.06531	-1.00000	-1.00000
2534	Bishop	Cluster	un	974483	16	0.105063500	6.05263	0.64992	56.36739	0.78194	0.06349	-1.00000	-1.00000
2535	Bishop	Cluster	un	975362	98	0.009649678	5.36667	1.55788	18.48741	0.72970	0.14179	-1.00000	-1.00000
2538	Bishop	Cluster	un	977744	12	0.106170599	4.76923	0.50143	45.36166	0.67845	0.05844	-1.00000	-1.00000
2541	Bishop	Cluster	un	978613	61	0.444444444	0.38710	0.03311	4.52610	0.41218	0.02358	-1.00000	-1.00000
2544	Bishop	Cluster	un	981277	401	0.211038961	0.26882	0.02632	2.74562	0.57054	0.04274	-1.00000	-1.00000
2545	Bishop	Cluster	un	982150	433	0.245454545	0.31034	0.03040	3.16783	0.50816	0.03704	-1.00000	-1.00000
2561	Bishop	Cluster	un	989109	116	0.118644068	4.42857	0.46670	42.02293	0.64626	0.05263	-1.00000	-1.00000
2566	Bishop	Cluster	un	993081	43	0.011860352	8.68000	1.00047	75.30706	0.93852	0.11111	-1.00000	-1.00000
2568	Bishop	Cluster	un	993891	72	0.482758621	0.45161	0.03880	5.25593	0.34523	0.01880	-1.00000	-1.00000
2585	Bishop	Cluster	un	1001685	248	0.481481481	0.44828	0.03837	5.23742	0.34845	0.02032	-1.00000	-1.00000
2589	Bishop	Cluster	un	1003029	16	0.482758621	0.45161	0.03880	5.25593	0.34523	0.01880	-1.00000	-1.00000
2593	Bishop	Cluster	un	1005503	87	1.000000000	1.92857	0.16509	22.52900	0.28524	0.01752	-1.00000	-1.00000
2599	Bishop	Cluster	un	1006284	25	0.493506494	2.79310	0.27363	28.51051	0.44609	0.03210	-1.00000	-1.00000
2600	Bishop	Cluster	un	1007309	232	0.444444444	0.38710	0.03311	4.52610	0.41218	0.02358	-1.00000	-1.00000
2604	Bishop	Cluster	un	1008839	119	0.211038961	0.26882	0.02632	2.74562	0.57054	0.04274	-1.00000	-1.00000
2615	Bishop	Cluster	un	1012094	46	0.000127909	20.25000	2.40238	170.68977	1.30642	0.26829	-1.00000	-1.00000
2622	Bishop	Cluster	un	1015955	64	0.228675136	0.29032	0.02849	2.95801	0.53712	0.03827	-1.00000	-1.00000
2626	Bishop	Cluster	un	1017584	41	0.011632229	4.85714	1.43006	16.49708	0.68638	0.14087	-1.00000	-1.00000
2638	Bishop	Cluster	un	1023816	72	0.056199822	0.17419	0.01914	1.58503	0.75897	0.07143	-1.00000	-1.00000
2655	Bishop	Cluster	un	1030499	248	1.000000000	1.00000	0.05965	16.76418	0.00000	0.00000	-1.00000	-1.00000
2656	Bishop	Cluster	un	1031201	86	0.011614480	9.00000	1.04796	77.29334	0.95424	0.12381	-1.00000	-1.00000
2657	Bishop	Cluster	un	1031880	12	0.026092774	0.13978	0.01580	1.23690	0.85454	0.09091	-1.00000	-1.00000
2661	Bishop	Cluster	un	1033914	414	0.500000000	0.48148	0.04113	5.63661	0.31742	0.01961	-1.00000	-1.00000
2665	Bishop	Cluster	un	1035967	22	0.500000000	2.07692	0.17741	24.31412	0.31742	0.01961	-1.00000	-1.00000
2674	Bishop	Cluster	un	1040458	280	0.496855346	2.58621	0.25274	26.46334	0.41266	0.03077	-1.00000	-1.00000
2675	Bishop	Cluster	un	1041074	62	0.245454545	3.22222	0.31567	32.89072	0.50816	0.03704	-1.00000	-1.00000
2679	Bishop	Cluster	un	1043231	74	0.011860352	8.68000	1.00047	75.30706	0.93852	0.11111	-1.00000	-1.00000
2682	Bishop	Cluster	un	1044015	12	0.026092774	0.13978	0.01580	1.23690	0.85454	0.09091	-1.00000	-1.00000
2685	Bishop	Cluster	un	1046612	24	0.464285714	0.41935	0.03596	4.89101	0.37742	0.02098	-1.00000	-1.00000
2686	Bishop	Cluster	un	1047418	27	0.000000219	43.50000	5.20513	363.53574	1.63849	0.43590	-1.00000	-1.00000
2688	Bishop	Cluster	un	1049046	62	0.500000000	2.06667	0.17791	24.00734	0.31527	0.01695	-1.00000	-1.00000
2702	Bishop	Cluster	un	1056241	448	0.500000000	0.48148	0.04113	5.63661	0.31742	0.01961	-1.00000	-1.00000
2707	Bishop	Cluster	un	1059795	61	0.464285714	0.41935	0.03596	4.89101	0.37742	0.02098	-1.00000	-1.00000
2718	Bishop	Cluster	un	1063815	57	0.008470111	0.10053	0.01141	0.88574	0.99771	0.14773	-1.00000	-1.00000
2724	Bishop	Cluster	un	1066428	258	0.618181818	2.07692	0.17741	24.31412	0.31742	0.00629	-1.00000	-1.00000
2725	Bishop	Cluster	un	1067055	49	0.211038961	0.26882	0.02632	2.74562	0.57054	0.04274	-1.00000	-1.00000
2726	Bishop	Cluster	un	1067621	85	0.245454545	0.31034	0.03040	3.16783	0.50816	0.03704	-1.00000	-1.00000
2730	Bishop	Cluster	un	1068404	48	0.245762712	3.20690	0.31542	32.60509	0.50608	0.03448	-1.00000	-1.00000
2733	Bishop	Cluster	un	1071019	94	0.056199822	0.17419	0.01914	1.58503	0.75897	0.07143	-1.00000	-1.00000
2743	Bishop	Cluster	un	1077921	383	0.500000000	0.48276	0.04141	5.62819	0.31627	0.01818	-1.00000	-1.00000
2745	Bishop	Cluster	un	1079212	39	0.118644068	0.22581	0.02380	2.14269	0.64626	0.05263	-1.00000	-1.00000
2753	Bishop	Cluster	un	1084040	54	0.002587025	0.07759	0.00894	0.67309	1.11022	0.18148	-1.00000	-1.00000
2755	Bishop	Cluster	un	1084850	76	0.482758621	0.45161	0.03880	5.25593	0.34523	0.01880	-1.00000	-1.00000
2764	Bishop	Cluster	un	1088795	103	0.017220725	8.45455	0.94960	75.27277	0.92709	0.11312	-1.00000	-1.00000
2772	Bishop	Cluster	un	1092008	134	0.017220725	0.11828	0.01329	1.05307	0.92709	0.11312	-1.00000	-1.00000
2777	Bishop	Cluster	un	1094437	131	0.000000000	899.00000	53.70762	15048.16211	2.95376	1.00000	-1.00000	-1.00000
2781	Bishop	Cluster	un	1095953	61	0.500000000	0.48387	0.04165	5.62086	0.31527	0.01695	-1.00000	-1.00000
2804	Bishop	Cluster	un	1106297	155	0.040703531	0.14839	0.01622	1.35779	0.82860	0.08876	-1.00000	-1.00000
2811	Bishop	Cluster	un	1111310	119	0.000000037	57.00000	6.65442	488.24686	1.75587	0.52941	-1.00000	-1.00000
2814	Bishop	Cluster	un	1112910	134	0.482758621	2.21429	0.19026	25.77014	0.34523	0.01880	-1.00000	-1.00000
2827	Bishop	Cluster	un	1117722	131	0.118644068	0.22581	0.02380	2.14269	0.64626	0.05263	-1.00000	-1.00000
2829	Bishop	Cluster	un	1119168	19	0.005211412	0.08756	0.00998	0.76820	1.05771	0.15625	-1.00000	-1.00000
2831	Bishop	Cluster	un	1120882	80	0.491833031	0.33333	0.03272	3.39531	0.47712	0.03333	-1.00000	-1.00000
2837	Bishop	Cluster	un	1121692	129	0.245454545	3.22222	0.31567	32.89072	0.50816	0.03704	-1.00000	-1.00000
2849	Bishop	Cluster	un	1126352	138	0.091583710	0.18966	0.01978	1.81808	0.72204	0.07143	-1.00000	-1.00000
2853	Bishop	Cluster	un	1127956	71	0.002836355	0.08065	0.00936	0.69479	1.09342	0.16484	-1.00000	-1.00000
2855	Bishop	Cluster	un	1129731	146	1.000000000	1.93333	0.16614	22.49763	0.28631	0.01637	-1.00000	-1.00000
2857	Bishop	Cluster	un	1130586	194	1.000000000	0.52000	0.04432	6.10163	0.28400	0.01884	-1.00000	-1.00000
2863	Bishop	Cluster	un	1134229	14	0.489262522	0.58462	0.13827	2.47182	0.23313	0.01000	-1.00000	-1.00000
2868	Bishop	Cluster	un	1138230	55	0.000747542	19.80000	2.32434	168.66753	1.29667	0.21674	-1.00000	-1.00000
2869	Bishop	Cluster	un	1139042	92	0.000182129	0.03704	0.00431	0.31808	1.43136	0.28571	-1.00000	-1.00000
2871	Bishop	Cluster	un	1140642	70	0.000000066	52.20000	6.15300	442.84708	1.71767	0.49480	-1.00000	-1.00000
2873	Bishop	Cluster	un	1141377	13	0.056199822	5.74074	0.63090	52.23658	0.75897	0.07143	-1.00000	-1.00000
2876	Bishop	Cluster	un	1143900	102	0.045801254	3.75000	1.16007	12.12210	0.57403	0.10117	-1.00000	-1.00000
2887	Bishop	Cluster	un	1149695	318	1.000000000	1.92308	0.16389	22.56519	0.28400	0.01884	-1.00000	-1.00000
2888	Bishop	Cluster	un	1150712	514	0.480000000	0.44444	0.03787	5.21605	0.35218	0.02211	-1.00000	-1.00000
2895	Bishop	Cluster	un	1153948	11	0.118644068	0.22581	0.02380	2.14269	0.64626	0.05263	-1.00000	-1.00000
2896	Bishop	Cluster	un	1154842	100	0.464285714	0.41935	0.03596	4.89101	0.37742	0.02098	-1.00000	-1.00000
2901	Bishop	Cluster	un	1156980	16	0.000564447	9.20000	2.54081	33.31216	0.96379	0.24592	-1.00000	-1.00000
2906	Bishop	Cluster	un	1159481	59	0.500000000	0.48387	0.04165	5.62086	0.31527	0.01695	-1.00000	-1.00000
2909	Bishop	Cluster	un	1160201	13	0.033774193	4.66667	1.13574	19.17496	0.66901	0.09308	-1.00000	-1.00000
2912	Bishop	Cluster	un	1162506	8	0.118181818	0.22414	0.02352	2.13589	0.64948	0.05660	-1.00000	-1.00000
2915	Bishop	Cluster	un	1164972	59	0.106170599	4.76923	0.50143	45.36166	0.67845	0.05844	-1.00000	-1.00000
2932	Bishop	Cluster	un	1171323	132	0.481481481	0.44828	0.03837	5.23742	0.34845	0.02032	-1.00000	-1.00000
2933	Bishop	Cluster	un	1172049	7	1.000000000	1.92308	0.16389	22.56519	0.28400	0.01884	-1.00000	-1.00000
2940	Bishop	Cluster	un	1176020	19	0.491833031	3.00000	0.29452	30.55776	0.47712	0.03333	-1.00000	-1.00000
2942	Bishop	Cluster	un	1178032	314	0.500000000	2.08333	0.17711	24.50678	0.31876	0.02128	-1.00000	-1.00000
2943	Bishop	Cluster	un	1178518	52	0.500000000	0.48276	0.04141	5.62819	0.31627	0.01818	-1.00000	-1.00000
2946	Bishop	Cluster	un	1180210	69	0.482758621	0.45161	0.03880	5.25593	0.34523	0.01880	-1.00000	-1.00000
2949	Bishop	Cluster	un	1181006	32	0.482758621	2.21429	0.19026	25.77014	0.34523	0.01880	-1.00000	-1.00000
2972	Bishop	Cluster	un	1185452	331	0.228675136	0.29032	0.02849	2.95801	0.53712	0.03827	-1.00000	-1.00000
2978	Bishop	Cluster	un	1187795	205	1.000000000	1.66667	0.14261	19.47836	0.22185	0.01509	-1.00000	-1.00000
2980	Bishop	Cluster	un	1189264	132	0.008710297	0.17949	0.04868	0.66181	0.74597	0.13128	-1.00000	-1.00000
2982	Bishop	Cluster	un	1190755	28	0.444444444	0.38710	0.03311	4.52610	0.41218	0.02358	-1.00000	-1.00000
2999	Bishop	Cluster	un	1198763	103	0.000000001	84.00000	14.12564	499.51733	1.92428	0.63086	-1.00000	-1.00000
3000	Bishop	Cluster	un	1199486	66	0.444444444	0.38710	0.03311	4.52610	0.41218	0.02358	-1.00000	-1.00000
3010	Bishop	Cluster	un	1203515	144	0.493506494	2.79310	0.27363	28.51051	0.44609	0.03210	-1.00000	-1.00000
3017	Bishop	Cluster	un	1206711	155	0.500000000	0.48387	0.04165	5.62086	0.31527	0.01695	-1.00000	-1.00000
3021	Bishop	Cluster	un	1207545	284	0.481481481	0.44828	0.03837	5.23742	0.34845	0.02032	-1.00000	-1.00000
3032	Bishop	Cluster	un	1211834	144	1.000000000	0.51852	0.04439	6.05718	0.28524	0.00488	-1.00000	-1.00000
3045	Bishop	Cluster	un	1218766	135	0.094135210	2.80000	0.86534	9.05999	0.44716	0.06294	-1.00000	-1.00000
3048	Bishop	Cluster	un	1220994	73	0.464285714	0.41935	0.03596	4.89101	0.37742	0.02098	-1.00000	-1.00000
3052	Bishop	Cluster	un	1223472	144	0.482758621	0.45161	0.03880	5.25593	0.34523	0.01880	-1.00000	-1.00000
3055	Bishop	Cluster	un	1224288	117	0.500000000	2.06667	0.17791	24.00734	0.31527	0.01695	-1.00000	-1.00000
3068	Bishop	Cluster	un	1227524	72	0.000335760	17.47059	2.06538	147.77966	1.24231	0.23810	-1.00000	-1.00000
3071	Bishop	Cluster	un	1229574	520	1.000000000	0.52000	0.04432	6.10163	0.28400	0.01884	-1.00000	-1.00000
3091	Bishop	Cluster	un	1234682	13	0.245762712	3.20690	0.31542	32.60509	0.50608	0.03448	-1.00000	-1.00000
3101	Bishop	Cluster	un	1237186	45	0.118644068	4.42857	0.46670	42.02293	0.64626	0.05263	-1.00000	-1.00000
3107	Bishop	Cluster	un	1240819	240	0.055746141	5.80000	0.63455	53.01424	0.76343	0.07692	-1.00000	-1.00000
3112	Bishop	Cluster	un	1243849	82	0.000000000	156.00000	20.34517	1196.15637	2.19312	0.72530	-1.00000	-1.00000
3115	Bishop	Cluster	un	1245677	205	0.500000000	2.08333	0.17711	24.50678	0.31876	0.02128	-1.00000	-1.00000
3116	Bishop	Cluster	un	1246387	112	0.237749546	0.24138	0.02539	2.29481	0.61730	0.05091	-1.00000	-1.00000
3136	Bishop	Cluster	un	1253390	499	0.500000000	0.48148	0.04113	5.63661	0.31742	0.01961	-1.00000	-1.00000
3138	Bishop	Cluster	un	1253784	102	0.245762712	3.20690	0.31542	32.60509	0.50608	0.03448	-1.00000	-1.00000
3141	Bishop	Cluster	un	1255792	549	0.117647059	0.22222	0.02321	2.12804	0.65321	0.06122	-1.00000	-1.00000
3151	Bishop	Cluster	un	1257709	40	0.211038961	0.26882	0.02632	2.74562	0.57054	0.04274	-1.00000	-1.00000
3152	Bishop	Cluster	un	1258542	54	0.500000000	0.48387	0.04165	5.62086	0.31527	0.01695	-1.00000	-1.00000
3159	Bishop	Cluster	un	1261029	79	0.000000002	68.20000	8.12873	572.19788	1.83378	0.53846	-1.00000	-1.00000
3161	Bishop	Cluster	un	1261842	27	0.500000000	0.48387	0.04165	5.62086	0.31527	0.01695	-1.00000	-1.00000
3179	Bishop	Cluster	un	1268018	37	0.208144796	0.26437	0.02576	2.71292	0.57779	0.04667	-1.00000	-1.00000
3183	Bishop	Cluster	un	1269645	58	0.000002442	23.00000	5.25538	100.65884	1.36173	0.40721	-1.00000	-1.00000
3210	Bishop	Cluster	un	1284656	129	0.211038961	0.26882	0.02632	2.74562	0.57054	0.04274	-1.00000	-1.00000
3222	Bishop	Cluster	un	1290976	103	0.000002976	33.46154	3.98697	280.83353	1.52455	0.37692	-1.00000	-1.00000
3225	Bishop	Cluster	un	1292001	238	1.000000000	1.16000	0.06894	19.51963	0.06446	0.00019	-1.00000	-1.00000
3238	Bishop	Cluster	un	1297482	151	0.022688676	4.60000	1.36043	15.55390	0.66276	0.11522	-1.00000	-1.00000
3241	Bishop	Cluster	un	1299046	64	0.017220725	0.11828	0.01329	1.05307	0.92709	0.11312	-1.00000	-1.00000
3246	Bishop	Cluster	un	1303151	115	0.539516541	0.61364	0.17968	2.09564	0.21209	0.01134	-1.00000	-1.00000
3248	Bishop	Cluster	un	1303857	91	0.227113906	3.48000	0.34009	35.60907	0.54158	0.04142	-1.00000	-1.00000
3279	Bishop	Cluster	un	1315392	112	0.120255746	0.21600	0.02358	1.97870	0.66555	0.06400	-1.00000	-1.00000
3285	Bishop	Cluster	un	1317554	60	0.001954280	0.07258	0.00838	0.62842	1.13918	0.18617	-1.00000	-1.00000
3296	Bishop	Cluster	un	1320471	53	0.000151176	15.69231	3.12674	78.75572	1.19569	0.26612	-1.00000	-1.00000
3297	Bishop	Cluster	un	1321255	33	0.211038961	0.26882	0.02632	2.74562	0.57054	0.04274	-1.00000	-1.00000
3304	Bishop	Cluster	un	1325129	88	0.245454545	0.31034	0.03040	3.16783	0.50816	0.03704	-1.00000	-1.00000
3313	Bishop	Cluster	un	1331109	308	1.000000000	1.93333	0.16614	22.49763	0.28631	0.01637	-1.00000	-1.00000
3315	Bishop	Cluster	un	1332469	31	0.000065668	14.77778	3.47842	62.78225	1.16961	0.31201	-1.00000	-1.00000
3319	Bishop	Cluster	un	1333952	20	0.228675136	0.29032	0.02849	2.95801	0.53712	0.03827	-1.00000	-1.00000
3320	Bishop	Cluster	un	1334740	9	0.040703531	6.73913	0.73649	61.66531	0.82860	0.08876	-1.00000	-1.00000
3337	Bishop	Cluster	un	1338805	26	0.422863485	2.60870	0.45938	14.81404	0.41642	0.02286	-1.00000	-1.00000
3340	Bishop	Cluster	un	1340539	117	0.118644068	4.42857	0.46670	42.02293	0.64626	0.05263	-1.00000	-1.00000
3343	Bishop	Cluster	un	1341611	438	0.244680851	0.30667	0.02975	3.16133	0.51333	0.04348	-1.00000	-1.00000
3350	Bishop	Cluster	un	1343899	127	0.482758621	0.45161	0.03880	5.25593	0.34523	0.01880	-1.00000	-1.00000
3351	Bishop	Cluster	un	1345134	501	0.500000000	0.48000	0.04081	5.64636	0.31876	0.02128	-1.00000	-1.00000
3353	Bishop	Cluster	un	1346206	53	0.058501001	5.76923	0.64757	51.39860	0.76112	0.08163	-1.00000	-1.00000
3354	Bishop	Cluster	un	1347052	67	0.774936099	0.73864	0.23944	2.27858	0.13157	0.00557	-1.00000	-1.00000
3380	Bishop	Cluster	un	1357510	73	0.023977923	8.12000	0.93407	70.58795	0.90956	0.10769	-1.00000	-1.00000
3383	Bishop	Cluster	un	1358190	23	0.725998226	0.70769	0.16944	2.95579	0.15016	0.00390	-1.00000	-1.00000
3386	Bishop	Cluster	un	1359812	31	0.017220725	0.11828	0.01329	1.05307	0.92709	0.11312	-1.00000	-1.00000
3389	Bishop	Cluster	un	1361460	12	0.000000000	961.00000	57.49875	16061.58301	2.98272	1.00000	-1.00000	-1.00000
3393	Bishop	Cluster	un	1363284	154	0.000129536	16.00000	3.15013	81.26658	1.20412	0.27473	-1.00000	-1.00000
3394	Bishop	Cluster	un	1364252	343	0.208144796	0.26437	0.02576	2.71292	0.57779	0.04667	-1.00000	-1.00000
3406	Bishop	Cluster	un	1369382	103	0.003714274	11.60000	1.34375	100.13750	1.06446	0.16039	-1.00000	-1.00000
3407	Bishop	Cluster	un	1370106	7	0.496855346	2.58621	0.25274	26.46334	0.41266	0.03077	-1.00000	-1.00000
3432	Bishop	Cluster	un	1378538	71	0.500000000	0.48387	0.04165	5.62086	0.31527	0.01695	-1.00000	-1.00000
3439	Bishop	Cluster	un	1381777	35	0.000587549	0.06207	0.00732	0.52657	1.20713	0.21538	-1.00000	-1.00000
3444	Bishop	Cluster	un	1384986	56	0.025636778	0.19200	0.04573	0.80612	0.71670	0.10516	-1.00000	-1.00000
3448	Bishop	Cluster	un	1387879	528	0.500000000	2.08333	0.17711	24.50678	0.31876	0.02128	-1.00000	-1.00000
3449	Bishop	Cluster	un	1388660	466	0.464285714	0.41935	0.03596	4.89101	0.37742	0.02098	-1.00000	-1.00000
3457	Bishop	Cluster	un	1389881	65	0.482758621	2.21429	0.19026	25.77014	0.34523	0.01880	-1.00000	-1.00000
3460	Bishop	Cluster	un	1391495	63	0.004675001	11.34783	1.33877	96.18756	1.05491	0.14933	-1.00000	-1.00000
3464	Bishop	Cluster	un	1394753	14	0.001529901	11.14286	2.17908	56.97972	1.04700	0.19784	-1.00000	-1.00000
3465	Bishop	Cluster	un	1395598	81	0.482758621	0.45161	0.03880	5.25593	0.34523	0.01880	-1.00000	-1.00000
3472	Bishop	Cluster	un	1400543	99	0.011860352	0.11521	0.01328	0.99953	0.93852	0.11111	-1.00000	-1.00000
3478	Bishop	Cluster	un	1404166	47	0.500000000	0.48387	0.04165	5.62086	0.31527	0.01695	-1.00000	-1.00000
3482	Bishop	Cluster	un	1404987	61	0.104821803	4.83333	0.50582	46.18450	0.68425	0.06335	-1.00000	-1.00000
3483	Bishop	Cluster	un	1405699	63	0.493506494	2.79310	0.27363	28.51051	0.44609	0.03210	-1.00000	-1.00000
3486	Bishop	Cluster	un	1408037	41	0.228675136	3.44444	0.33807	35.09441	0.53712	0.03827	-1.00000	-1.00000
3488	Bishop	Cluster	un	1408941	106	0.500000000	0.48387	0.04165	5.62086	0.31527	0.01695	-1.00000	-1.00000
3491	Bishop	Cluster	un	1410518	99	0.008914258	9.66667	1.10451	84.60300	0.98528	0.13462	-1.00000	-1.00000
3513	Bishop	Cluster	un	1421176	78	0.738026333	0.71429	0.18638	2.73740	0.14613	0.00484	-1.00000	-1.00000
3527	Bishop	Cluster	un	1427255	134	0.017220725	0.11828	0.01329	1.05307	0.92709	0.11312	-1.00000	-1.00000
3534	Bishop	Cluster	un	1428562	30	1.000000000	0.90374	0.30693	2.66102	0.04395	0.00063	-1.00000	-1.00000
3535	Bishop	Cluster	un	1429570	255	0.117021277	0.22000	0.02284	2.11887	0.65758	0.06667	-1.00000	-1.00000
3539	Bishop	Cluster	un	1431915	150	0.000002252	36.16667	4.27468	305.99435	1.55831	0.39634	-1.00000	-1.00000
3558	Bishop	Cluster	un	1440206	19	0.046261731	5.21053	1.00009	27.14716	0.71688	0.08447	-1.00000	-1.00000
3570	Bishop	Cluster	un	1443939	19	0.112852665	5.37037	0.58906	48.96109	0.73000	0.06914	-1.00000	-1.00000
3573	Bishop	Cluster	un	1444754	26	0.011308779	0.11111	0.01267	0.97465	0.95424	0.13043	-1.00000	-1.00000
3589	Bishop	Cluster	un	1449979	53	0.000000029	95.00000	10.23154	882.07617	1.97772	0.59001	-1.00000	-1.00000
3597	Bishop	Cluster	un	1453246	12	0.106170599	4.76923	0.50143	45.36166	0.67845	0.05844	-1.00000	-1.00000
3625	Bishop	Cluster	un	1467487	135	0.237749546	4.14286	0.43577	39.38647	0.61730	0.05091	-1.00000	-1.00000
3628	Bishop	Cluster	un	1469918	120	0.051107251	0.14667	0.01636	1.31471	0.83367	0.10256	-1.00000	-1.00000
3629	Bishop	Cluster	un	1470675	13	0.096822244	6.30435	0.68765	57.79831	0.79964	0.05679	-1.00000	-1.00000
3636	Bishop	Cluster	un	1476366	18	0.106170599	0.20968	0.02205	1.99431	0.67845	0.05844	-1.00000	-1.00000
3644	Bishop	Cluster	un	1480667	312	0.444444444	0.38710	0.03311	4.52610	0.41218	0.02358	-1.00000	-1.00000
3646	Bishop	Cluster	un	1482170	206	1.000000000	1.66667	0.14261	19.47836	0.22185	0.01509	-1.00000	-1.00000
3655	Bishop	Cluster	un	1486020	61	0.464285714	0.41935	0.03596	4.89101	0.37742	0.02098	-1.00000	-1.00000
3658	Bishop	Cluster	un	1487719	78	1.000000000	0.51724	0.04445	6.01898	0.28631	0.01637	-1.00000	-1.00000
3665	Bishop	Cluster	un	1491821	104	0.576743226	1.40625	0.44617	4.43229	0.14806	0.00654	-1.00000	-1.00000
3668	Bishop	Cluster	un	1492896	362	1.000000000	0.51852	0.04439	6.05718	0.28524	0.01752	-1.00000	-1.00000
3675	Bishop	Cluster	un	1497154	101	0.040703531	0.14839	0.01622	1.35779	0.82860	0.08876	-1.00000	-1.00000
3682	Bishop	Cluster	un	1498751	91	0.000001431	25.20000	5.97448	106.29211	1.40140	0.44383	-1.00000	-1.00000
3700	Bishop	Cluster	un	1507962	224	0.464285714	0.41935	0.03596	4.89101	0.37742	0.02098	-1.00000	-1.00000
3718	Bishop	Cluster	un	1514618	203	1.000000000	1.93333	0.16614	22.49763	0.28631	0.01637	-1.00000	-1.00000
3730	Bishop	Cluster	un	1520834	81	1.000000000	0.51724	0.04445	6.01898	0.28631	0.01637	-1.00000	-1.00000
3751	Bishop	Cluster	un	1530016	74	0.500000000	2.07143	0.17768	24.14955	0.31627	0.01818	-1.00000	-1.00000
3753	Bishop	Cluster	un	1530767	61	0.482758621	0.45161	0.03880	5.25593	0.34523	0.01880	-1.00000	-1.00000
3756	Bishop	Cluster	un	1532001	460	1.000000000	0.93103	0.05544	15.63520	0.03103	0.00004	-1.00000	-1.00000
3763	Bishop	Cluster	un	1534639	83	0.000038515	18.66667	3.70115	94.14489	1.27107	0.29725	-1.00000	-1.00000
3768	Bishop	Cluster	un	1536062	53	0.671391171	2.00000	0.33649	11.88740	0.30103	0.01032	-1.00000	-1.00000
3774	Bishop	Cluster	un	1539243	112	0.007090887	0.09677	0.01108	0.84530	1.01424	0.13846	-1.00000	-1.00000
3777	Bishop	Cluster	un	1540045	138	0.464285714	0.41935	0.03596	4.89101	0.37742	0.02098	-1.00000	-1.00000
3778	Bishop	Cluster	un	1540855	93	0.118181818	0.22414	0.02352	2.13589	0.64948	0.05660	-1.00000	-1.00000
3781	Bishop	Cluster	un	1542445	23	0.500000000	2.06667	0.17791	24.00734	0.31527	0.01695	-1.00000	-1.00000
3782	Bishop	Cluster	un	1543254	51	0.040703531	0.14839	0.01622	1.35779	0.82860	0.08876	-1.00000	-1.00000
3789	Bishop	Cluster	un	1546745	467	0.461538462	0.41379	0.03533	4.84665	0.38322	0.02288	-1.00000	-1.00000
3802	Bishop	Cluster	un	1551948	121	0.245762712	0.31183	0.03067	3.17041	0.50608	0.03448	-1.00000	-1.00000
3807	Bishop	Cluster	un	1556056	243	0.106170599	4.76923	0.50143	45.36166	0.67845	0.05844	-1.00000	-1.00000
3823	Bishop	Cluster	un	1562754	10	0.481481481	0.44828	0.03837	5.23742	0.34845	0.02032	-1.00000	-1.00000
3825	Bishop	Cluster	un	1563716	75	0.491833031	0.33333	0.03272	3.39531	0.47712	0.03333	-1.00000	-1.00000
3826	Bishop	Cluster	un	1564667	226	0.236897275	4.15385	0.43495	39.66973	0.61845	0.05462	-1.00000	-1.00000
3827	Bishop	Cluster	un	1565324	73	0.491833031	0.33333	0.03272	3.39531	0.47712	0.03333	-1.00000	-1.00000
3828	Bishop	Cluster	un	1566080	55	0.500000000	2.06667	0.17791	24.00734	0.31527	0.01695	-1.00000	-1.00000
3831	Bishop	Cluster	un	1567145	295	0.192872117	4.04348	0.39475	41.41771	0.60676	0.04808	-1.00000	-1.00000
3839	Bishop	Cluster	un	1571690	37	0.500000000	2.07143	0.17768	24.14955	0.31627	0.01818	-1.00000	-1.00000
3846	Bishop	Cluster	un	1575012	147	0.464285714	0.41935	0.03596	4.89101	0.37742	0.02098	-1.00000	-1.00000
3852	Bishop	Cluster	un	1579194	309	0.240259740	3.85714	0.40483	36.75010	0.58627	0.04906	-1.00000	-1.00000
3856	Bishop	Cluster	un	1579731	52	0.000000000	121.80000	13.23776	1120.67566	2.08565	0.72917	-1.00000	-1.00000
3858	Bishop	Cluster	un	1581321	8	0.237749546	0.24138	0.02539	2.29481	0.61730	0.05091	-1.00000	-1.00000
3862	Bishop	Cluster	un	1583024	46	0.056199822	5.74074	0.63090	52.23658	0.75897	0.07143	-1.00000	-1.00000
3864	Bishop	Cluster	un	1583793	43	0.482758621	0.45161	0.03880	5.25593	0.34523	0.01880	-1.00000	-1.00000
3872	Bishop	Cluster	un	1586349	24	0.005346010	7.71429	1.86403	31.92558	0.88730	0.16578	-1.00000	-1.00000
3874	Bishop	Cluster	un	1587208	8	0.365895026	0.54545	0.15800	1.88304	0.26324	0.01790	-1.00000	-1.00000
3881	Bishop	Cluster	un	1590604	185	1.000000000	1.00000	0.05920	16.89051	0.00000	0.00000	-1.00000	-1.00000
3901	Bishop	Cluster	un	1597795	13	0.482758621	2.21429	0.19026	25.77014	0.34523	0.01880	-1.00000	-1.00000
3903	Bishop	Cluster	un	1599575	104	0.000000000	170.50000	17.81958	1631.36597	2.23172	0.79545	-1.00000	-1.00000
3907	Bishop	Cluster	un	1601153	32	0.000384840	9.04762	2.57074	31.84271	0.95653	0.25037	-1.00000	-1.00000
3909	Bishop	Cluster	un	1602779	92	0.106170599	0.20968	0.02205	1.99431	0.67845	0.05844	-1.00000	-1.00000
3910	Bishop	Cluster	un	1603581	141	0.000000029	53.54546	6.39310	448.47025	1.72872	0.48214	-1.00000	-1.00000
3926	Bishop	Cluster	un	1608626	433	0.482758621	0.45161	0.03880	5.25593	0.34523	0.01880	-1.00000	-1.00000
3931	Bishop	Cluster	un	1609797	53	0.193752973	5.43478	0.58997	50.06475	0.73518	0.04962	-1.00000	-1.00000
3932	Bishop	Cluster	un	1610621	88	0.000013103	29.00000	3.42359	245.64850	1.46240	0.35000	-1.00000	-1.00000
3937	Bishop	Cluster	un	1614752	134	0.048259363	0.16129	0.01768	1.47141	0.79239	0.07937	-1.00000	-1.00000
3938	Bishop	Cluster	un	1615483	62	1.000000000	0.55556	0.04765	6.47777	0.25527	0.01576	-1.00000	-1.00000
3944	Bishop	Cluster	un	1616396	164	1.000000000	1.00000	0.05920	16.89051	0.00000	0.00000	-1.00000	-1.00000
3945	Bishop	Cluster	un	1617064	53	0.011603269	0.11330	0.01299	0.98798	0.94577	0.12000	-1.00000	-1.00000
3947	Bishop	Cluster	un	1618773	77	0.081599742	0.17742	0.01854	1.69757	0.75100	0.07353	-1.00000	-1.00000
3948	Bishop	Cluster	un	1619544	43	0.118644068	4.42857	0.46670	42.02293	0.64626	0.05263	-1.00000	-1.00000
3950	Bishop	Cluster	un	1620368	94	0.030480478	0.20870	0.04948	0.88030	0.68049	0.09665	-1.00000	-1.00000
3970	Bishop	Cluster	un	1626577	63	0.784801739	1.21333	0.40385	3.64534	0.08398	0.00228	-1.00000	-1.00000
3989	Bishop	Cluster	un	1633948	68	0.491264850	3.00000	0.29328	30.68711	0.47712	0.03571	-1.00000	-1.00000
4004	Bishop	Cluster	un	1641520	380	1.000000000	0.52000	0.04432	6.10163	0.28400	0.01884	-1.00000	-1.00000
4006	Bishop	Cluster	un	1642879	15	0.000000109	46.50000	5.57532	387.82544	1.66745	0.44425	-1.00000	-1.00000
4012	Bishop	Cluster	un	1645345	40	0.025310124	0.13580	0.01519	1.21416	0.86709	0.10638	-1.00000	-1.00000
4014	Bishop	Cluster	un	1646088	23	0.106170599	0.20968	0.02205	1.99431	0.67845	0.05844	-1.00000	-1.00000
4015	Bishop	Cluster	un	1647119	120	0.093795094	0.19355	0.02029	1.84594	0.71321	0.06531	-1.00000	-1.00000
4022	Bishop	Cluster	un	1650237	310	0.482758621	0.45161	0.03880	5.25593	0.34523	0.01880	-1.00000	-1.00000
4031	Bishop	Cluster	un	1655833	386	1.000000000	1.80000	0.15437	20.98797	0.25527	0.01576	-1.00000	-1.00000
4045	Bishop	Cluster	un	1661128	60	0.500000000	2.06667	0.17791	24.00734	0.31527	0.01695	-1.00000	-1.00000
4046	Bishop	Cluster	un	1661789	49	0.000000000	300.00000	25.50314	3528.97705	2.47712	0.78370	-1.00000	-1.00000
4050	Bishop	Cluster	un	1664325	109	0.017220725	0.11828	0.01329	1.05307	0.92709	0.11312	-1.00000	-1.00000
4051	Bishop	Cluster	un	1665098	126	0.000044336	19.20000	3.70685	99.44823	1.28330	0.32026	-1.00000	-1.00000
4054	Bishop	Cluster	un	1665864	52	0.500000000	2.06667	0.17791	24.00734	0.31527	0.01695	-1.00000	-1.00000
4060	Bishop	Cluster	un	1669157	70	0.000016379	0.03704	0.00441	0.31135	1.43136	0.33333	-1.00000	-1.00000
4061	Bishop	Cluster	un	1670053	133	1.000000000	1.92857	0.16509	22.52900	0.28524	0.01752	-1.00000	-1.00000
4062	Bishop	Cluster	un	1670947	95	0.766636805	1.35000	0.41763	4.36396	0.13033	0.00504	-1.00000	-1.00000
4063	Bishop	Cluster	un	1671708	13	0.500000000	0.48387	0.04165	5.62086	0.31527	0.01695	-1.00000	-1.00000
4064	Bishop	Cluster	un	1672545	34	0.011308779	9.00000	1.02601	78.94656	0.95424	0.13043	-1.00000	-1.00000
4071	Bishop	Cluster	un	1675296	341	0.482758621	0.45161	0.03880	5.25593	0.34523	0.01880	-1.00000	-1.00000
4075	Bishop	Cluster	un	1676596	167	1.000000000	0.79310	0.04702	13.37737	0.10067	0.00048	-1.00000	-1.00000
4079	Bishop	Cluster	un	1678213	22	0.000002777	25.00000	5.50854	113.46017	1.39794	0.42660	-1.00000	-1.00000
4100	Bishop	Cluster	un	1688058	15	0.500000000	0.48148	0.04113	5.63661	0.31742	0.01961	-1.00000	-1.00000
4101	Bishop	Cluster	un	1688940	76	0.000000002	77.50000	8.99548	667.69653	1.88930	0.59252	-1.00000	-1.00000
4104	Bishop	Cluster	un	1690522	16	1.000000000	0.55556	0.04765	6.47777	0.25527	0.01576	-1.00000	-1.00000
4119	Bishop	Cluster	un	1695361	51	0.107089499	2.57576	0.83901	7.90759	0.41090	0.05357	-1.00000	-1.00000
4131	Bishop	Cluster	un	1701305	411	0.228675136	0.29032	0.02849	2.95801	0.53712	0.03827	-1.00000	-1.00000
4142	Bishop	Cluster	un	1706524	56	0.228675136	0.29032	0.02849	2.95801	0.53712	0.03827	-1.00000	-1.00000
4149	Bishop	Cluster	un	1710342	479	1.000000000	1.92308	0.16389	22.56519	0.28400	0.01884	-1.00000	-1.00000
4151	Bishop	Cluster	un	1710799	56	0.026092774	7.15385	0.80847	63.30171	0.85454	0.09091	-1.00000	-1.00000
4153	Bishop	Cluster	un	1712416	17	0.021448606	0.12903	0.01454	1.14498	0.88930	0.10108	-1.00000	-1.00000
4159	Bishop	Cluster	un	1715720	455	1.000000000	1.92857	0.16509	22.52900	0.28524	0.00488	-1.00000	-1.00000
4161	Bishop	Cluster	un	1716086	24	0.500000000	0.48387	0.04165	5.62086	0.31527	0.01695	-1.00000	-1.00000
4180	Bishop	Cluster	un	1722031	343	0.118644068	0.22581	0.02380	2.14269	0.64626	0.05263	-1.00000	-1.00000
4182	Bishop	Cluster	un	1722518	17	0.040703531	0.14839	0.01622	1.35779	0.82860	0.08876	-1.00000	-1.00000
4200	Bishop	Cluster	un	1731313	17	0.443201761	2.20000	0.38728	12.49745	0.34242	0.01520	-1.00000	-1.00000
4201	Bishop	Cluster	un	1732376	275	0.500000000	0.48276	0.04141	5.62819	0.31627	0.01818	-1.00000	-1.00000
4209	Bishop	Cluster	un	1735529	106	1.000000000	0.51852	0.04439	6.05718	0.28524	0.01752	-1.00000	-1.00000
4210	Bishop	Cluster	un	1736275	7	0.106170599	0.20968	0.02205	1.99431	0.67845	0.05844	-1.00000	-1.00000
4211	Bishop	Cluster	un	1737211	79	0.025728988	0.13793	0.01551	1.22635	0.86034	0.09804	-1.00000	-1.00000
4215	Bishop	Cluster	un	1738692	25	1.000000000	1.00000	0.13002	7.69086	0.00000	0.00000	-1.00000	-1.00000
4224	Bishop	Cluster	un	1740328	10	0.000000004	67.66666	7.95342	575.69940	1.83037	0.55556	-1.00000	-1.00000
4242	Bishop	Cluster	un	1749121	66	0.195404893	5.40000	0.58948	49.46759	0.73239	0.04617	-1.00000	-1.00000
4251	Bishop	Cluster	un	1751696	342	1.000000000	0.92593	0.05493	15.60790	0.03342	0.00005	-1.00000	-1.00000
4256	Bishop	Cluster	un	1752875	10	0.000000000	135.00000	14.73692	1236.68982	2.13033	0.74286	-1.00000	-1.00000
4257	Bishop	Cluster	un	1753815	91	0.211038961	0.26882	0.02632	2.74562	0.57054	0.04274	-1.00000	-1.00000
4259	Bishop	Cluster	un	1755389	58	0.000000000	465.00000	40.02943	5401.65088	2.66745	0.93548	-1.00000	-1.00000
4267	Bishop	Cluster	un	1756908	27	0.000000000	186.00000	19.50231	1773.94373	2.26951	0.80420	-1.00000	-1.00000
4279	Bishop	Cluster	un	1762423	47	0.048259363	6.20000	0.67962	56.56101	0.79239	0.07937	-1.00000	-1.00000
4286	Bishop	Cluster	un	1767241	80	0.106170599	4.76923	0.50143	45.36166	0.67845	0.05844	-1.00000	-1.00000
4293	Bishop	Cluster	un	1770450	150	0.100520301	2.71429	0.86801	8.48765	0.43366	0.05594	-1.00000	-1.00000
4298	Bishop	Cluster	un	1773491	28	0.228675136	0.29032	0.02849	2.95801	0.53712	0.03827	-1.00000	-1.00000
4305	Bishop	Cluster	un	1778505	11	0.000000001	88.71429	10.15067	775.34015	1.94799	0.63839	-1.00000	-1.00000
4307	Bishop	Cluster	un	1780570	455	1.000000000	0.51852	0.04439	6.05718	0.28524	0.01752	-1.00000	-1.00000
4313	Bishop	Cluster	un	1783251	15	0.481481481	2.23077	0.19093	26.06312	0.34845	0.02032	-1.00000	-1.00000
4320	Bishop	Cluster	un	1786364	137	0.211038961	0.26882	0.02632	2.74562	0.57054	0.04274	-1.00000	-1.00000
4321	Bishop	Cluster	un	1787040	20	0.000005503	0.03226	0.00385	0.27001	1.49136	0.34884	-1.00000	-1.00000
4322	Bishop	Cluster	un	1787935	44	0.245762712	3.20690	0.31542	32.60509	0.50608	0.03448	-1.00000	-1.00000
4327	Bishop	Cluster	un	1789503	61	0.482758621	0.45161	0.03880	5.25593	0.34523	0.01880	-1.00000	-1.00000
4328	Bishop	Cluster	un	1790252	16	0.245762712	3.20690	0.31542	32.60509	0.50608	0.03448	-1.00000	-1.00000
4337	Bishop	Cluster	un	1793477	48	0.500000000	0.48387	0.04165	5.62086	0.31527	0.01695	-1.00000	-1.00000
4343	Bishop	Cluster	un	1796686	103	0.168648998	0.18519	0.01920	1.78596	0.73239	0.04904	-1.00000	-1.00000
4355	Bishop	Cluster	un	1803946	16	0.228675136	3.44444	0.33807	35.09441	0.53712	0.03827	-1.00000	-1.00000
4358	Bishop	Cluster	un	1805569	37	0.016817204	4.05000	1.30005	12.61679	0.60746	0.11234	-1.00000	-1.00000
4359	Bishop	Cluster	un	1806285	23	0.491833031	0.33333	0.03272	3.39531	0.47712	0.03333	-1.00000	-1.00000
4360	Bishop	Cluster	un	1807141	62	0.017220725	8.45455	0.94960	75.27277	0.92709	0.11312	-1.00000	-1.00000
4368	Bishop	Cluster	un	1811058	70	0.615086172	0.36000	0.03511	3.69147	0.44370	0.01420	-1.00000	-1.00000
4377	Bishop	Cluster	un	1814889	38	0.118644068	4.42857	0.46670	42.02293	0.64626	0.05263	-1.00000	-1.00000
4378	Bishop	Cluster	un	1815682	6	0.245762712	0.31183	0.03067	3.17041	0.50608	0.03448	-1.00000	-1.00000
4393	Bishop	Cluster	un	1819848	70	0.000160510	19.11765	2.28267	160.11241	1.28143	0.25714	-1.00000	-1.00000
4396	Bishop	Cluster	un	1822374	128	0.000355389	0.05517	0.00646	0.47099	1.25828	0.24419	-1.00000	-1.00000
4401	Bishop	Cluster	un	1825420	45	0.000002500	46.00000	5.40547	391.45535	1.66276	0.40584	-1.00000	-1.00000
4402	Bishop	Cluster	un	1826288	89	0.211038961	3.72000	0.36422	37.99496	0.57054	0.04274	-1.00000	-1.00000
4420	Bishop	Cluster	un	1833198	93	0.491833031	0.33333	0.03272	3.39531	0.47712	0.03333	-1.00000	-1.00000
4422	Bishop	Cluster	un	1834763	39	0.500000000	2.06667	0.17791	24.00734	0.31527	0.01695	-1.00000	-1.00000
4423	Bishop	Cluster	un	1835598	57	0.500000000	2.06667	0.17791	24.00734	0.31527	0.01695	-1.00000	-1.00000
4427	Bishop	Cluster	un	1837238	79	0.028574037	9.09091	1.05219	78.54564	0.95861	0.09603	-1.00000	-1.00000
4433	Bishop	Cluster	un	1841612	321	0.192872117	0.24731	0.02414	2.53324	0.60676	0.04808	-1.00000	-1.00000
4437	Bishop	Cluster	un	1843723	414	0.500000000	0.48148	0.04113	5.63661	0.31742	0.01961	-1.00000	-1.00000
4443	Bishop	Cluster	un	1846052	248	0.081599742	0.17742	0.01854	1.69757	0.75100	0.07353	-1.00000	-1.00000
4448	Bishop	Cluster	un	1848380	101	0.545329573	1.52727	0.43006	5.42378	0.18392	0.00772	-1.00000	-1.00000
4451	Bishop	Cluster	un	1850077	156	0.481481481	0.44828	0.03837	5.23742	0.34845	0.02032	-1.00000	-1.00000
4455	Bishop	Cluster	un	1852393	44	0.021448606	0.12903	0.01454	1.14498	0.88930	0.10108	-1.00000	-1.00000
4460	Bishop	Cluster	un	1854890	73	1.000000000	1.08333	0.14129	8.30664	0.03476	0.00011	-1.00000	-1.00000
4463	Bishop	Cluster	un	1856152	71	0.500000000	2.06667	0.17791	24.00734	0.31527	0.01695	-1.00000	-1.00000
4465	Bishop	Cluster	un	1857043	26	0.003465046	0.08333	0.00958	0.72459	1.07918	0.17636	-1.00000	-1.00000
4469	Bishop	Cluster	un	1857797	24	0.000503984	10.81818	2.59453	45.10764	1.03415	0.24408	-1.00000	-1.00000
4475	Bishop	Cluster	un	1861342	405	1.000000000	0.52000	0.04432	6.10163	0.28400	0.01884	-1.00000	-1.00000
4476	Bishop	Cluster	un	1861945	147	0.003937952	0.08871	0.01034	0.76118	1.05203	0.14706	-1.00000	-1.00000
4477	Bishop	Cluster	un	1863036	419	0.464285714	0.41935	0.03596	4.89101	0.37742	0.02098	-1.00000	-1.00000
4490	Bishop	Cluster	un	1866697	108	0.482758621	2.21429	0.19026	25.77014	0.34523	0.01880	-1.00000	-1.00000
4499	Bishop	Cluster	un	1872309	65	0.500000000	2.07143	0.17768	24.14955	0.31627	0.01818	-1.00000	-1.00000
4502	Bishop	Cluster	un	1873654	39	0.228675136	0.29032	0.02849	2.95801	0.53712	0.03827	-1.00000	-1.00000
4506	Bishop	Cluster	un	1877041	116	0.004159798	6.88235	1.70673	27.75294	0.83774	0.14205	-1.00000	-1.00000
4513	Bishop	Cluster	un	1881121	81	0.038605099	4.03333	1.07828	15.08681	0.60566	0.08829	-1.00000	-1.00000
4520	Bishop	Cluster	un	1885058	200	1.000000000	0.92593	0.05493	15.60790	0.03342	0.00005	-1.00000	-1.00000
4530	Bishop	Cluster	un	1887997	60	0.104821803	0.20690	0.02165	1.97698	0.68425	0.06335	-1.00000	-1.00000
4531	Bishop	Cluster	un	1889168	411	1.000000000	0.92593	0.05493	15.60790	0.03342	0.00005	-1.00000	-1.00000
4532	Bishop	Cluster	un	1889611	72	0.003714274	0.08621	0.00999	0.74418	1.06446	0.16039	-1.00000	-1.00000
4545	Bishop	Cluster	un	1896022	43	0.000000151	49.60000	5.82182	422.57568	1.69548	0.48077	-1.00000	-1.00000
4547	Bishop	Cluster	un	1896928	131	0.009465263	5.72727	1.64477	19.94295	0.75795	0.15625	-1.00000	-1.00000
4551	Bishop	Cluster	un	1898390	19	0.261366159	0.35385	0.06253	2.00227	0.45119	0.02624	-1.00000	-1.00000
4553	Bishop	Cluster	un	1900006	59	0.004488740	11.57143	1.35697	98.67399	1.06339	0.16149	-1.00000	-1.00000
4565	Bishop	Cluster	un	1905410	117	0.104821803	0.20690	0.02165	1.97698	0.68425	0.06335	-1.00000	-1.00000
4568	Bishop	Cluster	un	1906218	64	0.211038961	3.72000	0.36422	37.99496	0.57054	0.04274	-1.00000	-1.00000
4587	Bishop	Cluster	un	1914500	31	0.464285714	2.38462	0.20446	27.81217	0.37742	0.02098	-1.00000	-1.00000
4595	Bishop	Cluster	un	1918862	28	0.500000000	2.06667	0.17791	24.00734	0.31527	0.01695	-1.00000	-1.00000
4597	Bishop	Cluster	un	1919837	273	0.618644068	0.48276	0.04141	5.62819	0.31627	0.00585	-1.00000	-1.00000
4598	Bishop	Cluster	un	1920421	70	0.013439958	0.10753	0.01203	0.96116	0.96848	0.12755	-1.00000	-1.00000
4602	Bishop	Cluster	un	1922543	22	0.000000000	783.00000	46.62555	13149.20605	2.89376	1.00000	-1.00000	-1.00000
4605	Bishop	Cluster	un	1923945	63	0.277050797	0.36364	0.06632	1.99389	0.43933	0.02663	-1.00000	-1.00000
4611	Bishop	Cluster	un	1928037	455	0.490612245	0.33333	0.03243	3.42639	0.47712	0.03846	-1.00000	-1.00000
4626	Bishop	Cluster	un	1935511	127	1.000000000	1.43478	0.21844	9.42432	0.15679	0.00285	-1.00000	-1.00000
4635	Bishop	Cluster	un	1939699	433	1.000000000	0.79310	0.04702	13.37737	0.10067	0.00048	-1.00000	-1.00000
4641	Bishop	Cluster	un	1943288	37	0.000967802	14.09091	1.67949	118.22271	1.14894	0.17647	-1.00000	-1.00000
4656	Bishop	Cluster	un	1950029	40	0.464285714	0.41935	0.03596	4.89101	0.37742	0.02098	-1.00000	-1.00000
4659	Bishop	Cluster	un	1951750	70	0.118644068	4.42857	0.46670	42.02293	0.64626	0.05263	-1.00000	-1.00000
4665	Bishop	Cluster	un	1954796	45	0.500000000	0.48387	0.04165	5.62086	0.31527	0.01695	-1.00000	-1.00000
4677	Bishop	Cluster	un	1959815	112	0.016345575	0.14286	0.02698	0.75647	0.84510	0.11636	-1.00000	-1.00000
4680	Bishop	Cluster	un	1961460	141	0.061132804	4.06250	1.08936	15.15015	0.60879	0.08376	-1.00000	-1.00000
4683	Bishop	Cluster	un	1962468	408	0.500000000	0.48276	0.04141	5.62819	0.31627	0.01818	-1.00000	-1.00000
4684	Bishop	Cluster	un	1962962	128	0.500000000	2.06667	0.17791	24.00734	0.31527	0.01695	-1.00000	-1.00000
4685	Bishop	Cluster	un	1963862	234	1.000000000	0.86207	0.05123	14.50627	0.06446	0.00019	-1.00000	-1.00000
4693	Bishop	Cluster	un	1967823	127	0.106170599	4.76923	0.50143	45.36166	0.67845	0.05844	-1.00000	-1.00000
4697	Bishop	Cluster	un	1970098	29	0.491833031	3.00000	0.29452	30.55776	0.47712	0.03333	-1.00000	-1.00000
4698	Bishop	Cluster	un	1971023	94	0.041396204	0.11494	0.01283	1.02946	0.93952	0.08864	-1.00000	-1.00000
4699	Bishop	Cluster	un	1971777	9	1.000000000	0.51724	0.04445	6.01898	0.28631	0.01637	-1.00000	-1.00000
4705	Bishop	Cluster	un	1973502	113	0.236897275	4.15385	0.43495	39.66973	0.61845	0.05462	-1.00000	-1.00000
4714	Bishop	Cluster	un	1978358	108	0.568465280	0.66316	0.21321	2.06263	0.17838	0.00972	-1.00000	-1.00000
4718	Bishop	Cluster	un	1979187	112	0.576743226	1.40625	0.44617	4.43229	0.14806	0.00654	-1.00000	-1.00000
4723	Bishop	Cluster	un	1980740	13	0.308699828	0.42857	0.09740	1.88574	0.36798	0.02500	-1.00000	-1.00000
4727	Bishop	Cluster	un	1983226	61	0.192872117	0.24731	0.02414	2.53324	0.60676	0.04808	-1.00000	-1.00000
4743	Bishop	Cluster	un	1989695	53	0.500000000	2.06667	0.17791	24.00734	0.31527	0.01695	-1.00000	-1.00000
4750	Bishop	Cluster	un	1994361	12	1.000000000	1.93333	0.16614	22.49763	0.28631	0.01637	-1.00000	-1.00000
4768	Bishop	Cluster	un	2000779	13	0.118644068	4.42857	0.46670	42.02293	0.64626	0.05263	-1.00000	-1.00000
4770	Bishop	Cluster	un	2002043	498	0.481481481	0.44828	0.03837	5.23742	0.34845	0.02032	-1.00000	-1.00000
4773	Bishop	Cluster	un	2003138	26	0.196115984	0.37500	0.09752	1.44203	0.42597	0.03925	-1.00000	-1.00000
4774	Bishop	Cluster	un	2004081	130	0.000005503	0.03226	0.00385	0.27001	1.49136	0.34884	-1.00000	-1.00000
4777	Bishop	Cluster	un	2005551	16	0.245762712	3.20690	0.31542	32.60509	0.50608	0.03448	-1.00000	-1.00000
4781	Bishop	Cluster	un	2007270	44	0.245762712	3.20690	0.31542	32.60509	0.50608	0.03448	-1.00000	-1.00000
4784	Bishop	Cluster	un	2008098	31	0.000163785	0.04000	0.00470	0.34051	1.39794	0.27068	-1.00000	-1.00000
4785	Bishop	Cluster	un	2008890	17	0.544833398	1.58824	0.46544	5.41961	0.20091	0.01099	-1.00000	-1.00000
4786	Bishop	Cluster	un	2009724	14	0.000000065	48.33333	5.81265	401.90109	1.68425	0.45470	-1.00000	-1.00000
4791	Bishop	Cluster	un	2011950	13	0.020799934	7.90909	0.88661	70.55416	0.89813	0.10989	-1.00000	-1.00000
4794	Bishop	Cluster	un	2012666	36	1.000000000	0.55556	0.04765	6.47777	0.25527	0.01576	-1.00000	-1.00000
4799	Bishop	Cluster	un	2015727	12	0.118644068	0.22581	0.02380	2.14269	0.64626	0.05263	-1.00000	-1.00000
4804	Bishop	Cluster	un	2017426	63	0.000011885	33.14286	3.98367	275.73810	1.52039	0.30780	-1.00000	-1.00000
4812	Bishop	Cluster	un	2022453	104	0.000156987	25.00000	2.96594	210.72560	1.39794	0.26509	-1.00000	-1.00000
4818	Bishop	Cluster	un	2025034	283	1.000000000	1.08000	0.06407	18.20505	0.03342	0.00005	-1.00000	-1.00000
4824	Bishop	Cluster	un	2026579	215	0.482758621	0.45161	0.03880	5.25593	0.34523	0.01880	-1.00000	-1.00000
4826	Bishop	Cluster	un	2027661	81	0.500000000	2.08333	0.17711	24.50678	0.31876	0.02128	-1.00000	-1.00000
4831	Bishop	Cluster	un	2031277	467	1.000000000	1.66667	0.14261	19.47836	0.22185	0.01509	-1.00000	-1.00000
4845	Bishop	Cluster	un	2039426	485	1.000000000	0.52000	0.04432	6.10163	0.28400	0.01884	-1.00000	-1.00000
4852	Bishop	Cluster	un	2042017	22	0.500000000	2.06667	0.17791	24.00734	0.31527	0.01695	-1.00000	-1.00000
4856	Bishop	Cluster	un	2043163	355	0.040703531	6.73913	0.73649	61.66531	0.82860	0.08876	-1.00000	-1.00000
4859	Bishop	Cluster	un	2044632	75	0.091583710	0.18966	0.01978	1.81808	0.72204	0.07143	-1.00000	-1.00000
4861	Bishop	Cluster	un	2045375	26	0.000911685	0.06897	0.00817	0.58216	1.16137	0.19149	-1.00000	-1.00000
4864	Bishop	Cluster	un	2047050	90	1.000000000	1.93333	0.16614	22.49763	0.28631	0.01637	-1.00000	-1.00000
4867	Bishop	Cluster	un	2049570	73	0.482758621	2.21429	0.19026	25.77014	0.34523	0.01880	-1.00000	-1.00000
4878	Bishop	Cluster	un	2052722	6	0.000000062	50.09091	5.96864	420.38062	1.69976	0.47368	-1.00000	-1.00000
4882	Bishop	Cluster	un	2055176	45	0.000000000	434.00000	37.29122	5050.94727	2.63749	0.93318	-1.00000	-1.00000
4894	Bishop	Cluster	un	2063456	139	0.491833031	0.33333	0.03272	3.39531	0.47712	0.03333	-1.00000	-1.00000
4895	Bishop	Cluster	un	2064262	111	0.000059521	14.40000	3.44343	60.21903	1.15836	0.29471	-1.00000	-1.00000
4898	Bishop	Cluster	un	2066996	414	0.444444444	0.38710	0.03311	4.52610	0.41218	0.02358	-1.00000	-1.00000
4909	Bishop	Cluster	un	2072735	250	0.491264850	3.00000	0.29328	30.68711	0.47712	0.03571	-1.00000	-1.00000
4919	Bishop	Cluster	un	2077990	34	0.000334230	0.05747	0.00691	0.47788	1.24055	0.21844	-1.00000	-1.00000
4929	Bishop	Cluster	un	2082093	253	1.000000000	1.92857	0.16509	22.52900	0.28524	0.01752	-1.00000	-1.00000
4934	Bishop	Cluster	un	2085217	12	0.007090887	0.09677	0.01108	0.84530	1.01424	0.13846	-1.00000	-1.00000
4938	Bishop	Cluster	un	2087621	52	0.052549084	6.69231	0.75483	59.33385	0.82558	0.08805	-1.00000	-1.00000
4954	Bishop	Cluster	un	2095787	310	0.444444444	0.38710	0.03311	4.52610	0.41218	0.02358	-1.00000	-1.00000
4956	Bishop	Cluster	un	2097396	312	1.000000000	0.51724	0.04445	6.01898	0.28631	0.01637	-1.00000	-1.00000
4957	Bishop	Cluster	un	2098044	160	1.000000000	1.78571	0.15251	20.90852	0.25181	0.01681	-1.00000	-1.00000
4966	Bishop	Cluster	un	2101761	56	0.012375487	0.16364	0.03923	0.68251	0.78612	0.12976	-1.00000	-1.00000
4967	Bishop	Cluster	un	2102671	147	0.228675136	0.29032	0.02849	2.95801	0.53712	0.03827	-1.00000	-1.00000
4968	Bishop	Cluster	un	2103515	150	0.228675136	3.44444	0.33807	35.09441	0.53712	0.03827	-1.00000	-1.00000
4970	Bishop	Cluster	un	2104999	77	0.000000000	101.85714	11.70398	886.44025	2.00799	0.65476	-1.00000	-1.00000
4977	Bishop	Cluster	un	2107414	411	0.500000000	2.07143	0.17768	24.14955	0.31627	0.01818	-1.00000	-1.00000
4989	Bishop	Cluster	un	2112797	138	0.106170599	4.76923	0.50143	45.36166	0.67845	0.05844	-1.00000	-1.00000
5009	Bishop	Cluster	un	2120145	138	0.491833031	3.00000	0.29452	30.55776	0.47712	0.03333	-1.00000	-1.00000
5019	Bishop	Cluster	un	2126056	388	0.481481481	0.44828	0.03837	5.23742	0.34845	0.02032	-1.00000	-1.00000
5027	Bishop	Cluster	un	2130254	21	0.245762712	3.20690	0.31542	32.60509	0.50608	0.03448	-1.00000	-1.00000
5030	Bishop	Cluster	un	2131955	12	0.000129036	0.03979	0.00474	0.33393	1.40025	0.25325	-1.00000	-1.00000
5033	Bishop	Cluster	un	2132704	21	0.000000000	435.00000	37.38172	5061.96631	2.63849	0.93333	-1.00000	-1.00000
5034	Bishop	Cluster	un	2133560	123	0.482758621	0.45161	0.03880	5.25593	0.34523	0.01880	-1.00000	-1.00000
5038	Bishop	Cluster	un	2134357	85	1.000000000	0.51724	0.04445	6.01898	0.28631	0.01637	-1.00000	-1.00000
5039	Bishop	Cluster	un	2135540	389	0.228675136	3.44444	0.33807	35.09441	0.53712	0.03827	-1.00000	-1.00000
5041	Bishop	Cluster	un	2135997	48	0.000587295	0.04702	0.00553	0.39964	1.32770	0.22440	-1.00000	-1.00000
5045	Bishop	Cluster	un	2137820	209	1.000000000	0.51852	0.04439	6.05718	0.28524	0.01752	-1.00000	-1.00000
5059	Bishop	Cluster	un	2144599	358	0.500000000	2.07143	0.17768	24.14955	0.31627	0.01818	-1.00000	-1.00000
5074	Bishop	Cluster	un	2150538	21	0.000051887	0.04301	0.00512	0.36098	1.36642	0.28205	-1.00000	-1.00000
5079	Bishop	Cluster	un	2152854	10	0.047272578	0.15862	0.01730	1.45424	0.79964	0.08615	-1.00000	-1.00000
5082	Bishop	Cluster	un	2155394	202	0.227113906	3.48000	0.34009	35.60907	0.54158	0.04142	-1.00000	-1.00000
5083	Bishop	Cluster	un	2156400	378	1.000000000	0.92593	0.05493	15.60790	0.03342	0.00005	-1.00000	-1.00000
5085	Bishop	Cluster	un	2157004	129	0.118644068	0.22581	0.02380	2.14269	0.64626	0.05263	-1.00000	-1.00000
5086	Bishop	Cluster	un	2157783	101	0.482758621	2.21429	0.19026	25.77014	0.34523	0.01880	-1.00000	-1.00000
5096	Bishop	Cluster	un	2162707	152	0.000000004	72.50000	8.39845	625.85938	1.86034	0.58462	-1.00000	-1.00000
5119	Bishop	Cluster	un	2171532	105	0.016354234	0.11494	0.01283	1.02946	0.93952	0.12411	-1.00000	-1.00000
5121	Bishop	Cluster	un	2172144	100	0.500000000	2.06667	0.17791	24.00734	0.31527	0.01695	-1.00000	-1.00000
5134	Bishop	Cluster	un	2177895	219	0.481481481	0.44828	0.03837	5.23742	0.34845	0.02032	-1.00000	-1.00000
5145	Bishop	Cluster	un	2181716	27	0.777346875	0.80000	0.25680	2.49221	0.09691	0.00275	-1.00000	-1.00000
5153	Bishop	Cluster	un	2185749	82	0.000008523	19.16667	4.46918	82.19870	1.28255	0.36623	-1.00000	-1.00000
5173	Bishop	Cluster	un	2195634	295	0.225306122	0.28395	0.02761	2.92002	0.54676	0.04514	-1.00000	-1.00000
5174	Bishop	Cluster	un	2196182	14	0.017220725	0.11828	0.01329	1.05307	0.92709	0.11312	-1.00000	-1.00000
5182	Bishop	Cluster	un	2200462	357	0.481481481	2.23077	0.19093	26.06312	0.34845	0.02032	-1.00000	-1.00000
5184	Bishop	Cluster	un	2200989	17	0.001954280	0.07258	0.00838	0.62842	1.13918	0.18617	-1.00000	-1.00000
5190	Bishop	Cluster	un	2204458	278	0.481481481	0.44828	0.03837	5.23742	0.34845	0.02032	-1.00000	-1.00000
5197	Bishop	Cluster	un	2206854	359	0.500000000	0.48276	0.04141	5.62819	0.31627	0.01818	-1.00000	-1.00000
5202	Bishop	Cluster	un	2208622	500	0.225306122	0.28395	0.02761	2.92002	0.54676	0.04514	-1.00000	-1.00000
5211	Bishop	Cluster	un	2212277	13	0.002976568	0.05747	0.00664	0.49735	1.24055	0.19102	-1.00000	-1.00000
5215	Bishop	Cluster	un	2213222	129	0.192872117	4.04348	0.39475	41.41771	0.60676	0.04808	-1.00000	-1.00000
5221	Bishop	Cluster	un	2217115	12	0.345887132	0.48913	0.13650	1.75275	0.31058	0.02277	-1.00000	-1.00000
5222	Bishop	Cluster	un	2217971	57	0.040703531	0.14839	0.01622	1.35779	0.82860	0.08876	-1.00000	-1.00000
5226	Bishop	Cluster	un	2219517	11	1.000000000	1.00000	0.18509	5.40270	0.00000	0.00000	-1.00000	-1.00000
5227	Bishop	Cluster	un	2220317	11	0.500000000	0.48387	0.04165	5.62086	0.31527	0.01695	-1.00000	-1.00000
5232	Bishop	Cluster	un	2222603	193	0.464285714	0.41935	0.03596	4.89101	0.37742	0.02098	-1.00000	-1.00000
5233	Bishop	Cluster	un	2222941	61	0.464285714	0.41935	0.03596	4.89101	0.37742	0.02098	-1.00000	-1.00000
5246	Bishop	Cluster	un	2228532	39	0.000094312	0.04839	0.00580	0.40356	1.31527	0.25076	-1.00000	-1.00000
5248	Bishop	Cluster	un	2230200	53	0.000000000	174.00000	18.20957	1662.64185	2.24055	0.79901	-1.00000	-1.00000
5277	Bishop	Cluster	un	2241265	60	0.106170599	4.76923	0.50143	45.36166	0.67845	0.05844	-1.00000	-1.00000
5300	Bishop	Cluster	un	2249165	235	0.500000000	2.06667	0.17791	24.00734	0.31527	0.01695	-1.00000	-1.00000
5323	Bishop	Cluster	un	2258609	36	0.482758621	2.21429	0.19026	25.77014	0.34523	0.01880	-1.00000	-1.00000
5329	Bishop	Cluster	un	2260281	29	1.000000000	1.06579	0.33745	3.36620	0.02767	0.00022	-1.00000	-1.00000
5332	Bishop	Cluster	un	2263010	190	0.480000000	0.44444	0.03787	5.21605	0.35218	0.02211	-1.00000	-1.00000
5336	Bishop	Cluster	un	2265224	13	0.000499168	0.04377	0.00509	0.37630	1.35881	0.25005	-1.00000	-1.00000
5340	Bishop	Cluster	un	2266053	31	0.000000071	54.77778	6.37423	470.73969	1.73860	0.51852	-1.00000	-1.00000
5345	Bishop	Cluster	un	2269341	11	0.482758621	2.21429	0.19026	25.77014	0.34523	0.01880	-1.00000	-1.00000
5349	Bishop	Cluster	un	2272661	112	0.500000000	0.48387	0.04165	5.62086	0.31527	0.01695	-1.00000	-1.00000
5355	Bishop	Cluster	un	2275292	249	1.000000000	0.86207	0.05123	14.50627	0.06446	0.00019	-1.00000	-1.00000
5362	Bishop	Cluster	un	2278317	47	0.000000128	47.90909	5.68826	403.51169	1.68042	0.46154	-1.00000	-1.00000
5363	Bishop	Cluster	un	2279202	115	0.482758621	0.45161	0.03880	5.25593	0.34523	0.01880	-1.00000	-1.00000
5364	Bishop	Cluster	un	2279967	97	0.491833031	3.00000	0.29452	30.55776	0.47712	0.03333	-1.00000	-1.00000
5366	Bishop	Cluster	un	2280743	119	0.699408065	0.66000	0.13287	3.27842	0.18046	0.00483	-1.00000	-1.00000
5375	Bishop	Cluster	un	2286355	33	0.000000007	87.00000	9.94055	761.42694	1.93952	0.54474	-1.00000	-1.00000
5377	Bishop	Cluster	un	2288044	16	0.013439958	9.30000	1.04041	83.13105	0.96848	0.12755	-1.00000	-1.00000
5378	Bishop	Cluster	un	2289176	339	0.245762712	0.31183	0.03067	3.17041	0.50608	0.03448	-1.00000	-1.00000
5385	Bishop	Cluster	un	2291431	37	0.211038961	0.26882	0.02632	2.74562	0.57054	0.04274	-1.00000	-1.00000
5392	Bishop	Cluster	un	2295837	415	0.225306122	0.28395	0.02761	2.92002	0.54676	0.04514	-1.00000	-1.00000
5394	Bishop	Cluster	un	2296300	17	0.115317596	0.20000	0.02189	1.82743	0.69897	0.06667	-1.00000	-1.00000
5395	Bishop	Cluster	un	2297068	95	0.461538462	0.41379	0.03533	4.84665	0.38322	0.02288	-1.00000	-1.00000
5403	Bishop	Cluster	un	2300128	9	0.106170599	4.76923	0.50143	45.36166	0.67845	0.05844	-1.00000	-1.00000
5418	Bishop	Cluster	un	2307520	78	0.115317596	5.00000	0.54722	45.68572	0.69897	0.06667	-1.00000	-1.00000
5425	Bishop	Cluster	un	2309901	92	1.000000000	1.66667	0.14261	19.47836	0.22185	0.01509	-1.00000	-1.00000
5436	Bishop	Cluster	un	2313764	155	0.361234991	3.24000	0.31597	33.22326	0.51055	0.01923	-1.00000	-1.00000
5446	Bishop	Cluster	un	2316825	97	0.245454545	3.22222	0.31567	32.89072	0.50816	0.03704	-1.00000	-1.00000
5452	Bishop	Cluster	un	2318879	72	0.000081956	0.04399	0.00519	0.37311	1.35666	0.28409	-1.00000	-1.00000
5460	Bishop	Cluster	un	2322993	56	0.011603269	0.11330	0.01299	0.98798	0.94577	0.12000	-1.00000	-1.00000
5462	Bishop	Cluster	un	2323837	14	0.107960852	5.86957	0.63881	53.93145	0.76861	0.05333	-1.00000	-1.00000
5467	Bishop	Cluster	un	2326368	18	1.000000000	1.92308	0.16389	22.56519	0.28400	0.01884	-1.00000	-1.00000
5470	Bishop	Cluster	un	2327271	110	0.245762712	0.31183	0.03067	3.17041	0.50608	0.03448	-1.00000	-1.00000
5475	Bishop	Cluster	un	2331081	60	0.500000000	2.06667	0.17791	24.00734	0.31527	0.01695	-1.00000	-1.00000
5476	Bishop	Cluster	un	2331879	40	0.500000000	0.48387	0.04165	5.62086	0.31527	0.01695	-1.00000	-1.00000
5484	Bishop	Cluster	un	2335085	76	0.589727264	0.72917	0.24175	2.19929	0.13717	0.00606	-1.00000	-1.00000
5490	Bishop	Cluster	un	2338376	57	0.010112034	12.00000	1.38010	104.34058	1.07918	0.13297	-1.00000	-1.00000
5495	Bishop	Cluster	un	2340871	43	0.000019812	0.03941	0.00474	0.32787	1.40441	0.30233	-1.00000	-1.00000
5504	Bishop	Cluster	un	2344764	141	0.001099811	0.06810	0.00798	0.58084	1.16685	0.19231	-1.00000	-1.00000
5507	Bishop	Cluster	un	2346251	97	0.245454545	3.22222	0.31567	32.89072	0.50816	0.03704	-1.00000	-1.00000
5508	Bishop	Cluster	un	2347045	72	0.093795094	0.19355	0.02029	1.84594	0.71321	0.06531	-1.00000	-1.00000
5522	Bishop	Cluster	un	2352678	44	0.000063808	13.93333	3.66232	53.00947	1.14406	0.33189	-1.00000	-1.00000
5523	Bishop	Cluster	un	2353543	86	0.000000000	237.66667	23.20264	2434.44067	2.37597	0.85938	-1.00000	-1.00000
5532	Bishop	Cluster	un	2356324	284	0.464285714	0.41935	0.03596	4.89101	0.37742	0.02098	-1.00000	-1.00000
5545	Bishop	Cluster	un	2362402	67	1.000000000	1.93333	0.16614	22.49763	0.28631	0.01637	-1.00000	-1.00000
5546	Bishop	Cluster	un	2363273	56	0.228675136	3.44444	0.33807	35.09441	0.53712	0.03827	-1.00000	-1.00000
5548	Bishop	Cluster	un	2364114	63	0.245762712	0.31183	0.03067	3.17041	0.50608	0.03448	-1.00000	-1.00000
5550	Bishop	Cluster	un	2366012	283	0.500000000	2.08333	0.17711	24.50678	0.31876	0.02128	-1.00000	-1.00000
5556	Bishop	Cluster	un	2370045	294	0.481481481	0.44828	0.03837	5.23742	0.34845	0.02032	-1.00000	-1.00000
5561	Bishop	Cluster	un	2372192	37	0.245454545	0.31034	0.03040	3.16783	0.50816	0.03704	-1.00000	-1.00000
5564	Bishop	Cluster	un	2373802	33	0.118644068	4.42857	0.46670	42.02293	0.64626	0.05263	-1.00000	-1.00000
5568	Bishop	Cluster	un	2375437	45	0.000405204	13.00000	2.60771	64.80780	1.11394	0.22136	-1.00000	-1.00000
5577	Bishop	Cluster	un	2380871	92	0.102451234	2.66667	0.86004	8.26836	0.42597	0.05669	-1.00000	-1.00000
5581	Bishop	Cluster	un	2383508	157	0.464285714	0.41935	0.03596	4.89101	0.37742	0.02098	-1.00000	-1.00000
5587	Bishop	Cluster	un	2384999	53	0.240259740	3.85714	0.40483	36.75010	0.58627	0.04906	-1.00000	-1.00000
5609	Bishop	Cluster	un	2397200	9	0.500000000	0.48387	0.04165	5.62086	0.31527	0.01695	-1.00000	-1.00000
5610	Bishop	Cluster	un	2398051	67	0.000335760	17.47059	2.06538	147.77966	1.24231	0.23810	-1.00000	-1.00000
5612	Bishop	Cluster	un	2398863	91	0.245762712	3.20690	0.31542	32.60509	0.50608	0.03448	-1.00000	-1.00000
5615	Bishop	Cluster	un	2401243	123	0.235918367	4.16667	0.43401	40.00140	0.61979	0.05892	-1.00000	-1.00000
5622	Bishop	Cluster	un	2403949	477	0.461538462	0.41379	0.03533	4.84665	0.38322	0.02288	-1.00000	-1.00000
5627	Bishop	Cluster	un	2406810	404	0.461538462	0.41379	0.03533	4.84665	0.38322	0.02288	-1.00000	-1.00000
5645	Bishop	Cluster	un	2413574	56	0.245762712	3.20690	0.31542	32.60509	0.50608	0.03448	-1.00000	-1.00000
5652	Bishop	Cluster	un	2417817	56	0.003937952	0.08871	0.01034	0.76118	1.05203	0.14706	-1.00000	-1.00000
5661	Bishop	Cluster	un	2420391	145	0.245454545	0.31034	0.03040	3.16783	0.50816	0.03704	-1.00000	-1.00000
5676	Bishop	Cluster	un	2425986	109	0.000001054	51.00000	5.92112	439.27515	1.70757	0.42926	-1.00000	-1.00000
5683	Bishop	Cluster	un	2428293	152	0.022757557	6.15789	1.19161	31.82234	0.78943	0.09899	-1.00000	-1.00000
5687	Bishop	Cluster	un	2431364	71	0.093795094	5.16667	0.54173	49.27621	0.71321	0.06531	-1.00000	-1.00000
5691	Bishop	Cluster	un	2433200	289	0.500000000	2.06667	0.17791	24.00734	0.31527	0.01695	-1.00000	-1.00000
5694	Bishop	Cluster	un	2434441	85	0.047272578	0.15862	0.01730	1.45424	0.79964	0.08615	-1.00000	-1.00000
5698	Bishop	Cluster	un	2436939	103	0.464285714	0.41935	0.03596	4.89101	0.37742	0.02098	-1.00000	-1.00000
5707	Bishop	Cluster	un	2440077	64	0.245762712	0.31183	0.03067	3.17041	0.50608	0.03448	-1.00000	-1.00000
5712	Bishop	Cluster	un	2442522	58	1.000000000	0.92593	0.05493	15.60790	0.03342	0.00005	-1.00000	-1.00000
5715	Bishop	Cluster	un	2444193	33	0.000001664	35.76923	4.27051	299.59866	1.55351	0.38462	-1.00000	-1.00000
5717	Bishop	Cluster	un	2444962	125	0.500000000	0.48387	0.04165	5.62086	0.31527	0.01695	-1.00000	-1.00000
5721	Bishop	Cluster	un	2447393	77	0.500000000	2.06667	0.17791	24.00734	0.31527	0.01695	-1.00000	-1.00000
5732	Bishop	Cluster	un	2453877	85	0.019968382	4.66667	1.37633	15.82312	0.66901	0.12927	-1.00000	-1.00000
5733	Bishop	Cluster	un	2454685	27	0.048259363	6.20000	0.67962	56.56101	0.79239	0.07937	-1.00000	-1.00000
5734	Bishop	Cluster	un	2455904	451	0.461538462	0.41379	0.03533	4.84665	0.38322	0.02288	-1.00000	-1.00000
5748	Bishop	Cluster	un	2462596	357	0.500000000	0.48276	0.04141	5.62819	0.31627	0.01818	-1.00000	-1.00000
5750	Bishop	Cluster	un	2463909	57	0.000000000	113.66666	12.76690	1012.00061	2.05563	0.69231	-1.00000	-1.00000
5771	Bishop	Cluster	un	2473674	135	0.482758621	2.21429	0.19026	25.77014	0.34523	0.01880	-1.00000	-1.00000
5782	Bishop	Cluster	un	2476759	42	0.500000000	2.07143	0.17768	24.14955	0.31627	0.01818	-1.00000	-1.00000
5784	Bishop	Cluster	un	2477890	402	0.500000000	0.48148	0.04113	5.63661	0.31742	0.01961	-1.00000	-1.00000
5790	Bishop	Cluster	un	2480752	111	0.237749546	0.24138	0.02539	2.29481	0.61730	0.05091	-1.00000	-1.00000
5793	Bishop	Cluster	un	2483152	19	0.482758621	0.45161	0.03880	5.25593	0.34523	0.01880	-1.00000	-1.00000
5798	Bishop	Cluster	un	2486255	34	1.000000000	0.90000	0.27969	2.89608	0.04576	0.00058	-1.00000	-1.00000
5800	Bishop	Cluster	un	2487092	92	0.052549084	6.69231	0.75483	59.33385	0.82558	0.08805	-1.00000	-1.00000
5802	Bishop	Cluster	un	2488690	145	0.245762712	3.20690	0.31542	32.60509	0.50608	0.03448	-1.00000	-1.00000
5812	Bishop	Cluster	un	2491500	94	0.500000000	2.06667	0.17791	24.00734	0.31527	0.01695	-1.00000	-1.00000
5819	Bishop	Cluster	un	2492975	36	0.118644068	0.22581	0.02380	2.14269	0.64626	0.05263	-1.00000	-1.00000
5827	Bishop	Cluster	un	2496261	30	0.482758621	2.21429	0.19026	25.77014	0.34523	0.01880	-1.00000	-1.00000
5847	Bishop	Cluster	un	2503868	373	0.228675136	3.44444	0.33807	35.09441	0.53712	0.03827	-1.00000	-1.00000
5856	Bishop	Cluster	un	2507670	21	0.056199822	5.74074	0.63090	52.23658	0.75897	0.07143	-1.00000	-1.00000
5859	Bishop	Cluster	un	2509906	68	0.245762712	3.20690	0.31542	32.60509	0.50608	0.03448	-1.00000	-1.00000
5865	Bishop	Cluster	un	2512328	191	0.500000000	2.07692	0.17741	24.31412	0.31742	0.01961	-1.00000	-1.00000
5885	Bishop	Cluster	un	2517794	410	1.000000000	1.66667	0.14261	19.47836	0.22185	0.01509	-1.00000	-1.00000
5894	Bishop	Cluster	un	2522186	240	0.481481481	0.44828	0.03837	5.23742	0.34845	0.02032	-1.00000	-1.00000
5902	Bishop	Cluster	un	2524555	43	0.245762712	3.20690	0.31542	32.60509	0.50608	0.03448	-1.00000	-1.00000
5914	Bishop	Cluster	un	2529880	75	0.020799934	0.12644	0.01417	1.12790	0.89813	0.10989	-1.00000	-1.00000
5916	Bishop	Cluster	un	2530873	279	1.000000000	1.00000	0.05965	16.76418	0.00000	0.00000	-1.00000	-1.00000
5917	Bishop	Cluster	un	2531696	236	0.093795094	0.19355	0.02029	1.84594	0.71321	0.06531	-1.00000	-1.00000
5943	Bishop	Cluster	un	2543025	63	0.591991342	0.41379	0.03533	4.84665	0.38322	0.00932	-1.00000	-1.00000
5947	Bishop	Cluster	un	2545031	300	0.245762712	0.31183	0.03067	3.17041	0.50608	0.03448	-1.00000	-1.00000
5953	Bishop	Cluster	un	2548625	129	1.000000000	1.93333	0.16614	22.49763	0.28631	0.01637	-1.00000	-1.00000
5958	Bishop	Cluster	un	2550511	392	0.500000000	2.07143	0.17768	24.14955	0.31627	0.01818	-1.00000	-1.00000
5966	Bishop	Cluster	un	2554913	152	0.000068488	22.05882	2.65844	183.03674	1.34358	0.28000	-1.00000	-1.00000
5969	Bishop	Cluster	un	2555784	154	0.047272578	6.30435	0.68765	57.79831	0.79964	0.08615	-1.00000	-1.00000
5973	Bishop	Cluster	un	2558093	43	0.104821803	0.20690	0.02165	1.97698	0.68425	0.06335	-1.00000	-1.00000
5974	Bishop	Cluster	un	2558993	134	0.245762712	3.20690	0.31542	32.60509	0.50608	0.03448	-1.00000	-1.00000
5976	Bishop	Cluster	un	2559715	129	0.003465046	0.08333	0.00958	0.72459	1.07918	0.17636	-1.00000	-1.00000
5983	Bishop	Cluster	un	2563752	25	0.101420854	2.66667	0.85001	8.36589	0.42597	0.05769	-1.00000	-1.00000
5984	Bishop	Cluster	un	2564502	34	0.245762712	3.20690	0.31542	32.60509	0.50608	0.03448	-1.00000	-1.00000
5997	Bishop	Cluster	un	2571029	104	0.030694149	9.85714	1.14930	84.54158	0.99375	0.10920	-1.00000	-1.00000
5999	Bishop	Cluster	un	2572908	296	0.500000000	0.48148	0.04113	5.63661	0.31742	0.01961	-1.00000	-1.00000
6005	Bishop	Cluster	un	2574282	84	0.500000000	0.48387	0.04165	5.62086	0.31527	0.01695	-1.00000	-1.00000
6015	Bishop	Cluster	un	2579229	94	0.069262539	4.94118	0.91187	26.77499	0.69383	0.07798	-1.00000	-1.00000
6039	Bishop	Cluster	un	2588685	42	0.007090887	10.33333	1.18301	90.25963	1.01424	0.13846	-1.00000	-1.00000
6042	Bishop	Cluster	un	2589800	345	1.000000000	1.00000	0.05944	16.82259	0.00000	0.00000	-1.00000	-1.00000
6072	Bishop	Cluster	un	2602408	128	0.000000001	90.00000	10.02637	807.86932	1.95424	0.66398	-1.00000	-1.00000
6078	Bishop	Cluster	un	2604839	89	0.493212670	0.36000	0.03511	3.69147	0.44370	0.03429	-1.00000	-1.00000
6082	Bishop	Cluster	un	2605702	113	0.788691872	1.30769	0.45544	3.75472	0.11651	0.00444	-1.00000	-1.00000
6089	Bishop	Cluster	un	2608957	140	0.151306629	3.54545	0.64895	19.37019	0.54967	0.04167	-1.00000	-1.00000
6091	Bishop	Cluster	un	2610525	136	0.500000000	2.08333	0.17711	24.50678	0.31876	0.02128	-1.00000	-1.00000
6098	Bishop	Cluster	un	2613823	247	0.482758621	0.45161	0.03880	5.25593	0.34523	0.01880	-1.00000	-1.00000
6100	Bishop	Cluster	un	2614392	50	1.000000000	1.93333	0.16614	22.49763	0.28631	0.01637	-1.00000	-1.00000
6101	Bishop	Cluster	un	2615271	98	0.690237797	0.60000	0.12013	2.99663	0.22185	0.00756	-1.00000	-1.00000
6102	Bishop	Cluster	un	2616072	109	0.000000626	52.77778	6.14521	453.27924	1.72245	0.43866	-1.00000	-1.00000
6103	Bishop	Cluster	un	2616847	97	0.415941291	0.61818	0.20232	1.88880	0.20888	0.01280	-1.00000	-1.00000
6104	Bishop	Cluster	un	2617759	145	0.482758621	0.45161	0.03880	5.25593	0.34523	0.01880	-1.00000	-1.00000
6106	Bishop	Cluster	un	2619580	360	0.236897275	4.15385	0.43495	39.66973	0.61845	0.05462	-1.00000	-1.00000
6117	Bishop	Cluster	un	2622458	9	0.412557476	0.42308	0.07065	2.53363	0.37358	0.01717	-1.00000	-1.00000
6136	Bishop	Cluster	un	2630631	72	0.500000000	0.48387	0.04165	5.62086	0.31527	0.01695	-1.00000	-1.00000
6139	Bishop	Cluster	un	2632441	332	1.000000000	0.93103	0.05544	15.63520	0.03103	0.00004	-1.00000	-1.00000
6140	Bishop	Cluster	un	2633257	340	1.000000000	0.51852	0.04439	6.05718	0.28524	0.01752	-1.00000	-1.00000
6143	Bishop	Cluster	un	2634548	10	0.004481374	6.34615	1.73177	23.25577	0.80251	0.15964	-1.00000	-1.00000
6144	Bishop	Cluster	un	2635348	82	0.000000898	48.60000	5.71554	413.25253	1.68664	0.41110	-1.00000	-1.00000
6167	Bishop	Cluster	un	2643382	59	0.000000292	46.40000	5.43537	396.10168	1.66652	0.47297	-1.00000	-1.00000
6171	Bishop	Cluster	un	2644931	11	0.227113906	0.28736	0.02808	2.94037	0.54158	0.04142	-1.00000	-1.00000
6177	Bishop	Cluster	un	2646834	334	0.481481481	0.44828	0.03837	5.23742	0.34845	0.02032	-1.00000	-1.00000
6180	Bishop	Cluster	un	2647318	7	0.000000013	63.88889	7.50012	544.23004	1.80543	0.55000	-1.00000	-1.00000
6181	Bishop	Cluster	un	2648142	89	1.000000000	1.93333	0.16614	22.49763	0.28631	0.01637	-1.00000	-1.00000
6186	Bishop	Cluster	un	2651310	135	1.000000000	1.93333	0.16614	22.49763	0.28631	0.01637	-1.00000	-1.00000
6198	Bishop	Cluster	un	2656280	393	0.493506494	0.35802	0.03507	3.65452	0.44609	0.03210	-1.00000	-1.00000
6201	Bishop	Cluster	un	2658659	239	0.493506494	2.79310	0.27363	28.51051	0.44609	0.03210	-1.00000	-1.00000
6209	Bishop	Cluster	un	2664247	145	0.654564513	0.54762	0.08421	3.56135	0.26152	0.00726	-1.00000	-1.00000
6213	Bishop	Cluster	un	2666794	114	0.245762712	0.31183	0.03067	3.17041	0.50608	0.03448	-1.00000	-1.00000
6231	Bishop	Cluster	un	2674630	183	0.245454545	0.31034	0.03040	3.16783	0.50816	0.03704	-1.00000	-1.00000
6246	Bishop	Cluster	un	2683160	26	0.046139818	0.15556	0.01687	1.43442	0.80811	0.09420	-1.00000	-1.00000
6249	Bishop	Cluster	un	2683991	44	1.000000000	0.91304	0.27414	3.04096	0.03951	0.00038	-1.00000	-1.00000
6264	Bishop	Cluster	un	2688919	39	0.211038961	0.26882	0.02632	2.74562	0.57054	0.04274	-1.00000	-1.00000
6269	Bishop	Cluster	un	2691231	47	0.026092774	0.13978	0.01580	1.23690	0.85454	0.09091	-1.00000	-1.00000
6282	Bishop	Cluster	un	2695025	57	0.000002252	36.16667	4.27468	305.99435	1.55831	0.39634	-1.00000	-1.00000
6286	Bishop	Cluster	un	2698673	488	1.000000000	0.52000	0.04432	6.10163	0.28400	0.01884	-1.00000	-1.00000
6299	Bishop	Cluster	un	2700745	65	0.054609929	0.16800	0.01817	1.55315	0.77469	0.09091	-1.00000	-1.00000
6304	Bishop	Cluster	un	2702387	48	0.500000000	0.48387	0.04165	5.62086	0.31527	0.01695	-1.00000	-1.00000
6307	Bishop	Cluster	un	2703976	62	0.003036558	15.33333	1.81991	129.18797	1.18564	0.17345	-1.00000	-1.00000
6320	Bishop	Cluster	un	2708116	70	0.056199822	0.17419	0.01914	1.58503	0.75897	0.07143	-1.00000	-1.00000
6324	Bishop	Cluster	un	2710591	51	0.500000000	2.06667	0.17791	24.00734	0.31527	0.01695	-1.00000	-1.00000
6358	Bishop	Cluster	un	2722654	83	0.482758621	0.45161	0.03880	5.25593	0.34523	0.01880	-1.00000	-1.00000
6359	Bishop	Cluster	un	2723560	132	0.026092774	7.15385	0.80847	63.30171	0.85454	0.09091	-1.00000	-1.00000
6392	Bishop	Cluster	un	2740308	180	0.500000000	0.48000	0.04081	5.64636	0.31876	0.02128	-1.00000	-1.00000
6393	Bishop	Cluster	un	2741185	224	1.000000000	1.93333	0.16614	22.49763	0.28631	0.01637	-1.00000	-1.00000
6411	Bishop	Cluster	un	2746119	477	0.500000000	0.48276	0.04141	5.62819	0.31627	0.01818	-1.00000	-1.00000
6419	Bishop	Cluster	un	2751162	32	0.228675136	3.44444	0.33807	35.09441	0.53712	0.03827	-1.00000	-1.00000
6426	Bishop	Cluster	un	2756426	397	1.000000000	0.56000	0.04783	6.55691	0.25181	0.01681	-1.00000	-1.00000
6429	Bishop	Cluster	un	2758538	32	0.500000000	2.06667	0.17791	24.00734	0.31527	0.01695	-1.00000	-1.00000
6430	Bishop	Cluster	un	2759344	36	0.444444444	0.38710	0.03311	4.52610	0.41218	0.02358	-1.00000	-1.00000
6451	Bishop	Cluster	un	2766414	117	0.106170599	4.76923	0.50143	45.36166	0.67845	0.05844	-1.00000	-1.00000
6469	Bishop	Cluster	un	2772858	35	0.184239734	0.20370	0.02120	1.95699	0.69100	0.04147	-1.00000	-1.00000
6475	Bishop	Cluster	un	2774504	7	0.026092774	0.13978	0.01580	1.23690	0.85454	0.09091	-1.00000	-1.00000
6477	Bishop	Cluster	un	2776411	204	0.464285714	0.41935	0.03596	4.89101	0.37742	0.02098	-1.00000	-1.00000
6501	Bishop	Cluster	un	2785145	13	0.192872117	4.04348	0.39475	41.41771	0.60676	0.04808	-1.00000	-1.00000
6503	Bishop	Cluster	un	2786822	94	0.052549084	6.69231	0.75483	59.33385	0.82558	0.08805	-1.00000	-1.00000
6505	Bishop	Cluster	un	2788671	274	0.496855346	2.58621	0.25274	26.46334	0.41266	0.03077	-1.00000	-1.00000
6509	Bishop	Cluster	un	2790237	157	0.245762712	0.31183	0.03067	3.17041	0.50608	0.03448	-1.00000	-1.00000
6520	Bishop	Cluster	un	2795916	118	0.245762712	3.20690	0.31542	32.60509	0.50608	0.03448	-1.00000	-1.00000
6527	Bishop	Cluster	un	2799815	44	0.093795094	5.16667	0.54173	49.27621	0.71321	0.06531	-1.00000	-1.00000
6531	Bishop	Cluster	un	2802384	133	0.500000000	0.48387	0.04165	5.62086	0.31527	0.01695	-1.00000	-1.00000
6532	Bishop	Cluster	un	2803176	48	0.710888611	1.52174	0.32337	7.16110	0.18234	0.00548	-1.00000	-1.00000
6534	Bishop	Cluster	un	2804690	61	0.358865248	3.28571	0.31674	34.08422	0.51663	0.02273	-1.00000	-1.00000
6553	Bishop	Cluster	un	2812051	120	0.432629146	2.15385	0.36345	12.76394	0.33321	0.01235	-1.00000	-1.00000
6554	Bishop	Cluster	un	2812933	32	0.228675136	3.44444	0.33807	35.09441	0.53712	0.03827	-1.00000	-1.00000
6558	Bishop	Cluster	un	2816117	13	0.245762712	0.31183	0.03067	3.17041	0.50608	0.03448	-1.00000	-1.00000
6564	Bishop	Cluster	un	2818442	35	0.228675136	3.44444	0.33807	35.09441	0.53712	0.03827	-1.00000	-1.00000
6575	Bishop	Cluster	un	2824414	101	1.000000000	0.97143	0.29173	3.23474	0.01259	0.00004	-1.00000	-1.00000
6576	Bishop	Cluster	un	2825094	41	0.228675136	0.29032	0.02849	2.95801	0.53712	0.03827	-1.00000	-1.00000
6585	Bishop	Cluster	un	2828599	257	0.081599742	0.17742	0.01854	1.69757	0.75100	0.07353	-1.00000	-1.00000
6601	Bishop	Cluster	un	2833002	65	0.126878424	0.23810	0.04349	1.30345	0.62325	0.05470	-1.00000	-1.00000
6609	Bishop	Cluster	un	2837876	127	0.118644068	0.22581	0.02380	2.14269	0.64626	0.05263	-1.00000	-1.00000
6626	Bishop	Cluster	un	2844264	277	0.444444444	0.38710	0.03311	4.52610	0.41218	0.02358	-1.00000	-1.00000
6640	Bishop	Cluster	un	2851654	258	0.104821803	4.83333	0.50582	46.18450	0.68425	0.06335	-1.00000	-1.00000
6642	Bishop	Cluster	un	2852262	19	0.118644068	0.22581	0.02380	2.14269	0.64626	0.05263	-1.00000	-1.00000
6644	Bishop	Cluster	un	2853892	62	1.000000000	0.56000	0.04783	6.55691	0.25181	0.01681	-1.00000	-1.00000
6661	Bishop	Cluster	un	2861083	23	0.007090887	0.09677	0.01108	0.84530	1.01424	0.13846	-1.00000	-1.00000
6662	Bishop	Cluster	un	2861924	69	0.344497608	3.48000	0.34009	35.60907	0.54158	0.02119	-1.00000	-1.00000
6666	Bishop	Cluster	un	2863578	102	0.500000000	0.48387	0.04165	5.62086	0.31527	0.01695	-1.00000	-1.00000
6671	Bishop	Cluster	un	2866645	70	0.500000000	2.06667	0.17791	24.00734	0.31527	0.01695	-1.00000	-1.00000
6685	Bishop	Cluster	un	2873641	53	0.000000085	42.16667	8.45358	210.32838	1.62497	0.53481	-1.00000	-1.00000
6687	Bishop	Cluster	un	2874580	61	0.461538462	0.41379	0.03533	4.84665	0.38322	0.02288	-1.00000	-1.00000
6689	Bishop	Cluster	un	2875341	28	1.000000000	1.80000	0.15437	20.98797	0.25527	0.01576	-1.00000	-1.00000
6702	Bishop	Cluster	un	2878988	12	0.118644068	0.22581	0.02380	2.14269	0.64626	0.05263	-1.00000	-1.00000
6703	Bishop	Cluster	un	2879772	50	0.056199822	0.17419	0.01914	1.58503	0.75897	0.07143	-1.00000	-1.00000
6705	Bishop	Cluster	un	2881649	336	1.000000000	0.51724	0.04445	6.01898	0.28631	0.01637	-1.00000	-1.00000
6707	Bishop	Cluster	un	2882243	119	0.106170599	4.76923	0.50143	45.36166	0.67845	0.05844	-1.00000	-1.00000
6708	Bishop	Cluster	un	2883098	106	0.054527757	0.16049	0.01806	1.42614	0.79454	0.08497	-1.00000	-1.00000
6711	Bishop	Cluster	un	2885589	21	0.112852665	0.18621	0.02042	1.69763	0.73000	0.06914	-1.00000	-1.00000
6715	Bishop	Cluster	un	2887133	39	0.020799934	7.90909	0.88661	70.55416	0.89813	0.10989	-1.00000	-1.00000
6720	Bishop	Cluster	un	2891327	366	1.000000000	1.78571	0.15251	20.90852	0.25181	0.01681	-1.00000	-1.00000
6742	Bishop	Cluster	un	2895351	19	0.482758621	2.21429	0.19026	25.77014	0.34523	0.01880	-1.00000	-1.00000
6748	Bishop	Cluster	un	2900465	276	0.490612245	0.33333	0.03243	3.42639	0.47712	0.03846	-1.00000	-1.00000
6752	Bishop	Cluster	un	2900905	142	0.482758621	0.45161	0.03880	5.25593	0.34523	0.01880	-1.00000	-1.00000
6753	Bishop	Cluster	un	2901774	215	0.493212670	2.77778	0.27089	28.48358	0.44370	0.03429	-1.00000	-1.00000
6759	Bishop	Cluster	un	2903321	117	0.236897275	4.15385	0.43495	39.66973	0.61845	0.05462	-1.00000	-1.00000
6762	Bishop	Cluster	un	2904932	80	0.118644068	0.22581	0.02380	2.14269	0.64626	0.05263	-1.00000	-1.00000
6775	Bishop	Cluster	un	2908190	38	0.000001694	35.30769	4.22710	294.91452	1.54787	0.39098	-1.00000	-1.00000
6782	Bishop	Cluster	un	2910748	28	0.118644068	4.42857	0.46670	42.02293	0.64626	0.05263	-1.00000	-1.00000
6790	Bishop	Cluster	un	2916356	118	0.227113906	0.28736	0.02808	2.94037	0.54158	0.04142	-1.00000	-1.00000
6803	Bishop	Cluster	un	2921761	20	0.211038961	3.72000	0.36422	37.99496	0.57054	0.04274	-1.00000	-1.00000
6807	Bishop	Cluster	un	2924157	67	0.182794958	2.17949	0.72733	6.53098	0.33835	0.03633	-1.00000	-1.00000
6818	Bishop	Cluster	un	2929051	97	0.744743607	1.40000	0.37697	5.19934	0.14613	0.00507	-1.00000	-1.00000
6819	Bishop	Cluster	un	2929814	73	0.500000000	2.06667	0.17791	24.00734	0.31527	0.01695	-1.00000	-1.00000
6821	Bishop	Cluster	un	2930721	194	1.000000000	0.52000	0.04432	6.10163	0.28400	0.01884	-1.00000	-1.00000
6827	Bishop	Cluster	un	2933736	16	0.612440191	3.00000	0.29328	30.68711	0.47712	0.01607	-1.00000	-1.00000
6832	Bishop	Cluster	un	2935646	305	0.500000000	0.48387	0.04165	5.62086	0.31527	0.01695	-1.00000	-1.00000
6833	Bishop	Cluster	un	2936571	443	0.496855346	2.58621	0.25274	26.46334	0.41266	0.03077	-1.00000	-1.00000
6841	Bishop	Cluster	un	2938396	121	0.500000000	0.48148	0.04113	5.63661	0.31742	0.01961	-1.00000	-1.00000
6844	Bishop	Cluster	un	2939891	48	0.245454545	0.31034	0.03040	3.16783	0.50816	0.03704	-1.00000	-1.00000
6847	Bishop	Cluster	un	2941402	6	0.727819567	1.50000	0.36664	6.13680	0.17609	0.00641	-1.00000	-1.00000
6865	Bishop	Cluster	un	2946386	88	0.313878492	2.26471	0.56864	9.01958	0.35501	0.02763	-1.00000	-1.00000
6868	Bishop	Cluster	un	2947379	288	1.000000000	0.51724	0.04445	6.01898	0.28631	0.01637	-1.00000	-1.00000
6873	Bishop	Cluster	un	2950456	93	0.500000000	2.06667	0.17791	24.00734	0.31527	0.01695	-1.00000	-1.00000
6874	Bishop	Cluster	un	2951282	113	0.228675136	0.29032	0.02849	2.95801	0.53712	0.03827	-1.00000	-1.00000
6878	Bishop	Cluster	un	2952753	33	0.002287531	0.08244	0.00975	0.69737	1.08388	0.15385	-1.00000	-1.00000
6880	Bishop	Cluster	un	2953598	47	0.734386036	1.30435	0.31095	5.47129	0.11539	0.00236	-1.00000	-1.00000
6883	Bishop	Cluster	un	2954376	43	0.106170599	4.76923	0.50143	45.36166	0.67845	0.05844	-1.00000	-1.00000
6898	Bishop	Cluster	un	2961831	87	0.171941790	0.18966	0.01978	1.81808	0.72204	0.04442	-1.00000	-1.00000
6906	Bishop	Cluster	un	2965227	239	0.480000000	0.44444	0.03787	5.21605	0.35218	0.02211	-1.00000	-1.00000
6914	Bishop	Cluster	un	2971167	142	0.245454545	3.22222	0.31567	32.89072	0.50816	0.03704	-1.00000	-1.00000
6917	Bishop	Cluster	un	2973610	372	0.464285714	0.41935	0.03596	4.89101	0.37742	0.02098	-1.00000	-1.00000
6918	Bishop	Cluster	un	2974211	151	0.005271268	0.09677	0.01132	0.82757	1.01424	0.13208	-1.00000	-1.00000
6921	Bishop	Cluster	un	2975877	16	0.002836355	0.08065	0.00936	0.69479	1.09342	0.16484	-1.00000	-1.00000
6925	Bishop	Cluster	un	2978088	9	0.500000000	2.06667	0.17791	24.00734	0.31527	0.01695	-1.00000	-1.00000
6930	Bishop	Cluster	un	2980947	439	0.480000000	0.44444	0.03787	5.21605	0.35218	0.02211	-1.00000	-1.00000
6932	Bishop	Cluster	un	2981303	36	0.144977827	0.36842	0.11326	1.19840	0.43366	0.05642	-1.00000	-1.00000
6934	Bishop	Cluster	un	2982914	97	0.000002304	33.14286	3.98367	275.73810	1.52039	0.36585	-1.00000	-1.00000
6944	Bishop	Cluster	un	2986497	382	0.500000000	2.07692	0.17741	24.31412	0.31742	0.01961	-1.00000	-1.00000
6948	Bishop	Cluster	un	2987720	33	0.464285714	0.41935	0.03596	4.89101	0.37742	0.02098	-1.00000	-1.00000
6951	Bishop	Cluster	un	2988996	470	1.000000000	1.78571	0.15251	20.90852	0.25181	0.01681	-1.00000	-1.00000
6954	Bishop	Cluster	un	2990237	125	0.500000000	2.06667	0.17791	24.00734	0.31527	0.01695	-1.00000	-1.00000
6975	Bishop	Cluster	un	2998673	38	0.500000000	2.06667	0.17791	24.00734	0.31527	0.01695	-1.00000	-1.00000
6979	Bishop	Cluster	un	2999585	149	0.000080714	21.75000	2.58629	182.91176	1.33746	0.27549	-1.00000	-1.00000
6982	Bishop	Cluster	un	3000985	28	0.118644068	0.22581	0.02380	2.14269	0.64626	0.05263	-1.00000	-1.00000
6984	Bishop	Cluster	un	3001818	98	0.500000000	0.48387	0.04165	5.62086	0.31527	0.01695	-1.00000	-1.00000
6992	Bishop	Cluster	un	3006742	56	0.500000000	0.48387	0.04165	5.62086	0.31527	0.01695	-1.00000	-1.00000
6998	Bishop	Cluster	un	3008650	325	0.115317596	5.00000	0.54722	45.68572	0.69897	0.06667	-1.00000	-1.00000
7020	Bishop	Cluster	un	3016537	17	0.066343862	5.15789	0.96515	27.56460	0.71247	0.07566	-1.00000	-1.00000
7035	Bishop	Cluster	un	3024513	10	0.000000109	46.50000	5.57532	387.82544	1.66745	0.44425	-1.00000	-1.00000
7050	Bishop	Cluster	un	3031169	37	0.387598405	1.78095	0.55011	5.76574	0.25065	0.01871	-1.00000	-1.00000
7053	Bishop	Cluster	un	3033255	376	0.464285714	0.41935	0.03596	4.89101	0.37742	0.02098	-1.00000	-1.00000
7055	Bishop	Cluster	un	3033758	147	0.002620843	6.33333	1.87415	21.40229	0.80163	0.18286	-1.00000	-1.00000
7060	Bishop	Cluster	un	3036092	7	0.000000513	41.72727	4.93302	352.96133	1.62042	0.44444	-1.00000	-1.00000
7062	Bishop	Cluster	un	3036920	26	0.211038961	0.26882	0.02632	2.74562	0.57054	0.04274	-1.00000	-1.00000
7072	Bishop	Cluster	un	3040977	113	0.081599742	0.17742	0.01854	1.69757	0.75100	0.07353	-1.00000	-1.00000
7073	Bishop	Cluster	un	3041775	73	0.245454545	0.31034	0.03040	3.16783	0.50816	0.03704	-1.00000	-1.00000
7076	Bishop	Cluster	un	3043315	45	0.491833031	3.00000	0.29452	30.55776	0.47712	0.03333	-1.00000	-1.00000
7077	Bishop	Cluster	un	3044173	107	0.444444444	2.58333	0.22094	30.20541	0.41218	0.02358	-1.00000	-1.00000
7082	Bishop	Cluster	un	3046632	66	0.168648998	0.18519	0.01920	1.78596	0.73239	0.04904	-1.00000	-1.00000
7083	Bishop	Cluster	un	3047473	124	0.002090995	10.28571	2.00389	52.79523	1.01223	0.18797	-1.00000	-1.00000
7086	Bishop	Cluster	un	3048992	32	0.482758621	0.45161	0.03880	5.25593	0.34523	0.01880	-1.00000	-1.00000
7089	Bishop	Cluster	un	3050553	9	0.048259363	0.16129	0.01768	1.47141	0.79239	0.07937	-1.00000	-1.00000
7093	Bishop	Cluster	un	3053044	63	0.051876516	6.75000	0.75749	60.14915	0.82930	0.09475	-1.00000	-1.00000
7099	Bishop	Cluster	un	3057125	75	1.000000000	0.51724	0.04445	6.01898	0.28631	0.01637	-1.00000	-1.00000
7102	Bishop	Cluster	un	3059625	134	0.245762712	3.20690	0.31542	32.60509	0.50608	0.03448	-1.00000	-1.00000
7106	Bishop	Cluster	un	3062451	44	0.000000631	28.11111	6.24651	126.50822	1.44888	0.45120	-1.00000	-1.00000
7108	Bishop	Cluster	un	3063290	24	0.237749546	0.24138	0.02539	2.29481	0.61730	0.05091	-1.00000	-1.00000
7109	Bishop	Cluster	un	3064181	120	0.261291423	2.00000	0.62295	6.42104	0.30103	0.02857	-1.00000	-1.00000
7116	Bishop	Cluster	un	3068307	103	0.227113906	3.48000	0.34009	35.60907	0.54158	0.04142	-1.00000	-1.00000
7117	Bishop	Cluster	un	3069099	52	0.162725793	0.40580	0.13113	1.25574	0.39169	0.04321	-1.00000	-1.00000
7121	Bishop	Cluster	un	3070806	57	1.000000000	1.00000	0.13002	7.69086	0.00000	0.00000	-1.00000	-1.00000
7126	Bishop	Cluster	un	3073321	67	0.491264850	3.00000	0.29328	30.68711	0.47712	0.03571	-1.00000	-1.00000
7131	Bishop	Cluster	un	3074176	61	0.192872117	0.24731	0.02414	2.53324	0.60676	0.04808	-1.00000	-1.00000
7132	Bishop	Cluster	un	3074874	101	1.000000000	0.51852	0.04439	6.05718	0.28524	0.01752	-1.00000	-1.00000
7133	Bishop	Cluster	un	3075853	235	0.228675136	0.29032	0.02849	2.95801	0.53712	0.03827	-1.00000	-1.00000
7139	Bishop	Cluster	un	3077382	122	0.000000000	241.66667	23.61758	2472.85181	2.38322	0.86154	-1.00000	-1.00000
7144	Bishop	Cluster	un	3078673	21	0.112518819	0.40000	0.13248	1.20772	0.39794	0.04813	-1.00000	-1.00000
7146	Bishop	Cluster	un	3079916	22	0.000251499	0.05572	0.00665	0.46667	1.25400	0.22321	-1.00000	-1.00000
7151	Bishop	Cluster	un	3082507	16	0.000379114	8.91837	2.65645	29.94117	0.95029	0.24744	-1.00000	-1.00000
7152	Bishop	Cluster	un	3083468	95	0.062425235	4.05263	0.98010	16.75732	0.60774	0.07509	-1.00000	-1.00000
7166	Bishop	Cluster	un	3090859	132	0.000000000	841.00000	50.16650	14098.67188	2.92480	1.00000	-1.00000	-1.00000
7175	Bishop	Cluster	un	3094537	110	1.000000000	0.52000	0.04432	6.10163	0.28400	0.00517	-1.00000	-1.00000
7183	Bishop	Cluster	un	3098191	526	0.500000000	0.48000	0.04081	5.64636	0.31876	0.02128	-1.00000	-1.00000
7187	Bishop	Cluster	un	3099393	118	0.491833031	3.00000	0.29452	30.55776	0.47712	0.03333	-1.00000	-1.00000
7188	Bishop	Cluster	un	3100424	314	1.000000000	1.80000	0.15437	20.98797	0.25527	0.01576	-1.00000	-1.00000
7190	Bishop	Cluster	un	3101030	134	0.482758621	2.21429	0.19026	25.77014	0.34523	0.01880	-1.00000	-1.00000
7194	Bishop	Cluster	un	3103377	65	0.000005460	31.15385	3.70346	262.06906	1.49351	0.36842	-1.00000	-1.00000
7197	Bishop	Cluster	un	3104442	433	0.481481481	2.23077	0.19093	26.06312	0.34845	0.02032	-1.00000	-1.00000
7202	Bishop	Cluster	un	3107593	481	0.464285714	0.41935	0.03596	4.89101	0.37742	0.02098	-1.00000	-1.00000
7209	Bishop	Cluster	un	3109574	107	0.002287531	0.08244	0.00975	0.69737	1.08388	0.15385	-1.00000	-1.00000
7230	Bishop	Cluster	un	3115304	138	0.048259363	0.16129	0.01768	1.47141	0.79239	0.07937	-1.00000	-1.00000
7233	Bishop	Cluster	un	3116968	304	0.228675136	0.29032	0.02849	2.95801	0.53712	0.03827	-1.00000	-1.00000
7234	Bishop	Cluster	un	3117590	83	0.005105438	10.54545	1.22656	90.66576	1.02307	0.14286	-1.00000	-1.00000
7237	Bishop	Cluster	un	3118890	87	0.481481481	2.23077	0.19093	26.06312	0.34845	0.02032	-1.00000	-1.00000
7238	Bishop	Cluster	un	3119693	20	0.000000007	62.00000	7.35951	522.31744	1.79239	0.52198	-1.00000	-1.00000
7242	Bishop	Cluster	un	3122235	75	0.016311460	11.94118	1.35095	105.54920	1.07705	0.13057	-1.00000	-1.00000
7243	Bishop	Cluster	un	3123449	396	0.491264850	0.33333	0.03259	3.40968	0.47712	0.03571	-1.00000	-1.00000
7245	Bishop	Cluster	un	3123908	20	0.000054482	22.17647	2.66115	184.80547	1.34589	0.27273	-1.00000	-1.00000
7248	Bishop	Cluster	un	3126427	88	0.093795094	0.19355	0.02029	1.84594	0.71321	0.06531	-1.00000	-1.00000
7249	Bishop	Cluster	un	3127127	25	0.048259363	0.16129	0.01768	1.47141	0.79239	0.07937	-1.00000	-1.00000
7251	Bishop	Cluster	un	3127911	15	0.000521867	0.05926	0.00693	0.50704	1.22724	0.23780	-1.00000	-1.00000
7253	Bishop	Cluster	un	3128815	124	0.055222089	0.17037	0.01854	1.56542	0.76861	0.08333	-1.00000	-1.00000
7254	Bishop	Cluster	un	3129440	13	0.000000000	142.60001	15.58413	1304.83789	2.15412	0.74661	-1.00000	-1.00000
7263	Bishop	Cluster	un	3134559	358	0.245762712	0.31183	0.03067	3.17041	0.50608	0.03448	-1.00000	-1.00000
7264	Bishop	Cluster	un	3135357	331	0.480000000	0.44444	0.03787	5.21605	0.35218	0.02211	-1.00000	-1.00000
7271	Bishop	Cluster	un	3139146	16	0.007090887	0.09677	0.01108	0.84530	1.01424	0.13846	-1.00000	-1.00000
7282	Bishop	Cluster	un	3143271	80	0.500000000	0.48387	0.04165	5.62086	0.31527	0.01695	-1.00000	-1.00000
7293	Bishop	Cluster	un	3147124	108	0.112015456	0.18519	0.02022	1.69642	0.73239	0.07429	-1.00000	-1.00000
7296	Bishop	Cluster	un	3148107	277	1.000000000	0.51724	0.04445	6.01898	0.28631	0.01637	-1.00000	-1.00000
7300	Bishop	Cluster	un	3149728	415	0.500000000	0.48276	0.04141	5.62819	0.31627	0.01818	-1.00000	-1.00000
7306	Bishop	Cluster	un	3151861	69	1.000000000	0.55556	0.04765	6.47777	0.25527	0.01576	-1.00000	-1.00000
7310	Bishop	Cluster	un	3152737	136	0.087132708	4.71429	0.91015	24.41861	0.67342	0.07146	-1.00000	-1.00000
7315	Bishop	Cluster	un	3155534	102	0.040703531	0.14839	0.01622	1.35779	0.82860	0.08876	-1.00000	-1.00000
7317	Bishop	Cluster	un	3156858	20	1.000000000	0.51724	0.04445	6.01898	0.28631	0.01637	-1.00000	-1.00000
7325	Bishop	Cluster	un	3160835	142	0.500000000	2.06667	0.17791	24.00734	0.31527	0.01695	-1.00000	-1.00000
7327	Bishop	Cluster	un	3161555	26	0.500000000	0.48276	0.04141	5.62819	0.31627	0.01818	-1.00000	-1.00000
7332	Bishop	Cluster	un	3163912	39	0.002836355	0.08065	0.00936	0.69479	1.09342	0.16484	-1.00000	-1.00000
7337	Bishop	Cluster	un	3166260	26	0.245762712	0.31183	0.03067	3.17041	0.50608	0.03448	-1.00000	-1.00000
7354	Bishop	Cluster	un	3175228	433	1.000000000	1.00000	0.05944	16.82259	0.00000	0.00000	-1.00000	-1.00000
7356	Bishop	Cluster	un	3176499	57	0.006332160	0.10222	0.01200	0.87077	0.99045	0.13913	-1.00000	-1.00000
7359	Bishop	Cluster	un	3178094	25	1.000000000	1.17949	0.23845	5.83421	0.07169	0.00073	-1.00000	-1.00000
7366	Bishop	Cluster	un	3180562	151	0.676628011	0.64286	0.09951	4.15313	0.19189	0.00364	-1.00000	-1.00000
7373	Bishop	Cluster	un	3185220	18	0.106170599	0.20968	0.02205	1.99431	0.67845	0.05844	-1.00000	-1.00000
7374	Bishop	Cluster	un	3185982	10	0.493506494	2.79310	0.27363	28.51051	0.44609	0.03210	-1.00000	-1.00000
7380	Bishop	Cluster	un	3190295	73	0.048259363	6.20000	0.67962	56.56101	0.79239	0.07937	-1.00000	-1.00000
7384	Bishop	Cluster	un	3192766	166	0.500000000	0.48000	0.04081	5.64636	0.31876	0.02128	-1.00000	-1.00000
7387	Bishop	Cluster	un	3194349	32	0.493506494	2.79310	0.27363	28.51051	0.44609	0.03210	-1.00000	-1.00000
7391	Bishop	Cluster	un	3195922	55	0.000000151	49.60000	5.82182	422.57568	1.69548	0.48077	-1.00000	-1.00000
7392	Bishop	Cluster	un	3196726	30	0.118644068	0.22581	0.02380	2.14269	0.64626	0.05263	-1.00000	-1.00000
7395	Bishop	Cluster	un	3199002	46	0.482758621	0.45161	0.03880	5.25593	0.34523	0.01880	-1.00000	-1.00000
7403	Bishop	Cluster	un	3201431	62	1.000000000	0.69444	0.10651	4.52767	0.15836	0.00271	-1.00000	-1.00000
7405	Bishop	Cluster	un	3202798	46	0.721015056	0.69091	0.16190	2.94850	0.16058	0.00502	-1.00000	-1.00000
7409	Bishop	Cluster	un	3205214	82	1.000000000	1.93333	0.16614	22.49763	0.28631	0.01637	-1.00000	-1.00000
7425	Bishop	Cluster	un	3211729	155	0.500000000	2.06667	0.17791	24.00734	0.31527	0.01695	-1.00000	-1.00000
7428	Bishop	Cluster	un	3213378	149	0.091583710	0.18966	0.01978	1.81808	0.72204	0.07143	-1.00000	-1.00000
7431	Bishop	Cluster	un	3215658	84	0.500000000	0.48387	0.04165	5.62086	0.31527	0.01695	-1.00000	-1.00000
7438	Bishop	Cluster	un	3219889	124	0.003714274	0.08621	0.00999	0.74418	1.06446	0.16039	-1.00000	-1.00000
7464	Bishop	Cluster	un	3227977	9	0.106170599	0.20968	0.02205	1.99431	0.67845	0.05844	-1.00000	-1.00000
7465	Bishop	Cluster	un	3229034	240	0.444444444	0.38710	0.03311	4.52610	0.41218	0.02358	-1.00000	-1.00000
7470	Bishop	Cluster	un	3231327	132	0.500000000	0.48387	0.04165	5.62086	0.31527	0.01695	-1.00000	-1.00000
7477	Bishop	Cluster	un	3233664	28	0.000827301	15.19048	1.81826	126.90756	1.18157	0.19444	-1.00000	-1.00000
7478	Bishop	Cluster	un	3234422	13	0.000000000	135.00000	14.73692	1236.68982	2.13033	0.74286	-1.00000	-1.00000
7481	Bishop	Cluster	un	3236177	172	0.500000000	2.07143	0.17768	24.14955	0.31627	0.01818	-1.00000	-1.00000
7485	Bishop	Cluster	un	3237754	116	1.000000000	0.51724	0.04445	6.01898	0.28631	0.01637	-1.00000	-1.00000
7486	Bishop	Cluster	un	3238594	153	0.618644068	0.48276	0.04141	5.62819	0.31627	0.00585	-1.00000	-1.00000
7489	Bishop	Cluster	un	3240104	85	0.004916860	10.80000	1.24824	93.44380	1.03342	0.15556	-1.00000	-1.00000
7497	Bishop	Cluster	un	3244886	87	0.211038961	3.72000	0.36422	37.99496	0.57054	0.04274	-1.00000	-1.00000
7498	Bishop	Cluster	un	3245643	51	0.026092774	7.15385	0.80847	63.30171	0.85454	0.09091	-1.00000	-1.00000
7520	Bishop	Cluster	un	3249792	86	0.013439958	0.10753	0.01203	0.96116	0.96848	0.12755	-1.00000	-1.00000
7545	Bishop	Cluster	un	3263524	22	0.245762712	0.31183	0.03067	3.17041	0.50608	0.03448	-1.00000	-1.00000
7555	Bishop	Cluster	un	3268976	50	0.000002252	36.16667	4.27468	305.99435	1.55831	0.39634	-1.00000	-1.00000
7565	Bishop	Cluster	un	3273142	152	0.000000000	300.00000	25.50314	3528.97705	2.47712	0.78370	-1.00000	-1.00000
7572	Bishop	Cluster	un	3277285	133	0.444444444	0.38710	0.03311	4.52610	0.41218	0.02358	-1.00000	-1.00000
7573	Bishop	Cluster	un	3278319	379	0.227113906	0.28736	0.02808	2.94037	0.54158	0.04142	-1.00000	-1.00000
7586	Bishop	Cluster	un	3285364	138	0.245762712	0.31183	0.03067	3.17041	0.50608	0.03448	-1.00000	-1.00000
7593	Bishop	Cluster	un	3289110	107	0.500000000	2.06667	0.17791	24.00734	0.31527	0.01695	-1.00000	-1.00000
7600	Bishop	Cluster	un	3290727	87	0.118644068	4.42857	0.46670	42.02293	0.64626	0.05263	-1.00000	-1.00000
7602	Bishop	Cluster	un	3291557	57	0.026092774	7.15385	0.80847	63.30171	0.85454	0.09091	-1.00000	-1.00000
7605	Bishop	Cluster	un	3294169	299	0.106170599	4.76923	0.50143	45.36166	0.67845	0.05844	-1.00000	-1.00000
7611	Bishop	Cluster	un	3297189	57	0.500000000	0.48387	0.04165	5.62086	0.31527	0.01695	-1.00000	-1.00000
7614	Bishop	Cluster	un	3298801	32	0.009307886	9.43478	1.08411	82.10883	0.97473	0.12363	-1.00000	-1.00000
7620	Bishop	Cluster	un	3301472	270	0.493212670	0.36000	0.03511	3.69147	0.44370	0.03429	-1.00000	-1.00000
7627	Bishop	Cluster	un	3302985	136	0.228675136	3.44444	0.33807	35.09441	0.53712	0.03827	-1.00000	-1.00000
7628	Bishop	Cluster	un	3303655	50	0.446558198	0.45600	0.09672	2.14996	0.34104	0.01955	-1.00000	-1.00000
7641	Bishop	Cluster	un	3307562	100	0.429584916	1.60000	0.55098	4.64624	0.20412	0.01340	-1.00000	-1.00000
7647	Bishop	Cluster	un	3311176	60	0.118644068	4.42857	0.46670	42.02293	0.64626	0.05263	-1.00000	-1.00000
7654	Bishop	Cluster	un	3316304	133	0.000446292	23.00000	2.72013	194.47568	1.36173	0.25435	-1.00000	-1.00000
7663	Bishop	Cluster	un	3321081	56	0.245098039	0.30864	0.03010	3.16484	0.51055	0.04000	-1.00000	-1.00000
7665	Bishop	Cluster	un	3322027	447	1.000000000	0.51852	0.04439	6.05718	0.28524	0.01752	-1.00000	-1.00000
7667	Bishop	Cluster	un	3322456	33	1.000000000	0.51852	0.04439	6.05718	0.28524	0.01752	-1.00000	-1.00000
7683	Bishop	Cluster	un	3328825	20	0.481481481	2.23077	0.19093	26.06312	0.34845	0.02032	-1.00000	-1.00000
7687	Bishop	Cluster	un	3331292	38	0.500000000	0.48387	0.04165	5.62086	0.31527	0.01695	-1.00000	-1.00000
7689	Bishop	Cluster	un	3332415	430	0.500000000	0.48148	0.04113	5.63661	0.31742	0.01961	-1.00000	-1.00000
7699	Bishop	Cluster	un	3336185	66	0.500000000	0.48387	0.04165	5.62086	0.31527	0.01695	-1.00000	-1.00000
7705	Bishop	Cluster	un	3340096	39	0.237749546	0.24138	0.02539	2.29481	0.61730	0.05091	-1.00000	-1.00000
7708	Bishop	Cluster	un	3342461	29	0.500000000	0.48387	0.04165	5.62086	0.31527	0.01695	-1.00000	-1.00000
7715	Bishop	Cluster	un	3345933	269	1.000000000	1.92857	0.16509	22.52900	0.28524	0.01752	-1.00000	-1.00000
7726	Bishop	Cluster	un	3350445	74	0.000000001	88.71429	10.15067	775.34015	1.94799	0.63839	-1.00000	-1.00000
7732	Bishop	Cluster	un	3352154	47	1.000000000	1.93333	0.16614	22.49763	0.28631	0.01637	-1.00000	-1.00000
7735	Bishop	Cluster	un	3353807	123	0.565303853	1.65000	0.52785	5.15773	0.21748	0.01435	-1.00000	-1.00000
7740	Bishop	Cluster	un	3356192	90	0.000006396	21.00000	4.77265	92.40150	1.32222	0.39062	-1.00000	-1.00000
7745	Bishop	Cluster	un	3359526	25	0.000001664	35.76923	4.27051	299.59866	1.55351	0.38462	-1.00000	-1.00000
7755	Bishop	Cluster	un	3362853	79	0.500000000	2.06667	0.17791	24.00734	0.31527	0.01695	-1.00000	-1.00000
7757	Bishop	Cluster	un	3363572	47	0.118644068	4.42857	0.46670	42.02293	0.64626	0.05263	-1.00000	-1.00000
7762	Bishop	Cluster	un	3366828	101	0.500000000	0.48387	0.04165	5.62086	0.31527	0.01695	-1.00000	-1.00000
7764	Bishop	Cluster	un	3368786	358	0.192872117	0.24731	0.02414	2.53324	0.60676	0.04808	-1.00000	-1.00000
7774	Bishop	Cluster	un	3374373	305	0.228675136	0.29032	0.02849	2.95801	0.53712	0.03827	-1.00000	-1.00000
7784	Bishop	Cluster	un	3378529	335	1.000000000	0.85185	0.05042	14.39326	0.06964	0.00024	-1.00000	-1.00000
7792	Bishop	Cluster	un	3382183	119	0.675814751	0.64103	0.09864	4.16567	0.19312	0.00392	-1.00000	-1.00000
7805	Bishop	Cluster	un	3386927	140	0.008914258	0.10345	0.01182	0.90538	0.98528	0.13462	-1.00000	-1.00000
7806	Bishop	Cluster	un	3387838	229	0.496855346	2.58621	0.25274	26.46334	0.41266	0.03077	-1.00000	-1.00000
7807	Bishop	Cluster	un	3388502	133	0.021448606	7.75000	0.87337	68.77064	0.88930	0.10108	-1.00000	-1.00000
7818	Bishop	Cluster	un	3393167	104	0.482758621	2.21429	0.19026	25.77014	0.34523	0.01880	-1.00000	-1.00000
7823	Bishop	Cluster	un	3396397	144	0.000000000	899.00000	53.70762	15048.16211	2.95376	1.00000	-1.00000	-1.00000
7828	Bishop	Cluster	un	3400138	7	0.245762712	3.20690	0.31542	32.60509	0.50608	0.03448	-1.00000	-1.00000
7831	Bishop	Cluster	un	3402409	9	0.000034113	0.04218	0.00507	0.35083	1.37486	0.27950	-1.00000	-1.00000
7837	Bishop	Cluster	un	3405853	309	1.000000000	1.66667	0.14261	19.47836	0.22185	0.01509	-1.00000	-1.00000
7839	Bishop	Cluster	un	3406313	7	0.010399967	0.10185	0.01182	0.87768	0.99203	0.13830	-1.00000	-1.00000
7841	Bishop	Cluster	un	3407503	432	0.480000000	2.25000	0.19172	26.40626	0.35218	0.02211	-1.00000	-1.00000
7844	Bishop	Cluster	un	3408627	65	0.106170599	0.20968	0.02205	1.99431	0.67845	0.05844	-1.00000	-1.00000
7848	Bishop	Cluster	un	3411066	155	0.000000002	68.20000	8.12873	572.19788	1.83378	0.53846	-1.00000	-1.00000
7852	Bishop	Cluster	un	3411845	149	0.033599894	0.13548	0.01475	1.24418	0.86811	0.10000	-1.00000	-1.00000
7861	Bishop	Cluster	un	3415082	102	0.056199822	0.17419	0.01914	1.58503	0.75897	0.07143	-1.00000	-1.00000
7867	Bishop	Cluster	un	3415903	75	0.000000190	35.75000	6.86397	186.19872	1.55328	0.45100	-1.00000	-1.00000
7871	Bishop	Cluster	un	3417605	130	0.000000000	134.33333	15.18126	1188.66528	2.12818	0.71429	-1.00000	-1.00000
7873	Bishop	Cluster	un	3419325	164	0.208144796	0.26437	0.02576	2.71292	0.57779	0.04667	-1.00000	-1.00000
7879	Bishop	Cluster	un	3421626	55	0.033599894	0.13548	0.01475	1.24418	0.86811	0.10000	-1.00000	-1.00000
7888	Bishop	Cluster	un	3425634	14	0.000002199	32.86666	3.98086	271.35257	1.51676	0.35556	-1.00000	-1.00000
7896	Bishop	Cluster	un	3429119	27	0.500000000	0.48387	0.04165	5.62086	0.31527	0.01695	-1.00000	-1.00000
7902	Bishop	Cluster	un	3432350	109	0.000368554	16.78947	2.00057	140.90321	1.22504	0.21739	-1.00000	-1.00000
7904	Bishop	Cluster	un	3433857	31	0.482758621	0.45161	0.03880	5.25593	0.34523	0.01880	-1.00000	-1.00000
7914	Bishop	Cluster	un	3439454	16	0.000012389	28.84615	3.41998	243.30547	1.46009	0.35897	-1.00000	-1.00000
7920	Bishop	Cluster	un	3443037	447	0.480000000	0.44444	0.03787	5.21605	0.35218	0.02211	-1.00000	-1.00000
7930	Bishop	Cluster	un	3447654	81	0.245762712	0.31183	0.03067	3.17041	0.50608	0.03448	-1.00000	-1.00000
7952	Bishop	Cluster	un	3458100	322	0.482758621	0.45161	0.03880	5.25593	0.34523	0.01880	-1.00000	-1.00000
7961	Bishop	Cluster	un	3462104	260	0.482758621	0.45161	0.03880	5.25593	0.34523	0.01880	-1.00000	-1.00000
7975	Bishop	Cluster	un	3467186	105	0.500000000	0.48387	0.04165	5.62086	0.31527	0.01695	-1.00000	-1.00000
7983	Bishop	Cluster	un	3469488	60	0.106625629	5.95238	0.64385	55.02943	0.77469	0.05797	-1.00000	-1.00000
7986	Bishop	Cluster	un	3469998	11	0.237749546	4.14286	0.43577	39.38647	0.61730	0.05091	-1.00000	-1.00000
7992	Bishop	Cluster	un	3472409	91	0.118644068	0.22581	0.02380	2.14269	0.64626	0.05263	-1.00000	-1.00000
7993	Bishop	Cluster	un	3473097	45	0.056199822	0.17419	0.01914	1.58503	0.75897	0.07143	-1.00000	-1.00000
7996	Bishop	Cluster	un	3475538	135	0.001369902	0.06996	0.00812	0.60257	1.15516	0.20635	-1.00000	-1.00000
8002	Bishop	Cluster	un	3478715	58	0.237749546	0.24138	0.02539	2.29481	0.61730	0.05091	-1.00000	-1.00000
8007	Bishop	Cluster	un	3480413	114	0.236897275	0.24074	0.02521	2.29910	0.61845	0.05462	-1.00000	-1.00000
8014	Bishop	Cluster	un	3484287	23	0.358865248	3.28571	0.31674	34.08422	0.51663	0.02273	-1.00000	-1.00000
8025	Bishop	Cluster	un	3489100	11	0.245762712	3.20690	0.31542	32.60509	0.50608	0.03448	-1.00000	-1.00000
8029	Bishop	Cluster	un	3489820	93	0.112015456	5.40000	0.58948	49.46759	0.73239	0.07429	-1.00000	-1.00000
8050	Bishop	Cluster	un	3497178	122	0.245762712	3.20690	0.31542	32.60509	0.50608	0.03448	-1.00000	-1.00000
8052	Bishop	Cluster	un	3498161	252	0.227113906	3.48000	0.34009	35.60907	0.54158	0.04142	-1.00000	-1.00000
8053	Bishop	Cluster	un	3498794	34	0.500000000	2.06667	0.17791	24.00734	0.31527	0.01695	-1.00000	-1.00000
8055	Bishop	Cluster	un	3500623	216	0.227113906	0.28736	0.02808	2.94037	0.54158	0.04142	-1.00000	-1.00000
8067	Bishop	Cluster	un	3506083	14	1.000000000	1.93333	0.16614	22.49763	0.28631	0.01637	-1.00000	-1.00000
8070	Bishop	Cluster	un	3508090	343	0.245762712	0.31183	0.03067	3.17041	0.50608	0.03448	-1.00000	-1.00000
8077	Bishop	Cluster	un	3512008	61	0.464285714	0.41935	0.03596	4.89101	0.37742	0.02098	-1.00000	-1.00000
8083	Bishop	Cluster	un	3515129	47	0.000000000	225.00000	21.94246	2307.17041	2.35218	0.73846	-1.00000	-1.00000
8086	Bishop	Cluster	un	3515951	102	0.118644068	0.22581	0.02380	2.14269	0.64626	0.05263	-1.00000	-1.00000
8099	Bishop	Cluster	un	3524610	22	0.245762712	3.20690	0.31542	32.60509	0.50608	0.03448	-1.00000	-1.00000
8106	Bishop	Cluster	un	3529031	255	0.444444444	0.38710	0.03311	4.52610	0.41218	0.02358	-1.00000	-1.00000
8108	Bishop	Cluster	un	3529819	232	0.236897275	4.15385	0.43495	39.66973	0.61845	0.05462	-1.00000	-1.00000
8110	Bishop	Cluster	un	3531506	332	0.491833031	3.00000	0.29452	30.55776	0.47712	0.03333	-1.00000	-1.00000
8113	Bishop	Cluster	un	3532884	16	0.096822244	0.15862	0.01730	1.45424	0.79964	0.05679	-1.00000	-1.00000
8128	Bishop	Cluster	un	3540063	27	0.117647059	4.50000	0.46992	43.09288	0.65321	0.06122	-1.00000	-1.00000
8133	Bishop	Cluster	un	3541762	63	0.093795094	0.19355	0.02029	1.84594	0.71321	0.06531	-1.00000	-1.00000
8138	Bishop	Cluster	un	3543521	196	1.000000000	1.80000	0.15437	20.98797	0.25527	0.01576	-1.00000	-1.00000
8139	Bishop	Cluster	un	3544293	158	0.228675136	3.44444	0.33807	35.09441	0.53712	0.03827	-1.00000	-1.00000
8146	Bishop	Cluster	un	3545969	154	0.000003037	40.50000	4.83497	339.24695	1.60746	0.36096	-1.00000	-1.00000
8150	Bishop	Cluster	un	3546808	183	1.000000000	1.78571	0.15251	20.90852	0.25181	0.01681	-1.00000	-1.00000
8151	Bishop	Cluster	un	3547335	49	0.047272578	0.15862	0.01730	1.45424	0.79964	0.08615	-1.00000	-1.00000
8156	Bishop	Cluster	un	3548869	65	0.245762712	0.31183	0.03067	3.17041	0.50608	0.03448	-1.00000	-1.00000
8170	Bishop	Cluster	un	3552140	110	0.112852665	0.18621	0.02042	1.69763	0.73000	0.06914	-1.00000	-1.00000
8174	Bishop	Cluster	un	3553598	47	0.118644068	4.42857	0.46670	42.02293	0.64626	0.05263	-1.00000	-1.00000
8194	Bishop	Cluster	un	3560490	26	0.500000000	0.48387	0.04165	5.62086	0.31527	0.01695	-1.00000	-1.00000
8204	Bishop	Cluster	un	3563562	10	0.500000000	2.07143	0.17768	24.14955	0.31627	0.01818	-1.00000	-1.00000
8212	Bishop	Cluster	un	3566765	37	0.000001431	25.20000	5.97448	106.29211	1.40140	0.44383	-1.00000	-1.00000
8228	Bishop	Cluster	un	3573070	11	0.000000000	116.00000	13.04689	1031.35706	2.06446	0.69697	-1.00000	-1.00000
8235	Bishop	Cluster	un	3576393	77	0.028796862	3.75325	1.17437	11.99526	0.57441	0.09953	-1.00000	-1.00000
8238	Bishop	Cluster	un	3577131	19	0.106170599	0.20968	0.02205	1.99431	0.67845	0.05844	-1.00000	-1.00000
8242	Bishop	Cluster	un	3578815	24	0.245762712	0.31183	0.03067	3.17041	0.50608	0.03448	-1.00000	-1.00000
8244	Bishop	Cluster	un	3579654	80	0.240259740	3.85714	0.40483	36.75010	0.58627	0.04906	-1.00000	-1.00000
8246	Bishop	Cluster	un	3580409	93	0.000887643	19.71428	2.30676	168.48402	1.29478	0.22870	-1.00000	-1.00000
8249	Bishop	Cluster	un	3582850	193	1.000000000	0.85185	0.05042	14.39326	0.06964	0.00024	-1.00000	-1.00000
8251	Bishop	Cluster	un	3583460	45	0.118644068	0.22581	0.02380	2.14269	0.64626	0.05263	-1.00000	-1.00000
8255	Bishop	Cluster	un	3585273	363	0.618181818	0.48148	0.04113	5.63661	0.31742	0.00629	-1.00000	-1.00000
8258	Bishop	Cluster	un	3586604	157	0.017220725	0.11828	0.01329	1.05307	0.92709	0.11312	-1.00000	-1.00000
8265	Bishop	Cluster	un	3590786	276	0.482758621	0.45161	0.03880	5.25593	0.34523	0.01880	-1.00000	-1.00000
8272	Bishop	Cluster	un	3594343	7	0.025310124	7.36364	0.82361	65.83572	0.86709	0.10638	-1.00000	-1.00000
8277	Bishop	Cluster	un	3596783	30	0.000041324	0.04023	0.00475	0.34105	1.39545	0.31301	-1.00000	-1.00000
8281	Bishop	Cluster	un	3598860	434	1.000000000	0.51724	0.04445	6.01898	0.28631	0.01637	-1.00000	-1.00000
8286	Bishop	Cluster	un	3599272	31	1.000000000	0.51724	0.04445	6.01898	0.28631	0.01637	-1.00000	-1.00000
8289	Bishop	Cluster	un	3601004	108	0.106170599	0.20968	0.02205	1.99431	0.67845	0.05844	-1.00000	-1.00000
8293	Bishop	Cluster	un	3602475	23	0.168648998	0.18519	0.01920	1.78596	0.73239	0.04904	-1.00000	-1.00000
8300	Bishop	Cluster	un	3606170	8	0.118644068	0.22581	0.02380	2.14269	0.64626	0.05263	-1.00000	-1.00000
8302	Bishop	Cluster	un	3607068	117	0.500000000	2.06667	0.17791	24.00734	0.31527	0.01695	-1.00000	-1.00000
8317	Bishop	Cluster	un	3613274	26	0.245762712	0.31183	0.03067	3.17041	0.50608	0.03448	-1.00000	-1.00000
8318	Bishop	Cluster	un	3614117	60	0.000000000	142.60001	15.58413	1304.83789	2.15412	0.74661	-1.00000	-1.00000
8337	Bishop	Cluster	un	3623744	22	0.000287906	10.38889	2.72818	39.56077	1.01657	0.25960	-1.00000	-1.00000
8346	Bishop	Cluster	un	3628792	137	0.005211412	0.08756	0.00998	0.76820	1.05771	0.15625	-1.00000	-1.00000
8360	Bishop	Cluster	un	3635235	222	0.482758621	0.45161	0.03880	5.25593	0.34523	0.01880	-1.00000	-1.00000
8362	Bishop	Cluster	un	3636693	21	0.245762712	0.31183	0.03067	3.17041	0.50608	0.03448	-1.00000	-1.00000
8371	Bishop	Cluster	un	3641245	23	1.000000000	0.95000	0.25107	3.59461	0.02228	0.00011	-1.00000	-1.00000
8372	Bishop	Cluster	un	3642139	79	0.000031385	14.92857	3.78088	58.94453	1.17402	0.33733	-1.00000	-1.00000
8389	Bishop	Cluster	un	3649325	43	0.115317596	5.00000	0.54722	45.68572	0.69897	0.06667	-1.00000	-1.00000
8390	Bishop	Cluster	un	3650183	17	0.011043619	5.00000	1.44748	17.27138	0.69897	0.14286	-1.00000	-1.00000
8394	Bishop	Cluster	un	3651059	112	0.007090887	0.09677	0.01108	0.84530	1.01424	0.13846	-1.00000	-1.00000
8397	Bishop	Cluster	un	3651897	106	0.000648604	0.06452	0.00766	0.54351	1.19033	0.19679	-1.00000	-1.00000
8422	Bishop	Cluster	un	3667021	43	0.245762712	3.20690	0.31542	32.60509	0.50608	0.03448	-1.00000	-1.00000
8423	Bishop	Cluster	un	3667862	88	0.011437374	9.09091	1.05219	78.54564	0.95861	0.13333	-1.00000	-1.00000
8426	Bishop	Cluster	un	3668693	152	0.000000029	36.00000	8.10512	159.89885	1.55630	0.49495	-1.00000	-1.00000
8427	Bishop	Cluster	un	3669431	30	0.013439958	0.10753	0.01203	0.96116	0.96848	0.12755	-1.00000	-1.00000
8432	Bishop	Cluster	un	3673600	327	0.228675136	3.44444	0.33807	35.09441	0.53712	0.03827	-1.00000	-1.00000
8439	Bishop	Cluster	un	3677190	35	0.228675136	3.44444	0.33807	35.09441	0.53712	0.03827	-1.00000	-1.00000
8442	Bishop	Cluster	un	3678059	51	0.001099811	0.06810	0.00798	0.58084	1.16685	0.19231	-1.00000	-1.00000
8460	Bishop	Cluster	un	3687374	41	0.000000014	49.50000	10.00065	245.00909	1.69461	0.56034	-1.00000	-1.00000
8466	Bishop	Cluster	un	3690396	25	1.000000000	1.00000	0.18072	5.53354	0.00000	0.00000	-1.00000	-1.00000
8475	Bishop	Cluster	un	3694482	61	0.464285714	0.41935	0.03596	4.89101	0.37742	0.02098	-1.00000	-1.00000
8486	Bishop	Cluster	un	3697508	47	0.228675136	0.29032	0.02849	2.95801	0.53712	0.03827	-1.00000	-1.00000
8496	Bishop	Cluster	un	3702444	42	0.725998226	0.70769	0.16944	2.95579	0.15016	0.00390	-1.00000	-1.00000
8504	Bishop	Cluster	un	3704769	21	0.000026077	0.03763	0.00445	0.31841	1.42441	0.31977	-1.00000	-1.00000
8509	Bishop	Cluster	un	3707304	28	0.118644068	4.42857	0.46670	42.02293	0.64626	0.05263	-1.00000	-1.00000
8514	Bishop	Cluster	un	3709698	84	0.020799934	0.12644	0.01417	1.12790	0.89813	0.10989	-1.00000	-1.00000
8518	Bishop	Cluster	un	3711175	75	1.000000000	0.90588	0.29832	2.75084	0.04293	0.00059	-1.00000	-1.00000
8524	Bishop	Cluster	un	3714324	202	0.464285714	0.41935	0.03596	4.89101	0.37742	0.02098	-1.00000	-1.00000
8525	Bishop	Cluster	un	3715115	64	1.000000000	0.92000	0.23546	3.59469	0.03621	0.00025	-1.00000	-1.00000
8536	Bishop	Cluster	un	3720906	130	0.000000475	41.33333	4.92482	346.90524	1.61630	0.42214	-1.00000	-1.00000
8539	Bishop	Cluster	un	3723473	213	0.117647059	4.50000	0.46992	43.09288	0.65321	0.06122	-1.00000	-1.00000
8541	Bishop	Cluster	un	3724161	14	0.055746141	0.17241	0.01886	1.57593	0.76343	0.07692	-1.00000	-1.00000
8542	Bishop	Cluster	un	3725105	128	0.245762712	3.20690	0.31542	32.60509	0.50608	0.03448	-1.00000	-1.00000
8545	Bishop	Cluster	un	3728029	474	1.000000000	0.55556	0.04765	6.47777	0.25527	0.01576	-1.00000	-1.00000
8546	Bishop	Cluster	un	3728507	144	0.500000000	0.48387	0.04165	5.62086	0.31527	0.01695	-1.00000	-1.00000
8551	Bishop	Cluster	un	3730380	355	0.464285714	0.41935	0.03596	4.89101	0.37742	0.02098	-1.00000	-1.00000
8552	Bishop	Cluster	un	3730794	79	0.000000000	465.00000	40.02943	5401.65088	2.66745	0.93548	-1.00000	-1.00000
8555	Bishop	Cluster	un	3731671	97	0.001954280	0.07258	0.00838	0.62842	1.13918	0.18617	-1.00000	-1.00000
8559	Bishop	Cluster	un	3733936	33	0.500000000	2.06667	0.17791	24.00734	0.31527	0.01695	-1.00000	-1.00000
8560	Bishop	Cluster	un	3735319	535	1.000000000	0.52000	0.04432	6.10163	0.28400	0.01884	-1.00000	-1.00000
8565	Bishop	Cluster	un	3736787	439	1.000000000	1.78571	0.15251	20.90852	0.25181	0.01681	-1.00000	-1.00000
8586	Bishop	Cluster	un	3746225	135	0.026092774	0.13978	0.01580	1.23690	0.85454	0.09091	-1.00000	-1.00000
8593	Bishop	Cluster	un	3750671	416	1.000000000	1.93333	0.16614	22.49763	0.28631	0.01637	-1.00000	-1.00000
8595	Bishop	Cluster	un	3751379	248	0.227113906	3.48000	0.34009	35.60907	0.54158	0.04142	-1.00000	-1.00000
8596	Bishop	Cluster	un	3752014	68	0.000088723	15.00000	3.51460	64.01875	1.17609	0.30625	-1.00000	-1.00000
8605	Bishop	Cluster	un	3755971	19	0.002287531	12.13043	1.43397	102.61572	1.08388	0.15385	-1.00000	-1.00000
8614	Bishop	Cluster	un	3759423	414	1.000000000	1.00000	0.05893	16.97048	0.00000	0.00000	-1.00000	-1.00000
8615	Bishop	Cluster	un	3760168	366	0.461538462	2.41667	0.20633	28.30581	0.38322	0.02288	-1.00000	-1.00000
8619	Bishop	Cluster	un	3761384	23	0.000000001	88.71429	10.15067	775.34015	1.94799	0.63839	-1.00000	-1.00000
8634	Bishop	Cluster	un	3768015	112	0.489262522	0.58462	0.13827	2.47182	0.23313	0.01000	-1.00000	-1.00000
8638	Bishop	Cluster	un	3770542	183	0.500000000	0.48148	0.04113	5.63661	0.31742	0.01961	-1.00000	-1.00000
8640	Bishop	Cluster	un	3771241	92	0.072885400	0.30435	0.08611	1.07564	0.51663	0.06864	-1.00000	-1.00000
8653	Bishop	Cluster	un	3777898	424	0.444444444	0.38710	0.03311	4.52610	0.41218	0.02358	-1.00000	-1.00000
8675	Bishop	Cluster	un	3785667	58	0.022757557	0.16239	0.03142	0.83920	0.78943	0.09899	-1.00000	-1.00000
8686	Bishop	Cluster	un	3790709	231	1.000000000	1.07407	0.06396	18.03732	0.03103	0.00004	-1.00000	-1.00000
8689	Bishop	Cluster	un	3792910	16	0.611542730	3.00000	0.29185	30.83754	0.47712	0.01717	-1.00000	-1.00000
8694	Bishop	Cluster	un	3794565	116	0.000000007	59.18182	7.09818	493.43481	1.77219	0.50000	-1.00000	-1.00000
8712	Bishop	Cluster	un	3802322	35	0.482758621	0.45161	0.03880	5.25593	0.34523	0.01880	-1.00000	-1.00000
8724	Bishop	Cluster	un	3808029	143	0.245762712	0.31183	0.03067	3.17041	0.50608	0.03448	-1.00000	-1.00000
8727	Bishop	Cluster	un	3810595	350	0.500000000	2.07143	0.17768	24.14955	0.31627	0.01818	-1.00000	-1.00000
8730	Bishop	Cluster	un	3812103	143	0.491264850	0.33333	0.03259	3.40968	0.47712	0.03571	-1.00000	-1.00000
8732	Bishop	Cluster	un	3813125	383	0.481481481	0.44828	0.03837	5.23742	0.34845	0.02032	-1.00000	-1.00000
8735	Bishop	Cluster	un	3814533	143	0.000014569	38.33333	4.39433	334.39560	1.58358	0.38281	-1.00000	-1.00000
8754	Bishop	Cluster	un	3823922	157	0.245762712	3.20690	0.31542	32.60509	0.50608	0.03448	-1.00000	-1.00000
8756	Bishop	Cluster	un	3825412	42	0.444444444	2.58333	0.22094	30.20541	0.41218	0.02358	-1.00000	-1.00000
8757	Bishop	Cluster	un	3826163	40	0.002287531	0.08244	0.00975	0.69737	1.08388	0.15385	-1.00000	-1.00000
8760	Bishop	Cluster	un	3828710	232	0.591991342	2.41667	0.20633	28.30581	0.38322	0.00932	-1.00000	-1.00000
8761	Bishop	Cluster	un	3829281	14	0.228675136	3.44444	0.33807	35.09441	0.53712	0.03827	-1.00000	-1.00000
8765	Bishop	Cluster	un	3832494	65	0.464285714	0.41935	0.03596	4.89101	0.37742	0.02098	-1.00000	-1.00000
8779	Bishop	Cluster	un	3838264	66	0.000000000	241.66667	23.61758	2472.85181	2.38322	0.86154	-1.00000	-1.00000
8780	Bishop	Cluster	un	3839092	43	0.011860352	0.11521	0.01328	0.99953	0.93852	0.11111	-1.00000	-1.00000
8791	Bishop	Cluster	un	3843321	392	0.482758621	0.45161	0.03880	5.25593	0.34523	0.01880	-1.00000	-1.00000
8797	Bishop	Cluster	un	3846374	98	0.118181818	4.46154	0.46819	42.51565	0.64948	0.05660	-1.00000	-1.00000
8800	Bishop	Cluster	un	3848022	53	0.245762712	0.31183	0.03067	3.17041	0.50608	0.03448	-1.00000	-1.00000
8802	Bishop	Cluster	un	3848892	61	0.104821803	0.20690	0.02165	1.97698	0.68425	0.06335	-1.00000	-1.00000
8803	Bishop	Cluster	un	3849951	279	0.461538462	0.41379	0.03533	4.84665	0.38322	0.02288	-1.00000	-1.00000
8809	Bishop	Cluster	un	3851922	75	0.118181818	0.22414	0.02352	2.13589	0.64948	0.05660	-1.00000	-1.00000
8813	Bishop	Cluster	un	3852654	46	0.245762712	0.31183	0.03067	3.17041	0.50608	0.03448	-1.00000	-1.00000
8814	Bishop	Cluster	un	3853559	102	0.245762712	3.20690	0.31542	32.60509	0.50608	0.03448	-1.00000	-1.00000
8818	Bishop	Cluster	un	3854335	125	0.001348834	13.00000	2.48334	68.05341	1.11394	0.24444	-1.00000	-1.00000
8827	Bishop	Cluster	un	3856342	33	0.000005335	38.66667	4.59785	325.17648	1.58734	0.34895	-1.00000	-1.00000
8828	Bishop	Cluster	un	3857120	49	0.017220725	0.11828	0.01329	1.05307	0.92709	0.11312	-1.00000	-1.00000
8833	Bishop	Cluster	un	3859573	119	0.026092774	0.13978	0.01580	1.23690	0.85454	0.09091	-1.00000	-1.00000
8834	Bishop	Cluster	un	3860297	103	0.004675001	11.34783	1.33877	96.18756	1.05491	0.14933	-1.00000	-1.00000
8844	Bishop	Cluster	un	3866450	554	0.480000000	0.44444	0.03787	5.21605	0.35218	0.02211	-1.00000	-1.00000
8849	Bishop	Cluster	un	3868415	122	0.153677251	0.27381	0.05142	1.45792	0.56255	0.04511	-1.00000	-1.00000
8854	Bishop	Cluster	un	3870671	27	0.228675136	0.29032	0.02849	2.95801	0.53712	0.03827	-1.00000	-1.00000
8858	Bishop	Cluster	un	3872534	138	1.000000000	0.55556	0.04765	6.47777	0.25527	0.01576	-1.00000	-1.00000
8861	Bishop	Cluster	un	3874865	105	0.000046796	0.04274	0.00508	0.35949	1.36922	0.30000	-1.00000	-1.00000
8877	Bishop	Cluster	un	3880995	292	1.000000000	0.51852	0.04439	6.05718	0.28524	0.01752	-1.00000	-1.00000
8895	Bishop	Cluster	un	3887195	75	1.000000000	1.80000	0.15437	20.98797	0.25527	0.01576	-1.00000	-1.00000
8905	Bishop	Cluster	un	3890235	94	0.011860352	0.11521	0.01328	0.99953	0.93852	0.11111	-1.00000	-1.00000
8915	Bishop	Cluster	un	3892640	67	0.106170599	0.20968	0.02205	1.99431	0.67845	0.05844	-1.00000	-1.00000
8917	Bishop	Cluster	un	3894139	60	0.000000007	62.00000	7.35951	522.31744	1.79239	0.52198	-1.00000	-1.00000
8929	Bishop	Cluster	un	3898076	74	0.000000475	41.33333	4.92482	346.90524	1.61630	0.42214	-1.00000	-1.00000
8958	Bishop	Cluster	un	3909762	32	0.000000006	84.33334	12.83913	553.94043	1.92600	0.64103	-1.00000	-1.00000
8963	Bishop	Cluster	un	3910813	296	0.500000000	0.48276	0.04141	5.62819	0.31627	0.01818	-1.00000	-1.00000
8967	Bishop	Cluster	un	3913018	123	0.245762712	0.31183	0.03067	3.17041	0.50608	0.03448	-1.00000	-1.00000
8975	Bishop	Cluster	un	3915304	82	0.482758621	0.45161	0.03880	5.25593	0.34523	0.01880	-1.00000	-1.00000
8983	Bishop	Cluster	un	3919319	58	1.000000000	1.93333	0.16614	22.49763	0.28631	0.01637	-1.00000	-1.00000
8987	Bishop	Cluster	un	3921014	63	0.460213632	0.50400	0.10756	2.36153	0.29757	0.01435	-1.00000	-1.00000
9007	Bishop	Cluster	un	3929222	88	0.245454545	3.22222	0.31567	32.89072	0.50816	0.03704	-1.00000	-1.00000
9016	Bishop	Cluster	un	3933278	31	0.245762712	3.20690	0.31542	32.60509	0.50608	0.03448	-1.00000	-1.00000
9020	Bishop	Cluster	un	3935614	6	0.055695692	7.36364	0.82361	65.83572	0.86709	0.07289	-1.00000	-1.00000
9025	Bishop	Cluster	un	3937303	97	0.106170599	4.76923	0.50143	45.36166	0.67845	0.05844	-1.00000	-1.00000
9038	Bishop	Cluster	un	3941504	328	0.500000000	0.48276	0.04141	5.62819	0.31627	0.01818	-1.00000	-1.00000
9043	Bishop	Cluster	un	3942786	41	0.001621509	0.07527	0.00886	0.63910	1.12338	0.17143	-1.00000	-1.00000
9046	Bishop	Cluster	un	3945187	89	0.500000000	0.48276	0.04141	5.62819	0.31627	0.01818	-1.00000	-1.00000
9062	Bishop	Cluster	un	3954744	133	1.000000000	0.55556	0.04765	6.47777	0.25527	0.01576	-1.00000	-1.00000
9063	Bishop	Cluster	un	3955563	151	0.500000000	2.06667	0.17791	24.00734	0.31527	0.01695	-1.00000	-1.00000
9065	Bishop	Cluster	un	3957056	33	0.000025391	15.33333	4.05716	57.94969	1.18564	0.35032	-1.00000	-1.00000
9071	Bishop	Cluster	un	3959687	61	0.000008647	28.57143	3.41708	238.89586	1.45593	0.34749	-1.00000	-1.00000
9074	Bishop	Cluster	un	3960469	23	0.500000000	2.07143	0.17768	24.14955	0.31627	0.01818	-1.00000	-1.00000
9080	Bishop	Cluster	un	3963739	59	0.000000001	84.14286	9.59040	738.24023	1.92502	0.62500	-1.00000	-1.00000
9081	Bishop	Cluster	un	3964574	54	0.500000000	0.48276	0.04141	5.62819	0.31627	0.01818	-1.00000	-1.00000
9099	Bishop	Cluster	un	3974445	396	1.000000000	1.80000	0.15437	20.98797	0.25527	0.01576	-1.00000	-1.00000
9101	Bishop	Cluster	un	3975015	131	0.017220725	8.45455	0.94960	75.27277	0.92709	0.11312	-1.00000	-1.00000
9120	Bishop	Cluster	un	3985313	473	0.500000000	0.48148	0.04113	5.63661	0.31742	0.01961	-1.00000	-1.00000
9126	Bishop	Cluster	un	3987213	22	0.515351303	0.54286	0.14892	1.97887	0.26531	0.01554	-1.00000	-1.00000
9127	Bishop	Cluster	un	3988069	90	0.500000000	0.48387	0.04165	5.62086	0.31527	0.01695	-1.00000	-1.00000
9143	Bishop	Cluster	un	3992782	24	0.151306629	0.28205	0.05163	1.54096	0.54967	0.04167	-1.00000	-1.00000
9152	Bishop	Cluster	un	3995973	102	0.000081956	0.04399	0.00519	0.37311	1.35666	0.28409	-1.00000	-1.00000
9155	Bishop	Cluster	un	3996773	141	0.000000001	74.11111	8.74333	628.18793	1.86988	0.57037	-1.00000	-1.00000
9166	Bishop	Cluster	un	4002145	25	0.000094312	20.66667	2.47792	172.36687	1.31527	0.25076	-1.00000	-1.00000
9172	Bishop	Cluster	un	4005529	145	0.001316586	17.58824	2.09347	147.76688	1.24522	0.19723	-1.00000	-1.00000
9176	Bishop	Cluster	un	4007785	60	0.500000000	0.48276	0.04141	5.62819	0.31627	0.01818	-1.00000	-1.00000
9178	Bishop	Cluster	un	4009406	68	0.674884248	1.84615	0.30954	11.01092	0.26627	0.00827	-1.00000	-1.00000
9184	Bishop	Cluster	un	4011894	91	0.066343862	0.19388	0.03628	1.03611	0.71247	0.07566	-1.00000	-1.00000
9186	Bishop	Cluster	un	4013626	95	0.118644068	4.42857	0.46670	42.02293	0.64626	0.05263	-1.00000	-1.00000
9188	Bishop	Cluster	un	4014476	103	0.482758621	0.45161	0.03880	5.25593	0.34523	0.01880	-1.00000	-1.00000
9210	Bishop	Cluster	un	4027129	46	0.552511044	0.66667	0.19979	2.22451	0.17609	0.00841	-1.00000	-1.00000
9216	Bishop	Cluster	un	4029511	82	0.000094312	0.04839	0.00580	0.40356	1.31527	0.25076	-1.00000	-1.00000
9220	Bishop	Cluster	un	4031846	114	0.000887643	19.71428	2.30676	168.48402	1.29478	0.22870	-1.00000	-1.00000
9221	Bishop	Cluster	un	4032693	67	0.106170599	4.76923	0.50143	45.36166	0.67845	0.05844	-1.00000	-1.00000
9225	Bishop	Cluster	un	4034160	28	0.245762712	3.20690	0.31542	32.60509	0.50608	0.03448	-1.00000	-1.00000
9227	Bishop	Cluster	un	4035795	46	0.008914258	0.10345	0.01182	0.90538	0.98528	0.13462	-1.00000	-1.00000
9230	Bishop	Cluster	un	4037750	420	0.464285714	0.41935	0.03596	4.89101	0.37742	0.02098	-1.00000	-1.00000
9233	Bishop	Cluster	un	4038977	8	0.118644068	0.22581	0.02380	2.14269	0.64626	0.05263	-1.00000	-1.00000
9237	Bishop	Cluster	un	4040682	25	0.500000000	2.06667	0.17791	24.00734	0.31527	0.01695	-1.00000	-1.00000
9238	Bishop	Cluster	un	4041585	120	0.000000000	775.00000	46.12598	13021.40234	2.88930	1.00000	-1.00000	-1.00000
9239	Bishop	Cluster	un	4042319	47	0.118644068	4.42857	0.46670	42.02293	0.64626	0.05263	-1.00000	-1.00000
9249	Bishop	Cluster	un	4046388	58	0.000094312	20.66667	2.47792	172.36687	1.31527	0.25076	-1.00000	-1.00000
9260	Bishop	Cluster	un	4051926	98	0.000732655	8.66667	2.38172	31.53648	0.93785	0.21213	-1.00000	-1.00000
9269	Bishop	Cluster	un	4053516	111	0.482758621	0.45161	0.03880	5.25593	0.34523	0.01880	-1.00000	-1.00000
9273	Bishop	Cluster	un	4056052	210	0.444444444	0.38710	0.03311	4.52610	0.41218	0.02358	-1.00000	-1.00000
9279	Bishop	Cluster	un	4057588	126	0.118644068	0.22581	0.02380	2.14269	0.64626	0.05263	-1.00000	-1.00000
9281	Bishop	Cluster	un	4058292	67	0.211038961	0.26882	0.02632	2.74562	0.57054	0.04274	-1.00000	-1.00000
9283	Bishop	Cluster	un	4059383	337	0.480000000	0.44444	0.03787	5.21605	0.35218	0.02211	-1.00000	-1.00000
9287	Bishop	Cluster	un	4061438	102	0.009307886	0.10599	0.01218	0.92241	0.97473	0.12363	-1.00000	-1.00000
9289	Bishop	Cluster	un	4063062	68	0.073669278	3.66667	1.00758	13.34332	0.56427	0.07385	-1.00000	-1.00000
9294	Bishop	Cluster	un	4065527	85	0.500000000	2.07143	0.17768	24.14955	0.31627	0.01818	-1.00000	-1.00000
9295	Bishop	Cluster	un	4066436	87	0.245283019	0.28000	0.02931	2.67453	0.55284	0.04706	-1.00000	-1.00000
9299	Bishop	Cluster	un	4068036	32	0.040703531	0.14839	0.01622	1.35779	0.82860	0.08876	-1.00000	-1.00000
9300	Bishop	Cluster	un	4068941	98	0.228675136	0.29032	0.02849	2.95801	0.53712	0.03827	-1.00000	-1.00000
9315	Bishop	Cluster	un	4076390	130	0.091583710	0.18966	0.01978	1.81808	0.72204	0.07143	-1.00000	-1.00000
9316	Bishop	Cluster	un	4077318	268	0.444444444	0.38710	0.03311	4.52610	0.41218	0.02358	-1.00000	-1.00000
9321	Bishop	Cluster	un	4080169	11	0.584891037	1.45833	0.48822	4.35609	0.16386	0.00849	-1.00000	-1.00000
9322	Bishop	Cluster	un	4081040	89	0.245762712	0.31183	0.03067	3.17041	0.50608	0.03448	-1.00000	-1.00000
9333	Bishop	Cluster	un	4086763	49	1.000000000	1.93333	0.16614	22.49763	0.28631	0.01637	-1.00000	-1.00000
9350	Bishop	Cluster	un	4092649	306	0.482758621	0.45161	0.03880	5.25593	0.34523	0.01880	-1.00000	-1.00000
9357	Bishop	Cluster	un	4094959	101	0.464285714	0.41935	0.03596	4.89101	0.37742	0.02098	-1.00000	-1.00000
9362	Bishop	Cluster	un	4096043	456	0.227113906	0.28736	0.02808	2.94037	0.54158	0.04142	-1.00000	-1.00000
9373	Bishop	Cluster	un	4098824	85	0.500000000	2.06667	0.17791	24.00734	0.31527	0.01695	-1.00000	-1.00000
9379	Bishop	Cluster	un	4102089	95	0.245762712	3.20690	0.31542	32.60509	0.50608	0.03448	-1.00000	-1.00000
9381	Bishop	Cluster	un	4102857	48	0.228675136	0.29032	0.02849	2.95801	0.53712	0.03827	-1.00000	-1.00000
9384	Bishop	Cluster	un	4104512	115	0.482758621	0.45161	0.03880	5.25593	0.34523	0.01880	-1.00000	-1.00000
9402	Bishop	Cluster	un	4112667	157	0.129854872	2.84211	0.75719	10.66782	0.45364	0.04472	-1.00000	-1.00000
9410	Bishop	Cluster	un	4115152	203	0.480000000	2.25000	0.19172	26.40626	0.35218	0.02211	-1.00000	-1.00000
9414	Bishop	Cluster	un	4117485	126	1.000000000	1.00000	0.05920	16.89051	0.00000	0.00000	-1.00000	-1.00000
9416	Bishop	Cluster	un	4118166	32	0.000000000	372.00000	31.81549	4349.58008	2.57054	0.92742	-1.00000	-1.00000
9418	Bishop	Cluster	un	4119128	110	0.211038961	3.72000	0.36422	37.99496	0.57054	0.04274	-1.00000	-1.00000
9420	Bishop	Cluster	un	4120774	86	0.342212357	0.28395	0.02761	2.92002	0.54676	0.02310	-1.00000	-1.00000
9421	Bishop	Cluster	un	4121522	63	0.245762712	3.20690	0.31542	32.60509	0.50608	0.03448	-1.00000	-1.00000
9422	Bishop	Cluster	un	4122539	330	0.245098039	3.24000	0.31597	33.22326	0.51055	0.04000	-1.00000	-1.00000
9424	Bishop	Cluster	un	4123944	97	0.493506494	0.35802	0.03507	3.65452	0.44609	0.03210	-1.00000	-1.00000
9430	Bishop	Cluster	un	4126502	65	0.482758621	0.45161	0.03880	5.25593	0.34523	0.01880	-1.00000	-1.00000
9460	Bishop	Cluster	un	4137133	24	0.500000000	2.06667	0.17791	24.00734	0.31527	0.01695	-1.00000	-1.00000
9482	Bishop	Cluster	un	4146095	145	0.000792769	10.73333	2.51458	45.81455	1.03073	0.24357	-1.00000	-1.00000
9484	Bishop	Cluster	un	4147655	51	0.227113906	0.28736	0.02808	2.94037	0.54158	0.04142	-1.00000	-1.00000
9486	Bishop	Cluster	un	4149601	394	0.482758621	2.21429	0.19026	25.77014	0.34523	0.01880	-1.00000	-1.00000
9491	Bishop	Cluster	un	4151173	278	0.500000000	0.48387	0.04165	5.62086	0.31527	0.01695	-1.00000	-1.00000
9492	Bishop	Cluster	un	4151856	122	0.500000000	2.06667	0.17791	24.00734	0.31527	0.01695	-1.00000	-1.00000
9500	Bishop	Cluster	un	4155770	106	0.000648604	15.50000	1.83988	130.57936	1.19033	0.19679	-1.00000	-1.00000
9508	Bishop	Cluster	un	4157669	379	0.464285714	0.41935	0.03596	4.89101	0.37742	0.02098	-1.00000	-1.00000
9511	Bishop	Cluster	un	4159705	58	0.018373277	4.76667	1.28742	17.64855	0.67821	0.10647	-1.00000	-1.00000
9513	Bishop	Cluster	un	4161268	61	0.500000000	0.48276	0.04141	5.62819	0.31627	0.01818	-1.00000	-1.00000
9514	Bishop	Cluster	un	4162102	123	0.002836355	0.08065	0.00936	0.69479	1.09342	0.16484	-1.00000	-1.00000
9522	Bishop	Cluster	un	4163651	7	0.245762712	3.20690	0.31542	32.60509	0.50608	0.03448	-1.00000	-1.00000
9539	Bishop	Cluster	un	4173250	10	1.000000000	0.51724	0.04445	6.01898	0.28631	0.01637	-1.00000	-1.00000
9542	Bishop	Cluster	un	4175740	23	0.000000000	899.00000	53.70762	15048.16211	2.95376	1.00000	-1.00000	-1.00000
9543	Bishop	Cluster	un	4176890	378	0.500000000	0.48387	0.04165	5.62086	0.31527	0.01695	-1.00000	-1.00000
9545	Bishop	Cluster	un	4178115	135	0.500000000	2.06667	0.17791	24.00734	0.31527	0.01695	-1.00000	-1.00000
9550	Bishop	Cluster	un	4180501	46	0.033091774	4.40000	1.18282	16.36763	0.64345	0.09772	-1.00000	-1.00000
9555	Bishop	Cluster	un	4183003	48	0.000080714	0.04598	0.00547	0.38665	1.33746	0.27549	-1.00000	-1.00000
9562	Bishop	Cluster	un	4186231	17	0.065506757	2.88462	0.95418	8.72061	0.46009	0.06456	-1.00000	-1.00000
9571	Bishop	Cluster	un	4189428	93	0.228675136	0.29032	0.02849	2.95801	0.53712	0.03827	-1.00000	-1.00000
9573	Bishop	Cluster	un	4190205	88	0.104821803	0.20690	0.02165	1.97698	0.68425	0.06335	-1.00000	-1.00000
9594	Bishop	Cluster	un	4196813	210	1.000000000	1.92308	0.16389	22.56519	0.28400	0.01884	-1.00000	-1.00000
9619	Bishop	Cluster	un	4206436	60	0.245762712	0.31183	0.03067	3.17041	0.50608	0.03448	-1.00000	-1.00000
9622	Bishop	Cluster	un	4208243	196	1.000000000	0.56000	0.04783	6.55691	0.25181	0.01681	-1.00000	-1.00000
9641	Bishop	Cluster	un	4216221	80	0.236897275	4.15385	0.43495	39.66973	0.61845	0.05462	-1.00000	-1.00000
9650	Bishop	Cluster	un	4221246	144	0.500000000	0.48387	0.04165	5.62086	0.31527	0.01695	-1.00000	-1.00000
9659	Bishop	Cluster	un	4225958	70	0.026092774	7.15385	0.80847	63.30171	0.85454	0.09091	-1.00000	-1.00000
9667	Bishop	Cluster	un	4230778	11	0.056199822	5.74074	0.63090	52.23658	0.75897	0.07143	-1.00000	-1.00000
9673	Bishop	Cluster	un	4234866	22	0.481481481	2.23077	0.19093	26.06312	0.34845	0.02032	-1.00000	-1.00000
9676	Bishop	Cluster	un	4236464	64	0.482758621	2.21429	0.19026	25.77014	0.34523	0.01880	-1.00000	-1.00000
9683	Bishop	Cluster	un	4238856	42	0.245454545	0.31034	0.03040	3.16783	0.50816	0.03704	-1.00000	-1.00000
9690	Bishop	Cluster	un	4241119	21	0.056199822	5.74074	0.63090	52.23658	0.75897	0.07143	-1.00000	-1.00000
9696	Bishop	Cluster	un	4243729	89	0.192872117	0.24731	0.02414	2.53324	0.60676	0.04808	-1.00000	-1.00000
9710	Bishop	Cluster	un	4248720	193	1.000000000	1.78571	0.15251	20.90852	0.25181	0.01681	-1.00000	-1.00000
9713	Bishop	Cluster	un	4250252	103	0.091583710	5.27273	0.55003	50.54564	0.72204	0.07143	-1.00000	-1.00000
9718	Bishop	Cluster	un	4251938	178	1.000000000	1.66667	0.14261	19.47836	0.22185	0.01509	-1.00000	-1.00000
9722	Bishop	Cluster	un	4253184	15	0.055746141	5.80000	0.63455	53.01424	0.76343	0.07692	-1.00000	-1.00000
9723	Bishop	Cluster	un	4254069	73	0.052549084	6.69231	0.75483	59.33385	0.82558	0.08805	-1.00000	-1.00000
9725	Bishop	Cluster	un	4255707	44	0.094815285	0.15556	0.01687	1.43442	0.80811	0.06198	-1.00000	-1.00000
9741	Bishop	Cluster	un	4262500	399	0.490612245	3.00000	0.29185	30.83754	0.47712	0.03846	-1.00000	-1.00000
9766	Bishop	Cluster	un	4273035	475	0.493506494	0.35802	0.03507	3.65452	0.44609	0.03210	-1.00000	-1.00000
9767	Bishop	Cluster	un	4273442	44	1.000000000	0.51724	0.04445	6.01898	0.28631	0.01637	-1.00000	-1.00000
9769	Bishop	Cluster	un	4274314	108	1.000000000	1.04167	0.33204	3.26793	0.01773	0.00010	-1.00000	-1.00000
9777	Bishop	Cluster	un	4278147	23	0.030908660	3.61905	1.15157	11.37363	0.55859	0.09324	-1.00000	-1.00000
9785	Bishop	Cluster	un	4281444	80	0.104821803	4.83333	0.50582	46.18450	0.68425	0.06335	-1.00000	-1.00000
9787	Bishop	Cluster	un	4282345	196	0.208144796	0.26437	0.02576	2.71292	0.57779	0.04667	-1.00000	-1.00000
9791	Bishop	Cluster	un	4283876	34	1.000000000	1.08000	0.06407	18.20505	0.03342	0.00005	-1.00000	-1.00000
9792	Bishop	Cluster	un	4284878	348	0.228675136	0.29032	0.02849	2.95801	0.53712	0.03827	-1.00000	-1.00000
9795	Bishop	Cluster	un	4287155	269	0.500000000	0.48387	0.04165	5.62086	0.31527	0.01695	-1.00000	-1.00000
9819	Bishop	Cluster	un	4295120	68	0.482758621	0.45161	0.03880	5.25593	0.34523	0.01880	-1.00000	-1.00000
9821	Bishop	Cluster	un	4296381	478	0.186602871	0.20690	0.02165	1.97698	0.68425	0.03802	-1.00000	-1.00000
9825	Bishop	Cluster	un	4296770	16	0.482758621	0.45161	0.03880	5.25593	0.34523	0.01880	-1.00000	-1.00000
9828	Bishop	Cluster	un	4298156	536	0.480000000	0.44444	0.03787	5.21605	0.35218	0.02211	-1.00000	-1.00000
9830	Bishop	Cluster	un	4299351	172	0.211038961	0.26882	0.02632	2.74562	0.57054	0.04274	-1.00000	-1.00000
9851	Bishop	Cluster	un	4305404	314	1.000000000	0.93103	0.05544	15.63520	0.03103	0.00004	-1.00000	-1.00000
9860	Bishop	Cluster	un	4309470	315	0.493212670	2.77778	0.27089	28.48358	0.44370	0.03429	-1.00000	-1.00000
9884	Bishop	Cluster	un	4318336	91	0.002287531	12.13043	1.43397	102.61572	1.08388	0.15385	-1.00000	-1.00000
9886	Bishop	Cluster	un	4319278	130	0.020799934	0.12644	0.01417	1.12790	0.89813	0.10989	-1.00000	-1.00000
9887	Bishop	Cluster	un	4320100	146	0.400567831	0.39286	0.06580	2.34572	0.40577	0.01976	-1.00000	-1.00000
9891	Bishop	Cluster	un	4323157	44	0.245762712	0.31183	0.03067	3.17041	0.50608	0.03448	-1.00000	-1.00000
9893	Bishop	Cluster	un	4324872	103	0.106170599	4.76923	0.50143	45.36166	0.67845	0.05844	-1.00000	-1.00000
9895	Bishop	Cluster	un	4326411	26	0.000000002	77.50000	8.99548	667.69653	1.88930	0.59252	-1.00000	-1.00000
9903	Bishop	Cluster	un	4329393	69	0.055222089	5.86957	0.63881	53.93145	0.76861	0.08333	-1.00000	-1.00000
9917	Bishop	Cluster	un	4337695	423	1.000000000	1.00000	0.05965	16.76418	0.00000	0.00000	-1.00000	-1.00000
9944	Bishop	Cluster	un	4350232	8	0.000103134	11.70000	3.16943	43.19078	1.06819	0.27535	-1.00000	-1.00000
9949	Bishop	Cluster	un	4351166	100	0.491833031	3.00000	0.29452	30.55776	0.47712	0.03333	-1.00000	-1.00000
9951	Bishop	Cluster	un	4351902	40	0.009911283	5.71429	1.57122	20.78196	0.75696	0.14235	-1.00000	-1.00000
9953	Bishop	Cluster	un	4353418	153	0.500000000	0.48387	0.04165	5.62086	0.31527	0.01695	-1.00000	-1.00000
9957	Bishop	Cluster	un	4355052	46	0.106170599	4.76923	0.50143	45.36166	0.67845	0.05844	-1.00000	-1.00000
9958	Bishop	Cluster	un	4355892	39	0.007153207	0.11905	0.02274	0.62335	0.92428	0.14471	-1.00000	-1.00000
9963	Bishop	Cluster	un	4360372	393	0.245098039	0.30864	0.03010	3.16484	0.51055	0.04000	-1.00000	-1.00000
9964	Bishop	Cluster	un	4361091	258	0.118644068	0.22581	0.02380	2.14269	0.64626	0.05263	-1.00000	-1.00000
9984	Bishop	Cluster	un	4370503	146	0.104821803	0.20690	0.02165	1.97698	0.68425	0.06335	-1.00000	-1.00000
9987	Bishop	Cluster	un	4372859	64	0.106170599	0.20968	0.02205	1.99431	0.67845	0.05844	-1.00000	-1.00000
9998	Bishop	Cluster	un	4376008	45	0.021448606	0.12903	0.01454	1.14498	0.88930	0.10108	-1.00000	-1.00000
10002	Bishop	Cluster	un	4378694	252	0.482758621	0.45161	0.03880	5.25593	0.34523	0.01880	-1.00000	-1.00000
10004	Bishop	Cluster	un	4380292	353	0.464285714	2.38462	0.20446	27.81217	0.37742	0.02098	-1.00000	-1.00000
10018	Bishop	Cluster	un	4387986	28	0.011614480	9.00000	1.04796	77.29334	0.95424	0.12381	-1.00000	-1.00000
10031	Bishop	Cluster	un	4391923	79	0.291413154	0.54656	0.18439	1.62006	0.26236	0.02139	-1.00000	-1.00000
10035	Bishop	Cluster	un	4394283	60	0.237749546	4.14286	0.43577	39.38647	0.61730	0.05091	-1.00000	-1.00000
10039	Bishop	Cluster	un	4395863	89	0.049976781	3.51852	1.11921	11.06137	0.54636	0.09216	-1.00000	-1.00000
10047	Bishop	Cluster	un	4400446	55	0.482758621	0.45161	0.03880	5.25593	0.34523	0.01880	-1.00000	-1.00000
10052	Bishop	Cluster	un	4402190	111	1.000000000	1.00000	0.33716	2.96599	0.00000	0.00000	-1.00000	-1.00000
10053	Bishop	Cluster	un	4402560	29	0.061344450	3.00000	0.97908	9.19233	0.47712	0.07033	-1.00000	-1.00000
10062	Bishop	Cluster	un	4406098	94	0.500000000	2.06667	0.17791	24.00734	0.31527	0.01695	-1.00000	-1.00000
10064	Bishop	Cluster	un	4407016	148	0.228675136	0.29032	0.02849	2.95801	0.53712	0.03827	-1.00000	-1.00000
10065	Bishop	Cluster	un	4407678	14	0.055746141	5.80000	0.63455	53.01424	0.76343	0.07692	-1.00000	-1.00000
10068	Bishop	Cluster	un	4409402	120	0.464285714	0.41935	0.03596	4.89101	0.37742	0.02098	-1.00000	-1.00000
10070	Bishop	Cluster	un	4410330	138	0.000094312	0.04839	0.00580	0.40356	1.31527	0.25076	-1.00000	-1.00000
10074	Bishop	Cluster	un	4411806	44	0.482758621	2.21429	0.19026	25.77014	0.34523	0.01880	-1.00000	-1.00000
10076	Bishop	Cluster	un	4412949	138	0.000008731	21.85714	4.96345	96.25061	1.33959	0.39184	-1.00000	-1.00000
10079	Bishop	Cluster	un	4414444	12	0.500000000	0.48387	0.04165	5.62086	0.31527	0.01695	-1.00000	-1.00000
10083	Bishop	Cluster	un	4416795	7	0.667952287	2.18182	0.36308	13.11095	0.33882	0.01449	-1.00000	-1.00000
10084	Bishop	Cluster	un	4417571	68	0.000000289	40.00000	7.25772	220.45493	1.60206	0.49091	-1.00000	-1.00000
10085	Bishop	Cluster	un	4418311	29	0.500000000	0.48387	0.04165	5.62086	0.31527	0.01695	-1.00000	-1.00000
10096	Bishop	Cluster	un	4421365	566	0.500000000	0.48000	0.04081	5.64636	0.31876	0.02128	-1.00000	-1.00000
10097	Bishop	Cluster	un	4421741	64	0.245762712	0.31183	0.03067	3.17041	0.50608	0.03448	-1.00000	-1.00000
10099	Bishop	Cluster	un	4422568	47	0.228675136	0.29032	0.02849	2.95801	0.53712	0.03827	-1.00000	-1.00000
10105	Bishop	Cluster	un	4425201	146	0.500000000	0.48387	0.04165	5.62086	0.31527	0.01695	-1.00000	-1.00000
10109	Bishop	Cluster	un	4427406	16	0.013439958	0.10753	0.01203	0.96116	0.96848	0.12755	-1.00000	-1.00000
10110	Bishop	Cluster	un	4428352	79	0.004409847	6.41667	1.72250	23.90345	0.80731	0.16340	-1.00000	-1.00000
10113	Bishop	Cluster	un	4429937	83	0.228675136	0.29032	0.02849	2.95801	0.53712	0.03827	-1.00000	-1.00000
10134	Bishop	Cluster	un	4439879	38	0.500000000	0.48276	0.04141	5.62819	0.31627	0.01818	-1.00000	-1.00000
10136	Bishop	Cluster	un	4441638	102	0.000571284	0.05017	0.00593	0.42447	1.29958	0.22561	-1.00000	-1.00000
10142	Bishop	Cluster	un	4444414	20	0.007090887	0.09677	0.01108	0.84530	1.01424	0.13846	-1.00000	-1.00000
10147	Bishop	Cluster	un	4446831	91	0.000287493	12.77778	2.96857	55.00006	1.10646	0.28135	-1.00000	-1.00000
10149	Bishop	Cluster	un	4447692	94	0.500000000	2.06667	0.17791	24.00734	0.31527	0.01695	-1.00000	-1.00000
10179	Bishop	Cluster	un	4463304	70	0.482758621	0.45161	0.03880	5.25593	0.34523	0.01880	-1.00000	-1.00000
10180	Bishop	Cluster	un	4464008	37	0.115317596	0.20000	0.02189	1.82743	0.69897	0.06667	-1.00000	-1.00000
10210	Bishop	Cluster	un	4476240	64	0.048259363	0.16129	0.01768	1.47141	0.79239	0.07937	-1.00000	-1.00000
10217	Bishop	Cluster	un	4478748	123	0.009307886	0.10599	0.01218	0.92241	0.97473	0.12363	-1.00000	-1.00000
10229	Bishop	Cluster	un	4483459	137	0.002587025	0.07759	0.00894	0.67309	1.11022	0.18148	-1.00000	-1.00000
10230	Bishop	Cluster	un	4484226	124	0.245762712	3.20690	0.31542	32.60509	0.50608	0.03448	-1.00000	-1.00000
10238	Bishop	Cluster	un	4489304	468	1.000000000	1.80000	0.15437	20.98797	0.25527	0.01576	-1.00000	-1.00000
10240	Bishop	Cluster	un	4489944	299	0.464285714	0.41935	0.03596	4.89101	0.37742	0.02098	-1.00000	-1.00000
10246	Bishop	Cluster	un	4491520	291	0.482758621	0.45161	0.03880	5.25593	0.34523	0.01880	-1.00000	-1.00000
10261	Bishop	Cluster	un	4498125	10	0.000648604	0.06452	0.00766	0.54351	1.19033	0.19679	-1.00000	-1.00000
10264	Bishop	Cluster	un	4499668	40	0.480000000	0.44444	0.03787	5.21605	0.35218	0.02211	-1.00000	-1.00000
10265	Bishop	Cluster	un	4500562	137	1.000000000	0.51724	0.04445	6.01898	0.28631	0.01637	-1.00000	-1.00000
10267	Bishop	Cluster	un	4501244	23	0.430037547	2.39130	0.41934	13.63647	0.37863	0.01935	-1.00000	-1.00000
10271	Bishop	Cluster	un	4502836	45	0.245762712	3.20690	0.31542	32.60509	0.50608	0.03448	-1.00000	-1.00000
10280	Bishop	Cluster	un	4506110	88	0.025728988	7.25000	0.81543	64.45982	0.86034	0.09804	-1.00000	-1.00000
10282	Bishop	Cluster	un	4506828	19	0.000299853	18.33333	2.14646	156.58884	1.26324	0.26316	-1.00000	-1.00000
10283	Bishop	Cluster	un	4507629	39	0.103265306	0.20370	0.02120	1.95699	0.69100	0.06915	-1.00000	-1.00000
10285	Bishop	Cluster	un	4509278	144	0.002034730	9.06061	2.13284	38.49066	0.95716	0.20844	-1.00000	-1.00000
10296	Bishop	Cluster	un	4512493	100	1.000000000	1.93333	0.16614	22.49763	0.28631	0.01637	-1.00000	-1.00000
10299	Bishop	Cluster	un	4513969	87	0.005211412	0.08756	0.00998	0.76820	1.05771	0.15625	-1.00000	-1.00000
10307	Bishop	Cluster	un	4518059	132	0.444444444	0.38710	0.03311	4.52610	0.41218	0.02358	-1.00000	-1.00000
10308	Bishop	Cluster	un	4519122	360	0.605263158	0.44828	0.03837	5.23742	0.34845	0.00739	-1.00000	-1.00000
10324	Bishop	Cluster	un	4524463	95	0.240259740	3.85714	0.40483	36.75010	0.58627	0.04906	-1.00000	-1.00000
10325	Bishop	Cluster	un	4525499	383	1.000000000	0.86207	0.05123	14.50627	0.06446	0.00019	-1.00000	-1.00000
10326	Bishop	Cluster	un	4526019	34	0.026092774	7.15385	0.80847	63.30171	0.85454	0.09091	-1.00000	-1.00000
10342	Bishop	Cluster	un	4530757	78	0.491833031	3.00000	0.29452	30.55776	0.47712	0.03333	-1.00000	-1.00000
10346	Bishop	Cluster	un	4532328	113	0.106170599	4.76923	0.50143	45.36166	0.67845	0.05844	-1.00000	-1.00000
10350	Bishop	Cluster	un	4533775	45	0.500000000	0.48276	0.04141	5.62819	0.31627	0.01818	-1.00000	-1.00000
10355	Bishop	Cluster	un	4538496	299	1.000000000	1.92857	0.16509	22.52900	0.28524	0.01752	-1.00000	-1.00000
10361	Bishop	Cluster	un	4540488	79	0.011603269	8.82609	1.01217	76.96327	0.94577	0.12000	-1.00000	-1.00000
10365	Bishop	Cluster	un	4541586	347	0.480000000	2.25000	0.19172	26.40626	0.35218	0.02211	-1.00000	-1.00000
10367	Bishop	Cluster	un	4543139	276	0.244680851	0.30667	0.02975	3.16133	0.51333	0.04348	-1.00000	-1.00000
10373	Bishop	Cluster	un	4546748	324	0.211038961	0.26882	0.02632	2.74562	0.57054	0.04274	-1.00000	-1.00000
10379	Bishop	Cluster	un	4548118	107	0.118644068	4.42857	0.46670	42.02293	0.64626	0.05263	-1.00000	-1.00000
10392	Bishop	Cluster	un	4552817	122	0.055746141	0.17241	0.01886	1.57593	0.76343	0.07692	-1.00000	-1.00000
10400	Bishop	Cluster	un	4554490	243	0.464285714	0.41935	0.03596	4.89101	0.37742	0.02098	-1.00000	-1.00000
10411	Bishop	Cluster	un	4560112	269	0.482758621	0.45161	0.03880	5.25593	0.34523	0.01880	-1.00000	-1.00000
10418	Bishop	Cluster	un	4561496	35	0.000000093	44.00000	8.02450	241.26126	1.64345	0.50797	-1.00000	-1.00000
10420	Bishop	Cluster	un	4563150	49	0.245762712	3.20690	0.31542	32.60509	0.50608	0.03448	-1.00000	-1.00000
10430	Bishop	Cluster	un	4567853	31	0.482758621	0.45161	0.03880	5.25593	0.34523	0.01880	-1.00000	-1.00000
10434	Bishop	Cluster	un	4569567	157	0.228675136	3.44444	0.33807	35.09441	0.53712	0.03827	-1.00000	-1.00000
10447	Bishop	Cluster	un	4575179	147	0.106170599	0.20968	0.02205	1.99431	0.67845	0.05844	-1.00000	-1.00000
10456	Bishop	Cluster	un	4578372	131	0.245098039	3.24000	0.31597	33.22326	0.51055	0.04000	-1.00000	-1.00000
10461	Bishop	Cluster	un	4579843	19	1.000000000	1.78571	0.15251	20.90852	0.25181	0.01681	-1.00000	-1.00000
10464	Bishop	Cluster	un	4581023	384	0.500000000	2.07692	0.17741	24.31412	0.31742	0.01961	-1.00000	-1.00000
10465	Bishop	Cluster	un	4581635	123	0.009307886	0.10599	0.01218	0.92241	0.97473	0.12363	-1.00000	-1.00000
10468	Bishop	Cluster	un	4583188	21	0.500000000	2.06667	0.17791	24.00734	0.31527	0.01695	-1.00000	-1.00000
10479	Bishop	Cluster	un	4586414	11	0.482758621	2.21429	0.19026	25.77014	0.34523	0.01880	-1.00000	-1.00000
10499	Bishop	Cluster	un	4594197	73	0.228675136	3.44444	0.33807	35.09441	0.53712	0.03827	-1.00000	-1.00000
10505	Bishop	Cluster	un	4596113	408	0.482758621	0.45161	0.03880	5.25593	0.34523	0.01880	-1.00000	-1.00000
10527	Bishop	Cluster	un	4609121	149	0.007090887	0.09677	0.01108	0.84530	1.01424	0.13846	-1.00000	-1.00000
10540	Bishop	Cluster	un	4616082	42	0.211038961	0.26882	0.02632	2.74562	0.57054	0.04274	-1.00000	-1.00000
10542	Bishop	Cluster	un	4617845	147	0.000000004	67.66666	7.95342	575.69940	1.83037	0.55556	-1.00000	-1.00000
10546	Bishop	Cluster	un	4621071	305	1.000000000	0.51724	0.04445	6.01898	0.28631	0.01637	-1.00000	-1.00000
10548	Bishop	Cluster	un	4621526	23	0.000029534	18.61905	4.19308	82.67648	1.26996	0.36565	-1.00000	-1.00000
10549	Bishop	Cluster	un	4622412	82	1.000000000	1.93333	0.16614	22.49763	0.28631	0.01637	-1.00000	-1.00000
10562	Bishop	Cluster	un	4627782	85	0.005220156	10.56522	1.24359	89.75964	1.02388	0.14444	-1.00000	-1.00000
10568	Bishop	Cluster	un	4629365	44	0.118181818	0.22414	0.02352	2.13589	0.64948	0.05660	-1.00000	-1.00000
10570	Bishop	Cluster	un	4630184	61	0.464285714	0.41935	0.03596	4.89101	0.37742	0.02098	-1.00000	-1.00000
10572	Bishop	Cluster	un	4630922	32	0.245762712	3.20690	0.31542	32.60509	0.50608	0.03448	-1.00000	-1.00000
10597	Bishop	Cluster	un	4640709	176	0.493212670	0.36000	0.03511	3.69147	0.44370	0.03429	-1.00000	-1.00000
10598	Bishop	Cluster	un	4641491	169	0.245454545	3.22222	0.31567	32.89072	0.50816	0.03704	-1.00000	-1.00000
10600	Bishop	Cluster	un	4642912	70	0.227113906	0.28736	0.02808	2.94037	0.54158	0.04142	-1.00000	-1.00000
10615	Bishop	Cluster	un	4648450	17	0.227113906	3.48000	0.34009	35.60907	0.54158	0.04142	-1.00000	-1.00000
10638	Bishop	Cluster	un	4657850	21	0.464285714	0.41935	0.03596	4.89101	0.37742	0.02098	-1.00000	-1.00000
10648	Bishop	Cluster	un	4664607	106	0.001099811	14.68421	1.72165	125.24408	1.16685	0.19231	-1.00000	-1.00000
10652	Bishop	Cluster	un	4667248	297	0.500000000	2.06667	0.17791	24.00734	0.31527	0.01695	-1.00000	-1.00000
10661	Bishop	Cluster	un	4670253	7	0.500000000	2.06667	0.17791	24.00734	0.31527	0.01695	-1.00000	-1.00000
10665	Bishop	Cluster	un	4672088	115	0.005107483	10.71429	1.25313	91.60759	1.02996	0.15584	-1.00000	-1.00000
10673	Bishop	Cluster	un	4676207	352	0.481481481	2.23077	0.19093	26.06312	0.34845	0.02032	-1.00000	-1.00000
10682	Bishop	Cluster	un	4680054	119	0.327683847	3.78261	0.36861	38.81679	0.57779	0.02525	-1.00000	-1.00000
10686	Bishop	Cluster	un	4680742	44	0.482758621	2.21429	0.19026	25.77014	0.34523	0.01880	-1.00000	-1.00000
10704	Bishop	Cluster	un	4687704	6	0.352773933	0.50000	0.14569	1.71599	0.30103	0.02286	-1.00000	-1.00000
10710	Bishop	Cluster	un	4689467	22	0.000648604	0.06452	0.00766	0.54351	1.19033	0.19679	-1.00000	-1.00000
10711	Bishop	Cluster	un	4690366	126	0.000008788	28.33333	3.41461	235.10054	1.45230	0.33684	-1.00000	-1.00000
10715	Bishop	Cluster	un	4692001	143	0.500000000	0.48387	0.04165	5.62086	0.31527	0.01695	-1.00000	-1.00000
10722	Bishop	Cluster	un	4695899	14	0.000000000	170.50000	17.81958	1631.36597	2.23172	0.79545	-1.00000	-1.00000
10729	Bishop	Cluster	un	4700029	51	0.007085227	0.06897	0.00790	0.60200	1.16137	0.16000	-1.00000	-1.00000
10739	Bishop	Cluster	un	4703373	241	0.227113906	3.48000	0.34009	35.60907	0.54158	0.04142	-1.00000	-1.00000
10741	Bishop	Cluster	un	4704926	96	0.500000000	0.48276	0.04141	5.62819	0.31627	0.01818	-1.00000	-1.00000
10746	Bishop	Cluster	un	4707422	123	0.118644068	0.22581	0.02380	2.14269	0.64626	0.05263	-1.00000	-1.00000
10749	Bishop	Cluster	un	4709149	147	0.017220725	8.45455	0.94960	75.27277	0.92709	0.11312	-1.00000	-1.00000
10750	Bishop	Cluster	un	4709880	146	0.023206538	9.66667	1.10451	84.60300	0.98528	0.09858	-1.00000	-1.00000
10751	Bishop	Cluster	un	4710639	104	0.245454545	0.31034	0.03040	3.16783	0.50816	0.03704	-1.00000	-1.00000
10752	Bishop	Cluster	un	4711516	143	0.192872117	0.24731	0.02414	2.53324	0.60676	0.04808	-1.00000	-1.00000
10755	Bishop	Cluster	un	4712862	121	0.005271268	0.09677	0.01132	0.82757	1.01424	0.13208	-1.00000	-1.00000
10759	Bishop	Cluster	un	4714318	29	0.514437087	0.57823	0.15543	2.15115	0.23790	0.01351	-1.00000	-1.00000
10762	Bishop	Cluster	un	4716783	139	0.011587178	0.15152	0.03647	0.62943	0.81954	0.13846	-1.00000	-1.00000
10776	Bishop	Cluster	un	4721865	486	1.000000000	1.92308	0.16389	22.56519	0.28400	0.01884	-1.00000	-1.00000
10778	Bishop	Cluster	un	4722945	58	0.482758621	2.21429	0.19026	25.77014	0.34523	0.01880	-1.00000	-1.00000
10791	Bishop	Cluster	un	4729582	106	0.003465046	0.08333	0.00958	0.72459	1.07918	0.17636	-1.00000	-1.00000
10793	Bishop	Cluster	un	4730321	66	0.011860352	8.68000	1.00047	75.30706	0.93852	0.11111	-1.00000	-1.00000
10794	Bishop	Cluster	un	4731530	420	0.500000000	0.48276	0.04141	5.62819	0.31627	0.01818	-1.00000	-1.00000
10799	Bishop	Cluster	un	4732699	38	0.091583710	0.18966	0.01978	1.81808	0.72204	0.07143	-1.00000	-1.00000
10824	Bishop	Cluster	un	4743745	111	0.617021277	2.09091	0.17675	24.73540	0.32034	0.00741	-1.00000	-1.00000
10828	Bishop	Cluster	un	4746555	345	0.491833031	0.33333	0.03272	3.39531	0.47712	0.03333	-1.00000	-1.00000
10838	Bishop	Cluster	un	4750215	10	0.026092774	7.15385	0.80847	63.30171	0.85454	0.09091	-1.00000	-1.00000
10851	Bishop	Cluster	un	4757110	445	1.000000000	0.56000	0.04783	6.55691	0.25181	0.01681	-1.00000	-1.00000
10855	Bishop	Cluster	un	4758659	19	0.482758621	0.45161	0.03880	5.25593	0.34523	0.01880	-1.00000	-1.00000
10857	Bishop	Cluster	un	4759634	139	0.025636778	5.20833	1.24052	21.86730	0.71670	0.10516	-1.00000	-1.00000
10859	Bishop	Cluster	un	4761092	36	0.052204180	0.30000	0.08978	1.00249	0.52288	0.06703	-1.00000	-1.00000
10862	Bishop	Cluster	un	4762217	312	0.500000000	2.06667	0.17791	24.00734	0.31527	0.01695	-1.00000	-1.00000
10871	Bishop	Cluster	un	4765834	50	1.000000000	0.55556	0.04765	6.47777	0.25527	0.01576	-1.00000	-1.00000
10874	Bishop	Cluster	un	4767288	121	0.074505202	0.21429	0.04033	1.13861	0.66901	0.06402	-1.00000	-1.00000
10878	Bishop	Cluster	un	4768873	110	0.482758621	0.45161	0.03880	5.25593	0.34523	0.01880	-1.00000	-1.00000
10886	Bishop	Cluster	un	4772870	127	0.091583710	5.27273	0.55003	50.54564	0.72204	0.07143	-1.00000	-1.00000
10895	Bishop	Cluster	un	4775434	139	0.026092774	7.15385	0.80847	63.30171	0.85454	0.09091	-1.00000	-1.00000
10896	Bishop	Cluster	un	4776174	91	0.000977321	0.06513	0.00758	0.55974	1.18619	0.21212	-1.00000	-1.00000
10897	Bishop	Cluster	un	4776985	70	0.007090887	0.09677	0.01108	0.84530	1.01424	0.13846	-1.00000	-1.00000
10910	Bishop	Cluster	un	4783050	389	1.000000000	1.92857	0.16509	22.52900	0.28524	0.01752	-1.00000	-1.00000
10913	Bishop	Cluster	un	4784496	208	0.444444444	0.38710	0.03311	4.52610	0.41218	0.02358	-1.00000	-1.00000
10919	Bishop	Cluster	un	4785927	107	0.237749546	0.24138	0.02539	2.29481	0.61730	0.05091	-1.00000	-1.00000
10935	Bishop	Cluster	un	4791313	37	0.000000000	162.50000	16.97265	1555.81152	2.21085	0.79365	-1.00000	-1.00000
10939	Bishop	Cluster	un	4793759	18	0.228675136	0.29032	0.02849	2.95801	0.53712	0.03827	-1.00000	-1.00000
10955	Bishop	Cluster	un	4800012	57	0.000273662	0.05333	0.00631	0.45075	1.27300	0.26036	-1.00000	-1.00000
10961	Bishop	Cluster	un	4803892	99	1.000000000	0.78571	0.10237	6.03051	0.10474	0.00100	-1.00000	-1.00000
10965	Bishop	Cluster	un	4805560	148	0.211038961	3.72000	0.36422	37.99496	0.57054	0.04274	-1.00000	-1.00000
10968	Bishop	Cluster	un	4807233	30	0.228675136	3.44444	0.33807	35.09441	0.53712	0.03827	-1.00000	-1.00000
10969	Bishop	Cluster	un	4808054	56	0.006689109	5.15152	1.57284	16.87270	0.71193	0.14464	-1.00000	-1.00000
10973	Bishop	Cluster	un	4810684	304	0.244680851	0.30667	0.02975	3.16133	0.51333	0.04348	-1.00000	-1.00000
10978	Bishop	Cluster	un	4814472	92	1.000000000	0.55556	0.04765	6.47777	0.25527	0.01576	-1.00000	-1.00000
10987	Bishop	Cluster	un	4820840	8	0.101420854	2.66667	0.85001	8.36589	0.42597	0.05769	-1.00000	-1.00000
10988	Bishop	Cluster	un	4821692	26	0.056199822	0.17419	0.01914	1.58503	0.75897	0.07143	-1.00000	-1.00000
10991	Bishop	Cluster	un	4822677	128	0.500000000	0.48387	0.04165	5.62086	0.31527	0.01695	-1.00000	-1.00000
10993	Bishop	Cluster	un	4823638	293	0.464285714	0.41935	0.03596	4.89101	0.37742	0.02098	-1.00000	-1.00000
10996	Bishop	Cluster	un	4825004	40	0.500000000	2.06667	0.17791	24.00734	0.31527	0.01695	-1.00000	-1.00000
11014	Bishop	Cluster	un	4829915	248	0.496855346	2.58621	0.25274	26.46334	0.41266	0.03077	-1.00000	-1.00000
11022	Bishop	Cluster	un	4833471	515	0.480000000	0.44444	0.03787	5.21605	0.35218	0.02211	-1.00000	-1.00000
11023	Bishop	Cluster	un	4833822	55	0.011146345	7.22222	1.41105	36.96581	0.85867	0.12121	-1.00000	-1.00000
11029	Bishop	Cluster	un	4836240	92	0.000092300	13.24242	3.22061	54.44986	1.12197	0.27975	-1.00000	-1.00000
11031	Bishop	Cluster	un	4837786	150	0.480836588	1.91667	0.42797	8.58387	0.28255	0.01320	-1.00000	-1.00000
11035	Bishop	Cluster	un	4840038	57	0.245454545	3.22222	0.31567	32.89072	0.50816	0.03704	-1.00000	-1.00000
11040	Bishop	Cluster	un	4841548	58	0.482758621	0.45161	0.03880	5.25593	0.34523	0.01880	-1.00000	-1.00000
11049	Bishop	Cluster	un	4842381	89	0.357724628	3.83333	0.39811	36.91008	0.58358	0.02928	-1.00000	-1.00000
11050	Bishop	Cluster	un	4843257	141	1.000000000	1.93333	0.16614	22.49763	0.28631	0.01637	-1.00000	-1.00000
11059	Bishop	Cluster	un	4846035	429	0.500000000	0.48148	0.04113	5.63661	0.31742	0.01961	-1.00000	-1.00000
11088	Bishop	Cluster	un	4856127	119	0.431086671	2.16667	0.36328	12.92254	0.33579	0.01333	-1.00000	-1.00000
11089	Bishop	Cluster	un	4856583	87	0.245762712	3.20690	0.31542	32.60509	0.50608	0.03448	-1.00000	-1.00000
11096	Bishop	Cluster	un	4860493	122	0.245283019	0.28000	0.02931	2.67453	0.55284	0.04706	-1.00000	-1.00000
11101	Bishop	Cluster	un	4862942	113	0.491264850	3.00000	0.29328	30.68711	0.47712	0.03571	-1.00000	-1.00000
11104	Bishop	Cluster	un	4863760	50	0.111436688	2.51852	0.83718	7.57655	0.40115	0.05096	-1.00000	-1.00000
11105	Bishop	Cluster	un	4864745	192	0.500000000	0.48387	0.04165	5.62086	0.31527	0.01695	-1.00000	-1.00000
11110	Bishop	Cluster	un	4867045	85	0.002587025	12.88889	1.48569	111.81544	1.11022	0.18148	-1.00000	-1.00000
11114	Bishop	Cluster	un	4868769	196	0.480000000	0.44444	0.03787	5.21605	0.35218	0.02211	-1.00000	-1.00000
11115	Bishop	Cluster	un	4869531	73	0.228675136	0.29032	0.02849	2.95801	0.53712	0.03827	-1.00000	-1.00000
11123	Bishop	Cluster	un	4875179	121	1.000000000	0.51852	0.04439	6.05718	0.28524	0.01752	-1.00000	-1.00000
11132	Bishop	Cluster	un	4876833	96	0.482758621	0.45161	0.03880	5.25593	0.34523	0.01880	-1.00000	-1.00000
11134	Bishop	Cluster	un	4878422	40	0.093795094	5.16667	0.54173	49.27621	0.71321	0.06531	-1.00000	-1.00000
11139	Bishop	Cluster	un	4880241	104	0.464285714	2.38462	0.20446	27.81217	0.37742	0.02098	-1.00000	-1.00000
11143	Bishop	Cluster	un	4882777	91	0.001099811	0.06810	0.00798	0.58084	1.16685	0.19231	-1.00000	-1.00000
11150	Bishop	Cluster	un	4886059	121	0.000251499	0.05572	0.00665	0.46667	1.25400	0.22321	-1.00000	-1.00000
11154	Bishop	Cluster	un	4886852	128	0.500000000	0.48387	0.04165	5.62086	0.31527	0.01695	-1.00000	-1.00000
11155	Bishop	Cluster	un	4887702	141	0.026092774	7.15385	0.80847	63.30171	0.85454	0.09091	-1.00000	-1.00000
11158	Bishop	Cluster	un	4889303	95	0.000000000	372.00000	31.81549	4349.58008	2.57054	0.92742	-1.00000	-1.00000
11161	Bishop	Cluster	un	4891635	107	0.012475695	11.57143	1.35697	98.67399	1.06339	0.12223	-1.00000	-1.00000
11165	Bishop	Cluster	un	4893943	82	0.361183661	1.86667	0.51769	6.73071	0.27107	0.01775	-1.00000	-1.00000
11173	Bishop	Cluster	un	4897122	39	0.025728988	7.25000	0.81543	64.45982	0.86034	0.09804	-1.00000	-1.00000
11175	Bishop	Cluster	un	4898953	170	0.493212670	2.77778	0.27089	28.48358	0.44370	0.03429	-1.00000	-1.00000
11181	Bishop	Cluster	un	4902552	431	0.208144796	0.26437	0.02576	2.71292	0.57779	0.04667	-1.00000	-1.00000
11187	Bishop	Cluster	un	4903757	83	0.692765614	0.61111	0.12346	3.02480	0.21388	0.00659	-1.00000	-1.00000
11189	Bishop	Cluster	un	4904673	108	0.245762712	0.31183	0.03067	3.17041	0.50608	0.03448	-1.00000	-1.00000
11195	Bishop	Cluster	un	4907898	81	0.482758621	2.21429	0.19026	25.77014	0.34523	0.01880	-1.00000	-1.00000
11197	Bishop	Cluster	un	4908949	320	0.500000000	0.48276	0.04141	5.62819	0.31627	0.01818	-1.00000	-1.00000
11206	Bishop	Cluster	un	4912560	84	0.245762712	0.31183	0.03067	3.17041	0.50608	0.03448	-1.00000	-1.00000
11210	Bishop	Cluster	un	4914298	204	0.055222089	0.17037	0.01854	1.56542	0.76861	0.08333	-1.00000	-1.00000
11212	Bishop	Cluster	un	4915876	155	0.002542185	15.62500	1.82133	134.04559	1.19382	0.17960	-1.00000	-1.00000
11231	Bishop	Cluster	un	4925649	196	0.444444444	0.38710	0.03311	4.52610	0.41218	0.02358	-1.00000	-1.00000
11239	Bishop	Cluster	un	4929672	375	1.000000000	1.93333	0.16614	22.49763	0.28631	0.01637	-1.00000	-1.00000
11243	Bishop	Cluster	un	4931670	39	0.228675136	3.44444	0.33807	35.09441	0.53712	0.03827	-1.00000	-1.00000
11257	Bishop	Cluster	un	4936675	32	0.500000000	0.48387	0.04165	5.62086	0.31527	0.01695	-1.00000	-1.00000
11260	Bishop	Cluster	un	4937512	73	0.002304137	16.42857	1.89393	142.50671	1.21560	0.19902	-1.00000	-1.00000
11263	Bishop	Cluster	un	4939835	19	0.500000000	2.06667	0.17791	24.00734	0.31527	0.01695	-1.00000	-1.00000
11268	Bishop	Cluster	un	4941245	51	0.500000000	2.06667	0.17791	24.00734	0.31527	0.01695	-1.00000	-1.00000
11275	Bishop	Cluster	un	4944686	122	0.245283019	3.57143	0.37390	34.11384	0.55284	0.04706	-1.00000	-1.00000
11280	Bishop	Cluster	un	4946159	86	0.500000000	0.48387	0.04165	5.62086	0.31527	0.01695	-1.00000	-1.00000
11300	Bishop	Cluster	un	4955087	467	1.000000000	1.00000	0.05920	16.89051	0.00000	0.00000	-1.00000	-1.00000
11312	Bishop	Cluster	un	4958988	377	1.000000000	0.52000	0.04432	6.10163	0.28400	0.01884	-1.00000	-1.00000
11319	Bishop	Cluster	un	4960471	128	0.500000000	2.07143	0.17768	24.14955	0.31627	0.01818	-1.00000	-1.00000
11324	Bishop	Cluster	un	4962754	341	1.000000000	1.00000	0.05944	16.82259	0.00000	0.00000	-1.00000	-1.00000
11327	Bishop	Cluster	un	4963960	15	0.500000000	2.06667	0.17791	24.00734	0.31527	0.01695	-1.00000	-1.00000
11330	Bishop	Cluster	un	4965576	45	0.211038961	0.26882	0.02632	2.74562	0.57054	0.04274	-1.00000	-1.00000
11334	Bishop	Cluster	un	4966469	104	0.025378648	7.56000	0.86769	65.86901	0.87852	0.10400	-1.00000	-1.00000
11335	Bishop	Cluster	un	4967214	59	1.000000000	1.93333	0.16614	22.49763	0.28631	0.01637	-1.00000	-1.00000
11336	Bishop	Cluster	un	4968004	74	0.000213613	9.16667	2.70765	31.03350	0.96221	0.25128	-1.00000	-1.00000
11337	Bishop	Cluster	un	4969097	436	0.461538462	0.41379	0.03533	4.84665	0.38322	0.02288	-1.00000	-1.00000
11344	Bishop	Cluster	un	4970292	104	0.245762712	0.31183	0.03067	3.17041	0.50608	0.03448	-1.00000	-1.00000
11356	Bishop	Cluster	un	4975356	354	0.245762712	0.31183	0.03067	3.17041	0.50608	0.03448	-1.00000	-1.00000
11365	Bishop	Cluster	un	4977538	50	0.118644068	4.42857	0.46670	42.02293	0.64626	0.05263	-1.00000	-1.00000
11366	Bishop	Cluster	un	4978480	219	1.000000000	0.52000	0.04432	6.10163	0.28400	0.01884	-1.00000	-1.00000
11374	Bishop	Cluster	un	4982346	119	0.106170599	0.20968	0.02205	1.99431	0.67845	0.05844	-1.00000	-1.00000
11375	Bishop	Cluster	un	4983157	100	0.007090887	10.33333	1.18301	90.25963	1.01424	0.13846	-1.00000	-1.00000
11381	Bishop	Cluster	un	4985589	86	0.000000000	207.00000	20.12924	2128.69409	2.31597	0.72864	-1.00000	-1.00000
11388	Bishop	Cluster	un	4988818	67	0.480000000	0.44444	0.03787	5.21605	0.35218	0.02211	-1.00000	-1.00000
11394	Bishop	Cluster	un	4992379	274	0.106170599	0.20968	0.02205	1.99431	0.67845	0.05844	-1.00000	-1.00000
11408	Bishop	Cluster	un	4999138	430	1.000000000	1.92308	0.16389	22.56519	0.28400	0.01884	-1.00000	-1.00000
11427	Bishop	Cluster	un	5008123	514	0.461538462	0.41379	0.03533	4.84665	0.38322	0.02288	-1.00000	-1.00000
11430	Bishop	Cluster	un	5010109	31	0.245762712	3.20690	0.31542	32.60509	0.50608	0.03448	-1.00000	-1.00000
11433	Bishop	Cluster	un	5012060	401	1.000000000	0.51724	0.04445	6.01898	0.28631	0.01637	-1.00000	-1.00000
11434	Bishop	Cluster	un	5012577	70	0.227113906	0.28736	0.02808	2.94037	0.54158	0.04142	-1.00000	-1.00000
11441	Bishop	Cluster	un	5015552	56	0.245159063	2.25000	0.68512	7.38917	0.35218	0.03501	-1.00000	-1.00000
11445	Bishop	Cluster	un	5018046	218	0.500000000	0.48276	0.04141	5.62819	0.31627	0.01818	-1.00000	-1.00000
11446	Bishop	Cluster	un	5018697	58	0.227113906	3.48000	0.34009	35.60907	0.54158	0.04142	-1.00000	-1.00000
11472	Bishop	Cluster	un	5027527	71	0.000000000	103.57143	11.91421	900.35651	2.01524	0.65882	-1.00000	-1.00000
11476	Bishop	Cluster	un	5028881	44	0.025728988	0.13793	0.01551	1.22635	0.86034	0.09804	-1.00000	-1.00000
11483	Bishop	Cluster	un	5032312	125	0.464285714	0.41935	0.03596	4.89101	0.37742	0.02098	-1.00000	-1.00000
11485	Bishop	Cluster	un	5033809	23	0.118644068	4.42857	0.46670	42.02293	0.64626	0.05263	-1.00000	-1.00000
11491	Bishop	Cluster	un	5037660	413	0.500000000	0.48276	0.04141	5.62819	0.31627	0.01818	-1.00000	-1.00000
11492	Bishop	Cluster	un	5038130	66	0.482758621	0.45161	0.03880	5.25593	0.34523	0.01880	-1.00000	-1.00000
11493	Bishop	Cluster	un	5038941	108	0.500000000	0.48387	0.04165	5.62086	0.31527	0.01695	-1.00000	-1.00000
11501	Bishop	Cluster	un	5042120	11	0.056199822	5.74074	0.63090	52.23658	0.75897	0.07143	-1.00000	-1.00000
11505	Bishop	Cluster	un	5043868	71	0.000000000	837.00000	49.91668	14034.76660	2.92273	1.00000	-1.00000	-1.00000
11508	Bishop	Cluster	un	5045493	14	0.021448606	0.12903	0.01454	1.14498	0.88930	0.10108	-1.00000	-1.00000
11509	Bishop	Cluster	un	5046396	117	0.618644068	2.07143	0.17768	24.14955	0.31627	0.00585	-1.00000	-1.00000
11515	Bishop	Cluster	un	5049555	205	0.500000000	2.07143	0.17768	24.14955	0.31627	0.01818	-1.00000	-1.00000
11517	Bishop	Cluster	un	5051017	30	0.000009385	29.00000	3.45766	243.22809	1.46240	0.34146	-1.00000	-1.00000
11522	Bishop	Cluster	un	5053750	310	0.103265306	4.90909	0.51099	47.16195	0.69100	0.06915	-1.00000	-1.00000
11526	Bishop	Cluster	un	5055962	143	0.491833031	3.00000	0.29452	30.55776	0.47712	0.03333	-1.00000	-1.00000
11540	Bishop	Cluster	un	5062299	45	0.000000241	45.00000	5.39926	375.05106	1.65321	0.44505	-1.00000	-1.00000
11553	Bishop	Cluster	un	5066263	19	0.000081956	0.04399	0.00519	0.37311	1.35666	0.28409	-1.00000	-1.00000
11561	Bishop	Cluster	un	5069314	63	0.464285714	0.41935	0.03596	4.89101	0.37742	0.02098	-1.00000	-1.00000
11565	Bishop	Cluster	un	5070134	82	0.008914258	0.10345	0.01182	0.90538	0.98528	0.13462	-1.00000	-1.00000
11572	Bishop	Cluster	un	5073685	44	0.000080714	0.04598	0.00547	0.38665	1.33746	0.27549	-1.00000	-1.00000
11575	Bishop	Cluster	un	5076068	22	0.245762712	3.20690	0.31542	32.60509	0.50608	0.03448	-1.00000	-1.00000
11576	Bishop	Cluster	un	5076805	6	0.228675136	3.44444	0.33807	35.09441	0.53712	0.03827	-1.00000	-1.00000
11587	Bishop	Cluster	un	5081150	401	0.461538462	0.41379	0.03533	4.84665	0.38322	0.02288	-1.00000	-1.00000
11594	Bishop	Cluster	un	5084191	77	0.000110472	0.04667	0.00548	0.39759	1.33099	0.29730	-1.00000	-1.00000
11596	Bishop	Cluster	un	5084942	22	0.000000000	241.66667	23.61758	2472.85181	2.38322	0.86154	-1.00000	-1.00000
11607	Bishop	Cluster	un	5090659	104	0.106170599	0.20968	0.02205	1.99431	0.67845	0.05844	-1.00000	-1.00000
11610	Bishop	Cluster	un	5092162	35	0.023501224	8.21739	0.94023	71.81789	0.91473	0.11607	-1.00000	-1.00000
11612	Bishop	Cluster	un	5092994	37	0.000017296	0.03722	0.00444	0.31176	1.42921	0.31469	-1.00000	-1.00000
11624	Bishop	Cluster	un	5097644	28	0.000000000	899.00000	53.70762	15048.16211	2.95376	1.00000	-1.00000	-1.00000
11625	Bishop	Cluster	un	5098534	90	0.000706867	0.06093	0.00710	0.52259	1.21516	0.21739	-1.00000	-1.00000
11628	Bishop	Cluster	un	5100093	80	0.211038961	0.26882	0.02632	2.74562	0.57054	0.04274	-1.00000	-1.00000
11636	Bishop	Cluster	un	5104361	411	0.225306122	0.28395	0.02761	2.92002	0.54676	0.04514	-1.00000	-1.00000
11646	Bishop	Cluster	un	5109438	144	0.002853915	6.10714	1.83591	20.31540	0.78584	0.17926	-1.00000	-1.00000
11651	Bishop	Cluster	un	5113219	98	1.000000000	1.93333	0.16614	22.49763	0.28631	0.01637	-1.00000	-1.00000
11656	Bishop	Cluster	un	5115692	151	0.245762712	3.20690	0.31542	32.60509	0.50608	0.03448	-1.00000	-1.00000
11658	Bishop	Cluster	un	5116337	25	0.500000000	2.06667	0.17791	24.00734	0.31527	0.01695	-1.00000	-1.00000
11659	Bishop	Cluster	un	5117163	33	0.201543739	4.50000	0.46992	43.09288	0.65321	0.03529	-1.00000	-1.00000
11660	Bishop	Cluster	un	5118047	82	0.000000000	261.00000	25.56952	2664.14868	2.41664	0.86667	-1.00000	-1.00000
11663	Bishop	Cluster	un	5118832	67	0.027721226	5.13333	1.21825	21.63021	0.71040	0.11000	-1.00000	-1.00000
11673	Bishop	Cluster	un	5125725	116	0.132281015	2.25874	0.80171	6.36377	0.35387	0.04018	-1.00000	-1.00000
11683	Bishop	Cluster	un	5130643	118	0.236897275	4.15385	0.43495	39.66973	0.61845	0.05462	-1.00000	-1.00000
11691	Bishop	Cluster	un	5133671	12	0.500000000	0.48387	0.04165	5.62086	0.31527	0.01695	-1.00000	-1.00000
11697	Bishop	Cluster	un	5137909	400	0.500000000	0.48387	0.04165	5.62086	0.31527	0.01695	-1.00000	-1.00000
11699	Bishop	Cluster	un	5138462	128	0.056199822	5.74074	0.63090	52.23658	0.75897	0.07143	-1.00000	-1.00000
11702	Bishop	Cluster	un	5140228	251	0.491264850	0.33333	0.03259	3.40968	0.47712	0.03571	-1.00000	-1.00000
11703	Bishop	Cluster	un	5141095	301	0.118644068	0.22581	0.02380	2.14269	0.64626	0.05263	-1.00000	-1.00000
11715	Bishop	Cluster	un	5145653	93	0.500000000	0.48276	0.04141	5.62819	0.31627	0.01818	-1.00000	-1.00000
11722	Bishop	Cluster	un	5148927	101	0.500000000	0.48387	0.04165	5.62086	0.31527	0.01695	-1.00000	-1.00000
11740	Bishop	Cluster	un	5155467	422	1.000000000	0.51852	0.04439	6.05718	0.28524	0.01752	-1.00000	-1.00000
11743	Bishop	Cluster	un	5155961	78	0.086884488	0.34091	0.10417	1.11569	0.46736	0.05855	-1.00000	-1.00000
11749	Bishop	Cluster	un	5158382	153	0.500000000	2.06667	0.17791	24.00734	0.31527	0.01695	-1.00000	-1.00000
11755	Bishop	Cluster	un	5160727	39	0.056199822	0.17419	0.01914	1.58503	0.75897	0.07143	-1.00000	-1.00000
11757	Bishop	Cluster	un	5162310	57	0.000000000	106.33334	11.91992	948.56152	2.02667	0.68531	-1.00000	-1.00000
11764	Bishop	Cluster	un	5164096	100	0.008914258	9.66667	1.10451	84.60300	0.98528	0.13462	-1.00000	-1.00000
11770	Bishop	Cluster	un	5167910	32	0.112852665	5.37037	0.58906	48.96109	0.73000	0.06914	-1.00000	-1.00000
11775	Bishop	Cluster	un	5170324	107	1.000000000	1.93333	0.16614	22.49763	0.28631	0.01637	-1.00000	-1.00000
11782	Bishop	Cluster	un	5175195	27	0.003714274	11.60000	1.34375	100.13750	1.06446	0.16039	-1.00000	-1.00000
11784	Bishop	Cluster	un	5176038	95	0.211038961	0.26882	0.02632	2.74562	0.57054	0.04274	-1.00000	-1.00000
11800	Bishop	Cluster	un	5183858	50	1.000000000	1.92857	0.16509	22.52900	0.28524	0.01752	-1.00000	-1.00000
11801	Bishop	Cluster	un	5184726	149	0.106170599	0.20968	0.02205	1.99431	0.67845	0.05844	-1.00000	-1.00000
11808	Bishop	Cluster	un	5186921	49	0.228675136	3.44444	0.33807	35.09441	0.53712	0.03827	-1.00000	-1.00000
11819	Bishop	Cluster	un	5192604	218	0.500000000	0.48276	0.04141	5.62819	0.31627	0.01818	-1.00000	-1.00000
11833	Bishop	Cluster	un	5194934	149	0.500000000	0.48387	0.04165	5.62086	0.31527	0.01695	-1.00000	-1.00000
11835	Bishop	Cluster	un	5195382	14	0.559416176	0.68627	0.20519	2.29535	0.16350	0.00781	-1.00000	-1.00000
11837	Bishop	Cluster	un	5196494	268	0.464285714	0.41935	0.03596	4.89101	0.37742	0.02098	-1.00000	-1.00000
11843	Bishop	Cluster	un	5199597	387	0.464285714	0.41935	0.03596	4.89101	0.37742	0.02098	-1.00000	-1.00000
11845	Bishop	Cluster	un	5200984	58	0.025116561	0.13143	0.01500	1.15167	0.88131	0.11180	-1.00000	-1.00000
11858	Bishop	Cluster	un	5205055	66	0.023977923	0.12315	0.01417	1.07058	0.90956	0.10769	-1.00000	-1.00000
11865	Bishop	Cluster	un	5206789	111	0.048259363	6.20000	0.67962	56.56101	0.79239	0.07937	-1.00000	-1.00000
11866	Bishop	Cluster	un	5207601	114	0.052549084	0.14943	0.01685	1.32480	0.82558	0.08805	-1.00000	-1.00000
11867	Bishop	Cluster	un	5208337	89	0.500000000	0.48387	0.04165	5.62086	0.31527	0.01695	-1.00000	-1.00000
11872	Bishop	Cluster	un	5209957	132	0.200273305	5.00000	0.54441	45.92110	0.69897	0.04274	-1.00000	-1.00000
11886	Bishop	Cluster	un	5218145	65	0.482758621	0.45161	0.03880	5.25593	0.34523	0.01880	-1.00000	-1.00000
11889	Bishop	Cluster	un	5220862	479	0.225306122	0.28395	0.02761	2.92002	0.54676	0.04514	-1.00000	-1.00000
11891	Bishop	Cluster	un	5221171	21	0.500000000	0.48387	0.04165	5.62086	0.31527	0.01695	-1.00000	-1.00000
11901	Bishop	Cluster	un	5225909	16	1.000000000	0.52000	0.04432	6.10163	0.28400	0.00517	-1.00000	-1.00000
11909	Bishop	Cluster	un	5230865	59	0.500000000	2.07143	0.17768	24.14955	0.31627	0.01818	-1.00000	-1.00000
11934	Bishop	Cluster	un	5242752	84	0.011603269	0.11330	0.01299	0.98798	0.94577	0.12000	-1.00000	-1.00000
11935	Bishop	Cluster	un	5243910	467	1.000000000	1.80000	0.15437	20.98797	0.25527	0.01576	-1.00000	-1.00000
11938	Bishop	Cluster	un	5245269	231	0.461538462	0.41379	0.03533	4.84665	0.38322	0.02288	-1.00000	-1.00000
11941	Bishop	Cluster	un	5245932	115	0.500000000	0.48387	0.04165	5.62086	0.31527	0.01695	-1.00000	-1.00000
11943	Bishop	Cluster	un	5247318	60	0.491833031	3.00000	0.29452	30.55776	0.47712	0.03333	-1.00000	-1.00000
11948	Bishop	Cluster	un	5250440	24	0.491264850	3.00000	0.29328	30.68711	0.47712	0.03571	-1.00000	-1.00000
11953	Bishop	Cluster	un	5252968	273	0.033599894	0.13548	0.01475	1.24418	0.86811	0.10000	-1.00000	-1.00000
11972	Bishop	Cluster	un	5260932	254	0.464285714	0.41935	0.03596	4.89101	0.37742	0.02098	-1.00000	-1.00000
11977	Bishop	Cluster	un	5263131	52	0.500000000	0.48387	0.04165	5.62086	0.31527	0.01695	-1.00000	-1.00000
11987	Bishop	Cluster	un	5268800	51	0.118644068	4.42857	0.46670	42.02293	0.64626	0.05263	-1.00000	-1.00000
11993	Bishop	Cluster	un	5271236	57	0.005220156	10.56522	1.24359	89.75964	1.02388	0.14444	-1.00000	-1.00000
11997	Bishop	Cluster	un	5273673	114	0.000000000	237.66667	23.20264	2434.44067	2.37597	0.85938	-1.00000	-1.00000
11999	Bishop	Cluster	un	5274802	411	0.500000000	0.48148	0.04113	5.63661	0.31742	0.01961	-1.00000	-1.00000
12000	Bishop	Cluster	un	5275394	158	0.211038961	0.26882	0.02632	2.74562	0.57054	0.04274	-1.00000	-1.00000
12004	Bishop	Cluster	un	5276960	76	0.464285714	2.38462	0.20446	27.81217	0.37742	0.02098	-1.00000	-1.00000
12009	Bishop	Cluster	un	5279293	16	0.245762712	0.31183	0.03067	3.17041	0.50608	0.03448	-1.00000	-1.00000
12028	Bishop	Cluster	un	5288712	165	0.500000000	0.48276	0.04141	5.62819	0.31627	0.01818	-1.00000	-1.00000
12030	Bishop	Cluster	un	5289345	61	0.228675136	0.29032	0.02849	2.95801	0.53712	0.03827	-1.00000	-1.00000
12031	Bishop	Cluster	un	5290074	37	0.000001371	51.75000	5.91776	452.54681	1.71391	0.44849	-1.00000	-1.00000
12035	Bishop	Cluster	un	5291549	34	0.106170599	0.20968	0.02205	1.99431	0.67845	0.05844	-1.00000	-1.00000
12036	Bishop	Cluster	un	5292332	45	0.500000000	2.07692	0.17741	24.31412	0.31742	0.01961	-1.00000	-1.00000
12057	Bishop	Cluster	un	5300664	298	1.000000000	1.93333	0.16614	22.49763	0.28631	0.01637	-1.00000	-1.00000
12062	Bishop	Cluster	un	5304237	413	0.482758621	0.45161	0.03880	5.25593	0.34523	0.01880	-1.00000	-1.00000
12066	Bishop	Cluster	un	5305324	53	0.041229845	5.50000	1.02710	29.45189	0.74036	0.09474	-1.00000	-1.00000
12068	Bishop	Cluster	un	5306113	67	0.000012389	28.84615	3.41998	243.30547	1.46009	0.35897	-1.00000	-1.00000
12079	Bishop	Cluster	un	5311504	81	0.048259363	6.20000	0.67962	56.56101	0.79239	0.07937	-1.00000	-1.00000
12094	Bishop	Cluster	un	5318688	369	0.482758621	0.45161	0.03880	5.25593	0.34523	0.01880	-1.00000	-1.00000
12101	Bishop	Cluster	un	5322673	120	0.482758621	2.21429	0.19026	25.77014	0.34523	0.01880	-1.00000	-1.00000
12103	Bishop	Cluster	un	5324128	41	0.118644068	0.22581	0.02380	2.14269	0.64626	0.05263	-1.00000	-1.00000
12105	Bishop	Cluster	un	5325678	84	0.237749546	0.24138	0.02539	2.29481	0.61730	0.05091	-1.00000	-1.00000
12109	Bishop	Cluster	un	5328158	132	0.033599894	0.13548	0.01475	1.24418	0.86811	0.10000	-1.00000	-1.00000
12118	Bishop	Cluster	un	5332303	128	0.040703531	6.73913	0.73649	61.66531	0.82860	0.08876	-1.00000	-1.00000
12125	Bishop	Cluster	un	5335545	154	0.056199822	5.74074	0.63090	52.23658	0.75897	0.07143	-1.00000	-1.00000
12135	Bishop	Cluster	un	5340267	19	0.001954280	0.07258	0.00838	0.62842	1.13918	0.18617	-1.00000	-1.00000
12137	Bishop	Cluster	un	5341137	16	0.000000000	124.00000	13.97399	1100.33020	2.09342	0.70408	-1.00000	-1.00000
12139	Bishop	Cluster	un	5342853	114	0.118644068	0.22581	0.02380	2.14269	0.64626	0.05263	-1.00000	-1.00000
12163	Bishop	Cluster	un	5356394	28	0.482758621	0.45161	0.03880	5.25593	0.34523	0.01880	-1.00000	-1.00000
12164	Bishop	Cluster	un	5357447	214	0.464285714	0.41935	0.03596	4.89101	0.37742	0.02098	-1.00000	-1.00000
12165	Bishop	Cluster	un	5358449	424	1.000000000	0.85185	0.05042	14.39326	0.06964	0.00024	-1.00000	-1.00000
12166	Bishop	Cluster	un	5358946	111	0.245762712	0.31183	0.03067	3.17041	0.50608	0.03448	-1.00000	-1.00000
12169	Bishop	Cluster	un	5359695	32	0.058686282	0.24000	0.05813	0.99082	0.61979	0.07346	-1.00000	-1.00000
12170	Bishop	Cluster	un	5360456	13	0.245762712	0.31183	0.03067	3.17041	0.50608	0.03448	-1.00000	-1.00000
12175	Bishop	Cluster	un	5363615	54	0.199433358	0.20000	0.02165	1.84793	0.69897	0.04563	-1.00000	-1.00000
12176	Bishop	Cluster	un	5364424	49	0.000031385	14.92857	3.78088	58.94453	1.17402	0.33733	-1.00000	-1.00000
12177	Bishop	Cluster	un	5365251	34	0.118644068	0.22581	0.02380	2.14269	0.64626	0.05263	-1.00000	-1.00000
12182	Bishop	Cluster	un	5366808	40	0.118644068	0.22581	0.02380	2.14269	0.64626	0.05263	-1.00000	-1.00000
12185	Bishop	Cluster	un	5368645	191	1.000000000	1.80000	0.15437	20.98797	0.25527	0.01576	-1.00000	-1.00000
12197	Bishop	Cluster	un	5374207	157	0.118644068	4.42857	0.46670	42.02293	0.64626	0.05263	-1.00000	-1.00000
12208	Bishop	Cluster	un	5380770	17	0.500000000	2.07143	0.17768	24.14955	0.31627	0.01818	-1.00000	-1.00000
12209	Bishop	Cluster	un	5381615	59	0.000002091	36.81818	4.32211	313.63794	1.56606	0.42130	-1.00000	-1.00000
12219	Bishop	Cluster	un	5386404	88	0.211038961	0.26882	0.02632	2.74562	0.57054	0.04274	-1.00000	-1.00000
12233	Bishop	Cluster	un	5390017	72	0.000000856	54.77778	6.37423	470.73969	1.73860	0.43908	-1.00000	-1.00000
12262	Bishop	Cluster	un	5403400	41	0.491833031	0.33333	0.03272	3.39531	0.47712	0.03333	-1.00000	-1.00000
12265	Bishop	Cluster	un	5406199	406	0.500000000	0.48276	0.04141	5.62819	0.31627	0.01818	-1.00000	-1.00000
12273	Bishop	Cluster	un	5409390	413	0.617021277	2.09091	0.17675	24.73540	0.32034	0.00741	-1.00000	-1.00000
12275	Bishop	Cluster	un	5410106	327	1.000000000	1.93333	0.16614	22.49763	0.28631	0.01637	-1.00000	-1.00000
12283	Bishop	Cluster	un	5412185	10	0.231345082	0.30000	0.05293	1.70020	0.52288	0.03590	-1.00000	-1.00000
12284	Bishop	Cluster	un	5413054	93	0.464285714	0.41935	0.03596	4.89101	0.37742	0.02098	-1.00000	-1.00000
12289	Bishop	Cluster	un	5416074	12	0.482758621	2.21429	0.19026	25.77014	0.34523	0.01880	-1.00000	-1.00000
12290	Bishop	Cluster	un	5416924	89	0.033599894	0.13548	0.01475	1.24418	0.86811	0.10000	-1.00000	-1.00000
12291	Bishop	Cluster	un	5417754	59	0.106170599	0.20968	0.02205	1.99431	0.67845	0.05844	-1.00000	-1.00000
12295	Bishop	Cluster	un	5419219	55	0.237749546	0.24138	0.02539	2.29481	0.61730	0.05091	-1.00000	-1.00000
12297	Bishop	Cluster	un	5420937	169	0.500000000	0.48000	0.04081	5.64636	0.31876	0.02128	-1.00000	-1.00000
12303	Bishop	Cluster	un	5424662	70	0.003937952	0.08871	0.01034	0.76118	1.05203	0.14706	-1.00000	-1.00000
12315	Bishop	Cluster	un	5429350	13	0.464285714	0.41935	0.03596	4.89101	0.37742	0.02098	-1.00000	-1.00000
12318	Bishop	Cluster	un	5431963	173	0.493506494	2.79310	0.27363	28.51051	0.44609	0.03210	-1.00000	-1.00000
12321	Bishop	Cluster	un	5434229	135	0.228675136	3.44444	0.33807	35.09441	0.53712	0.03827	-1.00000	-1.00000
12322	Bishop	Cluster	un	5434967	125	0.339557099	3.57143	0.34527	36.94234	0.55284	0.02540	-1.00000	-1.00000
12326	Bishop	Cluster	un	5437434	17	0.118644068	0.22581	0.02380	2.14269	0.64626	0.05263	-1.00000	-1.00000
12330	Bishop	Cluster	un	5439130	110	0.500000000	0.48387	0.04165	5.62086	0.31527	0.01695	-1.00000	-1.00000
12335	Bishop	Cluster	un	5441706	274	1.000000000	1.00000	0.05965	16.76418	0.00000	0.00000	-1.00000	-1.00000
12337	Bishop	Cluster	un	5442322	98	0.003714274	11.60000	1.34375	100.13750	1.06446	0.16039	-1.00000	-1.00000
12343	Bishop	Cluster	un	5443006	19	0.000000094	45.30769	5.47857	374.69418	1.65617	0.42857	-1.00000	-1.00000
12348	Bishop	Cluster	un	5445416	23	0.245454545	3.22222	0.31567	32.89072	0.50816	0.03704	-1.00000	-1.00000
12351	Bishop	Cluster	un	5447230	102	0.018960297	4.60000	1.31104	16.13984	0.66276	0.11669	-1.00000	-1.00000
12370	Bishop	Cluster	un	5456580	47	0.500000000	2.06667	0.17791	24.00734	0.31527	0.01695	-1.00000	-1.00000
12372	Bishop	Cluster	un	5458197	29	0.003937952	0.08871	0.01034	0.76118	1.05203	0.14706	-1.00000	-1.00000
12388	Bishop	Cluster	un	5464802	64	0.112852665	0.18621	0.02042	1.69763	0.73000	0.06914	-1.00000	-1.00000
12391	Bishop	Cluster	un	5466283	70	1.000000000	1.00000	0.22381	4.46815	0.00000	0.00000	-1.00000	-1.00000
12399	Bishop	Cluster	un	5469613	14	0.000000000	280.33334	27.52165	2855.45337	2.44767	0.87111	-1.00000	-1.00000
12402	Bishop	Cluster	un	5471359	30	0.115317596	5.00000	0.54722	45.68572	0.69897	0.06667	-1.00000	-1.00000
12412	Bishop	Cluster	un	5474676	104	0.007090887	0.09677	0.01108	0.84530	1.01424	0.13846	-1.00000	-1.00000
12418	Bishop	Cluster	un	5476334	100	0.500000000	2.06667	0.17791	24.00734	0.31527	0.01695	-1.00000	-1.00000
12429	Bishop	Cluster	un	5483480	43	0.000026716	23.82353	2.87885	197.14838	1.37701	0.28889	-1.00000	-1.00000
12437	Bishop	Cluster	un	5486065	38	0.500000000	2.06667	0.17791	24.00734	0.31527	0.01695	-1.00000	-1.00000
12448	Bishop	Cluster	un	5491683	14	0.007090887	0.09677	0.01108	0.84530	1.01424	0.13846	-1.00000	-1.00000
12451	Bishop	Cluster	un	5494167	111	0.481481481	0.44828	0.03837	5.23742	0.34845	0.02032	-1.00000	-1.00000
12457	Bishop	Cluster	un	5496310	9	0.118644068	4.42857	0.46670	42.02293	0.64626	0.05263	-1.00000	-1.00000
12458	Bishop	Cluster	un	5497200	58	0.479599499	1.90909	0.42198	8.63694	0.28083	0.01384	-1.00000	-1.00000
12469	Bishop	Cluster	un	5500327	74	0.002287531	0.08244	0.00975	0.69737	1.08388	0.15385	-1.00000	-1.00000
12470	Bishop	Cluster	un	5501183	135	0.611542730	3.00000	0.29185	30.83754	0.47712	0.01717	-1.00000	-1.00000
12476	Bishop	Cluster	un	5504332	164	1.000000000	0.85185	0.05042	14.39326	0.06964	0.00024	-1.00000	-1.00000
12482	Bishop	Cluster	un	5507353	41	0.000129036	25.13333	2.99466	210.93718	1.40025	0.25325	-1.00000	-1.00000
12491	Bishop	Cluster	un	5513015	51	0.115317596	5.00000	0.54722	45.68572	0.69897	0.06667	-1.00000	-1.00000
12493	Bishop	Cluster	un	5513982	132	0.016354234	0.11494	0.01283	1.02946	0.93952	0.12411	-1.00000	-1.00000
12503	Bishop	Cluster	un	5519167	368	0.481481481	0.44828	0.03837	5.23742	0.34845	0.02032	-1.00000	-1.00000
12510	Bishop	Cluster	un	5522000	80	0.500000000	0.48387	0.04165	5.62086	0.31527	0.01695	-1.00000	-1.00000
12512	Bishop	Cluster	un	5523345	43	0.493212670	2.77778	0.27089	28.48358	0.44370	0.03429	-1.00000	-1.00000
12516	Bishop	Cluster	un	5524005	7	0.002188045	0.08046	0.00946	0.68454	1.09442	0.16667	-1.00000	-1.00000
12518	Bishop	Cluster	un	5525948	421	0.481481481	0.44828	0.03837	5.23742	0.34845	0.02032	-1.00000	-1.00000
12519	Bishop	Cluster	un	5526467	153	0.000000000	208.33333	20.26751	2141.49561	2.31876	0.72999	-1.00000	-1.00000
12525	Bishop	Cluster	un	5528122	319	1.000000000	1.93333	0.16614	22.49763	0.28631	0.01637	-1.00000	-1.00000
12534	Bishop	Cluster	un	5530355	141	0.245762712	0.31183	0.03067	3.17041	0.50608	0.03448	-1.00000	-1.00000
12539	Bishop	Cluster	un	5533781	334	1.000000000	1.80000	0.15437	20.98797	0.25527	0.01576	-1.00000	-1.00000
12562	Bishop	Cluster	un	5543932	6	0.021448606	0.12903	0.01454	1.14498	0.88930	0.10108	-1.00000	-1.00000
12571	Bishop	Cluster	un	5548895	221	0.482758621	0.45161	0.03880	5.25593	0.34523	0.01880	-1.00000	-1.00000
12594	Bishop	Cluster	un	5559006	154	0.612440191	3.00000	0.29328	30.68711	0.47712	0.01607	-1.00000	-1.00000
12613	Bishop	Cluster	un	5566164	18	0.046799852	8.10000	0.90237	72.70824	0.90849	0.08419	-1.00000	-1.00000
12614	Bishop	Cluster	un	5567037	65	0.028201740	7.00000	0.80130	61.15028	0.84510	0.10000	-1.00000	-1.00000
12635	Bishop	Cluster	un	5575189	394	0.481481481	2.23077	0.19093	26.06312	0.34845	0.02032	-1.00000	-1.00000
12636	Bishop	Cluster	un	5575611	30	0.106170599	0.20968	0.02205	1.99431	0.67845	0.05844	-1.00000	-1.00000
12637	Bishop	Cluster	un	5576436	63	0.738026333	1.40000	0.36531	5.36531	0.14613	0.00484	-1.00000	-1.00000
12646	Bishop	Cluster	un	5578015	16	0.118644068	0.22581	0.02380	2.14269	0.64626	0.05263	-1.00000	-1.00000
12647	Bishop	Cluster	un	5578814	35	0.482758621	0.45161	0.03880	5.25593	0.34523	0.01880	-1.00000	-1.00000
12659	Bishop	Cluster	un	5583643	70	0.056199822	0.17419	0.01914	1.58503	0.75897	0.07143	-1.00000	-1.00000
12661	Bishop	Cluster	un	5584439	122	0.228675136	0.29032	0.02849	2.95801	0.53712	0.03827	-1.00000	-1.00000
12663	Bishop	Cluster	un	5585879	11	0.464285714	0.41935	0.03596	4.89101	0.37742	0.02098	-1.00000	-1.00000
12667	Bishop	Cluster	un	5586786	90	1.000000000	1.07692	0.14124	8.21121	0.03218	0.00009	-1.00000	-1.00000
12671	Bishop	Cluster	un	5588430	110	0.482758621	0.45161	0.03880	5.25593	0.34523	0.01880	-1.00000	-1.00000
12672	Bishop	Cluster	un	5589203	64	0.056199822	0.17419	0.01914	1.58503	0.75897	0.07143	-1.00000	-1.00000
12677	Bishop	Cluster	un	5591695	209	0.464285714	0.41935	0.03596	4.89101	0.37742	0.02098	-1.00000	-1.00000
12679	Bishop	Cluster	un	5592427	76	0.000251499	0.05572	0.00665	0.46667	1.25400	0.22321	-1.00000	-1.00000
12680	Bishop	Cluster	un	5593252	97	0.747127964	0.71429	0.19519	2.61386	0.14613	0.00481	-1.00000	-1.00000
12683	Bishop	Cluster	un	5594190	256	0.482758621	0.45161	0.03880	5.25593	0.34523	0.01880	-1.00000	-1.00000
12684	Bishop	Cluster	un	5595506	459	1.000000000	0.51724	0.04445	6.01898	0.28631	0.01637	-1.00000	-1.00000
12687	Bishop	Cluster	un	5595853	6	0.482758621	0.45161	0.03880	5.25593	0.34523	0.01880	-1.00000	-1.00000
12700	Bishop	Cluster	un	5601755	23	0.482758621	0.45161	0.03880	5.25593	0.34523	0.01880	-1.00000	-1.00000
12706	Bishop	Cluster	un	5606035	107	1.000000000	1.92857	0.16509	22.52900	0.28524	0.01752	-1.00000	-1.00000
12710	Bishop	Cluster	un	5607750	218	0.500000000	0.48387	0.04165	5.62086	0.31527	0.01695	-1.00000	-1.00000
12717	Bishop	Cluster	un	5611086	387	1.000000000	1.78571	0.15251	20.90852	0.25181	0.01681	-1.00000	-1.00000
12727	Bishop	Cluster	un	5615526	226	0.491833031	3.00000	0.29452	30.55776	0.47712	0.03333	-1.00000	-1.00000
12731	Bishop	Cluster	un	5617023	128	0.461538462	0.41379	0.03533	4.84665	0.38322	0.02288	-1.00000	-1.00000
12744	Bishop	Cluster	un	5623966	8	0.500000000	0.48387	0.04165	5.62086	0.31527	0.01695	-1.00000	-1.00000
12750	Bishop	Cluster	un	5628167	15	0.000000016	58.00000	6.87092	489.59979	1.76343	0.51351	-1.00000	-1.00000
12754	Bishop	Cluster	un	5630621	113	0.048259363	0.16129	0.01768	1.47141	0.79239	0.07937	-1.00000	-1.00000
12755	Bishop	Cluster	un	5631423	110	0.482758621	0.45161	0.03880	5.25593	0.34523	0.01880	-1.00000	-1.00000
12760	Bishop	Cluster	un	5634451	22	0.000770342	15.63158	1.85831	131.48848	1.19400	0.21104	-1.00000	-1.00000
12776	Bishop	Cluster	un	5641783	93	0.500000000	2.06667	0.17791	24.00734	0.31527	0.01695	-1.00000	-1.00000
12782	Bishop	Cluster	un	5646603	8	0.500000000	2.06667	0.17791	24.00734	0.31527	0.01695	-1.00000	-1.00000
12794	Bishop	Cluster	un	5653780	368	0.464285714	0.41935	0.03596	4.89101	0.37742	0.02098	-1.00000	-1.00000
12795	Bishop	Cluster	un	5654309	21	0.000149176	20.05882	2.38159	168.94432	1.30231	0.25084	-1.00000	-1.00000
12805	Bishop	Cluster	un	5657711	157	0.211038961	0.26882	0.02632	2.74562	0.57054	0.04274	-1.00000	-1.00000
12818	Bishop	Cluster	un	5662322	101	0.003636347	0.10490	0.02045	0.53817	0.97924	0.16890	-1.00000	-1.00000
12851	Bishop	Cluster	un	5676705	95	0.021040975	0.09714	0.01094	0.86284	1.01259	0.11907	-1.00000	-1.00000
12852	Bishop	Cluster	un	5677474	60	0.491833031	0.33333	0.03272	3.39531	0.47712	0.03333	-1.00000	-1.00000
12866	Bishop	Cluster	un	5684920	110	0.000000000	134.33333	15.18126	1188.66528	2.12818	0.71429	-1.00000	-1.00000
12873	Bishop	Cluster	un	5689896	103	0.245762712	3.20690	0.31542	32.60509	0.50608	0.03448	-1.00000	-1.00000
12888	Bishop	Cluster	un	5693776	13	0.071467794	0.29091	0.07722	1.09596	0.53624	0.06767	-1.00000	-1.00000
12889	Bishop	Cluster	un	5694792	262	0.482758621	0.45161	0.03880	5.25593	0.34523	0.01880	-1.00000	-1.00000
12896	Bishop	Cluster	un	5697648	101	0.118644068	0.22581	0.02380	2.14269	0.64626	0.05263	-1.00000	-1.00000
12921	Bishop	Cluster	un	5707190	69	0.007090887	0.09677	0.01108	0.84530	1.01424	0.13846	-1.00000	-1.00000
12934	Bishop	Cluster	un	5712770	12	0.064051585	2.91919	0.96381	8.84165	0.46526	0.06812	-1.00000	-1.00000
12935	Bishop	Cluster	un	5713724	120	0.500000000	0.48387	0.04165	5.62086	0.31527	0.01695	-1.00000	-1.00000
12941	Bishop	Cluster	un	5715976	7	0.021448606	0.12903	0.01454	1.14498	0.88930	0.10108	-1.00000	-1.00000
12944	Bishop	Cluster	un	5718452	36	0.171941790	5.27273	0.55003	50.54564	0.72204	0.04442	-1.00000	-1.00000
12946	Bishop	Cluster	un	5720312	299	0.500000000	0.48387	0.04165	5.62086	0.31527	0.01695	-1.00000	-1.00000
12948	Bishop	Cluster	un	5720978	114	0.000390671	11.36364	2.72452	47.39626	1.05552	0.24794	-1.00000	-1.00000
12952	Bishop	Cluster	un	5722672	151	0.245454545	0.31034	0.03040	3.16783	0.50816	0.03704	-1.00000	-1.00000
12957	Bishop	Cluster	un	5726064	247	0.464285714	0.41935	0.03596	4.89101	0.37742	0.02098	-1.00000	-1.00000
12971	Bishop	Cluster	un	5732162	47	0.000000004	67.66666	7.95342	575.69940	1.83037	0.55556	-1.00000	-1.00000
12972	Bishop	Cluster	un	5733056	122	0.237749546	4.14286	0.43577	39.38647	0.61730	0.05091	-1.00000	-1.00000
12980	Bishop	Cluster	un	5736183	58	0.482758621	0.45161	0.03880	5.25593	0.34523	0.01880	-1.00000	-1.00000
12983	Bishop	Cluster	un	5737261	341	0.500000000	0.48276	0.04141	5.62819	0.31627	0.01818	-1.00000	-1.00000
12992	Bishop	Cluster	un	5742773	64	1.000000000	0.55556	0.04765	6.47777	0.25527	0.01576	-1.00000	-1.00000
13001	Bishop	Cluster	un	5745179	105	0.500000000	2.06667	0.17791	24.00734	0.31527	0.01695	-1.00000	-1.00000
13010	Bishop	Cluster	un	5749196	25	0.245762712	3.20690	0.31542	32.60509	0.50608	0.03448	-1.00000	-1.00000
13021	Bishop	Cluster	un	5754462	214	0.227113906	0.28736	0.02808	2.94037	0.54158	0.04142	-1.00000	-1.00000
13026	Bishop	Cluster	un	5757468	55	0.000000029	53.54546	6.39310	448.47025	1.72872	0.48214	-1.00000	-1.00000
13027	Bishop	Cluster	un	5758513	250	0.211038961	0.26882	0.02632	2.74562	0.57054	0.04274	-1.00000	-1.00000
13028	Bishop	Cluster	un	5759109	49	0.001000946	18.75000	2.21850	158.46834	1.27300	0.20786	-1.00000	-1.00000
13032	Bishop	Cluster	un	5760803	35	0.056199822	5.74074	0.63090	52.23658	0.75897	0.07143	-1.00000	-1.00000
13033	Bishop	Cluster	un	5761683	68	0.500000000	0.48387	0.04165	5.62086	0.31527	0.01695	-1.00000	-1.00000
13042	Bishop	Cluster	un	5767681	456	0.481481481	0.44828	0.03837	5.23742	0.34845	0.02032	-1.00000	-1.00000
13045	Bishop	Cluster	un	5768892	232	0.464285714	0.41935	0.03596	4.89101	0.37742	0.02098	-1.00000	-1.00000
13050	Bishop	Cluster	un	5771163	100	0.052549084	6.69231	0.75483	59.33385	0.82558	0.08805	-1.00000	-1.00000
13055	Bishop	Cluster	un	5774446	133	0.550016164	1.57895	0.47137	5.28903	0.19837	0.01023	-1.00000	-1.00000
13061	Bishop	Cluster	un	5777702	158	0.500000000	0.48387	0.04165	5.62086	0.31527	0.01695	-1.00000	-1.00000
13062	Bishop	Cluster	un	5778432	24	1.000000000	1.17391	0.06948	19.83494	0.06964	0.00024	-1.00000	-1.00000
13066	Bishop	Cluster	un	5780063	64	0.520059198	0.59006	0.16104	2.16206	0.22910	0.01187	-1.00000	-1.00000
13072	Bishop	Cluster	un	5782461	31	0.102210560	3.50000	0.79852	15.34087	0.54407	0.06143	-1.00000	-1.00000
13093	Bishop	Cluster	un	5791399	94	0.001501515	0.07280	0.00852	0.62214	1.13789	0.18729	-1.00000	-1.00000
13104	Bishop	Cluster	un	5796379	323	0.464285714	0.41935	0.03596	4.89101	0.37742	0.02098	-1.00000	-1.00000
13111	Bishop	Cluster	un	5800982	13	0.118644068	0.22581	0.02380	2.14269	0.64626	0.05263	-1.00000	-1.00000
13135	Bishop	Cluster	un	5809683	10	0.056199822	0.17419	0.01914	1.58503	0.75897	0.07143	-1.00000	-1.00000
13141	Bishop	Cluster	un	5812122	25	0.000000000	159.50000	16.63843	1529.00562	2.20276	0.79032	-1.00000	-1.00000
13143	Bishop	Cluster	un	5812933	43	0.228675136	3.44444	0.33807	35.09441	0.53712	0.03827	-1.00000	-1.00000
13147	Bishop	Cluster	un	5815647	486	0.208144796	0.26437	0.02576	2.71292	0.57779	0.04667	-1.00000	-1.00000
13148	Bishop	Cluster	un	5815997	43	0.756948988	0.75000	0.21752	2.58593	0.12494	0.00359	-1.00000	-1.00000
13150	Bishop	Cluster	un	5817601	124	1.000000000	1.00000	0.25468	3.92644	0.00000	0.00000	-1.00000	-1.00000
13155	Bishop	Cluster	un	5821002	360	0.500000000	0.48148	0.04113	5.63661	0.31742	0.01961	-1.00000	-1.00000
13165	Bishop	Cluster	un	5826372	33	0.491833031	3.00000	0.29452	30.55776	0.47712	0.03333	-1.00000	-1.00000
13166	Bishop	Cluster	un	5827216	71	0.118644068	0.22581	0.02380	2.14269	0.64626	0.05263	-1.00000	-1.00000
13173	Bishop	Cluster	un	5830469	114	0.482758621	0.45161	0.03880	5.25593	0.34523	0.01880	-1.00000	-1.00000
13175	Bishop	Cluster	un	5832239	173	1.000000000	0.52000	0.04432	6.10163	0.28400	0.01884	-1.00000	-1.00000
13196	Bishop	Cluster	un	5841089	289	0.500000000	2.08333	0.17711	24.50678	0.31876	0.02128	-1.00000	-1.00000
13198	Bishop	Cluster	un	5842517	146	0.500000000	0.48387	0.04165	5.62086	0.31527	0.01695	-1.00000	-1.00000
13199	Bishop	Cluster	un	5843537	312	0.228675136	3.44444	0.33807	35.09441	0.53712	0.03827	-1.00000	-1.00000
13208	Bishop	Cluster	un	5849024	15	0.056199822	5.74074	0.63090	52.23658	0.75897	0.07143	-1.00000	-1.00000
13215	Bishop	Cluster	un	5850600	13	0.003267661	16.20000	1.86773	140.51251	1.20951	0.18418	-1.00000	-1.00000
13225	Bishop	Cluster	un	5854371	64	0.235918367	4.16667	0.43401	40.00140	0.61979	0.05892	-1.00000	-1.00000
13226	Bishop	Cluster	un	5855459	314	0.236897275	4.15385	0.43495	39.66973	0.61845	0.05462	-1.00000	-1.00000
13228	Bishop	Cluster	un	5855973	22	1.000000000	0.85185	0.05042	14.39326	0.06964	0.00024	-1.00000	-1.00000
13231	Bishop	Cluster	un	5856874	79	0.000005503	31.00000	3.70356	259.48029	1.49136	0.34884	-1.00000	-1.00000
13240	Bishop	Cluster	un	5861782	84	0.013439958	0.10753	0.01203	0.96116	0.96848	0.12755	-1.00000	-1.00000
13241	Bishop	Cluster	un	5862572	102	0.048259363	0.16129	0.01768	1.47141	0.79239	0.07937	-1.00000	-1.00000
13253	Bishop	Cluster	un	5865734	101	0.500000000	2.06667	0.17791	24.00734	0.31527	0.01695	-1.00000	-1.00000
13256	Bishop	Cluster	un	5867482	82	0.000245867	0.05161	0.00606	0.43972	1.28724	0.25000	-1.00000	-1.00000
13271	Bishop	Cluster	un	5875209	53	0.081599742	0.17742	0.01854	1.69757	0.75100	0.07353	-1.00000	-1.00000
13273	Bishop	Cluster	un	5877169	338	0.118181818	4.46154	0.46819	42.51565	0.64948	0.05660	-1.00000	-1.00000
13277	Bishop	Cluster	un	5880271	66	0.002836355	0.08065	0.00936	0.69479	1.09342	0.16484	-1.00000	-1.00000
13282	Bishop	Cluster	un	5883498	54	0.011860352	8.68000	1.00047	75.30706	0.93852	0.11111	-1.00000	-1.00000
13295	Bishop	Cluster	un	5888524	135	0.013449444	8.33333	0.96777	71.75745	0.92082	0.11915	-1.00000	-1.00000
13296	Bishop	Cluster	un	5889320	121	0.245762712	3.20690	0.31542	32.60509	0.50608	0.03448	-1.00000	-1.00000
13299	Bishop	Cluster	un	5890932	109	0.048259363	0.16129	0.01768	1.47141	0.79239	0.07937	-1.00000	-1.00000
13302	Bishop	Cluster	un	5892109	470	0.464285714	0.41935	0.03596	4.89101	0.37742	0.02098	-1.00000	-1.00000
13306	Bishop	Cluster	un	5894529	410	1.000000000	1.00000	0.05920	16.89051	0.00000	0.00000	-1.00000	-1.00000
13309	Bishop	Cluster	un	5896739	119	1.000000000	1.92308	0.16389	22.56519	0.28400	0.01884	-1.00000	-1.00000
13313	Bishop	Cluster	un	5898937	35	0.000000109	46.50000	5.57532	387.82544	1.66745	0.44425	-1.00000	-1.00000
13327	Bishop	Cluster	un	5902238	114	0.464285714	0.41935	0.03596	4.89101	0.37742	0.02098	-1.00000	-1.00000
13329	Bishop	Cluster	un	5903851	99	0.118644068	0.22581	0.02380	2.14269	0.64626	0.05263	-1.00000	-1.00000
13338	Bishop	Cluster	un	5908689	40	0.228675136	0.29032	0.02849	2.95801	0.53712	0.03827	-1.00000	-1.00000
13371	Bishop	Cluster	un	5921100	58	0.004916860	10.80000	1.24824	93.44380	1.03342	0.15556	-1.00000	-1.00000
13373	Bishop	Cluster	un	5922675	73	0.500000000	2.06667	0.17791	24.00734	0.31527	0.01695	-1.00000	-1.00000
13383	Bishop	Cluster	un	5929083	152	0.000017986	24.00000	4.50139	127.96061	1.38021	0.37678	-1.00000	-1.00000
13385	Bishop	Cluster	un	5929756	17	0.118181818	4.46154	0.46819	42.51565	0.64948	0.05660	-1.00000	-1.00000
13391	Bishop	Cluster	un	5931359	24	0.500000000	0.48387	0.04165	5.62086	0.31527	0.01695	-1.00000	-1.00000
13394	Bishop	Cluster	un	5932731	73	0.237749546	4.14286	0.43577	39.38647	0.61730	0.05091	-1.00000	-1.00000
13404	Bishop	Cluster	un	5939456	135	0.047272578	0.15862	0.01730	1.45424	0.79964	0.08615	-1.00000	-1.00000
13413	Bishop	Cluster	un	5942648	289	0.225306122	0.28395	0.02761	2.92002	0.54676	0.04514	-1.00000	-1.00000
13421	Bishop	Cluster	un	5946262	20	0.117647059	0.22222	0.02321	2.12804	0.65321	0.06122	-1.00000	-1.00000
13423	Bishop	Cluster	un	5947039	32	0.000000032	55.80000	6.59051	472.44266	1.74663	0.50296	-1.00000	-1.00000
13429	Bishop	Cluster	un	5948569	51	0.412557476	2.36364	0.39469	14.15480	0.37358	0.01717	-1.00000	-1.00000
13430	Bishop	Cluster	un	5949408	27	0.003190409	0.09740	0.01905	0.49811	1.01143	0.17725	-1.00000	-1.00000
13435	Bishop	Cluster	un	5951980	126	0.500000000	2.06667	0.17791	24.00734	0.31527	0.01695	-1.00000	-1.00000
13445	Bishop	Cluster	un	5959216	502	0.461538462	0.41379	0.03533	4.84665	0.38322	0.02288	-1.00000	-1.00000
13463	Bishop	Cluster	un	5966875	113	0.000003931	33.83333	3.99090	286.82590	1.52934	0.38889	-1.00000	-1.00000
13471	Bishop	Cluster	un	5969908	28	0.500000000	0.48276	0.04141	5.62819	0.31627	0.01818	-1.00000	-1.00000
13475	Bishop	Cluster	un	5970797	99	0.500000000	2.07143	0.17768	24.14955	0.31627	0.01818	-1.00000	-1.00000
13483	Bishop	Cluster	un	5973907	65	0.000002252	36.16667	4.27468	305.99435	1.55831	0.39634	-1.00000	-1.00000
13486	Bishop	Cluster	un	5975692	199	0.461538462	0.41379	0.03533	4.84665	0.38322	0.02288	-1.00000	-1.00000
13489	Bishop	Cluster	un	5977159	85	0.482758621	2.21429	0.19026	25.77014	0.34523	0.01880	-1.00000	-1.00000
13493	Bishop	Cluster	un	5978707	32	0.000000000	186.00000	19.50231	1773.94373	2.26951	0.80420	-1.00000	-1.00000
13495	Bishop	Cluster	un	5980363	53	0.000019812	0.03941	0.00474	0.32787	1.40441	0.30233	-1.00000	-1.00000
13501	Bishop	Cluster	un	5981965	48	0.000000000	405.00000	34.73419	4722.29248	2.60746	0.93086	-1.00000	-1.00000
13502	Bishop	Cluster	un	5982771	72	0.000706867	0.06093	0.00710	0.52259	1.21516	0.21739	-1.00000	-1.00000
13516	Bishop	Cluster	un	5991515	22	0.228675136	0.29032	0.02849	2.95801	0.53712	0.03827	-1.00000	-1.00000
13528	Bishop	Cluster	un	5996404	121	0.245454545	3.22222	0.31567	32.89072	0.50816	0.03704	-1.00000	-1.00000
13529	Bishop	Cluster	un	5997472	380	0.500000000	0.48148	0.04113	5.63661	0.31742	0.01961	-1.00000	-1.00000
13531	Bishop	Cluster	un	5999091	388	1.000000000	1.80000	0.15437	20.98797	0.25527	0.01576	-1.00000	-1.00000
13535	Bishop	Cluster	un	6000294	110	0.500000000	0.48387	0.04165	5.62086	0.31527	0.01695	-1.00000	-1.00000
13536	Bishop	Cluster	un	6001182	187	1.000000000	0.56000	0.04783	6.55691	0.25181	0.01681	-1.00000	-1.00000
13539	Bishop	Cluster	un	6001839	32	0.464285714	0.41935	0.03596	4.89101	0.37742	0.02098	-1.00000	-1.00000
13560	Bishop	Cluster	un	6011235	140	0.118644068	0.22581	0.02380	2.14269	0.64626	0.05263	-1.00000	-1.00000
13567	Bishop	Cluster	un	6014780	134	0.482758621	0.45161	0.03880	5.25593	0.34523	0.01880	-1.00000	-1.00000
13579	Bishop	Cluster	un	6017115	98	0.500000000	2.06667	0.17791	24.00734	0.31527	0.01695	-1.00000	-1.00000
13590	Bishop	Cluster	un	6019675	297	0.461538462	0.41379	0.03533	4.84665	0.38322	0.02288	-1.00000	-1.00000
13593	Bishop	Cluster	un	6021947	67	0.000000002	95.28571	10.92729	830.88916	1.97903	0.56019	-1.00000	-1.00000
13607	Bishop	Cluster	un	6026168	268	0.464285714	0.41935	0.03596	4.89101	0.37742	0.02098	-1.00000	-1.00000
13612	Bishop	Cluster	un	6028373	12	0.240259740	0.25926	0.02721	2.47017	0.58627	0.04906	-1.00000	-1.00000
13616	Bishop	Cluster	un	6029056	36	0.000000071	54.77778	6.37423	470.73969	1.73860	0.51852	-1.00000	-1.00000
13618	Bishop	Cluster	un	6030881	365	0.481481481	0.44828	0.03837	5.23742	0.34845	0.02032	-1.00000	-1.00000
13619	Bishop	Cluster	un	6031427	106	1.000000000	1.00000	0.05965	16.76418	0.00000	0.00000	-1.00000	-1.00000
13626	Bishop	Cluster	un	6034572	24	0.500000000	2.06667	0.17791	24.00734	0.31527	0.01695	-1.00000	-1.00000
13630	Bishop	Cluster	un	6037145	146	0.500000000	0.48387	0.04165	5.62086	0.31527	0.01695	-1.00000	-1.00000
13635	Bishop	Cluster	un	6039685	255	0.500000000	2.06667	0.17791	24.00734	0.31527	0.01695	-1.00000	-1.00000
13666	Bishop	Cluster	un	6053910	18	0.754008836	1.35088	0.38651	4.72139	0.13062	0.00412	-1.00000	-1.00000
13670	Bishop	Cluster	un	6056323	13	0.007090887	0.09677	0.01108	0.84530	1.01424	0.13846	-1.00000	-1.00000
13691	Bishop	Cluster	un	6068024	87	1.000000000	1.80000	0.15437	20.98797	0.25527	0.01576	-1.00000	-1.00000
13693	Bishop	Cluster	un	6068817	48	0.211038961	0.26882	0.02632	2.74562	0.57054	0.04274	-1.00000	-1.00000
13698	Bishop	Cluster	un	6072137	26	0.000000151	49.60000	5.82182	422.57568	1.69548	0.48077	-1.00000	-1.00000
13701	Bishop	Cluster	un	6073830	53	0.186602871	0.20690	0.02165	1.97698	0.68425	0.03802	-1.00000	-1.00000
13704	Bishop	Cluster	un	6074602	18	0.008914258	0.10345	0.01182	0.90538	0.98528	0.13462	-1.00000	-1.00000
13705	Bishop	Cluster	un	6075503	95	0.245454545	0.31034	0.03040	3.16783	0.50816	0.03704	-1.00000	-1.00000
13706	Bishop	Cluster	un	6076240	21	0.240259740	3.85714	0.40483	36.75010	0.58627	0.04906	-1.00000	-1.00000
13714	Bishop	Cluster	un	6078748	103	0.500000000	2.06667	0.17791	24.00734	0.31527	0.01695	-1.00000	-1.00000
13727	Bishop	Cluster	un	6084567	92	0.118644068	0.22581	0.02380	2.14269	0.64626	0.05263	-1.00000	-1.00000
13731	Bishop	Cluster	un	6087459	26	0.118644068	4.42857	0.46670	42.02293	0.64626	0.05263	-1.00000	-1.00000
13735	Bishop	Cluster	un	6089569	335	1.000000000	1.93333	0.16614	22.49763	0.28631	0.01637	-1.00000	-1.00000
13739	Bishop	Cluster	un	6090887	21	0.054230816	3.23810	1.01975	10.28217	0.51029	0.07885	-1.00000	-1.00000
13754	Bishop	Cluster	un	6095605	31	0.245762712	3.20690	0.31542	32.60509	0.50608	0.03448	-1.00000	-1.00000
13755	Bishop	Cluster	un	6096425	11	0.056199822	5.74074	0.63090	52.23658	0.75897	0.07143	-1.00000	-1.00000
13762	Bishop	Cluster	un	6100898	142	0.000000007	69.75000	8.05596	603.90845	1.84354	0.57432	-1.00000	-1.00000
13770	Bishop	Cluster	un	6105154	237	0.491833031	3.00000	0.29452	30.55776	0.47712	0.03333	-1.00000	-1.00000
13776	Bishop	Cluster	un	6107469	34	0.002836355	12.40000	1.43928	106.83144	1.09342	0.16484	-1.00000	-1.00000
13777	Bishop	Cluster	un	6108389	104	0.228675136	0.29032	0.02849	2.95801	0.53712	0.03827	-1.00000	-1.00000
13784	Bishop	Cluster	un	6111801	206	0.500000000	2.07692	0.17741	24.31412	0.31742	0.01961	-1.00000	-1.00000
13787	Bishop	Cluster	un	6114219	52	0.093795094	0.19355	0.02029	1.84594	0.71321	0.06531	-1.00000	-1.00000
13805	Bishop	Cluster	un	6119820	205	0.464285714	0.41935	0.03596	4.89101	0.37742	0.02098	-1.00000	-1.00000
13807	Bishop	Cluster	un	6121395	343	1.000000000	0.51724	0.04445	6.01898	0.28631	0.01637	-1.00000	-1.00000
13811	Bishop	Cluster	un	6124341	76	0.004675001	11.34783	1.33877	96.18756	1.05491	0.14933	-1.00000	-1.00000
13815	Bishop	Cluster	un	6126153	278	0.228675136	3.44444	0.33807	35.09441	0.53712	0.03827	-1.00000	-1.00000
13822	Bishop	Cluster	un	6130010	20	0.118644068	0.22581	0.02380	2.14269	0.64626	0.05263	-1.00000	-1.00000
13827	Bishop	Cluster	un	6133279	20	0.245098039	0.30864	0.03010	3.16484	0.51055	0.04000	-1.00000	-1.00000
13829	Bishop	Cluster	un	6134174	131	0.085582239	0.33333	0.10332	1.07542	0.47712	0.06699	-1.00000	-1.00000
13843	Bishop	Cluster	un	6140072	438	0.211038961	0.26882	0.02632	2.74562	0.57054	0.04274	-1.00000	-1.00000
13861	Bishop	Cluster	un	6150307	241	1.000000000	1.93333	0.16614	22.49763	0.28631	0.01637	-1.00000	-1.00000
13866	Bishop	Cluster	un	6153695	305	0.228675136	0.29032	0.02849	2.95801	0.53712	0.03827	-1.00000	-1.00000
13871	Bishop	Cluster	un	6155805	41	1.000000000	1.66667	0.14261	19.47836	0.22185	0.01509	-1.00000	-1.00000
13874	Bishop	Cluster	un	6156594	28	0.010708738	0.10345	0.01207	0.88640	0.98528	0.12810	-1.00000	-1.00000
13881	Bishop	Cluster	un	6159040	54	0.500000000	0.48387	0.04165	5.62086	0.31527	0.01695	-1.00000	-1.00000
13883	Bishop	Cluster	un	6159932	139	0.500000000	0.48276	0.04141	5.62819	0.31627	0.01818	-1.00000	-1.00000
13886	Bishop	Cluster	un	6160627	42	0.016354234	0.11494	0.01283	1.02946	0.93952	0.12411	-1.00000	-1.00000
13897	Bishop	Cluster	un	6164739	117	0.046799852	8.10000	0.90237	72.70824	0.90849	0.08419	-1.00000	-1.00000
13914	Bishop	Cluster	un	6170434	196	0.482758621	2.21429	0.19026	25.77014	0.34523	0.01880	-1.00000	-1.00000
13915	Bishop	Cluster	un	6171110	153	0.118644068	4.42857	0.46670	42.02293	0.64626	0.05263	-1.00000	-1.00000
13917	Bishop	Cluster	un	6172550	18	0.000000000	377.00000	32.26782	4404.66650	2.57634	0.92838	-1.00000	-1.00000
13926	Bishop	Cluster	un	6177433	114	0.211038961	3.72000	0.36422	37.99496	0.57054	0.04274	-1.00000	-1.00000
13928	Bishop	Cluster	un	6179092	132	0.208144796	0.26437	0.02576	2.71292	0.57779	0.04667	-1.00000	-1.00000
13934	Bishop	Cluster	un	6182065	54	0.245454545	0.31034	0.03040	3.16783	0.50816	0.03704	-1.00000	-1.00000
13939	Bishop	Cluster	un	6185160	382	0.461538462	0.41379	0.03533	4.84665	0.38322	0.02288	-1.00000	-1.00000
13953	Bishop	Cluster	un	6190478	69	1.000000000	1.80000	0.15437	20.98797	0.25527	0.01576	-1.00000	-1.00000
13974	Bishop	Cluster	un	6201425	69	0.011603269	0.11330	0.01299	0.98798	0.94577	0.12000	-1.00000	-1.00000
13976	Bishop	Cluster	un	6202310	151	0.048259363	0.16129	0.01768	1.47141	0.79239	0.07937	-1.00000	-1.00000
13984	Bishop	Cluster	un	6206998	42	0.000013103	0.03448	0.00407	0.29209	1.46240	0.35000	-1.00000	-1.00000
13987	Bishop	Cluster	un	6208522	55	0.000022275	27.00000	3.18017	229.23271	1.43136	0.34211	-1.00000	-1.00000
13998	Bishop	Cluster	un	6212469	34	0.245762712	3.20690	0.31542	32.60509	0.50608	0.03448	-1.00000	-1.00000
14001	Bishop	Cluster	un	6214347	222	1.000000000	1.66667	0.14261	19.47836	0.22185	0.01509	-1.00000	-1.00000
14005	Bishop	Cluster	un	6214985	66	0.237749546	0.24138	0.02539	2.29481	0.61730	0.05091	-1.00000	-1.00000
14010	Bishop	Cluster	un	6217337	63	0.000000000	279.00000	27.38328	2842.64722	2.44560	0.87054	-1.00000	-1.00000
14012	Bishop	Cluster	un	6218977	111	0.500000000	0.48387	0.04165	5.62086	0.31527	0.01695	-1.00000	-1.00000
14014	Bishop	Cluster	un	6220574	127	1.000000000	1.00000	0.25468	3.92644	0.00000	0.00000	-1.00000	-1.00000
14020	Bishop	Cluster	un	6223744	23	0.080786671	4.72727	0.90763	24.62132	0.67461	0.06671	-1.00000	-1.00000
14027	Bishop	Cluster	un	6226067	19	0.007090887	0.09677	0.01108	0.84530	1.01424	0.13846	-1.00000	-1.00000
14032	Bishop	Cluster	un	6228511	38	0.491833031	0.33333	0.03272	3.39531	0.47712	0.03333	-1.00000	-1.00000
14036	Bishop	Cluster	un	6230189	129	1.000000000	0.51852	0.04439	6.05718	0.28524	0.01752	-1.00000	-1.00000
14041	Bishop	Cluster	un	6233385	273	0.444444444	0.38710	0.03311	4.52610	0.41218	0.02358	-1.00000	-1.00000
14042	Bishop	Cluster	un	6234052	102	0.183239847	2.82456	0.64121	12.44232	0.45095	0.03810	-1.00000	-1.00000
14062	Bishop	Cluster	un	6243671	135	0.500000000	0.48387	0.04165	5.62086	0.31527	0.01695	-1.00000	-1.00000
14075	Bishop	Cluster	un	6248466	225	1.000000000	1.00000	0.05944	16.82259	0.00000	0.00000	-1.00000	-1.00000
14087	Bishop	Cluster	un	6253167	60	0.106170599	0.20968	0.02205	1.99431	0.67845	0.05844	-1.00000	-1.00000
14094	Bishop	Cluster	un	6255990	140	0.482758621	2.21429	0.19026	25.77014	0.34523	0.01880	-1.00000	-1.00000
14103	Bishop	Cluster	un	6257708	134	0.118644068	4.42857	0.46670	42.02293	0.64626	0.05263	-1.00000	-1.00000
14115	Bishop	Cluster	un	6262241	23	0.023977923	0.12315	0.01417	1.07058	0.90956	0.10769	-1.00000	-1.00000
14120	Bishop	Cluster	un	6263106	84	0.026878837	9.21053	1.04264	81.36432	0.96428	0.10227	-1.00000	-1.00000
14121	Bishop	Cluster	un	6263963	121	0.444444444	2.58333	0.22094	30.20541	0.41218	0.02358	-1.00000	-1.00000
14124	Bishop	Cluster	un	6265461	48	0.500000000	2.07692	0.17741	24.31412	0.31742	0.01961	-1.00000	-1.00000
14128	Bishop	Cluster	un	6267635	40	0.482758621	0.45161	0.03880	5.25593	0.34523	0.01880	-1.00000	-1.00000
14131	Bishop	Cluster	un	6269268	39	0.500000000	2.07143	0.17768	24.14955	0.31627	0.01818	-1.00000	-1.00000
14140	Bishop	Cluster	un	6271674	42	1.000000000	0.51724	0.04445	6.01898	0.28631	0.01637	-1.00000	-1.00000
14146	Bishop	Cluster	un	6273420	120	0.589727264	0.72917	0.24175	2.19929	0.13717	0.00606	-1.00000	-1.00000
14149	Bishop	Cluster	un	6274149	68	0.118644068	4.42857	0.46670	42.02293	0.64626	0.05263	-1.00000	-1.00000
14165	Bishop	Cluster	un	6277796	435	0.245098039	0.30864	0.03010	3.16484	0.51055	0.04000	-1.00000	-1.00000
14168	Bishop	Cluster	un	6279169	50	0.500000000	2.06667	0.17791	24.00734	0.31527	0.01695	-1.00000	-1.00000
14169	Bishop	Cluster	un	6279944	11	0.245454545	0.31034	0.03040	3.16783	0.50816	0.03704	-1.00000	-1.00000
14173	Bishop	Cluster	un	6282419	24	0.118644068	0.22581	0.02380	2.14269	0.64626	0.05263	-1.00000	-1.00000
14176	Bishop	Cluster	un	6283987	19	0.104821803	0.20690	0.02165	1.97698	0.68425	0.06335	-1.00000	-1.00000
14179	Bishop	Cluster	un	6285018	284	0.192872117	0.24731	0.02414	2.53324	0.60676	0.04808	-1.00000	-1.00000
14182	Bishop	Cluster	un	6286493	149	0.342212357	0.28395	0.02761	2.92002	0.54676	0.02310	-1.00000	-1.00000
14184	Bishop	Cluster	un	6288052	16	0.023977923	8.12000	0.93407	70.58795	0.90956	0.10769	-1.00000	-1.00000
14188	Bishop	Cluster	un	6291407	132	0.028796862	3.75325	1.17437	11.99526	0.57441	0.09953	-1.00000	-1.00000
14192	Bishop	Cluster	un	6292125	31	0.327683847	0.26437	0.02576	2.71292	0.57779	0.02525	-1.00000	-1.00000
14197	Bishop	Cluster	un	6294601	39	0.000000000	95.28571	10.92729	830.88916	1.97903	0.64706	-1.00000	-1.00000
14203	Bishop	Cluster	un	6296434	223	0.192872117	0.24731	0.02414	2.53324	0.60676	0.04808	-1.00000	-1.00000
14205	Bishop	Cluster	un	6297832	35	0.056199822	5.74074	0.63090	52.23658	0.75897	0.07143	-1.00000	-1.00000
14212	Bishop	Cluster	un	6300188	49	0.211038961	0.26882	0.02632	2.74562	0.57054	0.04274	-1.00000	-1.00000
14218	Bishop	Cluster	un	6303509	98	0.000000002	69.00000	12.67826	375.52475	1.83885	0.61562	-1.00000	-1.00000
14227	Bishop	Cluster	un	6305896	96	1.000000000	1.01111	0.34662	2.94949	0.00480	0.00001	-1.00000	-1.00000
14229	Bishop	Cluster	un	6306835	152	0.431086671	2.16667	0.36328	12.92254	0.33579	0.01333	-1.00000	-1.00000
14231	Bishop	Cluster	un	6307836	344	0.500000000	2.06667	0.17791	24.00734	0.31527	0.01695	-1.00000	-1.00000
14237	Bishop	Cluster	un	6309810	44	0.228675136	3.44444	0.33807	35.09441	0.53712	0.03827	-1.00000	-1.00000
14246	Bishop	Cluster	un	6313682	25	0.481481481	2.23077	0.19093	26.06312	0.34845	0.02032	-1.00000	-1.00000
14247	Bishop	Cluster	un	6314697	349	1.000000000	0.86207	0.05123	14.50627	0.06446	0.00019	-1.00000	-1.00000
14256	Bishop	Cluster	un	6318265	78	0.245762712	3.20690	0.31542	32.60509	0.50608	0.03448	-1.00000	-1.00000
14260	Bishop	Cluster	un	6319774	81	0.464285714	0.41935	0.03596	4.89101	0.37742	0.02098	-1.00000	-1.00000
14279	Bishop	Cluster	un	6327832	203	0.491833031	0.33333	0.03272	3.39531	0.47712	0.03333	-1.00000	-1.00000
14285	Bishop	Cluster	un	6329325	29	1.000000000	1.93333	0.16614	22.49763	0.28631	0.01637	-1.00000	-1.00000
14289	Bishop	Cluster	un	6331225	288	0.482758621	2.21429	0.19026	25.77014	0.34523	0.01880	-1.00000	-1.00000
14297	Bishop	Cluster	un	6333823	373	1.000000000	0.92593	0.05493	15.60790	0.03342	0.00005	-1.00000	-1.00000
14312	Bishop	Cluster	un	6335143	96	0.048259363	0.16129	0.01768	1.47141	0.79239	0.07937	-1.00000	-1.00000
14317	Bishop	Cluster	un	6336883	300	1.000000000	0.93103	0.05544	15.63520	0.03103	0.00004	-1.00000	-1.00000
14336	Bishop	Cluster	un	6345933	350	0.500000000	0.48276	0.04141	5.62819	0.31627	0.01818	-1.00000	-1.00000
14362	Bishop	Cluster	un	6357699	11	1.000000000	1.27778	0.25733	6.34476	0.10646	0.00167	-1.00000	-1.00000
14365	Bishop	Cluster	un	6360077	47	0.500000000	2.06667	0.17791	24.00734	0.31527	0.01695	-1.00000	-1.00000
14372	Bishop	Cluster	un	6361686	36	0.245762712	0.31183	0.03067	3.17041	0.50608	0.03448	-1.00000	-1.00000
14373	Bishop	Cluster	un	6362536	89	0.026092774	7.15385	0.80847	63.30171	0.85454	0.09091	-1.00000	-1.00000
14385	Bishop	Cluster	un	6366399	74	0.464285714	0.41935	0.03596	4.89101	0.37742	0.02098	-1.00000	-1.00000
14396	Bishop	Cluster	un	6368279	320	0.480000000	0.44444	0.03787	5.21605	0.35218	0.02211	-1.00000	-1.00000
14399	Bishop	Cluster	un	6369072	309	0.500000000	0.48276	0.04141	5.62819	0.31627	0.01818	-1.00000	-1.00000
14401	Bishop	Cluster	un	6369392	69	0.245762712	0.31183	0.03067	3.17041	0.50608	0.03448	-1.00000	-1.00000
14420	Bishop	Cluster	un	6375871	91	0.000017296	0.03722	0.00444	0.31176	1.42921	0.31469	-1.00000	-1.00000
14425	Bishop	Cluster	un	6377846	195	0.500000000	0.48276	0.04141	5.62819	0.31627	0.01818	-1.00000	-1.00000
14426	Bishop	Cluster	un	6378954	517	0.481481481	0.44828	0.03837	5.23742	0.34845	0.02032	-1.00000	-1.00000
14441	Bishop	Cluster	un	6384127	150	1.000000000	1.92857	0.16509	22.52900	0.28524	0.01752	-1.00000	-1.00000
14454	Bishop	Cluster	un	6389614	15	0.245762712	3.20690	0.31542	32.60509	0.50608	0.03448	-1.00000	-1.00000
14468	Bishop	Cluster	un	6398659	321	1.000000000	0.51852	0.04439	6.05718	0.28524	0.01752	-1.00000	-1.00000
14477	Bishop	Cluster	un	6400887	8	0.004488740	11.57143	1.35697	98.67399	1.06339	0.16149	-1.00000	-1.00000
14488	Bishop	Cluster	un	6404101	25	0.106170599	4.76923	0.50143	45.36166	0.67845	0.05844	-1.00000	-1.00000
14489	Bishop	Cluster	un	6404998	78	0.000000000	405.00000	34.73419	4722.29248	2.60746	0.93086	-1.00000	-1.00000
14501	Bishop	Cluster	un	6411465	136	0.228675136	3.44444	0.33807	35.09441	0.53712	0.03827	-1.00000	-1.00000
14525	Bishop	Cluster	un	6422897	107	0.081599742	0.17742	0.01854	1.69757	0.75100	0.07353	-1.00000	-1.00000
14529	Bishop	Cluster	un	6425227	11	0.444444444	0.38710	0.03311	4.52610	0.41218	0.02358	-1.00000	-1.00000
14530	Bishop	Cluster	un	6426474	466	0.000000000	625.00000	37.00302	10556.57129	2.79588	1.00000	-1.00000	-1.00000
14544	Bishop	Cluster	un	6432931	113	0.009307886	0.10599	0.01218	0.92241	0.97473	0.12363	-1.00000	-1.00000
14570	Bishop	Cluster	un	6443872	6	0.106170599	0.20968	0.02205	1.99431	0.67845	0.05844	-1.00000	-1.00000
14581	Bishop	Cluster	un	6446461	122	0.106170599	4.76923	0.50143	45.36166	0.67845	0.05844	-1.00000	-1.00000
14585	Bishop	Cluster	un	6447196	41	0.464285714	0.41935	0.03596	4.89101	0.37742	0.02098	-1.00000	-1.00000
14614	Bishop	Cluster	un	6458560	123	0.245762712	3.20690	0.31542	32.60509	0.50608	0.03448	-1.00000	-1.00000
14617	Bishop	Cluster	un	6459293	112	0.278138913	0.50000	0.16973	1.47292	0.30103	0.02855	-1.00000	-1.00000
14638	Bishop	Cluster	un	6468604	95	0.500000000	2.06667	0.17791	24.00734	0.31527	0.01695	-1.00000	-1.00000
14642	Bishop	Cluster	un	6470065	103	0.016311460	0.08374	0.00947	0.74022	1.07705	0.13057	-1.00000	-1.00000
14643	Bishop	Cluster	un	6470855	133	0.500000000	0.48387	0.04165	5.62086	0.31527	0.01695	-1.00000	-1.00000
14648	Bishop	Cluster	un	6472276	83	0.000000000	465.00000	40.02943	5401.65088	2.66745	0.93548	-1.00000	-1.00000
14651	Bishop	Cluster	un	6473408	420	1.000000000	0.51852	0.04439	6.05718	0.28524	0.01752	-1.00000	-1.00000
14672	Bishop	Cluster	un	6480329	96	1.000000000	1.93333	0.16614	22.49763	0.28631	0.01637	-1.00000	-1.00000
14674	Bishop	Cluster	un	6481866	61	0.464285714	0.41935	0.03596	4.89101	0.37742	0.02098	-1.00000	-1.00000
14683	Bishop	Cluster	un	6485704	51	0.245762712	0.31183	0.03067	3.17041	0.50608	0.03448	-1.00000	-1.00000
14688	Bishop	Cluster	un	6488205	57	0.146769406	3.95652	0.74581	20.98927	0.59731	0.04993	-1.00000	-1.00000
14694	Bishop	Cluster	un	6492521	134	0.112852665	5.37037	0.58906	48.96109	0.73000	0.06914	-1.00000	-1.00000
14695	Bishop	Cluster	un	6493490	285	0.117647059	4.50000	0.46992	43.09288	0.65321	0.06122	-1.00000	-1.00000
14699	Bishop	Cluster	un	6495597	44	0.500000000	2.06667	0.17791	24.00734	0.31527	0.01695	-1.00000	-1.00000
14707	Bishop	Cluster	un	6498748	106	0.104821803	0.20690	0.02165	1.97698	0.68425	0.06335	-1.00000	-1.00000
14720	Bishop	Cluster	un	6501809	63	0.103265306	0.20370	0.02120	1.95699	0.69100	0.06915	-1.00000	-1.00000
14724	Bishop	Cluster	un	6502646	85	0.000041324	24.85714	2.93209	210.72923	1.39545	0.31301	-1.00000	-1.00000
14727	Bishop	Cluster	un	6505440	365	0.461538462	0.41379	0.03533	4.84665	0.38322	0.02288	-1.00000	-1.00000
14735	Bishop	Cluster	un	6508565	270	0.228675136	0.29032	0.02849	2.95801	0.53712	0.03827	-1.00000	-1.00000
14740	Bishop	Cluster	un	6509862	38	0.000000003	91.66666	14.00524	599.97375	1.96221	0.65242	-1.00000	-1.00000
14743	Bishop	Cluster	un	6512302	85	0.021448606	7.75000	0.87337	68.77064	0.88930	0.10108	-1.00000	-1.00000
14754	Bishop	Cluster	un	6516975	60	0.000000003	99.00000	11.07302	885.12469	1.99564	0.58103	-1.00000	-1.00000
14756	Bishop	Cluster	un	6517862	99	0.118181818	0.22414	0.02352	2.13589	0.64948	0.05660	-1.00000	-1.00000
14773	Bishop	Cluster	un	6526082	390	1.000000000	1.00000	0.05965	16.76418	0.00000	0.00000	-1.00000	-1.00000
14776	Bishop	Cluster	un	6528613	499	0.464285714	0.41935	0.03596	4.89101	0.37742	0.02098	-1.00000	-1.00000
14779	Bishop	Cluster	un	6529662	18	0.056199822	5.74074	0.63090	52.23658	0.75897	0.07143	-1.00000	-1.00000
14782	Bishop	Cluster	un	6531386	30	0.000008568	24.55556	4.71750	127.81669	1.39015	0.37135	-1.00000	-1.00000
14790	Bishop	Cluster	un	6535717	357	0.208144796	0.26437	0.02576	2.71292	0.57779	0.04667	-1.00000	-1.00000
14792	Bishop	Cluster	un	6537028	34	1.000000000	0.55556	0.04765	6.47777	0.25527	0.01576	-1.00000	-1.00000
14822	Bishop	Cluster	un	6547708	341	1.000000000	0.51724	0.04445	6.01898	0.28631	0.01637	-1.00000	-1.00000
14824	Bishop	Cluster	un	6549053	106	0.000007034	31.50000	3.70715	267.65814	1.49831	0.38063	-1.00000	-1.00000
14827	Bishop	Cluster	un	6551213	528	0.225306122	0.28395	0.02761	2.92002	0.54676	0.04514	-1.00000	-1.00000
14841	Bishop	Cluster	un	6554068	37	1.000000000	0.51724	0.04445	6.01898	0.28631	0.01637	-1.00000	-1.00000
14842	Bishop	Cluster	un	6554922	54	0.245762712	0.31183	0.03067	3.17041	0.50608	0.03448	-1.00000	-1.00000
14847	Bishop	Cluster	un	6557418	240	0.482758621	2.21429	0.19026	25.77014	0.34523	0.01880	-1.00000	-1.00000
14852	Bishop	Cluster	un	6559539	61	0.444444444	0.38710	0.03311	4.52610	0.41218	0.02358	-1.00000	-1.00000
14856	Bishop	Cluster	un	6560263	20	0.228675136	0.29032	0.02849	2.95801	0.53712	0.03827	-1.00000	-1.00000
14863	Bishop	Cluster	un	6565200	89	0.000080714	0.04598	0.00547	0.38665	1.33746	0.27549	-1.00000	-1.00000
14879	Bishop	Cluster	un	6572606	137	0.000080714	0.04598	0.00547	0.38665	1.33746	0.27549	-1.00000	-1.00000
14881	Bishop	Cluster	un	6573321	44	0.245454545	0.31034	0.03040	3.16783	0.50816	0.03704	-1.00000	-1.00000
14882	Bishop	Cluster	un	6573825	20	0.007090887	10.33333	1.18301	90.25963	1.01424	0.13846	-1.00000	-1.00000
14884	Bishop	Cluster	un	6574619	9	0.000000000	203.00000	21.35251	1929.93689	2.30750	0.81290	-1.00000	-1.00000
14909	Bishop	Cluster	un	6583405	134	0.104821803	4.83333	0.50582	46.18450	0.68425	0.06335	-1.00000	-1.00000
14912	Bishop	Cluster	un	6585021	14	1.000000000	1.93333	0.16614	22.49763	0.28631	0.01637	-1.00000	-1.00000
14914	Bishop	Cluster	un	6585941	50	0.048259363	0.16129	0.01768	1.47141	0.79239	0.07937	-1.00000	-1.00000
14918	Bishop	Cluster	un	6588474	38	0.026092774	0.13978	0.01580	1.23690	0.85454	0.09091	-1.00000	-1.00000
14921	Bishop	Cluster	un	6589420	101	1.000000000	1.93333	0.16614	22.49763	0.28631	0.01637	-1.00000	-1.00000
14922	Bishop	Cluster	un	6590281	132	0.055746141	0.17241	0.01886	1.57593	0.76343	0.07692	-1.00000	-1.00000
14942	Bishop	Cluster	un	6596032	316	0.482758621	0.45161	0.03880	5.25593	0.34523	0.01880	-1.00000	-1.00000
14945	Bishop	Cluster	un	6597362	51	0.432629146	0.46429	0.07835	2.75141	0.33321	0.01235	-1.00000	-1.00000
14951	Bishop	Cluster	un	6599841	196	0.211038961	0.26882	0.02632	2.74562	0.57054	0.04274	-1.00000	-1.00000
14956	Bishop	Cluster	un	6600506	72	0.245762712	3.20690	0.31542	32.60509	0.50608	0.03448	-1.00000	-1.00000
14959	Bishop	Cluster	un	6602272	112	0.000020409	34.09091	3.99134	291.17758	1.53264	0.34028	-1.00000	-1.00000
14966	Bishop	Cluster	un	6606312	53	0.746810460	1.26667	0.32816	4.88915	0.10266	0.00246	-1.00000	-1.00000
14969	Bishop	Cluster	un	6607356	263	0.482758621	0.45161	0.03880	5.25593	0.34523	0.01880	-1.00000	-1.00000
14970	Bishop	Cluster	un	6607984	44	0.228675136	3.44444	0.33807	35.09441	0.53712	0.03827	-1.00000	-1.00000
14993	Bishop	Cluster	un	6621068	84	0.464285714	0.41935	0.03596	4.89101	0.37742	0.02098	-1.00000	-1.00000
14997	Bishop	Cluster	un	6623506	83	0.118644068	4.42857	0.46670	42.02293	0.64626	0.05263	-1.00000	-1.00000
14999	Bishop	Cluster	un	6624345	110	0.245762712	3.20690	0.31542	32.60509	0.50608	0.03448	-1.00000	-1.00000
15000	Bishop	Cluster	un	6625070	113	0.709458251	0.71739	0.14382	3.57837	0.14424	0.00317	-1.00000	-1.00000
15004	Bishop	Cluster	un	6625906	146	0.245762712	0.31183	0.03067	3.17041	0.50608	0.03448	-1.00000	-1.00000
15014	Bishop	Cluster	un	6629582	81	1.000000000	1.78571	0.15251	20.90852	0.25181	0.01681	-1.00000	-1.00000
15031	Bishop	Cluster	un	6635153	112	0.118181818	4.46154	0.46819	42.51565	0.64948	0.05660	-1.00000	-1.00000
15034	Bishop	Cluster	un	6635963	122	0.482758621	2.21429	0.19026	25.77014	0.34523	0.01880	-1.00000	-1.00000
15036	Bishop	Cluster	un	6637328	146	0.000000000	377.00000	32.26782	4404.66650	2.57634	0.92838	-1.00000	-1.00000
15046	Bishop	Cluster	un	6639748	228	0.500000000	0.48387	0.04165	5.62086	0.31527	0.01695	-1.00000	-1.00000
15053	Bishop	Cluster	un	6642452	560	0.500000000	2.07692	0.17741	24.31412	0.31742	0.01961	-1.00000	-1.00000
15058	Bishop	Cluster	un	6644393	11	0.500000000	2.06667	0.17791	24.00734	0.31527	0.01695	-1.00000	-1.00000
15064	Bishop	Cluster	un	6647725	102	0.228675136	3.44444	0.33807	35.09441	0.53712	0.03827	-1.00000	-1.00000
15068	Bishop	Cluster	un	6650433	283	0.500000000	0.48276	0.04141	5.62819	0.31627	0.01818	-1.00000	-1.00000
15072	Bishop	Cluster	un	6652024	301	1.000000000	1.92308	0.16389	22.56519	0.28400	0.01884	-1.00000	-1.00000
15086	Bishop	Cluster	un	6656417	61	0.481481481	0.44828	0.03837	5.23742	0.34845	0.02032	-1.00000	-1.00000
15087	Bishop	Cluster	un	6657214	69	1.000000000	0.55556	0.04765	6.47777	0.25527	0.01576	-1.00000	-1.00000
15088	Bishop	Cluster	un	6658002	81	0.482758621	2.21429	0.19026	25.77014	0.34523	0.01880	-1.00000	-1.00000
15103	Bishop	Cluster	un	6663307	33	0.000194430	0.04274	0.00508	0.35949	1.36922	0.24490	-1.00000	-1.00000
15104	Bishop	Cluster	un	6664087	50	0.615086172	2.77778	0.27089	28.48358	0.44370	0.01420	-1.00000	-1.00000
15110	Bishop	Cluster	un	6664976	132	0.500000000	0.48387	0.04165	5.62086	0.31527	0.01695	-1.00000	-1.00000
15113	Bishop	Cluster	un	6665525	10	0.482758621	2.21429	0.19026	25.77014	0.34523	0.01880	-1.00000	-1.00000
15123	Bishop	Cluster	un	6670310	249	0.244680851	0.30667	0.02975	3.16133	0.51333	0.04348	-1.00000	-1.00000
15133	Bishop	Cluster	un	6676643	142	0.004488740	11.57143	1.35697	98.67399	1.06339	0.16149	-1.00000	-1.00000
15136	Bishop	Cluster	un	6677495	133	0.482758621	0.45161	0.03880	5.25593	0.34523	0.01880	-1.00000	-1.00000
15140	Bishop	Cluster	un	6678638	127	0.254909249	2.08163	0.64596	6.70818	0.31840	0.03057	-1.00000	-1.00000
15146	Bishop	Cluster	un	6682674	378	1.000000000	1.92857	0.16509	22.52900	0.28524	0.01752	-1.00000	-1.00000
15153	Bishop	Cluster	un	6685783	44	0.211038961	0.26882	0.02632	2.74562	0.57054	0.04274	-1.00000	-1.00000
15155	Bishop	Cluster	un	6686971	493	0.500000000	2.07143	0.17768	24.14955	0.31627	0.01818	-1.00000	-1.00000
15160	Bishop	Cluster	un	6689875	64	1.000000000	1.66667	0.14261	19.47836	0.22185	0.01509	-1.00000	-1.00000
15177	Bishop	Cluster	un	6696109	45	0.000419879	11.66667	2.69573	50.49133	1.06695	0.26667	-1.00000	-1.00000
15178	Bishop	Cluster	un	6697029	155	0.482758621	0.45161	0.03880	5.25593	0.34523	0.01880	-1.00000	-1.00000
15191	Bishop	Cluster	un	6699876	101	0.000000000	191.66667	18.59275	1975.82971	2.28255	0.84615	-1.00000	-1.00000
15192	Bishop	Cluster	un	6700621	60	0.245762712	0.31183	0.03067	3.17041	0.50608	0.03448	-1.00000	-1.00000
15195	Bishop	Cluster	un	6702957	46	0.005271268	0.09677	0.01132	0.82757	1.01424	0.13208	-1.00000	-1.00000
15200	Bishop	Cluster	un	6706065	40	0.618181818	2.07692	0.17741	24.31412	0.31742	0.00629	-1.00000	-1.00000
15207	Bishop	Cluster	un	6709900	36	0.500000000	2.06667	0.17791	24.00734	0.31527	0.01695	-1.00000	-1.00000
15224	Bishop	Cluster	un	6717972	37	0.000000000	225.00000	21.94246	2307.17041	2.35218	0.73846	-1.00000	-1.00000
15229	Bishop	Cluster	un	6720266	15	0.211038961	0.26882	0.02632	2.74562	0.57054	0.04274	-1.00000	-1.00000
15232	Bishop	Cluster	un	6722714	56	0.048259363	0.16129	0.01768	1.47141	0.79239	0.07937	-1.00000	-1.00000
15239	Bishop	Cluster	un	6725166	14	1.000000000	1.93333	0.16614	22.49763	0.28631	0.01637	-1.00000	-1.00000
15264	Bishop	Cluster	un	6735546	79	0.000000010	63.00000	7.38797	537.22504	1.79934	0.54622	-1.00000	-1.00000
15277	Bishop	Cluster	un	6740091	459	0.227113906	0.28736	0.02808	2.94037	0.54158	0.04142	-1.00000	-1.00000
15278	Bishop	Cluster	un	6740527	15	0.500000000	2.06667	0.17791	24.00734	0.31527	0.01695	-1.00000	-1.00000
15280	Bishop	Cluster	un	6742245	77	0.016354234	0.11494	0.01283	1.02946	0.93952	0.12411	-1.00000	-1.00000
15281	Bishop	Cluster	un	6742985	25	0.078818199	4.80000	0.91334	25.22604	0.68124	0.07213	-1.00000	-1.00000
15285	Bishop	Cluster	un	6744660	109	0.092502533	0.15200	0.01637	1.41132	0.81816	0.06821	-1.00000	-1.00000
15296	Bishop	Cluster	un	6749597	191	1.000000000	1.66667	0.14261	19.47836	0.22185	0.01509	-1.00000	-1.00000
15321	Bishop	Cluster	un	6760841	267	1.000000000	0.85185	0.05042	14.39326	0.06964	0.00024	-1.00000	-1.00000
15324	Bishop	Cluster	un	6763189	138	0.019112505	0.09360	0.01065	0.82280	1.02874	0.11303	-1.00000	-1.00000
15325	Bishop	Cluster	un	6763833	48	0.106170599	0.20968	0.02205	1.99431	0.67845	0.05844	-1.00000	-1.00000
15332	Bishop	Cluster	un	6766961	23	0.493506494	2.79310	0.27363	28.51051	0.44609	0.03210	-1.00000	-1.00000
15359	Bishop	Cluster	un	6776991	422	0.245454545	0.31034	0.03040	3.16783	0.50816	0.03704	-1.00000	-1.00000
15361	Bishop	Cluster	un	6777571	148	1.000000000	0.51724	0.04445	6.01898	0.28631	0.01637	-1.00000	-1.00000
15362	Bishop	Cluster	un	6778277	93	0.069262539	4.94118	0.91187	26.77499	0.69383	0.07798	-1.00000	-1.00000
15393	Bishop	Cluster	un	6789023	17	0.228675136	0.29032	0.02849	2.95801	0.53712	0.03827	-1.00000	-1.00000
15401	Bishop	Cluster	un	6790732	10	0.040703531	6.73913	0.73649	61.66531	0.82860	0.08876	-1.00000	-1.00000
15410	Bishop	Cluster	un	6794785	6	0.228675136	3.44444	0.33807	35.09441	0.53712	0.03827	-1.00000	-1.00000
15411	Bishop	Cluster	un	6795653	31	0.482758621	0.45161	0.03880	5.25593	0.34523	0.01880	-1.00000	-1.00000
15421	Bishop	Cluster	un	6800426	94	0.500000000	2.06667	0.17791	24.00734	0.31527	0.01695	-1.00000	-1.00000
15433	Bishop	Cluster	un	6804999	22	0.011896978	4.97059	1.38675	17.81625	0.69641	0.11081	-1.00000	-1.00000
15442	Bishop	Cluster	un	6808160	49	0.493506494	2.79310	0.27363	28.51051	0.44609	0.03210	-1.00000	-1.00000
15457	Bishop	Cluster	un	6815343	26	0.000007884	0.03226	0.00382	0.27270	1.49136	0.35714	-1.00000	-1.00000
15458	Bishop	Cluster	un	6816128	23	0.500000000	0.48387	0.04165	5.62086	0.31527	0.01695	-1.00000	-1.00000
15467	Bishop	Cluster	un	6819404	23	0.000245867	0.05161	0.00606	0.43972	1.28724	0.25000	-1.00000	-1.00000
15489	Bishop	Cluster	un	6827425	40	0.051107251	0.14667	0.01636	1.31471	0.83367	0.10256	-1.00000	-1.00000
15490	Bishop	Cluster	un	6828379	121	0.000001933	37.50000	4.46486	314.95926	1.57403	0.41633	-1.00000	-1.00000
15502	Bishop	Cluster	un	6833765	13	0.000123973	0.04702	0.00553	0.39964	1.32770	0.27778	-1.00000	-1.00000
15510	Bishop	Cluster	un	6838732	372	1.000000000	0.52000	0.04432	6.10163	0.28400	0.01884	-1.00000	-1.00000
15512	Bishop	Cluster	un	6840089	44	0.500000000	2.06667	0.17791	24.00734	0.31527	0.01695	-1.00000	-1.00000
15514	Bishop	Cluster	un	6842012	282	0.500000000	0.48387	0.04165	5.62086	0.31527	0.01695	-1.00000	-1.00000
15523	Bishop	Cluster	un	6844904	16	0.003937952	11.27273	1.31375	96.72617	1.05203	0.14706	-1.00000	-1.00000
15529	Bishop	Cluster	un	6849994	61	0.118644068	4.42857	0.46670	42.02293	0.64626	0.05263	-1.00000	-1.00000
15533	Bishop	Cluster	un	6852436	46	0.026092774	7.15385	0.80847	63.30171	0.85454	0.09091	-1.00000	-1.00000
15549	Bishop	Cluster	un	6860761	104	0.000000109	46.50000	5.57532	387.82544	1.66745	0.44425	-1.00000	-1.00000
15565	Bishop	Cluster	un	6867932	63	0.500000000	2.07143	0.17768	24.14955	0.31627	0.01818	-1.00000	-1.00000
15572	Bishop	Cluster	un	6870604	171	1.000000000	1.80000	0.15437	20.98797	0.25527	0.01576	-1.00000	-1.00000
15590	Bishop	Cluster	un	6880318	76	0.000521867	0.05926	0.00693	0.50704	1.22724	0.23780	-1.00000	-1.00000
15594	Bishop	Cluster	un	6882038	114	1.000000000	1.00000	0.05944	16.82259	0.00000	0.00000	-1.00000	-1.00000
15604	Bishop	Cluster	un	6887834	183	1.000000000	1.64286	0.13993	19.28811	0.21560	0.00294	-1.00000	-1.00000
15611	Bishop	Cluster	un	6891789	87	0.040703531	0.14839	0.01622	1.35779	0.82860	0.08876	-1.00000	-1.00000
15617	Bishop	Cluster	un	6894940	111	0.510444696	0.52795	0.14278	1.95221	0.27741	0.01791	-1.00000	-1.00000
15627	Bishop	Cluster	un	6898873	13	0.192872117	0.24731	0.02414	2.53324	0.60676	0.04808	-1.00000	-1.00000
15632	Bishop	Cluster	un	6901969	6	0.000000042	75.00000	8.52772	659.61346	1.87506	0.52355	-1.00000	-1.00000
15649	Bishop	Cluster	un	6910755	43	1.000000000	1.80000	0.15437	20.98797	0.25527	0.01576	-1.00000	-1.00000
15652	Bishop	Cluster	un	6911584	63	0.000094312	20.66667	2.47792	172.36687	1.31527	0.25076	-1.00000	-1.00000
15656	Bishop	Cluster	un	6913591	38	0.236897275	4.15385	0.43495	39.66973	0.61845	0.05462	-1.00000	-1.00000
15657	Bishop	Cluster	un	6914447	117	0.000945606	7.93333	2.23570	28.15131	0.89946	0.21818	-1.00000	-1.00000
15663	Bishop	Cluster	un	6916297	332	0.491833031	0.33333	0.03272	3.39531	0.47712	0.03333	-1.00000	-1.00000
15679	Bishop	Cluster	un	6922223	111	0.245762712	3.20690	0.31542	32.60509	0.50608	0.03448	-1.00000	-1.00000
15680	Bishop	Cluster	un	6922930	12	0.085582239	3.00000	0.92987	9.67878	0.47712	0.06699	-1.00000	-1.00000
15695	Bishop	Cluster	un	6929451	91	0.245762712	3.20690	0.31542	32.60509	0.50608	0.03448	-1.00000	-1.00000
15700	Bishop	Cluster	un	6930342	100	0.118644068	4.42857	0.46670	42.02293	0.64626	0.05263	-1.00000	-1.00000
15702	Bishop	Cluster	un	6931820	56	0.500000000	2.06667	0.17791	24.00734	0.31527	0.01695	-1.00000	-1.00000
15713	Bishop	Cluster	un	6935058	31	0.482758621	0.45161	0.03880	5.25593	0.34523	0.01880	-1.00000	-1.00000
15718	Bishop	Cluster	un	6937596	83	0.245762712	3.20690	0.31542	32.60509	0.50608	0.03448	-1.00000	-1.00000
15727	Bishop	Cluster	un	6939291	109	1.000000000	1.91667	0.16250	22.60740	0.28255	0.00550	-1.00000	-1.00000
15733	Bishop	Cluster	un	6943302	117	0.000000000	201.50000	21.18529	1916.53027	2.30428	0.81169	-1.00000	-1.00000
15736	Bishop	Cluster	un	6945748	90	0.118644068	0.22581	0.02380	2.14269	0.64626	0.05263	-1.00000	-1.00000
15740	Bishop	Cluster	un	6948422	426	0.461538462	0.41379	0.03533	4.84665	0.38322	0.02288	-1.00000	-1.00000
15743	Bishop	Cluster	un	6949642	58	0.199433358	0.20000	0.02165	1.84793	0.69897	0.04563	-1.00000	-1.00000
15744	Bishop	Cluster	un	6950518	147	1.000000000	1.93333	0.16614	22.49763	0.28631	0.01637	-1.00000	-1.00000
15747	Bishop	Cluster	un	6951941	155	0.245762712	0.31183	0.03067	3.17041	0.50608	0.03448	-1.00000	-1.00000
15750	Bishop	Cluster	un	6954243	20	0.118181818	4.46154	0.46819	42.51565	0.64948	0.05660	-1.00000	-1.00000
15757	Bishop	Cluster	un	6957385	47	0.493506494	0.35802	0.03507	3.65452	0.44609	0.03210	-1.00000	-1.00000
15771	Bishop	Cluster	un	6964569	98	0.245762712	0.31183	0.03067	3.17041	0.50608	0.03448	-1.00000	-1.00000
15774	Bishop	Cluster	un	6965272	11	0.021448606	0.12903	0.01454	1.14498	0.88930	0.10108	-1.00000	-1.00000
15777	Bishop	Cluster	un	6966802	21	0.001954280	0.07258	0.00838	0.62842	1.13918	0.18617	-1.00000	-1.00000
15796	Bishop	Cluster	un	6976115	217	1.000000000	1.80000	0.15437	20.98797	0.25527	0.01576	-1.00000	-1.00000
15797	Bishop	Cluster	un	6977150	479	0.244680851	3.26087	0.31632	33.61525	0.51333	0.04348	-1.00000	-1.00000
15798	Bishop	Cluster	un	6977524	51	0.481481481	0.44828	0.03837	5.23742	0.34845	0.02032	-1.00000	-1.00000
15800	Bishop	Cluster	un	6978284	10	1.000000000	1.00000	0.32968	3.03324	0.00000	0.00000	-1.00000	-1.00000
15821	Bishop	Cluster	un	6985031	362	0.227113906	0.28736	0.02808	2.94037	0.54158	0.04142	-1.00000	-1.00000
15824	Bishop	Cluster	un	6986522	366	0.500000000	0.48276	0.04141	5.62819	0.31627	0.01818	-1.00000	-1.00000
15840	Bishop	Cluster	un	6991306	60	0.001954280	0.07258	0.00838	0.62842	1.13918	0.18617	-1.00000	-1.00000
15854	Bishop	Cluster	un	6998297	29	0.000000000	725.00000	43.08483	12199.76953	2.86034	1.00000	-1.00000	-1.00000
15864	Bishop	Cluster	un	7002796	45	0.789664692	1.16667	0.39271	3.46593	0.06695	0.00148	-1.00000	-1.00000
15869	Bishop	Cluster	un	7003609	91	0.000160510	19.11765	2.28267	160.11241	1.28143	0.25714	-1.00000	-1.00000
15875	Bishop	Cluster	un	7006955	149	0.144425815	4.00000	0.74768	21.39966	0.60206	0.05385	-1.00000	-1.00000
15876	Bishop	Cluster	un	7007907	306	1.000000000	1.80000	0.15437	20.98797	0.25527	0.01576	-1.00000	-1.00000
15886	Bishop	Cluster	un	7013295	55	0.005220156	10.56522	1.24359	89.75964	1.02388	0.14444	-1.00000	-1.00000
15904	Bishop	Cluster	un	7020332	39	0.000015337	0.03704	0.00444	0.30868	1.43136	0.32500	-1.00000	-1.00000
15908	Bishop	Cluster	un	7023011	214	0.461538462	0.41379	0.03533	4.84665	0.38322	0.02288	-1.00000	-1.00000
15915	Bishop	Cluster	un	7025428	114	0.464285714	2.38462	0.20446	27.81217	0.37742	0.02098	-1.00000	-1.00000
15922	Bishop	Cluster	un	7029209	46	0.054964031	3.37778	1.10265	10.34729	0.52863	0.08677	-1.00000	-1.00000
15926	Bishop	Cluster	un	7032387	85	0.106170599	4.76923	0.50143	45.36166	0.67845	0.05844	-1.00000	-1.00000
15929	Bishop	Cluster	un	7033878	10	0.461538462	2.41667	0.20633	28.30581	0.38322	0.02288	-1.00000	-1.00000
15944	Bishop	Cluster	un	7042078	105	0.000000000	103.33334	11.56006	923.67841	2.01424	0.67857	-1.00000	-1.00000
15949	Bishop	Cluster	un	7044448	28	0.500000000	0.48387	0.04165	5.62086	0.31527	0.01695	-1.00000	-1.00000
15950	Bishop	Cluster	un	7045268	37	0.001954280	0.07258	0.00838	0.62842	1.13918	0.18617	-1.00000	-1.00000
15953	Bishop	Cluster	un	7046927	100	0.500000000	2.06667	0.17791	24.00734	0.31527	0.01695	-1.00000	-1.00000
15956	Bishop	Cluster	un	7048442	54	0.025728988	0.13793	0.01551	1.22635	0.86034	0.09804	-1.00000	-1.00000
15958	Bishop	Cluster	un	7050292	270	0.500000000	0.48276	0.04141	5.62819	0.31627	0.01818	-1.00000	-1.00000
15968	Bishop	Cluster	un	7054143	13	0.352571217	0.24000	0.02500	2.30408	0.61979	0.03238	-1.00000	-1.00000
15970	Bishop	Cluster	un	7055044	51	0.192872117	0.24731	0.02414	2.53324	0.60676	0.04808	-1.00000	-1.00000
15971	Bishop	Cluster	un	7056177	396	1.000000000	1.66667	0.14261	19.47836	0.22185	0.01509	-1.00000	-1.00000
15984	Bishop	Cluster	un	7059760	25	0.011603269	0.11330	0.01299	0.98798	0.94577	0.12000	-1.00000	-1.00000
15985	Bishop	Cluster	un	7060599	130	0.000023178	0.04147	0.00503	0.34219	1.38222	0.27660	-1.00000	-1.00000
15994	Bishop	Cluster	un	7064576	94	0.000007884	31.00000	3.66703	262.06488	1.49136	0.35714	-1.00000	-1.00000
15996	Bishop	Cluster	un	7066202	43	0.482758621	0.45161	0.03880	5.25593	0.34523	0.01880	-1.00000	-1.00000
16003	Bishop	Cluster	un	7067531	114	0.047272578	6.30435	0.68765	57.79831	0.79964	0.08615	-1.00000	-1.00000
16006	Bishop	Cluster	un	7068362	95	1.000000000	1.08696	0.25626	4.61039	0.03621	0.00025	-1.00000	-1.00000
16008	Bishop	Cluster	un	7070203	385	0.461538462	0.41379	0.03533	4.84665	0.38322	0.02288	-1.00000	-1.00000
16013	Bishop	Cluster	un	7073190	31	0.002836355	0.08065	0.00936	0.69479	1.09342	0.16484	-1.00000	-1.00000
16018	Bishop	Cluster	un	7074624	48	0.000149176	0.04985	0.00592	0.41989	1.30231	0.25084	-1.00000	-1.00000
16019	Bishop	Cluster	un	7075634	206	0.464285714	0.41935	0.03596	4.89101	0.37742	0.02098	-1.00000	-1.00000
16021	Bishop	Cluster	un	7076657	435	1.000000000	1.92308	0.16389	22.56519	0.28400	0.01884	-1.00000	-1.00000
16031	Bishop	Cluster	un	7081767	53	0.228675136	0.29032	0.02849	2.95801	0.53712	0.03827	-1.00000	-1.00000
16045	Bishop	Cluster	un	7088377	133	0.000478363	17.10526	2.05387	142.45795	1.23313	0.22857	-1.00000	-1.00000
16065	Bishop	Cluster	un	7099231	79	0.118181818	4.46154	0.46819	42.51565	0.64948	0.05660	-1.00000	-1.00000
16070	Bishop	Cluster	un	7100090	134	0.055746606	7.66667	0.86905	67.63452	0.88461	0.08286	-1.00000	-1.00000
16077	Bishop	Cluster	un	7103113	93	0.000017296	26.86667	3.20762	225.03188	1.42921	0.31469	-1.00000	-1.00000
16079	Bishop	Cluster	un	7104630	150	0.228675136	0.29032	0.02849	2.95801	0.53712	0.03827	-1.00000	-1.00000
16087	Bishop	Cluster	un	7107293	374	0.464285714	0.41935	0.03596	4.89101	0.37742	0.02098	-1.00000	-1.00000
16092	Bishop	Cluster	un	7108661	43	1.000000000	0.87302	0.23113	3.29748	0.05898	0.00074	-1.00000	-1.00000
16098	Bishop	Cluster	un	7110277	29	0.000000003	64.40000	11.41564	363.30496	1.80889	0.58002	-1.00000	-1.00000
16099	Bishop	Cluster	un	7111160	134	0.236897275	4.15385	0.43495	39.66973	0.61845	0.05462	-1.00000	-1.00000
16112	Bishop	Cluster	un	7116824	141	0.025116561	0.13143	0.01500	1.15167	0.88131	0.11180	-1.00000	-1.00000
16114	Bishop	Cluster	un	7118714	363	0.500000000	0.48148	0.04113	5.63661	0.31742	0.01961	-1.00000	-1.00000
16127	Bishop	Cluster	un	7128582	387	0.464285714	0.41935	0.03596	4.89101	0.37742	0.02098	-1.00000	-1.00000
16143	Bishop	Cluster	un	7134008	81	0.000002252	36.16667	4.27468	305.99435	1.55831	0.39634	-1.00000	-1.00000
16161	Bishop	Cluster	un	7142452	296	0.500000000	2.07143	0.17768	24.14955	0.31627	0.01818	-1.00000	-1.00000
16163	Bishop	Cluster	un	7143013	70	0.500000000	0.48387	0.04165	5.62086	0.31527	0.01695	-1.00000	-1.00000
16164	Bishop	Cluster	un	7143941	61	0.208144796	0.26437	0.02576	2.71292	0.57779	0.04667	-1.00000	-1.00000
16167	Bishop	Cluster	un	7145550	87	0.297510253	2.55556	0.58393	11.18432	0.40749	0.02998	-1.00000	-1.00000
16169	Bishop	Cluster	un	7146739	408	0.610508033	0.33333	0.03224	3.44607	0.47712	0.01843	-1.00000	-1.00000
16195	Bishop	Cluster	un	7159951	157	0.674869948	1.56522	0.23922	10.24137	0.19457	0.00426	-1.00000	-1.00000
16197	Bishop	Cluster	un	7160648	20	0.093795094	0.19355	0.02029	1.84594	0.71321	0.06531	-1.00000	-1.00000
16204	Bishop	Cluster	un	7163221	74	0.464285714	2.38462	0.20446	27.81217	0.37742	0.02098	-1.00000	-1.00000
16211	Bishop	Cluster	un	7166369	108	0.500000000	2.06667	0.17791	24.00734	0.31527	0.01695	-1.00000	-1.00000
16213	Bishop	Cluster	un	7167383	266	0.480000000	0.44444	0.03787	5.21605	0.35218	0.02211	-1.00000	-1.00000
16224	Bishop	Cluster	un	7171474	145	0.009307886	0.10599	0.01218	0.92241	0.97473	0.12363	-1.00000	-1.00000
16228	Bishop	Cluster	un	7173845	94	0.001954280	0.07258	0.00838	0.62842	1.13918	0.18617	-1.00000	-1.00000
16229	Bishop	Cluster	un	7174722	58	0.228675136	0.29032	0.02849	2.95801	0.53712	0.03827	-1.00000	-1.00000
16263	Bishop	Cluster	un	7188887	297	0.464285714	0.41935	0.03596	4.89101	0.37742	0.02098	-1.00000	-1.00000
16271	Bishop	Cluster	un	7191788	51	0.245762712	0.31183	0.03067	3.17041	0.50608	0.03448	-1.00000	-1.00000
16278	Bishop	Cluster	un	7193435	37	0.192872117	0.24731	0.02414	2.53324	0.60676	0.04808	-1.00000	-1.00000
16281	Bishop	Cluster	un	7195062	70	0.227113906	3.48000	0.34009	35.60907	0.54158	0.04142	-1.00000	-1.00000
16285	Bishop	Cluster	un	7197713	20	0.500000000	2.06667	0.17791	24.00734	0.31527	0.01695	-1.00000	-1.00000
16287	Bishop	Cluster	un	7199332	52	0.001412084	16.66667	1.98438	139.98189	1.22185	0.18239	-1.00000	-1.00000
16301	Bishop	Cluster	un	7207407	80	0.365895026	1.83333	0.53105	6.32912	0.26324	0.01790	-1.00000	-1.00000
16304	Bishop	Cluster	un	7210069	61	0.464285714	0.41935	0.03596	4.89101	0.37742	0.02098	-1.00000	-1.00000
16313	Bishop	Cluster	un	7214254	70	0.228675136	3.44444	0.33807	35.09441	0.53712	0.03827	-1.00000	-1.00000
16314	Bishop	Cluster	un	7215229	152	0.599456784	1.50888	0.53551	4.25149	0.17865	0.01048	-1.00000	-1.00000
16325	Bishop	Cluster	un	7219155	62	0.245762712	3.20690	0.31542	32.60509	0.50608	0.03448	-1.00000	-1.00000
16326	Bishop	Cluster	un	7219966	71	0.000019812	0.03941	0.00474	0.32787	1.40441	0.30233	-1.00000	-1.00000
16331	Bishop	Cluster	un	7223807	310	1.000000000	1.80000	0.15437	20.98797	0.25527	0.01576	-1.00000	-1.00000
16345	Bishop	Cluster	un	7230977	331	1.000000000	1.93333	0.16614	22.49763	0.28631	0.01637	-1.00000	-1.00000
16346	Bishop	Cluster	un	7231619	187	0.480000000	0.44444	0.03787	5.21605	0.35218	0.02211	-1.00000	-1.00000
16351	Bishop	Cluster	un	7234638	19	0.228675136	0.29032	0.02849	2.95801	0.53712	0.03827	-1.00000	-1.00000
16358	Bishop	Cluster	un	7237896	89	0.000251127	10.00000	2.77616	36.02097	1.00000	0.25974	-1.00000	-1.00000
16359	Bishop	Cluster	un	7238708	103	0.109115238	5.80000	0.63455	53.01424	0.76343	0.04938	-1.00000	-1.00000
16369	Bishop	Cluster	un	7243232	60	0.056199822	5.74074	0.63090	52.23658	0.75897	0.07143	-1.00000	-1.00000
16373	Bishop	Cluster	un	7245620	57	0.500000000	2.06667	0.17791	24.00734	0.31527	0.01695	-1.00000	-1.00000
16375	Bishop	Cluster	un	7246174	87	0.106170599	4.76923	0.50143	45.36166	0.67845	0.05844	-1.00000	-1.00000
16384	Bishop	Cluster	un	7250174	52	0.000000000	899.00000	53.70762	15048.16211	2.95376	1.00000	-1.00000	-1.00000
16393	Bishop	Cluster	un	7254563	351	1.000000000	0.93103	0.05544	15.63520	0.03103	0.00004	-1.00000	-1.00000
16395	Bishop	Cluster	un	7255991	133	0.026092774	0.13978	0.01580	1.23690	0.85454	0.09091	-1.00000	-1.00000
16399	Bishop	Cluster	un	7258442	87	0.047272578	0.15862	0.01730	1.45424	0.79964	0.08615	-1.00000	-1.00000
16404	Bishop	Cluster	un	7260825	45	0.464285714	0.41935	0.03596	4.89101	0.37742	0.02098	-1.00000	-1.00000
16407	Bishop	Cluster	un	7261582	22	1.000000000	1.11111	0.31814	3.88061	0.04576	0.00051	-1.00000	-1.00000
16410	Bishop	Cluster	un	7263274	61	0.500000000	2.07143	0.17768	24.14955	0.31627	0.01818	-1.00000	-1.00000
16411	Bishop	Cluster	un	7264074	61	0.444444444	0.38710	0.03311	4.52610	0.41218	0.02358	-1.00000	-1.00000
16433	Bishop	Cluster	un	7272826	41	0.245454545	0.31034	0.03040	3.16783	0.50816	0.03704	-1.00000	-1.00000
16436	Bishop	Cluster	un	7274450	64	1.000000000	0.51724	0.04445	6.01898	0.28631	0.01637	-1.00000	-1.00000
16446	Bishop	Cluster	un	7279708	208	1.000000000	0.85185	0.05042	14.39326	0.06964	0.00024	-1.00000	-1.00000
16456	Bishop	Cluster	un	7282955	307	0.591991342	0.41379	0.03533	4.84665	0.38322	0.00932	-1.00000	-1.00000
16461	Bishop	Cluster	un	7284900	51	0.000648604	0.06452	0.00766	0.54351	1.19033	0.19679	-1.00000	-1.00000
16466	Bishop	Cluster	un	7286577	38	0.000016247	33.46154	3.98697	280.83353	1.52455	0.31548	-1.00000	-1.00000
16472	Bishop	Cluster	un	7288160	13	0.444444444	0.38710	0.03311	4.52610	0.41218	0.02358	-1.00000	-1.00000
16474	Bishop	Cluster	un	7289013	74	0.228675136	3.44444	0.33807	35.09441	0.53712	0.03827	-1.00000	-1.00000
16500	Bishop	Cluster	un	7300469	550	0.244680851	0.30667	0.02975	3.16133	0.51333	0.04348	-1.00000	-1.00000
16501	Bishop	Cluster	un	7300793	96	0.500000000	2.06667	0.17791	24.00734	0.31527	0.01695	-1.00000	-1.00000
16503	Bishop	Cluster	un	7302335	19	0.500000000	0.48387	0.04165	5.62086	0.31527	0.01695	-1.00000	-1.00000
16516	Bishop	Cluster	un	7308827	74	0.056199822	5.74074	0.63090	52.23658	0.75897	0.07143	-1.00000	-1.00000
16528	Bishop	Cluster	un	7313486	24	0.021448606	7.75000	0.87337	68.77064	0.88930	0.10108	-1.00000	-1.00000
16532	Bishop	Cluster	un	7314432	271	0.481481481	0.44828	0.03837	5.23742	0.34845	0.02032	-1.00000	-1.00000
16542	Bishop	Cluster	un	7318035	37	0.500000000	2.06667	0.17791	24.00734	0.31527	0.01695	-1.00000	-1.00000
16556	Bishop	Cluster	un	7323465	521	0.500000000	0.48276	0.04141	5.62819	0.31627	0.01818	-1.00000	-1.00000
16564	Bishop	Cluster	un	7326347	80	0.000000042	75.00000	8.52772	659.61346	1.87506	0.52355	-1.00000	-1.00000
16586	Bishop	Cluster	un	7330947	47	0.000000011	52.00000	9.55882	282.87997	1.71600	0.53592	-1.00000	-1.00000
16596	Bishop	Cluster	un	7336632	117	0.000001174	29.40000	6.21557	139.06363	1.46835	0.46607	-1.00000	-1.00000
16599	Bishop	Cluster	un	7339113	152	0.245762712	3.20690	0.31542	32.60509	0.50608	0.03448	-1.00000	-1.00000
16605	Bishop	Cluster	un	7341231	53	1.000000000	0.85185	0.15652	4.63611	0.06964	0.00062	-1.00000	-1.00000
16619	Bishop	Cluster	un	7344678	74	0.227113906	0.28736	0.02808	2.94037	0.54158	0.04142	-1.00000	-1.00000
16626	Bishop	Cluster	un	7348075	315	0.464285714	0.41935	0.03596	4.89101	0.37742	0.02098	-1.00000	-1.00000
16639	Bishop	Cluster	un	7351978	21	0.118644068	0.22581	0.02380	2.14269	0.64626	0.05263	-1.00000	-1.00000
16640	Bishop	Cluster	un	7352536	88	1.000000000	0.51852	0.04439	6.05718	0.28524	0.01752	-1.00000	-1.00000
16650	Bishop	Cluster	un	7358281	116	0.245762712	3.20690	0.31542	32.60509	0.50608	0.03448	-1.00000	-1.00000
16658	Bishop	Cluster	un	7362125	49	0.016354234	0.11494	0.01283	1.02946	0.93952	0.12411	-1.00000	-1.00000
16661	Bishop	Cluster	un	7363727	61	0.000015735	21.60000	4.20425	110.97335	1.33445	0.34289	-1.00000	-1.00000
16669	Bishop	Cluster	un	7367734	70	1.000000000	1.09091	0.14134	8.41998	0.03779	0.00014	-1.00000	-1.00000
16678	Bishop	Cluster	un	7370093	108	1.000000000	1.93333	0.16614	22.49763	0.28631	0.01637	-1.00000	-1.00000
16682	Bishop	Cluster	un	7373247	50	0.493506494	2.79310	0.27363	28.51051	0.44609	0.03210	-1.00000	-1.00000
16684	Bishop	Cluster	un	7375052	134	0.464285714	2.38462	0.20446	27.81217	0.37742	0.02098	-1.00000	-1.00000
16689	Bishop	Cluster	un	7376643	104	0.112852665	0.18621	0.02042	1.69763	0.73000	0.06914	-1.00000	-1.00000
16693	Bishop	Cluster	un	7378300	130	0.002587025	0.07759	0.00894	0.67309	1.11022	0.18148	-1.00000	-1.00000
16703	Bishop	Cluster	un	7381483	55	0.500000000	2.06667	0.17791	24.00734	0.31527	0.01695	-1.00000	-1.00000
16704	Bishop	Cluster	un	7382224	88	0.000190927	0.05051	0.00593	0.43023	1.29667	0.27083	-1.00000	-1.00000
16705	Bishop	Cluster	un	7382951	16	1.000000000	1.92857	0.16509	22.52900	0.28524	0.01752	-1.00000	-1.00000
16708	Bishop	Cluster	un	7385511	63	0.006611286	0.09360	0.01065	0.82280	1.02874	0.15217	-1.00000	-1.00000
16710	Bishop	Cluster	un	7386372	138	0.500000000	0.48387	0.04165	5.62086	0.31527	0.01695	-1.00000	-1.00000
16716	Bishop	Cluster	un	7388711	52	0.245762712	3.20690	0.31542	32.60509	0.50608	0.03448	-1.00000	-1.00000
16721	Bishop	Cluster	un	7391277	152	0.093795094	0.19355	0.02029	1.84594	0.71321	0.06531	-1.00000	-1.00000
16731	Bishop	Cluster	un	7394330	135	0.149035501	3.60000	0.65319	19.84094	0.55630	0.04545	-1.00000	-1.00000
16739	Bishop	Cluster	un	7399058	29	0.000849276	0.06667	0.00784	0.56688	1.17609	0.20930	-1.00000	-1.00000
16740	Bishop	Cluster	un	7399798	8	0.228675136	3.44444	0.33807	35.09441	0.53712	0.03827	-1.00000	-1.00000
16744	Bishop	Cluster	un	7401846	434	0.211038961	0.26882	0.02632	2.74562	0.57054	0.04274	-1.00000	-1.00000
16749	Bishop	Cluster	un	7405704	336	0.500000000	0.48276	0.04141	5.62819	0.31627	0.01818	-1.00000	-1.00000
16759	Bishop	Cluster	un	7406846	62	0.245454545	3.22222	0.31567	32.89072	0.50816	0.03704	-1.00000	-1.00000
16766	Bishop	Cluster	un	7410534	70	0.000521867	0.05926	0.00693	0.50704	1.22724	0.23780	-1.00000	-1.00000
16767	Bishop	Cluster	un	7411401	82	0.211038961	3.72000	0.36422	37.99496	0.57054	0.04274	-1.00000	-1.00000
16774	Bishop	Cluster	un	7413189	138	0.500000000	2.06667	0.17791	24.00734	0.31527	0.01695	-1.00000	-1.00000
16778	Bishop	Cluster	un	7416259	23	0.228675136	3.44444	0.33807	35.09441	0.53712	0.03827	-1.00000	-1.00000
16789	Bishop	Cluster	un	7420597	279	0.461538462	0.41379	0.03533	4.84665	0.38322	0.02288	-1.00000	-1.00000
16792	Bishop	Cluster	un	7422043	67	0.046439807	5.50000	1.07275	28.19850	0.74036	0.08929	-1.00000	-1.00000
16805	Bishop	Cluster	un	7427609	36	0.000019812	25.37500	3.05000	211.11198	1.40441	0.30233	-1.00000	-1.00000
16812	Bishop	Cluster	un	7432616	49	0.093795094	0.19355	0.02029	1.84594	0.71321	0.06531	-1.00000	-1.00000
16822	Bishop	Cluster	un	7436447	114	0.048259363	0.16129	0.01768	1.47141	0.79239	0.07937	-1.00000	-1.00000
16830	Bishop	Cluster	un	7439566	27	0.039250162	0.14483	0.01574	1.33255	0.83915	0.09722	-1.00000	-1.00000
16834	Bishop	Cluster	un	7441645	470	0.225306122	0.28395	0.02761	2.92002	0.54676	0.04514	-1.00000	-1.00000
16838	Bishop	Cluster	un	7442966	252	0.500000000	0.48276	0.04141	5.62819	0.31627	0.01818	-1.00000	-1.00000
16841	Bishop	Cluster	un	7444319	61	0.496855346	2.58621	0.25274	26.46334	0.41266	0.03077	-1.00000	-1.00000
16868	Bishop	Cluster	un	7454764	330	0.482758621	2.21429	0.19026	25.77014	0.34523	0.01880	-1.00000	-1.00000
16887	Bishop	Cluster	un	7461312	7	0.118181818	0.22414	0.02352	2.13589	0.64948	0.05660	-1.00000	-1.00000
16888	Bishop	Cluster	un	7462616	386	1.000000000	1.92857	0.16509	22.52900	0.28524	0.01752	-1.00000	-1.00000
16914	Bishop	Cluster	un	7472831	32	0.096396419	2.80220	0.88578	8.86485	0.44750	0.06064	-1.00000	-1.00000
16918	Bishop	Cluster	un	7474605	104	0.013826129	0.16883	0.03952	0.72116	0.77255	0.13445	-1.00000	-1.00000
16920	Bishop	Cluster	un	7475633	356	0.500000000	2.07692	0.17741	24.31412	0.31742	0.01961	-1.00000	-1.00000
16922	Bishop	Cluster	un	7477018	82	0.228675136	3.44444	0.33807	35.09441	0.53712	0.03827	-1.00000	-1.00000
16923	Bishop	Cluster	un	7477805	58	0.040703531	0.14839	0.01622	1.35779	0.82860	0.08876	-1.00000	-1.00000
16926	Bishop	Cluster	un	7479485	62	0.000000000	188.50000	19.78095	1796.28625	2.27531	0.80645	-1.00000	-1.00000
16930	Bishop	Cluster	un	7481142	93	0.482758621	2.21429	0.19026	25.77014	0.34523	0.01880	-1.00000	-1.00000
16933	Bishop	Cluster	un	7483114	464	0.192872117	0.24731	0.02414	2.53324	0.60676	0.04808	-1.00000	-1.00000
16943	Bishop	Cluster	un	7488042	7	0.000000604	42.27273	4.98376	358.56158	1.62606	0.43750	-1.00000	-1.00000
16945	Bishop	Cluster	un	7489623	96	0.106170599	0.20968	0.02205	1.99431	0.67845	0.05844	-1.00000	-1.00000
16952	Bishop	Cluster	un	7492881	29	0.500000000	0.48387	0.04165	5.62086	0.31527	0.01695	-1.00000	-1.00000
16955	Bishop	Cluster	un	7495369	147	0.482758621	0.45161	0.03880	5.25593	0.34523	0.01880	-1.00000	-1.00000
16962	Bishop	Cluster	un	7497432	24	0.500000000	0.48387	0.04165	5.62086	0.31527	0.01695	-1.00000	-1.00000
16964	Bishop	Cluster	un	7499226	222	1.000000000	1.92857	0.16509	22.52900	0.28524	0.01752	-1.00000	-1.00000
16969	Bishop	Cluster	un	7501381	13	0.500000000	0.48276	0.04141	5.62819	0.31627	0.01818	-1.00000	-1.00000
16980	Bishop	Cluster	un	7507634	22	0.014072470	0.09333	0.01092	0.79800	1.02996	0.11599	-1.00000	-1.00000
16990	Bishop	Cluster	un	7511421	21	0.056199822	0.17419	0.01914	1.58503	0.75897	0.07143	-1.00000	-1.00000
16998	Bishop	Cluster	un	7515608	24	0.040703531	6.73913	0.73649	61.66531	0.82860	0.08876	-1.00000	-1.00000
16999	Bishop	Cluster	un	7516651	193	0.464285714	0.41935	0.03596	4.89101	0.37742	0.02098	-1.00000	-1.00000
17001	Bishop	Cluster	un	7517410	128	0.007090887	0.09677	0.01108	0.84530	1.01424	0.13846	-1.00000	-1.00000
17003	Bishop	Cluster	un	7518320	138	0.245762712	3.20690	0.31542	32.60509	0.50608	0.03448	-1.00000	-1.00000
17008	Bishop	Cluster	un	7521407	56	0.500000000	0.48387	0.04165	5.62086	0.31527	0.01695	-1.00000	-1.00000
17016	Bishop	Cluster	un	7526128	23	0.211038961	3.72000	0.36422	37.99496	0.57054	0.04274	-1.00000	-1.00000
17026	Bishop	Cluster	un	7530814	52	0.654564513	0.54762	0.08421	3.56135	0.26152	0.00726	-1.00000	-1.00000
17030	Bishop	Cluster	un	7532626	192	0.480000000	2.25000	0.19172	26.40626	0.35218	0.02211	-1.00000	-1.00000
17036	Bishop	Cluster	un	7535855	44	0.056199822	0.17419	0.01914	1.58503	0.75897	0.07143	-1.00000	-1.00000
17059	Bishop	Cluster	un	7545371	15	1.000000000	0.55556	0.04765	6.47777	0.25527	0.01576	-1.00000	-1.00000
17064	Bishop	Cluster	un	7547825	18	0.500000000	2.07143	0.17768	24.14955	0.31627	0.01818	-1.00000	-1.00000
17076	Bishop	Cluster	un	7554270	80	0.000000087	76.66666	8.49303	692.07068	1.88461	0.54239	-1.00000	-1.00000
17080	Bishop	Cluster	un	7555270	276	0.482758621	0.45161	0.03880	5.25593	0.34523	0.01880	-1.00000	-1.00000
17082	Bishop	Cluster	un	7555961	128	0.500000000	0.48387	0.04165	5.62086	0.31527	0.01695	-1.00000	-1.00000
17092	Bishop	Cluster	un	7562243	41	0.118644068	4.42857	0.46670	42.02293	0.64626	0.05263	-1.00000	-1.00000
17093	Bishop	Cluster	un	7563129	132	0.500000000	2.06667	0.17791	24.00734	0.31527	0.01695	-1.00000	-1.00000
17097	Bishop	Cluster	un	7564704	108	0.227113906	0.28736	0.02808	2.94037	0.54158	0.04142	-1.00000	-1.00000
17100	Bishop	Cluster	un	7566273	119	1.000000000	1.19565	0.28360	5.04081	0.07760	0.00110	-1.00000	-1.00000
17106	Bishop	Cluster	un	7569880	11	0.000000715	37.28571	4.50997	308.25555	1.57154	0.38699	-1.00000	-1.00000
17112	Bishop	Cluster	un	7572369	100	0.500000000	0.48387	0.04165	5.62086	0.31527	0.01695	-1.00000	-1.00000
17113	Bishop	Cluster	un	7573061	38	0.000000000	135.00000	14.73692	1236.68982	2.13033	0.74286	-1.00000	-1.00000
17124	Bishop	Cluster	un	7579708	355	0.118644068	4.42857	0.46670	42.02293	0.64626	0.05263	-1.00000	-1.00000
17125	Bishop	Cluster	un	7580205	63	0.482758621	2.21429	0.19026	25.77014	0.34523	0.01880	-1.00000	-1.00000
17133	Bishop	Cluster	un	7585763	84	0.444444444	0.38710	0.03311	4.52610	0.41218	0.02358	-1.00000	-1.00000
17151	Bishop	Cluster	un	7592111	61	0.464285714	0.41935	0.03596	4.89101	0.37742	0.02098	-1.00000	-1.00000
17152	Bishop	Cluster	un	7592931	44	0.500000000	0.48387	0.04165	5.62086	0.31527	0.01695	-1.00000	-1.00000
17156	Bishop	Cluster	un	7594423	95	0.500000000	0.48387	0.04165	5.62086	0.31527	0.01695	-1.00000	-1.00000
17158	Bishop	Cluster	un	7596228	195	0.245454545	3.22222	0.31567	32.89072	0.50816	0.03704	-1.00000	-1.00000
17164	Bishop	Cluster	un	7598439	68	0.000051887	0.04301	0.00512	0.36098	1.36642	0.28205	-1.00000	-1.00000
17165	Bishop	Cluster	un	7599159	7	0.500000000	2.06667	0.17791	24.00734	0.31527	0.01695	-1.00000	-1.00000
17170	Bishop	Cluster	un	7601683	138	0.000412429	0.05806	0.00686	0.49162	1.23609	0.22095	-1.00000	-1.00000
17175	Bishop	Cluster	un	7602392	48	0.056199822	0.17419	0.01914	1.58503	0.75897	0.07143	-1.00000	-1.00000
17176	Bishop	Cluster	un	7603707	443	1.000000000	0.56000	0.04783	6.55691	0.25181	0.01681	-1.00000	-1.00000
17178	Bishop	Cluster	un	7604089	31	0.444444444	0.38710	0.03311	4.52610	0.41218	0.02358	-1.00000	-1.00000
17184	Bishop	Cluster	un	7608773	97	0.017220725	0.11828	0.01329	1.05307	0.92709	0.11312	-1.00000	-1.00000
17185	Bishop	Cluster	un	7609901	447	1.000000000	0.92000	0.05434	15.57603	0.03621	0.00007	-1.00000	-1.00000
17186	Bishop	Cluster	un	7610604	287	1.000000000	0.55556	0.04765	6.47777	0.25527	0.01576	-1.00000	-1.00000
17189	Bishop	Cluster	un	7611565	422	0.482758621	2.21429	0.19026	25.77014	0.34523	0.01880	-1.00000	-1.00000
17192	Bishop	Cluster	un	7612940	9	0.000000001	98.00000	15.00540	640.03613	1.99123	0.65982	-1.00000	-1.00000
17198	Bishop	Cluster	un	7615552	130	0.013573491	6.00000	1.42930	25.18711	0.77815	0.13462	-1.00000	-1.00000
17213	Bishop	Cluster	un	7621900	71	0.112852665	0.18621	0.02042	1.69763	0.73000	0.06914	-1.00000	-1.00000
17217	Bishop	Cluster	un	7624433	156	0.245762712	0.31183	0.03067	3.17041	0.50608	0.03448	-1.00000	-1.00000
17221	Bishop	Cluster	un	7626606	12	0.040703531	0.14839	0.01622	1.35779	0.82860	0.08876	-1.00000	-1.00000
17230	Bishop	Cluster	un	7629145	257	0.192872117	4.04348	0.39475	41.41771	0.60676	0.04808	-1.00000	-1.00000
17234	Bishop	Cluster	un	7630519	42	0.104821803	4.83333	0.50582	46.18450	0.68425	0.06335	-1.00000	-1.00000
17238	Bishop	Cluster	un	7631341	41	0.004916860	0.09259	0.01070	0.80113	1.03342	0.15556	-1.00000	-1.00000
17241	Bishop	Cluster	un	7632915	33	0.245762712	0.31183	0.03067	3.17041	0.50608	0.03448	-1.00000	-1.00000
17247	Bishop	Cluster	un	7634427	54	1.000000000	0.92857	0.12178	7.08007	0.03218	0.00009	-1.00000	-1.00000
17250	Bishop	Cluster	un	7635206	65	0.000849276	0.06667	0.00784	0.56688	1.17609	0.20930	-1.00000	-1.00000
17254	Bishop	Cluster	un	7636876	219	0.227113906	0.28736	0.02808	2.94037	0.54158	0.04142	-1.00000	-1.00000
17256	Bishop	Cluster	un	7637657	216	1.000000000	1.92308	0.16389	22.56519	0.28400	0.01884	-1.00000	-1.00000
17259	Bishop	Cluster	un	7639259	241	0.239819005	3.84615	0.40172	36.82394	0.58503	0.05248	-1.00000	-1.00000
17260	Bishop	Cluster	un	7639815	46	0.225306122	0.28395	0.02761	2.92002	0.54676	0.04514	-1.00000	-1.00000
17265	Bishop	Cluster	un	7642283	110	0.106170599	4.76923	0.50143	45.36166	0.67845	0.05844	-1.00000	-1.00000
17280	Bishop	Cluster	un	7647850	14	0.464285714	0.41935	0.03596	4.89101	0.37742	0.02098	-1.00000	-1.00000
17282	Bishop	Cluster	un	7649534	45	0.703001768	1.82540	0.38790	8.59008	0.26136	0.01136	-1.00000	-1.00000
17290	Bishop	Cluster	un	7650407	128	0.000011865	27.12500	3.26693	225.21651	1.43337	0.30952	-1.00000	-1.00000
17294	Bishop	Cluster	un	7651966	111	0.245762712	3.20690	0.31542	32.60509	0.50608	0.03448	-1.00000	-1.00000
17300	Bishop	Cluster	un	7654091	516	0.091583710	0.18966	0.01978	1.81808	0.72204	0.07143	-1.00000	-1.00000
17305	Bishop	Cluster	un	7655909	51	0.228675136	0.29032	0.02849	2.95801	0.53712	0.03827	-1.00000	-1.00000
17306	Bishop	Cluster	un	7656767	44	0.000000140	50.00000	5.89389	424.16843	1.69897	0.49351	-1.00000	-1.00000
17310	Bishop	Cluster	un	7657576	82	1.000000000	1.43478	0.21844	9.42432	0.15679	0.00285	-1.00000	-1.00000
17323	Bishop	Cluster	un	7659831	52	0.500000000	2.07692	0.17741	24.31412	0.31742	0.01961	-1.00000	-1.00000
17325	Bishop	Cluster	un	7661530	105	0.112015456	5.40000	0.58948	49.46759	0.73239	0.07429	-1.00000	-1.00000
17345	Bishop	Cluster	un	7668983	78	0.048259363	0.16129	0.01768	1.47141	0.79239	0.07937	-1.00000	-1.00000
17355	Bishop	Cluster	un	7671472	94	0.245762712	3.20690	0.31542	32.60509	0.50608	0.03448	-1.00000	-1.00000
17371	Bishop	Cluster	un	7676498	492	0.493506494	2.79310	0.27363	28.51051	0.44609	0.03210	-1.00000	-1.00000
17373	Bishop	Cluster	un	7677695	114	0.051876516	6.75000	0.75749	60.14915	0.82930	0.09475	-1.00000	-1.00000
17380	Bishop	Cluster	un	7680403	464	0.500000000	2.07143	0.17768	24.14955	0.31627	0.01818	-1.00000	-1.00000
17382	Bishop	Cluster	un	7681509	65	0.035363529	4.28571	1.14287	16.07128	0.63202	0.09974	-1.00000	-1.00000
17400	Bishop	Cluster	un	7685673	156	0.081599742	0.17742	0.01854	1.69757	0.75100	0.07353	-1.00000	-1.00000
17403	Bishop	Cluster	un	7686494	133	0.482758621	2.21429	0.19026	25.77014	0.34523	0.01880	-1.00000	-1.00000
17420	Bishop	Cluster	un	7695319	11	0.006611286	0.09360	0.01065	0.82280	1.02874	0.15217	-1.00000	-1.00000
17428	Bishop	Cluster	un	7700119	195	1.000000000	1.92857	0.16509	22.52900	0.28524	0.01752	-1.00000	-1.00000
17443	Bishop	Cluster	un	7706192	161	1.000000000	1.92308	0.16389	22.56519	0.28400	0.01884	-1.00000	-1.00000
17444	Bishop	Cluster	un	7706883	54	0.500000000	0.48387	0.04165	5.62086	0.31527	0.01695	-1.00000	-1.00000
17451	Bishop	Cluster	un	7709454	223	1.000000000	0.51724	0.04445	6.01898	0.28631	0.01637	-1.00000	-1.00000
17478	Bishop	Cluster	un	7719171	301	0.461538462	0.41379	0.03533	4.84665	0.38322	0.02288	-1.00000	-1.00000
17479	Bishop	Cluster	un	7720056	336	0.245454545	0.31034	0.03040	3.16783	0.50816	0.03704	-1.00000	-1.00000
17480	Bishop	Cluster	un	7720626	70	1.000000000	0.85714	0.28214	2.60404	0.06695	0.00148	-1.00000	-1.00000
17489	Bishop	Cluster	un	7722991	158	0.211038961	0.26882	0.02632	2.74562	0.57054	0.04274	-1.00000	-1.00000
17490	Bishop	Cluster	un	7723633	16	0.056374751	7.60870	0.86830	66.67275	0.88131	0.07714	-1.00000	-1.00000
17494	Bishop	Cluster	un	7726713	23	0.482758621	0.45161	0.03880	5.25593	0.34523	0.01880	-1.00000	-1.00000
17504	Bishop	Cluster	un	7730701	106	1.000000000	1.93333	0.16614	22.49763	0.28631	0.01637	-1.00000	-1.00000
17508	Bishop	Cluster	un	7732923	71	0.491833031	0.33333	0.03272	3.39531	0.47712	0.03333	-1.00000	-1.00000
17512	Bishop	Cluster	un	7735386	82	0.000000004	67.66666	7.95342	575.69940	1.83037	0.55556	-1.00000	-1.00000
17513	Bishop	Cluster	un	7736119	34	0.211038961	0.26882	0.02632	2.74562	0.57054	0.04274	-1.00000	-1.00000
17519	Bishop	Cluster	un	7737852	466	0.117647059	0.22222	0.02321	2.12804	0.65321	0.06122	-1.00000	-1.00000
17520	Bishop	Cluster	un	7738704	491	1.000000000	1.00000	0.05944	16.82259	0.00000	0.00000	-1.00000	-1.00000
17529	Bishop	Cluster	un	7743278	345	0.444444444	0.38710	0.03311	4.52610	0.41218	0.02358	-1.00000	-1.00000
17535	Bishop	Cluster	un	7745376	55	0.094815285	0.15556	0.01687	1.43442	0.80811	0.06198	-1.00000	-1.00000
17537	Bishop	Cluster	un	7746196	91	0.056199822	0.17419	0.01914	1.58503	0.75897	0.07143	-1.00000	-1.00000
17540	Bishop	Cluster	un	7748314	82	0.620364837	2.55556	0.24851	26.28017	0.40749	0.01225	-1.00000	-1.00000
17543	Bishop	Cluster	un	7749879	75	0.106170599	0.20968	0.02205	1.99431	0.67845	0.05844	-1.00000	-1.00000
17551	Bishop	Cluster	un	7754738	136	0.000006539	45.00000	5.18815	390.31253	1.65321	0.40513	-1.00000	-1.00000
17572	Bishop	Cluster	un	7760318	124	0.056199822	0.17419	0.01914	1.58503	0.75897	0.07143	-1.00000	-1.00000
17582	Bishop	Cluster	un	7766148	115	0.482758621	2.21429	0.19026	25.77014	0.34523	0.01880	-1.00000	-1.00000
17585	Bishop	Cluster	un	7767688	87	0.482758621	0.45161	0.03880	5.25593	0.34523	0.01880	-1.00000	-1.00000
17590	Bishop	Cluster	un	7768581	197	0.500000000	0.48000	0.04081	5.64636	0.31876	0.02128	-1.00000	-1.00000
17594	Bishop	Cluster	un	7770877	8	0.500000000	0.48387	0.04165	5.62086	0.31527	0.01695	-1.00000	-1.00000
17596	Bishop	Cluster	un	7772500	112	0.115317596	0.20000	0.02189	1.82743	0.69897	0.06667	-1.00000	-1.00000
17608	Bishop	Cluster	un	7778248	61	0.500000000	0.48276	0.04141	5.62819	0.31627	0.01818	-1.00000	-1.00000
17614	Bishop	Cluster	un	7779940	83	0.464285714	0.41935	0.03596	4.89101	0.37742	0.02098	-1.00000	-1.00000
17626	Bishop	Cluster	un	7784835	94	0.547000858	0.61404	0.18541	2.03352	0.21181	0.01283	-1.00000	-1.00000
17632	Bishop	Cluster	un	7787062	18	0.500000000	2.06667	0.17791	24.00734	0.31527	0.01695	-1.00000	-1.00000
17676	Bishop	Cluster	un	7804663	50	0.482758621	0.45161	0.03880	5.25593	0.34523	0.01880	-1.00000	-1.00000
17683	Bishop	Cluster	un	7808699	29	0.245454545	0.31034	0.03040	3.16783	0.50816	0.03704	-1.00000	-1.00000
17689	Bishop	Cluster	un	7813684	101	0.491833031	3.00000	0.29452	30.55776	0.47712	0.03333	-1.00000	-1.00000
17694	Bishop	Cluster	un	7816799	80	0.228675136	0.29032	0.02849	2.95801	0.53712	0.03827	-1.00000	-1.00000
17698	Bishop	Cluster	un	7819003	23	0.000004048	25.20000	4.93942	128.56566	1.40140	0.36694	-1.00000	-1.00000
17702	Bishop	Cluster	un	7821399	34	0.003937952	0.08871	0.01034	0.76118	1.05203	0.14706	-1.00000	-1.00000
17705	Bishop	Cluster	un	7822304	137	0.245762712	3.20690	0.31542	32.60509	0.50608	0.03448	-1.00000	-1.00000
17712	Bishop	Cluster	un	7825320	14	0.245762712	0.31183	0.03067	3.17041	0.50608	0.03448	-1.00000	-1.00000
17718	Bishop	Cluster	un	7827732	147	0.491833031	3.00000	0.29452	30.55776	0.47712	0.03333	-1.00000	-1.00000
17726	Bishop	Cluster	un	7831627	56	1.000000000	1.00000	0.28800	3.47228	0.00000	0.00000	-1.00000	-1.00000
17730	Bishop	Cluster	un	7833110	6	1.000000000	0.85714	0.11208	6.55527	0.06695	0.00039	-1.00000	-1.00000
17731	Bishop	Cluster	un	7833897	9	0.245098039	3.24000	0.31597	33.22326	0.51055	0.04000	-1.00000	-1.00000
17733	Bishop	Cluster	un	7834459	148	0.010708738	0.10345	0.01207	0.88640	0.98528	0.12810	-1.00000	-1.00000
17736	Bishop	Cluster	un	7837011	84	0.000000001	88.71429	10.15067	775.34015	1.94799	0.63839	-1.00000	-1.00000
17743	Bishop	Cluster	un	7841975	138	0.081599742	5.63636	0.58908	53.92945	0.75100	0.07353	-1.00000	-1.00000
17745	Bishop	Cluster	un	7843471	103	0.245762712	3.20690	0.31542	32.60509	0.50608	0.03448	-1.00000	-1.00000
17772	Bishop	Cluster	un	7856403	21	0.093795094	0.19355	0.02029	1.84594	0.71321	0.06531	-1.00000	-1.00000
17783	Bishop	Cluster	un	7858976	90	0.228675136	3.44444	0.33807	35.09441	0.53712	0.03827	-1.00000	-1.00000
17785	Bishop	Cluster	un	7860700	128	0.245762712	0.31183	0.03067	3.17041	0.50608	0.03448	-1.00000	-1.00000
17789	Bishop	Cluster	un	7863018	34	0.000002252	36.16667	4.27468	305.99435	1.55831	0.39634	-1.00000	-1.00000
17794	Bishop	Cluster	un	7865283	46	0.093795094	0.19355	0.02029	1.84594	0.71321	0.06531	-1.00000	-1.00000
17804	Bishop	Cluster	un	7870246	40	0.195404893	0.18519	0.02022	1.69642	0.73239	0.04617	-1.00000	-1.00000
17817	Bishop	Cluster	un	7878105	60	0.341613602	0.45000	0.12624	1.60409	0.34679	0.02775	-1.00000	-1.00000
17819	Bishop	Cluster	un	7879094	148	0.040703531	0.14839	0.01622	1.35779	0.82860	0.08876	-1.00000	-1.00000
17829	Bishop	Cluster	un	7883573	107	0.500000000	0.48387	0.04165	5.62086	0.31527	0.01695	-1.00000	-1.00000
17837	Bishop	Cluster	un	7887373	30	1.000000000	1.80000	0.15437	20.98797	0.25527	0.01576	-1.00000	-1.00000
17840	Bishop	Cluster	un	7889354	366	0.227113906	0.28736	0.02808	2.94037	0.54158	0.04142	-1.00000	-1.00000
17845	Bishop	Cluster	un	7891443	71	0.068711763	3.55385	1.00471	12.57057	0.55070	0.08118	-1.00000	-1.00000
17847	Bishop	Cluster	un	7892374	234	0.103265306	0.20370	0.02120	1.95699	0.69100	0.06915	-1.00000	-1.00000
17848	Bishop	Cluster	un	7893072	75	0.064096965	3.88889	0.92542	16.34233	0.58983	0.07143	-1.00000	-1.00000
17850	Bishop	Cluster	un	7895135	485	1.000000000	0.92593	0.05493	15.60790	0.03342	0.00005	-1.00000	-1.00000
17852	Bishop	Cluster	un	7896334	45	0.782651927	1.18056	0.38133	3.65489	0.07209	0.00159	-1.00000	-1.00000
17856	Bishop	Cluster	un	7898017	145	0.211038961	3.72000	0.36422	37.99496	0.57054	0.04274	-1.00000	-1.00000
17859	Bishop	Cluster	un	7898864	150	0.245454545	3.22222	0.31567	32.89072	0.50816	0.03704	-1.00000	-1.00000
17868	Bishop	Cluster	un	7902636	34	0.482758621	0.45161	0.03880	5.25593	0.34523	0.01880	-1.00000	-1.00000
17871	Bishop	Cluster	un	7904230	214	0.245454545	0.31034	0.03040	3.16783	0.50816	0.03704	-1.00000	-1.00000
17883	Bishop	Cluster	un	7907256	154	0.256473693	2.89474	0.50254	16.67438	0.46161	0.03136	-1.00000	-1.00000
17884	Bishop	Cluster	un	7907958	56	0.482758621	2.21429	0.19026	25.77014	0.34523	0.01880	-1.00000	-1.00000
17886	Bishop	Cluster	un	7908760	43	1.000000000	0.51852	0.04439	6.05718	0.28524	0.01752	-1.00000	-1.00000
17887	Bishop	Cluster	un	7909923	473	0.444444444	0.38710	0.03311	4.52610	0.41218	0.02358	-1.00000	-1.00000
17915	Bishop	Cluster	un	7922262	506	0.490612245	0.33333	0.03243	3.42639	0.47712	0.03846	-1.00000	-1.00000
17924	Bishop	Cluster	un	7925528	502	0.500000000	0.48148	0.04113	5.63661	0.31742	0.01961	-1.00000	-1.00000
17953	Bishop	Cluster	un	7935779	461	0.481481481	0.44828	0.03837	5.23742	0.34845	0.02032	-1.00000	-1.00000
17956	Bishop	Cluster	un	7936905	52	0.047272578	0.15862	0.01730	1.45424	0.79964	0.08615	-1.00000	-1.00000
17960	Bishop	Cluster	un	7938598	113	0.047272578	6.30435	0.68765	57.79831	0.79964	0.08615	-1.00000	-1.00000
17975	Bishop	Cluster	un	7942889	149	0.000849276	0.06667	0.00784	0.56688	1.17609	0.20930	-1.00000	-1.00000
17976	Bishop	Cluster	un	7943643	77	0.000005503	31.00000	3.70356	259.48029	1.49136	0.34884	-1.00000	-1.00000
17978	Bishop	Cluster	un	7944398	33	0.025728988	7.25000	0.81543	64.45982	0.86034	0.09804	-1.00000	-1.00000
17990	Bishop	Cluster	un	7948407	52	0.005220156	10.56522	1.24359	89.75964	1.02388	0.14444	-1.00000	-1.00000
17991	Bishop	Cluster	un	7949228	71	0.228675136	0.29032	0.02849	2.95801	0.53712	0.03827	-1.00000	-1.00000
17996	Bishop	Cluster	un	7953457	22	0.056199822	5.74074	0.63090	52.23658	0.75897	0.07143	-1.00000	-1.00000
18001	Bishop	Cluster	un	7956603	13	0.500000000	0.48148	0.04113	5.63661	0.31742	0.01961	-1.00000	-1.00000
18035	Bishop	Cluster	un	7970472	146	0.123354193	0.23077	0.04176	1.27522	0.63682	0.06088	-1.00000	-1.00000
18037	Bishop	Cluster	un	7971955	22	0.115317596	5.00000	0.54722	45.68572	0.69897	0.06667	-1.00000	-1.00000
18061	Bishop	Cluster	un	7980165	234	0.444444444	0.38710	0.03311	4.52610	0.41218	0.02358	-1.00000	-1.00000
18063	Bishop	Cluster	un	7980893	221	0.464285714	0.41935	0.03596	4.89101	0.37742	0.02098	-1.00000	-1.00000
18074	Bishop	Cluster	un	7985341	67	0.463705930	0.51111	0.11005	2.37373	0.29148	0.01296	-1.00000	-1.00000
18085	Bishop	Cluster	un	7989401	7	0.118644068	0.22581	0.02380	2.14269	0.64626	0.05263	-1.00000	-1.00000
18106	Bishop	Cluster	un	7997656	354	1.000000000	1.80000	0.15437	20.98797	0.25527	0.01576	-1.00000	-1.00000
18110	Bishop	Cluster	un	7999338	240	0.464285714	0.41935	0.03596	4.89101	0.37742	0.02098	-1.00000	-1.00000
18117	Bishop	Cluster	un	8003110	61	0.461538462	0.41379	0.03533	4.84665	0.38322	0.02288	-1.00000	-1.00000
18118	Bishop	Cluster	un	8003961	63	0.481481481	0.44828	0.03837	5.23742	0.34845	0.02032	-1.00000	-1.00000
18127	Bishop	Cluster	un	8006340	36	0.000396835	16.66667	1.98438	139.98189	1.22185	0.22997	-1.00000	-1.00000
18131	Bishop	Cluster	un	8007885	25	0.000081956	0.04399	0.00519	0.37311	1.35666	0.28409	-1.00000	-1.00000
18133	Bishop	Cluster	un	8009645	152	0.000000000	783.00000	46.62555	13149.20605	2.89376	1.00000	-1.00000	-1.00000
18136	Bishop	Cluster	un	8011918	19	0.007090887	10.33333	1.18301	90.25963	1.01424	0.13846	-1.00000	-1.00000
18142	Bishop	Cluster	un	8016926	102	1.000000000	1.93333	0.16614	22.49763	0.28631	0.01637	-1.00000	-1.00000
18145	Bishop	Cluster	un	8018485	151	0.048259363	0.16129	0.01768	1.47141	0.79239	0.07937	-1.00000	-1.00000
18150	Bishop	Cluster	un	8020287	302	0.118644068	4.42857	0.46670	42.02293	0.64626	0.05263	-1.00000	-1.00000
18151	Bishop	Cluster	un	8021058	290	0.490612245	3.00000	0.29185	30.83754	0.47712	0.03846	-1.00000	-1.00000
18156	Bishop	Cluster	un	8022578	157	0.721015056	0.69091	0.16190	2.94850	0.16058	0.00502	-1.00000	-1.00000
18166	Bishop	Cluster	un	8028109	15	0.000648604	0.06452	0.00766	0.54351	1.19033	0.19679	-1.00000	-1.00000
18168	Bishop	Cluster	un	8029575	61	0.000000000	167.39999	18.39707	1523.21863	2.22376	0.76471	-1.00000	-1.00000
18175	Bishop	Cluster	un	8032585	21	0.004916860	10.80000	1.24824	93.44380	1.03342	0.15556	-1.00000	-1.00000
18176	Bishop	Cluster	un	8033532	128	0.000000000	225.00000	21.94246	2307.17041	2.35218	0.85714	-1.00000	-1.00000
18178	Bishop	Cluster	un	8035113	34	0.482758621	0.45161	0.03880	5.25593	0.34523	0.01880	-1.00000	-1.00000
18194	Bishop	Cluster	un	8039228	68	0.482758621	0.45161	0.03880	5.25593	0.34523	0.01880	-1.00000	-1.00000
18201	Bishop	Cluster	un	8044066	61	0.444444444	0.38710	0.03311	4.52610	0.41218	0.02358	-1.00000	-1.00000
18206	Bishop	Cluster	un	8045099	345	1.000000000	0.52000	0.04432	6.10163	0.28400	0.01884	-1.00000	-1.00000
18208	Bishop	Cluster	un	8046081	20	0.228675136	0.29032	0.02849	2.95801	0.53712	0.03827	-1.00000	-1.00000
18213	Bishop	Cluster	un	8048579	12	0.009307886	0.10599	0.01218	0.92241	0.97473	0.12363	-1.00000	-1.00000
18219	Bishop	Cluster	un	8051854	57	0.615086172	2.77778	0.27089	28.48358	0.44370	0.01420	-1.00000	-1.00000
18221	Bishop	Cluster	un	8052663	9	0.002836355	0.08065	0.00936	0.69479	1.09342	0.16484	-1.00000	-1.00000
18227	Bishop	Cluster	un	8053681	221	0.500000000	2.07692	0.17741	24.31412	0.31742	0.01961	-1.00000	-1.00000
18234	Bishop	Cluster	un	8058071	424	1.000000000	1.08000	0.06407	18.20505	0.03342	0.00005	-1.00000	-1.00000
18240	Bishop	Cluster	un	8061049	58	1.000000000	0.90588	0.29832	2.75084	0.04293	0.00059	-1.00000	-1.00000
18246	Bishop	Cluster	un	8063733	287	0.091583710	5.27273	0.55003	50.54564	0.72204	0.07143	-1.00000	-1.00000
18253	Bishop	Cluster	un	8065933	54	0.051876516	6.75000	0.75749	60.14915	0.82930	0.09475	-1.00000	-1.00000
18254	Bishop	Cluster	un	8066865	156	0.106170599	0.20968	0.02205	1.99431	0.67845	0.05844	-1.00000	-1.00000
18257	Bishop	Cluster	un	8068384	36	0.500000000	2.06667	0.17791	24.00734	0.31527	0.01695	-1.00000	-1.00000
18262	Bishop	Cluster	un	8071474	34	0.091583710	0.18966	0.01978	1.81808	0.72204	0.07143	-1.00000	-1.00000
18269	Bishop	Cluster	un	8075227	49	0.674869948	1.56522	0.23922	10.24137	0.19457	0.00426	-1.00000	-1.00000
18273	Bishop	Cluster	un	8076142	174	1.000000000	1.92308	0.16389	22.56519	0.28400	0.01884	-1.00000	-1.00000
18276	Bishop	Cluster	un	8077823	333	0.245454545	3.22222	0.31567	32.89072	0.50816	0.03704	-1.00000	-1.00000
18280	Bishop	Cluster	un	8080444	303	0.500000000	2.07143	0.17768	24.14955	0.31627	0.01818	-1.00000	-1.00000
18291	Bishop	Cluster	un	8086633	69	0.500000000	0.48387	0.04165	5.62086	0.31527	0.01695	-1.00000	-1.00000
18293	Bishop	Cluster	un	8087399	21	0.052549084	0.14943	0.01685	1.32480	0.82558	0.08805	-1.00000	-1.00000
18295	Bishop	Cluster	un	8089091	51	0.118644068	4.42857	0.46670	42.02293	0.64626	0.05263	-1.00000	-1.00000
18296	Bishop	Cluster	un	8090261	340	0.228675136	3.44444	0.33807	35.09441	0.53712	0.03827	-1.00000	-1.00000
18302	Bishop	Cluster	un	8093181	72	0.000058393	20.00000	3.79339	105.44671	1.30103	0.33412	-1.00000	-1.00000
18308	Bishop	Cluster	un	8095081	241	0.500000000	0.48276	0.04141	5.62819	0.31627	0.01818	-1.00000	-1.00000
18318	Bishop	Cluster	un	8098837	114	0.000054482	22.17647	2.66115	184.80547	1.34589	0.27273	-1.00000	-1.00000
18328	Bishop	Cluster	un	8102361	467	0.245454545	0.31034	0.03040	3.16783	0.50816	0.03704	-1.00000	-1.00000
18342	Bishop	Cluster	un	8105802	15	0.118644068	4.42857	0.46670	42.02293	0.64626	0.05263	-1.00000	-1.00000
18345	Bishop	Cluster	un	8108294	14	0.000648604	0.06452	0.00766	0.54351	1.19033	0.19679	-1.00000	-1.00000
18349	Bishop	Cluster	un	8110670	45	0.048259363	0.16129	0.01768	1.47141	0.79239	0.07937	-1.00000	-1.00000
18351	Bishop	Cluster	un	8111679	232	1.000000000	1.66667	0.14261	19.47836	0.22185	0.01509	-1.00000	-1.00000
18354	Bishop	Cluster	un	8113154	149	0.496855346	2.58621	0.25274	26.46334	0.41266	0.03077	-1.00000	-1.00000
18356	Bishop	Cluster	un	8114641	20	0.228675136	0.29032	0.02849	2.95801	0.53712	0.03827	-1.00000	-1.00000
18357	Bishop	Cluster	un	8115688	255	0.464285714	0.41935	0.03596	4.89101	0.37742	0.02098	-1.00000	-1.00000
18368	Bishop	Cluster	un	8120532	247	0.228675136	0.29032	0.02849	2.95801	0.53712	0.03827	-1.00000	-1.00000
18386	Bishop	Cluster	un	8130864	18	0.245454545	0.31034	0.03040	3.16783	0.50816	0.03704	-1.00000	-1.00000
18399	Bishop	Cluster	un	8136668	364	0.481481481	2.23077	0.19093	26.06312	0.34845	0.02032	-1.00000	-1.00000
18400	Bishop	Cluster	un	8137251	147	1.000000000	0.93103	0.05544	15.63520	0.03103	0.00004	-1.00000	-1.00000
18421	Bishop	Cluster	un	8143021	127	0.482758621	2.21429	0.19026	25.77014	0.34523	0.01880	-1.00000	-1.00000
18423	Bishop	Cluster	un	8143755	46	0.005271268	0.09677	0.01132	0.82757	1.01424	0.13208	-1.00000	-1.00000
18425	Bishop	Cluster	un	8145206	72	0.000000062	50.09091	5.96864	420.38062	1.69976	0.47368	-1.00000	-1.00000
18440	Bishop	Cluster	un	8149657	142	0.000011865	0.03687	0.00444	0.30610	1.43337	0.30952	-1.00000	-1.00000
18452	Bishop	Cluster	un	8153630	49	0.710775906	1.38889	0.28088	6.86774	0.14267	0.00292	-1.00000	-1.00000
18473	Bishop	Cluster	un	8160067	129	0.500000000	0.48387	0.04165	5.62086	0.31527	0.01695	-1.00000	-1.00000
18475	Bishop	Cluster	un	8160885	153	0.104821803	4.83333	0.50582	46.18450	0.68425	0.06335	-1.00000	-1.00000
18481	Bishop	Cluster	un	8161690	128	1.000000000	0.85556	0.28611	2.55841	0.06775	0.00150	-1.00000	-1.00000
18484	Bishop	Cluster	un	8162424	87	1.000000000	1.93333	0.16614	22.49763	0.28631	0.01637	-1.00000	-1.00000
18490	Bishop	Cluster	un	8166459	112	0.000000034	47.66667	8.72474	260.42151	1.67821	0.52083	-1.00000	-1.00000
18496	Bishop	Cluster	un	8170515	154	0.001501515	0.07280	0.00852	0.62214	1.13789	0.18729	-1.00000	-1.00000
18506	Bishop	Cluster	un	8176887	35	0.400567831	0.39286	0.06580	2.34572	0.40577	0.01976	-1.00000	-1.00000
18508	Bishop	Cluster	un	8178457	7	0.612440191	3.00000	0.29328	30.68711	0.47712	0.01607	-1.00000	-1.00000
18514	Bishop	Cluster	un	8179375	136	1.000000000	0.51852	0.04439	6.05718	0.28524	0.01752	-1.00000	-1.00000
18521	Bishop	Cluster	un	8183299	12	0.245762712	3.20690	0.31542	32.60509	0.50608	0.03448	-1.00000	-1.00000
18522	Bishop	Cluster	un	8184172	136	0.000221963	0.05329	0.00631	0.44975	1.27334	0.24476	-1.00000	-1.00000
18535	Bishop	Cluster	un	8189673	34	0.000000147	42.00000	8.41662	209.58542	1.62325	0.53365	-1.00000	-1.00000
18541	Bishop	Cluster	un	8192165	155	0.245762712	3.20690	0.31542	32.60509	0.50608	0.03448	-1.00000	-1.00000
18543	Bishop	Cluster	un	8193643	62	1.000000000	0.51852	0.04439	6.05718	0.28524	0.01752	-1.00000	-1.00000
18544	Bishop	Cluster	un	8194506	138	0.504726820	1.83333	0.46759	7.18810	0.26324	0.01423	-1.00000	-1.00000
18547	Bishop	Cluster	un	8197000	270	0.618644068	0.48276	0.04141	5.62819	0.31627	0.00585	-1.00000	-1.00000
18563	Bishop	Cluster	un	8202491	74	0.000992970	14.14286	1.68895	118.42857	1.15054	0.18841	-1.00000	-1.00000
18571	Bishop	Cluster	un	8206373	44	0.000000000	783.00000	46.62555	13149.20605	2.89376	0.86667	-1.00000	-1.00000
18574	Bishop	Cluster	un	8207936	40	0.195404893	5.40000	0.58948	49.46759	0.73239	0.04617	-1.00000	-1.00000
18580	Bishop	Cluster	un	8211948	270	0.500000000	0.48276	0.04141	5.62819	0.31627	0.01818	-1.00000	-1.00000
18582	Bishop	Cluster	un	8213371	91	0.052549084	6.69231	0.75483	59.33385	0.82558	0.08805	-1.00000	-1.00000
18587	Bishop	Cluster	un	8215829	62	0.491833031	3.00000	0.29452	30.55776	0.47712	0.03333	-1.00000	-1.00000
18594	Bishop	Cluster	un	8219390	379	0.500000000	2.07692	0.17741	24.31412	0.31742	0.01961	-1.00000	-1.00000
18597	Bishop	Cluster	un	8220582	87	0.007090887	0.09677	0.01108	0.84530	1.01424	0.13846	-1.00000	-1.00000
18600	Bishop	Cluster	un	8222906	81	0.017220725	0.11828	0.01329	1.05307	0.92709	0.11312	-1.00000	-1.00000
18607	Bishop	Cluster	un	8226344	467	0.480000000	0.44444	0.03787	5.21605	0.35218	0.02211	-1.00000	-1.00000
18621	Bishop	Cluster	un	8230999	279	1.000000000	0.51724	0.04445	6.01898	0.28631	0.01637	-1.00000	-1.00000
18635	Bishop	Cluster	un	8235578	55	0.033599894	0.13548	0.01475	1.24418	0.86811	0.10000	-1.00000	-1.00000
18643	Bishop	Cluster	un	8239761	151	0.056199822	5.74074	0.63090	52.23658	0.75897	0.07143	-1.00000	-1.00000
18651	Bishop	Cluster	un	8242831	76	0.500000000	2.06667	0.17791	24.00734	0.31527	0.01695	-1.00000	-1.00000
18652	Bishop	Cluster	un	8243957	325	0.482758621	0.45161	0.03880	5.25593	0.34523	0.01880	-1.00000	-1.00000
18658	Bishop	Cluster	un	8246128	105	0.091583710	0.18966	0.01978	1.81808	0.72204	0.07143	-1.00000	-1.00000
18660	Bishop	Cluster	un	8247852	143	0.228675136	0.29032	0.02849	2.95801	0.53712	0.03827	-1.00000	-1.00000
18672	Bishop	Cluster	un	8254120	32	0.114880414	0.20000	0.02178	1.83684	0.69897	0.07143	-1.00000	-1.00000
18674	Bishop	Cluster	un	8255887	266	0.482758621	0.45161	0.03880	5.25593	0.34523	0.01880	-1.00000	-1.00000
18675	Bishop	Cluster	un	8256582	104	0.500000000	0.48387	0.04165	5.62086	0.31527	0.01695	-1.00000	-1.00000
18676	Bishop	Cluster	un	8257400	73	0.500000000	0.48276	0.04141	5.62819	0.31627	0.01818	-1.00000	-1.00000
18690	Bishop	Cluster	un	8263167	140	0.211038961	0.26882	0.02632	2.74562	0.57054	0.04274	-1.00000	-1.00000
18701	Bishop	Cluster	un	8267841	27	0.118644068	0.22581	0.02380	2.14269	0.64626	0.05263	-1.00000	-1.00000
18714	Bishop	Cluster	un	8271913	60	0.000000000	837.00000	49.91668	14034.76660	2.92273	1.00000	-1.00000	-1.00000
18722	Bishop	Cluster	un	8274589	145	0.000002252	36.16667	4.27468	305.99435	1.55831	0.39634	-1.00000	-1.00000
18725	Bishop	Cluster	un	8276418	322	0.464285714	2.38462	0.20446	27.81217	0.37742	0.02098	-1.00000	-1.00000
18727	Bishop	Cluster	un	8276969	102	0.056199822	0.17419	0.01914	1.58503	0.75897	0.07143	-1.00000	-1.00000
18736	Bishop	Cluster	un	8280972	83	0.000023300	16.20000	3.91026	67.11570	1.20951	0.31859	-1.00000	-1.00000
18739	Bishop	Cluster	un	8281699	8	0.007090887	0.09677	0.01108	0.84530	1.01424	0.13846	-1.00000	-1.00000
18741	Bishop	Cluster	un	8283298	17	0.491833031	0.33333	0.03272	3.39531	0.47712	0.03333	-1.00000	-1.00000
18748	Bishop	Cluster	un	8289288	376	0.500000000	0.48387	0.04165	5.62086	0.31527	0.01695	-1.00000	-1.00000
18753	Bishop	Cluster	un	8292121	68	0.000706867	0.06093	0.00710	0.52259	1.21516	0.21739	-1.00000	-1.00000
18755	Bishop	Cluster	un	8293716	40	0.500000000	2.06667	0.17791	24.00734	0.31527	0.01695	-1.00000	-1.00000
18772	Bishop	Cluster	un	8301734	112	0.482758621	0.45161	0.03880	5.25593	0.34523	0.01880	-1.00000	-1.00000
18781	Bishop	Cluster	un	8306714	70	0.001954280	0.07258	0.00838	0.62842	1.13918	0.18617	-1.00000	-1.00000
18784	Bishop	Cluster	un	8307618	145	0.004127021	9.42857	1.82876	48.61110	0.97445	0.17710	-1.00000	-1.00000
18786	Bishop	Cluster	un	8309127	36	0.404330407	1.86667	0.61889	5.63019	0.27107	0.02381	-1.00000	-1.00000
18788	Bishop	Cluster	un	8310046	98	0.000000000	108.00000	12.11987	962.38641	2.03342	0.68894	-1.00000	-1.00000
18789	Bishop	Cluster	un	8311031	292	0.240259740	3.85714	0.40483	36.75010	0.58627	0.04906	-1.00000	-1.00000
18794	Bishop	Cluster	un	8312416	58	0.500000000	2.06667	0.17791	24.00734	0.31527	0.01695	-1.00000	-1.00000
18799	Bishop	Cluster	un	8315022	154	0.209997303	4.60000	0.49935	42.37481	0.66276	0.03906	-1.00000	-1.00000
18814	Bishop	Cluster	un	8321528	43	0.001621509	0.07527	0.00886	0.63910	1.12338	0.17143	-1.00000	-1.00000
18822	Bishop	Cluster	un	8325563	146	0.500000000	2.06667	0.17791	24.00734	0.31527	0.01695	-1.00000	-1.00000
18828	Bishop	Cluster	un	8330084	64	0.000648604	0.06452	0.00766	0.54351	1.19033	0.19679	-1.00000	-1.00000
18834	Bishop	Cluster	un	8333447	148	0.759773182	1.35714	0.40350	4.56468	0.13263	0.00488	-1.00000	-1.00000
18839	Bishop	Cluster	un	8335810	50	0.081599742	5.63636	0.58908	53.92945	0.75100	0.07353	-1.00000	-1.00000
18844	Bishop	Cluster	un	8338706	19	0.011308779	9.00000	1.02601	78.94656	0.95424	0.13043	-1.00000	-1.00000
18855	Bishop	Cluster	un	8342882	55	0.211038961	3.72000	0.36422	37.99496	0.57054	0.04274	-1.00000	-1.00000
18861	Bishop	Cluster	un	8345206	21	0.500000000	0.48387	0.04165	5.62086	0.31527	0.01695	-1.00000	-1.00000
18863	Bishop	Cluster	un	8345958	14	0.360144058	0.30667	0.02975	3.16133	0.51333	0.02083	-1.00000	-1.00000
18864	Bishop	Cluster	un	8347080	52	0.002836355	0.08065	0.00936	0.69479	1.09342	0.16484	-1.00000	-1.00000
18867	Bishop	Cluster	un	8348676	30	0.056199822	0.17419	0.01914	1.58503	0.75897	0.07143	-1.00000	-1.00000
18873	Bishop	Cluster	un	8351909	41	0.021448606	0.12903	0.01454	1.14498	0.88930	0.10108	-1.00000	-1.00000
18876	Bishop	Cluster	un	8353399	9	0.618644068	2.07143	0.17768	24.14955	0.31627	0.00585	-1.00000	-1.00000
18882	Bishop	Cluster	un	8357521	25	1.000000000	1.07407	0.06396	18.03732	0.03103	0.00004	-1.00000	-1.00000
18904	Bishop	Cluster	un	8366346	30	1.000000000	1.93333	0.16614	22.49763	0.28631	0.01637	-1.00000	-1.00000
18905	Bishop	Cluster	un	8367186	68	0.500000000	2.06667	0.17791	24.00734	0.31527	0.01695	-1.00000	-1.00000
18907	Bishop	Cluster	un	8368036	99	0.000000000	101.85714	11.70398	886.44025	2.00799	0.65476	-1.00000	-1.00000
18909	Bishop	Cluster	un	8368748	21	0.005105438	0.09483	0.01103	0.81529	1.02307	0.14286	-1.00000	-1.00000
18913	Bishop	Cluster	un	8372051	31	0.023977923	0.12315	0.01417	1.07058	0.90956	0.10769	-1.00000	-1.00000
18917	Bishop	Cluster	un	8375255	49	1.000000000	1.93333	0.16614	22.49763	0.28631	0.01637	-1.00000	-1.00000
18919	Bishop	Cluster	un	8375955	15	0.491833031	0.33333	0.03272	3.39531	0.47712	0.03333	-1.00000	-1.00000
18927	Bishop	Cluster	un	8381042	390	1.000000000	0.86207	0.05123	14.50627	0.06446	0.00019	-1.00000	-1.00000
18928	Bishop	Cluster	un	8381605	166	0.480000000	0.44444	0.03787	5.21605	0.35218	0.02211	-1.00000	-1.00000
18944	Bishop	Cluster	un	8389809	29	0.002076008	12.78947	1.49310	109.55123	1.10685	0.18182	-1.00000	-1.00000
18946	Bishop	Cluster	un	8391442	32	0.011603269	8.82609	1.01217	76.96327	0.94577	0.12000	-1.00000	-1.00000
18951	Bishop	Cluster	un	8393859	132	0.056199822	0.17419	0.01914	1.58503	0.75897	0.07143	-1.00000	-1.00000
18955	Bishop	Cluster	un	8397005	41	0.580396999	0.64815	0.21752	1.93132	0.18833	0.01127	-1.00000	-1.00000
18956	Bishop	Cluster	un	8397989	149	0.432629146	2.15385	0.36345	12.76394	0.33321	0.01235	-1.00000	-1.00000
18963	Bishop	Cluster	un	8400317	120	0.000085020	12.48571	3.40756	45.74923	1.09641	0.30831	-1.00000	-1.00000
18965	Bishop	Cluster	un	8402217	376	0.481481481	0.44828	0.03837	5.23742	0.34845	0.02032	-1.00000	-1.00000
18971	Bishop	Cluster	un	8404402	113	0.237749546	4.14286	0.43577	39.38647	0.61730	0.05091	-1.00000	-1.00000
18974	Bishop	Cluster	un	8406800	126	0.482758621	2.21429	0.19026	25.77014	0.34523	0.01880	-1.00000	-1.00000
18978	Bishop	Cluster	un	8409523	528	0.461538462	0.41379	0.03533	4.84665	0.38322	0.02288	-1.00000	-1.00000
19000	Bishop	Cluster	un	8416192	34	0.000049231	19.60000	3.77096	101.87317	1.29226	0.31612	-1.00000	-1.00000
19001	Bishop	Cluster	un	8417000	29	0.120255746	0.21600	0.02358	1.97870	0.66555	0.06400	-1.00000	-1.00000
19009	Bishop	Cluster	un	8419699	294	0.481481481	0.44828	0.03837	5.23742	0.34845	0.02032	-1.00000	-1.00000
19010	Bishop	Cluster	un	8420476	250	0.490612245	3.00000	0.29185	30.83754	0.47712	0.03846	-1.00000	-1.00000
19011	Bishop	Cluster	un	8421055	34	0.000017296	26.86667	3.20762	225.03188	1.42921	0.31469	-1.00000	-1.00000
19012	Bishop	Cluster	un	8421998	150	0.500000000	0.48387	0.04165	5.62086	0.31527	0.01695	-1.00000	-1.00000
19030	Bishop	Cluster	un	8429241	349	0.500000000	0.48148	0.04113	5.63661	0.31742	0.01961	-1.00000	-1.00000
19042	Bishop	Cluster	un	8436786	20	0.245762712	0.31183	0.03067	3.17041	0.50608	0.03448	-1.00000	-1.00000
19043	Bishop	Cluster	un	8437556	58	0.000094312	20.66667	2.47792	172.36687	1.31527	0.25076	-1.00000	-1.00000
19052	Bishop	Cluster	un	8442140	103	0.001099811	14.68421	1.72165	125.24408	1.16685	0.19231	-1.00000	-1.00000
19055	Bishop	Cluster	un	8443783	40	0.033599894	0.13548	0.01475	1.24418	0.86811	0.10000	-1.00000	-1.00000
19066	Bishop	Cluster	un	8448750	35	0.237749546	4.14286	0.43577	39.38647	0.61730	0.05091	-1.00000	-1.00000
19067	Bishop	Cluster	un	8449831	375	0.500000000	0.48276	0.04141	5.62819	0.31627	0.01818	-1.00000	-1.00000
19077	Bishop	Cluster	un	8453661	72	0.245454545	0.31034	0.03040	3.16783	0.50816	0.03704	-1.00000	-1.00000
19078	Bishop	Cluster	un	8454396	59	0.245762712	0.31183	0.03067	3.17041	0.50608	0.03448	-1.00000	-1.00000
19079	Bishop	Cluster	un	8455560	431	0.617647059	0.48000	0.04081	5.64636	0.31876	0.00680	-1.00000	-1.00000
19088	Bishop	Cluster	un	8459161	63	0.000000002	92.00000	14.06062	601.96490	1.96379	0.65333	-1.00000	-1.00000
19104	Bishop	Cluster	un	8465562	264	1.000000000	1.66667	0.14261	19.47836	0.22185	0.01509	-1.00000	-1.00000
19105	Bishop	Cluster	un	8466568	501	0.481481481	0.44828	0.03837	5.23742	0.34845	0.02032	-1.00000	-1.00000
19106	Bishop	Cluster	un	8466912	98	0.211038961	0.26882	0.02632	2.74562	0.57054	0.04274	-1.00000	-1.00000
19114	Bishop	Cluster	un	8473154	144	1.000000000	0.51852	0.04439	6.05718	0.28524	0.01752	-1.00000	-1.00000
19117	Bishop	Cluster	un	8473866	23	0.000081956	0.04399	0.00519	0.37311	1.35666	0.28409	-1.00000	-1.00000
19135	Bishop	Cluster	un	8480040	15	0.500000000	0.48387	0.04165	5.62086	0.31527	0.01695	-1.00000	-1.00000
19136	Bishop	Cluster	un	8480855	47	0.000013103	0.03448	0.00407	0.29209	1.46240	0.35000	-1.00000	-1.00000
19155	Bishop	Cluster	un	8491686	329	0.093795094	0.19355	0.02029	1.84594	0.71321	0.06531	-1.00000	-1.00000
19156	Bishop	Cluster	un	8492074	117	0.491833031	3.00000	0.29452	30.55776	0.47712	0.03333	-1.00000	-1.00000
19157	Bishop	Cluster	un	8492866	28	1.000000000	1.80000	0.15437	20.98797	0.25527	0.01576	-1.00000	-1.00000
19159	Bishop	Cluster	un	8494899	457	0.444444444	0.38710	0.03311	4.52610	0.41218	0.02358	-1.00000	-1.00000
19164	Bishop	Cluster	un	8496916	29	0.000000929	31.50000	5.99656	165.46985	1.49831	0.42405	-1.00000	-1.00000
19174	Bishop	Cluster	un	8501763	75	0.211038961	0.26882	0.02632	2.74562	0.57054	0.04274	-1.00000	-1.00000
19177	Bishop	Cluster	un	8503559	309	0.491833031	3.00000	0.29452	30.55776	0.47712	0.03333	-1.00000	-1.00000
19179	Bishop	Cluster	un	8505001	214	0.480000000	0.44444	0.03787	5.21605	0.35218	0.02211	-1.00000	-1.00000
19196	Bishop	Cluster	un	8514900	281	1.000000000	1.92857	0.16509	22.52900	0.28524	0.01752	-1.00000	-1.00000
19214	Bishop	Cluster	un	8522799	13	0.749033630	1.52000	0.42189	5.47627	0.18184	0.00794	-1.00000	-1.00000
19215	Bishop	Cluster	un	8523591	33	0.021536164	4.43333	1.26888	15.48959	0.64673	0.11546	-1.00000	-1.00000
19221	Bishop	Cluster	un	8526860	83	0.051876516	6.75000	0.75749	60.14915	0.82930	0.09475	-1.00000	-1.00000
19222	Bishop	Cluster	un	8527617	42	0.118644068	4.42857	0.46670	42.02293	0.64626	0.05263	-1.00000	-1.00000
19233	Bishop	Cluster	un	8534042	94	0.000000001	74.11111	8.74333	628.18793	1.86988	0.57037	-1.00000	-1.00000
19238	Bishop	Cluster	un	8536267	10	0.245454545	3.22222	0.31567	32.89072	0.50816	0.03704	-1.00000	-1.00000
19247	Bishop	Cluster	un	8538529	66	0.002756141	15.00000	1.76405	127.54709	1.17609	0.16364	-1.00000	-1.00000
19249	Bishop	Cluster	un	8539425	166	1.000000000	0.51852	0.04439	6.05718	0.28524	0.01752	-1.00000	-1.00000
19259	Bishop	Cluster	un	8543895	22	0.196115984	2.66667	0.69347	10.25444	0.42597	0.03925	-1.00000	-1.00000
19261	Bishop	Cluster	un	8545436	40	0.500000000	2.06667	0.17791	24.00734	0.31527	0.01695	-1.00000	-1.00000
19267	Bishop	Cluster	un	8549392	77	0.177054202	3.33333	0.78083	14.22987	0.52288	0.05051	-1.00000	-1.00000
19269	Bishop	Cluster	un	8550254	91	0.211038961	0.26882	0.02632	2.74562	0.57054	0.04274	-1.00000	-1.00000
19270	Bishop	Cluster	un	8551067	100	0.500000000	2.06667	0.17791	24.00734	0.31527	0.01695	-1.00000	-1.00000
19274	Bishop	Cluster	un	8551830	47	0.228675136	0.29032	0.02849	2.95801	0.53712	0.03827	-1.00000	-1.00000
19276	Bishop	Cluster	un	8552634	20	0.481481481	0.44828	0.03837	5.23742	0.34845	0.02032	-1.00000	-1.00000
19282	Bishop	Cluster	un	8556808	149	0.118644068	0.22581	0.02380	2.14269	0.64626	0.05263	-1.00000	-1.00000
19292	Bishop	Cluster	un	8559913	101	0.106170599	0.20968	0.02205	1.99431	0.67845	0.05844	-1.00000	-1.00000
19294	Bishop	Cluster	un	8561767	275	0.500000000	0.48148	0.04113	5.63661	0.31742	0.01961	-1.00000	-1.00000
19297	Bishop	Cluster	un	8562418	144	0.237749546	4.14286	0.43577	39.38647	0.61730	0.05091	-1.00000	-1.00000
19308	Bishop	Cluster	un	8567025	43	0.093795094	0.19355	0.02029	1.84594	0.71321	0.06531	-1.00000	-1.00000
19309	Bishop	Cluster	un	8567829	92	1.000000000	0.51724	0.04445	6.01898	0.28631	0.01637	-1.00000	-1.00000
19316	Bishop	Cluster	un	8570135	289	0.500000000	0.48387	0.04165	5.62086	0.31527	0.01695	-1.00000	-1.00000
19318	Bishop	Cluster	un	8571563	72	0.000000041	54.00000	6.38237	456.88336	1.73239	0.50408	-1.00000	-1.00000
19320	Bishop	Cluster	un	8573354	196	1.000000000	1.78571	0.15251	20.90852	0.25181	0.01681	-1.00000	-1.00000
19324	Bishop	Cluster	un	8575497	108	0.013393555	4.48052	1.41952	14.14216	0.65133	0.12310	-1.00000	-1.00000
19328	Bishop	Cluster	un	8576271	16	0.000061809	0.04715	0.00570	0.38990	1.32655	0.25000	-1.00000	-1.00000
19338	Bishop	Cluster	un	8582773	77	1.000000000	1.22222	0.18730	7.97543	0.08715	0.00082	-1.00000	-1.00000
19358	Bishop	Cluster	un	8593146	46	0.245762712	3.20690	0.31542	32.60509	0.50608	0.03448	-1.00000	-1.00000
19367	Bishop	Cluster	un	8598902	380	0.464285714	0.41935	0.03596	4.89101	0.37742	0.02098	-1.00000	-1.00000
19368	Bishop	Cluster	un	8599416	31	1.000000000	1.93333	0.16614	22.49763	0.28631	0.01637	-1.00000	-1.00000
19371	Bishop	Cluster	un	8600757	50	0.000000000	222.33333	21.66588	2281.56470	2.34700	0.85556	-1.00000	-1.00000
19381	Bishop	Cluster	un	8604780	11	0.011308779	9.00000	1.02601	78.94656	0.95424	0.13043	-1.00000	-1.00000
19387	Bishop	Cluster	un	8608334	289	1.000000000	1.80000	0.15437	20.98797	0.25527	0.01576	-1.00000	-1.00000
19388	Bishop	Cluster	un	8608967	97	0.005105438	10.54545	1.22656	90.66576	1.02307	0.14286	-1.00000	-1.00000
19390	Bishop	Cluster	un	8609785	84	0.002287531	12.13043	1.43397	102.61572	1.08388	0.15385	-1.00000	-1.00000
19392	Bishop	Cluster	un	8611535	150	0.245283019	3.57143	0.37390	34.11384	0.55284	0.04706	-1.00000	-1.00000
19397	Bishop	Cluster	un	8613948	13	0.106170599	0.20968	0.02205	1.99431	0.67845	0.05844	-1.00000	-1.00000
19401	Bishop	Cluster	un	8617199	6	0.000022275	27.00000	3.18017	229.23271	1.43136	0.34211	-1.00000	-1.00000
19429	Bishop	Cluster	un	8627777	53	1.000000000	0.51852	0.04439	6.05718	0.28524	0.01752	-1.00000	-1.00000
19430	Bishop	Cluster	un	8628585	52	0.001621509	0.07527	0.00886	0.63910	1.12338	0.17143	-1.00000	-1.00000
19436	Bishop	Cluster	un	8631094	42	0.000000003	78.71429	8.95404	691.97137	1.89605	0.61765	-1.00000	-1.00000
19446	Bishop	Cluster	un	8637029	112	0.011860352	8.68000	1.00047	75.30706	0.93852	0.11111	-1.00000	-1.00000
19453	Bishop	Cluster	un	8641052	62	0.461538462	0.41379	0.03533	4.84665	0.38322	0.02288	-1.00000	-1.00000
19461	Bishop	Cluster	un	8644885	44	0.118644068	4.42857	0.46670	42.02293	0.64626	0.05263	-1.00000	-1.00000
19466	Bishop	Cluster	un	8646649	275	0.444444444	0.38710	0.03311	4.52610	0.41218	0.02358	-1.00000	-1.00000
19468	Bishop	Cluster	un	8647337	147	0.245762712	0.31183	0.03067	3.17041	0.50608	0.03448	-1.00000	-1.00000
19490	Bishop	Cluster	un	8657021	14	0.000587295	0.04702	0.00553	0.39964	1.32770	0.22440	-1.00000	-1.00000
19493	Bishop	Cluster	un	8657986	124	0.118644068	0.22581	0.02380	2.14269	0.64626	0.05263	-1.00000	-1.00000
19508	Bishop	Cluster	un	8661158	112	0.000977321	0.06513	0.00758	0.55974	1.18619	0.21212	-1.00000	-1.00000
19510	Bishop	Cluster	un	8662997	440	0.480000000	2.25000	0.19172	26.40626	0.35218	0.02211	-1.00000	-1.00000
19511	Bishop	Cluster	un	8663477	104	0.005211412	0.08756	0.00998	0.76820	1.05771	0.15625	-1.00000	-1.00000
19518	Bishop	Cluster	un	8665905	305	1.000000000	0.93103	0.05544	15.63520	0.03103	0.00004	-1.00000	-1.00000
19525	Bishop	Cluster	un	8668167	137	0.118644068	0.22581	0.02380	2.14269	0.64626	0.05263	-1.00000	-1.00000
19542	Bishop	Cluster	un	8672904	39	0.500000000	2.06667	0.17791	24.00734	0.31527	0.01695	-1.00000	-1.00000
19543	Bishop	Cluster	un	8674022	391	0.245454545	3.22222	0.31567	32.89072	0.50816	0.03704	-1.00000	-1.00000
19552	Bishop	Cluster	un	8678628	45	0.245762712	3.20690	0.31542	32.60509	0.50608	0.03448	-1.00000	-1.00000
19554	Bishop	Cluster	un	8680355	50	0.500000000	0.48387	0.04165	5.62086	0.31527	0.01695	-1.00000	-1.00000
19560	Bishop	Cluster	un	8683796	109	0.228675136	3.44444	0.33807	35.09441	0.53712	0.03827	-1.00000	-1.00000
19561	Bishop	Cluster	un	8684646	85	0.245454545	3.22222	0.31567	32.89072	0.50816	0.03704	-1.00000	-1.00000
19570	Bishop	Cluster	un	8687035	41	0.461538462	0.41379	0.03533	4.84665	0.38322	0.02288	-1.00000	-1.00000
19575	Bishop	Cluster	un	8689484	112	0.000051887	23.25000	2.77021	195.13420	1.36642	0.28205	-1.00000	-1.00000
19577	Bishop	Cluster	un	8690411	225	0.227113906	0.28736	0.02808	2.94037	0.54158	0.04142	-1.00000	-1.00000
19585	Bishop	Cluster	un	8693361	12	1.000000000	1.93333	0.16614	22.49763	0.28631	0.01637	-1.00000	-1.00000
19608	Bishop	Cluster	un	8703989	77	0.500000000	0.48387	0.04165	5.62086	0.31527	0.01695	-1.00000	-1.00000
19611	Bishop	Cluster	un	8705977	447	0.500000000	0.48276	0.04141	5.62819	0.31627	0.01818	-1.00000	-1.00000
19616	Bishop	Cluster	un	8708647	64	0.000005460	31.15385	3.70346	262.06906	1.49351	0.36842	-1.00000	-1.00000
19625	Bishop	Cluster	un	8711409	427	1.000000000	0.52000	0.04432	6.10163	0.28400	0.01884	-1.00000	-1.00000
19641	Bishop	Cluster	un	8718749	193	1.000000000	1.92857	0.16509	22.52900	0.28524	0.01752	-1.00000	-1.00000
19654	Bishop	Cluster	un	8724979	43	0.023977923	8.12000	0.93407	70.58795	0.90956	0.10769	-1.00000	-1.00000
19663	Bishop	Cluster	un	8727414	170	0.500000000	0.48148	0.04113	5.63661	0.31742	0.01961	-1.00000	-1.00000
19667	Bishop	Cluster	un	8728304	248	1.000000000	1.66667	0.14261	19.47836	0.22185	0.01509	-1.00000	-1.00000
19674	Bishop	Cluster	un	8731204	44	0.202720785	4.46154	0.46819	42.51565	0.64948	0.03273	-1.00000	-1.00000
19680	Bishop	Cluster	un	8733160	136	0.493506494	2.79310	0.27363	28.51051	0.44609	0.03210	-1.00000	-1.00000
19681	Bishop	Cluster	un	8733864	40	0.491833031	0.33333	0.03272	3.39531	0.47712	0.03333	-1.00000	-1.00000
19684	Bishop	Cluster	un	8735057	471	0.500000000	0.48000	0.04081	5.64636	0.31876	0.02128	-1.00000	-1.00000
19695	Bishop	Cluster	un	8737901	42	0.480000000	0.44444	0.03787	5.21605	0.35218	0.02211	-1.00000	-1.00000
19697	Bishop	Cluster	un	8738664	31	0.500000000	0.48387	0.04165	5.62086	0.31527	0.01695	-1.00000	-1.00000
19700	Bishop	Cluster	un	8739784	26	0.036249372	0.10345	0.01149	0.93103	0.98528	0.10274	-1.00000	-1.00000
19702	Bishop	Cluster	un	8740418	55	0.000002252	36.16667	4.27468	305.99435	1.55831	0.39634	-1.00000	-1.00000
19704	Bishop	Cluster	un	8741869	10	0.500000000	0.48387	0.04165	5.62086	0.31527	0.01695	-1.00000	-1.00000
19712	Bishop	Cluster	un	8747373	14	0.048259363	6.20000	0.67962	56.56101	0.79239	0.07937	-1.00000	-1.00000
19717	Bishop	Cluster	un	8750680	6	0.118644068	0.22581	0.02380	2.14269	0.64626	0.05263	-1.00000	-1.00000
19720	Bishop	Cluster	un	8752324	87	0.033599894	0.13548	0.01475	1.24418	0.86811	0.10000	-1.00000	-1.00000
19725	Bishop	Cluster	un	8753821	116	0.006611286	0.09360	0.01065	0.82280	1.02874	0.15217	-1.00000	-1.00000
19728	Bishop	Cluster	un	8755318	71	0.000559709	9.60000	2.56224	35.96852	0.98227	0.23904	-1.00000	-1.00000
19731	Bishop	Cluster	un	8756933	94	0.005220156	10.56522	1.24359	89.75964	1.02388	0.14444	-1.00000	-1.00000
19737	Bishop	Cluster	un	8759304	18	0.000251499	17.94737	2.14284	150.31827	1.25400	0.22321	-1.00000	-1.00000
19741	Bishop	Cluster	un	8760451	360	0.491833031	3.00000	0.29452	30.55776	0.47712	0.03333	-1.00000	-1.00000
19753	Bishop	Cluster	un	8765021	117	0.033599894	7.38095	0.80374	67.78108	0.86811	0.10000	-1.00000	-1.00000
19761	Bishop	Cluster	un	8769736	90	0.000017296	0.03722	0.00444	0.31176	1.42921	0.31469	-1.00000	-1.00000
19764	Bishop	Cluster	un	8771392	151	1.000000000	1.93333	0.16614	22.49763	0.28631	0.01637	-1.00000	-1.00000
19767	Bishop	Cluster	un	8772110	147	0.007090887	0.09677	0.01108	0.84530	1.01424	0.13846	-1.00000	-1.00000
19783	Bishop	Cluster	un	8780817	31	0.118644068	0.22581	0.02380	2.14269	0.64626	0.05263	-1.00000	-1.00000
19786	Bishop	Cluster	un	8783385	85	0.482758621	2.21429	0.19026	25.77014	0.34523	0.01880	-1.00000	-1.00000
19788	Bishop	Cluster	un	8785386	381	0.245762712	0.31183	0.03067	3.17041	0.50608	0.03448	-1.00000	-1.00000
19790	Bishop	Cluster	un	8786768	141	0.227113906	3.48000	0.34009	35.60907	0.54158	0.04142	-1.00000	-1.00000
19795	Bishop	Cluster	un	8790031	99	0.000002737	43.18182	5.11984	364.20483	1.63530	0.38336	-1.00000	-1.00000
19801	Bishop	Cluster	un	8792580	118	0.500000000	2.06667	0.17791	24.00734	0.31527	0.01695	-1.00000	-1.00000
19805	Bishop	Cluster	un	8794359	316	1.000000000	0.85185	0.05042	14.39326	0.06964	0.00024	-1.00000	-1.00000
19809	Bishop	Cluster	un	8795681	77	0.482758621	2.21429	0.19026	25.77014	0.34523	0.01880	-1.00000	-1.00000
19818	Bishop	Cluster	un	8802010	109	0.482758621	2.21429	0.19026	25.77014	0.34523	0.01880	-1.00000	-1.00000
19832	Bishop	Cluster	un	8809367	36	0.500000000	2.06667	0.17791	24.00734	0.31527	0.01695	-1.00000	-1.00000
19837	Bishop	Cluster	un	8811002	31	0.052549084	6.69231	0.75483	59.33385	0.82558	0.08805	-1.00000	-1.00000
19841	Bishop	Cluster	un	8813022	438	0.192872117	0.24731	0.02414	2.53324	0.60676	0.04808	-1.00000	-1.00000
19844	Bishop	Cluster	un	8813705	337	0.500000000	2.06667	0.17791	24.00734	0.31527	0.01695	-1.00000	-1.00000
19852	Bishop	Cluster	un	8818289	62	0.003636347	9.53333	1.85816	48.91088	0.97924	0.16890	-1.00000	-1.00000
19864	Bishop	Cluster	un	8825812	83	0.000000068	73.28571	8.31773	645.70422	1.86502	0.51720	-1.00000	-1.00000
19868	Bishop	Cluster	un	8827952	10	0.019490472	6.87500	1.32147	35.76738	0.83727	0.12421	-1.00000	-1.00000
19895	Bishop	Cluster	un	8835180	44	0.491264850	3.00000	0.29328	30.68711	0.47712	0.03571	-1.00000	-1.00000
19903	Bishop	Cluster	un	8837693	69	0.054577150	7.50000	0.83337	67.49715	0.87506	0.07937	-1.00000	-1.00000
19910	Bishop	Cluster	un	8840250	130	0.000000000	125.00000	13.61030	1148.02759	2.09691	0.73469	-1.00000	-1.00000
19911	Bishop	Cluster	un	8841089	95	0.000149176	20.05882	2.38159	168.94432	1.30231	0.25084	-1.00000	-1.00000
19912	Bishop	Cluster	un	8842033	287	0.605263158	0.44828	0.03837	5.23742	0.34845	0.00739	-1.00000	-1.00000
19914	Bishop	Cluster	un	8842526	27	0.245762712	3.20690	0.31542	32.60509	0.50608	0.03448	-1.00000	-1.00000
19921	Bishop	Cluster	un	8846564	97	0.081599742	0.17742	0.01854	1.69757	0.75100	0.07353	-1.00000	-1.00000
19924	Bishop	Cluster	un	8848240	143	0.500000000	2.06667	0.17791	24.00734	0.31527	0.01695	-1.00000	-1.00000
19930	Bishop	Cluster	un	8851321	41	0.211038961	0.26882	0.02632	2.74562	0.57054	0.04274	-1.00000	-1.00000
19931	Bishop	Cluster	un	8852130	95	0.092991764	2.90588	0.85664	9.85727	0.46328	0.05625	-1.00000	-1.00000
19937	Bishop	Cluster	un	8854269	18	0.618644068	0.48276	0.04141	5.62819	0.31627	0.00585	-1.00000	-1.00000
19940	Bishop	Cluster	un	8855920	136	0.118644068	4.42857	0.46670	42.02293	0.64626	0.05263	-1.00000	-1.00000
19941	Bishop	Cluster	un	8856934	332	0.491833031	0.33333	0.03272	3.39531	0.47712	0.03333	-1.00000	-1.00000
19942	Bishop	Cluster	un	8857733	309	0.500000000	0.48387	0.04165	5.62086	0.31527	0.01695	-1.00000	-1.00000
19943	Bishop	Cluster	un	8858225	45	0.011308779	0.11111	0.01267	0.97465	0.95424	0.13043	-1.00000	-1.00000
19947	Bishop	Cluster	un	8859810	34	0.000175250	16.80000	3.20996	87.92641	1.22531	0.29416	-1.00000	-1.00000
19949	Bishop	Cluster	un	8861654	286	0.491264850	3.00000	0.29328	30.68711	0.47712	0.03571	-1.00000	-1.00000
19952	Bishop	Cluster	un	8864110	265	1.000000000	1.00000	0.05944	16.82259	0.00000	0.00000	-1.00000	-1.00000
19959	Bishop	Cluster	un	8866365	152	0.000000007	62.00000	7.35951	522.31744	1.79239	0.52198	-1.00000	-1.00000
19964	Bishop	Cluster	un	8867901	19	0.500000000	2.06667	0.17791	24.00734	0.31527	0.01695	-1.00000	-1.00000
19969	Bishop	Cluster	un	8869657	50	0.000000000	372.00000	31.81549	4349.58008	2.57054	0.92742	-1.00000	-1.00000
19974	Bishop	Cluster	un	8872041	51	0.464285714	0.41935	0.03596	4.89101	0.37742	0.02098	-1.00000	-1.00000
19984	Bishop	Cluster	un	8876372	237	0.444444444	0.38710	0.03311	4.52610	0.41218	0.02358	-1.00000	-1.00000
19986	Bishop	Cluster	un	8877241	286	1.000000000	0.85185	0.05042	14.39326	0.06964	0.00024	-1.00000	-1.00000
19988	Bishop	Cluster	un	8878667	120	0.237749546	4.14286	0.43577	39.38647	0.61730	0.05091	-1.00000	-1.00000
19996	Bishop	Cluster	un	8881037	36	0.000000140	50.00000	5.89389	424.16843	1.69897	0.49351	-1.00000	-1.00000
19997	Bishop	Cluster	un	8881958	129	0.000706867	16.41176	1.91356	140.75652	1.21516	0.21739	-1.00000	-1.00000
20000	Bishop	Cluster	un	8883542	123	0.297360546	1.80000	0.61699	5.25132	0.25527	0.02083	-1.00000	-1.00000
20022	Bishop	Cluster	un	8894199	412	1.000000000	1.66667	0.14261	19.47836	0.22185	0.01509	-1.00000	-1.00000
20026	Bishop	Cluster	un	8895309	53	0.491833031	3.00000	0.29452	30.55776	0.47712	0.03333	-1.00000	-1.00000
20028	Bishop	Cluster	un	8896022	13	0.245779543	0.32857	0.05824	1.85360	0.48337	0.02947	-1.00000	-1.00000
20029	Bishop	Cluster	un	8896908	95	0.240259740	0.25926	0.02721	2.47017	0.58627	0.04906	-1.00000	-1.00000
20030	Bishop	Cluster	un	8897592	142	0.021448606	0.12903	0.01454	1.14498	0.88930	0.10108	-1.00000	-1.00000
20031	Bishop	Cluster	un	8898390	60	0.208144796	0.26437	0.02576	2.71292	0.57779	0.04667	-1.00000	-1.00000
20033	Bishop	Cluster	un	8899902	61	0.482758621	0.45161	0.03880	5.25593	0.34523	0.01880	-1.00000	-1.00000
20037	Bishop	Cluster	un	8901782	280	1.000000000	1.78571	0.15251	20.90852	0.25181	0.01681	-1.00000	-1.00000
20039	Bishop	Cluster	un	8903208	23	0.245454545	0.31034	0.03040	3.16783	0.50816	0.03704	-1.00000	-1.00000
20041	Bishop	Cluster	un	8904173	141	0.491833031	0.33333	0.03272	3.39531	0.47712	0.03333	-1.00000	-1.00000
20048	Bishop	Cluster	un	8907408	20	1.000000000	1.93333	0.16614	22.49763	0.28631	0.01637	-1.00000	-1.00000
20050	Bishop	Cluster	un	8908962	43	0.500000000	2.06667	0.17791	24.00734	0.31527	0.01695	-1.00000	-1.00000
20053	Bishop	Cluster	un	8910563	58	0.245762712	3.20690	0.31542	32.60509	0.50608	0.03448	-1.00000	-1.00000
20058	Bishop	Cluster	un	8913077	261	0.444444444	0.38710	0.03311	4.52610	0.41218	0.02358	-1.00000	-1.00000
20070	Bishop	Cluster	un	8917800	104	0.185597242	0.33333	0.08583	1.29452	0.47712	0.05079	-1.00000	-1.00000
20071	Bishop	Cluster	un	8918513	6	0.500000000	0.48387	0.04165	5.62086	0.31527	0.01695	-1.00000	-1.00000
20081	Bishop	Cluster	un	8924172	61	1.000000000	1.78571	0.15251	20.90852	0.25181	0.01681	-1.00000	-1.00000
20097	Bishop	Cluster	un	8930956	101	0.013439958	0.10753	0.01203	0.96116	0.96848	0.12755	-1.00000	-1.00000
20115	Bishop	Cluster	un	8938129	204	0.117647059	4.50000	0.46992	43.09288	0.65321	0.06122	-1.00000	-1.00000
20123	Bishop	Cluster	un	8943613	99	0.001621509	0.07527	0.00886	0.63910	1.12338	0.17143	-1.00000	-1.00000
20127	Bishop	Cluster	un	8946165	152	1.000000000	1.93333	0.16614	22.49763	0.28631	0.01637	-1.00000	-1.00000
20131	Bishop	Cluster	un	8946957	137	0.000245867	0.05161	0.00606	0.43972	1.28724	0.25000	-1.00000	-1.00000
20144	Bishop	Cluster	un	8954074	350	0.500000000	0.48276	0.04141	5.62819	0.31627	0.01818	-1.00000	-1.00000
20167	Bishop	Cluster	un	8961967	42	1.000000000	0.51724	0.04445	6.01898	0.28631	0.01637	-1.00000	-1.00000
20169	Bishop	Cluster	un	8962812	148	0.118644068	0.22581	0.02380	2.14269	0.64626	0.05263	-1.00000	-1.00000
20177	Bishop	Cluster	un	8966343	454	0.490612245	3.00000	0.29185	30.83754	0.47712	0.03846	-1.00000	-1.00000
20184	Bishop	Cluster	un	8969780	54	0.235918367	0.24000	0.02500	2.30408	0.61979	0.05892	-1.00000	-1.00000
20191	Bishop	Cluster	un	8973749	59	1.000000000	1.17949	0.23845	5.83421	0.07169	0.00073	-1.00000	-1.00000
20197	Bishop	Cluster	un	8976316	208	0.617021277	0.47826	0.04043	5.65781	0.32034	0.00741	-1.00000	-1.00000
20202	Bishop	Cluster	un	8977820	83	0.091583710	0.18966	0.01978	1.81808	0.72204	0.07143	-1.00000	-1.00000
20204	Bishop	Cluster	un	8979467	69	0.464285714	2.38462	0.20446	27.81217	0.37742	0.02098	-1.00000	-1.00000
20207	Bishop	Cluster	un	8980276	25	0.083574248	0.14074	0.01520	1.30344	0.85158	0.07255	-1.00000	-1.00000
20213	Bishop	Cluster	un	8984708	366	1.000000000	1.80000	0.15437	20.98797	0.25527	0.01576	-1.00000	-1.00000
20221	Bishop	Cluster	un	8986310	365	0.118644068	4.42857	0.46670	42.02293	0.64626	0.05263	-1.00000	-1.00000
20229	Bishop	Cluster	un	8990418	497	0.500000000	0.48000	0.04081	5.64636	0.31876	0.02128	-1.00000	-1.00000
20234	Bishop	Cluster	un	8992379	58	0.000011865	27.12500	3.26693	225.21651	1.43337	0.30952	-1.00000	-1.00000
20237	Bishop	Cluster	un	8993531	462	0.500000000	0.48387	0.04165	5.62086	0.31527	0.01695	-1.00000	-1.00000
20247	Bishop	Cluster	un	8997878	158	0.093795094	5.16667	0.54173	49.27621	0.71321	0.06531	-1.00000	-1.00000
20261	Bishop	Cluster	un	9004047	58	0.237749546	0.24138	0.02539	2.29481	0.61730	0.05091	-1.00000	-1.00000
20263	Bishop	Cluster	un	9005599	32	0.093795094	5.16667	0.54173	49.27621	0.71321	0.06531	-1.00000	-1.00000
20264	Bishop	Cluster	un	9006656	345	0.192872117	4.04348	0.39475	41.41771	0.60676	0.04808	-1.00000	-1.00000
20276	Bishop	Cluster	un	9010651	251	0.481481481	0.44828	0.03837	5.23742	0.34845	0.02032	-1.00000	-1.00000
20289	Bishop	Cluster	un	9016707	42	0.005211412	0.08756	0.00998	0.76820	1.05771	0.15625	-1.00000	-1.00000
20291	Bishop	Cluster	un	9017543	92	0.000000000	899.00000	53.70762	15048.16211	2.95376	1.00000	-1.00000	-1.00000
20293	Bishop	Cluster	un	9018300	91	0.017220725	0.11828	0.01329	1.05307	0.92709	0.11312	-1.00000	-1.00000
20305	Bishop	Cluster	un	9023940	7	0.000068488	22.05882	2.65844	183.03674	1.34358	0.28000	-1.00000	-1.00000
20317	Bishop	Cluster	un	9030379	84	0.000019812	25.37500	3.05000	211.11198	1.40441	0.30233	-1.00000	-1.00000
20319	Bishop	Cluster	un	9032356	422	1.000000000	0.52000	0.04432	6.10163	0.28400	0.01884	-1.00000	-1.00000
20321	Bishop	Cluster	un	9032971	127	0.091583710	0.18966	0.01978	1.81808	0.72204	0.07143	-1.00000	-1.00000
20327	Bishop	Cluster	un	9034524	71	0.500000000	0.48387	0.04165	5.62086	0.31527	0.01695	-1.00000	-1.00000
20349	Bishop	Cluster	un	9042017	51	0.020799934	0.12644	0.01417	1.12790	0.89813	0.10989	-1.00000	-1.00000
20354	Bishop	Cluster	un	9044400	18	0.245762712	0.31183	0.03067	3.17041	0.50608	0.03448	-1.00000	-1.00000
20357	Bishop	Cluster	un	9046100	99	0.490612245	0.33333	0.03243	3.42639	0.47712	0.03846	-1.00000	-1.00000
20379	Bishop	Cluster	un	9059768	57	0.211038961	0.26882	0.02632	2.74562	0.57054	0.04274	-1.00000	-1.00000
20398	Bishop	Cluster	un	9069299	16	0.040703531	6.73913	0.73649	61.66531	0.82860	0.08876	-1.00000	-1.00000
20400	Bishop	Cluster	un	9070203	28	0.240259740	0.25926	0.02721	2.47017	0.58627	0.04906	-1.00000	-1.00000
20411	Bishop	Cluster	un	9074180	6	0.211038961	0.26882	0.02632	2.74562	0.57054	0.04274	-1.00000	-1.00000
20413	Bishop	Cluster	un	9076055	341	0.211038961	0.26882	0.02632	2.74562	0.57054	0.04274	-1.00000	-1.00000
20419	Bishop	Cluster	un	9078508	297	0.482758621	0.45161	0.03880	5.25593	0.34523	0.01880	-1.00000	-1.00000
20420	Bishop	Cluster	un	9079102	56	0.056199822	0.17419	0.01914	1.58503	0.75897	0.07143	-1.00000	-1.00000
20422	Bishop	Cluster	un	9080202	398	0.464285714	0.41935	0.03596	4.89101	0.37742	0.02098	-1.00000	-1.00000
20426	Bishop	Cluster	un	9080757	68	0.245762712	3.20690	0.31542	32.60509	0.50608	0.03448	-1.00000	-1.00000
20431	Bishop	Cluster	un	9082190	22	0.000000000	156.00000	20.34517	1196.15637	2.19312	0.72530	-1.00000	-1.00000
20433	Bishop	Cluster	un	9083945	109	0.493506494	2.79310	0.27363	28.51051	0.44609	0.03210	-1.00000	-1.00000
20438	Bishop	Cluster	un	9085486	11	0.054169360	0.16000	0.01791	1.42947	0.79588	0.09119	-1.00000	-1.00000
20439	Bishop	Cluster	un	9086311	33	1.000000000	1.00000	0.05965	16.76418	0.00000	0.00000	-1.00000	-1.00000
20440	Bishop	Cluster	un	9087127	67	0.482758621	0.45161	0.03880	5.25593	0.34523	0.01880	-1.00000	-1.00000
20446	Bishop	Cluster	un	9090467	143	0.482758621	0.45161	0.03880	5.25593	0.34523	0.01880	-1.00000	-1.00000
20449	Bishop	Cluster	un	9091109	42	0.490612245	0.33333	0.03243	3.42639	0.47712	0.03846	-1.00000	-1.00000
20457	Bishop	Cluster	un	9092665	37	0.652100840	0.53846	0.08222	3.52658	0.26885	0.00821	-1.00000	-1.00000
20458	Bishop	Cluster	un	9093430	11	0.003465046	0.08333	0.00958	0.72459	1.07918	0.17636	-1.00000	-1.00000
20463	Bishop	Cluster	un	9095083	143	0.000000000	162.50000	16.97265	1555.81152	2.21085	0.68330	-1.00000	-1.00000
20467	Bishop	Cluster	un	9096685	74	0.245762712	0.31183	0.03067	3.17041	0.50608	0.03448	-1.00000	-1.00000
20495	Bishop	Cluster	un	9104857	273	0.482758621	2.21429	0.19026	25.77014	0.34523	0.01880	-1.00000	-1.00000
20516	Bishop	Cluster	un	9112256	9	0.500000000	2.06667	0.17791	24.00734	0.31527	0.01695	-1.00000	-1.00000
20519	Bishop	Cluster	un	9113774	12	0.464285714	0.41935	0.03596	4.89101	0.37742	0.02098	-1.00000	-1.00000
20522	Bishop	Cluster	un	9114712	94	0.046799852	0.12346	0.01375	1.10819	0.90848	0.08419	-1.00000	-1.00000
20529	Bishop	Cluster	un	9116499	358	0.464285714	2.38462	0.20446	27.81217	0.37742	0.02098	-1.00000	-1.00000
20533	Bishop	Cluster	un	9117696	471	0.482758621	0.45161	0.03880	5.25593	0.34523	0.01880	-1.00000	-1.00000
20541	Bishop	Cluster	un	9121918	454	0.493212670	2.77778	0.27089	28.48358	0.44370	0.03429	-1.00000	-1.00000
20546	Bishop	Cluster	un	9124103	102	0.002188045	0.08046	0.00946	0.68454	1.09442	0.16667	-1.00000	-1.00000
20550	Bishop	Cluster	un	9126908	436	1.000000000	0.92593	0.05493	15.60790	0.03342	0.00005	-1.00000	-1.00000
20553	Bishop	Cluster	un	9127394	79	0.118644068	0.22581	0.02380	2.14269	0.64626	0.05263	-1.00000	-1.00000
20561	Bishop	Cluster	un	9131581	311	0.211038961	0.26882	0.02632	2.74562	0.57054	0.04274	-1.00000	-1.00000
20570	Bishop	Cluster	un	9135346	84	0.432629146	0.46429	0.07835	2.75141	0.33321	0.01235	-1.00000	-1.00000
20572	Bishop	Cluster	un	9136601	490	1.000000000	1.92857	0.16509	22.52900	0.28524	0.01752	-1.00000	-1.00000
20582	Bishop	Cluster	un	9140370	115	0.482758621	2.21429	0.19026	25.77014	0.34523	0.01880	-1.00000	-1.00000
20584	Bishop	Cluster	un	9141861	60	0.106170599	0.20968	0.02205	1.99431	0.67845	0.05844	-1.00000	-1.00000
20585	Bishop	Cluster	un	9142680	52	0.020799934	0.12644	0.01417	1.12790	0.89813	0.10989	-1.00000	-1.00000
20591	Bishop	Cluster	un	9145925	62	0.000000352	45.00000	5.27812	383.65939	1.65321	0.47552	-1.00000	-1.00000
20595	Bishop	Cluster	un	9147499	85	0.491833031	3.00000	0.29452	30.55776	0.47712	0.03333	-1.00000	-1.00000
20597	Bishop	Cluster	un	9148281	68	0.048259363	6.20000	0.67962	56.56101	0.79239	0.07937	-1.00000	-1.00000
20599	Bishop	Cluster	un	9150515	461	0.444444444	0.38710	0.03311	4.52610	0.41218	0.02358	-1.00000	-1.00000
20602	Bishop	Cluster	un	9152634	57	0.482758621	0.45161	0.03880	5.25593	0.34523	0.01880	-1.00000	-1.00000
20604	Bishop	Cluster	un	9153476	66	0.112852665	0.18621	0.02042	1.69763	0.73000	0.06914	-1.00000	-1.00000
20611	Bishop	Cluster	un	9155864	49	0.464285714	0.41935	0.03596	4.89101	0.37742	0.02098	-1.00000	-1.00000
20614	Bishop	Cluster	un	9157734	241	1.000000000	1.93333	0.16614	22.49763	0.28631	0.01637	-1.00000	-1.00000
20618	Bishop	Cluster	un	9160067	31	0.237749546	4.14286	0.43577	39.38647	0.61730	0.05091	-1.00000	-1.00000
20626	Bishop	Cluster	un	9162738	412	1.000000000	1.93333	0.16614	22.49763	0.28631	0.01637	-1.00000	-1.00000
20629	Bishop	Cluster	un	9163185	42	0.227113906	0.28736	0.02808	2.94037	0.54158	0.04142	-1.00000	-1.00000
20649	Bishop	Cluster	un	9173353	34	0.237749546	0.24138	0.02539	2.29481	0.61730	0.05091	-1.00000	-1.00000
20650	Bishop	Cluster	un	9174088	33	0.118644068	0.22581	0.02380	2.14269	0.64626	0.05263	-1.00000	-1.00000
20652	Bishop	Cluster	un	9175722	7	0.500000000	0.48387	0.04165	5.62086	0.31527	0.01695	-1.00000	-1.00000
20656	Bishop	Cluster	un	9178229	75	0.106170599	0.20968	0.02205	1.99431	0.67845	0.05844	-1.00000	-1.00000
20658	Bishop	Cluster	un	9179773	79	0.001540146	8.76190	2.15907	35.55741	0.94260	0.19381	-1.00000	-1.00000
20670	Bishop	Cluster	un	9183021	37	0.001621509	0.07527	0.00886	0.63910	1.12338	0.17143	-1.00000	-1.00000
20688	Bishop	Cluster	un	9189983	12	0.000221963	0.05329	0.00631	0.44975	1.27334	0.24476	-1.00000	-1.00000
20691	Bishop	Cluster	un	9191822	156	0.040703531	0.14839	0.01622	1.35779	0.82860	0.08876	-1.00000	-1.00000
20696	Bishop	Cluster	un	9193385	68	0.000006578	40.00000	4.66259	343.15671	1.60206	0.37815	-1.00000	-1.00000
20712	Bishop	Cluster	un	9200779	58	0.228675136	3.44444	0.33807	35.09441	0.53712	0.03827	-1.00000	-1.00000
20715	Bishop	Cluster	un	9202016	494	1.000000000	0.92593	0.05493	15.60790	0.03342	0.00005	-1.00000	-1.00000
20730	Bishop	Cluster	un	9207715	39	0.500000000	0.48387	0.04165	5.62086	0.31527	0.01695	-1.00000	-1.00000
20732	Bishop	Cluster	un	9209350	13	0.093795094	0.19355	0.02029	1.84594	0.71321	0.06531	-1.00000	-1.00000
20736	Bishop	Cluster	un	9210309	98	0.118644068	4.42857	0.46670	42.02293	0.64626	0.05263	-1.00000	-1.00000
20739	Bishop	Cluster	un	9210992	33	0.228675136	3.44444	0.33807	35.09441	0.53712	0.03827	-1.00000	-1.00000
20743	Bishop	Cluster	un	9212672	110	0.002836355	0.08065	0.00936	0.69479	1.09342	0.16484	-1.00000	-1.00000
20746	Bishop	Cluster	un	9214336	151	0.070187549	3.55882	0.96240	13.16008	0.55131	0.07109	-1.00000	-1.00000
20781	Bishop	Cluster	un	9230569	142	0.063665296	5.35294	0.99147	28.90064	0.72859	0.08423	-1.00000	-1.00000
20790	Bishop	Cluster	un	9232828	36	0.048259363	0.16129	0.01768	1.47141	0.79239	0.07937	-1.00000	-1.00000
20794	Bishop	Cluster	un	9234444	68	1.000000000	1.00000	0.05944	16.82259	0.00000	0.00000	-1.00000	-1.00000
20800	Bishop	Cluster	un	9236828	30	0.464285714	0.41935	0.03596	4.89101	0.37742	0.02098	-1.00000	-1.00000
20808	Bishop	Cluster	un	9239008	17	0.201543739	0.22222	0.02321	2.12804	0.65321	0.03529	-1.00000	-1.00000
20813	Bishop	Cluster	un	9240918	224	1.000000000	1.78571	0.15251	20.90852	0.25181	0.01681	-1.00000	-1.00000
20816	Bishop	Cluster	un	9242479	129	0.000616885	19.11765	2.28267	160.11241	1.28143	0.20684	-1.00000	-1.00000
20817	Bishop	Cluster	un	9243340	234	0.081599742	0.17742	0.01854	1.69757	0.75100	0.07353	-1.00000	-1.00000
20824	Bishop	Cluster	un	9246251	67	0.000911685	0.06897	0.00817	0.58216	1.16137	0.19149	-1.00000	-1.00000
20832	Bishop	Cluster	un	9249588	42	1.000000000	1.16667	0.23379	5.82182	0.06695	0.00068	-1.00000	-1.00000
20833	Bishop	Cluster	un	9250787	350	0.500000000	0.48000	0.04081	5.64636	0.31876	0.02128	-1.00000	-1.00000
20839	Bishop	Cluster	un	9252846	55	0.482758621	0.45161	0.03880	5.25593	0.34523	0.01880	-1.00000	-1.00000
20840	Bishop	Cluster	un	9253627	101	0.500000000	2.06667	0.17791	24.00734	0.31527	0.01695	-1.00000	-1.00000
20847	Bishop	Cluster	un	9255298	361	0.245762712	3.20690	0.31542	32.60509	0.50608	0.03448	-1.00000	-1.00000
20851	Bishop	Cluster	un	9257325	25	1.000000000	1.93333	0.16614	22.49763	0.28631	0.01637	-1.00000	-1.00000
20854	Bishop	Cluster	un	9258280	73	0.093795094	0.19355	0.02029	1.84594	0.71321	0.06531	-1.00000	-1.00000
20869	Bishop	Cluster	un	9264899	91	0.000000000	203.00000	21.35251	1929.93689	2.30750	0.81290	-1.00000	-1.00000
20872	Bishop	Cluster	un	9266470	33	1.000000000	0.90909	0.25189	3.28096	0.04139	0.00039	-1.00000	-1.00000
20879	Bishop	Cluster	un	9268874	213	1.000000000	1.80000	0.15437	20.98797	0.25527	0.01576	-1.00000	-1.00000
20884	Bishop	Cluster	un	9271603	362	0.245454545	0.31034	0.03040	3.16783	0.50816	0.03704	-1.00000	-1.00000
20890	Bishop	Cluster	un	9275056	73	0.211038961	3.72000	0.36422	37.99496	0.57054	0.04274	-1.00000	-1.00000
20893	Bishop	Cluster	un	9277521	84	0.237749546	4.14286	0.43577	39.38647	0.61730	0.05091	-1.00000	-1.00000
20902	Bishop	Cluster	un	9281676	110	0.007090887	0.09677	0.01108	0.84530	1.01424	0.13846	-1.00000	-1.00000
20934	Bishop	Cluster	un	9297499	137	0.000058097	28.84615	3.41998	243.30547	1.46009	0.29606	-1.00000	-1.00000
20937	Bishop	Cluster	un	9299813	49	0.211038961	0.26882	0.02632	2.74562	0.57054	0.04274	-1.00000	-1.00000
20941	Bishop	Cluster	un	9302259	155	1.000000000	1.20000	0.26572	5.41922	0.07918	0.00108	-1.00000	-1.00000
20958	Bishop	Cluster	un	9310081	51	0.021448606	7.75000	0.87337	68.77064	0.88930	0.10108	-1.00000	-1.00000
20959	Bishop	Cluster	un	9310907	48	0.228675136	3.44444	0.33807	35.09441	0.53712	0.03827	-1.00000	-1.00000
20963	Bishop	Cluster	un	9312599	108	0.118644068	4.42857	0.46670	42.02293	0.64626	0.05263	-1.00000	-1.00000
20971	Bishop	Cluster	un	9315193	337	1.000000000	1.92857	0.16509	22.52900	0.28524	0.01752	-1.00000	-1.00000
20972	Bishop	Cluster	un	9316107	403	1.000000000	1.92857	0.16509	22.52900	0.28524	0.01752	-1.00000	-1.00000
20974	Bishop	Cluster	un	9317598	155	0.464285714	0.41935	0.03596	4.89101	0.37742	0.02098	-1.00000	-1.00000
20975	Bishop	Cluster	un	9318509	272	1.000000000	1.92857	0.16509	22.52900	0.28524	0.01752	-1.00000	-1.00000
20978	Bishop	Cluster	un	9319930	60	0.500000000	0.48387	0.04165	5.62086	0.31527	0.01695	-1.00000	-1.00000
20980	Bishop	Cluster	un	9320686	11	0.228675136	0.29032	0.02849	2.95801	0.53712	0.03827	-1.00000	-1.00000
20982	Bishop	Cluster	un	9321822	329	1.000000000	1.80000	0.15437	20.98797	0.25527	0.01576	-1.00000	-1.00000
20986	Bishop	Cluster	un	9322402	59	0.500000000	0.48387	0.04165	5.62086	0.31527	0.01695	-1.00000	-1.00000
20987	Bishop	Cluster	un	9323235	20	0.011860352	8.68000	1.00047	75.30706	0.93852	0.11111	-1.00000	-1.00000
20995	Bishop	Cluster	un	9327279	98	0.500000000	2.06667	0.17791	24.00734	0.31527	0.01695	-1.00000	-1.00000
21000	Bishop	Cluster	un	9330492	32	0.500000000	2.06667	0.17791	24.00734	0.31527	0.01695	-1.00000	-1.00000
21004	Bishop	Cluster	un	9332998	224	0.118181818	4.46154	0.46819	42.51565	0.64948	0.05660	-1.00000	-1.00000
21015	Bishop	Cluster	un	9338203	26	0.003714274	0.08621	0.00999	0.74418	1.06446	0.16039	-1.00000	-1.00000
21036	Bishop	Cluster	un	9347570	36	1.000000000	1.80000	0.15437	20.98797	0.25527	0.01576	-1.00000	-1.00000
21037	Bishop	Cluster	un	9348259	7	0.228675136	3.44444	0.33807	35.09441	0.53712	0.03827	-1.00000	-1.00000
21044	Bishop	Cluster	un	9352392	69	1.000000000	1.93333	0.16614	22.49763	0.28631	0.01637	-1.00000	-1.00000
21053	Bishop	Cluster	un	9357364	101	0.040703531	0.14839	0.01622	1.35779	0.82860	0.08876	-1.00000	-1.00000
21065	Bishop	Cluster	un	9364805	125	0.245762712	3.20690	0.31542	32.60509	0.50608	0.03448	-1.00000	-1.00000
21080	Bishop	Cluster	un	9370219	16	0.000000380	40.53846	4.87439	337.14285	1.60787	0.40816	-1.00000	-1.00000
21089	Bishop	Cluster	un	9374936	31	0.062498605	3.11111	1.05476	9.17654	0.49292	0.07501	-1.00000	-1.00000
21092	Bishop	Cluster	un	9376618	76	0.106170599	0.20968	0.02205	1.99431	0.67845	0.05844	-1.00000	-1.00000
21108	Bishop	Cluster	un	9384006	32	0.118644068	4.42857	0.46670	42.02293	0.64626	0.05263	-1.00000	-1.00000
21140	Bishop	Cluster	un	9397589	13	0.000000972	35.13334	4.26403	289.47968	1.54572	0.36364	-1.00000	-1.00000
21158	Bishop	Cluster	un	9406458	56	0.782696923	1.20000	0.39176	3.67568	0.07918	0.00204	-1.00000	-1.00000
21164	Bishop	Cluster	un	9409762	104	0.618181818	2.07692	0.17741	24.31412	0.31742	0.00629	-1.00000	-1.00000
21182	Bishop	Cluster	un	9417508	135	0.000000513	41.72727	4.93302	352.96133	1.62042	0.44444	-1.00000	-1.00000
21189	Bishop	Cluster	un	9419960	218	0.482758621	2.21429	0.19026	25.77014	0.34523	0.01880	-1.00000	-1.00000
21192	Bishop	Cluster	un	9420511	130	0.500000000	2.06667	0.17791	24.00734	0.31527	0.01695	-1.00000	-1.00000
21195	Bishop	Cluster	un	9422166	144	0.245762712	3.20690	0.31542	32.60509	0.50608	0.03448	-1.00000	-1.00000
21196	Bishop	Cluster	un	9423184	342	0.481481481	0.44828	0.03837	5.23742	0.34845	0.02032	-1.00000	-1.00000
21203	Bishop	Cluster	un	9425357	156	0.056199822	5.74074	0.63090	52.23658	0.75897	0.07143	-1.00000	-1.00000
21204	Bishop	Cluster	un	9425984	25	0.056199822	0.17419	0.01914	1.58503	0.75897	0.07143	-1.00000	-1.00000
21214	Bishop	Cluster	un	9429073	126	0.482758621	2.21429	0.19026	25.77014	0.34523	0.01880	-1.00000	-1.00000
21217	Bishop	Cluster	un	9429892	122	0.004916860	0.09259	0.01070	0.80113	1.03342	0.15556	-1.00000	-1.00000
21218	Bishop	Cluster	un	9430794	215	0.239819005	3.84615	0.40172	36.82394	0.58503	0.05248	-1.00000	-1.00000
21226	Bishop	Cluster	un	9434536	72	0.000037176	19.09091	3.73309	97.63026	1.28083	0.30631	-1.00000	-1.00000
21227	Bishop	Cluster	un	9435401	146	0.500000000	0.48387	0.04165	5.62086	0.31527	0.01695	-1.00000	-1.00000
21228	Bishop	Cluster	un	9435990	8	1.000000000	1.93333	0.16614	22.49763	0.28631	0.01637	-1.00000	-1.00000
21230	Bishop	Cluster	un	9437199	420	1.000000000	0.51852	0.04439	6.05718	0.28524	0.01752	-1.00000	-1.00000
21234	Bishop	Cluster	un	9437582	25	0.008914258	0.10345	0.01182	0.90538	0.98528	0.13462	-1.00000	-1.00000
21235	Bishop	Cluster	un	9438601	269	1.000000000	0.51724	0.04445	6.01898	0.28631	0.01637	-1.00000	-1.00000
21249	Bishop	Cluster	un	9445376	208	0.482758621	0.45161	0.03880	5.25593	0.34523	0.01880	-1.00000	-1.00000
21251	Bishop	Cluster	un	9446171	153	0.228675136	0.29032	0.02849	2.95801	0.53712	0.03827	-1.00000	-1.00000
21262	Bishop	Cluster	un	9449816	10	0.228675136	3.44444	0.33807	35.09441	0.53712	0.03827	-1.00000	-1.00000
21273	Bishop	Cluster	un	9454602	293	1.000000000	1.80000	0.15437	20.98797	0.25527	0.01576	-1.00000	-1.00000
21275	Bishop	Cluster	un	9456163	254	0.464285714	0.41935	0.03596	4.89101	0.37742	0.02098	-1.00000	-1.00000
21279	Bishop	Cluster	un	9457545	114	0.120255746	4.62963	0.50538	42.41049	0.66555	0.06400	-1.00000	-1.00000
21290	Bishop	Cluster	un	9461575	86	0.025378648	7.56000	0.86769	65.86901	0.87852	0.10400	-1.00000	-1.00000
21296	Bishop	Cluster	un	9463536	262	0.481481481	2.23077	0.19093	26.06312	0.34845	0.02032	-1.00000	-1.00000
21301	Bishop	Cluster	un	9465786	12	0.482758621	0.45161	0.03880	5.25593	0.34523	0.01880	-1.00000	-1.00000
21318	Bishop	Cluster	un	9474019	131	0.039250162	0.14483	0.01574	1.33255	0.83915	0.09722	-1.00000	-1.00000
21335	Bishop	Cluster	un	9478114	97	0.118644068	0.22581	0.02380	2.14269	0.64626	0.05263	-1.00000	-1.00000
21338	Bishop	Cluster	un	9480192	438	0.211038961	0.26882	0.02632	2.74562	0.57054	0.04274	-1.00000	-1.00000
21340	Bishop	Cluster	un	9480719	119	0.044019031	3.82353	1.04850	13.94320	0.58246	0.08140	-1.00000	-1.00000
21348	Bishop	Cluster	un	9482381	154	0.500000000	2.07143	0.17768	24.14955	0.31627	0.01818	-1.00000	-1.00000
21355	Bishop	Cluster	un	9486037	503	0.481481481	0.44828	0.03837	5.23742	0.34845	0.02032	-1.00000	-1.00000
21357	Bishop	Cluster	un	9487307	139	0.000000730	37.92308	4.55073	316.02829	1.57890	0.40000	-1.00000	-1.00000
21360	Bishop	Cluster	un	9489805	202	0.444444444	0.38710	0.03311	4.52610	0.41218	0.02358	-1.00000	-1.00000
21363	Bishop	Cluster	un	9491244	95	0.000043173	0.04233	0.00508	0.35297	1.37337	0.29443	-1.00000	-1.00000
21367	Bishop	Cluster	un	9492869	66	0.004675001	0.08812	0.01040	0.74695	1.05491	0.14933	-1.00000	-1.00000
21369	Bishop	Cluster	un	9494738	290	0.461538462	0.41379	0.03533	4.84665	0.38322	0.02288	-1.00000	-1.00000
21372	Bishop	Cluster	un	9495228	32	0.000587549	0.06207	0.00732	0.52657	1.20713	0.21538	-1.00000	-1.00000
21382	Bishop	Cluster	un	9500242	48	0.000144217	19.33333	2.31339	161.57144	1.28631	0.24444	-1.00000	-1.00000
21385	Bishop	Cluster	un	9502666	32	0.245762712	3.20690	0.31542	32.60509	0.50608	0.03448	-1.00000	-1.00000
21386	Bishop	Cluster	un	9503784	331	0.481481481	0.44828	0.03837	5.23742	0.34845	0.02032	-1.00000	-1.00000
21387	Bishop	Cluster	un	9504582	360	1.000000000	0.86207	0.05123	14.50627	0.06446	0.00019	-1.00000	-1.00000
21388	Bishop	Cluster	un	9505491	443	0.500000000	0.48148	0.04113	5.63661	0.31742	0.01961	-1.00000	-1.00000
21397	Bishop	Cluster	un	9508973	63	0.701408324	0.66667	0.13530	3.28479	0.17609	0.00432	-1.00000	-1.00000
21399	Bishop	Cluster	un	9510726	132	1.000000000	0.51852	0.04439	6.05718	0.28524	0.01752	-1.00000	-1.00000
21405	Bishop	Cluster	un	9513208	211	0.482758621	0.45161	0.03880	5.25593	0.34523	0.01880	-1.00000	-1.00000
21412	Bishop	Cluster	un	9517048	221	0.500000000	2.06667	0.17791	24.00734	0.31527	0.01695	-1.00000	-1.00000
21413	Bishop	Cluster	un	9517805	109	0.211038961	0.26882	0.02632	2.74562	0.57054	0.04274	-1.00000	-1.00000
21417	Bishop	Cluster	un	9519294	31	0.054169360	6.25000	0.69956	55.83867	0.79588	0.09119	-1.00000	-1.00000
21421	Bishop	Cluster	un	9522518	44	0.500000000	0.48276	0.04141	5.62819	0.31627	0.01818	-1.00000	-1.00000
21425	Bishop	Cluster	un	9525123	297	0.500000000	0.48276	0.04141	5.62819	0.31627	0.01818	-1.00000	-1.00000
21428	Bishop	Cluster	un	9527292	44	0.021448606	7.75000	0.87337	68.77064	0.88930	0.10108	-1.00000	-1.00000
21439	Bishop	Cluster	un	9531977	86	0.228675136	3.44444	0.33807	35.09441	0.53712	0.03827	-1.00000	-1.00000
21453	Bishop	Cluster	un	9538069	9	0.083574248	7.10526	0.76720	65.80408	0.85158	0.07255	-1.00000	-1.00000
21457	Bishop	Cluster	un	9540658	105	1.000000000	0.93103	0.05544	15.63520	0.03103	0.00004	-1.00000	-1.00000
21465	Bishop	Cluster	un	9541373	20	0.036249372	0.10345	0.01149	0.93103	0.98528	0.10274	-1.00000	-1.00000
21470	Bishop	Cluster	un	9545212	76	1.000000000	1.00000	0.05965	16.76418	0.00000	0.00000	-1.00000	-1.00000
21476	Bishop	Cluster	un	9550121	135	0.500000000	0.48387	0.04165	5.62086	0.31527	0.01695	-1.00000	-1.00000
21479	Bishop	Cluster	un	9552038	488	0.464285714	0.41935	0.03596	4.89101	0.37742	0.02098	-1.00000	-1.00000
21486	Bishop	Cluster	un	9554830	88	0.118644068	4.42857	0.46670	42.02293	0.64626	0.05263	-1.00000	-1.00000
21502	Bishop	Cluster	un	9561582	388	0.481481481	0.44828	0.03837	5.23742	0.34845	0.02032	-1.00000	-1.00000
21510	Bishop	Cluster	un	9566054	21	0.093795094	0.19355	0.02029	1.84594	0.71321	0.06531	-1.00000	-1.00000
21516	Bishop	Cluster	un	9568585	115	0.000009385	29.00000	3.45766	243.22809	1.46240	0.34146	-1.00000	-1.00000
21517	Bishop	Cluster	un	9569365	81	0.000000320	41.66667	4.98593	348.20227	1.61979	0.43429	-1.00000	-1.00000
21521	Bishop	Cluster	un	9571750	217	0.491833031	3.00000	0.29452	30.55776	0.47712	0.03333	-1.00000	-1.00000
21525	Bishop	Cluster	un	9573646	439	1.000000000	1.92308	0.16389	22.56519	0.28400	0.01884	-1.00000	-1.00000
21529	Bishop	Cluster	un	9576529	81	0.000001470	24.42857	5.59219	106.71227	1.38790	0.41489	-1.00000	-1.00000
21541	Bishop	Cluster	un	9578377	305	0.500000000	2.07143	0.17768	24.14955	0.31627	0.01818	-1.00000	-1.00000
21547	Bishop	Cluster	un	9581690	447	1.000000000	1.07407	0.06396	18.03732	0.03103	0.00004	-1.00000	-1.00000
21550	Bishop	Cluster	un	9582963	200	1.000000000	0.52000	0.04432	6.10163	0.28400	0.01884	-1.00000	-1.00000
21555	Bishop	Cluster	un	9585355	67	0.025310124	7.36364	0.82361	65.83572	0.86709	0.10638	-1.00000	-1.00000
21576	Bishop	Cluster	un	9593678	264	0.245098039	0.30864	0.03010	3.16484	0.51055	0.04000	-1.00000	-1.00000
21580	Bishop	Cluster	un	9594968	30	0.000005503	0.03226	0.00385	0.27001	1.49136	0.34884	-1.00000	-1.00000
21594	Bishop	Cluster	un	9601092	33	0.500000000	2.06667	0.17791	24.00734	0.31527	0.01695	-1.00000	-1.00000
21618	Bishop	Cluster	un	9609470	123	0.500000000	0.48387	0.04165	5.62086	0.31527	0.01695	-1.00000	-1.00000
21626	Bishop	Cluster	un	9614408	216	0.500000000	2.06667	0.17791	24.00734	0.31527	0.01695	-1.00000	-1.00000
21627	Bishop	Cluster	un	9615018	13	0.055746141	5.80000	0.63455	53.01424	0.76343	0.07692	-1.00000	-1.00000
21638	Bishop	Cluster	un	9619082	56	0.000123973	0.04702	0.00553	0.39964	1.32770	0.27778	-1.00000	-1.00000
21644	Bishop	Cluster	un	9621821	300	0.245454545	0.31034	0.03040	3.16783	0.50816	0.03704	-1.00000	-1.00000
21646	Bishop	Cluster	un	9623375	90	0.281402417	2.55556	0.56062	11.64942	0.40749	0.03064	-1.00000	-1.00000
21647	Bishop	Cluster	un	9624117	36	0.102859605	0.27536	0.06517	1.16343	0.56010	0.06132	-1.00000	-1.00000
21654	Bishop	Cluster	un	9628233	104	0.500000000	2.06667	0.17791	24.00734	0.31527	0.01695	-1.00000	-1.00000
21655	Bishop	Cluster	un	9629166	238	0.481481481	0.44828	0.03837	5.23742	0.34845	0.02032	-1.00000	-1.00000
21667	Bishop	Cluster	un	9634568	104	0.500000000	2.06667	0.17791	24.00734	0.31527	0.01695	-1.00000	-1.00000
21670	Bishop	Cluster	un	9635380	146	0.026092774	0.13978	0.01580	1.23690	0.85454	0.09091	-1.00000	-1.00000
21675	Bishop	Cluster	un	9637747	252	1.000000000	1.80000	0.15437	20.98797	0.25527	0.01576	-1.00000	-1.00000
21685	Bishop	Cluster	un	9641462	91	0.228675136	3.44444	0.33807	35.09441	0.53712	0.03827	-1.00000	-1.00000
21690	Bishop	Cluster	un	9643252	220	0.461538462	0.41379	0.03533	4.84665	0.38322	0.02288	-1.00000	-1.00000
21693	Bishop	Cluster	un	9644682	20	0.118644068	0.22581	0.02380	2.14269	0.64626	0.05263	-1.00000	-1.00000
21701	Bishop	Cluster	un	9647038	146	0.001752959	7.72727	2.07578	28.76540	0.88803	0.20028	-1.00000	-1.00000
21709	Bishop	Cluster	un	9650127	34	0.000251499	17.94737	2.14284	150.31827	1.25400	0.22321	-1.00000	-1.00000
21712	Bishop	Cluster	un	9651773	42	0.579100145	0.37931	0.03229	4.45591	0.42101	0.01176	-1.00000	-1.00000
21716	Bishop	Cluster	un	9654110	43	0.056199822	5.74074	0.63090	52.23658	0.75897	0.07143	-1.00000	-1.00000
21724	Bishop	Cluster	un	9658056	11	0.115317596	5.00000	0.54722	45.68572	0.69897	0.06667	-1.00000	-1.00000
21741	Bishop	Cluster	un	9664400	284	0.117021277	4.54545	0.47195	43.77839	0.65758	0.06667	-1.00000	-1.00000
21742	Bishop	Cluster	un	9664999	56	0.000017296	0.03722	0.00444	0.31176	1.42921	0.31469	-1.00000	-1.00000
21745	Bishop	Cluster	un	9667536	162	0.500000000	0.48148	0.04113	5.63661	0.31742	0.01961	-1.00000	-1.00000
21755	Bishop	Cluster	un	9672225	80	0.208144796	3.78261	0.36861	38.81679	0.57779	0.04667	-1.00000	-1.00000
21788	Bishop	Cluster	un	9686230	311	0.481481481	0.44828	0.03837	5.23742	0.34845	0.02032	-1.00000	-1.00000
21790	Bishop	Cluster	un	9686798	38	0.010968168	9.21053	1.04264	81.36432	0.96428	0.14286	-1.00000	-1.00000
21804	Bishop	Cluster	un	9692883	446	0.106170599	0.20968	0.02205	1.99431	0.67845	0.05844	-1.00000	-1.00000
21806	Bishop	Cluster	un	9693291	21	0.026092774	0.13978	0.01580	1.23690	0.85454	0.09091	-1.00000	-1.00000
21824	Bishop	Cluster	un	9698690	35	0.056199822	0.17419	0.01914	1.58503	0.75897	0.07143	-1.00000	-1.00000
21826	Bishop	Cluster	un	9699629	107	0.055746141	5.80000	0.63455	53.01424	0.76343	0.07692	-1.00000	-1.00000
21835	Bishop	Cluster	un	9705096	11	0.482758621	2.21429	0.19026	25.77014	0.34523	0.01880	-1.00000	-1.00000
21837	Bishop	Cluster	un	9706187	322	0.227113906	0.28736	0.02808	2.94037	0.54158	0.04142	-1.00000	-1.00000
21839	Bishop	Cluster	un	9707208	490	1.000000000	0.52000	0.04432	6.10163	0.28400	0.01884	-1.00000	-1.00000
21845	Bishop	Cluster	un	9708798	340	1.000000000	1.00000	0.05965	16.76418	0.00000	0.00000	-1.00000	-1.00000
21847	Bishop	Cluster	un	9709379	124	0.612440191	3.00000	0.29328	30.68711	0.47712	0.01607	-1.00000	-1.00000
21856	Bishop	Cluster	un	9713358	31	0.245762712	0.31183	0.03067	3.17041	0.50608	0.03448	-1.00000	-1.00000
21859	Bishop	Cluster	un	9715139	100	0.106170599	0.20968	0.02205	1.99431	0.67845	0.05844	-1.00000	-1.00000
21867	Bishop	Cluster	un	9718443	242	0.103265306	4.90909	0.51099	47.16195	0.69100	0.06915	-1.00000	-1.00000
21869	Bishop	Cluster	un	9719012	12	0.004684883	6.00000	1.79815	20.02062	0.77815	0.17491	-1.00000	-1.00000
21871	Bishop	Cluster	un	9720705	44	0.237749546	0.24138	0.02539	2.29481	0.61730	0.05091	-1.00000	-1.00000
21874	Bishop	Cluster	un	9722294	14	0.052549084	6.69231	0.75483	59.33385	0.82558	0.08805	-1.00000	-1.00000
21879	Bishop	Cluster	un	9724041	61	0.500000000	0.48276	0.04141	5.62819	0.31627	0.01818	-1.00000	-1.00000
21882	Bishop	Cluster	un	9726884	398	0.481481481	0.44828	0.03837	5.23742	0.34845	0.02032	-1.00000	-1.00000
21890	Bishop	Cluster	un	9731318	61	0.010050659	10.00000	1.15273	86.75040	1.00000	0.15027	-1.00000	-1.00000
21893	Bishop	Cluster	un	9733840	117	0.000000000	961.00000	57.49875	16061.58301	2.98272	1.00000	-1.00000	-1.00000
21902	Bishop	Cluster	un	9737726	126	0.363003806	1.97143	0.56877	6.83317	0.29478	0.02011	-1.00000	-1.00000
21903	Bishop	Cluster	un	9738420	23	0.008914258	0.10345	0.01182	0.90538	0.98528	0.13462	-1.00000	-1.00000
21908	Bishop	Cluster	un	9741158	344	1.000000000	0.56000	0.04783	6.55691	0.25181	0.01681	-1.00000	-1.00000
21911	Bishop	Cluster	un	9741667	15	0.000394326	9.27273	2.52160	34.09873	0.96721	0.22993	-1.00000	-1.00000
21966	Bishop	Cluster	un	9762200	148	0.000131101	19.84211	2.39444	164.42612	1.29759	0.24348	-1.00000	-1.00000
21969	Bishop	Cluster	un	9764704	224	1.000000000	1.92857	0.16509	22.52900	0.28524	0.01752	-1.00000	-1.00000
21977	Bishop	Cluster	un	9768916	386	0.225306122	0.28395	0.02761	2.92002	0.54676	0.04514	-1.00000	-1.00000
21986	Bishop	Cluster	un	9773446	7	0.000648604	0.06452	0.00766	0.54351	1.19033	0.19679	-1.00000	-1.00000
21998	Bishop	Cluster	un	9778279	77	0.106170599	0.20968	0.02205	1.99431	0.67845	0.05844	-1.00000	-1.00000
21999	Bishop	Cluster	un	9779139	140	0.040703531	0.14839	0.01622	1.35779	0.82860	0.08876	-1.00000	-1.00000
22002	Bishop	Cluster	un	9780867	95	0.005641550	8.41177	1.66854	42.40709	0.92489	0.15077	-1.00000	-1.00000
22013	Bishop	Cluster	un	9784164	133	0.195404893	5.40000	0.58948	49.46759	0.73239	0.04617	-1.00000	-1.00000
22015	Bishop	Cluster	un	9784891	31	0.228675136	3.44444	0.33807	35.09441	0.53712	0.03827	-1.00000	-1.00000
22019	Bishop	Cluster	un	9786588	101	0.245762712	0.31183	0.03067	3.17041	0.50608	0.03448	-1.00000	-1.00000
22039	Bishop	Cluster	un	9795427	60	0.362176628	3.22222	0.31567	32.89072	0.50816	0.01786	-1.00000	-1.00000
22040	Bishop	Cluster	un	9796225	37	0.048259363	6.20000	0.67962	56.56101	0.79239	0.07937	-1.00000	-1.00000
22041	Bishop	Cluster	un	9796937	42	1.000000000	1.93333	0.16614	22.49763	0.28631	0.01637	-1.00000	-1.00000
22046	Bishop	Cluster	un	9799407	121	0.482758621	0.45161	0.03880	5.25593	0.34523	0.01880	-1.00000	-1.00000
22059	Bishop	Cluster	un	9805357	496	0.500000000	0.48000	0.04081	5.64636	0.31876	0.02128	-1.00000	-1.00000
22060	Bishop	Cluster	un	9805774	60	0.245762712	0.31183	0.03067	3.17041	0.50608	0.03448	-1.00000	-1.00000
22062	Bishop	Cluster	un	9807399	61	0.069543268	3.75000	1.01313	13.88019	0.57403	0.08003	-1.00000	-1.00000
22070	Bishop	Cluster	un	9810739	232	0.461538462	0.41379	0.03533	4.84665	0.38322	0.02288	-1.00000	-1.00000
22071	Bishop	Cluster	un	9811306	13	0.482758621	0.45161	0.03880	5.25593	0.34523	0.01880	-1.00000	-1.00000
22075	Bishop	Cluster	un	9813864	249	0.464285714	2.38462	0.20446	27.81217	0.37742	0.02098	-1.00000	-1.00000
22076	Bishop	Cluster	un	9814839	337	0.500000000	0.48276	0.04141	5.62819	0.31627	0.01818	-1.00000	-1.00000
22085	Bishop	Cluster	un	9818118	261	0.482758621	0.45161	0.03880	5.25593	0.34523	0.01880	-1.00000	-1.00000
22106	Bishop	Cluster	un	9824198	28	0.584891037	1.45833	0.48822	4.35609	0.16386	0.00849	-1.00000	-1.00000
22108	Bishop	Cluster	un	9825836	119	0.227113906	0.28736	0.02808	2.94037	0.54158	0.04142	-1.00000	-1.00000
22109	Bishop	Cluster	un	9826757	268	1.000000000	1.92308	0.16389	22.56519	0.28400	0.01884	-1.00000	-1.00000
22113	Bishop	Cluster	un	9828271	77	0.490612245	3.00000	0.29185	30.83754	0.47712	0.03846	-1.00000	-1.00000
22122	Bishop	Cluster	un	9832273	25	1.000000000	1.15000	0.30799	4.29398	0.06070	0.00075	-1.00000	-1.00000
22129	Bishop	Cluster	un	9835650	54	0.048259363	6.20000	0.67962	56.56101	0.79239	0.07937	-1.00000	-1.00000
22145	Bishop	Cluster	un	9842278	70	0.048259363	6.20000	0.67962	56.56101	0.79239	0.07937	-1.00000	-1.00000
22151	Bishop	Cluster	un	9845513	60	0.464285714	0.41935	0.03596	4.89101	0.37742	0.02098	-1.00000	-1.00000
22153	Bishop	Cluster	un	9847229	151	1.000000000	1.93333	0.16614	22.49763	0.28631	0.01637	-1.00000	-1.00000
22154	Bishop	Cluster	un	9847928	71	0.586807972	1.37879	0.45293	4.19727	0.13950	0.00641	-1.00000	-1.00000
22159	Bishop	Cluster	un	9850386	134	0.482758621	0.45161	0.03880	5.25593	0.34523	0.01880	-1.00000	-1.00000
22167	Bishop	Cluster	un	9853325	10	0.237749546	4.14286	0.43577	39.38647	0.61730	0.05091	-1.00000	-1.00000
22172	Bishop	Cluster	un	9855732	27	0.118644068	4.42857	0.46670	42.02293	0.64626	0.05263	-1.00000	-1.00000
22175	Bishop	Cluster	un	9857473	60	0.118644068	0.22581	0.02380	2.14269	0.64626	0.05263	-1.00000	-1.00000
22191	Bishop	Cluster	un	9864667	205	0.461538462	0.41379	0.03533	4.84665	0.38322	0.02288	-1.00000	-1.00000
22202	Bishop	Cluster	un	9868827	405	1.000000000	0.92593	0.05493	15.60790	0.03342	0.00005	-1.00000	-1.00000
22215	Bishop	Cluster	un	9875015	89	0.000000007	65.44444	7.67302	558.18658	1.81587	0.54656	-1.00000	-1.00000
22216	Bishop	Cluster	un	9875884	96	0.211038961	0.26882	0.02632	2.74562	0.57054	0.04274	-1.00000	-1.00000
22217	Bishop	Cluster	un	9876499	137	0.245762712	3.20690	0.31542	32.60509	0.50608	0.03448	-1.00000	-1.00000
22227	Bishop	Cluster	un	9879265	414	0.500000000	0.48387	0.04165	5.62086	0.31527	0.01695	-1.00000	-1.00000
22230	Bishop	Cluster	un	9880834	318	0.461538462	0.41379	0.03533	4.84665	0.38322	0.02288	-1.00000	-1.00000
22231	Bishop	Cluster	un	9881774	307	0.500000000	2.07692	0.17741	24.31412	0.31742	0.01961	-1.00000	-1.00000
22234	Bishop	Cluster	un	9883003	79	0.021448606	7.75000	0.87337	68.77064	0.88930	0.10108	-1.00000	-1.00000
22244	Bishop	Cluster	un	9886232	113	1.000000000	1.00000	0.05965	16.76418	0.00000	0.00000	-1.00000	-1.00000
22246	Bishop	Cluster	un	9887743	80	0.500000000	2.06667	0.17791	24.00734	0.31527	0.01695	-1.00000	-1.00000
22249	Bishop	Cluster	un	9889379	47	0.500000000	0.48276	0.04141	5.62819	0.31627	0.01818	-1.00000	-1.00000
22250	Bishop	Cluster	un	9890315	121	0.003937952	0.08871	0.01034	0.76118	1.05203	0.14706	-1.00000	-1.00000
22252	Bishop	Cluster	un	9892090	278	0.245454545	3.22222	0.31567	32.89072	0.50816	0.03704	-1.00000	-1.00000
22254	Bishop	Cluster	un	9892642	9	0.000146093	14.00000	3.19408	61.36346	1.14613	0.30672	-1.00000	-1.00000
22267	Bishop	Cluster	un	9896595	32	0.228675136	3.44444	0.33807	35.09441	0.53712	0.03827	-1.00000	-1.00000
22273	Bishop	Cluster	un	9901046	451	1.000000000	0.92593	0.05493	15.60790	0.03342	0.00005	-1.00000	-1.00000
22280	Bishop	Cluster	un	9901527	94	0.000003619	30.60000	3.69772	253.22614	1.48572	0.34667	-1.00000	-1.00000
22282	Bishop	Cluster	un	9902381	119	0.493506494	2.79310	0.27363	28.51051	0.44609	0.03210	-1.00000	-1.00000
22292	Bishop	Cluster	un	9904854	137	0.056724350	3.17582	1.01718	9.91552	0.50186	0.07563	-1.00000	-1.00000
22298	Bishop	Cluster	un	9907368	154	0.500000000	0.48387	0.04165	5.62086	0.31527	0.01695	-1.00000	-1.00000
22301	Bishop	Cluster	un	9908891	14	0.432629146	0.46429	0.07835	2.75141	0.33321	0.01235	-1.00000	-1.00000
22305	Bishop	Cluster	un	9909774	38	0.106170599	0.20968	0.02205	1.99431	0.67845	0.05844	-1.00000	-1.00000
22308	Bishop	Cluster	un	9911688	240	0.500000000	0.48276	0.04141	5.62819	0.31627	0.01818	-1.00000	-1.00000
22311	Bishop	Cluster	un	9913077	118	0.093795094	0.19355	0.02029	1.84594	0.71321	0.06531	-1.00000	-1.00000
22319	Bishop	Cluster	un	9915418	55	1.000000000	1.93333	0.16614	22.49763	0.28631	0.01637	-1.00000	-1.00000
22320	Bishop	Cluster	un	9916189	15	0.151342756	2.65909	0.83619	8.45588	0.42473	0.05609	-1.00000	-1.00000
22323	Bishop	Cluster	un	9917133	15	0.118644068	0.22581	0.02380	2.14269	0.64626	0.05263	-1.00000	-1.00000
22349	Bishop	Cluster	un	9925793	153	0.000000221	42.38462	5.11476	351.22974	1.62721	0.42000	-1.00000	-1.00000
22374	Bishop	Cluster	un	9935005	107	0.048259363	0.16129	0.01768	1.47141	0.79239	0.07937	-1.00000	-1.00000
22377	Bishop	Cluster	un	9935802	20	0.056199822	5.74074	0.63090	52.23658	0.75897	0.07143	-1.00000	-1.00000
22385	Bishop	Cluster	un	9940755	120	0.118644068	4.42857	0.46670	42.02293	0.64626	0.05263	-1.00000	-1.00000
22387	Bishop	Cluster	un	9942611	262	1.000000000	1.00000	0.05965	16.76418	0.00000	0.00000	-1.00000	-1.00000
22402	Bishop	Cluster	un	9948587	362	0.245454545	3.22222	0.31567	32.89072	0.50816	0.03704	-1.00000	-1.00000
22406	Bishop	Cluster	un	9950224	385	1.000000000	1.07407	0.06396	18.03732	0.03103	0.00004	-1.00000	-1.00000
22422	Bishop	Cluster	un	9956427	195	1.000000000	1.92857	0.16509	22.52900	0.28524	0.01752	-1.00000	-1.00000
22423	Bishop	Cluster	un	9957339	363	1.000000000	1.80000	0.15437	20.98797	0.25527	0.01576	-1.00000	-1.00000
22426	Bishop	Cluster	un	9958948	334	0.500000000	2.07143	0.17768	24.14955	0.31627	0.01818	-1.00000	-1.00000
22429	Bishop	Cluster	un	9960360	107	0.002542185	15.62500	1.82133	134.04559	1.19382	0.17960	-1.00000	-1.00000
22438	Bishop	Cluster	un	9964417	34	0.000000003	75.00000	8.70990	645.81714	1.87506	0.59355	-1.00000	-1.00000
22442	Bishop	Cluster	un	9966394	417	0.245762712	0.31183	0.03067	3.17041	0.50608	0.03448	-1.00000	-1.00000
22445	Bishop	Cluster	un	9968330	46	0.000006472	29.00000	3.51409	239.32196	1.46240	0.32558	-1.00000	-1.00000
22447	Bishop	Cluster	un	9970143	147	0.482758621	2.21429	0.19026	25.77014	0.34523	0.01880	-1.00000	-1.00000
22457	Bishop	Cluster	un	9974186	82	0.000000604	42.27273	4.98376	358.56158	1.62606	0.43750	-1.00000	-1.00000
22460	Bishop	Cluster	un	9975222	290	0.500000000	0.48000	0.04081	5.64636	0.31876	0.02128	-1.00000	-1.00000
22461	Bishop	Cluster	un	9975765	27	0.025636778	5.20833	1.24052	21.86730	0.71670	0.10516	-1.00000	-1.00000
22468	Bishop	Cluster	un	9979886	156	0.000001258	35.42857	4.26700	294.16031	1.54935	0.37375	-1.00000	-1.00000
22469	Bishop	Cluster	un	9980625	92	0.016453127	5.14286	1.38823	19.05232	0.71120	0.12160	-1.00000	-1.00000
22492	Bishop	Cluster	un	9988592	108	0.482758621	0.45161	0.03880	5.25593	0.34523	0.01880	-1.00000	-1.00000
22496	Bishop	Cluster	un	9990090	145	0.118644068	0.22581	0.02380	2.14269	0.64626	0.05263	-1.00000	-1.00000
22498	Bishop	Cluster	un	9990882	128	0.780634583	1.25000	0.40990	3.81189	0.09691	0.00296	-1.00000	-1.00000
22504	Bishop	Cluster	un	9992568	296	0.491833031	3.00000	0.29452	30.55776	0.47712	0.03333	-1.00000	-1.00000
22510	Bishop	Cluster	un	9993939	119	0.056199822	5.74074	0.63090	52.23658	0.75897	0.07143	-1.00000	-1.00000
22514	Bishop	Cluster	un	9994862	204	0.500000000	2.06667	0.17791	24.00734	0.31527	0.01695	-1.00000	-1.00000
22530	Bishop	Cluster	un	10004272	225	0.481481481	0.44828	0.03837	5.23742	0.34845	0.02032	-1.00000	-1.00000
22551	Bishop	Cluster	un	10012457	379	0.500000000	0.48000	0.04081	5.64636	0.31876	0.02128	-1.00000	-1.00000
22559	Bishop	Cluster	un	10015598	133	0.056666126	0.13793	0.01551	1.22635	0.86034	0.06739	-1.00000	-1.00000
22562	Bishop	Cluster	un	10018106	61	0.228675136	3.44444	0.33807	35.09441	0.53712	0.03827	-1.00000	-1.00000
22576	Bishop	Cluster	un	10024158	271	0.461538462	0.41379	0.03533	4.84665	0.38322	0.02288	-1.00000	-1.00000
22577	Bishop	Cluster	un	10024817	122	0.013449444	8.33333	0.96777	71.75745	0.92082	0.11915	-1.00000	-1.00000
22588	Bishop	Cluster	un	10028060	71	0.112015456	0.18519	0.02022	1.69642	0.73239	0.07429	-1.00000	-1.00000
22591	Bishop	Cluster	un	10030800	311	0.464285714	0.41935	0.03596	4.89101	0.37742	0.02098	-1.00000	-1.00000
22610	Bishop	Cluster	un	10039250	184	1.000000000	1.66667	0.14261	19.47836	0.22185	0.01509	-1.00000	-1.00000
22611	Bishop	Cluster	un	10039948	46	0.482758621	2.21429	0.19026	25.77014	0.34523	0.01880	-1.00000	-1.00000
22615	Bishop	Cluster	un	10041831	289	0.464285714	2.38462	0.20446	27.81217	0.37742	0.02098	-1.00000	-1.00000
22625	Bishop	Cluster	un	10047223	147	0.500000000	0.48387	0.04165	5.62086	0.31527	0.01695	-1.00000	-1.00000
22627	Bishop	Cluster	un	10048825	123	0.106170599	0.20968	0.02205	1.99431	0.67845	0.05844	-1.00000	-1.00000
22632	Bishop	Cluster	un	10053096	285	0.481481481	0.44828	0.03837	5.23742	0.34845	0.02032	-1.00000	-1.00000
22633	Bishop	Cluster	un	10053712	100	1.000000000	1.00000	0.25468	3.92644	0.00000	0.00000	-1.00000	-1.00000
22638	Bishop	Cluster	un	10056252	205	0.236897275	4.15385	0.43495	39.66973	0.61845	0.05462	-1.00000	-1.00000
22643	Bishop	Cluster	un	10058639	106	0.004576414	9.00000	1.77195	45.71245	0.95424	0.16075	-1.00000	-1.00000
22647	Bishop	Cluster	un	10061853	190	0.464285714	0.41935	0.03596	4.89101	0.37742	0.02098	-1.00000	-1.00000
22649	Bishop	Cluster	un	10063393	58	0.106170599	0.20968	0.02205	1.99431	0.67845	0.05844	-1.00000	-1.00000
22650	Bishop	Cluster	un	10064176	50	0.225306122	0.28395	0.02761	2.92002	0.54676	0.04514	-1.00000	-1.00000
22651	Bishop	Cluster	un	10065219	280	0.211038961	3.72000	0.36422	37.99496	0.57054	0.04274	-1.00000	-1.00000
22667	Bishop	Cluster	un	10069849	133	0.048259363	6.20000	0.67962	56.56101	0.79239	0.07937	-1.00000	-1.00000
22670	Bishop	Cluster	un	10072454	302	1.000000000	1.92308	0.16389	22.56519	0.28400	0.01884	-1.00000	-1.00000
22676	Bishop	Cluster	un	10074463	12	0.000000000	241.66667	23.61758	2472.85181	2.38322	0.86154	-1.00000	-1.00000
22678	Bishop	Cluster	un	10076062	41	0.500000000	0.48387	0.04165	5.62086	0.31527	0.01695	-1.00000	-1.00000
22685	Bishop	Cluster	un	10079313	71	0.048259363	0.16129	0.01768	1.47141	0.79239	0.07937	-1.00000	-1.00000
22697	Bishop	Cluster	un	10084036	116	0.000648604	0.06452	0.00766	0.54351	1.19033	0.19679	-1.00000	-1.00000
22699	Bishop	Cluster	un	10084792	12	0.005211412	0.08756	0.00998	0.76820	1.05771	0.15625	-1.00000	-1.00000
22701	Bishop	Cluster	un	10086665	296	0.228675136	0.29032	0.02849	2.95801	0.53712	0.03827	-1.00000	-1.00000
22703	Bishop	Cluster	un	10087864	25	0.000017296	0.03722	0.00444	0.31176	1.42921	0.31469	-1.00000	-1.00000
22704	Bishop	Cluster	un	10088822	141	0.000000538	43.18182	5.11984	364.20483	1.63530	0.45378	-1.00000	-1.00000
22708	Bishop	Cluster	un	10090389	141	0.016427684	7.20000	1.36562	37.96081	0.85733	0.12924	-1.00000	-1.00000
22711	Bishop	Cluster	un	10092076	117	0.675814751	0.64103	0.09864	4.16567	0.19312	0.00392	-1.00000	-1.00000
22715	Bishop	Cluster	un	10095190	152	0.000000000	237.66667	23.20264	2434.44067	2.37597	0.85938	-1.00000	-1.00000
22717	Bishop	Cluster	un	10096220	374	0.482758621	0.45161	0.03880	5.25593	0.34523	0.01880	-1.00000	-1.00000
22726	Bishop	Cluster	un	10101527	50	0.005107483	0.09333	0.01092	0.79800	1.02996	0.15584	-1.00000	-1.00000
22732	Bishop	Cluster	un	10103976	71	0.000770342	15.63158	1.85831	131.48848	1.19400	0.21104	-1.00000	-1.00000
22739	Bishop	Cluster	un	10107252	52	0.056199822	0.17419	0.01914	1.58503	0.75897	0.07143	-1.00000	-1.00000
22747	Bishop	Cluster	un	10110574	47	0.025116561	7.60870	0.86830	66.67275	0.88131	0.11180	-1.00000	-1.00000
22755	Bishop	Cluster	un	10113898	289	0.237749546	4.14286	0.43577	39.38647	0.61730	0.05091	-1.00000	-1.00000
22776	Bishop	Cluster	un	10124134	65	0.228675136	0.29032	0.02849	2.95801	0.53712	0.03827	-1.00000	-1.00000
22777	Bishop	Cluster	un	10124949	105	0.002076008	0.07819	0.00913	0.66975	1.10685	0.18182	-1.00000	-1.00000
22782	Bishop	Cluster	un	10128065	149	0.050472183	3.60000	1.14219	11.34667	0.55630	0.09524	-1.00000	-1.00000
22785	Bishop	Cluster	un	10129547	21	0.048703331	0.28428	0.08503	0.95047	0.54625	0.07572	-1.00000	-1.00000
22789	Bishop	Cluster	un	10132719	79	0.482758621	0.45161	0.03880	5.25593	0.34523	0.01880	-1.00000	-1.00000
22797	Bishop	Cluster	un	10136161	45	0.056199822	0.17419	0.01914	1.58503	0.75897	0.07143	-1.00000	-1.00000
22816	Bishop	Cluster	un	10143193	22	1.000000000	1.08000	0.06407	18.20505	0.03342	0.00005	-1.00000	-1.00000
22824	Bishop	Cluster	un	10145696	39	0.443201761	2.20000	0.38728	12.49745	0.34242	0.01520	-1.00000	-1.00000
22825	Bishop	Cluster	un	10146835	366	1.000000000	1.66667	0.14261	19.47836	0.22185	0.01509	-1.00000	-1.00000
22830	Bishop	Cluster	un	10148312	209	1.000000000	1.78571	0.15251	20.90852	0.25181	0.01681	-1.00000	-1.00000
22838	Bishop	Cluster	un	10154630	61	0.000000066	52.20000	6.15300	442.84708	1.71767	0.49480	-1.00000	-1.00000
22854	Bishop	Cluster	un	10160850	31	0.500000000	2.06667	0.17791	24.00734	0.31527	0.01695	-1.00000	-1.00000
22857	Bishop	Cluster	un	10162456	46	0.000405034	21.66667	2.56879	182.74944	1.33579	0.23572	-1.00000	-1.00000
22859	Bishop	Cluster	un	10164125	105	0.000000581	43.20000	5.04896	369.62860	1.63548	0.46429	-1.00000	-1.00000
22862	Bishop	Cluster	un	10165649	59	0.491833031	0.33333	0.03272	3.39531	0.47712	0.03333	-1.00000	-1.00000
22866	Bishop	Cluster	un	10168058	156	0.004916860	10.80000	1.24824	93.44380	1.03342	0.15556	-1.00000	-1.00000
22868	Bishop	Cluster	un	10169590	129	0.500000000	2.06667	0.17791	24.00734	0.31527	0.01695	-1.00000	-1.00000
22870	Bishop	Cluster	un	10170373	36	0.000000000	208.33333	20.26751	2141.49561	2.31876	0.72999	-1.00000	-1.00000
22871	Bishop	Cluster	un	10171195	58	1.000000000	1.00000	0.05965	16.76418	0.00000	0.00000	-1.00000	-1.00000
22874	Bishop	Cluster	un	10171918	86	0.225306122	0.28395	0.02761	2.92002	0.54676	0.04514	-1.00000	-1.00000
22880	Bishop	Cluster	un	10175538	482	0.444444444	0.38710	0.03311	4.52610	0.41218	0.02358	-1.00000	-1.00000
22881	Bishop	Cluster	un	10175945	56	0.000000005	75.00000	8.52772	659.61346	1.87506	0.61538	-1.00000	-1.00000
22883	Bishop	Cluster	un	10176998	307	0.444444444	0.38710	0.03311	4.52610	0.41218	0.02358	-1.00000	-1.00000
22906	Bishop	Cluster	un	10186495	152	0.245762712	0.31183	0.03067	3.17041	0.50608	0.03448	-1.00000	-1.00000
22908	Bishop	Cluster	un	10187118	18	0.052549084	0.14943	0.01685	1.32480	0.82558	0.08805	-1.00000	-1.00000
22914	Bishop	Cluster	un	10190386	76	0.605263158	0.44828	0.03837	5.23742	0.34845	0.00739	-1.00000	-1.00000
22915	Bishop	Cluster	un	10191163	29	0.047272578	0.15862	0.01730	1.45424	0.79964	0.08615	-1.00000	-1.00000
22916	Bishop	Cluster	un	10191985	63	0.093795094	0.19355	0.02029	1.84594	0.71321	0.06531	-1.00000	-1.00000
22918	Bishop	Cluster	un	10193796	243	0.500000000	2.06667	0.17791	24.00734	0.31527	0.01695	-1.00000	-1.00000
22921	Bishop	Cluster	un	10195370	136	0.025116561	7.60870	0.86830	66.67275	0.88131	0.11180	-1.00000	-1.00000
22922	Bishop	Cluster	un	10195994	23	0.045579111	3.64000	1.06830	12.40251	0.56110	0.08310	-1.00000	-1.00000
22930	Bishop	Cluster	un	10197788	84	0.000000000	124.00000	13.97399	1100.33020	2.09342	0.70408	-1.00000	-1.00000
22933	Bishop	Cluster	un	10199343	42	0.002587025	0.07759	0.00894	0.67309	1.11022	0.18148	-1.00000	-1.00000
22934	Bishop	Cluster	un	10200384	346	0.491833031	0.33333	0.03272	3.39531	0.47712	0.03333	-1.00000	-1.00000
22941	Bishop	Cluster	un	10203622	376	0.482758621	0.45161	0.03880	5.25593	0.34523	0.01880	-1.00000	-1.00000
22943	Bishop	Cluster	un	10204140	78	0.112852665	0.18621	0.02042	1.69763	0.73000	0.06914	-1.00000	-1.00000
22945	Bishop	Cluster	un	10205783	101	0.074008786	3.37333	0.97497	11.67146	0.52806	0.07158	-1.00000	-1.00000
22955	Bishop	Cluster	un	10208950	147	0.011603269	0.11330	0.01299	0.98798	0.94577	0.12000	-1.00000	-1.00000
22959	Bishop	Cluster	un	10210389	92	0.500000000	2.06667	0.17791	24.00734	0.31527	0.01695	-1.00000	-1.00000
22962	Bishop	Cluster	un	10211828	31	0.010968168	0.10857	0.01229	0.95910	0.96428	0.14286	-1.00000	-1.00000
22988	Bishop	Cluster	un	10220418	95	0.286254044	2.50000	0.55476	11.26607	0.39794	0.02747	-1.00000	-1.00000
22993	Bishop	Cluster	un	10222306	369	1.000000000	0.85185	0.05042	14.39326	0.06964	0.00024	-1.00000	-1.00000
23003	Bishop	Cluster	un	10225246	68	0.245762712	0.31183	0.03067	3.17041	0.50608	0.03448	-1.00000	-1.00000
23004	Bishop	Cluster	un	10226156	61	0.228675136	0.29032	0.02849	2.95801	0.53712	0.03827	-1.00000	-1.00000
23010	Bishop	Cluster	un	10231316	298	0.493506494	0.35802	0.03507	3.65452	0.44609	0.03210	-1.00000	-1.00000
23012	Bishop	Cluster	un	10232682	39	0.004675001	11.34783	1.33877	96.18756	1.05491	0.14933	-1.00000	-1.00000
23027	Bishop	Cluster	un	10240587	153	0.000043173	0.04233	0.00508	0.35297	1.37337	0.29443	-1.00000	-1.00000
23030	Bishop	Cluster	un	10242355	402	0.500000000	2.06667	0.17791	24.00734	0.31527	0.01695	-1.00000	-1.00000
23048	Bishop	Cluster	un	10251824	87	0.000000000	279.00000	27.38328	2842.64722	2.44560	0.87054	-1.00000	-1.00000
23055	Bishop	Cluster	un	10255863	260	0.500000000	0.48148	0.04113	5.63661	0.31742	0.01961	-1.00000	-1.00000
23063	Bishop	Cluster	un	10258869	12	0.023206538	9.66667	1.10451	84.60300	0.98528	0.09858	-1.00000	-1.00000
23065	Bishop	Cluster	un	10260351	11	0.005271268	0.09677	0.01132	0.82757	1.01424	0.13208	-1.00000	-1.00000
23079	Bishop	Cluster	un	10266110	322	0.500000000	0.48387	0.04165	5.62086	0.31527	0.01695	-1.00000	-1.00000
23084	Bishop	Cluster	un	10267568	144	0.362176628	0.31034	0.03040	3.16783	0.50816	0.01786	-1.00000	-1.00000
23086	Bishop	Cluster	un	10269325	18	0.411664363	1.83077	0.61782	5.42509	0.26263	0.02222	-1.00000	-1.00000
23088	Bishop	Cluster	un	10270154	66	0.099389187	2.87879	0.94776	8.74423	0.45921	0.06600	-1.00000	-1.00000
23107	Bishop	Cluster	un	10277194	61	0.464285714	0.41935	0.03596	4.89101	0.37742	0.02098	-1.00000	-1.00000
23108	Bishop	Cluster	un	10278083	148	0.000287191	23.14286	2.72362	196.64680	1.36442	0.24767	-1.00000	-1.00000
23114	Bishop	Cluster	un	10280739	481	0.464285714	0.41935	0.03596	4.89101	0.37742	0.02098	-1.00000	-1.00000
23118	Bishop	Cluster	un	10283478	35	0.228675136	3.44444	0.33807	35.09441	0.53712	0.03827	-1.00000	-1.00000
23125	Bishop	Cluster	un	10285814	17	0.228675136	0.29032	0.02849	2.95801	0.53712	0.03827	-1.00000	-1.00000
23127	Bishop	Cluster	un	10287637	135	0.042705265	5.57143	1.08447	28.62305	0.74597	0.08489	-1.00000	-1.00000
23132	Bishop	Cluster	un	10290047	59	0.069262539	0.20238	0.03735	1.09665	0.69383	0.07798	-1.00000	-1.00000
23139	Bishop	Cluster	un	10293253	276	1.000000000	1.07407	0.06396	18.03732	0.03103	0.00004	-1.00000	-1.00000
23160	Bishop	Cluster	un	10299161	11	0.245762712	0.31183	0.03067	3.17041	0.50608	0.03448	-1.00000	-1.00000
23167	Bishop	Cluster	un	10304024	52	0.022190811	9.94737	1.12900	87.64407	0.99771	0.10787	-1.00000	-1.00000
23176	Bishop	Cluster	un	10308216	89	0.481481481	2.23077	0.19093	26.06312	0.34845	0.02032	-1.00000	-1.00000
23177	Bishop	Cluster	un	10308990	90	0.500000000	2.06667	0.17791	24.00734	0.31527	0.01695	-1.00000	-1.00000
23186	Bishop	Cluster	un	10312884	53	0.008914258	0.10345	0.01182	0.90538	0.98528	0.13462	-1.00000	-1.00000
23193	Bishop	Cluster	un	10316180	96	0.025780891	4.09091	1.28717	13.00179	0.61182	0.11052	-1.00000	-1.00000
23203	Bishop	Cluster	un	10320710	462	0.500000000	0.48000	0.04081	5.64636	0.31876	0.02128	-1.00000	-1.00000
23207	Bishop	Cluster	un	10321878	51	0.255288262	0.48696	0.15302	1.54967	0.31251	0.02693	-1.00000	-1.00000
23210	Bishop	Cluster	un	10324629	378	0.491833031	0.33333	0.03272	3.39531	0.47712	0.03333	-1.00000	-1.00000
23214	Bishop	Cluster	un	10327127	521	0.500000000	2.07692	0.17741	24.31412	0.31742	0.01961	-1.00000	-1.00000
23244	Bishop	Cluster	un	10341859	27	0.006332160	0.10222	0.01200	0.87077	0.99045	0.13913	-1.00000	-1.00000
23245	Bishop	Cluster	un	10342669	11	0.118181818	4.46154	0.46819	42.51565	0.64948	0.05660	-1.00000	-1.00000
23249	Bishop	Cluster	un	10344479	179	0.500000000	2.06667	0.17791	24.00734	0.31527	0.01695	-1.00000	-1.00000
23250	Bishop	Cluster	un	10345161	73	0.245762712	0.31183	0.03067	3.17041	0.50608	0.03448	-1.00000	-1.00000
23265	Bishop	Cluster	un	10352546	61	1.000000000	0.51724	0.04445	6.01898	0.28631	0.01637	-1.00000	-1.00000
23267	Bishop	Cluster	un	10354121	119	0.028796862	3.75325	1.17437	11.99526	0.57441	0.09953	-1.00000	-1.00000
23271	Bishop	Cluster	un	10356584	25	0.444444444	2.58333	0.22094	30.20541	0.41218	0.02358	-1.00000	-1.00000
23274	Bishop	Cluster	un	10358076	70	0.000000893	38.66667	4.59785	325.17648	1.58734	0.41420	-1.00000	-1.00000
23292	Bishop	Cluster	un	10365840	47	0.500000000	0.48387	0.04165	5.62086	0.31527	0.01695	-1.00000	-1.00000
23293	Bishop	Cluster	un	10366530	8	1.000000000	1.80000	0.15437	20.98797	0.25527	0.01576	-1.00000	-1.00000
23294	Bishop	Cluster	un	10367324	28	0.245762712	3.20690	0.31542	32.60509	0.50608	0.03448	-1.00000	-1.00000
23299	Bishop	Cluster	un	10369036	156	0.000026077	0.03763	0.00445	0.31841	1.42441	0.31977	-1.00000	-1.00000
23304	Bishop	Cluster	un	10370540	73	0.106170599	0.20968	0.02205	1.99431	0.67845	0.05844	-1.00000	-1.00000
23311	Bishop	Cluster	un	10372418	418	0.482758621	0.45161	0.03880	5.25593	0.34523	0.01880	-1.00000	-1.00000
23312	Bishop	Cluster	un	10373018	155	0.245762712	0.31183	0.03067	3.17041	0.50608	0.03448	-1.00000	-1.00000
23325	Bishop	Cluster	un	10376727	188	0.480000000	0.44444	0.03787	5.21605	0.35218	0.02211	-1.00000	-1.00000
23329	Bishop	Cluster	un	10378995	33	0.493506494	2.79310	0.27363	28.51051	0.44609	0.03210	-1.00000	-1.00000
23330	Bishop	Cluster	un	10380063	332	0.491264850	3.00000	0.29328	30.68711	0.47712	0.03571	-1.00000	-1.00000
23338	Bishop	Cluster	un	10382913	56	1.000000000	0.51852	0.04439	6.05718	0.28524	0.01752	-1.00000	-1.00000
23346	Bishop	Cluster	un	10386093	89	0.444444444	0.38710	0.03311	4.52610	0.41218	0.02358	-1.00000	-1.00000
23347	Bishop	Cluster	un	10386947	35	0.000770342	0.06397	0.00761	0.53812	1.19400	0.21104	-1.00000	-1.00000
23355	Bishop	Cluster	un	10389533	111	0.491833031	0.33333	0.03272	3.39531	0.47712	0.03333	-1.00000	-1.00000
23362	Bishop	Cluster	un	10393704	132	0.118644068	4.42857	0.46670	42.02293	0.64626	0.05263	-1.00000	-1.00000
23370	Bishop	Cluster	un	10398017	227	0.464285714	0.41935	0.03596	4.89101	0.37742	0.02098	-1.00000	-1.00000
23383	Bishop	Cluster	un	10403501	6	0.500000000	0.48387	0.04165	5.62086	0.31527	0.01695	-1.00000	-1.00000
23384	Bishop	Cluster	un	10404811	437	1.000000000	0.51852	0.04439	6.05718	0.28524	0.01752	-1.00000	-1.00000
23392	Bishop	Cluster	un	10406000	97	0.500000000	2.06667	0.17791	24.00734	0.31527	0.01695	-1.00000	-1.00000
23405	Bishop	Cluster	un	10410251	313	0.192872117	0.24731	0.02414	2.53324	0.60676	0.04808	-1.00000	-1.00000
23426	Bishop	Cluster	un	10418790	157	0.482758621	0.45161	0.03880	5.25593	0.34523	0.01880	-1.00000	-1.00000
23428	Bishop	Cluster	un	10419970	502	1.000000000	1.78571	0.15251	20.90852	0.25181	0.01681	-1.00000	-1.00000
23430	Bishop	Cluster	un	10421138	44	0.078818199	0.20833	0.03964	1.09488	0.68124	0.07213	-1.00000	-1.00000
23433	Bishop	Cluster	un	10423841	154	0.464285714	0.41935	0.03596	4.89101	0.37742	0.02098	-1.00000	-1.00000
23439	Bishop	Cluster	un	10426000	57	0.000000000	241.66667	23.61758	2472.85181	2.38322	0.86154	-1.00000	-1.00000
23447	Bishop	Cluster	un	10430688	18	0.001992140	0.07586	0.00902	0.63776	1.11998	0.17143	-1.00000	-1.00000
23467	Bishop	Cluster	un	10439439	88	0.021448606	0.12903	0.01454	1.14498	0.88930	0.10108	-1.00000	-1.00000
23469	Bishop	Cluster	un	10441187	130	0.444444444	0.38710	0.03311	4.52610	0.41218	0.02358	-1.00000	-1.00000
23475	Bishop	Cluster	un	10445269	72	0.011860352	8.68000	1.00047	75.30706	0.93852	0.11111	-1.00000	-1.00000
23481	Bishop	Cluster	un	10447041	182	0.103265306	0.20370	0.02120	1.95699	0.69100	0.06915	-1.00000	-1.00000
23484	Bishop	Cluster	un	10449416	123	0.709458251	1.39394	0.27946	6.95300	0.14424	0.00317	-1.00000	-1.00000
23490	Bishop	Cluster	un	10453146	35	0.000245867	0.05161	0.00606	0.43972	1.28724	0.25000	-1.00000	-1.00000
23492	Bishop	Cluster	un	10454118	274	0.208144796	0.26437	0.02576	2.71292	0.57779	0.04667	-1.00000	-1.00000
23495	Bishop	Cluster	un	10455691	232	1.000000000	1.92857	0.16509	22.52900	0.28524	0.01752	-1.00000	-1.00000
23509	Bishop	Cluster	un	10461396	303	0.464285714	0.41935	0.03596	4.89101	0.37742	0.02098	-1.00000	-1.00000
23518	Bishop	Cluster	un	10464299	139	0.000000149	51.00000	5.92112	439.27515	1.70757	0.50980	-1.00000	-1.00000
23519	Bishop	Cluster	un	10465161	109	0.491833031	3.00000	0.29452	30.55776	0.47712	0.03333	-1.00000	-1.00000
23522	Bishop	Cluster	un	10465924	51	0.244678079	0.46667	0.14352	1.51735	0.33099	0.03137	-1.00000	-1.00000
23525	Bishop	Cluster	un	10467604	53	0.003937952	11.27273	1.31375	96.72617	1.05203	0.14706	-1.00000	-1.00000
23526	Bishop	Cluster	un	10468859	487	0.244680851	0.30667	0.02975	3.16133	0.51333	0.04348	-1.00000	-1.00000
23541	Bishop	Cluster	un	10475735	27	0.245762712	0.31183	0.03067	3.17041	0.50608	0.03448	-1.00000	-1.00000
23551	Bishop	Cluster	un	10482204	131	0.000000893	38.66667	4.59785	325.17648	1.58734	0.41420	-1.00000	-1.00000
23555	Bishop	Cluster	un	10483698	14	0.000340453	13.84615	2.73332	70.14046	1.14133	0.24362	-1.00000	-1.00000
23557	Bishop	Cluster	un	10484565	51	0.017220725	0.11828	0.01329	1.05307	0.92709	0.11312	-1.00000	-1.00000
23559	Bishop	Cluster	un	10485432	128	0.056199822	5.74074	0.63090	52.23658	0.75897	0.07143	-1.00000	-1.00000
23560	Bishop	Cluster	un	10486197	76	0.192872117	4.04348	0.39475	41.41771	0.60676	0.04808	-1.00000	-1.00000
23561	Bishop	Cluster	un	10487071	83	0.500000000	2.06667	0.17791	24.00734	0.31527	0.01695	-1.00000	-1.00000
23566	Bishop	Cluster	un	10488711	88	0.056666126	7.25000	0.81543	64.45982	0.86034	0.06739	-1.00000	-1.00000
23569	Bishop	Cluster	un	10491167	70	0.255537441	3.25000	0.59743	17.68000	0.51188	0.03471	-1.00000	-1.00000
23577	Bishop	Cluster	un	10496011	110	0.016354234	0.11494	0.01283	1.02946	0.93952	0.12411	-1.00000	-1.00000
23579	Bishop	Cluster	un	10497759	222	1.000000000	0.52000	0.04432	6.10163	0.28400	0.01884	-1.00000	-1.00000
23581	Bishop	Cluster	un	10499254	88	0.500000000	2.06667	0.17791	24.00734	0.31527	0.01695	-1.00000	-1.00000
23586	Bishop	Cluster	un	10502757	108	1.000000000	1.15000	0.30799	4.29398	0.06070	0.00075	-1.00000	-1.00000
23587	Bishop	Cluster	un	10503536	94	0.093795094	0.19355	0.02029	1.84594	0.71321	0.06531	-1.00000	-1.00000
23593	Bishop	Cluster	un	10505947	132	0.308571892	2.25000	0.50657	9.99368	0.35218	0.01961	-1.00000	-1.00000
23596	Bishop	Cluster	un	10506622	19	0.482758621	0.45161	0.03880	5.25593	0.34523	0.01880	-1.00000	-1.00000
23598	Bishop	Cluster	un	10508296	134	0.081599742	0.17742	0.01854	1.69757	0.75100	0.07353	-1.00000	-1.00000
23604	Bishop	Cluster	un	10511255	8	0.040703531	6.73913	0.73649	61.66531	0.82860	0.08876	-1.00000	-1.00000
23605	Bishop	Cluster	un	10512080	43	0.245098039	3.24000	0.31597	33.22326	0.51055	0.04000	-1.00000	-1.00000
23619	Bishop	Cluster	un	10517057	386	0.464285714	0.41935	0.03596	4.89101	0.37742	0.02098	-1.00000	-1.00000
23621	Bishop	Cluster	un	10518413	95	0.444444444	0.38710	0.03311	4.52610	0.41218	0.02358	-1.00000	-1.00000
23637	Bishop	Cluster	un	10527473	80	0.000000000	350.00000	29.89212	4098.06982	2.54407	0.92571	-1.00000	-1.00000
23640	Bishop	Cluster	un	10529089	132	0.000006396	21.00000	4.77265	92.40150	1.32222	0.39062	-1.00000	-1.00000
23646	Bishop	Cluster	un	10532710	470	1.000000000	0.51852	0.04439	6.05718	0.28524	0.01752	-1.00000	-1.00000
23647	Bishop	Cluster	un	10533432	409	0.491264850	0.33333	0.03259	3.40968	0.47712	0.03571	-1.00000	-1.00000
23648	Bishop	Cluster	un	10533939	147	0.001337456	13.09524	1.55967	109.94996	1.11711	0.18182	-1.00000	-1.00000
23662	Bishop	Cluster	un	10539616	78	0.047272578	0.15862	0.01730	1.45424	0.79964	0.08615	-1.00000	-1.00000
23664	Bishop	Cluster	un	10540475	58	0.500000000	0.48387	0.04165	5.62086	0.31527	0.01695	-1.00000	-1.00000
23666	Bishop	Cluster	un	10541185	32	0.009307886	0.10599	0.01218	0.92241	0.97473	0.12363	-1.00000	-1.00000
23667	Bishop	Cluster	un	10541970	48	1.000000000	0.51724	0.04445	6.01898	0.28631	0.01637	-1.00000	-1.00000
23676	Bishop	Cluster	un	10544474	125	0.482758621	0.45161	0.03880	5.25593	0.34523	0.01880	-1.00000	-1.00000
23682	Bishop	Cluster	un	10547278	138	0.000000581	43.20000	5.04896	369.62860	1.63548	0.46429	-1.00000	-1.00000
23684	Bishop	Cluster	un	10547976	21	0.106170599	0.20968	0.02205	1.99431	0.67845	0.05844	-1.00000	-1.00000
23691	Bishop	Cluster	un	10551256	39	0.500000000	0.48387	0.04165	5.62086	0.31527	0.01695	-1.00000	-1.00000
23704	Bishop	Cluster	un	10552855	53	0.011437374	9.09091	1.05219	78.54564	0.95861	0.13333	-1.00000	-1.00000
23705	Bishop	Cluster	un	10553539	9	1.000000000	0.92593	0.05493	15.60790	0.03342	0.00005	-1.00000	-1.00000
23707	Bishop	Cluster	un	10554409	65	0.093795094	0.19355	0.02029	1.84594	0.71321	0.06531	-1.00000	-1.00000
23708	Bishop	Cluster	un	10555519	363	1.000000000	0.93103	0.05544	15.63520	0.03103	0.00004	-1.00000	-1.00000
23717	Bishop	Cluster	un	10559130	117	0.778933640	0.76768	0.25153	2.34300	0.11482	0.00386	-1.00000	-1.00000
23719	Bishop	Cluster	un	10560839	119	0.000412429	0.05806	0.00686	0.49162	1.23609	0.22095	-1.00000	-1.00000
23724	Bishop	Cluster	un	10563283	197	0.481481481	0.44828	0.03837	5.23742	0.34845	0.02032	-1.00000	-1.00000
23729	Bishop	Cluster	un	10566442	270	1.000000000	0.92593	0.05493	15.60790	0.03342	0.00005	-1.00000	-1.00000
23742	Bishop	Cluster	un	10571115	106	1.000000000	1.07692	0.21664	5.35342	0.03218	0.00015	-1.00000	-1.00000
23748	Bishop	Cluster	un	10575157	221	1.000000000	1.66667	0.14261	19.47836	0.22185	0.01509	-1.00000	-1.00000
23751	Bishop	Cluster	un	10576215	450	1.000000000	0.52000	0.04432	6.10163	0.28400	0.01884	-1.00000	-1.00000
23753	Bishop	Cluster	un	10577377	17	0.500000000	0.48387	0.04165	5.62086	0.31527	0.01695	-1.00000	-1.00000
23765	Bishop	Cluster	un	10581383	38	0.482758621	0.45161	0.03880	5.25593	0.34523	0.01880	-1.00000	-1.00000
23769	Bishop	Cluster	un	10583373	293	0.444444444	0.38710	0.03311	4.52610	0.41218	0.02358	-1.00000	-1.00000
23773	Bishop	Cluster	un	10584843	149	0.228675136	3.44444	0.33807	35.09441	0.53712	0.03827	-1.00000	-1.00000
23775	Bishop	Cluster	un	10586556	224	0.211038961	0.26882	0.02632	2.74562	0.57054	0.04274	-1.00000	-1.00000
23781	Bishop	Cluster	un	10589624	61	0.464285714	0.41935	0.03596	4.89101	0.37742	0.02098	-1.00000	-1.00000
23782	Bishop	Cluster	un	10590374	52	0.211038961	0.26882	0.02632	2.74562	0.57054	0.04274	-1.00000	-1.00000
23783	Bishop	Cluster	un	10591361	235	0.500000000	2.07692	0.17741	24.31412	0.31742	0.01961	-1.00000	-1.00000
23784	Bishop	Cluster	un	10592429	425	0.444444444	0.38710	0.03311	4.52610	0.41218	0.02358	-1.00000	-1.00000
23785	Bishop	Cluster	un	10592909	132	0.481481481	2.23077	0.19093	26.06312	0.34845	0.02032	-1.00000	-1.00000
23791	Bishop	Cluster	un	10597003	189	1.000000000	1.66667	0.14261	19.47836	0.22185	0.01509	-1.00000	-1.00000
23799	Bishop	Cluster	un	10599233	57	0.271987431	1.94444	0.62796	6.02089	0.28880	0.02685	-1.00000	-1.00000
23804	Bishop	Cluster	un	10601668	21	0.106170599	0.20968	0.02205	1.99431	0.67845	0.05844	-1.00000	-1.00000
23811	Bishop	Cluster	un	10603296	86	0.000149176	0.04985	0.00592	0.41989	1.30231	0.25084	-1.00000	-1.00000
23821	Bishop	Cluster	un	10608509	456	0.464285714	0.41935	0.03596	4.89101	0.37742	0.02098	-1.00000	-1.00000
23822	Bishop	Cluster	un	10609051	114	0.056199822	5.74074	0.63090	52.23658	0.75897	0.07143	-1.00000	-1.00000
23827	Bishop	Cluster	un	10612135	99	0.493506494	2.79310	0.27363	28.51051	0.44609	0.03210	-1.00000	-1.00000
23829	Bishop	Cluster	un	10613646	61	0.444444444	0.38710	0.03311	4.52610	0.41218	0.02358	-1.00000	-1.00000
23839	Bishop	Cluster	un	10618171	8	0.500000000	2.07143	0.17768	24.14955	0.31627	0.01818	-1.00000	-1.00000
23844	Bishop	Cluster	un	10621443	114	0.500000000	2.07143	0.17768	24.14955	0.31627	0.01818	-1.00000	-1.00000
23853	Bishop	Cluster	un	10626419	25	0.055222089	5.86957	0.63881	53.93145	0.76861	0.08333	-1.00000	-1.00000
23854	Bishop	Cluster	un	10627260	74	0.040703531	0.14839	0.01622	1.35779	0.82860	0.08876	-1.00000	-1.00000
23860	Bishop	Cluster	un	10630528	80	0.500000000	2.06667	0.17791	24.00734	0.31527	0.01695	-1.00000	-1.00000
23861	Bishop	Cluster	un	10631354	56	0.245454545	3.22222	0.31567	32.89072	0.50816	0.03704	-1.00000	-1.00000
23871	Bishop	Cluster	un	10636435	7	0.245762712	3.20690	0.31542	32.60509	0.50608	0.03448	-1.00000	-1.00000
23875	Bishop	Cluster	un	10638007	61	0.228675136	0.29032	0.02849	2.95801	0.53712	0.03827	-1.00000	-1.00000
23876	Bishop	Cluster	un	10638782	52	0.358189918	2.11111	0.60349	7.38499	0.32451	0.02681	-1.00000	-1.00000
23878	Bishop	Cluster	un	10639668	99	0.081599742	0.17742	0.01854	1.69757	0.75100	0.07353	-1.00000	-1.00000
23881	Bishop	Cluster	un	10640459	83	0.001886343	0.07407	0.00875	0.62673	1.13033	0.18571	-1.00000	-1.00000
23888	Bishop	Cluster	un	10644409	14	0.000221963	0.05329	0.00631	0.44975	1.27334	0.24476	-1.00000	-1.00000
23895	Bishop	Cluster	un	10647589	16	0.106170599	4.76923	0.50143	45.36166	0.67845	0.05844	-1.00000	-1.00000
23897	Bishop	Cluster	un	10649278	98	0.048259363	0.16129	0.01768	1.47141	0.79239	0.07937	-1.00000	-1.00000
23903	Bishop	Cluster	un	10650931	79	0.228675136	0.29032	0.02849	2.95801	0.53712	0.03827	-1.00000	-1.00000
23905	Bishop	Cluster	un	10651649	34	0.007090887	0.09677	0.01108	0.84530	1.01424	0.13846	-1.00000	-1.00000
23908	Bishop	Cluster	un	10653239	23	0.118644068	4.42857	0.46670	42.02293	0.64626	0.05263	-1.00000	-1.00000
23920	Bishop	Cluster	un	10658071	29	0.482758621	0.45161	0.03880	5.25593	0.34523	0.01880	-1.00000	-1.00000
23921	Bishop	Cluster	un	10659075	289	0.444444444	0.38710	0.03311	4.52610	0.41218	0.02358	-1.00000	-1.00000
23934	Bishop	Cluster	un	10666409	387	1.000000000	1.80000	0.15437	20.98797	0.25527	0.01576	-1.00000	-1.00000
23935	Bishop	Cluster	un	10666807	54	0.000000000	241.66667	23.61758	2472.85181	2.38322	0.86154	-1.00000	-1.00000
23947	Bishop	Cluster	un	10675561	94	0.500000000	0.48387	0.04165	5.62086	0.31527	0.01695	-1.00000	-1.00000
23951	Bishop	Cluster	un	10676256	10	0.000000016	65.00000	10.80127	391.15784	1.81291	0.59105	-1.00000	-1.00000
23958	Bishop	Cluster	un	10678763	16	0.028444953	8.82609	1.01217	76.96327	0.94577	0.08654	-1.00000	-1.00000
23962	Bishop	Cluster	un	10680736	354	0.482758621	0.45161	0.03880	5.25593	0.34523	0.01880	-1.00000	-1.00000
23964	Bishop	Cluster	un	10681294	53	0.227113906	0.28736	0.02808	2.94037	0.54158	0.04142	-1.00000	-1.00000
23970	Bishop	Cluster	un	10685354	82	0.396728053	0.38462	0.06391	2.31454	0.41497	0.02208	-1.00000	-1.00000
23971	Bishop	Cluster	un	10686218	115	0.055746141	5.80000	0.63455	53.01424	0.76343	0.07692	-1.00000	-1.00000
23979	Bishop	Cluster	un	10689286	8	1.000000000	0.93103	0.05544	15.63520	0.03103	0.00004	-1.00000	-1.00000
23981	Bishop	Cluster	un	10691106	66	0.192872117	0.24731	0.02414	2.53324	0.60676	0.04808	-1.00000	-1.00000
23990	Bishop	Cluster	un	10697239	70	0.245762712	0.31183	0.03067	3.17041	0.50608	0.03448	-1.00000	-1.00000
23993	Bishop	Cluster	un	10698497	14	0.000000000	124.20000	13.51716	1141.18933	2.09412	0.73333	-1.00000	-1.00000
24006	Bishop	Cluster	un	10705616	51	0.491833031	0.33333	0.03272	3.39531	0.47712	0.03333	-1.00000	-1.00000
24013	Bishop	Cluster	un	10709706	148	0.017220725	8.45455	0.94960	75.27277	0.92709	0.11312	-1.00000	-1.00000
24023	Bishop	Cluster	un	10715310	358	0.236897275	0.24074	0.02521	2.29910	0.61845	0.05462	-1.00000	-1.00000
24035	Bishop	Cluster	un	10719394	45	0.500000000	2.06667	0.17791	24.00734	0.31527	0.01695	-1.00000	-1.00000
24038	Bishop	Cluster	un	10721090	428	1.000000000	0.51852	0.04439	6.05718	0.28524	0.01752	-1.00000	-1.00000
24039	Bishop	Cluster	un	10721637	147	0.000017296	0.03722	0.00444	0.31176	1.42921	0.31469	-1.00000	-1.00000
24042	Bishop	Cluster	un	10723036	47	0.000725483	8.33333	2.34762	29.58075	0.92082	0.22243	-1.00000	-1.00000
24044	Bishop	Cluster	un	10724669	58	0.493506494	0.35802	0.03507	3.65452	0.44609	0.03210	-1.00000	-1.00000
24048	Bishop	Cluster	un	10727737	20	0.093795094	0.19355	0.02029	1.84594	0.71321	0.06531	-1.00000	-1.00000
24051	Bishop	Cluster	un	10729692	267	0.464285714	0.41935	0.03596	4.89101	0.37742	0.02098	-1.00000	-1.00000
24061	Bishop	Cluster	un	10733640	120	1.000000000	1.80000	0.15437	20.98797	0.25527	0.01576	-1.00000	-1.00000
24068	Bishop	Cluster	un	10736109	150	0.003465046	0.08333	0.00958	0.72459	1.07918	0.17636	-1.00000	-1.00000
24081	Bishop	Cluster	un	10741057	9	0.004781076	5.83333	1.70254	19.98652	0.76592	0.15337	-1.00000	-1.00000
24082	Bishop	Cluster	un	10742012	106	0.500000000	2.06667	0.17791	24.00734	0.31527	0.01695	-1.00000	-1.00000
24084	Bishop	Cluster	un	10742800	145	0.211038961	0.26882	0.02632	2.74562	0.57054	0.04274	-1.00000	-1.00000
24085	Bishop	Cluster	un	10743590	96	0.112852665	5.37037	0.58906	48.96109	0.73000	0.06914	-1.00000	-1.00000
24090	Bishop	Cluster	un	10746682	102	0.236897275	4.15385	0.43495	39.66973	0.61845	0.05462	-1.00000	-1.00000
24093	Bishop	Cluster	un	10747748	421	0.500000000	0.48276	0.04141	5.62819	0.31627	0.01818	-1.00000	-1.00000
24094	Bishop	Cluster	un	10748283	141	0.001185781	0.05724	0.00677	0.48417	1.24231	0.18939	-1.00000	-1.00000
24098	Bishop	Cluster	un	10749123	104	0.111055145	5.43478	0.58997	50.06475	0.73518	0.08027	-1.00000	-1.00000
24107	Bishop	Cluster	un	10753832	8	0.228675136	0.29032	0.02849	2.95801	0.53712	0.03827	-1.00000	-1.00000
24115	Bishop	Cluster	un	10757031	6	0.021448606	0.12903	0.01454	1.14498	0.88930	0.10108	-1.00000	-1.00000
24124	Bishop	Cluster	un	10758817	117	0.245454545	3.22222	0.31567	32.89072	0.50816	0.03704	-1.00000	-1.00000
24130	Bishop	Cluster	un	10762540	54	0.245454545	3.22222	0.31567	32.89072	0.50816	0.03704	-1.00000	-1.00000
24134	Bishop	Cluster	un	10763262	61	0.118644068	0.22581	0.02380	2.14269	0.64626	0.05263	-1.00000	-1.00000
24137	Bishop	Cluster	un	10765390	59	0.112015456	5.40000	0.58948	49.46759	0.73239	0.07429	-1.00000	-1.00000
24148	Bishop	Cluster	un	10769364	19	0.106170599	0.20968	0.02205	1.99431	0.67845	0.05844	-1.00000	-1.00000
24160	Bishop	Cluster	un	10774356	149	0.040703531	0.14839	0.01622	1.35779	0.82860	0.08876	-1.00000	-1.00000
24163	Bishop	Cluster	un	10776780	224	0.225306122	3.52174	0.34246	36.21597	0.54676	0.04514	-1.00000	-1.00000
24174	Bishop	Cluster	un	10780628	82	1.000000000	1.93333	0.16614	22.49763	0.28631	0.01637	-1.00000	-1.00000
24183	Bishop	Cluster	un	10783798	46	0.033599894	7.38095	0.80374	67.78108	0.86811	0.10000	-1.00000	-1.00000
24188	Bishop	Cluster	un	10786434	261	0.491833031	3.00000	0.29452	30.55776	0.47712	0.03333	-1.00000	-1.00000
24189	Bishop	Cluster	un	10787066	67	0.500000000	2.06667	0.17791	24.00734	0.31527	0.01695	-1.00000	-1.00000
24191	Bishop	Cluster	un	10788388	34	0.482758621	0.45161	0.03880	5.25593	0.34523	0.01880	-1.00000	-1.00000
24192	Bishop	Cluster	un	10789250	70	0.016354234	0.11494	0.01283	1.02946	0.93952	0.12411	-1.00000	-1.00000
24210	Bishop	Cluster	un	10794374	109	0.228675136	3.44444	0.33807	35.09441	0.53712	0.03827	-1.00000	-1.00000
24216	Bishop	Cluster	un	10798376	351	0.500000000	0.48276	0.04141	5.62819	0.31627	0.01818	-1.00000	-1.00000
24224	Bishop	Cluster	un	10801240	114	0.000149176	0.04985	0.00592	0.41989	1.30231	0.25084	-1.00000	-1.00000
24226	Bishop	Cluster	un	10801925	41	0.482758621	0.45161	0.03880	5.25593	0.34523	0.01880	-1.00000	-1.00000
24228	Bishop	Cluster	un	10803666	110	0.007090887	0.09677	0.01108	0.84530	1.01424	0.13846	-1.00000	-1.00000
24238	Bishop	Cluster	un	10809847	104	0.430853961	1.74359	0.61625	4.93327	0.24144	0.01905	-1.00000	-1.00000
24240	Bishop	Cluster	un	10811472	135	0.093795094	5.16667	0.54173	49.27621	0.71321	0.06531	-1.00000	-1.00000
24241	Bishop	Cluster	un	10812259	140	0.245762712	3.20690	0.31542	32.60509	0.50608	0.03448	-1.00000	-1.00000
24244	Bishop	Cluster	un	10813594	82	0.510444696	0.52795	0.14278	1.95221	0.27741	0.01791	-1.00000	-1.00000
24255	Bishop	Cluster	un	10817517	132	0.211038961	3.72000	0.36422	37.99496	0.57054	0.04274	-1.00000	-1.00000
24257	Bishop	Cluster	un	10818686	437	0.227113906	3.48000	0.34009	35.60907	0.54158	0.04142	-1.00000	-1.00000
24268	Bishop	Cluster	un	10822350	67	0.056199822	5.74074	0.63090	52.23658	0.75897	0.07143	-1.00000	-1.00000
24281	Bishop	Cluster	un	10829404	52	0.104821803	0.20690	0.02165	1.97698	0.68425	0.06335	-1.00000	-1.00000
24287	Bishop	Cluster	un	10832655	92	1.000000000	1.19565	0.28360	5.04081	0.07760	0.00110	-1.00000	-1.00000
24300	Bishop	Cluster	un	10838943	57	1.000000000	1.93333	0.16614	22.49763	0.28631	0.01637	-1.00000	-1.00000
24303	Bishop	Cluster	un	10839845	30	0.000054482	0.04509	0.00541	0.37578	1.34589	0.27273	-1.00000	-1.00000
24311	Bishop	Cluster	un	10841334	12	0.011860352	0.11521	0.01328	0.99953	0.93852	0.11111	-1.00000	-1.00000
24316	Bishop	Cluster	un	10843072	73	0.005211412	0.08756	0.00998	0.76820	1.05771	0.15625	-1.00000	-1.00000
24317	Bishop	Cluster	un	10843986	147	0.118644068	0.22581	0.02380	2.14269	0.64626	0.05263	-1.00000	-1.00000
24319	Bishop	Cluster	un	10844633	46	0.002287531	12.13043	1.43397	102.61572	1.08388	0.15385	-1.00000	-1.00000
24322	Bishop	Cluster	un	10845457	56	0.107960852	0.17037	0.01854	1.56542	0.76861	0.05333	-1.00000	-1.00000
24349	Bishop	Cluster	un	10855575	359	0.482758621	0.45161	0.03880	5.25593	0.34523	0.01880	-1.00000	-1.00000
24358	Bishop	Cluster	un	10859213	63	1.000000000	1.93333	0.16614	22.49763	0.28631	0.01637	-1.00000	-1.00000
24359	Bishop	Cluster	un	10860054	116	0.008298169	5.90909	1.54633	22.58075	0.77152	0.15370	-1.00000	-1.00000
24361	Bishop	Cluster	un	10862056	505	0.480000000	2.25000	0.19172	26.40626	0.35218	0.02211	-1.00000	-1.00000
24373	Bishop	Cluster	un	10865644	20	0.482758621	2.21429	0.19026	25.77014	0.34523	0.01880	-1.00000	-1.00000
24377	Bishop	Cluster	un	10867265	70	0.367274728	3.53846	0.36849	33.97830	0.54881	0.02469	-1.00000	-1.00000
24382	Bishop	Cluster	un	10870637	140	0.101420854	2.66667	0.85001	8.36589	0.42597	0.05769	-1.00000	-1.00000
24383	Bishop	Cluster	un	10871231	7	0.245762712	3.20690	0.31542	32.60509	0.50608	0.03448	-1.00000	-1.00000
24384	Bishop	Cluster	un	10872234	252	0.211038961	0.26882	0.02632	2.74562	0.57054	0.04274	-1.00000	-1.00000
24387	Bishop	Cluster	un	10873375	68	0.500000000	2.07143	0.17768	24.14955	0.31627	0.01818	-1.00000	-1.00000
24409	Bishop	Cluster	un	10886257	133	1.000000000	0.51724	0.04445	6.01898	0.28631	0.01637	-1.00000	-1.00000
24412	Bishop	Cluster	un	10888599	59	0.491833031	3.00000	0.29452	30.55776	0.47712	0.03333	-1.00000	-1.00000
24418	Bishop	Cluster	un	10890923	40	0.500000000	0.48387	0.04165	5.62086	0.31527	0.01695	-1.00000	-1.00000
24434	Bishop	Cluster	un	10899995	231	1.000000000	0.93103	0.05544	15.63520	0.03103	0.00004	-1.00000	-1.00000
24454	Bishop	Cluster	un	10908062	522	0.500000000	0.48148	0.04113	5.63661	0.31742	0.01961	-1.00000	-1.00000
24458	Bishop	Cluster	un	10909150	24	0.245762712	3.20690	0.31542	32.60509	0.50608	0.03448	-1.00000	-1.00000
24460	Bishop	Cluster	un	10910004	88	1.000000000	0.90909	0.20034	4.12530	0.04139	0.00031	-1.00000	-1.00000
24461	Bishop	Cluster	un	10910873	223	0.464285714	2.38462	0.20446	27.81217	0.37742	0.02098	-1.00000	-1.00000
24465	Bishop	Cluster	un	10911463	10	0.618644068	2.07143	0.17768	24.14955	0.31627	0.00585	-1.00000	-1.00000
24473	Bishop	Cluster	un	10914797	114	0.500000000	2.06667	0.17791	24.00734	0.31527	0.01695	-1.00000	-1.00000
24475	Bishop	Cluster	un	10915530	50	0.464285714	2.38462	0.20446	27.81217	0.37742	0.02098	-1.00000	-1.00000
24498	Bishop	Cluster	un	10926004	355	0.464285714	0.41935	0.03596	4.89101	0.37742	0.02098	-1.00000	-1.00000
24501	Bishop	Cluster	un	10928229	70	0.000002955	41.72727	4.93302	352.96133	1.62042	0.37427	-1.00000	-1.00000
24512	Bishop	Cluster	un	10931977	87	0.000001664	35.76923	4.27051	299.59866	1.55351	0.38462	-1.00000	-1.00000
24516	Bishop	Cluster	un	10935422	417	0.500000000	0.48276	0.04141	5.62819	0.31627	0.01818	-1.00000	-1.00000
24522	Bishop	Cluster	un	10937814	387	0.481481481	0.44828	0.03837	5.23742	0.34845	0.02032	-1.00000	-1.00000
24527	Bishop	Cluster	un	10940710	26	0.000000000	406.00000	34.82467	4733.31104	2.60853	0.93103	-1.00000	-1.00000
24530	Bishop	Cluster	un	10941682	152	0.225306122	3.52174	0.34246	36.21597	0.54676	0.04514	-1.00000	-1.00000
24543	Bishop	Cluster	un	10948742	46	0.007090887	0.09677	0.01108	0.84530	1.01424	0.13846	-1.00000	-1.00000
24546	Bishop	Cluster	un	10949542	55	0.093795094	0.19355	0.02029	1.84594	0.71321	0.06531	-1.00000	-1.00000
24551	Bishop	Cluster	un	10953046	476	1.000000000	1.78571	0.15251	20.90852	0.25181	0.01681	-1.00000	-1.00000
24555	Bishop	Cluster	un	10955797	60	0.112015456	0.18519	0.02022	1.69642	0.73239	0.07429	-1.00000	-1.00000
24559	Bishop	Cluster	un	10957479	36	0.500000000	2.06667	0.17791	24.00734	0.31527	0.01695	-1.00000	-1.00000
24569	Bishop	Cluster	un	10963004	24	0.245762712	0.31183	0.03067	3.17041	0.50608	0.03448	-1.00000	-1.00000
24581	Bishop	Cluster	un	10968791	147	0.443201761	2.20000	0.38728	12.49745	0.34242	0.01520	-1.00000	-1.00000
24583	Bishop	Cluster	un	10969574	19	1.000000000	0.51724	0.04445	6.01898	0.28631	0.01637	-1.00000	-1.00000
24594	Bishop	Cluster	un	10972729	122	0.000005335	38.66667	4.59785	325.17648	1.58734	0.34895	-1.00000	-1.00000
24597	Bishop	Cluster	un	10974507	320	1.000000000	1.92857	0.16509	22.52900	0.28524	0.01752	-1.00000	-1.00000
24608	Bishop	Cluster	un	10980174	118	0.444444444	0.38710	0.03311	4.52610	0.41218	0.02358	-1.00000	-1.00000
24610	Bishop	Cluster	un	10981744	153	0.500000000	0.48276	0.04141	5.62819	0.31627	0.01818	-1.00000	-1.00000
24614	Bishop	Cluster	un	10983313	70	0.211038961	0.26882	0.02632	2.74562	0.57054	0.04274	-1.00000	-1.00000
24617	Bishop	Cluster	un	10985836	146	0.735822279	1.30000	0.31271	5.40429	0.11394	0.00218	-1.00000	-1.00000
24619	Bishop	Cluster	un	10986555	109	0.500000000	0.48387	0.04165	5.62086	0.31527	0.01695	-1.00000	-1.00000
24622	Bishop	Cluster	un	10988136	93	0.464285714	2.38462	0.20446	27.81217	0.37742	0.02098	-1.00000	-1.00000
24625	Bishop	Cluster	un	10989752	47	0.011860352	0.11521	0.01328	0.99953	0.93852	0.11111	-1.00000	-1.00000
24626	Bishop	Cluster	un	10990695	140	0.000636338	8.90476	2.52381	31.41872	0.94962	0.24591	-1.00000	-1.00000
24634	Bishop	Cluster	un	10994574	68	0.000708021	0.06182	0.00729	0.52430	1.20888	0.23077	-1.00000	-1.00000
24635	Bishop	Cluster	un	10995301	25	0.004777856	8.80000	1.70879	45.31861	0.94448	0.15976	-1.00000	-1.00000
24642	Bishop	Cluster	un	10999342	122	1.000000000	1.80000	0.15437	20.98797	0.25527	0.01576	-1.00000	-1.00000
24643	Bishop	Cluster	un	11000137	148	0.003937952	0.08871	0.01034	0.76118	1.05203	0.14706	-1.00000	-1.00000
24644	Bishop	Cluster	un	11000830	74	0.766636805	1.28571	0.38926	4.24667	0.10914	0.00341	-1.00000	-1.00000
24646	Bishop	Cluster	un	11001617	63	0.118644068	4.42857	0.46670	42.02293	0.64626	0.05263	-1.00000	-1.00000
24650	Bishop	Cluster	un	11003506	90	0.192872117	0.24731	0.02414	2.53324	0.60676	0.04808	-1.00000	-1.00000
24661	Bishop	Cluster	un	11007662	76	0.500000000	2.06667	0.17791	24.00734	0.31527	0.01695	-1.00000	-1.00000
24667	Bishop	Cluster	un	11012517	348	0.481481481	0.44828	0.03837	5.23742	0.34845	0.02032	-1.00000	-1.00000
24668	Bishop	Cluster	un	11013274	381	0.480000000	0.44444	0.03787	5.21605	0.35218	0.02211	-1.00000	-1.00000
24671	Bishop	Cluster	un	11013678	42	0.500000000	0.48387	0.04165	5.62086	0.31527	0.01695	-1.00000	-1.00000
24681	Bishop	Cluster	un	11018846	372	1.000000000	0.55556	0.04765	6.47777	0.25527	0.01576	-1.00000	-1.00000
24684	Bishop	Cluster	un	11020914	19	0.749278237	1.26000	0.33141	4.79046	0.10037	0.00222	-1.00000	-1.00000
24688	Bishop	Cluster	un	11023266	49	0.007840548	9.30769	1.77802	48.72464	0.96884	0.17802	-1.00000	-1.00000
24690	Bishop	Cluster	un	11025063	43	0.228675136	3.44444	0.33807	35.09441	0.53712	0.03827	-1.00000	-1.00000
24691	Bishop	Cluster	un	11025971	147	1.000000000	0.51724	0.04445	6.01898	0.28631	0.01637	-1.00000	-1.00000
24694	Bishop	Cluster	un	11026604	6	0.611542730	0.33333	0.03243	3.42639	0.47712	0.01717	-1.00000	-1.00000
24699	Bishop	Cluster	un	11028292	50	0.106170599	4.76923	0.50143	45.36166	0.67845	0.05844	-1.00000	-1.00000
24707	Bishop	Cluster	un	11031574	18	0.500000000	2.06667	0.17791	24.00734	0.31527	0.01695	-1.00000	-1.00000
24709	Bishop	Cluster	un	11033202	63	0.002836355	0.08065	0.00936	0.69479	1.09342	0.16484	-1.00000	-1.00000
24715	Bishop	Cluster	un	11036533	156	0.048259363	6.20000	0.67962	56.56101	0.79239	0.07937	-1.00000	-1.00000
24717	Bishop	Cluster	un	11037224	61	0.245762712	3.20690	0.31542	32.60509	0.50608	0.03448	-1.00000	-1.00000
24718	Bishop	Cluster	un	11038047	44	0.228675136	0.29032	0.02849	2.95801	0.53712	0.03827	-1.00000	-1.00000
24720	Bishop	Cluster	un	11039083	262	0.605263158	0.44828	0.03837	5.23742	0.34845	0.00739	-1.00000	-1.00000
24725	Bishop	Cluster	un	11041223	60	1.000000000	1.93333	0.16614	22.49763	0.28631	0.01637	-1.00000	-1.00000
24731	Bishop	Cluster	un	11042845	22	0.500000000	2.06667	0.17791	24.00734	0.31527	0.01695	-1.00000	-1.00000
24737	Bishop	Cluster	un	11046224	208	1.000000000	1.66667	0.14261	19.47836	0.22185	0.01509	-1.00000	-1.00000
24747	Bishop	Cluster	un	11050952	22	0.112852665	5.37037	0.58906	48.96109	0.73000	0.06914	-1.00000	-1.00000
24757	Bishop	Cluster	un	11055652	92	0.007090887	10.33333	1.18301	90.25963	1.01424	0.13846	-1.00000	-1.00000
24758	Bishop	Cluster	un	11056353	13	0.500000000	2.06667	0.17791	24.00734	0.31527	0.01695	-1.00000	-1.00000
24766	Bishop	Cluster	un	11060479	7	0.008487357	12.88889	1.48569	111.81544	1.11022	0.13880	-1.00000	-1.00000
24769	Bishop	Cluster	un	11062315	330	0.245454545	0.31034	0.03040	3.16783	0.50816	0.03704	-1.00000	-1.00000
24784	Bishop	Cluster	un	11066768	66	0.106170599	0.20968	0.02205	1.99431	0.67845	0.05844	-1.00000	-1.00000
24786	Bishop	Cluster	un	11068679	262	1.000000000	0.56000	0.04783	6.55691	0.25181	0.01681	-1.00000	-1.00000
24790	Bishop	Cluster	un	11071638	62	0.118644068	4.42857	0.46670	42.02293	0.64626	0.05263	-1.00000	-1.00000
24793	Bishop	Cluster	un	11074219	467	0.500000000	0.48000	0.04081	5.64636	0.31876	0.02128	-1.00000	-1.00000
24810	Bishop	Cluster	un	11078688	27	0.500000000	2.07143	0.17768	24.14955	0.31627	0.01818	-1.00000	-1.00000
24812	Bishop	Cluster	un	11080066	503	0.500000000	0.48000	0.04081	5.64636	0.31876	0.02128	-1.00000	-1.00000
24813	Bishop	Cluster	un	11080803	440	0.480000000	0.44444	0.03787	5.21605	0.35218	0.02211	-1.00000	-1.00000
24814	Bishop	Cluster	un	11081218	68	0.245762712	3.20690	0.31542	32.60509	0.50608	0.03448	-1.00000	-1.00000
24826	Bishop	Cluster	un	11085990	62	0.056199822	0.17419	0.01914	1.58503	0.75897	0.07143	-1.00000	-1.00000
24828	Bishop	Cluster	un	11086863	88	0.002287531	0.08244	0.00975	0.69737	1.08388	0.15385	-1.00000	-1.00000
24829	Bishop	Cluster	un	11087829	299	1.000000000	1.78571	0.15251	20.90852	0.25181	0.01681	-1.00000	-1.00000
24838	Bishop	Cluster	un	11093109	109	0.482758621	0.45161	0.03880	5.25593	0.34523	0.01880	-1.00000	-1.00000
24844	Bishop	Cluster	un	11094882	245	0.117647059	4.50000	0.46992	43.09288	0.65321	0.06122	-1.00000	-1.00000
24845	Bishop	Cluster	un	11095139	30	0.000026077	0.03763	0.00445	0.31841	1.42441	0.31977	-1.00000	-1.00000
24846	Bishop	Cluster	un	11096196	293	0.211038961	0.26882	0.02632	2.74562	0.57054	0.04274	-1.00000	-1.00000
24847	Bishop	Cluster	un	11096778	116	0.500000000	2.06667	0.17791	24.00734	0.31527	0.01695	-1.00000	-1.00000
24848	Bishop	Cluster	un	11097659	107	0.118181818	0.22414	0.02352	2.13589	0.64948	0.05660	-1.00000	-1.00000
24858	Bishop	Cluster	un	11102309	60	0.491833031	3.00000	0.29452	30.55776	0.47712	0.03333	-1.00000	-1.00000
24860	Bishop	Cluster	un	11103147	9	0.491833031	0.33333	0.03272	3.39531	0.47712	0.03333	-1.00000	-1.00000
24863	Bishop	Cluster	un	11104710	6	0.228675136	0.29032	0.02849	2.95801	0.53712	0.03827	-1.00000	-1.00000
24864	Bishop	Cluster	un	11105836	349	0.481481481	0.44828	0.03837	5.23742	0.34845	0.02032	-1.00000	-1.00000
24877	Bishop	Cluster	un	11112162	193	0.192872117	0.24731	0.02414	2.53324	0.60676	0.04808	-1.00000	-1.00000
24881	Bishop	Cluster	un	11113621	96	0.396728053	2.60000	0.43205	15.64631	0.41497	0.02208	-1.00000	-1.00000
24891	Bishop	Cluster	un	11117684	46	1.000000000	1.80000	0.15437	20.98797	0.25527	0.01576	-1.00000	-1.00000
24892	Bishop	Cluster	un	11118627	194	0.480000000	0.44444	0.03787	5.21605	0.35218	0.02211	-1.00000	-1.00000
24907	Bishop	Cluster	un	11125616	33	0.777152592	0.77778	0.25358	2.38563	0.10914	0.00372	-1.00000	-1.00000
24926	Bishop	Cluster	un	11133125	310	1.000000000	0.79310	0.04702	13.37737	0.10067	0.00048	-1.00000	-1.00000
24930	Bishop	Cluster	un	11136527	480	0.500000000	2.07143	0.17768	24.14955	0.31627	0.01818	-1.00000	-1.00000
24933	Bishop	Cluster	un	11138618	150	0.055746141	0.17241	0.01886	1.57593	0.76343	0.07692	-1.00000	-1.00000
24935	Bishop	Cluster	un	11140302	130	0.000026077	0.03763	0.00445	0.31841	1.42441	0.31977	-1.00000	-1.00000
24938	Bishop	Cluster	un	11142713	90	0.245454545	3.22222	0.31567	32.89072	0.50816	0.03704	-1.00000	-1.00000
24951	Bishop	Cluster	un	11147699	39	0.000000066	52.20000	6.15300	442.84708	1.71767	0.49480	-1.00000	-1.00000
24954	Bishop	Cluster	un	11148872	424	0.480000000	0.44444	0.03787	5.21605	0.35218	0.02211	-1.00000	-1.00000
24955	Bishop	Cluster	un	11149353	72	0.051107251	0.14667	0.01636	1.31471	0.83367	0.10256	-1.00000	-1.00000
24962	Bishop	Cluster	un	11151681	41	0.245762712	3.20690	0.31542	32.60509	0.50608	0.03448	-1.00000	-1.00000
24967	Bishop	Cluster	un	11154110	33	1.000000000	1.93333	0.16614	22.49763	0.28631	0.01637	-1.00000	-1.00000
24977	Bishop	Cluster	un	11158140	43	0.491264850	3.00000	0.29328	30.68711	0.47712	0.03571	-1.00000	-1.00000
24986	Bishop	Cluster	un	11161604	450	0.481481481	0.44828	0.03837	5.23742	0.34845	0.02032	-1.00000	-1.00000
25013	Bishop	Cluster	un	11171032	28	0.040703531	0.14839	0.01622	1.35779	0.82860	0.08876	-1.00000	-1.00000
25016	Bishop	Cluster	un	11172080	262	1.000000000	1.93333	0.16614	22.49763	0.28631	0.01637	-1.00000	-1.00000
25036	Bishop	Cluster	un	11177306	104	0.491833031	0.33333	0.03272	3.39531	0.47712	0.03333	-1.00000	-1.00000
25043	Bishop	Cluster	un	11181199	11	0.001756039	7.60000	2.07060	27.89534	0.88081	0.21340	-1.00000	-1.00000
25049	Bishop	Cluster	un	11184240	95	0.056199822	5.74074	0.63090	52.23658	0.75897	0.07143	-1.00000	-1.00000
25056	Bishop	Cluster	un	11186726	14	0.482758621	2.21429	0.19026	25.77014	0.34523	0.01880	-1.00000	-1.00000
25061	Bishop	Cluster	un	11189998	55	0.245762712	0.31183	0.03067	3.17041	0.50608	0.03448	-1.00000	-1.00000
25062	Bishop	Cluster	un	11190792	33	0.396728053	0.38462	0.06391	2.31454	0.41497	0.02208	-1.00000	-1.00000
25063	Bishop	Cluster	un	11191491	13	0.056199822	5.74074	0.63090	52.23658	0.75897	0.07143	-1.00000	-1.00000
25066	Bishop	Cluster	un	11193193	85	0.000000000	113.40000	12.29761	1045.69580	2.05461	0.72222	-1.00000	-1.00000
25068	Bishop	Cluster	un	11194085	146	0.245762712	3.20690	0.31542	32.60509	0.50608	0.03448	-1.00000	-1.00000
25070	Bishop	Cluster	un	11194876	73	0.297510253	0.39130	0.08941	1.71253	0.40749	0.02998	-1.00000	-1.00000
25083	Bishop	Cluster	un	11200623	132	0.500000000	2.06667	0.17791	24.00734	0.31527	0.01695	-1.00000	-1.00000
25087	Bishop	Cluster	un	11203063	128	1.000000000	1.92857	0.16509	22.52900	0.28524	0.01752	-1.00000	-1.00000
25090	Bishop	Cluster	un	11204649	51	0.025910863	0.10559	0.01185	0.94074	0.97638	0.11250	-1.00000	-1.00000
25092	Bishop	Cluster	un	11205534	121	0.040703531	0.14839	0.01622	1.35779	0.82860	0.08876	-1.00000	-1.00000
25094	Bishop	Cluster	un	11206480	219	1.000000000	1.80000	0.15437	20.98797	0.25527	0.01576	-1.00000	-1.00000
25113	Bishop	Cluster	un	11215279	24	0.000000000	625.00000	37.00302	10556.57129	2.79588	1.00000	-1.00000	-1.00000
25114	Bishop	Cluster	un	11216074	28	0.263299813	2.80000	0.49825	15.73492	0.44716	0.02426	-1.00000	-1.00000
25115	Bishop	Cluster	un	11216845	31	0.500000000	2.06667	0.17791	24.00734	0.31527	0.01695	-1.00000	-1.00000
25118	Bishop	Cluster	un	11217755	73	0.500000000	2.06667	0.17791	24.00734	0.31527	0.01695	-1.00000	-1.00000
25121	Bishop	Cluster	un	11218793	326	0.244680851	3.26087	0.31632	33.61525	0.51333	0.04348	-1.00000	-1.00000
25123	Bishop	Cluster	un	11219292	63	0.009307886	0.10599	0.01218	0.92241	0.97473	0.12363	-1.00000	-1.00000
25131	Bishop	Cluster	un	11224276	20	0.118644068	0.22581	0.02380	2.14269	0.64626	0.05263	-1.00000	-1.00000
25142	Bishop	Cluster	un	11230679	133	0.000251499	0.05572	0.00665	0.46667	1.25400	0.22321	-1.00000	-1.00000
25143	Bishop	Cluster	un	11231341	22	0.052549084	0.14943	0.01685	1.32480	0.82558	0.08805	-1.00000	-1.00000
25149	Bishop	Cluster	un	11232900	31	0.500000000	2.06667	0.17791	24.00734	0.31527	0.01695	-1.00000	-1.00000
25175	Bishop	Cluster	un	11242834	312	0.236897275	4.15385	0.43495	39.66973	0.61845	0.05462	-1.00000	-1.00000
25182	Bishop	Cluster	un	11246733	26	0.482758621	0.45161	0.03880	5.25593	0.34523	0.01880	-1.00000	-1.00000
25187	Bishop	Cluster	un	11250263	150	0.482758621	2.21429	0.19026	25.77014	0.34523	0.01880	-1.00000	-1.00000
25189	Bishop	Cluster	un	11251039	127	0.017220725	8.45455	0.94960	75.27277	0.92709	0.11312	-1.00000	-1.00000
25192	Bishop	Cluster	un	11252664	135	0.001621509	13.28571	1.56470	112.80769	1.12338	0.17143	-1.00000	-1.00000
25196	Bishop	Cluster	un	11253331	35	0.106170599	4.76923	0.50143	45.36166	0.67845	0.05844	-1.00000	-1.00000
25205	Bishop	Cluster	un	11257335	145	0.013439958	0.10753	0.01203	0.96116	0.96848	0.12755	-1.00000	-1.00000
25208	Bishop	Cluster	un	11258960	95	0.240259740	0.25926	0.02721	2.47017	0.58627	0.04906	-1.00000	-1.00000
25209	Bishop	Cluster	un	11259622	24	0.106170599	4.76923	0.50143	45.36166	0.67845	0.05844	-1.00000	-1.00000
25215	Bishop	Cluster	un	11261259	75	0.051876516	6.75000	0.75749	60.14915	0.82930	0.09475	-1.00000	-1.00000
25225	Bishop	Cluster	un	11265369	27	0.482758621	0.45161	0.03880	5.25593	0.34523	0.01880	-1.00000	-1.00000
25232	Bishop	Cluster	un	11267438	555	1.000000000	0.51852	0.04439	6.05718	0.28524	0.01752	-1.00000	-1.00000
25234	Bishop	Cluster	un	11268700	31	0.008914258	0.10345	0.01182	0.90538	0.98528	0.13462	-1.00000	-1.00000
25235	Bishop	Cluster	un	11269979	478	1.000000000	0.55556	0.04765	6.47777	0.25527	0.01576	-1.00000	-1.00000
25243	Bishop	Cluster	un	11273705	54	0.500000000	0.48387	0.04165	5.62086	0.31527	0.01695	-1.00000	-1.00000
25251	Bishop	Cluster	un	11275828	51	1.000000000	0.51724	0.04445	6.01898	0.28631	0.01637	-1.00000	-1.00000
25252	Bishop	Cluster	un	11276721	98	0.001369902	0.06996	0.00812	0.60257	1.15516	0.20635	-1.00000	-1.00000
25253	Bishop	Cluster	un	11277513	48	0.500000000	2.06667	0.17791	24.00734	0.31527	0.01695	-1.00000	-1.00000
25260	Bishop	Cluster	un	11279990	126	0.000099191	17.60000	3.38297	91.56450	1.24551	0.30667	-1.00000	-1.00000
25276	Bishop	Cluster	un	11287459	431	0.500000000	0.48387	0.04165	5.62086	0.31527	0.01695	-1.00000	-1.00000
25277	Bishop	Cluster	un	11287918	80	0.192872117	4.04348	0.39475	41.41771	0.60676	0.04808	-1.00000	-1.00000
25279	Bishop	Cluster	un	11289604	69	0.190157281	0.36364	0.09314	1.41978	0.43933	0.04408	-1.00000	-1.00000
25288	Bishop	Cluster	un	11293088	134	0.000054482	22.17647	2.66115	184.80547	1.34589	0.27273	-1.00000	-1.00000
25289	Bishop	Cluster	un	11294067	355	0.617647059	0.48000	0.04081	5.64636	0.31876	0.00680	-1.00000	-1.00000
25303	Bishop	Cluster	un	11296462	23	0.614634777	2.76000	0.26774	28.45195	0.44091	0.01500	-1.00000	-1.00000
25313	Bishop	Cluster	un	11299123	141	0.165965766	2.32653	0.72936	7.42123	0.36671	0.03987	-1.00000	-1.00000
25316	Bishop	Cluster	un	11299799	26	0.618644068	0.48276	0.04141	5.62819	0.31627	0.00585	-1.00000	-1.00000
25320	Bishop	Cluster	un	11301511	56	0.500000000	2.07143	0.17768	24.14955	0.31627	0.01818	-1.00000	-1.00000
25323	Bishop	Cluster	un	11303065	25	0.005271268	10.33333	1.20836	88.36581	1.01424	0.13208	-1.00000	-1.00000
25324	Bishop	Cluster	un	11303876	58	0.482758621	2.21429	0.19026	25.77014	0.34523	0.01880	-1.00000	-1.00000
25326	Bishop	Cluster	un	11304861	267	1.000000000	1.93333	0.16614	22.49763	0.28631	0.01637	-1.00000	-1.00000
25338	Bishop	Cluster	un	11308610	64	0.195404893	5.40000	0.58948	49.46759	0.73239	0.04617	-1.00000	-1.00000
25339	Bishop	Cluster	un	11309425	84	0.000000000	783.00000	46.62555	13149.20605	2.89376	1.00000	-1.00000	-1.00000
25358	Bishop	Cluster	un	11317277	21	0.245283019	3.57143	0.37390	34.11384	0.55284	0.04706	-1.00000	-1.00000
25360	Bishop	Cluster	un	11318439	337	0.117647059	0.22222	0.02321	2.12804	0.65321	0.06122	-1.00000	-1.00000
25366	Bishop	Cluster	un	11319628	12	0.444444444	0.38710	0.03311	4.52610	0.41218	0.02358	-1.00000	-1.00000
25371	Bishop	Cluster	un	11322156	79	0.464285714	0.41935	0.03596	4.89101	0.37742	0.02098	-1.00000	-1.00000
25373	Bishop	Cluster	un	11323022	142	0.069262539	4.94118	0.91187	26.77499	0.69383	0.07798	-1.00000	-1.00000
25374	Bishop	Cluster	un	11323813	106	0.118181818	4.46154	0.46819	42.51565	0.64948	0.05660	-1.00000	-1.00000
25378	Bishop	Cluster	un	11325540	268	0.500000000	2.07143	0.17768	24.14955	0.31627	0.01818	-1.00000	-1.00000
25389	Bishop	Cluster	un	11328489	7	0.058501001	5.76923	0.64757	51.39860	0.76112	0.08163	-1.00000	-1.00000
25392	Bishop	Cluster	un	11330227	98	0.000828541	8.25000	2.41573	28.17475	0.91645	0.23104	-1.00000	-1.00000
25393	Bishop	Cluster	un	11331364	430	0.482758621	0.45161	0.03880	5.25593	0.34523	0.01880	-1.00000	-1.00000
25397	Bishop	Cluster	un	11333389	20	0.002587025	0.07759	0.00894	0.67309	1.11022	0.18148	-1.00000	-1.00000
25404	Bishop	Cluster	un	11335013	38	0.352571217	4.16667	0.43401	40.00140	0.61979	0.03238	-1.00000	-1.00000
25405	Bishop	Cluster	un	11335852	62	0.366272764	0.51515	0.15339	1.73013	0.28807	0.02164	-1.00000	-1.00000
25407	Bishop	Cluster	un	11336557	20	0.500000000	2.06667	0.17791	24.00734	0.31527	0.01695	-1.00000	-1.00000
25428	Bishop	Cluster	un	11344030	44	0.482758621	0.45161	0.03880	5.25593	0.34523	0.01880	-1.00000	-1.00000
25429	Bishop	Cluster	un	11344858	96	0.464285714	0.41935	0.03596	4.89101	0.37742	0.02098	-1.00000	-1.00000
25434	Bishop	Cluster	un	11347099	97	0.192872117	0.24731	0.02414	2.53324	0.60676	0.04808	-1.00000	-1.00000
25441	Bishop	Cluster	un	11349270	63	0.040703531	0.14839	0.01622	1.35779	0.82860	0.08876	-1.00000	-1.00000
25445	Bishop	Cluster	un	11351738	36	1.000000000	0.55556	0.04765	6.47777	0.25527	0.01576	-1.00000	-1.00000
25450	Bishop	Cluster	un	11354203	50	0.482758621	0.45161	0.03880	5.25593	0.34523	0.01880	-1.00000	-1.00000
25470	Bishop	Cluster	un	11359788	156	0.179365258	2.88235	0.64567	12.86722	0.45975	0.04211	-1.00000	-1.00000
25471	Bishop	Cluster	un	11360748	297	0.500000000	2.07692	0.17741	24.31412	0.31742	0.01961	-1.00000	-1.00000
25473	Bishop	Cluster	un	11362141	88	0.245762712	3.20690	0.31542	32.60509	0.50608	0.03448	-1.00000	-1.00000
25476	Bishop	Cluster	un	11363873	132	0.493506494	2.79310	0.27363	28.51051	0.44609	0.03210	-1.00000	-1.00000
25484	Bishop	Cluster	un	11366981	35	0.010112034	0.08333	0.00958	0.72459	1.07918	0.13297	-1.00000	-1.00000
25494	Bishop	Cluster	un	11372612	43	0.725998226	0.70769	0.16944	2.95579	0.15016	0.00390	-1.00000	-1.00000
25525	Bishop	Cluster	un	11384780	254	1.000000000	1.08696	0.06420	18.40268	0.03621	0.00007	-1.00000	-1.00000
25527	Bishop	Cluster	un	11385464	112	0.013439958	0.10753	0.01203	0.96116	0.96848	0.12755	-1.00000	-1.00000
25531	Bishop	Cluster	un	11387438	428	0.481481481	0.44828	0.03837	5.23742	0.34845	0.02032	-1.00000	-1.00000
25535	Bishop	Cluster	un	11388704	94	0.021448606	0.12903	0.01454	1.14498	0.88930	0.10108	-1.00000	-1.00000
25543	Bishop	Cluster	un	11394312	102	0.237749546	4.14286	0.43577	39.38647	0.61730	0.05091	-1.00000	-1.00000
25545	Bishop	Cluster	un	11395331	450	1.000000000	1.00000	0.05920	16.89051	0.00000	0.00000	-1.00000	-1.00000
25550	Bishop	Cluster	un	11396433	40	0.005397361	0.07246	0.00831	0.63213	1.13988	0.16842	-1.00000	-1.00000
25562	Bishop	Cluster	un	11398943	64	0.118644068	4.42857	0.46670	42.02293	0.64626	0.05263	-1.00000	-1.00000
25566	Bishop	Cluster	un	11401429	33	0.500000000	2.06667	0.17791	24.00734	0.31527	0.01695	-1.00000	-1.00000
25568	Bishop	Cluster	un	11402250	55	0.026092774	7.15385	0.80847	63.30171	0.85454	0.09091	-1.00000	-1.00000
25572	Bishop	Cluster	un	11403958	6	0.104821803	0.20690	0.02165	1.97698	0.68425	0.06335	-1.00000	-1.00000
25583	Bishop	Cluster	un	11408806	101	0.424934549	2.60000	0.46125	14.65569	0.41497	0.02134	-1.00000	-1.00000
25590	Bishop	Cluster	un	11411956	120	0.500000000	2.06667	0.17791	24.00734	0.31527	0.01695	-1.00000	-1.00000
25605	Bishop	Cluster	un	11418132	79	0.106170599	4.76923	0.50143	45.36166	0.67845	0.05844	-1.00000	-1.00000
25619	Bishop	Cluster	un	11422042	74	0.245762712	3.20690	0.31542	32.60509	0.50608	0.03448	-1.00000	-1.00000
25636	Bishop	Cluster	un	11430143	54	0.000000415	39.46154	4.75099	327.76617	1.59617	0.41053	-1.00000	-1.00000
25650	Bishop	Cluster	un	11433235	56	0.000747542	19.80000	2.32434	168.66753	1.29667	0.21674	-1.00000	-1.00000
25653	Bishop	Cluster	un	11435522	23	0.000000000	188.50000	19.78095	1796.28625	2.27531	0.80645	-1.00000	-1.00000
25654	Bishop	Cluster	un	11436461	110	0.500000000	2.07143	0.17768	24.14955	0.31627	0.01818	-1.00000	-1.00000
25668	Bishop	Cluster	un	11441171	103	0.011860352	8.68000	1.00047	75.30706	0.93852	0.11111	-1.00000	-1.00000
25670	Bishop	Cluster	un	11442008	110	0.228675136	3.44444	0.33807	35.09441	0.53712	0.03827	-1.00000	-1.00000
25675	Bishop	Cluster	un	11442878	143	0.104821803	0.20690	0.02165	1.97698	0.68425	0.06335	-1.00000	-1.00000
25686	Bishop	Cluster	un	11446047	76	0.001954280	0.07258	0.00838	0.62842	1.13918	0.18617	-1.00000	-1.00000
25694	Bishop	Cluster	un	11450219	307	1.000000000	0.60000	0.05134	7.01221	0.22185	0.01509	-1.00000	-1.00000
25705	Bishop	Cluster	un	11453285	104	0.025728988	7.25000	0.81543	64.45982	0.86034	0.09804	-1.00000	-1.00000
25710	Bishop	Cluster	un	11455913	289	1.000000000	1.93333	0.16614	22.49763	0.28631	0.01637	-1.00000	-1.00000
25729	Bishop	Cluster	un	11462104	65	0.039250162	0.14483	0.01574	1.33255	0.83915	0.09722	-1.00000	-1.00000
25739	Bishop	Cluster	un	11467128	175	1.000000000	1.80000	0.15437	20.98797	0.25527	0.01576	-1.00000	-1.00000
25749	Bishop	Cluster	un	11471996	261	0.480000000	0.44444	0.03787	5.21605	0.35218	0.02211	-1.00000	-1.00000
25750	Bishop	Cluster	un	11472483	7	0.771915660	0.73684	0.23283	2.33188	0.13263	0.00483	-1.00000	-1.00000
25752	Bishop	Cluster	un	11473458	82	0.000000000	159.50000	16.63843	1529.00562	2.20276	0.79032	-1.00000	-1.00000
25757	Bishop	Cluster	un	11476542	69	0.046042613	3.54545	1.09684	11.46043	0.54967	0.08932	-1.00000	-1.00000
25772	Bishop	Cluster	un	11481155	7	0.192872117	0.24731	0.02414	2.53324	0.60676	0.04808	-1.00000	-1.00000
25777	Bishop	Cluster	un	11483681	150	0.025728988	7.25000	0.81543	64.45982	0.86034	0.09804	-1.00000	-1.00000
25779	Bishop	Cluster	un	11484503	86	0.118644068	0.22581	0.02380	2.14269	0.64626	0.05263	-1.00000	-1.00000
25787	Bishop	Cluster	un	11488682	198	1.000000000	0.86207	0.05123	14.50627	0.06446	0.00019	-1.00000	-1.00000
25800	Bishop	Cluster	un	11495617	145	0.192872117	0.24731	0.02414	2.53324	0.60676	0.04808	-1.00000	-1.00000
25801	Bishop	Cluster	un	11496433	125	0.461538462	0.41379	0.03533	4.84665	0.38322	0.02288	-1.00000	-1.00000
25805	Bishop	Cluster	un	11499953	498	0.480000000	0.44444	0.03787	5.21605	0.35218	0.02211	-1.00000	-1.00000
25808	Bishop	Cluster	un	11501254	231	0.464285714	0.41935	0.03596	4.89101	0.37742	0.02098	-1.00000	-1.00000
25816	Bishop	Cluster	un	11502561	188	0.461538462	2.41667	0.20633	28.30581	0.38322	0.02288	-1.00000	-1.00000
25817	Bishop	Cluster	un	11503488	290	0.591991342	0.41379	0.03533	4.84665	0.38322	0.00932	-1.00000	-1.00000
25819	Bishop	Cluster	un	11504941	31	0.021448606	0.12903	0.01454	1.14498	0.88930	0.10108	-1.00000	-1.00000
25858	Bishop	Cluster	un	11516226	87	0.493212670	0.36000	0.03511	3.69147	0.44370	0.03429	-1.00000	-1.00000
25865	Bishop	Cluster	un	11517049	84	0.500000000	0.48387	0.04165	5.62086	0.31527	0.01695	-1.00000	-1.00000
25873	Bishop	Cluster	un	11521578	19	0.000068871	21.00000	2.53421	174.01869	1.32222	0.26202	-1.00000	-1.00000
25876	Bishop	Cluster	un	11524203	73	0.001268133	7.00000	2.08793	23.46825	0.84510	0.20000	-1.00000	-1.00000
25881	Bishop	Cluster	un	11526493	245	0.461538462	0.41379	0.03533	4.84665	0.38322	0.02288	-1.00000	-1.00000
25901	Bishop	Cluster	un	11536769	147	0.002076008	0.07819	0.00913	0.66975	1.10685	0.18182	-1.00000	-1.00000
25914	Bishop	Cluster	un	11540925	306	0.091583710	0.18966	0.01978	1.81808	0.72204	0.07143	-1.00000	-1.00000
25916	Bishop	Cluster	un	11542598	347	0.481481481	0.44828	0.03837	5.23742	0.34845	0.02032	-1.00000	-1.00000
25918	Bishop	Cluster	un	11543227	25	0.112015456	0.18519	0.02022	1.69642	0.73239	0.07429	-1.00000	-1.00000
25922	Bishop	Cluster	un	11544745	57	0.754298659	0.78947	0.21415	2.91046	0.10266	0.00243	-1.00000	-1.00000
25934	Bishop	Cluster	un	11549561	59	0.000000152	46.63636	5.54421	392.29208	1.66872	0.46429	-1.00000	-1.00000
25943	Bishop	Cluster	un	11550454	24	0.000000000	159.50000	16.63843	1529.00562	2.20276	0.79032	-1.00000	-1.00000
25952	Bishop	Cluster	un	11555341	12	0.008782269	5.43636	1.54665	19.10838	0.73531	0.14476	-1.00000	-1.00000
25953	Bishop	Cluster	un	11556232	30	0.000149176	0.04985	0.00592	0.41989	1.30231	0.25084	-1.00000	-1.00000
25955	Bishop	Cluster	un	11557870	112	0.000553881	7.94545	2.34730	26.89479	0.90012	0.21289	-1.00000	-1.00000
25956	Bishop	Cluster	un	11558873	320	0.500000000	0.48276	0.04141	5.62819	0.31627	0.01818	-1.00000	-1.00000
25967	Bishop	Cluster	un	11563590	354	0.491264850	3.00000	0.29328	30.68711	0.47712	0.03571	-1.00000	-1.00000
25971	Bishop	Cluster	un	11564916	145	0.245762712	3.20690	0.31542	32.60509	0.50608	0.03448	-1.00000	-1.00000
25973	Bishop	Cluster	un	11565687	74	0.001886343	13.50000	1.59559	114.22084	1.13033	0.18571	-1.00000	-1.00000
25977	Bishop	Cluster	un	11567347	12	0.104821803	0.20690	0.02165	1.97698	0.68425	0.06335	-1.00000	-1.00000
25983	Bishop	Cluster	un	11570604	123	0.005271268	10.33333	1.20836	88.36581	1.01424	0.13208	-1.00000	-1.00000
25994	Bishop	Cluster	un	11574779	18	0.500000000	2.06667	0.17791	24.00734	0.31527	0.01695	-1.00000	-1.00000
25999	Bishop	Cluster	un	11578036	57	0.237749546	4.14286	0.43577	39.38647	0.61730	0.05091	-1.00000	-1.00000
26017	Bishop	Cluster	un	11584402	56	0.055746141	0.17241	0.01886	1.57593	0.76343	0.07692	-1.00000	-1.00000
26020	Bishop	Cluster	un	11586120	21	0.494493904	0.55556	0.13735	2.24711	0.25527	0.01279	-1.00000	-1.00000
26026	Bishop	Cluster	un	11587700	27	0.205614579	0.40000	0.11105	1.44084	0.39794	0.03752	-1.00000	-1.00000
26027	Bishop	Cluster	un	11588558	83	0.114880414	0.20000	0.02178	1.83684	0.69897	0.07143	-1.00000	-1.00000
26033	Bishop	Cluster	un	11592143	69	0.228675136	3.44444	0.33807	35.09441	0.53712	0.03827	-1.00000	-1.00000
26044	Bishop	Cluster	un	11596295	49	0.017220725	0.11828	0.01329	1.05307	0.92709	0.11312	-1.00000	-1.00000
26053	Bishop	Cluster	un	11600047	19	0.501002540	1.84211	0.46359	7.31972	0.26531	0.01530	-1.00000	-1.00000
26058	Bishop	Cluster	un	11603406	67	0.000054482	0.04509	0.00541	0.37578	1.34589	0.27273	-1.00000	-1.00000
26062	Bishop	Cluster	un	11605043	43	0.105624578	2.72727	0.91970	8.08741	0.43573	0.05972	-1.00000	-1.00000
26064	Bishop	Cluster	un	11605982	237	0.500000000	0.48387	0.04165	5.62086	0.31527	0.01695	-1.00000	-1.00000
26071	Bishop	Cluster	un	11608270	10	0.464285714	0.41935	0.03596	4.89101	0.37742	0.02098	-1.00000	-1.00000
26078	Bishop	Cluster	un	11611440	89	0.500000000	0.48387	0.04165	5.62086	0.31527	0.01695	-1.00000	-1.00000
26079	Bishop	Cluster	un	11612212	100	0.000000475	41.33333	4.92482	346.90524	1.61630	0.42214	-1.00000	-1.00000
26081	Bishop	Cluster	un	11612946	53	0.245762712	0.31183	0.03067	3.17041	0.50608	0.03448	-1.00000	-1.00000
26082	Bishop	Cluster	un	11613795	99	0.500000000	0.48387	0.04165	5.62086	0.31527	0.01695	-1.00000	-1.00000
26083	Bishop	Cluster	un	11615014	398	0.482758621	0.45161	0.03880	5.25593	0.34523	0.01880	-1.00000	-1.00000
26085	Bishop	Cluster	un	11615572	101	0.500000000	0.48387	0.04165	5.62086	0.31527	0.01695	-1.00000	-1.00000
26127	Bishop	Cluster	un	11632478	150	0.508916877	1.65000	0.40582	6.70869	0.21748	0.00952	-1.00000	-1.00000
26130	Bishop	Cluster	un	11635001	64	0.040703531	6.73913	0.73649	61.66531	0.82860	0.08876	-1.00000	-1.00000
26141	Bishop	Cluster	un	11640770	92	0.021448606	0.12903	0.01454	1.14498	0.88930	0.10108	-1.00000	-1.00000
26145	Bishop	Cluster	un	11641665	154	0.021448606	0.12903	0.01454	1.14498	0.88930	0.10108	-1.00000	-1.00000
26154	Bishop	Cluster	un	11646370	93	0.500000000	0.48387	0.04165	5.62086	0.31527	0.01695	-1.00000	-1.00000
26157	Bishop	Cluster	un	11648744	29	0.245762712	3.20690	0.31542	32.60509	0.50608	0.03448	-1.00000	-1.00000
26162	Bishop	Cluster	un	11651135	100	0.345887132	0.48913	0.13650	1.75275	0.31058	0.02277	-1.00000	-1.00000
26171	Bishop	Cluster	un	11656022	66	0.118644068	4.42857	0.46670	42.02293	0.64626	0.05263	-1.00000	-1.00000
26177	Bishop	Cluster	un	11658437	6	0.093795094	0.19355	0.02029	1.84594	0.71321	0.06531	-1.00000	-1.00000
26179	Bishop	Cluster	un	11660048	14	0.743705824	0.73333	0.19631	2.73943	0.13470	0.00368	-1.00000	-1.00000
26180	Bishop	Cluster	un	11660914	58	1.000000000	0.92857	0.12178	7.08007	0.03218	0.00009	-1.00000	-1.00000
26181	Bishop	Cluster	un	11661926	261	0.500000000	2.06667	0.17791	24.00734	0.31527	0.01695	-1.00000	-1.00000
26184	Bishop	Cluster	un	11662658	105	0.500000000	2.06667	0.17791	24.00734	0.31527	0.01695	-1.00000	-1.00000
26190	Bishop	Cluster	un	11664297	76	0.520059198	0.59006	0.16104	2.16206	0.22910	0.01187	-1.00000	-1.00000
26197	Bishop	Cluster	un	11666672	31	0.085582239	3.00000	0.92987	9.67878	0.47712	0.06699	-1.00000	-1.00000
26198	Bishop	Cluster	un	11667480	46	0.500000000	0.48387	0.04165	5.62086	0.31527	0.01695	-1.00000	-1.00000
26201	Bishop	Cluster	un	11668331	116	1.000000000	0.51724	0.04445	6.01898	0.28631	0.01637	-1.00000	-1.00000
26205	Bishop	Cluster	un	11670003	115	0.500000000	2.06667	0.17791	24.00734	0.31527	0.01695	-1.00000	-1.00000
26219	Bishop	Cluster	un	11678044	35	0.000041324	0.04023	0.00475	0.34105	1.39545	0.31301	-1.00000	-1.00000
26228	Bishop	Cluster	un	11683025	12	0.481481481	0.44828	0.03837	5.23742	0.34845	0.02032	-1.00000	-1.00000
26236	Bishop	Cluster	un	11687004	70	0.000005503	0.03226	0.00385	0.27001	1.49136	0.34884	-1.00000	-1.00000
26242	Bishop	Cluster	un	11688579	32	0.000000035	58.55556	6.82739	502.20538	1.76757	0.52632	-1.00000	-1.00000
26245	Bishop	Cluster	un	11689440	82	0.004916860	0.09259	0.01070	0.80113	1.03342	0.15556	-1.00000	-1.00000
26249	Bishop	Cluster	un	11690960	64	0.546402490	0.66667	0.19013	2.33759	0.17609	0.00840	-1.00000	-1.00000
26252	Bishop	Cluster	un	11693306	86	0.072885400	0.30435	0.08611	1.07564	0.51663	0.06864	-1.00000	-1.00000
26262	Bishop	Cluster	un	11698792	97	0.500000000	2.07143	0.17768	24.14955	0.31627	0.01818	-1.00000	-1.00000
26283	Bishop	Cluster	un	11706769	112	0.500000000	0.48148	0.04113	5.63661	0.31742	0.01961	-1.00000	-1.00000
26284	Bishop	Cluster	un	11707603	115	0.001501515	13.73684	1.60737	117.39751	1.13789	0.18729	-1.00000	-1.00000
26287	Bishop	Cluster	un	11709080	52	0.245098039	0.30864	0.03010	3.16484	0.51055	0.04000	-1.00000	-1.00000
26291	Bishop	Cluster	un	11711605	134	0.500000000	2.06667	0.17791	24.00734	0.31527	0.01695	-1.00000	-1.00000
26294	Bishop	Cluster	un	11712421	152	0.245762712	3.20690	0.31542	32.60509	0.50608	0.03448	-1.00000	-1.00000
26297	Bishop	Cluster	un	11713177	154	0.000000109	46.50000	5.57532	387.82544	1.66745	0.44425	-1.00000	-1.00000
26298	Bishop	Cluster	un	11713972	136	0.618644068	2.07143	0.17768	24.14955	0.31627	0.00585	-1.00000	-1.00000
26305	Bishop	Cluster	un	11717637	39	0.106170599	0.20968	0.02205	1.99431	0.67845	0.05844	-1.00000	-1.00000
26307	Bishop	Cluster	un	11718445	66	0.000000000	403.00000	34.55322	4700.25635	2.60530	0.93052	-1.00000	-1.00000
26312	Bishop	Cluster	un	11720594	82	1.000000000	1.00000	0.05965	16.76418	0.00000	0.00000	-1.00000	-1.00000
26324	Bishop	Cluster	un	11726115	24	0.093795094	0.19355	0.02029	1.84594	0.71321	0.06531	-1.00000	-1.00000
26325	Bishop	Cluster	un	11726927	16	0.118644068	0.22581	0.02380	2.14269	0.64626	0.05263	-1.00000	-1.00000
26331	Bishop	Cluster	un	11729358	75	0.000088723	15.00000	3.51460	64.01875	1.17609	0.30625	-1.00000	-1.00000
26332	Bishop	Cluster	un	11730196	119	0.500000000	0.48387	0.04165	5.62086	0.31527	0.01695	-1.00000	-1.00000
26343	Bishop	Cluster	un	11735983	32	0.000245867	19.37500	2.27415	165.06863	1.28724	0.25000	-1.00000	-1.00000
26345	Bishop	Cluster	un	11736834	128	0.019968382	4.66667	1.37633	15.82312	0.66901	0.12927	-1.00000	-1.00000
26346	Bishop	Cluster	un	11737579	36	0.000023178	0.04147	0.00503	0.34219	1.38222	0.27660	-1.00000	-1.00000
26366	Bishop	Cluster	un	11742403	86	0.147604819	0.39130	0.11345	1.34965	0.40749	0.04065	-1.00000	-1.00000
26367	Bishop	Cluster	un	11743204	79	0.009307886	0.10599	0.01218	0.92241	0.97473	0.12363	-1.00000	-1.00000
26381	Bishop	Cluster	un	11750209	16	0.228675136	3.44444	0.33807	35.09441	0.53712	0.03827	-1.00000	-1.00000
26388	Bishop	Cluster	un	11752319	52	0.149035501	3.60000	0.65319	19.84094	0.55630	0.04545	-1.00000	-1.00000
26396	Bishop	Cluster	un	11757290	350	1.000000000	1.17391	0.06948	19.83494	0.06964	0.00024	-1.00000	-1.00000
26397	Bishop	Cluster	un	11757910	158	0.236897275	4.15385	0.43495	39.66973	0.61845	0.05462	-1.00000	-1.00000
26411	Bishop	Cluster	un	11761717	28	0.500000000	0.48387	0.04165	5.62086	0.31527	0.01695	-1.00000	-1.00000
26418	Bishop	Cluster	un	11763698	344	1.000000000	1.92308	0.16389	22.56519	0.28400	0.01884	-1.00000	-1.00000
26426	Bishop	Cluster	un	11766715	57	0.482758621	0.45161	0.03880	5.25593	0.34523	0.01880	-1.00000	-1.00000
26428	Bishop	Cluster	un	11767442	31	0.240259740	3.85714	0.40483	36.75010	0.58627	0.04906	-1.00000	-1.00000
26430	Bishop	Cluster	un	11769417	317	1.000000000	1.93333	0.16614	22.49763	0.28631	0.01637	-1.00000	-1.00000
26452	Bishop	Cluster	un	11776609	155	0.003714274	11.60000	1.34375	100.13750	1.06446	0.16039	-1.00000	-1.00000
26479	Bishop	Cluster	un	11784987	29	0.000000016	65.25000	7.52132	566.06567	1.81458	0.56667	-1.00000	-1.00000
26480	Bishop	Cluster	un	11786197	442	0.192872117	0.24731	0.02414	2.53324	0.60676	0.04808	-1.00000	-1.00000
26495	Bishop	Cluster	un	11790641	112	1.000000000	1.17949	0.23845	5.83421	0.07169	0.00073	-1.00000	-1.00000
26501	Bishop	Cluster	un	11793001	12	0.000007884	31.00000	3.66703	262.06488	1.49136	0.35714	-1.00000	-1.00000
26511	Bishop	Cluster	un	11796475	23	0.081599742	0.17742	0.01854	1.69757	0.75100	0.07353	-1.00000	-1.00000
26516	Bishop	Cluster	un	11798943	118	0.118644068	4.42857	0.46670	42.02293	0.64626	0.05263	-1.00000	-1.00000
26528	Bishop	Cluster	un	11803604	47	0.106170599	0.20968	0.02205	1.99431	0.67845	0.05844	-1.00000	-1.00000
26531	Bishop	Cluster	un	11805548	384	1.000000000	1.92857	0.16509	22.52900	0.28524	0.01752	-1.00000	-1.00000
26535	Bishop	Cluster	un	11806139	130	1.000000000	1.16667	0.38402	3.54439	0.06695	0.00148	-1.00000	-1.00000
26538	Bishop	Cluster	un	11807595	13	0.000068871	21.00000	2.53421	174.01869	1.32222	0.26202	-1.00000	-1.00000
26539	Bishop	Cluster	un	11808726	342	0.500000000	2.07692	0.17741	24.31412	0.31742	0.01961	-1.00000	-1.00000
26543	Bishop	Cluster	un	11811488	80	1.000000000	1.11111	0.31814	3.88061	0.04576	0.00051	-1.00000	-1.00000
26546	Bishop	Cluster	un	11812646	465	0.225306122	0.28395	0.02761	2.92002	0.54676	0.04514	-1.00000	-1.00000
26548	Bishop	Cluster	un	11813618	51	0.464285714	0.41935	0.03596	4.89101	0.37742	0.02098	-1.00000	-1.00000
26558	Bishop	Cluster	un	11818193	8	0.461538462	0.41379	0.03533	4.84665	0.38322	0.02288	-1.00000	-1.00000
26571	Bishop	Cluster	un	11822259	22	0.000000001	91.66666	10.22621	821.69061	1.96221	0.66844	-1.00000	-1.00000
26597	Bishop	Cluster	un	11833752	42	0.000334230	17.40000	2.09255	144.68439	1.24055	0.21844	-1.00000	-1.00000
26601	Bishop	Cluster	un	11834751	6	0.432629146	2.15385	0.36345	12.76394	0.33321	0.01235	-1.00000	-1.00000
26605	Bishop	Cluster	un	11838185	123	0.237749546	4.14286	0.43577	39.38647	0.61730	0.05091	-1.00000	-1.00000
26607	Bishop	Cluster	un	11838882	61	0.228675136	0.29032	0.02849	2.95801	0.53712	0.03827	-1.00000	-1.00000
26610	Bishop	Cluster	un	11840559	117	0.013449444	8.33333	0.96777	71.75745	0.92082	0.11915	-1.00000	-1.00000
26623	Bishop	Cluster	un	11845714	488	0.245454545	0.31034	0.03040	3.16783	0.50816	0.03704	-1.00000	-1.00000
26637	Bishop	Cluster	un	11849284	99	0.244680851	0.30667	0.02975	3.16133	0.51333	0.04348	-1.00000	-1.00000
26641	Bishop	Cluster	un	11850836	9	0.000000000	378.00000	32.35829	4415.68408	2.57749	0.92857	-1.00000	-1.00000
26645	Bishop	Cluster	un	11852598	137	0.000000112	65.25000	7.52132	566.06567	1.81458	0.48181	-1.00000	-1.00000
26659	Bishop	Cluster	un	11858900	40	0.118181818	0.22414	0.02352	2.13589	0.64948	0.05660	-1.00000	-1.00000
26671	Bishop	Cluster	un	11862609	155	0.000001053	33.00000	6.14165	177.31381	1.51851	0.44778	-1.00000	-1.00000
26677	Bishop	Cluster	un	11866796	86	0.245762712	0.31183	0.03067	3.17041	0.50608	0.03448	-1.00000	-1.00000
26695	Bishop	Cluster	un	11875456	42	0.000038815	25.00000	2.93679	212.81769	1.39794	0.33333	-1.00000	-1.00000
26697	Bishop	Cluster	un	11876259	63	0.500000000	2.06667	0.17791	24.00734	0.31527	0.01695	-1.00000	-1.00000
26700	Bishop	Cluster	un	11878049	279	0.500000000	0.48148	0.04113	5.63661	0.31742	0.01961	-1.00000	-1.00000
26716	Bishop	Cluster	un	11884004	313	0.228675136	0.29032	0.02849	2.95801	0.53712	0.03827	-1.00000	-1.00000
26731	Bishop	Cluster	un	11886239	55	0.026092774	0.13978	0.01580	1.23690	0.85454	0.09091	-1.00000	-1.00000
26753	Bishop	Cluster	un	11894369	35	0.118181818	0.22414	0.02352	2.13589	0.64948	0.05660	-1.00000	-1.00000
26754	Bishop	Cluster	un	11895116	10	1.000000000	1.93333	0.16614	22.49763	0.28631	0.01637	-1.00000	-1.00000
26755	Bishop	Cluster	un	11895892	9	0.228675136	3.44444	0.33807	35.09441	0.53712	0.03827	-1.00000	-1.00000
26759	Bishop	Cluster	un	11898276	16	1.000000000	1.16000	0.06894	19.51963	0.06446	0.00019	-1.00000	-1.00000
26777	Bishop	Cluster	un	11907166	48	0.000049231	19.60000	3.77096	101.87317	1.29226	0.31612	-1.00000	-1.00000
26781	Bishop	Cluster	un	11908794	18	0.227113906	0.28736	0.02808	2.94037	0.54158	0.04142	-1.00000	-1.00000
26792	Bishop	Cluster	un	11913877	129	1.000000000	1.33333	0.20513	8.66675	0.12494	0.00163	-1.00000	-1.00000
26802	Bishop	Cluster	un	11919161	29	0.500000000	2.06667	0.17791	24.00734	0.31527	0.01695	-1.00000	-1.00000
26809	Bishop	Cluster	un	11921663	104	0.500000000	0.48387	0.04165	5.62086	0.31527	0.01695	-1.00000	-1.00000
26813	Bishop	Cluster	un	11923959	81	0.000000139	67.85714	7.68150	599.43909	1.83160	0.50625	-1.00000	-1.00000
26814	Bishop	Cluster	un	11924811	149	0.118181818	4.46154	0.46819	42.51565	0.64948	0.05660	-1.00000	-1.00000
26818	Bishop	Cluster	un	11927084	62	0.118181818	4.46154	0.46819	42.51565	0.64948	0.05660	-1.00000	-1.00000
26826	Bishop	Cluster	un	11930396	124	0.228675136	0.29032	0.02849	2.95801	0.53712	0.03827	-1.00000	-1.00000
26827	Bishop	Cluster	un	11931131	25	0.048259363	0.16129	0.01768	1.47141	0.79239	0.07937	-1.00000	-1.00000
26864	Bishop	Cluster	un	11947988	123	0.001185781	17.47059	2.06538	147.77966	1.24231	0.18939	-1.00000	-1.00000
26879	Bishop	Cluster	un	11957523	11	0.192872117	4.04348	0.39475	41.41771	0.60676	0.04808	-1.00000	-1.00000
26881	Bishop	Cluster	un	11958698	426	0.464285714	0.41935	0.03596	4.89101	0.37742	0.02098	-1.00000	-1.00000
26884	Bishop	Cluster	un	11960700	61	0.500000000	0.48148	0.04113	5.63661	0.31742	0.01961	-1.00000	-1.00000
26885	Bishop	Cluster	un	11961647	216	0.500000000	0.48276	0.04141	5.62819	0.31627	0.01818	-1.00000	-1.00000
26892	Bishop	Cluster	un	11964005	123	0.245762712	0.31183	0.03067	3.17041	0.50608	0.03448	-1.00000	-1.00000
26900	Bishop	Cluster	un	11967356	135	0.002756141	0.06667	0.00784	0.56688	1.17609	0.16364	-1.00000	-1.00000
26905	Bishop	Cluster	un	11969555	123	0.192493775	2.11111	0.72537	6.14419	0.32451	0.03283	-1.00000	-1.00000
26907	Bishop	Cluster	un	11971007	7	0.051876516	6.75000	0.75749	60.14915	0.82930	0.09475	-1.00000	-1.00000
26923	Bishop	Cluster	un	11978603	13	0.021448606	0.12903	0.01454	1.14498	0.88930	0.10108	-1.00000	-1.00000
26936	Bishop	Cluster	un	11984242	252	0.493506494	0.35802	0.03507	3.65452	0.44609	0.03210	-1.00000	-1.00000
26950	Bishop	Cluster	un	11990856	449	0.500000000	0.48276	0.04141	5.62819	0.31627	0.01818	-1.00000	-1.00000
26954	Bishop	Cluster	un	11992189	219	0.493506494	2.79310	0.27363	28.51051	0.44609	0.03210	-1.00000	-1.00000
26965	Bishop	Cluster	un	11996057	72	0.245098039	0.30864	0.03010	3.16484	0.51055	0.04000	-1.00000	-1.00000
26968	Bishop	Cluster	un	11997782	111	0.106170599	0.20968	0.02205	1.99431	0.67845	0.05844	-1.00000	-1.00000
26975	Bishop	Cluster	un	12003618	395	0.482758621	0.45161	0.03880	5.25593	0.34523	0.01880	-1.00000	-1.00000
26980	Bishop	Cluster	un	12006702	283	0.500000000	2.06667	0.17791	24.00734	0.31527	0.01695	-1.00000	-1.00000
26992	Bishop	Cluster	un	12010733	99	1.000000000	1.93333	0.16614	22.49763	0.28631	0.01637	-1.00000	-1.00000
26995	Bishop	Cluster	un	12013242	61	0.464285714	0.41935	0.03596	4.89101	0.37742	0.02098	-1.00000	-1.00000
26997	Bishop	Cluster	un	12013980	76	0.048259363	0.16129	0.01768	1.47141	0.79239	0.07937	-1.00000	-1.00000
27002	Bishop	Cluster	un	12017415	230	0.464285714	0.41935	0.03596	4.89101	0.37742	0.02098	-1.00000	-1.00000
27008	Bishop	Cluster	un	12020482	103	0.000000001	79.75000	9.27583	685.65979	1.90173	0.60000	-1.00000	-1.00000
27030	Bishop	Cluster	un	12028380	54	0.228675136	3.44444	0.33807	35.09441	0.53712	0.03827	-1.00000	-1.00000
27032	Bishop	Cluster	un	12029299	152	0.500000000	0.48276	0.04141	5.62819	0.31627	0.01818	-1.00000	-1.00000
27033	Bishop	Cluster	un	12030039	63	0.245762712	0.31183	0.03067	3.17041	0.50608	0.03448	-1.00000	-1.00000
27037	Bishop	Cluster	un	12033369	105	0.228675136	3.44444	0.33807	35.09441	0.53712	0.03827	-1.00000	-1.00000
27055	Bishop	Cluster	un	12043043	255	0.500000000	2.06667	0.17791	24.00734	0.31527	0.01695	-1.00000	-1.00000
27064	Bishop	Cluster	un	12046188	28	0.000000000	378.00000	32.35829	4415.68408	2.57749	0.80476	-1.00000	-1.00000
27066	Bishop	Cluster	un	12047937	149	0.151306629	3.54545	0.64895	19.37019	0.54967	0.04167	-1.00000	-1.00000
27068	Bishop	Cluster	un	12049341	82	0.083574248	0.14074	0.01520	1.30344	0.85158	0.07255	-1.00000	-1.00000
27073	Bishop	Cluster	un	12050986	99	0.179478667	2.25000	0.75038	6.74658	0.35218	0.03801	-1.00000	-1.00000
27088	Bishop	Cluster	un	12055887	149	0.482758621	0.45161	0.03880	5.25593	0.34523	0.01880	-1.00000	-1.00000
27096	Bishop	Cluster	un	12058265	126	0.500000000	2.06667	0.17791	24.00734	0.31527	0.01695	-1.00000	-1.00000
27103	Bishop	Cluster	un	12062158	22	0.482758621	0.45161	0.03880	5.25593	0.34523	0.01880	-1.00000	-1.00000
27105	Bishop	Cluster	un	12063773	7	0.500000000	2.07143	0.17768	24.14955	0.31627	0.01818	-1.00000	-1.00000
27106	Bishop	Cluster	un	12064655	84	0.009307886	0.10599	0.01218	0.92241	0.97473	0.12363	-1.00000	-1.00000
27114	Bishop	Cluster	un	12067782	31	0.022958460	0.12000	0.01364	1.05538	0.92082	0.12587	-1.00000	-1.00000
27130	Bishop	Cluster	un	12074311	39	0.500000000	0.48387	0.04165	5.62086	0.31527	0.01695	-1.00000	-1.00000
27133	Bishop	Cluster	un	12076006	58	0.493506494	0.35802	0.03507	3.65452	0.44609	0.03210	-1.00000	-1.00000
27134	Bishop	Cluster	un	12076790	17	0.245454545	3.22222	0.31567	32.89072	0.50816	0.03704	-1.00000	-1.00000
27147	Bishop	Cluster	un	12081505	168	1.000000000	1.66667	0.14261	19.47836	0.22185	0.01509	-1.00000	-1.00000
27148	Bishop	Cluster	un	12082186	72	0.086288789	3.15000	0.98469	10.07680	0.49831	0.07696	-1.00000	-1.00000
27150	Bishop	Cluster	un	12083284	371	0.482758621	0.45161	0.03880	5.25593	0.34523	0.01880	-1.00000	-1.00000
27153	Bishop	Cluster	un	12085432	111	1.000000000	1.93333	0.16614	22.49763	0.28631	0.01637	-1.00000	-1.00000
27160	Bishop	Cluster	un	12088553	100	0.000490337	20.25000	2.40238	170.68977	1.30642	0.21646	-1.00000	-1.00000
27162	Bishop	Cluster	un	12089307	100	0.508916877	1.65000	0.40582	6.70869	0.21748	0.00952	-1.00000	-1.00000
27163	Bishop	Cluster	un	12089994	12	0.118181818	4.46154	0.46819	42.51565	0.64948	0.05660	-1.00000	-1.00000
27164	Bishop	Cluster	un	12090900	11	0.040703531	0.14839	0.01622	1.35779	0.82860	0.08876	-1.00000	-1.00000
27166	Bishop	Cluster	un	12091700	44	0.211038961	0.26882	0.02632	2.74562	0.57054	0.04274	-1.00000	-1.00000
27179	Bishop	Cluster	un	12098851	21	0.570045993	1.46667	0.46377	4.63835	0.16633	0.00853	-1.00000	-1.00000
27188	Bishop	Cluster	un	12101372	94	1.000000000	0.69697	0.10611	4.57802	0.15679	0.00285	-1.00000	-1.00000
27193	Bishop	Cluster	un	12105460	109	0.000911685	0.06897	0.00817	0.58216	1.16137	0.19149	-1.00000	-1.00000
27208	Bishop	Cluster	un	12110375	192	0.091583710	5.27273	0.55003	50.54564	0.72204	0.07143	-1.00000	-1.00000
27216	Bishop	Cluster	un	12114262	47	0.048259363	0.16129	0.01768	1.47141	0.79239	0.07937	-1.00000	-1.00000
27227	Bishop	Cluster	un	12119820	94	0.118644068	0.22581	0.02380	2.14269	0.64626	0.05263	-1.00000	-1.00000
27247	Bishop	Cluster	un	12125420	11	0.429584916	1.60000	0.55098	4.64624	0.20412	0.01340	-1.00000	-1.00000
27249	Bishop	Cluster	un	12127053	30	0.000037437	13.80000	3.79435	50.19036	1.13988	0.32821	-1.00000	-1.00000
27250	Bishop	Cluster	un	12127859	78	0.104821803	0.20690	0.02165	1.97698	0.68425	0.06335	-1.00000	-1.00000
27251	Bishop	Cluster	un	12128826	253	0.228675136	0.29032	0.02849	2.95801	0.53712	0.03827	-1.00000	-1.00000
27252	Bishop	Cluster	un	12129743	402	0.500000000	0.48276	0.04141	5.62819	0.31627	0.01818	-1.00000	-1.00000
27253	Bishop	Cluster	un	12130179	8	0.500000000	2.06667	0.17791	24.00734	0.31527	0.01695	-1.00000	-1.00000
27264	Bishop	Cluster	un	12135841	37	0.482758621	2.21429	0.19026	25.77014	0.34523	0.01880	-1.00000	-1.00000
27267	Bishop	Cluster	un	12136680	43	0.245762712	0.31183	0.03067	3.17041	0.50608	0.03448	-1.00000	-1.00000
27275	Bishop	Cluster	un	12140328	541	0.500000000	0.48148	0.04113	5.63661	0.31742	0.01961	-1.00000	-1.00000
27281	Bishop	Cluster	un	12141548	31	0.000000000	125.00000	13.61030	1148.02759	2.09691	0.73469	-1.00000	-1.00000
27290	Bishop	Cluster	un	12146276	29	0.500000000	0.48387	0.04165	5.62086	0.31527	0.01695	-1.00000	-1.00000
27292	Bishop	Cluster	un	12147106	86	0.011930344	11.84210	1.37884	101.70531	1.07343	0.13248	-1.00000	-1.00000
27293	Bishop	Cluster	un	12147813	9	0.151306629	3.54545	0.64895	19.37019	0.54967	0.04167	-1.00000	-1.00000
27299	Bishop	Cluster	un	12151826	55	0.116715520	5.75000	0.64164	51.52844	0.75967	0.05486	-1.00000	-1.00000
27321	Bishop	Cluster	un	12162201	157	0.192872117	0.24731	0.02414	2.53324	0.60676	0.04808	-1.00000	-1.00000
27323	Bishop	Cluster	un	12164000	304	0.500000000	0.48276	0.04141	5.62819	0.31627	0.01818	-1.00000	-1.00000
27334	Bishop	Cluster	un	12169600	85	0.118644068	4.42857	0.46670	42.02293	0.64626	0.05263	-1.00000	-1.00000
27336	Bishop	Cluster	un	12170569	191	1.000000000	1.66667	0.14261	19.47836	0.22185	0.01509	-1.00000	-1.00000
27338	Bishop	Cluster	un	12172070	61	0.245454545	3.22222	0.31567	32.89072	0.50816	0.03704	-1.00000	-1.00000
27348	Bishop	Cluster	un	12175972	51	0.500000000	0.48276	0.04141	5.62819	0.31627	0.01818	-1.00000	-1.00000
27353	Bishop	Cluster	un	12177648	97	0.482758621	2.21429	0.19026	25.77014	0.34523	0.01880	-1.00000	-1.00000
27354	Bishop	Cluster	un	12178625	382	1.000000000	0.79310	0.04702	13.37737	0.10067	0.00048	-1.00000	-1.00000
27356	Bishop	Cluster	un	12179080	32	0.496855346	0.38667	0.03779	3.95656	0.41266	0.03077	-1.00000	-1.00000
27357	Bishop	Cluster	un	12180049	225	0.444444444	2.58333	0.22094	30.20541	0.41218	0.02358	-1.00000	-1.00000
27359	Bishop	Cluster	un	12180815	131	1.000000000	1.92308	0.16389	22.56519	0.28400	0.00517	-1.00000	-1.00000
27364	Bishop	Cluster	un	12182135	38	0.228675136	0.29032	0.02849	2.95801	0.53712	0.03827	-1.00000	-1.00000
27369	Bishop	Cluster	un	12184535	79	0.482758621	0.45161	0.03880	5.25593	0.34523	0.01880	-1.00000	-1.00000
27372	Bishop	Cluster	un	12185262	8	0.500000000	0.48276	0.04141	5.62819	0.31627	0.01818	-1.00000	-1.00000
27375	Bishop	Cluster	un	12186913	175	1.000000000	1.92857	0.16509	22.52900	0.28524	0.01752	-1.00000	-1.00000
27380	Bishop	Cluster	un	12189671	34	0.444444444	2.58333	0.22094	30.20541	0.41218	0.02358	-1.00000	-1.00000
27386	Bishop	Cluster	un	12191303	40	0.151306629	3.54545	0.64895	19.37019	0.54967	0.04167	-1.00000	-1.00000
27387	Bishop	Cluster	un	12192107	42	0.344497608	0.28736	0.02808	2.94037	0.54158	0.02119	-1.00000	-1.00000
27402	Bishop	Cluster	un	12199157	26	0.400567831	2.54545	0.42631	15.19872	0.40577	0.01976	-1.00000	-1.00000
27418	Bishop	Cluster	un	12205040	33	0.245762712	0.31183	0.03067	3.17041	0.50608	0.03448	-1.00000	-1.00000
27419	Bishop	Cluster	un	12205862	41	0.118181818	0.22414	0.02352	2.13589	0.64948	0.05660	-1.00000	-1.00000
27427	Bishop	Cluster	un	12211536	47	0.009307886	0.10599	0.01218	0.92241	0.97473	0.12363	-1.00000	-1.00000
27432	Bishop	Cluster	un	12213963	270	0.444444444	0.38710	0.03311	4.52610	0.41218	0.02358	-1.00000	-1.00000
27434	Bishop	Cluster	un	12215356	53	0.338828365	0.47619	0.13070	1.73490	0.32222	0.02580	-1.00000	-1.00000
27435	Bishop	Cluster	un	12216145	83	0.003714274	0.08621	0.00999	0.74418	1.06446	0.16039	-1.00000	-1.00000
27438	Bishop	Cluster	un	12216935	59	0.464285714	0.41935	0.03596	4.89101	0.37742	0.02098	-1.00000	-1.00000
27439	Bishop	Cluster	un	12218028	427	0.480000000	0.44444	0.03787	5.21605	0.35218	0.02211	-1.00000	-1.00000
27452	Bishop	Cluster	un	12223362	43	1.000000000	0.51724	0.04445	6.01898	0.28631	0.01637	-1.00000	-1.00000
27463	Bishop	Cluster	un	12228096	47	0.003937952	0.08871	0.01034	0.76118	1.05203	0.14706	-1.00000	-1.00000
27468	Bishop	Cluster	un	12229707	76	0.048259363	0.16129	0.01768	1.47141	0.79239	0.07937	-1.00000	-1.00000
27482	Bishop	Cluster	un	12233731	60	0.000000002	68.20000	8.12873	572.19788	1.83378	0.53846	-1.00000	-1.00000
27485	Bishop	Cluster	un	12234911	381	0.603773585	0.44444	0.03787	5.21605	0.35218	0.00808	-1.00000	-1.00000
27487	Bishop	Cluster	un	12235379	35	0.001099811	0.06810	0.00798	0.58084	1.16685	0.19231	-1.00000	-1.00000
27492	Bishop	Cluster	un	12237786	105	0.120255746	4.62963	0.50538	42.41049	0.66555	0.06400	-1.00000	-1.00000
27502	Bishop	Cluster	un	12242780	237	1.000000000	1.93333	0.16614	22.49763	0.28631	0.01637	-1.00000	-1.00000
27507	Bishop	Cluster	un	12245374	468	0.245098039	0.30864	0.03010	3.16484	0.51055	0.04000	-1.00000	-1.00000
27508	Bishop	Cluster	un	12246189	479	0.480000000	0.44444	0.03787	5.21605	0.35218	0.02211	-1.00000	-1.00000
27514	Bishop	Cluster	un	12249078	68	0.104821803	0.20690	0.02165	1.97698	0.68425	0.06335	-1.00000	-1.00000
27515	Bishop	Cluster	un	12249868	70	0.245762712	3.20690	0.31542	32.60509	0.50608	0.03448	-1.00000	-1.00000
27516	Bishop	Cluster	un	12250747	105	0.026092774	0.13978	0.01580	1.23690	0.85454	0.09091	-1.00000	-1.00000
27518	Bishop	Cluster	un	12252447	299	0.481481481	2.23077	0.19093	26.06312	0.34845	0.02032	-1.00000	-1.00000
27519	Bishop	Cluster	un	12253159	178	0.490612245	3.00000	0.29185	30.83754	0.47712	0.03846	-1.00000	-1.00000
27532	Bishop	Cluster	un	12260016	97	0.102108768	6.81818	0.76063	61.11749	0.83367	0.06841	-1.00000	-1.00000
27536	Bishop	Cluster	un	12262328	36	0.000273662	0.05333	0.00631	0.45075	1.27300	0.26036	-1.00000	-1.00000
27541	Bishop	Cluster	un	12265691	7	0.055222089	0.17037	0.01854	1.56542	0.76861	0.08333	-1.00000	-1.00000
27542	Bishop	Cluster	un	12266432	16	1.000000000	0.51724	0.04445	6.01898	0.28631	0.01637	-1.00000	-1.00000
27543	Bishop	Cluster	un	12267254	41	0.000002252	36.16667	4.27468	305.99435	1.55831	0.39634	-1.00000	-1.00000
27549	Bishop	Cluster	un	12269167	401	0.192872117	0.24731	0.02414	2.53324	0.60676	0.04808	-1.00000	-1.00000
27556	Bishop	Cluster	un	12271109	7	0.000953498	14.47368	1.71607	122.07419	1.16058	0.20408	-1.00000	-1.00000
27561	Bishop	Cluster	un	12273706	69	0.211038961	0.26882	0.02632	2.74562	0.57054	0.04274	-1.00000	-1.00000
27562	Bishop	Cluster	un	12274705	290	0.491833031	3.00000	0.29452	30.55776	0.47712	0.03333	-1.00000	-1.00000
27565	Bishop	Cluster	un	12275827	498	1.000000000	1.78571	0.15251	20.90852	0.25181	0.01681	-1.00000	-1.00000
27566	Bishop	Cluster	un	12276191	151	0.245762712	0.31183	0.03067	3.17041	0.50608	0.03448	-1.00000	-1.00000
27567	Bishop	Cluster	un	12277164	326	0.192872117	4.04348	0.39475	41.41771	0.60676	0.04808	-1.00000	-1.00000
27574	Bishop	Cluster	un	12280346	319	0.482758621	0.45161	0.03880	5.25593	0.34523	0.01880	-1.00000	-1.00000
27583	Bishop	Cluster	un	12285937	64	0.000043173	23.62500	2.83309	197.00800	1.37337	0.29443	-1.00000	-1.00000
27585	Bishop	Cluster	un	12286925	236	1.000000000	1.80000	0.15437	20.98797	0.25527	0.01576	-1.00000	-1.00000
27594	Bishop	Cluster	un	12291704	61	0.464285714	0.41935	0.03596	4.89101	0.37742	0.02098	-1.00000	-1.00000
27596	Bishop	Cluster	un	12293608	399	1.000000000	0.52174	0.04423	6.15400	0.28255	0.00550	-1.00000	-1.00000
27606	Bishop	Cluster	un	12297347	133	1.000000000	0.51724	0.04445	6.01898	0.28631	0.01637	-1.00000	-1.00000
27607	Bishop	Cluster	un	12298111	102	0.000051887	0.04301	0.00512	0.36098	1.36642	0.28205	-1.00000	-1.00000
27609	Bishop	Cluster	un	12299990	315	1.000000000	1.66667	0.14261	19.47836	0.22185	0.01509	-1.00000	-1.00000
27612	Bishop	Cluster	un	12301307	100	0.500000000	0.48387	0.04165	5.62086	0.31527	0.01695	-1.00000	-1.00000
27617	Bishop	Cluster	un	12305307	94	0.026092774	7.15385	0.80847	63.30171	0.85454	0.09091	-1.00000	-1.00000
27619	Bishop	Cluster	un	12307010	143	0.000001292	36.00000	6.49131	199.65150	1.55630	0.47115	-1.00000	-1.00000
27634	Bishop	Cluster	un	12310930	66	0.000000000	148.50000	15.45738	1426.64880	2.17173	0.78448	-1.00000	-1.00000
27641	Bishop	Cluster	un	12314955	91	0.000000016	61.22222	7.16369	523.21606	1.78691	0.53846	-1.00000	-1.00000
27652	Bishop	Cluster	un	12320123	58	0.500000000	0.48387	0.04165	5.62086	0.31527	0.01695	-1.00000	-1.00000
27658	Bishop	Cluster	un	12323442	191	0.500000000	0.48276	0.04141	5.62819	0.31627	0.01818	-1.00000	-1.00000
27660	Bishop	Cluster	un	12324106	118	0.500000000	0.48276	0.04141	5.62819	0.31627	0.01818	-1.00000	-1.00000
27667	Bishop	Cluster	un	12328872	46	0.157214791	0.29143	0.06593	1.28827	0.53547	0.05448	-1.00000	-1.00000
27668	Bishop	Cluster	un	12329717	99	1.000000000	1.15000	0.30799	4.29398	0.06070	0.00075	-1.00000	-1.00000
27671	Bishop	Cluster	un	12330452	70	0.500000000	0.48387	0.04165	5.62086	0.31527	0.01695	-1.00000	-1.00000
27693	Bishop	Cluster	un	12339023	128	0.000945606	7.93333	2.23570	28.15131	0.89946	0.21818	-1.00000	-1.00000
27704	Bishop	Cluster	un	12341349	13	0.537413681	1.53333	0.42159	5.57671	0.18564	0.00758	-1.00000	-1.00000
27706	Bishop	Cluster	un	12342941	14	0.000049616	14.57143	3.67806	57.72792	1.16350	0.33008	-1.00000	-1.00000
27708	Bishop	Cluster	un	12344804	207	0.481481481	0.44828	0.03837	5.23742	0.34845	0.02032	-1.00000	-1.00000
27710	Bishop	Cluster	un	12345383	8	0.033599894	0.13548	0.01475	1.24418	0.86811	0.10000	-1.00000	-1.00000
27720	Bishop	Cluster	un	12352755	61	0.208144796	0.26437	0.02576	2.71292	0.57779	0.04667	-1.00000	-1.00000
27721	Bishop	Cluster	un	12353867	277	1.000000000	1.92308	0.16389	22.56519	0.28400	0.01884	-1.00000	-1.00000
27723	Bishop	Cluster	un	12355535	140	0.782661486	1.27451	0.42532	3.81916	0.10534	0.00348	-1.00000	-1.00000
27724	Bishop	Cluster	un	12356291	21	0.000026633	31.15385	3.70346	262.06906	1.49351	0.30625	-1.00000	-1.00000
27727	Bishop	Cluster	un	12358458	50	0.011860352	8.68000	1.00047	75.30706	0.93852	0.11111	-1.00000	-1.00000
27739	Bishop	Cluster	un	12362778	280	1.000000000	1.76923	0.15037	20.81635	0.24778	0.00405	-1.00000	-1.00000
27740	Bishop	Cluster	un	12363345	57	0.404330407	1.86667	0.61889	5.63019	0.27107	0.02381	-1.00000	-1.00000
27744	Bishop	Cluster	un	12364980	74	0.016354234	0.11494	0.01283	1.02946	0.93952	0.12411	-1.00000	-1.00000
27746	Bishop	Cluster	un	12366690	190	0.500000000	0.48148	0.04113	5.63661	0.31742	0.01961	-1.00000	-1.00000
27747	Bishop	Cluster	un	12367322	35	0.000390671	11.36364	2.72452	47.39626	1.05552	0.24794	-1.00000	-1.00000
27752	Bishop	Cluster	un	12369024	144	0.093795094	5.16667	0.54173	49.27621	0.71321	0.06531	-1.00000	-1.00000
27755	Bishop	Cluster	un	12370668	89	0.211038961	0.26882	0.02632	2.74562	0.57054	0.04274	-1.00000	-1.00000
27760	Bishop	Cluster	un	12373868	27	0.245762712	3.20690	0.31542	32.60509	0.50608	0.03448	-1.00000	-1.00000
27769	Bishop	Cluster	un	12378709	94	0.106170599	0.20968	0.02205	1.99431	0.67845	0.05844	-1.00000	-1.00000
27776	Bishop	Cluster	un	12381157	113	0.007090887	10.33333	1.18301	90.25963	1.01424	0.13846	-1.00000	-1.00000
27795	Bishop	Cluster	un	12389943	36	0.023977923	8.12000	0.93407	70.58795	0.90956	0.10769	-1.00000	-1.00000
27803	Bishop	Cluster	un	12394094	103	0.104821803	4.83333	0.50582	46.18450	0.68425	0.06335	-1.00000	-1.00000
27818	Bishop	Cluster	un	12400754	391	0.482758621	0.45161	0.03880	5.25593	0.34523	0.01880	-1.00000	-1.00000
27826	Bishop	Cluster	un	12403737	51	0.482758621	0.45161	0.03880	5.25593	0.34523	0.01880	-1.00000	-1.00000
27838	Bishop	Cluster	un	12409144	55	0.021448606	7.75000	0.87337	68.77064	0.88930	0.10108	-1.00000	-1.00000
27840	Bishop	Cluster	un	12410858	139	0.461538462	0.41379	0.03533	4.84665	0.38322	0.02288	-1.00000	-1.00000
27849	Bishop	Cluster	un	12415338	102	0.017220725	0.11828	0.01329	1.05307	0.92709	0.11312	-1.00000	-1.00000
27860	Bishop	Cluster	un	12421943	95	0.000049817	22.55556	2.72826	186.47559	1.35325	0.26963	-1.00000	-1.00000
27865	Bishop	Cluster	un	12423986	472	1.000000000	0.52000	0.04432	6.10163	0.28400	0.01884	-1.00000	-1.00000
27867	Bishop	Cluster	un	12425300	114	0.118644068	4.42857	0.46670	42.02293	0.64626	0.05263	-1.00000	-1.00000
27876	Bishop	Cluster	un	12429144	17	0.081888074	0.22619	0.04204	1.21706	0.64553	0.06460	-1.00000	-1.00000
27877	Bishop	Cluster	un	12429985	106	0.237749546	4.14286	0.43577	39.38647	0.61730	0.05091	-1.00000	-1.00000
27884	Bishop	Cluster	un	12432426	58	0.500000000	0.48387	0.04165	5.62086	0.31527	0.01695	-1.00000	-1.00000
27893	Bishop	Cluster	un	12435033	47	0.118644068	4.42857	0.46670	42.02293	0.64626	0.05263	-1.00000	-1.00000
27902	Bishop	Cluster	un	12437556	61	0.482758621	0.45161	0.03880	5.25593	0.34523	0.01880	-1.00000	-1.00000
27906	Bishop	Cluster	un	12440386	434	0.093795094	0.19355	0.02029	1.84594	0.71321	0.06531	-1.00000	-1.00000
27909	Bishop	Cluster	un	12441752	307	0.211038961	0.26882	0.02632	2.74562	0.57054	0.04274	-1.00000	-1.00000
27922	Bishop	Cluster	un	12448758	75	0.040703531	0.14839	0.01622	1.35779	0.82860	0.08876	-1.00000	-1.00000
27928	Bishop	Cluster	un	12451912	58	0.025728988	7.25000	0.81543	64.45982	0.86034	0.09804	-1.00000	-1.00000
27930	Bishop	Cluster	un	12452761	21	0.112852665	5.37037	0.58906	48.96109	0.73000	0.06914	-1.00000	-1.00000
27944	Bishop	Cluster	un	12461107	90	0.056199822	0.17419	0.01914	1.58503	0.75897	0.07143	-1.00000	-1.00000
27959	Bishop	Cluster	un	12467595	23	0.500000000	2.06667	0.17791	24.00734	0.31527	0.01695	-1.00000	-1.00000
27961	Bishop	Cluster	un	12468404	62	0.245762712	3.20690	0.31542	32.60509	0.50608	0.03448	-1.00000	-1.00000
27966	Bishop	Cluster	un	12471599	152	0.670207706	2.00000	0.33418	11.96965	0.30103	0.01099	-1.00000	-1.00000
27968	Bishop	Cluster	un	12473222	80	0.228675136	3.44444	0.33807	35.09441	0.53712	0.03827	-1.00000	-1.00000
27971	Bishop	Cluster	un	12474191	197	0.493212670	2.77778	0.27089	28.48358	0.44370	0.03429	-1.00000	-1.00000
27972	Bishop	Cluster	un	12474923	218	0.245454545	0.31034	0.03040	3.16783	0.50816	0.03704	-1.00000	-1.00000
27984	Bishop	Cluster	un	12480329	49	0.000003007	32.69231	3.90351	273.80167	1.51445	0.38095	-1.00000	-1.00000
27990	Bishop	Cluster	un	12482463	239	0.444444444	0.38710	0.03311	4.52610	0.41218	0.02358	-1.00000	-1.00000
27996	Bishop	Cluster	un	12483500	476	0.444444444	0.38710	0.03311	4.52610	0.41218	0.02358	-1.00000	-1.00000
27998	Bishop	Cluster	un	12484001	140	0.000007884	0.03226	0.00382	0.27270	1.49136	0.35714	-1.00000	-1.00000
28005	Bishop	Cluster	un	12487268	144	1.000000000	1.93333	0.16614	22.49763	0.28631	0.01637	-1.00000	-1.00000
28006	Bishop	Cluster	un	12487896	19	0.464285714	0.41935	0.03596	4.89101	0.37742	0.02098	-1.00000	-1.00000
28015	Bishop	Cluster	un	12491287	98	0.000221963	0.05329	0.00631	0.44975	1.27334	0.24476	-1.00000	-1.00000
28021	Bishop	Cluster	un	12492775	16	0.500000000	0.48387	0.04165	5.62086	0.31527	0.01695	-1.00000	-1.00000
28030	Bishop	Cluster	un	12496242	266	0.481481481	0.44828	0.03837	5.23742	0.34845	0.02032	-1.00000	-1.00000
28032	Bishop	Cluster	un	12497588	53	0.500000000	2.06667	0.17791	24.00734	0.31527	0.01695	-1.00000	-1.00000
28034	Bishop	Cluster	un	12498719	325	0.245454545	0.31034	0.03040	3.16783	0.50816	0.03704	-1.00000	-1.00000
28038	Bishop	Cluster	un	12500330	423	0.496855346	0.38667	0.03779	3.95656	0.41266	0.03077	-1.00000	-1.00000
28046	Bishop	Cluster	un	12503968	136	0.048259363	6.20000	0.67962	56.56101	0.79239	0.07937	-1.00000	-1.00000
28059	Bishop	Cluster	un	12510963	149	0.361183661	1.86667	0.51769	6.73071	0.27107	0.01775	-1.00000	-1.00000
28063	Bishop	Cluster	un	12513269	10	0.051876516	6.75000	0.75749	60.14915	0.82930	0.09475	-1.00000	-1.00000
28068	Bishop	Cluster	un	12516290	10	0.000000000	297.00000	25.23189	3495.93359	2.47276	0.78189	-1.00000	-1.00000
28069	Bishop	Cluster	un	12517395	320	0.481481481	0.44828	0.03837	5.23742	0.34845	0.02032	-1.00000	-1.00000
28072	Bishop	Cluster	un	12518855	140	0.360144058	0.30667	0.02975	3.16133	0.51333	0.02083	-1.00000	-1.00000
28077	Bishop	Cluster	un	12520715	477	0.500000000	0.48148	0.04113	5.63661	0.31742	0.01961	-1.00000	-1.00000
28080	Bishop	Cluster	un	12521834	33	0.548746595	1.66667	0.49964	5.55953	0.22185	0.01339	-1.00000	-1.00000
28090	Bishop	Cluster	un	12527131	53	0.496855346	0.38667	0.03779	3.95656	0.41266	0.03077	-1.00000	-1.00000
28091	Bishop	Cluster	un	12527960	70	0.000000000	841.00000	50.16650	14098.67188	2.92480	1.00000	-1.00000	-1.00000
28100	Bishop	Cluster	un	12531948	94	0.482758621	2.21429	0.19026	25.77014	0.34523	0.01880	-1.00000	-1.00000
28103	Bishop	Cluster	un	12532676	74	0.245762712	3.20690	0.31542	32.60509	0.50608	0.03448	-1.00000	-1.00000
28113	Bishop	Cluster	un	12535722	31	0.228675136	3.44444	0.33807	35.09441	0.53712	0.03827	-1.00000	-1.00000
28116	Bishop	Cluster	un	12537728	497	1.000000000	0.52000	0.04432	6.10163	0.28400	0.01884	-1.00000	-1.00000
28129	Bishop	Cluster	un	12545310	57	0.500000000	2.06667	0.17791	24.00734	0.31527	0.01695	-1.00000	-1.00000
28134	Bishop	Cluster	un	12547890	117	0.482758621	0.45161	0.03880	5.25593	0.34523	0.01880	-1.00000	-1.00000
28136	Bishop	Cluster	un	12549486	27	0.444444444	0.38710	0.03311	4.52610	0.41218	0.02358	-1.00000	-1.00000
28142	Bishop	Cluster	un	12553375	42	0.245762712	0.31183	0.03067	3.17041	0.50608	0.03448	-1.00000	-1.00000
28143	Bishop	Cluster	un	12554548	325	0.482758621	0.45161	0.03880	5.25593	0.34523	0.01880	-1.00000	-1.00000
28158	Bishop	Cluster	un	12561517	97	1.000000000	0.84615	0.10996	6.51122	0.07255	0.00050	-1.00000	-1.00000
28160	Bishop	Cluster	un	12563409	346	0.482758621	0.45161	0.03880	5.25593	0.34523	0.01880	-1.00000	-1.00000
28168	Bishop	Cluster	un	12567078	111	0.245762712	0.31183	0.03067	3.17041	0.50608	0.03448	-1.00000	-1.00000
28170	Bishop	Cluster	un	12567800	88	0.026092774	7.15385	0.80847	63.30171	0.85454	0.09091	-1.00000	-1.00000
28180	Bishop	Cluster	un	12572266	125	0.245454545	0.31034	0.03040	3.16783	0.50816	0.03704	-1.00000	-1.00000
28192	Bishop	Cluster	un	12575514	34	0.002287531	0.08244	0.00975	0.69737	1.08388	0.15385	-1.00000	-1.00000
28197	Bishop	Cluster	un	12578756	16	0.118644068	4.42857	0.46670	42.02293	0.64626	0.05263	-1.00000	-1.00000
28202	Bishop	Cluster	un	12580849	466	0.493212670	2.77778	0.27089	28.48358	0.44370	0.03429	-1.00000	-1.00000
28207	Bishop	Cluster	un	12582054	121	0.236897275	4.15385	0.43495	39.66973	0.61845	0.05462	-1.00000	-1.00000
28210	Bishop	Cluster	un	12582713	82	0.464285714	2.38462	0.20446	27.81217	0.37742	0.02098	-1.00000	-1.00000
28211	Bishop	Cluster	un	12583486	33	0.016354234	0.11494	0.01283	1.02946	0.93952	0.12411	-1.00000	-1.00000
28216	Bishop	Cluster	un	12585901	157	0.228675136	0.29032	0.02849	2.95801	0.53712	0.03827	-1.00000	-1.00000
28217	Bishop	Cluster	un	12586749	202	0.500000000	0.48148	0.04113	5.63661	0.31742	0.01961	-1.00000	-1.00000
28224	Bishop	Cluster	un	12589915	102	0.007090887	0.09677	0.01108	0.84530	1.01424	0.13846	-1.00000	-1.00000
28230	Bishop	Cluster	un	12594931	88	0.009307886	0.10599	0.01218	0.92241	0.97473	0.12363	-1.00000	-1.00000
28247	Bishop	Cluster	un	12605033	8	0.025728988	7.25000	0.81543	64.45982	0.86034	0.09804	-1.00000	-1.00000
28260	Bishop	Cluster	un	12612503	77	0.000000000	113.66666	12.76690	1012.00061	2.05563	0.69231	-1.00000	-1.00000
28265	Bishop	Cluster	un	12614871	41	0.000000893	38.66667	4.59785	325.17648	1.58734	0.41420	-1.00000	-1.00000
28277	Bishop	Cluster	un	12621732	125	0.027112779	3.88889	1.17775	12.84101	0.58983	0.10000	-1.00000	-1.00000
28288	Bishop	Cluster	un	12625883	40	0.021448606	7.75000	0.87337	68.77064	0.88930	0.10108	-1.00000	-1.00000
28290	Bishop	Cluster	un	12626701	17	0.491833031	3.00000	0.29452	30.55776	0.47712	0.03333	-1.00000	-1.00000
28293	Bishop	Cluster	un	12628715	363	1.000000000	1.00000	0.05965	16.76418	0.00000	0.00000	-1.00000	-1.00000
28302	Bishop	Cluster	un	12630876	58	0.020799934	0.12644	0.01417	1.12790	0.89813	0.10989	-1.00000	-1.00000
28304	Bishop	Cluster	un	12632480	26	0.000340442	9.50000	2.63683	34.22667	0.97772	0.25485	-1.00000	-1.00000
28306	Bishop	Cluster	un	12633386	88	1.000000000	1.16667	0.23379	5.82182	0.06695	0.00068	-1.00000	-1.00000
28309	Bishop	Cluster	un	12634173	13	0.106170599	0.20968	0.02205	1.99431	0.67845	0.05844	-1.00000	-1.00000
28311	Bishop	Cluster	un	12635884	22	0.515906511	1.66667	0.42238	6.57643	0.22185	0.01035	-1.00000	-1.00000
28312	Bishop	Cluster	un	12636998	434	0.481481481	0.44828	0.03837	5.23742	0.34845	0.02032	-1.00000	-1.00000
28335	Bishop	Cluster	un	12645638	404	0.228675136	0.29032	0.02849	2.95801	0.53712	0.03827	-1.00000	-1.00000
28336	Bishop	Cluster	un	12646103	8	1.000000000	0.90909	0.20034	4.12530	0.04139	0.00031	-1.00000	-1.00000
28345	Bishop	Cluster	un	12648500	393	0.244680851	0.30667	0.02975	3.16133	0.51333	0.04348	-1.00000	-1.00000
28346	Bishop	Cluster	un	12648985	63	0.208144796	0.26437	0.02576	2.71292	0.57779	0.04667	-1.00000	-1.00000
28350	Bishop	Cluster	un	12650693	227	0.500000000	0.48276	0.04141	5.62819	0.31627	0.01818	-1.00000	-1.00000
28354	Bishop	Cluster	un	12653742	146	0.482758621	2.21429	0.19026	25.77014	0.34523	0.01880	-1.00000	-1.00000
28355	Bishop	Cluster	un	12654435	104	0.245762712	3.20690	0.31542	32.60509	0.50608	0.03448	-1.00000	-1.00000
28356	Bishop	Cluster	un	12655215	120	0.500000000	2.07143	0.17768	24.14955	0.31627	0.01818	-1.00000	-1.00000
28357	Bishop	Cluster	un	12656240	303	0.481481481	0.44828	0.03837	5.23742	0.34845	0.02032	-1.00000	-1.00000
28362	Bishop	Cluster	un	12659248	106	0.001621509	0.07527	0.00886	0.63910	1.12338	0.17143	-1.00000	-1.00000
28372	Bishop	Cluster	un	12663209	359	0.464285714	0.41935	0.03596	4.89101	0.37742	0.02098	-1.00000	-1.00000
28374	Bishop	Cluster	un	12663928	387	0.227113906	0.28736	0.02808	2.94037	0.54158	0.04142	-1.00000	-1.00000
28384	Bishop	Cluster	un	12667794	127	0.001501515	0.07280	0.00852	0.62214	1.13789	0.18729	-1.00000	-1.00000
28388	Bishop	Cluster	un	12670027	113	0.000000001	79.75000	9.27583	685.65979	1.90173	0.60000	-1.00000	-1.00000
28390	Bishop	Cluster	un	12671623	67	0.040703531	0.14839	0.01622	1.35779	0.82860	0.08876	-1.00000	-1.00000
28402	Bishop	Cluster	un	12674843	57	0.491833031	3.00000	0.29452	30.55776	0.47712	0.03333	-1.00000	-1.00000
28422	Bishop	Cluster	un	12684549	332	0.500000000	0.48387	0.04165	5.62086	0.31527	0.01695	-1.00000	-1.00000
28436	Bishop	Cluster	un	12691799	18	0.005220156	10.56522	1.24359	89.75964	1.02388	0.14444	-1.00000	-1.00000
28438	Bishop	Cluster	un	12692692	35	0.039250162	0.14483	0.01574	1.33255	0.83915	0.09722	-1.00000	-1.00000
28439	Bishop	Cluster	un	12693770	285	1.000000000	0.55556	0.04765	6.47777	0.25527	0.01576	-1.00000	-1.00000
28455	Bishop	Cluster	un	12699085	95	0.000000062	50.09091	5.96864	420.38062	1.69976	0.47368	-1.00000	-1.00000
28458	Bishop	Cluster	un	12699954	83	0.081599742	0.17742	0.01854	1.69757	0.75100	0.07353	-1.00000	-1.00000
28473	Bishop	Cluster	un	12706751	12	0.000011865	27.12500	3.26693	225.21651	1.43337	0.30952	-1.00000	-1.00000
28479	Bishop	Cluster	un	12710958	109	0.000398507	0.06158	0.00739	0.51346	1.21054	0.20000	-1.00000	-1.00000
28485	Bishop	Cluster	un	12713363	46	0.236897275	4.15385	0.43495	39.66973	0.61845	0.05462	-1.00000	-1.00000
28487	Bishop	Cluster	un	12714577	405	0.500000000	0.48276	0.04141	5.62819	0.31627	0.01818	-1.00000	-1.00000
28497	Bishop	Cluster	un	12719273	85	0.491833031	3.00000	0.29452	30.55776	0.47712	0.03333	-1.00000	-1.00000
28504	Bishop	Cluster	un	12722387	45	0.000245867	0.05161	0.00606	0.43972	1.28724	0.25000	-1.00000	-1.00000
28509	Bishop	Cluster	un	12725808	114	0.118181818	4.46154	0.46819	42.51565	0.64948	0.05660	-1.00000	-1.00000
28514	Bishop	Cluster	un	12727285	38	1.000000000	1.80000	0.15437	20.98797	0.25527	0.01576	-1.00000	-1.00000
28516	Bishop	Cluster	un	12728147	65	0.010708738	0.10345	0.01207	0.88640	0.98528	0.12810	-1.00000	-1.00000
28520	Bishop	Cluster	un	12728988	106	0.211038961	0.26882	0.02632	2.74562	0.57054	0.04274	-1.00000	-1.00000
28522	Bishop	Cluster	un	12730577	43	0.500000000	2.06667	0.17791	24.00734	0.31527	0.01695	-1.00000	-1.00000
28525	Bishop	Cluster	un	12731467	91	0.000031385	14.92857	3.78088	58.94453	1.17402	0.33733	-1.00000	-1.00000
28528	Bishop	Cluster	un	12733984	59	0.723711243	0.70000	0.16596	2.95256	0.15490	0.00440	-1.00000	-1.00000
28533	Bishop	Cluster	un	12736305	103	0.090377461	3.00000	0.94981	9.47560	0.47712	0.06691	-1.00000	-1.00000
28534	Bishop	Cluster	un	12737068	78	0.228675136	0.29032	0.02849	2.95801	0.53712	0.03827	-1.00000	-1.00000
28557	Bishop	Cluster	un	12744139	65	0.000273662	18.75000	2.21850	158.46834	1.27300	0.26036	-1.00000	-1.00000
28561	Bishop	Cluster	un	12745831	118	1.000000000	1.93333	0.16614	22.49763	0.28631	0.01637	-1.00000	-1.00000
28564	Bishop	Cluster	un	12746630	134	1.000000000	1.93333	0.16614	22.49763	0.28631	0.01637	-1.00000	-1.00000
28568	Bishop	Cluster	un	12748321	272	1.000000000	1.92857	0.16509	22.52900	0.28524	0.01752	-1.00000	-1.00000
28570	Bishop	Cluster	un	12750088	420	0.225306122	3.52174	0.34246	36.21597	0.54676	0.04514	-1.00000	-1.00000
28574	Bishop	Cluster	un	12753092	134	0.118181818	0.22414	0.02352	2.13589	0.64948	0.05660	-1.00000	-1.00000
28578	Bishop	Cluster	un	12753980	282	0.482758621	0.45161	0.03880	5.25593	0.34523	0.01880	-1.00000	-1.00000
28583	Bishop	Cluster	un	12756185	75	1.000000000	1.10000	0.26213	4.61603	0.04139	0.00030	-1.00000	-1.00000
28592	Bishop	Cluster	un	12760197	30	0.500000000	2.07143	0.17768	24.14955	0.31627	0.01818	-1.00000	-1.00000
28593	Bishop	Cluster	un	12761428	458	0.500000000	0.48148	0.04113	5.63661	0.31742	0.01961	-1.00000	-1.00000
28599	Bishop	Cluster	un	12763523	78	0.586807972	1.37879	0.45293	4.19727	0.13950	0.00641	-1.00000	-1.00000
28604	Bishop	Cluster	un	12765981	61	0.464285714	0.41935	0.03596	4.89101	0.37742	0.02098	-1.00000	-1.00000
28609	Bishop	Cluster	un	12768383	72	0.056199822	5.74074	0.63090	52.23658	0.75897	0.07143	-1.00000	-1.00000
28614	Bishop	Cluster	un	12770789	142	0.464285714	0.41935	0.03596	4.89101	0.37742	0.02098	-1.00000	-1.00000
28617	Bishop	Cluster	un	12772334	97	0.017220725	0.11828	0.01329	1.05307	0.92709	0.11312	-1.00000	-1.00000
28618	Bishop	Cluster	un	12773138	89	0.052549084	6.69231	0.75483	59.33385	0.82558	0.08805	-1.00000	-1.00000
28646	Bishop	Cluster	un	12781454	91	0.000016247	33.46154	3.98697	280.83353	1.52455	0.31548	-1.00000	-1.00000
28647	Bishop	Cluster	un	12782448	321	1.000000000	0.55556	0.04765	6.47777	0.25527	0.01576	-1.00000	-1.00000
28656	Bishop	Cluster	un	12787493	10	0.237749546	4.14286	0.43577	39.38647	0.61730	0.05091	-1.00000	-1.00000
28658	Bishop	Cluster	un	12789234	49	0.240259740	3.85714	0.40483	36.75010	0.58627	0.04906	-1.00000	-1.00000
28666	Bishop	Cluster	un	12793785	89	0.056199822	0.17419	0.01914	1.58503	0.75897	0.07143	-1.00000	-1.00000
28668	Bishop	Cluster	un	12794478	71	0.228675136	3.44444	0.33807	35.09441	0.53712	0.03827	-1.00000	-1.00000
28673	Bishop	Cluster	un	12797968	397	1.000000000	1.92857	0.16509	22.52900	0.28524	0.01752	-1.00000	-1.00000
28676	Bishop	Cluster	un	12799268	81	0.500000000	2.06667	0.17791	24.00734	0.31527	0.01695	-1.00000	-1.00000
28677	Bishop	Cluster	un	12800107	60	0.118644068	4.42857	0.46670	42.02293	0.64626	0.05263	-1.00000	-1.00000
28685	Bishop	Cluster	un	12803239	7	0.000000001	87.00000	9.94055	761.42694	1.93952	0.63348	-1.00000	-1.00000
28693	Bishop	Cluster	un	12808291	24	0.228675136	3.44444	0.33807	35.09441	0.53712	0.03827	-1.00000	-1.00000
28695	Bishop	Cluster	un	12810277	323	1.000000000	0.52000	0.04432	6.10163	0.28400	0.01884	-1.00000	-1.00000
28705	Bishop	Cluster	un	12814135	87	0.118644068	4.42857	0.46670	42.02293	0.64626	0.05263	-1.00000	-1.00000
28720	Bishop	Cluster	un	12819648	99	0.162042422	2.36364	0.73481	7.60307	0.37358	0.04409	-1.00000	-1.00000
28734	Bishop	Cluster	un	12825891	120	0.047272578	0.15862	0.01730	1.45424	0.79964	0.08615	-1.00000	-1.00000
28750	Bishop	Cluster	un	12831489	140	1.000000000	0.60000	0.05134	7.01221	0.22185	0.01509	-1.00000	-1.00000
28762	Bishop	Cluster	un	12836648	469	0.500000000	0.48148	0.04113	5.63661	0.31742	0.01961	-1.00000	-1.00000
28769	Bishop	Cluster	un	12839360	86	0.000000003	64.40000	11.41564	363.30496	1.80889	0.58002	-1.00000	-1.00000
28775	Bishop	Cluster	un	12841172	259	0.444444444	0.38710	0.03311	4.52610	0.41218	0.02358	-1.00000	-1.00000
28781	Bishop	Cluster	un	12843866	362	1.000000000	1.00000	0.05944	16.82259	0.00000	0.00000	-1.00000	-1.00000
28806	Bishop	Cluster	un	12856156	7	0.491833031	3.00000	0.29452	30.55776	0.47712	0.03333	-1.00000	-1.00000
28808	Bishop	Cluster	un	12857802	17	0.208144796	0.26437	0.02576	2.71292	0.57779	0.04667	-1.00000	-1.00000
28818	Bishop	Cluster	un	12860315	61	0.118181818	0.22414	0.02352	2.13589	0.64948	0.05660	-1.00000	-1.00000
28823	Bishop	Cluster	un	12862385	7	0.482758621	2.21429	0.19026	25.77014	0.34523	0.01880	-1.00000	-1.00000
28830	Bishop	Cluster	un	12864884	6	1.000000000	1.00000	0.13081	7.64451	0.00000	0.00000	-1.00000	-1.00000
28839	Bishop	Cluster	un	12871223	126	0.000000001	105.00000	11.35756	970.71906	2.02119	0.71429	-1.00000	-1.00000
28843	Bishop	Cluster	un	12872822	44	0.026092774	7.15385	0.80847	63.30171	0.85454	0.09091	-1.00000	-1.00000
28844	Bishop	Cluster	un	12873615	89	0.011603269	8.82609	1.01217	76.96327	0.94577	0.12000	-1.00000	-1.00000
28845	Bishop	Cluster	un	12874382	101	1.000000000	1.93333	0.16614	22.49763	0.28631	0.01637	-1.00000	-1.00000
28846	Bishop	Cluster	un	12875154	83	0.000000252	44.81818	5.31062	378.23602	1.65145	0.45344	-1.00000	-1.00000
28859	Bishop	Cluster	un	12880876	84	0.000000000	142.60001	15.58413	1304.83789	2.15412	0.74661	-1.00000	-1.00000
28860	Bishop	Cluster	un	12881789	146	0.500000000	2.06667	0.17791	24.00734	0.31527	0.01695	-1.00000	-1.00000
28866	Bishop	Cluster	un	12884218	141	0.192872117	0.24731	0.02414	2.53324	0.60676	0.04808	-1.00000	-1.00000
28870	Bishop	Cluster	un	12886693	77	0.000172195	18.47368	2.22415	153.44177	1.26655	0.23636	-1.00000	-1.00000
28873	Bishop	Cluster	un	12887457	25	0.480000000	2.25000	0.19172	26.40626	0.35218	0.02211	-1.00000	-1.00000
28877	Bishop	Cluster	un	12889989	151	0.500000000	0.48276	0.04141	5.62819	0.31627	0.01818	-1.00000	-1.00000
28914	Bishop	Cluster	un	12907345	54	0.245762712	3.20690	0.31542	32.60509	0.50608	0.03448	-1.00000	-1.00000
28915	Bishop	Cluster	un	12908242	90	0.500000000	2.06667	0.17791	24.00734	0.31527	0.01695	-1.00000	-1.00000
28920	Bishop	Cluster	un	12912474	304	0.118181818	4.46154	0.46819	42.51565	0.64948	0.05660	-1.00000	-1.00000
28927	Bishop	Cluster	un	12914964	355	0.500000000	2.06667	0.17791	24.00734	0.31527	0.01695	-1.00000	-1.00000
28930	Bishop	Cluster	un	12915647	140	0.001501515	0.07280	0.00852	0.62214	1.13789	0.18729	-1.00000	-1.00000
28933	Bishop	Cluster	un	12916673	385	0.444444444	0.38710	0.03311	4.52610	0.41218	0.02358	-1.00000	-1.00000
28934	Bishop	Cluster	un	12917175	64	0.033599894	0.13548	0.01475	1.24418	0.86811	0.10000	-1.00000	-1.00000
28941	Bishop	Cluster	un	12919052	260	0.496855346	2.58621	0.25274	26.46334	0.41266	0.03077	-1.00000	-1.00000
28944	Bishop	Cluster	un	12920065	516	0.244680851	0.30667	0.02975	3.16133	0.51333	0.04348	-1.00000	-1.00000
28950	Bishop	Cluster	un	12922834	37	0.500000000	0.48387	0.04165	5.62086	0.31527	0.01695	-1.00000	-1.00000
28961	Bishop	Cluster	un	12925643	64	0.482758621	0.45161	0.03880	5.25593	0.34523	0.01880	-1.00000	-1.00000
28966	Bishop	Cluster	un	12929780	53	0.001348834	13.00000	2.48334	68.05341	1.11394	0.24444	-1.00000	-1.00000
28967	Bishop	Cluster	un	12930759	227	0.208144796	0.26437	0.02576	2.71292	0.57779	0.04667	-1.00000	-1.00000
28968	Bishop	Cluster	un	12931782	469	0.481481481	0.44828	0.03837	5.23742	0.34845	0.02032	-1.00000	-1.00000
28971	Bishop	Cluster	un	12933509	43	0.007830117	0.07407	0.00847	0.64806	1.13033	0.15381	-1.00000	-1.00000
28980	Bishop	Cluster	un	12935667	49	0.000596759	15.00000	1.79493	125.35281	1.17609	0.20465	-1.00000	-1.00000
28990	Bishop	Cluster	un	12941377	67	0.500000000	2.06667	0.17791	24.00734	0.31527	0.01695	-1.00000	-1.00000
28991	Bishop	Cluster	un	12942229	80	0.362176628	0.31034	0.03040	3.16783	0.50816	0.01786	-1.00000	-1.00000
28993	Bishop	Cluster	un	12943906	143	0.000094312	0.04839	0.00580	0.40356	1.31527	0.25076	-1.00000	-1.00000
28994	Bishop	Cluster	un	12944764	124	0.008914258	0.10345	0.01182	0.90538	0.98528	0.13462	-1.00000	-1.00000
29007	Bishop	Cluster	un	12951089	138	0.011437374	9.09091	1.05219	78.54564	0.95861	0.13333	-1.00000	-1.00000
29016	Bishop	Cluster	un	12956196	451	0.480000000	0.44444	0.03787	5.21605	0.35218	0.02211	-1.00000	-1.00000
29019	Bishop	Cluster	un	12956670	150	0.500000000	0.48276	0.04141	5.62819	0.31627	0.01818	-1.00000	-1.00000
29023	Bishop	Cluster	un	12958243	77	0.112852665	0.18621	0.02042	1.69763	0.73000	0.06914	-1.00000	-1.00000
29032	Bishop	Cluster	un	12963074	25	0.500000000	2.06667	0.17791	24.00734	0.31527	0.01695	-1.00000	-1.00000
29036	Bishop	Cluster	un	12965098	376	0.500000000	0.48387	0.04165	5.62086	0.31527	0.01695	-1.00000	-1.00000
29041	Bishop	Cluster	un	12969157	504	0.208144796	0.26437	0.02576	2.71292	0.57779	0.04667	-1.00000	-1.00000
29046	Bishop	Cluster	un	12971266	95	0.000355389	18.12500	2.12319	154.72722	1.25828	0.24419	-1.00000	-1.00000
29048	Bishop	Cluster	un	12972841	50	0.048259363	0.16129	0.01768	1.47141	0.79239	0.07937	-1.00000	-1.00000
29049	Bishop	Cluster	un	12973634	18	0.026092774	0.13978	0.01580	1.23690	0.85454	0.09091	-1.00000	-1.00000
29053	Bishop	Cluster	un	12976481	366	0.500000000	2.07692	0.17741	24.31412	0.31742	0.01961	-1.00000	-1.00000
29056	Bishop	Cluster	un	12977871	55	0.118181818	4.46154	0.46819	42.51565	0.64948	0.05660	-1.00000	-1.00000
29071	Bishop	Cluster	un	12983230	73	0.500000000	2.06667	0.17791	24.00734	0.31527	0.01695	-1.00000	-1.00000
29076	Bishop	Cluster	un	12985916	98	0.305862173	2.27273	0.50727	10.18254	0.35655	0.02128	-1.00000	-1.00000
29081	Bishop	Cluster	un	12989913	92	0.003150266	7.09091	1.87799	26.77386	0.85070	0.17963	-1.00000	-1.00000
29103	Bishop	Cluster	un	12997352	379	0.235918367	4.16667	0.43401	40.00140	0.61979	0.05892	-1.00000	-1.00000
29104	Bishop	Cluster	un	12998116	340	0.617021277	0.47826	0.04043	5.65781	0.32034	0.00741	-1.00000	-1.00000
29105	Bishop	Cluster	un	12999122	513	0.500000000	0.48148	0.04113	5.63661	0.31742	0.01961	-1.00000	-1.00000
29107	Bishop	Cluster	un	13000246	32	1.000000000	0.60000	0.05134	7.01221	0.22185	0.01509	-1.00000	-1.00000
29108	Bishop	Cluster	un	13001172	84	0.003465046	0.08333	0.00958	0.72459	1.07918	0.17636	-1.00000	-1.00000
29109	Bishop	Cluster	un	13001988	116	0.106170599	0.20968	0.02205	1.99431	0.67845	0.05844	-1.00000	-1.00000
29114	Bishop	Cluster	un	13005901	41	0.491833031	0.33333	0.03272	3.39531	0.47712	0.03333	-1.00000	-1.00000
29115	Bishop	Cluster	un	13006880	155	0.000288808	14.00000	2.78570	70.35938	1.14613	0.23472	-1.00000	-1.00000
29120	Bishop	Cluster	un	13008500	43	0.040703531	0.14839	0.01622	1.35779	0.82860	0.08876	-1.00000	-1.00000
29127	Bishop	Cluster	un	13011826	82	0.500000000	0.48387	0.04165	5.62086	0.31527	0.01695	-1.00000	-1.00000
29134	Bishop	Cluster	un	13016409	37	0.491833031	0.33333	0.03272	3.39531	0.47712	0.03333	-1.00000	-1.00000
29135	Bishop	Cluster	un	13017242	62	0.211038961	0.26882	0.02632	2.74562	0.57054	0.04274	-1.00000	-1.00000
29155	Bishop	Cluster	un	13027960	151	0.002076008	0.07819	0.00913	0.66975	1.10685	0.18182	-1.00000	-1.00000
29162	Bishop	Cluster	un	13032776	42	0.482758621	0.45161	0.03880	5.25593	0.34523	0.01880	-1.00000	-1.00000
29163	Bishop	Cluster	un	13033559	21	0.481481481	0.44828	0.03837	5.23742	0.34845	0.02032	-1.00000	-1.00000
29164	Bishop	Cluster	un	13034573	235	0.500000000	2.07143	0.17768	24.14955	0.31627	0.01818	-1.00000	-1.00000
29172	Bishop	Cluster	un	13038569	33	0.245454545	3.22222	0.31567	32.89072	0.50816	0.03704	-1.00000	-1.00000
29181	Bishop	Cluster	un	13041083	54	1.000000000	1.00000	0.35699	2.80122	0.00000	0.00000	-1.00000	-1.00000
29188	Bishop	Cluster	un	13044759	264	0.342212357	0.28395	0.02761	2.92002	0.54676	0.02310	-1.00000	-1.00000
29193	Bishop	Cluster	un	13047879	140	0.482758621	2.21429	0.19026	25.77014	0.34523	0.01880	-1.00000	-1.00000
29213	Bishop	Cluster	un	13055595	103	1.000000000	1.93333	0.16614	22.49763	0.28631	0.01637	-1.00000	-1.00000
29217	Bishop	Cluster	un	13057057	46	0.000000000	775.00000	46.12598	13021.40234	2.88930	1.00000	-1.00000	-1.00000
29223	Bishop	Cluster	un	13060405	31	0.011860352	0.11521	0.01328	0.99953	0.93852	0.11111	-1.00000	-1.00000
29232	Bishop	Cluster	un	13064732	518	0.500000000	0.48000	0.04081	5.64636	0.31876	0.02128	-1.00000	-1.00000
29243	Bishop	Cluster	un	13070679	28	0.000000000	775.00000	46.12598	13021.40234	2.88930	1.00000	-1.00000	-1.00000
29244	Bishop	Cluster	un	13071573	51	0.211038961	0.26882	0.02632	2.74562	0.57054	0.04274	-1.00000	-1.00000
29250	Bishop	Cluster	un	13073197	8	0.500000000	0.48387	0.04165	5.62086	0.31527	0.01695	-1.00000	-1.00000
29259	Bishop	Cluster	un	13076482	38	0.500000000	2.06667	0.17791	24.00734	0.31527	0.01695	-1.00000	-1.00000
29261	Bishop	Cluster	un	13078392	42	0.482758621	0.45161	0.03880	5.25593	0.34523	0.01880	-1.00000	-1.00000
29264	Bishop	Cluster	un	13079094	149	0.000000010	63.00000	7.38797	537.22504	1.79934	0.54622	-1.00000	-1.00000
29269	Bishop	Cluster	un	13079828	20	0.245762712	0.31183	0.03067	3.17041	0.50608	0.03448	-1.00000	-1.00000
29270	Bishop	Cluster	un	13080720	79	0.245762712	0.31183	0.03067	3.17041	0.50608	0.03448	-1.00000	-1.00000
29279	Bishop	Cluster	un	13085298	20	0.106170599	0.20968	0.02205	1.99431	0.67845	0.05844	-1.00000	-1.00000
29284	Bishop	Cluster	un	13088603	73	0.008470111	0.10053	0.01141	0.88574	0.99771	0.14773	-1.00000	-1.00000
29292	Bishop	Cluster	un	13091907	117	0.500000000	0.48387	0.04165	5.62086	0.31527	0.01695	-1.00000	-1.00000
29303	Bishop	Cluster	un	13097475	20	0.000000087	76.66666	8.49303	692.07068	1.88461	0.54239	-1.00000	-1.00000
29316	Bishop	Cluster	un	13101662	136	0.033599894	0.13548	0.01475	1.24418	0.86811	0.10000	-1.00000	-1.00000
29336	Bishop	Cluster	un	13108857	226	0.461538462	0.41379	0.03533	4.84665	0.38322	0.02288	-1.00000	-1.00000
29342	Bishop	Cluster	un	13111076	16	0.023501224	0.12169	0.01392	1.06357	0.91473	0.11607	-1.00000	-1.00000
29352	Bishop	Cluster	un	13115556	237	1.000000000	1.93333	0.16614	22.49763	0.28631	0.01637	-1.00000	-1.00000
29353	Bishop	Cluster	un	13116131	22	0.482758621	2.21429	0.19026	25.77014	0.34523	0.01880	-1.00000	-1.00000
29363	Bishop	Cluster	un	13121047	44	0.017220725	0.11828	0.01329	1.05307	0.92709	0.11312	-1.00000	-1.00000
29364	Bishop	Cluster	un	13121833	56	0.005107483	0.09333	0.01092	0.79800	1.02996	0.15584	-1.00000	-1.00000
29372	Bishop	Cluster	un	13124175	21	0.115317596	5.00000	0.54722	45.68572	0.69897	0.06667	-1.00000	-1.00000
29373	Bishop	Cluster	un	13124934	36	0.482758621	0.45161	0.03880	5.25593	0.34523	0.01880	-1.00000	-1.00000
29375	Bishop	Cluster	un	13126725	106	0.482758621	0.45161	0.03880	5.25593	0.34523	0.01880	-1.00000	-1.00000
29377	Bishop	Cluster	un	13128293	52	0.500000000	0.48387	0.04165	5.62086	0.31527	0.01695	-1.00000	-1.00000
29379	Bishop	Cluster	un	13129007	35	0.086157676	6.90476	0.75044	63.53036	0.83915	0.06571	-1.00000	-1.00000
29391	Bishop	Cluster	un	13132749	16	0.000005978	41.40000	4.84077	354.06793	1.61700	0.38737	-1.00000	-1.00000
29397	Bishop	Cluster	un	13134997	138	0.228675136	0.29032	0.02849	2.95801	0.53712	0.03827	-1.00000	-1.00000
29403	Bishop	Cluster	un	13137979	121	0.002355533	10.50000	2.09669	52.58282	1.02119	0.18513	-1.00000	-1.00000
29409	Bishop	Cluster	un	13141233	39	0.245762712	3.20690	0.31542	32.60509	0.50608	0.03448	-1.00000	-1.00000
29432	Bishop	Cluster	un	13152590	113	0.000693970	9.52381	2.35806	38.46514	0.97881	0.20591	-1.00000	-1.00000
29440	Bishop	Cluster	un	13156217	503	1.000000000	0.51852	0.04439	6.05718	0.28524	0.01752	-1.00000	-1.00000
29441	Bishop	Cluster	un	13156520	26	0.500000000	2.06667	0.17791	24.00734	0.31527	0.01695	-1.00000	-1.00000
29449	Bishop	Cluster	un	13161459	107	0.118181818	0.22414	0.02352	2.13589	0.64948	0.05660	-1.00000	-1.00000
29457	Bishop	Cluster	un	13163609	15	0.000026077	0.03763	0.00445	0.31841	1.42441	0.31977	-1.00000	-1.00000
29460	Bishop	Cluster	un	13165407	207	0.211038961	0.26882	0.02632	2.74562	0.57054	0.04274	-1.00000	-1.00000
29465	Bishop	Cluster	un	13166949	102	0.106170599	4.76923	0.50143	45.36166	0.67845	0.05844	-1.00000	-1.00000
29468	Bishop	Cluster	un	13168945	474	1.000000000	0.52000	0.04432	6.10163	0.28400	0.01884	-1.00000	-1.00000
29471	Bishop	Cluster	un	13169465	209	1.000000000	1.78571	0.15251	20.90852	0.25181	0.01681	-1.00000	-1.00000
29473	Bishop	Cluster	un	13171097	133	0.023977923	8.12000	0.93407	70.58795	0.90956	0.10769	-1.00000	-1.00000
29479	Bishop	Cluster	un	13175201	247	0.461538462	2.41667	0.20633	28.30581	0.38322	0.02288	-1.00000	-1.00000
29505	Bishop	Cluster	un	13184443	526	0.480000000	0.44444	0.03787	5.21605	0.35218	0.02211	-1.00000	-1.00000
29506	Bishop	Cluster	un	13184700	30	0.493212670	0.36000	0.03511	3.69147	0.44370	0.03429	-1.00000	-1.00000
29512	Bishop	Cluster	un	13188049	120	0.104821803	0.20690	0.02165	1.97698	0.68425	0.06335	-1.00000	-1.00000
29514	Bishop	Cluster	un	13188740	25	0.500000000	2.07143	0.17768	24.14955	0.31627	0.01818	-1.00000	-1.00000
29528	Bishop	Cluster	un	13196867	7	0.228675136	0.29032	0.02849	2.95801	0.53712	0.03827	-1.00000	-1.00000
29530	Bishop	Cluster	un	13197697	16	0.011860352	8.68000	1.00047	75.30706	0.93852	0.11111	-1.00000	-1.00000
29540	Bishop	Cluster	un	13202527	27	0.000000001	88.71429	10.15067	775.34015	1.94799	0.63839	-1.00000	-1.00000
29547	Bishop	Cluster	un	13205705	28	0.704873373	1.81159	0.38863	8.44470	0.25806	0.01042	-1.00000	-1.00000
29556	Bishop	Cluster	un	13209120	156	0.048259363	0.16129	0.01768	1.47141	0.79239	0.07937	-1.00000	-1.00000
29558	Bishop	Cluster	un	13209811	20	0.728734675	1.63636	0.40710	6.57744	0.21388	0.00870	-1.00000	-1.00000
29576	Bishop	Cluster	un	13220845	306	0.500000000	0.48148	0.04113	5.63661	0.31742	0.01961	-1.00000	-1.00000
29586	Bishop	Cluster	un	13224594	121	0.000000000	162.50000	16.97265	1555.81152	2.21085	0.79365	-1.00000	-1.00000
29590	Bishop	Cluster	un	13226515	456	0.464285714	0.41935	0.03596	4.89101	0.37742	0.02098	-1.00000	-1.00000
29594	Bishop	Cluster	un	13227815	83	0.016354234	0.11494	0.01283	1.02946	0.93952	0.12411	-1.00000	-1.00000
29596	Bishop	Cluster	un	13229195	84	0.000000000	188.50000	19.78095	1796.28625	2.27531	0.80645	-1.00000	-1.00000
29602	Bishop	Cluster	un	13231632	37	0.011860352	0.11521	0.01328	0.99953	0.93852	0.11111	-1.00000	-1.00000
29604	Bishop	Cluster	un	13233292	132	0.000149176	0.04985	0.00592	0.41989	1.30231	0.25084	-1.00000	-1.00000
29606	Bishop	Cluster	un	13235346	511	1.000000000	0.92000	0.05434	15.57603	0.03621	0.00007	-1.00000	-1.00000
29613	Bishop	Cluster	un	13238202	73	0.500000000	0.48387	0.04165	5.62086	0.31527	0.01695	-1.00000	-1.00000
29615	Bishop	Cluster	un	13239859	12	0.192872117	0.24731	0.02414	2.53324	0.60676	0.04808	-1.00000	-1.00000
29621	Bishop	Cluster	un	13243086	41	0.245762712	3.20690	0.31542	32.60509	0.50608	0.03448	-1.00000	-1.00000
29637	Bishop	Cluster	un	13250329	11	0.026092774	7.15385	0.80847	63.30171	0.85454	0.09091	-1.00000	-1.00000
29644	Bishop	Cluster	un	13253043	365	0.482758621	0.45161	0.03880	5.25593	0.34523	0.01880	-1.00000	-1.00000
29648	Bishop	Cluster	un	13254333	65	0.118644068	4.42857	0.46670	42.02293	0.64626	0.05263	-1.00000	-1.00000
29662	Bishop	Cluster	un	13260380	51	0.500000000	2.06667	0.17791	24.00734	0.31527	0.01695	-1.00000	-1.00000
29686	Bishop	Cluster	un	13268161	87	0.011603269	0.11330	0.01299	0.98798	0.94577	0.12000	-1.00000	-1.00000
29707	Bishop	Cluster	un	13276906	251	0.464285714	0.41935	0.03596	4.89101	0.37742	0.02098	-1.00000	-1.00000
29714	Bishop	Cluster	un	13281478	63	0.500000000	2.06667	0.17791	24.00734	0.31527	0.01695	-1.00000	-1.00000
29718	Bishop	Cluster	un	13283056	64	0.491833031	0.33333	0.03272	3.39531	0.47712	0.03333	-1.00000	-1.00000
29722	Bishop	Cluster	un	13284735	22	0.245762712	0.31183	0.03067	3.17041	0.50608	0.03448	-1.00000	-1.00000
29724	Bishop	Cluster	un	13286031	493	1.000000000	0.51852	0.04439	6.05718	0.28524	0.01752	-1.00000	-1.00000
29741	Bishop	Cluster	un	13290397	73	0.001501515	0.07280	0.00852	0.62214	1.13789	0.18729	-1.00000	-1.00000
29743	Bishop	Cluster	un	13291225	83	0.000116847	20.64706	2.47190	172.45865	1.31486	0.26531	-1.00000	-1.00000
29752	Bishop	Cluster	un	13294596	135	0.118644068	4.42857	0.46670	42.02293	0.64626	0.05263	-1.00000	-1.00000
29755	Bishop	Cluster	un	13295911	38	0.500000000	0.48387	0.04165	5.62086	0.31527	0.01695	-1.00000	-1.00000
29763	Bishop	Cluster	un	13299755	75	0.021448606	0.12903	0.01454	1.14498	0.88930	0.10108	-1.00000	-1.00000
29764	Bishop	Cluster	un	13300472	35	0.245762712	0.31183	0.03067	3.17041	0.50608	0.03448	-1.00000	-1.00000
29772	Bishop	Cluster	un	13304652	151	0.228675136	3.44444	0.33807	35.09441	0.53712	0.03827	-1.00000	-1.00000
29775	Bishop	Cluster	un	13306444	328	1.000000000	1.78571	0.15251	20.90852	0.25181	0.01681	-1.00000	-1.00000
29813	Bishop	Cluster	un	13319119	33	0.500000000	0.48387	0.04165	5.62086	0.31527	0.01695	-1.00000	-1.00000
29814	Bishop	Cluster	un	13320040	196	0.482758621	0.45161	0.03880	5.25593	0.34523	0.01880	-1.00000	-1.00000
29815	Bishop	Cluster	un	13320918	241	0.500000000	2.08333	0.17711	24.50678	0.31876	0.02128	-1.00000	-1.00000
29829	Bishop	Cluster	un	13327228	148	0.027715237	9.00000	1.02601	78.94656	0.95424	0.09375	-1.00000	-1.00000
29832	Bishop	Cluster	un	13327891	53	0.500000000	0.48387	0.04165	5.62086	0.31527	0.01695	-1.00000	-1.00000
29839	Bishop	Cluster	un	13331309	333	0.500000000	0.48387	0.04165	5.62086	0.31527	0.01695	-1.00000	-1.00000
29843	Bishop	Cluster	un	13332989	361	0.464285714	0.41935	0.03596	4.89101	0.37742	0.02098	-1.00000	-1.00000
29854	Bishop	Cluster	un	13338019	46	0.491833031	0.33333	0.03272	3.39531	0.47712	0.03333	-1.00000	-1.00000
29855	Bishop	Cluster	un	13338744	14	0.000000109	46.50000	5.57532	387.82544	1.66745	0.44425	-1.00000	-1.00000
29856	Bishop	Cluster	un	13339627	126	0.491833031	3.00000	0.29452	30.55776	0.47712	0.03333	-1.00000	-1.00000
29861	Bishop	Cluster	un	13342322	395	0.481481481	0.44828	0.03837	5.23742	0.34845	0.02032	-1.00000	-1.00000
29869	Bishop	Cluster	un	13346182	144	0.482758621	2.21429	0.19026	25.77014	0.34523	0.01880	-1.00000	-1.00000
29874	Bishop	Cluster	un	13348524	56	0.245762712	3.20690	0.31542	32.60509	0.50608	0.03448	-1.00000	-1.00000
29882	Bishop	Cluster	un	13353386	19	0.000000000	150.00000	15.62445	1440.05042	2.17609	0.67301	-1.00000	-1.00000
29888	Bishop	Cluster	un	13355918	59	0.106170599	0.20968	0.02205	1.99431	0.67845	0.05844	-1.00000	-1.00000
29894	Bishop	Cluster	un	13358457	120	0.500000000	0.48000	0.04081	5.64636	0.31876	0.02128	-1.00000	-1.00000
29901	Bishop	Cluster	un	13361366	15	0.444444444	0.38710	0.03311	4.52610	0.41218	0.02358	-1.00000	-1.00000
29902	Bishop	Cluster	un	13362251	138	0.118644068	4.42857	0.46670	42.02293	0.64626	0.05263	-1.00000	-1.00000
29903	Bishop	Cluster	un	13362972	19	0.026092774	0.13978	0.01580	1.23690	0.85454	0.09091	-1.00000	-1.00000
29907	Bishop	Cluster	un	13363732	7	0.000000007	62.00000	7.35951	522.31744	1.79239	0.52198	-1.00000	-1.00000
29923	Bishop	Cluster	un	13369274	20	0.040703531	0.14839	0.01622	1.35779	0.82860	0.08876	-1.00000	-1.00000
29924	Bishop	Cluster	un	13370237	157	1.000000000	1.64286	0.13993	19.28811	0.21560	0.00294	-1.00000	-1.00000
29936	Bishop	Cluster	un	13376740	148	0.000273662	18.75000	2.21850	158.46834	1.27300	0.26036	-1.00000	-1.00000
29943	Bishop	Cluster	un	13378387	305	0.482758621	0.45161	0.03880	5.25593	0.34523	0.01880	-1.00000	-1.00000
29955	Bishop	Cluster	un	13380593	82	0.055746141	0.17241	0.01886	1.57593	0.76343	0.07692	-1.00000	-1.00000
29957	Bishop	Cluster	un	13382445	335	0.482758621	0.45161	0.03880	5.25593	0.34523	0.01880	-1.00000	-1.00000
29958	Bishop	Cluster	un	13382997	119	0.245762712	0.31183	0.03067	3.17041	0.50608	0.03448	-1.00000	-1.00000
29963	Bishop	Cluster	un	13384973	364	0.461538462	2.41667	0.20633	28.30581	0.38322	0.02288	-1.00000	-1.00000
29972	Bishop	Cluster	un	13387932	23	0.112852665	0.18621	0.02042	1.69763	0.73000	0.06914	-1.00000	-1.00000
29974	Bishop	Cluster	un	13389910	381	0.444444444	0.38710	0.03311	4.52610	0.41218	0.02358	-1.00000	-1.00000
29977	Bishop	Cluster	un	13391724	431	0.228675136	0.29032	0.02849	2.95801	0.53712	0.03827	-1.00000	-1.00000
29978	Bishop	Cluster	un	13392359	309	0.493212670	2.77778	0.27089	28.48358	0.44370	0.03429	-1.00000	-1.00000
29979	Bishop	Cluster	un	13392848	23	0.500000000	2.06667	0.17791	24.00734	0.31527	0.01695	-1.00000	-1.00000
29981	Bishop	Cluster	un	13394769	282	1.000000000	1.80000	0.15437	20.98797	0.25527	0.01576	-1.00000	-1.00000
29986	Bishop	Cluster	un	13396925	44	0.192872117	0.24731	0.02414	2.53324	0.60676	0.04808	-1.00000	-1.00000
29989	Bishop	Cluster	un	13399032	452	1.000000000	0.51852	0.04439	6.05718	0.28524	0.01752	-1.00000	-1.00000
29993	Bishop	Cluster	un	13401192	144	0.711575882	1.53333	0.32894	7.14760	0.18564	0.00534	-1.00000	-1.00000
30001	Bishop	Cluster	un	13402816	141	0.000000000	155.00000	16.99050	1414.02527	2.19033	0.75630	-1.00000	-1.00000
30003	Bishop	Cluster	un	13403554	128	0.106170599	0.20968	0.02205	1.99431	0.67845	0.05844	-1.00000	-1.00000
30010	Bishop	Cluster	un	13407199	493	0.480000000	0.44444	0.03787	5.21605	0.35218	0.02211	-1.00000	-1.00000
30011	Bishop	Cluster	un	13407847	337	0.500000000	0.48387	0.04165	5.62086	0.31527	0.01695	-1.00000	-1.00000
30016	Bishop	Cluster	un	13409255	117	0.112852665	5.37037	0.58906	48.96109	0.73000	0.06914	-1.00000	-1.00000
30018	Bishop	Cluster	un	13410073	68	0.118644068	0.22581	0.02380	2.14269	0.64626	0.05263	-1.00000	-1.00000
30024	Bishop	Cluster	un	13414191	35	0.117647059	0.22222	0.02321	2.12804	0.65321	0.06122	-1.00000	-1.00000
30026	Bishop	Cluster	un	13415845	76	0.118181818	0.22414	0.02352	2.13589	0.64948	0.05660	-1.00000	-1.00000
30038	Bishop	Cluster	un	13421538	68	0.618181818	2.07692	0.17741	24.31412	0.31742	0.00629	-1.00000	-1.00000
30039	Bishop	Cluster	un	13422303	22	0.228675136	0.29032	0.02849	2.95801	0.53712	0.03827	-1.00000	-1.00000
30045	Bishop	Cluster	un	13424724	13	0.135420848	0.25641	0.04669	1.40808	0.59106	0.05023	-1.00000	-1.00000
30056	Bishop	Cluster	un	13431898	156	1.000000000	1.08696	0.06420	18.40268	0.03621	0.00007	-1.00000	-1.00000
30061	Bishop	Cluster	un	13434550	382	1.000000000	1.93333	0.16614	22.49763	0.28631	0.01637	-1.00000	-1.00000
30063	Bishop	Cluster	un	13435769	32	0.765929737	1.28571	0.38350	4.31049	0.10914	0.00308	-1.00000	-1.00000
30074	Bishop	Cluster	un	13438717	424	0.461538462	2.41667	0.20633	28.30581	0.38322	0.02288	-1.00000	-1.00000
30076	Bishop	Cluster	un	13439941	62	0.000412429	0.05806	0.00686	0.49162	1.23609	0.22095	-1.00000	-1.00000
30085	Bishop	Cluster	un	13444490	35	0.618644068	2.07143	0.17768	24.14955	0.31627	0.00585	-1.00000	-1.00000
30091	Bishop	Cluster	un	13446060	35	0.000028156	25.13333	2.99466	210.93718	1.40025	0.30769	-1.00000	-1.00000
30099	Bishop	Cluster	un	13449836	55	0.118181818	0.22414	0.02352	2.13589	0.64948	0.05660	-1.00000	-1.00000
30101	Bishop	Cluster	un	13450669	39	0.118644068	0.22581	0.02380	2.14269	0.64626	0.05263	-1.00000	-1.00000
30105	Bishop	Cluster	un	13452420	142	0.500000000	0.48387	0.04165	5.62086	0.31527	0.01695	-1.00000	-1.00000
30114	Bishop	Cluster	un	13455784	241	1.000000000	1.92308	0.16389	22.56519	0.28400	0.01884	-1.00000	-1.00000
30126	Bishop	Cluster	un	13459786	206	0.444444444	0.38710	0.03311	4.52610	0.41218	0.02358	-1.00000	-1.00000
30129	Bishop	Cluster	un	13461176	36	0.444444444	0.38710	0.03311	4.52610	0.41218	0.02358	-1.00000	-1.00000
30135	Bishop	Cluster	un	13463974	302	1.000000000	0.51724	0.04445	6.01898	0.28631	0.01637	-1.00000	-1.00000
30139	Bishop	Cluster	un	13465224	123	0.000000513	41.72727	4.93302	352.96133	1.62042	0.44444	-1.00000	-1.00000
30143	Bishop	Cluster	un	13466785	59	1.000000000	1.15789	0.37490	3.57624	0.06367	0.00120	-1.00000	-1.00000
30151	Bishop	Cluster	un	13470839	41	0.093795094	5.16667	0.54173	49.27621	0.71321	0.06531	-1.00000	-1.00000
30153	Bishop	Cluster	un	13472428	8	0.003937952	11.27273	1.31375	96.72617	1.05203	0.14706	-1.00000	-1.00000
30156	Bishop	Cluster	un	13473396	33	0.104821803	0.20690	0.02165	1.97698	0.68425	0.06335	-1.00000	-1.00000
30161	Bishop	Cluster	un	13475764	53	0.500000000	2.06667	0.17791	24.00734	0.31527	0.01695	-1.00000	-1.00000
30167	Bishop	Cluster	un	13478704	17	0.000000062	50.09091	5.96864	420.38062	1.69976	0.47368	-1.00000	-1.00000
30175	Bishop	Cluster	un	13483613	51	0.500000000	0.48387	0.04165	5.62086	0.31527	0.01695	-1.00000	-1.00000
30177	Bishop	Cluster	un	13484467	104	0.000009385	29.00000	3.45766	243.22809	1.46240	0.34146	-1.00000	-1.00000
30185	Bishop	Cluster	un	13487840	292	1.000000000	1.92308	0.16389	22.56519	0.28400	0.01884	-1.00000	-1.00000
30186	Bishop	Cluster	un	13488514	155	0.107960852	5.86957	0.63881	53.93145	0.76861	0.05333	-1.00000	-1.00000
30188	Bishop	Cluster	un	13489389	240	0.461538462	0.41379	0.03533	4.84665	0.38322	0.02288	-1.00000	-1.00000
30197	Bishop	Cluster	un	13494468	407	1.000000000	0.92593	0.05493	15.60790	0.03342	0.00005	-1.00000	-1.00000
30199	Bishop	Cluster	un	13495047	229	0.236897275	4.15385	0.43495	39.66973	0.61845	0.05462	-1.00000	-1.00000
30204	Bishop	Cluster	un	13496649	82	0.245762712	0.31183	0.03067	3.17041	0.50608	0.03448	-1.00000	-1.00000
30211	Bishop	Cluster	un	13500000	134	0.482758621	2.21429	0.19026	25.77014	0.34523	0.01880	-1.00000	-1.00000
30217	Bishop	Cluster	un	13502346	96	0.001621509	0.07527	0.00886	0.63910	1.12338	0.17143	-1.00000	-1.00000
30233	Bishop	Cluster	un	13507916	35	1.000000000	0.51852	0.04439	6.05718	0.28524	0.01752	-1.00000	-1.00000
30234	Bishop	Cluster	un	13508747	19	1.000000000	0.51724	0.04445	6.01898	0.28631	0.01637	-1.00000	-1.00000
30245	Bishop	Cluster	un	13513650	66	0.047272578	0.15862	0.01730	1.45424	0.79964	0.08615	-1.00000	-1.00000
30254	Bishop	Cluster	un	13518629	76	0.228675136	3.44444	0.33807	35.09441	0.53712	0.03827	-1.00000	-1.00000
30262	Bishop	Cluster	un	13522611	74	1.000000000	0.55556	0.04765	6.47777	0.25527	0.01576	-1.00000	-1.00000
30264	Bishop	Cluster	un	13523435	92	0.467392380	2.10000	0.46151	9.55564	0.32222	0.01892	-1.00000	-1.00000
30283	Bishop	Cluster	un	13532139	33	0.000144217	0.05172	0.00619	0.43227	1.28631	0.24444	-1.00000	-1.00000
30286	Bishop	Cluster	un	13532927	41	1.000000000	0.51724	0.04445	6.01898	0.28631	0.01637	-1.00000	-1.00000
30298	Bishop	Cluster	un	13537848	112	0.002090995	10.28571	2.00389	52.79523	1.01223	0.18797	-1.00000	-1.00000
30299	Bishop	Cluster	un	13538621	86	0.000000604	42.27273	4.98376	358.56158	1.62606	0.43750	-1.00000	-1.00000
30301	Bishop	Cluster	un	13539410	34	0.444444444	0.38710	0.03311	4.52610	0.41218	0.02358	-1.00000	-1.00000
30305	Bishop	Cluster	un	13541333	124	0.118644068	0.22581	0.02380	2.14269	0.64626	0.05263	-1.00000	-1.00000
30323	Bishop	Cluster	un	13552569	360	0.480000000	0.44444	0.03787	5.21605	0.35218	0.02211	-1.00000	-1.00000
30333	Bishop	Cluster	un	13555528	147	0.500000000	2.06667	0.17791	24.00734	0.31527	0.01695	-1.00000	-1.00000
30354	Bishop	Cluster	un	13561575	145	0.464285714	2.38462	0.20446	27.81217	0.37742	0.02098	-1.00000	-1.00000
30365	Bishop	Cluster	un	13566286	146	0.106170599	4.76923	0.50143	45.36166	0.67845	0.05844	-1.00000	-1.00000
30366	Bishop	Cluster	un	13567047	27	0.500000000	0.48387	0.04165	5.62086	0.31527	0.01695	-1.00000	-1.00000
30372	Bishop	Cluster	un	13568744	89	0.021448606	0.12903	0.01454	1.14498	0.88930	0.10108	-1.00000	-1.00000
30383	Bishop	Cluster	un	13572820	141	0.464285714	0.41935	0.03596	4.89101	0.37742	0.02098	-1.00000	-1.00000
30384	Bishop	Cluster	un	13573504	27	0.500000000	0.48387	0.04165	5.62086	0.31527	0.01695	-1.00000	-1.00000
30387	Bishop	Cluster	un	13575341	307	1.000000000	1.80000	0.15437	20.98797	0.25527	0.01576	-1.00000	-1.00000
30388	Bishop	Cluster	un	13575975	144	0.000000128	47.90909	5.68826	403.51169	1.68042	0.46154	-1.00000	-1.00000
30391	Bishop	Cluster	un	13578078	50	0.000000893	38.66667	4.59785	325.17648	1.58734	0.41420	-1.00000	-1.00000
30392	Bishop	Cluster	un	13578806	6	0.491833031	3.00000	0.29452	30.55776	0.47712	0.03333	-1.00000	-1.00000
30405	Bishop	Cluster	un	13583483	46	0.192872117	0.24731	0.02414	2.53324	0.60676	0.04808	-1.00000	-1.00000
30406	Bishop	Cluster	un	13584672	332	0.500000000	0.48148	0.04113	5.63661	0.31742	0.01961	-1.00000	-1.00000
30454	Bishop	Cluster	un	13593582	76	0.491833031	3.00000	0.29452	30.55776	0.47712	0.03333	-1.00000	-1.00000
30529	Bishop	Cluster	un	13613682	42	0.106170599	0.20968	0.02205	1.99431	0.67845	0.05844	-1.00000	-1.00000
30564	Bishop	Cluster	un	13617581	46	1.000000000	0.52000	0.04432	6.10163	0.28400	0.01884	-1.00000	-1.00000
30591	Bishop	Cluster	un	13620538	94	0.106170599	0.20968	0.02205	1.99431	0.67845	0.05844	-1.00000	-1.00000
30603	Bishop	Cluster	un	13621294	64	0.464285714	0.41935	0.03596	4.89101	0.37742	0.02098	-1.00000	-1.00000
30640	Bishop	Cluster	un	13626227	157	0.115317596	5.00000	0.54722	45.68572	0.69897	0.06667	-1.00000	-1.00000
30684	Bishop	Cluster	un	13630249	69	0.173510807	2.25000	0.72434	6.98908	0.35218	0.03840	-1.00000	-1.00000
30724	Bishop	Cluster	un	13640357	122	0.118181818	4.46154	0.46819	42.51565	0.64948	0.05660	-1.00000	-1.00000
30842	Bishop	Cluster	un	13657915	51	0.690237797	0.60000	0.12013	2.99663	0.22185	0.00756	-1.00000	-1.00000
30863	Bishop	Cluster	un	13661295	214	0.480000000	2.25000	0.19172	26.40626	0.35218	0.02211	-1.00000	-1.00000
30889	Bishop	Cluster	un	13665848	100	0.033599894	0.13548	0.01475	1.24418	0.86811	0.10000	-1.00000	-1.00000
30904	Bishop	Cluster	un	13667458	135	0.000000475	41.33333	4.92482	346.90524	1.61630	0.42214	-1.00000	-1.00000
30914	Bishop	Cluster	un	13669840	67	0.482758621	0.45161	0.03880	5.25593	0.34523	0.01880	-1.00000	-1.00000
30929	Bishop	Cluster	un	13675310	15	0.500000000	2.07143	0.17768	24.14955	0.31627	0.01818	-1.00000	-1.00000
30935	Bishop	Cluster	un	13677064	132	0.002188045	12.42857	1.46083	105.74072	1.09442	0.16667	-1.00000	-1.00000
30967	Bishop	Cluster	un	13681194	140	0.444444444	0.38710	0.03311	4.52610	0.41218	0.02358	-1.00000	-1.00000
31030	Bishop	Cluster	un	13689429	150	0.055746141	0.17241	0.01886	1.57593	0.76343	0.07692	-1.00000	-1.00000
31046	Bishop	Cluster	un	13691833	91	0.083875059	4.33333	0.81296	23.09793	0.63682	0.05910	-1.00000	-1.00000
31066	Bishop	Cluster	un	13697657	18	0.093795094	0.19355	0.02029	1.84594	0.71321	0.06531	-1.00000	-1.00000
31077	Bishop	Cluster	un	13698631	158	0.091583710	0.18966	0.01978	1.81808	0.72204	0.07143	-1.00000	-1.00000
31141	Bishop	Cluster	un	13710054	70	0.500000000	2.07143	0.17768	24.14955	0.31627	0.01818	-1.00000	-1.00000
31180	Bishop	Cluster	un	13713968	116	0.013837237	4.50000	1.38578	14.61270	0.65321	0.12250	-1.00000	-1.00000
31202	Bishop	Cluster	un	13717294	103	0.004337494	6.27273	1.81297	21.70312	0.79746	0.16989	-1.00000	-1.00000
31204	Bishop	Cluster	un	13718048	30	0.464285714	0.41935	0.03596	4.89101	0.37742	0.02098	-1.00000	-1.00000
31232	Bishop	Cluster	un	13725477	296	1.000000000	1.80000	0.15437	20.98797	0.25527	0.01576	-1.00000	-1.00000
31235	Bishop	Cluster	un	13726661	52	0.000000004	72.50000	8.39845	625.85938	1.86034	0.58462	-1.00000	-1.00000
31255	Bishop	Cluster	un	13730778	65	0.192872117	0.24731	0.02414	2.53324	0.60676	0.04808	-1.00000	-1.00000
31259	Bishop	Cluster	un	13731583	62	0.237749546	4.14286	0.43577	39.38647	0.61730	0.05091	-1.00000	-1.00000
31308	Bishop	Cluster	un	13738300	20	0.493506494	2.79310	0.27363	28.51051	0.44609	0.03210	-1.00000	-1.00000
31338	Bishop	Cluster	un	13743270	124	0.491833031	3.00000	0.29452	30.55776	0.47712	0.03333	-1.00000	-1.00000
31339	Bishop	Cluster	un	13744029	76	0.005211412	0.08756	0.00998	0.76820	1.05771	0.15625	-1.00000	-1.00000
31395	Bishop	Cluster	un	13748942	83	0.559416176	1.45714	0.43566	4.87364	0.16350	0.00781	-1.00000	-1.00000
31476	Bishop	Cluster	un	13763260	6	0.114880414	5.00000	0.54441	45.92110	0.69897	0.07143	-1.00000	-1.00000
31581	Bishop	Cluster	un	13772284	151	0.055746141	5.80000	0.63455	53.01424	0.76343	0.07692	-1.00000	-1.00000
31604	Bishop	Cluster	un	13779122	22	0.001954280	0.07258	0.00838	0.62842	1.13918	0.18617	-1.00000	-1.00000
31618	Bishop	Cluster	un	13782984	107	1.000000000	1.93333	0.16614	22.49763	0.28631	0.01637	-1.00000	-1.00000
31621	Bishop	Cluster	un	13784279	19	1.000000000	1.09091	0.31943	3.72559	0.03779	0.00036	-1.00000	-1.00000
31676	Bishop	Cluster	un	13794709	39	0.237749546	4.14286	0.43577	39.38647	0.61730	0.05091	-1.00000	-1.00000
31698	Bishop	Cluster	un	13798129	27	0.464285714	0.41935	0.03596	4.89101	0.37742	0.02098	-1.00000	-1.00000
31713	Bishop	Cluster	un	13802064	66	0.491833031	3.00000	0.29452	30.55776	0.47712	0.03333	-1.00000	-1.00000
31734	Bishop	Cluster	un	13806995	143	0.120255746	4.62963	0.50538	42.41049	0.66555	0.06400	-1.00000	-1.00000
31737	Bishop	Cluster	un	13807750	132	0.500000000	0.48276	0.04141	5.62819	0.31627	0.01818	-1.00000	-1.00000
31760	Bishop	Cluster	un	13813914	224	0.244680851	3.26087	0.31632	33.61525	0.51333	0.04348	-1.00000	-1.00000
31775	Bishop	Cluster	un	13817204	236	0.500000000	2.07692	0.17741	24.31412	0.31742	0.01961	-1.00000	-1.00000
31777	Bishop	Cluster	un	13817389	21	0.444444444	0.38710	0.03311	4.52610	0.41218	0.02358	-1.00000	-1.00000
31842	Bishop	Cluster	un	13826593	38	0.192872117	0.24731	0.02414	2.53324	0.60676	0.04808	-1.00000	-1.00000
31852	Bishop	Cluster	un	13827413	86	1.000000000	1.93333	0.16614	22.49763	0.28631	0.01637	-1.00000	-1.00000
31861	Bishop	Cluster	un	13828144	54	0.245454545	3.22222	0.31567	32.89072	0.50816	0.03704	-1.00000	-1.00000
31891	Bishop	Cluster	un	13833164	61	1.000000000	1.93333	0.16614	22.49763	0.28631	0.01637	-1.00000	-1.00000
31951	Bishop	Cluster	un	13841880	86	1.000000000	1.93333	0.16614	22.49763	0.28631	0.01637	-1.00000	-1.00000
32111	Bishop	Cluster	un	13858738	88	0.412134551	1.66667	0.54935	5.05647	0.22185	0.01574	-1.00000	-1.00000
32168	Bishop	Cluster	un	13867435	128	0.491264850	3.00000	0.29328	30.68711	0.47712	0.03571	-1.00000	-1.00000
32174	Bishop	Cluster	un	13869549	44	0.245283019	3.57143	0.37390	34.11384	0.55284	0.04706	-1.00000	-1.00000
32176	Bishop	Cluster	un	13870733	399	0.208144796	0.26437	0.02576	2.71292	0.57779	0.04667	-1.00000	-1.00000
32188	Bishop	Cluster	un	13872723	43	0.482758621	0.45161	0.03880	5.25593	0.34523	0.01880	-1.00000	-1.00000
32197	Bishop	Cluster	un	13875619	476	0.493212670	2.77778	0.27089	28.48358	0.44370	0.03429	-1.00000	-1.00000
32201	Bishop	Cluster	un	13876591	101	0.000430945	14.00000	2.70856	72.36317	1.14613	0.24143	-1.00000	-1.00000
32253	Bishop	Cluster	un	13886455	34	0.228675136	0.29032	0.02849	2.95801	0.53712	0.03827	-1.00000	-1.00000
32291	Bishop	Cluster	un	13894328	53	0.240259740	3.85714	0.40483	36.75010	0.58627	0.04906	-1.00000	-1.00000
32326	Bishop	Cluster	un	13903132	15	0.000000000	377.00000	32.26782	4404.66650	2.57634	0.92838	-1.00000	-1.00000
32331	Bishop	Cluster	un	13903933	16	0.500000000	2.07143	0.17768	24.14955	0.31627	0.01818	-1.00000	-1.00000
32359	Bishop	Cluster	un	13909526	129	0.052549084	6.69231	0.75483	59.33385	0.82558	0.08805	-1.00000	-1.00000
32425	Bishop	Cluster	un	13921756	302	0.000000007	73.28571	8.31773	645.70422	1.86502	0.60938	-1.00000	-1.00000
32470	Bishop	Cluster	un	13934098	319	1.000000000	1.80000	0.15437	20.98797	0.25527	0.01576	-1.00000	-1.00000
32602	Bishop	Cluster	un	13955146	82	0.000571559	7.77778	2.34055	25.84599	0.89086	0.21933	-1.00000	-1.00000
32612	Bishop	Cluster	un	13955970	77	0.192872117	0.24731	0.02414	2.53324	0.60676	0.04808	-1.00000	-1.00000
32625	Bishop	Cluster	un	13958766	10	1.000000000	1.80000	0.15437	20.98797	0.25527	0.01576	-1.00000	-1.00000
32737	Bishop	Cluster	un	13975608	12	0.491833031	3.00000	0.29452	30.55776	0.47712	0.03333	-1.00000	-1.00000
32744	Bishop	Cluster	un	13977399	104	0.482758621	0.45161	0.03880	5.25593	0.34523	0.01880	-1.00000	-1.00000
32750	Bishop	Cluster	un	13979085	75	0.048259363	0.16129	0.01768	1.47141	0.79239	0.07937	-1.00000	-1.00000
32759	Bishop	Cluster	un	13983197	132	0.118644068	0.22581	0.02380	2.14269	0.64626	0.05263	-1.00000	-1.00000
32863	Bishop	Cluster	un	14002799	149	0.228675136	0.29032	0.02849	2.95801	0.53712	0.03827	-1.00000	-1.00000
32876	Bishop	Cluster	un	14006080	323	0.481481481	0.44828	0.03837	5.23742	0.34845	0.02032	-1.00000	-1.00000
32887	Bishop	Cluster	un	14007481	30	0.023501224	0.12169	0.01392	1.06357	0.91473	0.11607	-1.00000	-1.00000
32922	Bishop	Cluster	un	14012196	14	1.000000000	1.92308	0.16389	22.56519	0.28400	0.01884	-1.00000	-1.00000
32936	Bishop	Cluster	un	14014981	54	0.033599894	0.13548	0.01475	1.24418	0.86811	0.10000	-1.00000	-1.00000
32997	Bishop	Cluster	un	14025536	178	0.461538462	2.41667	0.20633	28.30581	0.38322	0.02288	-1.00000	-1.00000
33088	Bishop	Cluster	un	14048948	361	0.480000000	0.44444	0.03787	5.21605	0.35218	0.02211	-1.00000	-1.00000
33131	Bishop	Cluster	un	14054747	35	0.055746141	5.80000	0.63455	53.01424	0.76343	0.07692	-1.00000	-1.00000
33137	Bishop	Cluster	un	14055625	142	0.000000326	47.22222	5.46805	407.81201	1.67415	0.50000	-1.00000	-1.00000
33161	Bishop	Cluster	un	14059341	68	0.500000000	2.07143	0.17768	24.14955	0.31627	0.01818	-1.00000	-1.00000
33191	Bishop	Cluster	un	14063392	92	0.025728988	7.25000	0.81543	64.45982	0.86034	0.09804	-1.00000	-1.00000
33258	Bishop	Cluster	un	14071066	215	1.000000000	1.66667	0.14261	19.47836	0.22185	0.01509	-1.00000	-1.00000
33279	Bishop	Cluster	un	14073404	466	0.500000000	2.07692	0.17741	24.31412	0.31742	0.01961	-1.00000	-1.00000
33289	Bishop	Cluster	un	14073819	88	0.002836355	0.08065	0.00936	0.69479	1.09342	0.16484	-1.00000	-1.00000
33366	Bishop	Cluster	un	14088421	87	0.481481481	2.23077	0.19093	26.06312	0.34845	0.02032	-1.00000	-1.00000
33503	Bishop	Cluster	un	14108366	112	0.008914258	9.66667	1.10451	84.60300	0.98528	0.13462	-1.00000	-1.00000
33546	Bishop	Cluster	un	14117726	128	1.000000000	1.66667	0.14261	19.47836	0.22185	0.01509	-1.00000	-1.00000
33551	Bishop	Cluster	un	14120076	26	0.112015456	5.40000	0.58948	49.46759	0.73239	0.07429	-1.00000	-1.00000
33715	Bishop	Cluster	un	14147984	26	0.001066945	18.33333	2.14646	156.58884	1.26324	0.20833	-1.00000	-1.00000
33757	Bishop	Cluster	un	14153415	84	0.500000000	2.07143	0.17768	24.14955	0.31627	0.01818	-1.00000	-1.00000
33815	Bishop	Cluster	un	14161809	78	0.491833031	3.00000	0.29452	30.55776	0.47712	0.03333	-1.00000	-1.00000
33869	Bishop	Cluster	un	14176616	70	1.000000000	0.92000	0.16848	5.02383	0.03621	0.00017	-1.00000	-1.00000
34320	Bishop	Cluster	un	14207478	123	0.327683847	0.26437	0.02576	2.71292	0.57779	0.02525	-1.00000	-1.00000
36044	Bishop	Cluster	un	14280149	18	0.211038961	0.26882	0.02632	2.74562	0.57054	0.04274	-1.00000	-1.00000
36161	Bishop	Cluster	un	14284906	86	0.496855346	2.58621	0.25274	26.46334	0.41266	0.03077	-1.00000	-1.00000
36367	Bishop	Cluster	un	14290113	154	0.000022275	0.03704	0.00436	0.31445	1.43136	0.34211	-1.00000	-1.00000
36746	Bishop	Cluster	un	14314025	142	0.500000000	0.48387	0.04165	5.62086	0.31527	0.01695	-1.00000	-1.00000
36992	Bishop	Cluster	un	14326572	91	0.000245867	0.05161	0.00606	0.43972	1.28724	0.25000	-1.00000	-1.00000
37222	Bishop	Cluster	un	14342451	13	0.000368554	0.05956	0.00710	0.49986	1.22504	0.21739	-1.00000	-1.00000
37372	Bishop	Cluster	un	14355343	146	0.245762712	3.20690	0.31542	32.60509	0.50608	0.03448	-1.00000	-1.00000
37690	Bishop	Cluster	un	14364937	323	0.500000000	0.48276	0.04141	5.62819	0.31627	0.01818	-1.00000	-1.00000
39589	Bishop	Cluster	un	14424558	137	0.008782269	5.43636	1.54665	19.10838	0.73531	0.14476	-1.00000	-1.00000
41108	Bishop	Cluster	un	14466054	102	0.464285714	2.38462	0.20446	27.81217	0.37742	0.02098	-1.00000	-1.00000
42334	Bishop	Cluster	un	14509553	58	0.103265306	0.20370	0.02120	1.95699	0.69100	0.06915	-1.00000	-1.00000
42384	Bishop	Cluster	un	14510790	478	0.480000000	0.44444	0.03787	5.21605	0.35218	0.02211	-1.00000	-1.00000
43320	Bishop	Cluster	un	14520877	33	0.040703531	0.14839	0.01622	1.35779	0.82860	0.08876	-1.00000	-1.00000
43951	Bishop	Cluster	un	14529453	9	0.001272094	9.33333	2.25021	38.71241	0.97004	0.21360	-1.00000	-1.00000
44660	Bishop	Cluster	un	14540881	139	0.000335760	0.05724	0.00677	0.48417	1.24231	0.23810	-1.00000	-1.00000
47367	Bishop	Cluster	un	14573225	12	0.409176437	2.40000	0.39745	14.49233	0.38021	0.01904	-1.00000	-1.00000
48023	Bishop	Cluster	un	14582805	28	0.025116561	7.60870	0.86830	66.67275	0.88131	0.11180	-1.00000	-1.00000
50809	Bishop	Cluster	un	14607058	20	0.000000127	41.66667	8.34270	208.09955	1.61979	0.53131	-1.00000	-1.00000
51164	Bishop	Cluster	un	14611942	61	0.480000000	0.44444	0.03787	5.21605	0.35218	0.02211	-1.00000	-1.00000
52022	Bishop	Cluster	un	14619438	299	0.245454545	3.22222	0.31567	32.89072	0.50816	0.03704	-1.00000	-1.00000
52792	Bishop	Cluster	un	14628509	189	0.481481481	0.44828	0.03837	5.23742	0.34845	0.02032	-1.00000	-1.00000
53335	Bishop	Cluster	un	14632950	562	1.000000000	0.51852	0.04439	6.05718	0.28524	0.01752	-1.00000	-1.00000
53992	Bishop	Cluster	un	14637069	61	0.444444444	0.38710	0.03311	4.52610	0.41218	0.02358	-1.00000	-1.00000
55001	Bishop	Cluster	un	14646587	87	0.482758621	0.45161	0.03880	5.25593	0.34523	0.01880	-1.00000	-1.00000
55471	Bishop	Cluster	un	14647522	257	0.500000000	0.48387	0.04165	5.62086	0.31527	0.01695	-1.00000	-1.00000
55477	Bishop	Cluster	un	14648186	65	1.000000000	0.51724	0.04445	6.01898	0.28631	0.01637	-1.00000	-1.00000
56588	Bishop	Cluster	un	14659768	33	0.461538462	0.41379	0.03533	4.84665	0.38322	0.02288	-1.00000	-1.00000
56622	Bishop	Cluster	un	14663375	318	0.491264850	3.00000	0.29328	30.68711	0.47712	0.03571	-1.00000	-1.00000
56693	Bishop	Cluster	un	14665537	32	0.086580306	4.36364	0.83470	22.81222	0.63985	0.06105	-1.00000	-1.00000
57257	Bishop	Cluster	un	14670883	122	0.245454545	0.31034	0.03040	3.16783	0.50816	0.03704	-1.00000	-1.00000
57555	Bishop	Cluster	un	14678693	38	0.500000000	2.06667	0.17791	24.00734	0.31527	0.01695	-1.00000	-1.00000
57653	Bishop	Cluster	un	14680323	76	0.000023787	25.00000	2.99156	208.92136	1.39794	0.31579	-1.00000	-1.00000
58361	Bishop	Cluster	un	14686870	150	0.500000000	0.48148	0.04113	5.63661	0.31742	0.01961	-1.00000	-1.00000
60513	Bishop	Cluster	un	14693292	61	0.464285714	0.41935	0.03596	4.89101	0.37742	0.02098	-1.00000	-1.00000
61268	Bishop	Cluster	un	14697661	393	0.482758621	0.45161	0.03880	5.25593	0.34523	0.01880	-1.00000	-1.00000
61727	Bishop	Cluster	un	14699862	81	0.000977321	0.06513	0.00758	0.55974	1.18619	0.21212	-1.00000	-1.00000
63935	Bishop	Cluster	un	14714205	105	0.500000000	0.48276	0.04141	5.62819	0.31627	0.01818	-1.00000	-1.00000
66060	Bishop	Cluster	un	14725453	384	0.225306122	3.52174	0.34246	36.21597	0.54676	0.04514	-1.00000	-1.00000
66182	Bishop	Cluster	un	14725883	29	0.228675136	0.29032	0.02849	2.95801	0.53712	0.03827	-1.00000	-1.00000
66500	Bishop	Cluster	un	14728468	71	1.000000000	1.93333	0.16614	22.49763	0.28631	0.01637	-1.00000	-1.00000
67404	Bishop	Cluster	un	14737422	24	0.480000000	2.25000	0.19172	26.40626	0.35218	0.02211	-1.00000	-1.00000
67515	Bishop	Cluster	un	14738968	107	0.000026077	0.03763	0.00445	0.31841	1.42441	0.31977	-1.00000	-1.00000
67668	Bishop	Cluster	un	14742271	117	0.500000000	2.06667	0.17791	24.00734	0.31527	0.01695	-1.00000	-1.00000
68249	Bishop	Cluster	un	14754518	334	0.491833031	3.00000	0.29452	30.55776	0.47712	0.03333	-1.00000	-1.00000
68267	Bishop	Cluster	un	14756011	54	1.000000000	1.78571	0.15251	20.90852	0.25181	0.01681	-1.00000	-1.00000
68507	Bishop	Cluster	un	14760592	101	0.500000000	0.48276	0.04141	5.62819	0.31627	0.01818	-1.00000	-1.00000
69000	Bishop	Cluster	un	14764682	100	0.500000000	2.08333	0.17711	24.50678	0.31876	0.02128	-1.00000	-1.00000
69741	Bishop	Cluster	un	14772879	151	0.237749546	4.14286	0.43577	39.38647	0.61730	0.05091	-1.00000	-1.00000
70431	Bishop	Cluster	un	14775219	77	0.000001228	38.63636	4.55546	327.68777	1.58700	0.43439	-1.00000	-1.00000
70869	Bishop	Cluster	un	14779170	39	0.565303853	0.60606	0.19388	1.89448	0.21748	0.01435	-1.00000	-1.00000
71652	Bishop	Cluster	un	14785986	155	0.211038961	0.26882	0.02632	2.74562	0.57054	0.04274	-1.00000	-1.00000
72937	Bishop	Cluster	un	14800215	61	0.091583710	0.18966	0.01978	1.81808	0.72204	0.07143	-1.00000	-1.00000
73628	Bishop	Cluster	un	14805132	91	0.245454545	3.22222	0.31567	32.89072	0.50816	0.03704	-1.00000	-1.00000
74918	Bishop	Cluster	un	14816192	337	0.117021277	4.54545	0.47195	43.77839	0.65758	0.06667	-1.00000	-1.00000
76350	Bishop	Cluster	un	14827656	20	0.500000000	2.07143	0.17768	24.14955	0.31627	0.01818	-1.00000	-1.00000
76433	Bishop	Cluster	un	14828665	86	0.481481481	2.23077	0.19093	26.06312	0.34845	0.02032	-1.00000	-1.00000
76520	Bishop	Cluster	un	14829713	315	0.480000000	0.44444	0.03787	5.21605	0.35218	0.02211	-1.00000	-1.00000
76693	Bishop	Cluster	un	14831171	127	0.500000000	2.07143	0.17768	24.14955	0.31627	0.01818	-1.00000	-1.00000
76733	Bishop	Cluster	un	14832914	243	0.444444444	0.38710	0.03311	4.52610	0.41218	0.02358	-1.00000	-1.00000
76975	Bishop	Cluster	un	14835876	48	0.211038961	3.72000	0.36422	37.99496	0.57054	0.04274	-1.00000	-1.00000
77208	Bishop	Cluster	un	14840179	331	0.461538462	0.41379	0.03533	4.84665	0.38322	0.02288	-1.00000	-1.00000
77846	Bishop	Cluster	un	14847358	332	0.481481481	0.44828	0.03837	5.23742	0.34845	0.02032	-1.00000	-1.00000
78158	Bishop	Cluster	un	14850374	141	0.006355156	0.14286	0.03350	0.60928	0.84510	0.16364	-1.00000	-1.00000
78570	Bishop	Cluster	un	14853747	306	0.464285714	0.41935	0.03596	4.89101	0.37742	0.02098	-1.00000	-1.00000
79011	Bishop	Cluster	un	14858599	204	0.444444444	0.38710	0.03311	4.52610	0.41218	0.02358	-1.00000	-1.00000
79419	Bishop	Cluster	un	14859930	8	0.240259740	3.85714	0.40483	36.75010	0.58627	0.04906	-1.00000	-1.00000
79768	Bishop	Cluster	un	14863421	383	0.500000000	0.48276	0.04141	5.62819	0.31627	0.01818	-1.00000	-1.00000
80362	Bishop	Cluster	un	14867338	418	1.000000000	0.56000	0.04783	6.55691	0.25181	0.01681	-1.00000	-1.00000
81377	Bishop	Cluster	un	14873061	40	0.211038961	0.26882	0.02632	2.74562	0.57054	0.04274	-1.00000	-1.00000
81898	Bishop	Cluster	un	14876304	35	0.120255746	4.62963	0.50538	42.41049	0.66555	0.06400	-1.00000	-1.00000
81926	Bishop	Cluster	un	14878164	226	0.192872117	0.24731	0.02414	2.53324	0.60676	0.04808	-1.00000	-1.00000
81971	Bishop	Cluster	un	14880509	98	0.236897275	4.15385	0.43495	39.66973	0.61845	0.05462	-1.00000	-1.00000
82538	Bishop	Cluster	un	14884931	380	1.000000000	0.51724	0.04445	6.01898	0.28631	0.01637	-1.00000	-1.00000
83988	Bishop	Cluster	un	14894633	150	0.500000000	2.06667	0.17791	24.00734	0.31527	0.01695	-1.00000	-1.00000
84174	Bishop	Cluster	un	14896271	151	0.237749546	4.14286	0.43577	39.38647	0.61730	0.05091	-1.00000	-1.00000
84744	Bishop	Cluster	un	14899645	397	0.500000000	0.48000	0.04081	5.64636	0.31876	0.02128	-1.00000	-1.00000
84786	Bishop	Cluster	un	14900366	334	0.500000000	2.08333	0.17711	24.50678	0.31876	0.02128	-1.00000	-1.00000
85812	Bishop	Cluster	un	14919123	65	1.000000000	1.80000	0.15437	20.98797	0.25527	0.01576	-1.00000	-1.00000
86096	Bishop	Cluster	un	14932575	25	0.051107251	6.81818	0.76063	61.11749	0.83367	0.10256	-1.00000	-1.00000
86597	Bishop	Cluster	un	14957415	32	0.106170599	4.76923	0.50143	45.36166	0.67845	0.05844	-1.00000	-1.00000
87927	Bishop	Cluster	un	14985530	382	0.227113906	0.28736	0.02808	2.94037	0.54158	0.04142	-1.00000	-1.00000
88803	Bishop	Cluster	un	15002590	201	1.000000000	1.93333	0.16614	22.49763	0.28631	0.01637	-1.00000	-1.00000
88881	Bishop	Cluster	un	15004059	98	0.093795094	0.19355	0.02029	1.84594	0.71321	0.06531	-1.00000	-1.00000
89054	Bishop	Cluster	un	15010474	71	0.115317596	5.00000	0.54722	45.68572	0.69897	0.06667	-1.00000	-1.00000
89077	Bishop	Cluster	un	15011247	95	0.198581560	0.21739	0.02242	2.10802	0.66276	0.04186	-1.00000	-1.00000
89161	Bishop	Cluster	un	15013713	81	1.000000000	1.64286	0.13993	19.28811	0.21560	0.00294	-1.00000	-1.00000
89228	Bishop	Cluster	un	15016946	112	0.235918367	0.24000	0.02500	2.30408	0.61979	0.05892	-1.00000	-1.00000
89255	Bishop	Cluster	un	15019496	283	0.228675136	3.44444	0.33807	35.09441	0.53712	0.03827	-1.00000	-1.00000
89814	Bishop	Cluster	un	15024137	377	0.500000000	0.48000	0.04081	5.64636	0.31876	0.02128	-1.00000	-1.00000
89903	Bishop	Cluster	un	15025727	390	0.118181818	4.46154	0.46819	42.51565	0.64948	0.05660	-1.00000	-1.00000
90306	Bishop	Cluster	un	15027435	463	0.480000000	0.44444	0.03787	5.21605	0.35218	0.02211	-1.00000	-1.00000
90355	Bishop	Cluster	un	15027957	209	0.481481481	0.44828	0.03837	5.23742	0.34845	0.02032	-1.00000	-1.00000
90808	Bishop	Cluster	un	15036338	131	0.493506494	2.79310	0.27363	28.51051	0.44609	0.03210	-1.00000	-1.00000
90818	Bishop	Cluster	un	15037151	122	0.048259363	6.20000	0.67962	56.56101	0.79239	0.07937	-1.00000	-1.00000
90847	Bishop	Cluster	un	15038186	396	1.000000000	0.55556	0.04765	6.47777	0.25527	0.01576	-1.00000	-1.00000
91060	Bishop	Cluster	un	15041839	35	0.041212230	5.68421	1.09583	29.48465	0.75467	0.09201	-1.00000	-1.00000
91500	Bishop	Cluster	un	15049743	35	0.000000001	99.00000	15.17159	646.01013	1.99564	0.66234	-1.00000	-1.00000
91818	Bishop	Cluster	un	15054641	34	0.081599742	0.17742	0.01854	1.69757	0.75100	0.07353	-1.00000	-1.00000
92349	Bishop	Cluster	un	15064413	196	0.500000000	0.48276	0.04141	5.62819	0.31627	0.01818	-1.00000	-1.00000
92520	Bishop	Cluster	un	15068740	451	0.482758621	0.45161	0.03880	5.25593	0.34523	0.01880	-1.00000	-1.00000
92736	Bishop	Cluster	un	15071496	53	0.000015337	27.00000	3.23956	225.03064	1.43136	0.32500	-1.00000	-1.00000
92914	Bishop	Cluster	un	15075478	204	1.000000000	1.80000	0.15437	20.98797	0.25527	0.01576	-1.00000	-1.00000
93049	Bishop	Cluster	un	15080159	261	1.000000000	0.85185	0.05042	14.39326	0.06964	0.00024	-1.00000	-1.00000
93935	Bishop	Cluster	un	15087195	149	0.208144796	0.26437	0.02576	2.71292	0.57779	0.04667	-1.00000	-1.00000
95759	Bishop	Cluster	un	15098602	198	1.000000000	1.80000	0.15437	20.98797	0.25527	0.01576	-1.00000	-1.00000
95957	Bishop	Cluster	un	15102547	158	1.000000000	0.91667	0.20416	4.11573	0.03779	0.00024	-1.00000	-1.00000
96217	Bishop	Cluster	un	15105089	412	1.000000000	1.92857	0.16509	22.52900	0.28524	0.01752	-1.00000	-1.00000
96325	Bishop	Cluster	un	15105518	33	0.500000000	2.06667	0.17791	24.00734	0.31527	0.01695	-1.00000	-1.00000
96547	Bishop	Cluster	un	15107999	49	0.491833031	0.33333	0.03272	3.39531	0.47712	0.03333	-1.00000	-1.00000
98965	Bishop	Cluster	un	15131205	453	0.464285714	0.41935	0.03596	4.89101	0.37742	0.02098	-1.00000	-1.00000
100904	Bishop	Cluster	un	15139680	105	1.000000000	1.93333	0.16614	22.49763	0.28631	0.01637	-1.00000	-1.00000
101010	Bishop	Cluster	un	15141387	24	0.112015456	5.40000	0.58948	49.46759	0.73239	0.07429	-1.00000	-1.00000
101094	Bishop	Cluster	un	15143043	37	0.240259740	3.85714	0.40483	36.75010	0.58627	0.04906	-1.00000	-1.00000
101252	Bishop	Cluster	un	15145961	429	1.000000000	1.66667	0.14261	19.47836	0.22185	0.01509	-1.00000	-1.00000
105368	Bishop	Cluster	un	15181074	52	0.112852665	0.18621	0.02042	1.69763	0.73000	0.06914	-1.00000	-1.00000
105485	Bishop	Cluster	un	15181901	23	0.026092774	7.15385	0.80847	63.30171	0.85454	0.09091	-1.00000	-1.00000
105543	Bishop	Cluster	un	15183457	49	0.000000000	372.00000	31.81549	4349.58008	2.57054	0.92742	-1.00000	-1.00000
106426	Bishop	Cluster	un	15185722	62	0.193752973	5.43478	0.58997	50.06475	0.73518	0.04962	-1.00000	-1.00000
107988	Bishop	Cluster	un	15198778	204	1.000000000	0.92593	0.05493	15.60790	0.03342	0.00005	-1.00000	-1.00000
108824	Bishop	Cluster	un	15206471	58	0.482758621	2.21429	0.19026	25.77014	0.34523	0.01880	-1.00000	-1.00000
110192	Bishop	Cluster	un	15215304	13	0.237749546	4.14286	0.43577	39.38647	0.61730	0.05091	-1.00000	-1.00000
110456	Bishop	Cluster	un	15223035	434	0.500000000	2.08333	0.17711	24.50678	0.31876	0.02128	-1.00000	-1.00000
111667	Bishop	Cluster	un	15230236	316	1.000000000	0.51724	0.04445	6.01898	0.28631	0.01637	-1.00000	-1.00000
113572	Bishop	Cluster	un	15235090	385	0.461538462	0.41379	0.03533	4.84665	0.38322	0.02288	-1.00000	-1.00000
114892	Bishop	Cluster	un	15245782	454	0.480000000	0.44444	0.03787	5.21605	0.35218	0.02211	-1.00000	-1.00000
116147	Bishop	Cluster	un	15253364	33	0.500000000	2.07692	0.17741	24.31412	0.31742	0.01961	-1.00000	-1.00000
117278	Bishop	Cluster	un	15264744	157	0.011603269	8.82609	1.01217	76.96327	0.94577	0.12000	-1.00000	-1.00000
117348	Bishop	Cluster	un	15266290	80	0.005211412	0.08756	0.00998	0.76820	1.05771	0.15625	-1.00000	-1.00000
117443	Bishop	Cluster	un	15267942	16	0.000000513	41.72727	4.93302	352.96133	1.62042	0.44444	-1.00000	-1.00000
117629	Bishop	Cluster	un	15269642	99	0.500000000	0.48148	0.04113	5.63661	0.31742	0.01961	-1.00000	-1.00000
118440	Bishop	Cluster	un	15276924	85	0.000001258	35.42857	4.26700	294.16031	1.54935	0.37375	-1.00000	-1.00000
119136	Bishop	Cluster	un	15283066	323	0.481481481	0.44828	0.03837	5.23742	0.34845	0.02032	-1.00000	-1.00000
119779	Bishop	Cluster	un	15286044	51	1.000000000	1.80000	0.15437	20.98797	0.25527	0.01576	-1.00000	-1.00000
121232	Bishop	Cluster	un	15302842	56	0.482758621	2.21429	0.19026	25.77014	0.34523	0.01880	-1.00000	-1.00000
121847	Bishop	Cluster	un	15306347	416	0.444444444	0.38710	0.03311	4.52610	0.41218	0.02358	-1.00000	-1.00000
122508	Bishop	Cluster	un	15306872	59	0.245454545	3.22222	0.31567	32.89072	0.50816	0.03704	-1.00000	-1.00000
122591	Bishop	Cluster	un	15308441	95	0.192872117	4.04348	0.39475	41.41771	0.60676	0.04808	-1.00000	-1.00000
122800	Bishop	Cluster	un	15311072	252	1.000000000	1.80000	0.15437	20.98797	0.25527	0.01576	-1.00000	-1.00000
122928	Bishop	Cluster	un	15315739	27	1.000000000	0.85185	0.05042	14.39326	0.06964	0.00024	-1.00000	-1.00000
123191	Bishop	Cluster	un	15325388	74	0.112015456	0.18519	0.02022	1.69642	0.73239	0.07429	-1.00000	-1.00000
123279	Bishop	Cluster	un	15329589	191	0.464285714	0.41935	0.03596	4.89101	0.37742	0.02098	-1.00000	-1.00000
126364	Bishop	Cluster	un	15352508	155	0.002933553	9.17647	1.82844	46.05439	0.96268	0.16111	-1.00000	-1.00000
126402	Bishop	Cluster	un	15353245	79	0.000849276	15.00000	1.76405	127.54709	1.17609	0.20930	-1.00000	-1.00000
126607	Bishop	Cluster	un	15355841	244	1.000000000	0.79310	0.04702	13.37737	0.10067	0.00048	-1.00000	-1.00000
127455	Bishop	Cluster	un	15360560	128	0.671391171	2.00000	0.33649	11.88740	0.30103	0.01032	-1.00000	-1.00000
127982	Bishop	Cluster	un	15366041	28	0.481481481	0.44828	0.03837	5.23742	0.34845	0.02032	-1.00000	-1.00000
128187	Bishop	Cluster	un	15371298	493	0.480000000	0.44444	0.03787	5.21605	0.35218	0.02211	-1.00000	-1.00000
128314	Bishop	Cluster	un	15374971	140	1.000000000	1.19565	0.28360	5.04081	0.07760	0.00110	-1.00000	-1.00000
128609	Bishop	Cluster	un	15380517	147	0.081599742	0.17742	0.01854	1.69757	0.75100	0.07353	-1.00000	-1.00000
128626	Bishop	Cluster	un	15381447	336	0.481481481	0.44828	0.03837	5.23742	0.34845	0.02032	-1.00000	-1.00000
128758	Bishop	Cluster	un	15383602	51	0.482758621	0.45161	0.03880	5.25593	0.34523	0.01880	-1.00000	-1.00000
129205	Bishop	Cluster	un	15394539	92	0.617647059	2.08333	0.17711	24.50678	0.31876	0.00680	-1.00000	-1.00000
129241	Bishop	Cluster	un	15396887	14	0.103265306	0.20370	0.02120	1.95699	0.69100	0.06915	-1.00000	-1.00000
129266	Bishop	Cluster	un	15398555	50	0.083574248	0.14074	0.01520	1.30344	0.85158	0.07255	-1.00000	-1.00000
129372	Bishop	Cluster	un	15401080	145	0.106170599	0.20968	0.02205	1.99431	0.67845	0.05844	-1.00000	-1.00000
129804	Bishop	Cluster	un	15407520	68	1.000000000	0.51724	0.04445	6.01898	0.28631	0.01637	-1.00000	-1.00000
130177	Bishop	Cluster	un	15409342	393	0.493212670	2.77778	0.27089	28.48358	0.44370	0.03429	-1.00000	-1.00000
130705	Bishop	Cluster	un	15414814	264	0.192872117	0.24731	0.02414	2.53324	0.60676	0.04808	-1.00000	-1.00000
130755	Bishop	Cluster	un	15416265	76	0.482758621	2.21429	0.19026	25.77014	0.34523	0.01880	-1.00000	-1.00000
130883	Bishop	Cluster	un	15417854	86	0.118644068	0.22581	0.02380	2.14269	0.64626	0.05263	-1.00000	-1.00000
131442	Bishop	Cluster	un	15424602	102	0.482758621	2.21429	0.19026	25.77014	0.34523	0.01880	-1.00000	-1.00000
131455	Bishop	Cluster	un	15426155	77	0.482758621	2.21429	0.19026	25.77014	0.34523	0.01880	-1.00000	-1.00000
131648	Bishop	Cluster	un	15430514	275	1.000000000	1.80000	0.15437	20.98797	0.25527	0.01576	-1.00000	-1.00000
132269	Bishop	Cluster	un	15443220	482	0.500000000	2.07692	0.17741	24.31412	0.31742	0.01961	-1.00000	-1.00000
132373	Bishop	Cluster	un	15447123	331	1.000000000	0.92593	0.05493	15.60790	0.03342	0.00005	-1.00000	-1.00000
132387	Bishop	Cluster	un	15448702	332	1.000000000	0.51852	0.04439	6.05718	0.28524	0.01752	-1.00000	-1.00000
132431	Bishop	Cluster	un	15449726	29	0.055222089	5.86957	0.63881	53.93145	0.76861	0.08333	-1.00000	-1.00000
132517	Bishop	Cluster	un	15451325	7	0.491833031	3.00000	0.29452	30.55776	0.47712	0.03333	-1.00000	-1.00000
132534	Bishop	Cluster	un	15452956	17	0.000144217	0.05172	0.00619	0.43227	1.28631	0.24444	-1.00000	-1.00000
133714	Bishop	Cluster	un	15464760	18	0.118644068	4.42857	0.46670	42.02293	0.64626	0.05263	-1.00000	-1.00000
133720	Bishop	Cluster	un	15465907	350	0.339557099	0.28000	0.02707	2.89628	0.55284	0.02540	-1.00000	-1.00000
133771	Bishop	Cluster	un	15466414	50	0.006611286	0.09360	0.01065	0.82280	1.02874	0.15217	-1.00000	-1.00000
133927	Bishop	Cluster	un	15469722	154	0.047272578	0.15862	0.01730	1.45424	0.79964	0.08615	-1.00000	-1.00000
136330	Bishop	Cluster	un	15490539	271	0.118181818	0.22414	0.02352	2.13589	0.64948	0.05660	-1.00000	-1.00000
136363	Bishop	Cluster	un	15491467	385	1.000000000	1.80000	0.15437	20.98797	0.25527	0.01576	-1.00000	-1.00000
137525	Bishop	Cluster	un	15496944	64	0.000066824	23.14286	2.72362	196.64680	1.36442	0.30556	-1.00000	-1.00000
137952	Bishop	Cluster	un	15503774	121	0.500000000	0.48387	0.04165	5.62086	0.31527	0.01695	-1.00000	-1.00000
138124	Bishop	Cluster	un	15506905	43	0.000000138	75.00000	8.29335	678.25403	1.87506	0.53637	-1.00000	-1.00000
139282	Bishop	Cluster	un	15512628	61	0.464285714	0.41935	0.03596	4.89101	0.37742	0.02098	-1.00000	-1.00000
139387	Bishop	Cluster	un	15513840	468	1.000000000	1.66667	0.14261	19.47836	0.22185	0.01509	-1.00000	-1.00000
140253	Bishop	Cluster	un	15515050	24	0.040703531	0.14839	0.01622	1.35779	0.82860	0.08876	-1.00000	-1.00000
140367	Bishop	Cluster	un	15515830	36	0.052944894	8.21739	0.94023	71.81789	0.91473	0.08201	-1.00000	-1.00000
140706	Bishop	Cluster	un	15519064	55	0.480000000	0.44444	0.03787	5.21605	0.35218	0.02211	-1.00000	-1.00000
142785	Bishop	Cluster	un	15532183	61	0.208144796	0.26437	0.02576	2.71292	0.57779	0.04667	-1.00000	-1.00000
143274	Bishop	Cluster	un	15535068	519	0.500000000	0.48148	0.04113	5.63661	0.31742	0.01961	-1.00000	-1.00000
143467	Bishop	Cluster	un	15538089	177	1.000000000	1.66667	0.14261	19.47836	0.22185	0.01509	-1.00000	-1.00000
143933	Bishop	Cluster	un	15542400	429	0.500000000	0.48276	0.04141	5.62819	0.31627	0.01818	-1.00000	-1.00000
144500	Bishop	Cluster	un	15545247	73	0.054624119	3.20000	1.00361	10.20321	0.50515	0.07955	-1.00000	-1.00000
144590	Bishop	Cluster	un	15546153	122	0.245283019	3.57143	0.37390	34.11384	0.55284	0.04706	-1.00000	-1.00000
144911	Bishop	Cluster	un	15552126	15	0.076562692	0.20455	0.03850	1.08663	0.68921	0.07853	-1.00000	-1.00000
145642	Bishop	Cluster	un	15554882	376	1.000000000	1.00000	0.05920	16.89051	0.00000	0.00000	-1.00000	-1.00000
145814	Bishop	Cluster	un	15555354	77	0.481481481	2.23077	0.19093	26.06312	0.34845	0.02032	-1.00000	-1.00000
146417	Bishop	Cluster	un	15560079	87	0.228675136	3.44444	0.33807	35.09441	0.53712	0.03827	-1.00000	-1.00000
148197	Bishop	Cluster	un	15564975	27	0.482758621	0.45161	0.03880	5.25593	0.34523	0.01880	-1.00000	-1.00000
148585	Bishop	Cluster	un	15565852	146	0.754298659	0.78947	0.21415	2.91046	0.10266	0.00243	-1.00000	-1.00000
151343	Bishop	Cluster	un	15575034	74	0.000017020	19.00000	4.29020	84.14520	1.27875	0.37172	-1.00000	-1.00000
151530	Bishop	Cluster	un	15577466	91	0.500000000	2.06667	0.17791	24.00734	0.31527	0.01695	-1.00000	-1.00000
152260	Bishop	Cluster	un	15587496	105	0.500000000	2.07143	0.17768	24.14955	0.31627	0.01818	-1.00000	-1.00000
152472	Bishop	Cluster	un	15589848	149	0.424934549	0.38462	0.06823	2.16800	0.41497	0.02134	-1.00000	-1.00000
152916	Bishop	Cluster	un	15596470	29	0.211038961	0.26882	0.02632	2.74562	0.57054	0.04274	-1.00000	-1.00000
153308	Bishop	Cluster	un	15600498	80	0.591938728	1.40000	0.47447	4.13090	0.14613	0.00690	-1.00000	-1.00000
154073	Bishop	Cluster	un	15609764	32	0.464285714	0.41935	0.03596	4.89101	0.37742	0.02098	-1.00000	-1.00000
154755	Bishop	Cluster	un	15616347	339	0.500000000	0.48148	0.04113	5.63661	0.31742	0.01961	-1.00000	-1.00000
155822	Bishop	Cluster	un	15626804	74	0.056199822	5.74074	0.63090	52.23658	0.75897	0.07143	-1.00000	-1.00000
155892	Bishop	Cluster	un	15628559	104	0.001669340	6.25000	1.96017	19.92815	0.79588	0.18367	-1.00000	-1.00000
156053	Bishop	Cluster	un	15631979	142	1.000000000	1.15385	0.38727	3.43781	0.06215	0.00127	-1.00000	-1.00000
156054	Bishop	Cluster	un	15632763	114	1.000000000	1.66667	0.14261	19.47836	0.22185	0.01509	-1.00000	-1.00000
156234	Bishop	Cluster	un	15639557	341	0.192872117	4.04348	0.39475	41.41771	0.60676	0.04808	-1.00000	-1.00000
156615	Bishop	Cluster	un	15645764	89	0.104821803	0.20690	0.02165	1.97698	0.68425	0.06335	-1.00000	-1.00000
156796	Bishop	Cluster	un	15648044	97	0.482758621	2.21429	0.19026	25.77014	0.34523	0.01880	-1.00000	-1.00000
157066	Bishop	Cluster	un	15655136	34	0.211038961	0.26882	0.02632	2.74562	0.57054	0.04274	-1.00000	-1.00000
157418	Bishop	Cluster	un	15657928	347	0.464285714	0.41935	0.03596	4.89101	0.37742	0.02098	-1.00000	-1.00000
157431	Bishop	Cluster	un	15658260	62	0.063270428	7.00000	0.79639	61.52789	0.84510	0.07187	-1.00000	-1.00000
157602	Bishop	Cluster	un	15660639	74	1.000000000	1.66667	0.14261	19.47836	0.22185	0.01509	-1.00000	-1.00000
157606	Bishop	Cluster	un	15661450	98	0.493506494	2.79310	0.27363	28.51051	0.44609	0.03210	-1.00000	-1.00000
157794	Bishop	Cluster	un	15666970	45	0.000000109	46.50000	5.57532	387.82544	1.66745	0.44425	-1.00000	-1.00000
157797	Bishop	Cluster	un	15667778	41	0.444444444	0.38710	0.03311	4.52610	0.41218	0.02358	-1.00000	-1.00000
157807	Bishop	Cluster	un	15668589	51	0.245762712	3.20690	0.31542	32.60509	0.50608	0.03448	-1.00000	-1.00000
159615	Bishop	Cluster	un	15690204	283	0.245454545	3.22222	0.31567	32.89072	0.50816	0.03704	-1.00000	-1.00000
160379	Bishop	Cluster	un	15702478	9	0.033599894	0.13548	0.01475	1.24418	0.86811	0.10000	-1.00000	-1.00000
160443	Bishop	Cluster	un	15704031	15	0.112852665	0.18621	0.02042	1.69763	0.73000	0.06914	-1.00000	-1.00000
161618	Bishop	Cluster	un	15722427	29	0.016354234	0.11494	0.01283	1.02946	0.93952	0.12411	-1.00000	-1.00000
161620	Bishop	Cluster	un	15723255	87	0.500000000	2.06667	0.17791	24.00734	0.31527	0.01695	-1.00000	-1.00000
161657	Bishop	Cluster	un	15724872	109	0.245762712	0.31183	0.03067	3.17041	0.50608	0.03448	-1.00000	-1.00000
161758	Bishop	Cluster	un	15727686	461	0.461538462	0.41379	0.03533	4.84665	0.38322	0.02288	-1.00000	-1.00000
161834	Bishop	Cluster	un	15728248	252	0.481481481	0.44828	0.03837	5.23742	0.34845	0.02032	-1.00000	-1.00000
161869	Bishop	Cluster	un	15729584	20	0.000648604	0.06452	0.00766	0.54351	1.19033	0.19679	-1.00000	-1.00000
163129	Bishop	Cluster	un	15739662	86	1.000000000	1.92308	0.16389	22.56519	0.28400	0.01884	-1.00000	-1.00000
163219	Bishop	Cluster	un	15742129	139	0.144425815	4.00000	0.74768	21.39966	0.60206	0.05385	-1.00000	-1.00000
163290	Bishop	Cluster	un	15744772	443	1.000000000	0.79310	0.04702	13.37737	0.10067	0.00048	-1.00000	-1.00000
163446	Bishop	Cluster	un	15747910	351	0.461538462	2.41667	0.20633	28.30581	0.38322	0.02288	-1.00000	-1.00000
163499	Bishop	Cluster	un	15748652	242	0.496855346	2.58621	0.25274	26.46334	0.41266	0.03077	-1.00000	-1.00000
164643	Bishop	Cluster	un	15767459	131	0.500000000	2.06667	0.17791	24.00734	0.31527	0.01695	-1.00000	-1.00000
165077	Bishop	Cluster	un	15770702	86	0.491833031	3.00000	0.29452	30.55776	0.47712	0.03333	-1.00000	-1.00000
165299	Bishop	Cluster	un	15772495	399	0.444444444	0.38710	0.03311	4.52610	0.41218	0.02358	-1.00000	-1.00000
165389	Bishop	Cluster	un	15774513	82	0.107963654	6.25000	0.69956	55.83867	0.79588	0.05934	-1.00000	-1.00000
168998	Bishop	Cluster	un	15799100	19	0.000000003	99.00000	11.07302	885.12469	1.99564	0.58103	-1.00000	-1.00000
169375	Bishop	Cluster	un	15805007	247	0.481481481	0.44828	0.03837	5.23742	0.34845	0.02032	-1.00000	-1.00000
169463	Bishop	Cluster	un	15806468	142	0.482758621	0.45161	0.03880	5.25593	0.34523	0.01880	-1.00000	-1.00000
169503	Bishop	Cluster	un	15808288	327	0.464285714	0.41935	0.03596	4.89101	0.37742	0.02098	-1.00000	-1.00000
169506	Bishop	Cluster	un	15809349	544	0.491264850	0.33333	0.03259	3.40968	0.47712	0.03571	-1.00000	-1.00000
169548	Bishop	Cluster	un	15809673	138	0.245762712	3.20690	0.31542	32.60509	0.50608	0.03448	-1.00000	-1.00000
169600	Bishop	Cluster	un	15811375	220	1.000000000	1.66667	0.14261	19.47836	0.22185	0.01509	-1.00000	-1.00000
169790	Bishop	Cluster	un	15818164	133	0.500000000	2.06667	0.17791	24.00734	0.31527	0.01695	-1.00000	-1.00000
169819	Bishop	Cluster	un	15818937	61	0.444444444	0.38710	0.03311	4.52610	0.41218	0.02358	-1.00000	-1.00000
170079	Bishop	Cluster	un	15826808	236	0.208144796	0.26437	0.02576	2.71292	0.57779	0.04667	-1.00000	-1.00000
170219	Bishop	Cluster	un	15831721	96	0.118644068	4.42857	0.46670	42.02293	0.64626	0.05263	-1.00000	-1.00000
170230	Bishop	Cluster	un	15832657	137	0.000028156	0.03979	0.00474	0.33393	1.40025	0.30769	-1.00000	-1.00000
170540	Bishop	Cluster	un	15840950	113	0.000368554	0.05956	0.00710	0.49986	1.22504	0.21739	-1.00000	-1.00000
171254	Bishop	Cluster	un	15855938	73	0.000016025	22.00000	4.29101	112.79401	1.34242	0.34801	-1.00000	-1.00000
171927	Bishop	Cluster	un	15869252	102	0.493506494	2.79310	0.27363	28.51051	0.44609	0.03210	-1.00000	-1.00000
171955	Bishop	Cluster	un	15869966	61	0.444444444	0.38710	0.03311	4.52610	0.41218	0.02358	-1.00000	-1.00000
172112	Bishop	Cluster	un	15872281	138	0.081599742	0.17742	0.01854	1.69757	0.75100	0.07353	-1.00000	-1.00000
172892	Bishop	Cluster	un	15884897	266	0.444444444	0.38710	0.03311	4.52610	0.41218	0.02358	-1.00000	-1.00000
172997	Bishop	Cluster	un	15887981	144	0.347472992	2.00000	0.52482	7.62167	0.30103	0.01880	-1.00000	-1.00000
173393	Bishop	Cluster	un	15892404	14	0.235918367	4.16667	0.43401	40.00140	0.61979	0.05892	-1.00000	-1.00000
173445	Bishop	Cluster	un	15895286	94	0.056199822	5.74074	0.63090	52.23658	0.75897	0.07143	-1.00000	-1.00000
173569	Bishop	Cluster	un	15896841	70	0.482758621	0.45161	0.03880	5.25593	0.34523	0.01880	-1.00000	-1.00000
174463	Bishop	Cluster	un	15916887	86	0.493506494	0.35802	0.03507	3.65452	0.44609	0.03210	-1.00000	-1.00000
175174	Bishop	Cluster	un	15928281	49	0.054609929	0.16800	0.01817	1.55315	0.77469	0.09091	-1.00000	-1.00000
175389	Bishop	Cluster	un	15934740	111	0.028312297	3.98765	1.28533	12.37148	0.60072	0.11050	-1.00000	-1.00000
175758	Bishop	Cluster	un	15944081	99	0.000335760	0.05724	0.00677	0.48417	1.24231	0.23810	-1.00000	-1.00000
175827	Bishop	Cluster	un	15947531	110	0.493506494	2.79310	0.27363	28.51051	0.44609	0.03210	-1.00000	-1.00000
175882	Bishop	Cluster	un	15950323	501	0.461538462	0.41379	0.03533	4.84665	0.38322	0.02288	-1.00000	-1.00000
175986	Bishop	Cluster	un	15955639	163	0.211038961	0.26882	0.02632	2.74562	0.57054	0.04274	-1.00000	-1.00000
176909	Bishop	Cluster	un	15974234	288	0.493506494	0.35802	0.03507	3.65452	0.44609	0.03210	-1.00000	-1.00000
177373	Bishop	Cluster	un	15981845	56	0.000992970	14.14286	1.68895	118.42857	1.15054	0.18841	-1.00000	-1.00000
177667	Bishop	Cluster	un	15988840	420	0.482758621	0.45161	0.03880	5.25593	0.34523	0.01880	-1.00000	-1.00000
177810	Bishop	Cluster	un	15989389	148	0.040703531	0.14839	0.01622	1.35779	0.82860	0.08876	-1.00000	-1.00000
177870	Bishop	Cluster	un	15990050	38	0.491833031	3.00000	0.29452	30.55776	0.47712	0.03333	-1.00000	-1.00000
178104	Bishop	Cluster	un	15992382	50	0.237749546	4.14286	0.43577	39.38647	0.61730	0.05091	-1.00000	-1.00000
178807	Bishop	Cluster	un	15995633	14	0.612440191	3.00000	0.29328	30.68711	0.47712	0.01607	-1.00000	-1.00000
179245	Bishop	Cluster	un	16000505	79	0.237749546	4.14286	0.43577	39.38647	0.61730	0.05091	-1.00000	-1.00000
179997	Bishop	Cluster	un	16006498	43	0.000000000	348.00000	29.71122	4076.03662	2.54158	0.92529	-1.00000	-1.00000
180699	Bishop	Cluster	un	16012388	372	1.000000000	1.80000	0.15437	20.98797	0.25527	0.01576	-1.00000	-1.00000
180932	Bishop	Cluster	un	16019603	68	0.245762712	3.20690	0.31542	32.60509	0.50608	0.03448	-1.00000	-1.00000
180989	Bishop	Cluster	un	16020266	39	0.000015337	27.00000	3.23956	225.03064	1.43136	0.32500	-1.00000	-1.00000
181380	Bishop	Cluster	un	16025269	265	0.464285714	0.41935	0.03596	4.89101	0.37742	0.02098	-1.00000	-1.00000
181557	Bishop	Cluster	un	16030695	19	0.025307915	10.00000	1.15273	86.75040	1.00000	0.10989	-1.00000	-1.00000
181700	Bishop	Cluster	un	16033179	14	0.000000000	434.00000	37.29122	5050.94727	2.63749	0.93318	-1.00000	-1.00000
182127	Bishop	Cluster	un	16039783	105	1.000000000	1.93333	0.16614	22.49763	0.28631	0.01637	-1.00000	-1.00000
182146	Bishop	Cluster	un	16040631	157	0.464285714	0.41935	0.03596	4.89101	0.37742	0.02098	-1.00000	-1.00000
182197	Bishop	Cluster	un	16042090	39	0.192872117	0.24731	0.02414	2.53324	0.60676	0.04808	-1.00000	-1.00000
182652	Bishop	Cluster	un	16048789	248	0.482758621	0.45161	0.03880	5.25593	0.34523	0.01880	-1.00000	-1.00000
182956	Bishop	Cluster	un	16051077	116	1.000000000	1.92857	0.16509	22.52900	0.28524	0.01752	-1.00000	-1.00000
182976	Bishop	Cluster	un	16052629	47	0.000000893	38.66667	4.59785	325.17648	1.58734	0.41420	-1.00000	-1.00000
182982	Bishop	Cluster	un	16053725	377	1.000000000	0.51852	0.04439	6.05718	0.28524	0.01752	-1.00000	-1.00000
183077	Bishop	Cluster	un	16056683	34	0.106170599	4.76923	0.50143	45.36166	0.67845	0.05844	-1.00000	-1.00000
183836	Bishop	Cluster	un	16070755	362	0.245098039	3.24000	0.31597	33.22326	0.51055	0.04000	-1.00000	-1.00000
184659	Bishop	Cluster	un	16076328	90	0.493506494	2.79310	0.27363	28.51051	0.44609	0.03210	-1.00000	-1.00000
187300	Bishop	Cluster	un	16094060	157	0.000051887	0.04301	0.00512	0.36098	1.36642	0.28205	-1.00000	-1.00000
187656	Bishop	Cluster	un	16099908	52	0.048259363	0.16129	0.01768	1.47141	0.79239	0.07937	-1.00000	-1.00000
187994	Bishop	Cluster	un	16108502	83	0.500000000	2.06667	0.17791	24.00734	0.31527	0.01695	-1.00000	-1.00000
188049	Bishop	Cluster	un	16112510	83	1.000000000	1.80000	0.15437	20.98797	0.25527	0.01576	-1.00000	-1.00000
188167	Bishop	Cluster	un	16116504	33	0.002423097	0.12000	0.02842	0.50664	0.92082	0.18687	-1.00000	-1.00000
188176	Bishop	Cluster	un	16117695	402	1.000000000	0.56000	0.04783	6.55691	0.25181	0.01681	-1.00000	-1.00000
188212	Bishop	Cluster	un	16122826	29	0.000000893	38.66667	4.59785	325.17648	1.58734	0.41420	-1.00000	-1.00000
188398	Bishop	Cluster	un	16129214	80	0.245762712	3.20690	0.31542	32.60509	0.50608	0.03448	-1.00000	-1.00000
188552	Bishop	Cluster	un	16134075	43	0.000008647	28.57143	3.41708	238.89586	1.45593	0.34749	-1.00000	-1.00000
188759	Bishop	Cluster	un	16136457	26	0.000005460	31.15385	3.70346	262.06906	1.49351	0.36842	-1.00000	-1.00000
189056	Bishop	Cluster	un	16138960	54	0.000045793	31.36364	3.66063	268.71848	1.49643	0.32863	-1.00000	-1.00000
189138	Bishop	Cluster	un	16140941	117	0.000000000	725.00000	43.08483	12199.76953	2.86034	1.00000	-1.00000	-1.00000
189280	Bishop	Cluster	un	16143238	26	0.000977321	0.06513	0.00758	0.55974	1.18619	0.21212	-1.00000	-1.00000
189324	Bishop	Cluster	un	16144454	489	1.000000000	1.78571	0.15251	20.90852	0.25181	0.01681	-1.00000	-1.00000
189350	Bishop	Cluster	un	16144763	10	0.047272578	0.15862	0.01730	1.45424	0.79964	0.08615	-1.00000	-1.00000
189523	Bishop	Cluster	un	16148051	393	0.245454545	0.31034	0.03040	3.16783	0.50816	0.03704	-1.00000	-1.00000
189580	Bishop	Cluster	un	16148519	97	0.000000149	51.00000	5.92112	439.27515	1.70757	0.50980	-1.00000	-1.00000
189852	Bishop	Cluster	un	16152849	388	1.000000000	0.84615	0.10996	6.51122	0.07255	0.00050	-1.00000	-1.00000
190146	Bishop	Cluster	un	16161536	419	0.480000000	0.44444	0.03787	5.21605	0.35218	0.02211	-1.00000	-1.00000
190268	Bishop	Cluster	un	16168559	550	0.500000000	0.48000	0.04081	5.64636	0.31876	0.02128	-1.00000	-1.00000
190634	Bishop	Cluster	un	16177123	139	0.482758621	0.45161	0.03880	5.25593	0.34523	0.01880	-1.00000	-1.00000
191110	Bishop	Cluster	un	16188571	369	0.490612245	0.33333	0.03243	3.42639	0.47712	0.03846	-1.00000	-1.00000
191150	Bishop	Cluster	un	16188943	9	0.493506494	2.79310	0.27363	28.51051	0.44609	0.03210	-1.00000	-1.00000
191306	Bishop	Cluster	un	16194223	39	0.040703531	0.14839	0.01622	1.35779	0.82860	0.08876	-1.00000	-1.00000
191317	Bishop	Cluster	un	16195192	109	0.000000000	351.00000	29.98258	4109.08643	2.54531	0.92593	-1.00000	-1.00000
191378	Bishop	Cluster	un	16198865	112	0.481481481	0.44828	0.03837	5.23742	0.34845	0.02032	-1.00000	-1.00000
191425	Bishop	Cluster	un	16203224	422	0.500000000	0.48148	0.04113	5.63661	0.31742	0.01961	-1.00000	-1.00000
191874	Bishop	Cluster	un	16208374	303	0.245098039	3.24000	0.31597	33.22326	0.51055	0.04000	-1.00000	-1.00000
192173	Bishop	Cluster	un	16213964	430	1.000000000	0.92593	0.05493	15.60790	0.03342	0.00005	-1.00000	-1.00000
193322	Bishop	Cluster	un	16226804	103	0.240259740	3.85714	0.40483	36.75010	0.58627	0.04906	-1.00000	-1.00000
193501	Bishop	Cluster	un	16231939	263	0.103265306	0.20370	0.02120	1.95699	0.69100	0.06915	-1.00000	-1.00000
193606	Bishop	Cluster	un	16235222	298	0.481481481	0.44828	0.03837	5.23742	0.34845	0.02032	-1.00000	-1.00000
194527	Bishop	Cluster	un	16239283	402	0.500000000	2.08333	0.17711	24.50678	0.31876	0.02128	-1.00000	-1.00000
194615	Bishop	Cluster	un	16242304	43	0.033599894	0.13548	0.01475	1.24418	0.86811	0.10000	-1.00000	-1.00000
194626	Bishop	Cluster	un	16243158	102	0.001501515	0.07280	0.00852	0.62214	1.13789	0.18729	-1.00000	-1.00000
195055	Bishop	Cluster	un	16247124	217	0.245454545	0.31034	0.03040	3.16783	0.50816	0.03704	-1.00000	-1.00000
195197	Bishop	Cluster	un	16248554	16	0.781961745	0.84615	0.27236	2.62880	0.07255	0.00174	-1.00000	-1.00000
195553	Bishop	Cluster	un	16252126	413	0.245454545	0.31034	0.03040	3.16783	0.50816	0.03704	-1.00000	-1.00000
195696	Bishop	Cluster	un	16254595	430	0.500000000	0.48276	0.04141	5.62819	0.31627	0.01818	-1.00000	-1.00000
196123	Bishop	Cluster	un	16259012	150	0.500000000	2.06667	0.17791	24.00734	0.31527	0.01695	-1.00000	-1.00000
196328	Bishop	Cluster	un	16267084	141	0.106170599	4.76923	0.50143	45.36166	0.67845	0.05844	-1.00000	-1.00000
196755	Bishop	Cluster	un	16273032	403	0.500000000	0.48276	0.04141	5.62819	0.31627	0.01818	-1.00000	-1.00000
197025	Bishop	Cluster	un	16281505	251	0.444444444	2.58333	0.22094	30.20541	0.41218	0.02358	-1.00000	-1.00000
197059	Bishop	Cluster	un	16282196	102	0.245762712	3.20690	0.31542	32.60509	0.50608	0.03448	-1.00000	-1.00000
197155	Bishop	Cluster	un	16282877	31	0.491264850	3.00000	0.29328	30.68711	0.47712	0.03571	-1.00000	-1.00000
197364	Bishop	Cluster	un	16286943	41	0.491833031	3.00000	0.29452	30.55776	0.47712	0.03333	-1.00000	-1.00000
197395	Bishop	Cluster	un	16288145	410	0.500000000	0.48387	0.04165	5.62086	0.31527	0.01695	-1.00000	-1.00000
198028	Bishop	Cluster	un	16297819	94	0.040703531	0.14839	0.01622	1.35779	0.82860	0.08876	-1.00000	-1.00000
198614	Bishop	Cluster	un	16304466	87	0.002777783	7.70000	2.01773	29.38445	0.88649	0.19983	-1.00000	-1.00000
198615	Bishop	Cluster	un	16305517	314	0.491833031	3.00000	0.29452	30.55776	0.47712	0.03333	-1.00000	-1.00000
198637	Bishop	Cluster	un	16307288	392	0.500000000	0.48276	0.04141	5.62819	0.31627	0.01818	-1.00000	-1.00000
198698	Bishop	Cluster	un	16309311	38	0.000000000	899.00000	53.70762	15048.16211	2.95376	1.00000	-1.00000	-1.00000
198708	Bishop	Cluster	un	16310205	90	1.000000000	1.66667	0.14261	19.47836	0.22185	0.01509	-1.00000	-1.00000
198811	Bishop	Cluster	un	16312814	439	1.000000000	1.78571	0.15251	20.90852	0.25181	0.01681	-1.00000	-1.00000
199331	Bishop	Cluster	un	16321221	155	0.675814751	0.64103	0.09864	4.16567	0.19312	0.00392	-1.00000	-1.00000
199400	Bishop	Cluster	un	16323565	16	0.245762712	3.20690	0.31542	32.60509	0.50608	0.03448	-1.00000	-1.00000
199637	Bishop	Cluster	un	16326202	280	1.000000000	1.80000	0.15437	20.98797	0.25527	0.01576	-1.00000	-1.00000
200087	Bishop	Cluster	un	16330435	42	0.055746141	0.17241	0.01886	1.57593	0.76343	0.07692	-1.00000	-1.00000
200162	Bishop	Cluster	un	16332872	11	0.000000000	372.00000	31.81549	4349.58008	2.57054	0.92742	-1.00000	-1.00000
200471	Bishop	Cluster	un	16335326	34	0.114880414	5.00000	0.54441	45.92110	0.69897	0.07143	-1.00000	-1.00000
200585	Bishop	Cluster	un	16338543	131	0.000000000	101.85714	11.70398	886.44025	2.00799	0.65476	-1.00000	-1.00000
202372	Bishop	Cluster	un	16346690	277	0.493212670	2.77778	0.27089	28.48358	0.44370	0.03429	-1.00000	-1.00000
202689	Bishop	Cluster	un	16353298	344	0.617647059	0.48000	0.04081	5.64636	0.31876	0.00680	-1.00000	-1.00000
202828	Bishop	Cluster	un	16356622	351	0.461538462	0.41379	0.03533	4.84665	0.38322	0.02288	-1.00000	-1.00000
202840	Bishop	Cluster	un	16357335	272	1.000000000	1.92308	0.16389	22.56519	0.28400	0.01884	-1.00000	-1.00000
202947	Bishop	Cluster	un	16359492	125	0.055222089	5.86957	0.63881	53.93145	0.76861	0.08333	-1.00000	-1.00000
203167	Bishop	Cluster	un	16364204	43	0.500000000	2.07143	0.17768	24.14955	0.31627	0.01818	-1.00000	-1.00000
203579	Bishop	Cluster	un	16374349	43	0.192872117	4.04348	0.39475	41.41771	0.60676	0.04808	-1.00000	-1.00000
204795	Bishop	Cluster	un	16379976	22	0.000706867	0.06093	0.00710	0.52259	1.21516	0.21739	-1.00000	-1.00000
205079	Bishop	Cluster	un	16381637	8	0.002287531	12.13043	1.43397	102.61572	1.08388	0.15385	-1.00000	-1.00000
205535	Bishop	Cluster	un	16384250	443	1.000000000	1.66667	0.14261	19.47836	0.22185	0.01509	-1.00000	-1.00000
207710	Bishop	Cluster	un	16396586	76	0.000747542	19.80000	2.32434	168.66753	1.29667	0.21674	-1.00000	-1.00000
208434	Bishop	Cluster	un	16401406	93	0.000183527	19.44444	2.34019	161.56239	1.28880	0.25366	-1.00000	-1.00000
208436	Bishop	Cluster	un	16402468	347	0.192872117	0.24731	0.02414	2.53324	0.60676	0.04808	-1.00000	-1.00000
208546	Bishop	Cluster	un	16406637	415	0.493212670	2.77778	0.27089	28.48358	0.44370	0.03429	-1.00000	-1.00000
208572	Bishop	Cluster	un	16407171	95	0.500000000	2.06667	0.17791	24.00734	0.31527	0.01695	-1.00000	-1.00000
208740	Bishop	Cluster	un	16409003	364	1.000000000	0.92000	0.05434	15.57603	0.03621	0.00007	-1.00000	-1.00000
209052	Bishop	Cluster	un	16415008	63	0.552511044	0.66667	0.19979	2.22451	0.17609	0.00841	-1.00000	-1.00000
209062	Bishop	Cluster	un	16416097	347	0.500000000	0.48148	0.04113	5.63661	0.31742	0.01961	-1.00000	-1.00000
209288	Bishop	Cluster	un	16420052	397	0.500000000	2.06667	0.17791	24.00734	0.31527	0.01695	-1.00000	-1.00000
209513	Bishop	Cluster	un	16424018	294	0.500000000	0.48387	0.04165	5.62086	0.31527	0.01695	-1.00000	-1.00000
210272	Bishop	Cluster	un	16440125	137	0.245454545	3.22222	0.31567	32.89072	0.50816	0.03704	-1.00000	-1.00000
210299	Bishop	Cluster	un	16440751	36	0.040703531	0.14839	0.01622	1.35779	0.82860	0.08876	-1.00000	-1.00000
210399	Bishop	Cluster	un	16442534	113	0.028201740	7.00000	0.80130	61.15028	0.84510	0.10000	-1.00000	-1.00000
210597	Bishop	Cluster	un	16446439	33	0.491833031	3.00000	0.29452	30.55776	0.47712	0.03333	-1.00000	-1.00000
210740	Bishop	Cluster	un	16448780	64	0.352571217	4.16667	0.43401	40.00140	0.61979	0.03238	-1.00000	-1.00000
210956	Bishop	Cluster	un	16454894	483	1.000000000	0.52000	0.04432	6.10163	0.28400	0.01884	-1.00000	-1.00000
210985	Bishop	Cluster	un	16455276	83	0.112852665	5.37037	0.58906	48.96109	0.73000	0.06914	-1.00000	-1.00000
211015	Bishop	Cluster	un	16456035	24	1.000000000	1.92857	0.16509	22.52900	0.28524	0.01752	-1.00000	-1.00000
211134	Bishop	Cluster	un	16457140	321	0.491833031	0.33333	0.03272	3.39531	0.47712	0.03333	-1.00000	-1.00000
211197	Bishop	Cluster	un	16457670	84	0.008858723	6.12500	1.50077	24.99762	0.78711	0.13362	-1.00000	-1.00000
212201	Bishop	Cluster	un	16462760	342	0.491833031	3.00000	0.29452	30.55776	0.47712	0.03333	-1.00000	-1.00000
212293	Bishop	Cluster	un	16464566	457	0.461538462	0.41379	0.03533	4.84665	0.38322	0.02288	-1.00000	-1.00000
212363	Bishop	Cluster	un	16464985	106	0.482758621	0.45161	0.03880	5.25593	0.34523	0.01880	-1.00000	-1.00000
212369	Bishop	Cluster	un	16465830	148	0.023977923	8.12000	0.93407	70.58795	0.90956	0.10769	-1.00000	-1.00000
212553	Bishop	Cluster	un	16467464	58	0.461538462	2.41667	0.20633	28.30581	0.38322	0.02288	-1.00000	-1.00000
212592	Bishop	Cluster	un	16468344	123	0.157214791	0.29143	0.06593	1.28827	0.53547	0.05448	-1.00000	-1.00000
213228	Bishop	Cluster	un	16472402	37	0.000051887	0.04301	0.00512	0.36098	1.36642	0.28205	-1.00000	-1.00000
213633	Bishop	Cluster	un	16477645	545	1.000000000	1.80000	0.15437	20.98797	0.25527	0.01576	-1.00000	-1.00000
213881	Bishop	Cluster	un	16482423	437	1.000000000	0.92000	0.05434	15.57603	0.03621	0.00007	-1.00000	-1.00000
213968	Bishop	Cluster	un	16483028	238	0.444444444	0.38710	0.03311	4.52610	0.41218	0.02358	-1.00000	-1.00000
214255	Bishop	Cluster	un	16485346	48	0.118644068	4.42857	0.46670	42.02293	0.64626	0.05263	-1.00000	-1.00000
214331	Bishop	Cluster	un	16487940	280	1.000000000	1.66667	0.14261	19.47836	0.22185	0.01509	-1.00000	-1.00000
215268	Bishop	Cluster	un	16494914	153	0.493506494	0.35802	0.03507	3.65452	0.44609	0.03210	-1.00000	-1.00000
215476	Bishop	Cluster	un	16499151	94	1.000000000	1.93333	0.16614	22.49763	0.28631	0.01637	-1.00000	-1.00000
215632	Bishop	Cluster	un	16501741	340	0.464285714	0.41935	0.03596	4.89101	0.37742	0.02098	-1.00000	-1.00000
215654	Bishop	Cluster	un	16502557	358	0.464285714	0.41935	0.03596	4.89101	0.37742	0.02098	-1.00000	-1.00000
215755	Bishop	Cluster	un	16503094	92	0.000412429	0.05806	0.00686	0.49162	1.23609	0.22095	-1.00000	-1.00000
215915	Bishop	Cluster	un	16505018	452	0.225306122	0.28395	0.02761	2.92002	0.54676	0.04514	-1.00000	-1.00000
216021	Bishop	Cluster	un	16507173	79	0.045880559	0.22222	0.05141	0.96066	0.65321	0.08288	-1.00000	-1.00000
216407	Bishop	Cluster	un	16509429	14	0.000226201	0.04075	0.00475	0.34955	1.38985	0.25804	-1.00000	-1.00000
216617	Bishop	Cluster	un	16512650	111	0.001501515	0.07280	0.00852	0.62214	1.13789	0.18729	-1.00000	-1.00000
216972	Bishop	Cluster	un	16515756	14	0.026092774	7.15385	0.80847	63.30171	0.85454	0.09091	-1.00000	-1.00000
217192	Bishop	Cluster	un	16516967	418	0.208144796	0.26437	0.02576	2.71292	0.57779	0.04667	-1.00000	-1.00000
217463	Bishop	Cluster	un	16518761	128	0.000691798	9.61539	2.34944	39.35223	0.98297	0.21053	-1.00000	-1.00000
217574	Bishop	Cluster	un	16519818	362	1.000000000	1.66667	0.14261	19.47836	0.22185	0.01509	-1.00000	-1.00000
217981	Bishop	Cluster	un	16523755	245	0.464285714	0.41935	0.03596	4.89101	0.37742	0.02098	-1.00000	-1.00000
219621	Bishop	Cluster	un	16532950	69	0.000000000	237.66667	23.20264	2434.44067	2.37597	0.85938	-1.00000	-1.00000
219783	Bishop	Cluster	un	16535350	6	0.002587025	12.88889	1.48569	111.81544	1.11022	0.18148	-1.00000	-1.00000
219908	Bishop	Cluster	un	16538646	292	0.464285714	0.41935	0.03596	4.89101	0.37742	0.02098	-1.00000	-1.00000
220508	Bishop	Cluster	un	16546821	140	0.500000000	2.06667	0.17791	24.00734	0.31527	0.01695	-1.00000	-1.00000
220592	Bishop	Cluster	un	16549927	58	0.237749546	4.14286	0.43577	39.38647	0.61730	0.05091	-1.00000	-1.00000
220692	Bishop	Cluster	un	16551536	84	0.082389355	3.20779	0.98430	10.45410	0.50621	0.07719	-1.00000	-1.00000
220789	Bishop	Cluster	un	16555040	143	0.491833031	3.00000	0.29452	30.55776	0.47712	0.03333	-1.00000	-1.00000
221085	Bishop	Cluster	un	16559238	106	0.033599894	0.13548	0.01475	1.24418	0.86811	0.10000	-1.00000	-1.00000
221144	Bishop	Cluster	un	16560943	187	0.461538462	0.41379	0.03533	4.84665	0.38322	0.02288	-1.00000	-1.00000
221273	Bishop	Cluster	un	16568326	116	0.500000000	2.06667	0.17791	24.00734	0.31527	0.01695	-1.00000	-1.00000
221326	Bishop	Cluster	un	16569125	56	0.228675136	3.44444	0.33807	35.09441	0.53712	0.03827	-1.00000	-1.00000
221720	Bishop	Cluster	un	16573892	50	0.093795094	0.19355	0.02029	1.84594	0.71321	0.06531	-1.00000	-1.00000
221775	Bishop	Cluster	un	16575206	577	0.245098039	0.30864	0.03010	3.16484	0.51055	0.04000	-1.00000	-1.00000
221880	Bishop	Cluster	un	16577304	243	1.000000000	1.92857	0.16509	22.52900	0.28524	0.00488	-1.00000	-1.00000
222079	Bishop	Cluster	un	16583265	517	0.481481481	0.44828	0.03837	5.23742	0.34845	0.02032	-1.00000	-1.00000
222992	Bishop	Cluster	un	16592479	294	1.000000000	1.80000	0.15437	20.98797	0.25527	0.01576	-1.00000	-1.00000
224025	Bishop	Cluster	un	16600409	61	0.482758621	0.45161	0.03880	5.25593	0.34523	0.01880	-1.00000	-1.00000
224675	Bishop	Cluster	un	16602143	137	0.245454545	3.22222	0.31567	32.89072	0.50816	0.03704	-1.00000	-1.00000
225295	Bishop	Cluster	un	16605467	239	1.000000000	0.51724	0.04445	6.01898	0.28631	0.01637	-1.00000	-1.00000
225341	Bishop	Cluster	un	16606134	103	0.106311529	2.61538	0.85818	7.97064	0.41754	0.05407	-1.00000	-1.00000
226545	Bishop	Cluster	un	16614473	403	1.000000000	1.80000	0.15437	20.98797	0.25527	0.01576	-1.00000	-1.00000
227700	Bishop	Cluster	un	16619225	142	0.118644068	4.42857	0.46670	42.02293	0.64626	0.05263	-1.00000	-1.00000
228462	Bishop	Cluster	un	16628970	162	0.491264850	0.33333	0.03259	3.40968	0.47712	0.03571	-1.00000	-1.00000
228721	Bishop	Cluster	un	16632588	6	0.482758621	2.21429	0.19026	25.77014	0.34523	0.01880	-1.00000	-1.00000
230079	Bishop	Cluster	un	16638421	130	0.786244457	1.17333	0.38712	3.55631	0.06942	0.00154	-1.00000	-1.00000
230583	Bishop	Cluster	un	16643199	262	0.444444444	0.38710	0.03311	4.52610	0.41218	0.02358	-1.00000	-1.00000
230608	Bishop	Cluster	un	16643859	99	0.055222089	0.17037	0.01854	1.56542	0.76861	0.08333	-1.00000	-1.00000
231143	Bishop	Cluster	un	16647992	70	1.000000000	1.93333	0.16614	22.49763	0.28631	0.01637	-1.00000	-1.00000
232001	Bishop	Cluster	un	16658762	482	0.500000000	0.48148	0.04113	5.63661	0.31742	0.01961	-1.00000	-1.00000
232309	Bishop	Cluster	un	16660094	178	1.000000000	1.66667	0.14261	19.47836	0.22185	0.01509	-1.00000	-1.00000
235118	Bishop	Cluster	un	16674250	101	0.500000000	0.48000	0.04081	5.64636	0.31876	0.02128	-1.00000	-1.00000
235307	Bishop	Cluster	un	16675122	207	0.482758621	0.45161	0.03880	5.25593	0.34523	0.01880	-1.00000	-1.00000
235587	Bishop	Cluster	un	16677220	34	0.005211412	0.08756	0.00998	0.76820	1.05771	0.15625	-1.00000	-1.00000
236084	Bishop	Cluster	un	16681567	393	0.117647059	0.22222	0.02321	2.12804	0.65321	0.06122	-1.00000	-1.00000
236127	Bishop	Cluster	un	16683696	24	0.240259740	3.85714	0.40483	36.75010	0.58627	0.04906	-1.00000	-1.00000
237165	Bishop	Cluster	un	16690176	207	0.117021277	4.54545	0.47195	43.77839	0.65758	0.06667	-1.00000	-1.00000
237694	Bishop	Cluster	un	16693414	60	0.118181818	4.46154	0.46819	42.51565	0.64948	0.05660	-1.00000	-1.00000
237918	Bishop	Cluster	un	16698552	49	1.000000000	1.80000	0.15437	20.98797	0.25527	0.01576	-1.00000	-1.00000
238041	Bishop	Cluster	un	16702064	299	0.500000000	2.06667	0.17791	24.00734	0.31527	0.01695	-1.00000	-1.00000
238054	Bishop	Cluster	un	16702637	76	1.000000000	1.10526	0.31140	3.92294	0.04347	0.00048	-1.00000	-1.00000
238115	Bishop	Cluster	un	16704248	20	0.000000000	130.20000	14.17800	1195.65820	2.11461	0.73529	-1.00000	-1.00000
238244	Bishop	Cluster	un	16707503	6	1.000000000	1.93333	0.16614	22.49763	0.28631	0.01637	-1.00000	-1.00000
238298	Bishop	Cluster	un	16708613	359	0.228675136	0.29032	0.02849	2.95801	0.53712	0.03827	-1.00000	-1.00000
238426	Bishop	Cluster	un	16712415	105	0.593796891	1.36111	0.45743	4.05011	0.13389	0.00592	-1.00000	-1.00000
239135	Bishop	Cluster	un	16718745	34	0.118644068	4.42857	0.46670	42.02293	0.64626	0.05263	-1.00000	-1.00000
239721	Bishop	Cluster	un	16726053	257	1.000000000	1.80000	0.15437	20.98797	0.25527	0.01576	-1.00000	-1.00000
239998	Bishop	Cluster	un	16729235	278	0.444444444	0.38710	0.03311	4.52610	0.41218	0.02358	-1.00000	-1.00000
240304	Bishop	Cluster	un	16735322	76	0.000001196	40.00000	4.66259	343.15671	1.60206	0.45455	-1.00000	-1.00000
241216	Bishop	Cluster	un	16740299	83	0.491833031	3.00000	0.29452	30.55776	0.47712	0.03333	-1.00000	-1.00000
241684	Bishop	Cluster	un	16743340	383	0.444444444	0.38710	0.03311	4.52610	0.41218	0.02358	-1.00000	-1.00000
242097	Bishop	Cluster	un	16746980	25	0.000300118	9.44444	2.69262	33.12668	0.97518	0.24750	-1.00000	-1.00000
242547	Bishop	Cluster	un	16753103	284	0.480000000	0.44444	0.03787	5.21605	0.35218	0.02211	-1.00000	-1.00000
242910	Bishop	Cluster	un	16755446	59	0.500000000	2.06667	0.17791	24.00734	0.31527	0.01695	-1.00000	-1.00000
243787	Bishop	Cluster	un	16762832	8	0.000190927	0.05051	0.00593	0.43023	1.29667	0.27083	-1.00000	-1.00000
244274	Bishop	Cluster	un	16764850	282	1.000000000	0.51852	0.04439	6.05718	0.28524	0.01752	-1.00000	-1.00000
245014	Bishop	Cluster	un	16765432	40	0.118644068	4.42857	0.46670	42.02293	0.64626	0.05263	-1.00000	-1.00000
246628	Bishop	Cluster	un	16771863	50	0.005423259	13.88889	1.62905	118.41340	1.14267	0.15631	-1.00000	-1.00000
246756	Bishop	Cluster	un	16773587	153	0.245454545	3.22222	0.31567	32.89072	0.50816	0.03704	-1.00000	-1.00000
247876	Bishop	Cluster	un	16779178	96	0.000003007	32.69231	3.90351	273.80167	1.51445	0.38095	-1.00000	-1.00000
248065	Bishop	Cluster	un	16781026	241	0.237749546	4.14286	0.43577	39.38647	0.61730	0.05091	-1.00000	-1.00000
248438	Bishop	Cluster	un	16786591	198	1.000000000	1.78571	0.15251	20.90852	0.25181	0.00390	-1.00000	-1.00000
248665	Bishop	Cluster	un	16788767	16	0.228675136	3.44444	0.33807	35.09441	0.53712	0.03827	-1.00000	-1.00000
248717	Bishop	Cluster	un	16790487	128	0.192872117	0.24731	0.02414	2.53324	0.60676	0.04808	-1.00000	-1.00000
249617	Bishop	Cluster	un	16796287	283	0.464285714	0.41935	0.03596	4.89101	0.37742	0.02098	-1.00000	-1.00000
249653	Bishop	Cluster	un	16797697	102	1.000000000	1.92308	0.16389	22.56519	0.28400	0.01884	-1.00000	-1.00000
249679	Bishop	Cluster	un	16798499	62	0.000036343	25.00000	2.96594	210.72560	1.39794	0.32432	-1.00000	-1.00000
249783	Bishop	Cluster	un	16800101	33	0.589502262	0.40741	0.03461	4.79552	0.38997	0.01037	-1.00000	-1.00000
249836	Bishop	Cluster	un	16801773	151	0.491264850	3.00000	0.29328	30.68711	0.47712	0.03571	-1.00000	-1.00000
251300	Bishop	Cluster	un	16810022	78	0.112852665	0.18621	0.02042	1.69763	0.73000	0.06914	-1.00000	-1.00000
251456	Bishop	Cluster	un	16812360	10	0.104821803	4.83333	0.50582	46.18450	0.68425	0.06335	-1.00000	-1.00000
252619	Bishop	Cluster	un	16822398	16	0.003898833	6.50000	1.76523	23.93457	0.81291	0.15817	-1.00000	-1.00000
252716	Bishop	Cluster	un	16824856	46	0.482758621	0.45161	0.03880	5.25593	0.34523	0.01880	-1.00000	-1.00000
252736	Bishop	Cluster	un	16825676	88	0.493506494	2.79310	0.27363	28.51051	0.44609	0.03210	-1.00000	-1.00000
252770	Bishop	Cluster	un	16826369	8	0.000000035	58.55556	6.82739	502.20538	1.76757	0.52632	-1.00000	-1.00000
252978	Bishop	Cluster	un	16832899	46	0.015690765	4.19481	1.32609	13.26933	0.62271	0.11545	-1.00000	-1.00000
252995	Bishop	Cluster	un	16833719	42	0.000119510	13.88889	3.24153	59.50924	1.14267	0.29447	-1.00000	-1.00000
253042	Bishop	Cluster	un	16836207	18	0.008470111	0.10053	0.01141	0.88574	0.99771	0.14773	-1.00000	-1.00000
253567	Bishop	Cluster	un	16843730	300	1.000000000	1.07407	0.06396	18.03732	0.03103	0.00004	-1.00000	-1.00000
253676	Bishop	Cluster	un	16845101	24	0.000144217	19.33333	2.31339	161.57144	1.28631	0.24444	-1.00000	-1.00000
253733	Bishop	Cluster	un	16847976	461	0.500000000	0.48148	0.04113	5.63661	0.31742	0.01961	-1.00000	-1.00000
253734	Bishop	Cluster	un	16848452	143	0.011308779	9.00000	1.02601	78.94656	0.95424	0.13043	-1.00000	-1.00000
254677	Bishop	Cluster	un	16853380	53	0.048259363	6.20000	0.67962	56.56101	0.79239	0.07937	-1.00000	-1.00000
256140	Bishop	Cluster	un	16863872	61	0.464285714	0.41935	0.03596	4.89101	0.37742	0.02098	-1.00000	-1.00000
256525	Bishop	Cluster	un	16865116	15	0.000046796	0.04274	0.00508	0.35949	1.36922	0.30000	-1.00000	-1.00000
256590	Bishop	Cluster	un	16866138	329	0.500000000	0.48148	0.04113	5.63661	0.31742	0.01961	-1.00000	-1.00000
256626	Bishop	Cluster	un	16868449	154	0.493506494	2.79310	0.27363	28.51051	0.44609	0.03210	-1.00000	-1.00000
256723	Bishop	Cluster	un	16869956	66	0.237749546	4.14286	0.43577	39.38647	0.61730	0.05091	-1.00000	-1.00000
257121	Bishop	Cluster	un	16874094	89	1.000000000	1.00000	0.27521	3.63362	0.00000	0.00000	-1.00000	-1.00000
257836	Bishop	Cluster	un	16877128	73	0.000000005	75.00000	8.52772	659.61346	1.87506	0.61538	-1.00000	-1.00000
257883	Bishop	Cluster	un	16879560	13	0.000001228	38.63636	4.55546	327.68777	1.58700	0.43439	-1.00000	-1.00000
257884	Bishop	Cluster	un	16880420	60	0.245454545	3.22222	0.31567	32.89072	0.50816	0.03704	-1.00000	-1.00000
257937	Bishop	Cluster	un	16882039	121	0.000000000	154.00000	20.06464	1181.97998	2.18752	0.72250	-1.00000	-1.00000
258092	Bishop	Cluster	un	16884090	480	0.491264850	0.33333	0.03259	3.40968	0.47712	0.03571	-1.00000	-1.00000
258363	Bishop	Cluster	un	16885382	122	0.112015456	5.40000	0.58948	49.46759	0.73239	0.07429	-1.00000	-1.00000
258420	Bishop	Cluster	un	16886166	58	0.576743226	1.40625	0.44617	4.43229	0.14806	0.00654	-1.00000	-1.00000
258537	Bishop	Cluster	un	16888633	129	0.481481481	2.23077	0.19093	26.06312	0.34845	0.02032	-1.00000	-1.00000
258791	Bishop	Cluster	un	16891110	17	1.000000000	0.51724	0.04445	6.01898	0.28631	0.01637	-1.00000	-1.00000
260287	Bishop	Cluster	un	16904338	39	0.011943257	4.80000	1.42320	16.18889	0.68124	0.13524	-1.00000	-1.00000
260956	Bishop	Cluster	un	16907684	105	0.482758621	0.45161	0.03880	5.25593	0.34523	0.01880	-1.00000	-1.00000
261556	Bishop	Cluster	un	16911183	400	0.192872117	0.24731	0.02414	2.53324	0.60676	0.04808	-1.00000	-1.00000
262849	Bishop	Cluster	un	16916513	131	0.667952287	2.18182	0.36308	13.11095	0.33882	0.01449	-1.00000	-1.00000
263184	Bishop	Cluster	un	16917532	376	0.208144796	0.26437	0.02576	2.71292	0.57779	0.04667	-1.00000	-1.00000
263186	Bishop	Cluster	un	16918483	526	0.481481481	0.44828	0.03837	5.23742	0.34845	0.02032	-1.00000	-1.00000
263413	Bishop	Cluster	un	16921170	17	0.116715520	0.17391	0.01941	1.55852	0.75967	0.05486	-1.00000	-1.00000
263888	Bishop	Cluster	un	16923828	270	0.500000000	2.07692	0.17741	24.31412	0.31742	0.01961	-1.00000	-1.00000
264021	Bishop	Cluster	un	16924383	26	0.000000480	57.50000	6.60776	500.35864	1.75967	0.46701	-1.00000	-1.00000
264816	Bishop	Cluster	un	16935029	104	0.461538462	0.41379	0.03533	4.84665	0.38322	0.02288	-1.00000	-1.00000
264844	Bishop	Cluster	un	16935682	6	0.118181818	4.46154	0.46819	42.51565	0.64948	0.05660	-1.00000	-1.00000
264886	Bishop	Cluster	un	16937439	141	1.000000000	1.80000	0.15437	20.98797	0.25527	0.01576	-1.00000	-1.00000
265079	Bishop	Cluster	un	16940707	301	0.500000000	0.48276	0.04141	5.62819	0.31627	0.01818	-1.00000	-1.00000
265246	Bishop	Cluster	un	16941573	352	0.496855346	2.58621	0.25274	26.46334	0.41266	0.03077	-1.00000	-1.00000
265331	Bishop	Cluster	un	16946351	8	0.500000000	2.06667	0.17791	24.00734	0.31527	0.01695	-1.00000	-1.00000
265395	Bishop	Cluster	un	16949827	68	0.000054482	22.17647	2.66115	184.80547	1.34589	0.27273	-1.00000	-1.00000
265503	Bishop	Cluster	un	16951464	140	0.227113906	0.28736	0.02808	2.94037	0.54158	0.04142	-1.00000	-1.00000
265702	Bishop	Cluster	un	16957038	13	1.000000000	1.00000	0.13002	7.69086	0.00000	0.00000	-1.00000	-1.00000
265816	Bishop	Cluster	un	16960619	56	0.490612245	3.00000	0.29185	30.83754	0.47712	0.03846	-1.00000	-1.00000
265930	Bishop	Cluster	un	16964944	332	0.091583710	0.18966	0.01978	1.81808	0.72204	0.07143	-1.00000	-1.00000
265976	Bishop	Cluster	un	16965466	121	1.000000000	1.92857	0.16509	22.52900	0.28524	0.01752	-1.00000	-1.00000
266030	Bishop	Cluster	un	16967146	39	0.482758621	2.21429	0.19026	25.77014	0.34523	0.01880	-1.00000	-1.00000
266039	Bishop	Cluster	un	16968476	18	1.000000000	1.93333	0.16614	22.49763	0.28631	0.01637	-1.00000	-1.00000
266095	Bishop	Cluster	un	16969558	283	0.493212670	2.77778	0.27089	28.48358	0.44370	0.03429	-1.00000	-1.00000
266224	Bishop	Cluster	un	16973551	260	0.480000000	0.44444	0.03787	5.21605	0.35218	0.02211	-1.00000	-1.00000
266254	Bishop	Cluster	un	16975032	81	0.500000000	2.07143	0.17768	24.14955	0.31627	0.01818	-1.00000	-1.00000
266559	Bishop	Cluster	un	16983125	113	0.000000008	68.75000	7.95716	594.00140	1.83727	0.58065	-1.00000	-1.00000
266571	Bishop	Cluster	un	16983940	140	0.056199822	5.74074	0.63090	52.23658	0.75897	0.07143	-1.00000	-1.00000
267542	Bishop	Cluster	un	16992339	183	1.000000000	1.66667	0.14261	19.47836	0.22185	0.01509	-1.00000	-1.00000
267991	Bishop	Cluster	un	17002348	504	0.480000000	0.44444	0.03787	5.21605	0.35218	0.02211	-1.00000	-1.00000
268028	Bishop	Cluster	un	17003632	111	0.118644068	4.42857	0.46670	42.02293	0.64626	0.05263	-1.00000	-1.00000
268265	Bishop	Cluster	un	17006885	19	0.245454545	3.22222	0.31567	32.89072	0.50816	0.03704	-1.00000	-1.00000
268348	Bishop	Cluster	un	17011197	150	0.003714274	0.08621	0.00999	0.74418	1.06446	0.16039	-1.00000	-1.00000
269066	Bishop	Cluster	un	17016801	137	0.245762712	3.20690	0.31542	32.60509	0.50608	0.03448	-1.00000	-1.00000
269119	Bishop	Cluster	un	17018867	417	0.493212670	2.77778	0.27089	28.48358	0.44370	0.03429	-1.00000	-1.00000
269845	Bishop	Cluster	un	17022413	46	0.000014294	15.40000	4.07718	58.16762	1.18752	0.35165	-1.00000	-1.00000
270567	Bishop	Cluster	un	17025533	17	0.491833031	3.00000	0.29452	30.55776	0.47712	0.03333	-1.00000	-1.00000
270649	Bishop	Cluster	un	17026373	113	0.493506494	2.79310	0.27363	28.51051	0.44609	0.03210	-1.00000	-1.00000
270707	Bishop	Cluster	un	17031248	97	0.464285714	2.38462	0.20446	27.81217	0.37742	0.02098	-1.00000	-1.00000
270793	Bishop	Cluster	un	17032786	7	0.496855346	2.58621	0.25274	26.46334	0.41266	0.03077	-1.00000	-1.00000
271220	Bishop	Cluster	un	17035319	105	0.464285714	0.41935	0.03596	4.89101	0.37742	0.02098	-1.00000	-1.00000
271271	Bishop	Cluster	un	17037966	341	0.225306122	3.52174	0.34246	36.21597	0.54676	0.04514	-1.00000	-1.00000
271294	Bishop	Cluster	un	17039325	147	0.000000000	899.00000	53.70762	15048.16211	2.95376	1.00000	-1.00000	-1.00000
271357	Bishop	Cluster	un	17041698	101	0.104821803	4.83333	0.50582	46.18450	0.68425	0.06335	-1.00000	-1.00000
271375	Bishop	Cluster	un	17042580	81	1.000000000	1.92857	0.16509	22.52900	0.28524	0.01752	-1.00000	-1.00000
271538	Bishop	Cluster	un	17046504	82	1.000000000	1.92857	0.16509	22.52900	0.28524	0.01752	-1.00000	-1.00000
271767	Bishop	Cluster	un	17050051	325	0.103265306	0.20370	0.02120	1.95699	0.69100	0.06915	-1.00000	-1.00000
272164	Bishop	Cluster	un	17054871	307	1.000000000	0.56000	0.04783	6.55691	0.25181	0.01681	-1.00000	-1.00000
272448	Bishop	Cluster	un	17058082	27	0.007830117	0.07407	0.00847	0.64806	1.13033	0.15381	-1.00000	-1.00000
273021	Bishop	Cluster	un	17065132	278	0.444444444	0.38710	0.03311	4.52610	0.41218	0.02358	-1.00000	-1.00000
273094	Bishop	Cluster	un	17069009	60	0.000061809	0.04715	0.00570	0.38990	1.32655	0.25000	-1.00000	-1.00000
273339	Bishop	Cluster	un	17070671	118	0.051107251	6.81818	0.76063	61.11749	0.83367	0.10256	-1.00000	-1.00000
273453	Bishop	Cluster	un	17071523	86	0.001066945	18.33333	2.14646	156.58884	1.26324	0.20833	-1.00000	-1.00000
274134	Bishop	Cluster	un	17080916	279	0.236897275	4.15385	0.43495	39.66973	0.61845	0.05462	-1.00000	-1.00000
274520	Bishop	Cluster	un	17084881	332	0.481481481	0.44828	0.03837	5.23742	0.34845	0.02032	-1.00000	-1.00000
275690	Bishop	Cluster	un	17100511	20	1.000000000	1.00000	0.22381	4.46815	0.00000	0.00000	-1.00000	-1.00000
275764	Bishop	Cluster	un	17103094	414	0.464285714	0.41935	0.03596	4.89101	0.37742	0.02098	-1.00000	-1.00000
275765	Bishop	Cluster	un	17103587	33	0.249818007	2.08333	0.62317	6.96480	0.31876	0.02778	-1.00000	-1.00000
276437	Bishop	Cluster	un	17112158	348	0.500000000	0.48276	0.04141	5.62819	0.31627	0.01818	-1.00000	-1.00000
277405	Bishop	Cluster	un	17121491	43	0.211038961	3.72000	0.36422	37.99496	0.57054	0.04274	-1.00000	-1.00000
278656	Bishop	Cluster	un	17127220	136	0.211038961	0.26882	0.02632	2.74562	0.57054	0.04274	-1.00000	-1.00000
279080	Bishop	Cluster	un	17130550	124	0.002300920	12.27273	1.45649	103.41304	1.08894	0.16596	-1.00000	-1.00000
279527	Bishop	Cluster	un	17136149	224	0.464285714	0.41935	0.03596	4.89101	0.37742	0.02098	-1.00000	-1.00000
281914	Bishop	Cluster	un	17148017	49	0.245762712	3.20690	0.31542	32.60509	0.50608	0.03448	-1.00000	-1.00000
282124	Bishop	Cluster	un	17148971	114	0.000149176	0.04985	0.00592	0.41989	1.30231	0.25084	-1.00000	-1.00000
282245	Bishop	Cluster	un	17150127	493	0.480000000	0.44444	0.03787	5.21605	0.35218	0.02211	-1.00000	-1.00000
283102	Bishop	Cluster	un	17155720	354	0.244680851	0.30667	0.02975	3.16133	0.51333	0.04348	-1.00000	-1.00000
283267	Bishop	Cluster	un	17158088	393	0.481481481	0.44828	0.03837	5.23742	0.34845	0.02032	-1.00000	-1.00000
283743	Bishop	Cluster	un	17159220	67	0.052549084	6.69231	0.75483	59.33385	0.82558	0.08805	-1.00000	-1.00000
286557	Bishop	Cluster	un	17167873	8	0.228675136	0.29032	0.02849	2.95801	0.53712	0.03827	-1.00000	-1.00000
286601	Bishop	Cluster	un	17169212	437	0.500000000	0.48276	0.04141	5.62819	0.31627	0.01818	-1.00000	-1.00000
286698	Bishop	Cluster	un	17169736	118	1.000000000	1.92857	0.16509	22.52900	0.28524	0.01752	-1.00000	-1.00000
287907	Bishop	Cluster	un	17177817	214	0.245098039	3.24000	0.31597	33.22326	0.51055	0.04000	-1.00000	-1.00000
288153	Bishop	Cluster	un	17185268	381	0.461538462	0.41379	0.03533	4.84665	0.38322	0.02288	-1.00000	-1.00000
288650	Bishop	Cluster	un	17193369	21	0.570045993	1.46667	0.46377	4.63835	0.16633	0.00853	-1.00000	-1.00000
288730	Bishop	Cluster	un	17194376	202	0.054527757	6.23077	0.70120	55.36613	0.79454	0.08497	-1.00000	-1.00000
289197	Bishop	Cluster	un	17196651	150	1.000000000	0.51852	0.04439	6.05718	0.28524	0.01752	-1.00000	-1.00000
289287	Bishop	Cluster	un	17197636	352	1.000000000	0.51852	0.04439	6.05718	0.28524	0.01752	-1.00000	-1.00000
289349	Bishop	Cluster	un	17198182	91	0.227113906	0.28736	0.02808	2.94037	0.54158	0.04142	-1.00000	-1.00000
289694	Bishop	Cluster	un	17200511	96	1.000000000	0.60000	0.05134	7.01221	0.22185	0.01509	-1.00000	-1.00000
290299	Bishop	Cluster	un	17205960	475	0.225306122	0.28395	0.02761	2.92002	0.54676	0.04514	-1.00000	-1.00000
290436	Bishop	Cluster	un	17210660	278	0.491833031	3.00000	0.29452	30.55776	0.47712	0.03333	-1.00000	-1.00000
290443	Bishop	Cluster	un	17211218	14	0.087132708	4.71429	0.91015	24.41861	0.67342	0.07146	-1.00000	-1.00000
291027	Bishop	Cluster	un	17216387	501	0.500000000	0.48148	0.04113	5.63661	0.31742	0.01961	-1.00000	-1.00000
291289	Bishop	Cluster	un	17218406	49	0.000013994	18.00000	4.41640	73.36289	1.25527	0.37532	-1.00000	-1.00000
291633	Bishop	Cluster	un	17222781	223	0.464285714	0.41935	0.03596	4.89101	0.37742	0.02098	-1.00000	-1.00000
291651	Bishop	Cluster	un	17223511	52	0.464285714	0.41935	0.03596	4.89101	0.37742	0.02098	-1.00000	-1.00000
291892	Bishop	Cluster	un	17231656	158	0.482758621	0.45161	0.03880	5.25593	0.34523	0.01880	-1.00000	-1.00000
292575	Bishop	Cluster	un	17238731	34	0.245454545	3.22222	0.31567	32.89072	0.50816	0.03704	-1.00000	-1.00000
292576	Bishop	Cluster	un	17239527	12	0.464285714	2.38462	0.20446	27.81217	0.37742	0.02098	-1.00000	-1.00000
293009	Bishop	Cluster	un	17242017	58	0.000849276	0.06667	0.00784	0.56688	1.17609	0.20930	-1.00000	-1.00000
293099	Bishop	Cluster	un	17242899	82	1.000000000	1.93333	0.16614	22.49763	0.28631	0.01637	-1.00000	-1.00000
293288	Bishop	Cluster	un	17246928	104	0.118644068	4.42857	0.46670	42.02293	0.64626	0.05263	-1.00000	-1.00000
293336	Bishop	Cluster	un	17247731	94	0.118644068	4.42857	0.46670	42.02293	0.64626	0.05263	-1.00000	-1.00000
293349	Bishop	Cluster	un	17248490	95	0.000144217	19.33333	2.31339	161.57144	1.28631	0.24444	-1.00000	-1.00000
293444	Bishop	Cluster	un	17250909	38	0.106170599	4.76923	0.50143	45.36166	0.67845	0.05844	-1.00000	-1.00000
293799	Bishop	Cluster	un	17257233	198	0.444444444	0.38710	0.03311	4.52610	0.41218	0.02358	-1.00000	-1.00000
294176	Bishop	Cluster	un	17261146	18	0.500000000	2.06667	0.17791	24.00734	0.31527	0.01695	-1.00000	-1.00000
294278	Bishop	Cluster	un	17263118	348	0.481481481	0.44828	0.03837	5.23742	0.34845	0.02032	-1.00000	-1.00000
294539	Bishop	Cluster	un	17267746	36	0.001954280	0.07258	0.00838	0.62842	1.13918	0.18617	-1.00000	-1.00000
294813	Bishop	Cluster	un	17272916	215	1.000000000	1.66667	0.14261	19.47836	0.22185	0.01509	-1.00000	-1.00000
295070	Bishop	Cluster	un	17275999	141	0.048259363	0.16129	0.01768	1.47141	0.79239	0.07937	-1.00000	-1.00000
295084	Bishop	Cluster	un	17276648	18	0.464285714	0.41935	0.03596	4.89101	0.37742	0.02098	-1.00000	-1.00000
295251	Bishop	Cluster	un	17280816	88	0.000080714	0.04598	0.00547	0.38665	1.33746	0.27549	-1.00000	-1.00000
296142	Bishop	Cluster	un	17292209	10	1.000000000	1.78571	0.15251	20.90852	0.25181	0.01681	-1.00000	-1.00000
296155	Bishop	Cluster	un	17293169	128	0.493212670	0.36000	0.03511	3.69147	0.44370	0.03429	-1.00000	-1.00000
296228	Bishop	Cluster	un	17297131	25	0.211038961	0.26882	0.02632	2.74562	0.57054	0.04274	-1.00000	-1.00000
296320	Bishop	Cluster	un	17298681	58	1.000000000	1.93333	0.16614	22.49763	0.28631	0.01637	-1.00000	-1.00000
296827	Bishop	Cluster	un	17307188	24	0.001954280	0.07258	0.00838	0.62842	1.13918	0.18617	-1.00000	-1.00000
296897	Bishop	Cluster	un	17308051	127	1.000000000	0.92857	0.12178	7.08007	0.03218	0.00009	-1.00000	-1.00000
297181	Bishop	Cluster	un	17310313	108	0.777346875	0.80000	0.25680	2.49221	0.09691	0.00275	-1.00000	-1.00000
297189	Bishop	Cluster	un	17311965	70	0.482758621	0.45161	0.03880	5.25593	0.34523	0.01880	-1.00000	-1.00000
297348	Bishop	Cluster	un	17316824	66	1.000000000	1.66667	0.14261	19.47836	0.22185	0.01509	-1.00000	-1.00000
297509	Bishop	Cluster	un	17320966	202	0.444444444	0.38710	0.03311	4.52610	0.41218	0.02358	-1.00000	-1.00000
297605	Bishop	Cluster	un	17330440	85	0.001954280	0.07258	0.00838	0.62842	1.13918	0.18617	-1.00000	-1.00000
297649	Bishop	Cluster	un	17331317	147	0.033599894	0.13548	0.01475	1.24418	0.86811	0.10000	-1.00000	-1.00000
297997	Bishop	Cluster	un	17352603	40	0.482758621	0.45161	0.03880	5.25593	0.34523	0.01880	-1.00000	-1.00000
298026	Bishop	Cluster	un	17355357	398	0.617647059	0.48000	0.04081	5.64636	0.31876	0.00680	-1.00000	-1.00000
298034	Bishop	Cluster	un	17357574	34	0.000977321	0.06513	0.00758	0.55974	1.18619	0.21212	-1.00000	-1.00000
298065	Bishop	Cluster	un	17360078	132	0.023977923	8.12000	0.93407	70.58795	0.90956	0.10769	-1.00000	-1.00000
298122	Bishop	Cluster	un	17368380	192	0.480000000	0.44444	0.03787	5.21605	0.35218	0.02211	-1.00000	-1.00000
298256	Bishop	Cluster	un	17376412	80	0.534329553	0.55556	0.16083	1.91904	0.25527	0.01818	-1.00000	-1.00000
298279	Bishop	Cluster	un	17378298	358	0.617021277	0.47826	0.04043	5.65781	0.32034	0.00741	-1.00000	-1.00000
298476	Bishop	Cluster	un	17390926	13	0.228675136	3.44444	0.33807	35.09441	0.53712	0.03827	-1.00000	-1.00000
298543	Bishop	Cluster	un	17394476	204	0.227113906	0.28736	0.02808	2.94037	0.54158	0.04142	-1.00000	-1.00000
298592	Bishop	Cluster	un	17396883	297	1.000000000	1.80000	0.15437	20.98797	0.25527	0.01576	-1.00000	-1.00000
298651	Bishop	Cluster	un	17404968	219	0.500000000	0.48000	0.04081	5.64636	0.31876	0.02128	-1.00000	-1.00000
298695	Bishop	Cluster	un	17405675	78	0.000000178	46.20000	8.06479	264.66147	1.66464	0.52723	-1.00000	-1.00000
298707	Bishop	Cluster	un	17406451	36	0.245762712	3.20690	0.31542	32.60509	0.50608	0.03448	-1.00000	-1.00000
298748	Bishop	Cluster	un	17409514	38	0.192872117	0.24731	0.02414	2.53324	0.60676	0.04808	-1.00000	-1.00000
298836	Bishop	Cluster	un	17412636	80	0.482758621	0.45161	0.03880	5.25593	0.34523	0.01880	-1.00000	-1.00000
298862	Bishop	Cluster	un	17415728	22	0.228675136	3.44444	0.33807	35.09441	0.53712	0.03827	-1.00000	-1.00000
298864	Bishop	Cluster	un	17416703	171	1.000000000	1.66667	0.14261	19.47836	0.22185	0.01509	-1.00000	-1.00000
298886	Bishop	Cluster	un	17417503	183	0.500000000	0.48387	0.04165	5.62086	0.31527	0.01695	-1.00000	-1.00000
298894	Bishop	Cluster	un	17418413	342	1.000000000	1.92857	0.16509	22.52900	0.28524	0.01752	-1.00000	-1.00000
298899	Bishop	Cluster	un	17418854	9	0.117647059	0.22222	0.02321	2.12804	0.65321	0.06122	-1.00000	-1.00000
298902	Bishop	Cluster	un	17419660	61	0.482758621	0.45161	0.03880	5.25593	0.34523	0.01880	-1.00000	-1.00000
298986	Bishop	Cluster	un	17424213	126	0.117647059	4.50000	0.46992	43.09288	0.65321	0.06122	-1.00000	-1.00000
299006	Bishop	Cluster	un	17426743	276	0.500000000	0.48276	0.04141	5.62819	0.31627	0.01818	-1.00000	-1.00000
299052	Bishop	Cluster	un	17434207	87	0.000000154	43.33333	7.89097	237.96536	1.63682	0.50353	-1.00000	-1.00000
299095	Bishop	Cluster	un	17437366	312	1.000000000	0.93103	0.05544	15.63520	0.03103	0.00004	-1.00000	-1.00000
299100	Bishop	Cluster	un	17438274	481	0.481481481	0.44828	0.03837	5.23742	0.34845	0.02032	-1.00000	-1.00000
299118	Bishop	Cluster	un	17439406	116	1.000000000	1.64286	0.13993	19.28811	0.21560	0.00294	-1.00000	-1.00000
299153	Bishop	Cluster	un	17441790	37	0.039250162	0.14483	0.01574	1.33255	0.83915	0.09722	-1.00000	-1.00000
299219	Bishop	Cluster	un	17444596	325	0.500000000	0.48148	0.04113	5.63661	0.31742	0.01961	-1.00000	-1.00000
299421	Bishop	Cluster	un	17453284	7	0.480000000	0.44444	0.03787	5.21605	0.35218	0.02211	-1.00000	-1.00000
299489	Bishop	Cluster	un	17456771	246	0.444444444	0.38710	0.03311	4.52610	0.41218	0.02358	-1.00000	-1.00000
299557	Bishop	Cluster	un	17459069	133	0.612440191	0.33333	0.03259	3.40968	0.47712	0.01607	-1.00000	-1.00000
299588	Bishop	Cluster	un	17459849	146	0.025728988	7.25000	0.81543	64.45982	0.86034	0.09804	-1.00000	-1.00000
299858	Bishop	Cluster	un	17466827	82	0.000002304	33.14286	3.98367	275.73810	1.52039	0.36585	-1.00000	-1.00000
299860	Bishop	Cluster	un	17467883	244	0.118181818	4.46154	0.46819	42.51565	0.64948	0.05660	-1.00000	-1.00000
300004	Bishop	Cluster	un	17468390	12	0.482758621	0.45161	0.03880	5.25593	0.34523	0.01880	-1.00000	-1.00000
300101	Bishop	Cluster	un	17470237	356	1.000000000	1.92308	0.16389	22.56519	0.28400	0.01884	-1.00000	-1.00000
300562	Bishop	Cluster	un	17485147	128	0.026895115	3.88571	1.19065	12.68114	0.58947	0.10530	-1.00000	-1.00000
301037	Bishop	Cluster	un	17495182	350	0.500000000	0.48276	0.04141	5.62819	0.31627	0.01818	-1.00000	-1.00000
301295	Bishop	Cluster	un	17500271	65	1.000000000	1.27273	0.25390	6.37984	0.10474	0.00173	-1.00000	-1.00000
301592	Bishop	Cluster	un	17511387	265	0.245454545	3.22222	0.31567	32.89072	0.50816	0.03704	-1.00000	-1.00000
301662	Bishop	Cluster	un	17514565	116	0.118644068	4.42857	0.46670	42.02293	0.64626	0.05263	-1.00000	-1.00000
301749	Bishop	Cluster	un	17516269	106	0.000127909	0.04938	0.00586	0.41625	1.30642	0.26829	-1.00000	-1.00000
301907	Bishop	Cluster	un	17522504	215	0.227113906	0.28736	0.02808	2.94037	0.54158	0.04142	-1.00000	-1.00000
302333	Bishop	Cluster	un	17538030	450	1.000000000	1.92857	0.16509	22.52900	0.28524	0.01752	-1.00000	-1.00000
302374	Bishop	Cluster	un	17540343	257	1.000000000	0.92000	0.05434	15.57603	0.03621	0.00007	-1.00000	-1.00000
302407	Bishop	Cluster	un	17542757	154	0.500000000	2.06667	0.17791	24.00734	0.31527	0.01695	-1.00000	-1.00000
302461	Bishop	Cluster	un	17548617	342	0.482758621	0.45161	0.03880	5.25593	0.34523	0.01880	-1.00000	-1.00000
302480	Bishop	Cluster	un	17549490	413	0.500000000	0.48148	0.04113	5.63661	0.31742	0.01961	-1.00000	-1.00000
302624	Bishop	Cluster	un	17553559	396	0.481481481	0.44828	0.03837	5.23742	0.34845	0.02032	-1.00000	-1.00000
302736	Bishop	Cluster	un	17560557	99	0.500000000	2.07692	0.17741	24.31412	0.31742	0.01961	-1.00000	-1.00000
302813	Bishop	Cluster	un	17565216	50	1.000000000	1.21053	0.30438	4.81426	0.08297	0.00142	-1.00000	-1.00000
303032	Bishop	Cluster	un	17569140	33	0.572875801	1.50000	0.48377	4.65095	0.17609	0.00952	-1.00000	-1.00000
303170	Bishop	Cluster	un	17572447	12	0.000000000	375.00000	32.08688	4382.63184	2.57403	0.92800	-1.00000	-1.00000
303190	Bishop	Cluster	un	17574435	386	0.602040816	0.44000	0.03729	5.19112	0.35655	0.00891	-1.00000	-1.00000
303371	Bishop	Cluster	un	17580475	20	0.033599894	0.13548	0.01475	1.24418	0.86811	0.10000	-1.00000	-1.00000
303500	Bishop	Cluster	un	17584443	52	1.000000000	1.00000	0.05893	16.97048	0.00000	0.00000	-1.00000	-1.00000
303621	Bishop	Cluster	un	17588471	22	0.008914258	0.10345	0.01182	0.90538	0.98528	0.13462	-1.00000	-1.00000
303742	Bishop	Cluster	un	17590272	167	1.000000000	1.78571	0.15251	20.90852	0.25181	0.01681	-1.00000	-1.00000
304366	Bishop	Cluster	un	17595077	119	0.491833031	3.00000	0.29452	30.55776	0.47712	0.03333	-1.00000	-1.00000
305079	Bishop	Cluster	un	17608108	44	0.493506494	2.79310	0.27363	28.51051	0.44609	0.03210	-1.00000	-1.00000
305114	Bishop	Cluster	un	17609873	146	0.000000730	37.92308	4.55073	316.02829	1.57890	0.40000	-1.00000	-1.00000
305760	Bishop	Cluster	un	17617750	17	0.106170599	4.76923	0.50143	45.36166	0.67845	0.05844	-1.00000	-1.00000
305854	Bishop	Cluster	un	17624322	212	0.481481481	2.23077	0.19093	26.06312	0.34845	0.02032	-1.00000	-1.00000
305937	Bishop	Cluster	un	17625117	196	0.493212670	2.77778	0.27089	28.48358	0.44370	0.03429	-1.00000	-1.00000
306195	Bishop	Cluster	un	17627689	407	0.500000000	0.48148	0.04113	5.63661	0.31742	0.01961	-1.00000	-1.00000
306659	Bishop	Cluster	un	17638770	247	1.000000000	1.80000	0.15437	20.98797	0.25527	0.01576	-1.00000	-1.00000
306906	Bishop	Cluster	un	17645155	46	0.054527757	6.23077	0.70120	55.36613	0.79454	0.08497	-1.00000	-1.00000
306917	Bishop	Cluster	un	17646151	463	1.000000000	1.00000	0.05920	16.89051	0.00000	0.00000	-1.00000	-1.00000
307060	Bishop	Cluster	un	17649109	297	0.444444444	0.38710	0.03311	4.52610	0.41218	0.02358	-1.00000	-1.00000
307070	Bishop	Cluster	un	17649705	26	0.493506494	2.79310	0.27363	28.51051	0.44609	0.03210	-1.00000	-1.00000
307148	Bishop	Cluster	un	17654127	407	0.482758621	0.45161	0.03880	5.25593	0.34523	0.01880	-1.00000	-1.00000
307151	Bishop	Cluster	un	17654903	417	1.000000000	0.86207	0.05123	14.50627	0.06446	0.00019	-1.00000	-1.00000
307154	Bishop	Cluster	un	17655434	107	0.000127909	0.04938	0.00586	0.41625	1.30642	0.26829	-1.00000	-1.00000
307238	Bishop	Cluster	un	17665431	406	0.461538462	0.41379	0.03533	4.84665	0.38322	0.02288	-1.00000	-1.00000
307441	Bishop	Cluster	un	17669566	476	1.000000000	1.66667	0.14261	19.47836	0.22185	0.01509	-1.00000	-1.00000
307505	Bishop	Cluster	un	17671418	61	0.106170599	0.20968	0.02205	1.99431	0.67845	0.05844	-1.00000	-1.00000
307863	Bishop	Cluster	un	17685059	362	1.000000000	0.79310	0.04702	13.37737	0.10067	0.00048	-1.00000	-1.00000
308060	Bishop	Cluster	un	17691866	124	0.000000292	46.40000	5.43537	396.10168	1.66652	0.47297	-1.00000	-1.00000
308161	Bishop	Cluster	un	17695684	52	0.491833031	3.00000	0.29452	30.55776	0.47712	0.03333	-1.00000	-1.00000
308169	Bishop	Cluster	un	17696486	42	0.000001001	36.53846	4.38726	304.30365	1.56275	0.40000	-1.00000	-1.00000
308627	Bishop	Cluster	un	17706826	171	0.461538462	0.41379	0.03533	4.84665	0.38322	0.02288	-1.00000	-1.00000
308890	Bishop	Cluster	un	17718908	120	0.000000000	841.00000	50.16650	14098.67188	2.92480	1.00000	-1.00000	-1.00000
309225	Bishop	Cluster	un	17728517	312	0.225306122	3.52174	0.34246	36.21597	0.54676	0.04514	-1.00000	-1.00000
309816	Bishop	Cluster	un	17736446	17	0.192872117	4.04348	0.39475	41.41771	0.60676	0.04808	-1.00000	-1.00000
309893	Bishop	Cluster	un	17739285	479	0.245098039	0.30864	0.03010	3.16484	0.51055	0.04000	-1.00000	-1.00000
310062	Bishop	Cluster	un	17743030	72	1.000000000	1.80000	0.15437	20.98797	0.25527	0.01576	-1.00000	-1.00000
310641	Bishop	Cluster	un	17753376	449	1.000000000	1.00000	0.12910	7.74582	0.00000	0.00000	-1.00000	-1.00000
310835	Bishop	Cluster	un	17757318	332	1.000000000	1.92857	0.16509	22.52900	0.28524	0.01752	-1.00000	-1.00000
311152	Bishop	Cluster	un	17766160	51	0.118670025	0.32479	0.08693	1.21341	0.48840	0.05080	-1.00000	-1.00000
311527	Bishop	Cluster	un	17771643	33	0.000000004	69.00000	8.12169	586.20801	1.83885	0.56078	-1.00000	-1.00000
311540	Bishop	Cluster	un	17772561	113	0.654564513	0.54762	0.08421	3.56135	0.26152	0.00726	-1.00000	-1.00000
312216	Bishop	Cluster	un	17778454	304	0.500000000	0.48148	0.04113	5.63661	0.31742	0.01961	-1.00000	-1.00000
312284	Bishop	Cluster	un	17780009	331	0.245762712	0.31183	0.03067	3.17041	0.50608	0.03448	-1.00000	-1.00000
312930	Bishop	Cluster	un	17784940	485	0.500000000	0.48276	0.04141	5.62819	0.31627	0.01818	-1.00000	-1.00000
313400	Bishop	Cluster	un	17785388	53	0.444444444	2.58333	0.22094	30.20541	0.41218	0.02358	-1.00000	-1.00000
313469	Bishop	Cluster	un	17786200	21	0.491833031	3.00000	0.29452	30.55776	0.47712	0.03333	-1.00000	-1.00000
313940	Bishop	Cluster	un	17789441	100	0.228675136	3.44444	0.33807	35.09441	0.53712	0.03827	-1.00000	-1.00000
315311	Bishop	Cluster	un	17795987	59	0.119168334	3.12500	0.82406	11.85060	0.49485	0.05881	-1.00000	-1.00000
315450	Bishop	Cluster	un	17798476	105	0.240259740	3.85714	0.40483	36.75010	0.58627	0.04906	-1.00000	-1.00000
315513	Bishop	Cluster	un	17801631	86	0.000000097	47.72727	5.68440	400.72672	1.67877	0.47059	-1.00000	-1.00000
315668	Bishop	Cluster	un	17804022	85	0.675814751	0.64103	0.09864	4.16567	0.19312	0.00392	-1.00000	-1.00000
315760	Bishop	Cluster	un	17804742	42	0.011860352	8.68000	1.00047	75.30706	0.93852	0.11111	-1.00000	-1.00000
316836	Bishop	Cluster	un	17808872	142	0.237749546	4.14286	0.43577	39.38647	0.61730	0.05091	-1.00000	-1.00000
316953	Bishop	Cluster	un	17810525	174	0.464285714	0.41935	0.03596	4.89101	0.37742	0.02098	-1.00000	-1.00000
317566	Bishop	Cluster	un	17816949	292	0.482758621	0.45161	0.03880	5.25593	0.34523	0.01880	-1.00000	-1.00000
317571	Bishop	Cluster	un	17817570	103	0.094815285	6.42857	0.69714	59.27980	0.80811	0.06198	-1.00000	-1.00000
318396	Bishop	Cluster	un	17826596	351	1.000000000	0.92593	0.05493	15.60790	0.03342	0.00005	-1.00000	-1.00000
318625	Bishop	Cluster	un	17829457	53	1.000000000	1.80000	0.15437	20.98797	0.25527	0.01576	-1.00000	-1.00000
318661	Bishop	Cluster	un	17833197	79	0.500000000	2.06667	0.17791	24.00734	0.31527	0.01695	-1.00000	-1.00000
318681	Bishop	Cluster	un	17834201	274	0.192872117	0.24731	0.02414	2.53324	0.60676	0.04808	-1.00000	-1.00000
318707	Bishop	Cluster	un	17837491	298	0.118644068	4.42857	0.46670	42.02293	0.64626	0.05263	-1.00000	-1.00000
318746	Bishop	Cluster	un	17838225	266	0.245762712	0.31183	0.03067	3.17041	0.50608	0.03448	-1.00000	-1.00000
318855	Bishop	Cluster	un	17845506	451	0.480000000	0.44444	0.03787	5.21605	0.35218	0.02211	-1.00000	-1.00000
318915	Bishop	Cluster	un	17845881	28	0.001862192	7.28571	2.13511	24.86137	0.86247	0.21007	-1.00000	-1.00000
319022	Bishop	Cluster	un	17857183	45	0.000088723	15.00000	3.51460	64.01875	1.17609	0.30625	-1.00000	-1.00000
320523	Bishop	Cluster	un	17868471	215	1.000000000	1.92857	0.16509	22.52900	0.28524	0.01752	-1.00000	-1.00000
321800	Bishop	Cluster	un	17872270	6	0.245454545	0.31034	0.03040	3.16783	0.50816	0.03704	-1.00000	-1.00000
322011	Bishop	Cluster	un	17874188	399	0.461538462	0.41379	0.03533	4.84665	0.38322	0.02288	-1.00000	-1.00000
322028	Bishop	Cluster	un	17875056	409	0.481481481	0.44828	0.03837	5.23742	0.34845	0.02032	-1.00000	-1.00000
322966	Bishop	Cluster	un	17879291	85	0.431086671	2.16667	0.36328	12.92254	0.33579	0.01333	-1.00000	-1.00000
323366	Bishop	Cluster	un	17882585	37	0.026092774	7.15385	0.80847	63.30171	0.85454	0.09091	-1.00000	-1.00000
323775	Bishop	Cluster	un	17885095	70	0.106170599	4.76923	0.50143	45.36166	0.67845	0.05844	-1.00000	-1.00000
324960	Bishop	Cluster	un	17894820	40	1.000000000	1.80000	0.15437	20.98797	0.25527	0.01576	-1.00000	-1.00000
325663	Bishop	Cluster	un	17897157	37	0.093795094	0.19355	0.02029	1.84594	0.71321	0.06531	-1.00000	-1.00000
325756	Bishop	Cluster	un	17902240	362	0.482758621	0.45161	0.03880	5.25593	0.34523	0.01880	-1.00000	-1.00000
325958	Bishop	Cluster	un	17906884	107	0.482758621	2.21429	0.19026	25.77014	0.34523	0.01880	-1.00000	-1.00000
326483	Bishop	Cluster	un	17915865	490	0.603773585	2.25000	0.19172	26.40626	0.35218	0.00808	-1.00000	-1.00000
326657	Bishop	Cluster	un	17916901	128	0.000000007	65.44444	7.67302	558.18658	1.81587	0.54656	-1.00000	-1.00000
326834	Bishop	Cluster	un	17918821	367	1.000000000	0.55556	0.04765	6.47777	0.25527	0.01576	-1.00000	-1.00000
327168	Bishop	Cluster	un	17923405	26	0.062425235	4.05263	0.98010	16.75732	0.60774	0.07509	-1.00000	-1.00000
327325	Bishop	Cluster	un	17924638	302	1.000000000	1.66667	0.14261	19.47836	0.22185	0.01509	-1.00000	-1.00000
327521	Bishop	Cluster	un	17927730	75	0.000000000	87.00000	10.15339	745.46533	1.93952	0.61333	-1.00000	-1.00000
327568	Bishop	Cluster	un	17928639	152	0.211038961	3.72000	0.36422	37.99496	0.57054	0.04274	-1.00000	-1.00000
327738	Bishop	Cluster	un	17932824	227	0.461538462	0.41379	0.03533	4.84665	0.38322	0.02288	-1.00000	-1.00000
328164	Bishop	Cluster	un	17936900	110	0.102210560	0.28571	0.06519	1.25232	0.54407	0.06143	-1.00000	-1.00000
328456	Bishop	Cluster	un	17940923	315	0.461538462	0.41379	0.03533	4.84665	0.38322	0.02288	-1.00000	-1.00000
328817	Bishop	Cluster	un	17945426	132	0.081599742	5.63636	0.58908	53.92945	0.75100	0.07353	-1.00000	-1.00000
329280	Bishop	Cluster	un	17951574	78	0.022190811	9.94737	1.12900	87.64407	0.99771	0.10787	-1.00000	-1.00000
329445	Bishop	Cluster	un	17955696	132	0.000000094	45.30769	5.47857	374.69418	1.65617	0.42857	-1.00000	-1.00000
330006	Bishop	Cluster	un	17962041	355	0.464285714	0.41935	0.03596	4.89101	0.37742	0.02098	-1.00000	-1.00000
330177	Bishop	Cluster	un	17964982	53	0.000596759	15.00000	1.79493	125.35281	1.17609	0.20465	-1.00000	-1.00000
330742	Bishop	Cluster	un	17970802	113	0.106170599	4.76923	0.50143	45.36166	0.67845	0.05844	-1.00000	-1.00000
331082	Bishop	Cluster	un	17973861	51	0.430037547	2.39130	0.41934	13.63647	0.37863	0.01935	-1.00000	-1.00000
331292	Bishop	Cluster	un	17979682	139	0.778933640	0.76768	0.25153	2.34300	0.11482	0.00386	-1.00000	-1.00000
331394	Bishop	Cluster	un	17983319	353	0.461538462	0.41379	0.03533	4.84665	0.38322	0.02288	-1.00000	-1.00000
331663	Bishop	Cluster	un	17997422	16	0.000706867	0.06093	0.00710	0.52259	1.21516	0.21739	-1.00000	-1.00000
331685	Bishop	Cluster	un	17999865	69	0.482758621	2.21429	0.19026	25.77014	0.34523	0.01880	-1.00000	-1.00000
331714	Bishop	Cluster	un	18002579	474	0.481481481	0.44828	0.03837	5.23742	0.34845	0.02032	-1.00000	-1.00000
331762	Bishop	Cluster	un	18005595	225	0.481481481	0.44828	0.03837	5.23742	0.34845	0.02032	-1.00000	-1.00000
332120	Bishop	Cluster	un	18010947	31	0.000000254	57.00000	6.65442	488.24686	1.75587	0.45000	-1.00000	-1.00000
332224	Bishop	Cluster	un	18012478	45	0.000141323	13.33333	3.17572	55.98029	1.12494	0.28278	-1.00000	-1.00000
332398	Bishop	Cluster	un	18016733	119	0.023977923	8.12000	0.93407	70.58795	0.90956	0.10769	-1.00000	-1.00000
332492	Bishop	Cluster	un	18018242	85	0.107960852	5.86957	0.63881	53.93145	0.76861	0.05333	-1.00000	-1.00000
332598	Bishop	Cluster	un	18019928	74	0.039250162	0.14483	0.01574	1.33255	0.83915	0.09722	-1.00000	-1.00000
332652	Bishop	Cluster	un	18021456	102	0.000000000	113.66666	12.76690	1012.00061	2.05563	0.69231	-1.00000	-1.00000
332659	Bishop	Cluster	un	18022285	126	0.491833031	3.00000	0.29452	30.55776	0.47712	0.03333	-1.00000	-1.00000
332707	Bishop	Cluster	un	18023894	115	1.000000000	1.80000	0.15437	20.98797	0.25527	0.01576	-1.00000	-1.00000
333901	Bishop	Cluster	un	18032658	290	0.481481481	0.44828	0.03837	5.23742	0.34845	0.02032	-1.00000	-1.00000
334155	Bishop	Cluster	un	18034069	155	0.493506494	2.79310	0.27363	28.51051	0.44609	0.03210	-1.00000	-1.00000
334216	Bishop	Cluster	un	18038814	96	0.266888393	2.07563	0.67181	6.41285	0.31715	0.02917	-1.00000	-1.00000
334422	Bishop	Cluster	un	18046192	84	0.491833031	3.00000	0.29452	30.55776	0.47712	0.03333	-1.00000	-1.00000
334430	Bishop	Cluster	un	18047850	142	1.000000000	1.93333	0.16614	22.49763	0.28631	0.01637	-1.00000	-1.00000
334434	Bishop	Cluster	un	18048608	11	0.500000000	0.48148	0.04113	5.63661	0.31742	0.01961	-1.00000	-1.00000
334568	Bishop	Cluster	un	18050226	99	0.500000000	2.07143	0.17768	24.14955	0.31627	0.01818	-1.00000	-1.00000
334679	Bishop	Cluster	un	18053880	448	1.000000000	0.79310	0.04702	13.37737	0.10067	0.00048	-1.00000	-1.00000
334757	Bishop	Cluster	un	18054376	33	0.500000000	2.07692	0.17741	24.31412	0.31742	0.01961	-1.00000	-1.00000
334763	Bishop	Cluster	un	18055154	31	0.048259363	6.20000	0.67962	56.56101	0.79239	0.07937	-1.00000	-1.00000
334981	Bishop	Cluster	un	18061592	100	0.025310124	7.36364	0.82361	65.83572	0.86709	0.10638	-1.00000	-1.00000
335030	Bishop	Cluster	un	18063895	15	0.000000023	62.50000	7.20458	542.19000	1.79588	0.56576	-1.00000	-1.00000
335081	Bishop	Cluster	un	18065592	117	1.000000000	1.32000	0.20168	8.63962	0.12057	0.00162	-1.00000	-1.00000
335354	Bishop	Cluster	un	18074442	53	0.000000000	207.00000	20.12924	2128.69409	2.31597	0.72864	-1.00000	-1.00000
335539	Bishop	Cluster	un	18077865	240	0.500000000	0.48276	0.04141	5.62819	0.31627	0.01818	-1.00000	-1.00000
335666	Bishop	Cluster	un	18083644	256	0.491264850	3.00000	0.29328	30.68711	0.47712	0.03571	-1.00000	-1.00000
335784	Bishop	Cluster	un	18090027	69	0.005397361	13.80000	1.58196	120.38242	1.13988	0.16842	-1.00000	-1.00000
335982	Bishop	Cluster	un	18094150	68	0.118644068	4.42857	0.46670	42.02293	0.64626	0.05263	-1.00000	-1.00000
336001	Bishop	Cluster	un	18095667	72	0.115317596	5.00000	0.54722	45.68572	0.69897	0.06667	-1.00000	-1.00000
336002	Bishop	Cluster	un	18096763	344	0.481481481	0.44828	0.03837	5.23742	0.34845	0.02032	-1.00000	-1.00000
336103	Bishop	Cluster	un	18099080	132	1.000000000	1.93333	0.16614	22.49763	0.28631	0.01637	-1.00000	-1.00000
336275	Bishop	Cluster	un	18105238	332	0.464285714	0.41935	0.03596	4.89101	0.37742	0.02098	-1.00000	-1.00000
336284	Bishop	Cluster	un	18106596	72	0.022958460	8.33333	0.94752	73.29038	0.92082	0.12587	-1.00000	-1.00000
336384	Bishop	Cluster	un	18109049	194	0.493212670	2.77778	0.27089	28.48358	0.44370	0.03429	-1.00000	-1.00000
336452	Bishop	Cluster	un	18109806	94	0.115317596	5.00000	0.54722	45.68572	0.69897	0.06667	-1.00000	-1.00000
336640	Bishop	Cluster	un	18119040	206	0.464285714	0.41935	0.03596	4.89101	0.37742	0.02098	-1.00000	-1.00000
336911	Bishop	Cluster	un	18128768	51	0.500000000	2.06667	0.17791	24.00734	0.31527	0.01695	-1.00000	-1.00000
336941	Bishop	Cluster	un	18130793	301	0.500000000	0.48387	0.04165	5.62086	0.31527	0.01695	-1.00000	-1.00000
336996	Bishop	Cluster	un	18133654	66	0.491833031	3.00000	0.29452	30.55776	0.47712	0.03333	-1.00000	-1.00000
337020	Bishop	Cluster	un	18134377	73	0.117647059	4.50000	0.46992	43.09288	0.65321	0.06122	-1.00000	-1.00000
337037	Bishop	Cluster	un	18135159	26	0.118644068	4.42857	0.46670	42.02293	0.64626	0.05263	-1.00000	-1.00000
337236	Bishop	Cluster	un	18142507	66	0.000000002	68.20000	8.12873	572.19788	1.83378	0.53846	-1.00000	-1.00000
337495	Bishop	Cluster	un	18153462	203	0.481481481	0.44828	0.03837	5.23742	0.34845	0.02032	-1.00000	-1.00000
337719	Bishop	Cluster	un	18159465	222	0.464285714	0.41935	0.03596	4.89101	0.37742	0.02098	-1.00000	-1.00000
337950	Bishop	Cluster	un	18163320	46	0.232546798	2.22353	0.62661	7.89016	0.34704	0.03008	-1.00000	-1.00000
338148	Bishop	Cluster	un	18164911	15	0.615086172	2.77778	0.27089	28.48358	0.44370	0.01420	-1.00000	-1.00000
338995	Bishop	Cluster	un	18171329	133	0.000000007	59.18182	7.09818	493.43481	1.77219	0.50000	-1.00000	-1.00000
340280	Bishop	Cluster	un	18173041	147	0.491833031	3.00000	0.29452	30.55776	0.47712	0.03333	-1.00000	-1.00000
340543	Bishop	Cluster	un	18174036	305	0.047272578	0.15862	0.01730	1.45424	0.79964	0.08615	-1.00000	-1.00000
340565	Bishop	Cluster	un	18174624	69	0.112015456	5.40000	0.58948	49.46759	0.73239	0.07429	-1.00000	-1.00000
340778	Bishop	Cluster	un	18176377	260	1.000000000	1.92857	0.16509	22.52900	0.28524	0.01752	-1.00000	-1.00000
341487	Bishop	Cluster	un	18181069	24	0.228675136	3.44444	0.33807	35.09441	0.53712	0.03827	-1.00000	-1.00000
341540	Bishop	Cluster	un	18182693	29	1.000000000	0.95000	0.25107	3.59461	0.02228	0.00011	-1.00000	-1.00000
341655	Bishop	Cluster	un	18184003	457	0.500000000	0.48148	0.04113	5.63661	0.31742	0.01961	-1.00000	-1.00000
342146	Bishop	Cluster	un	18188347	54	0.112015456	5.40000	0.58948	49.46759	0.73239	0.07429	-1.00000	-1.00000
342401	Bishop	Cluster	un	18190857	26	0.480000000	0.44444	0.03787	5.21605	0.35218	0.02211	-1.00000	-1.00000
342789	Bishop	Cluster	un	18201121	332	0.464285714	0.41935	0.03596	4.89101	0.37742	0.02098	-1.00000	-1.00000
342794	Bishop	Cluster	un	18201652	102	0.618181818	0.48148	0.04113	5.63661	0.31742	0.00629	-1.00000	-1.00000
342800	Bishop	Cluster	un	18202454	88	0.491833031	3.00000	0.29452	30.55776	0.47712	0.03333	-1.00000	-1.00000
342874	Bishop	Cluster	un	18207190	9	0.001954280	0.07258	0.00838	0.62842	1.13918	0.18617	-1.00000	-1.00000
342884	Bishop	Cluster	un	18208879	74	1.000000000	0.51724	0.04445	6.01898	0.28631	0.01637	-1.00000	-1.00000
342908	Bishop	Cluster	un	18209685	40	0.245283019	3.57143	0.37390	34.11384	0.55284	0.04706	-1.00000	-1.00000
343529	Bishop	Cluster	un	18230625	6	0.106255348	0.27778	0.07252	1.06394	0.55630	0.07143	-1.00000	-1.00000
343553	Bishop	Cluster	un	18231490	22	0.000001933	37.50000	4.46486	314.95926	1.57403	0.41633	-1.00000	-1.00000
343853	Bishop	Cluster	un	18238889	367	0.500000000	0.48000	0.04081	5.64636	0.31876	0.02128	-1.00000	-1.00000
343955	Bishop	Cluster	un	18241892	127	0.245283019	3.57143	0.37390	34.11384	0.55284	0.04706	-1.00000	-1.00000
344292	Bishop	Cluster	un	18248985	242	0.464285714	0.41935	0.03596	4.89101	0.37742	0.02098	-1.00000	-1.00000
344700	Bishop	Cluster	un	18254406	64	0.005397361	13.80000	1.58196	120.38242	1.13988	0.16842	-1.00000	-1.00000
344884	Bishop	Cluster	un	18258379	140	0.330856216	0.48571	0.12119	1.94667	0.31362	0.02211	-1.00000	-1.00000
345004	Bishop	Cluster	un	18261984	109	0.237749546	4.14286	0.43577	39.38647	0.61730	0.05091	-1.00000	-1.00000
345101	Bishop	Cluster	un	18265160	194	0.225306122	0.28395	0.02761	2.92002	0.54676	0.04514	-1.00000	-1.00000
345128	Bishop	Cluster	un	18265961	110	0.021448606	0.12903	0.01454	1.14498	0.88930	0.10108	-1.00000	-1.00000
345303	Bishop	Cluster	un	18271392	47	0.020663105	6.66667	1.29761	34.25103	0.82391	0.11342	-1.00000	-1.00000
345337	Bishop	Cluster	un	18274951	439	0.500000000	0.48276	0.04141	5.62819	0.31627	0.01818	-1.00000	-1.00000
346147	Bishop	Cluster	un	18297109	10	1.000000000	1.93333	0.16614	22.49763	0.28631	0.01637	-1.00000	-1.00000
346425	Bishop	Cluster	un	18302678	27	0.000070565	27.00000	3.23956	225.03064	1.43136	0.26945	-1.00000	-1.00000
346948	Bishop	Cluster	un	18313801	100	0.500000000	2.06667	0.17791	24.00734	0.31527	0.01695	-1.00000	-1.00000
347087	Bishop	Cluster	un	18318904	397	0.464285714	0.41935	0.03596	4.89101	0.37742	0.02098	-1.00000	-1.00000
347141	Bishop	Cluster	un	18319335	53	0.236897275	4.15385	0.43495	39.66973	0.61845	0.05462	-1.00000	-1.00000
347396	Bishop	Cluster	un	18326779	310	0.227113906	0.28736	0.02808	2.94037	0.54158	0.04142	-1.00000	-1.00000
347560	Bishop	Cluster	un	18330957	319	0.500000000	2.07692	0.17741	24.31412	0.31742	0.01961	-1.00000	-1.00000
347761	Bishop	Cluster	un	18336895	147	0.000000000	149.50000	15.56876	1435.58313	2.17464	0.67222	-1.00000	-1.00000
348014	Bishop	Cluster	un	18337572	93	0.114880414	0.20000	0.02178	1.83684	0.69897	0.07143	-1.00000	-1.00000
348094	Bishop	Cluster	un	18339907	16	0.482758621	0.45161	0.03880	5.25593	0.34523	0.01880	-1.00000	-1.00000
349008	Bishop	Cluster	un	18347185	225	1.000000000	1.93333	0.16614	22.49763	0.28631	0.01637	-1.00000	-1.00000
349998	Bishop	Cluster	un	18352073	266	0.491264850	3.00000	0.29328	30.68711	0.47712	0.03571	-1.00000	-1.00000
350078	Bishop	Cluster	un	18352645	62	0.228675136	0.29032	0.02849	2.95801	0.53712	0.03827	-1.00000	-1.00000
350095	Bishop	Cluster	un	18354864	19	0.500000000	2.07143	0.17768	24.14955	0.31627	0.01818	-1.00000	-1.00000
350850	Bishop	Cluster	un	18363165	140	0.461538462	0.41379	0.03533	4.84665	0.38322	0.02288	-1.00000	-1.00000
351151	Bishop	Cluster	un	18364732	61	0.500000000	2.07692	0.17741	24.31412	0.31742	0.01961	-1.00000	-1.00000
351570	Bishop	Cluster	un	18372266	428	0.192872117	0.24731	0.02414	2.53324	0.60676	0.04808	-1.00000	-1.00000
351602	Bishop	Cluster	un	18373085	467	0.245454545	0.31034	0.03040	3.16783	0.50816	0.03704	-1.00000	-1.00000
352621	Bishop	Cluster	un	18386599	385	1.000000000	1.64286	0.13993	19.28811	0.21560	0.00294	-1.00000	-1.00000
352713	Bishop	Cluster	un	18387029	41	0.118644068	4.42857	0.46670	42.02293	0.64626	0.05263	-1.00000	-1.00000
352753	Bishop	Cluster	un	18387951	46	0.358865248	3.28571	0.31674	34.08422	0.51663	0.02273	-1.00000	-1.00000
353208	Bishop	Cluster	un	18392097	141	0.011860352	8.68000	1.00047	75.30706	0.93852	0.11111	-1.00000	-1.00000
353310	Bishop	Cluster	un	18393154	376	0.461538462	0.41379	0.03533	4.84665	0.38322	0.02288	-1.00000	-1.00000
353331	Bishop	Cluster	un	18393577	14	0.079566986	4.52941	0.83229	24.64951	0.65604	0.07123	-1.00000	-1.00000
354414	Bishop	Cluster	un	18413611	130	0.000000000	725.00000	43.08483	12199.76953	2.86034	1.00000	-1.00000	-1.00000
354623	Bishop	Cluster	un	18415987	129	0.211038961	0.26882	0.02632	2.74562	0.57054	0.04274	-1.00000	-1.00000
354648	Bishop	Cluster	un	18416802	88	0.245762712	3.20690	0.31542	32.60509	0.50608	0.03448	-1.00000	-1.00000
354713	Bishop	Cluster	un	18421623	104	0.500000000	2.06667	0.17791	24.00734	0.31527	0.01695	-1.00000	-1.00000
354889	Bishop	Cluster	un	18426711	329	0.481481481	0.44828	0.03837	5.23742	0.34845	0.02032	-1.00000	-1.00000
354912	Bishop	Cluster	un	18427224	33	1.000000000	0.85185	0.05042	14.39326	0.06964	0.00024	-1.00000	-1.00000
355048	Bishop	Cluster	un	18429820	156	0.106170599	0.20968	0.02205	1.99431	0.67845	0.05844	-1.00000	-1.00000
355416	Bishop	Cluster	un	18432976	67	0.009307886	0.10599	0.01218	0.92241	0.97473	0.12363	-1.00000	-1.00000
355650	Bishop	Cluster	un	18441669	108	1.000000000	1.93333	0.16614	22.49763	0.28631	0.01637	-1.00000	-1.00000
355685	Bishop	Cluster	un	18444562	49	0.491833031	3.00000	0.29452	30.55776	0.47712	0.03333	-1.00000	-1.00000
355706	Bishop	Cluster	un	18446384	153	0.482758621	2.21429	0.19026	25.77014	0.34523	0.01880	-1.00000	-1.00000
356098	Bishop	Cluster	un	18455798	38	0.118644068	4.42857	0.46670	42.02293	0.64626	0.05263	-1.00000	-1.00000
356185	Bishop	Cluster	un	18461446	151	0.000000000	121.80000	13.23776	1120.67566	2.08565	0.72917	-1.00000	-1.00000
356464	Bishop	Cluster	un	18472587	9	0.179478667	2.25000	0.75038	6.74658	0.35218	0.03801	-1.00000	-1.00000
356483	Bishop	Cluster	un	18474246	128	0.464285714	0.41935	0.03596	4.89101	0.37742	0.02098	-1.00000	-1.00000
356910	Bishop	Cluster	un	18486306	125	0.245454545	3.22222	0.31567	32.89072	0.50816	0.03704	-1.00000	-1.00000
357113	Bishop	Cluster	un	18493654	133	0.048259363	6.20000	0.67962	56.56101	0.79239	0.07937	-1.00000	-1.00000
357515	Bishop	Cluster	un	18499758	447	0.461538462	0.41379	0.03533	4.84665	0.38322	0.02288	-1.00000	-1.00000
358090	Bishop	Cluster	un	18514721	9	0.046139818	0.15556	0.01687	1.43442	0.80811	0.09420	-1.00000	-1.00000
358422	Bishop	Cluster	un	18518838	16	1.000000000	1.93333	0.16614	22.49763	0.28631	0.01637	-1.00000	-1.00000
358457	Bishop	Cluster	un	18520406	12	0.003465046	0.08333	0.00958	0.72459	1.07918	0.17636	-1.00000	-1.00000
358926	Bishop	Cluster	un	18527370	406	0.482758621	0.45161	0.03880	5.25593	0.34523	0.01880	-1.00000	-1.00000
358967	Bishop	Cluster	un	18529689	198	1.000000000	1.66667	0.14261	19.47836	0.22185	0.01509	-1.00000	-1.00000
359459	Bishop	Cluster	un	18541041	481	0.500000000	0.48148	0.04113	5.63661	0.31742	0.01961	-1.00000	-1.00000
359622	Bishop	Cluster	un	18541559	129	1.000000000	1.92857	0.16509	22.52900	0.28524	0.01752	-1.00000	-1.00000
359701	Bishop	Cluster	un	18542333	64	0.142453803	2.87013	0.87190	9.44791	0.45790	0.06429	-1.00000	-1.00000
360007	Bishop	Cluster	un	18546772	542	0.244680851	0.30667	0.02975	3.16133	0.51333	0.04348	-1.00000	-1.00000
363541	Bishop	Cluster	un	18562192	337	1.000000000	1.91667	0.16250	22.60740	0.28255	0.00550	-1.00000	-1.00000
363593	Bishop	Cluster	un	18562685	14	1.000000000	0.85714	0.11208	6.55527	0.06695	0.00039	-1.00000	-1.00000
363959	Bishop	Cluster	un	18567517	135	0.464285714	0.41935	0.03596	4.89101	0.37742	0.02098	-1.00000	-1.00000
365287	Bishop	Cluster	un	18574147	246	0.192872117	0.24731	0.02414	2.53324	0.60676	0.04808	-1.00000	-1.00000
365446	Bishop	Cluster	un	18582289	473	0.461538462	0.41379	0.03533	4.84665	0.38322	0.02288	-1.00000	-1.00000
365455	Bishop	Cluster	un	18582873	230	0.464285714	2.38462	0.20446	27.81217	0.37742	0.02098	-1.00000	-1.00000
365771	Bishop	Cluster	un	18595630	132	0.211038961	3.72000	0.36422	37.99496	0.57054	0.04274	-1.00000	-1.00000
366006	Bishop	Cluster	un	18604492	145	0.120255746	4.62963	0.50538	42.41049	0.66555	0.06400	-1.00000	-1.00000
366124	Bishop	Cluster	un	18607511	99	0.054527757	6.23077	0.70120	55.36613	0.79454	0.08497	-1.00000	-1.00000
366170	Bishop	Cluster	un	18609765	25	0.000009385	29.00000	3.45766	243.22809	1.46240	0.34146	-1.00000	-1.00000
366323	Bishop	Cluster	un	18612943	42	0.055746141	5.80000	0.63455	53.01424	0.76343	0.07692	-1.00000	-1.00000
366482	Bishop	Cluster	un	18619930	41	0.000000000	225.00000	21.94246	2307.17041	2.35218	0.85714	-1.00000	-1.00000
366485	Bishop	Cluster	un	18620659	46	0.228675136	3.44444	0.33807	35.09441	0.53712	0.03827	-1.00000	-1.00000
367233	Bishop	Cluster	un	18632250	439	0.481481481	0.44828	0.03837	5.23742	0.34845	0.02032	-1.00000	-1.00000
367984	Bishop	Cluster	un	18638098	91	0.545329573	1.52727	0.43006	5.42378	0.18392	0.00772	-1.00000	-1.00000
368143	Bishop	Cluster	un	18639889	195	0.464285714	0.41935	0.03596	4.89101	0.37742	0.02098	-1.00000	-1.00000
368715	Bishop	Cluster	un	18649006	398	0.500000000	0.48276	0.04141	5.62819	0.31627	0.01818	-1.00000	-1.00000
368720	Bishop	Cluster	un	18650423	303	0.228675136	0.29032	0.02849	2.95801	0.53712	0.03827	-1.00000	-1.00000
368898	Bishop	Cluster	un	18653403	45	0.245454545	0.31034	0.03040	3.16783	0.50816	0.03704	-1.00000	-1.00000
369000	Bishop	Cluster	un	18656730	304	0.444444444	0.38710	0.03311	4.52610	0.41218	0.02358	-1.00000	-1.00000
369685	Bishop	Cluster	un	18666837	85	0.021448606	0.12903	0.01454	1.14498	0.88930	0.10108	-1.00000	-1.00000
370139	Bishop	Cluster	un	18672020	477	0.500000000	0.48000	0.04081	5.64636	0.31876	0.02128	-1.00000	-1.00000
370284	Bishop	Cluster	un	18673984	32	1.000000000	1.80000	0.15437	20.98797	0.25527	0.01576	-1.00000	-1.00000
370357	Bishop	Cluster	un	18675613	22	0.491833031	3.00000	0.29452	30.55776	0.47712	0.03333	-1.00000	-1.00000
371008	Bishop	Cluster	un	18686611	29	0.011603269	8.82609	1.01217	76.96327	0.94577	0.12000	-1.00000	-1.00000
371036	Bishop	Cluster	un	18687463	37	0.464285714	2.38462	0.20446	27.81217	0.37742	0.02098	-1.00000	-1.00000
371841	Bishop	Cluster	un	18694902	58	0.444444444	0.38710	0.03311	4.52610	0.41218	0.02358	-1.00000	-1.00000
371850	Bishop	Cluster	un	18695754	157	0.400358856	1.80000	0.59167	5.47599	0.25527	0.02078	-1.00000	-1.00000
372360	Bishop	Cluster	un	18699215	320	0.500000000	2.07143	0.17768	24.14955	0.31627	0.01818	-1.00000	-1.00000
373245	Bishop	Cluster	un	18709982	12	0.500000000	2.06667	0.17791	24.00734	0.31527	0.01695	-1.00000	-1.00000
374495	Bishop	Cluster	un	18722476	24	0.000000000	191.66667	18.59275	1975.82971	2.28255	0.84615	-1.00000	-1.00000
375210	Bishop	Cluster	un	18730344	20	0.068267079	2.81481	0.94588	8.37651	0.44945	0.06323	-1.00000	-1.00000
375291	Bishop	Cluster	un	18736146	97	0.500000000	2.06667	0.17791	24.00734	0.31527	0.01695	-1.00000	-1.00000
375356	Bishop	Cluster	un	18738843	387	1.000000000	0.86207	0.05123	14.50627	0.06446	0.00019	-1.00000	-1.00000
375443	Bishop	Cluster	un	18740770	14	1.000000000	0.85185	0.05042	14.39326	0.06964	0.00024	-1.00000	-1.00000
375742	Bishop	Cluster	un	18744905	253	0.480000000	0.44444	0.03787	5.21605	0.35218	0.02211	-1.00000	-1.00000
375779	Bishop	Cluster	un	18747416	224	0.461538462	2.41667	0.20633	28.30581	0.38322	0.02288	-1.00000	-1.00000
375802	Bishop	Cluster	un	18750172	487	0.481481481	0.44828	0.03837	5.23742	0.34845	0.02032	-1.00000	-1.00000
376064	Bishop	Cluster	un	18758382	58	0.263299813	0.35714	0.06355	2.00701	0.44716	0.02426	-1.00000	-1.00000
376068	Bishop	Cluster	un	18759209	21	0.002836355	0.08065	0.00936	0.69479	1.09342	0.16484	-1.00000	-1.00000
376369	Bishop	Cluster	un	18770271	280	0.480000000	0.44444	0.03787	5.21605	0.35218	0.02211	-1.00000	-1.00000
376794	Bishop	Cluster	un	18782005	596	0.480000000	0.44444	0.03787	5.21605	0.35218	0.02211	-1.00000	-1.00000
377074	Bishop	Cluster	un	18784787	131	0.000000000	775.00000	46.12598	13021.40234	2.88930	1.00000	-1.00000	-1.00000
379832	Bishop	Cluster	un	18803118	86	0.236897275	4.15385	0.43495	39.66973	0.61845	0.05462	-1.00000	-1.00000
381435	Bishop	Cluster	un	18808080	104	0.493506494	2.79310	0.27363	28.51051	0.44609	0.03210	-1.00000	-1.00000
382486	Bishop	Cluster	un	18813884	91	0.000000000	170.50000	17.81958	1631.36597	2.23172	0.79545	-1.00000	-1.00000
383621	Bishop	Cluster	un	18819499	84	0.577085807	0.62500	0.20755	1.88211	0.20412	0.01349	-1.00000	-1.00000
385683	Bishop	Cluster	un	18837002	202	0.444444444	0.38710	0.03311	4.52610	0.41218	0.02358	-1.00000	-1.00000
387057	Bishop	Cluster	un	18849458	463	0.444444444	0.38710	0.03311	4.52610	0.41218	0.02358	-1.00000	-1.00000
387576	Bishop	Cluster	un	18850829	318	0.482758621	0.45161	0.03880	5.25593	0.34523	0.01880	-1.00000	-1.00000
407376	Bishop	Cluster	un	18862291	151	0.240259740	0.25926	0.02721	2.47017	0.58627	0.04906	-1.00000	-1.00000
408683	Bishop	Cluster	un	18862954	61	0.481481481	0.44828	0.03837	5.23742	0.34845	0.02032	-1.00000	-1.00000
425885	Bishop	Cluster	un	18870651	361	0.500000000	2.06667	0.17791	24.00734	0.31527	0.01695	-1.00000	-1.00000
427173	Bishop	Cluster	un	18874729	242	1.000000000	1.08000	0.06407	18.20505	0.03342	0.00005	-1.00000	-1.00000
427203	Bishop	Cluster	un	18876195	89	0.500000000	2.06667	0.17791	24.00734	0.31527	0.01695	-1.00000	-1.00000
427620	Bishop	Cluster	un	18880999	237	0.500000000	0.48276	0.04141	5.62819	0.31627	0.01818	-1.00000	-1.00000
427794	Bishop	Cluster	un	18882428	86	0.000708021	16.17647	1.90730	137.19798	1.20888	0.23077	-1.00000	-1.00000
428059	Bishop	Cluster	un	18886311	80	0.040703531	0.14839	0.01622	1.35779	0.82860	0.08876	-1.00000	-1.00000
428155	Bishop	Cluster	un	18887961	106	0.324214609	3.85714	0.37380	39.80061	0.58627	0.02790	-1.00000	-1.00000
431296	Bishop	Cluster	un	18905984	25	0.245283019	0.28000	0.02931	2.67453	0.55284	0.04706	-1.00000	-1.00000
433817	Bishop	Cluster	un	18919914	125	0.491833031	3.00000	0.29452	30.55776	0.47712	0.03333	-1.00000	-1.00000
434320	Bishop	Cluster	un	18920685	76	0.000396835	16.66667	1.98438	139.98189	1.22185	0.22997	-1.00000	-1.00000
436708	Bishop	Cluster	un	18942390	12	0.207334797	2.60526	0.69029	9.83266	0.41585	0.03836	-1.00000	-1.00000
436879	Bishop	Cluster	un	18944992	37	0.025728988	7.25000	0.81543	64.45982	0.86034	0.09804	-1.00000	-1.00000
437074	Bishop	Cluster	un	18947538	189	0.444444444	0.38710	0.03311	4.52610	0.41218	0.02358	-1.00000	-1.00000
437234	Bishop	Cluster	un	18949974	197	1.000000000	1.00000	0.05893	16.97048	0.00000	0.00000	-1.00000	-1.00000
437442	Bishop	Cluster	un	18953947	41	1.000000000	1.92857	0.16509	22.52900	0.28524	0.01752	-1.00000	-1.00000
438049	Bishop	Cluster	un	18959536	32	0.482758621	2.21429	0.19026	25.77014	0.34523	0.01880	-1.00000	-1.00000
438080	Bishop	Cluster	un	18960358	41	0.491833031	3.00000	0.29452	30.55776	0.47712	0.03333	-1.00000	-1.00000
438833	Bishop	Cluster	un	18964668	117	0.118181818	4.46154	0.46819	42.51565	0.64948	0.05660	-1.00000	-1.00000
438898	Bishop	Cluster	un	18965437	151	0.106170599	0.20968	0.02205	1.99431	0.67845	0.05844	-1.00000	-1.00000
439915	Bishop	Cluster	un	18973539	300	0.481481481	0.44828	0.03837	5.23742	0.34845	0.02032	-1.00000	-1.00000
439939	Bishop	Cluster	un	18975212	362	1.000000000	0.51724	0.04445	6.01898	0.28631	0.01637	-1.00000	-1.00000
440434	Bishop	Cluster	un	18982685	382	1.000000000	1.92308	0.16389	22.56519	0.28400	0.01884	-1.00000	-1.00000
441478	Bishop	Cluster	un	18994497	233	1.000000000	0.93103	0.05544	15.63520	0.03103	0.00004	-1.00000	-1.00000
441562	Bishop	Cluster	un	19003127	156	0.500000000	0.48387	0.04165	5.62086	0.31527	0.01695	-1.00000	-1.00000
442950	Bishop	Cluster	un	19008706	76	0.464285714	0.41935	0.03596	4.89101	0.37742	0.02098	-1.00000	-1.00000
443738	Bishop	Cluster	un	19011902	66	0.000953498	14.47368	1.71607	122.07419	1.16058	0.20408	-1.00000	-1.00000
444704	Bishop	Cluster	un	19015069	21	0.412885913	1.63333	0.53323	5.00301	0.21307	0.01483	-1.00000	-1.00000
445623	Bishop	Cluster	un	19018649	450	0.464285714	0.41935	0.03596	4.89101	0.37742	0.02098	-1.00000	-1.00000
445929	Bishop	Cluster	un	19021710	119	1.000000000	0.69697	0.10611	4.57802	0.15679	0.00285	-1.00000	-1.00000
448256	Bishop	Cluster	un	19025453	23	0.237749546	4.14286	0.43577	39.38647	0.61730	0.05091	-1.00000	-1.00000
449897	Bishop	Cluster	un	19029696	302	0.500000000	2.08333	0.17711	24.50678	0.31876	0.02128	-1.00000	-1.00000
451010	Bishop	Cluster	un	19036032	144	0.000000001	175.00000	16.91826	1810.17468	2.24304	0.70888	-1.00000	-1.00000
451832	Bishop	Cluster	un	19040317	313	1.000000000	1.93333	0.16614	22.49763	0.28631	0.01637	-1.00000	-1.00000
454877	Bishop	Cluster	un	19054647	139	0.493212670	2.77778	0.27089	28.48358	0.44370	0.03429	-1.00000	-1.00000
455471	Bishop	Cluster	un	19056030	18	0.491833031	3.00000	0.29452	30.55776	0.47712	0.03333	-1.00000	-1.00000
456076	Bishop	Cluster	un	19058444	33	0.788691872	0.76471	0.26633	2.19567	0.11651	0.00444	-1.00000	-1.00000
456246	Bishop	Cluster	un	19060211	23	1.000000000	0.52000	0.04432	6.10163	0.28400	0.01884	-1.00000	-1.00000
456357	Bishop	Cluster	un	19062807	142	0.735822279	0.76923	0.18504	3.19781	0.11394	0.00218	-1.00000	-1.00000
457017	Bishop	Cluster	un	19064519	232	0.481481481	0.44828	0.03837	5.23742	0.34845	0.02032	-1.00000	-1.00000
458584	Bishop	Cluster	un	19068219	62	0.500000000	2.06667	0.17791	24.00734	0.31527	0.01695	-1.00000	-1.00000
458931	Bishop	Cluster	un	19069891	152	0.430037547	2.39130	0.41934	13.63647	0.37863	0.01935	-1.00000	-1.00000
459184	Bishop	Cluster	un	19074074	276	0.245098039	3.24000	0.31597	33.22326	0.51055	0.04000	-1.00000	-1.00000
460935	Bishop	Cluster	un	19079805	17	0.464285714	2.38462	0.20446	27.81217	0.37742	0.02098	-1.00000	-1.00000
461236	Bishop	Cluster	un	19082186	21	0.579100145	0.37931	0.03229	4.45591	0.42101	0.01176	-1.00000	-1.00000
462779	Bishop	Cluster	un	19088793	176	0.461538462	0.41379	0.03533	4.84665	0.38322	0.02288	-1.00000	-1.00000
463566	Bishop	Cluster	un	19092795	245	0.461538462	2.41667	0.20633	28.30581	0.38322	0.02288	-1.00000	-1.00000
463691	Bishop	Cluster	un	19093532	234	0.117647059	0.22222	0.02321	2.12804	0.65321	0.06122	-1.00000	-1.00000
464232	Bishop	Cluster	un	19095782	97	1.000000000	1.93333	0.16614	22.49763	0.28631	0.01637	-1.00000	-1.00000
464606	Bishop	Cluster	un	19099365	484	0.500000000	0.48276	0.04141	5.62819	0.31627	0.01818	-1.00000	-1.00000
465669	Bishop	Cluster	un	19106981	209	1.000000000	0.51724	0.04445	6.01898	0.28631	0.01637	-1.00000	-1.00000
466566	Bishop	Cluster	un	19111791	211	0.239819005	3.84615	0.40172	36.82394	0.58503	0.05248	-1.00000	-1.00000
466776	Bishop	Cluster	un	19114846	40	0.237749546	4.14286	0.43577	39.38647	0.61730	0.05091	-1.00000	-1.00000
467777	Bishop	Cluster	un	19123132	315	1.000000000	1.80000	0.15437	20.98797	0.25527	0.01576	-1.00000	-1.00000
468380	Bishop	Cluster	un	19131654	344	0.464285714	0.41935	0.03596	4.89101	0.37742	0.02098	-1.00000	-1.00000
468492	Bishop	Cluster	un	19132181	48	0.000002976	33.46154	3.98697	280.83353	1.52455	0.37692	-1.00000	-1.00000
469475	Bishop	Cluster	un	19138698	336	0.482758621	0.45161	0.03880	5.25593	0.34523	0.01880	-1.00000	-1.00000
469511	Bishop	Cluster	un	19139290	116	0.239819005	3.84615	0.40172	36.82394	0.58503	0.05248	-1.00000	-1.00000
469663	Bishop	Cluster	un	19139943	13	0.010708738	9.66667	1.12815	82.82948	0.98528	0.12810	-1.00000	-1.00000
469700	Bishop	Cluster	un	19140824	86	1.000000000	1.93333	0.16614	22.49763	0.28631	0.01637	-1.00000	-1.00000
470007	Bishop	Cluster	un	19145871	331	0.327683847	0.26437	0.02576	2.71292	0.57779	0.02525	-1.00000	-1.00000
471518	Bishop	Cluster	un	19159981	31	0.000099543	12.37500	3.20082	47.84423	1.09255	0.29697	-1.00000	-1.00000
472868	Bishop	Cluster	un	19167525	318	1.000000000	1.07407	0.06396	18.03732	0.03103	0.00004	-1.00000	-1.00000
473167	Bishop	Cluster	un	19169672	19	0.500000000	0.48000	0.04081	5.64636	0.31876	0.02128	-1.00000	-1.00000
473225	Bishop	Cluster	un	19171103	398	1.000000000	1.92857	0.16509	22.52900	0.28524	0.01752	-1.00000	-1.00000
473360	Bishop	Cluster	un	19173209	13	0.005669382	5.60000	1.63778	19.14788	0.74819	0.15099	-1.00000	-1.00000
474263	Bishop	Cluster	un	19188189	368	0.482758621	0.45161	0.03880	5.25593	0.34523	0.01880	-1.00000	-1.00000
474289	Bishop	Cluster	un	19190521	352	0.500000000	2.07143	0.17768	24.14955	0.31627	0.01818	-1.00000	-1.00000
474374	Bishop	Cluster	un	19192034	246	0.493506494	0.35802	0.03507	3.65452	0.44609	0.03210	-1.00000	-1.00000
474776	Bishop	Cluster	un	19196854	428	0.208144796	0.26437	0.02576	2.71292	0.57779	0.04667	-1.00000	-1.00000
474946	Bishop	Cluster	un	19198940	121	0.461538462	0.41379	0.03533	4.84665	0.38322	0.02288	-1.00000	-1.00000
477044	Bishop	Cluster	un	19212909	65	0.001752959	7.72727	2.07578	28.76540	0.88803	0.20028	-1.00000	-1.00000
478789	Bishop	Cluster	un	19222774	460	0.491264850	0.33333	0.03259	3.40968	0.47712	0.03571	-1.00000	-1.00000
479851	Bishop	Cluster	un	19228798	31	0.026092774	7.15385	0.80847	63.30171	0.85454	0.09091	-1.00000	-1.00000
480241	Bishop	Cluster	un	19234417	82	0.005211412	0.08756	0.00998	0.76820	1.05771	0.15625	-1.00000	-1.00000
480353	Bishop	Cluster	un	19236294	473	0.481481481	0.44828	0.03837	5.23742	0.34845	0.02032	-1.00000	-1.00000
482242	Bishop	Cluster	un	19247772	325	0.245098039	0.30864	0.03010	3.16484	0.51055	0.04000	-1.00000	-1.00000
483514	Bishop	Cluster	un	19256706	149	0.000000000	837.00000	49.91668	14034.76660	2.92273	1.00000	-1.00000	-1.00000
483817	Bishop	Cluster	un	19258392	334	1.000000000	0.52000	0.04432	6.10163	0.28400	0.01884	-1.00000	-1.00000
484381	Bishop	Cluster	un	19259080	323	0.500000000	2.06667	0.17791	24.00734	0.31527	0.01695	-1.00000	-1.00000
484809	Bishop	Cluster	un	19261182	27	0.211038961	0.26882	0.02632	2.74562	0.57054	0.04274	-1.00000	-1.00000
485804	Bishop	Cluster	un	19267021	140	0.464285714	2.38462	0.20446	27.81217	0.37742	0.02098	-1.00000	-1.00000
485808	Bishop	Cluster	un	19267747	68	0.000082386	17.72727	3.45526	90.94998	1.24864	0.29574	-1.00000	-1.00000
485819	Bishop	Cluster	un	19268531	61	0.225306122	3.52174	0.34246	36.21597	0.54676	0.04514	-1.00000	-1.00000
488281	Bishop	Cluster	un	19279821	292	0.493506494	2.79310	0.27363	28.51051	0.44609	0.03210	-1.00000	-1.00000
493738	Bishop	Cluster	un	19297805	95	0.020060790	0.12346	0.01375	1.10819	0.90848	0.12037	-1.00000	-1.00000
493947	Bishop	Cluster	un	19298620	53	0.011603269	8.82609	1.01217	76.96327	0.94577	0.12000	-1.00000	-1.00000
495311	Bishop	Cluster	un	19307104	100	0.237749546	4.14286	0.43577	39.38647	0.61730	0.05091	-1.00000	-1.00000
496612	Bishop	Cluster	un	19309691	236	1.000000000	1.66667	0.14261	19.47836	0.22185	0.01509	-1.00000	-1.00000
497150	Bishop	Cluster	un	19312095	251	0.461538462	0.41379	0.03533	4.84665	0.38322	0.02288	-1.00000	-1.00000
499823	Bishop	Cluster	un	19321885	385	0.461538462	0.41379	0.03533	4.84665	0.38322	0.02288	-1.00000	-1.00000
502619	Bishop	Cluster	un	19331548	36	0.245762712	3.20690	0.31542	32.60509	0.50608	0.03448	-1.00000	-1.00000
502746	Bishop	Cluster	un	19333533	308	0.461538462	0.41379	0.03533	4.84665	0.38322	0.02288	-1.00000	-1.00000
503034	Bishop	Cluster	un	19340194	501	0.245454545	0.31034	0.03040	3.16783	0.50816	0.03704	-1.00000	-1.00000
503035	Bishop	Cluster	un	19340791	200	1.000000000	1.66667	0.14261	19.47836	0.22185	0.01509	-1.00000	-1.00000
503081	Bishop	Cluster	un	19343789	129	0.000299853	18.33333	2.14646	156.58884	1.26324	0.26316	-1.00000	-1.00000
504151	Bishop	Cluster	un	19352741	354	0.500000000	2.07692	0.17741	24.31412	0.31742	0.01961	-1.00000	-1.00000
504163	Bishop	Cluster	un	19353575	370	1.000000000	1.92308	0.16389	22.56519	0.28400	0.01884	-1.00000	-1.00000
504491	Bishop	Cluster	un	19359951	102	0.000287493	12.77778	2.96857	55.00006	1.10646	0.28135	-1.00000	-1.00000
504546	Bishop	Cluster	un	19360797	100	0.444444444	0.38710	0.03311	4.52610	0.41218	0.02358	-1.00000	-1.00000
504550	Bishop	Cluster	un	19361635	114	0.245762712	0.31183	0.03067	3.17041	0.50608	0.03448	-1.00000	-1.00000
504581	Bishop	Cluster	un	19362524	113	0.000071446	13.00000	3.36271	50.25714	1.11394	0.30118	-1.00000	-1.00000
505740	Bishop	Cluster	un	19372595	468	1.000000000	0.52000	0.04432	6.10163	0.28400	0.01884	-1.00000	-1.00000
506423	Bishop	Cluster	un	19381880	40	0.491833031	3.00000	0.29452	30.55776	0.47712	0.03333	-1.00000	-1.00000
506779	Bishop	Cluster	un	19385293	299	0.245098039	3.24000	0.31597	33.22326	0.51055	0.04000	-1.00000	-1.00000
506792	Bishop	Cluster	un	19386126	315	1.000000000	1.92857	0.16509	22.52900	0.28524	0.01752	-1.00000	-1.00000
506908	Bishop	Cluster	un	19390252	413	1.000000000	0.86207	0.05123	14.50627	0.06446	0.00019	-1.00000	-1.00000
507036	Bishop	Cluster	un	19390719	74	0.118644068	4.42857	0.46670	42.02293	0.64626	0.05263	-1.00000	-1.00000
508100	Bishop	Cluster	un	19393215	183	0.444444444	0.38710	0.03311	4.52610	0.41218	0.02358	-1.00000	-1.00000
509250	Bishop	Cluster	un	19396483	272	0.444444444	0.38710	0.03311	4.52610	0.41218	0.02358	-1.00000	-1.00000
511574	Bishop	Cluster	un	19405948	91	0.245762712	3.20690	0.31542	32.60509	0.50608	0.03448	-1.00000	-1.00000
512621	Bishop	Cluster	un	19413129	68	0.500000000	2.06667	0.17791	24.00734	0.31527	0.01695	-1.00000	-1.00000
514703	Bishop	Cluster	un	19416785	122	0.500000000	0.48276	0.04141	5.62819	0.31627	0.01818	-1.00000	-1.00000
516591	Bishop	Cluster	un	19420214	44	0.500000000	0.48276	0.04141	5.62819	0.31627	0.01818	-1.00000	-1.00000
517471	Bishop	Cluster	un	19422630	13	0.237749546	4.14286	0.43577	39.38647	0.61730	0.05091	-1.00000	-1.00000
518181	Bishop	Cluster	un	19423558	66	1.000000000	1.78571	0.15251	20.90852	0.25181	0.01681	-1.00000	-1.00000
518366	Bishop	Cluster	un	19424412	139	0.075451530	0.29545	0.08880	0.98302	0.52951	0.07639	-1.00000	-1.00000
522952	Bishop	Cluster	un	19428885	34	1.000000000	1.92857	0.16509	22.52900	0.28524	0.01752	-1.00000	-1.00000
527878	Bishop	Cluster	un	19436901	342	0.480000000	0.44444	0.03787	5.21605	0.35218	0.02211	-1.00000	-1.00000
527952	Bishop	Cluster	un	19437830	491	0.480000000	0.44444	0.03787	5.21605	0.35218	0.02211	-1.00000	-1.00000
528166	Bishop	Cluster	un	19439074	13	0.235918367	4.16667	0.43401	40.00140	0.61979	0.05892	-1.00000	-1.00000
528316	Bishop	Cluster	un	19442207	63	0.464285714	2.38462	0.20446	27.81217	0.37742	0.02098	-1.00000	-1.00000
528338	Bishop	Cluster	un	19445863	393	1.000000000	1.92308	0.16389	22.56519	0.28400	0.01884	-1.00000	-1.00000
528345	Bishop	Cluster	un	19449341	505	1.000000000	0.55556	0.04765	6.47777	0.25527	0.01576	-1.00000	-1.00000
528354	Bishop	Cluster	un	19451878	12	0.225940131	0.43860	0.12123	1.58676	0.35793	0.03361	-1.00000	-1.00000
528363	Bishop	Cluster	un	19453642	149	0.464285714	2.38462	0.20446	27.81217	0.37742	0.02098	-1.00000	-1.00000
528373	Bishop	Cluster	un	19455961	292	0.464285714	0.41935	0.03596	4.89101	0.37742	0.02098	-1.00000	-1.00000
528404	Bishop	Cluster	un	19463633	19	0.500000000	2.06667	0.17791	24.00734	0.31527	0.01695	-1.00000	-1.00000
528406	Bishop	Cluster	un	19465572	384	0.500000000	0.48276	0.04141	5.62819	0.31627	0.01818	-1.00000	-1.00000
528456	Bishop	Cluster	un	19479804	207	0.500000000	0.48148	0.04113	5.63661	0.31742	0.01961	-1.00000	-1.00000
528466	Bishop	Cluster	un	19481839	131	0.432629146	2.15385	0.36345	12.76394	0.33321	0.01235	-1.00000	-1.00000
528485	Bishop	Cluster	un	19488304	474	1.000000000	0.85185	0.05042	14.39326	0.06964	0.00024	-1.00000	-1.00000
528488	Bishop	Cluster	un	19489048	399	1.000000000	0.51724	0.04445	6.01898	0.28631	0.01637	-1.00000	-1.00000
528493	Bishop	Cluster	un	19491069	7	0.107960852	0.17037	0.01854	1.56542	0.76861	0.05333	-1.00000	-1.00000
528534	Bishop	Cluster	un	19496711	69	0.011860352	8.68000	1.00047	75.30706	0.93852	0.11111	-1.00000	-1.00000
528546	Bishop	Cluster	un	19498520	194	0.444444444	0.38710	0.03311	4.52610	0.41218	0.02358	-1.00000	-1.00000
528560	Bishop	Cluster	un	19501570	23	0.006611286	0.09360	0.01065	0.82280	1.02874	0.15217	-1.00000	-1.00000
528580	Bishop	Cluster	un	19505690	181	1.000000000	0.51852	0.04439	6.05718	0.28524	0.01752	-1.00000	-1.00000
528586	Bishop	Cluster	un	19510057	497	0.208144796	0.26437	0.02576	2.71292	0.57779	0.04667	-1.00000	-1.00000
528590	Bishop	Cluster	un	19510372	11	0.000001694	35.30769	4.22710	294.91452	1.54787	0.39098	-1.00000	-1.00000
528601	Bishop	Cluster	un	19516363	271	1.000000000	0.93103	0.05544	15.63520	0.03103	0.00004	-1.00000	-1.00000
528608	Bishop	Cluster	un	19517788	32	0.500000000	2.08333	0.17711	24.50678	0.31876	0.02128	-1.00000	-1.00000
528624	Bishop	Cluster	un	19524344	80	0.013449444	8.33333	0.96777	71.75745	0.92082	0.11915	-1.00000	-1.00000
528626	Bishop	Cluster	un	19525105	76	0.000144217	19.33333	2.31339	161.57144	1.28631	0.24444	-1.00000	-1.00000
528631	Bishop	Cluster	un	19526639	62	0.052549084	6.69231	0.75483	59.33385	0.82558	0.08805	-1.00000	-1.00000
528638	Bishop	Cluster	un	19527526	127	0.020799934	0.12644	0.01417	1.12790	0.89813	0.10989	-1.00000	-1.00000
528661	Bishop	Cluster	un	19532216	61	0.192872117	0.24731	0.02414	2.53324	0.60676	0.04808	-1.00000	-1.00000
528664	Bishop	Cluster	un	19532885	18	0.004700643	11.11111	1.27451	96.86606	1.04576	0.17073	-1.00000	-1.00000
528689	Bishop	Cluster	un	19541081	152	0.104821803	0.20690	0.02165	1.97698	0.68425	0.06335	-1.00000	-1.00000
528691	Bishop	Cluster	un	19541773	94	0.050505146	0.22667	0.05345	0.96115	0.64461	0.08252	-1.00000	-1.00000
528725	Bishop	Cluster	un	19550317	36	1.000000000	1.76923	0.15037	20.81635	0.24778	0.00405	-1.00000	-1.00000
528733	Bishop	Cluster	un	19553314	355	0.245098039	0.30864	0.03010	3.16484	0.51055	0.04000	-1.00000	-1.00000
528734	Bishop	Cluster	un	19553942	144	0.008228921	8.12500	1.57454	41.92680	0.90982	0.14168	-1.00000	-1.00000
528739	Bishop	Cluster	un	19555391	10	0.211038961	0.26882	0.02632	2.74562	0.57054	0.04274	-1.00000	-1.00000
528743	Bishop	Cluster	un	19556930	83	0.016354234	0.11494	0.01283	1.02946	0.93952	0.12411	-1.00000	-1.00000
528747	Bishop	Cluster	un	19558762	375	0.493506494	2.79310	0.27363	28.51051	0.44609	0.03210	-1.00000	-1.00000
528749	Bishop	Cluster	un	19559529	345	1.000000000	1.93333	0.16614	22.49763	0.28631	0.01637	-1.00000	-1.00000
528783	Bishop	Cluster	un	19567825	123	0.056199822	5.74074	0.63090	52.23658	0.75897	0.07143	-1.00000	-1.00000
528802	Bishop	Cluster	un	19569466	97	0.000013283	21.00000	4.58276	96.23018	1.32222	0.39683	-1.00000	-1.00000
528828	Bishop	Cluster	un	19575830	186	0.444444444	0.38710	0.03311	4.52610	0.41218	0.02358	-1.00000	-1.00000
528829	Bishop	Cluster	un	19576549	17	0.001529901	11.14286	2.17908	56.97972	1.04700	0.19784	-1.00000	-1.00000
528846	Bishop	Cluster	un	19581277	39	1.000000000	1.93333	0.16614	22.49763	0.28631	0.01637	-1.00000	-1.00000
528854	Bishop	Cluster	un	19583003	127	0.245762712	3.20690	0.31542	32.60509	0.50608	0.03448	-1.00000	-1.00000
528882	Bishop	Cluster	un	19590019	464	0.500000000	0.48000	0.04081	5.64636	0.31876	0.02128	-1.00000	-1.00000
528884	Bishop	Cluster	un	19590824	493	0.481481481	0.44828	0.03837	5.23742	0.34845	0.02032	-1.00000	-1.00000
528898	Bishop	Cluster	un	19594743	370	1.000000000	1.66667	0.14261	19.47836	0.22185	0.01509	-1.00000	-1.00000
528939	Bishop	Cluster	un	19602650	356	1.000000000	0.85185	0.05042	14.39326	0.06964	0.00024	-1.00000	-1.00000
528995	Bishop	Cluster	un	19614248	204	1.000000000	1.66667	0.14261	19.47836	0.22185	0.01509	-1.00000	-1.00000
529001	Bishop	Cluster	un	19616854	346	0.493212670	2.77778	0.27089	28.48358	0.44370	0.03429	-1.00000	-1.00000
529017	Bishop	Cluster	un	19619675	148	0.000000041	75.57143	8.59773	664.25012	1.87836	0.52563	-1.00000	-1.00000
529039	Bishop	Cluster	un	19629419	141	0.000000000	87.00000	10.15339	745.46533	1.93952	0.61333	-1.00000	-1.00000
529044	Bishop	Cluster	un	19630209	117	0.000000032	83.33334	9.25965	749.96844	1.92082	0.55453	-1.00000	-1.00000
529050	Bishop	Cluster	un	19632547	85	0.023977923	8.12000	0.93407	70.58795	0.90956	0.10769	-1.00000	-1.00000
529061	Bishop	Cluster	un	19637009	25	0.342212357	3.52174	0.34246	36.21597	0.54676	0.02310	-1.00000	-1.00000
529073	Bishop	Cluster	un	19638490	59	0.008228921	0.12308	0.02385	0.63510	0.90982	0.14168	-1.00000	-1.00000
529074	Bishop	Cluster	un	19639203	20	0.358476953	3.84615	0.40172	36.82394	0.58503	0.02753	-1.00000	-1.00000
529077	Bishop	Cluster	un	19640419	396	0.324214609	0.25926	0.02513	2.67521	0.58627	0.02790	-1.00000	-1.00000
529083	Bishop	Cluster	un	19641790	90	0.193752973	5.43478	0.58997	50.06475	0.73518	0.04962	-1.00000	-1.00000
529099	Bishop	Cluster	un	19644818	133	0.000000292	46.40000	5.43537	396.10168	1.66652	0.47297	-1.00000	-1.00000
529108	Bishop	Cluster	un	19646399	120	0.000000326	47.22222	5.46805	407.81201	1.67415	0.50000	-1.00000	-1.00000
529115	Bishop	Cluster	un	19649758	88	0.107960852	5.86957	0.63881	53.93145	0.76861	0.05333	-1.00000	-1.00000
529132	Bishop	Cluster	un	19654086	435	0.444444444	0.38710	0.03311	4.52610	0.41218	0.02358	-1.00000	-1.00000
529154	Bishop	Cluster	un	19659219	19	0.245762712	3.20690	0.31542	32.60509	0.50608	0.03448	-1.00000	-1.00000
529175	Bishop	Cluster	un	19660096	74	0.000992970	14.14286	1.68895	118.42857	1.15054	0.18841	-1.00000	-1.00000
529182	Bishop	Cluster	un	19661917	255	0.500000000	2.07692	0.17741	24.31412	0.31742	0.01961	-1.00000	-1.00000
529184	Bishop	Cluster	un	19662540	102	1.000000000	1.93333	0.16614	22.49763	0.28631	0.01637	-1.00000	-1.00000
529239	Bishop	Cluster	un	19670935	416	1.000000000	0.85185	0.05042	14.39326	0.06964	0.00024	-1.00000	-1.00000
529248	Bishop	Cluster	un	19671381	119	0.118181818	4.46154	0.46819	42.51565	0.64948	0.05660	-1.00000	-1.00000
529263	Bishop	Cluster	un	19673782	90	0.493212670	2.77778	0.27089	28.48358	0.44370	0.03429	-1.00000	-1.00000
529380	Bishop	Cluster	un	19679293	66	0.000000016	65.25000	7.52132	566.06567	1.81458	0.56667	-1.00000	-1.00000
529899	Bishop	Cluster	un	19687881	13	0.000000480	57.50000	6.60776	500.35864	1.75967	0.46701	-1.00000	-1.00000
529939	Bishop	Cluster	un	19690244	41	0.746810460	0.78947	0.20453	3.04725	0.10266	0.00246	-1.00000	-1.00000
530124	Bishop	Cluster	un	19693318	525	0.208144796	0.26437	0.02576	2.71292	0.57779	0.04667	-1.00000	-1.00000
530257	Bishop	Cluster	un	19694609	71	0.023977923	8.12000	0.93407	70.58795	0.90956	0.10769	-1.00000	-1.00000
530676	Bishop	Cluster	un	19698788	34	0.491264850	3.00000	0.29328	30.68711	0.47712	0.03571	-1.00000	-1.00000
530680	Bishop	Cluster	un	19699717	152	0.009307886	9.43478	1.08411	82.10883	0.97473	0.12363	-1.00000	-1.00000
530815	Bishop	Cluster	un	19700565	137	0.112852665	5.37037	0.58906	48.96109	0.73000	0.06914	-1.00000	-1.00000
530822	Bishop	Cluster	un	19702074	61	0.461538462	0.41379	0.03533	4.84665	0.38322	0.02288	-1.00000	-1.00000
531040	Bishop	Cluster	un	19706845	72	0.118181818	4.46154	0.46819	42.51565	0.64948	0.05660	-1.00000	-1.00000
531172	Bishop	Cluster	un	19709663	507	1.000000000	0.92000	0.05434	15.57603	0.03621	0.00007	-1.00000	-1.00000
531191	Bishop	Cluster	un	19711621	117	0.500000000	2.07143	0.17768	24.14955	0.31627	0.01818	-1.00000	-1.00000
531193	Bishop	Cluster	un	19712342	60	0.209260421	2.77778	0.73989	10.42858	0.44370	0.04583	-1.00000	-1.00000
531495	Bishop	Cluster	un	19724413	58	0.056199822	5.74074	0.63090	52.23658	0.75897	0.07143	-1.00000	-1.00000
531606	Bishop	Cluster	un	19726758	102	0.482758621	2.21429	0.19026	25.77014	0.34523	0.01880	-1.00000	-1.00000
531835	Bishop	Cluster	un	19730191	25	0.255537441	3.25000	0.59743	17.68000	0.51188	0.03471	-1.00000	-1.00000
531951	Bishop	Cluster	un	19734953	67	0.048259363	6.20000	0.67962	56.56101	0.79239	0.07937	-1.00000	-1.00000
532190	Bishop	Cluster	un	19740555	73	0.048259363	6.20000	0.67962	56.56101	0.79239	0.07937	-1.00000	-1.00000
532271	Bishop	Cluster	un	19742974	106	0.006588608	0.10769	0.02065	0.56154	0.96782	0.16687	-1.00000	-1.00000
532439	Bishop	Cluster	un	19749173	37	1.000000000	1.66667	0.14261	19.47836	0.22185	0.01509	-1.00000	-1.00000
532464	Bishop	Cluster	un	19751484	31	0.245762712	3.20690	0.31542	32.60509	0.50608	0.03448	-1.00000	-1.00000
532686	Bishop	Cluster	un	19756414	27	0.054527757	6.23077	0.70120	55.36613	0.79454	0.08497	-1.00000	-1.00000
532764	Bishop	Cluster	un	19763028	61	0.500000000	2.07143	0.17768	24.14955	0.31627	0.01818	-1.00000	-1.00000
532961	Bishop	Cluster	un	19768513	52	0.000000029	53.54546	6.39310	448.47025	1.72872	0.48214	-1.00000	-1.00000
533002	Bishop	Cluster	un	19770395	253	0.500000000	2.07143	0.17768	24.14955	0.31627	0.01818	-1.00000	-1.00000
533046	Bishop	Cluster	un	19773025	357	0.245098039	3.24000	0.31597	33.22326	0.51055	0.04000	-1.00000	-1.00000
533090	Bishop	Cluster	un	19775146	55	0.000000000	372.00000	31.81549	4349.58008	2.57054	0.92742	-1.00000	-1.00000
533183	Bishop	Cluster	un	19780162	153	0.211038961	3.72000	0.36422	37.99496	0.57054	0.04274	-1.00000	-1.00000
533313	Bishop	Cluster	un	19784969	106	0.020799934	7.90909	0.88661	70.55416	0.89813	0.10989	-1.00000	-1.00000
533321	Bishop	Cluster	un	19786153	443	1.000000000	0.51852	0.04439	6.05718	0.28524	0.01752	-1.00000	-1.00000
533500	Bishop	Cluster	un	19791347	19	0.001621509	13.28571	1.56470	112.80769	1.12338	0.17143	-1.00000	-1.00000
533535	Bishop	Cluster	un	19793016	136	0.117021277	0.22000	0.02284	2.11887	0.65758	0.06667	-1.00000	-1.00000
533565	Bishop	Cluster	un	19793782	150	0.052549084	6.69231	0.75483	59.33385	0.82558	0.08805	-1.00000	-1.00000
533588	Bishop	Cluster	un	19794543	102	0.000015337	27.00000	3.23956	225.03064	1.43136	0.32500	-1.00000	-1.00000
533654	Bishop	Cluster	un	19797119	272	0.500000000	0.48000	0.04081	5.64636	0.31876	0.02128	-1.00000	-1.00000
533660	Bishop	Cluster	un	19797715	80	0.112015456	5.40000	0.58948	49.46759	0.73239	0.07429	-1.00000	-1.00000
533821	Bishop	Cluster	un	19804282	385	0.464285714	0.41935	0.03596	4.89101	0.37742	0.02098	-1.00000	-1.00000
533828	Bishop	Cluster	un	19804742	54	0.118181818	4.46154	0.46819	42.51565	0.64948	0.05660	-1.00000	-1.00000
533907	Bishop	Cluster	un	19806713	399	0.481481481	0.44828	0.03837	5.23742	0.34845	0.02032	-1.00000	-1.00000
533938	Bishop	Cluster	un	19808032	127	1.000000000	1.44444	0.22295	9.35813	0.15970	0.00259	-1.00000	-1.00000
533966	Bishop	Cluster	un	19808777	87	1.000000000	0.56000	0.04783	6.55691	0.25181	0.00390	-1.00000	-1.00000
533982	Bishop	Cluster	un	19810769	369	0.493212670	0.36000	0.03511	3.69147	0.44370	0.03429	-1.00000	-1.00000
534076	Bishop	Cluster	un	19817915	335	0.496855346	0.38667	0.03779	3.95656	0.41266	0.03077	-1.00000	-1.00000
534102	Bishop	Cluster	un	19821892	240	1.000000000	1.80000	0.15437	20.98797	0.25527	0.01576	-1.00000	-1.00000
534125	Bishop	Cluster	un	19823237	109	1.000000000	1.92857	0.16509	22.52900	0.28524	0.01752	-1.00000	-1.00000
534159	Bishop	Cluster	un	19825240	464	0.461538462	0.41379	0.03533	4.84665	0.38322	0.02288	-1.00000	-1.00000
534176	Bishop	Cluster	un	19826625	145	0.048259363	6.20000	0.67962	56.56101	0.79239	0.07937	-1.00000	-1.00000
534183	Bishop	Cluster	un	19827342	26	0.245454545	3.22222	0.31567	32.89072	0.50816	0.03704	-1.00000	-1.00000
534226	Bishop	Cluster	un	19830249	450	0.481481481	0.44828	0.03837	5.23742	0.34845	0.02032	-1.00000	-1.00000
534313	Bishop	Cluster	un	19834961	345	0.081599742	0.17742	0.01854	1.69757	0.75100	0.07353	-1.00000	-1.00000
534515	Bishop	Cluster	un	19846037	110	0.000000056	46.00000	9.26399	228.41121	1.66276	0.54945	-1.00000	-1.00000
534663	Bishop	Cluster	un	19852639	360	0.493212670	0.36000	0.03511	3.69147	0.44370	0.03429	-1.00000	-1.00000
534757	Bishop	Cluster	un	19857119	13	0.014812697	5.75000	1.39408	23.71638	0.75967	0.12206	-1.00000	-1.00000
534765	Bishop	Cluster	un	19858998	300	0.245454545	0.31034	0.03040	3.16783	0.50816	0.03704	-1.00000	-1.00000
534828	Bishop	Cluster	un	19861231	137	0.000016379	27.00000	3.21179	226.97647	1.43136	0.33333	-1.00000	-1.00000
534831	Bishop	Cluster	un	19861992	63	0.001369902	14.29412	1.65955	123.11864	1.15516	0.20635	-1.00000	-1.00000
534893	Bishop	Cluster	un	19862847	63	0.009307886	9.43478	1.08411	82.10883	0.97473	0.12363	-1.00000	-1.00000
534934	Bishop	Cluster	un	19863726	135	0.464285714	2.38462	0.20446	27.81217	0.37742	0.02098	-1.00000	-1.00000
534943	Bishop	Cluster	un	19864490	79	0.493212670	2.77778	0.27089	28.48358	0.44370	0.03429	-1.00000	-1.00000
535035	Bishop	Cluster	un	19868675	42	1.000000000	1.92308	0.16389	22.56519	0.28400	0.01884	-1.00000	-1.00000
535357	Bishop	Cluster	un	19875975	24	0.239819005	3.84615	0.40172	36.82394	0.58503	0.05248	-1.00000	-1.00000
535372	Bishop	Cluster	un	19877601	26	0.000000010	63.00000	7.38797	537.22504	1.79934	0.54622	-1.00000	-1.00000
535391	Bishop	Cluster	un	19879979	68	0.006850144	7.00000	1.69446	28.91770	0.84510	0.15882	-1.00000	-1.00000
535473	Bishop	Cluster	un	19882373	15	0.602040816	2.27273	0.19264	26.81366	0.35655	0.00891	-1.00000	-1.00000
535528	Bishop	Cluster	un	19884948	308	0.481481481	0.44828	0.03837	5.23742	0.34845	0.02032	-1.00000	-1.00000
535603	Bishop	Cluster	un	19891798	511	1.000000000	1.92857	0.16509	22.52900	0.28524	0.01752	-1.00000	-1.00000
535613	Bishop	Cluster	un	19892317	214	0.227113906	0.28736	0.02808	2.94037	0.54158	0.04142	-1.00000	-1.00000
535880	Bishop	Cluster	un	19896460	415	1.000000000	1.08000	0.06407	18.20505	0.03342	0.00005	-1.00000	-1.00000
536010	Bishop	Cluster	un	19900302	109	0.208144796	0.26437	0.02576	2.71292	0.57779	0.04667	-1.00000	-1.00000
536686	Bishop	Cluster	un	19906863	111	0.039250162	6.90476	0.75044	63.53036	0.83915	0.09722	-1.00000	-1.00000
536806	Bishop	Cluster	un	19909411	294	1.000000000	0.92000	0.05434	15.57603	0.03621	0.00007	-1.00000	-1.00000
537217	Bishop	Cluster	un	19915835	133	0.310236791	2.33333	0.53604	10.15680	0.36798	0.02359	-1.00000	-1.00000
538119	Bishop	Cluster	un	19924324	324	0.500000000	0.48276	0.04141	5.62819	0.31627	0.01818	-1.00000	-1.00000
538137	Bishop	Cluster	un	19926442	70	0.480000000	2.25000	0.19172	26.40626	0.35218	0.02211	-1.00000	-1.00000
538145	Bishop	Cluster	un	19927477	319	0.491264850	0.33333	0.03259	3.40968	0.47712	0.03571	-1.00000	-1.00000
538178	Bishop	Cluster	un	19930047	19	0.104821803	4.83333	0.50582	46.18450	0.68425	0.06335	-1.00000	-1.00000
538229	Bishop	Cluster	un	19934027	139	0.021448606	7.75000	0.87337	68.77064	0.88930	0.10108	-1.00000	-1.00000
538273	Bishop	Cluster	un	19935524	13	0.652100840	1.85714	0.28356	12.16309	0.26885	0.00821	-1.00000	-1.00000
538338	Bishop	Cluster	un	19940948	14	0.514437087	1.72941	0.46487	6.43380	0.23790	0.01351	-1.00000	-1.00000
538382	Bishop	Cluster	un	19942036	287	1.000000000	0.52000	0.04432	6.10163	0.28400	0.01884	-1.00000	-1.00000
538391	Bishop	Cluster	un	19942852	240	0.491833031	0.33333	0.03272	3.39531	0.47712	0.03333	-1.00000	-1.00000
538538	Bishop	Cluster	un	19946692	59	0.051107251	6.81818	0.76063	61.11749	0.83367	0.10256	-1.00000	-1.00000
538549	Bishop	Cluster	un	19947484	31	0.166612592	2.35714	0.77083	7.20802	0.37239	0.04114	-1.00000	-1.00000
538646	Bishop	Cluster	un	19951445	45	0.491833031	3.00000	0.29452	30.55776	0.47712	0.03333	-1.00000	-1.00000
538750	Bishop	Cluster	un	19954532	84	0.005806677	0.07556	0.00875	0.65250	1.12173	0.15238	-1.00000	-1.00000
538985	Bishop	Cluster	un	19967137	17	0.043775451	3.80000	1.15923	12.45654	0.57978	0.10109	-1.00000	-1.00000
538991	Bishop	Cluster	un	19968158	211	0.227113906	3.48000	0.34009	35.60907	0.54158	0.04142	-1.00000	-1.00000
539234	Bishop	Cluster	un	19974985	144	0.228675136	3.44444	0.33807	35.09441	0.53712	0.03827	-1.00000	-1.00000
539606	Bishop	Cluster	un	19986676	191	0.480000000	0.44444	0.03787	5.21605	0.35218	0.02211	-1.00000	-1.00000
539751	Bishop	Cluster	un	19992457	137	0.456120261	2.01754	0.42608	9.55338	0.30482	0.01604	-1.00000	-1.00000
539850	Bishop	Cluster	un	19994621	126	0.017220725	0.11828	0.01329	1.05307	0.92709	0.11312	-1.00000	-1.00000
540091	Bishop	Cluster	un	20004528	287	0.500000000	0.48000	0.04081	5.64636	0.31876	0.02128	-1.00000	-1.00000
540398	Bishop	Cluster	un	20014972	65	0.093795094	5.16667	0.54173	49.27621	0.71321	0.06531	-1.00000	-1.00000
540458	Bishop	Cluster	un	20019789	59	0.450740159	0.46667	0.09996	2.17855	0.33099	0.01731	-1.00000	-1.00000
540595	Bishop	Cluster	un	20023229	354	1.000000000	1.78571	0.15251	20.90852	0.25181	0.01681	-1.00000	-1.00000
540643	Bishop	Cluster	un	20027763	125	0.115317596	5.00000	0.54722	45.68572	0.69897	0.06667	-1.00000	-1.00000
540648	Bishop	Cluster	un	20028541	107	0.192872117	4.04348	0.39475	41.41771	0.60676	0.04808	-1.00000	-1.00000
540720	Bishop	Cluster	un	20035330	449	1.000000000	0.52000	0.04432	6.10163	0.28400	0.01884	-1.00000	-1.00000
540976	Bishop	Cluster	un	20045153	309	0.244680851	3.26087	0.31632	33.61525	0.51333	0.04348	-1.00000	-1.00000
541082	Bishop	Cluster	un	20049482	46	0.357724628	3.83333	0.39811	36.91008	0.58358	0.02928	-1.00000	-1.00000
541149	Bishop	Cluster	un	20054647	397	0.500000000	0.48148	0.04113	5.63661	0.31742	0.01961	-1.00000	-1.00000
541177	Bishop	Cluster	un	20055968	120	0.444444444	0.38710	0.03311	4.52610	0.41218	0.02358	-1.00000	-1.00000
541180	Bishop	Cluster	un	20056644	34	0.490612245	0.33333	0.03243	3.42639	0.47712	0.03846	-1.00000	-1.00000
541210	Bishop	Cluster	un	20058202	117	0.040703531	6.73913	0.73649	61.66531	0.82860	0.08876	-1.00000	-1.00000
541246	Bishop	Cluster	un	20058977	68	0.227113906	3.48000	0.34009	35.60907	0.54158	0.04142	-1.00000	-1.00000
541392	Bishop	Cluster	un	20066517	337	1.000000000	1.78571	0.15251	20.90852	0.25181	0.01681	-1.00000	-1.00000
541406	Bishop	Cluster	un	20068679	73	0.047549742	3.50000	1.05058	11.66023	0.54407	0.08654	-1.00000	-1.00000
541480	Bishop	Cluster	un	20073711	319	0.500000000	2.07143	0.17768	24.14955	0.31627	0.01818	-1.00000	-1.00000
541490	Bishop	Cluster	un	20075196	143	0.117021277	4.54545	0.47195	43.77839	0.65758	0.06667	-1.00000	-1.00000
541584	Bishop	Cluster	un	20081008	446	0.481481481	0.44828	0.03837	5.23742	0.34845	0.02032	-1.00000	-1.00000
541588	Bishop	Cluster	un	20082606	432	0.500000000	0.48276	0.04141	5.62819	0.31627	0.01818	-1.00000	-1.00000
541755	Bishop	Cluster	un	20087093	83	0.000190927	19.80000	2.32434	168.66753	1.29667	0.27083	-1.00000	-1.00000
542083	Bishop	Cluster	un	20096533	92	0.055746141	5.80000	0.63455	53.01424	0.76343	0.07692	-1.00000	-1.00000
542110	Bishop	Cluster	un	20098841	6	0.000000049	45.83333	9.22700	227.66811	1.66118	0.54840	-1.00000	-1.00000
542320	Bishop	Cluster	un	20105996	142	0.091965616	2.85714	0.86528	9.43421	0.45593	0.05882	-1.00000	-1.00000
542567	Bishop	Cluster	un	20115223	76	0.481481481	2.23077	0.19093	26.06312	0.34845	0.02032	-1.00000	-1.00000
542620	Bishop	Cluster	un	20119393	214	0.464285714	0.41935	0.03596	4.89101	0.37742	0.02098	-1.00000	-1.00000
542804	Bishop	Cluster	un	20125867	219	0.464285714	0.41935	0.03596	4.89101	0.37742	0.02098	-1.00000	-1.00000
543010	Bishop	Cluster	un	20140085	198	0.481481481	0.44828	0.03837	5.23742	0.34845	0.02032	-1.00000	-1.00000
543281	Bishop	Cluster	un	20151725	423	0.461538462	0.41379	0.03533	4.84665	0.38322	0.02288	-1.00000	-1.00000
543289	Bishop	Cluster	un	20153250	199	0.211038961	0.26882	0.02632	2.74562	0.57054	0.04274	-1.00000	-1.00000
543323	Bishop	Cluster	un	20156352	46	0.500000000	0.48276	0.04141	5.62819	0.31627	0.01818	-1.00000	-1.00000
543362	Bishop	Cluster	un	20159696	33	0.208144796	0.26437	0.02576	2.71292	0.57779	0.04667	-1.00000	-1.00000
543506	Bishop	Cluster	un	20165726	398	0.480000000	0.44444	0.03787	5.21605	0.35218	0.02211	-1.00000	-1.00000
543550	Bishop	Cluster	un	20166155	63	0.000771864	8.55000	2.35354	31.06071	0.93197	0.23536	-1.00000	-1.00000
543636	Bishop	Cluster	un	20170498	141	0.244678079	0.46667	0.14352	1.51735	0.33099	0.03137	-1.00000	-1.00000
543844	Bishop	Cluster	un	20177109	104	0.020663105	6.66667	1.29761	34.25103	0.82391	0.11342	-1.00000	-1.00000
543923	Bishop	Cluster	un	20180627	480	1.000000000	1.92308	0.16389	22.56519	0.28400	0.01884	-1.00000	-1.00000
544197	Bishop	Cluster	un	20185871	35	0.481481481	0.44828	0.03837	5.23742	0.34845	0.02032	-1.00000	-1.00000
544438	Bishop	Cluster	un	20191479	96	0.198581560	0.21739	0.02242	2.10802	0.66276	0.04186	-1.00000	-1.00000
544471	Bishop	Cluster	un	20198342	307	0.480000000	0.44444	0.03787	5.21605	0.35218	0.02211	-1.00000	-1.00000
544574	Bishop	Cluster	un	20207105	472	1.000000000	0.52000	0.04432	6.10163	0.28400	0.01884	-1.00000	-1.00000
544586	Bishop	Cluster	un	20207740	316	0.618181818	0.48148	0.04113	5.63661	0.31742	0.00629	-1.00000	-1.00000
544869	Bishop	Cluster	un	20236605	140	0.754008836	0.74026	0.21180	2.58725	0.13062	0.00412	-1.00000	-1.00000
544889	Bishop	Cluster	un	20242283	62	1.000000000	1.14545	0.30326	4.32652	0.05898	0.00074	-1.00000	-1.00000
544893	Bishop	Cluster	un	20243255	242	0.500000000	0.48000	0.04081	5.64636	0.31876	0.02128	-1.00000	-1.00000
545137	Bishop	Cluster	un	20260392	279	0.481481481	0.44828	0.03837	5.23742	0.34845	0.02032	-1.00000	-1.00000
545646	Bishop	Cluster	un	20275466	147	1.000000000	0.51724	0.04445	6.01898	0.28631	0.01637	-1.00000	-1.00000
545952	Bishop	Cluster	un	20284417	124	0.000000001	90.00000	10.02637	807.86932	1.95424	0.66398	-1.00000	-1.00000
546092	Bishop	Cluster	un	20290982	369	0.500000000	0.48276	0.04141	5.62819	0.31627	0.01818	-1.00000	-1.00000
546338	Bishop	Cluster	un	20306181	225	0.461538462	0.41379	0.03533	4.84665	0.38322	0.02288	-1.00000	-1.00000
546630	Bishop	Cluster	un	20314746	144	0.103265306	0.20370	0.02120	1.95699	0.69100	0.06915	-1.00000	-1.00000
546758	Bishop	Cluster	un	20323216	8	0.244680851	0.30667	0.02975	3.16133	0.51333	0.04348	-1.00000	-1.00000
546760	Bishop	Cluster	un	20324048	88	0.000779619	0.06400	0.00746	0.54905	1.19382	0.23077	-1.00000	-1.00000
546774	Bishop	Cluster	un	20325804	124	0.000521867	0.05926	0.00693	0.50704	1.22724	0.23780	-1.00000	-1.00000
546878	Bishop	Cluster	un	20337929	293	1.000000000	1.00000	0.05944	16.82259	0.00000	0.00000	-1.00000	-1.00000
546908	Bishop	Cluster	un	20343285	144	0.425068861	1.60000	0.54168	4.72602	0.20412	0.01346	-1.00000	-1.00000
547040	Bishop	Cluster	un	20358504	8	0.000967802	0.07097	0.00846	0.59542	1.14894	0.17647	-1.00000	-1.00000
547053	Bishop	Cluster	un	20360276	187	0.444444444	0.38710	0.03311	4.52610	0.41218	0.02358	-1.00000	-1.00000
547259	Bishop	Cluster	un	20368850	68	1.000000000	1.00000	0.32251	3.10063	0.00000	0.00000	-1.00000	-1.00000
547263	Bishop	Cluster	un	20369599	73	0.017220725	8.45455	0.94960	75.27277	0.92709	0.11312	-1.00000	-1.00000
547439	Bishop	Cluster	un	20375796	166	1.000000000	1.66667	0.14261	19.47836	0.22185	0.01509	-1.00000	-1.00000
547702	Bishop	Cluster	un	20383802	6	0.047272578	0.15862	0.01730	1.45424	0.79964	0.08615	-1.00000	-1.00000
547705	Bishop	Cluster	un	20384742	118	0.047272578	0.15862	0.01730	1.45424	0.79964	0.08615	-1.00000	-1.00000
547999	Bishop	Cluster	un	20389304	436	0.245098039	0.30864	0.03010	3.16484	0.51055	0.04000	-1.00000	-1.00000
548106	Bishop	Cluster	un	20397388	146	0.245098039	0.30864	0.03010	3.16484	0.51055	0.04000	-1.00000	-1.00000
548431	Bishop	Cluster	un	20409202	417	0.500000000	0.48000	0.04081	5.64636	0.31876	0.02128	-1.00000	-1.00000
548502	Bishop	Cluster	un	20413653	50	0.000008647	28.57143	3.41708	238.89586	1.45593	0.34749	-1.00000	-1.00000
548788	Bishop	Cluster	un	20417933	292	1.000000000	1.08696	0.06420	18.40268	0.03621	0.00007	-1.00000	-1.00000
549171	Bishop	Cluster	un	20425765	122	0.208144796	0.26437	0.02576	2.71292	0.57779	0.04667	-1.00000	-1.00000
549444	Bishop	Cluster	un	20433275	241	1.000000000	0.56000	0.04783	6.55691	0.25181	0.01681	-1.00000	-1.00000
549517	Bishop	Cluster	un	20436301	119	0.000115148	17.00000	3.31682	87.13162	1.23045	0.29407	-1.00000	-1.00000
549982	Bishop	Cluster	un	20456388	98	0.500000000	0.48000	0.04081	5.64636	0.31876	0.02128	-1.00000	-1.00000
550230	Bishop	Cluster	un	20465186	422	0.491264850	0.33333	0.03259	3.40968	0.47712	0.03571	-1.00000	-1.00000
550231	Bishop	Cluster	un	20465910	394	1.000000000	0.51852	0.04439	6.05718	0.28524	0.01752	-1.00000	-1.00000
550232	Bishop	Cluster	un	20466564	252	1.000000000	1.92308	0.16389	22.56519	0.28400	0.01884	-1.00000	-1.00000
550800	Bishop	Cluster	un	20484276	8	1.000000000	1.00000	0.32251	3.10063	0.00000	0.00000	-1.00000	-1.00000
551066	Bishop	Cluster	un	20493835	380	1.000000000	1.80000	0.15437	20.98797	0.25527	0.01576	-1.00000	-1.00000
551098	Bishop	Cluster	un	20495144	24	0.193752973	5.43478	0.58997	50.06475	0.73518	0.04962	-1.00000	-1.00000
551191	Bishop	Cluster	un	20497788	124	0.308699828	2.33333	0.53029	10.26683	0.36798	0.02500	-1.00000	-1.00000
551668	Bishop	Cluster	un	20515135	229	1.000000000	1.92308	0.16389	22.56519	0.28400	0.01884	-1.00000	-1.00000
551804	Bishop	Cluster	un	20534226	330	1.000000000	1.80000	0.15437	20.98797	0.25527	0.01576	-1.00000	-1.00000
552093	Bishop	Cluster	un	20563793	21	0.000000000	121.80000	13.23776	1120.67566	2.08565	0.72917	-1.00000	-1.00000
552094	Bishop	Cluster	un	20564778	119	0.000129536	16.00000	3.15013	81.26658	1.20412	0.27473	-1.00000	-1.00000
552197	Bishop	Cluster	un	20570455	323	1.000000000	1.80000	0.15437	20.98797	0.25527	0.01576	-1.00000	-1.00000
552319	Bishop	Cluster	un	20574732	155	0.500000000	0.48148	0.04113	5.63661	0.31742	0.01961	-1.00000	-1.00000
552350	Bishop	Cluster	un	20576606	343	0.481481481	2.23077	0.19093	26.06312	0.34845	0.02032	-1.00000	-1.00000
552372	Bishop	Cluster	un	20578223	426	0.461538462	0.41379	0.03533	4.84665	0.38322	0.02288	-1.00000	-1.00000
552933	Bishop	Cluster	un	20595274	92	0.000023679	34.27273	3.99566	293.97430	1.53495	0.33223	-1.00000	-1.00000
553176	Bishop	Cluster	un	20603430	218	0.444444444	0.38710	0.03311	4.52610	0.41218	0.02358	-1.00000	-1.00000
553192	Bishop	Cluster	un	20604961	190	0.480000000	0.44444	0.03787	5.21605	0.35218	0.02211	-1.00000	-1.00000
553277	Bishop	Cluster	un	20608956	118	0.365895026	0.54545	0.15800	1.88304	0.26324	0.01790	-1.00000	-1.00000
553520	Bishop	Cluster	un	20623123	266	0.244680851	3.26087	0.31632	33.61525	0.51333	0.04348	-1.00000	-1.00000
553584	Bishop	Cluster	un	20630350	266	0.480000000	0.44444	0.03787	5.21605	0.35218	0.02211	-1.00000	-1.00000
553590	Bishop	Cluster	un	20631863	242	0.500000000	0.48276	0.04141	5.62819	0.31627	0.01818	-1.00000	-1.00000
553603	Bishop	Cluster	un	20633691	433	0.480000000	2.25000	0.19172	26.40626	0.35218	0.02211	-1.00000	-1.00000
553778	Bishop	Cluster	un	20654368	256	0.481481481	0.44828	0.03837	5.23742	0.34845	0.02032	-1.00000	-1.00000
554986	Bishop	Cluster	un	20697461	277	0.461538462	0.41379	0.03533	4.84665	0.38322	0.02288	-1.00000	-1.00000
555020	Bishop	Cluster	un	20698090	68	0.117647059	0.22222	0.02321	2.12804	0.65321	0.06122	-1.00000	-1.00000
556017	Bishop	Cluster	un	20716182	104	0.001099811	0.06810	0.00798	0.58084	1.16685	0.19231	-1.00000	-1.00000
556061	Bishop	Cluster	un	20718194	336	0.500000000	2.07143	0.17768	24.14955	0.31627	0.01818	-1.00000	-1.00000
556081	Bishop	Cluster	un	20719704	318	0.192872117	0.24731	0.02414	2.53324	0.60676	0.04808	-1.00000	-1.00000
557230	Bishop	Cluster	un	20760054	253	1.000000000	1.93333	0.16614	22.49763	0.28631	0.01637	-1.00000	-1.00000
557306	Bishop	Cluster	un	20766592	380	1.000000000	1.66667	0.14261	19.47836	0.22185	0.01509	-1.00000	-1.00000
557513	Bishop	Cluster	un	20775541	311	0.461538462	0.41379	0.03533	4.84665	0.38322	0.02288	-1.00000	-1.00000
557531	Bishop	Cluster	un	20776567	493	1.000000000	0.92000	0.05434	15.57603	0.03621	0.00007	-1.00000	-1.00000
557864	Bishop	Cluster	un	20796503	202	1.000000000	0.51724	0.04445	6.01898	0.28631	0.01637	-1.00000	-1.00000
557866	Bishop	Cluster	un	20797203	236	1.000000000	1.92308	0.16389	22.56519	0.28400	0.01884	-1.00000	-1.00000
558179	Bishop	Cluster	un	20808272	68	0.500000000	2.07143	0.17768	24.14955	0.31627	0.01818	-1.00000	-1.00000
558239	Bishop	Cluster	un	20813812	226	1.000000000	1.92308	0.16389	22.56519	0.28400	0.01884	-1.00000	-1.00000
558266	Bishop	Cluster	un	20819332	35	0.000000018	67.85714	7.68150	599.43909	1.83160	0.60000	-1.00000	-1.00000
558346	Bishop	Cluster	un	20821099	60	0.047272578	0.15862	0.01730	1.45424	0.79964	0.08615	-1.00000	-1.00000
558390	Bishop	Cluster	un	20824540	177	0.481481481	0.44828	0.03837	5.23742	0.34845	0.02032	-1.00000	-1.00000
558524	Bishop	Cluster	un	20831833	246	0.227113906	0.28736	0.02808	2.94037	0.54158	0.04142	-1.00000	-1.00000
558790	Bishop	Cluster	un	20854550	459	0.480000000	0.44444	0.03787	5.21605	0.35218	0.02211	-1.00000	-1.00000
558824	Bishop	Cluster	un	20854964	79	0.020799934	0.12644	0.01417	1.12790	0.89813	0.10989	-1.00000	-1.00000
558864	Bishop	Cluster	un	20856143	448	0.208144796	0.26437	0.02576	2.71292	0.57779	0.04667	-1.00000	-1.00000
559025	Bishop	Cluster	un	20866404	234	0.245454545	3.22222	0.31567	32.89072	0.50816	0.03704	-1.00000	-1.00000
559069	Bishop	Cluster	un	20870656	321	0.480000000	0.44444	0.03787	5.21605	0.35218	0.02211	-1.00000	-1.00000
559166	Bishop	Cluster	un	20876185	137	0.705803638	1.66667	0.35599	7.80287	0.22185	0.00790	-1.00000	-1.00000
559196	Bishop	Cluster	un	20878674	128	0.026092774	0.13978	0.01580	1.23690	0.85454	0.09091	-1.00000	-1.00000
559502	Bishop	Cluster	un	20891274	216	0.208144796	3.78261	0.36861	38.81679	0.57779	0.04667	-1.00000	-1.00000
559641	Bishop	Cluster	un	20898776	331	0.244680851	3.26087	0.31632	33.61525	0.51333	0.04348	-1.00000	-1.00000
559889	Bishop	Cluster	un	20914948	291	0.789664692	0.85714	0.28852	2.54639	0.06695	0.00148	-1.00000	-1.00000
560195	Bishop	Cluster	un	20937466	491	0.500000000	0.48000	0.04081	5.64636	0.31876	0.02128	-1.00000	-1.00000
560587	Bishop	Cluster	un	20950003	360	0.500000000	2.07692	0.17741	24.31412	0.31742	0.01961	-1.00000	-1.00000
560779	Bishop	Cluster	un	20956757	462	0.500000000	0.48000	0.04081	5.64636	0.31876	0.02128	-1.00000	-1.00000
560800	Bishop	Cluster	un	20957973	243	0.208144796	0.26437	0.02576	2.71292	0.57779	0.04667	-1.00000	-1.00000
560985	Bishop	Cluster	un	20970861	393	0.444444444	0.38710	0.03311	4.52610	0.41218	0.02358	-1.00000	-1.00000
561102	Bishop	Cluster	un	20981078	29	0.461538462	0.41379	0.03533	4.84665	0.38322	0.02288	-1.00000	-1.00000
561580	Bishop	Cluster	un	20999606	447	1.000000000	0.52000	0.04432	6.10163	0.28400	0.01884	-1.00000	-1.00000
562122	Bishop	Cluster	un	21008985	453	1.000000000	0.52000	0.04432	6.10163	0.28400	0.01884	-1.00000	-1.00000
562684	Bishop	Cluster	un	21025258	429	0.480000000	0.44444	0.03787	5.21605	0.35218	0.02211	-1.00000	-1.00000
