# Locus ID	Pop 1 ID	Pop 2 ID	Chr	BP	Column	Fisher's P	Odds Ratio	CI Low	CI High	LOD	AMOVA Fst	Smoothed AMOVA Fst	Smoothed AMOVA Fst P-value
16	Gandy	Leland_Harris	un	1721	57	0.000004217	19.44444	4.65473	81.22621	1.28880	0.36182	-1.00000	-1.00000
41	Gandy	Leland_Harris	un	8101	57	1.000000000	0.51852	0.04439	6.05718	0.28524	0.01752	-1.00000	-1.00000
42	Gandy	Leland_Harris	un	8936	63	0.000000352	45.00000	5.27812	383.65939	1.65321	0.47552	-1.00000	-1.00000
43	Gandy	Leland_Harris	un	9701	8	0.245454545	0.31034	0.03040	3.16783	0.50816	0.03704	-1.00000	-1.00000
63	Gandy	Leland_Harris	un	17794	65	0.021448606	7.75000	0.87337	68.77064	0.88930	0.10108	-1.00000	-1.00000
64	Gandy	Leland_Harris	un	18638	19	0.021448606	0.12903	0.01454	1.14498	0.88930	0.10108	-1.00000	-1.00000
86	Gandy	Leland_Harris	un	25792	218	0.500000000	2.08333	0.17711	24.50678	0.31876	0.02128	-1.00000	-1.00000
99	Gandy	Leland_Harris	un	31104	51	0.013837237	4.50000	1.38578	14.61270	0.65321	0.12250	-1.00000	-1.00000
102	Gandy	Leland_Harris	un	31854	31	0.000355389	18.12500	2.12319	154.72722	1.25828	0.24419	-1.00000	-1.00000
104	Gandy	Leland_Harris	un	32774	102	0.784546300	1.25926	0.42372	3.74242	0.10012	0.00308	-1.00000	-1.00000
125	Gandy	Leland_Harris	un	39342	238	0.033599894	0.13548	0.01475	1.24418	0.86811	0.10000	-1.00000	-1.00000
140	Gandy	Leland_Harris	un	42200	40	0.118644068	4.42857	0.46670	42.02293	0.64626	0.05263	-1.00000	-1.00000
148	Gandy	Leland_Harris	un	44468	150	0.112852665	0.18621	0.02042	1.69763	0.73000	0.06914	-1.00000	-1.00000
159	Gandy	Leland_Harris	un	48363	90	0.211038961	0.26882	0.02632	2.74562	0.57054	0.04274	-1.00000	-1.00000
165	Gandy	Leland_Harris	un	50702	14	0.491833031	0.33333	0.03272	3.39531	0.47712	0.03333	-1.00000	-1.00000
173	Gandy	Leland_Harris	un	54225	112	0.106170599	0.20968	0.02205	1.99431	0.67845	0.05844	-1.00000	-1.00000
185	Gandy	Leland_Harris	un	56609	36	0.491833031	0.33333	0.03272	3.39531	0.47712	0.03333	-1.00000	-1.00000
187	Gandy	Leland_Harris	un	57579	184	0.500000000	0.48000	0.04081	5.64636	0.31876	0.02128	-1.00000	-1.00000
189	Gandy	Leland_Harris	un	58637	427	1.000000000	1.66667	0.14261	19.47836	0.22185	0.01509	-1.00000	-1.00000
203	Gandy	Leland_Harris	un	62314	109	0.007830117	0.07407	0.00847	0.64806	1.13033	0.15381	-1.00000	-1.00000
205	Gandy	Leland_Harris	un	64125	207	0.461538462	0.41379	0.03533	4.84665	0.38322	0.02288	-1.00000	-1.00000
228	Gandy	Leland_Harris	un	69458	94	0.192872117	0.24731	0.02414	2.53324	0.60676	0.04808	-1.00000	-1.00000
235	Gandy	Leland_Harris	un	70780	89	0.056199822	0.17419	0.01914	1.58503	0.75897	0.07143	-1.00000	-1.00000
252	Gandy	Leland_Harris	un	80971	123	1.000000000	0.52000	0.04432	6.10163	0.28400	0.01884	-1.00000	-1.00000
264	Gandy	Leland_Harris	un	85173	194	1.000000000	1.92857	0.16509	22.52900	0.28524	0.01752	-1.00000	-1.00000
281	Gandy	Leland_Harris	un	93273	58	1.000000000	1.91667	0.16250	22.60740	0.28255	0.00550	-1.00000	-1.00000
283	Gandy	Leland_Harris	un	94055	80	0.011603269	0.11330	0.01299	0.98798	0.94577	0.12000	-1.00000	-1.00000
288	Gandy	Leland_Harris	un	95744	131	1.000000000	1.14286	0.39936	3.27058	0.05799	0.00111	-1.00000	-1.00000
291	Gandy	Leland_Harris	un	97374	44	0.500000000	0.48387	0.04165	5.62086	0.31527	0.01695	-1.00000	-1.00000
292	Gandy	Leland_Harris	un	98157	31	0.056199822	5.74074	0.63090	52.23658	0.75897	0.07143	-1.00000	-1.00000
300	Gandy	Leland_Harris	un	101561	196	0.211038961	0.26882	0.02632	2.74562	0.57054	0.04274	-1.00000	-1.00000
308	Gandy	Leland_Harris	un	103041	99	0.783107583	1.22222	0.40353	3.70187	0.08715	0.00234	-1.00000	-1.00000
327	Gandy	Leland_Harris	un	109093	53	0.007090887	0.09677	0.01108	0.84530	1.01424	0.13846	-1.00000	-1.00000
330	Gandy	Leland_Harris	un	110500	63	0.228675136	0.29032	0.02849	2.95801	0.53712	0.03827	-1.00000	-1.00000
332	Gandy	Leland_Harris	un	112079	14	0.005211412	0.08756	0.00998	0.76820	1.05771	0.15625	-1.00000	-1.00000
344	Gandy	Leland_Harris	un	118141	367	0.480000000	0.44444	0.03787	5.21605	0.35218	0.02211	-1.00000	-1.00000
363	Gandy	Leland_Harris	un	123858	44	0.500000000	2.06667	0.17791	24.00734	0.31527	0.01695	-1.00000	-1.00000
374	Gandy	Leland_Harris	un	124725	112	0.112015456	0.18519	0.02022	1.69642	0.73239	0.07429	-1.00000	-1.00000
376	Gandy	Leland_Harris	un	125425	47	1.000000000	0.52000	0.04432	6.10163	0.28400	0.01884	-1.00000	-1.00000
401	Gandy	Leland_Harris	un	135621	503	1.000000000	1.78571	0.15251	20.90852	0.25181	0.01681	-1.00000	-1.00000
409	Gandy	Leland_Harris	un	137656	110	0.026092774	0.13978	0.01580	1.23690	0.85454	0.09091	-1.00000	-1.00000
422	Gandy	Leland_Harris	un	142324	20	0.099586251	3.70588	0.86517	15.87377	0.56889	0.06693	-1.00000	-1.00000
423	Gandy	Leland_Harris	un	143301	127	0.500000000	0.48276	0.04141	5.62819	0.31627	0.01818	-1.00000	-1.00000
429	Gandy	Leland_Harris	un	147303	122	0.043036561	0.18750	0.03545	0.99174	0.72700	0.08571	-1.00000	-1.00000
432	Gandy	Leland_Harris	un	148294	300	0.464285714	0.41935	0.03596	4.89101	0.37742	0.02098	-1.00000	-1.00000
434	Gandy	Leland_Harris	un	148917	37	1.000000000	1.08333	0.24346	4.82060	0.03476	0.00019	-1.00000	-1.00000
442	Gandy	Leland_Harris	un	151527	140	0.056199822	0.17419	0.01914	1.58503	0.75897	0.07143	-1.00000	-1.00000
457	Gandy	Leland_Harris	un	157621	149	0.081599742	0.17742	0.01854	1.69757	0.75100	0.07353	-1.00000	-1.00000
459	Gandy	Leland_Harris	un	158454	104	0.245454545	0.31034	0.03040	3.16783	0.50816	0.03704	-1.00000	-1.00000
461	Gandy	Leland_Harris	un	159023	12	0.390184802	1.82540	0.58028	5.74217	0.26136	0.01847	-1.00000	-1.00000
465	Gandy	Leland_Harris	un	159918	70	0.003887598	6.66667	1.91759	23.17728	0.82391	0.19247	-1.00000	-1.00000
468	Gandy	Leland_Harris	un	160555	32	0.000000064	51.54546	6.15561	431.62811	1.71219	0.48148	-1.00000	-1.00000
473	Gandy	Leland_Harris	un	161507	187	1.000000000	1.92308	0.16389	22.56519	0.28400	0.01884	-1.00000	-1.00000
488	Gandy	Leland_Harris	un	168878	44	0.237749546	0.24138	0.02539	2.29481	0.61730	0.05091	-1.00000	-1.00000
499	Gandy	Leland_Harris	un	172669	20	0.000245867	19.37500	2.27415	165.06863	1.28724	0.25000	-1.00000	-1.00000
501	Gandy	Leland_Harris	un	173560	111	0.500000000	0.48387	0.04165	5.62086	0.31527	0.01695	-1.00000	-1.00000
504	Gandy	Leland_Harris	un	174383	134	0.048259363	0.16129	0.01768	1.47141	0.79239	0.07937	-1.00000	-1.00000
505	Gandy	Leland_Harris	un	175415	336	0.481481481	2.23077	0.19093	26.06312	0.34845	0.02032	-1.00000	-1.00000
506	Gandy	Leland_Harris	un	175912	18	1.000000000	1.14286	0.39936	3.27058	0.05799	0.00111	-1.00000	-1.00000
507	Gandy	Leland_Harris	un	176777	55	0.101420854	2.66667	0.85001	8.36589	0.42597	0.05769	-1.00000	-1.00000
510	Gandy	Leland_Harris	un	177655	100	0.245762712	0.31183	0.03067	3.17041	0.50608	0.03448	-1.00000	-1.00000
514	Gandy	Leland_Harris	un	178397	49	0.003298758	5.75758	1.77567	18.66883	0.76024	0.16310	-1.00000	-1.00000
532	Gandy	Leland_Harris	un	183292	30	0.010708738	9.66667	1.12815	82.82948	0.98528	0.12810	-1.00000	-1.00000
535	Gandy	Leland_Harris	un	184614	424	1.000000000	1.80000	0.15437	20.98797	0.25527	0.01576	-1.00000	-1.00000
539	Gandy	Leland_Harris	un	187050	338	1.000000000	0.56000	0.04783	6.55691	0.25181	0.01681	-1.00000	-1.00000
540	Gandy	Leland_Harris	un	187543	29	0.000039500	19.80000	3.83683	102.17819	1.29667	0.32872	-1.00000	-1.00000
554	Gandy	Leland_Harris	un	194086	114	0.228675136	3.44444	0.33807	35.09441	0.53712	0.03827	-1.00000	-1.00000
565	Gandy	Leland_Harris	un	198117	78	0.000000000	101.85714	11.70398	886.44025	2.00799	0.65476	-1.00000	-1.00000
602	Gandy	Leland_Harris	un	208679	62	0.021448606	0.12903	0.01454	1.14498	0.88930	0.10108	-1.00000	-1.00000
614	Gandy	Leland_Harris	un	214459	61	1.000000000	0.51852	0.04439	6.05718	0.28524	0.01752	-1.00000	-1.00000
616	Gandy	Leland_Harris	un	216074	22	0.000000000	93.00000	10.64706	812.33667	1.96848	0.64103	-1.00000	-1.00000
625	Gandy	Leland_Harris	un	219998	31	0.211038961	0.26882	0.02632	2.74562	0.57054	0.04274	-1.00000	-1.00000
627	Gandy	Leland_Harris	un	221241	401	1.000000000	1.80000	0.15437	20.98797	0.25527	0.01576	-1.00000	-1.00000
638	Gandy	Leland_Harris	un	224979	127	0.000000000	133.39999	14.55060	1223.01221	2.12516	0.74038	-1.00000	-1.00000
653	Gandy	Leland_Harris	un	230880	10	0.500000000	0.48387	0.04165	5.62086	0.31527	0.01695	-1.00000	-1.00000
675	Gandy	Leland_Harris	un	239747	24	0.000000003	99.00000	11.07302	885.12469	1.99564	0.58103	-1.00000	-1.00000
687	Gandy	Leland_Harris	un	243384	441	0.481481481	0.44828	0.03837	5.23742	0.34845	0.02032	-1.00000	-1.00000
705	Gandy	Leland_Harris	un	253441	143	0.245762712	0.31183	0.03067	3.17041	0.50608	0.03448	-1.00000	-1.00000
719	Gandy	Leland_Harris	un	255027	108	0.098126142	0.27778	0.06533	1.18118	0.55630	0.05604	-1.00000	-1.00000
727	Gandy	Leland_Harris	un	260040	31	0.002587025	0.07759	0.00894	0.67309	1.11022	0.18148	-1.00000	-1.00000
734	Gandy	Leland_Harris	un	263074	85	0.245762712	3.20690	0.31542	32.60509	0.50608	0.03448	-1.00000	-1.00000
747	Gandy	Leland_Harris	un	267845	42	1.000000000	1.92857	0.16509	22.52900	0.28524	0.00488	-1.00000	-1.00000
753	Gandy	Leland_Harris	un	269466	52	0.500000000	0.48387	0.04165	5.62086	0.31527	0.01695	-1.00000	-1.00000
781	Gandy	Leland_Harris	un	281356	261	0.500000000	0.48387	0.04165	5.62086	0.31527	0.01695	-1.00000	-1.00000
788	Gandy	Leland_Harris	un	283670	139	0.039250162	0.14483	0.01574	1.33255	0.83915	0.09722	-1.00000	-1.00000
793	Gandy	Leland_Harris	un	286080	107	0.011598867	4.72727	1.42082	15.72831	0.67461	0.12639	-1.00000	-1.00000
794	Gandy	Leland_Harris	un	286788	8	0.112015456	0.18519	0.02022	1.69642	0.73239	0.07429	-1.00000	-1.00000
804	Gandy	Leland_Harris	un	291654	42	1.000000000	0.51724	0.04445	6.01898	0.28631	0.01637	-1.00000	-1.00000
811	Gandy	Leland_Harris	un	292446	134	0.769327333	0.80000	0.24580	2.60370	0.09691	0.00265	-1.00000	-1.00000
814	Gandy	Leland_Harris	un	294070	56	0.118644068	0.22581	0.02380	2.14269	0.64626	0.05263	-1.00000	-1.00000
824	Gandy	Leland_Harris	un	296547	120	1.000000000	1.00000	0.28390	3.52238	0.00000	0.00000	-1.00000	-1.00000
834	Gandy	Leland_Harris	un	299577	81	0.245098039	0.30864	0.03010	3.16484	0.51055	0.04000	-1.00000	-1.00000
840	Gandy	Leland_Harris	un	302039	112	0.112015456	5.40000	0.58948	49.46759	0.73239	0.07429	-1.00000	-1.00000
867	Gandy	Leland_Harris	un	311924	145	0.227113906	0.28736	0.02808	2.94037	0.54158	0.04142	-1.00000	-1.00000
869	Gandy	Leland_Harris	un	312916	358	0.461538462	0.41379	0.03533	4.84665	0.38322	0.02288	-1.00000	-1.00000
882	Gandy	Leland_Harris	un	319226	70	0.211038961	0.26882	0.02632	2.74562	0.57054	0.04274	-1.00000	-1.00000
890	Gandy	Leland_Harris	un	321858	289	0.444444444	0.38710	0.03311	4.52610	0.41218	0.02358	-1.00000	-1.00000
893	Gandy	Leland_Harris	un	322448	83	1.000000000	0.51724	0.04445	6.01898	0.28631	0.01637	-1.00000	-1.00000
900	Gandy	Leland_Harris	un	324086	73	0.003714274	0.08621	0.00999	0.74418	1.06446	0.16039	-1.00000	-1.00000
904	Gandy	Leland_Harris	un	325070	191	1.000000000	0.92593	0.05493	15.60790	0.03342	0.00005	-1.00000	-1.00000
913	Gandy	Leland_Harris	un	326812	22	1.000000000	1.07407	0.06396	18.03732	0.03103	0.00004	-1.00000	-1.00000
914	Gandy	Leland_Harris	un	327651	32	0.092991764	0.34413	0.10145	1.16735	0.46328	0.05625	-1.00000	-1.00000
917	Gandy	Leland_Harris	un	329211	43	0.050472183	3.60000	1.14219	11.34667	0.55630	0.09524	-1.00000	-1.00000
920	Gandy	Leland_Harris	un	331066	333	1.000000000	1.93333	0.16614	22.49763	0.28631	0.01637	-1.00000	-1.00000
927	Gandy	Leland_Harris	un	333308	105	0.517082499	0.52632	0.14339	1.93181	0.27875	0.01978	-1.00000	-1.00000
932	Gandy	Leland_Harris	un	335875	158	0.500000000	0.48276	0.04141	5.62819	0.31627	0.01818	-1.00000	-1.00000
933	Gandy	Leland_Harris	un	336725	263	0.500000000	0.48276	0.04141	5.62819	0.31627	0.01818	-1.00000	-1.00000
978	Gandy	Leland_Harris	un	351711	218	1.000000000	1.92857	0.16509	22.52900	0.28524	0.01752	-1.00000	-1.00000
995	Gandy	Leland_Harris	un	358818	53	0.000000035	58.55556	6.82739	502.20538	1.76757	0.52632	-1.00000	-1.00000
1026	Gandy	Leland_Harris	un	370943	241	0.016354234	0.11494	0.01283	1.02946	0.93952	0.12411	-1.00000	-1.00000
1031	Gandy	Leland_Harris	un	371699	201	0.464285714	0.41935	0.03596	4.89101	0.37742	0.02098	-1.00000	-1.00000
1034	Gandy	Leland_Harris	un	372393	89	0.482758621	2.21429	0.19026	25.77014	0.34523	0.01880	-1.00000	-1.00000
1042	Gandy	Leland_Harris	un	374653	112	0.056199822	0.17419	0.01914	1.58503	0.75897	0.07143	-1.00000	-1.00000
1046	Gandy	Leland_Harris	un	376362	266	0.500000000	0.48276	0.04141	5.62819	0.31627	0.01818	-1.00000	-1.00000
1059	Gandy	Leland_Harris	un	381557	447	0.461538462	0.41379	0.03533	4.84665	0.38322	0.02288	-1.00000	-1.00000
1063	Gandy	Leland_Harris	un	382848	74	0.025310124	7.36364	0.82361	65.83572	0.86709	0.10638	-1.00000	-1.00000
1068	Gandy	Leland_Harris	un	384770	337	1.000000000	0.56000	0.04783	6.55691	0.25181	0.01681	-1.00000	-1.00000
1080	Gandy	Leland_Harris	un	387847	100	0.000294089	9.95238	2.84756	34.78411	0.99793	0.26786	-1.00000	-1.00000
1087	Gandy	Leland_Harris	un	389438	37	0.245762712	0.31183	0.03067	3.17041	0.50608	0.03448	-1.00000	-1.00000
1110	Gandy	Leland_Harris	un	394957	149	0.403255890	0.55263	0.18283	1.67044	0.25756	0.02062	-1.00000	-1.00000
1120	Gandy	Leland_Harris	un	398896	24	0.482758621	0.45161	0.03880	5.25593	0.34523	0.01880	-1.00000	-1.00000
1139	Gandy	Leland_Harris	un	403546	13	0.003714274	0.08621	0.00999	0.74418	1.06446	0.16039	-1.00000	-1.00000
1140	Gandy	Leland_Harris	un	404504	221	0.481481481	0.44828	0.03837	5.23742	0.34845	0.02032	-1.00000	-1.00000
1144	Gandy	Leland_Harris	un	406907	479	1.000000000	1.00000	0.05965	16.76418	0.00000	0.00000	-1.00000	-1.00000
1151	Gandy	Leland_Harris	un	408123	50	0.109983292	2.57143	0.85669	7.71840	0.41017	0.05171	-1.00000	-1.00000
1160	Gandy	Leland_Harris	un	412048	38	0.003636347	0.10490	0.02045	0.53817	0.97924	0.16890	-1.00000	-1.00000
1161	Gandy	Leland_Harris	un	412953	136	0.000000228	38.00000	7.11057	203.07800	1.57978	0.46803	-1.00000	-1.00000
1180	Gandy	Leland_Harris	un	419742	529	0.360144058	0.30667	0.02975	3.16133	0.51333	0.02083	-1.00000	-1.00000
1187	Gandy	Leland_Harris	un	421701	40	0.052549084	0.14943	0.01685	1.32480	0.82558	0.08805	-1.00000	-1.00000
1196	Gandy	Leland_Harris	un	425835	7	0.500000000	0.48276	0.04141	5.62819	0.31627	0.01818	-1.00000	-1.00000
1198	Gandy	Leland_Harris	un	427330	129	1.000000000	0.91304	0.27414	3.04096	0.03951	0.00038	-1.00000	-1.00000
1203	Gandy	Leland_Harris	un	428932	107	0.319803393	2.21053	0.56283	8.68192	0.34450	0.02458	-1.00000	-1.00000
1204	Gandy	Leland_Harris	un	429682	30	0.000000776	30.00000	6.64303	135.48038	1.47712	0.47676	-1.00000	-1.00000
1207	Gandy	Leland_Harris	un	431432	92	0.055746606	0.13043	0.01479	1.15068	0.88461	0.08286	-1.00000	-1.00000
1211	Gandy	Leland_Harris	un	432187	59	0.245283019	0.28000	0.02931	2.67453	0.55284	0.04706	-1.00000	-1.00000
1221	Gandy	Leland_Harris	un	435503	200	0.208144796	0.26437	0.02576	2.71292	0.57779	0.04667	-1.00000	-1.00000
1222	Gandy	Leland_Harris	un	436108	13	1.000000000	0.51724	0.04445	6.01898	0.28631	0.01637	-1.00000	-1.00000
1223	Gandy	Leland_Harris	un	437079	165	1.000000000	1.00000	0.05965	16.76418	0.00000	0.00000	-1.00000	-1.00000
1239	Gandy	Leland_Harris	un	444034	27	0.159300682	0.17241	0.01792	1.65919	0.76343	0.05224	-1.00000	-1.00000
1250	Gandy	Leland_Harris	un	446378	136	0.001858792	0.05926	0.00693	0.50704	1.22724	0.18736	-1.00000	-1.00000
1252	Gandy	Leland_Harris	un	447186	82	0.705803638	0.60000	0.12816	2.80903	0.22185	0.00790	-1.00000	-1.00000
1262	Gandy	Leland_Harris	un	451218	81	1.000000000	0.85185	0.05042	14.39326	0.06964	0.00024	-1.00000	-1.00000
1276	Gandy	Leland_Harris	un	456916	158	0.297510253	2.55556	0.58393	11.18432	0.40749	0.02998	-1.00000	-1.00000
1299	Gandy	Leland_Harris	un	464387	391	0.500000000	2.07692	0.17741	24.31412	0.31742	0.01961	-1.00000	-1.00000
1313	Gandy	Leland_Harris	un	468401	328	0.500000000	0.48276	0.04141	5.62819	0.31627	0.01818	-1.00000	-1.00000
1318	Gandy	Leland_Harris	un	470021	407	0.227113906	3.48000	0.34009	35.60907	0.54158	0.04142	-1.00000	-1.00000
1323	Gandy	Leland_Harris	un	471214	30	1.000000000	0.83333	0.24229	2.86618	0.07918	0.00161	-1.00000	-1.00000
1326	Gandy	Leland_Harris	un	472436	435	0.464285714	2.38462	0.20446	27.81217	0.37742	0.02098	-1.00000	-1.00000
1328	Gandy	Leland_Harris	un	472919	114	0.787491059	0.74661	0.25827	2.15826	0.12691	0.00521	-1.00000	-1.00000
1330	Gandy	Leland_Harris	un	474626	249	0.461538462	0.41379	0.03533	4.84665	0.38322	0.02288	-1.00000	-1.00000
1340	Gandy	Leland_Harris	un	479301	8	0.028575767	0.18545	0.04494	0.76536	0.73176	0.10884	-1.00000	-1.00000
1341	Gandy	Leland_Harris	un	480507	382	0.444444444	0.38710	0.03311	4.52610	0.41218	0.02358	-1.00000	-1.00000
1348	Gandy	Leland_Harris	un	481770	28	0.052549084	6.69231	0.75483	59.33385	0.82558	0.08805	-1.00000	-1.00000
1364	Gandy	Leland_Harris	un	488300	71	1.000000000	0.90000	0.29870	2.71175	0.04576	0.00065	-1.00000	-1.00000
1381	Gandy	Leland_Harris	un	496661	251	1.000000000	1.00000	0.05944	16.82259	0.00000	0.00000	-1.00000	-1.00000
1392	Gandy	Leland_Harris	un	499711	295	1.000000000	0.51724	0.04445	6.01898	0.28631	0.01637	-1.00000	-1.00000
1401	Gandy	Leland_Harris	un	500232	79	0.000000000	113.66666	12.76690	1012.00061	2.05563	0.69231	-1.00000	-1.00000
1407	Gandy	Leland_Harris	un	503205	76	0.396728053	0.38462	0.06391	2.31454	0.41497	0.02208	-1.00000	-1.00000
1409	Gandy	Leland_Harris	un	504868	39	0.000001258	35.42857	4.26700	294.16031	1.54935	0.37375	-1.00000	-1.00000
1411	Gandy	Leland_Harris	un	506007	300	0.461538462	0.41379	0.03533	4.84665	0.38322	0.02288	-1.00000	-1.00000
1432	Gandy	Leland_Harris	un	512399	74	1.000000000	1.64286	0.13993	19.28811	0.21560	0.00294	-1.00000	-1.00000
1446	Gandy	Leland_Harris	un	515784	120	0.000000604	42.27273	4.98376	358.56158	1.62606	0.43750	-1.00000	-1.00000
1452	Gandy	Leland_Harris	un	517464	78	0.003254928	7.66667	1.83877	31.96586	0.88461	0.17361	-1.00000	-1.00000
1453	Gandy	Leland_Harris	un	518250	75	0.211038961	0.26882	0.02632	2.74562	0.57054	0.04274	-1.00000	-1.00000
1466	Gandy	Leland_Harris	un	523671	15	1.000000000	0.93103	0.05544	15.63520	0.03103	0.00004	-1.00000	-1.00000
1473	Gandy	Leland_Harris	un	525544	236	0.312255139	0.24138	0.02344	2.48548	0.61730	0.03025	-1.00000	-1.00000
1486	Gandy	Leland_Harris	un	529005	12	1.000000000	1.15556	0.40258	3.31688	0.06279	0.00129	-1.00000	-1.00000
1505	Gandy	Leland_Harris	un	532692	41	0.228675136	0.29032	0.02849	2.95801	0.53712	0.03827	-1.00000	-1.00000
1506	Gandy	Leland_Harris	un	533555	96	0.117647059	0.22222	0.02321	2.12804	0.65321	0.06122	-1.00000	-1.00000
1509	Gandy	Leland_Harris	un	534376	175	1.000000000	0.85185	0.05042	14.39326	0.06964	0.00024	-1.00000	-1.00000
1510	Gandy	Leland_Harris	un	535165	214	1.000000000	1.92857	0.16509	22.52900	0.28524	0.01752	-1.00000	-1.00000
1518	Gandy	Leland_Harris	un	538569	337	0.118644068	0.22581	0.02380	2.14269	0.64626	0.05263	-1.00000	-1.00000
1526	Gandy	Leland_Harris	un	539178	124	0.117647059	0.22222	0.02321	2.12804	0.65321	0.06122	-1.00000	-1.00000
1532	Gandy	Leland_Harris	un	542444	112	0.081599742	0.17742	0.01854	1.69757	0.75100	0.07353	-1.00000	-1.00000
1535	Gandy	Leland_Harris	un	543273	122	0.046139818	0.15556	0.01687	1.43442	0.80811	0.09420	-1.00000	-1.00000
1538	Gandy	Leland_Harris	un	544092	142	0.268129019	2.11111	0.69953	6.37110	0.32451	0.03297	-1.00000	-1.00000
1551	Gandy	Leland_Harris	un	548797	13	0.245098039	0.30864	0.03010	3.16484	0.51055	0.04000	-1.00000	-1.00000
1556	Gandy	Leland_Harris	un	552251	210	0.208144796	0.26437	0.02576	2.71292	0.57779	0.04667	-1.00000	-1.00000
1557	Gandy	Leland_Harris	un	553309	416	1.000000000	1.16000	0.06894	19.51963	0.06446	0.00019	-1.00000	-1.00000
1603	Gandy	Leland_Harris	un	573292	129	0.058501001	0.17333	0.01946	1.54424	0.76112	0.08163	-1.00000	-1.00000
1605	Gandy	Leland_Harris	un	574214	241	0.118644068	0.22581	0.02380	2.14269	0.64626	0.05263	-1.00000	-1.00000
1620	Gandy	Leland_Harris	un	581434	44	0.000000000	79.22222	9.36504	670.16931	1.89885	0.57895	-1.00000	-1.00000
1638	Gandy	Leland_Harris	un	586103	360	1.000000000	0.92593	0.05493	15.60790	0.03342	0.00005	-1.00000	-1.00000
1644	Gandy	Leland_Harris	un	589189	52	0.106888390	2.59615	0.85055	7.92429	0.41433	0.05309	-1.00000	-1.00000
1646	Gandy	Leland_Harris	un	590130	270	0.481481481	0.44828	0.03837	5.23742	0.34845	0.02032	-1.00000	-1.00000
1647	Gandy	Leland_Harris	un	590788	148	0.011053539	5.06667	1.47028	17.46004	0.70472	0.13609	-1.00000	-1.00000
1648	Gandy	Leland_Harris	un	591447	18	0.562184193	1.57143	0.49169	5.02224	0.19629	0.01124	-1.00000	-1.00000
1654	Gandy	Leland_Harris	un	594205	339	1.000000000	0.51852	0.04439	6.05718	0.28524	0.01752	-1.00000	-1.00000
1662	Gandy	Leland_Harris	un	598017	345	0.245098039	0.30864	0.03010	3.16484	0.51055	0.04000	-1.00000	-1.00000
1671	Gandy	Leland_Harris	un	601984	120	0.026092774	0.13978	0.01580	1.23690	0.85454	0.09091	-1.00000	-1.00000
1715	Gandy	Leland_Harris	un	625315	261	1.000000000	0.51852	0.04439	6.05718	0.28524	0.01752	-1.00000	-1.00000
1716	Gandy	Leland_Harris	un	626188	278	0.106170599	4.76923	0.50143	45.36166	0.67845	0.05844	-1.00000	-1.00000
1723	Gandy	Leland_Harris	un	629206	158	0.500000000	2.06667	0.17791	24.00734	0.31527	0.01695	-1.00000	-1.00000
1724	Gandy	Leland_Harris	un	629931	113	0.228675136	0.29032	0.02849	2.95801	0.53712	0.03827	-1.00000	-1.00000
1727	Gandy	Leland_Harris	un	631005	396	0.227113906	3.48000	0.34009	35.60907	0.54158	0.04142	-1.00000	-1.00000
1757	Gandy	Leland_Harris	un	644675	140	0.003636347	0.10490	0.02045	0.53817	0.97924	0.16890	-1.00000	-1.00000
1762	Gandy	Leland_Harris	un	646896	108	1.000000000	1.32000	0.20168	8.63962	0.12057	0.00162	-1.00000	-1.00000
1767	Gandy	Leland_Harris	un	648112	32	0.052549084	6.69231	0.75483	59.33385	0.82558	0.08805	-1.00000	-1.00000
1771	Gandy	Leland_Harris	un	649406	449	0.464285714	0.41935	0.03596	4.89101	0.37742	0.02098	-1.00000	-1.00000
1779	Gandy	Leland_Harris	un	652868	475	0.225306122	0.28395	0.02761	2.92002	0.54676	0.04514	-1.00000	-1.00000
1781	Gandy	Leland_Harris	un	653296	135	0.000475873	10.50000	2.53715	43.45427	1.02119	0.22617	-1.00000	-1.00000
1785	Gandy	Leland_Harris	un	654092	61	0.225306122	0.28395	0.02761	2.92002	0.54676	0.04514	-1.00000	-1.00000
1789	Gandy	Leland_Harris	un	655327	61	0.000977321	0.06513	0.00758	0.55974	1.18619	0.21212	-1.00000	-1.00000
1792	Gandy	Leland_Harris	un	657704	148	0.236897275	0.24074	0.02521	2.29910	0.61845	0.05462	-1.00000	-1.00000
1796	Gandy	Leland_Harris	un	658349	49	0.481481481	2.23077	0.19093	26.06312	0.34845	0.02032	-1.00000	-1.00000
1807	Gandy	Leland_Harris	un	663318	95	0.061810486	0.17347	0.03223	0.93364	0.76078	0.09000	-1.00000	-1.00000
1812	Gandy	Leland_Harris	un	665701	83	0.093795094	0.19355	0.02029	1.84594	0.71321	0.06531	-1.00000	-1.00000
1816	Gandy	Leland_Harris	un	666248	49	0.009307886	0.10599	0.01218	0.92241	0.97473	0.12363	-1.00000	-1.00000
1820	Gandy	Leland_Harris	un	667100	92	0.001501515	0.07280	0.00852	0.62214	1.13789	0.18729	-1.00000	-1.00000
1828	Gandy	Leland_Harris	un	669725	266	0.000036343	25.00000	2.96594	210.72560	1.39794	0.32432	-1.00000	-1.00000
1835	Gandy	Leland_Harris	un	672653	58	0.001638791	0.05600	0.00648	0.48426	1.25181	0.20806	-1.00000	-1.00000
1836	Gandy	Leland_Harris	un	673270	52	0.021448606	7.75000	0.87337	68.77064	0.88930	0.10108	-1.00000	-1.00000
1840	Gandy	Leland_Harris	un	674929	100	0.165965766	0.42982	0.13475	1.37107	0.36671	0.03987	-1.00000	-1.00000
1845	Gandy	Leland_Harris	un	677053	40	0.058501001	0.17333	0.01946	1.54424	0.76112	0.08163	-1.00000	-1.00000
1878	Gandy	Leland_Harris	un	693796	24	0.009307886	0.10599	0.01218	0.92241	0.97473	0.12363	-1.00000	-1.00000
1885	Gandy	Leland_Harris	un	696989	100	0.000221963	0.05329	0.00631	0.44975	1.27334	0.24476	-1.00000	-1.00000
1892	Gandy	Leland_Harris	un	700123	93	0.024018701	4.20000	1.23407	14.29416	0.62325	0.10364	-1.00000	-1.00000
1895	Gandy	Leland_Harris	un	700919	43	0.022958460	0.12000	0.01364	1.05538	0.92082	0.12587	-1.00000	-1.00000
1905	Gandy	Leland_Harris	un	705149	235	0.245283019	0.28000	0.02931	2.67453	0.55284	0.04706	-1.00000	-1.00000
1909	Gandy	Leland_Harris	un	706603	53	0.105063500	0.16522	0.01774	1.53865	0.78194	0.06349	-1.00000	-1.00000
1911	Gandy	Leland_Harris	un	707789	472	1.000000000	1.92308	0.16389	22.56519	0.28400	0.01884	-1.00000	-1.00000
1915	Gandy	Leland_Harris	un	709240	370	0.118181818	4.46154	0.46819	42.51565	0.64948	0.05660	-1.00000	-1.00000
1921	Gandy	Leland_Harris	un	711441	45	0.014812697	5.75000	1.39408	23.71638	0.75967	0.12206	-1.00000	-1.00000
1928	Gandy	Leland_Harris	un	713081	10	0.493506494	2.79310	0.27363	28.51051	0.44609	0.03210	-1.00000	-1.00000
1939	Gandy	Leland_Harris	un	717105	72	0.005806677	0.07556	0.00875	0.65250	1.12173	0.15238	-1.00000	-1.00000
1951	Gandy	Leland_Harris	un	722986	322	1.000000000	0.51724	0.04445	6.01898	0.28631	0.01637	-1.00000	-1.00000
1969	Gandy	Leland_Harris	un	728506	274	0.244680851	0.30667	0.02975	3.16133	0.51333	0.04348	-1.00000	-1.00000
1977	Gandy	Leland_Harris	un	731912	202	0.481481481	0.44828	0.03837	5.23742	0.34845	0.02032	-1.00000	-1.00000
1985	Gandy	Leland_Harris	un	736002	382	1.000000000	1.92857	0.16509	22.52900	0.28524	0.01752	-1.00000	-1.00000
1987	Gandy	Leland_Harris	un	737701	460	1.000000000	1.80000	0.15437	20.98797	0.25527	0.01576	-1.00000	-1.00000
1994	Gandy	Leland_Harris	un	740439	11	0.000149176	0.04985	0.00592	0.41989	1.30231	0.25084	-1.00000	-1.00000
1999	Gandy	Leland_Harris	un	741344	18	0.106170599	0.20968	0.02205	1.99431	0.67845	0.05844	-1.00000	-1.00000
2002	Gandy	Leland_Harris	un	743173	147	0.052549084	0.14943	0.01685	1.32480	0.82558	0.08805	-1.00000	-1.00000
2008	Gandy	Leland_Harris	un	746833	41	0.020799934	0.12644	0.01417	1.12790	0.89813	0.10989	-1.00000	-1.00000
2013	Gandy	Leland_Harris	un	748234	96	0.001257332	8.40000	2.21318	31.88173	0.92428	0.21304	-1.00000	-1.00000
2020	Gandy	Leland_Harris	un	750022	88	0.005423259	0.07200	0.00844	0.61386	1.14267	0.15631	-1.00000	-1.00000
2021	Gandy	Leland_Harris	un	750753	38	1.000000000	0.84615	0.10996	6.51122	0.07255	0.00050	-1.00000	-1.00000
2024	Gandy	Leland_Harris	un	752530	147	0.000000007	73.28571	8.31773	645.70422	1.86502	0.60938	-1.00000	-1.00000
2025	Gandy	Leland_Harris	un	753547	256	1.000000000	0.52000	0.04432	6.10163	0.28400	0.01884	-1.00000	-1.00000
2026	Gandy	Leland_Harris	un	754246	107	0.500000000	0.48387	0.04165	5.62086	0.31527	0.01695	-1.00000	-1.00000
2030	Gandy	Leland_Harris	un	755574	63	0.500000000	2.06667	0.17791	24.00734	0.31527	0.01695	-1.00000	-1.00000
2039	Gandy	Leland_Harris	un	760883	95	0.118181818	4.46154	0.46819	42.51565	0.64948	0.05660	-1.00000	-1.00000
2051	Gandy	Leland_Harris	un	762970	29	1.000000000	1.00000	0.05965	16.76418	0.00000	0.00000	-1.00000	-1.00000
2056	Gandy	Leland_Harris	un	764620	104	1.000000000	0.56000	0.04783	6.55691	0.25181	0.01681	-1.00000	-1.00000
2057	Gandy	Leland_Harris	un	765325	32	0.033599894	0.13548	0.01475	1.24418	0.86811	0.10000	-1.00000	-1.00000
2070	Gandy	Leland_Harris	un	771827	81	0.074864843	3.33333	0.89873	12.36310	0.52288	0.06122	-1.00000	-1.00000
2074	Gandy	Leland_Harris	un	773372	17	1.000000000	1.80000	0.15437	20.98797	0.25527	0.01576	-1.00000	-1.00000
2089	Gandy	Leland_Harris	un	778792	51	0.365895026	0.54545	0.15800	1.88304	0.26324	0.01790	-1.00000	-1.00000
2099	Gandy	Leland_Harris	un	784106	462	0.225306122	0.28395	0.02761	2.92002	0.54676	0.04514	-1.00000	-1.00000
2100	Gandy	Leland_Harris	un	784827	260	1.000000000	0.55556	0.04765	6.47777	0.25527	0.01576	-1.00000	-1.00000
2102	Gandy	Leland_Harris	un	786640	397	0.500000000	0.48387	0.04165	5.62086	0.31527	0.01695	-1.00000	-1.00000
2109	Gandy	Leland_Harris	un	787082	13	0.106170599	0.20968	0.02205	1.99431	0.67845	0.05844	-1.00000	-1.00000
2114	Gandy	Leland_Harris	un	790434	71	0.500000000	2.06667	0.17791	24.00734	0.31527	0.01695	-1.00000	-1.00000
2123	Gandy	Leland_Harris	un	792757	19	0.096822244	6.30435	0.68765	57.79831	0.79964	0.05679	-1.00000	-1.00000
2129	Gandy	Leland_Harris	un	796679	30	0.003465046	12.00000	1.38010	104.34058	1.07918	0.17636	-1.00000	-1.00000
2132	Gandy	Leland_Harris	un	799442	369	0.603773585	0.44444	0.03787	5.21605	0.35218	0.00808	-1.00000	-1.00000
2140	Gandy	Leland_Harris	un	800868	88	0.780634583	1.25000	0.40990	3.81189	0.09691	0.00296	-1.00000	-1.00000
2145	Gandy	Leland_Harris	un	803367	110	1.000000000	0.95238	0.31576	2.87255	0.02119	0.00014	-1.00000	-1.00000
2164	Gandy	Leland_Harris	un	813445	345	0.444444444	0.38710	0.03311	4.52610	0.41218	0.02358	-1.00000	-1.00000
2180	Gandy	Leland_Harris	un	821046	81	0.000648604	15.50000	1.83988	130.57936	1.19033	0.19679	-1.00000	-1.00000
2183	Gandy	Leland_Harris	un	822658	19	0.482758621	2.21429	0.19026	25.77014	0.34523	0.01880	-1.00000	-1.00000
2185	Gandy	Leland_Harris	un	823506	97	0.008914258	0.10345	0.01182	0.90538	0.98528	0.13462	-1.00000	-1.00000
2188	Gandy	Leland_Harris	un	824300	106	1.000000000	1.78571	0.15251	20.90852	0.25181	0.00390	-1.00000	-1.00000
2205	Gandy	Leland_Harris	un	830688	19	0.112852665	0.18621	0.02042	1.69763	0.73000	0.06914	-1.00000	-1.00000
2206	Gandy	Leland_Harris	un	831531	80	0.005105438	0.09483	0.01103	0.81529	1.02307	0.14286	-1.00000	-1.00000
2212	Gandy	Leland_Harris	un	834218	541	0.480000000	0.44444	0.03787	5.21605	0.35218	0.02211	-1.00000	-1.00000
2244	Gandy	Leland_Harris	un	844230	107	0.000977321	0.06513	0.00758	0.55974	1.18619	0.21212	-1.00000	-1.00000
2246	Gandy	Leland_Harris	un	845941	121	0.048259363	0.16129	0.01768	1.47141	0.79239	0.07937	-1.00000	-1.00000
2277	Gandy	Leland_Harris	un	857832	28	0.000000034	58.33333	6.82258	498.75238	1.76592	0.53571	-1.00000	-1.00000
2280	Gandy	Leland_Harris	un	859934	506	0.461538462	0.41379	0.03533	4.84665	0.38322	0.02288	-1.00000	-1.00000
2287	Gandy	Leland_Harris	un	861865	10	0.040703531	6.73913	0.73649	61.66531	0.82860	0.08876	-1.00000	-1.00000
2299	Gandy	Leland_Harris	un	868202	83	0.048259363	6.20000	0.67962	56.56101	0.79239	0.07937	-1.00000	-1.00000
2308	Gandy	Leland_Harris	un	872211	22	0.228675136	3.44444	0.33807	35.09441	0.53712	0.03827	-1.00000	-1.00000
2309	Gandy	Leland_Harris	un	872961	21	0.000123973	21.26667	2.50224	180.74677	1.32770	0.27778	-1.00000	-1.00000
2365	Gandy	Leland_Harris	un	891125	99	0.117647059	4.50000	0.46992	43.09288	0.65321	0.06122	-1.00000	-1.00000
2367	Gandy	Leland_Harris	un	892727	88	0.081599742	0.17742	0.01854	1.69757	0.75100	0.07353	-1.00000	-1.00000
2376	Gandy	Leland_Harris	un	896864	121	0.000002916	31.00000	3.76406	255.30922	1.49136	0.33333	-1.00000	-1.00000
2379	Gandy	Leland_Harris	un	898836	416	0.464285714	2.38462	0.20446	27.81217	0.37742	0.02098	-1.00000	-1.00000
2382	Gandy	Leland_Harris	un	900568	41	0.026092774	7.15385	0.80847	63.30171	0.85454	0.09091	-1.00000	-1.00000
2383	Gandy	Leland_Harris	un	901448	105	0.082389355	3.20779	0.98430	10.45410	0.50621	0.07719	-1.00000	-1.00000
2400	Gandy	Leland_Harris	un	907803	7	0.000000000	465.00000	40.02943	5401.65088	2.66745	0.93548	-1.00000	-1.00000
2404	Gandy	Leland_Harris	un	908618	35	0.001229676	0.11111	0.02729	0.45245	0.95424	0.19283	-1.00000	-1.00000
2405	Gandy	Leland_Harris	un	909666	331	0.500000000	0.48387	0.04165	5.62086	0.31527	0.01695	-1.00000	-1.00000
2414	Gandy	Leland_Harris	un	911833	97	0.016311460	0.08374	0.00947	0.74022	1.07705	0.13057	-1.00000	-1.00000
2419	Gandy	Leland_Harris	un	914210	19	0.228675136	0.29032	0.02849	2.95801	0.53712	0.03827	-1.00000	-1.00000
2423	Gandy	Leland_Harris	un	915882	42	0.112630812	3.31579	0.78048	14.08688	0.52059	0.05402	-1.00000	-1.00000
2424	Gandy	Leland_Harris	un	916758	112	0.000081590	29.54545	3.42761	254.67741	1.47049	0.31350	-1.00000	-1.00000
2434	Gandy	Leland_Harris	un	922167	84	0.135898644	2.82051	0.83658	9.50934	0.45033	0.05760	-1.00000	-1.00000
2437	Gandy	Leland_Harris	un	924690	125	1.000000000	1.16667	0.38402	3.54439	0.06695	0.00148	-1.00000	-1.00000
2438	Gandy	Leland_Harris	un	925389	86	0.112852665	0.18621	0.02042	1.69763	0.73000	0.06914	-1.00000	-1.00000
2439	Gandy	Leland_Harris	un	926152	9	1.000000000	1.19565	0.28360	5.04081	0.07760	0.00110	-1.00000	-1.00000
2443	Gandy	Leland_Harris	un	928761	265	0.104821803	0.20690	0.02165	1.97698	0.68425	0.06335	-1.00000	-1.00000
2446	Gandy	Leland_Harris	un	930425	443	0.208144796	0.26437	0.02576	2.71292	0.57779	0.04667	-1.00000	-1.00000
2447	Gandy	Leland_Harris	un	930844	29	1.000000000	0.60000	0.05134	7.01221	0.22185	0.01509	-1.00000	-1.00000
2449	Gandy	Leland_Harris	un	932673	241	0.500000000	2.07692	0.17741	24.31412	0.31742	0.01961	-1.00000	-1.00000
2452	Gandy	Leland_Harris	un	934941	11	0.119542591	0.21429	0.03890	1.18048	0.66901	0.06576	-1.00000	-1.00000
2457	Gandy	Leland_Harris	un	937325	10	0.083875059	4.33333	0.81296	23.09793	0.63682	0.05910	-1.00000	-1.00000
2462	Gandy	Leland_Harris	un	939073	75	0.211038961	3.72000	0.36422	37.99496	0.57054	0.04274	-1.00000	-1.00000
2477	Gandy	Leland_Harris	un	944675	16	1.000000000	0.96000	0.30600	3.01172	0.01773	0.00010	-1.00000	-1.00000
2483	Gandy	Leland_Harris	un	947764	88	1.000000000	0.93103	0.05544	15.63520	0.03103	0.00004	-1.00000	-1.00000
2487	Gandy	Leland_Harris	un	949841	19	0.005211412	0.08756	0.00998	0.76820	1.05771	0.15625	-1.00000	-1.00000
2499	Gandy	Leland_Harris	un	955705	328	0.481481481	0.44828	0.03837	5.23742	0.34845	0.02032	-1.00000	-1.00000
2502	Gandy	Leland_Harris	un	958212	427	0.493506494	0.35802	0.03507	3.65452	0.44609	0.03210	-1.00000	-1.00000
2504	Gandy	Leland_Harris	un	959424	146	1.000000000	0.51724	0.04445	6.01898	0.28631	0.01637	-1.00000	-1.00000
2506	Gandy	Leland_Harris	un	960567	512	0.603773585	0.44444	0.03787	5.21605	0.35218	0.00808	-1.00000	-1.00000
2512	Gandy	Leland_Harris	un	961734	66	0.000251499	17.94737	2.14284	150.31827	1.25400	0.22321	-1.00000	-1.00000
2515	Gandy	Leland_Harris	un	963371	158	0.444444444	2.58333	0.22094	30.20541	0.41218	0.02358	-1.00000	-1.00000
2520	Gandy	Leland_Harris	un	965805	44	0.272340426	2.77778	0.61206	12.60668	0.44370	0.03544	-1.00000	-1.00000
2525	Gandy	Leland_Harris	un	968576	216	0.480000000	0.44444	0.03787	5.21605	0.35218	0.02211	-1.00000	-1.00000
2533	Gandy	Leland_Harris	un	972616	137	0.771162066	1.32353	0.41860	4.18469	0.12173	0.00423	-1.00000	-1.00000
2535	Gandy	Leland_Harris	un	974188	98	0.000340442	9.50000	2.63683	34.22667	0.97772	0.25485	-1.00000	-1.00000
2545	Gandy	Leland_Harris	un	980976	433	0.500000000	2.06667	0.17791	24.00734	0.31527	0.01695	-1.00000	-1.00000
2548	Gandy	Leland_Harris	un	982585	368	0.117647059	0.22222	0.02321	2.12804	0.65321	0.06122	-1.00000	-1.00000
2551	Gandy	Leland_Harris	un	983895	139	0.481481481	0.44828	0.03837	5.23742	0.34845	0.02032	-1.00000	-1.00000
2554	Gandy	Leland_Harris	un	985053	490	0.481481481	0.44828	0.03837	5.23742	0.34845	0.02032	-1.00000	-1.00000
2559	Gandy	Leland_Harris	un	987218	235	1.000000000	0.92593	0.05493	15.60790	0.03342	0.00005	-1.00000	-1.00000
2562	Gandy	Leland_Harris	un	988787	121	0.000002019	29.13333	6.15256	137.95081	1.46439	0.46330	-1.00000	-1.00000
2570	Gandy	Leland_Harris	un	993554	139	0.002022280	11.00000	2.16364	55.92439	1.04139	0.20255	-1.00000	-1.00000
2586	Gandy	Leland_Harris	un	1001176	96	0.000016193	17.48000	4.39527	69.51792	1.24254	0.37589	-1.00000	-1.00000
2589	Gandy	Leland_Harris	un	1001855	16	0.000034113	23.70588	2.85042	197.15276	1.37486	0.27950	-1.00000	-1.00000
2592	Gandy	Leland_Harris	un	1003488	79	0.013439958	9.30000	1.04041	83.13105	0.96848	0.12755	-1.00000	-1.00000
2604	Gandy	Leland_Harris	un	1007665	119	0.482758621	0.45161	0.03880	5.25593	0.34523	0.01880	-1.00000	-1.00000
2611	Gandy	Leland_Harris	un	1009229	66	0.179365258	2.88235	0.64567	12.86722	0.45975	0.04211	-1.00000	-1.00000
2618	Gandy	Leland_Harris	un	1012622	158	0.496855346	0.38667	0.03779	3.95656	0.41266	0.03077	-1.00000	-1.00000
2626	Gandy	Leland_Harris	un	1016410	41	0.461396797	0.42857	0.09353	1.96388	0.36798	0.02564	-1.00000	-1.00000
2656	Gandy	Leland_Harris	un	1030027	86	0.000911685	0.06897	0.00817	0.58216	1.16137	0.19149	-1.00000	-1.00000
2661	Gandy	Leland_Harris	un	1032740	414	1.000000000	0.93103	0.05544	15.63520	0.03103	0.00004	-1.00000	-1.00000
2671	Gandy	Leland_Harris	un	1037593	251	1.000000000	1.00000	0.05944	16.82259	0.00000	0.00000	-1.00000	-1.00000
2678	Gandy	Leland_Harris	un	1041579	435	0.500000000	0.48148	0.04113	5.63661	0.31742	0.01961	-1.00000	-1.00000
2684	Gandy	Leland_Harris	un	1044680	151	0.735949006	0.73333	0.18036	2.98164	0.13470	0.00363	-1.00000	-1.00000
2685	Gandy	Leland_Harris	un	1045438	24	0.500000000	0.48387	0.04165	5.62086	0.31527	0.01695	-1.00000	-1.00000
2687	Gandy	Leland_Harris	un	1047258	238	1.000000000	0.92593	0.05493	15.60790	0.03342	0.00005	-1.00000	-1.00000
2702	Gandy	Leland_Harris	un	1055067	448	1.000000000	1.78571	0.15251	20.90852	0.25181	0.01681	-1.00000	-1.00000
2714	Gandy	Leland_Harris	un	1061127	102	1.000000000	0.56000	0.04783	6.55691	0.25181	0.01681	-1.00000	-1.00000
2718	Gandy	Leland_Harris	un	1062641	57	0.102859605	3.63158	0.85953	15.34372	0.56010	0.06132	-1.00000	-1.00000
2725	Gandy	Leland_Harris	un	1065881	49	0.011603269	0.11330	0.01299	0.98798	0.94577	0.12000	-1.00000	-1.00000
2726	Gandy	Leland_Harris	un	1066447	85	0.005211412	0.08756	0.00998	0.76820	1.05771	0.15625	-1.00000	-1.00000
2733	Gandy	Leland_Harris	un	1069845	94	0.000000016	58.00000	6.87092	489.59979	1.76343	0.51351	-1.00000	-1.00000
2735	Gandy	Leland_Harris	un	1071777	417	0.104821803	4.83333	0.50582	46.18450	0.68425	0.06335	-1.00000	-1.00000
2742	Gandy	Leland_Harris	un	1075603	122	0.112015456	0.18519	0.02022	1.69642	0.73239	0.07429	-1.00000	-1.00000
2750	Gandy	Leland_Harris	un	1081409	150	0.491264850	3.00000	0.29328	30.68711	0.47712	0.03571	-1.00000	-1.00000
2755	Gandy	Leland_Harris	un	1083676	76	0.482758621	0.45161	0.03880	5.25593	0.34523	0.01880	-1.00000	-1.00000
2767	Gandy	Leland_Harris	un	1089179	75	0.482758621	2.21429	0.19026	25.77014	0.34523	0.01880	-1.00000	-1.00000
2772	Gandy	Leland_Harris	un	1090834	134	0.618181818	2.07692	0.17741	24.31412	0.31742	0.00629	-1.00000	-1.00000
2781	Gandy	Leland_Harris	un	1094779	61	1.000000000	0.51852	0.04439	6.05718	0.28524	0.01752	-1.00000	-1.00000
2788	Gandy	Leland_Harris	un	1097323	19	0.781961745	1.18182	0.38040	3.67164	0.07255	0.00174	-1.00000	-1.00000
2801	Gandy	Leland_Harris	un	1103506	151	0.000000000	150.00000	15.62445	1440.05042	2.17609	0.78632	-1.00000	-1.00000
2804	Gandy	Leland_Harris	un	1105123	155	0.491833031	3.00000	0.29452	30.55776	0.47712	0.03333	-1.00000	-1.00000
2811	Gandy	Leland_Harris	un	1110136	119	0.001369902	0.06996	0.00812	0.60257	1.15516	0.20635	-1.00000	-1.00000
2825	Gandy	Leland_Harris	un	1115692	61	1.000000000	0.79310	0.04702	13.37737	0.10067	0.00048	-1.00000	-1.00000
2829	Gandy	Leland_Harris	un	1117994	19	0.000101828	0.04615	0.00547	0.38929	1.33579	0.29150	-1.00000	-1.00000
2843	Gandy	Leland_Harris	un	1123032	423	1.000000000	0.52000	0.04432	6.10163	0.28400	0.01884	-1.00000	-1.00000
2849	Gandy	Leland_Harris	un	1125178	138	0.172943794	3.40741	0.78873	14.72033	0.53242	0.05543	-1.00000	-1.00000
2851	Gandy	Leland_Harris	un	1125846	8	0.025378648	7.56000	0.86769	65.86901	0.87852	0.10400	-1.00000	-1.00000
2855	Gandy	Leland_Harris	un	1128557	146	0.028201740	0.14286	0.01635	1.24796	0.84510	0.10000	-1.00000	-1.00000
2857	Gandy	Leland_Harris	un	1129412	194	0.481481481	2.23077	0.19093	26.06312	0.34845	0.02032	-1.00000	-1.00000
2859	Gandy	Leland_Harris	un	1130720	6	0.013439958	0.10753	0.01203	0.96116	0.96848	0.12755	-1.00000	-1.00000
2863	Gandy	Leland_Harris	un	1133055	14	0.010112034	0.08333	0.00958	0.72459	1.07918	0.13297	-1.00000	-1.00000
2865	Gandy	Leland_Harris	un	1134738	21	0.000000292	46.40000	5.43537	396.10168	1.66652	0.47297	-1.00000	-1.00000
2868	Gandy	Leland_Harris	un	1137056	55	0.481481481	0.44828	0.03837	5.23742	0.34845	0.02032	-1.00000	-1.00000
2871	Gandy	Leland_Harris	un	1139468	70	0.000037176	19.09091	3.73309	97.63026	1.28083	0.30631	-1.00000	-1.00000
2874	Gandy	Leland_Harris	un	1141034	14	0.003937952	0.08871	0.01034	0.76118	1.05203	0.14706	-1.00000	-1.00000
2878	Gandy	Leland_Harris	un	1143868	380	0.481481481	2.23077	0.19093	26.06312	0.34845	0.02032	-1.00000	-1.00000
2882	Gandy	Leland_Harris	un	1147098	439	0.464285714	0.41935	0.03596	4.89101	0.37742	0.02098	-1.00000	-1.00000
2890	Gandy	Leland_Harris	un	1150376	542	1.000000000	0.79310	0.04702	13.37737	0.10067	0.00048	-1.00000	-1.00000
2891	Gandy	Leland_Harris	un	1150915	262	0.461538462	0.41379	0.03533	4.84665	0.38322	0.02288	-1.00000	-1.00000
2898	Gandy	Leland_Harris	un	1154366	131	0.001768977	0.07200	0.00844	0.61386	1.14267	0.20263	-1.00000	-1.00000
2901	Gandy	Leland_Harris	un	1155806	16	0.431086671	0.46154	0.07738	2.75273	0.33579	0.01333	-1.00000	-1.00000
2914	Gandy	Leland_Harris	un	1163290	444	0.464285714	0.41935	0.03596	4.89101	0.37742	0.02098	-1.00000	-1.00000
2932	Gandy	Leland_Harris	un	1170149	132	0.039250162	0.14483	0.01574	1.33255	0.83915	0.09722	-1.00000	-1.00000
2933	Gandy	Leland_Harris	un	1170875	7	0.245454545	3.22222	0.31567	32.89072	0.50816	0.03704	-1.00000	-1.00000
2941	Gandy	Leland_Harris	un	1175712	103	0.106170599	4.76923	0.50143	45.36166	0.67845	0.05844	-1.00000	-1.00000
2942	Gandy	Leland_Harris	un	1176858	314	0.500000000	0.48148	0.04113	5.63661	0.31742	0.01961	-1.00000	-1.00000
2945	Gandy	Leland_Harris	un	1178120	38	1.000000000	0.51724	0.04445	6.01898	0.28631	0.01637	-1.00000	-1.00000
2970	Gandy	Leland_Harris	un	1183467	350	0.461538462	0.41379	0.03533	4.84665	0.38322	0.02288	-1.00000	-1.00000
2972	Gandy	Leland_Harris	un	1184278	331	1.000000000	0.52000	0.04432	6.10163	0.28400	0.00517	-1.00000	-1.00000
2978	Gandy	Leland_Harris	un	1186621	205	0.227113906	0.28736	0.02808	2.94037	0.54158	0.04142	-1.00000	-1.00000
2980	Gandy	Leland_Harris	un	1188090	132	0.000000001	84.14286	9.59040	738.24023	1.92502	0.62500	-1.00000	-1.00000
2987	Gandy	Leland_Harris	un	1191947	80	0.000000001	124.20000	13.51716	1141.18933	2.09412	0.63021	-1.00000	-1.00000
2999	Gandy	Leland_Harris	un	1197589	103	0.352571217	4.16667	0.43401	40.00140	0.61979	0.03238	-1.00000	-1.00000
3000	Gandy	Leland_Harris	un	1198312	66	0.211038961	0.26882	0.02632	2.74562	0.57054	0.04274	-1.00000	-1.00000
3013	Gandy	Leland_Harris	un	1204720	81	0.038605099	0.24793	0.06628	0.92740	0.60566	0.08829	-1.00000	-1.00000
3022	Gandy	Leland_Harris	un	1206812	103	0.000159403	0.05376	0.00648	0.44615	1.26951	0.22449	-1.00000	-1.00000
3028	Gandy	Leland_Harris	un	1209858	162	0.500000000	2.08333	0.17711	24.50678	0.31876	0.02128	-1.00000	-1.00000
3041	Gandy	Leland_Harris	un	1215957	186	0.227113906	3.48000	0.34009	35.60907	0.54158	0.04142	-1.00000	-1.00000
3048	Gandy	Leland_Harris	un	1219820	73	0.036607417	5.77778	1.09641	30.44734	0.76176	0.09236	-1.00000	-1.00000
3066	Gandy	Leland_Harris	un	1225495	49	0.026092774	7.15385	0.80847	63.30171	0.85454	0.09091	-1.00000	-1.00000
3095	Gandy	Leland_Harris	un	1235203	107	0.500000000	0.48387	0.04165	5.62086	0.31527	0.01695	-1.00000	-1.00000
3108	Gandy	Leland_Harris	un	1240228	29	0.148530551	0.38889	0.11673	1.29558	0.41017	0.04848	-1.00000	-1.00000
3109	Gandy	Leland_Harris	un	1241056	74	0.023977923	0.12315	0.01417	1.07058	0.90956	0.10769	-1.00000	-1.00000
3114	Gandy	Leland_Harris	un	1243474	49	0.481481481	0.44828	0.03837	5.23742	0.34845	0.02032	-1.00000	-1.00000
3152	Gandy	Leland_Harris	un	1257758	444	0.461538462	0.41379	0.03533	4.84665	0.38322	0.02288	-1.00000	-1.00000
3156	Gandy	Leland_Harris	un	1259091	111	0.000257962	12.60000	2.97725	53.32439	1.10037	0.26741	-1.00000	-1.00000
3159	Gandy	Leland_Harris	un	1259855	79	0.500000000	2.07143	0.17768	24.14955	0.31627	0.01818	-1.00000	-1.00000
3161	Gandy	Leland_Harris	un	1260668	27	0.011860352	0.11521	0.01328	0.99953	0.93852	0.11111	-1.00000	-1.00000
3176	Gandy	Leland_Harris	un	1266159	221	0.480000000	0.44444	0.03787	5.21605	0.35218	0.02211	-1.00000	-1.00000
3183	Gandy	Leland_Harris	un	1268471	58	0.002836355	0.08065	0.00936	0.69479	1.09342	0.16484	-1.00000	-1.00000
3186	Gandy	Leland_Harris	un	1271061	57	0.578293887	1.57576	0.52572	4.72303	0.19749	0.01273	-1.00000	-1.00000
3192	Gandy	Leland_Harris	un	1272596	19	0.011860352	0.11521	0.01328	0.99953	0.93852	0.11111	-1.00000	-1.00000
3194	Gandy	Leland_Harris	un	1274570	430	0.117021277	0.22000	0.02284	2.11887	0.65758	0.06667	-1.00000	-1.00000
3199	Gandy	Leland_Harris	un	1276676	195	1.000000000	1.00000	0.05920	16.89051	0.00000	0.00000	-1.00000	-1.00000
3210	Gandy	Leland_Harris	un	1283482	129	0.245762712	0.31183	0.03067	3.17041	0.50608	0.03448	-1.00000	-1.00000
3211	Gandy	Leland_Harris	un	1284280	81	0.035363529	0.23333	0.06222	0.87499	0.63202	0.09974	-1.00000	-1.00000
3241	Gandy	Leland_Harris	un	1297872	64	0.200273305	0.20000	0.02178	1.83684	0.69897	0.04274	-1.00000	-1.00000
3245	Gandy	Leland_Harris	un	1301182	164	1.000000000	0.85185	0.05042	14.39326	0.06964	0.00024	-1.00000	-1.00000
3259	Gandy	Leland_Harris	un	1306778	10	0.000251499	0.05572	0.00665	0.46667	1.25400	0.22321	-1.00000	-1.00000
3275	Gandy	Leland_Harris	un	1311845	75	0.112015456	0.18519	0.02022	1.69642	0.73239	0.07429	-1.00000	-1.00000
3277	Gandy	Leland_Harris	un	1312957	335	0.361234991	0.30864	0.03010	3.16484	0.51055	0.01923	-1.00000	-1.00000
3278	Gandy	Leland_Harris	un	1313392	62	0.000000004	69.00000	8.12169	586.20801	1.83885	0.56078	-1.00000	-1.00000
3279	Gandy	Leland_Harris	un	1314218	112	0.118644068	4.42857	0.46670	42.02293	0.64626	0.05263	-1.00000	-1.00000
3282	Gandy	Leland_Harris	un	1314945	55	0.324214609	0.25926	0.02513	2.67521	0.58627	0.02790	-1.00000	-1.00000
3285	Gandy	Leland_Harris	un	1316380	60	0.399120362	1.71429	0.54462	5.39600	0.23408	0.01709	-1.00000	-1.00000
3292	Gandy	Leland_Harris	un	1317793	61	0.208144796	3.78261	0.36861	38.81679	0.57779	0.04667	-1.00000	-1.00000
3296	Gandy	Leland_Harris	un	1318536	53	0.480000000	0.44444	0.03787	5.21605	0.35218	0.02211	-1.00000	-1.00000
3305	Gandy	Leland_Harris	un	1323974	34	0.461538462	0.41379	0.03533	4.84665	0.38322	0.02288	-1.00000	-1.00000
3308	Gandy	Leland_Harris	un	1325667	143	0.482758621	0.45161	0.03880	5.25593	0.34523	0.01880	-1.00000	-1.00000
3310	Gandy	Leland_Harris	un	1327287	153	0.718786485	0.64615	0.15385	2.71379	0.18966	0.00641	-1.00000	-1.00000
3319	Gandy	Leland_Harris	un	1332017	20	0.011308779	0.11111	0.01267	0.97465	0.95424	0.13043	-1.00000	-1.00000
3321	Gandy	Leland_Harris	un	1333617	26	0.011263312	5.00000	1.51847	16.46391	0.69897	0.13815	-1.00000	-1.00000
3329	Gandy	Leland_Harris	un	1335472	210	1.000000000	0.51724	0.04445	6.01898	0.28631	0.01637	-1.00000	-1.00000
3343	Gandy	Leland_Harris	un	1339676	438	1.000000000	0.51852	0.04439	6.05718	0.28524	0.01752	-1.00000	-1.00000
3344	Gandy	Leland_Harris	un	1340457	386	0.461538462	0.41379	0.03533	4.84665	0.38322	0.02288	-1.00000	-1.00000
3364	Gandy	Leland_Harris	un	1351625	128	0.256473693	0.34545	0.05997	1.98990	0.46161	0.03136	-1.00000	-1.00000
3404	Gandy	Leland_Harris	un	1366765	222	0.481481481	0.44828	0.03837	5.23742	0.34845	0.02032	-1.00000	-1.00000
3424	Gandy	Leland_Harris	un	1374264	79	0.237749546	0.24138	0.02539	2.29481	0.61730	0.05091	-1.00000	-1.00000
3433	Gandy	Leland_Harris	un	1377728	418	0.500000000	0.48387	0.04165	5.62086	0.31527	0.01695	-1.00000	-1.00000
3438	Gandy	Leland_Harris	un	1379376	400	0.500000000	0.48000	0.04081	5.64636	0.31876	0.02128	-1.00000	-1.00000
3439	Gandy	Leland_Harris	un	1379842	35	0.000009385	29.00000	3.45766	243.22809	1.46240	0.34146	-1.00000	-1.00000
3444	Gandy	Leland_Harris	un	1383051	56	0.014702348	0.12821	0.02441	0.67344	0.89209	0.13731	-1.00000	-1.00000
3471	Gandy	Leland_Harris	un	1396872	61	0.464285714	0.41935	0.03596	4.89101	0.37742	0.02098	-1.00000	-1.00000
3489	Gandy	Leland_Harris	un	1407006	74	0.081599742	0.17742	0.01854	1.69757	0.75100	0.07353	-1.00000	-1.00000
3495	Gandy	Leland_Harris	un	1409621	380	0.244680851	0.30667	0.02975	3.16133	0.51333	0.04348	-1.00000	-1.00000
3507	Gandy	Leland_Harris	un	1416281	416	1.000000000	0.56000	0.04783	6.55691	0.25181	0.01681	-1.00000	-1.00000
3510	Gandy	Leland_Harris	un	1417610	92	0.444444444	2.58333	0.22094	30.20541	0.41218	0.02358	-1.00000	-1.00000
3525	Gandy	Leland_Harris	un	1423262	246	0.480000000	0.44444	0.03787	5.21605	0.35218	0.02211	-1.00000	-1.00000
3527	Gandy	Leland_Harris	un	1424488	134	0.237749546	0.24138	0.02539	2.29481	0.61730	0.05091	-1.00000	-1.00000
3534	Gandy	Leland_Harris	un	1425795	30	0.261526909	3.00000	0.54479	16.52003	0.47712	0.03274	-1.00000	-1.00000
3539	Gandy	Leland_Harris	un	1429148	150	0.140842092	0.38182	0.11342	1.28537	0.41814	0.04778	-1.00000	-1.00000
3550	Gandy	Leland_Harris	un	1432678	50	0.000116847	20.64706	2.47190	172.45865	1.31486	0.26531	-1.00000	-1.00000
3556	Gandy	Leland_Harris	un	1436076	69	1.000000000	1.20000	0.28742	5.01015	0.07918	0.00108	-1.00000	-1.00000
3585	Gandy	Leland_Harris	un	1445980	226	0.496855346	2.58621	0.25274	26.46334	0.41266	0.03077	-1.00000	-1.00000
3589	Gandy	Leland_Harris	un	1447212	53	0.000521867	16.87500	1.97225	144.38617	1.22724	0.23780	-1.00000	-1.00000
3590	Gandy	Leland_Harris	un	1448385	387	0.500000000	0.48387	0.04165	5.62086	0.31527	0.01695	-1.00000	-1.00000
3595	Gandy	Leland_Harris	un	1450095	423	1.000000000	0.51724	0.04445	6.01898	0.28631	0.01637	-1.00000	-1.00000
3609	Gandy	Leland_Harris	un	1453711	13	0.103025000	2.71429	0.88215	8.35159	0.43366	0.05553	-1.00000	-1.00000
3614	Gandy	Leland_Harris	un	1457745	109	0.000125525	10.95238	3.15599	38.00861	1.03951	0.28609	-1.00000	-1.00000
3617	Gandy	Leland_Harris	un	1459410	138	1.000000000	0.81818	0.12539	5.33893	0.08715	0.00082	-1.00000	-1.00000
3620	Gandy	Leland_Harris	un	1460643	63	0.500000000	0.48000	0.04081	5.64636	0.31876	0.02128	-1.00000	-1.00000
3623	Gandy	Leland_Harris	un	1463415	404	0.500000000	0.48276	0.04141	5.62819	0.31627	0.01818	-1.00000	-1.00000
3628	Gandy	Leland_Harris	un	1467151	120	0.009182922	0.12397	0.02397	0.64125	0.90669	0.14974	-1.00000	-1.00000
3633	Gandy	Leland_Harris	un	1471384	305	0.091583710	5.27273	0.55003	50.54564	0.72204	0.07143	-1.00000	-1.00000
3636	Gandy	Leland_Harris	un	1473599	18	0.000004302	28.00000	5.28769	148.26895	1.44716	0.40000	-1.00000	-1.00000
3644	Gandy	Leland_Harris	un	1477900	312	0.500000000	0.48148	0.04113	5.63661	0.31742	0.01961	-1.00000	-1.00000
3652	Gandy	Leland_Harris	un	1481839	216	0.591991342	0.41379	0.03533	4.84665	0.38322	0.00932	-1.00000	-1.00000
3658	Gandy	Leland_Harris	un	1484952	78	0.005271268	0.09677	0.01132	0.82757	1.01424	0.13208	-1.00000	-1.00000
3659	Gandy	Leland_Harris	un	1485737	30	1.000000000	1.15038	0.35178	3.76186	0.06084	0.00103	-1.00000	-1.00000
3665	Gandy	Leland_Harris	un	1489054	104	0.552064167	0.67500	0.19625	2.32160	0.17070	0.00752	-1.00000	-1.00000
3674	Gandy	Leland_Harris	un	1493713	209	1.000000000	0.51852	0.04439	6.05718	0.28524	0.01752	-1.00000	-1.00000
3697	Gandy	Leland_Harris	un	1502563	110	0.181502388	5.00000	0.51715	48.34206	0.69897	0.04558	-1.00000	-1.00000
3699	Gandy	Leland_Harris	un	1504161	13	0.021448606	7.75000	0.87337	68.77064	0.88930	0.10108	-1.00000	-1.00000
3700	Gandy	Leland_Harris	un	1505195	224	1.000000000	0.51852	0.04439	6.05718	0.28524	0.01752	-1.00000	-1.00000
3724	Gandy	Leland_Harris	un	1515188	420	1.000000000	1.92857	0.16509	22.52900	0.28524	0.01752	-1.00000	-1.00000
3728	Gandy	Leland_Harris	un	1517225	40	0.000004013	33.33333	3.94401	281.72150	1.52288	0.39560	-1.00000	-1.00000
3732	Gandy	Leland_Harris	un	1518775	41	0.112852665	5.37037	0.58906	48.96109	0.73000	0.06914	-1.00000	-1.00000
3743	Gandy	Leland_Harris	un	1522846	235	0.093795094	5.16667	0.54173	49.27621	0.71321	0.06531	-1.00000	-1.00000
3750	Gandy	Leland_Harris	un	1526500	63	0.400105411	1.88889	0.61923	5.76187	0.27621	0.02424	-1.00000	-1.00000
3756	Gandy	Leland_Harris	un	1529234	460	1.000000000	1.00000	0.05944	16.82259	0.00000	0.00000	-1.00000	-1.00000
3763	Gandy	Leland_Harris	un	1531872	83	0.192872117	0.24731	0.02414	2.53324	0.60676	0.04808	-1.00000	-1.00000
3768	Gandy	Leland_Harris	un	1533295	53	0.464285714	0.41935	0.03596	4.89101	0.37742	0.02098	-1.00000	-1.00000
3774	Gandy	Leland_Harris	un	1536476	112	0.481481481	0.44828	0.03837	5.23742	0.34845	0.02032	-1.00000	-1.00000
3778	Gandy	Leland_Harris	un	1538088	93	0.056199822	0.17419	0.01914	1.58503	0.75897	0.07143	-1.00000	-1.00000
3779	Gandy	Leland_Harris	un	1538959	80	0.456120261	0.49565	0.10467	2.34699	0.30482	0.01604	-1.00000	-1.00000
3783	Gandy	Leland_Harris	un	1541342	64	0.000000000	319.00000	27.15492	3747.42432	2.50379	0.78794	-1.00000	-1.00000
3791	Gandy	Leland_Harris	un	1544303	186	1.000000000	1.92857	0.16509	22.52900	0.28524	0.01752	-1.00000	-1.00000
3799	Gandy	Leland_Harris	un	1548368	161	0.500000000	2.07692	0.17741	24.31412	0.31742	0.01961	-1.00000	-1.00000
3805	Gandy	Leland_Harris	un	1551935	505	0.500000000	0.48000	0.04081	5.64636	0.31876	0.02128	-1.00000	-1.00000
3812	Gandy	Leland_Harris	un	1555479	41	0.000648604	0.06452	0.00766	0.54351	1.19033	0.19679	-1.00000	-1.00000
3819	Gandy	Leland_Harris	un	1558511	100	0.098126142	0.27778	0.06533	1.18118	0.55630	0.05604	-1.00000	-1.00000
3821	Gandy	Leland_Harris	un	1559276	98	0.054169360	0.16000	0.01791	1.42947	0.79588	0.09119	-1.00000	-1.00000
3823	Gandy	Leland_Harris	un	1559987	10	0.000000004	72.50000	8.39845	625.85938	1.86034	0.58462	-1.00000	-1.00000
3846	Gandy	Leland_Harris	un	1572245	147	0.707263062	0.60000	0.12928	2.78476	0.22185	0.00744	-1.00000	-1.00000
3859	Gandy	Leland_Harris	un	1579792	422	0.464285714	0.41935	0.03596	4.89101	0.37742	0.02098	-1.00000	-1.00000
3864	Gandy	Leland_Harris	un	1581026	43	0.091583710	0.18966	0.01978	1.81808	0.72204	0.07143	-1.00000	-1.00000
3872	Gandy	Leland_Harris	un	1583582	24	1.000000000	0.85714	0.17177	4.27725	0.06695	0.00068	-1.00000	-1.00000
3899	Gandy	Leland_Harris	un	1594294	100	0.245762712	0.31183	0.03067	3.17041	0.50608	0.03448	-1.00000	-1.00000
3903	Gandy	Leland_Harris	un	1596808	104	0.004488740	11.57143	1.35697	98.67399	1.06339	0.16149	-1.00000	-1.00000
3907	Gandy	Leland_Harris	un	1598386	32	1.000000000	1.00000	0.18385	5.43921	0.00000	0.00000	-1.00000	-1.00000
3914	Gandy	Leland_Harris	un	1601931	386	1.000000000	0.51724	0.04445	6.01898	0.28631	0.01637	-1.00000	-1.00000
3916	Gandy	Leland_Harris	un	1602459	130	0.461538462	2.41667	0.20633	28.30581	0.38322	0.02288	-1.00000	-1.00000
3919	Gandy	Leland_Harris	un	1603580	464	0.481481481	2.23077	0.19093	26.06312	0.34845	0.02032	-1.00000	-1.00000
3924	Gandy	Leland_Harris	un	1604685	42	0.000706867	0.06093	0.00710	0.52259	1.21516	0.21739	-1.00000	-1.00000
3931	Gandy	Leland_Harris	un	1607030	53	1.000000000	1.08696	0.19905	5.93552	0.03621	0.00017	-1.00000	-1.00000
3932	Gandy	Leland_Harris	un	1607854	88	0.270307851	2.00000	0.66378	6.02610	0.30103	0.02841	-1.00000	-1.00000
3936	Gandy	Leland_Harris	un	1611185	65	0.000000604	42.27273	4.98376	358.56158	1.62606	0.43750	-1.00000	-1.00000
3937	Gandy	Leland_Harris	un	1611985	134	0.040703531	0.14839	0.01622	1.35779	0.82860	0.08876	-1.00000	-1.00000
3938	Gandy	Leland_Harris	un	1612716	62	0.611542730	0.33333	0.03243	3.42639	0.47712	0.01717	-1.00000	-1.00000
3945	Gandy	Leland_Harris	un	1614297	53	0.024138704	6.11111	1.18421	31.53648	0.78612	0.10496	-1.00000	-1.00000
3947	Gandy	Leland_Harris	un	1616006	77	0.004798344	13.73684	1.60737	117.39751	1.13789	0.14525	-1.00000	-1.00000
3970	Gandy	Leland_Harris	un	1623810	63	0.000412429	0.05806	0.00686	0.49162	1.23609	0.22095	-1.00000	-1.00000
3972	Gandy	Leland_Harris	un	1624683	114	0.210667214	0.40909	0.10581	1.58163	0.38818	0.03333	-1.00000	-1.00000
3973	Gandy	Leland_Harris	un	1625676	418	0.481481481	0.44828	0.03837	5.23742	0.34845	0.02032	-1.00000	-1.00000
3978	Gandy	Leland_Harris	un	1626257	351	0.211038961	0.26882	0.02632	2.74562	0.57054	0.04274	-1.00000	-1.00000
3993	Gandy	Leland_Harris	un	1633633	101	0.081599742	0.17742	0.01854	1.69757	0.75100	0.07353	-1.00000	-1.00000
4015	Gandy	Leland_Harris	un	1644352	120	0.464285714	0.41935	0.03596	4.89101	0.37742	0.02098	-1.00000	-1.00000
4018	Gandy	Leland_Harris	un	1645602	70	0.033599894	0.13548	0.01475	1.24418	0.86811	0.10000	-1.00000	-1.00000
4020	Gandy	Leland_Harris	un	1646303	11	0.263358823	2.12500	0.68271	6.61431	0.32736	0.03182	-1.00000	-1.00000
4022	Gandy	Leland_Harris	un	1647470	310	0.500000000	0.48387	0.04165	5.62086	0.31527	0.01695	-1.00000	-1.00000
4046	Gandy	Leland_Harris	un	1659022	49	0.025728988	7.25000	0.81543	64.45982	0.86034	0.09804	-1.00000	-1.00000
4050	Gandy	Leland_Harris	un	1661558	109	0.196115984	0.37500	0.09752	1.44203	0.42597	0.03925	-1.00000	-1.00000
4051	Gandy	Leland_Harris	un	1662331	126	0.039250162	0.14483	0.01574	1.33255	0.83915	0.09722	-1.00000	-1.00000
4054	Gandy	Leland_Harris	un	1663097	52	0.482758621	0.45161	0.03880	5.25593	0.34523	0.01880	-1.00000	-1.00000
4071	Gandy	Leland_Harris	un	1672529	341	1.000000000	0.55556	0.04765	6.47777	0.25527	0.01576	-1.00000	-1.00000
4072	Gandy	Leland_Harris	un	1672939	36	0.000005802	20.00000	4.94463	80.89591	1.30103	0.39670	-1.00000	-1.00000
4075	Gandy	Leland_Harris	un	1673829	167	1.000000000	0.51852	0.04439	6.05718	0.28524	0.01752	-1.00000	-1.00000
4084	Gandy	Leland_Harris	un	1678283	61	0.482758621	0.45161	0.03880	5.25593	0.34523	0.01880	-1.00000	-1.00000
4090	Gandy	Leland_Harris	un	1680684	86	0.106170599	4.76923	0.50143	45.36166	0.67845	0.05844	-1.00000	-1.00000
4101	Gandy	Leland_Harris	un	1686173	76	0.000000062	50.09091	5.96864	420.38062	1.69976	0.47368	-1.00000	-1.00000
4106	Gandy	Leland_Harris	un	1689745	378	0.464285714	0.41935	0.03596	4.89101	0.37742	0.02098	-1.00000	-1.00000
4134	Gandy	Leland_Harris	un	1700905	424	0.481481481	0.44828	0.03837	5.23742	0.34845	0.02032	-1.00000	-1.00000
4161	Gandy	Leland_Harris	un	1713319	24	0.491833031	0.33333	0.03272	3.39531	0.47712	0.03333	-1.00000	-1.00000
4177	Gandy	Leland_Harris	un	1717870	589	1.000000000	0.92593	0.05493	15.60790	0.03342	0.00005	-1.00000	-1.00000
4184	Gandy	Leland_Harris	un	1721786	447	0.461538462	0.41379	0.03533	4.84665	0.38322	0.02288	-1.00000	-1.00000
4200	Gandy	Leland_Harris	un	1728546	17	0.482758621	0.45161	0.03880	5.25593	0.34523	0.01880	-1.00000	-1.00000
4205	Gandy	Leland_Harris	un	1730188	12	0.011308779	0.11111	0.01267	0.97465	0.95424	0.13043	-1.00000	-1.00000
4210	Gandy	Leland_Harris	un	1733508	7	0.273111402	0.51852	0.16667	1.61315	0.28524	0.02500	-1.00000	-1.00000
4211	Gandy	Leland_Harris	un	1734444	79	0.500000000	2.07692	0.17741	24.31412	0.31742	0.01961	-1.00000	-1.00000
4215	Gandy	Leland_Harris	un	1735925	25	0.227113906	0.28736	0.02808	2.94037	0.54158	0.04142	-1.00000	-1.00000
4229	Gandy	Leland_Harris	un	1740873	61	0.000587549	16.11111	1.89908	136.68118	1.20713	0.21538	-1.00000	-1.00000
4235	Gandy	Leland_Harris	un	1743592	466	0.496855346	2.58621	0.25274	26.46334	0.41266	0.03077	-1.00000	-1.00000
4267	Gandy	Leland_Harris	un	1754141	27	0.211038961	0.26882	0.02632	2.74562	0.57054	0.04274	-1.00000	-1.00000
4276	Gandy	Leland_Harris	un	1758086	58	0.100405268	6.90000	0.76437	62.28636	0.83885	0.07413	-1.00000	-1.00000
4293	Gandy	Leland_Harris	un	1767683	150	0.000017296	0.03722	0.00444	0.31176	1.42921	0.31469	-1.00000	-1.00000
4294	Gandy	Leland_Harris	un	1768840	513	0.480000000	0.44444	0.03787	5.21605	0.35218	0.02211	-1.00000	-1.00000
4298	Gandy	Leland_Harris	un	1770724	28	0.482758621	0.45161	0.03880	5.25593	0.34523	0.01880	-1.00000	-1.00000
4303	Gandy	Leland_Harris	un	1774194	74	1.000000000	0.51852	0.04439	6.05718	0.28524	0.01752	-1.00000	-1.00000
4305	Gandy	Leland_Harris	un	1775738	11	0.444444444	2.58333	0.22094	30.20541	0.41218	0.02358	-1.00000	-1.00000
4319	Gandy	Leland_Harris	un	1782952	242	1.000000000	0.55556	0.04765	6.47777	0.25527	0.01576	-1.00000	-1.00000
4338	Gandy	Leland_Harris	un	1791813	386	0.500000000	2.08333	0.17711	24.50678	0.31876	0.02128	-1.00000	-1.00000
4343	Gandy	Leland_Harris	un	1793919	103	0.734386036	1.30435	0.31095	5.47129	0.11539	0.00236	-1.00000	-1.00000
4346	Gandy	Leland_Harris	un	1796504	148	0.040703531	6.73913	0.73649	61.66531	0.82860	0.08876	-1.00000	-1.00000
4365	Gandy	Leland_Harris	un	1807605	162	0.211038961	0.26882	0.02632	2.74562	0.57054	0.04274	-1.00000	-1.00000
4369	Gandy	Leland_Harris	un	1809407	411	0.480000000	0.44444	0.03787	5.21605	0.35218	0.02211	-1.00000	-1.00000
4374	Gandy	Leland_Harris	un	1810783	267	0.192872117	0.24731	0.02414	2.53324	0.60676	0.04808	-1.00000	-1.00000
4384	Gandy	Leland_Harris	un	1815017	419	0.117021277	0.22000	0.02284	2.11887	0.65758	0.06667	-1.00000	-1.00000
4393	Gandy	Leland_Harris	un	1817081	70	0.001316586	17.58824	2.09347	147.76688	1.24522	0.19723	-1.00000	-1.00000
4396	Gandy	Leland_Harris	un	1819607	128	0.782696923	0.83333	0.27206	2.55256	0.07918	0.00204	-1.00000	-1.00000
4401	Gandy	Leland_Harris	un	1822653	45	1.000000000	0.52000	0.04432	6.10163	0.28400	0.01884	-1.00000	-1.00000
4409	Gandy	Leland_Harris	un	1825654	55	0.023977923	0.12315	0.01417	1.07058	0.90956	0.10769	-1.00000	-1.00000
4414	Gandy	Leland_Harris	un	1828376	397	0.482758621	0.45161	0.03880	5.25593	0.34523	0.01880	-1.00000	-1.00000
4425	Gandy	Leland_Harris	un	1833701	61	0.024822695	7.50000	0.83337	67.49715	0.87506	0.11628	-1.00000	-1.00000
4430	Gandy	Leland_Harris	un	1836140	70	0.750501270	0.72857	0.20507	2.58844	0.13753	0.00481	-1.00000	-1.00000
4433	Gandy	Leland_Harris	un	1838845	321	0.481481481	0.44828	0.03837	5.23742	0.34845	0.02032	-1.00000	-1.00000
4441	Gandy	Leland_Harris	un	1842531	338	1.000000000	1.93333	0.16614	22.49763	0.28631	0.01637	-1.00000	-1.00000
4448	Gandy	Leland_Harris	un	1845613	101	0.159300682	0.17241	0.01792	1.65919	0.76343	0.05224	-1.00000	-1.00000
4450	Gandy	Leland_Harris	un	1846450	123	0.211038961	3.72000	0.36422	37.99496	0.57054	0.04274	-1.00000	-1.00000
4455	Gandy	Leland_Harris	un	1849626	44	0.000000958	46.63636	5.54421	392.29208	1.66872	0.39474	-1.00000	-1.00000
4457	Gandy	Leland_Harris	un	1851352	109	0.500000000	0.48387	0.04165	5.62086	0.31527	0.01695	-1.00000	-1.00000
4460	Gandy	Leland_Harris	un	1852123	73	0.500000000	2.07143	0.17768	24.14955	0.31627	0.01818	-1.00000	-1.00000
4465	Gandy	Leland_Harris	un	1854276	26	0.598108755	1.35065	0.46020	3.96405	0.13054	0.00556	-1.00000	-1.00000
4469	Gandy	Leland_Harris	un	1855030	24	0.003625497	15.35294	1.78655	131.93742	1.18619	0.16593	-1.00000	-1.00000
4473	Gandy	Leland_Harris	un	1856715	96	0.000000000	403.00000	34.55322	4700.25635	2.60530	0.93052	-1.00000	-1.00000
4481	Gandy	Leland_Harris	un	1861645	143	0.245762712	0.31183	0.03067	3.17041	0.50608	0.03448	-1.00000	-1.00000
4500	Gandy	Leland_Harris	un	1870052	18	0.106170599	4.76923	0.50143	45.36166	0.67845	0.05844	-1.00000	-1.00000
4513	Gandy	Leland_Harris	un	1878354	81	1.000000000	1.00000	0.13081	7.64451	0.00000	0.00000	-1.00000	-1.00000
4530	Gandy	Leland_Harris	un	1885230	60	0.002836355	0.08065	0.00936	0.69479	1.09342	0.16484	-1.00000	-1.00000
4531	Gandy	Leland_Harris	un	1886401	411	1.000000000	0.51852	0.04439	6.05718	0.28524	0.01752	-1.00000	-1.00000
4545	Gandy	Leland_Harris	un	1893255	43	0.000000219	43.50000	5.20513	363.53574	1.63849	0.43590	-1.00000	-1.00000
4551	Gandy	Leland_Harris	un	1895623	19	0.093795094	0.19355	0.02029	1.84594	0.71321	0.06531	-1.00000	-1.00000
4552	Gandy	Leland_Harris	un	1896504	65	0.493212670	0.36000	0.03511	3.69147	0.44370	0.03429	-1.00000	-1.00000
4562	Gandy	Leland_Harris	un	1900689	392	0.480000000	0.44444	0.03787	5.21605	0.35218	0.02211	-1.00000	-1.00000
4565	Gandy	Leland_Harris	un	1902643	117	0.576339047	1.40816	0.44528	4.45325	0.14865	0.00568	-1.00000	-1.00000
4573	Gandy	Leland_Harris	un	1905923	51	0.000000000	237.66667	23.20264	2434.44067	2.37597	0.85938	-1.00000	-1.00000
4578	Gandy	Leland_Harris	un	1909288	23	0.001621509	13.28571	1.56470	112.80769	1.12338	0.17143	-1.00000	-1.00000
4598	Gandy	Leland_Harris	un	1917654	70	0.228675136	0.29032	0.02849	2.95801	0.53712	0.03827	-1.00000	-1.00000
4601	Gandy	Leland_Harris	un	1918969	28	0.000094312	20.66667	2.47792	172.36687	1.31527	0.25076	-1.00000	-1.00000
4605	Gandy	Leland_Harris	un	1921178	63	0.284731514	2.06061	0.70994	5.98091	0.31399	0.03193	-1.00000	-1.00000
4609	Gandy	Leland_Harris	un	1923635	236	0.094815285	6.42857	0.69714	59.27980	0.80811	0.06198	-1.00000	-1.00000
4612	Gandy	Leland_Harris	un	1926233	527	1.000000000	0.52000	0.04432	6.10163	0.28400	0.01884	-1.00000	-1.00000
4613	Gandy	Leland_Harris	un	1926500	26	0.003937952	0.08871	0.01034	0.76118	1.05203	0.14706	-1.00000	-1.00000
4624	Gandy	Leland_Harris	un	1931958	52	0.500000000	2.06667	0.17791	24.00734	0.31527	0.01695	-1.00000	-1.00000
4626	Gandy	Leland_Harris	un	1932744	127	0.444444444	0.38710	0.03311	4.52610	0.41218	0.02358	-1.00000	-1.00000
4635	Gandy	Leland_Harris	un	1936932	433	0.104821803	0.20690	0.02165	1.97698	0.68425	0.06335	-1.00000	-1.00000
4639	Gandy	Leland_Harris	un	1939035	67	0.000992970	0.07071	0.00844	0.59208	1.15054	0.18841	-1.00000	-1.00000
4643	Gandy	Leland_Harris	un	1941517	222	0.500000000	2.07143	0.17768	24.14955	0.31627	0.01818	-1.00000	-1.00000
4645	Gandy	Leland_Harris	un	1942961	18	0.572859841	0.65455	0.21376	2.00430	0.18406	0.00955	-1.00000	-1.00000
4677	Gandy	Leland_Harris	un	1957048	112	0.033158285	0.16071	0.03059	0.84423	0.79395	0.09851	-1.00000	-1.00000
4678	Gandy	Leland_Harris	un	1958255	513	0.500000000	0.48148	0.04113	5.63661	0.31742	0.01961	-1.00000	-1.00000
4683	Gandy	Leland_Harris	un	1959701	408	0.481481481	2.23077	0.19093	26.06312	0.34845	0.02032	-1.00000	-1.00000
4685	Gandy	Leland_Harris	un	1961095	234	0.500000000	0.48276	0.04141	5.62819	0.31627	0.01818	-1.00000	-1.00000
4698	Gandy	Leland_Harris	un	1968256	94	0.063090966	0.26667	0.07117	0.99913	0.57403	0.07598	-1.00000	-1.00000
4701	Gandy	Leland_Harris	un	1969909	93	0.040703531	0.14839	0.01622	1.35779	0.82860	0.08876	-1.00000	-1.00000
4723	Gandy	Leland_Harris	un	1977973	13	0.000067852	15.00000	3.60617	62.39314	1.17609	0.30612	-1.00000	-1.00000
4726	Gandy	Leland_Harris	un	1979620	117	0.245762712	3.20690	0.31542	32.60509	0.50608	0.03448	-1.00000	-1.00000
4727	Gandy	Leland_Harris	un	1980459	61	1.000000000	0.52000	0.04432	6.10163	0.28400	0.01884	-1.00000	-1.00000
4728	Gandy	Leland_Harris	un	1981244	34	0.000000001	79.75000	9.27583	685.65979	1.90173	0.60000	-1.00000	-1.00000
4734	Gandy	Leland_Harris	un	1982780	14	0.000006020	21.00000	4.92388	89.56348	1.32222	0.41026	-1.00000	-1.00000
4742	Gandy	Leland_Harris	un	1986499	446	1.000000000	1.66667	0.14261	19.47836	0.22185	0.01509	-1.00000	-1.00000
4772	Gandy	Leland_Harris	un	1998817	47	0.001066945	0.05455	0.00639	0.46588	1.26324	0.20833	-1.00000	-1.00000
4773	Gandy	Leland_Harris	un	1999585	26	0.064096965	3.88889	0.92542	16.34233	0.58983	0.07143	-1.00000	-1.00000
4774	Gandy	Leland_Harris	un	2000528	130	0.000146857	10.50000	2.93643	37.54554	1.02119	0.27359	-1.00000	-1.00000
4784	Gandy	Leland_Harris	un	2004545	31	0.000231154	15.16667	2.96597	77.55574	1.18089	0.26117	-1.00000	-1.00000
4785	Gandy	Leland_Harris	un	2005337	17	0.001011425	9.72222	2.33983	40.39675	0.98777	0.21532	-1.00000	-1.00000
4798	Gandy	Leland_Harris	un	2011641	251	0.500000000	0.48000	0.04081	5.64636	0.31876	0.02128	-1.00000	-1.00000
4804	Gandy	Leland_Harris	un	2013873	63	0.014812697	0.17391	0.04216	0.71732	0.75967	0.12206	-1.00000	-1.00000
4812	Gandy	Leland_Harris	un	2018900	104	0.245454545	3.22222	0.31567	32.89072	0.50816	0.03704	-1.00000	-1.00000
4824	Gandy	Leland_Harris	un	2023026	215	0.589502262	0.40741	0.03461	4.79552	0.38997	0.01037	-1.00000	-1.00000
4842	Gandy	Leland_Harris	un	2033030	142	0.500000000	0.48276	0.04141	5.62819	0.31627	0.01818	-1.00000	-1.00000
4859	Gandy	Leland_Harris	un	2041079	75	0.047272578	0.15862	0.01730	1.45424	0.79964	0.08615	-1.00000	-1.00000
4861	Gandy	Leland_Harris	un	2041822	26	0.000000353	30.00000	6.68240	134.68205	1.47712	0.46026	-1.00000	-1.00000
4866	Gandy	Leland_Harris	un	2045213	71	0.181502388	0.20000	0.02069	1.93368	0.69897	0.04558	-1.00000	-1.00000
4885	Gandy	Leland_Harris	un	2054266	218	1.000000000	1.92857	0.16509	22.52900	0.28524	0.01752	-1.00000	-1.00000
4895	Gandy	Leland_Harris	un	2060709	111	0.000000135	33.00000	7.39359	147.28976	1.51851	0.47875	-1.00000	-1.00000
4896	Gandy	Leland_Harris	un	2061552	92	0.026092774	0.13978	0.01580	1.23690	0.85454	0.09091	-1.00000	-1.00000
4897	Gandy	Leland_Harris	un	2062364	71	0.000587549	0.06207	0.00732	0.52657	1.20713	0.21538	-1.00000	-1.00000
4898	Gandy	Leland_Harris	un	2063443	414	0.245762712	3.20690	0.31542	32.60509	0.50608	0.03448	-1.00000	-1.00000
4902	Gandy	Leland_Harris	un	2065196	485	0.480000000	0.44444	0.03787	5.21605	0.35218	0.02211	-1.00000	-1.00000
4906	Gandy	Leland_Harris	un	2067315	21	0.120255746	0.21600	0.02358	1.97870	0.66555	0.06400	-1.00000	-1.00000
4913	Gandy	Leland_Harris	un	2071369	83	0.000000004	67.66666	7.95342	575.69940	1.83037	0.55556	-1.00000	-1.00000
4929	Gandy	Leland_Harris	un	2078540	253	0.500000000	0.48276	0.04141	5.62819	0.31627	0.01818	-1.00000	-1.00000
4933	Gandy	Leland_Harris	un	2080750	19	0.501002540	1.84211	0.46359	7.31972	0.26531	0.01530	-1.00000	-1.00000
4934	Gandy	Leland_Harris	un	2081664	12	0.000081590	29.54545	3.42761	254.67741	1.47049	0.31350	-1.00000	-1.00000
4940	Gandy	Leland_Harris	un	2085698	130	0.093795094	5.16667	0.54173	49.27621	0.71321	0.06531	-1.00000	-1.00000
4947	Gandy	Leland_Harris	un	2088005	114	0.482758621	0.45161	0.03880	5.25593	0.34523	0.01880	-1.00000	-1.00000
4950	Gandy	Leland_Harris	un	2090529	151	0.491264850	0.33333	0.03259	3.40968	0.47712	0.03571	-1.00000	-1.00000
4954	Gandy	Leland_Harris	un	2092318	394	1.000000000	0.85185	0.05042	14.39326	0.06964	0.00024	-1.00000	-1.00000
4956	Gandy	Leland_Harris	un	2093843	312	1.000000000	1.92857	0.16509	22.52900	0.28524	0.01752	-1.00000	-1.00000
4967	Gandy	Leland_Harris	un	2099118	147	0.245762712	0.31183	0.03067	3.17041	0.50608	0.03448	-1.00000	-1.00000
4970	Gandy	Leland_Harris	un	2101446	77	0.237749546	0.24138	0.02539	2.29481	0.61730	0.05091	-1.00000	-1.00000
4974	Gandy	Leland_Harris	un	2102818	134	0.000000773	36.66667	6.62465	202.94589	1.56427	0.47657	-1.00000	-1.00000
4994	Gandy	Leland_Harris	un	2110806	50	0.056199822	0.17419	0.01914	1.58503	0.75897	0.07143	-1.00000	-1.00000
4995	Gandy	Leland_Harris	un	2111840	143	0.021448606	0.12903	0.01454	1.14498	0.88930	0.10108	-1.00000	-1.00000
4996	Gandy	Leland_Harris	un	2112518	57	0.000967802	14.09091	1.67949	118.22271	1.14894	0.17647	-1.00000	-1.00000
5014	Gandy	Leland_Harris	un	2119702	20	0.411195674	1.77273	0.59871	5.24888	0.24864	0.01993	-1.00000	-1.00000
5047	Gandy	Leland_Harris	un	2134901	54	0.000000000	188.50000	19.78095	1796.28625	2.27531	0.80645	-1.00000	-1.00000
5068	Gandy	Leland_Harris	un	2144941	150	0.000051887	23.25000	2.77021	195.13420	1.36642	0.28205	-1.00000	-1.00000
5079	Gandy	Leland_Harris	un	2149301	10	0.048259363	0.16129	0.01768	1.47141	0.79239	0.07937	-1.00000	-1.00000
5092	Gandy	Leland_Harris	un	2157035	408	0.225306122	3.52174	0.34246	36.21597	0.54676	0.04514	-1.00000	-1.00000
5112	Gandy	Leland_Harris	un	2165067	387	1.000000000	0.60870	0.05185	7.14645	0.21560	0.00294	-1.00000	-1.00000
5117	Gandy	Leland_Harris	un	2167120	46	0.000412429	17.22222	2.03411	145.81563	1.23609	0.22095	-1.00000	-1.00000
5119	Gandy	Leland_Harris	un	2167979	105	0.119838411	0.33333	0.09390	1.18323	0.47712	0.05580	-1.00000	-1.00000
5145	Gandy	Leland_Harris	un	2178163	27	0.032209426	0.19565	0.04789	0.79940	0.70852	0.10274	-1.00000	-1.00000
5160	Gandy	Leland_Harris	un	2183179	118	0.482758621	2.21429	0.19026	25.77014	0.34523	0.01880	-1.00000	-1.00000
5165	Gandy	Leland_Harris	un	2185723	291	0.481481481	2.23077	0.19093	26.06312	0.34845	0.02032	-1.00000	-1.00000
5174	Gandy	Leland_Harris	un	2191976	14	0.205483403	0.40000	0.10180	1.57177	0.39794	0.03704	-1.00000	-1.00000
5176	Gandy	Leland_Harris	un	2193699	204	0.493212670	2.77778	0.27089	28.48358	0.44370	0.03429	-1.00000	-1.00000
5184	Gandy	Leland_Harris	un	2196783	17	0.002587025	0.07759	0.00894	0.67309	1.11022	0.18148	-1.00000	-1.00000
5190	Gandy	Leland_Harris	un	2200252	278	1.000000000	1.26087	0.07475	21.26724	0.10067	0.00048	-1.00000	-1.00000
5193	Gandy	Leland_Harris	un	2201893	408	0.103265306	0.20370	0.02120	1.95699	0.69100	0.06915	-1.00000	-1.00000
5197	Gandy	Leland_Harris	un	2202648	359	0.192872117	0.24731	0.02414	2.53324	0.60676	0.04808	-1.00000	-1.00000
5201	Gandy	Leland_Harris	un	2203300	145	0.786244457	0.85227	0.28119	2.58319	0.06942	0.00154	-1.00000	-1.00000
5206	Gandy	Leland_Harris	un	2206003	450	0.461538462	0.41379	0.03533	4.84665	0.38322	0.02288	-1.00000	-1.00000
5211	Gandy	Leland_Harris	un	2208071	13	0.002136329	6.92593	2.06222	23.26060	0.84048	0.19728	-1.00000	-1.00000
5218	Gandy	Leland_Harris	un	2210591	67	0.002965620	0.10000	0.01924	0.51976	1.00000	0.17500	-1.00000	-1.00000
5219	Gandy	Leland_Harris	un	2211416	108	0.002836355	12.40000	1.43928	106.83144	1.09342	0.16484	-1.00000	-1.00000
5222	Gandy	Leland_Harris	un	2213765	57	0.276232866	1.90909	0.62027	5.87591	0.28083	0.02564	-1.00000	-1.00000
5226	Gandy	Leland_Harris	un	2215311	11	0.000000000	95.28571	10.92729	830.88916	1.97903	0.64706	-1.00000	-1.00000
5227	Gandy	Leland_Harris	un	2216111	11	0.000149176	20.05882	2.38159	168.94432	1.30231	0.25084	-1.00000	-1.00000
5232	Gandy	Leland_Harris	un	2218397	193	0.500000000	2.07143	0.17768	24.14955	0.31627	0.01818	-1.00000	-1.00000
5233	Gandy	Leland_Harris	un	2218735	61	0.227113906	0.28736	0.02808	2.94037	0.54158	0.04142	-1.00000	-1.00000
5237	Gandy	Leland_Harris	un	2221107	92	0.055746141	0.17241	0.01886	1.57593	0.76343	0.07692	-1.00000	-1.00000
5245	Gandy	Leland_Harris	un	2223944	435	0.500000000	0.48148	0.04113	5.63661	0.31742	0.01961	-1.00000	-1.00000
5248	Gandy	Leland_Harris	un	2225994	53	0.094661449	0.34286	0.10742	1.09428	0.46489	0.06028	-1.00000	-1.00000
5249	Gandy	Leland_Harris	un	2226746	9	0.000245867	0.05161	0.00606	0.43972	1.28724	0.25000	-1.00000	-1.00000
5264	Gandy	Leland_Harris	un	2231691	242	1.000000000	0.55556	0.04765	6.47777	0.25527	0.01576	-1.00000	-1.00000
5273	Gandy	Leland_Harris	un	2235519	126	0.000000000	116.00000	13.04689	1031.35706	2.06446	0.69697	-1.00000	-1.00000
5287	Gandy	Leland_Harris	un	2240929	11	0.481481481	0.44828	0.03837	5.23742	0.34845	0.02032	-1.00000	-1.00000
5295	Gandy	Leland_Harris	un	2242943	528	1.000000000	1.78571	0.15251	20.90852	0.25181	0.01681	-1.00000	-1.00000
5299	Gandy	Leland_Harris	un	2244033	67	0.103265306	0.20370	0.02120	1.95699	0.69100	0.06915	-1.00000	-1.00000
5305	Gandy	Leland_Harris	un	2246954	57	0.000002252	36.16667	4.27468	305.99435	1.55831	0.39634	-1.00000	-1.00000
5311	Gandy	Leland_Harris	un	2249937	8	1.000000000	1.93333	0.16614	22.49763	0.28631	0.01637	-1.00000	-1.00000
5312	Gandy	Leland_Harris	un	2250877	132	0.376382852	0.51515	0.15588	1.70246	0.28807	0.02305	-1.00000	-1.00000
5329	Gandy	Leland_Harris	un	2256075	29	0.140971416	0.36797	0.10696	1.26584	0.43419	0.04816	-1.00000	-1.00000
5332	Gandy	Leland_Harris	un	2258804	190	0.500000000	0.48000	0.04081	5.64636	0.31876	0.02128	-1.00000	-1.00000
5335	Gandy	Leland_Harris	un	2260605	356	0.491264850	0.33333	0.03259	3.40968	0.47712	0.03571	-1.00000	-1.00000
5341	Gandy	Leland_Harris	un	2262969	348	0.500000000	2.06667	0.17791	24.00734	0.31527	0.01695	-1.00000	-1.00000
5351	Gandy	Leland_Harris	un	2269190	71	0.005105438	10.54545	1.22656	90.66576	1.02307	0.14286	-1.00000	-1.00000
5358	Gandy	Leland_Harris	un	2272567	71	0.000234472	25.00000	2.90330	215.27237	1.39794	0.27635	-1.00000	-1.00000
5363	Gandy	Leland_Harris	un	2274996	115	0.245762712	0.31183	0.03067	3.17041	0.50608	0.03448	-1.00000	-1.00000
5366	Gandy	Leland_Harris	un	2276537	119	0.245283019	0.28000	0.02931	2.67453	0.55284	0.04706	-1.00000	-1.00000
5368	Gandy	Leland_Harris	un	2278158	63	0.000149176	20.05882	2.38159	168.94432	1.30231	0.25084	-1.00000	-1.00000
5380	Gandy	Leland_Harris	un	2285610	72	0.491833031	0.33333	0.03272	3.39531	0.47712	0.03333	-1.00000	-1.00000
5392	Gandy	Leland_Harris	un	2291631	415	1.000000000	1.93333	0.16614	22.49763	0.28631	0.01637	-1.00000	-1.00000
5395	Gandy	Leland_Harris	un	2292862	95	0.055222089	0.17037	0.01854	1.56542	0.76861	0.08333	-1.00000	-1.00000
5410	Gandy	Leland_Harris	un	2298546	140	0.048259363	0.16129	0.01768	1.47141	0.79239	0.07937	-1.00000	-1.00000
5413	Gandy	Leland_Harris	un	2299212	17	0.461396797	0.42857	0.09353	1.96388	0.36798	0.02564	-1.00000	-1.00000
5414	Gandy	Leland_Harris	un	2300434	436	0.480000000	0.44444	0.03787	5.21605	0.35218	0.02211	-1.00000	-1.00000
5444	Gandy	Leland_Harris	un	2312249	493	0.500000000	0.48000	0.04081	5.64636	0.31876	0.02128	-1.00000	-1.00000
5448	Gandy	Leland_Harris	un	2313482	191	1.000000000	1.07407	0.06396	18.03732	0.03103	0.00004	-1.00000	-1.00000
5452	Gandy	Leland_Harris	un	2314673	72	0.000355389	0.05517	0.00646	0.47099	1.25828	0.24419	-1.00000	-1.00000
5456	Gandy	Leland_Harris	un	2316405	125	0.493506494	0.35802	0.03507	3.65452	0.44609	0.03210	-1.00000	-1.00000
5462	Gandy	Leland_Harris	un	2319631	14	0.238703141	3.15789	0.55051	18.11471	0.49940	0.03580	-1.00000	-1.00000
5476	Gandy	Leland_Harris	un	2327673	40	0.056199822	0.17419	0.01914	1.58503	0.75897	0.07143	-1.00000	-1.00000
5484	Gandy	Leland_Harris	un	2330879	76	0.001340622	12.00000	2.35431	61.16448	1.07918	0.20684	-1.00000	-1.00000
5490	Gandy	Leland_Harris	un	2334170	57	1.000000000	1.78571	0.15251	20.90852	0.25181	0.01681	-1.00000	-1.00000
5500	Gandy	Leland_Harris	un	2339277	422	0.500000000	2.07143	0.17768	24.14955	0.31627	0.01818	-1.00000	-1.00000
5508	Gandy	Leland_Harris	un	2342839	72	0.612440191	0.33333	0.03259	3.40968	0.47712	0.01607	-1.00000	-1.00000
5511	Gandy	Leland_Harris	un	2343840	316	0.464285714	0.41935	0.03596	4.89101	0.37742	0.02098	-1.00000	-1.00000
5517	Gandy	Leland_Harris	un	2346775	23	0.024822695	0.13333	0.01482	1.19995	0.87506	0.11628	-1.00000	-1.00000
5521	Gandy	Leland_Harris	un	2348047	460	0.500000000	2.07143	0.17768	24.14955	0.31627	0.01818	-1.00000	-1.00000
5523	Gandy	Leland_Harris	un	2349337	86	1.000000000	1.11111	0.31814	3.88061	0.04576	0.00051	-1.00000	-1.00000
5532	Gandy	Leland_Harris	un	2352118	284	0.500000000	2.07692	0.17741	24.31412	0.31742	0.01961	-1.00000	-1.00000
5550	Gandy	Leland_Harris	un	2361806	283	1.000000000	0.85185	0.05042	14.39326	0.06964	0.00024	-1.00000	-1.00000
5551	Gandy	Leland_Harris	un	2362450	112	0.040703531	6.73913	0.73649	61.66531	0.82860	0.08876	-1.00000	-1.00000
5556	Gandy	Leland_Harris	un	2365839	294	0.500000000	0.48148	0.04113	5.63661	0.31742	0.01961	-1.00000	-1.00000
5558	Gandy	Leland_Harris	un	2367450	276	0.500000000	2.07143	0.17768	24.14955	0.31627	0.01818	-1.00000	-1.00000
5568	Gandy	Leland_Harris	un	2371231	45	0.118181818	0.22414	0.02352	2.13589	0.64948	0.05660	-1.00000	-1.00000
5576	Gandy	Leland_Harris	un	2375841	81	0.480000000	2.25000	0.19172	26.40626	0.35218	0.02211	-1.00000	-1.00000
5581	Gandy	Leland_Harris	un	2379302	157	0.010399967	0.10185	0.01182	0.87768	0.99203	0.13830	-1.00000	-1.00000
5590	Gandy	Leland_Harris	un	2382893	531	0.192872117	0.24731	0.02414	2.53324	0.60676	0.04808	-1.00000	-1.00000
5614	Gandy	Leland_Harris	un	2396163	140	0.780390664	1.25000	0.40892	3.82101	0.09691	0.00265	-1.00000	-1.00000
5616	Gandy	Leland_Harris	un	2397734	92	0.048259363	6.20000	0.67962	56.56101	0.79239	0.07937	-1.00000	-1.00000
5623	Gandy	Leland_Harris	un	2400221	148	0.001886343	0.07407	0.00875	0.62673	1.13033	0.18571	-1.00000	-1.00000
5629	Gandy	Leland_Harris	un	2403719	59	0.500000000	2.06667	0.17791	24.00734	0.31527	0.01695	-1.00000	-1.00000
5633	Gandy	Leland_Harris	un	2406175	75	0.093795094	5.16667	0.54173	49.27621	0.71321	0.06531	-1.00000	-1.00000
5652	Gandy	Leland_Harris	un	2413611	56	0.007466388	4.88571	1.52964	15.60507	0.68893	0.14017	-1.00000	-1.00000
5661	Gandy	Leland_Harris	un	2416185	145	0.482758621	0.45161	0.03880	5.25593	0.34523	0.01880	-1.00000	-1.00000
5674	Gandy	Leland_Harris	un	2420157	86	0.114880414	0.20000	0.02178	1.83684	0.69897	0.07143	-1.00000	-1.00000
5676	Gandy	Leland_Harris	un	2421780	109	0.000000149	51.00000	5.92112	439.27515	1.70757	0.50980	-1.00000	-1.00000
5680	Gandy	Leland_Harris	un	2422526	49	1.000000000	1.91667	0.16250	22.60740	0.28255	0.00550	-1.00000	-1.00000
5683	Gandy	Leland_Harris	un	2424087	152	1.000000000	0.60000	0.05134	7.01221	0.22185	0.01509	-1.00000	-1.00000
5696	Gandy	Leland_Harris	un	2431384	339	0.228675136	0.29032	0.02849	2.95801	0.53712	0.03827	-1.00000	-1.00000
5697	Gandy	Leland_Harris	un	2431809	41	0.021448606	7.75000	0.87337	68.77064	0.88930	0.10108	-1.00000	-1.00000
5698	Gandy	Leland_Harris	un	2432733	103	0.017220725	0.11828	0.01329	1.05307	0.92709	0.11312	-1.00000	-1.00000
5699	Gandy	Leland_Harris	un	2433456	72	0.011603269	8.82609	1.01217	76.96327	0.94577	0.12000	-1.00000	-1.00000
5709	Gandy	Leland_Harris	un	2437095	470	1.000000000	0.85185	0.05042	14.39326	0.06964	0.00024	-1.00000	-1.00000
5722	Gandy	Leland_Harris	un	2444152	251	1.000000000	0.56000	0.04783	6.55691	0.25181	0.01681	-1.00000	-1.00000
5745	Gandy	Leland_Harris	un	2456585	140	0.228675136	3.44444	0.33807	35.09441	0.53712	0.03827	-1.00000	-1.00000
5748	Gandy	Leland_Harris	un	2458390	357	1.000000000	0.56000	0.04783	6.55691	0.25181	0.01681	-1.00000	-1.00000
5750	Gandy	Leland_Harris	un	2459703	57	0.001066945	0.05455	0.00639	0.46588	1.26324	0.20833	-1.00000	-1.00000
5757	Gandy	Leland_Harris	un	2463138	442	0.480000000	2.25000	0.19172	26.40626	0.35218	0.02211	-1.00000	-1.00000
5788	Gandy	Leland_Harris	un	2475626	19	0.026092774	0.13978	0.01580	1.23690	0.85454	0.09091	-1.00000	-1.00000
5797	Gandy	Leland_Harris	un	2481285	72	0.004279824	0.08444	0.00983	0.72525	1.07343	0.17582	-1.00000	-1.00000
5812	Gandy	Leland_Harris	un	2487673	473	1.000000000	0.85185	0.05042	14.39326	0.06964	0.00024	-1.00000	-1.00000
5820	Gandy	Leland_Harris	un	2490119	465	0.500000000	0.48276	0.04141	5.62819	0.31627	0.01818	-1.00000	-1.00000
5821	Gandy	Leland_Harris	un	2490533	64	0.103265306	0.20370	0.02120	1.95699	0.69100	0.06915	-1.00000	-1.00000
5827	Gandy	Leland_Harris	un	2492055	30	0.491833031	0.33333	0.03272	3.39531	0.47712	0.03333	-1.00000	-1.00000
5830	Gandy	Leland_Harris	un	2493917	372	0.227113906	0.28736	0.02808	2.94037	0.54158	0.04142	-1.00000	-1.00000
5839	Gandy	Leland_Harris	un	2496050	68	0.710775906	0.72000	0.14561	3.56024	0.14267	0.00292	-1.00000	-1.00000
5842	Gandy	Leland_Harris	un	2496803	14	0.061344450	3.00000	0.97908	9.19233	0.47712	0.07033	-1.00000	-1.00000
5854	Gandy	Leland_Harris	un	2502795	185	1.000000000	1.92857	0.16509	22.52900	0.28524	0.01752	-1.00000	-1.00000
5862	Gandy	Leland_Harris	un	2507423	129	0.014702348	0.12821	0.02441	0.67344	0.89209	0.13731	-1.00000	-1.00000
5874	Gandy	Leland_Harris	un	2510500	103	0.000355389	18.12500	2.12319	154.72722	1.25828	0.24419	-1.00000	-1.00000
5907	Gandy	Leland_Harris	un	2522575	81	0.001858792	0.05926	0.00693	0.50704	1.22724	0.18736	-1.00000	-1.00000
5922	Gandy	Leland_Harris	un	2530318	94	0.245454545	0.31034	0.03040	3.16783	0.50816	0.03704	-1.00000	-1.00000
5927	Gandy	Leland_Harris	un	2533398	139	0.482758621	2.21429	0.19026	25.77014	0.34523	0.01880	-1.00000	-1.00000
5928	Gandy	Leland_Harris	un	2534117	45	0.025728988	0.13793	0.01551	1.22635	0.86034	0.09804	-1.00000	-1.00000
5947	Gandy	Leland_Harris	un	2540825	300	0.500000000	0.48148	0.04113	5.63661	0.31742	0.01961	-1.00000	-1.00000
5949	Gandy	Leland_Harris	un	2541489	167	1.000000000	1.66667	0.14261	19.47836	0.22185	0.01509	-1.00000	-1.00000
5961	Gandy	Leland_Harris	un	2546852	246	1.000000000	0.51852	0.04439	6.05718	0.28524	0.01752	-1.00000	-1.00000
5964	Gandy	Leland_Harris	un	2548944	16	0.021448606	0.12903	0.01454	1.14498	0.88930	0.10108	-1.00000	-1.00000
5972	Gandy	Leland_Harris	un	2553504	418	0.245454545	3.22222	0.31567	32.89072	0.50816	0.03704	-1.00000	-1.00000
5976	Gandy	Leland_Harris	un	2555509	129	0.000000001	84.14286	9.59040	738.24023	1.92502	0.62500	-1.00000	-1.00000
5979	Gandy	Leland_Harris	un	2557169	119	0.039739833	3.94286	1.14456	13.58259	0.59581	0.09267	-1.00000	-1.00000
5995	Gandy	Leland_Harris	un	2566147	295	0.021448606	7.75000	0.87337	68.77064	0.88930	0.10108	-1.00000	-1.00000
5997	Gandy	Leland_Harris	un	2566823	104	0.000000000	100.00000	11.19296	893.41876	2.00000	0.67980	-1.00000	-1.00000
6005	Gandy	Leland_Harris	un	2570076	84	0.009307886	0.10599	0.01218	0.92241	0.97473	0.12363	-1.00000	-1.00000
6007	Gandy	Leland_Harris	un	2571706	71	0.118181818	0.22414	0.02352	2.13589	0.64948	0.05660	-1.00000	-1.00000
6014	Gandy	Leland_Harris	un	2574446	423	1.000000000	1.92857	0.16509	22.52900	0.28524	0.01752	-1.00000	-1.00000
6018	Gandy	Leland_Harris	un	2576652	37	0.115317596	0.20000	0.02189	1.82743	0.69897	0.06667	-1.00000	-1.00000
6033	Gandy	Leland_Harris	un	2580561	113	0.598108755	1.35065	0.46020	3.96405	0.13054	0.00556	-1.00000	-1.00000
6042	Gandy	Leland_Harris	un	2585594	345	0.444444444	0.38710	0.03311	4.52610	0.41218	0.02358	-1.00000	-1.00000
6067	Gandy	Leland_Harris	un	2595242	270	1.000000000	1.78571	0.15251	20.90852	0.25181	0.01681	-1.00000	-1.00000
6086	Gandy	Leland_Harris	un	2603139	94	0.023977923	8.12000	0.93407	70.58795	0.90956	0.10769	-1.00000	-1.00000
6102	Gandy	Leland_Harris	un	2611866	109	1.000000000	0.51724	0.04445	6.01898	0.28631	0.01637	-1.00000	-1.00000
6104	Gandy	Leland_Harris	un	2613553	145	0.002836355	12.40000	1.43928	106.83144	1.09342	0.16484	-1.00000	-1.00000
6107	Gandy	Leland_Harris	un	2616249	437	0.464285714	0.41935	0.03596	4.89101	0.37742	0.02098	-1.00000	-1.00000
6135	Gandy	Leland_Harris	un	2625649	130	0.000000005	96.66666	10.79318	865.77277	1.98528	0.57470	-1.00000	-1.00000
6139	Gandy	Leland_Harris	un	2628235	332	0.500000000	0.48276	0.04141	5.62819	0.31627	0.01818	-1.00000	-1.00000
6143	Gandy	Leland_Harris	un	2630342	10	0.244680851	0.30667	0.02975	3.16133	0.51333	0.04348	-1.00000	-1.00000
6147	Gandy	Leland_Harris	un	2632936	269	0.500000000	0.48148	0.04113	5.63661	0.31742	0.01961	-1.00000	-1.00000
6167	Gandy	Leland_Harris	un	2639176	59	0.000072812	14.48148	3.39941	61.69109	1.16081	0.30625	-1.00000	-1.00000
6171	Gandy	Leland_Harris	un	2640725	11	1.000000000	1.04082	0.32089	3.37595	0.01737	0.00008	-1.00000	-1.00000
6196	Gandy	Leland_Harris	un	2651060	113	0.534152227	1.67273	0.47399	5.90307	0.22343	0.01114	-1.00000	-1.00000
6209	Gandy	Leland_Harris	un	2660041	145	0.029139243	3.75000	1.22041	11.52277	0.57403	0.09892	-1.00000	-1.00000
6212	Gandy	Leland_Harris	un	2661930	271	0.491833031	0.33333	0.03272	3.39531	0.47712	0.03333	-1.00000	-1.00000
6230	Gandy	Leland_Harris	un	2669543	95	1.000000000	0.51724	0.04445	6.01898	0.28631	0.01637	-1.00000	-1.00000
6238	Gandy	Leland_Harris	un	2674466	174	1.000000000	1.78571	0.15251	20.90852	0.25181	0.01681	-1.00000	-1.00000
6249	Gandy	Leland_Harris	un	2679052	44	0.000000730	37.92308	4.55073	316.02829	1.57890	0.40000	-1.00000	-1.00000
6250	Gandy	Leland_Harris	un	2680004	149	0.104821803	4.83333	0.50582	46.18450	0.68425	0.06335	-1.00000	-1.00000
6258	Gandy	Leland_Harris	un	2683488	409	0.482758621	2.21429	0.19026	25.77014	0.34523	0.01880	-1.00000	-1.00000
6264	Gandy	Leland_Harris	un	2683980	39	0.005211412	0.08756	0.00998	0.76820	1.05771	0.15625	-1.00000	-1.00000
6269	Gandy	Leland_Harris	un	2686292	47	0.000001724	36.00000	4.27091	303.44849	1.55630	0.40541	-1.00000	-1.00000
6286	Gandy	Leland_Harris	un	2693734	488	1.000000000	0.85185	0.05042	14.39326	0.06964	0.00024	-1.00000	-1.00000
6302	Gandy	Leland_Harris	un	2696959	407	0.208144796	0.26437	0.02576	2.71292	0.57779	0.04667	-1.00000	-1.00000
6304	Gandy	Leland_Harris	un	2697448	48	0.023501224	0.12169	0.01392	1.06357	0.91473	0.11607	-1.00000	-1.00000
6321	Gandy	Leland_Harris	un	2704318	383	0.225306122	0.28395	0.02761	2.92002	0.54676	0.04514	-1.00000	-1.00000
6322	Gandy	Leland_Harris	un	2704863	50	0.487433523	0.51282	0.12735	2.06512	0.29003	0.01610	-1.00000	-1.00000
6337	Gandy	Leland_Harris	un	2710674	233	0.208144796	0.26437	0.02576	2.71292	0.57779	0.04667	-1.00000	-1.00000
6355	Gandy	Leland_Harris	un	2716563	541	0.444444444	0.38710	0.03311	4.52610	0.41218	0.02358	-1.00000	-1.00000
6364	Gandy	Leland_Harris	un	2720904	91	0.011860352	0.11521	0.01328	0.99953	0.93852	0.11111	-1.00000	-1.00000
6372	Gandy	Leland_Harris	un	2724670	12	0.593796891	1.36111	0.45743	4.05011	0.13389	0.00592	-1.00000	-1.00000
6380	Gandy	Leland_Harris	un	2729677	350	0.244680851	0.30667	0.02975	3.16133	0.51333	0.04348	-1.00000	-1.00000
6383	Gandy	Leland_Harris	un	2731112	104	0.011603269	8.82609	1.01217	76.96327	0.94577	0.12000	-1.00000	-1.00000
6386	Gandy	Leland_Harris	un	2731983	91	0.500000000	2.07143	0.17768	24.14955	0.31627	0.01818	-1.00000	-1.00000
6389	Gandy	Leland_Harris	un	2732799	39	0.042705265	5.57143	1.08447	28.62305	0.74597	0.08489	-1.00000	-1.00000
6398	Gandy	Leland_Harris	un	2737199	355	0.500000000	0.48276	0.04141	5.62819	0.31627	0.01818	-1.00000	-1.00000
6412	Gandy	Leland_Harris	un	2741563	86	0.106170599	4.76923	0.50143	45.36166	0.67845	0.05844	-1.00000	-1.00000
6413	Gandy	Leland_Harris	un	2742413	104	0.500000000	0.48387	0.04165	5.62086	0.31527	0.01695	-1.00000	-1.00000
6418	Gandy	Leland_Harris	un	2745661	55	0.033599894	0.13548	0.01475	1.24418	0.86811	0.10000	-1.00000	-1.00000
6424	Gandy	Leland_Harris	un	2749667	202	0.211038961	0.26882	0.02632	2.74562	0.57054	0.04274	-1.00000	-1.00000
6426	Gandy	Leland_Harris	un	2751487	397	0.500000000	0.48276	0.04141	5.62819	0.31627	0.01818	-1.00000	-1.00000
6427	Gandy	Leland_Harris	un	2752118	205	1.000000000	1.76923	0.15037	20.81635	0.24778	0.00405	-1.00000	-1.00000
6430	Gandy	Leland_Harris	un	2754405	36	0.000398507	16.23809	1.94757	135.38686	1.21054	0.20000	-1.00000	-1.00000
6469	Gandy	Leland_Harris	un	2767919	35	0.003714274	0.08621	0.00999	0.74418	1.06446	0.16039	-1.00000	-1.00000
6475	Gandy	Leland_Harris	un	2769565	7	0.000310950	10.00000	2.68526	37.24036	1.00000	0.25000	-1.00000	-1.00000
6479	Gandy	Leland_Harris	un	2772970	272	0.225306122	3.52174	0.34246	36.21597	0.54676	0.04514	-1.00000	-1.00000
6484	Gandy	Leland_Harris	un	2774444	123	0.016229749	4.25000	1.40193	12.88400	0.62839	0.11803	-1.00000	-1.00000
6515	Gandy	Leland_Harris	un	2787012	220	0.211038961	3.72000	0.36422	37.99496	0.57054	0.04274	-1.00000	-1.00000
6516	Gandy	Leland_Harris	un	2787629	6	0.005771800	0.14182	0.03354	0.59968	0.84827	0.15579	-1.00000	-1.00000
6542	Gandy	Leland_Harris	un	2804186	500	0.500000000	2.07143	0.17768	24.14955	0.31627	0.01818	-1.00000	-1.00000
6544	Gandy	Leland_Harris	un	2804903	419	0.617021277	0.47826	0.04043	5.65781	0.32034	0.00741	-1.00000	-1.00000
6555	Gandy	Leland_Harris	un	2809253	496	0.500000000	2.07143	0.17768	24.14955	0.31627	0.01818	-1.00000	-1.00000
6556	Gandy	Leland_Harris	un	2810096	507	0.091583710	0.18966	0.01978	1.81808	0.72204	0.07143	-1.00000	-1.00000
6565	Gandy	Leland_Harris	un	2814352	156	0.208144796	3.78261	0.36861	38.81679	0.57779	0.04667	-1.00000	-1.00000
6566	Gandy	Leland_Harris	un	2815488	467	0.500000000	2.07692	0.17741	24.31412	0.31742	0.01961	-1.00000	-1.00000
6570	Gandy	Leland_Harris	un	2817169	146	1.000000000	1.04938	0.34300	3.21047	0.02093	0.00013	-1.00000	-1.00000
6571	Gandy	Leland_Harris	un	2818319	528	1.000000000	0.51852	0.04439	6.05718	0.28524	0.01752	-1.00000	-1.00000
6584	Gandy	Leland_Harris	un	2822743	138	0.224374710	2.36842	0.68169	8.22865	0.37446	0.03266	-1.00000	-1.00000
6601	Gandy	Leland_Harris	un	2828063	65	0.000001431	25.20000	5.97448	106.29211	1.40140	0.44383	-1.00000	-1.00000
6602	Gandy	Leland_Harris	un	2829140	362	1.000000000	0.51724	0.04445	6.01898	0.28631	0.01637	-1.00000	-1.00000
6605	Gandy	Leland_Harris	un	2830325	44	0.481481481	0.44828	0.03837	5.23742	0.34845	0.02032	-1.00000	-1.00000
6609	Gandy	Leland_Harris	un	2832937	127	0.001621509	0.07527	0.00886	0.63910	1.12338	0.17143	-1.00000	-1.00000
6610	Gandy	Leland_Harris	un	2833663	56	0.240259740	0.25926	0.02721	2.47017	0.58627	0.04906	-1.00000	-1.00000
6615	Gandy	Leland_Harris	un	2836744	34	0.112852665	0.18621	0.02042	1.69763	0.73000	0.06914	-1.00000	-1.00000
6628	Gandy	Leland_Harris	un	2840307	413	1.000000000	0.60000	0.05134	7.01221	0.22185	0.01509	-1.00000	-1.00000
6632	Gandy	Leland_Harris	un	2842896	480	0.480000000	0.44444	0.03787	5.21605	0.35218	0.02211	-1.00000	-1.00000
6637	Gandy	Leland_Harris	un	2844976	129	0.055322315	4.20000	0.97046	18.17688	0.62325	0.08333	-1.00000	-1.00000
6640	Gandy	Leland_Harris	un	2846715	258	0.500000000	0.48387	0.04165	5.62086	0.31527	0.01695	-1.00000	-1.00000
6643	Gandy	Leland_Harris	un	2848166	74	0.482758621	0.45161	0.03880	5.25593	0.34523	0.01880	-1.00000	-1.00000
6667	Gandy	Leland_Harris	un	2859339	12	0.500000000	2.07143	0.17768	24.14955	0.31627	0.01818	-1.00000	-1.00000
6669	Gandy	Leland_Harris	un	2860651	620	0.103265306	0.20370	0.02120	1.95699	0.69100	0.06915	-1.00000	-1.00000
6670	Gandy	Leland_Harris	un	2860846	12	0.040703531	0.14839	0.01622	1.35779	0.82860	0.08876	-1.00000	-1.00000
6682	Gandy	Leland_Harris	un	2867210	215	0.461538462	0.41379	0.03533	4.84665	0.38322	0.02288	-1.00000	-1.00000
6685	Gandy	Leland_Harris	un	2868702	53	0.012151225	7.11765	1.38870	36.48071	0.85234	0.12698	-1.00000	-1.00000
6687	Gandy	Leland_Harris	un	2869641	61	0.464285714	0.41935	0.03596	4.89101	0.37742	0.02098	-1.00000	-1.00000
6699	Gandy	Leland_Harris	un	2873184	18	0.009307886	9.43478	1.08411	82.10883	0.97473	0.12363	-1.00000	-1.00000
6702	Gandy	Leland_Harris	un	2874049	12	0.228675136	3.44444	0.33807	35.09441	0.53712	0.03827	-1.00000	-1.00000
6703	Gandy	Leland_Harris	un	2874833	50	0.245762712	3.20690	0.31542	32.60509	0.50608	0.03448	-1.00000	-1.00000
6707	Gandy	Leland_Harris	un	2877304	119	0.491833031	0.33333	0.03272	3.39531	0.47712	0.03333	-1.00000	-1.00000
6708	Gandy	Leland_Harris	un	2878159	106	0.237749546	0.24138	0.02539	2.29481	0.61730	0.05091	-1.00000	-1.00000
6710	Gandy	Leland_Harris	un	2880273	529	1.000000000	1.00000	0.05893	16.97048	0.00000	0.00000	-1.00000	-1.00000
6725	Gandy	Leland_Harris	un	2887328	492	1.000000000	1.00000	0.12910	7.74582	0.00000	0.00000	-1.00000	-1.00000
6727	Gandy	Leland_Harris	un	2887663	16	0.006611286	0.09360	0.01065	0.82280	1.02874	0.15217	-1.00000	-1.00000
6760	Gandy	Leland_Harris	un	2899324	211	1.000000000	1.78571	0.15251	20.90852	0.25181	0.01681	-1.00000	-1.00000
6784	Gandy	Leland_Harris	un	2907444	44	0.283579392	2.04545	0.70358	5.94655	0.31079	0.03118	-1.00000	-1.00000
6785	Gandy	Leland_Harris	un	2908349	50	0.245098039	0.30864	0.03010	3.16484	0.51055	0.04000	-1.00000	-1.00000
6790	Gandy	Leland_Harris	un	2911417	118	0.463705930	0.51111	0.11005	2.37373	0.29148	0.01296	-1.00000	-1.00000
6799	Gandy	Leland_Harris	un	2916579	596	0.244680851	0.30667	0.02975	3.16133	0.51333	0.04348	-1.00000	-1.00000
6810	Gandy	Leland_Harris	un	2921896	420	1.000000000	0.52000	0.04432	6.10163	0.28400	0.01884	-1.00000	-1.00000
6818	Gandy	Leland_Harris	un	2924112	97	0.000000715	37.28571	4.50997	308.25555	1.57154	0.38699	-1.00000	-1.00000
6826	Gandy	Leland_Harris	un	2928174	243	0.591991342	0.41379	0.03533	4.84665	0.38322	0.00932	-1.00000	-1.00000
6827	Gandy	Leland_Harris	un	2928797	16	0.039250162	0.14483	0.01574	1.33255	0.83915	0.09722	-1.00000	-1.00000
6831	Gandy	Leland_Harris	un	2930017	397	0.480000000	2.25000	0.19172	26.40626	0.35218	0.02211	-1.00000	-1.00000
6832	Gandy	Leland_Harris	un	2930707	305	1.000000000	0.51724	0.04445	6.01898	0.28631	0.01637	-1.00000	-1.00000
6844	Gandy	Leland_Harris	un	2934952	48	0.344497608	0.28736	0.02808	2.94037	0.54158	0.02119	-1.00000	-1.00000
6849	Gandy	Leland_Harris	un	2938157	30	0.096396419	2.80220	0.88578	8.86485	0.44750	0.06064	-1.00000	-1.00000
6856	Gandy	Leland_Harris	un	2938911	9	0.001621509	13.28571	1.56470	112.80769	1.12338	0.17143	-1.00000	-1.00000
6865	Gandy	Leland_Harris	un	2941447	88	0.102210560	0.28571	0.06519	1.25232	0.54407	0.06143	-1.00000	-1.00000
6874	Gandy	Leland_Harris	un	2946343	113	0.500000000	0.48276	0.04141	5.62819	0.31627	0.01818	-1.00000	-1.00000
6880	Gandy	Leland_Harris	un	2948659	47	0.116715520	5.75000	0.64164	51.52844	0.75967	0.05486	-1.00000	-1.00000
6885	Gandy	Leland_Harris	un	2950607	402	0.491264850	0.33333	0.03259	3.40968	0.47712	0.03571	-1.00000	-1.00000
6898	Gandy	Leland_Harris	un	2956892	87	0.227113906	0.28736	0.02808	2.94037	0.54158	0.04142	-1.00000	-1.00000
6913	Gandy	Leland_Harris	un	2965465	357	0.118644068	4.42857	0.46670	42.02293	0.64626	0.05263	-1.00000	-1.00000
6915	Gandy	Leland_Harris	un	2966902	9	0.023501224	0.12169	0.01392	1.06357	0.91473	0.11607	-1.00000	-1.00000
6917	Gandy	Leland_Harris	un	2968671	372	1.000000000	0.51724	0.04445	6.01898	0.28631	0.01637	-1.00000	-1.00000
6918	Gandy	Leland_Harris	un	2969272	151	1.000000000	0.92857	0.12178	7.08007	0.03218	0.00009	-1.00000	-1.00000
6925	Gandy	Leland_Harris	un	2973149	9	0.245762712	3.20690	0.31542	32.60509	0.50608	0.03448	-1.00000	-1.00000
6930	Gandy	Leland_Harris	un	2976008	439	0.480000000	2.25000	0.19172	26.40626	0.35218	0.02211	-1.00000	-1.00000
6934	Gandy	Leland_Harris	un	2977975	97	0.001768977	0.07200	0.00844	0.61386	1.14267	0.20263	-1.00000	-1.00000
6944	Gandy	Leland_Harris	un	2981558	382	0.500000000	0.48276	0.04141	5.62819	0.31627	0.01818	-1.00000	-1.00000
6948	Gandy	Leland_Harris	un	2982781	33	0.286254044	2.50000	0.55476	11.26607	0.39794	0.02747	-1.00000	-1.00000
6958	Gandy	Leland_Harris	un	2987947	438	1.000000000	1.78571	0.15251	20.90852	0.25181	0.01681	-1.00000	-1.00000
6960	Gandy	Leland_Harris	un	2988291	59	0.179100785	3.06667	0.71507	13.15179	0.48667	0.04465	-1.00000	-1.00000
6981	Gandy	Leland_Harris	un	2995273	28	0.000001431	25.20000	5.97448	106.29211	1.40140	0.44383	-1.00000	-1.00000
6984	Gandy	Leland_Harris	un	2996879	98	0.112852665	5.37037	0.58906	48.96109	0.73000	0.06914	-1.00000	-1.00000
6986	Gandy	Leland_Harris	un	2998550	113	0.482758621	2.21429	0.19026	25.77014	0.34523	0.01880	-1.00000	-1.00000
6991	Gandy	Leland_Harris	un	3000990	70	0.265983019	1.96970	0.62227	6.23474	0.29440	0.02797	-1.00000	-1.00000
6994	Gandy	Leland_Harris	un	3002603	37	0.000002976	33.46154	3.98697	280.83353	1.52455	0.37692	-1.00000	-1.00000
7001	Gandy	Leland_Harris	un	3005208	251	1.000000000	1.92308	0.16389	22.56519	0.28400	0.01884	-1.00000	-1.00000
7005	Gandy	Leland_Harris	un	3007522	145	0.530380505	0.59524	0.16646	2.12843	0.22531	0.01192	-1.00000	-1.00000
7017	Gandy	Leland_Harris	un	3010804	53	0.000305051	18.00000	2.14888	150.77641	1.25527	0.23754	-1.00000	-1.00000
7020	Gandy	Leland_Harris	un	3011598	17	0.106170599	4.76923	0.50143	45.36166	0.67845	0.05844	-1.00000	-1.00000
7026	Gandy	Leland_Harris	un	3014866	13	0.610508033	0.33333	0.03224	3.44607	0.47712	0.01843	-1.00000	-1.00000
7031	Gandy	Leland_Harris	un	3018570	547	1.000000000	1.00000	0.05920	16.89051	0.00000	0.00000	-1.00000	-1.00000
7035	Gandy	Leland_Harris	un	3019574	10	0.102210560	3.50000	0.79852	15.34087	0.54407	0.06143	-1.00000	-1.00000
7040	Gandy	Leland_Harris	un	3020886	500	1.000000000	0.52174	0.04423	6.15400	0.28255	0.00550	-1.00000	-1.00000
7050	Gandy	Leland_Harris	un	3026230	37	0.107089499	2.57576	0.83901	7.90759	0.41090	0.05357	-1.00000	-1.00000
7055	Gandy	Leland_Harris	un	3028819	147	1.000000000	0.90476	0.22619	3.61898	0.04347	0.00040	-1.00000	-1.00000
7075	Gandy	Leland_Harris	un	3037625	41	0.490612245	0.33333	0.03243	3.42639	0.47712	0.03846	-1.00000	-1.00000
7076	Gandy	Leland_Harris	un	3038376	45	0.500000000	2.06667	0.17791	24.00734	0.31527	0.01695	-1.00000	-1.00000
7086	Gandy	Leland_Harris	un	3044053	32	0.482758621	0.45161	0.03880	5.25593	0.34523	0.01880	-1.00000	-1.00000
7089	Gandy	Leland_Harris	un	3045614	9	0.001621509	0.07527	0.00886	0.63910	1.12338	0.17143	-1.00000	-1.00000
7105	Gandy	Leland_Harris	un	3056842	250	0.481481481	2.23077	0.19093	26.06312	0.34845	0.02032	-1.00000	-1.00000
7106	Gandy	Leland_Harris	un	3057512	44	0.000747542	0.05051	0.00593	0.43023	1.29667	0.21674	-1.00000	-1.00000
7110	Gandy	Leland_Harris	un	3060121	136	0.016354234	8.70000	0.97139	77.91955	0.93952	0.12411	-1.00000	-1.00000
7117	Gandy	Leland_Harris	un	3064160	52	1.000000000	1.00000	0.34383	2.90845	0.00000	0.00000	-1.00000	-1.00000
7120	Gandy	Leland_Harris	un	3065136	56	0.040703531	0.14839	0.01622	1.35779	0.82860	0.08876	-1.00000	-1.00000
7131	Gandy	Leland_Harris	un	3069237	61	1.000000000	0.92593	0.05493	15.60790	0.03342	0.00005	-1.00000	-1.00000
7139	Gandy	Leland_Harris	un	3072443	122	0.245283019	0.28000	0.02931	2.67453	0.55284	0.04706	-1.00000	-1.00000
7146	Gandy	Leland_Harris	un	3074977	22	0.001294740	0.05956	0.00710	0.49986	1.22504	0.17361	-1.00000	-1.00000
7151	Gandy	Leland_Harris	un	3077568	16	0.579100145	0.37931	0.03229	4.45591	0.42101	0.01176	-1.00000	-1.00000
7152	Gandy	Leland_Harris	un	3078529	95	1.000000000	0.90000	0.25769	3.14329	0.04576	0.00051	-1.00000	-1.00000
7164	Gandy	Leland_Harris	un	3085017	36	0.052549084	6.69231	0.75483	59.33385	0.82558	0.08805	-1.00000	-1.00000
7168	Gandy	Leland_Harris	un	3086483	129	0.237749546	0.24138	0.02539	2.29481	0.61730	0.05091	-1.00000	-1.00000
7175	Gandy	Leland_Harris	un	3089598	110	0.036607417	5.77778	1.09641	30.44734	0.76176	0.09236	-1.00000	-1.00000
7187	Gandy	Leland_Harris	un	3094454	118	0.020799934	0.12644	0.01417	1.12790	0.89813	0.10989	-1.00000	-1.00000
7190	Gandy	Leland_Harris	un	3096091	134	0.000000604	42.27273	4.98376	358.56158	1.62606	0.43750	-1.00000	-1.00000
7199	Gandy	Leland_Harris	un	3100716	48	0.106170599	0.20968	0.02205	1.99431	0.67845	0.05844	-1.00000	-1.00000
7209	Gandy	Leland_Harris	un	3104635	107	0.109983292	2.57143	0.85669	7.71840	0.41017	0.05171	-1.00000	-1.00000
7230	Gandy	Leland_Harris	un	3110365	138	0.464285714	2.38462	0.20446	27.81217	0.37742	0.02098	-1.00000	-1.00000
7238	Gandy	Leland_Harris	un	3114754	20	0.000000522	40.50000	4.83497	339.24695	1.60746	0.42664	-1.00000	-1.00000
7247	Gandy	Leland_Harris	un	3120748	176	1.000000000	1.92308	0.16389	22.56519	0.28400	0.01884	-1.00000	-1.00000
7248	Gandy	Leland_Harris	un	3121488	88	0.350846722	4.18182	0.43291	40.39502	0.62137	0.03490	-1.00000	-1.00000
7251	Gandy	Leland_Harris	un	3122972	15	0.098966218	2.75000	0.90071	8.39612	0.43933	0.05778	-1.00000	-1.00000
7271	Gandy	Leland_Harris	un	3134207	16	0.013449444	0.12000	0.01394	1.03331	0.92082	0.11915	-1.00000	-1.00000
7281	Gandy	Leland_Harris	un	3137837	376	1.000000000	0.56000	0.04783	6.55691	0.25181	0.01681	-1.00000	-1.00000
7282	Gandy	Leland_Harris	un	3138332	80	0.118644068	0.22581	0.02380	2.14269	0.64626	0.05263	-1.00000	-1.00000
7293	Gandy	Leland_Harris	un	3142185	108	0.007757083	6.70833	1.65304	27.22364	0.82661	0.14518	-1.00000	-1.00000
7304	Gandy	Leland_Harris	un	3145289	52	0.000000000	110.71429	12.76109	960.54926	2.04420	0.66667	-1.00000	-1.00000
7305	Gandy	Leland_Harris	un	3146134	70	0.047272578	0.15862	0.01730	1.45424	0.79964	0.08615	-1.00000	-1.00000
7314	Gandy	Leland_Harris	un	3150022	334	1.000000000	1.80000	0.15437	20.98797	0.25527	0.01576	-1.00000	-1.00000
7322	Gandy	Leland_Harris	un	3154569	322	1.000000000	1.80000	0.15437	20.98797	0.25527	0.01576	-1.00000	-1.00000
7324	Gandy	Leland_Harris	un	3155307	353	1.000000000	1.92857	0.16509	22.52900	0.28524	0.01752	-1.00000	-1.00000
7344	Gandy	Leland_Harris	un	3165960	35	0.244680851	3.26087	0.31632	33.61525	0.51333	0.04348	-1.00000	-1.00000
7356	Gandy	Leland_Harris	un	3171560	57	0.000005503	0.03226	0.00385	0.27001	1.49136	0.34884	-1.00000	-1.00000
7366	Gandy	Leland_Harris	un	3175623	151	0.106170599	0.20968	0.02205	1.99431	0.67845	0.05844	-1.00000	-1.00000
7369	Gandy	Leland_Harris	un	3177199	172	0.605263158	0.44828	0.03837	5.23742	0.34845	0.00739	-1.00000	-1.00000
7370	Gandy	Leland_Harris	un	3177894	51	0.118644068	0.22581	0.02380	2.14269	0.64626	0.05263	-1.00000	-1.00000
7373	Gandy	Leland_Harris	un	3180281	18	1.000000000	1.08000	0.06407	18.20505	0.03342	0.00005	-1.00000	-1.00000
7378	Gandy	Leland_Harris	un	3183651	100	1.000000000	0.55556	0.04765	6.47777	0.25527	0.01576	-1.00000	-1.00000
7391	Gandy	Leland_Harris	un	3190983	55	0.000058097	28.84615	3.41998	243.30547	1.46009	0.29606	-1.00000	-1.00000
7392	Gandy	Leland_Harris	un	3192142	385	0.500000000	2.06667	0.17791	24.00734	0.31527	0.01695	-1.00000	-1.00000
7393	Gandy	Leland_Harris	un	3192575	33	0.000013103	29.00000	3.42359	245.64850	1.46240	0.35000	-1.00000	-1.00000
7403	Gandy	Leland_Harris	un	3196492	62	0.211038961	0.26882	0.02632	2.74562	0.57054	0.04274	-1.00000	-1.00000
7405	Gandy	Leland_Harris	un	3197859	46	0.444444444	0.38710	0.03311	4.52610	0.41218	0.02358	-1.00000	-1.00000
7426	Gandy	Leland_Harris	un	3207507	43	0.046799852	8.10000	0.90237	72.70824	0.90849	0.08419	-1.00000	-1.00000
7428	Gandy	Leland_Harris	un	3208439	149	0.005271268	0.09677	0.01132	0.82757	1.01424	0.13208	-1.00000	-1.00000
7429	Gandy	Leland_Harris	un	3209260	267	1.000000000	0.51852	0.04439	6.05718	0.28524	0.01752	-1.00000	-1.00000
7434	Gandy	Leland_Harris	un	3213373	179	1.000000000	0.52000	0.04432	6.10163	0.28400	0.00517	-1.00000	-1.00000
7447	Gandy	Leland_Harris	un	3216567	7	0.412134551	1.66667	0.54935	5.05647	0.22185	0.01574	-1.00000	-1.00000
7458	Gandy	Leland_Harris	un	3220690	134	0.000043173	0.04233	0.00508	0.35297	1.37337	0.29443	-1.00000	-1.00000
7465	Gandy	Leland_Harris	un	3224095	240	1.000000000	0.51852	0.04439	6.05718	0.28524	0.01752	-1.00000	-1.00000
7486	Gandy	Leland_Harris	un	3233655	153	0.237749546	0.24138	0.02539	2.29481	0.61730	0.05091	-1.00000	-1.00000
7518	Gandy	Leland_Harris	un	3243914	21	0.040703531	0.14839	0.01622	1.35779	0.82860	0.08876	-1.00000	-1.00000
7520	Gandy	Leland_Harris	un	3244853	86	0.020060790	0.12346	0.01375	1.10819	0.90848	0.12037	-1.00000	-1.00000
7524	Gandy	Leland_Harris	un	3246596	131	0.118644068	0.22581	0.02380	2.14269	0.64626	0.05263	-1.00000	-1.00000
7525	Gandy	Leland_Harris	un	3247405	164	0.500000000	2.08333	0.17711	24.50678	0.31876	0.02128	-1.00000	-1.00000
7530	Gandy	Leland_Harris	un	3250944	464	0.245098039	0.30864	0.03010	3.16484	0.51055	0.04000	-1.00000	-1.00000
7531	Gandy	Leland_Harris	un	3251574	226	0.491264850	0.33333	0.03259	3.40968	0.47712	0.03571	-1.00000	-1.00000
7545	Gandy	Leland_Harris	un	3258585	22	0.021448606	7.75000	0.87337	68.77064	0.88930	0.10108	-1.00000	-1.00000
7546	Gandy	Leland_Harris	un	3259131	61	0.500000000	0.48387	0.04165	5.62086	0.31527	0.01695	-1.00000	-1.00000
7565	Gandy	Leland_Harris	un	3268203	152	0.000967802	0.07097	0.00846	0.59542	1.14894	0.17647	-1.00000	-1.00000
7569	Gandy	Leland_Harris	un	3271130	611	0.500000000	0.48000	0.04081	5.64636	0.31876	0.02128	-1.00000	-1.00000
7570	Gandy	Leland_Harris	un	3271412	61	0.444444444	0.38710	0.03311	4.52610	0.41218	0.02358	-1.00000	-1.00000
7572	Gandy	Leland_Harris	un	3272346	133	0.686800990	0.55556	0.11163	2.76485	0.25527	0.00973	-1.00000	-1.00000
7588	Gandy	Leland_Harris	un	3282044	61	0.500000000	0.48148	0.04113	5.63661	0.31742	0.01961	-1.00000	-1.00000
7608	Gandy	Leland_Harris	un	3290628	14	0.106170599	4.76923	0.50143	45.36166	0.67845	0.05844	-1.00000	-1.00000
7613	Gandy	Leland_Harris	un	3293011	64	1.000000000	1.27778	0.25733	6.34476	0.10646	0.00167	-1.00000	-1.00000
7619	Gandy	Leland_Harris	un	3295990	541	0.589502262	0.40741	0.03461	4.79552	0.38997	0.01037	-1.00000	-1.00000
7620	Gandy	Leland_Harris	un	3296533	270	1.000000000	1.00000	0.05944	16.82259	0.00000	0.00000	-1.00000	-1.00000
7622	Gandy	Leland_Harris	un	3297245	85	0.000001260	22.00000	5.47325	88.43002	1.34242	0.41538	-1.00000	-1.00000
7629	Gandy	Leland_Harris	un	3299640	124	0.617647059	2.08333	0.17711	24.50678	0.31876	0.00680	-1.00000	-1.00000
7649	Gandy	Leland_Harris	un	3308392	458	0.208144796	0.26437	0.02576	2.71292	0.57779	0.04667	-1.00000	-1.00000
7651	Gandy	Leland_Harris	un	3309605	137	0.779455199	0.76471	0.25340	2.30770	0.11651	0.00437	-1.00000	-1.00000
7656	Gandy	Leland_Harris	un	3312547	471	0.480000000	0.44444	0.03787	5.21605	0.35218	0.02211	-1.00000	-1.00000
7657	Gandy	Leland_Harris	un	3312883	34	0.106170599	4.76923	0.50143	45.36166	0.67845	0.05844	-1.00000	-1.00000
7692	Gandy	Leland_Harris	un	3328829	74	0.000911685	14.50000	1.71773	122.39995	1.16137	0.19149	-1.00000	-1.00000
7719	Gandy	Leland_Harris	un	3343640	448	1.000000000	1.08696	0.06420	18.40268	0.03621	0.00007	-1.00000	-1.00000
7722	Gandy	Leland_Harris	un	3344817	107	0.482758621	2.21429	0.19026	25.77014	0.34523	0.01880	-1.00000	-1.00000
7735	Gandy	Leland_Harris	un	3348868	123	0.023995347	0.17778	0.04251	0.74344	0.75012	0.11303	-1.00000	-1.00000
7736	Gandy	Leland_Harris	un	3349686	207	0.464285714	2.38462	0.20446	27.81217	0.37742	0.02098	-1.00000	-1.00000
7737	Gandy	Leland_Harris	un	3350360	85	0.022958460	0.12000	0.01364	1.05538	0.92082	0.12587	-1.00000	-1.00000
7740	Gandy	Leland_Harris	un	3351253	90	0.524804111	0.60000	0.16583	2.17090	0.22185	0.01057	-1.00000	-1.00000
7745	Gandy	Leland_Harris	un	3354587	25	0.143908373	0.37190	0.11294	1.22459	0.42957	0.05046	-1.00000	-1.00000
7762	Gandy	Leland_Harris	un	3361889	101	0.245762712	0.31183	0.03067	3.17041	0.50608	0.03448	-1.00000	-1.00000
7764	Gandy	Leland_Harris	un	3363847	358	0.481481481	0.44828	0.03837	5.23742	0.34845	0.02032	-1.00000	-1.00000
7765	Gandy	Leland_Harris	un	3364370	11	1.000000000	1.19048	0.30291	4.67868	0.07572	0.00111	-1.00000	-1.00000
7767	Gandy	Leland_Harris	un	3366078	118	0.000000000	134.33333	15.18126	1188.66528	2.12818	0.71429	-1.00000	-1.00000
7768	Gandy	Leland_Harris	un	3366969	318	1.000000000	0.93103	0.05544	15.63520	0.03103	0.00004	-1.00000	-1.00000
7770	Gandy	Leland_Harris	un	3368312	18	0.118181818	4.46154	0.46819	42.51565	0.64948	0.05660	-1.00000	-1.00000
7774	Gandy	Leland_Harris	un	3369560	431	0.211038961	0.26882	0.02632	2.74562	0.57054	0.04274	-1.00000	-1.00000
7783	Gandy	Leland_Harris	un	3372520	114	0.000041324	0.04023	0.00475	0.34105	1.39545	0.31301	-1.00000	-1.00000
7817	Gandy	Leland_Harris	un	3387445	149	0.500000000	0.48387	0.04165	5.62086	0.31527	0.01695	-1.00000	-1.00000
7831	Gandy	Leland_Harris	un	3397470	9	0.000002019	29.13333	6.15256	137.95081	1.46439	0.46330	-1.00000	-1.00000
7835	Gandy	Leland_Harris	un	3399138	102	0.500000000	0.48387	0.04165	5.62086	0.31527	0.01695	-1.00000	-1.00000
7839	Gandy	Leland_Harris	un	3401374	7	0.421598966	1.65278	0.56104	4.86898	0.21821	0.01493	-1.00000	-1.00000
7844	Gandy	Leland_Harris	un	3403688	65	0.056199822	0.17419	0.01914	1.58503	0.75897	0.07143	-1.00000	-1.00000
7852	Gandy	Leland_Harris	un	3406906	149	0.005220156	0.09465	0.01114	0.80413	1.02388	0.14444	-1.00000	-1.00000
7858	Gandy	Leland_Harris	un	3409677	553	0.211038961	3.72000	0.36422	37.99496	0.57054	0.04274	-1.00000	-1.00000
7867	Gandy	Leland_Harris	un	3410964	75	0.000047584	15.74074	3.71211	66.74664	1.19703	0.31998	-1.00000	-1.00000
7871	Gandy	Leland_Harris	un	3412666	130	0.048259363	0.16129	0.01768	1.47141	0.79239	0.07937	-1.00000	-1.00000
7885	Gandy	Leland_Harris	un	3418450	206	0.091583710	0.18966	0.01978	1.81808	0.72204	0.07143	-1.00000	-1.00000
7888	Gandy	Leland_Harris	un	3420695	14	0.008782269	5.43636	1.54665	19.10838	0.73531	0.14476	-1.00000	-1.00000
7892	Gandy	Leland_Harris	un	3421589	80	0.000000000	137.50000	14.27645	1324.29639	2.13830	0.77778	-1.00000	-1.00000
7895	Gandy	Leland_Harris	un	3423740	432	1.000000000	0.56000	0.04783	6.55691	0.25181	0.01681	-1.00000	-1.00000
7896	Gandy	Leland_Harris	un	3424180	27	0.118644068	0.22581	0.02380	2.14269	0.64626	0.05263	-1.00000	-1.00000
7906	Gandy	Leland_Harris	un	3429664	32	1.000000000	0.55556	0.04765	6.47777	0.25527	0.01576	-1.00000	-1.00000
7907	Gandy	Leland_Harris	un	3430593	193	0.461538462	0.41379	0.03533	4.84665	0.38322	0.02288	-1.00000	-1.00000
7915	Gandy	Leland_Harris	un	3435248	43	0.237749546	0.24138	0.02539	2.29481	0.61730	0.05091	-1.00000	-1.00000
7921	Gandy	Leland_Harris	un	3439058	493	0.227113906	0.28736	0.02808	2.94037	0.54158	0.04142	-1.00000	-1.00000
7929	Gandy	Leland_Harris	un	3441989	56	0.010708738	9.66667	1.12815	82.82948	0.98528	0.12810	-1.00000	-1.00000
7955	Gandy	Leland_Harris	un	3454511	9	0.000648604	0.06452	0.00766	0.54351	1.19033	0.19679	-1.00000	-1.00000
7958	Gandy	Leland_Harris	un	3456243	150	0.211038961	3.72000	0.36422	37.99496	0.57054	0.04274	-1.00000	-1.00000
7963	Gandy	Leland_Harris	un	3457836	35	0.000061809	21.21053	2.56476	175.41084	1.32655	0.25000	-1.00000	-1.00000
7991	Gandy	Leland_Harris	un	3466948	449	0.480000000	2.25000	0.19172	26.40626	0.35218	0.02211	-1.00000	-1.00000
7992	Gandy	Leland_Harris	un	3467470	91	1.000000000	0.55556	0.04765	6.47777	0.25527	0.01576	-1.00000	-1.00000
7994	Gandy	Leland_Harris	un	3468986	53	0.000000000	175.50000	18.37673	1676.04626	2.24428	0.80049	-1.00000	-1.00000
7998	Gandy	Leland_Harris	un	3471483	100	0.618181818	2.07692	0.17741	24.31412	0.31742	0.00629	-1.00000	-1.00000
8007	Gandy	Leland_Harris	un	3475474	114	0.500000000	0.48387	0.04165	5.62086	0.31527	0.01695	-1.00000	-1.00000
8012	Gandy	Leland_Harris	un	3477842	107	0.000000094	45.30769	5.47857	374.69418	1.65617	0.42857	-1.00000	-1.00000
8013	Gandy	Leland_Harris	un	3478554	68	0.092619419	2.95556	0.95025	9.19269	0.47064	0.06911	-1.00000	-1.00000
8014	Gandy	Leland_Harris	un	3479348	23	0.180894214	2.18182	0.71985	6.61297	0.33882	0.03704	-1.00000	-1.00000
8031	Gandy	Leland_Harris	un	3485734	92	0.465403183	0.43478	0.09605	1.96802	0.36173	0.02326	-1.00000	-1.00000
8037	Gandy	Leland_Harris	un	3487304	25	0.048259363	0.16129	0.01768	1.47141	0.79239	0.07937	-1.00000	-1.00000
8047	Gandy	Leland_Harris	un	3490790	396	0.482758621	0.45161	0.03880	5.25593	0.34523	0.01880	-1.00000	-1.00000
8049	Gandy	Leland_Harris	un	3491821	610	0.244680851	0.30667	0.02975	3.16133	0.51333	0.04348	-1.00000	-1.00000
8054	Gandy	Leland_Harris	un	3494656	41	0.255537441	3.25000	0.59743	17.68000	0.51188	0.03471	-1.00000	-1.00000
8055	Gandy	Leland_Harris	un	3495684	216	0.482758621	0.45161	0.03880	5.25593	0.34523	0.01880	-1.00000	-1.00000
8057	Gandy	Leland_Harris	un	3496404	102	0.000144217	0.05172	0.00619	0.43227	1.28631	0.24444	-1.00000	-1.00000
8066	Gandy	Leland_Harris	un	3500413	41	0.611542730	3.00000	0.29185	30.83754	0.47712	0.01717	-1.00000	-1.00000
8070	Gandy	Leland_Harris	un	3503151	343	0.500000000	0.48276	0.04141	5.62819	0.31627	0.01818	-1.00000	-1.00000
8083	Gandy	Leland_Harris	un	3510190	47	0.066343862	0.19388	0.03628	1.03611	0.71247	0.07566	-1.00000	-1.00000
8088	Gandy	Leland_Harris	un	3512860	402	0.491833031	3.00000	0.29452	30.55776	0.47712	0.03333	-1.00000	-1.00000
8094	Gandy	Leland_Harris	un	3517763	506	1.000000000	0.79310	0.04702	13.37737	0.10067	0.00048	-1.00000	-1.00000
8101	Gandy	Leland_Harris	un	3521545	206	0.464285714	0.41935	0.03596	4.89101	0.37742	0.02098	-1.00000	-1.00000
8106	Gandy	Leland_Harris	un	3524092	255	0.500000000	2.07692	0.17741	24.31412	0.31742	0.01961	-1.00000	-1.00000
8111	Gandy	Leland_Harris	un	3527170	148	1.000000000	1.10000	0.24241	4.99161	0.04139	0.00031	-1.00000	-1.00000
8113	Gandy	Leland_Harris	un	3527945	16	0.009307886	0.10599	0.01218	0.92241	0.97473	0.12363	-1.00000	-1.00000
8123	Gandy	Leland_Harris	un	3531777	31	0.017220725	8.45455	0.94960	75.27277	0.92709	0.11312	-1.00000	-1.00000
8126	Gandy	Leland_Harris	un	3534374	115	0.780806016	0.75000	0.25074	2.24340	0.12494	0.00510	-1.00000	-1.00000
8132	Gandy	Leland_Harris	un	3536089	184	0.480000000	0.44444	0.03787	5.21605	0.35218	0.02211	-1.00000	-1.00000
8133	Gandy	Leland_Harris	un	3536823	63	0.383162575	1.90385	0.59870	6.05421	0.27963	0.02404	-1.00000	-1.00000
8138	Gandy	Leland_Harris	un	3538582	196	1.000000000	0.92593	0.05493	15.60790	0.03342	0.00005	-1.00000	-1.00000
8146	Gandy	Leland_Harris	un	3541030	154	0.000068871	21.00000	2.53421	174.01869	1.32222	0.26202	-1.00000	-1.00000
8151	Gandy	Leland_Harris	un	3542396	49	1.000000000	0.97143	0.29173	3.23474	0.01259	0.00004	-1.00000	-1.00000
8162	Gandy	Leland_Harris	un	3545603	113	0.104821803	0.20690	0.02165	1.97698	0.68425	0.06335	-1.00000	-1.00000
8199	Gandy	Leland_Harris	un	3556388	47	0.000020926	16.28572	4.14655	63.96270	1.21181	0.35291	-1.00000	-1.00000
8207	Gandy	Leland_Harris	un	3560710	486	0.482758621	0.45161	0.03880	5.25593	0.34523	0.01880	-1.00000	-1.00000
8221	Gandy	Leland_Harris	un	3563987	9	0.000000000	319.00000	27.15492	3747.42432	2.50379	0.78794	-1.00000	-1.00000
8235	Gandy	Leland_Harris	un	3571454	77	0.000000000	148.50000	15.45738	1426.64880	2.17173	0.78448	-1.00000	-1.00000
8238	Gandy	Leland_Harris	un	3572192	19	0.000009772	21.00000	4.19835	105.04128	1.32222	0.32000	-1.00000	-1.00000
8242	Gandy	Leland_Harris	un	3573876	24	0.000000002	77.50000	8.99548	667.69653	1.88930	0.59252	-1.00000	-1.00000
8251	Gandy	Leland_Harris	un	3578521	45	0.482758621	0.45161	0.03880	5.25593	0.34523	0.01880	-1.00000	-1.00000
8255	Gandy	Leland_Harris	un	3580334	363	0.481481481	0.44828	0.03837	5.23742	0.34845	0.02032	-1.00000	-1.00000
8262	Gandy	Leland_Harris	un	3583963	8	0.045086120	0.12000	0.01327	1.08521	0.92082	0.09277	-1.00000	-1.00000
8264	Gandy	Leland_Harris	un	3584790	72	0.000967802	0.07097	0.00846	0.59542	1.14894	0.17647	-1.00000	-1.00000
8275	Gandy	Leland_Harris	un	3591088	35	0.003937952	11.27273	1.31375	96.72617	1.05203	0.14706	-1.00000	-1.00000
8281	Gandy	Leland_Harris	un	3593921	434	1.000000000	1.93333	0.16614	22.49763	0.28631	0.01637	-1.00000	-1.00000
8289	Gandy	Leland_Harris	un	3596065	108	0.118181818	4.46154	0.46819	42.51565	0.64948	0.05660	-1.00000	-1.00000
8300	Gandy	Leland_Harris	un	3601243	20	0.005211412	11.42105	1.30174	100.20435	1.05771	0.15625	-1.00000	-1.00000
8312	Gandy	Leland_Harris	un	3606685	124	0.021448606	0.12903	0.01454	1.14498	0.88930	0.10108	-1.00000	-1.00000
8321	Gandy	Leland_Harris	un	3610178	264	0.245454545	0.31034	0.03040	3.16783	0.50816	0.03704	-1.00000	-1.00000
8325	Gandy	Leland_Harris	un	3612405	57	0.424934549	0.38462	0.06823	2.16800	0.41497	0.02134	-1.00000	-1.00000
8337	Gandy	Leland_Harris	un	3618805	22	0.500000000	0.48387	0.04165	5.62086	0.31527	0.01695	-1.00000	-1.00000
8339	Gandy	Leland_Harris	un	3619628	26	0.018953460	0.15079	0.02927	0.77676	0.82162	0.10545	-1.00000	-1.00000
8340	Gandy	Leland_Harris	un	3620409	20	0.056199822	0.17419	0.01914	1.58503	0.75897	0.07143	-1.00000	-1.00000
8354	Gandy	Leland_Harris	un	3626411	369	0.104821803	4.83333	0.50582	46.18450	0.68425	0.06335	-1.00000	-1.00000
8356	Gandy	Leland_Harris	un	3628073	450	0.237749546	0.24138	0.02539	2.29481	0.61730	0.05091	-1.00000	-1.00000
8364	Gandy	Leland_Harris	un	3633306	73	0.000017296	26.86667	3.20762	225.03188	1.42921	0.31469	-1.00000	-1.00000
8365	Gandy	Leland_Harris	un	3633927	23	0.082770331	0.32468	0.09324	1.13055	0.48855	0.06250	-1.00000	-1.00000
8371	Gandy	Leland_Harris	un	3636306	23	0.008914258	0.10345	0.01182	0.90538	0.98528	0.13462	-1.00000	-1.00000
8372	Gandy	Leland_Harris	un	3637200	79	0.020663105	6.66667	1.29761	34.25103	0.82391	0.11342	-1.00000	-1.00000
8388	Gandy	Leland_Harris	un	3643673	142	0.054527757	0.16049	0.01806	1.42614	0.79454	0.08497	-1.00000	-1.00000
8397	Gandy	Leland_Harris	un	3646958	106	0.011603269	0.11330	0.01299	0.98798	0.94577	0.12000	-1.00000	-1.00000
8404	Gandy	Leland_Harris	un	3651878	134	0.000000380	40.53846	4.87439	337.14285	1.60787	0.40816	-1.00000	-1.00000
8416	Gandy	Leland_Harris	un	3657407	156	0.579100145	2.63636	0.22442	30.97045	0.42101	0.01176	-1.00000	-1.00000
8426	Gandy	Leland_Harris	un	3662942	152	0.117647059	0.22222	0.02321	2.12804	0.65321	0.06122	-1.00000	-1.00000
8427	Gandy	Leland_Harris	un	3663680	30	0.039607201	0.11111	0.01232	1.00223	0.95424	0.09796	-1.00000	-1.00000
8438	Gandy	Leland_Harris	un	3670638	19	1.000000000	0.52000	0.04432	6.10163	0.28400	0.01884	-1.00000	-1.00000
8446	Gandy	Leland_Harris	un	3674403	61	0.500000000	0.48387	0.04165	5.62086	0.31527	0.01695	-1.00000	-1.00000
8447	Gandy	Leland_Harris	un	3675174	62	0.228675136	0.29032	0.02849	2.95801	0.53712	0.03827	-1.00000	-1.00000
8448	Gandy	Leland_Harris	un	3676005	105	0.482758621	2.21429	0.19026	25.77014	0.34523	0.01880	-1.00000	-1.00000
8458	Gandy	Leland_Harris	un	3680388	381	0.617021277	0.47826	0.04043	5.65781	0.32034	0.00741	-1.00000	-1.00000
8460	Gandy	Leland_Harris	un	3681623	41	0.481481481	2.23077	0.19093	26.06312	0.34845	0.02032	-1.00000	-1.00000
8466	Gandy	Leland_Harris	un	3684645	25	0.004798344	0.07280	0.00852	0.62214	1.13789	0.14525	-1.00000	-1.00000
8491	Gandy	Leland_Harris	un	3694528	345	0.228675136	0.29032	0.02849	2.95801	0.53712	0.03827	-1.00000	-1.00000
8496	Gandy	Leland_Harris	un	3696693	42	0.004481374	6.34615	1.73177	23.25577	0.80251	0.15964	-1.00000	-1.00000
8508	Gandy	Leland_Harris	un	3700691	10	0.482758621	2.21429	0.19026	25.77014	0.34523	0.01880	-1.00000	-1.00000
8510	Gandy	Leland_Harris	un	3702395	55	0.091583710	0.18966	0.01978	1.81808	0.72204	0.07143	-1.00000	-1.00000
8520	Gandy	Leland_Harris	un	3706351	221	1.000000000	0.51852	0.04439	6.05718	0.28524	0.01752	-1.00000	-1.00000
8525	Gandy	Leland_Harris	un	3709364	64	0.141726161	4.05263	0.74994	21.90021	0.60774	0.05844	-1.00000	-1.00000
8532	Gandy	Leland_Harris	un	3712974	438	0.461538462	0.41379	0.03533	4.84665	0.38322	0.02288	-1.00000	-1.00000
8533	Gandy	Leland_Harris	un	3713603	284	0.245762712	0.31183	0.03067	3.17041	0.50608	0.03448	-1.00000	-1.00000
8583	Gandy	Leland_Harris	un	3739060	385	0.227113906	0.28736	0.02808	2.94037	0.54158	0.04142	-1.00000	-1.00000
8624	Gandy	Leland_Harris	un	3758510	423	0.482758621	0.45161	0.03880	5.25593	0.34523	0.01880	-1.00000	-1.00000
8628	Gandy	Leland_Harris	un	3760047	291	0.081599742	0.17742	0.01854	1.69757	0.75100	0.07353	-1.00000	-1.00000
8633	Gandy	Leland_Harris	un	3761588	138	0.062498605	3.11111	1.05476	9.17654	0.49292	0.07501	-1.00000	-1.00000
8634	Gandy	Leland_Harris	un	3762264	112	0.000221963	0.05329	0.00631	0.44975	1.27334	0.24476	-1.00000	-1.00000
8635	Gandy	Leland_Harris	un	3763326	260	0.500000000	2.07143	0.17768	24.14955	0.31627	0.01818	-1.00000	-1.00000
8640	Gandy	Leland_Harris	un	3765490	92	0.054964031	3.37778	1.10265	10.34729	0.52863	0.08677	-1.00000	-1.00000
8650	Gandy	Leland_Harris	un	3770014	9	0.491833031	3.00000	0.29452	30.55776	0.47712	0.03333	-1.00000	-1.00000
8654	Gandy	Leland_Harris	un	3772591	110	0.245762712	0.31183	0.03067	3.17041	0.50608	0.03448	-1.00000	-1.00000
8669	Gandy	Leland_Harris	un	3776659	152	0.002836355	0.08065	0.00936	0.69479	1.09342	0.16484	-1.00000	-1.00000
8670	Gandy	Leland_Harris	un	3777352	42	0.245762712	0.31183	0.03067	3.17041	0.50608	0.03448	-1.00000	-1.00000
8671	Gandy	Leland_Harris	un	3778337	206	1.000000000	1.92857	0.16509	22.52900	0.28524	0.01752	-1.00000	-1.00000
8675	Gandy	Leland_Harris	un	3779916	58	0.107960852	5.86957	0.63881	53.93145	0.76861	0.05333	-1.00000	-1.00000
8686	Gandy	Leland_Harris	un	3784958	231	0.464285714	2.38462	0.20446	27.81217	0.37742	0.02098	-1.00000	-1.00000
8687	Gandy	Leland_Harris	un	3785903	334	1.000000000	0.93103	0.05544	15.63520	0.03103	0.00004	-1.00000	-1.00000
8689	Gandy	Leland_Harris	un	3787159	16	0.245283019	0.28000	0.02931	2.67453	0.55284	0.04706	-1.00000	-1.00000
8694	Gandy	Leland_Harris	un	3788814	116	0.000001431	25.20000	5.97448	106.29211	1.40140	0.44383	-1.00000	-1.00000
8696	Gandy	Leland_Harris	un	3789485	15	0.017220725	0.11828	0.01329	1.05307	0.92709	0.11312	-1.00000	-1.00000
8712	Gandy	Leland_Harris	un	3796571	35	0.000000025	78.71429	8.95404	691.97137	1.89605	0.52695	-1.00000	-1.00000
8715	Gandy	Leland_Harris	un	3797473	54	0.056199822	5.74074	0.63090	52.23658	0.75897	0.07143	-1.00000	-1.00000
8717	Gandy	Leland_Harris	un	3799033	140	0.500000000	2.06667	0.17791	24.00734	0.31527	0.01695	-1.00000	-1.00000
8721	Gandy	Leland_Harris	un	3800534	50	0.444444444	2.58333	0.22094	30.20541	0.41218	0.02358	-1.00000	-1.00000
8724	Gandy	Leland_Harris	un	3802278	143	0.500000000	0.48148	0.04113	5.63661	0.31742	0.01961	-1.00000	-1.00000
8727	Gandy	Leland_Harris	un	3804844	350	0.500000000	0.48276	0.04141	5.62819	0.31627	0.01818	-1.00000	-1.00000
8729	Gandy	Leland_Harris	un	3805462	141	0.000771864	8.55000	2.35354	31.06071	0.93197	0.23536	-1.00000	-1.00000
8730	Gandy	Leland_Harris	un	3806352	143	0.002836355	0.08065	0.00936	0.69479	1.09342	0.16484	-1.00000	-1.00000
8734	Gandy	Leland_Harris	un	3807892	38	0.001954280	13.77778	1.59130	119.29056	1.13918	0.18617	-1.00000	-1.00000
8735	Gandy	Leland_Harris	un	3808782	143	0.081599742	0.17742	0.01854	1.69757	0.75100	0.07353	-1.00000	-1.00000
8744	Gandy	Leland_Harris	un	3812538	11	0.500000000	0.48148	0.04113	5.63661	0.31742	0.01961	-1.00000	-1.00000
8757	Gandy	Leland_Harris	un	3820412	40	0.001620228	6.33333	1.97251	20.33505	0.80163	0.18462	-1.00000	-1.00000
8758	Gandy	Leland_Harris	un	3821431	242	0.464285714	0.41935	0.03596	4.89101	0.37742	0.02098	-1.00000	-1.00000
8759	Gandy	Leland_Harris	un	3821997	6	0.055322315	4.20000	0.97046	18.17688	0.62325	0.08333	-1.00000	-1.00000
8762	Gandy	Leland_Harris	un	3824510	223	0.464285714	0.41935	0.03596	4.89101	0.37742	0.02098	-1.00000	-1.00000
8764	Gandy	Leland_Harris	un	3826385	493	0.617647059	0.48000	0.04081	5.64636	0.31876	0.00680	-1.00000	-1.00000
8765	Gandy	Leland_Harris	un	3826743	65	0.005271268	0.09677	0.01132	0.82757	1.01424	0.13208	-1.00000	-1.00000
8766	Gandy	Leland_Harris	un	3827687	152	0.000006950	40.60000	4.71814	349.36679	1.60853	0.37231	-1.00000	-1.00000
8771	Gandy	Leland_Harris	un	3830413	369	0.245454545	0.31034	0.03040	3.16783	0.50816	0.03704	-1.00000	-1.00000
8783	Gandy	Leland_Harris	un	3835467	541	1.000000000	0.79310	0.04702	13.37737	0.10067	0.00048	-1.00000	-1.00000
8791	Gandy	Leland_Harris	un	3837570	392	1.000000000	0.51724	0.04445	6.01898	0.28631	0.01637	-1.00000	-1.00000
8794	Gandy	Leland_Harris	un	3838029	17	0.103265306	0.20370	0.02120	1.95699	0.69100	0.06915	-1.00000	-1.00000
8796	Gandy	Leland_Harris	un	3839845	133	0.464285714	2.38462	0.20446	27.81217	0.37742	0.02098	-1.00000	-1.00000
8809	Gandy	Leland_Harris	un	3846171	75	0.000911685	14.50000	1.71773	122.39995	1.16137	0.19149	-1.00000	-1.00000
8828	Gandy	Leland_Harris	un	3851369	49	0.005844568	5.46429	1.62655	18.35695	0.73753	0.16026	-1.00000	-1.00000
8839	Gandy	Leland_Harris	un	3858519	83	0.107963654	6.25000	0.69956	55.83867	0.79588	0.05934	-1.00000	-1.00000
8849	Gandy	Leland_Harris	un	3862664	122	0.000000005	63.80000	7.58904	536.35785	1.80482	0.52973	-1.00000	-1.00000
8859	Gandy	Leland_Harris	un	3867735	342	1.000000000	0.60000	0.05134	7.01221	0.22185	0.01509	-1.00000	-1.00000
8861	Gandy	Leland_Harris	un	3869114	105	0.000274939	15.00000	2.89983	77.59085	1.17609	0.27099	-1.00000	-1.00000
8879	Gandy	Leland_Harris	un	3876680	260	0.500000000	0.48387	0.04165	5.62086	0.31527	0.01695	-1.00000	-1.00000
8896	Gandy	Leland_Harris	un	3882240	64	0.104821803	0.20690	0.02165	1.97698	0.68425	0.06335	-1.00000	-1.00000
8905	Gandy	Leland_Harris	un	3884484	94	0.493506494	0.35802	0.03507	3.65452	0.44609	0.03210	-1.00000	-1.00000
8915	Gandy	Leland_Harris	un	3886889	67	0.500000000	0.48387	0.04165	5.62086	0.31527	0.01695	-1.00000	-1.00000
8929	Gandy	Leland_Harris	un	3892325	74	0.663337033	0.58974	0.09043	3.84611	0.22934	0.00574	-1.00000	-1.00000
8934	Gandy	Leland_Harris	un	3893105	98	0.602040816	2.27273	0.19264	26.81366	0.35655	0.00891	-1.00000	-1.00000
8937	Gandy	Leland_Harris	un	3893783	18	0.127334343	0.33333	0.09061	1.22625	0.47712	0.04947	-1.00000	-1.00000
8943	Gandy	Leland_Harris	un	3897151	185	1.000000000	0.52000	0.04432	6.10163	0.28400	0.01884	-1.00000	-1.00000
8951	Gandy	Leland_Harris	un	3901010	29	0.245762712	0.31183	0.03067	3.17041	0.50608	0.03448	-1.00000	-1.00000
8963	Gandy	Leland_Harris	un	3905062	296	1.000000000	1.92857	0.16509	22.52900	0.28524	0.01752	-1.00000	-1.00000
8967	Gandy	Leland_Harris	un	3907267	123	0.228675136	3.44444	0.33807	35.09441	0.53712	0.03827	-1.00000	-1.00000
8987	Gandy	Leland_Harris	un	3915263	63	0.005105438	0.09483	0.01103	0.81529	1.02307	0.14286	-1.00000	-1.00000
8989	Gandy	Leland_Harris	un	3916294	267	0.500000000	2.07143	0.17768	24.14955	0.31627	0.01818	-1.00000	-1.00000
9017	Gandy	Leland_Harris	un	3928802	502	0.227113906	3.48000	0.34009	35.60907	0.54158	0.04142	-1.00000	-1.00000
9018	Gandy	Leland_Harris	un	3929122	84	0.461538462	0.41379	0.03533	4.84665	0.38322	0.02288	-1.00000	-1.00000
9020	Gandy	Leland_Harris	un	3929863	6	0.482758621	0.45161	0.03880	5.25593	0.34523	0.01880	-1.00000	-1.00000
9023	Gandy	Leland_Harris	un	3930759	79	0.047272578	6.30435	0.68765	57.79831	0.79964	0.08615	-1.00000	-1.00000
9041	Gandy	Leland_Harris	un	3936444	277	0.047272578	6.30435	0.68765	57.79831	0.79964	0.08615	-1.00000	-1.00000
9043	Gandy	Leland_Harris	un	3937035	41	0.054169360	0.16000	0.01791	1.42947	0.79588	0.09119	-1.00000	-1.00000
9058	Gandy	Leland_Harris	un	3948125	42	0.021448606	7.75000	0.87337	68.77064	0.88930	0.10108	-1.00000	-1.00000
9070	Gandy	Leland_Harris	un	3953389	463	0.464285714	0.41935	0.03596	4.89101	0.37742	0.02098	-1.00000	-1.00000
9075	Gandy	Leland_Harris	un	3955602	146	0.118181818	0.22414	0.02352	2.13589	0.64948	0.05660	-1.00000	-1.00000
9083	Gandy	Leland_Harris	un	3959893	292	0.464285714	0.41935	0.03596	4.89101	0.37742	0.02098	-1.00000	-1.00000
9087	Gandy	Leland_Harris	un	3962111	119	0.002188045	0.08046	0.00946	0.68454	1.09442	0.16667	-1.00000	-1.00000
9091	Gandy	Leland_Harris	un	3963652	79	0.000015077	23.33333	4.45622	122.17626	1.36798	0.35684	-1.00000	-1.00000
9092	Gandy	Leland_Harris	un	3964376	31	0.004488740	0.08642	0.01013	0.73693	1.06339	0.16149	-1.00000	-1.00000
9093	Gandy	Leland_Harris	un	3965355	129	0.069648935	2.78182	0.94190	8.21582	0.44433	0.06258	-1.00000	-1.00000
9099	Gandy	Leland_Harris	un	3968694	396	1.000000000	0.52174	0.04423	6.15400	0.28255	0.00550	-1.00000	-1.00000
9103	Gandy	Leland_Harris	un	3971039	276	0.493506494	2.79310	0.27363	28.51051	0.44609	0.03210	-1.00000	-1.00000
9104	Gandy	Leland_Harris	un	3971654	79	0.094815285	0.15556	0.01687	1.43442	0.80811	0.06198	-1.00000	-1.00000
9107	Gandy	Leland_Harris	un	3972572	257	1.000000000	1.66667	0.14261	19.47836	0.22185	0.01509	-1.00000	-1.00000
9114	Gandy	Leland_Harris	un	3976714	109	0.402764781	1.66667	0.52756	5.26530	0.22185	0.01587	-1.00000	-1.00000
9126	Gandy	Leland_Harris	un	3981462	22	0.777346875	0.80000	0.25680	2.49221	0.09691	0.00275	-1.00000	-1.00000
9128	Gandy	Leland_Harris	un	3983025	24	0.003714274	0.08621	0.00999	0.74418	1.06446	0.16039	-1.00000	-1.00000
9140	Gandy	Leland_Harris	un	3986704	435	1.000000000	0.51724	0.04445	6.01898	0.28631	0.01637	-1.00000	-1.00000
9152	Gandy	Leland_Harris	un	3990222	102	1.000000000	1.10390	0.36352	3.35214	0.04293	0.00059	-1.00000	-1.00000
9159	Gandy	Leland_Harris	un	3992556	61	0.020060790	8.10000	0.90237	72.70824	0.90849	0.12037	-1.00000	-1.00000
9170	Gandy	Leland_Harris	un	3998320	312	0.444444444	0.38710	0.03311	4.52610	0.41218	0.02358	-1.00000	-1.00000
9177	Gandy	Leland_Harris	un	4003173	483	1.000000000	0.85185	0.05042	14.39326	0.06964	0.00024	-1.00000	-1.00000
9181	Gandy	Leland_Harris	un	4005789	572	0.500000000	0.48000	0.04081	5.64636	0.31876	0.02128	-1.00000	-1.00000
9198	Gandy	Leland_Harris	un	4013549	95	0.081599742	0.17742	0.01854	1.69757	0.75100	0.07353	-1.00000	-1.00000
9209	Gandy	Leland_Harris	un	4020648	105	1.000000000	1.80000	0.15437	20.98797	0.25527	0.01576	-1.00000	-1.00000
9215	Gandy	Leland_Harris	un	4023384	477	0.481481481	0.44828	0.03837	5.23742	0.34845	0.02032	-1.00000	-1.00000
9220	Gandy	Leland_Harris	un	4026095	114	1.000000000	1.92857	0.16509	22.52900	0.28524	0.01752	-1.00000	-1.00000
9228	Gandy	Leland_Harris	un	4031331	538	0.461538462	0.41379	0.03533	4.84665	0.38322	0.02288	-1.00000	-1.00000
9260	Gandy	Leland_Harris	un	4046175	98	0.615086172	0.36000	0.03511	3.69147	0.44370	0.01420	-1.00000	-1.00000
9273	Gandy	Leland_Harris	un	4050301	210	0.245454545	3.22222	0.31567	32.89072	0.50816	0.03704	-1.00000	-1.00000
9278	Gandy	Leland_Harris	un	4051395	561	1.000000000	0.52000	0.04432	6.10163	0.28400	0.01884	-1.00000	-1.00000
9281	Gandy	Leland_Harris	un	4052541	67	0.000000032	55.80000	6.59051	472.44266	1.74663	0.50296	-1.00000	-1.00000
9283	Gandy	Leland_Harris	un	4053632	337	1.000000000	1.78571	0.15251	20.90852	0.25181	0.01681	-1.00000	-1.00000
9284	Gandy	Leland_Harris	un	4054332	229	1.000000000	0.52000	0.04432	6.10163	0.28400	0.01884	-1.00000	-1.00000
9285	Gandy	Leland_Harris	un	4054939	55	0.177054202	3.33333	0.78083	14.22987	0.52288	0.05051	-1.00000	-1.00000
9287	Gandy	Leland_Harris	un	4055687	102	0.000000002	82.14286	9.37414	719.79358	1.91457	0.62857	-1.00000	-1.00000
9289	Gandy	Leland_Harris	un	4057311	68	0.011146345	0.13846	0.02705	0.70869	0.85867	0.12121	-1.00000	-1.00000
9315	Gandy	Leland_Harris	un	4070639	130	0.024138704	0.16364	0.03171	0.84445	0.78612	0.10496	-1.00000	-1.00000
9321	Gandy	Leland_Harris	un	4074418	11	0.275061667	1.95000	0.63886	5.95202	0.29003	0.02576	-1.00000	-1.00000
9322	Gandy	Leland_Harris	un	4075289	89	0.491833031	0.33333	0.03272	3.39531	0.47712	0.03333	-1.00000	-1.00000
9323	Gandy	Leland_Harris	un	4076364	394	0.046139818	6.42857	0.69714	59.27980	0.80811	0.09420	-1.00000	-1.00000
9326	Gandy	Leland_Harris	un	4078056	381	0.461538462	0.41379	0.03533	4.84665	0.38322	0.02288	-1.00000	-1.00000
9328	Gandy	Leland_Harris	un	4079608	225	0.327683847	3.78261	0.36861	38.81679	0.57779	0.02525	-1.00000	-1.00000
9329	Gandy	Leland_Harris	un	4080304	104	0.000094312	0.04839	0.00580	0.40356	1.31527	0.25076	-1.00000	-1.00000
9340	Gandy	Leland_Harris	un	4084268	59	0.228675136	0.29032	0.02849	2.95801	0.53712	0.03827	-1.00000	-1.00000
9356	Gandy	Leland_Harris	un	4088360	64	0.118644068	0.22581	0.02380	2.14269	0.64626	0.05263	-1.00000	-1.00000
9374	Gandy	Leland_Harris	un	4093847	10	0.011308779	0.11111	0.01267	0.97465	0.95424	0.13043	-1.00000	-1.00000
9378	Gandy	Leland_Harris	un	4095712	269	0.211038961	0.26882	0.02632	2.74562	0.57054	0.04274	-1.00000	-1.00000
9381	Gandy	Leland_Harris	un	4097106	48	1.000000000	0.60000	0.05134	7.01221	0.22185	0.01509	-1.00000	-1.00000
9394	Gandy	Leland_Harris	un	4101849	23	0.000000005	54.00000	10.95961	266.06775	1.73239	0.57532	-1.00000	-1.00000
9400	Gandy	Leland_Harris	un	4106177	277	1.000000000	1.93333	0.16614	22.49763	0.28631	0.01637	-1.00000	-1.00000
9419	Gandy	Leland_Harris	un	4114142	22	0.235918367	0.24000	0.02500	2.30408	0.61979	0.05892	-1.00000	-1.00000
9420	Gandy	Leland_Harris	un	4115023	86	0.464285714	0.41935	0.03596	4.89101	0.37742	0.02098	-1.00000	-1.00000
9422	Gandy	Leland_Harris	un	4116788	330	0.118644068	0.22581	0.02380	2.14269	0.64626	0.05263	-1.00000	-1.00000
9424	Gandy	Leland_Harris	un	4118193	97	0.033599894	0.13548	0.01475	1.24418	0.86811	0.10000	-1.00000	-1.00000
9442	Gandy	Leland_Harris	un	4124011	41	0.112015456	5.40000	0.58948	49.46759	0.73239	0.07429	-1.00000	-1.00000
9447	Gandy	Leland_Harris	un	4126630	141	0.500000000	2.06667	0.17791	24.00734	0.31527	0.01695	-1.00000	-1.00000
9449	Gandy	Leland_Harris	un	4127777	481	0.500000000	0.48000	0.04081	5.64636	0.31876	0.02128	-1.00000	-1.00000
9457	Gandy	Leland_Harris	un	4130740	200	1.000000000	1.00000	0.05893	16.97048	0.00000	0.00000	-1.00000	-1.00000
9479	Gandy	Leland_Harris	un	4138134	305	0.482758621	0.45161	0.03880	5.25593	0.34523	0.01880	-1.00000	-1.00000
9481	Gandy	Leland_Harris	un	4139503	42	0.104821803	0.20690	0.02165	1.97698	0.68425	0.06335	-1.00000	-1.00000
9482	Gandy	Leland_Harris	un	4140344	145	1.000000000	0.60000	0.05134	7.01221	0.22185	0.01509	-1.00000	-1.00000
9485	Gandy	Leland_Harris	un	4142649	33	0.003937952	11.27273	1.31375	96.72617	1.05203	0.14706	-1.00000	-1.00000
9498	Gandy	Leland_Harris	un	4148519	43	0.489262522	0.58462	0.13827	2.47182	0.23313	0.01000	-1.00000	-1.00000
9500	Gandy	Leland_Harris	un	4150019	106	0.464285714	0.41935	0.03596	4.89101	0.37742	0.02098	-1.00000	-1.00000
9508	Gandy	Leland_Harris	un	4151918	379	0.500000000	0.48276	0.04141	5.62819	0.31627	0.01818	-1.00000	-1.00000
9509	Gandy	Leland_Harris	un	4152774	469	0.112015456	0.18519	0.02022	1.69642	0.73239	0.07429	-1.00000	-1.00000
9511	Gandy	Leland_Harris	un	4153954	58	0.341613602	2.22222	0.62341	7.92144	0.34679	0.02775	-1.00000	-1.00000
9514	Gandy	Leland_Harris	un	4156351	123	0.106170599	0.20968	0.02205	1.99431	0.67845	0.05844	-1.00000	-1.00000
9521	Gandy	Leland_Harris	un	4157128	60	0.236897275	0.24074	0.02521	2.29910	0.61845	0.05462	-1.00000	-1.00000
9534	Gandy	Leland_Harris	un	4164772	312	0.227113906	0.28736	0.02808	2.94037	0.54158	0.04142	-1.00000	-1.00000
9536	Gandy	Leland_Harris	un	4166252	203	0.227113906	0.28736	0.02808	2.94037	0.54158	0.04142	-1.00000	-1.00000
9542	Gandy	Leland_Harris	un	4169989	23	0.482758621	0.45161	0.03880	5.25593	0.34523	0.01880	-1.00000	-1.00000
9553	Gandy	Leland_Harris	un	4175779	307	0.500000000	0.48387	0.04165	5.62086	0.31527	0.01695	-1.00000	-1.00000
9555	Gandy	Leland_Harris	un	4177252	48	0.661311333	1.71429	0.26089	11.26428	0.23408	0.00641	-1.00000	-1.00000
9561	Gandy	Leland_Harris	un	4179601	7	0.045086120	0.12000	0.01327	1.08521	0.92082	0.09277	-1.00000	-1.00000
9562	Gandy	Leland_Harris	un	4180480	17	0.010399967	9.81818	1.13937	84.60557	0.99203	0.13830	-1.00000	-1.00000
9568	Gandy	Leland_Harris	un	4182895	27	0.112015456	0.18519	0.02022	1.69642	0.73239	0.07429	-1.00000	-1.00000
9579	Gandy	Leland_Harris	un	4187926	486	0.211038961	0.26882	0.02632	2.74562	0.57054	0.04274	-1.00000	-1.00000
9583	Gandy	Leland_Harris	un	4188402	121	1.000000000	0.90909	0.28728	2.87683	0.04139	0.00045	-1.00000	-1.00000
9588	Gandy	Leland_Harris	un	4190379	416	0.500000000	2.07143	0.17768	24.14955	0.31627	0.01818	-1.00000	-1.00000
9603	Gandy	Leland_Harris	un	4193615	328	0.000221963	18.76471	2.22348	158.36180	1.27334	0.24476	-1.00000	-1.00000
9605	Gandy	Leland_Harris	un	4194112	73	0.606304255	1.33136	0.46573	3.80589	0.12430	0.00510	-1.00000	-1.00000
9607	Gandy	Leland_Harris	un	4194917	67	0.000027530	20.80000	4.03083	107.33260	1.31806	0.33242	-1.00000	-1.00000
9611	Gandy	Leland_Harris	un	4196681	276	0.491264850	0.33333	0.03259	3.40968	0.47712	0.03571	-1.00000	-1.00000
9613	Gandy	Leland_Harris	un	4197344	112	0.112852665	5.37037	0.58906	48.96109	0.73000	0.06914	-1.00000	-1.00000
9624	Gandy	Leland_Harris	un	4203129	19	0.026092774	0.13978	0.01580	1.23690	0.85454	0.09091	-1.00000	-1.00000
9625	Gandy	Leland_Harris	un	4204053	120	0.106170599	0.20968	0.02205	1.99431	0.67845	0.05844	-1.00000	-1.00000
9626	Gandy	Leland_Harris	un	4204944	192	1.000000000	1.66667	0.14261	19.47836	0.22185	0.01509	-1.00000	-1.00000
9636	Gandy	Leland_Harris	un	4208036	69	0.106170599	4.76923	0.50143	45.36166	0.67845	0.05844	-1.00000	-1.00000
9653	Gandy	Leland_Harris	un	4216272	189	0.235918367	4.16667	0.43401	40.00140	0.61979	0.05892	-1.00000	-1.00000
9655	Gandy	Leland_Harris	un	4217756	27	0.118644068	4.42857	0.46670	42.02293	0.64626	0.05263	-1.00000	-1.00000
9671	Gandy	Leland_Harris	un	4227864	449	0.236897275	0.24074	0.02521	2.29910	0.61845	0.05462	-1.00000	-1.00000
9675	Gandy	Leland_Harris	un	4229877	17	0.056199822	0.17419	0.01914	1.58503	0.75897	0.07143	-1.00000	-1.00000
9725	Gandy	Leland_Harris	un	4249956	44	0.000190927	19.80000	2.32434	168.66753	1.29667	0.27083	-1.00000	-1.00000
9731	Gandy	Leland_Harris	un	4254009	8	0.005806677	0.07556	0.00875	0.65250	1.12173	0.15238	-1.00000	-1.00000
9744	Gandy	Leland_Harris	un	4258099	158	0.500000000	2.08333	0.17711	24.50678	0.31876	0.02128	-1.00000	-1.00000
9751	Gandy	Leland_Harris	un	4260609	161	0.480000000	0.44444	0.03787	5.21605	0.35218	0.02211	-1.00000	-1.00000
9752	Gandy	Leland_Harris	un	4261527	324	0.409176437	0.41667	0.06900	2.51603	0.38021	0.01904	-1.00000	-1.00000
9756	Gandy	Leland_Harris	un	4262070	111	0.010375769	4.22222	1.40848	12.65701	0.62554	0.11905	-1.00000	-1.00000
9767	Gandy	Leland_Harris	un	4267691	44	0.192872117	4.04348	0.39475	41.41771	0.60676	0.04808	-1.00000	-1.00000
9769	Gandy	Leland_Harris	un	4268563	108	0.008914258	0.10345	0.01182	0.90538	0.98528	0.13462	-1.00000	-1.00000
9775	Gandy	Leland_Harris	un	4270889	34	0.185597242	3.00000	0.77249	11.65064	0.47712	0.05079	-1.00000	-1.00000
9777	Gandy	Leland_Harris	un	4272396	23	0.004684883	6.00000	1.79815	20.02062	0.77815	0.17491	-1.00000	-1.00000
9787	Gandy	Leland_Harris	un	4276594	196	0.500000000	0.48148	0.04113	5.63661	0.31742	0.01961	-1.00000	-1.00000
9792	Gandy	Leland_Harris	un	4279127	348	0.482758621	0.45161	0.03880	5.25593	0.34523	0.01880	-1.00000	-1.00000
9795	Gandy	Leland_Harris	un	4281511	376	0.500000000	0.48276	0.04141	5.62819	0.31627	0.01818	-1.00000	-1.00000
9800	Gandy	Leland_Harris	un	4282775	15	0.023995347	0.17778	0.04251	0.74344	0.75012	0.11303	-1.00000	-1.00000
9810	Gandy	Leland_Harris	un	4287204	304	0.081599742	0.17742	0.01854	1.69757	0.75100	0.07353	-1.00000	-1.00000
9821	Gandy	Leland_Harris	un	4290630	478	0.461538462	0.41379	0.03533	4.84665	0.38322	0.02288	-1.00000	-1.00000
9825	Gandy	Leland_Harris	un	4291019	16	0.147604819	2.55556	0.74093	8.81438	0.40749	0.04065	-1.00000	-1.00000
9830	Gandy	Leland_Harris	un	4293600	172	0.500000000	0.48000	0.04081	5.64636	0.31876	0.02128	-1.00000	-1.00000
9851	Gandy	Leland_Harris	un	4299653	314	0.464285714	2.38462	0.20446	27.81217	0.37742	0.02098	-1.00000	-1.00000
9868	Gandy	Leland_Harris	un	4306928	483	0.192872117	0.24731	0.02414	2.53324	0.60676	0.04808	-1.00000	-1.00000
9872	Gandy	Leland_Harris	un	4308428	388	0.490612245	3.00000	0.29185	30.83754	0.47712	0.03846	-1.00000	-1.00000
9886	Gandy	Leland_Harris	un	4313527	130	0.135420848	0.25641	0.04669	1.40808	0.59106	0.05023	-1.00000	-1.00000
9887	Gandy	Leland_Harris	un	4314349	146	0.000110472	0.04667	0.00548	0.39759	1.33099	0.29730	-1.00000	-1.00000
9902	Gandy	Leland_Harris	un	4322981	13	0.118181818	0.22414	0.02352	2.13589	0.64948	0.05660	-1.00000	-1.00000
9908	Gandy	Leland_Harris	un	4326321	215	1.000000000	0.55556	0.04765	6.47777	0.25527	0.01576	-1.00000	-1.00000
9914	Gandy	Leland_Harris	un	4330975	91	0.040703531	0.14839	0.01622	1.35779	0.82860	0.08876	-1.00000	-1.00000
9922	Gandy	Leland_Harris	un	4335348	442	0.500000000	0.48387	0.04165	5.62086	0.31527	0.01695	-1.00000	-1.00000
9926	Gandy	Leland_Harris	un	4338229	97	0.245762712	0.31183	0.03067	3.17041	0.50608	0.03448	-1.00000	-1.00000
9927	Gandy	Leland_Harris	un	4338927	112	1.000000000	0.90588	0.29832	2.75084	0.04293	0.00059	-1.00000	-1.00000
9928	Gandy	Leland_Harris	un	4339732	43	0.009307886	0.10599	0.01218	0.92241	0.97473	0.12363	-1.00000	-1.00000
9929	Gandy	Leland_Harris	un	4340872	300	0.444444444	0.38710	0.03311	4.52610	0.41218	0.02358	-1.00000	-1.00000
9939	Gandy	Leland_Harris	un	4342178	43	0.500000000	0.48276	0.04141	5.62819	0.31627	0.01818	-1.00000	-1.00000
9944	Gandy	Leland_Harris	un	4344481	8	0.051764534	3.31169	1.02293	10.72141	0.52005	0.08243	-1.00000	-1.00000
9958	Gandy	Leland_Harris	un	4350141	39	0.094661449	2.91667	0.91384	9.30897	0.46489	0.06028	-1.00000	-1.00000
9964	Gandy	Leland_Harris	un	4355340	258	0.500000000	0.48276	0.04141	5.62819	0.31627	0.01818	-1.00000	-1.00000
9965	Gandy	Leland_Harris	un	4356358	450	0.091583710	0.18966	0.01978	1.81808	0.72204	0.07143	-1.00000	-1.00000
9967	Gandy	Leland_Harris	un	4357113	433	0.500000000	0.48276	0.04141	5.62819	0.31627	0.01818	-1.00000	-1.00000
9984	Gandy	Leland_Harris	un	4364752	146	0.019112505	10.68421	1.21537	93.92410	1.02874	0.11303	-1.00000	-1.00000
9987	Gandy	Leland_Harris	un	4367108	64	0.464285714	2.38462	0.20446	27.81217	0.37742	0.02098	-1.00000	-1.00000
9998	Gandy	Leland_Harris	un	4370257	45	1.000000000	0.90909	0.28728	2.87683	0.04139	0.00045	-1.00000	-1.00000
10003	Gandy	Leland_Harris	un	4373548	299	0.464285714	0.41935	0.03596	4.89101	0.37742	0.02098	-1.00000	-1.00000
10004	Gandy	Leland_Harris	un	4374541	353	0.482758621	0.45161	0.03880	5.25593	0.34523	0.01880	-1.00000	-1.00000
10013	Gandy	Leland_Harris	un	4379513	511	0.481481481	0.44828	0.03837	5.23742	0.34845	0.02032	-1.00000	-1.00000
10015	Gandy	Leland_Harris	un	4380693	87	0.237749546	0.24138	0.02539	2.29481	0.61730	0.05091	-1.00000	-1.00000
10024	Gandy	Leland_Harris	un	4383670	27	0.000068488	22.05882	2.65844	183.03674	1.34358	0.28000	-1.00000	-1.00000
10052	Gandy	Leland_Harris	un	4396439	111	1.000000000	1.00000	0.32968	3.03324	0.00000	0.00000	-1.00000	-1.00000
10056	Gandy	Leland_Harris	un	4397713	102	0.500000000	0.48276	0.04141	5.62819	0.31627	0.01818	-1.00000	-1.00000
10062	Gandy	Leland_Harris	un	4400347	94	0.461538462	2.41667	0.20633	28.30581	0.38322	0.02288	-1.00000	-1.00000
10064	Gandy	Leland_Harris	un	4401265	148	0.272340426	2.77778	0.61206	12.60668	0.44370	0.03544	-1.00000	-1.00000
10066	Gandy	Leland_Harris	un	4403047	396	0.481481481	2.23077	0.19093	26.06312	0.34845	0.02032	-1.00000	-1.00000
10070	Gandy	Leland_Harris	un	4404579	138	0.211038961	0.26882	0.02632	2.74562	0.57054	0.04274	-1.00000	-1.00000
10076	Gandy	Leland_Harris	un	4407198	138	0.000000810	25.30000	6.00101	106.66365	1.40312	0.44505	-1.00000	-1.00000
10082	Gandy	Leland_Harris	un	4410286	92	0.118644068	4.42857	0.46670	42.02293	0.64626	0.05263	-1.00000	-1.00000
10085	Gandy	Leland_Harris	un	4412560	29	0.000706867	0.06093	0.00710	0.52259	1.21516	0.21739	-1.00000	-1.00000
10099	Gandy	Leland_Harris	un	4416817	47	0.135408229	0.35885	0.10227	1.25921	0.44509	0.05290	-1.00000	-1.00000
10110	Gandy	Leland_Harris	un	4422601	79	0.000596759	0.06667	0.00798	0.55712	1.17609	0.20465	-1.00000	-1.00000
10119	Gandy	Leland_Harris	un	4428167	506	1.000000000	1.92857	0.16509	22.52900	0.28524	0.01752	-1.00000	-1.00000
10120	Gandy	Leland_Harris	un	4428869	375	1.000000000	0.55556	0.04765	6.47777	0.25527	0.01576	-1.00000	-1.00000
10122	Gandy	Leland_Harris	un	4429735	362	1.000000000	0.52000	0.04432	6.10163	0.28400	0.01884	-1.00000	-1.00000
10125	Gandy	Leland_Harris	un	4430456	273	0.500000000	2.06667	0.17791	24.00734	0.31527	0.01695	-1.00000	-1.00000
10130	Gandy	Leland_Harris	un	4432524	57	0.009307886	9.43478	1.08411	82.10883	0.97473	0.12363	-1.00000	-1.00000
10146	Gandy	Leland_Harris	un	4440295	54	0.482758621	0.45161	0.03880	5.25593	0.34523	0.01880	-1.00000	-1.00000
10157	Gandy	Leland_Harris	un	4446352	481	1.000000000	1.78571	0.15251	20.90852	0.25181	0.01681	-1.00000	-1.00000
10160	Gandy	Leland_Harris	un	4447665	67	0.096822244	6.30435	0.68765	57.79831	0.79964	0.05679	-1.00000	-1.00000
10165	Gandy	Leland_Harris	un	4448791	338	0.103265306	0.20370	0.02120	1.95699	0.69100	0.06915	-1.00000	-1.00000
10179	Gandy	Leland_Harris	un	4457553	70	0.106170599	0.20968	0.02205	1.99431	0.67845	0.05844	-1.00000	-1.00000
10184	Gandy	Leland_Harris	un	4459770	279	0.245098039	3.24000	0.31597	33.22326	0.51055	0.04000	-1.00000	-1.00000
10193	Gandy	Leland_Harris	un	4462631	256	1.000000000	0.92593	0.05493	15.60790	0.03342	0.00005	-1.00000	-1.00000
10210	Gandy	Leland_Harris	un	4470489	64	0.013439958	0.10753	0.01203	0.96116	0.96848	0.12755	-1.00000	-1.00000
10231	Gandy	Leland_Harris	un	4479239	24	0.496855346	0.38667	0.03779	3.95656	0.41266	0.03077	-1.00000	-1.00000
10232	Gandy	Leland_Harris	un	4480288	315	1.000000000	1.64286	0.13993	19.28811	0.21560	0.00294	-1.00000	-1.00000
10249	Gandy	Leland_Harris	un	4487623	486	0.244680851	3.26087	0.31632	33.61525	0.51333	0.04348	-1.00000	-1.00000
10261	Gandy	Leland_Harris	un	4492374	10	0.263488971	2.12727	0.69785	6.48465	0.32782	0.03430	-1.00000	-1.00000
10262	Gandy	Leland_Harris	un	4493504	357	1.000000000	0.85185	0.05042	14.39326	0.06964	0.00024	-1.00000	-1.00000
10264	Gandy	Leland_Harris	un	4493917	40	0.008914258	9.66667	1.10451	84.60300	0.98528	0.13462	-1.00000	-1.00000
10267	Gandy	Leland_Harris	un	4495493	23	0.103265306	0.20370	0.02120	1.95699	0.69100	0.06915	-1.00000	-1.00000
10284	Gandy	Leland_Harris	un	4502975	376	0.480000000	0.44444	0.03787	5.21605	0.35218	0.02211	-1.00000	-1.00000
10285	Gandy	Leland_Harris	un	4503527	144	0.001949047	0.07556	0.00875	0.65250	1.12173	0.20000	-1.00000	-1.00000
10288	Gandy	Leland_Harris	un	4505520	542	0.491264850	0.33333	0.03259	3.40968	0.47712	0.03571	-1.00000	-1.00000
10289	Gandy	Leland_Harris	un	4505862	58	0.100520301	0.36842	0.11782	1.15206	0.43366	0.05594	-1.00000	-1.00000
10299	Gandy	Leland_Harris	un	4508218	87	0.006787862	13.31579	1.57385	112.66044	1.12437	0.15089	-1.00000	-1.00000
10302	Gandy	Leland_Harris	un	4509351	409	0.500000000	0.48148	0.04113	5.63661	0.31742	0.01961	-1.00000	-1.00000
10306	Gandy	Leland_Harris	un	4511616	255	1.000000000	1.08000	0.06407	18.20505	0.03342	0.00005	-1.00000	-1.00000
10330	Gandy	Leland_Harris	un	4521866	82	0.224250007	0.42105	0.11909	1.48861	0.37566	0.03694	-1.00000	-1.00000
10338	Gandy	Leland_Harris	un	4523362	6	0.048259363	6.20000	0.67962	56.56101	0.79239	0.07937	-1.00000	-1.00000
10340	Gandy	Leland_Harris	un	4524223	83	0.464285714	2.38462	0.20446	27.81217	0.37742	0.02098	-1.00000	-1.00000
10345	Gandy	Leland_Harris	un	4525721	7	0.000132004	13.35714	3.35381	53.19713	1.12571	0.31503	-1.00000	-1.00000
10355	Gandy	Leland_Harris	un	4532745	299	0.461538462	0.41379	0.03533	4.84665	0.38322	0.02288	-1.00000	-1.00000
10404	Gandy	Leland_Harris	un	4550989	43	0.081599742	5.63636	0.58908	53.92945	0.75100	0.07353	-1.00000	-1.00000
10411	Gandy	Leland_Harris	un	4554361	269	0.227113906	0.28736	0.02808	2.94037	0.54158	0.04142	-1.00000	-1.00000
10426	Gandy	Leland_Harris	un	4561289	60	0.118181818	4.46154	0.46819	42.51565	0.64948	0.05660	-1.00000	-1.00000
10465	Gandy	Leland_Harris	un	4575884	123	0.029579324	0.20158	0.04862	0.83584	0.69555	0.10009	-1.00000	-1.00000
10466	Gandy	Leland_Harris	un	4577013	403	0.464285714	0.41935	0.03596	4.89101	0.37742	0.02098	-1.00000	-1.00000
10489	Gandy	Leland_Harris	un	4584079	264	1.000000000	1.92857	0.16509	22.52900	0.28524	0.01752	-1.00000	-1.00000
10510	Gandy	Leland_Harris	un	4592470	7	0.052549084	0.14943	0.01685	1.32480	0.82558	0.08805	-1.00000	-1.00000
10514	Gandy	Leland_Harris	un	4595347	421	1.000000000	1.66667	0.14261	19.47836	0.22185	0.01509	-1.00000	-1.00000
10521	Gandy	Leland_Harris	un	4600940	88	0.228675136	0.29032	0.02849	2.95801	0.53712	0.03827	-1.00000	-1.00000
10525	Gandy	Leland_Harris	un	4602873	431	0.481481481	0.44828	0.03837	5.23742	0.34845	0.02032	-1.00000	-1.00000
10530	Gandy	Leland_Harris	un	4604808	59	0.000273662	18.75000	2.21850	158.46834	1.27300	0.26036	-1.00000	-1.00000
10537	Gandy	Leland_Harris	un	4609111	415	1.000000000	0.85714	0.11208	6.55527	0.06695	0.00039	-1.00000	-1.00000
10548	Gandy	Leland_Harris	un	4615775	23	0.001149119	13.00000	2.50703	67.41037	1.11394	0.23201	-1.00000	-1.00000
10554	Gandy	Leland_Harris	un	4619017	140	1.000000000	1.21429	0.35752	4.12427	0.08432	0.00202	-1.00000	-1.00000
10559	Gandy	Leland_Harris	un	4620505	262	1.000000000	0.51724	0.04445	6.01898	0.28631	0.01637	-1.00000	-1.00000
10562	Gandy	Leland_Harris	un	4622031	85	0.444444444	0.38710	0.03311	4.52610	0.41218	0.02358	-1.00000	-1.00000
10568	Gandy	Leland_Harris	un	4623614	44	1.000000000	1.00000	0.13149	7.60490	0.00000	0.00000	-1.00000	-1.00000
10593	Gandy	Leland_Harris	un	4632457	104	0.761508567	0.81429	0.23137	2.86584	0.08922	0.00197	-1.00000	-1.00000
10613	Gandy	Leland_Harris	un	4641596	508	0.461538462	0.41379	0.03533	4.84665	0.38322	0.02288	-1.00000	-1.00000
10614	Gandy	Leland_Harris	un	4642434	496	1.000000000	0.51852	0.04439	6.05718	0.28524	0.01752	-1.00000	-1.00000
10626	Gandy	Leland_Harris	un	4647439	118	0.489262522	1.71053	0.40456	7.23231	0.23313	0.01000	-1.00000	-1.00000
10638	Gandy	Leland_Harris	un	4652099	21	1.000000000	0.51852	0.04439	6.05718	0.28524	0.01752	-1.00000	-1.00000
10639	Gandy	Leland_Harris	un	4652962	41	0.799282353	0.86667	0.30897	2.43104	0.06215	0.00128	-1.00000	-1.00000
10645	Gandy	Leland_Harris	un	4657479	302	1.000000000	1.92308	0.16389	22.56519	0.28400	0.01884	-1.00000	-1.00000
10666	Gandy	Leland_Harris	un	4667189	134	0.016354234	8.70000	0.97139	77.91955	0.93952	0.12411	-1.00000	-1.00000
10690	Gandy	Leland_Harris	un	4677486	51	0.004916860	0.09259	0.01070	0.80113	1.03342	0.15556	-1.00000	-1.00000
10704	Gandy	Leland_Harris	un	4681953	6	0.000310950	10.00000	2.68526	37.24036	1.00000	0.25000	-1.00000	-1.00000
10710	Gandy	Leland_Harris	un	4683716	22	0.004675001	0.08812	0.01040	0.74695	1.05491	0.14933	-1.00000	-1.00000
10711	Gandy	Leland_Harris	un	4684615	126	0.000245867	0.05161	0.00606	0.43972	1.28724	0.25000	-1.00000	-1.00000
10725	Gandy	Leland_Harris	un	4691824	65	0.003937952	11.27273	1.31375	96.72617	1.05203	0.14706	-1.00000	-1.00000
10740	Gandy	Leland_Harris	un	4698733	510	0.227113906	0.28736	0.02808	2.94037	0.54158	0.04142	-1.00000	-1.00000
10746	Gandy	Leland_Harris	un	4701671	123	1.000000000	0.51724	0.04445	6.01898	0.28631	0.01637	-1.00000	-1.00000
10752	Gandy	Leland_Harris	un	4705765	143	0.645673848	0.50000	0.07656	3.26549	0.30103	0.01000	-1.00000	-1.00000
10755	Gandy	Leland_Harris	un	4707111	121	0.002836355	0.08065	0.00936	0.69479	1.09342	0.16484	-1.00000	-1.00000
10762	Gandy	Leland_Harris	un	4711032	139	0.001092777	9.16667	2.38036	35.30041	0.96221	0.23518	-1.00000	-1.00000
10771	Gandy	Leland_Harris	un	4713330	31	0.493506494	0.35802	0.03507	3.65452	0.44609	0.03210	-1.00000	-1.00000
10777	Gandy	Leland_Harris	un	4716494	68	1.000000000	0.78571	0.15674	3.93858	0.10474	0.00173	-1.00000	-1.00000
10781	Gandy	Leland_Harris	un	4718764	54	0.032209426	5.11111	1.25094	20.88305	0.70852	0.10274	-1.00000	-1.00000
10786	Gandy	Leland_Harris	un	4720294	13	0.245762712	0.31183	0.03067	3.17041	0.50608	0.03448	-1.00000	-1.00000
10789	Gandy	Leland_Harris	un	4722091	134	0.010387488	5.18182	1.47672	18.18297	0.71448	0.14129	-1.00000	-1.00000
10791	Gandy	Leland_Harris	un	4723831	106	0.534329553	0.55556	0.16083	1.91904	0.25527	0.01818	-1.00000	-1.00000
10797	Gandy	Leland_Harris	un	4726237	57	0.017220725	0.11828	0.01329	1.05307	0.92709	0.11312	-1.00000	-1.00000
10799	Gandy	Leland_Harris	un	4726948	38	0.008914258	0.10345	0.01182	0.90538	0.98528	0.13462	-1.00000	-1.00000
10803	Gandy	Leland_Harris	un	4727636	22	0.048259363	6.20000	0.67962	56.56101	0.79239	0.07937	-1.00000	-1.00000
10807	Gandy	Leland_Harris	un	4730130	70	0.000000289	40.00000	7.25772	220.45493	1.60206	0.49091	-1.00000	-1.00000
10813	Gandy	Leland_Harris	un	4732467	44	0.259118541	2.85714	0.50084	16.29927	0.45593	0.02857	-1.00000	-1.00000
10818	Gandy	Leland_Harris	un	4735439	33	0.017220725	8.45455	0.94960	75.27277	0.92709	0.11312	-1.00000	-1.00000
10823	Gandy	Leland_Harris	un	4737136	120	0.008914258	0.10345	0.01182	0.90538	0.98528	0.13462	-1.00000	-1.00000
10826	Gandy	Leland_Harris	un	4739853	221	0.461538462	2.41667	0.20633	28.30581	0.38322	0.02288	-1.00000	-1.00000
10828	Gandy	Leland_Harris	un	4740804	345	0.491264850	0.33333	0.03259	3.40968	0.47712	0.03571	-1.00000	-1.00000
10851	Gandy	Leland_Harris	un	4751359	445	0.500000000	2.07143	0.17768	24.14955	0.31627	0.01818	-1.00000	-1.00000
10857	Gandy	Leland_Harris	un	4753883	139	1.000000000	1.92857	0.16509	22.52900	0.28524	0.01752	-1.00000	-1.00000
10869	Gandy	Leland_Harris	un	4759396	164	0.228675136	0.29032	0.02849	2.95801	0.53712	0.03827	-1.00000	-1.00000
10871	Gandy	Leland_Harris	un	4760083	50	0.002587025	0.07759	0.00894	0.67309	1.11022	0.18148	-1.00000	-1.00000
10874	Gandy	Leland_Harris	un	4761537	121	0.025116561	0.13143	0.01500	1.15167	0.88131	0.11180	-1.00000	-1.00000
10883	Gandy	Leland_Harris	un	4764623	31	0.207334797	0.38384	0.10170	1.44867	0.41585	0.03836	-1.00000	-1.00000
10891	Gandy	Leland_Harris	un	4767793	17	0.055746141	0.17241	0.01886	1.57593	0.76343	0.07692	-1.00000	-1.00000
10896	Gandy	Leland_Harris	un	4770423	91	0.000000001	87.00000	9.94055	761.42694	1.93952	0.63348	-1.00000	-1.00000
10897	Gandy	Leland_Harris	un	4771234	70	0.071467794	0.29091	0.07722	1.09596	0.53624	0.06767	-1.00000	-1.00000
10901	Gandy	Leland_Harris	un	4774004	391	0.500000000	0.48276	0.04141	5.62819	0.31627	0.01818	-1.00000	-1.00000
10906	Gandy	Leland_Harris	un	4775204	21	1.000000000	1.09091	0.33605	3.54143	0.03779	0.00036	-1.00000	-1.00000
10919	Gandy	Leland_Harris	un	4780176	107	0.118644068	0.22581	0.02380	2.14269	0.64626	0.05263	-1.00000	-1.00000
10933	Gandy	Leland_Harris	un	4784091	98	0.103265306	0.20370	0.02120	1.95699	0.69100	0.06915	-1.00000	-1.00000
10935	Gandy	Leland_Harris	un	4785562	37	0.000000000	225.00000	21.94246	2307.17041	2.35218	0.85714	-1.00000	-1.00000
10937	Gandy	Leland_Harris	un	4787211	18	0.482758621	0.45161	0.03880	5.25593	0.34523	0.01880	-1.00000	-1.00000
10939	Gandy	Leland_Harris	un	4788008	18	0.135420848	0.25641	0.04669	1.40808	0.59106	0.05023	-1.00000	-1.00000
10943	Gandy	Leland_Harris	un	4789404	25	0.000415897	0.07692	0.01526	0.38785	1.11394	0.22500	-1.00000	-1.00000
10955	Gandy	Leland_Harris	un	4794261	57	0.000866767	8.14286	2.29420	28.90169	0.91078	0.23077	-1.00000	-1.00000
10961	Gandy	Leland_Harris	un	4798141	99	0.000355389	18.12500	2.12319	154.72722	1.25828	0.24419	-1.00000	-1.00000
10979	Gandy	Leland_Harris	un	4809531	92	0.112852665	5.37037	0.58906	48.96109	0.73000	0.06914	-1.00000	-1.00000
10985	Gandy	Leland_Harris	un	4814485	222	0.482758621	0.45161	0.03880	5.25593	0.34523	0.01880	-1.00000	-1.00000
10987	Gandy	Leland_Harris	un	4815089	8	0.564608525	1.59829	0.51162	4.99302	0.20366	0.01309	-1.00000	-1.00000
10988	Gandy	Leland_Harris	un	4815941	26	0.118181818	0.22414	0.02352	2.13589	0.64948	0.05660	-1.00000	-1.00000
10991	Gandy	Leland_Harris	un	4816926	128	0.245454545	0.31034	0.03040	3.16783	0.50816	0.03704	-1.00000	-1.00000
11001	Gandy	Leland_Harris	un	4820376	398	0.491264850	3.00000	0.29328	30.68711	0.47712	0.03571	-1.00000	-1.00000
11014	Gandy	Leland_Harris	un	4824164	248	0.444444444	0.38710	0.03311	4.52610	0.41218	0.02358	-1.00000	-1.00000
11018	Gandy	Leland_Harris	un	4825800	219	0.493212670	0.36000	0.03511	3.69147	0.44370	0.03429	-1.00000	-1.00000
11028	Gandy	Leland_Harris	un	4829731	149	0.000000079	42.00000	7.90440	223.16672	1.62325	0.48725	-1.00000	-1.00000
11029	Gandy	Leland_Harris	un	4830489	92	0.168648998	0.18519	0.01920	1.78596	0.73239	0.04904	-1.00000	-1.00000
11031	Gandy	Leland_Harris	un	4832035	150	0.117094623	2.43590	0.82180	7.22026	0.38666	0.04688	-1.00000	-1.00000
11032	Gandy	Leland_Harris	un	4833205	548	0.464285714	0.41935	0.03596	4.89101	0.37742	0.02098	-1.00000	-1.00000
11049	Gandy	Leland_Harris	un	4836630	89	0.000007884	31.00000	3.66703	262.06488	1.49136	0.35714	-1.00000	-1.00000
11057	Gandy	Leland_Harris	un	4840140	271	0.482758621	0.45161	0.03880	5.25593	0.34523	0.01880	-1.00000	-1.00000
11067	Gandy	Leland_Harris	un	4843585	419	1.000000000	0.86207	0.05123	14.50627	0.06446	0.00019	-1.00000	-1.00000
11069	Gandy	Leland_Harris	un	4845385	515	1.000000000	1.26087	0.07475	21.26724	0.10067	0.00048	-1.00000	-1.00000
11092	Gandy	Leland_Harris	un	4853172	43	0.026092774	7.15385	0.80847	63.30171	0.85454	0.09091	-1.00000	-1.00000
11096	Gandy	Leland_Harris	un	4855557	122	0.245762712	0.31183	0.03067	3.17041	0.50608	0.03448	-1.00000	-1.00000
11100	Gandy	Leland_Harris	un	4857123	113	0.000521867	0.05926	0.00693	0.50704	1.22724	0.23780	-1.00000	-1.00000
11105	Gandy	Leland_Harris	un	4859809	192	1.000000000	1.92308	0.16389	22.56519	0.28400	0.01884	-1.00000	-1.00000
11114	Gandy	Leland_Harris	un	4863833	196	0.481481481	2.23077	0.19093	26.06312	0.34845	0.02032	-1.00000	-1.00000
11115	Gandy	Leland_Harris	un	4864595	73	0.263488971	2.12727	0.69785	6.48465	0.32782	0.03430	-1.00000	-1.00000
11135	Gandy	Leland_Harris	un	4874366	57	0.056199822	5.74074	0.63090	52.23658	0.75897	0.07143	-1.00000	-1.00000
11143	Gandy	Leland_Harris	un	4877841	91	0.091583710	0.18966	0.01978	1.81808	0.72204	0.07143	-1.00000	-1.00000
11150	Gandy	Leland_Harris	un	4881123	121	0.500000000	0.48387	0.04165	5.62086	0.31527	0.01695	-1.00000	-1.00000
11154	Gandy	Leland_Harris	un	4881916	128	0.491833031	3.00000	0.29452	30.55776	0.47712	0.03333	-1.00000	-1.00000
11158	Gandy	Leland_Harris	un	4884367	95	1.000000000	1.25000	0.30904	5.05599	0.09691	0.00182	-1.00000	-1.00000
11162	Gandy	Leland_Harris	un	4887806	493	0.490612245	0.33333	0.03243	3.42639	0.47712	0.03846	-1.00000	-1.00000
11165	Gandy	Leland_Harris	un	4889007	82	0.442905591	0.42222	0.08988	1.98340	0.37446	0.02296	-1.00000	-1.00000
11174	Gandy	Leland_Harris	un	4893072	93	0.000000000	261.00000	25.56952	2664.14868	2.41664	0.75446	-1.00000	-1.00000
11187	Gandy	Leland_Harris	un	4898821	83	1.000000000	1.25000	0.30904	5.05599	0.09691	0.00182	-1.00000	-1.00000
11189	Gandy	Leland_Harris	un	4899737	108	0.243223725	2.22222	0.68125	7.24885	0.34679	0.03087	-1.00000	-1.00000
11197	Gandy	Leland_Harris	un	4904013	320	0.500000000	0.48148	0.04113	5.63661	0.31742	0.01961	-1.00000	-1.00000
11199	Gandy	Leland_Harris	un	4905279	28	0.000985088	8.00000	2.18808	29.24942	0.90309	0.20000	-1.00000	-1.00000
11222	Gandy	Leland_Harris	un	4917282	94	0.391067014	1.82143	0.57361	5.78372	0.26041	0.02009	-1.00000	-1.00000
11225	Gandy	Leland_Harris	un	4919041	155	0.118181818	0.22414	0.02352	2.13589	0.64948	0.05660	-1.00000	-1.00000
11234	Gandy	Leland_Harris	un	4922127	188	1.000000000	0.52000	0.04432	6.10163	0.28400	0.01884	-1.00000	-1.00000
11239	Gandy	Leland_Harris	un	4924736	375	0.245098039	0.30864	0.03010	3.16484	0.51055	0.04000	-1.00000	-1.00000
11256	Gandy	Leland_Harris	un	4931152	298	1.000000000	1.00000	0.05920	16.89051	0.00000	0.00000	-1.00000	-1.00000
11257	Gandy	Leland_Harris	un	4931739	32	0.500000000	0.48276	0.04141	5.62819	0.31627	0.01818	-1.00000	-1.00000
11260	Gandy	Leland_Harris	un	4932576	73	0.674307170	1.83333	0.30509	11.01684	0.26324	0.00863	-1.00000	-1.00000
11283	Gandy	Leland_Harris	un	4942974	240	0.461538462	2.41667	0.20633	28.30581	0.38322	0.02288	-1.00000	-1.00000
11297	Gandy	Leland_Harris	un	4948238	150	0.086476310	3.00000	0.90181	9.97988	0.47712	0.06621	-1.00000	-1.00000
11300	Gandy	Leland_Harris	un	4950151	467	1.000000000	0.52000	0.04432	6.10163	0.28400	0.01884	-1.00000	-1.00000
11312	Gandy	Leland_Harris	un	4954052	377	0.461538462	0.41379	0.03533	4.84665	0.38322	0.02288	-1.00000	-1.00000
11324	Gandy	Leland_Harris	un	4957818	341	0.461538462	0.41379	0.03533	4.84665	0.38322	0.02288	-1.00000	-1.00000
11330	Gandy	Leland_Harris	un	4960640	45	0.500000000	0.48387	0.04165	5.62086	0.31527	0.01695	-1.00000	-1.00000
11334	Gandy	Leland_Harris	un	4961533	104	0.617647059	0.48000	0.04081	5.64636	0.31876	0.00680	-1.00000	-1.00000
11353	Gandy	Leland_Harris	un	4967630	35	0.557317091	1.60714	0.50239	5.14123	0.20605	0.01287	-1.00000	-1.00000
11356	Gandy	Leland_Harris	un	4970420	354	0.464285714	0.41935	0.03596	4.89101	0.37742	0.02098	-1.00000	-1.00000
11366	Gandy	Leland_Harris	un	4973544	219	0.500000000	0.48276	0.04141	5.62819	0.31627	0.01818	-1.00000	-1.00000
11368	Gandy	Leland_Harris	un	4975447	510	0.480000000	0.44444	0.03787	5.21605	0.35218	0.02211	-1.00000	-1.00000
11371	Gandy	Leland_Harris	un	4976931	363	0.461538462	0.41379	0.03533	4.84665	0.38322	0.02288	-1.00000	-1.00000
11374	Gandy	Leland_Harris	un	4977410	119	0.391124668	1.94118	0.61883	6.08917	0.28807	0.02339	-1.00000	-1.00000
11376	Gandy	Leland_Harris	un	4979024	16	0.063270428	7.00000	0.79639	61.52789	0.84510	0.07187	-1.00000	-1.00000
11388	Gandy	Leland_Harris	un	4983882	67	0.228675136	0.29032	0.02849	2.95801	0.53712	0.03827	-1.00000	-1.00000
11393	Gandy	Leland_Harris	un	4986948	650	0.480000000	0.44444	0.03787	5.21605	0.35218	0.02211	-1.00000	-1.00000
11394	Gandy	Leland_Harris	un	4987443	274	0.464285714	0.41935	0.03596	4.89101	0.37742	0.02098	-1.00000	-1.00000
11397	Gandy	Leland_Harris	un	4988897	24	0.482758621	2.21429	0.19026	25.77014	0.34523	0.01880	-1.00000	-1.00000
11398	Gandy	Leland_Harris	un	4989720	29	0.025962845	4.00000	1.21800	13.13629	0.60206	0.10519	-1.00000	-1.00000
11408	Gandy	Leland_Harris	un	4994202	430	0.464285714	0.41935	0.03596	4.89101	0.37742	0.02098	-1.00000	-1.00000
11411	Gandy	Leland_Harris	un	4996428	137	0.040703531	6.73913	0.73649	61.66531	0.82860	0.08876	-1.00000	-1.00000
11427	Gandy	Leland_Harris	un	5003187	514	0.461538462	0.41379	0.03533	4.84665	0.38322	0.02288	-1.00000	-1.00000
11428	Gandy	Leland_Harris	un	5003515	7	0.118181818	0.22414	0.02352	2.13589	0.64948	0.05660	-1.00000	-1.00000
11437	Gandy	Leland_Harris	un	5009362	236	0.491264850	3.00000	0.29328	30.68711	0.47712	0.03571	-1.00000	-1.00000
11441	Gandy	Leland_Harris	un	5010616	56	0.000007034	31.50000	3.70715	267.65814	1.49831	0.38063	-1.00000	-1.00000
11442	Gandy	Leland_Harris	un	5011796	434	0.244680851	3.26087	0.31632	33.61525	0.51333	0.04348	-1.00000	-1.00000
11445	Gandy	Leland_Harris	un	5013110	218	1.000000000	1.78571	0.15251	20.90852	0.25181	0.01681	-1.00000	-1.00000
11450	Gandy	Leland_Harris	un	5014551	20	0.481481481	0.44828	0.03837	5.23742	0.34845	0.02032	-1.00000	-1.00000
11456	Gandy	Leland_Harris	un	5016415	344	1.000000000	0.60000	0.05134	7.01221	0.22185	0.01509	-1.00000	-1.00000
11457	Gandy	Leland_Harris	un	5016932	61	0.482758621	0.45161	0.03880	5.25593	0.34523	0.01880	-1.00000	-1.00000
11464	Gandy	Leland_Harris	un	5020206	113	0.358159419	1.98947	0.56596	6.99339	0.29874	0.02167	-1.00000	-1.00000
11476	Gandy	Leland_Harris	un	5023945	44	0.008914258	0.10345	0.01182	0.90538	0.98528	0.13462	-1.00000	-1.00000
11483	Gandy	Leland_Harris	un	5027376	125	0.004426205	0.06996	0.00812	0.60257	1.15516	0.15945	-1.00000	-1.00000
11489	Gandy	Leland_Harris	un	5031488	7	0.112852665	0.18621	0.02042	1.69763	0.73000	0.06914	-1.00000	-1.00000
11500	Gandy	Leland_Harris	un	5036619	284	0.192872117	0.24731	0.02414	2.53324	0.60676	0.04808	-1.00000	-1.00000
11508	Gandy	Leland_Harris	un	5040557	14	0.112015456	0.18519	0.02022	1.69642	0.73239	0.07429	-1.00000	-1.00000
11509	Gandy	Leland_Harris	un	5041460	117	1.000000000	0.51852	0.04439	6.05718	0.28524	0.00488	-1.00000	-1.00000
11516	Gandy	Leland_Harris	un	5045384	108	0.013439958	9.30000	1.04041	83.13105	0.96848	0.12755	-1.00000	-1.00000
11520	Gandy	Leland_Harris	un	5047752	59	0.228675136	0.29032	0.02849	2.95801	0.53712	0.03827	-1.00000	-1.00000
11537	Gandy	Leland_Harris	un	5055306	464	1.000000000	1.08000	0.06407	18.20505	0.03342	0.00005	-1.00000	-1.00000
11556	Gandy	Leland_Harris	un	5062812	28	0.460213632	0.50400	0.10756	2.36153	0.29757	0.01435	-1.00000	-1.00000
11572	Gandy	Leland_Harris	un	5068749	44	0.704106878	0.60000	0.12685	2.83803	0.22185	0.00841	-1.00000	-1.00000
11592	Gandy	Leland_Harris	un	5078277	6	0.000245867	0.05161	0.00606	0.43972	1.28724	0.25000	-1.00000	-1.00000
11596	Gandy	Leland_Harris	un	5080006	22	0.232546798	2.22353	0.62661	7.89016	0.34704	0.03008	-1.00000	-1.00000
11600	Gandy	Leland_Harris	un	5081733	158	0.211038961	3.72000	0.36422	37.99496	0.57054	0.04274	-1.00000	-1.00000
11607	Gandy	Leland_Harris	un	5085723	104	0.000001664	35.76923	4.27051	299.59866	1.55351	0.38462	-1.00000	-1.00000
11617	Gandy	Leland_Harris	un	5091566	518	0.591991342	0.41379	0.03533	4.84665	0.38322	0.00932	-1.00000	-1.00000
11624	Gandy	Leland_Harris	un	5092708	28	0.048259363	0.16129	0.01768	1.47141	0.79239	0.07937	-1.00000	-1.00000
11625	Gandy	Leland_Harris	un	5093598	90	0.777567761	0.83951	0.26308	2.67894	0.07598	0.00168	-1.00000	-1.00000
11626	Gandy	Leland_Harris	un	5094314	59	0.047090494	5.14286	0.99729	26.52074	0.71120	0.07841	-1.00000	-1.00000
11635	Gandy	Leland_Harris	un	5098262	23	0.705803638	0.60000	0.12816	2.80903	0.22185	0.00790	-1.00000	-1.00000
11636	Gandy	Leland_Harris	un	5099425	411	1.000000000	1.80000	0.15437	20.98797	0.25527	0.01576	-1.00000	-1.00000
11645	Gandy	Leland_Harris	un	5103579	42	0.025728988	0.13793	0.01551	1.22635	0.86034	0.09804	-1.00000	-1.00000
11653	Gandy	Leland_Harris	un	5109882	105	0.118181818	0.22414	0.02352	2.13589	0.64948	0.05660	-1.00000	-1.00000
11663	Gandy	Leland_Harris	un	5113896	67	0.481481481	0.44828	0.03837	5.23742	0.34845	0.02032	-1.00000	-1.00000
11664	Gandy	Leland_Harris	un	5114652	12	0.000061809	0.04715	0.00570	0.38990	1.32655	0.25000	-1.00000	-1.00000
11668	Gandy	Leland_Harris	un	5118086	464	0.605263158	0.44828	0.03837	5.23742	0.34845	0.00739	-1.00000	-1.00000
11672	Gandy	Leland_Harris	un	5119957	109	0.048259363	0.16129	0.01768	1.47141	0.79239	0.07937	-1.00000	-1.00000
11673	Gandy	Leland_Harris	un	5120789	116	0.000000142	48.60000	5.71554	413.25253	1.68664	0.48571	-1.00000	-1.00000
11674	Gandy	Leland_Harris	un	5122053	496	1.000000000	1.00000	0.05944	16.82259	0.00000	0.00000	-1.00000	-1.00000
11681	Gandy	Leland_Harris	un	5124837	78	0.000026077	26.57143	3.14058	224.81216	1.42441	0.31977	-1.00000	-1.00000
11691	Gandy	Leland_Harris	un	5128735	12	0.056199822	5.74074	0.63090	52.23658	0.75897	0.07143	-1.00000	-1.00000
11697	Gandy	Leland_Harris	un	5132973	400	0.615086172	0.36000	0.03511	3.69147	0.44370	0.01420	-1.00000	-1.00000
11703	Gandy	Leland_Harris	un	5136159	301	0.482758621	2.21429	0.19026	25.77014	0.34523	0.01880	-1.00000	-1.00000
11713	Gandy	Leland_Harris	un	5139477	450	0.617647059	0.48000	0.04081	5.64636	0.31876	0.00680	-1.00000	-1.00000
11714	Gandy	Leland_Harris	un	5140285	405	0.225306122	0.28395	0.02761	2.92002	0.54676	0.04514	-1.00000	-1.00000
11724	Gandy	Leland_Harris	un	5144992	340	0.500000000	0.48276	0.04141	5.62819	0.31627	0.01818	-1.00000	-1.00000
11727	Gandy	Leland_Harris	un	5146314	58	0.400567831	2.54545	0.42631	15.19872	0.40577	0.01976	-1.00000	-1.00000
11740	Gandy	Leland_Harris	un	5150531	422	0.211038961	0.26882	0.02632	2.74562	0.57054	0.04274	-1.00000	-1.00000
11744	Gandy	Leland_Harris	un	5151733	56	0.245762712	0.31183	0.03067	3.17041	0.50608	0.03448	-1.00000	-1.00000
11772	Gandy	Leland_Harris	un	5163698	11	0.420466059	0.38182	0.06665	2.18728	0.41814	0.02462	-1.00000	-1.00000
11778	Gandy	Leland_Harris	un	5167933	124	0.049144128	3.45000	1.01556	11.72019	0.53782	0.07391	-1.00000	-1.00000
11795	Gandy	Leland_Harris	un	5176663	12	0.106170599	0.20968	0.02205	1.99431	0.67845	0.05844	-1.00000	-1.00000
11797	Gandy	Leland_Harris	un	5178246	174	0.480000000	0.44444	0.03787	5.21605	0.35218	0.02211	-1.00000	-1.00000
11803	Gandy	Leland_Harris	un	5180462	75	0.000041324	0.04023	0.00475	0.34105	1.39545	0.31301	-1.00000	-1.00000
11819	Gandy	Leland_Harris	un	5187668	218	0.500000000	0.48148	0.04113	5.63661	0.31742	0.01961	-1.00000	-1.00000
11822	Gandy	Leland_Harris	un	5188266	43	0.491833031	0.33333	0.03272	3.39531	0.47712	0.03333	-1.00000	-1.00000
11828	Gandy	Leland_Harris	un	5189094	93	0.000001431	25.20000	5.97448	106.29211	1.40140	0.44383	-1.00000	-1.00000
11837	Gandy	Leland_Harris	un	5191558	268	0.482758621	0.45161	0.03880	5.25593	0.34523	0.01880	-1.00000	-1.00000
11839	Gandy	Leland_Harris	un	5193015	79	0.005211412	0.08756	0.00998	0.76820	1.05771	0.15625	-1.00000	-1.00000
11842	Gandy	Leland_Harris	un	5193690	71	0.052549084	6.69231	0.75483	59.33385	0.82558	0.08805	-1.00000	-1.00000
11844	Gandy	Leland_Harris	un	5195617	470	1.000000000	1.00000	0.05920	16.89051	0.00000	0.00000	-1.00000	-1.00000
11855	Gandy	Leland_Harris	un	5199279	9	0.245762712	0.31183	0.03067	3.17041	0.50608	0.03448	-1.00000	-1.00000
11858	Gandy	Leland_Harris	un	5200119	66	0.000032027	13.57143	3.72301	49.47173	1.13263	0.32318	-1.00000	-1.00000
11860	Gandy	Leland_Harris	un	5200900	32	0.211038961	0.26882	0.02632	2.74562	0.57054	0.04274	-1.00000	-1.00000
11867	Gandy	Leland_Harris	un	5203401	89	0.237749546	0.24138	0.02539	2.29481	0.61730	0.05091	-1.00000	-1.00000
11881	Gandy	Leland_Harris	un	5209916	122	0.237749546	0.24138	0.02539	2.29481	0.61730	0.05091	-1.00000	-1.00000
11886	Gandy	Leland_Harris	un	5213209	65	0.463705930	1.95652	0.42128	9.08658	0.29148	0.01296	-1.00000	-1.00000
11891	Gandy	Leland_Harris	un	5216235	21	0.500000000	0.48276	0.04141	5.62819	0.31627	0.01818	-1.00000	-1.00000
11899	Gandy	Leland_Harris	un	5220162	40	0.482758621	2.21429	0.19026	25.77014	0.34523	0.01880	-1.00000	-1.00000
11901	Gandy	Leland_Harris	un	5220973	16	0.000000142	48.60000	5.71554	413.25253	1.68664	0.48571	-1.00000	-1.00000
11903	Gandy	Leland_Harris	un	5222695	62	0.106170599	4.76923	0.50143	45.36166	0.67845	0.05844	-1.00000	-1.00000
11909	Gandy	Leland_Harris	un	5225929	59	1.000000000	0.93103	0.05544	15.63520	0.03103	0.00004	-1.00000	-1.00000
11913	Gandy	Leland_Harris	un	5228259	104	0.000967802	14.09091	1.67949	118.22271	1.14894	0.17647	-1.00000	-1.00000
11920	Gandy	Leland_Harris	un	5230232	309	1.000000000	1.92308	0.16389	22.56519	0.28400	0.01884	-1.00000	-1.00000
11922	Gandy	Leland_Harris	un	5230847	115	0.003937952	11.27273	1.31375	96.72617	1.05203	0.14706	-1.00000	-1.00000
11929	Gandy	Leland_Harris	un	5234447	549	0.192872117	0.24731	0.02414	2.53324	0.60676	0.04808	-1.00000	-1.00000
11930	Gandy	Leland_Harris	un	5234677	22	0.228675136	3.44444	0.33807	35.09441	0.53712	0.03827	-1.00000	-1.00000
11936	Gandy	Leland_Harris	un	5239771	433	0.033599894	7.38095	0.80374	67.78108	0.86811	0.10000	-1.00000	-1.00000
11946	Gandy	Leland_Harris	un	5244053	149	0.228675136	3.44444	0.33807	35.09441	0.53712	0.03827	-1.00000	-1.00000
11947	Gandy	Leland_Harris	un	5244627	10	0.112015456	0.18519	0.02022	1.69642	0.73239	0.07429	-1.00000	-1.00000
11952	Gandy	Leland_Harris	un	5247323	342	0.481481481	0.44828	0.03837	5.23742	0.34845	0.02032	-1.00000	-1.00000
11964	Gandy	Leland_Harris	un	5252799	56	0.002076008	0.07819	0.00913	0.66975	1.10685	0.18182	-1.00000	-1.00000
11969	Gandy	Leland_Harris	un	5254397	50	0.086288789	3.15000	0.98469	10.07680	0.49831	0.07696	-1.00000	-1.00000
11975	Gandy	Leland_Harris	un	5257369	454	0.500000000	0.48387	0.04165	5.62086	0.31527	0.01695	-1.00000	-1.00000
11976	Gandy	Leland_Harris	un	5257994	275	0.482758621	0.45161	0.03880	5.25593	0.34523	0.01880	-1.00000	-1.00000
11977	Gandy	Leland_Harris	un	5258195	52	0.048259363	6.20000	0.67962	56.56101	0.79239	0.07937	-1.00000	-1.00000
11985	Gandy	Leland_Harris	un	5262228	22	0.054527757	0.16049	0.01806	1.42614	0.79454	0.08497	-1.00000	-1.00000
11988	Gandy	Leland_Harris	un	5264877	124	0.021448606	0.12903	0.01454	1.14498	0.88930	0.10108	-1.00000	-1.00000
11999	Gandy	Leland_Harris	un	5269866	411	1.000000000	1.00000	0.05965	16.76418	0.00000	0.00000	-1.00000	-1.00000
12009	Gandy	Leland_Harris	un	5274357	16	0.048259363	6.20000	0.67962	56.56101	0.79239	0.07937	-1.00000	-1.00000
12011	Gandy	Leland_Harris	un	5276354	435	0.481481481	2.23077	0.19093	26.06312	0.34845	0.02032	-1.00000	-1.00000
12013	Gandy	Leland_Harris	un	5277760	45	0.048259363	0.16129	0.01768	1.47141	0.79239	0.07937	-1.00000	-1.00000
12016	Gandy	Leland_Harris	un	5278637	66	0.238703141	3.15789	0.55051	18.11471	0.49940	0.03580	-1.00000	-1.00000
12028	Gandy	Leland_Harris	un	5283776	165	0.208144796	0.26437	0.02576	2.71292	0.57779	0.04667	-1.00000	-1.00000
12030	Gandy	Leland_Harris	un	5284409	61	0.500000000	0.48387	0.04165	5.62086	0.31527	0.01695	-1.00000	-1.00000
12062	Gandy	Leland_Harris	un	5299301	413	0.500000000	0.48148	0.04113	5.63661	0.31742	0.01961	-1.00000	-1.00000
12087	Gandy	Leland_Harris	un	5309917	183	1.000000000	1.00000	0.05920	16.89051	0.00000	0.00000	-1.00000	-1.00000
12090	Gandy	Leland_Harris	un	5312245	86	0.058501001	0.17333	0.01946	1.54424	0.76112	0.08163	-1.00000	-1.00000
12094	Gandy	Leland_Harris	un	5313752	369	0.500000000	0.48276	0.04141	5.62819	0.31627	0.01818	-1.00000	-1.00000
12095	Gandy	Leland_Harris	un	5314334	83	0.500000000	0.48387	0.04165	5.62086	0.31527	0.01695	-1.00000	-1.00000
12108	Gandy	Leland_Harris	un	5322414	99	1.000000000	1.92857	0.16509	22.52900	0.28524	0.01752	-1.00000	-1.00000
12109	Gandy	Leland_Harris	un	5323222	132	0.228675136	3.44444	0.33807	35.09441	0.53712	0.03827	-1.00000	-1.00000
12120	Gandy	Leland_Harris	un	5328127	49	0.245454545	0.31034	0.03040	3.16783	0.50816	0.03704	-1.00000	-1.00000
12130	Gandy	Leland_Harris	un	5333033	122	1.000000000	1.00000	0.32025	3.12257	0.00000	0.00000	-1.00000	-1.00000
12135	Gandy	Leland_Harris	un	5335331	19	0.000017296	26.86667	3.20762	225.03188	1.42921	0.31469	-1.00000	-1.00000
12139	Gandy	Leland_Harris	un	5337917	114	0.464285714	0.41935	0.03596	4.89101	0.37742	0.02098	-1.00000	-1.00000
12143	Gandy	Leland_Harris	un	5340628	488	0.500000000	2.07692	0.17741	24.31412	0.31742	0.01961	-1.00000	-1.00000
12145	Gandy	Leland_Harris	un	5341015	58	0.048259363	0.16129	0.01768	1.47141	0.79239	0.07937	-1.00000	-1.00000
12146	Gandy	Leland_Harris	un	5341829	60	0.017220725	8.45455	0.94960	75.27277	0.92709	0.11312	-1.00000	-1.00000
12152	Gandy	Leland_Harris	un	5346018	99	0.013439958	9.30000	1.04041	83.13105	0.96848	0.12755	-1.00000	-1.00000
12155	Gandy	Leland_Harris	un	5347033	378	1.000000000	1.00000	0.05944	16.82259	0.00000	0.00000	-1.00000	-1.00000
12156	Gandy	Leland_Harris	un	5347493	13	0.211038961	0.26882	0.02632	2.74562	0.57054	0.04274	-1.00000	-1.00000
12160	Gandy	Leland_Harris	un	5349023	66	0.003937952	0.08871	0.01034	0.76118	1.05203	0.14706	-1.00000	-1.00000
12161	Gandy	Leland_Harris	un	5349809	65	0.000002252	36.16667	4.27468	305.99435	1.55831	0.39634	-1.00000	-1.00000
12163	Gandy	Leland_Harris	un	5351458	28	0.013439958	9.30000	1.04041	83.13105	0.96848	0.12755	-1.00000	-1.00000
12165	Gandy	Leland_Harris	un	5353513	424	0.461538462	0.41379	0.03533	4.84665	0.38322	0.02288	-1.00000	-1.00000
12166	Gandy	Leland_Harris	un	5354010	111	1.000000000	0.51724	0.04445	6.01898	0.28631	0.01637	-1.00000	-1.00000
12169	Gandy	Leland_Harris	un	5354759	32	0.004426205	0.06996	0.00812	0.60257	1.15516	0.15945	-1.00000	-1.00000
12170	Gandy	Leland_Harris	un	5355520	13	0.245762712	0.31183	0.03067	3.17041	0.50608	0.03448	-1.00000	-1.00000
12173	Gandy	Leland_Harris	un	5357719	492	0.480000000	0.44444	0.03787	5.21605	0.35218	0.02211	-1.00000	-1.00000
12176	Gandy	Leland_Harris	un	5359488	49	0.000716618	12.83333	2.48914	66.16510	1.10834	0.23760	-1.00000	-1.00000
12177	Gandy	Leland_Harris	un	5360315	34	0.245762712	0.31183	0.03067	3.17041	0.50608	0.03448	-1.00000	-1.00000
12188	Gandy	Leland_Harris	un	5366444	498	0.500000000	0.48276	0.04141	5.62819	0.31627	0.01818	-1.00000	-1.00000
12233	Gandy	Leland_Harris	un	5385081	72	0.094815285	0.15556	0.01687	1.43442	0.80811	0.06198	-1.00000	-1.00000
12249	Gandy	Leland_Harris	un	5392185	46	0.000080714	21.75000	2.58629	182.91176	1.33746	0.27549	-1.00000	-1.00000
12257	Gandy	Leland_Harris	un	5396758	32	0.426838413	1.61438	0.55230	4.71888	0.20801	0.01328	-1.00000	-1.00000
12263	Gandy	Leland_Harris	un	5399600	344	0.500000000	0.48148	0.04113	5.63661	0.31742	0.01961	-1.00000	-1.00000
12267	Gandy	Leland_Harris	un	5401736	105	0.237523899	2.42857	0.73915	7.97937	0.38535	0.04537	-1.00000	-1.00000
12281	Gandy	Leland_Harris	un	5406452	23	0.093795094	0.19355	0.02029	1.84594	0.71321	0.06531	-1.00000	-1.00000
12283	Gandy	Leland_Harris	un	5407249	10	0.324847913	2.16667	0.55809	8.41162	0.33579	0.02211	-1.00000	-1.00000
12290	Gandy	Leland_Harris	un	5411988	89	0.023501224	0.12169	0.01392	1.06357	0.91473	0.11607	-1.00000	-1.00000
12291	Gandy	Leland_Harris	un	5412818	59	0.400567831	0.39286	0.06580	2.34572	0.40577	0.01976	-1.00000	-1.00000
12296	Gandy	Leland_Harris	un	5415103	43	0.106170599	0.20968	0.02205	1.99431	0.67845	0.05844	-1.00000	-1.00000
12313	Gandy	Leland_Harris	un	5423642	38	0.004488740	11.57143	1.35697	98.67399	1.06339	0.16149	-1.00000	-1.00000
12316	Gandy	Leland_Harris	un	5425626	393	0.481481481	0.44828	0.03837	5.23742	0.34845	0.02032	-1.00000	-1.00000
12325	Gandy	Leland_Harris	un	5431776	117	0.000000032	83.33334	9.25965	749.96844	1.92082	0.55453	-1.00000	-1.00000
12326	Gandy	Leland_Harris	un	5432498	17	0.245762712	0.31183	0.03067	3.17041	0.50608	0.03448	-1.00000	-1.00000
12330	Gandy	Leland_Harris	un	5434194	110	1.000000000	0.51724	0.04445	6.01898	0.28631	0.01637	-1.00000	-1.00000
12343	Gandy	Leland_Harris	un	5438070	19	0.000000549	56.25000	6.45221	490.38443	1.75012	0.46093	-1.00000	-1.00000
12372	Gandy	Leland_Harris	un	5453261	29	0.153264590	0.28571	0.05269	1.54945	0.54407	0.03846	-1.00000	-1.00000
12384	Gandy	Leland_Harris	un	5458703	588	0.500000000	0.48000	0.04081	5.64636	0.31876	0.02128	-1.00000	-1.00000
12391	Gandy	Leland_Harris	un	5461347	70	0.228917111	2.45882	0.70922	8.52458	0.39073	0.03972	-1.00000	-1.00000
12398	Gandy	Leland_Harris	un	5464353	486	1.000000000	0.79310	0.04702	13.37737	0.10067	0.00048	-1.00000	-1.00000
12415	Gandy	Leland_Harris	un	5470545	76	0.563923491	1.65455	0.52830	5.18179	0.21868	0.01565	-1.00000	-1.00000
12424	Gandy	Leland_Harris	un	5475672	359	0.481481481	2.23077	0.19093	26.06312	0.34845	0.02032	-1.00000	-1.00000
12427	Gandy	Leland_Harris	un	5477289	368	0.500000000	2.07143	0.17768	24.14955	0.31627	0.01818	-1.00000	-1.00000
12433	Gandy	Leland_Harris	un	5480414	259	0.033599894	7.38095	0.80374	67.78108	0.86811	0.10000	-1.00000	-1.00000
12443	Gandy	Leland_Harris	un	5483476	19	0.444444444	2.58333	0.22094	30.20541	0.41218	0.02358	-1.00000	-1.00000
12444	Gandy	Leland_Harris	un	5484390	121	0.111436688	2.51852	0.83718	7.57655	0.40115	0.05096	-1.00000	-1.00000
12446	Gandy	Leland_Harris	un	5485492	390	0.245454545	0.31034	0.03040	3.16783	0.50816	0.03704	-1.00000	-1.00000
12448	Gandy	Leland_Harris	un	5486747	14	0.001621509	0.07527	0.00886	0.63910	1.12338	0.17143	-1.00000	-1.00000
12459	Gandy	Leland_Harris	un	5492968	6	0.001257332	8.40000	2.21318	31.88173	0.92428	0.21304	-1.00000	-1.00000
12469	Gandy	Leland_Harris	un	5495391	74	0.482758621	2.21429	0.19026	25.77014	0.34523	0.01880	-1.00000	-1.00000
12471	Gandy	Leland_Harris	un	5496946	124	0.728734675	0.61111	0.15203	2.45639	0.21388	0.00870	-1.00000	-1.00000
12482	Gandy	Leland_Harris	un	5502417	41	0.000405034	0.04615	0.00547	0.38929	1.33579	0.23572	-1.00000	-1.00000
12503	Gandy	Leland_Harris	un	5514231	368	0.480000000	0.44444	0.03787	5.21605	0.35218	0.02211	-1.00000	-1.00000
12510	Gandy	Leland_Harris	un	5517064	80	0.540730766	0.65714	0.18275	2.36296	0.18234	0.00694	-1.00000	-1.00000
12516	Gandy	Leland_Harris	un	5519069	7	0.514437087	1.72941	0.46487	6.43380	0.23790	0.01351	-1.00000	-1.00000
12519	Gandy	Leland_Harris	un	5521531	153	0.245762712	0.31183	0.03067	3.17041	0.50608	0.03448	-1.00000	-1.00000
12529	Gandy	Leland_Harris	un	5524880	405	0.245098039	0.30864	0.03010	3.16484	0.51055	0.04000	-1.00000	-1.00000
12538	Gandy	Leland_Harris	un	5528124	384	0.208144796	0.26437	0.02576	2.71292	0.57779	0.04667	-1.00000	-1.00000
12539	Gandy	Leland_Harris	un	5528845	334	1.000000000	0.51852	0.04439	6.05718	0.28524	0.01752	-1.00000	-1.00000
12549	Gandy	Leland_Harris	un	5531109	249	0.480000000	0.44444	0.03787	5.21605	0.35218	0.02211	-1.00000	-1.00000
12550	Gandy	Leland_Harris	un	5531931	209	1.000000000	0.60000	0.05134	7.01221	0.22185	0.01509	-1.00000	-1.00000
12551	Gandy	Leland_Harris	un	5532677	124	0.588168213	0.67544	0.23157	1.97013	0.17041	0.00925	-1.00000	-1.00000
12555	Gandy	Leland_Harris	un	5535841	89	0.500000000	2.06667	0.17791	24.00734	0.31527	0.01695	-1.00000	-1.00000
12558	Gandy	Leland_Harris	un	5538158	7	0.129854872	2.84211	0.75719	10.66782	0.45364	0.04472	-1.00000	-1.00000
12562	Gandy	Leland_Harris	un	5538996	6	0.118644068	0.22581	0.02380	2.14269	0.64626	0.05263	-1.00000	-1.00000
12563	Gandy	Leland_Harris	un	5540007	195	0.208144796	0.26437	0.02576	2.71292	0.57779	0.04667	-1.00000	-1.00000
12571	Gandy	Leland_Harris	un	5543959	221	0.081599742	0.17742	0.01854	1.69757	0.75100	0.07353	-1.00000	-1.00000
12573	Gandy	Leland_Harris	un	5544510	15	1.000000000	0.86207	0.05123	14.50627	0.06446	0.00019	-1.00000	-1.00000
12584	Gandy	Leland_Harris	un	5549190	125	0.000725483	8.33333	2.34762	29.58075	0.92082	0.22243	-1.00000	-1.00000
12590	Gandy	Leland_Harris	un	5552382	77	0.055746141	5.80000	0.63455	53.01424	0.76343	0.07692	-1.00000	-1.00000
12593	Gandy	Leland_Harris	un	5553062	9	0.069648935	2.78182	0.94190	8.21582	0.44433	0.06258	-1.00000	-1.00000
12594	Gandy	Leland_Harris	un	5554070	154	1.000000000	1.19048	0.21699	6.53130	0.07572	0.00078	-1.00000	-1.00000
12611	Gandy	Leland_Harris	un	5559720	260	0.118181818	4.46154	0.46819	42.51565	0.64948	0.05660	-1.00000	-1.00000
12613	Gandy	Leland_Harris	un	5561228	18	0.007090887	0.09677	0.01108	0.84530	1.01424	0.13846	-1.00000	-1.00000
12623	Gandy	Leland_Harris	un	5565199	31	0.019490472	6.87500	1.32147	35.76738	0.83727	0.12421	-1.00000	-1.00000
12634	Gandy	Leland_Harris	un	5569138	56	0.240259740	0.25926	0.02721	2.47017	0.58627	0.04906	-1.00000	-1.00000
12636	Gandy	Leland_Harris	un	5570675	30	1.000000000	1.28571	0.23514	7.03024	0.10914	0.00156	-1.00000	-1.00000
12637	Gandy	Leland_Harris	un	5571500	63	0.055222089	5.86957	0.63881	53.93145	0.76861	0.08333	-1.00000	-1.00000
12658	Gandy	Leland_Harris	un	5577801	85	1.000000000	0.51724	0.04445	6.01898	0.28631	0.01637	-1.00000	-1.00000
12661	Gandy	Leland_Harris	un	5579503	122	0.004017424	15.00000	1.72484	130.44717	1.17609	0.17668	-1.00000	-1.00000
12663	Gandy	Leland_Harris	un	5580943	11	0.041229845	0.18182	0.03395	0.97362	0.74036	0.09474	-1.00000	-1.00000
12667	Gandy	Leland_Harris	un	5581850	90	0.003465046	0.08333	0.00958	0.72459	1.07918	0.17636	-1.00000	-1.00000
12675	Gandy	Leland_Harris	un	5585382	415	0.444444444	0.38710	0.03311	4.52610	0.41218	0.02358	-1.00000	-1.00000
12676	Gandy	Leland_Harris	un	5585947	272	1.000000000	1.78571	0.15251	20.90852	0.25181	0.01681	-1.00000	-1.00000
12677	Gandy	Leland_Harris	un	5586759	209	0.480000000	0.44444	0.03787	5.21605	0.35218	0.02211	-1.00000	-1.00000
12680	Gandy	Leland_Harris	un	5588316	97	0.007268932	8.75000	1.70113	45.00684	0.94201	0.14934	-1.00000	-1.00000
12687	Gandy	Leland_Harris	un	5590917	6	0.228675136	3.44444	0.33807	35.09441	0.53712	0.03827	-1.00000	-1.00000
12700	Gandy	Leland_Harris	un	5596819	23	0.023977923	0.12315	0.01417	1.07058	0.90956	0.10769	-1.00000	-1.00000
12702	Gandy	Leland_Harris	un	5598808	357	1.000000000	0.52000	0.04432	6.10163	0.28400	0.01884	-1.00000	-1.00000
12704	Gandy	Leland_Harris	un	5600278	137	0.000009071	16.66667	4.43221	62.67246	1.22185	0.36543	-1.00000	-1.00000
12714	Gandy	Leland_Harris	un	5604323	118	0.620364837	2.55556	0.24851	26.28017	0.40749	0.01225	-1.00000	-1.00000
12720	Gandy	Leland_Harris	un	5608231	51	0.500000000	2.07143	0.17768	24.14955	0.31627	0.01818	-1.00000	-1.00000
12731	Gandy	Leland_Harris	un	5612087	128	0.482758621	0.45161	0.03880	5.25593	0.34523	0.01880	-1.00000	-1.00000
12733	Gandy	Leland_Harris	un	5613103	297	0.500000000	0.48276	0.04141	5.62819	0.31627	0.01818	-1.00000	-1.00000
12747	Gandy	Leland_Harris	un	5620789	8	0.149035501	3.60000	0.65319	19.84094	0.55630	0.04545	-1.00000	-1.00000
12748	Gandy	Leland_Harris	un	5621868	319	0.500000000	0.48387	0.04165	5.62086	0.31527	0.01695	-1.00000	-1.00000
12750	Gandy	Leland_Harris	un	5623231	15	0.112015456	0.18519	0.02022	1.69642	0.73239	0.07429	-1.00000	-1.00000
12754	Gandy	Leland_Harris	un	5625685	113	0.118644068	0.22581	0.02380	2.14269	0.64626	0.05263	-1.00000	-1.00000
12756	Gandy	Leland_Harris	un	5627267	75	0.186602871	4.83333	0.50582	46.18450	0.68425	0.03802	-1.00000	-1.00000
12764	Gandy	Leland_Harris	un	5632191	301	0.500000000	0.48276	0.04141	5.62819	0.31627	0.01818	-1.00000	-1.00000
12766	Gandy	Leland_Harris	un	5632824	107	0.052549084	0.14943	0.01685	1.32480	0.82558	0.08805	-1.00000	-1.00000
12780	Gandy	Leland_Harris	un	5640275	266	0.118181818	4.46154	0.46819	42.51565	0.64948	0.05660	-1.00000	-1.00000
12787	Gandy	Leland_Harris	un	5644281	88	0.237749546	4.14286	0.43577	39.38647	0.61730	0.05091	-1.00000	-1.00000
12789	Gandy	Leland_Harris	un	5646321	455	0.225306122	0.28395	0.02761	2.92002	0.54676	0.04514	-1.00000	-1.00000
12791	Gandy	Leland_Harris	un	5647180	422	1.000000000	0.60000	0.05134	7.01221	0.22185	0.01509	-1.00000	-1.00000
12794	Gandy	Leland_Harris	un	5648844	368	0.500000000	0.48276	0.04141	5.62819	0.31627	0.01818	-1.00000	-1.00000
12822	Gandy	Leland_Harris	un	5659688	9	0.002587025	0.07759	0.00894	0.67309	1.11022	0.18148	-1.00000	-1.00000
12825	Gandy	Leland_Harris	un	5661733	437	0.500000000	2.07692	0.17741	24.31412	0.31742	0.01961	-1.00000	-1.00000
12833	Gandy	Leland_Harris	un	5666387	316	1.000000000	1.66667	0.14261	19.47836	0.22185	0.01509	-1.00000	-1.00000
12836	Gandy	Leland_Harris	un	5668046	343	0.245454545	3.22222	0.31567	32.89072	0.50816	0.03704	-1.00000	-1.00000
12843	Gandy	Leland_Harris	un	5669320	36	0.710888611	1.52174	0.32337	7.16110	0.18234	0.00548	-1.00000	-1.00000
12851	Gandy	Leland_Harris	un	5671769	95	0.481481481	0.44828	0.03837	5.23742	0.34845	0.02032	-1.00000	-1.00000
12854	Gandy	Leland_Harris	un	5674267	122	0.004675001	11.34783	1.33877	96.18756	1.05491	0.14933	-1.00000	-1.00000
12859	Gandy	Leland_Harris	un	5676787	205	0.500000000	0.48276	0.04141	5.62819	0.31627	0.01818	-1.00000	-1.00000
12867	Gandy	Leland_Harris	un	5680879	115	1.000000000	0.69444	0.10651	4.52767	0.15836	0.00271	-1.00000	-1.00000
12888	Gandy	Leland_Harris	un	5688840	13	0.023977923	0.12315	0.01417	1.07058	0.90956	0.10769	-1.00000	-1.00000
12915	Gandy	Leland_Harris	un	5699889	88	0.078818199	0.20833	0.03964	1.09488	0.68124	0.07213	-1.00000	-1.00000
12920	Gandy	Leland_Harris	un	5701645	271	0.013439958	0.10753	0.01203	0.96116	0.96848	0.12755	-1.00000	-1.00000
12921	Gandy	Leland_Harris	un	5702254	69	0.118181818	0.22414	0.02352	2.13589	0.64948	0.05660	-1.00000	-1.00000
12932	Gandy	Leland_Harris	un	5706127	31	0.240259740	0.25926	0.02721	2.47017	0.58627	0.04906	-1.00000	-1.00000
12934	Gandy	Leland_Harris	un	5707834	12	0.000002777	25.00000	5.50854	113.46017	1.39794	0.42660	-1.00000	-1.00000
12935	Gandy	Leland_Harris	un	5708788	120	0.025116561	0.13143	0.01500	1.15167	0.88131	0.11180	-1.00000	-1.00000
12936	Gandy	Leland_Harris	un	5709532	68	0.211038961	0.26882	0.02632	2.74562	0.57054	0.04274	-1.00000	-1.00000
12948	Gandy	Leland_Harris	un	5716042	114	0.055026667	4.62963	1.11301	19.25714	0.66555	0.08766	-1.00000	-1.00000
12952	Gandy	Leland_Harris	un	5717736	151	0.000398507	0.06158	0.00739	0.51346	1.21054	0.20000	-1.00000	-1.00000
12953	Gandy	Leland_Harris	un	5718493	83	0.000009385	29.00000	3.45766	243.22809	1.46240	0.34146	-1.00000	-1.00000
12961	Gandy	Leland_Harris	un	5722446	88	0.009307886	0.10599	0.01218	0.92241	0.97473	0.12363	-1.00000	-1.00000
12967	Gandy	Leland_Harris	un	5725216	397	0.228675136	0.29032	0.02849	2.95801	0.53712	0.03827	-1.00000	-1.00000
12992	Gandy	Leland_Harris	un	5737837	64	0.026092774	0.13978	0.01580	1.23690	0.85454	0.09091	-1.00000	-1.00000
13007	Gandy	Leland_Harris	un	5742739	192	0.491833031	0.33333	0.03272	3.39531	0.47712	0.03333	-1.00000	-1.00000
13018	Gandy	Leland_Harris	un	5747664	258	0.225306122	0.28395	0.02761	2.92002	0.54676	0.04514	-1.00000	-1.00000
13022	Gandy	Leland_Harris	un	5750261	16	0.351863968	2.00000	0.56581	7.06949	0.30103	0.02035	-1.00000	-1.00000
13025	Gandy	Leland_Harris	un	5751839	272	0.244680851	3.26087	0.31632	33.61525	0.51333	0.04348	-1.00000	-1.00000
13027	Gandy	Leland_Harris	un	5753577	250	0.500000000	0.48276	0.04141	5.62819	0.31627	0.01818	-1.00000	-1.00000
13033	Gandy	Leland_Harris	un	5756747	68	1.000000000	0.51724	0.04445	6.01898	0.28631	0.01637	-1.00000	-1.00000
13053	Gandy	Leland_Harris	un	5768572	6	0.026092774	7.15385	0.80847	63.30171	0.85454	0.09091	-1.00000	-1.00000
13055	Gandy	Leland_Harris	un	5769510	133	0.312255139	0.24138	0.02344	2.48548	0.61730	0.03025	-1.00000	-1.00000
13061	Gandy	Leland_Harris	un	5772766	158	0.482758621	2.21429	0.19026	25.77014	0.34523	0.01880	-1.00000	-1.00000
13062	Gandy	Leland_Harris	un	5773496	24	0.500000000	0.48387	0.04165	5.62086	0.31527	0.01695	-1.00000	-1.00000
13072	Gandy	Leland_Harris	un	5777525	31	0.004916860	0.09259	0.01070	0.80113	1.03342	0.15556	-1.00000	-1.00000
13073	Gandy	Leland_Harris	un	5778821	408	0.225306122	0.28395	0.02761	2.92002	0.54676	0.04514	-1.00000	-1.00000
13074	Gandy	Leland_Harris	un	5779213	6	0.033599894	7.38095	0.80374	67.78108	0.86811	0.10000	-1.00000	-1.00000
13091	Gandy	Leland_Harris	un	5784847	52	0.774900430	0.76768	0.24722	2.38378	0.11482	0.00361	-1.00000	-1.00000
13097	Gandy	Leland_Harris	un	5787258	85	0.500000000	2.06667	0.17791	24.00734	0.31527	0.01695	-1.00000	-1.00000
13101	Gandy	Leland_Harris	un	5789616	23	0.000284126	10.04545	2.74471	36.76574	1.00197	0.24270	-1.00000	-1.00000
13110	Gandy	Leland_Harris	un	5795679	468	1.000000000	0.85185	0.05042	14.39326	0.06964	0.00024	-1.00000	-1.00000
13124	Gandy	Leland_Harris	un	5800028	78	0.000007884	31.00000	3.66703	262.06488	1.49136	0.35714	-1.00000	-1.00000
13129	Gandy	Leland_Harris	un	5801718	94	0.464285714	0.41935	0.03596	4.89101	0.37742	0.02098	-1.00000	-1.00000
13140	Gandy	Leland_Harris	un	5806416	84	0.069262539	0.20238	0.03735	1.09665	0.69383	0.07798	-1.00000	-1.00000
13148	Gandy	Leland_Harris	un	5811061	43	0.002976568	17.40000	2.01065	150.57829	1.24055	0.19102	-1.00000	-1.00000
13155	Gandy	Leland_Harris	un	5816066	360	0.481481481	0.44828	0.03837	5.23742	0.34845	0.02032	-1.00000	-1.00000
13161	Gandy	Leland_Harris	un	5819108	133	0.023977923	0.12315	0.01417	1.07058	0.90956	0.10769	-1.00000	-1.00000
13169	Gandy	Leland_Harris	un	5824120	313	0.461538462	0.41379	0.03533	4.84665	0.38322	0.02288	-1.00000	-1.00000
13173	Gandy	Leland_Harris	un	5825533	114	0.493506494	0.35802	0.03507	3.65452	0.44609	0.03210	-1.00000	-1.00000
13178	Gandy	Leland_Harris	un	5829353	20	0.500000000	2.06667	0.17791	24.00734	0.31527	0.01695	-1.00000	-1.00000
13186	Gandy	Leland_Harris	un	5830218	58	0.104821803	4.83333	0.50582	46.18450	0.68425	0.06335	-1.00000	-1.00000
13189	Gandy	Leland_Harris	un	5832036	251	0.103265306	0.20370	0.02120	1.95699	0.69100	0.06915	-1.00000	-1.00000
13190	Gandy	Leland_Harris	un	5832727	97	0.048259363	6.20000	0.67962	56.56101	0.79239	0.07937	-1.00000	-1.00000
13192	Gandy	Leland_Harris	un	5833902	503	0.500000000	0.48387	0.04165	5.62086	0.31527	0.01695	-1.00000	-1.00000
13198	Gandy	Leland_Harris	un	5837581	146	0.048259363	0.16129	0.01768	1.47141	0.79239	0.07937	-1.00000	-1.00000
13201	Gandy	Leland_Harris	un	5839211	92	0.000119510	13.88889	3.24153	59.50924	1.14267	0.29447	-1.00000	-1.00000
13207	Gandy	Leland_Harris	un	5843249	18	0.000000309	39.85714	4.83077	328.84833	1.60051	0.39535	-1.00000	-1.00000
13219	Gandy	Leland_Harris	un	5848410	401	0.117647059	4.50000	0.46992	43.09288	0.65321	0.06122	-1.00000	-1.00000
13224	Gandy	Leland_Harris	un	5849230	499	0.245098039	3.24000	0.31597	33.22326	0.51055	0.04000	-1.00000	-1.00000
13225	Gandy	Leland_Harris	un	5849435	64	0.000013103	0.03448	0.00407	0.29209	1.46240	0.35000	-1.00000	-1.00000
13231	Gandy	Leland_Harris	un	5851938	79	0.001523881	7.66667	2.14848	27.35789	0.88461	0.20926	-1.00000	-1.00000
13233	Gandy	Leland_Harris	un	5853958	520	0.500000000	0.48148	0.04113	5.63661	0.31742	0.01961	-1.00000	-1.00000
13240	Gandy	Leland_Harris	un	5856846	84	0.249818007	2.08333	0.62317	6.96480	0.31876	0.02778	-1.00000	-1.00000
13241	Gandy	Leland_Harris	un	5857636	102	0.106170599	0.20968	0.02205	1.99431	0.67845	0.05844	-1.00000	-1.00000
13256	Gandy	Leland_Harris	un	5863357	82	0.094135210	2.80000	0.86534	9.05999	0.44716	0.06294	-1.00000	-1.00000
13262	Gandy	Leland_Harris	un	5867259	260	0.227113906	0.28736	0.02808	2.94037	0.54158	0.04142	-1.00000	-1.00000
13267	Gandy	Leland_Harris	un	5869412	15	0.000001173	55.85714	6.26951	497.64975	1.74708	0.47407	-1.00000	-1.00000
13271	Gandy	Leland_Harris	un	5871084	53	0.000977321	0.06513	0.00758	0.55974	1.18619	0.21212	-1.00000	-1.00000
13274	Gandy	Leland_Harris	un	5873721	120	0.463705930	0.51111	0.11005	2.37373	0.29148	0.01296	-1.00000	-1.00000
13276	Gandy	Leland_Harris	un	5875787	504	0.491264850	0.33333	0.03259	3.40968	0.47712	0.03571	-1.00000	-1.00000
13277	Gandy	Leland_Harris	un	5876146	66	0.039250162	6.90476	0.75044	63.53036	0.83915	0.09722	-1.00000	-1.00000
13279	Gandy	Leland_Harris	un	5877780	53	0.464285714	2.38462	0.20446	27.81217	0.37742	0.02098	-1.00000	-1.00000
13291	Gandy	Leland_Harris	un	5881885	136	0.112852665	0.18621	0.02042	1.69763	0.73000	0.06914	-1.00000	-1.00000
13297	Gandy	Leland_Harris	un	5885936	73	0.003725094	0.13846	0.03383	0.56667	0.85867	0.15625	-1.00000	-1.00000
13299	Gandy	Leland_Harris	un	5886807	109	0.202438153	2.02098	0.70918	5.75929	0.30556	0.03021	-1.00000	-1.00000
13303	Gandy	Leland_Harris	un	5888910	572	0.500000000	0.48000	0.04081	5.64636	0.31876	0.02128	-1.00000	-1.00000
13306	Gandy	Leland_Harris	un	5890404	410	1.000000000	1.08696	0.06420	18.40268	0.03621	0.00007	-1.00000	-1.00000
13308	Gandy	Leland_Harris	un	5891695	35	1.000000000	1.14000	0.29770	4.36550	0.05690	0.00073	-1.00000	-1.00000
13310	Gandy	Leland_Harris	un	5893417	162	1.000000000	1.92857	0.16509	22.52900	0.28524	0.01752	-1.00000	-1.00000
13313	Gandy	Leland_Harris	un	5894812	35	0.003792847	6.81818	1.81079	25.67254	0.83367	0.17831	-1.00000	-1.00000
13327	Gandy	Leland_Harris	un	5898113	114	0.008914258	0.10345	0.01182	0.90538	0.98528	0.13462	-1.00000	-1.00000
13338	Gandy	Leland_Harris	un	5904564	40	0.000368554	0.05956	0.00710	0.49986	1.22504	0.21739	-1.00000	-1.00000
13345	Gandy	Leland_Harris	un	5908515	85	0.461538462	2.41667	0.20633	28.30581	0.38322	0.02288	-1.00000	-1.00000
13359	Gandy	Leland_Harris	un	5912786	8	0.763512459	1.23529	0.36201	4.21525	0.09177	0.00219	-1.00000	-1.00000
13375	Gandy	Leland_Harris	un	5919676	376	1.000000000	0.92000	0.05434	15.57603	0.03621	0.00007	-1.00000	-1.00000
13376	Gandy	Leland_Harris	un	5920573	432	0.491833031	0.33333	0.03272	3.39531	0.47712	0.03333	-1.00000	-1.00000
13377	Gandy	Leland_Harris	un	5920964	20	0.000000149	51.00000	5.92112	439.27515	1.70757	0.50980	-1.00000	-1.00000
13391	Gandy	Leland_Harris	un	5927234	24	0.482758621	0.45161	0.03880	5.25593	0.34523	0.01880	-1.00000	-1.00000
13399	Gandy	Leland_Harris	un	5932123	93	0.464285714	2.38462	0.20446	27.81217	0.37742	0.02098	-1.00000	-1.00000
13406	Gandy	Leland_Harris	un	5936942	281	1.000000000	1.92308	0.16389	22.56519	0.28400	0.01884	-1.00000	-1.00000
13413	Gandy	Leland_Harris	un	5938798	564	0.461538462	0.41379	0.03533	4.84665	0.38322	0.02288	-1.00000	-1.00000
13420	Gandy	Leland_Harris	un	5941532	36	0.011317577	12.17647	1.40560	105.48238	1.08552	0.14463	-1.00000	-1.00000
13429	Gandy	Leland_Harris	un	5944444	51	0.116715520	5.75000	0.64164	51.52844	0.75967	0.05486	-1.00000	-1.00000
13430	Gandy	Leland_Harris	un	5945283	27	0.014812697	0.17391	0.04216	0.71732	0.75967	0.12206	-1.00000	-1.00000
13438	Gandy	Leland_Harris	un	5950093	29	0.000028156	0.03979	0.00474	0.33393	1.40025	0.30769	-1.00000	-1.00000
13439	Gandy	Leland_Harris	un	5951302	456	1.000000000	0.79310	0.04702	13.37737	0.10067	0.00048	-1.00000	-1.00000
13443	Gandy	Leland_Harris	un	5954332	438	0.464285714	0.41935	0.03596	4.89101	0.37742	0.02098	-1.00000	-1.00000
13457	Gandy	Leland_Harris	un	5960570	266	0.500000000	0.48276	0.04141	5.62819	0.31627	0.01818	-1.00000	-1.00000
13463	Gandy	Leland_Harris	un	5962750	113	0.000299853	0.05455	0.00639	0.46588	1.26324	0.26316	-1.00000	-1.00000
13465	Gandy	Leland_Harris	un	5964297	23	0.020799934	0.12644	0.01417	1.12790	0.89813	0.10989	-1.00000	-1.00000
13482	Gandy	Leland_Harris	un	5969228	230	1.000000000	1.92308	0.16389	22.56519	0.28400	0.01884	-1.00000	-1.00000
13483	Gandy	Leland_Harris	un	5969782	65	0.020998054	4.49091	1.26002	16.00628	0.65233	0.11852	-1.00000	-1.00000
13493	Gandy	Leland_Harris	un	5974582	32	1.000000000	0.55556	0.04765	6.47777	0.25527	0.01576	-1.00000	-1.00000
13501	Gandy	Leland_Harris	un	5977840	48	0.000251499	17.94737	2.14284	150.31827	1.25400	0.22321	-1.00000	-1.00000
13504	Gandy	Leland_Harris	un	5980264	138	0.001954280	0.07258	0.00838	0.62842	1.13918	0.18617	-1.00000	-1.00000
13508	Gandy	Leland_Harris	un	5982510	15	0.005211412	0.08756	0.00998	0.76820	1.05771	0.15625	-1.00000	-1.00000
13509	Gandy	Leland_Harris	un	5983368	83	0.104821803	0.20690	0.02165	1.97698	0.68425	0.06335	-1.00000	-1.00000
13511	Gandy	Leland_Harris	un	5984593	496	1.000000000	1.80000	0.15437	20.98797	0.25527	0.01576	-1.00000	-1.00000
13514	Gandy	Leland_Harris	un	5985879	153	0.005105438	10.54545	1.22656	90.66576	1.02307	0.14286	-1.00000	-1.00000
13516	Gandy	Leland_Harris	un	5987390	22	0.000000292	46.40000	5.43537	396.10168	1.66652	0.47297	-1.00000	-1.00000
13518	Gandy	Leland_Harris	un	5988954	19	0.482758621	2.21429	0.19026	25.77014	0.34523	0.01880	-1.00000	-1.00000
13522	Gandy	Leland_Harris	un	5989879	77	0.000221963	0.05329	0.00631	0.44975	1.27334	0.24476	-1.00000	-1.00000
13530	Gandy	Leland_Harris	un	5994200	476	1.000000000	1.92857	0.16509	22.52900	0.28524	0.01752	-1.00000	-1.00000
13539	Gandy	Leland_Harris	un	5997714	32	1.000000000	0.51852	0.04439	6.05718	0.28524	0.01752	-1.00000	-1.00000
13541	Gandy	Leland_Harris	un	5999035	76	0.005271268	0.09677	0.01132	0.82757	1.01424	0.13208	-1.00000	-1.00000
13550	Gandy	Leland_Harris	un	6002144	104	0.025116561	0.13143	0.01500	1.15167	0.88131	0.11180	-1.00000	-1.00000
13560	Gandy	Leland_Harris	un	6007110	140	0.107963654	6.25000	0.69956	55.83867	0.79588	0.05934	-1.00000	-1.00000
13567	Gandy	Leland_Harris	un	6010655	134	0.011860352	0.11521	0.01328	0.99953	0.93852	0.11111	-1.00000	-1.00000
13571	Gandy	Leland_Harris	un	6011358	67	0.201543739	0.22222	0.02321	2.12804	0.65321	0.03529	-1.00000	-1.00000
13577	Gandy	Leland_Harris	un	6012188	53	0.732701591	0.76364	0.18013	3.23727	0.11711	0.00258	-1.00000	-1.00000
13582	Gandy	Leland_Harris	un	6013735	151	0.033599894	0.13548	0.01475	1.24418	0.86811	0.10000	-1.00000	-1.00000
13593	Gandy	Leland_Harris	un	6017822	67	0.674884248	0.54167	0.09082	3.23063	0.26627	0.00827	-1.00000	-1.00000
13599	Gandy	Leland_Harris	un	6020243	89	0.673758865	0.63636	0.09647	4.19761	0.19629	0.00465	-1.00000	-1.00000
13607	Gandy	Leland_Harris	un	6022043	268	0.461538462	0.41379	0.03533	4.84665	0.38322	0.02288	-1.00000	-1.00000
13616	Gandy	Leland_Harris	un	6024931	36	0.001764335	0.09524	0.01888	0.48033	1.02119	0.17860	-1.00000	-1.00000
13628	Gandy	Leland_Harris	un	6031306	58	0.092619419	2.95556	0.95025	9.19269	0.47064	0.06911	-1.00000	-1.00000
13629	Gandy	Leland_Harris	un	6032094	99	0.000013824	15.00000	4.14574	54.27261	1.17609	0.34355	-1.00000	-1.00000
13636	Gandy	Leland_Harris	un	6036086	14	0.011860352	8.68000	1.00047	75.30706	0.93852	0.11111	-1.00000	-1.00000
13637	Gandy	Leland_Harris	un	6037055	85	0.711904955	1.38462	0.28210	6.79593	0.14133	0.00270	-1.00000	-1.00000
13639	Gandy	Leland_Harris	un	6038699	81	0.490612245	3.00000	0.29185	30.83754	0.47712	0.03846	-1.00000	-1.00000
13645	Gandy	Leland_Harris	un	6041999	42	0.395920867	0.58947	0.18246	1.90443	0.22954	0.01513	-1.00000	-1.00000
13647	Gandy	Leland_Harris	un	6043019	236	0.481481481	2.23077	0.19093	26.06312	0.34845	0.02032	-1.00000	-1.00000
13648	Gandy	Leland_Harris	un	6043561	58	0.000000002	74.25000	8.61646	639.82959	1.87070	0.59091	-1.00000	-1.00000
13655	Gandy	Leland_Harris	un	6045712	17	0.055322315	4.20000	0.97046	18.17688	0.62325	0.08333	-1.00000	-1.00000
13658	Gandy	Leland_Harris	un	6047756	469	0.444444444	0.38710	0.03311	4.52610	0.41218	0.02358	-1.00000	-1.00000
13670	Gandy	Leland_Harris	un	6052198	13	0.000000029	53.54546	6.39310	448.47025	1.72872	0.48214	-1.00000	-1.00000
13671	Gandy	Leland_Harris	un	6053355	370	0.500000000	0.48387	0.04165	5.62086	0.31527	0.01695	-1.00000	-1.00000
13682	Gandy	Leland_Harris	un	6057788	158	0.491833031	3.00000	0.29452	30.55776	0.47712	0.03333	-1.00000	-1.00000
13684	Gandy	Leland_Harris	un	6059417	245	1.000000000	1.00000	0.05944	16.82259	0.00000	0.00000	-1.00000	-1.00000
13685	Gandy	Leland_Harris	un	6060000	14	0.010050659	0.10000	0.01153	0.86750	1.00000	0.15027	-1.00000	-1.00000
13686	Gandy	Leland_Harris	un	6061145	333	1.000000000	1.93333	0.16614	22.49763	0.28631	0.01637	-1.00000	-1.00000
13693	Gandy	Leland_Harris	un	6064692	48	0.232546798	2.22353	0.62661	7.89016	0.34704	0.03008	-1.00000	-1.00000
13704	Gandy	Leland_Harris	un	6070477	18	0.419280394	1.61538	0.53767	4.85327	0.20828	0.01411	-1.00000	-1.00000
13705	Gandy	Leland_Harris	un	6071378	95	0.245762712	0.31183	0.03067	3.17041	0.50608	0.03448	-1.00000	-1.00000
13727	Gandy	Leland_Harris	un	6080442	92	1.000000000	0.52000	0.04432	6.10163	0.28400	0.01884	-1.00000	-1.00000
13751	Gandy	Leland_Harris	un	6090865	244	0.245762712	0.31183	0.03067	3.17041	0.50608	0.03448	-1.00000	-1.00000
13761	Gandy	Leland_Harris	un	6095821	45	0.001886343	0.07407	0.00875	0.62673	1.13033	0.18571	-1.00000	-1.00000
13762	Gandy	Leland_Harris	un	6096773	142	0.014520884	5.50000	1.45114	20.84567	0.74036	0.13744	-1.00000	-1.00000
13774	Gandy	Leland_Harris	un	6101179	388	0.211038961	3.72000	0.36422	37.99496	0.57054	0.04274	-1.00000	-1.00000
13777	Gandy	Leland_Harris	un	6103469	104	1.000000000	0.51724	0.04445	6.01898	0.28631	0.01637	-1.00000	-1.00000
13780	Gandy	Leland_Harris	un	6105139	132	0.339557099	3.57143	0.34527	36.94234	0.55284	0.02540	-1.00000	-1.00000
13787	Gandy	Leland_Harris	un	6109299	52	0.046799852	0.12346	0.01375	1.10819	0.90848	0.08419	-1.00000	-1.00000
13807	Gandy	Leland_Harris	un	6116475	343	0.500000000	0.48276	0.04141	5.62819	0.31627	0.01818	-1.00000	-1.00000
13809	Gandy	Leland_Harris	un	6117986	201	0.500000000	0.48276	0.04141	5.62819	0.31627	0.01818	-1.00000	-1.00000
13818	Gandy	Leland_Harris	un	6122726	113	0.001063496	7.50000	2.18060	25.79560	0.87506	0.21429	-1.00000	-1.00000
13827	Gandy	Leland_Harris	un	6128359	20	0.020799934	0.12644	0.01417	1.12790	0.89813	0.10989	-1.00000	-1.00000
13829	Gandy	Leland_Harris	un	6129254	131	0.000000000	159.50000	16.63843	1529.00562	2.20276	0.67896	-1.00000	-1.00000
13834	Gandy	Leland_Harris	un	6130731	60	0.002188045	0.08046	0.00946	0.68454	1.09442	0.16667	-1.00000	-1.00000
13835	Gandy	Leland_Harris	un	6131522	83	0.481481481	2.23077	0.19093	26.06312	0.34845	0.02032	-1.00000	-1.00000
13843	Gandy	Leland_Harris	un	6135152	438	0.464285714	0.41935	0.03596	4.89101	0.37742	0.02098	-1.00000	-1.00000
13862	Gandy	Leland_Harris	un	6146063	92	1.000000000	0.55556	0.04765	6.47777	0.25527	0.01576	-1.00000	-1.00000
13874	Gandy	Leland_Harris	un	6151674	28	0.681829578	0.59091	0.09867	3.53870	0.22848	0.00625	-1.00000	-1.00000
13883	Gandy	Leland_Harris	un	6155012	139	0.106170599	0.20968	0.02205	1.99431	0.67845	0.05844	-1.00000	-1.00000
13886	Gandy	Leland_Harris	un	6155707	42	0.001647744	8.33333	2.03821	34.07121	0.92082	0.18250	-1.00000	-1.00000
13904	Gandy	Leland_Harris	un	6162175	97	0.583541908	1.50000	0.50765	4.43220	0.17609	0.01000	-1.00000	-1.00000
13913	Gandy	Leland_Harris	un	6164549	53	1.000000000	0.51724	0.04445	6.01898	0.28631	0.01637	-1.00000	-1.00000
13917	Gandy	Leland_Harris	un	6167630	18	0.239819005	0.26000	0.02716	2.48930	0.58503	0.05248	-1.00000	-1.00000
13925	Gandy	Leland_Harris	un	6171761	214	1.000000000	0.51724	0.04445	6.01898	0.28631	0.01637	-1.00000	-1.00000
13929	Gandy	Leland_Harris	un	6174900	50	0.003792847	6.81818	1.81079	25.67254	0.83367	0.17831	-1.00000	-1.00000
13930	Gandy	Leland_Harris	un	6175581	61	0.500000000	0.48387	0.04165	5.62086	0.31527	0.01695	-1.00000	-1.00000
13931	Gandy	Leland_Harris	un	6176371	42	0.456120261	0.49565	0.10467	2.34699	0.30482	0.01604	-1.00000	-1.00000
13936	Gandy	Leland_Harris	un	6178370	89	0.033599894	7.38095	0.80374	67.78108	0.86811	0.10000	-1.00000	-1.00000
13939	Gandy	Leland_Harris	un	6180240	382	1.000000000	1.66667	0.14261	19.47836	0.22185	0.01509	-1.00000	-1.00000
13947	Gandy	Leland_Harris	un	6181493	59	0.051876516	0.14815	0.01663	1.32015	0.82930	0.09475	-1.00000	-1.00000
13961	Gandy	Leland_Harris	un	6188315	381	0.500000000	0.48276	0.04141	5.62819	0.31627	0.01818	-1.00000	-1.00000
13963	Gandy	Leland_Harris	un	6189476	96	0.000000000	377.00000	32.26782	4404.66650	2.57634	0.92838	-1.00000	-1.00000
13971	Gandy	Leland_Harris	un	6194924	70	0.020060790	0.12346	0.01375	1.10819	0.90848	0.12037	-1.00000	-1.00000
13973	Gandy	Leland_Harris	un	6196093	433	1.000000000	0.51724	0.04445	6.01898	0.28631	0.01637	-1.00000	-1.00000
13974	Gandy	Leland_Harris	un	6196505	69	0.028574037	0.11000	0.01273	0.95040	0.95861	0.09603	-1.00000	-1.00000
13984	Gandy	Leland_Harris	un	6202078	42	0.119542591	0.21429	0.03890	1.18048	0.66901	0.06576	-1.00000	-1.00000
13993	Gandy	Leland_Harris	un	6206438	458	1.000000000	0.51852	0.04439	6.05718	0.28524	0.01752	-1.00000	-1.00000
14010	Gandy	Leland_Harris	un	6212417	63	0.618644068	2.07143	0.17768	24.14955	0.31627	0.00585	-1.00000	-1.00000
14012	Gandy	Leland_Harris	un	6214057	111	0.048259363	0.16129	0.01768	1.47141	0.79239	0.07937	-1.00000	-1.00000
14017	Gandy	Leland_Harris	un	6217189	74	0.112852665	0.18621	0.02042	1.69763	0.73000	0.06914	-1.00000	-1.00000
14025	Gandy	Leland_Harris	un	6220499	130	0.387055075	1.73684	0.52227	5.77594	0.23976	0.01463	-1.00000	-1.00000
14027	Gandy	Leland_Harris	un	6221147	19	0.000245867	0.05161	0.00606	0.43972	1.28724	0.25000	-1.00000	-1.00000
14030	Gandy	Leland_Harris	un	6222021	52	0.500000000	0.48387	0.04165	5.62086	0.31527	0.01695	-1.00000	-1.00000
14040	Gandy	Leland_Harris	un	6227921	520	1.000000000	0.51852	0.04439	6.05718	0.28524	0.01752	-1.00000	-1.00000
14042	Gandy	Leland_Harris	un	6229132	102	0.237749546	0.24138	0.02539	2.29481	0.61730	0.05091	-1.00000	-1.00000
14046	Gandy	Leland_Harris	un	6231557	34	0.004889055	7.66667	1.80751	32.51863	0.88461	0.17582	-1.00000	-1.00000
14064	Gandy	Leland_Harris	un	6239732	352	0.461538462	0.41379	0.03533	4.84665	0.38322	0.02288	-1.00000	-1.00000
14081	Gandy	Leland_Harris	un	6246192	367	1.000000000	0.56000	0.04783	6.55691	0.25181	0.01681	-1.00000	-1.00000
14115	Gandy	Leland_Harris	un	6257321	23	1.000000000	0.55556	0.04765	6.47777	0.25527	0.01576	-1.00000	-1.00000
14120	Gandy	Leland_Harris	un	6258186	84	0.000080714	0.04598	0.00547	0.38665	1.33746	0.27549	-1.00000	-1.00000
14146	Gandy	Leland_Harris	un	6268500	120	0.004337494	6.27273	1.81297	21.70312	0.79746	0.16989	-1.00000	-1.00000
14161	Gandy	Leland_Harris	un	6271691	134	0.000001694	35.30769	4.22710	294.91452	1.54787	0.39098	-1.00000	-1.00000
14169	Gandy	Leland_Harris	un	6275024	11	0.000106019	0.04000	0.00479	0.33427	1.39794	0.25962	-1.00000	-1.00000
14183	Gandy	Leland_Harris	un	6282276	10	0.000000152	46.63636	5.54421	392.29208	1.66872	0.46429	-1.00000	-1.00000
14187	Gandy	Leland_Harris	un	6285579	20	0.242508324	0.32308	0.05683	1.83656	0.49069	0.03233	-1.00000	-1.00000
14188	Gandy	Leland_Harris	un	6286487	132	0.000163721	13.22222	3.08685	56.63604	1.12130	0.29087	-1.00000	-1.00000
14197	Gandy	Leland_Harris	un	6289681	39	1.000000000	0.51852	0.04439	6.05718	0.28524	0.01752	-1.00000	-1.00000
14201	Gandy	Leland_Harris	un	6290478	15	0.500000000	0.48387	0.04165	5.62086	0.31527	0.01695	-1.00000	-1.00000
14203	Gandy	Leland_Harris	un	6291514	223	1.000000000	0.55556	0.04765	6.47777	0.25527	0.01576	-1.00000	-1.00000
14215	Gandy	Leland_Harris	un	6297013	119	0.109983292	2.57143	0.85669	7.71840	0.41017	0.05171	-1.00000	-1.00000
14217	Gandy	Leland_Harris	un	6297759	48	0.009307886	0.10599	0.01218	0.92241	0.97473	0.12363	-1.00000	-1.00000
14218	Gandy	Leland_Harris	un	6298589	98	0.500000000	0.48276	0.04141	5.62819	0.31627	0.01818	-1.00000	-1.00000
14227	Gandy	Leland_Harris	un	6300976	96	0.000009385	29.00000	3.45766	243.22809	1.46240	0.34146	-1.00000	-1.00000
14238	Gandy	Leland_Harris	un	6305766	204	1.000000000	0.51724	0.04445	6.01898	0.28631	0.01637	-1.00000	-1.00000
14247	Gandy	Leland_Harris	un	6309777	349	0.500000000	0.48276	0.04141	5.62819	0.31627	0.01818	-1.00000	-1.00000
14252	Gandy	Leland_Harris	un	6311744	28	1.000000000	0.90000	0.27969	2.89608	0.04576	0.00058	-1.00000	-1.00000
14265	Gandy	Leland_Harris	un	6317178	9	0.237749546	0.24138	0.02539	2.29481	0.61730	0.05091	-1.00000	-1.00000
14325	Gandy	Leland_Harris	un	6335929	46	0.493212670	0.36000	0.03511	3.69147	0.44370	0.03429	-1.00000	-1.00000
14336	Gandy	Leland_Harris	un	6341013	350	1.000000000	0.51852	0.04439	6.05718	0.28524	0.00488	-1.00000	-1.00000
14345	Gandy	Leland_Harris	un	6346258	86	0.489262522	0.58462	0.13827	2.47182	0.23313	0.01000	-1.00000	-1.00000
14362	Gandy	Leland_Harris	un	6352779	11	0.055746141	0.17241	0.01886	1.57593	0.76343	0.07692	-1.00000	-1.00000
14375	Gandy	Leland_Harris	un	6359268	104	0.056199822	5.74074	0.63090	52.23658	0.75897	0.07143	-1.00000	-1.00000
14378	Gandy	Leland_Harris	un	6360036	184	0.245098039	3.24000	0.31597	33.22326	0.51055	0.04000	-1.00000	-1.00000
14395	Gandy	Leland_Harris	un	6362263	61	1.000000000	0.86207	0.05123	14.50627	0.06446	0.00019	-1.00000	-1.00000
14399	Gandy	Leland_Harris	un	6364152	309	1.000000000	0.51724	0.04445	6.01898	0.28631	0.01637	-1.00000	-1.00000
14401	Gandy	Leland_Harris	un	6364472	69	0.001992140	0.07586	0.00902	0.63776	1.11998	0.17143	-1.00000	-1.00000
14403	Gandy	Leland_Harris	un	6365765	482	1.000000000	1.66667	0.14261	19.47836	0.22185	0.01509	-1.00000	-1.00000
14411	Gandy	Leland_Harris	un	6367383	408	0.464285714	0.41935	0.03596	4.89101	0.37742	0.02098	-1.00000	-1.00000
14418	Gandy	Leland_Harris	un	6370246	175	1.000000000	0.92000	0.05434	15.57603	0.03621	0.00007	-1.00000	-1.00000
14420	Gandy	Leland_Harris	un	6370951	91	0.005814667	0.17582	0.04919	0.62849	0.75492	0.13228	-1.00000	-1.00000
14427	Gandy	Leland_Harris	un	6374402	50	0.000029534	18.61905	4.19308	82.67648	1.26996	0.36565	-1.00000	-1.00000
14434	Gandy	Leland_Harris	un	6375810	10	0.004675001	0.08812	0.01040	0.74695	1.05491	0.14933	-1.00000	-1.00000
14444	Gandy	Leland_Harris	un	6379916	86	0.106170599	0.20968	0.02205	1.99431	0.67845	0.05844	-1.00000	-1.00000
14451	Gandy	Leland_Harris	un	6384443	518	0.480000000	0.44444	0.03787	5.21605	0.35218	0.02211	-1.00000	-1.00000
14462	Gandy	Leland_Harris	un	6389096	458	1.000000000	1.66667	0.14261	19.47836	0.22185	0.01509	-1.00000	-1.00000
14463	Gandy	Leland_Harris	un	6389545	77	0.566153838	1.43697	0.43943	4.69907	0.15745	0.00694	-1.00000	-1.00000
14466	Gandy	Leland_Harris	un	6391957	139	0.491264850	3.00000	0.29328	30.68711	0.47712	0.03571	-1.00000	-1.00000
14468	Gandy	Leland_Harris	un	6393739	321	0.500000000	2.07692	0.17741	24.31412	0.31742	0.01961	-1.00000	-1.00000
14473	Gandy	Leland_Harris	un	6394764	455	0.208144796	0.26437	0.02576	2.71292	0.57779	0.04667	-1.00000	-1.00000
14477	Gandy	Leland_Harris	un	6395967	8	0.013439958	9.30000	1.04041	83.13105	0.96848	0.12755	-1.00000	-1.00000
14511	Gandy	Leland_Harris	un	6411449	254	0.480000000	0.44444	0.03787	5.21605	0.35218	0.02211	-1.00000	-1.00000
14516	Gandy	Leland_Harris	un	6414573	36	0.119542591	0.21429	0.03890	1.18048	0.66901	0.06576	-1.00000	-1.00000
14523	Gandy	Leland_Harris	un	6417151	73	0.040703531	0.14839	0.01622	1.35779	0.82860	0.08876	-1.00000	-1.00000
14531	Gandy	Leland_Harris	un	6422307	415	0.482758621	0.45161	0.03880	5.25593	0.34523	0.01880	-1.00000	-1.00000
14532	Gandy	Leland_Harris	un	6422867	114	0.056199822	5.74074	0.63090	52.23658	0.75897	0.07143	-1.00000	-1.00000
14538	Gandy	Leland_Harris	un	6426140	41	0.491833031	0.33333	0.03272	3.39531	0.47712	0.03333	-1.00000	-1.00000
14551	Gandy	Leland_Harris	un	6431962	133	0.000005503	31.00000	3.70356	259.48029	1.49136	0.34884	-1.00000	-1.00000
14554	Gandy	Leland_Harris	un	6433647	293	0.461538462	2.41667	0.20633	28.30581	0.38322	0.02288	-1.00000	-1.00000
14556	Gandy	Leland_Harris	un	6435068	210	0.500000000	0.48148	0.04113	5.63661	0.31742	0.01961	-1.00000	-1.00000
14570	Gandy	Leland_Harris	un	6438952	6	0.236897275	0.24074	0.02521	2.29910	0.61845	0.05462	-1.00000	-1.00000
14604	Gandy	Leland_Harris	un	6449005	415	0.481481481	0.44828	0.03837	5.23742	0.34845	0.02032	-1.00000	-1.00000
14609	Gandy	Leland_Harris	un	6451321	433	1.000000000	0.51852	0.04439	6.05718	0.28524	0.01752	-1.00000	-1.00000
14619	Gandy	Leland_Harris	un	6455200	72	0.236897275	0.24074	0.02521	2.29910	0.61845	0.05462	-1.00000	-1.00000
14622	Gandy	Leland_Harris	un	6457252	506	1.000000000	0.51852	0.04439	6.05718	0.28524	0.01752	-1.00000	-1.00000
14646	Gandy	Leland_Harris	un	6466729	90	0.000013103	29.00000	3.42359	245.64850	1.46240	0.35000	-1.00000	-1.00000
14651	Gandy	Leland_Harris	un	6468488	420	0.500000000	0.48000	0.04081	5.64636	0.31876	0.02128	-1.00000	-1.00000
14670	Gandy	Leland_Harris	un	6473795	106	0.013439958	9.30000	1.04041	83.13105	0.96848	0.12755	-1.00000	-1.00000
14671	Gandy	Leland_Harris	un	6474590	91	0.001501515	0.07280	0.00852	0.62214	1.13789	0.18729	-1.00000	-1.00000
14683	Gandy	Leland_Harris	un	6480784	51	0.000000000	79.22222	9.36504	670.16931	1.89885	0.57895	-1.00000	-1.00000
14713	Gandy	Leland_Harris	un	6495342	116	0.001954280	0.07258	0.00838	0.62842	1.13918	0.18617	-1.00000	-1.00000
14720	Gandy	Leland_Harris	un	6496889	63	0.245762712	0.31183	0.03067	3.17041	0.50608	0.03448	-1.00000	-1.00000
14732	Gandy	Leland_Harris	un	6501927	163	1.000000000	1.66667	0.14261	19.47836	0.22185	0.01509	-1.00000	-1.00000
14740	Gandy	Leland_Harris	un	6504942	38	0.500000000	0.48387	0.04165	5.62086	0.31527	0.01695	-1.00000	-1.00000
14741	Gandy	Leland_Harris	un	6505679	14	0.725998226	0.70769	0.16944	2.95579	0.15016	0.00390	-1.00000	-1.00000
14747	Gandy	Leland_Harris	un	6509177	437	0.208144796	0.26437	0.02576	2.71292	0.57779	0.04667	-1.00000	-1.00000
14750	Gandy	Leland_Harris	un	6509592	39	0.173946392	2.25000	0.72201	7.01168	0.35218	0.03556	-1.00000	-1.00000
14756	Gandy	Leland_Harris	un	6512942	99	0.012084093	0.08696	0.00988	0.76511	1.06070	0.13960	-1.00000	-1.00000
14758	Gandy	Leland_Harris	un	6514604	199	0.211038961	0.26882	0.02632	2.74562	0.57054	0.04274	-1.00000	-1.00000
14759	Gandy	Leland_Harris	un	6515384	169	0.500000000	2.08333	0.17711	24.50678	0.31876	0.02128	-1.00000	-1.00000
14768	Gandy	Leland_Harris	un	6518630	372	0.491833031	0.33333	0.03272	3.39531	0.47712	0.03333	-1.00000	-1.00000
14773	Gandy	Leland_Harris	un	6521162	390	0.491264850	0.33333	0.03259	3.40968	0.47712	0.03571	-1.00000	-1.00000
14777	Gandy	Leland_Harris	un	6524039	74	0.063270428	7.00000	0.79639	61.52789	0.84510	0.07187	-1.00000	-1.00000
14779	Gandy	Leland_Harris	un	6524742	18	0.025310124	0.13580	0.01519	1.21416	0.86709	0.10638	-1.00000	-1.00000
14785	Gandy	Leland_Harris	un	6529206	289	0.227113906	0.28736	0.02808	2.94037	0.54158	0.04142	-1.00000	-1.00000
14790	Gandy	Leland_Harris	un	6530797	357	0.482758621	2.21429	0.19026	25.77014	0.34523	0.01880	-1.00000	-1.00000
14792	Gandy	Leland_Harris	un	6532108	34	0.000051887	23.25000	2.77021	195.13420	1.36642	0.28205	-1.00000	-1.00000
14793	Gandy	Leland_Harris	un	6533234	371	0.091583710	0.18966	0.01978	1.81808	0.72204	0.07143	-1.00000	-1.00000
14798	Gandy	Leland_Harris	un	6534918	465	0.500000000	0.48148	0.04113	5.63661	0.31742	0.01961	-1.00000	-1.00000
14812	Gandy	Leland_Harris	un	6539292	34	0.000003955	31.00000	3.73565	257.25128	1.49136	0.34091	-1.00000	-1.00000
14813	Gandy	Leland_Harris	un	6540061	16	0.335659598	2.36842	0.62344	8.99759	0.37446	0.03175	-1.00000	-1.00000
14823	Gandy	Leland_Harris	un	6543281	35	0.005641550	0.11888	0.02358	0.59933	0.92489	0.15077	-1.00000	-1.00000
14831	Gandy	Leland_Harris	un	6546709	89	0.002076008	12.78947	1.49310	109.55123	1.10685	0.18182	-1.00000	-1.00000
14839	Gandy	Leland_Harris	un	6548346	67	0.000000000	93.00000	10.87525	795.29230	1.96848	0.62162	-1.00000	-1.00000
14842	Gandy	Leland_Harris	un	6550002	54	0.055746141	0.17241	0.01886	1.57593	0.76343	0.07692	-1.00000	-1.00000
14858	Gandy	Leland_Harris	un	6556217	49	0.001099811	0.06810	0.00798	0.58084	1.16685	0.19231	-1.00000	-1.00000
14869	Gandy	Leland_Harris	un	6562773	105	0.001099811	0.06810	0.00798	0.58084	1.16685	0.19231	-1.00000	-1.00000
14881	Gandy	Leland_Harris	un	6568401	44	0.135420848	3.90000	0.71019	21.41688	0.59106	0.05023	-1.00000	-1.00000
14884	Gandy	Leland_Harris	un	6569699	9	0.000412429	0.05806	0.00686	0.49162	1.23609	0.22095	-1.00000	-1.00000
14887	Gandy	Leland_Harris	un	6571578	262	0.046139818	6.42857	0.69714	59.27980	0.80811	0.09420	-1.00000	-1.00000
14894	Gandy	Leland_Harris	un	6573745	252	0.481481481	0.44828	0.03837	5.23742	0.34845	0.02032	-1.00000	-1.00000
14901	Gandy	Leland_Harris	un	6575988	102	1.000000000	0.51852	0.04439	6.05718	0.28524	0.01752	-1.00000	-1.00000
14914	Gandy	Leland_Harris	un	6581021	50	0.000083341	12.00000	3.31620	43.42323	1.07918	0.30250	-1.00000	-1.00000
14918	Gandy	Leland_Harris	un	6583554	38	1.000000000	0.51724	0.04445	6.01898	0.28631	0.01637	-1.00000	-1.00000
14928	Gandy	Leland_Harris	un	6587928	210	0.500000000	0.48276	0.04141	5.62819	0.31627	0.01818	-1.00000	-1.00000
14951	Gandy	Leland_Harris	un	6594921	196	0.481481481	0.44828	0.03837	5.23742	0.34845	0.02032	-1.00000	-1.00000
14961	Gandy	Leland_Harris	un	6599302	301	1.000000000	0.51852	0.04439	6.05718	0.28524	0.01752	-1.00000	-1.00000
14973	Gandy	Leland_Harris	un	6605969	569	0.464285714	0.41935	0.03596	4.89101	0.37742	0.02098	-1.00000	-1.00000
14978	Gandy	Leland_Harris	un	6607824	14	0.112015456	0.18519	0.02022	1.69642	0.73239	0.07429	-1.00000	-1.00000
15004	Gandy	Leland_Harris	un	6620986	146	0.482758621	2.21429	0.19026	25.77014	0.34523	0.01880	-1.00000	-1.00000
15009	Gandy	Leland_Harris	un	6623118	32	0.482758621	2.21429	0.19026	25.77014	0.34523	0.01880	-1.00000	-1.00000
15020	Gandy	Leland_Harris	un	6627987	226	1.000000000	1.08000	0.06407	18.20505	0.03342	0.00005	-1.00000	-1.00000
15023	Gandy	Leland_Harris	un	6629084	526	1.000000000	0.51852	0.04439	6.05718	0.28524	0.01752	-1.00000	-1.00000
15046	Gandy	Leland_Harris	un	6634828	228	1.000000000	0.55556	0.04765	6.47777	0.25527	0.01576	-1.00000	-1.00000
15055	Gandy	Leland_Harris	un	6638839	212	0.500000000	2.07143	0.17768	24.14955	0.31627	0.01818	-1.00000	-1.00000
15063	Gandy	Leland_Harris	un	6642126	234	0.047272578	6.30435	0.68765	57.79831	0.79964	0.08615	-1.00000	-1.00000
15068	Gandy	Leland_Harris	un	6645513	283	1.000000000	0.51724	0.04445	6.01898	0.28631	0.01637	-1.00000	-1.00000
15071	Gandy	Leland_Harris	un	6646047	116	0.000000309	39.85714	4.83077	328.84833	1.60051	0.39535	-1.00000	-1.00000
15079	Gandy	Leland_Harris	un	6649313	57	0.048259363	0.16129	0.01768	1.47141	0.79239	0.07937	-1.00000	-1.00000
15082	Gandy	Leland_Harris	un	6649998	116	0.500000000	0.48387	0.04165	5.62086	0.31527	0.01695	-1.00000	-1.00000
15093	Gandy	Leland_Harris	un	6654471	579	0.500000000	0.48276	0.04141	5.62819	0.31627	0.01818	-1.00000	-1.00000
15094	Gandy	Leland_Harris	un	6654763	48	0.000674159	9.00000	2.55509	31.70138	0.95424	0.24889	-1.00000	-1.00000
15095	Gandy	Leland_Harris	un	6655584	13	0.001886343	0.07407	0.00875	0.62673	1.13033	0.18571	-1.00000	-1.00000
15103	Gandy	Leland_Harris	un	6658387	33	0.000000023	62.50000	7.20458	542.19000	1.79588	0.56576	-1.00000	-1.00000
15125	Gandy	Leland_Harris	un	6666890	94	1.000000000	0.56000	0.04783	6.55691	0.25181	0.01681	-1.00000	-1.00000
15138	Gandy	Leland_Harris	un	6673023	97	0.013449444	8.33333	0.96777	71.75745	0.92082	0.11915	-1.00000	-1.00000
15146	Gandy	Leland_Harris	un	6677754	378	0.464285714	0.41935	0.03596	4.89101	0.37742	0.02098	-1.00000	-1.00000
15170	Gandy	Leland_Harris	un	6688875	130	0.026092774	7.15385	0.80847	63.30171	0.85454	0.09091	-1.00000	-1.00000
15175	Gandy	Leland_Harris	un	6690759	420	0.482758621	0.45161	0.03880	5.25593	0.34523	0.01880	-1.00000	-1.00000
15177	Gandy	Leland_Harris	un	6691189	45	0.000911685	0.06897	0.00817	0.58216	1.16137	0.19149	-1.00000	-1.00000
15191	Gandy	Leland_Harris	un	6694956	101	0.001949047	13.23529	1.53257	114.30026	1.12173	0.20000	-1.00000	-1.00000
15195	Gandy	Leland_Harris	un	6698037	46	0.000000109	46.50000	5.57532	387.82544	1.66745	0.44425	-1.00000	-1.00000
15200	Gandy	Leland_Harris	un	6701145	40	0.237749546	0.24138	0.02539	2.29481	0.61730	0.05091	-1.00000	-1.00000
15203	Gandy	Leland_Harris	un	6702698	99	1.000000000	1.91667	0.16250	22.60740	0.28255	0.00550	-1.00000	-1.00000
15204	Gandy	Leland_Harris	un	6703452	49	0.023977923	8.12000	0.93407	70.58795	0.90956	0.10769	-1.00000	-1.00000
15224	Gandy	Leland_Harris	un	6713052	37	0.000000287	69.00000	7.60679	625.88849	1.83885	0.52450	-1.00000	-1.00000
15228	Gandy	Leland_Harris	un	6714864	193	1.000000000	0.92593	0.05493	15.60790	0.03342	0.00005	-1.00000	-1.00000
15229	Gandy	Leland_Harris	un	6715346	15	0.654564513	0.54762	0.08421	3.56135	0.26152	0.00726	-1.00000	-1.00000
15256	Gandy	Leland_Harris	un	6727456	253	0.482758621	2.21429	0.19026	25.77014	0.34523	0.01880	-1.00000	-1.00000
15265	Gandy	Leland_Harris	un	6731784	380	0.104821803	0.20690	0.02165	1.97698	0.68425	0.06335	-1.00000	-1.00000
15273	Gandy	Leland_Harris	un	6733102	31	0.000117509	10.85714	3.12459	37.72580	1.03572	0.28353	-1.00000	-1.00000
15279	Gandy	Leland_Harris	un	6736945	453	0.464285714	0.41935	0.03596	4.89101	0.37742	0.02098	-1.00000	-1.00000
15281	Gandy	Leland_Harris	un	6738065	25	0.000000000	108.00000	12.11987	962.38641	2.03342	0.68894	-1.00000	-1.00000
15285	Gandy	Leland_Harris	un	6739740	109	0.710888611	0.65714	0.13964	3.09243	0.18234	0.00548	-1.00000	-1.00000
15288	Gandy	Leland_Harris	un	6742232	56	0.245098039	0.30864	0.03010	3.16484	0.51055	0.04000	-1.00000	-1.00000
15305	Gandy	Leland_Harris	un	6748618	96	0.464285714	0.41935	0.03596	4.89101	0.37742	0.02098	-1.00000	-1.00000
15311	Gandy	Leland_Harris	un	6750622	431	1.000000000	0.51852	0.04439	6.05718	0.28524	0.01752	-1.00000	-1.00000
15319	Gandy	Leland_Harris	un	6754149	53	0.000022608	16.66667	4.07378	68.18669	1.22185	0.36308	-1.00000	-1.00000
15320	Gandy	Leland_Harris	un	6754967	119	0.000000475	58.00000	6.64453	506.28122	1.76343	0.45914	-1.00000	-1.00000
15321	Gandy	Leland_Harris	un	6755921	267	0.490612245	0.33333	0.03243	3.42639	0.47712	0.03846	-1.00000	-1.00000
15329	Gandy	Leland_Harris	un	6760824	301	0.104821803	0.20690	0.02165	1.97698	0.68425	0.06335	-1.00000	-1.00000
15361	Gandy	Leland_Harris	un	6772651	148	0.010050659	0.10000	0.01153	0.86750	1.00000	0.15027	-1.00000	-1.00000
15379	Gandy	Leland_Harris	un	6779520	38	0.000036465	31.50000	3.70715	267.65814	1.49831	0.31454	-1.00000	-1.00000
15393	Gandy	Leland_Harris	un	6784103	17	0.118181818	4.46154	0.46819	42.51565	0.64948	0.05660	-1.00000	-1.00000
15395	Gandy	Leland_Harris	un	6784972	61	0.000000001	138.00000	14.33213	1328.76306	2.13988	0.66205	-1.00000	-1.00000
15411	Gandy	Leland_Harris	un	6790733	31	0.490612245	0.33333	0.03243	3.42639	0.47712	0.03846	-1.00000	-1.00000
15416	Gandy	Leland_Harris	un	6792797	553	0.500000000	0.48148	0.04113	5.63661	0.31742	0.01961	-1.00000	-1.00000
15418	Gandy	Leland_Harris	un	6793206	113	0.500000000	0.48387	0.04165	5.62086	0.31527	0.01695	-1.00000	-1.00000
15443	Gandy	Leland_Harris	un	6804091	151	1.000000000	0.56000	0.04783	6.55691	0.25181	0.01681	-1.00000	-1.00000
15445	Gandy	Leland_Harris	un	6804859	112	0.290405663	2.45455	0.54994	10.95544	0.38997	0.02488	-1.00000	-1.00000
15447	Gandy	Leland_Harris	un	6806436	116	0.000587295	21.26667	2.50224	180.74677	1.32770	0.22440	-1.00000	-1.00000
15448	Gandy	Leland_Harris	un	6807466	284	1.000000000	1.93333	0.16614	22.49763	0.28631	0.01637	-1.00000	-1.00000
15457	Gandy	Leland_Harris	un	6810423	26	0.000044336	19.20000	3.70685	99.44823	1.28330	0.32026	-1.00000	-1.00000
15467	Gandy	Leland_Harris	un	6814484	23	0.291413154	0.54656	0.18439	1.62006	0.26236	0.02139	-1.00000	-1.00000
15487	Gandy	Leland_Harris	un	6821966	286	1.000000000	0.60000	0.05134	7.01221	0.22185	0.01509	-1.00000	-1.00000
15489	Gandy	Leland_Harris	un	6822505	40	0.025722887	3.88312	1.20950	12.46685	0.58918	0.10066	-1.00000	-1.00000
15490	Gandy	Leland_Harris	un	6823459	121	0.000046796	23.40000	2.78171	196.84299	1.36922	0.30000	-1.00000	-1.00000
15498	Gandy	Leland_Harris	un	6826348	54	0.236897275	4.15385	0.43495	39.66973	0.61845	0.05462	-1.00000	-1.00000
15499	Gandy	Leland_Harris	un	6827128	25	0.244680851	0.30667	0.02975	3.16133	0.51333	0.04348	-1.00000	-1.00000
15500	Gandy	Leland_Harris	un	6828465	505	0.464285714	2.38462	0.20446	27.81217	0.37742	0.02098	-1.00000	-1.00000
15502	Gandy	Leland_Harris	un	6828845	13	0.000000352	45.00000	5.27812	383.65939	1.65321	0.47552	-1.00000	-1.00000
15511	Gandy	Leland_Harris	un	6834291	42	0.589727264	1.37143	0.45469	4.13647	0.13717	0.00606	-1.00000	-1.00000
15527	Gandy	Leland_Harris	un	6843272	17	0.259118541	2.85714	0.50084	16.29927	0.45593	0.02857	-1.00000	-1.00000
15528	Gandy	Leland_Harris	un	6844424	259	1.000000000	0.51724	0.04445	6.01898	0.28631	0.01637	-1.00000	-1.00000
15537	Gandy	Leland_Harris	un	6850634	26	0.000368554	0.05956	0.00710	0.49986	1.22504	0.21739	-1.00000	-1.00000
15540	Gandy	Leland_Harris	un	6852808	447	1.000000000	0.51724	0.04445	6.01898	0.28631	0.01637	-1.00000	-1.00000
15549	Gandy	Leland_Harris	un	6855841	104	0.000116847	0.04843	0.00580	0.40455	1.31486	0.26531	-1.00000	-1.00000
15561	Gandy	Leland_Harris	un	6860631	71	0.004675001	0.08812	0.01040	0.74695	1.05491	0.14933	-1.00000	-1.00000
15569	Gandy	Leland_Harris	un	6864740	78	0.003465046	0.08333	0.00958	0.72459	1.07918	0.17636	-1.00000	-1.00000
15586	Gandy	Leland_Harris	un	6872958	102	0.023977923	0.12315	0.01417	1.07058	0.90956	0.10769	-1.00000	-1.00000
15589	Gandy	Leland_Harris	un	6874644	128	0.106170599	4.76923	0.50143	45.36166	0.67845	0.05844	-1.00000	-1.00000
15590	Gandy	Leland_Harris	un	6875398	76	0.027112779	3.88889	1.17775	12.84101	0.58983	0.10000	-1.00000	-1.00000
15594	Gandy	Leland_Harris	un	6877118	114	0.002188045	12.42857	1.46083	105.74072	1.09442	0.16667	-1.00000	-1.00000
15599	Gandy	Leland_Harris	un	6879003	399	0.605263158	0.44828	0.03837	5.23742	0.34845	0.00739	-1.00000	-1.00000
15601	Gandy	Leland_Harris	un	6880655	403	0.500000000	0.48148	0.04113	5.63661	0.31742	0.01961	-1.00000	-1.00000
15604	Gandy	Leland_Harris	un	6882914	183	0.482758621	2.21429	0.19026	25.77014	0.34523	0.01880	-1.00000	-1.00000
15605	Gandy	Leland_Harris	un	6883537	31	0.000073718	0.03704	0.00441	0.31135	1.43136	0.27480	-1.00000	-1.00000
15611	Gandy	Leland_Harris	un	6886869	87	0.056199822	0.17419	0.01914	1.58503	0.75897	0.07143	-1.00000	-1.00000
15617	Gandy	Leland_Harris	un	6890020	111	0.190157281	0.36364	0.09314	1.41978	0.43933	0.04408	-1.00000	-1.00000
15626	Gandy	Leland_Harris	un	6893355	216	0.500000000	0.48000	0.04081	5.64636	0.31876	0.02128	-1.00000	-1.00000
15627	Gandy	Leland_Harris	un	6893953	13	0.227113906	0.28736	0.02808	2.94037	0.54158	0.04142	-1.00000	-1.00000
15633	Gandy	Leland_Harris	un	6897919	6	0.227113906	3.48000	0.34009	35.60907	0.54158	0.04142	-1.00000	-1.00000
15642	Gandy	Leland_Harris	un	6902879	66	0.011603269	8.82609	1.01217	76.96327	0.94577	0.12000	-1.00000	-1.00000
15654	Gandy	Leland_Harris	un	6907547	126	0.129854872	2.84211	0.75719	10.66782	0.45364	0.04472	-1.00000	-1.00000
15655	Gandy	Leland_Harris	un	6908441	215	0.054609929	5.95238	0.64385	55.02943	0.77469	0.09091	-1.00000	-1.00000
15680	Gandy	Leland_Harris	un	6918010	12	0.556758483	1.46667	0.43322	4.96536	0.16633	0.00680	-1.00000	-1.00000
15681	Gandy	Leland_Harris	un	6918868	60	0.500000000	2.06667	0.17791	24.00734	0.31527	0.01695	-1.00000	-1.00000
15709	Gandy	Leland_Harris	un	6929264	19	0.500000000	0.48387	0.04165	5.62086	0.31527	0.01695	-1.00000	-1.00000
15713	Gandy	Leland_Harris	un	6930138	31	0.500000000	2.07143	0.17768	24.14955	0.31627	0.01818	-1.00000	-1.00000
15727	Gandy	Leland_Harris	un	6934371	109	0.412557476	2.36364	0.39469	14.15480	0.37358	0.01717	-1.00000	-1.00000
15728	Gandy	Leland_Harris	un	6935486	396	1.000000000	0.92593	0.05493	15.60790	0.03342	0.00005	-1.00000	-1.00000
15730	Gandy	Leland_Harris	un	6936013	107	0.103265306	0.20370	0.02120	1.95699	0.69100	0.06915	-1.00000	-1.00000
15736	Gandy	Leland_Harris	un	6940828	90	0.118181818	0.22414	0.02352	2.13589	0.64948	0.05660	-1.00000	-1.00000
15738	Gandy	Leland_Harris	un	6941592	77	0.763120964	0.70000	0.21065	2.32614	0.15490	0.00608	-1.00000	-1.00000
15743	Gandy	Leland_Harris	un	6944722	58	0.001284842	12.00000	2.30555	62.45788	1.07918	0.22161	-1.00000	-1.00000
15747	Gandy	Leland_Harris	un	6947021	155	0.482758621	0.45161	0.03880	5.25593	0.34523	0.01880	-1.00000	-1.00000
15749	Gandy	Leland_Harris	un	6948505	44	0.010968168	0.10857	0.01229	0.95910	0.96428	0.14286	-1.00000	-1.00000
15762	Gandy	Leland_Harris	un	6954957	117	0.031319049	0.15385	0.02896	0.81725	0.81291	0.10975	-1.00000	-1.00000
15763	Gandy	Leland_Harris	un	6955672	57	0.002188045	0.08046	0.00946	0.68454	1.09442	0.16667	-1.00000	-1.00000
15774	Gandy	Leland_Harris	un	6960352	11	0.000159403	18.60000	2.24139	154.35077	1.26951	0.22449	-1.00000	-1.00000
15783	Gandy	Leland_Harris	un	6964608	151	0.026092774	0.13978	0.01580	1.23690	0.85454	0.09091	-1.00000	-1.00000
15798	Gandy	Leland_Harris	un	6972604	51	0.106170599	4.76923	0.50143	45.36166	0.67845	0.05844	-1.00000	-1.00000
15800	Gandy	Leland_Harris	un	6973364	10	1.000000000	1.00000	0.32968	3.03324	0.00000	0.00000	-1.00000	-1.00000
15810	Gandy	Leland_Harris	un	6976978	442	0.461538462	2.41667	0.20633	28.30581	0.38322	0.02288	-1.00000	-1.00000
15821	Gandy	Leland_Harris	un	6980111	362	0.444444444	0.38710	0.03311	4.52610	0.41218	0.02358	-1.00000	-1.00000
15832	Gandy	Leland_Harris	un	6982878	119	0.000006539	45.00000	5.18815	390.31253	1.65321	0.40513	-1.00000	-1.00000
15835	Gandy	Leland_Harris	un	6984859	92	0.011860352	8.68000	1.00047	75.30706	0.93852	0.11111	-1.00000	-1.00000
15846	Gandy	Leland_Harris	un	6990567	435	0.464285714	2.38462	0.20446	27.81217	0.37742	0.02098	-1.00000	-1.00000
15851	Gandy	Leland_Harris	un	6991726	35	1.000000000	0.55556	0.04765	6.47777	0.25527	0.01576	-1.00000	-1.00000
15854	Gandy	Leland_Harris	un	6993377	29	1.000000000	1.93333	0.16614	22.49763	0.28631	0.01637	-1.00000	-1.00000
15872	Gandy	Leland_Harris	un	7000279	74	1.000000000	0.92593	0.05493	15.60790	0.03342	0.00005	-1.00000	-1.00000
15874	Gandy	Leland_Harris	un	7001541	478	1.000000000	1.78571	0.15251	20.90852	0.25181	0.01681	-1.00000	-1.00000
15877	Gandy	Leland_Harris	un	7003843	342	0.500000000	0.48387	0.04165	5.62086	0.31527	0.01695	-1.00000	-1.00000
15880	Gandy	Leland_Harris	un	7005070	67	0.192872117	0.24731	0.02414	2.53324	0.60676	0.04808	-1.00000	-1.00000
15883	Gandy	Leland_Harris	un	7005853	28	0.002587025	0.07759	0.00894	0.67309	1.11022	0.18148	-1.00000	-1.00000
15899	Gandy	Leland_Harris	un	7012135	8	1.000000000	0.94737	0.29651	3.02691	0.02348	0.00016	-1.00000	-1.00000
15903	Gandy	Leland_Harris	un	7014915	380	1.000000000	1.92308	0.16389	22.56519	0.28400	0.01884	-1.00000	-1.00000
15904	Gandy	Leland_Harris	un	7015412	39	0.162645194	2.50000	0.81247	7.69257	0.39794	0.04824	-1.00000	-1.00000
15905	Gandy	Leland_Harris	un	7016254	39	0.010708738	9.66667	1.12815	82.82948	0.98528	0.12810	-1.00000	-1.00000
15906	Gandy	Leland_Harris	un	7017096	109	0.002304137	0.06087	0.00702	0.52800	1.21560	0.19902	-1.00000	-1.00000
15908	Gandy	Leland_Harris	un	7018091	214	1.000000000	1.00000	0.05965	16.76418	0.00000	0.00000	-1.00000	-1.00000
15913	Gandy	Leland_Harris	un	7019919	355	0.482758621	2.21429	0.19026	25.77014	0.34523	0.01880	-1.00000	-1.00000
15924	Gandy	Leland_Harris	un	7026122	292	0.500000000	0.48387	0.04165	5.62086	0.31527	0.01695	-1.00000	-1.00000
15930	Gandy	Leland_Harris	un	7029779	13	0.053022164	3.40909	1.10090	10.55675	0.53264	0.08659	-1.00000	-1.00000
15934	Gandy	Leland_Harris	un	7031499	28	0.017220725	8.45455	0.94960	75.27277	0.92709	0.11312	-1.00000	-1.00000
15943	Gandy	Leland_Harris	un	7036663	284	0.500000000	0.48387	0.04165	5.62086	0.31527	0.01695	-1.00000	-1.00000
15944	Gandy	Leland_Harris	un	7037158	105	0.000080714	0.04598	0.00547	0.38665	1.33746	0.27549	-1.00000	-1.00000
15950	Gandy	Leland_Harris	un	7040348	37	0.016354234	0.11494	0.01283	1.02946	0.93952	0.12411	-1.00000	-1.00000
15955	Gandy	Leland_Harris	un	7042729	50	0.005211412	11.42105	1.30174	100.20435	1.05771	0.15625	-1.00000	-1.00000
15956	Gandy	Leland_Harris	un	7043522	54	0.010387488	5.18182	1.47672	18.18297	0.71448	0.14129	-1.00000	-1.00000
15958	Gandy	Leland_Harris	un	7045372	270	1.000000000	0.51724	0.04445	6.01898	0.28631	0.01637	-1.00000	-1.00000
15964	Gandy	Leland_Harris	un	7048376	7	0.789073011	1.33333	0.46514	3.82206	0.12494	0.00513	-1.00000	-1.00000
15971	Gandy	Leland_Harris	un	7051257	396	0.490612245	3.00000	0.29185	30.83754	0.47712	0.03846	-1.00000	-1.00000
15972	Gandy	Leland_Harris	un	7051645	10	0.245283019	3.57143	0.37390	34.11384	0.55284	0.04706	-1.00000	-1.00000
15974	Gandy	Leland_Harris	un	7052925	462	0.444444444	0.38710	0.03311	4.52610	0.41218	0.02358	-1.00000	-1.00000
15981	Gandy	Leland_Harris	un	7054474	414	0.106170599	0.20968	0.02205	1.99431	0.67845	0.05844	-1.00000	-1.00000
15984	Gandy	Leland_Harris	un	7054840	25	0.066627498	0.27273	0.07243	1.02690	0.56427	0.07814	-1.00000	-1.00000
15985	Gandy	Leland_Harris	un	7055679	130	0.000251499	0.05572	0.00665	0.46667	1.25400	0.22321	-1.00000	-1.00000
15986	Gandy	Leland_Harris	un	7056350	10	0.042646243	3.66667	1.09745	12.25066	0.56427	0.08964	-1.00000	-1.00000
15994	Gandy	Leland_Harris	un	7059656	94	0.573456133	1.52308	0.49964	4.64286	0.18272	0.01057	-1.00000	-1.00000
16008	Gandy	Leland_Harris	un	7065283	385	0.461538462	0.41379	0.03533	4.84665	0.38322	0.02288	-1.00000	-1.00000
16012	Gandy	Leland_Harris	un	7067788	366	0.464285714	2.38462	0.20446	27.81217	0.37742	0.02098	-1.00000	-1.00000
16013	Gandy	Leland_Harris	un	7068270	31	0.482758621	2.21429	0.19026	25.77014	0.34523	0.01880	-1.00000	-1.00000
16019	Gandy	Leland_Harris	un	7070714	206	0.225306122	0.28395	0.02761	2.92002	0.54676	0.04514	-1.00000	-1.00000
16023	Gandy	Leland_Harris	un	7072746	65	0.117647059	0.22222	0.02321	2.12804	0.65321	0.06122	-1.00000	-1.00000
16025	Gandy	Leland_Harris	un	7073759	303	0.617647059	2.08333	0.17711	24.50678	0.31876	0.00680	-1.00000	-1.00000
16031	Gandy	Leland_Harris	un	7076847	53	0.000000972	35.13334	4.26403	289.47968	1.54572	0.36364	-1.00000	-1.00000
16038	Gandy	Leland_Harris	un	7081426	467	1.000000000	1.26087	0.07475	21.26724	0.10067	0.00048	-1.00000	-1.00000
16057	Gandy	Leland_Harris	un	7089605	127	0.000000000	837.00000	49.91668	14034.76660	2.92273	1.00000	-1.00000	-1.00000
16079	Gandy	Leland_Harris	un	7099710	150	0.000005400	19.50000	4.80548	79.12845	1.29003	0.38892	-1.00000	-1.00000
16096	Gandy	Leland_Harris	un	7104535	81	0.491833031	3.00000	0.29452	30.55776	0.47712	0.03333	-1.00000	-1.00000
16098	Gandy	Leland_Harris	un	7105357	29	0.106170599	0.20968	0.02205	1.99431	0.67845	0.05844	-1.00000	-1.00000
16099	Gandy	Leland_Harris	un	7106240	134	0.011603269	0.11330	0.01299	0.98798	0.94577	0.12000	-1.00000	-1.00000
16101	Gandy	Leland_Harris	un	7107075	139	0.500000000	2.06667	0.17791	24.00734	0.31527	0.01695	-1.00000	-1.00000
16107	Gandy	Leland_Harris	un	7108903	390	1.000000000	1.80000	0.15437	20.98797	0.25527	0.01576	-1.00000	-1.00000
16108	Gandy	Leland_Harris	un	7109369	35	0.500000000	2.06667	0.17791	24.00734	0.31527	0.01695	-1.00000	-1.00000
16114	Gandy	Leland_Harris	un	7113794	363	1.000000000	1.00000	0.05920	16.89051	0.00000	0.00000	-1.00000	-1.00000
16121	Gandy	Leland_Harris	un	7118693	202	0.481481481	0.44828	0.03837	5.23742	0.34845	0.02032	-1.00000	-1.00000
16123	Gandy	Leland_Harris	un	7120193	195	0.500000000	0.48276	0.04141	5.62819	0.31627	0.01818	-1.00000	-1.00000
16124	Gandy	Leland_Harris	un	7120975	185	0.444444444	0.38710	0.03311	4.52610	0.41218	0.02358	-1.00000	-1.00000
16126	Gandy	Leland_Harris	un	7122820	348	1.000000000	0.51724	0.04445	6.01898	0.28631	0.01637	-1.00000	-1.00000
16133	Gandy	Leland_Harris	un	7127239	476	1.000000000	1.17391	0.06948	19.83494	0.06964	0.00024	-1.00000	-1.00000
16142	Gandy	Leland_Harris	un	7128377	80	0.236897275	0.24074	0.02521	2.29910	0.61845	0.05462	-1.00000	-1.00000
16143	Gandy	Leland_Harris	un	7129088	81	0.190296010	2.80000	0.64934	12.07381	0.44716	0.03849	-1.00000	-1.00000
16160	Gandy	Leland_Harris	un	7136734	452	1.000000000	0.51852	0.04439	6.05718	0.28524	0.01752	-1.00000	-1.00000
16161	Gandy	Leland_Harris	un	7137532	296	0.500000000	2.07143	0.17768	24.14955	0.31627	0.01818	-1.00000	-1.00000
16167	Gandy	Leland_Harris	un	7140630	87	0.493212670	2.77778	0.27089	28.48358	0.44370	0.03429	-1.00000	-1.00000
16170	Gandy	Leland_Harris	un	7142256	58	0.692765614	0.61111	0.12346	3.02480	0.21388	0.00659	-1.00000	-1.00000
16207	Gandy	Leland_Harris	un	7159955	69	1.000000000	0.60000	0.05134	7.01221	0.22185	0.01509	-1.00000	-1.00000
16224	Gandy	Leland_Harris	un	7166554	145	0.000299853	0.05455	0.00639	0.46588	1.26324	0.26316	-1.00000	-1.00000
16233	Gandy	Leland_Harris	un	7171313	19	0.180894214	2.18182	0.71985	6.61297	0.33882	0.03704	-1.00000	-1.00000
16262	Gandy	Leland_Harris	un	7182866	57	0.228675136	3.44444	0.33807	35.09441	0.53712	0.03827	-1.00000	-1.00000
16263	Gandy	Leland_Harris	un	7183967	297	1.000000000	0.56000	0.04783	6.55691	0.25181	0.01681	-1.00000	-1.00000
16280	Gandy	Leland_Harris	un	7189624	295	0.500000000	2.06667	0.17791	24.00734	0.31527	0.01695	-1.00000	-1.00000
16289	Gandy	Leland_Harris	un	7196387	378	1.000000000	1.91667	0.16250	22.60740	0.28255	0.00550	-1.00000	-1.00000
16290	Gandy	Leland_Harris	un	7197345	538	1.000000000	1.80000	0.15437	20.98797	0.25527	0.01576	-1.00000	-1.00000
16291	Gandy	Leland_Harris	un	7198197	560	0.480000000	0.44444	0.03787	5.21605	0.35218	0.02211	-1.00000	-1.00000
16294	Gandy	Leland_Harris	un	7198459	55	0.008914258	0.10345	0.01182	0.90538	0.98528	0.13462	-1.00000	-1.00000
16296	Gandy	Leland_Harris	un	7199271	13	0.710888611	0.65714	0.13964	3.09243	0.18234	0.00548	-1.00000	-1.00000
16303	Gandy	Leland_Harris	un	7204643	282	0.480000000	0.44444	0.03787	5.21605	0.35218	0.02211	-1.00000	-1.00000
16314	Gandy	Leland_Harris	un	7210309	152	0.000000000	150.00000	15.62445	1440.05042	2.17609	0.78632	-1.00000	-1.00000
16331	Gandy	Leland_Harris	un	7218887	310	0.245762712	0.31183	0.03067	3.17041	0.50608	0.03448	-1.00000	-1.00000
16335	Gandy	Leland_Harris	un	7219446	344	0.500000000	2.06667	0.17791	24.00734	0.31527	0.01695	-1.00000	-1.00000
16338	Gandy	Leland_Harris	un	7221748	222	0.227113906	0.28736	0.02808	2.94037	0.54158	0.04142	-1.00000	-1.00000
16341	Gandy	Leland_Harris	un	7224405	307	0.500000000	0.48276	0.04141	5.62819	0.31627	0.01818	-1.00000	-1.00000
16343	Gandy	Leland_Harris	un	7225042	122	0.000221963	18.76471	2.22348	158.36180	1.27334	0.24476	-1.00000	-1.00000
16353	Gandy	Leland_Harris	un	7231349	105	0.770681314	1.20635	0.36265	4.01292	0.08147	0.00180	-1.00000	-1.00000
16357	Gandy	Leland_Harris	un	7232357	260	1.000000000	1.93333	0.16614	22.49763	0.28631	0.01637	-1.00000	-1.00000
16359	Gandy	Leland_Harris	un	7233788	103	1.000000000	0.56000	0.04783	6.55691	0.25181	0.01681	-1.00000	-1.00000
16360	Gandy	Leland_Harris	un	7234498	15	0.771586934	1.34921	0.42928	4.24046	0.13008	0.00527	-1.00000	-1.00000
16384	Gandy	Leland_Harris	un	7245254	52	1.000000000	1.08000	0.06407	18.20505	0.03342	0.00005	-1.00000	-1.00000
16398	Gandy	Leland_Harris	un	7252846	245	1.000000000	0.51852	0.04439	6.05718	0.28524	0.00488	-1.00000	-1.00000
16399	Gandy	Leland_Harris	un	7253522	87	0.245159063	2.25000	0.68512	7.38917	0.35218	0.03501	-1.00000	-1.00000
16402	Gandy	Leland_Harris	un	7254320	39	0.272340426	0.36000	0.07932	1.63383	0.44370	0.03544	-1.00000	-1.00000
16407	Gandy	Leland_Harris	un	7256662	22	0.043193370	3.75000	1.10992	12.66978	0.57403	0.08267	-1.00000	-1.00000
16409	Gandy	Leland_Harris	un	7257982	492	0.211038961	0.26882	0.02632	2.74562	0.57054	0.04274	-1.00000	-1.00000
16411	Gandy	Leland_Harris	un	7259154	61	0.030418751	3.73333	1.22928	11.33816	0.57210	0.10011	-1.00000	-1.00000
16414	Gandy	Leland_Harris	un	7260783	87	0.000000000	169.00000	22.10736	1291.92273	2.22789	0.73469	-1.00000	-1.00000
16428	Gandy	Leland_Harris	un	7265561	89	0.000197409	14.00000	2.81755	69.56390	1.14613	0.23119	-1.00000	-1.00000
16433	Gandy	Leland_Harris	un	7267906	41	0.464285714	2.38462	0.20446	27.81217	0.37742	0.02098	-1.00000	-1.00000
16435	Gandy	Leland_Harris	un	7268753	96	0.040703531	0.14839	0.01622	1.35779	0.82860	0.08876	-1.00000	-1.00000
16436	Gandy	Leland_Harris	un	7269530	64	0.028201740	0.14286	0.01635	1.24796	0.84510	0.10000	-1.00000	-1.00000
16441	Gandy	Leland_Harris	un	7272671	117	0.500000000	2.07143	0.17768	24.14955	0.31627	0.01818	-1.00000	-1.00000
16456	Gandy	Leland_Harris	un	7278035	307	0.500000000	0.48148	0.04113	5.63661	0.31742	0.01961	-1.00000	-1.00000
16461	Gandy	Leland_Harris	un	7279980	51	0.133105840	2.25000	0.80085	6.32140	0.35218	0.04000	-1.00000	-1.00000
16466	Gandy	Leland_Harris	un	7281657	38	0.042043579	0.26316	0.07543	0.91815	0.57978	0.09216	-1.00000	-1.00000
16470	Gandy	Leland_Harris	un	7282907	476	0.480000000	2.25000	0.19172	26.40626	0.35218	0.02211	-1.00000	-1.00000
16486	Gandy	Leland_Harris	un	7288342	512	0.500000000	0.48148	0.04113	5.63661	0.31742	0.01961	-1.00000	-1.00000
16487	Gandy	Leland_Harris	un	7288692	69	0.771162066	0.75556	0.23897	2.38889	0.12173	0.00423	-1.00000	-1.00000
16505	Gandy	Leland_Harris	un	7298702	505	0.603773585	0.44444	0.03787	5.21605	0.35218	0.00808	-1.00000	-1.00000
16506	Gandy	Leland_Harris	un	7299037	63	1.000000000	0.92308	0.20744	4.10750	0.03476	0.00019	-1.00000	-1.00000
16538	Gandy	Leland_Harris	un	7311946	411	0.208144796	0.26437	0.02576	2.71292	0.57779	0.04667	-1.00000	-1.00000
16574	Gandy	Leland_Harris	un	7324703	127	0.409430280	1.80000	0.60505	5.35492	0.25527	0.02084	-1.00000	-1.00000
16586	Gandy	Leland_Harris	un	7326027	47	0.002464405	8.33333	2.00805	34.58303	0.92082	0.18480	-1.00000	-1.00000
16598	Gandy	Leland_Harris	un	7333251	32	0.011603269	0.11330	0.01299	0.98798	0.94577	0.12000	-1.00000	-1.00000
16599	Gandy	Leland_Harris	un	7334193	152	0.000149176	20.05882	2.38159	168.94432	1.30231	0.25084	-1.00000	-1.00000
16605	Gandy	Leland_Harris	un	7336311	53	0.114880414	0.20000	0.02178	1.83684	0.69897	0.07143	-1.00000	-1.00000
16620	Gandy	Leland_Harris	un	7340650	215	1.000000000	0.56000	0.04783	6.55691	0.25181	0.01681	-1.00000	-1.00000
16657	Gandy	Leland_Harris	un	7356715	181	0.225306122	0.28395	0.02761	2.92002	0.54676	0.04514	-1.00000	-1.00000
16658	Gandy	Leland_Harris	un	7357205	49	0.362176628	0.31034	0.03040	3.16783	0.50816	0.01786	-1.00000	-1.00000
16683	Gandy	Leland_Harris	un	7369325	114	0.000000581	43.20000	5.04896	369.62860	1.63548	0.46429	-1.00000	-1.00000
16693	Gandy	Leland_Harris	un	7373380	130	0.000145724	16.50000	3.26072	83.49372	1.21748	0.28265	-1.00000	-1.00000
16702	Gandy	Leland_Harris	un	7375658	23	0.000149176	0.04985	0.00592	0.41989	1.30231	0.25084	-1.00000	-1.00000
16708	Gandy	Leland_Harris	un	7380591	63	0.000000405	50.09091	5.96864	420.38062	1.69976	0.40500	-1.00000	-1.00000
16717	Gandy	Leland_Harris	un	7385113	521	0.500000000	0.48000	0.04081	5.64636	0.31876	0.02128	-1.00000	-1.00000
16719	Gandy	Leland_Harris	un	7385382	10	0.101420854	2.66667	0.85001	8.36589	0.42597	0.05769	-1.00000	-1.00000
16721	Gandy	Leland_Harris	un	7386357	152	1.000000000	0.51724	0.04445	6.01898	0.28631	0.01637	-1.00000	-1.00000
16723	Gandy	Leland_Harris	un	7387264	362	0.237749546	0.24138	0.02539	2.29481	0.61730	0.05091	-1.00000	-1.00000
16739	Gandy	Leland_Harris	un	7394138	29	0.268129019	2.11111	0.69953	6.37110	0.32451	0.03297	-1.00000	-1.00000
16744	Gandy	Leland_Harris	un	7396926	434	0.464285714	2.38462	0.20446	27.81217	0.37742	0.02098	-1.00000	-1.00000
16745	Gandy	Leland_Harris	un	7397646	239	0.091583710	5.27273	0.55003	50.54564	0.72204	0.07143	-1.00000	-1.00000
16747	Gandy	Leland_Harris	un	7398976	48	0.361183661	0.53571	0.14857	1.93165	0.27107	0.01775	-1.00000	-1.00000
16748	Gandy	Leland_Harris	un	7399742	67	0.056039078	0.31169	0.09840	0.98732	0.50628	0.07040	-1.00000	-1.00000
16766	Gandy	Leland_Harris	un	7405614	70	0.002423097	0.12000	0.02842	0.50664	0.92082	0.18687	-1.00000	-1.00000
16775	Gandy	Leland_Harris	un	7408948	40	0.104821803	4.83333	0.50582	46.18450	0.68425	0.06335	-1.00000	-1.00000
16806	Gandy	Leland_Harris	un	7423685	143	0.237749546	0.24138	0.02539	2.29481	0.61730	0.05091	-1.00000	-1.00000
16813	Gandy	Leland_Harris	un	7428534	76	0.228675136	3.44444	0.33807	35.09441	0.53712	0.03827	-1.00000	-1.00000
16814	Gandy	Leland_Harris	un	7429377	192	1.000000000	1.08000	0.06407	18.20505	0.03342	0.00005	-1.00000	-1.00000
16830	Gandy	Leland_Harris	un	7434646	27	0.000144217	19.33333	2.31339	161.57144	1.28631	0.24444	-1.00000	-1.00000
16876	Gandy	Leland_Harris	un	7452803	38	0.491833031	0.33333	0.03272	3.39531	0.47712	0.03333	-1.00000	-1.00000
16879	Gandy	Leland_Harris	un	7453980	384	1.000000000	0.51724	0.04445	6.01898	0.28631	0.01637	-1.00000	-1.00000
16887	Gandy	Leland_Harris	un	7456392	7	0.008914258	0.10345	0.01182	0.90538	0.98528	0.13462	-1.00000	-1.00000
16888	Gandy	Leland_Harris	un	7457696	386	0.464285714	0.41935	0.03596	4.89101	0.37742	0.02098	-1.00000	-1.00000
16891	Gandy	Leland_Harris	un	7459983	112	0.093795094	5.16667	0.54173	49.27621	0.71321	0.06531	-1.00000	-1.00000
16896	Gandy	Leland_Harris	un	7462674	236	0.227113906	0.28736	0.02808	2.94037	0.54158	0.04142	-1.00000	-1.00000
16899	Gandy	Leland_Harris	un	7463359	109	0.590961008	0.66667	0.23086	1.92513	0.17609	0.01006	-1.00000	-1.00000
16914	Gandy	Leland_Harris	un	7467911	32	0.546402490	0.66667	0.19013	2.33759	0.17609	0.00840	-1.00000	-1.00000
16918	Gandy	Leland_Harris	un	7469685	104	0.569274258	1.60000	0.51970	4.92594	0.20412	0.01349	-1.00000	-1.00000
16923	Gandy	Leland_Harris	un	7472885	58	0.100405268	6.90000	0.76437	62.28636	0.83885	0.07413	-1.00000	-1.00000
16926	Gandy	Leland_Harris	un	7474565	62	0.360144058	3.26087	0.31632	33.61525	0.51333	0.02083	-1.00000	-1.00000
16933	Gandy	Leland_Harris	un	7478194	464	0.244680851	3.26087	0.31632	33.61525	0.51333	0.04348	-1.00000	-1.00000
16935	Gandy	Leland_Harris	un	7478442	28	0.000022275	27.00000	3.18017	229.23271	1.43136	0.34211	-1.00000	-1.00000
16936	Gandy	Leland_Harris	un	7479664	424	1.000000000	1.92857	0.16509	22.52900	0.28524	0.01752	-1.00000	-1.00000
16937	Gandy	Leland_Harris	un	7480185	154	0.114156326	0.31481	0.08312	1.19229	0.50194	0.05645	-1.00000	-1.00000
16945	Gandy	Leland_Harris	un	7484703	96	0.000340453	13.84615	2.73332	70.14046	1.14133	0.24362	-1.00000	-1.00000
16946	Gandy	Leland_Harris	un	7485523	85	0.000000000	116.00000	13.04689	1031.35706	2.06446	0.69697	-1.00000	-1.00000
16951	Gandy	Leland_Harris	un	7487372	215	0.493212670	2.77778	0.27089	28.48358	0.44370	0.03429	-1.00000	-1.00000
16952	Gandy	Leland_Harris	un	7487961	29	0.002836355	12.40000	1.43928	106.83144	1.09342	0.16484	-1.00000	-1.00000
16955	Gandy	Leland_Harris	un	7490449	147	1.000000000	0.92593	0.05493	15.60790	0.03342	0.00005	-1.00000	-1.00000
16962	Gandy	Leland_Harris	un	7492512	24	0.192872117	4.04348	0.39475	41.41771	0.60676	0.04808	-1.00000	-1.00000
16980	Gandy	Leland_Harris	un	7502714	22	0.008470111	0.10053	0.01141	0.88574	0.99771	0.14773	-1.00000	-1.00000
16996	Gandy	Leland_Harris	un	7509102	105	0.000054482	0.04509	0.00541	0.37578	1.34589	0.27273	-1.00000	-1.00000
16999	Gandy	Leland_Harris	un	7511731	193	0.480000000	0.44444	0.03787	5.21605	0.35218	0.02211	-1.00000	-1.00000
17001	Gandy	Leland_Harris	un	7512490	128	0.500000000	0.48387	0.04165	5.62086	0.31527	0.01695	-1.00000	-1.00000
17008	Gandy	Leland_Harris	un	7516487	56	0.104821803	0.20690	0.02165	1.97698	0.68425	0.06335	-1.00000	-1.00000
17033	Gandy	Leland_Harris	un	7530273	246	0.245762712	0.31183	0.03067	3.17041	0.50608	0.03448	-1.00000	-1.00000
17053	Gandy	Leland_Harris	un	7537577	43	0.500000000	2.06667	0.17791	24.00734	0.31527	0.01695	-1.00000	-1.00000
17061	Gandy	Leland_Harris	un	7541453	210	1.000000000	1.00000	0.05965	16.76418	0.00000	0.00000	-1.00000	-1.00000
17064	Gandy	Leland_Harris	un	7542905	18	0.089412927	3.70588	0.84155	16.31931	0.56889	0.06011	-1.00000	-1.00000
17083	Gandy	Leland_Harris	un	7551991	266	1.000000000	0.56000	0.04783	6.55691	0.25181	0.00390	-1.00000	-1.00000
17088	Gandy	Leland_Harris	un	7554241	175	0.480000000	0.44444	0.03787	5.21605	0.35218	0.02211	-1.00000	-1.00000
17100	Gandy	Leland_Harris	un	7561353	119	1.000000000	1.00000	0.31897	3.13506	0.00000	0.00000	-1.00000	-1.00000
17102	Gandy	Leland_Harris	un	7562999	217	1.000000000	1.92857	0.16509	22.52900	0.28524	0.01752	-1.00000	-1.00000
17107	Gandy	Leland_Harris	un	7565851	65	1.000000000	1.16000	0.06894	19.51963	0.06446	0.00019	-1.00000	-1.00000
17112	Gandy	Leland_Harris	un	7567449	100	0.025728988	0.13793	0.01551	1.22635	0.86034	0.09804	-1.00000	-1.00000
17151	Gandy	Leland_Harris	un	7587191	61	1.000000000	0.55556	0.04765	6.47777	0.25527	0.01576	-1.00000	-1.00000
17157	Gandy	Leland_Harris	un	7590364	131	0.000006814	23.40000	4.57179	119.76922	1.36922	0.35556	-1.00000	-1.00000
17162	Gandy	Leland_Harris	un	7592973	291	0.225306122	0.28395	0.02761	2.92002	0.54676	0.04514	-1.00000	-1.00000
17164	Gandy	Leland_Harris	un	7593519	68	0.006795760	5.25000	1.67626	16.44290	0.72016	0.15332	-1.00000	-1.00000
17170	Gandy	Leland_Harris	un	7596763	138	0.025728988	0.13793	0.01551	1.22635	0.86034	0.09804	-1.00000	-1.00000
17175	Gandy	Leland_Harris	un	7597472	48	0.002836355	0.08065	0.00936	0.69479	1.09342	0.16484	-1.00000	-1.00000
17176	Gandy	Leland_Harris	un	7598787	443	1.000000000	1.08000	0.06407	18.20505	0.03342	0.00005	-1.00000	-1.00000
17179	Gandy	Leland_Harris	un	7599932	13	0.016354234	0.11494	0.01283	1.02946	0.93952	0.12411	-1.00000	-1.00000
17184	Gandy	Leland_Harris	un	7603853	97	0.195404893	0.18519	0.02022	1.69642	0.73239	0.04617	-1.00000	-1.00000
17185	Gandy	Leland_Harris	un	7604981	447	1.000000000	1.00000	0.05920	16.89051	0.00000	0.00000	-1.00000	-1.00000
17199	Gandy	Leland_Harris	un	7611388	110	0.005211412	11.42105	1.30174	100.20435	1.05771	0.15625	-1.00000	-1.00000
17207	Gandy	Leland_Harris	un	7613858	254	0.002587025	0.07759	0.00894	0.67309	1.11022	0.18148	-1.00000	-1.00000
17212	Gandy	Leland_Harris	un	7616180	113	0.039250162	0.14483	0.01574	1.33255	0.83915	0.09722	-1.00000	-1.00000
17219	Gandy	Leland_Harris	un	7620929	31	0.000002252	36.16667	4.27468	305.99435	1.55831	0.39634	-1.00000	-1.00000
17225	Gandy	Leland_Harris	un	7622607	86	0.211038961	0.26882	0.02632	2.74562	0.57054	0.04274	-1.00000	-1.00000
17238	Gandy	Leland_Harris	un	7626421	41	0.078629983	0.30909	0.09093	1.05072	0.50991	0.06395	-1.00000	-1.00000
17241	Gandy	Leland_Harris	un	7627995	33	0.023977923	0.12315	0.01417	1.07058	0.90956	0.10769	-1.00000	-1.00000
17250	Gandy	Leland_Harris	un	7630286	65	0.344497608	3.48000	0.34009	35.60907	0.54158	0.02119	-1.00000	-1.00000
17263	Gandy	Leland_Harris	un	7635699	16	0.000000581	43.20000	5.04896	369.62860	1.63548	0.46429	-1.00000	-1.00000
17275	Gandy	Leland_Harris	un	7640849	382	1.000000000	0.92308	0.12039	7.07785	0.03476	0.00011	-1.00000	-1.00000
17282	Gandy	Leland_Harris	un	7644614	45	0.482758621	0.45161	0.03880	5.25593	0.34523	0.01880	-1.00000	-1.00000
17290	Gandy	Leland_Harris	un	7645487	128	1.000000000	0.55556	0.04765	6.47777	0.25527	0.01576	-1.00000	-1.00000
17305	Gandy	Leland_Harris	un	7650989	51	0.000028156	0.03979	0.00474	0.33393	1.40025	0.30769	-1.00000	-1.00000
17306	Gandy	Leland_Harris	un	7651847	44	0.000037437	13.80000	3.79435	50.19036	1.13988	0.32821	-1.00000	-1.00000
17310	Gandy	Leland_Harris	un	7652656	82	0.500000000	0.48148	0.04113	5.63661	0.31742	0.01961	-1.00000	-1.00000
17311	Gandy	Leland_Harris	un	7653418	104	0.208144796	0.26437	0.02576	2.71292	0.57779	0.04667	-1.00000	-1.00000
17313	Gandy	Leland_Harris	un	7654137	76	0.004089558	6.66667	1.80113	24.67589	0.82391	0.17202	-1.00000	-1.00000
17342	Gandy	Leland_Harris	un	7662429	196	0.245454545	3.22222	0.31567	32.89072	0.50816	0.03704	-1.00000	-1.00000
17352	Gandy	Leland_Harris	un	7665649	85	0.000853493	0.05329	0.00631	0.44975	1.27334	0.19670	-1.00000	-1.00000
17371	Gandy	Leland_Harris	un	7671578	492	0.500000000	2.08333	0.17711	24.50678	0.31876	0.02128	-1.00000	-1.00000
17375	Gandy	Leland_Harris	un	7673477	34	0.002836355	0.08065	0.00936	0.69479	1.09342	0.16484	-1.00000	-1.00000
17381	Gandy	Leland_Harris	un	7676208	478	0.480000000	0.44444	0.03787	5.21605	0.35218	0.02211	-1.00000	-1.00000
17382	Gandy	Leland_Harris	un	7676589	65	0.236897275	4.15385	0.43495	39.66973	0.61845	0.05462	-1.00000	-1.00000
17418	Gandy	Leland_Harris	un	7689741	189	0.603773585	2.25000	0.19172	26.40626	0.35218	0.00808	-1.00000	-1.00000
17424	Gandy	Leland_Harris	un	7693238	545	0.461538462	0.41379	0.03533	4.84665	0.38322	0.02288	-1.00000	-1.00000
17425	Gandy	Leland_Harris	un	7693567	73	0.000000000	241.66667	23.61758	2472.85181	2.38322	0.86154	-1.00000	-1.00000
17451	Gandy	Leland_Harris	un	7704534	223	0.482758621	0.45161	0.03880	5.25593	0.34523	0.01880	-1.00000	-1.00000
17458	Gandy	Leland_Harris	un	7705176	62	0.500000000	0.48000	0.04081	5.64636	0.31876	0.02128	-1.00000	-1.00000
17467	Gandy	Leland_Harris	un	7709559	498	1.000000000	0.52000	0.04432	6.10163	0.28400	0.01884	-1.00000	-1.00000
17469	Gandy	Leland_Harris	un	7711337	589	1.000000000	1.92308	0.16389	22.56519	0.28400	0.01884	-1.00000	-1.00000
17477	Gandy	Leland_Harris	un	7713621	440	0.500000000	0.48148	0.04113	5.63661	0.31742	0.01961	-1.00000	-1.00000
17478	Gandy	Leland_Harris	un	7714251	301	0.427181263	0.45455	0.07497	2.75588	0.34242	0.01587	-1.00000	-1.00000
17480	Gandy	Leland_Harris	un	7715706	70	0.002853915	6.10714	1.83591	20.31540	0.78584	0.17926	-1.00000	-1.00000
17490	Gandy	Leland_Harris	un	7718713	16	0.053273957	7.66667	0.84520	69.54317	0.88461	0.08711	-1.00000	-1.00000
17491	Gandy	Leland_Harris	un	7719688	237	0.464285714	0.41935	0.03596	4.89101	0.37742	0.02098	-1.00000	-1.00000
17496	Gandy	Leland_Harris	un	7723785	438	0.480000000	2.25000	0.19172	26.40626	0.35218	0.02211	-1.00000	-1.00000
17511	Gandy	Leland_Harris	un	7729599	58	0.000780384	8.00000	2.33101	27.45590	0.90309	0.22273	-1.00000	-1.00000
17523	Gandy	Leland_Harris	un	7735721	6	0.235918367	0.24000	0.02500	2.30408	0.61979	0.05892	-1.00000	-1.00000
17535	Gandy	Leland_Harris	un	7740456	55	0.047272578	0.15862	0.01730	1.45424	0.79964	0.08615	-1.00000	-1.00000
17543	Gandy	Leland_Harris	un	7744959	75	0.000127909	20.25000	2.40238	170.68977	1.30642	0.26829	-1.00000	-1.00000
17545	Gandy	Leland_Harris	un	7746552	41	0.785166956	1.33333	0.45599	3.89871	0.12494	0.00512	-1.00000	-1.00000
17549	Gandy	Leland_Harris	un	7748124	17	0.786877843	1.22500	0.41473	3.61836	0.08814	0.00250	-1.00000	-1.00000
17551	Gandy	Leland_Harris	un	7749818	136	0.000028156	0.03979	0.00474	0.33393	1.40025	0.30769	-1.00000	-1.00000
17572	Gandy	Leland_Harris	un	7755398	124	0.482758621	2.21429	0.19026	25.77014	0.34523	0.01880	-1.00000	-1.00000
17573	Gandy	Leland_Harris	un	7756433	337	1.000000000	1.17391	0.06948	19.83494	0.06964	0.00024	-1.00000	-1.00000
17593	Gandy	Leland_Harris	un	7765365	196	1.000000000	0.51724	0.04445	6.01898	0.28631	0.01637	-1.00000	-1.00000
17608	Gandy	Leland_Harris	un	7773328	61	0.500000000	0.48276	0.04141	5.62819	0.31627	0.01818	-1.00000	-1.00000
17627	Gandy	Leland_Harris	un	7780703	147	0.005211412	11.42105	1.30174	100.20435	1.05771	0.15625	-1.00000	-1.00000
17662	Gandy	Leland_Harris	un	7793384	30	0.000000581	43.20000	5.04896	369.62860	1.63548	0.46429	-1.00000	-1.00000
17666	Gandy	Leland_Harris	un	7796059	465	1.000000000	0.51724	0.04445	6.01898	0.28631	0.01637	-1.00000	-1.00000
17675	Gandy	Leland_Harris	un	7798916	18	0.005271268	0.09677	0.01132	0.82757	1.01424	0.13208	-1.00000	-1.00000
17683	Gandy	Leland_Harris	un	7803779	29	0.002300920	12.27273	1.45649	103.41304	1.08894	0.16596	-1.00000	-1.00000
17694	Gandy	Leland_Harris	un	7811879	80	0.026092774	0.13978	0.01580	1.23690	0.85454	0.09091	-1.00000	-1.00000
17698	Gandy	Leland_Harris	un	7814083	23	0.000221963	0.05329	0.00631	0.44975	1.27334	0.24476	-1.00000	-1.00000
17702	Gandy	Leland_Harris	un	7816479	34	0.000572015	10.22222	2.47836	42.16245	1.00955	0.22768	-1.00000	-1.00000
17730	Gandy	Leland_Harris	un	7828190	6	0.118181818	0.22414	0.02352	2.13589	0.64948	0.05660	-1.00000	-1.00000
17733	Gandy	Leland_Harris	un	7829539	148	0.000000292	46.40000	5.43537	396.10168	1.66652	0.47297	-1.00000	-1.00000
17734	Gandy	Leland_Harris	un	7830509	213	1.000000000	1.78571	0.15251	20.90852	0.25181	0.01681	-1.00000	-1.00000
17746	Gandy	Leland_Harris	un	7839369	156	0.245762712	3.20690	0.31542	32.60509	0.50608	0.03448	-1.00000	-1.00000
17772	Gandy	Leland_Harris	un	7851483	21	0.000967802	14.09091	1.67949	118.22271	1.14894	0.17647	-1.00000	-1.00000
17788	Gandy	Leland_Harris	un	7857542	392	1.000000000	1.92308	0.16389	22.56519	0.28400	0.01884	-1.00000	-1.00000
17794	Gandy	Leland_Harris	un	7860363	46	0.003937952	0.08871	0.01034	0.76118	1.05203	0.14706	-1.00000	-1.00000
17810	Gandy	Leland_Harris	un	7868520	25	0.017220725	0.11828	0.01329	1.05307	0.92709	0.11312	-1.00000	-1.00000
17817	Gandy	Leland_Harris	un	7873185	60	0.399120362	1.71429	0.54462	5.39600	0.23408	0.01709	-1.00000	-1.00000
17819	Gandy	Leland_Harris	un	7874174	148	0.112852665	5.37037	0.58906	48.96109	0.73000	0.06914	-1.00000	-1.00000
17827	Gandy	Leland_Harris	un	7876993	20	0.021448606	0.12903	0.01454	1.14498	0.88930	0.10108	-1.00000	-1.00000
17828	Gandy	Leland_Harris	un	7878083	364	1.000000000	0.55556	0.04765	6.47777	0.25527	0.01576	-1.00000	-1.00000
17829	Gandy	Leland_Harris	un	7878653	107	0.106170599	0.20968	0.02205	1.99431	0.67845	0.05844	-1.00000	-1.00000
17844	Gandy	Leland_Harris	un	7885850	148	0.228675136	0.29032	0.02849	2.95801	0.53712	0.03827	-1.00000	-1.00000
17848	Gandy	Leland_Harris	un	7888152	75	0.001488934	0.05517	0.00646	0.47099	1.25828	0.19445	-1.00000	-1.00000
17850	Gandy	Leland_Harris	un	7890215	485	0.500000000	0.48148	0.04113	5.63661	0.31742	0.01961	-1.00000	-1.00000
17866	Gandy	Leland_Harris	un	7896156	40	0.144977827	2.71429	0.83445	8.82902	0.43366	0.05642	-1.00000	-1.00000
17867	Gandy	Leland_Harris	un	7896973	108	0.058501001	5.76923	0.64757	51.39860	0.76112	0.08163	-1.00000	-1.00000
17868	Gandy	Leland_Harris	un	7897716	34	0.752737371	1.38182	0.38617	4.94454	0.14045	0.00460	-1.00000	-1.00000
17886	Gandy	Leland_Harris	un	7903840	43	0.491264850	0.33333	0.03259	3.40968	0.47712	0.03571	-1.00000	-1.00000
17887	Gandy	Leland_Harris	un	7905003	473	0.500000000	2.06667	0.17791	24.00734	0.31527	0.01695	-1.00000	-1.00000
17896	Gandy	Leland_Harris	un	7907939	74	0.117647059	0.22222	0.02321	2.12804	0.65321	0.06122	-1.00000	-1.00000
17901	Gandy	Leland_Harris	un	7910430	72	0.482758621	2.21429	0.19026	25.77014	0.34523	0.01880	-1.00000	-1.00000
17904	Gandy	Leland_Harris	un	7912043	9	0.211038961	3.72000	0.36422	37.99496	0.57054	0.04274	-1.00000	-1.00000
17921	Gandy	Leland_Harris	un	7920173	117	0.500000000	0.48276	0.04141	5.62819	0.31627	0.01818	-1.00000	-1.00000
17940	Gandy	Leland_Harris	un	7926056	279	0.444444444	0.38710	0.03311	4.52610	0.41218	0.02358	-1.00000	-1.00000
17942	Gandy	Leland_Harris	un	7926564	24	0.000967802	14.09091	1.67949	118.22271	1.14894	0.17647	-1.00000	-1.00000
17953	Gandy	Leland_Harris	un	7931655	461	0.500000000	2.08333	0.17711	24.50678	0.31876	0.02128	-1.00000	-1.00000
17956	Gandy	Leland_Harris	un	7932781	52	0.000706867	0.06093	0.00710	0.52259	1.21516	0.21739	-1.00000	-1.00000
17960	Gandy	Leland_Harris	un	7934474	113	1.000000000	0.55556	0.04765	6.47777	0.25527	0.01576	-1.00000	-1.00000
17980	Gandy	Leland_Harris	un	7941156	150	0.147862517	2.53846	0.74636	8.63361	0.40457	0.04744	-1.00000	-1.00000
17985	Gandy	Leland_Harris	un	7942765	85	0.000000001	90.00000	10.02637	807.86932	1.95424	0.66398	-1.00000	-1.00000
18002	Gandy	Leland_Harris	un	7953241	11	0.000251499	0.05572	0.00665	0.46667	1.25400	0.22321	-1.00000	-1.00000
18009	Gandy	Leland_Harris	un	7955167	311	1.000000000	0.52000	0.04432	6.10163	0.28400	0.01884	-1.00000	-1.00000
18010	Gandy	Leland_Harris	un	7956103	364	1.000000000	1.00000	0.05920	16.89051	0.00000	0.00000	-1.00000	-1.00000
18012	Gandy	Leland_Harris	un	7957626	275	0.482758621	0.45161	0.03880	5.25593	0.34523	0.01880	-1.00000	-1.00000
18023	Gandy	Leland_Harris	un	7962331	143	0.118181818	0.22414	0.02352	2.13589	0.64948	0.05660	-1.00000	-1.00000
18035	Gandy	Leland_Harris	un	7966348	146	0.025728988	0.13793	0.01551	1.22635	0.86034	0.09804	-1.00000	-1.00000
18036	Gandy	Leland_Harris	un	7967117	94	0.245762712	0.31183	0.03067	3.17041	0.50608	0.03448	-1.00000	-1.00000
18047	Gandy	Leland_Harris	un	7973657	275	0.464285714	0.41935	0.03596	4.89101	0.37742	0.02098	-1.00000	-1.00000
18063	Gandy	Leland_Harris	un	7976769	221	0.464285714	0.41935	0.03596	4.89101	0.37742	0.02098	-1.00000	-1.00000
18066	Gandy	Leland_Harris	un	7978153	117	0.245762712	3.20690	0.31542	32.60509	0.50608	0.03448	-1.00000	-1.00000
18072	Gandy	Leland_Harris	un	7980764	332	0.240259740	3.85714	0.40483	36.75010	0.58627	0.04906	-1.00000	-1.00000
18074	Gandy	Leland_Harris	un	7981217	67	0.002836355	0.08065	0.00936	0.69479	1.09342	0.16484	-1.00000	-1.00000
18076	Gandy	Leland_Harris	un	7981972	31	0.000418153	9.00000	2.48715	32.56742	0.95424	0.22165	-1.00000	-1.00000
18082	Gandy	Leland_Harris	un	7984517	35	0.106170599	0.20968	0.02205	1.99431	0.67845	0.05844	-1.00000	-1.00000
18094	Gandy	Leland_Harris	un	7989431	222	0.500000000	0.48148	0.04113	5.63661	0.31742	0.01961	-1.00000	-1.00000
18105	Gandy	Leland_Harris	un	7992568	234	1.000000000	0.56000	0.04783	6.55691	0.25181	0.01681	-1.00000	-1.00000
18106	Gandy	Leland_Harris	un	7993532	354	1.000000000	1.92308	0.16389	22.56519	0.28400	0.01884	-1.00000	-1.00000
18110	Gandy	Leland_Harris	un	7995214	240	1.000000000	0.93103	0.05544	15.63520	0.03103	0.00004	-1.00000	-1.00000
18115	Gandy	Leland_Harris	un	7997465	48	0.000159403	0.05376	0.00648	0.44615	1.26951	0.22449	-1.00000	-1.00000
18117	Gandy	Leland_Harris	un	7998986	61	0.461538462	0.41379	0.03533	4.84665	0.38322	0.02288	-1.00000	-1.00000
18118	Gandy	Leland_Harris	un	7999837	63	0.006611286	10.68421	1.21537	93.92410	1.02874	0.15217	-1.00000	-1.00000
18130	Gandy	Leland_Harris	un	8003025	70	0.106170599	0.20968	0.02205	1.99431	0.67845	0.05844	-1.00000	-1.00000
18131	Gandy	Leland_Harris	un	8003761	25	0.384783668	1.83333	0.56365	5.96313	0.26324	0.01772	-1.00000	-1.00000
18133	Gandy	Leland_Harris	un	8005521	152	1.000000000	1.92857	0.16509	22.52900	0.28524	0.01752	-1.00000	-1.00000
18142	Gandy	Leland_Harris	un	8012802	102	1.000000000	0.51852	0.04439	6.05718	0.28524	0.01752	-1.00000	-1.00000
18144	Gandy	Leland_Harris	un	8013681	158	0.464285714	2.38462	0.20446	27.81217	0.37742	0.02098	-1.00000	-1.00000
18145	Gandy	Leland_Harris	un	8014361	151	0.026092774	0.13978	0.01580	1.23690	0.85454	0.09091	-1.00000	-1.00000
18152	Gandy	Leland_Harris	un	8017880	363	0.464285714	0.41935	0.03596	4.89101	0.37742	0.02098	-1.00000	-1.00000
18159	Gandy	Leland_Harris	un	8019953	15	0.250281567	3.30000	0.59622	18.26513	0.51851	0.04037	-1.00000	-1.00000
18166	Gandy	Leland_Harris	un	8023985	15	0.339867219	2.00000	0.51283	7.79984	0.30103	0.01818	-1.00000	-1.00000
18176	Gandy	Leland_Harris	un	8029408	128	0.020799934	7.90909	0.88661	70.55416	0.89813	0.10989	-1.00000	-1.00000
18179	Gandy	Leland_Harris	un	8031826	77	0.114880414	0.20000	0.02178	1.83684	0.69897	0.07143	-1.00000	-1.00000
18194	Gandy	Leland_Harris	un	8035454	418	0.227113906	0.28736	0.02808	2.94037	0.54158	0.04142	-1.00000	-1.00000
18197	Gandy	Leland_Harris	un	8037466	6	0.118644068	0.22581	0.02380	2.14269	0.64626	0.05263	-1.00000	-1.00000
18201	Gandy	Leland_Harris	un	8039942	61	1.000000000	0.60000	0.05134	7.01221	0.22185	0.01509	-1.00000	-1.00000
18213	Gandy	Leland_Harris	un	8044455	12	0.118644068	0.22581	0.02380	2.14269	0.64626	0.05263	-1.00000	-1.00000
18229	Gandy	Leland_Harris	un	8050270	8	0.001756039	7.60000	2.07060	27.89534	0.88081	0.21340	-1.00000	-1.00000
18234	Gandy	Leland_Harris	un	8053947	424	0.244680851	0.30667	0.02975	3.16133	0.51333	0.04348	-1.00000	-1.00000
18238	Gandy	Leland_Harris	un	8055501	317	0.482758621	0.45161	0.03880	5.25593	0.34523	0.01880	-1.00000	-1.00000
18239	Gandy	Leland_Harris	un	8056072	25	0.007949561	4.75000	1.50392	15.00243	0.67669	0.13736	-1.00000	-1.00000
18240	Gandy	Leland_Harris	un	8056925	58	0.005211412	0.08756	0.00998	0.76820	1.05771	0.15625	-1.00000	-1.00000
18264	Gandy	Leland_Harris	un	8067918	13	0.192872117	0.24731	0.02414	2.53324	0.60676	0.04808	-1.00000	-1.00000
18269	Gandy	Leland_Harris	un	8071103	49	0.227113906	3.48000	0.34009	35.60907	0.54158	0.04142	-1.00000	-1.00000
18278	Gandy	Leland_Harris	un	8074328	46	0.093795094	5.16667	0.54173	49.27621	0.71321	0.06531	-1.00000	-1.00000
18286	Gandy	Leland_Harris	un	8080058	21	0.106170599	0.20968	0.02205	1.99431	0.67845	0.05844	-1.00000	-1.00000
18291	Gandy	Leland_Harris	un	8082509	69	0.000706867	16.41176	1.91356	140.75652	1.21516	0.21739	-1.00000	-1.00000
18293	Gandy	Leland_Harris	un	8083275	21	0.109983292	2.57143	0.85669	7.71840	0.41017	0.05171	-1.00000	-1.00000
18299	Gandy	Leland_Harris	un	8086748	157	0.464285714	2.38462	0.20446	27.81217	0.37742	0.02098	-1.00000	-1.00000
18300	Gandy	Leland_Harris	un	8087395	20	0.566153838	0.69591	0.21281	2.27569	0.15745	0.00694	-1.00000	-1.00000
18316	Gandy	Leland_Harris	un	8093911	31	0.118644068	4.42857	0.46670	42.02293	0.64626	0.05263	-1.00000	-1.00000
18328	Gandy	Leland_Harris	un	8098237	467	0.118644068	0.22581	0.02380	2.14269	0.64626	0.05263	-1.00000	-1.00000
18330	Gandy	Leland_Harris	un	8098649	103	0.731590099	0.66667	0.16673	2.66569	0.17609	0.00571	-1.00000	-1.00000
18344	Gandy	Leland_Harris	un	8103375	14	0.008470111	0.10053	0.01141	0.88574	0.99771	0.14773	-1.00000	-1.00000
18345	Gandy	Leland_Harris	un	8104170	14	0.000000002	82.14286	9.37414	719.79358	1.91457	0.62857	-1.00000	-1.00000
18349	Gandy	Leland_Harris	un	8106546	45	0.000000016	61.22222	7.16369	523.21606	1.78691	0.53846	-1.00000	-1.00000
18356	Gandy	Leland_Harris	un	8111005	508	0.464285714	0.41935	0.03596	4.89101	0.37742	0.02098	-1.00000	-1.00000
18357	Gandy	Leland_Harris	un	8111564	255	1.000000000	1.66667	0.14261	19.47836	0.22185	0.01509	-1.00000	-1.00000
18363	Gandy	Leland_Harris	un	8112970	17	0.112015456	0.18519	0.02022	1.69642	0.73239	0.07429	-1.00000	-1.00000
18368	Gandy	Leland_Harris	un	8116408	247	0.500000000	0.48000	0.04081	5.64636	0.31876	0.02128	-1.00000	-1.00000
18384	Gandy	Leland_Harris	un	8126077	17	0.021704851	0.15385	0.03026	0.78230	0.81291	0.10438	-1.00000	-1.00000
18386	Gandy	Leland_Harris	un	8126740	18	0.464285714	2.38462	0.20446	27.81217	0.37742	0.02098	-1.00000	-1.00000
18391	Gandy	Leland_Harris	un	8129275	67	0.016133732	0.19697	0.05217	0.74372	0.70560	0.12051	-1.00000	-1.00000
18398	Gandy	Leland_Harris	un	8131469	96	0.225306122	0.28395	0.02761	2.92002	0.54676	0.04514	-1.00000	-1.00000
18400	Gandy	Leland_Harris	un	8133328	348	0.461538462	0.41379	0.03533	4.84665	0.38322	0.02288	-1.00000	-1.00000
18411	Gandy	Leland_Harris	un	8137604	454	0.104821803	0.20690	0.02165	1.97698	0.68425	0.06335	-1.00000	-1.00000
18423	Gandy	Leland_Harris	un	8139631	46	0.240259740	3.85714	0.40483	36.75010	0.58627	0.04906	-1.00000	-1.00000
18425	Gandy	Leland_Harris	un	8141082	72	0.000019879	14.00000	3.75718	52.16673	1.14613	0.31605	-1.00000	-1.00000
18439	Gandy	Leland_Harris	un	8144631	54	0.500000000	0.48000	0.04081	5.64636	0.31876	0.02128	-1.00000	-1.00000
18448	Gandy	Leland_Harris	un	8147132	120	0.000000001	79.75000	9.27583	685.65979	1.90173	0.60000	-1.00000	-1.00000
18451	Gandy	Leland_Harris	un	8148973	322	1.000000000	0.91667	0.11877	7.07512	0.03779	0.00014	-1.00000	-1.00000
18473	Gandy	Leland_Harris	un	8156835	129	0.000002252	36.16667	4.27468	305.99435	1.55831	0.39634	-1.00000	-1.00000
18486	Gandy	Leland_Harris	un	8160057	156	0.225306122	3.52174	0.34246	36.21597	0.54676	0.04514	-1.00000	-1.00000
18490	Gandy	Leland_Harris	un	8163227	112	1.000000000	1.15000	0.30799	4.29398	0.06070	0.00075	-1.00000	-1.00000
18492	Gandy	Leland_Harris	un	8164791	101	0.014345052	4.40000	1.41998	13.63402	0.64345	0.12350	-1.00000	-1.00000
18496	Gandy	Leland_Harris	un	8167283	154	0.265983019	1.96970	0.62227	6.23474	0.29440	0.02797	-1.00000	-1.00000
18506	Gandy	Leland_Harris	un	8173655	35	0.001343705	8.40000	2.30561	30.60359	0.92428	0.23056	-1.00000	-1.00000
18508	Gandy	Leland_Harris	un	8175225	7	0.362176628	3.22222	0.31567	32.89072	0.50816	0.01786	-1.00000	-1.00000
18515	Gandy	Leland_Harris	un	8177293	468	1.000000000	0.85185	0.05042	14.39326	0.06964	0.00024	-1.00000	-1.00000
18522	Gandy	Leland_Harris	un	8180940	136	0.259118541	0.35000	0.06135	1.99666	0.45593	0.02857	-1.00000	-1.00000
18544	Gandy	Leland_Harris	un	8191274	138	0.272340426	0.36000	0.07932	1.63383	0.44370	0.03544	-1.00000	-1.00000
18551	Gandy	Leland_Harris	un	8195129	78	0.786556618	0.85263	0.28169	2.58080	0.06924	0.00142	-1.00000	-1.00000
18568	Gandy	Leland_Harris	un	8202505	243	0.491833031	0.33333	0.03272	3.39531	0.47712	0.03333	-1.00000	-1.00000
18572	Gandy	Leland_Harris	un	8204171	247	1.000000000	0.55556	0.04765	6.47777	0.25527	0.01576	-1.00000	-1.00000
18580	Gandy	Leland_Harris	un	8208716	270	0.500000000	0.48276	0.04141	5.62819	0.31627	0.01818	-1.00000	-1.00000
18597	Gandy	Leland_Harris	un	8217350	87	0.202720785	0.22414	0.02352	2.13589	0.64948	0.03273	-1.00000	-1.00000
18600	Gandy	Leland_Harris	un	8219674	81	0.048259363	0.16129	0.01768	1.47141	0.79239	0.07937	-1.00000	-1.00000
18616	Gandy	Leland_Harris	un	8224566	291	0.491833031	3.00000	0.29452	30.55776	0.47712	0.03333	-1.00000	-1.00000
18634	Gandy	Leland_Harris	un	8231936	382	0.500000000	0.48148	0.04113	5.63661	0.31742	0.01961	-1.00000	-1.00000
18635	Gandy	Leland_Harris	un	8232346	55	0.009307886	0.10599	0.01218	0.92241	0.97473	0.12363	-1.00000	-1.00000
18639	Gandy	Leland_Harris	un	8234206	289	1.000000000	1.66667	0.14261	19.47836	0.22185	0.01509	-1.00000	-1.00000
18652	Gandy	Leland_Harris	un	8240725	325	1.000000000	1.66667	0.14261	19.47836	0.22185	0.01509	-1.00000	-1.00000
18658	Gandy	Leland_Harris	un	8242896	105	0.000167038	10.00000	2.86324	34.92549	1.00000	0.26923	-1.00000	-1.00000
18667	Gandy	Leland_Harris	un	8248491	19	0.003937952	11.27273	1.31375	96.72617	1.05203	0.14706	-1.00000	-1.00000
18674	Gandy	Leland_Harris	un	8252655	266	0.500000000	0.48387	0.04165	5.62086	0.31527	0.01695	-1.00000	-1.00000
18675	Gandy	Leland_Harris	un	8253525	279	0.500000000	0.48276	0.04141	5.62819	0.31627	0.01818	-1.00000	-1.00000
18678	Gandy	Leland_Harris	un	8255756	58	0.584298059	0.64706	0.21976	1.90523	0.18906	0.01161	-1.00000	-1.00000
18687	Gandy	Leland_Harris	un	8259110	89	0.106170599	0.20968	0.02205	1.99431	0.67845	0.05844	-1.00000	-1.00000
18690	Gandy	Leland_Harris	un	8259935	140	0.738026333	0.71429	0.18638	2.73740	0.14613	0.00484	-1.00000	-1.00000
18694	Gandy	Leland_Harris	un	8261476	140	0.227113906	3.48000	0.34009	35.60907	0.54158	0.04142	-1.00000	-1.00000
18696	Gandy	Leland_Harris	un	8262312	112	0.002836355	0.08065	0.00936	0.69479	1.09342	0.16484	-1.00000	-1.00000
18701	Gandy	Leland_Harris	un	8264609	27	0.106170599	0.20968	0.02205	1.99431	0.67845	0.05844	-1.00000	-1.00000
18714	Gandy	Leland_Harris	un	8268681	60	0.500000000	0.48276	0.04141	5.62819	0.31627	0.01818	-1.00000	-1.00000
18722	Gandy	Leland_Harris	un	8271357	145	0.000028156	0.03979	0.00474	0.33393	1.40025	0.30769	-1.00000	-1.00000
18725	Gandy	Leland_Harris	un	8273186	322	0.464285714	0.41935	0.03596	4.89101	0.37742	0.02098	-1.00000	-1.00000
18727	Gandy	Leland_Harris	un	8273737	102	1.000000000	0.55556	0.04765	6.47777	0.25527	0.01576	-1.00000	-1.00000
18729	Gandy	Leland_Harris	un	8275304	103	0.211038961	0.26882	0.02632	2.74562	0.57054	0.04274	-1.00000	-1.00000
18736	Gandy	Leland_Harris	un	8277740	83	0.023995347	0.17778	0.04251	0.74344	0.75012	0.11303	-1.00000	-1.00000
18739	Gandy	Leland_Harris	un	8278467	8	0.000149176	0.04985	0.00592	0.41989	1.30231	0.25084	-1.00000	-1.00000
18742	Gandy	Leland_Harris	un	8281207	378	0.482758621	0.45161	0.03880	5.25593	0.34523	0.01880	-1.00000	-1.00000
18747	Gandy	Leland_Harris	un	8284957	124	0.123803770	3.23529	0.86910	12.04364	0.50991	0.06195	-1.00000	-1.00000
18748	Gandy	Leland_Harris	un	8286056	376	0.444444444	0.38710	0.03311	4.52610	0.41218	0.02358	-1.00000	-1.00000
18753	Gandy	Leland_Harris	un	8288889	68	0.000105070	27.00000	3.18017	229.23271	1.43136	0.28023	-1.00000	-1.00000
18764	Gandy	Leland_Harris	un	8294506	17	0.500000000	0.48148	0.04113	5.63661	0.31742	0.01961	-1.00000	-1.00000
18770	Gandy	Leland_Harris	un	8296929	32	0.039250162	6.90476	0.75044	63.53036	0.83915	0.09722	-1.00000	-1.00000
18772	Gandy	Leland_Harris	un	8298502	112	0.464285714	0.41935	0.03596	4.89101	0.37742	0.02098	-1.00000	-1.00000
18776	Gandy	Leland_Harris	un	8301292	436	1.000000000	0.51852	0.04439	6.05718	0.28524	0.01752	-1.00000	-1.00000
18786	Gandy	Leland_Harris	un	8305895	36	0.001104672	7.36735	2.16302	25.09353	0.86731	0.21302	-1.00000	-1.00000
18810	Gandy	Leland_Harris	un	8315824	70	0.020663105	0.15000	0.02920	0.77065	0.82391	0.11342	-1.00000	-1.00000
18814	Gandy	Leland_Harris	un	8318296	43	0.482758621	0.45161	0.03880	5.25593	0.34523	0.01880	-1.00000	-1.00000
18823	Gandy	Leland_Harris	un	8323685	613	0.480000000	0.44444	0.03787	5.21605	0.35218	0.02211	-1.00000	-1.00000
18834	Gandy	Leland_Harris	un	8330215	148	0.461538462	0.41379	0.03533	4.84665	0.38322	0.02288	-1.00000	-1.00000
18838	Gandy	Leland_Harris	un	8331990	331	0.603773585	0.44444	0.03787	5.21605	0.35218	0.00808	-1.00000	-1.00000
18842	Gandy	Leland_Harris	un	8333981	74	1.000000000	1.91667	0.16250	22.60740	0.28255	0.00550	-1.00000	-1.00000
18853	Gandy	Leland_Harris	un	8338023	101	0.000000001	87.00000	9.94055	761.42694	1.93952	0.63348	-1.00000	-1.00000
18863	Gandy	Leland_Harris	un	8342726	14	1.000000000	1.02424	0.34307	3.05792	0.01040	0.00004	-1.00000	-1.00000
18867	Gandy	Leland_Harris	un	8345444	30	0.077590249	0.19231	0.03673	1.00691	0.71600	0.07826	-1.00000	-1.00000
18870	Gandy	Leland_Harris	un	8347923	99	0.500000000	2.07143	0.17768	24.14955	0.31627	0.01818	-1.00000	-1.00000
18876	Gandy	Leland_Harris	un	8350167	9	0.023206538	9.66667	1.10451	84.60300	0.98528	0.09858	-1.00000	-1.00000
18877	Gandy	Leland_Harris	un	8351088	49	0.787982009	1.18182	0.39636	3.52383	0.07255	0.00173	-1.00000	-1.00000
18888	Gandy	Leland_Harris	un	8356760	132	0.093795094	0.19355	0.02029	1.84594	0.71321	0.06531	-1.00000	-1.00000
18889	Gandy	Leland_Harris	un	8357556	118	0.000110472	0.04667	0.00548	0.39759	1.33099	0.29730	-1.00000	-1.00000
18901	Gandy	Leland_Harris	un	8362559	327	0.464285714	0.41935	0.03596	4.89101	0.37742	0.02098	-1.00000	-1.00000
18907	Gandy	Leland_Harris	un	8364804	99	0.000163785	25.00000	2.93679	212.81769	1.39794	0.27068	-1.00000	-1.00000
18910	Gandy	Leland_Harris	un	8366391	87	0.021448606	0.12903	0.01454	1.14498	0.88930	0.10108	-1.00000	-1.00000
18912	Gandy	Leland_Harris	un	8368000	31	0.208144796	0.26437	0.02576	2.71292	0.57779	0.04667	-1.00000	-1.00000
18914	Gandy	Leland_Harris	un	8369655	74	0.491833031	0.33333	0.03272	3.39531	0.47712	0.03333	-1.00000	-1.00000
18922	Gandy	Leland_Harris	un	8373582	37	0.242508324	0.32308	0.05683	1.83656	0.49069	0.03233	-1.00000	-1.00000
18936	Gandy	Leland_Harris	un	8382395	45	0.245779543	0.32857	0.05824	1.85360	0.48337	0.02947	-1.00000	-1.00000
18944	Gandy	Leland_Harris	un	8386577	29	0.480000000	2.25000	0.19172	26.40626	0.35218	0.02211	-1.00000	-1.00000
18953	Gandy	Leland_Harris	un	8392231	65	0.003636347	0.10490	0.02045	0.53817	0.97924	0.16890	-1.00000	-1.00000
18956	Gandy	Leland_Harris	un	8394757	149	0.491833031	0.33333	0.03272	3.39531	0.47712	0.03333	-1.00000	-1.00000
18972	Gandy	Leland_Harris	un	8402100	226	1.000000000	0.56000	0.04783	6.55691	0.25181	0.01681	-1.00000	-1.00000
18991	Gandy	Leland_Harris	un	8410458	11	0.039607201	9.00000	0.99778	81.18027	0.95424	0.09796	-1.00000	-1.00000
19000	Gandy	Leland_Harris	un	8412960	34	0.199350188	0.34343	0.09019	1.30779	0.46416	0.04931	-1.00000	-1.00000
19001	Gandy	Leland_Harris	un	8413768	29	0.055746141	5.80000	0.63455	53.01424	0.76343	0.07692	-1.00000	-1.00000
19005	Gandy	Leland_Harris	un	8414613	79	0.008914258	0.10345	0.01182	0.90538	0.98528	0.13462	-1.00000	-1.00000
19007	Gandy	Leland_Harris	un	8415378	50	0.309977094	0.39286	0.09165	1.68392	0.40577	0.03055	-1.00000	-1.00000
19028	Gandy	Leland_Harris	un	8424555	232	0.482758621	0.45161	0.03880	5.25593	0.34523	0.01880	-1.00000	-1.00000
19041	Gandy	Leland_Harris	un	8432741	24	0.048259363	0.16129	0.01768	1.47141	0.79239	0.07937	-1.00000	-1.00000
19055	Gandy	Leland_Harris	un	8440551	40	0.003625497	15.35294	1.78655	131.93742	1.18619	0.16593	-1.00000	-1.00000
19056	Gandy	Leland_Harris	un	8441452	144	0.093795094	0.19355	0.02029	1.84594	0.71321	0.06531	-1.00000	-1.00000
19067	Gandy	Leland_Harris	un	8446599	375	1.000000000	0.55556	0.04765	6.47777	0.25527	0.01576	-1.00000	-1.00000
19078	Gandy	Leland_Harris	un	8451164	59	0.620364837	0.39130	0.03805	4.02400	0.40749	0.01225	-1.00000	-1.00000
19093	Gandy	Leland_Harris	un	8457861	422	0.500000000	0.48276	0.04141	5.62819	0.31627	0.01818	-1.00000	-1.00000
19100	Gandy	Leland_Harris	un	8459860	340	1.000000000	1.92857	0.16509	22.52900	0.28524	0.01752	-1.00000	-1.00000
19101	Gandy	Leland_Harris	un	8460849	498	0.480000000	0.44444	0.03787	5.21605	0.35218	0.02211	-1.00000	-1.00000
19107	Gandy	Leland_Harris	un	8464358	6	0.450740159	0.46667	0.09996	2.17855	0.33099	0.01731	-1.00000	-1.00000
19117	Gandy	Leland_Harris	un	8470634	23	0.144977827	2.71429	0.83445	8.82902	0.43366	0.05642	-1.00000	-1.00000
19118	Gandy	Leland_Harris	un	8471535	49	0.245454545	0.31034	0.03040	3.16783	0.50816	0.03704	-1.00000	-1.00000
19135	Gandy	Leland_Harris	un	8476808	15	0.081599742	0.17742	0.01854	1.69757	0.75100	0.07353	-1.00000	-1.00000
19145	Gandy	Leland_Harris	un	8484195	59	0.245283019	0.28000	0.02931	2.67453	0.55284	0.04706	-1.00000	-1.00000
19146	Gandy	Leland_Harris	un	8485029	115	0.106170599	0.20968	0.02205	1.99431	0.67845	0.05844	-1.00000	-1.00000
19155	Gandy	Leland_Harris	un	8488454	329	0.480000000	0.44444	0.03787	5.21605	0.35218	0.02211	-1.00000	-1.00000
19157	Gandy	Leland_Harris	un	8489634	28	0.491833031	0.33333	0.03272	3.39531	0.47712	0.03333	-1.00000	-1.00000
19159	Gandy	Leland_Harris	un	8491667	457	0.591991342	0.41379	0.03533	4.84665	0.38322	0.00932	-1.00000	-1.00000
19164	Gandy	Leland_Harris	un	8493684	29	0.587869644	1.40000	0.46658	4.20079	0.14613	0.00694	-1.00000	-1.00000
19179	Gandy	Leland_Harris	un	8501769	214	1.000000000	0.51852	0.04439	6.05718	0.28524	0.01752	-1.00000	-1.00000
19184	Gandy	Leland_Harris	un	8504981	93	0.192872117	4.04348	0.39475	41.41771	0.60676	0.04808	-1.00000	-1.00000
19186	Gandy	Leland_Harris	un	8505865	155	0.079941013	0.32231	0.09629	1.07888	0.49172	0.06727	-1.00000	-1.00000
19197	Gandy	Leland_Harris	un	8512281	99	0.118181818	0.22414	0.02352	2.13589	0.64948	0.05660	-1.00000	-1.00000
19202	Gandy	Leland_Harris	un	8515046	421	0.192872117	0.24731	0.02414	2.53324	0.60676	0.04808	-1.00000	-1.00000
19215	Gandy	Leland_Harris	un	8520359	33	1.000000000	0.51852	0.04439	6.05718	0.28524	0.01752	-1.00000	-1.00000
19224	Gandy	Leland_Harris	un	8525212	78	0.004279824	11.84210	1.37884	101.70531	1.07343	0.17582	-1.00000	-1.00000
19227	Gandy	Leland_Harris	un	8526711	43	0.028201740	7.00000	0.80130	61.15028	0.84510	0.10000	-1.00000	-1.00000
19231	Gandy	Leland_Harris	un	8529214	118	0.118644068	4.42857	0.46670	42.02293	0.64626	0.05263	-1.00000	-1.00000
19232	Gandy	Leland_Harris	un	8529942	61	0.480000000	0.44444	0.03787	5.21605	0.35218	0.02211	-1.00000	-1.00000
19236	Gandy	Leland_Harris	un	8532289	61	0.464285714	0.41935	0.03596	4.89101	0.37742	0.02098	-1.00000	-1.00000
19247	Gandy	Leland_Harris	un	8535297	66	0.010050659	0.10000	0.01153	0.86750	1.00000	0.15027	-1.00000	-1.00000
19251	Gandy	Leland_Harris	un	8536954	122	0.000008731	21.85714	4.96345	96.25061	1.33959	0.39184	-1.00000	-1.00000
19253	Gandy	Leland_Harris	un	8537757	65	0.000779619	0.06400	0.00746	0.54905	1.19382	0.23077	-1.00000	-1.00000
19259	Gandy	Leland_Harris	un	8540663	22	0.324214609	0.25926	0.02513	2.67521	0.58627	0.02790	-1.00000	-1.00000
19274	Gandy	Leland_Harris	un	8548598	47	0.364775108	0.47619	0.13837	1.63883	0.32222	0.02522	-1.00000	-1.00000
19276	Gandy	Leland_Harris	un	8549402	20	0.036607417	5.77778	1.09641	30.44734	0.76176	0.09236	-1.00000	-1.00000
19282	Gandy	Leland_Harris	un	8553908	481	1.000000000	1.78571	0.15251	20.90852	0.25181	0.01681	-1.00000	-1.00000
19292	Gandy	Leland_Harris	un	8556681	101	0.001385904	8.94444	2.14259	37.33946	0.95155	0.20336	-1.00000	-1.00000
19302	Gandy	Leland_Harris	un	8561361	48	0.017220725	0.11828	0.01329	1.05307	0.92709	0.11312	-1.00000	-1.00000
19307	Gandy	Leland_Harris	un	8563116	124	0.245762712	3.20690	0.31542	32.60509	0.50608	0.03448	-1.00000	-1.00000
19308	Gandy	Leland_Harris	un	8563793	43	0.228675136	3.44444	0.33807	35.09441	0.53712	0.03827	-1.00000	-1.00000
19316	Gandy	Leland_Harris	un	8566903	289	1.000000000	0.51724	0.04445	6.01898	0.28631	0.01637	-1.00000	-1.00000
19317	Gandy	Leland_Harris	un	8568000	540	0.480000000	0.44444	0.03787	5.21605	0.35218	0.02211	-1.00000	-1.00000
19318	Gandy	Leland_Harris	un	8568331	72	0.003714274	0.08621	0.00999	0.74418	1.06446	0.16039	-1.00000	-1.00000
19319	Gandy	Leland_Harris	un	8569432	375	0.117647059	0.22222	0.02321	2.12804	0.65321	0.06122	-1.00000	-1.00000
19324	Gandy	Leland_Harris	un	8572265	108	0.000001292	36.00000	6.49131	199.65150	1.55630	0.47115	-1.00000	-1.00000
19341	Gandy	Leland_Harris	un	8581324	377	0.500000000	2.07143	0.17768	24.14955	0.31627	0.01818	-1.00000	-1.00000
19356	Gandy	Leland_Harris	un	8588570	378	0.481481481	2.23077	0.19093	26.06312	0.34845	0.02032	-1.00000	-1.00000
19361	Gandy	Leland_Harris	un	8591607	359	0.444444444	0.38710	0.03311	4.52610	0.41218	0.02358	-1.00000	-1.00000
19364	Gandy	Leland_Harris	un	8593750	76	0.228675136	3.44444	0.33807	35.09441	0.53712	0.03827	-1.00000	-1.00000
19366	Gandy	Leland_Harris	un	8594983	522	0.480000000	0.44444	0.03787	5.21605	0.35218	0.02211	-1.00000	-1.00000
19367	Gandy	Leland_Harris	un	8595670	380	0.227113906	0.28736	0.02808	2.94037	0.54158	0.04142	-1.00000	-1.00000
19371	Gandy	Leland_Harris	un	8597525	50	0.000038815	25.00000	2.93679	212.81769	1.39794	0.33333	-1.00000	-1.00000
19387	Gandy	Leland_Harris	un	8605102	289	1.000000000	1.92857	0.16509	22.52900	0.28524	0.01752	-1.00000	-1.00000
19388	Gandy	Leland_Harris	un	8605735	97	1.000000000	0.51724	0.04445	6.01898	0.28631	0.01637	-1.00000	-1.00000
19399	Gandy	Leland_Harris	un	8612377	30	0.023977923	0.12315	0.01417	1.07058	0.90956	0.10769	-1.00000	-1.00000
19401	Gandy	Leland_Harris	un	8613967	6	0.491264850	0.33333	0.03259	3.40968	0.47712	0.03571	-1.00000	-1.00000
19416	Gandy	Leland_Harris	un	8618174	93	0.000967802	0.07097	0.00846	0.59542	1.14894	0.17647	-1.00000	-1.00000
19421	Gandy	Leland_Harris	un	8621583	177	1.000000000	0.93103	0.05544	15.63520	0.03103	0.00004	-1.00000	-1.00000
19430	Gandy	Leland_Harris	un	8625353	52	0.245762712	0.31183	0.03067	3.17041	0.50608	0.03448	-1.00000	-1.00000
19431	Gandy	Leland_Harris	un	8626249	20	0.006611286	10.68421	1.21537	93.92410	1.02874	0.15217	-1.00000	-1.00000
19436	Gandy	Leland_Harris	un	8627862	42	0.120255746	0.21600	0.02358	1.97870	0.66555	0.06400	-1.00000	-1.00000
19438	Gandy	Leland_Harris	un	8629117	395	0.500000000	0.48276	0.04141	5.62819	0.31627	0.01818	-1.00000	-1.00000
19441	Gandy	Leland_Harris	un	8631264	149	0.017761795	6.88235	1.32221	35.82405	0.83774	0.11616	-1.00000	-1.00000
19456	Gandy	Leland_Harris	un	8639813	494	1.000000000	0.55556	0.04765	6.47777	0.25527	0.01576	-1.00000	-1.00000
19457	Gandy	Leland_Harris	un	8640753	595	1.000000000	1.92308	0.16389	22.56519	0.28400	0.01884	-1.00000	-1.00000
19465	Gandy	Leland_Harris	un	8642868	515	0.480000000	0.44444	0.03787	5.21605	0.35218	0.02211	-1.00000	-1.00000
19466	Gandy	Leland_Harris	un	8643417	275	0.464285714	2.38462	0.20446	27.81217	0.37742	0.02098	-1.00000	-1.00000
19470	Gandy	Leland_Harris	un	8645737	37	0.000310950	10.00000	2.68526	37.24036	1.00000	0.25000	-1.00000	-1.00000
19484	Gandy	Leland_Harris	un	8650650	42	0.236897275	0.24074	0.02521	2.29910	0.61845	0.05462	-1.00000	-1.00000
19486	Gandy	Leland_Harris	un	8652185	41	0.227113906	3.48000	0.34009	35.60907	0.54158	0.04142	-1.00000	-1.00000
19511	Gandy	Leland_Harris	un	8660245	104	0.444444444	0.38710	0.03311	4.52610	0.41218	0.02358	-1.00000	-1.00000
19518	Gandy	Leland_Harris	un	8662673	305	0.500000000	0.48387	0.04165	5.62086	0.31527	0.01695	-1.00000	-1.00000
19527	Gandy	Leland_Harris	un	8666127	441	0.500000000	0.48276	0.04141	5.62819	0.31627	0.01818	-1.00000	-1.00000
19546	Gandy	Leland_Harris	un	8672122	259	1.000000000	0.51852	0.04439	6.05718	0.28524	0.01752	-1.00000	-1.00000
19549	Gandy	Leland_Harris	un	8673607	38	0.106170599	0.20968	0.02205	1.99431	0.67845	0.05844	-1.00000	-1.00000
19554	Gandy	Leland_Harris	un	8677805	50	0.056199822	5.74074	0.63090	52.23658	0.75897	0.07143	-1.00000	-1.00000
19570	Gandy	Leland_Harris	un	8684485	41	0.048259363	0.16129	0.01768	1.47141	0.79239	0.07937	-1.00000	-1.00000
19590	Gandy	Leland_Harris	un	8694095	132	0.040703531	6.73913	0.73649	61.66531	0.82860	0.08876	-1.00000	-1.00000
19592	Gandy	Leland_Harris	un	8694863	122	0.028201740	0.14286	0.01635	1.24796	0.84510	0.10000	-1.00000	-1.00000
19595	Gandy	Leland_Harris	un	8696777	318	0.244680851	0.30667	0.02975	3.16133	0.51333	0.04348	-1.00000	-1.00000
19609	Gandy	Leland_Harris	un	8702508	323	0.500000000	0.48387	0.04165	5.62086	0.31527	0.01695	-1.00000	-1.00000
19613	Gandy	Leland_Harris	un	8704900	301	0.118644068	0.22581	0.02380	2.14269	0.64626	0.05263	-1.00000	-1.00000
19626	Gandy	Leland_Harris	un	8709334	27	0.000000000	93.00000	10.64706	812.33667	1.96848	0.64103	-1.00000	-1.00000
19629	Gandy	Leland_Harris	un	8711898	49	0.228675136	0.29032	0.02849	2.95801	0.53712	0.03827	-1.00000	-1.00000
19635	Gandy	Leland_Harris	un	8714516	143	0.000245867	19.37500	2.27415	165.06863	1.28724	0.25000	-1.00000	-1.00000
19651	Gandy	Leland_Harris	un	8720287	329	0.245454545	3.22222	0.31567	32.89072	0.50816	0.03704	-1.00000	-1.00000
19663	Gandy	Leland_Harris	un	8724864	170	0.461538462	0.41379	0.03533	4.84665	0.38322	0.02288	-1.00000	-1.00000
19671	Gandy	Leland_Harris	un	8727795	10	0.006332160	0.10222	0.01200	0.87077	0.99045	0.13913	-1.00000	-1.00000
19674	Gandy	Leland_Harris	un	8728654	44	0.239819005	0.26000	0.02716	2.48930	0.58503	0.05248	-1.00000	-1.00000
19680	Gandy	Leland_Harris	un	8730610	136	0.227113906	0.28736	0.02808	2.94037	0.54158	0.04142	-1.00000	-1.00000
19686	Gandy	Leland_Harris	un	8732878	38	0.598443249	1.35000	0.46028	3.95952	0.13033	0.00535	-1.00000	-1.00000
19695	Gandy	Leland_Harris	un	8735351	42	0.017220725	0.11828	0.01329	1.05307	0.92709	0.11312	-1.00000	-1.00000
19697	Gandy	Leland_Harris	un	8736114	31	1.000000000	0.51724	0.04445	6.01898	0.28631	0.01637	-1.00000	-1.00000
19700	Gandy	Leland_Harris	un	8737234	26	1.000000000	1.02273	0.34745	3.01046	0.00976	0.00003	-1.00000	-1.00000
19711	Gandy	Leland_Harris	un	8744148	138	0.768526386	1.34921	0.41813	4.35356	0.13008	0.00484	-1.00000	-1.00000
19715	Gandy	Leland_Harris	un	8746616	168	0.192872117	0.24731	0.02414	2.53324	0.60676	0.04808	-1.00000	-1.00000
19720	Gandy	Leland_Harris	un	8749774	87	1.000000000	0.56000	0.04783	6.55691	0.25181	0.01681	-1.00000	-1.00000
19734	Gandy	Leland_Harris	un	8755093	40	0.000018292	0.03908	0.00473	0.32265	1.40804	0.29697	-1.00000	-1.00000
19759	Gandy	Leland_Harris	un	8765662	60	0.007090887	0.09677	0.01108	0.84530	1.01424	0.13846	-1.00000	-1.00000
19761	Gandy	Leland_Harris	un	8767186	90	1.000000000	1.15038	0.35178	3.76186	0.06084	0.00103	-1.00000	-1.00000
19767	Gandy	Leland_Harris	un	8769560	147	0.000008314	19.25000	4.49101	82.51202	1.28443	0.36752	-1.00000	-1.00000
19769	Gandy	Leland_Harris	un	8770273	37	0.245454545	0.31034	0.03040	3.16783	0.50816	0.03704	-1.00000	-1.00000
19778	Gandy	Leland_Harris	un	8776179	312	0.500000000	0.48387	0.04165	5.62086	0.31527	0.01695	-1.00000	-1.00000
19779	Gandy	Leland_Harris	un	8777078	443	0.500000000	0.48276	0.04141	5.62819	0.31627	0.01818	-1.00000	-1.00000
19784	Gandy	Leland_Harris	un	8779182	105	0.005211412	11.42105	1.30174	100.20435	1.05771	0.15625	-1.00000	-1.00000
19788	Gandy	Leland_Harris	un	8782836	381	1.000000000	0.79310	0.04702	13.37737	0.10067	0.00048	-1.00000	-1.00000
19795	Gandy	Leland_Harris	un	8787481	99	0.500000000	0.48276	0.04141	5.62819	0.31627	0.01818	-1.00000	-1.00000
19812	Gandy	Leland_Harris	un	8795555	91	0.245454545	3.22222	0.31567	32.89072	0.50816	0.03704	-1.00000	-1.00000
19814	Gandy	Leland_Harris	un	8797522	494	1.000000000	1.80000	0.15437	20.98797	0.25527	0.01576	-1.00000	-1.00000
19825	Gandy	Leland_Harris	un	8803347	9	0.000398507	0.06158	0.00739	0.51346	1.21054	0.20000	-1.00000	-1.00000
19826	Gandy	Leland_Harris	un	8804687	386	0.228675136	0.29032	0.02849	2.95801	0.53712	0.03827	-1.00000	-1.00000
19844	Gandy	Leland_Harris	un	8811155	337	1.000000000	1.80000	0.15437	20.98797	0.25527	0.01576	-1.00000	-1.00000
19846	Gandy	Leland_Harris	un	8812911	408	0.481481481	0.44828	0.03837	5.23742	0.34845	0.02032	-1.00000	-1.00000
19847	Gandy	Leland_Harris	un	8813489	155	0.228675136	3.44444	0.33807	35.09441	0.53712	0.03827	-1.00000	-1.00000
19850	Gandy	Leland_Harris	un	8814302	154	0.464285714	2.38462	0.20446	27.81217	0.37742	0.02098	-1.00000	-1.00000
19851	Gandy	Leland_Harris	un	8815335	416	1.000000000	0.51724	0.04445	6.01898	0.28631	0.01637	-1.00000	-1.00000
19856	Gandy	Leland_Harris	un	8818807	343	0.245454545	0.31034	0.03040	3.16783	0.50816	0.03704	-1.00000	-1.00000
19860	Gandy	Leland_Harris	un	8820110	181	0.461538462	0.41379	0.03533	4.84665	0.38322	0.02288	-1.00000	-1.00000
19884	Gandy	Leland_Harris	un	8830317	38	0.118644068	0.22581	0.02380	2.14269	0.64626	0.05263	-1.00000	-1.00000
19895	Gandy	Leland_Harris	un	8832630	44	0.000017296	26.86667	3.20762	225.03188	1.42921	0.31469	-1.00000	-1.00000
19904	Gandy	Leland_Harris	un	8835982	136	0.012584426	6.94737	1.37153	35.19124	0.84182	0.11714	-1.00000	-1.00000
19923	Gandy	Leland_Harris	un	8845158	418	0.464285714	0.41935	0.03596	4.89101	0.37742	0.02098	-1.00000	-1.00000
19927	Gandy	Leland_Harris	un	8847252	38	0.055746141	0.17241	0.01886	1.57593	0.76343	0.07692	-1.00000	-1.00000
19940	Gandy	Leland_Harris	un	8853370	136	0.491833031	0.33333	0.03272	3.39531	0.47712	0.03333	-1.00000	-1.00000
19941	Gandy	Leland_Harris	un	8854384	332	1.000000000	0.56000	0.04783	6.55691	0.25181	0.01681	-1.00000	-1.00000
19942	Gandy	Leland_Harris	un	8855183	309	0.500000000	0.48276	0.04141	5.62819	0.31627	0.01818	-1.00000	-1.00000
19943	Gandy	Leland_Harris	un	8855675	45	0.000000000	116.00000	13.04689	1031.35706	2.06446	0.60457	-1.00000	-1.00000
19947	Gandy	Leland_Harris	un	8857260	34	0.000070565	0.03704	0.00444	0.30868	1.43136	0.26945	-1.00000	-1.00000
19953	Gandy	Leland_Harris	un	8862134	57	0.500000000	2.08333	0.17711	24.50678	0.31876	0.02128	-1.00000	-1.00000
19959	Gandy	Leland_Harris	un	8863815	152	0.000000064	51.54546	6.15561	431.62811	1.71219	0.48148	-1.00000	-1.00000
19972	Gandy	Leland_Harris	un	8867921	56	0.000245867	0.05161	0.00606	0.43972	1.28724	0.25000	-1.00000	-1.00000
19974	Gandy	Leland_Harris	un	8869491	51	0.618644068	2.07143	0.17768	24.14955	0.31627	0.00585	-1.00000	-1.00000
19980	Gandy	Leland_Harris	un	8872038	93	0.005220156	10.56522	1.24359	89.75964	1.02388	0.14444	-1.00000	-1.00000
19986	Gandy	Leland_Harris	un	8874691	286	0.461538462	0.41379	0.03533	4.84665	0.38322	0.02288	-1.00000	-1.00000
19991	Gandy	Leland_Harris	un	8876926	77	0.211038961	0.26882	0.02632	2.74562	0.57054	0.04274	-1.00000	-1.00000
20016	Gandy	Leland_Harris	un	8889150	118	0.228675136	0.29032	0.02849	2.95801	0.53712	0.03827	-1.00000	-1.00000
20028	Gandy	Leland_Harris	un	8893472	13	0.000003676	43.20000	5.04896	369.62860	1.63548	0.38890	-1.00000	-1.00000
20035	Gandy	Leland_Harris	un	8898183	37	0.583502436	1.40000	0.45778	4.28156	0.14613	0.00698	-1.00000	-1.00000
20039	Gandy	Leland_Harris	un	8900658	23	0.000023178	24.11111	2.92232	198.93292	1.38222	0.27660	-1.00000	-1.00000
20045	Gandy	Leland_Harris	un	8903253	61	0.480000000	0.44444	0.03787	5.21605	0.35218	0.02211	-1.00000	-1.00000
20058	Gandy	Leland_Harris	un	8910527	261	1.000000000	1.00000	0.05944	16.82259	0.00000	0.00000	-1.00000	-1.00000
20071	Gandy	Leland_Harris	un	8915963	6	1.000000000	0.51724	0.04445	6.01898	0.28631	0.01637	-1.00000	-1.00000
20076	Gandy	Leland_Harris	un	8919407	198	0.481481481	0.44828	0.03837	5.23742	0.34845	0.02032	-1.00000	-1.00000
20084	Gandy	Leland_Harris	un	8922746	356	0.491833031	3.00000	0.29452	30.55776	0.47712	0.03333	-1.00000	-1.00000
20096	Gandy	Leland_Harris	un	8927581	39	0.118644068	4.42857	0.46670	42.02293	0.64626	0.05263	-1.00000	-1.00000
20106	Gandy	Leland_Harris	un	8931502	61	0.211038961	0.26882	0.02632	2.74562	0.57054	0.04274	-1.00000	-1.00000
20107	Gandy	Leland_Harris	un	8932359	95	0.493506494	0.35802	0.03507	3.65452	0.44609	0.03210	-1.00000	-1.00000
20112	Gandy	Leland_Harris	un	8934021	372	0.245762712	0.31183	0.03067	3.17041	0.50608	0.03448	-1.00000	-1.00000
20114	Gandy	Leland_Harris	un	8934633	111	0.056199822	5.74074	0.63090	52.23658	0.75897	0.07143	-1.00000	-1.00000
20119	Gandy	Leland_Harris	un	8937857	39	0.000245867	19.37500	2.27415	165.06863	1.28724	0.25000	-1.00000	-1.00000
20123	Gandy	Leland_Harris	un	8941063	99	0.146369623	3.66667	0.65835	20.42132	0.56427	0.05000	-1.00000	-1.00000
20131	Gandy	Leland_Harris	un	8944407	137	0.547000858	0.61404	0.18541	2.03352	0.21181	0.01283	-1.00000	-1.00000
20144	Gandy	Leland_Harris	un	8951524	350	1.000000000	0.55556	0.04765	6.47777	0.25527	0.01576	-1.00000	-1.00000
20147	Gandy	Leland_Harris	un	8952029	27	0.107960852	0.17037	0.01854	1.56542	0.76861	0.05333	-1.00000	-1.00000
20149	Gandy	Leland_Harris	un	8952957	174	0.461538462	0.41379	0.03533	4.84665	0.38322	0.02288	-1.00000	-1.00000
20151	Gandy	Leland_Harris	un	8953726	119	0.000094312	20.66667	2.47792	172.36687	1.31527	0.25076	-1.00000	-1.00000
20152	Gandy	Leland_Harris	un	8954402	11	0.500000000	2.06667	0.17791	24.00734	0.31527	0.01695	-1.00000	-1.00000
20155	Gandy	Leland_Harris	un	8955570	388	1.000000000	1.78571	0.15251	20.90852	0.25181	0.01681	-1.00000	-1.00000
20158	Gandy	Leland_Harris	un	8956115	66	0.500000000	2.07143	0.17768	24.14955	0.31627	0.01818	-1.00000	-1.00000
20166	Gandy	Leland_Harris	un	8958580	106	1.000000000	0.56000	0.04783	6.55691	0.25181	0.01681	-1.00000	-1.00000
20167	Gandy	Leland_Harris	un	8959417	42	0.000003955	31.00000	3.73565	257.25128	1.49136	0.34091	-1.00000	-1.00000
20177	Gandy	Leland_Harris	un	8963793	454	0.500000000	2.07143	0.17768	24.14955	0.31627	0.01818	-1.00000	-1.00000
20178	Gandy	Leland_Harris	un	8964267	147	0.354066986	4.15385	0.43495	39.66973	0.61845	0.03021	-1.00000	-1.00000
20182	Gandy	Leland_Harris	un	8966539	44	1.000000000	0.52000	0.04432	6.10163	0.28400	0.01884	-1.00000	-1.00000
20185	Gandy	Leland_Harris	un	8968037	53	0.001149209	10.70588	2.14838	53.34982	1.02962	0.17926	-1.00000	-1.00000
20202	Gandy	Leland_Harris	un	8975270	83	0.083574248	7.10526	0.76720	65.80408	0.85158	0.07255	-1.00000	-1.00000
20207	Gandy	Leland_Harris	un	8977726	25	0.431086671	2.16667	0.36328	12.92254	0.33579	0.01333	-1.00000	-1.00000
20208	Gandy	Leland_Harris	un	8978531	33	0.005211412	0.08756	0.00998	0.76820	1.05771	0.15625	-1.00000	-1.00000
20218	Gandy	Leland_Harris	un	8982632	69	0.785166956	1.33333	0.45599	3.89871	0.12494	0.00512	-1.00000	-1.00000
20225	Gandy	Leland_Harris	un	8986085	260	0.500000000	0.48148	0.04113	5.63661	0.31742	0.01961	-1.00000	-1.00000
20231	Gandy	Leland_Harris	un	8988258	102	0.245454545	0.31034	0.03040	3.16783	0.50816	0.03704	-1.00000	-1.00000
20240	Gandy	Leland_Harris	un	8992405	326	0.227113906	0.28736	0.02808	2.94037	0.54158	0.04142	-1.00000	-1.00000
20253	Gandy	Leland_Harris	un	8997451	56	0.106170599	0.20968	0.02205	1.99431	0.67845	0.05844	-1.00000	-1.00000
20269	Gandy	Leland_Harris	un	9006632	384	0.245762712	0.31183	0.03067	3.17041	0.50608	0.03448	-1.00000	-1.00000
20287	Gandy	Leland_Harris	un	9012887	169	1.000000000	1.66667	0.14261	19.47836	0.22185	0.01509	-1.00000	-1.00000
20289	Gandy	Leland_Harris	un	9014157	42	0.000125525	10.95238	3.15599	38.00861	1.03951	0.28609	-1.00000	-1.00000
20291	Gandy	Leland_Harris	un	9014993	92	0.118181818	0.22414	0.02352	2.13589	0.64948	0.05660	-1.00000	-1.00000
20299	Gandy	Leland_Harris	un	9019084	133	0.000000000	142.60001	15.58413	1304.83789	2.15412	0.74661	-1.00000	-1.00000
20318	Gandy	Leland_Harris	un	9028622	50	0.661311333	0.58333	0.08878	3.83298	0.23408	0.00641	-1.00000	-1.00000
20319	Gandy	Leland_Harris	un	9029806	422	0.500000000	2.06667	0.17791	24.00734	0.31527	0.01695	-1.00000	-1.00000
20327	Gandy	Leland_Harris	un	9031974	71	0.500000000	2.06667	0.17791	24.00734	0.31527	0.01695	-1.00000	-1.00000
20338	Gandy	Leland_Harris	un	9036114	546	1.000000000	1.78571	0.15251	20.90852	0.25181	0.01681	-1.00000	-1.00000
20349	Gandy	Leland_Harris	un	9039467	51	1.000000000	1.02667	0.33357	3.15994	0.01143	0.00004	-1.00000	-1.00000
20351	Gandy	Leland_Harris	un	9040664	434	0.500000000	2.07143	0.17768	24.14955	0.31627	0.01818	-1.00000	-1.00000
20357	Gandy	Leland_Harris	un	9043550	99	0.002017343	10.40000	2.05302	52.68327	1.01703	0.18673	-1.00000	-1.00000
20366	Gandy	Leland_Harris	un	9048394	149	1.000000000	0.51724	0.04445	6.01898	0.28631	0.01637	-1.00000	-1.00000
20367	Gandy	Leland_Harris	un	9049487	359	0.464285714	0.41935	0.03596	4.89101	0.37742	0.02098	-1.00000	-1.00000
20369	Gandy	Leland_Harris	un	9050992	86	0.033599894	7.38095	0.80374	67.78108	0.86811	0.10000	-1.00000	-1.00000
20392	Gandy	Leland_Harris	un	9063137	446	1.000000000	0.79310	0.04702	13.37737	0.10067	0.00048	-1.00000	-1.00000
20408	Gandy	Leland_Harris	un	9070001	55	0.008914258	0.10345	0.01182	0.90538	0.98528	0.13462	-1.00000	-1.00000
20411	Gandy	Leland_Harris	un	9071630	6	0.081599742	5.63636	0.58908	53.92945	0.75100	0.07353	-1.00000	-1.00000
20413	Gandy	Leland_Harris	un	9073505	341	1.000000000	1.78571	0.15251	20.90852	0.25181	0.01681	-1.00000	-1.00000
20419	Gandy	Leland_Harris	un	9075958	297	0.046139818	6.42857	0.69714	59.27980	0.80811	0.09420	-1.00000	-1.00000
20420	Gandy	Leland_Harris	un	9076552	56	0.106888390	2.59615	0.85055	7.92429	0.41433	0.05309	-1.00000	-1.00000
20427	Gandy	Leland_Harris	un	9079455	439	0.500000000	0.48276	0.04141	5.62819	0.31627	0.01818	-1.00000	-1.00000
20432	Gandy	Leland_Harris	un	9080488	66	0.001099811	0.06810	0.00798	0.58084	1.16685	0.19231	-1.00000	-1.00000
20438	Gandy	Leland_Harris	un	9082936	11	0.515351303	1.84211	0.50534	6.71500	0.26531	0.01554	-1.00000	-1.00000
20439	Gandy	Leland_Harris	un	9083761	33	0.482758621	2.21429	0.19026	25.77014	0.34523	0.01880	-1.00000	-1.00000
20440	Gandy	Leland_Harris	un	9084577	67	0.104821803	0.20690	0.02165	1.97698	0.68425	0.06335	-1.00000	-1.00000
20445	Gandy	Leland_Harris	un	9086939	40	0.118644068	4.42857	0.46670	42.02293	0.64626	0.05263	-1.00000	-1.00000
20457	Gandy	Leland_Harris	un	9090115	37	0.079566986	4.52941	0.83229	24.64951	0.65604	0.07123	-1.00000	-1.00000
20458	Gandy	Leland_Harris	un	9090880	11	0.734386036	0.76667	0.18277	3.21590	0.11539	0.00236	-1.00000	-1.00000
20467	Gandy	Leland_Harris	un	9094135	74	0.106170599	0.20968	0.02205	1.99431	0.67845	0.05844	-1.00000	-1.00000
20474	Gandy	Leland_Harris	un	9096510	70	0.482758621	0.45161	0.03880	5.25593	0.34523	0.01880	-1.00000	-1.00000
20488	Gandy	Leland_Harris	un	9101558	368	0.227113906	0.28736	0.02808	2.94037	0.54158	0.04142	-1.00000	-1.00000
20504	Gandy	Leland_Harris	un	9105901	524	0.211038961	0.26882	0.02632	2.74562	0.57054	0.04274	-1.00000	-1.00000
20515	Gandy	Leland_Harris	un	9109171	281	0.500000000	2.07143	0.17768	24.14955	0.31627	0.01818	-1.00000	-1.00000
20519	Gandy	Leland_Harris	un	9111224	12	0.000538835	14.00000	2.74966	71.28151	1.14613	0.23816	-1.00000	-1.00000
20533	Gandy	Leland_Harris	un	9115146	471	1.000000000	0.51852	0.04439	6.05718	0.28524	0.01752	-1.00000	-1.00000
20544	Gandy	Leland_Harris	un	9120658	91	0.589502262	2.45455	0.20853	28.89201	0.38997	0.01037	-1.00000	-1.00000
20546	Gandy	Leland_Harris	un	9121553	102	0.020799934	7.90909	0.88661	70.55416	0.89813	0.10989	-1.00000	-1.00000
20550	Gandy	Leland_Harris	un	9124358	436	0.245454545	0.31034	0.03040	3.16783	0.50816	0.03704	-1.00000	-1.00000
20553	Gandy	Leland_Harris	un	9124844	79	0.228675136	0.29032	0.02849	2.95801	0.53712	0.03827	-1.00000	-1.00000
20559	Gandy	Leland_Harris	un	9127997	105	0.104821803	4.83333	0.50582	46.18450	0.68425	0.06335	-1.00000	-1.00000
20561	Gandy	Leland_Harris	un	9129180	460	0.491264850	3.00000	0.29328	30.68711	0.47712	0.03571	-1.00000	-1.00000
20569	Gandy	Leland_Harris	un	9131916	18	0.735822279	1.30000	0.31271	5.40429	0.11394	0.00218	-1.00000	-1.00000
20577	Gandy	Leland_Harris	un	9135263	44	0.544833398	1.58824	0.46544	5.41961	0.20091	0.01099	-1.00000	-1.00000
20583	Gandy	Leland_Harris	un	9138582	99	0.081599742	0.17742	0.01854	1.69757	0.75100	0.07353	-1.00000	-1.00000
20584	Gandy	Leland_Harris	un	9139311	60	0.141726161	0.24675	0.04566	1.33344	0.60774	0.05844	-1.00000	-1.00000
20595	Gandy	Leland_Harris	un	9144949	85	1.000000000	1.00000	0.05965	16.76418	0.00000	0.00000	-1.00000	-1.00000
20599	Gandy	Leland_Harris	un	9147965	461	1.000000000	1.08000	0.06407	18.20505	0.03342	0.00005	-1.00000	-1.00000
20624	Gandy	Leland_Harris	un	9158445	154	0.228675136	0.29032	0.02849	2.95801	0.53712	0.03827	-1.00000	-1.00000
20626	Gandy	Leland_Harris	un	9160188	412	0.500000000	0.48276	0.04141	5.62819	0.31627	0.01818	-1.00000	-1.00000
20630	Gandy	Leland_Harris	un	9161453	92	0.056199822	0.17419	0.01914	1.58503	0.75897	0.07143	-1.00000	-1.00000
20654	Gandy	Leland_Harris	un	9173972	32	0.118181818	0.22414	0.02352	2.13589	0.64948	0.05660	-1.00000	-1.00000
20666	Gandy	Leland_Harris	un	9179087	349	0.500000000	2.07143	0.17768	24.14955	0.31627	0.01818	-1.00000	-1.00000
20670	Gandy	Leland_Harris	un	9180471	37	0.500000000	0.48387	0.04165	5.62086	0.31527	0.01695	-1.00000	-1.00000
20673	Gandy	Leland_Harris	un	9182858	56	0.000002290	32.57143	6.05342	175.25595	1.51284	0.44393	-1.00000	-1.00000
20688	Gandy	Leland_Harris	un	9187433	12	0.001383045	6.87500	2.17253	21.75599	0.83727	0.20036	-1.00000	-1.00000
20689	Gandy	Leland_Harris	un	9188750	432	0.500000000	2.06667	0.17791	24.00734	0.31527	0.01695	-1.00000	-1.00000
20695	Gandy	Leland_Harris	un	9190285	300	0.227113906	0.28736	0.02808	2.94037	0.54158	0.04142	-1.00000	-1.00000
20703	Gandy	Leland_Harris	un	9193330	143	0.004409847	6.41667	1.72250	23.90345	0.80731	0.16340	-1.00000	-1.00000
20707	Gandy	Leland_Harris	un	9195106	262	0.464285714	0.41935	0.03596	4.89101	0.37742	0.02098	-1.00000	-1.00000
20709	Gandy	Leland_Harris	un	9196702	214	1.000000000	0.51724	0.04445	6.01898	0.28631	0.01637	-1.00000	-1.00000
20715	Gandy	Leland_Harris	un	9199466	494	0.500000000	0.48148	0.04113	5.63661	0.31742	0.01961	-1.00000	-1.00000
20743	Gandy	Leland_Harris	un	9210122	110	0.009307886	0.10599	0.01218	0.92241	0.97473	0.12363	-1.00000	-1.00000
20758	Gandy	Leland_Harris	un	9215931	298	1.000000000	0.60000	0.05134	7.01221	0.22185	0.01509	-1.00000	-1.00000
20790	Gandy	Leland_Harris	un	9230278	36	0.221115190	0.27143	0.04763	1.54683	0.56634	0.04392	-1.00000	-1.00000
20804	Gandy	Leland_Harris	un	9235292	525	0.225306122	0.28395	0.02761	2.92002	0.54676	0.04514	-1.00000	-1.00000
20808	Gandy	Leland_Harris	un	9236458	17	0.000131101	19.84211	2.39444	164.42612	1.29759	0.24348	-1.00000	-1.00000
20838	Gandy	Leland_Harris	un	9249503	103	0.000521867	0.05926	0.00693	0.50704	1.22724	0.23780	-1.00000	-1.00000
20855	Gandy	Leland_Harris	un	9256984	518	0.244680851	0.30667	0.02975	3.16133	0.51333	0.04348	-1.00000	-1.00000
20872	Gandy	Leland_Harris	un	9263920	33	0.000849276	0.06667	0.00784	0.56688	1.17609	0.20930	-1.00000	-1.00000
20880	Gandy	Leland_Harris	un	9267494	524	1.000000000	0.52000	0.04432	6.10163	0.28400	0.01884	-1.00000	-1.00000
20884	Gandy	Leland_Harris	un	9269053	362	0.500000000	2.08333	0.17711	24.50678	0.31876	0.02128	-1.00000	-1.00000
20897	Gandy	Leland_Harris	un	9276678	33	0.000000000	124.00000	13.97399	1100.33020	2.09342	0.70408	-1.00000	-1.00000
20902	Gandy	Leland_Harris	un	9279126	110	0.025116561	7.60870	0.86830	66.67275	0.88131	0.11180	-1.00000	-1.00000
20903	Gandy	Leland_Harris	un	9280272	435	0.464285714	0.41935	0.03596	4.89101	0.37742	0.02098	-1.00000	-1.00000
20908	Gandy	Leland_Harris	un	9283376	459	1.000000000	1.66667	0.14261	19.47836	0.22185	0.01509	-1.00000	-1.00000
20930	Gandy	Leland_Harris	un	9293190	48	0.490612245	0.33333	0.03243	3.42639	0.47712	0.03846	-1.00000	-1.00000
20931	Gandy	Leland_Harris	un	9294008	20	0.324214609	0.25926	0.02513	2.67521	0.58627	0.02790	-1.00000	-1.00000
20937	Gandy	Leland_Harris	un	9297263	49	1.000000000	0.84000	0.15311	4.60849	0.07572	0.00078	-1.00000	-1.00000
20941	Gandy	Leland_Harris	un	9299709	155	0.324214609	3.85714	0.37380	39.80061	0.58627	0.02790	-1.00000	-1.00000
20946	Gandy	Leland_Harris	un	9301140	12	0.586807972	1.37879	0.45293	4.19727	0.13950	0.00641	-1.00000	-1.00000
20966	Gandy	Leland_Harris	un	9310914	122	0.025310124	0.13580	0.01519	1.21416	0.86709	0.10638	-1.00000	-1.00000
20972	Gandy	Leland_Harris	un	9313557	403	0.245098039	0.30864	0.03010	3.16484	0.51055	0.04000	-1.00000	-1.00000
20974	Gandy	Leland_Harris	un	9315048	155	0.227113906	0.28736	0.02808	2.94037	0.54158	0.04142	-1.00000	-1.00000
20982	Gandy	Leland_Harris	un	9319272	329	1.000000000	0.79310	0.04702	13.37737	0.10067	0.00048	-1.00000	-1.00000
20986	Gandy	Leland_Harris	un	9319852	59	0.237749546	0.24138	0.02539	2.29481	0.61730	0.05091	-1.00000	-1.00000
20996	Gandy	Leland_Harris	un	9325569	66	0.000000151	49.60000	5.82182	422.57568	1.69548	0.48077	-1.00000	-1.00000
21012	Gandy	Leland_Harris	un	9334016	14	0.000666088	7.50000	2.24442	25.06219	0.87506	0.19859	-1.00000	-1.00000
21015	Gandy	Leland_Harris	un	9335653	26	1.000000000	0.87500	0.29875	2.56272	0.05799	0.00110	-1.00000	-1.00000
21030	Gandy	Leland_Harris	un	9341839	125	1.000000000	0.51724	0.04445	6.01898	0.28631	0.01637	-1.00000	-1.00000
21039	Gandy	Leland_Harris	un	9346916	391	0.500000000	0.48276	0.04141	5.62819	0.31627	0.01818	-1.00000	-1.00000
21047	Gandy	Leland_Harris	un	9351397	51	0.674884248	1.84615	0.30954	11.01092	0.26627	0.00827	-1.00000	-1.00000
21066	Gandy	Leland_Harris	un	9363110	141	0.245454545	0.31034	0.03040	3.16783	0.50816	0.03704	-1.00000	-1.00000
21085	Gandy	Leland_Harris	un	9369761	486	0.245454545	0.31034	0.03040	3.16783	0.50816	0.03704	-1.00000	-1.00000
21086	Gandy	Leland_Harris	un	9370599	545	0.500000000	2.07692	0.17741	24.31412	0.31742	0.01961	-1.00000	-1.00000
21089	Gandy	Leland_Harris	un	9372386	31	1.000000000	0.60000	0.05134	7.01221	0.22185	0.01509	-1.00000	-1.00000
21104	Gandy	Leland_Harris	un	9378926	31	0.026092774	0.13978	0.01580	1.23690	0.85454	0.09091	-1.00000	-1.00000
21107	Gandy	Leland_Harris	un	9380915	298	0.491264850	3.00000	0.29328	30.68711	0.47712	0.03571	-1.00000	-1.00000
21128	Gandy	Leland_Harris	un	9389894	469	0.480000000	0.44444	0.03787	5.21605	0.35218	0.02211	-1.00000	-1.00000
21132	Gandy	Leland_Harris	un	9391048	46	0.047272578	0.15862	0.01730	1.45424	0.79964	0.08615	-1.00000	-1.00000
21136	Gandy	Leland_Harris	un	9391813	100	0.010708738	0.10345	0.01207	0.88640	0.98528	0.12810	-1.00000	-1.00000
21144	Gandy	Leland_Harris	un	9397809	193	0.211038961	0.26882	0.02632	2.74562	0.57054	0.04274	-1.00000	-1.00000
21157	Gandy	Leland_Harris	un	9403424	369	0.091583710	5.27273	0.55003	50.54564	0.72204	0.07143	-1.00000	-1.00000
21158	Gandy	Leland_Harris	un	9403908	56	0.008969841	0.12857	0.02520	0.65595	0.89086	0.12840	-1.00000	-1.00000
21163	Gandy	Leland_Harris	un	9406645	328	0.245454545	0.31034	0.03040	3.16783	0.50816	0.03704	-1.00000	-1.00000
21178	Gandy	Leland_Harris	un	9412543	31	0.048259363	0.16129	0.01768	1.47141	0.79239	0.07937	-1.00000	-1.00000
21196	Gandy	Leland_Harris	un	9420634	342	0.461538462	0.41379	0.03533	4.84665	0.38322	0.02288	-1.00000	-1.00000
21214	Gandy	Leland_Harris	un	9426523	126	0.500000000	0.48387	0.04165	5.62086	0.31527	0.01695	-1.00000	-1.00000
21219	Gandy	Leland_Harris	un	9428908	46	0.265026128	0.49587	0.16138	1.52367	0.30463	0.02714	-1.00000	-1.00000
21225	Gandy	Leland_Harris	un	9431393	417	0.482758621	2.21429	0.19026	25.77014	0.34523	0.01880	-1.00000	-1.00000
21226	Gandy	Leland_Harris	un	9431986	72	0.000002091	36.81818	4.32211	313.63794	1.56606	0.42130	-1.00000	-1.00000
21230	Gandy	Leland_Harris	un	9434649	420	1.000000000	0.51724	0.04445	6.01898	0.28631	0.01637	-1.00000	-1.00000
21234	Gandy	Leland_Harris	un	9435032	25	0.000000032	55.80000	6.59051	472.44266	1.74663	0.50296	-1.00000	-1.00000
21235	Gandy	Leland_Harris	un	9436051	269	1.000000000	1.80000	0.15437	20.98797	0.25527	0.01576	-1.00000	-1.00000
21290	Gandy	Leland_Harris	un	9459025	86	0.055222089	5.86957	0.63881	53.93145	0.76861	0.08333	-1.00000	-1.00000
21296	Gandy	Leland_Harris	un	9460986	262	0.444444444	0.38710	0.03311	4.52610	0.41218	0.02358	-1.00000	-1.00000
21302	Gandy	Leland_Harris	un	9464090	69	0.000006888	20.80952	4.72402	91.66689	1.31826	0.38788	-1.00000	-1.00000
21316	Gandy	Leland_Harris	un	9470791	261	0.104821803	0.20690	0.02165	1.97698	0.68425	0.06335	-1.00000	-1.00000
21318	Gandy	Leland_Harris	un	9471469	131	0.011146345	7.22222	1.41105	36.96581	0.85867	0.12121	-1.00000	-1.00000
21329	Gandy	Leland_Harris	un	9473871	58	0.000706867	0.06093	0.00710	0.52259	1.21516	0.21739	-1.00000	-1.00000
21335	Gandy	Leland_Harris	un	9475564	97	0.007090887	10.33333	1.18301	90.25963	1.01424	0.13846	-1.00000	-1.00000
21352	Gandy	Leland_Harris	un	9481582	230	0.056199822	0.17419	0.01914	1.58503	0.75897	0.07143	-1.00000	-1.00000
21356	Gandy	Leland_Harris	un	9483834	23	0.000081590	29.54545	3.42761	254.67741	1.47049	0.31350	-1.00000	-1.00000
21357	Gandy	Leland_Harris	un	9484757	139	0.763512459	0.80952	0.23723	2.76237	0.09177	0.00219	-1.00000	-1.00000
21359	Gandy	Leland_Harris	un	9486258	49	0.028312297	3.98765	1.28533	12.37148	0.60072	0.11050	-1.00000	-1.00000
21367	Gandy	Leland_Harris	un	9490319	66	0.051876516	0.14815	0.01663	1.32015	0.82930	0.09475	-1.00000	-1.00000
21369	Gandy	Leland_Harris	un	9492188	290	1.000000000	1.80000	0.15437	20.98797	0.25527	0.01576	-1.00000	-1.00000
21374	Gandy	Leland_Harris	un	9494373	159	0.461538462	0.41379	0.03533	4.84665	0.38322	0.02288	-1.00000	-1.00000
21376	Gandy	Leland_Harris	un	9495970	130	0.491833031	3.00000	0.29452	30.55776	0.47712	0.03333	-1.00000	-1.00000
21384	Gandy	Leland_Harris	un	9499767	444	0.480000000	0.44444	0.03787	5.21605	0.35218	0.02211	-1.00000	-1.00000
21399	Gandy	Leland_Harris	un	9508176	132	0.000141323	13.33333	3.17572	55.98029	1.12494	0.28278	-1.00000	-1.00000
21409	Gandy	Leland_Harris	un	9512788	59	0.046139818	0.15556	0.01687	1.43442	0.80811	0.09420	-1.00000	-1.00000
21411	Gandy	Leland_Harris	un	9513940	457	0.482758621	2.21429	0.19026	25.77014	0.34523	0.01880	-1.00000	-1.00000
21413	Gandy	Leland_Harris	un	9515255	109	0.000000000	85.25000	9.93526	731.49170	1.93069	0.60811	-1.00000	-1.00000
21423	Gandy	Leland_Harris	un	9521532	21	0.339557099	0.28000	0.02707	2.89628	0.55284	0.02540	-1.00000	-1.00000
21438	Gandy	Leland_Harris	un	9528524	42	0.009168102	5.55556	1.62227	19.02536	0.74473	0.15925	-1.00000	-1.00000
21439	Gandy	Leland_Harris	un	9529427	86	0.500000000	0.48387	0.04165	5.62086	0.31527	0.01695	-1.00000	-1.00000
21453	Gandy	Leland_Harris	un	9535519	9	0.118181818	0.22414	0.02352	2.13589	0.64948	0.05660	-1.00000	-1.00000
21471	Gandy	Leland_Harris	un	9543461	112	0.056199822	0.17419	0.01914	1.58503	0.75897	0.07143	-1.00000	-1.00000
21472	Gandy	Leland_Harris	un	9544451	262	0.482758621	0.45161	0.03880	5.25593	0.34523	0.01880	-1.00000	-1.00000
21476	Gandy	Leland_Harris	un	9547571	135	1.000000000	1.28205	0.26028	6.31506	0.10791	0.00161	-1.00000	-1.00000
21489	Gandy	Leland_Harris	un	9553182	147	0.039250162	0.14483	0.01574	1.33255	0.83915	0.09722	-1.00000	-1.00000
21496	Gandy	Leland_Harris	un	9557309	342	0.227113906	0.28736	0.02808	2.94037	0.54158	0.04142	-1.00000	-1.00000
21502	Gandy	Leland_Harris	un	9559032	388	0.500000000	0.48276	0.04141	5.62819	0.31627	0.01818	-1.00000	-1.00000
21504	Gandy	Leland_Harris	un	9560539	356	1.000000000	0.51852	0.04439	6.05718	0.28524	0.01752	-1.00000	-1.00000
21510	Gandy	Leland_Harris	un	9563504	21	0.118644068	4.42857	0.46670	42.02293	0.64626	0.05263	-1.00000	-1.00000
21520	Gandy	Leland_Harris	un	9568293	32	1.000000000	1.78571	0.15251	20.90852	0.25181	0.01681	-1.00000	-1.00000
21551	Gandy	Leland_Harris	un	9581237	152	0.005211412	0.08756	0.00998	0.76820	1.05771	0.15625	-1.00000	-1.00000
21555	Gandy	Leland_Harris	un	9582805	67	0.000094312	0.04839	0.00580	0.40356	1.31527	0.25076	-1.00000	-1.00000
21569	Gandy	Leland_Harris	un	9587020	238	0.481481481	0.44828	0.03837	5.23742	0.34845	0.02032	-1.00000	-1.00000
21571	Gandy	Leland_Harris	un	9587690	106	0.402764781	1.66667	0.52756	5.26530	0.22185	0.01587	-1.00000	-1.00000
21576	Gandy	Leland_Harris	un	9591128	264	0.500000000	2.06667	0.17791	24.00734	0.31527	0.01695	-1.00000	-1.00000
21583	Gandy	Leland_Harris	un	9593343	105	0.000251499	17.94737	2.14284	150.31827	1.25400	0.22321	-1.00000	-1.00000
21584	Gandy	Leland_Harris	un	9594088	80	0.253099393	3.27273	0.59686	17.94505	0.51491	0.03733	-1.00000	-1.00000
21595	Gandy	Leland_Harris	un	9599684	404	0.192872117	4.04348	0.39475	41.41771	0.60676	0.04808	-1.00000	-1.00000
21608	Gandy	Leland_Harris	un	9602789	340	0.236897275	4.15385	0.43495	39.66973	0.61845	0.05462	-1.00000	-1.00000
21610	Gandy	Leland_Harris	un	9604114	139	0.010708738	0.10345	0.01207	0.88640	0.98528	0.12810	-1.00000	-1.00000
21612	Gandy	Leland_Harris	un	9604827	51	0.192872117	0.24731	0.02414	2.53324	0.60676	0.04808	-1.00000	-1.00000
21638	Gandy	Leland_Harris	un	9616532	56	0.007079241	0.15050	0.03660	0.61887	0.82246	0.14576	-1.00000	-1.00000
21640	Gandy	Leland_Harris	un	9617785	448	0.481481481	0.44828	0.03837	5.23742	0.34845	0.02032	-1.00000	-1.00000
21644	Gandy	Leland_Harris	un	9619271	300	0.480000000	0.44444	0.03787	5.21605	0.35218	0.02211	-1.00000	-1.00000
21646	Gandy	Leland_Harris	un	9620825	90	0.054609929	0.16800	0.01817	1.55315	0.77469	0.09091	-1.00000	-1.00000
21647	Gandy	Leland_Harris	un	9621567	36	0.240259740	0.25926	0.02721	2.47017	0.58627	0.04906	-1.00000	-1.00000
21650	Gandy	Leland_Harris	un	9623113	40	0.592575450	0.72115	0.24383	2.13288	0.14197	0.00648	-1.00000	-1.00000
21653	Gandy	Leland_Harris	un	9624995	267	0.500000000	0.48276	0.04141	5.62819	0.31627	0.01818	-1.00000	-1.00000
21664	Gandy	Leland_Harris	un	9631285	238	0.491833031	0.33333	0.03272	3.39531	0.47712	0.03333	-1.00000	-1.00000
21675	Gandy	Leland_Harris	un	9635197	252	1.000000000	0.79310	0.04702	13.37737	0.10067	0.00048	-1.00000	-1.00000
21683	Gandy	Leland_Harris	un	9638112	49	0.000911685	14.50000	1.71773	122.39995	1.16137	0.19149	-1.00000	-1.00000
21699	Gandy	Leland_Harris	un	9643688	119	0.005105438	0.09483	0.01103	0.81529	1.02307	0.14286	-1.00000	-1.00000
21715	Gandy	Leland_Harris	un	9650701	49	0.081599742	0.17742	0.01854	1.69757	0.75100	0.07353	-1.00000	-1.00000
21726	Gandy	Leland_Harris	un	9656125	79	0.068267079	2.81481	0.94588	8.37651	0.44945	0.06323	-1.00000	-1.00000
21727	Gandy	Leland_Harris	un	9657145	355	0.491833031	0.33333	0.03272	3.39531	0.47712	0.03333	-1.00000	-1.00000
21730	Gandy	Leland_Harris	un	9657676	88	0.281777589	2.01515	0.69087	5.87784	0.30431	0.02970	-1.00000	-1.00000
21742	Gandy	Leland_Harris	un	9661642	56	0.254909249	2.08163	0.64596	6.70818	0.31840	0.03057	-1.00000	-1.00000
21745	Gandy	Leland_Harris	un	9664179	162	0.464285714	0.41935	0.03596	4.89101	0.37742	0.02098	-1.00000	-1.00000
21752	Gandy	Leland_Harris	un	9668031	52	0.281402417	0.39130	0.08584	1.78375	0.40749	0.03064	-1.00000	-1.00000
21763	Gandy	Leland_Harris	un	9673750	89	0.444444444	0.38710	0.03311	4.52610	0.41218	0.02358	-1.00000	-1.00000
21767	Gandy	Leland_Harris	un	9674979	495	0.480000000	0.44444	0.03787	5.21605	0.35218	0.02211	-1.00000	-1.00000
21783	Gandy	Leland_Harris	un	9680341	135	0.000009184	39.54546	4.65292	336.09937	1.59710	0.36013	-1.00000	-1.00000
21787	Gandy	Leland_Harris	un	9681829	45	0.491833031	3.00000	0.29452	30.55776	0.47712	0.03333	-1.00000	-1.00000
21791	Gandy	Leland_Harris	un	9684252	115	0.118644068	0.22581	0.02380	2.14269	0.64626	0.05263	-1.00000	-1.00000
21804	Gandy	Leland_Harris	un	9689526	446	1.000000000	1.92857	0.16509	22.52900	0.28524	0.01752	-1.00000	-1.00000
21813	Gandy	Leland_Harris	un	9691663	180	0.000000000	675.00000	40.04383	11378.15820	2.82930	1.00000	-1.00000	-1.00000
21822	Gandy	Leland_Harris	un	9694557	73	0.118644068	0.22581	0.02380	2.14269	0.64626	0.05263	-1.00000	-1.00000
21827	Gandy	Leland_Harris	un	9697054	212	0.211038961	0.26882	0.02632	2.74562	0.57054	0.04274	-1.00000	-1.00000
21830	Gandy	Leland_Harris	un	9698968	542	0.461538462	0.41379	0.03533	4.84665	0.38322	0.02288	-1.00000	-1.00000
21833	Gandy	Leland_Harris	un	9700260	128	0.000000000	961.00000	57.49875	16061.58301	2.98272	1.00000	-1.00000	-1.00000
21841	Gandy	Leland_Harris	un	9704594	321	1.000000000	1.93333	0.16614	22.49763	0.28631	0.01637	-1.00000	-1.00000
21845	Gandy	Leland_Harris	un	9705441	340	0.491833031	0.33333	0.03272	3.39531	0.47712	0.03333	-1.00000	-1.00000
21856	Gandy	Leland_Harris	un	9710001	31	0.245762712	0.31183	0.03067	3.17041	0.50608	0.03448	-1.00000	-1.00000
21857	Gandy	Leland_Harris	un	9710863	96	0.227113906	0.28736	0.02808	2.94037	0.54158	0.04142	-1.00000	-1.00000
21869	Gandy	Leland_Harris	un	9715655	12	0.716145181	0.63333	0.14915	2.68925	0.19837	0.00744	-1.00000	-1.00000
21872	Gandy	Leland_Harris	un	9718243	152	0.011860352	8.68000	1.00047	75.30706	0.93852	0.11111	-1.00000	-1.00000
21878	Gandy	Leland_Harris	un	9720158	328	1.000000000	0.56000	0.04783	6.55691	0.25181	0.01681	-1.00000	-1.00000
21885	Gandy	Leland_Harris	un	9725119	462	0.500000000	0.48387	0.04165	5.62086	0.31527	0.01695	-1.00000	-1.00000
21893	Gandy	Leland_Harris	un	9730483	117	0.227113906	0.28736	0.02808	2.94037	0.54158	0.04142	-1.00000	-1.00000
21896	Gandy	Leland_Harris	un	9731232	48	0.033599894	0.13548	0.01475	1.24418	0.86811	0.10000	-1.00000	-1.00000
21899	Gandy	Leland_Harris	un	9733712	303	0.481481481	0.44828	0.03837	5.23742	0.34845	0.02032	-1.00000	-1.00000
21903	Gandy	Leland_Harris	un	9735063	23	0.228675136	0.29032	0.02849	2.95801	0.53712	0.03827	-1.00000	-1.00000
21906	Gandy	Leland_Harris	un	9736652	48	0.000080714	21.75000	2.58629	182.91176	1.33746	0.27549	-1.00000	-1.00000
21908	Gandy	Leland_Harris	un	9737801	344	1.000000000	1.00000	0.05944	16.82259	0.00000	0.00000	-1.00000	-1.00000
21911	Gandy	Leland_Harris	un	9738310	15	0.000000034	58.33333	6.82258	498.75238	1.76592	0.53571	-1.00000	-1.00000
21933	Gandy	Leland_Harris	un	9746146	76	0.021448606	0.12903	0.01454	1.14498	0.88930	0.10108	-1.00000	-1.00000
21942	Gandy	Leland_Harris	un	9748413	23	0.023501224	0.12169	0.01392	1.06357	0.91473	0.11607	-1.00000	-1.00000
21944	Gandy	Leland_Harris	un	9749289	109	0.118644068	4.42857	0.46670	42.02293	0.64626	0.05263	-1.00000	-1.00000
21945	Gandy	Leland_Harris	un	9750272	299	0.228675136	0.29032	0.02849	2.95801	0.53712	0.03827	-1.00000	-1.00000
21953	Gandy	Leland_Harris	un	9752919	578	1.000000000	1.08696	0.06420	18.40268	0.03621	0.00007	-1.00000	-1.00000
21954	Gandy	Leland_Harris	un	9753285	116	0.013439958	9.30000	1.04041	83.13105	0.96848	0.12755	-1.00000	-1.00000
21963	Gandy	Leland_Harris	un	9757174	34	0.019796562	4.71429	1.26551	17.56172	0.67342	0.11111	-1.00000	-1.00000
21967	Gandy	Leland_Harris	un	9759633	126	0.055746141	0.17241	0.01886	1.57593	0.76343	0.07692	-1.00000	-1.00000
21968	Gandy	Leland_Harris	un	9760666	326	0.093795094	5.16667	0.54173	49.27621	0.71321	0.06531	-1.00000	-1.00000
21977	Gandy	Leland_Harris	un	9765559	386	1.000000000	0.56000	0.04783	6.55691	0.25181	0.01681	-1.00000	-1.00000
21980	Gandy	Leland_Harris	un	9766855	112	0.008914258	0.10345	0.01182	0.90538	0.98528	0.13462	-1.00000	-1.00000
21986	Gandy	Leland_Harris	un	9770089	7	0.000197409	14.00000	2.81755	69.56390	1.14613	0.23119	-1.00000	-1.00000
21988	Gandy	Leland_Harris	un	9771705	97	0.106052759	0.38462	0.12389	1.19403	0.41497	0.05000	-1.00000	-1.00000
21992	Gandy	Leland_Harris	un	9772617	227	0.500000000	0.48387	0.04165	5.62086	0.31527	0.01695	-1.00000	-1.00000
21994	Gandy	Leland_Harris	un	9773220	37	0.000412429	17.22222	2.03411	145.81563	1.23609	0.22095	-1.00000	-1.00000
22002	Gandy	Leland_Harris	un	9777510	95	0.000001109	39.54546	4.65292	336.09937	1.59710	0.42982	-1.00000	-1.00000
22004	Gandy	Leland_Harris	un	9778253	45	0.500000000	2.07143	0.17768	24.14955	0.31627	0.01818	-1.00000	-1.00000
22032	Gandy	Leland_Harris	un	9789646	24	0.000000071	54.77778	6.37423	470.73969	1.73860	0.51852	-1.00000	-1.00000
22038	Gandy	Leland_Harris	un	9791329	32	0.236897275	0.24074	0.02521	2.29910	0.61845	0.05462	-1.00000	-1.00000
22042	Gandy	Leland_Harris	un	9794669	367	0.339557099	0.28000	0.02707	2.89628	0.55284	0.02540	-1.00000	-1.00000
22055	Gandy	Leland_Harris	un	9800845	134	1.000000000	0.91667	0.11877	7.07512	0.03779	0.00014	-1.00000	-1.00000
22065	Gandy	Leland_Harris	un	9805478	61	1.000000000	1.80000	0.15437	20.98797	0.25527	0.01576	-1.00000	-1.00000
22070	Gandy	Leland_Harris	un	9807382	232	1.000000000	1.78571	0.15251	20.90852	0.25181	0.01681	-1.00000	-1.00000
22076	Gandy	Leland_Harris	un	9811482	337	0.500000000	0.48148	0.04113	5.63661	0.31742	0.01961	-1.00000	-1.00000
22084	Gandy	Leland_Harris	un	9814112	462	1.000000000	1.93333	0.16614	22.49763	0.28631	0.01637	-1.00000	-1.00000
22085	Gandy	Leland_Harris	un	9814761	261	1.000000000	0.52000	0.04432	6.10163	0.28400	0.01884	-1.00000	-1.00000
22087	Gandy	Leland_Harris	un	9815504	127	0.227113906	3.48000	0.34009	35.60907	0.54158	0.04142	-1.00000	-1.00000
22101	Gandy	Leland_Harris	un	9819276	107	0.464285714	0.41935	0.03596	4.89101	0.37742	0.02098	-1.00000	-1.00000
22106	Gandy	Leland_Harris	un	9820841	28	1.000000000	1.00000	0.32575	3.06987	0.00000	0.00000	-1.00000	-1.00000
22113	Gandy	Leland_Harris	un	9824914	77	0.000131101	0.05040	0.00608	0.41763	1.29759	0.24348	-1.00000	-1.00000
22115	Gandy	Leland_Harris	un	9826459	72	0.004576414	0.11111	0.02188	0.56435	0.95424	0.16075	-1.00000	-1.00000
22122	Gandy	Leland_Harris	un	9828916	25	0.009307886	0.10599	0.01218	0.92241	0.97473	0.12363	-1.00000	-1.00000
22142	Gandy	Leland_Harris	un	9838242	241	0.444444444	0.38710	0.03311	4.52610	0.41218	0.02358	-1.00000	-1.00000
22150	Gandy	Leland_Harris	un	9841359	53	0.056199822	5.74074	0.63090	52.23658	0.75897	0.07143	-1.00000	-1.00000
22151	Gandy	Leland_Harris	un	9842156	60	0.237749546	0.24138	0.02539	2.29481	0.61730	0.05091	-1.00000	-1.00000
22160	Gandy	Leland_Harris	un	9847812	112	0.106170599	0.20968	0.02205	1.99431	0.67845	0.05844	-1.00000	-1.00000
22189	Gandy	Leland_Harris	un	9859531	32	0.081599742	5.63636	0.58908	53.92945	0.75100	0.07353	-1.00000	-1.00000
22199	Gandy	Leland_Harris	un	9863502	29	0.192872117	4.04348	0.39475	41.41771	0.60676	0.04808	-1.00000	-1.00000
22201	Gandy	Leland_Harris	un	9864399	96	0.245454545	0.31034	0.03040	3.16783	0.50816	0.03704	-1.00000	-1.00000
22208	Gandy	Leland_Harris	un	9868299	79	0.645673848	0.50000	0.07656	3.26549	0.30103	0.01000	-1.00000	-1.00000
22215	Gandy	Leland_Harris	un	9871658	89	0.047272578	0.15862	0.01730	1.45424	0.79964	0.08615	-1.00000	-1.00000
22216	Gandy	Leland_Harris	un	9872527	96	0.211038961	0.26882	0.02632	2.74562	0.57054	0.04274	-1.00000	-1.00000
22229	Gandy	Leland_Harris	un	9876822	518	0.461538462	0.41379	0.03533	4.84665	0.38322	0.02288	-1.00000	-1.00000
22265	Gandy	Leland_Harris	un	9892786	397	0.500000000	0.48000	0.04081	5.64636	0.31876	0.02128	-1.00000	-1.00000
22288	Gandy	Leland_Harris	un	9900558	13	0.231345082	0.30000	0.05293	1.70020	0.52288	0.03590	-1.00000	-1.00000
22292	Gandy	Leland_Harris	un	9901497	137	0.000051887	0.04301	0.00512	0.36098	1.36642	0.28205	-1.00000	-1.00000
22297	Gandy	Leland_Harris	un	9903129	101	0.055746141	0.17241	0.01886	1.57593	0.76343	0.07692	-1.00000	-1.00000
22301	Gandy	Leland_Harris	un	9905534	14	0.461538462	0.41379	0.03533	4.84665	0.38322	0.02288	-1.00000	-1.00000
22305	Gandy	Leland_Harris	un	9906417	38	1.000000000	0.69231	0.10686	4.48526	0.15970	0.00259	-1.00000	-1.00000
22311	Gandy	Leland_Harris	un	9909720	118	0.015863130	7.41176	1.42848	38.45642	0.86992	0.12309	-1.00000	-1.00000
22327	Gandy	Leland_Harris	un	9914618	20	0.048259363	6.20000	0.67962	56.56101	0.79239	0.07937	-1.00000	-1.00000
22335	Gandy	Leland_Harris	un	9916605	445	0.500000000	2.07143	0.17768	24.14955	0.31627	0.01818	-1.00000	-1.00000
22344	Gandy	Leland_Harris	un	9920119	88	0.002287531	0.08244	0.00975	0.69737	1.08388	0.15385	-1.00000	-1.00000
22369	Gandy	Leland_Harris	un	9930388	49	0.482758621	2.21429	0.19026	25.77014	0.34523	0.01880	-1.00000	-1.00000
22374	Gandy	Leland_Harris	un	9931648	107	0.290405663	2.45455	0.54994	10.95544	0.38997	0.02488	-1.00000	-1.00000
22393	Gandy	Leland_Harris	un	9941855	365	0.245454545	0.31034	0.03040	3.16783	0.50816	0.03704	-1.00000	-1.00000
22398	Gandy	Leland_Harris	un	9944191	177	0.500000000	0.48387	0.04165	5.62086	0.31527	0.01695	-1.00000	-1.00000
22422	Gandy	Leland_Harris	un	9952305	195	0.091583710	0.18966	0.01978	1.81808	0.72204	0.07143	-1.00000	-1.00000
22425	Gandy	Leland_Harris	un	9953883	182	1.000000000	0.93103	0.05544	15.63520	0.03103	0.00004	-1.00000	-1.00000
22429	Gandy	Leland_Harris	un	9956238	107	0.111055145	0.18400	0.01997	1.69499	0.73518	0.08027	-1.00000	-1.00000
22445	Gandy	Leland_Harris	un	9964208	46	1.000000000	0.51852	0.04439	6.05718	0.28524	0.01752	-1.00000	-1.00000
22450	Gandy	Leland_Harris	un	9967669	88	0.589502262	2.45455	0.20853	28.89201	0.38997	0.01037	-1.00000	-1.00000
22461	Gandy	Leland_Harris	un	9971643	27	0.026092774	0.13978	0.01580	1.23690	0.85454	0.09091	-1.00000	-1.00000
22463	Gandy	Leland_Harris	un	9972552	150	0.008914258	0.10345	0.01182	0.90538	0.98528	0.13462	-1.00000	-1.00000
22465	Gandy	Leland_Harris	un	9974011	113	0.000054482	22.17647	2.66115	184.80547	1.34589	0.27273	-1.00000	-1.00000
22477	Gandy	Leland_Harris	un	9978268	330	0.617021277	0.47826	0.04043	5.65781	0.32034	0.00741	-1.00000	-1.00000
22494	Gandy	Leland_Harris	un	9985169	138	0.000251499	17.94737	2.14284	150.31827	1.25400	0.22321	-1.00000	-1.00000
22502	Gandy	Leland_Harris	un	9987815	414	0.464285714	0.41935	0.03596	4.89101	0.37742	0.02098	-1.00000	-1.00000
22514	Gandy	Leland_Harris	un	9990740	204	0.482758621	0.45161	0.03880	5.25593	0.34523	0.01880	-1.00000	-1.00000
22515	Gandy	Leland_Harris	un	9991467	49	0.000251499	0.05572	0.00665	0.46667	1.25400	0.22321	-1.00000	-1.00000
22521	Gandy	Leland_Harris	un	9995106	284	0.602040816	2.27273	0.19264	26.81366	0.35655	0.00891	-1.00000	-1.00000
22541	Gandy	Leland_Harris	un	10004827	44	0.404330407	1.86667	0.61889	5.63019	0.27107	0.02381	-1.00000	-1.00000
22564	Gandy	Leland_Harris	un	10016143	421	0.464285714	0.41935	0.03596	4.89101	0.37742	0.02098	-1.00000	-1.00000
22565	Gandy	Leland_Harris	un	10017040	442	1.000000000	0.52000	0.04432	6.10163	0.28400	0.01884	-1.00000	-1.00000
22576	Gandy	Leland_Harris	un	10020036	271	0.225306122	0.28395	0.02761	2.92002	0.54676	0.04514	-1.00000	-1.00000
22582	Gandy	Leland_Harris	un	10021701	339	0.480000000	0.44444	0.03787	5.21605	0.35218	0.02211	-1.00000	-1.00000
22588	Gandy	Leland_Harris	un	10023938	71	0.000127909	0.04938	0.00586	0.41625	1.30642	0.26829	-1.00000	-1.00000
22591	Gandy	Leland_Harris	un	10026678	311	0.464285714	0.41935	0.03596	4.89101	0.37742	0.02098	-1.00000	-1.00000
22607	Gandy	Leland_Harris	un	10033042	516	0.227113906	0.28736	0.02808	2.94037	0.54158	0.04142	-1.00000	-1.00000
22609	Gandy	Leland_Harris	un	10034223	92	1.000000000	1.16667	0.38402	3.54439	0.06695	0.00148	-1.00000	-1.00000
22615	Gandy	Leland_Harris	un	10037709	289	1.000000000	1.80000	0.15437	20.98797	0.25527	0.01576	-1.00000	-1.00000
22622	Gandy	Leland_Harris	un	10040819	176	0.490612245	0.33333	0.03243	3.42639	0.47712	0.03846	-1.00000	-1.00000
22625	Gandy	Leland_Harris	un	10043101	147	0.048259363	0.16129	0.01768	1.47141	0.79239	0.07937	-1.00000	-1.00000
22630	Gandy	Leland_Harris	un	10047266	308	0.081599742	5.63636	0.58908	53.92945	0.75100	0.07353	-1.00000	-1.00000
22633	Gandy	Leland_Harris	un	10049590	100	0.106255348	0.27778	0.07252	1.06394	0.55630	0.07143	-1.00000	-1.00000
22656	Gandy	Leland_Harris	un	10062483	87	0.004488740	0.08642	0.01013	0.73693	1.06339	0.16149	-1.00000	-1.00000
22662	Gandy	Leland_Harris	un	10063260	13	0.000009385	29.00000	3.45766	243.22809	1.46240	0.34146	-1.00000	-1.00000
22664	Gandy	Leland_Harris	un	10064332	275	1.000000000	0.51852	0.04439	6.05718	0.28524	0.01752	-1.00000	-1.00000
22669	Gandy	Leland_Harris	un	10067259	91	0.500000000	2.07143	0.17768	24.14955	0.31627	0.01818	-1.00000	-1.00000
22671	Gandy	Leland_Harris	un	10068837	18	0.000706867	16.41176	1.91356	140.75652	1.21516	0.21739	-1.00000	-1.00000
22675	Gandy	Leland_Harris	un	10069925	300	0.464285714	0.41935	0.03596	4.89101	0.37742	0.02098	-1.00000	-1.00000
22676	Gandy	Leland_Harris	un	10070341	12	0.023501224	0.12169	0.01392	1.06357	0.91473	0.11607	-1.00000	-1.00000
22679	Gandy	Leland_Harris	un	10072760	58	0.491833031	3.00000	0.29452	30.55776	0.47712	0.03333	-1.00000	-1.00000
22685	Gandy	Leland_Harris	un	10075191	71	0.500000000	0.48387	0.04165	5.62086	0.31527	0.01695	-1.00000	-1.00000
22688	Gandy	Leland_Harris	un	10076982	354	1.000000000	0.56000	0.04783	6.55691	0.25181	0.01681	-1.00000	-1.00000
22697	Gandy	Leland_Harris	un	10079914	116	0.107191682	6.27273	0.69765	56.39951	0.79746	0.06357	-1.00000	-1.00000
22699	Gandy	Leland_Harris	un	10080670	12	0.227113906	3.48000	0.34009	35.60907	0.54158	0.04142	-1.00000	-1.00000
22701	Gandy	Leland_Harris	un	10082543	296	0.500000000	0.48276	0.04141	5.62819	0.31627	0.01818	-1.00000	-1.00000
22703	Gandy	Leland_Harris	un	10083742	25	0.014060277	4.44444	1.36558	14.46499	0.64782	0.12000	-1.00000	-1.00000
22707	Gandy	Leland_Harris	un	10085363	45	0.027715237	0.11111	0.01267	0.97465	0.95424	0.09375	-1.00000	-1.00000
22713	Gandy	Leland_Harris	un	10089469	67	0.006567355	6.50000	1.71211	24.67719	0.81291	0.16730	-1.00000	-1.00000
22715	Gandy	Leland_Harris	un	10091068	152	0.500000000	0.48276	0.04141	5.62819	0.31627	0.01818	-1.00000	-1.00000
22721	Gandy	Leland_Harris	un	10094141	38	0.055222089	0.17037	0.01854	1.56542	0.76861	0.08333	-1.00000	-1.00000
22738	Gandy	Leland_Harris	un	10102654	407	1.000000000	0.92000	0.05434	15.57603	0.03621	0.00007	-1.00000	-1.00000
22739	Gandy	Leland_Harris	un	10103130	52	0.093795094	0.19355	0.02029	1.84594	0.71321	0.06531	-1.00000	-1.00000
22767	Gandy	Leland_Harris	un	10114814	371	1.000000000	0.55556	0.04765	6.47777	0.25527	0.01576	-1.00000	-1.00000
22769	Gandy	Leland_Harris	un	10116094	52	0.000000007	65.44444	7.67302	558.18658	1.81587	0.54656	-1.00000	-1.00000
22770	Gandy	Leland_Harris	un	10117237	394	1.000000000	0.55556	0.04765	6.47777	0.25527	0.01576	-1.00000	-1.00000
22782	Gandy	Leland_Harris	un	10124791	149	0.000007328	19.00000	4.53585	79.58826	1.27875	0.35503	-1.00000	-1.00000
22785	Gandy	Leland_Harris	un	10126273	21	0.000305051	18.00000	2.14888	150.77641	1.25527	0.23754	-1.00000	-1.00000
22786	Gandy	Leland_Harris	un	10127118	72	0.025310124	7.36364	0.82361	65.83572	0.86709	0.10638	-1.00000	-1.00000
22799	Gandy	Leland_Harris	un	10134093	423	0.245454545	0.31034	0.03040	3.16783	0.50816	0.03704	-1.00000	-1.00000
22820	Gandy	Leland_Harris	un	10142101	533	0.500000000	0.48276	0.04141	5.62819	0.31627	0.01818	-1.00000	-1.00000
22827	Gandy	Leland_Harris	un	10144490	468	1.000000000	0.51724	0.04445	6.01898	0.28631	0.01637	-1.00000	-1.00000
22833	Gandy	Leland_Harris	un	10147135	12	0.112015456	0.18519	0.02022	1.69642	0.73239	0.07429	-1.00000	-1.00000
22842	Gandy	Leland_Harris	un	10152200	98	0.007227250	6.57143	1.57415	27.43307	0.81766	0.14595	-1.00000	-1.00000
22852	Gandy	Leland_Harris	un	10157211	425	0.481481481	0.44828	0.03837	5.23742	0.34845	0.02032	-1.00000	-1.00000
22867	Gandy	Leland_Harris	un	10165404	9	0.032209426	5.11111	1.25094	20.88305	0.70852	0.10274	-1.00000	-1.00000
22874	Gandy	Leland_Harris	un	10168644	86	0.024822695	0.13333	0.01482	1.19995	0.87506	0.11628	-1.00000	-1.00000
22880	Gandy	Leland_Harris	un	10172264	482	1.000000000	0.93103	0.05544	15.63520	0.03103	0.00004	-1.00000	-1.00000
22900	Gandy	Leland_Harris	un	10179383	222	0.005211412	11.42105	1.30174	100.20435	1.05771	0.15625	-1.00000	-1.00000
22905	Gandy	Leland_Harris	un	10182765	533	1.000000000	1.00000	0.05893	16.97048	0.00000	0.00000	-1.00000	-1.00000
22908	Gandy	Leland_Harris	un	10183844	18	0.500000000	0.48387	0.04165	5.62086	0.31527	0.01695	-1.00000	-1.00000
22909	Gandy	Leland_Harris	un	10185010	296	0.021448606	7.75000	0.87337	68.77064	0.88930	0.10108	-1.00000	-1.00000
22914	Gandy	Leland_Harris	un	10187112	76	0.201543739	4.50000	0.46992	43.09288	0.65321	0.03529	-1.00000	-1.00000
22916	Gandy	Leland_Harris	un	10188711	63	0.161584213	3.31579	0.75905	14.48449	0.52059	0.04856	-1.00000	-1.00000
22917	Gandy	Leland_Harris	un	10189615	147	0.103265306	0.20370	0.02120	1.95699	0.69100	0.06915	-1.00000	-1.00000
22935	Gandy	Leland_Harris	un	10197753	152	0.003937952	0.08871	0.01034	0.76118	1.05203	0.14706	-1.00000	-1.00000
22941	Gandy	Leland_Harris	un	10200348	376	1.000000000	0.79310	0.04702	13.37737	0.10067	0.00048	-1.00000	-1.00000
22955	Gandy	Leland_Harris	un	10205676	147	0.000004962	25.33333	4.88390	131.40691	1.40369	0.38026	-1.00000	-1.00000
22957	Gandy	Leland_Harris	un	10206711	435	1.000000000	1.92308	0.16389	22.56519	0.28400	0.01884	-1.00000	-1.00000
22969	Gandy	Leland_Harris	un	10212461	249	1.000000000	1.00000	0.05920	16.89051	0.00000	0.00000	-1.00000	-1.00000
22971	Gandy	Leland_Harris	un	10213165	132	0.011860352	8.68000	1.00047	75.30706	0.93852	0.11111	-1.00000	-1.00000
22972	Gandy	Leland_Harris	un	10213932	118	0.118644068	0.22581	0.02380	2.14269	0.64626	0.05263	-1.00000	-1.00000
22988	Gandy	Leland_Harris	un	10217144	95	0.021448606	0.12903	0.01454	1.14498	0.88930	0.10108	-1.00000	-1.00000
22997	Gandy	Leland_Harris	un	10219511	18	0.352571217	0.24000	0.02500	2.30408	0.61979	0.03238	-1.00000	-1.00000
23003	Gandy	Leland_Harris	un	10221972	68	0.106170599	0.20968	0.02205	1.99431	0.67845	0.05844	-1.00000	-1.00000
23009	Gandy	Leland_Harris	un	10227012	54	0.238094741	0.45894	0.13139	1.60305	0.33825	0.02721	-1.00000	-1.00000
23022	Gandy	Leland_Harris	un	10234401	164	0.461538462	0.41379	0.03533	4.84665	0.38322	0.02288	-1.00000	-1.00000
23024	Gandy	Leland_Harris	un	10235372	323	1.000000000	1.93333	0.16614	22.49763	0.28631	0.01637	-1.00000	-1.00000
23027	Gandy	Leland_Harris	un	10237313	153	0.002287531	0.08244	0.00975	0.69737	1.08388	0.15385	-1.00000	-1.00000
23028	Gandy	Leland_Harris	un	10237928	47	0.011614480	0.11111	0.01294	0.95424	0.95424	0.12381	-1.00000	-1.00000
23030	Gandy	Leland_Harris	un	10239081	402	0.500000000	0.48000	0.04081	5.64636	0.31876	0.02128	-1.00000	-1.00000
23031	Gandy	Leland_Harris	un	10239504	22	0.787430670	0.83333	0.28064	2.47446	0.07918	0.00200	-1.00000	-1.00000
23042	Gandy	Leland_Harris	un	10244431	69	0.133248691	2.85714	0.85383	9.56077	0.45593	0.05559	-1.00000	-1.00000
23043	Gandy	Leland_Harris	un	10245262	103	0.500000000	0.48387	0.04165	5.62086	0.31527	0.01695	-1.00000	-1.00000
23045	Gandy	Leland_Harris	un	10246054	87	0.245762712	3.20690	0.31542	32.60509	0.50608	0.03448	-1.00000	-1.00000
23047	Gandy	Leland_Harris	un	10247731	83	0.106170599	0.20968	0.02205	1.99431	0.67845	0.05844	-1.00000	-1.00000
23063	Gandy	Leland_Harris	un	10255595	12	0.104821803	0.20690	0.02165	1.97698	0.68425	0.06335	-1.00000	-1.00000
23065	Gandy	Leland_Harris	un	10257077	11	0.000000018	67.85714	7.68150	599.43909	1.83160	0.60000	-1.00000	-1.00000
23072	Gandy	Leland_Harris	un	10258979	381	0.481481481	0.44828	0.03837	5.23742	0.34845	0.02032	-1.00000	-1.00000
23075	Gandy	Leland_Harris	un	10261357	481	0.225306122	0.28395	0.02761	2.92002	0.54676	0.04514	-1.00000	-1.00000
23077	Gandy	Leland_Harris	un	10261852	157	0.240259740	0.25926	0.02721	2.47017	0.58627	0.04906	-1.00000	-1.00000
23079	Gandy	Leland_Harris	un	10262836	322	0.444444444	0.38710	0.03311	4.52610	0.41218	0.02358	-1.00000	-1.00000
23082	Gandy	Leland_Harris	un	10263367	7	0.186602871	4.83333	0.50582	46.18450	0.68425	0.03802	-1.00000	-1.00000
23084	Gandy	Leland_Harris	un	10264294	144	0.000000549	56.25000	6.45221	490.38443	1.75012	0.46093	-1.00000	-1.00000
23086	Gandy	Leland_Harris	un	10266051	18	0.045648626	0.27778	0.08012	0.96306	0.55630	0.08235	-1.00000	-1.00000
23088	Gandy	Leland_Harris	un	10266880	66	0.707263062	1.66667	0.35910	7.73543	0.22185	0.00744	-1.00000	-1.00000
23092	Gandy	Leland_Harris	un	10268463	24	0.618181818	0.48148	0.04113	5.63661	0.31742	0.00629	-1.00000	-1.00000
23097	Gandy	Leland_Harris	un	10270003	67	0.081599742	0.17742	0.01854	1.69757	0.75100	0.07353	-1.00000	-1.00000
23116	Gandy	Leland_Harris	un	10278538	27	0.500000000	2.06667	0.17791	24.00734	0.31527	0.01695	-1.00000	-1.00000
23127	Gandy	Leland_Harris	un	10284363	135	0.482758621	0.45161	0.03880	5.25593	0.34523	0.01880	-1.00000	-1.00000
23155	Gandy	Leland_Harris	un	10294769	488	0.117647059	4.50000	0.46992	43.09288	0.65321	0.06122	-1.00000	-1.00000
23160	Gandy	Leland_Harris	un	10295887	11	0.020799934	7.90909	0.88661	70.55416	0.89813	0.10989	-1.00000	-1.00000
23162	Gandy	Leland_Harris	un	10297716	168	1.000000000	1.78571	0.15251	20.90852	0.25181	0.01681	-1.00000	-1.00000
23167	Gandy	Leland_Harris	un	10300750	52	0.491833031	0.33333	0.03272	3.39531	0.47712	0.03333	-1.00000	-1.00000
23168	Gandy	Leland_Harris	un	10301928	456	0.490612245	0.33333	0.03243	3.42639	0.47712	0.03846	-1.00000	-1.00000
23174	Gandy	Leland_Harris	un	10304009	26	0.789664692	0.85714	0.28852	2.54639	0.06695	0.00148	-1.00000	-1.00000
23186	Gandy	Leland_Harris	un	10309610	53	0.051107251	0.14667	0.01636	1.31471	0.83367	0.10256	-1.00000	-1.00000
23193	Gandy	Leland_Harris	un	10312906	96	0.000208538	12.26667	2.90811	51.74186	1.08873	0.26954	-1.00000	-1.00000
23194	Gandy	Leland_Harris	un	10313933	299	0.444444444	0.38710	0.03311	4.52610	0.41218	0.02358	-1.00000	-1.00000
23207	Gandy	Leland_Harris	un	10318604	51	0.001369902	0.06996	0.00812	0.60257	1.15516	0.20635	-1.00000	-1.00000
23212	Gandy	Leland_Harris	un	10322235	426	0.500000000	2.07143	0.17768	24.14955	0.31627	0.01818	-1.00000	-1.00000
23215	Gandy	Leland_Harris	un	10324157	53	0.211038961	3.72000	0.36422	37.99496	0.57054	0.04274	-1.00000	-1.00000
23216	Gandy	Leland_Harris	un	10325405	506	0.603773585	0.44444	0.03787	5.21605	0.35218	0.00808	-1.00000	-1.00000
23228	Gandy	Leland_Harris	un	10330880	352	0.245454545	3.22222	0.31567	32.89072	0.50816	0.03704	-1.00000	-1.00000
23242	Gandy	Leland_Harris	un	10337333	346	0.482758621	0.45161	0.03880	5.25593	0.34523	0.01880	-1.00000	-1.00000
23243	Gandy	Leland_Harris	un	10337792	13	0.000000126	29.57143	6.85103	127.64053	1.47087	0.45249	-1.00000	-1.00000
23244	Gandy	Leland_Harris	un	10338585	27	0.000937522	19.46154	2.25077	168.27631	1.28918	0.23148	-1.00000	-1.00000
23253	Gandy	Leland_Harris	un	10342802	124	0.106170599	4.76923	0.50143	45.36166	0.67845	0.05844	-1.00000	-1.00000
23257	Gandy	Leland_Harris	un	10345318	105	0.093795094	0.19355	0.02029	1.84594	0.71321	0.06531	-1.00000	-1.00000
23267	Gandy	Leland_Harris	un	10350847	119	0.237749546	0.24138	0.02539	2.29481	0.61730	0.05091	-1.00000	-1.00000
23274	Gandy	Leland_Harris	un	10354802	70	0.073669278	0.27273	0.07494	0.99248	0.56427	0.07385	-1.00000	-1.00000
23281	Gandy	Leland_Harris	un	10358139	244	0.093795094	0.19355	0.02029	1.84594	0.71321	0.06531	-1.00000	-1.00000
23285	Gandy	Leland_Harris	un	10360081	95	0.517349854	1.67391	0.42943	6.52487	0.22373	0.00996	-1.00000	-1.00000
23291	Gandy	Leland_Harris	un	10362071	370	0.500000000	0.48276	0.04141	5.62819	0.31627	0.01818	-1.00000	-1.00000
23292	Gandy	Leland_Harris	un	10362566	47	0.500000000	2.07143	0.17768	24.14955	0.31627	0.01818	-1.00000	-1.00000
23298	Gandy	Leland_Harris	un	10364923	101	0.004279824	11.84210	1.37884	101.70531	1.07343	0.17582	-1.00000	-1.00000
23303	Gandy	Leland_Harris	un	10366685	253	0.225306122	0.28395	0.02761	2.92002	0.54676	0.04514	-1.00000	-1.00000
23315	Gandy	Leland_Harris	un	10370577	209	0.464285714	2.38462	0.20446	27.81217	0.37742	0.02098	-1.00000	-1.00000
23318	Gandy	Leland_Harris	un	10371277	136	0.003714274	0.08621	0.00999	0.74418	1.06446	0.16039	-1.00000	-1.00000
23328	Gandy	Leland_Harris	un	10375273	335	0.444444444	2.58333	0.22094	30.20541	0.41218	0.02358	-1.00000	-1.00000
23337	Gandy	Leland_Harris	un	10379295	505	0.464285714	0.41935	0.03596	4.89101	0.37742	0.02098	-1.00000	-1.00000
23347	Gandy	Leland_Harris	un	10383673	35	1.000000000	0.86667	0.28332	2.65109	0.06215	0.00126	-1.00000	-1.00000
23354	Gandy	Leland_Harris	un	10385439	66	0.168707752	2.36364	0.78288	7.13622	0.37358	0.04383	-1.00000	-1.00000
23355	Gandy	Leland_Harris	un	10386259	111	0.245762712	3.20690	0.31542	32.60509	0.50608	0.03448	-1.00000	-1.00000
23358	Gandy	Leland_Harris	un	10388258	488	0.244680851	3.26087	0.31632	33.61525	0.51333	0.04348	-1.00000	-1.00000
23368	Gandy	Leland_Harris	un	10393158	273	0.500000000	0.48276	0.04141	5.62819	0.31627	0.01818	-1.00000	-1.00000
23378	Gandy	Leland_Harris	un	10397954	127	0.004675001	0.08812	0.01040	0.74695	1.05491	0.14933	-1.00000	-1.00000
23383	Gandy	Leland_Harris	un	10400227	6	0.228675136	3.44444	0.33807	35.09441	0.53712	0.03827	-1.00000	-1.00000
23416	Gandy	Leland_Harris	un	10411412	66	0.491833031	0.33333	0.03272	3.39531	0.47712	0.03333	-1.00000	-1.00000
23419	Gandy	Leland_Harris	un	10413779	36	0.500000000	0.48000	0.04081	5.64636	0.31876	0.02128	-1.00000	-1.00000
23426	Gandy	Leland_Harris	un	10415516	157	0.016354234	8.70000	0.97139	77.91955	0.93952	0.12411	-1.00000	-1.00000
23428	Gandy	Leland_Harris	un	10416696	502	0.500000000	2.07692	0.17741	24.31412	0.31742	0.01961	-1.00000	-1.00000
23429	Gandy	Leland_Harris	un	10417002	17	0.023501224	0.12169	0.01392	1.06357	0.91473	0.11607	-1.00000	-1.00000
23430	Gandy	Leland_Harris	un	10417864	44	0.000000002	77.50000	8.99548	667.69653	1.88930	0.59252	-1.00000	-1.00000
23447	Gandy	Leland_Harris	un	10427414	18	0.006588608	9.28571	1.78083	48.41814	0.96782	0.16687	-1.00000	-1.00000
23467	Gandy	Leland_Harris	un	10436165	88	0.228675136	0.29032	0.02849	2.95801	0.53712	0.03827	-1.00000	-1.00000
23468	Gandy	Leland_Harris	un	10437288	420	0.480000000	0.44444	0.03787	5.21605	0.35218	0.02211	-1.00000	-1.00000
23474	Gandy	Leland_Harris	un	10441436	327	0.493506494	0.35802	0.03507	3.65452	0.44609	0.03210	-1.00000	-1.00000
23478	Gandy	Leland_Harris	un	10443016	288	1.000000000	1.66667	0.14261	19.47836	0.22185	0.01509	-1.00000	-1.00000
23505	Gandy	Leland_Harris	un	10455300	16	0.482758621	2.21429	0.19026	25.77014	0.34523	0.01880	-1.00000	-1.00000
23526	Gandy	Leland_Harris	un	10465585	487	0.093795094	0.19355	0.02029	1.84594	0.71321	0.06531	-1.00000	-1.00000
23529	Gandy	Leland_Harris	un	10466691	15	0.008858723	6.12500	1.50077	24.99762	0.78711	0.13362	-1.00000	-1.00000
23534	Gandy	Leland_Harris	un	10470325	381	0.236897275	4.15385	0.43495	39.66973	0.61845	0.05462	-1.00000	-1.00000
23544	Gandy	Leland_Harris	un	10474084	119	0.237749546	0.24138	0.02539	2.29481	0.61730	0.05091	-1.00000	-1.00000
23551	Gandy	Leland_Harris	un	10478930	131	0.000000636	31.66667	6.71640	149.30278	1.50060	0.47709	-1.00000	-1.00000
23555	Gandy	Leland_Harris	un	10480424	14	0.104821803	0.20690	0.02165	1.97698	0.68425	0.06335	-1.00000	-1.00000
23564	Gandy	Leland_Harris	un	10484668	135	0.009879589	5.42857	1.61399	18.25873	0.73469	0.15872	-1.00000	-1.00000
23574	Gandy	Leland_Harris	un	10491059	74	0.464285714	2.38462	0.20446	27.81217	0.37742	0.02098	-1.00000	-1.00000
23577	Gandy	Leland_Harris	un	10492737	110	0.015863130	0.13492	0.02600	0.70004	0.86992	0.12309	-1.00000	-1.00000
23582	Gandy	Leland_Harris	un	10497125	368	1.000000000	0.86207	0.05123	14.50627	0.06446	0.00019	-1.00000	-1.00000
23586	Gandy	Leland_Harris	un	10499483	108	0.240259740	3.85714	0.40483	36.75010	0.58627	0.04906	-1.00000	-1.00000
23587	Gandy	Leland_Harris	un	10500262	94	0.000412429	17.22222	2.03411	145.81563	1.23609	0.22095	-1.00000	-1.00000
23591	Gandy	Leland_Harris	un	10501913	118	0.013485757	4.60000	1.38114	15.32065	0.66276	0.11419	-1.00000	-1.00000
23593	Gandy	Leland_Harris	un	10502673	132	0.040703531	0.14839	0.01622	1.35779	0.82860	0.08876	-1.00000	-1.00000
23620	Gandy	Leland_Harris	un	10514325	113	0.245762712	3.20690	0.31542	32.60509	0.50608	0.03448	-1.00000	-1.00000
23623	Gandy	Leland_Harris	un	10515900	24	0.000026077	0.03763	0.00445	0.31841	1.42441	0.31977	-1.00000	-1.00000
23636	Gandy	Leland_Harris	un	10523404	147	0.056199822	0.17419	0.01914	1.58503	0.75897	0.07143	-1.00000	-1.00000
23637	Gandy	Leland_Harris	un	10524199	80	0.000080370	13.80000	3.30218	57.67092	1.13988	0.29228	-1.00000	-1.00000
23638	Gandy	Leland_Harris	un	10524922	47	0.052549084	0.14943	0.01685	1.32480	0.82558	0.08805	-1.00000	-1.00000
23640	Gandy	Leland_Harris	un	10525815	132	0.019490472	0.14545	0.02796	0.75673	0.83727	0.12421	-1.00000	-1.00000
23642	Gandy	Leland_Harris	un	10527446	109	0.000636424	21.15385	2.45408	182.34300	1.32539	0.24124	-1.00000	-1.00000
23647	Gandy	Leland_Harris	un	10530158	409	0.493506494	0.35802	0.03507	3.65452	0.44609	0.03210	-1.00000	-1.00000
23653	Gandy	Leland_Harris	un	10533090	8	0.046139818	0.15556	0.01687	1.43442	0.80811	0.09420	-1.00000	-1.00000
23662	Gandy	Leland_Harris	un	10536342	78	0.615086172	2.77778	0.27089	28.48358	0.44370	0.01420	-1.00000	-1.00000
23664	Gandy	Leland_Harris	un	10537201	58	0.228675136	0.29032	0.02849	2.95801	0.53712	0.03827	-1.00000	-1.00000
23667	Gandy	Leland_Harris	un	10538696	48	0.000849276	0.06667	0.00784	0.56688	1.17609	0.20930	-1.00000	-1.00000
23674	Gandy	Leland_Harris	un	10540779	528	0.480000000	0.44444	0.03787	5.21605	0.35218	0.02211	-1.00000	-1.00000
23676	Gandy	Leland_Harris	un	10541200	125	0.245454545	0.31034	0.03040	3.16783	0.50816	0.03704	-1.00000	-1.00000
23684	Gandy	Leland_Harris	un	10544182	21	0.002188045	0.08046	0.00946	0.68454	1.09442	0.16667	-1.00000	-1.00000
23685	Gandy	Leland_Harris	un	10545032	35	0.118644068	0.22581	0.02380	2.14269	0.64626	0.05263	-1.00000	-1.00000
23687	Gandy	Leland_Harris	un	10545861	12	0.047272578	0.15862	0.01730	1.45424	0.79964	0.08615	-1.00000	-1.00000
23690	Gandy	Leland_Harris	un	10546665	94	0.005105438	0.09483	0.01103	0.81529	1.02307	0.14286	-1.00000	-1.00000
23707	Gandy	Leland_Harris	un	10550615	65	0.705803638	0.60000	0.12816	2.80903	0.22185	0.00790	-1.00000	-1.00000
23715	Gandy	Leland_Harris	un	10554534	141	0.002188045	0.08046	0.00946	0.68454	1.09442	0.16667	-1.00000	-1.00000
23719	Gandy	Leland_Harris	un	10557045	119	0.009649678	5.36667	1.55788	18.48741	0.72970	0.14179	-1.00000	-1.00000
23744	Gandy	Leland_Harris	un	10568038	152	0.006489964	0.08046	0.00946	0.68454	1.09442	0.12800	-1.00000	-1.00000
23747	Gandy	Leland_Harris	un	10570347	23	0.000080714	0.04598	0.00547	0.38665	1.33746	0.27549	-1.00000	-1.00000
23759	Gandy	Leland_Harris	un	10575375	260	0.237749546	0.24138	0.02539	2.29481	0.61730	0.05091	-1.00000	-1.00000
23769	Gandy	Leland_Harris	un	10579579	293	0.500000000	0.48387	0.04165	5.62086	0.31527	0.01695	-1.00000	-1.00000
23775	Gandy	Leland_Harris	un	10582762	224	0.618181818	0.48148	0.04113	5.63661	0.31742	0.00629	-1.00000	-1.00000
23778	Gandy	Leland_Harris	un	10584162	42	0.192872117	0.24731	0.02414	2.53324	0.60676	0.04808	-1.00000	-1.00000
23781	Gandy	Leland_Harris	un	10585830	61	0.481481481	2.23077	0.19093	26.06312	0.34845	0.02032	-1.00000	-1.00000
23790	Gandy	Leland_Harris	un	10592402	157	0.461538462	2.41667	0.20633	28.30581	0.38322	0.02288	-1.00000	-1.00000
23791	Gandy	Leland_Harris	un	10593209	189	0.481481481	0.44828	0.03837	5.23742	0.34845	0.02032	-1.00000	-1.00000
23799	Gandy	Leland_Harris	un	10595439	57	0.000023447	17.25000	3.99297	74.52166	1.23679	0.34562	-1.00000	-1.00000
23801	Gandy	Leland_Harris	un	10596357	166	1.000000000	1.92857	0.16509	22.52900	0.28524	0.01752	-1.00000	-1.00000
23802	Gandy	Leland_Harris	un	10597435	425	0.490612245	3.00000	0.29185	30.83754	0.47712	0.03846	-1.00000	-1.00000
23804	Gandy	Leland_Harris	un	10597874	21	0.227113906	0.28736	0.02808	2.94037	0.54158	0.04142	-1.00000	-1.00000
23819	Gandy	Leland_Harris	un	10603988	510	0.480000000	0.44444	0.03787	5.21605	0.35218	0.02211	-1.00000	-1.00000
23822	Gandy	Leland_Harris	un	10605257	114	0.482758621	2.21429	0.19026	25.77014	0.34523	0.01880	-1.00000	-1.00000
23826	Gandy	Leland_Harris	un	10607444	20	0.228675136	3.44444	0.33807	35.09441	0.53712	0.03827	-1.00000	-1.00000
23830	Gandy	Leland_Harris	un	10610799	208	1.000000000	0.85185	0.05042	14.39326	0.06964	0.00024	-1.00000	-1.00000
23833	Gandy	Leland_Harris	un	10612143	33	0.005673158	0.14000	0.03369	0.58171	0.85387	0.15630	-1.00000	-1.00000
23852	Gandy	Leland_Harris	un	10621770	37	0.026092774	7.15385	0.80847	63.30171	0.85454	0.09091	-1.00000	-1.00000
23854	Gandy	Leland_Harris	un	10623466	74	0.215043906	0.41667	0.10922	1.58957	0.38021	0.03030	-1.00000	-1.00000
23864	Gandy	Leland_Harris	un	10629461	80	0.001621509	13.28571	1.56470	112.80769	1.12338	0.17143	-1.00000	-1.00000
23865	Gandy	Leland_Harris	un	10630339	115	0.106170599	4.76923	0.50143	45.36166	0.67845	0.05844	-1.00000	-1.00000
23876	Gandy	Leland_Harris	un	10634988	52	0.023206538	9.66667	1.10451	84.60300	0.98528	0.09858	-1.00000	-1.00000
23881	Gandy	Leland_Harris	un	10636665	83	0.000000000	372.00000	31.81549	4349.58008	2.57054	0.92742	-1.00000	-1.00000
23888	Gandy	Leland_Harris	un	10640615	14	0.000000000	175.50000	18.37673	1676.04626	2.24428	0.80049	-1.00000	-1.00000
23897	Gandy	Leland_Harris	un	10645484	98	0.001954280	0.07258	0.00838	0.62842	1.13918	0.18617	-1.00000	-1.00000
23905	Gandy	Leland_Harris	un	10647855	34	0.008914258	0.10345	0.01182	0.90538	0.98528	0.13462	-1.00000	-1.00000
23909	Gandy	Leland_Harris	un	10650250	43	0.041200060	0.25758	0.07004	0.94719	0.58910	0.07967	-1.00000	-1.00000
23921	Gandy	Leland_Harris	un	10655281	289	0.500000000	0.48276	0.04141	5.62819	0.31627	0.01818	-1.00000	-1.00000
23924	Gandy	Leland_Harris	un	10657457	95	0.000078077	18.20000	3.49043	94.89957	1.26007	0.30572	-1.00000	-1.00000
23935	Gandy	Leland_Harris	un	10663013	54	0.010708738	0.10345	0.01207	0.88640	0.98528	0.12810	-1.00000	-1.00000
23936	Gandy	Leland_Harris	un	10663940	91	0.021448606	0.12903	0.01454	1.14498	0.88930	0.10108	-1.00000	-1.00000
23944	Gandy	Leland_Harris	un	10669445	81	0.237749546	4.14286	0.43577	39.38647	0.61730	0.05091	-1.00000	-1.00000
23947	Gandy	Leland_Harris	un	10671767	94	0.751340119	1.25455	0.33414	4.71023	0.09849	0.00202	-1.00000	-1.00000
23951	Gandy	Leland_Harris	un	10672462	10	0.144977827	2.71429	0.83445	8.82902	0.43366	0.05642	-1.00000	-1.00000
23955	Gandy	Leland_Harris	un	10673682	402	0.464285714	0.41935	0.03596	4.89101	0.37742	0.02098	-1.00000	-1.00000
23958	Gandy	Leland_Harris	un	10674969	16	0.153677251	0.27381	0.05142	1.45792	0.56255	0.04511	-1.00000	-1.00000
23962	Gandy	Leland_Harris	un	10676942	354	1.000000000	0.79310	0.04702	13.37737	0.10067	0.00048	-1.00000	-1.00000
23979	Gandy	Leland_Harris	un	10685492	8	0.118181818	4.46154	0.46819	42.51565	0.64948	0.05660	-1.00000	-1.00000
23981	Gandy	Leland_Harris	un	10687312	66	0.006168425	12.78947	1.49310	109.55123	1.10685	0.13913	-1.00000	-1.00000
23983	Gandy	Leland_Harris	un	10688789	37	0.093795094	0.19355	0.02029	1.84594	0.71321	0.06531	-1.00000	-1.00000
23991	Gandy	Leland_Harris	un	10693943	22	0.444444444	2.58333	0.22094	30.20541	0.41218	0.02358	-1.00000	-1.00000
23998	Gandy	Leland_Harris	un	10697290	403	0.228675136	0.29032	0.02849	2.95801	0.53712	0.03827	-1.00000	-1.00000
24010	Gandy	Leland_Harris	un	10704369	224	0.103265306	4.90909	0.51099	47.16195	0.69100	0.06915	-1.00000	-1.00000
24017	Gandy	Leland_Harris	un	10706822	257	1.000000000	0.52000	0.04432	6.10163	0.28400	0.01884	-1.00000	-1.00000
24020	Gandy	Leland_Harris	un	10708712	37	0.006611286	0.09360	0.01065	0.82280	1.02874	0.15217	-1.00000	-1.00000
24036	Gandy	Leland_Harris	un	10716128	64	0.112852665	0.18621	0.02042	1.69763	0.73000	0.06914	-1.00000	-1.00000
24041	Gandy	Leland_Harris	un	10718553	132	0.021640076	6.35294	1.21596	33.19186	0.80297	0.10865	-1.00000	-1.00000
24042	Gandy	Leland_Harris	un	10719242	47	0.078818199	0.20833	0.03964	1.09488	0.68124	0.07213	-1.00000	-1.00000
24044	Gandy	Leland_Harris	un	10720875	58	1.000000000	0.51724	0.04445	6.01898	0.28631	0.01637	-1.00000	-1.00000
24046	Gandy	Leland_Harris	un	10722632	287	1.000000000	0.51724	0.04445	6.01898	0.28631	0.01637	-1.00000	-1.00000
24047	Gandy	Leland_Harris	un	10723243	140	0.000017296	26.86667	3.20762	225.03188	1.42921	0.31469	-1.00000	-1.00000
24053	Gandy	Leland_Harris	un	10727607	311	0.444444444	0.38710	0.03311	4.52610	0.41218	0.02358	-1.00000	-1.00000
24064	Gandy	Leland_Harris	un	10730512	11	0.500000000	2.07692	0.17741	24.31412	0.31742	0.01961	-1.00000	-1.00000
24068	Gandy	Leland_Harris	un	10732315	150	0.179100785	0.32609	0.07604	1.39847	0.48667	0.04465	-1.00000	-1.00000
24077	Gandy	Leland_Harris	un	10735587	148	0.040703531	0.14839	0.01622	1.35779	0.82860	0.08876	-1.00000	-1.00000
24081	Gandy	Leland_Harris	un	10737263	9	0.769815961	0.77778	0.24025	2.51791	0.10914	0.00326	-1.00000	-1.00000
24084	Gandy	Leland_Harris	un	10739006	145	0.000000000	170.50000	17.81958	1631.36597	2.23172	0.79545	-1.00000	-1.00000
24094	Gandy	Leland_Harris	un	10744489	141	1.000000000	1.16667	0.23379	5.82182	0.06695	0.00068	-1.00000	-1.00000
24109	Gandy	Leland_Harris	un	10751043	136	0.040703531	6.73913	0.73649	61.66531	0.82860	0.08876	-1.00000	-1.00000
24115	Gandy	Leland_Harris	un	10753237	6	0.000009385	29.00000	3.45766	243.22809	1.46240	0.34146	-1.00000	-1.00000
24134	Gandy	Leland_Harris	un	10759468	61	0.025378648	0.13228	0.01518	1.15249	0.87852	0.10400	-1.00000	-1.00000
24137	Gandy	Leland_Harris	un	10761596	59	0.500000000	0.48387	0.04165	5.62086	0.31527	0.01695	-1.00000	-1.00000
24141	Gandy	Leland_Harris	un	10762371	73	0.048259363	6.20000	0.67962	56.56101	0.79239	0.07937	-1.00000	-1.00000
24146	Gandy	Leland_Harris	un	10765173	422	1.000000000	1.66667	0.14261	19.47836	0.22185	0.01509	-1.00000	-1.00000
24148	Gandy	Leland_Harris	un	10765570	19	0.001621509	0.07527	0.00886	0.63910	1.12338	0.17143	-1.00000	-1.00000
24156	Gandy	Leland_Harris	un	10768893	67	0.345626405	0.50000	0.12951	1.93033	0.30103	0.01984	-1.00000	-1.00000
24158	Gandy	Leland_Harris	un	10770094	446	0.444444444	0.38710	0.03311	4.52610	0.41218	0.02358	-1.00000	-1.00000
24160	Gandy	Leland_Harris	un	10770562	149	0.093795094	0.19355	0.02029	1.84594	0.71321	0.06531	-1.00000	-1.00000
24182	Gandy	Leland_Harris	un	10779141	63	0.103265306	4.90909	0.51099	47.16195	0.69100	0.06915	-1.00000	-1.00000
24187	Gandy	Leland_Harris	un	10781589	61	1.000000000	0.86207	0.05123	14.50627	0.06446	0.00019	-1.00000	-1.00000
24192	Gandy	Leland_Harris	un	10785456	70	0.618181818	0.48148	0.04113	5.63661	0.31742	0.00629	-1.00000	-1.00000
24208	Gandy	Leland_Harris	un	10790105	420	1.000000000	1.78571	0.15251	20.90852	0.25181	0.01681	-1.00000	-1.00000
24212	Gandy	Leland_Harris	un	10791956	29	0.040703531	6.73913	0.73649	61.66531	0.82860	0.08876	-1.00000	-1.00000
24224	Gandy	Leland_Harris	un	10797446	114	0.005107483	0.09333	0.01092	0.79800	1.02996	0.15584	-1.00000	-1.00000
24226	Gandy	Leland_Harris	un	10798131	41	0.000000029	53.54546	6.39310	448.47025	1.72872	0.48214	-1.00000	-1.00000
24228	Gandy	Leland_Harris	un	10799872	110	0.228675136	0.29032	0.02849	2.95801	0.53712	0.03827	-1.00000	-1.00000
24238	Gandy	Leland_Harris	un	10806053	104	0.000000604	42.27273	4.98376	358.56158	1.62606	0.43750	-1.00000	-1.00000
24250	Gandy	Leland_Harris	un	10811463	175	0.500000000	0.48276	0.04141	5.62819	0.31627	0.01818	-1.00000	-1.00000
24271	Gandy	Leland_Harris	un	10819645	299	0.106170599	0.20968	0.02205	1.99431	0.67845	0.05844	-1.00000	-1.00000
24274	Gandy	Leland_Harris	un	10820923	44	0.012739138	11.11111	1.27451	96.86606	1.04576	0.12661	-1.00000	-1.00000
24277	Gandy	Leland_Harris	un	10822777	222	0.046139818	6.42857	0.69714	59.27980	0.80811	0.09420	-1.00000	-1.00000
24281	Gandy	Leland_Harris	un	10824905	52	0.033599894	7.38095	0.80374	67.78108	0.86811	0.10000	-1.00000	-1.00000
24303	Gandy	Leland_Harris	un	10835346	30	0.011308779	0.11111	0.01267	0.97465	0.95424	0.13043	-1.00000	-1.00000
24331	Gandy	Leland_Harris	un	10845247	255	0.500000000	2.07143	0.17768	24.14955	0.31627	0.01818	-1.00000	-1.00000
24362	Gandy	Leland_Harris	un	10857964	10	0.500000000	0.48387	0.04165	5.62086	0.31527	0.01695	-1.00000	-1.00000
24368	Gandy	Leland_Harris	un	10859523	7	0.245283019	0.28000	0.02931	2.67453	0.55284	0.04706	-1.00000	-1.00000
24370	Gandy	Leland_Harris	un	10860496	137	1.000000000	1.92308	0.16389	22.56519	0.28400	0.01884	-1.00000	-1.00000
24380	Gandy	Leland_Harris	un	10864430	40	0.091583710	5.27273	0.55003	50.54564	0.72204	0.07143	-1.00000	-1.00000
24384	Gandy	Leland_Harris	un	10867735	252	1.000000000	0.52000	0.04432	6.10163	0.28400	0.01884	-1.00000	-1.00000
24385	Gandy	Leland_Harris	un	10868587	288	0.500000000	0.48387	0.04165	5.62086	0.31527	0.01695	-1.00000	-1.00000
24391	Gandy	Leland_Harris	un	10869869	250	1.000000000	1.07407	0.06396	18.03732	0.03103	0.00004	-1.00000	-1.00000
24392	Gandy	Leland_Harris	un	10870434	40	0.000334230	17.40000	2.09255	144.68439	1.24055	0.21844	-1.00000	-1.00000
24396	Gandy	Leland_Harris	un	10872781	30	0.094135210	2.80000	0.86534	9.05999	0.44716	0.06294	-1.00000	-1.00000
24400	Gandy	Leland_Harris	un	10875249	94	0.000005503	31.00000	3.70356	259.48029	1.49136	0.34884	-1.00000	-1.00000
24402	Gandy	Leland_Harris	un	10877094	398	1.000000000	1.80000	0.15437	20.98797	0.25527	0.01576	-1.00000	-1.00000
24409	Gandy	Leland_Harris	un	10881758	133	0.020799934	0.12644	0.01417	1.12790	0.89813	0.10989	-1.00000	-1.00000
24428	Gandy	Leland_Harris	un	10893280	411	0.481481481	0.44828	0.03837	5.23742	0.34845	0.02032	-1.00000	-1.00000
24430	Gandy	Leland_Harris	un	10893684	18	0.081599742	0.17742	0.01854	1.69757	0.75100	0.07353	-1.00000	-1.00000
24461	Gandy	Leland_Harris	un	10906374	223	0.500000000	0.48276	0.04141	5.62819	0.31627	0.01818	-1.00000	-1.00000
24465	Gandy	Leland_Harris	un	10906964	10	0.000008384	0.03656	0.00444	0.30123	1.43700	0.30435	-1.00000	-1.00000
24477	Gandy	Leland_Harris	un	10911878	98	0.500000000	0.48387	0.04165	5.62086	0.31527	0.01695	-1.00000	-1.00000
24478	Gandy	Leland_Harris	un	10912749	148	0.482758621	2.21429	0.19026	25.77014	0.34523	0.01880	-1.00000	-1.00000
24487	Gandy	Leland_Harris	un	10916890	127	0.482758621	2.21429	0.19026	25.77014	0.34523	0.01880	-1.00000	-1.00000
24501	Gandy	Leland_Harris	un	10923730	70	1.000000000	1.80000	0.15437	20.98797	0.25527	0.01576	-1.00000	-1.00000
24514	Gandy	Leland_Harris	un	10929204	254	1.000000000	0.93103	0.05544	15.63520	0.03103	0.00004	-1.00000	-1.00000
24527	Gandy	Leland_Harris	un	10936211	26	0.118181818	0.22414	0.02352	2.13589	0.64948	0.05660	-1.00000	-1.00000
24532	Gandy	Leland_Harris	un	10938742	78	0.017761795	6.88235	1.32221	35.82405	0.83774	0.11616	-1.00000	-1.00000
24540	Gandy	Leland_Harris	un	10942725	79	0.500000000	0.48387	0.04165	5.62086	0.31527	0.01695	-1.00000	-1.00000
24543	Gandy	Leland_Harris	un	10944243	46	0.011860352	8.68000	1.00047	75.30706	0.93852	0.11111	-1.00000	-1.00000
24551	Gandy	Leland_Harris	un	10948547	476	0.464285714	0.41935	0.03596	4.89101	0.37742	0.02098	-1.00000	-1.00000
24555	Gandy	Leland_Harris	un	10951298	60	0.001621509	0.07527	0.00886	0.63910	1.12338	0.17143	-1.00000	-1.00000
24557	Gandy	Leland_Harris	un	10952398	263	0.480000000	0.44444	0.03787	5.21605	0.35218	0.02211	-1.00000	-1.00000
24563	Gandy	Leland_Harris	un	10956103	490	0.481481481	0.44828	0.03837	5.23742	0.34845	0.02032	-1.00000	-1.00000
24575	Gandy	Leland_Harris	un	10961096	252	0.482758621	0.45161	0.03880	5.25593	0.34523	0.01880	-1.00000	-1.00000
24594	Gandy	Leland_Harris	un	10968230	122	0.005105438	0.09483	0.01103	0.81529	1.02307	0.14286	-1.00000	-1.00000
24595	Gandy	Leland_Harris	un	10969446	539	1.000000000	0.52000	0.04432	6.10163	0.28400	0.01884	-1.00000	-1.00000
24598	Gandy	Leland_Harris	un	10970792	245	0.461538462	0.41379	0.03533	4.84665	0.38322	0.02288	-1.00000	-1.00000
24608	Gandy	Leland_Harris	un	10975675	118	0.026092774	0.13978	0.01580	1.23690	0.85454	0.09091	-1.00000	-1.00000
24617	Gandy	Leland_Harris	un	10981337	146	0.245454545	0.31034	0.03040	3.16783	0.50816	0.03704	-1.00000	-1.00000
24619	Gandy	Leland_Harris	un	10982056	109	0.118644068	0.22581	0.02380	2.14269	0.64626	0.05263	-1.00000	-1.00000
24623	Gandy	Leland_Harris	un	10984395	26	0.021448606	0.12903	0.01454	1.14498	0.88930	0.10108	-1.00000	-1.00000
24636	Gandy	Leland_Harris	un	10991673	66	0.106170599	0.20968	0.02205	1.99431	0.67845	0.05844	-1.00000	-1.00000
24638	Gandy	Leland_Harris	un	10992359	7	0.052549084	0.14943	0.01685	1.32480	0.82558	0.08805	-1.00000	-1.00000
24641	Gandy	Leland_Harris	un	10993983	53	0.001201463	7.42857	2.07819	26.55367	0.87091	0.18000	-1.00000	-1.00000
24644	Gandy	Leland_Harris	un	10996331	74	0.020358469	0.15152	0.02861	0.80234	0.81954	0.12039	-1.00000	-1.00000
24650	Gandy	Leland_Harris	un	10999007	90	0.000099543	12.37500	3.20082	47.84423	1.09255	0.29697	-1.00000	-1.00000
24658	Gandy	Leland_Harris	un	11001546	117	0.244680851	3.26087	0.31632	33.61525	0.51333	0.04348	-1.00000	-1.00000
24665	Gandy	Leland_Harris	un	11006251	219	1.000000000	0.93103	0.05544	15.63520	0.03103	0.00004	-1.00000	-1.00000
24667	Gandy	Leland_Harris	un	11008018	348	0.500000000	0.48387	0.04165	5.62086	0.31527	0.01695	-1.00000	-1.00000
24671	Gandy	Leland_Harris	un	11009179	42	0.000000029	53.54546	6.39310	448.47025	1.72872	0.48214	-1.00000	-1.00000
24684	Gandy	Leland_Harris	un	11016415	19	0.004488740	0.08642	0.01013	0.73693	1.06339	0.16149	-1.00000	-1.00000
24688	Gandy	Leland_Harris	un	11018767	49	0.461538462	0.41379	0.03533	4.84665	0.38322	0.02288	-1.00000	-1.00000
24708	Gandy	Leland_Harris	un	11027900	24	0.000034113	0.04218	0.00507	0.35083	1.37486	0.27950	-1.00000	-1.00000
24709	Gandy	Leland_Harris	un	11028703	63	0.491833031	3.00000	0.29452	30.55776	0.47712	0.03333	-1.00000	-1.00000
24711	Gandy	Leland_Harris	un	11029707	230	0.500000000	2.07143	0.17768	24.14955	0.31627	0.01818	-1.00000	-1.00000
24712	Gandy	Leland_Harris	un	11030739	488	0.480000000	0.44444	0.03787	5.21605	0.35218	0.02211	-1.00000	-1.00000
24726	Gandy	Leland_Harris	un	11037573	57	0.312255139	0.24138	0.02344	2.48548	0.61730	0.03025	-1.00000	-1.00000
24741	Gandy	Leland_Harris	un	11043513	367	0.464285714	0.41935	0.03596	4.89101	0.37742	0.02098	-1.00000	-1.00000
24748	Gandy	Leland_Harris	un	11047209	202	0.244680851	0.30667	0.02975	3.16133	0.51333	0.04348	-1.00000	-1.00000
24766	Gandy	Leland_Harris	un	11055980	7	0.480000000	0.44444	0.03787	5.21605	0.35218	0.02211	-1.00000	-1.00000
24771	Gandy	Leland_Harris	un	11058704	449	0.493212670	2.77778	0.27089	28.48358	0.44370	0.03429	-1.00000	-1.00000
24774	Gandy	Leland_Harris	un	11060309	478	0.461538462	0.41379	0.03533	4.84665	0.38322	0.02288	-1.00000	-1.00000
24786	Gandy	Leland_Harris	un	11064180	262	0.482758621	0.45161	0.03880	5.25593	0.34523	0.01880	-1.00000	-1.00000
24792	Gandy	Leland_Harris	un	11068849	294	0.461538462	0.41379	0.03533	4.84665	0.38322	0.02288	-1.00000	-1.00000
24793	Gandy	Leland_Harris	un	11069720	467	1.000000000	1.17391	0.06948	19.83494	0.06964	0.00024	-1.00000	-1.00000
24812	Gandy	Leland_Harris	un	11075567	503	1.000000000	0.52000	0.04432	6.10163	0.28400	0.01884	-1.00000	-1.00000
24813	Gandy	Leland_Harris	un	11076304	440	0.500000000	0.48387	0.04165	5.62086	0.31527	0.01695	-1.00000	-1.00000
24816	Gandy	Leland_Harris	un	11078258	8	0.667952287	0.45833	0.07627	2.75421	0.33882	0.01449	-1.00000	-1.00000
24822	Gandy	Leland_Harris	un	11080175	351	0.192872117	0.24731	0.02414	2.53324	0.60676	0.04808	-1.00000	-1.00000
24837	Gandy	Leland_Harris	un	11087809	110	0.047272578	0.15862	0.01730	1.45424	0.79964	0.08615	-1.00000	-1.00000
24848	Gandy	Leland_Harris	un	11093160	107	0.000007884	31.00000	3.66703	262.06488	1.49136	0.35714	-1.00000	-1.00000
24861	Gandy	Leland_Harris	un	11099463	74	1.000000000	1.14286	0.39021	3.34723	0.05799	0.00110	-1.00000	-1.00000
24866	Gandy	Leland_Harris	un	11101975	158	0.033599894	7.38095	0.80374	67.78108	0.86811	0.10000	-1.00000	-1.00000
24876	Gandy	Leland_Harris	un	11106748	10	0.500000000	0.48387	0.04165	5.62086	0.31527	0.01695	-1.00000	-1.00000
24890	Gandy	Leland_Harris	un	11112377	61	0.481481481	0.44828	0.03837	5.23742	0.34845	0.02032	-1.00000	-1.00000
24902	Gandy	Leland_Harris	un	11118874	134	0.283579392	2.04545	0.70358	5.94655	0.31079	0.03118	-1.00000	-1.00000
24906	Gandy	Leland_Harris	un	11120499	190	0.610508033	0.33333	0.03224	3.44607	0.47712	0.01843	-1.00000	-1.00000
24909	Gandy	Leland_Harris	un	11122230	357	0.480000000	0.44444	0.03787	5.21605	0.35218	0.02211	-1.00000	-1.00000
24914	Gandy	Leland_Harris	un	11123471	26	0.000000016	65.25000	7.52132	566.06567	1.81458	0.56667	-1.00000	-1.00000
24918	Gandy	Leland_Harris	un	11126031	67	0.118181818	0.22414	0.02352	2.13589	0.64948	0.05660	-1.00000	-1.00000
24932	Gandy	Leland_Harris	un	11133375	173	0.480000000	0.44444	0.03787	5.21605	0.35218	0.02211	-1.00000	-1.00000
24933	Gandy	Leland_Harris	un	11134119	150	0.000000604	42.27273	4.98376	358.56158	1.62606	0.43750	-1.00000	-1.00000
24935	Gandy	Leland_Harris	un	11135803	130	0.001066945	0.05455	0.00639	0.46588	1.26324	0.20833	-1.00000	-1.00000
24936	Gandy	Leland_Harris	un	11136510	7	0.240259740	0.25926	0.02721	2.47017	0.58627	0.04906	-1.00000	-1.00000
24937	Gandy	Leland_Harris	un	11137425	65	0.000000071	54.77778	6.37423	470.73969	1.73860	0.51852	-1.00000	-1.00000
24965	Gandy	Leland_Harris	un	11148863	99	0.409176437	2.40000	0.39745	14.49233	0.38021	0.01904	-1.00000	-1.00000
24986	Gandy	Leland_Harris	un	11157105	450	1.000000000	1.78571	0.15251	20.90852	0.25181	0.01681	-1.00000	-1.00000
24992	Gandy	Leland_Harris	un	11160204	223	0.480000000	0.44444	0.03787	5.21605	0.35218	0.02211	-1.00000	-1.00000
24994	Gandy	Leland_Harris	un	11160759	8	0.039250162	6.90476	0.75044	63.53036	0.83915	0.09722	-1.00000	-1.00000
25040	Gandy	Leland_Harris	un	11175206	100	0.056374751	7.60870	0.86830	66.67275	0.88131	0.07714	-1.00000	-1.00000
25046	Gandy	Leland_Harris	un	11179014	89	0.464285714	2.38462	0.20446	27.81217	0.37742	0.02098	-1.00000	-1.00000
25059	Gandy	Leland_Harris	un	11184005	137	0.003937952	11.27273	1.31375	96.72617	1.05203	0.14706	-1.00000	-1.00000
25060	Gandy	Leland_Harris	un	11184672	26	0.000334230	0.05747	0.00691	0.47788	1.24055	0.21844	-1.00000	-1.00000
25061	Gandy	Leland_Harris	un	11185499	55	0.464285714	2.38462	0.20446	27.81217	0.37742	0.02098	-1.00000	-1.00000
25065	Gandy	Leland_Harris	un	11187977	188	0.192872117	0.24731	0.02414	2.53324	0.60676	0.04808	-1.00000	-1.00000
25066	Gandy	Leland_Harris	un	11188694	85	0.021448606	0.12903	0.01454	1.14498	0.88930	0.10108	-1.00000	-1.00000
25070	Gandy	Leland_Harris	un	11190377	73	0.000051887	0.04301	0.00512	0.36098	1.36642	0.28205	-1.00000	-1.00000
25072	Gandy	Leland_Harris	un	11191387	343	0.227113906	0.28736	0.02808	2.94037	0.54158	0.04142	-1.00000	-1.00000
25080	Gandy	Leland_Harris	un	11194341	29	0.000041324	0.04023	0.00475	0.34105	1.39545	0.31301	-1.00000	-1.00000
25090	Gandy	Leland_Harris	un	11199365	51	0.078781904	0.32000	0.09228	1.10965	0.49485	0.06025	-1.00000	-1.00000
25094	Gandy	Leland_Harris	un	11201196	219	0.500000000	0.48387	0.04165	5.62086	0.31527	0.01695	-1.00000	-1.00000
25099	Gandy	Leland_Harris	un	11202948	328	0.010399967	9.81818	1.13937	84.60557	0.99203	0.13830	-1.00000	-1.00000
25103	Gandy	Leland_Harris	un	11206016	8	0.001949047	13.23529	1.53257	114.30026	1.12173	0.20000	-1.00000	-1.00000
25104	Gandy	Leland_Harris	un	11206710	37	0.000000066	52.20000	6.15300	442.84708	1.71767	0.49480	-1.00000	-1.00000
25123	Gandy	Leland_Harris	un	11214008	63	0.009307886	0.10599	0.01218	0.92241	0.97473	0.12363	-1.00000	-1.00000
25124	Gandy	Leland_Harris	un	11214843	71	0.009307886	0.10599	0.01218	0.92241	0.97473	0.12363	-1.00000	-1.00000
25128	Gandy	Leland_Harris	un	11216490	37	0.038013065	0.24242	0.06594	0.89132	0.61542	0.09037	-1.00000	-1.00000
25131	Gandy	Leland_Harris	un	11218992	20	0.228675136	0.29032	0.02849	2.95801	0.53712	0.03827	-1.00000	-1.00000
25136	Gandy	Leland_Harris	un	11221478	81	0.002287531	12.13043	1.43397	102.61572	1.08388	0.15385	-1.00000	-1.00000
25139	Gandy	Leland_Harris	un	11222969	34	0.789664692	1.16667	0.39271	3.46593	0.06695	0.00148	-1.00000	-1.00000
25142	Gandy	Leland_Harris	un	11225395	133	0.770681314	0.82895	0.24920	2.75749	0.08147	0.00180	-1.00000	-1.00000
25160	Gandy	Leland_Harris	un	11230886	48	0.000000003	78.71429	8.95404	691.97137	1.89605	0.61765	-1.00000	-1.00000
25169	Gandy	Leland_Harris	un	11232577	130	0.010112034	0.08333	0.00958	0.72459	1.07918	0.13297	-1.00000	-1.00000
25177	Gandy	Leland_Harris	un	11239055	144	0.055746141	5.80000	0.63455	53.01424	0.76343	0.07692	-1.00000	-1.00000
25179	Gandy	Leland_Harris	un	11240304	470	0.244680851	3.26087	0.31632	33.61525	0.51333	0.04348	-1.00000	-1.00000
25180	Gandy	Leland_Harris	un	11240666	14	0.034552490	3.40000	1.11133	10.40191	0.53148	0.08791	-1.00000	-1.00000
25205	Gandy	Leland_Harris	un	11252051	145	0.245762712	3.20690	0.31542	32.60509	0.50608	0.03448	-1.00000	-1.00000
25221	Gandy	Leland_Harris	un	11257729	116	0.438971875	1.53846	0.53598	4.41596	0.18709	0.01149	-1.00000	-1.00000
25225	Gandy	Leland_Harris	un	11260085	27	0.011603269	0.11330	0.01299	0.98798	0.94577	0.12000	-1.00000	-1.00000
25231	Gandy	Leland_Harris	un	11261398	561	1.000000000	1.00000	0.05893	16.97048	0.00000	0.00000	-1.00000	-1.00000
25234	Gandy	Leland_Harris	un	11263416	31	0.000001821	28.00000	5.42971	144.39072	1.44716	0.39897	-1.00000	-1.00000
25241	Gandy	Leland_Harris	un	11266898	167	1.000000000	1.91667	0.16250	22.60740	0.28255	0.00550	-1.00000	-1.00000
25256	Gandy	Leland_Harris	un	11273124	96	0.470446549	0.47826	0.10627	2.15231	0.32034	0.01758	-1.00000	-1.00000
25257	Gandy	Leland_Harris	un	11273871	106	0.106170599	4.76923	0.50143	45.36166	0.67845	0.05844	-1.00000	-1.00000
25264	Gandy	Leland_Harris	un	11275548	104	0.000019879	14.00000	3.75718	52.16673	1.14613	0.31605	-1.00000	-1.00000
25265	Gandy	Leland_Harris	un	11276188	21	0.168648998	5.40000	0.55992	52.07855	0.73239	0.04904	-1.00000	-1.00000
25266	Gandy	Leland_Harris	un	11277098	91	0.000000140	50.00000	5.89389	424.16843	1.69897	0.49351	-1.00000	-1.00000
25276	Gandy	Leland_Harris	un	11282175	431	1.000000000	1.80000	0.15437	20.98797	0.25527	0.01576	-1.00000	-1.00000
25279	Gandy	Leland_Harris	un	11284320	69	1.000000000	0.94737	0.29651	3.02691	0.02348	0.00016	-1.00000	-1.00000
25289	Gandy	Leland_Harris	un	11288783	355	1.000000000	1.92308	0.16389	22.56519	0.28400	0.01884	-1.00000	-1.00000
25303	Gandy	Leland_Harris	un	11291178	23	1.000000000	0.51852	0.04439	6.05718	0.28524	0.01752	-1.00000	-1.00000
25304	Gandy	Leland_Harris	un	11292183	151	0.245762712	0.31183	0.03067	3.17041	0.50608	0.03448	-1.00000	-1.00000
25313	Gandy	Leland_Harris	un	11293839	141	0.388402724	0.57488	0.17844	1.85206	0.24042	0.01551	-1.00000	-1.00000
25316	Gandy	Leland_Harris	un	11294515	26	0.104821803	4.83333	0.50582	46.18450	0.68425	0.06335	-1.00000	-1.00000
25322	Gandy	Leland_Harris	un	11296898	8	0.723711243	1.42857	0.33869	6.02563	0.15490	0.00440	-1.00000	-1.00000
25326	Gandy	Leland_Harris	un	11299577	267	1.000000000	0.55556	0.04765	6.47777	0.25527	0.01576	-1.00000	-1.00000
25330	Gandy	Leland_Harris	un	11300494	390	1.000000000	0.56000	0.04783	6.55691	0.25181	0.01681	-1.00000	-1.00000
25337	Gandy	Leland_Harris	un	11302535	102	0.000004013	33.33333	3.94401	281.72150	1.52288	0.39560	-1.00000	-1.00000
25338	Gandy	Leland_Harris	un	11303326	64	0.118181818	0.22414	0.02352	2.13589	0.64948	0.05660	-1.00000	-1.00000
25355	Gandy	Leland_Harris	un	11310555	112	0.240259740	0.25926	0.02721	2.47017	0.58627	0.04906	-1.00000	-1.00000
25356	Gandy	Leland_Harris	un	11311372	141	0.483236121	2.13043	0.48679	9.32379	0.32847	0.01920	-1.00000	-1.00000
25358	Gandy	Leland_Harris	un	11311993	21	0.671391171	2.00000	0.33649	11.88740	0.30103	0.01032	-1.00000	-1.00000
25365	Gandy	Leland_Harris	un	11313683	31	1.000000000	1.15652	0.31563	4.23764	0.06315	0.00089	-1.00000	-1.00000
25366	Gandy	Leland_Harris	un	11314344	12	0.189624262	3.00000	0.71087	12.66052	0.47712	0.04375	-1.00000	-1.00000
25368	Gandy	Leland_Harris	un	11315225	128	0.230254922	2.33333	0.67218	8.09964	0.36798	0.03381	-1.00000	-1.00000
25393	Gandy	Leland_Harris	un	11326080	430	0.192872117	0.24731	0.02414	2.53324	0.60676	0.04808	-1.00000	-1.00000
25413	Gandy	Leland_Harris	un	11334642	76	0.106170599	0.20968	0.02205	1.99431	0.67845	0.05844	-1.00000	-1.00000
25428	Gandy	Leland_Harris	un	11338746	44	0.021448606	0.12903	0.01454	1.14498	0.88930	0.10108	-1.00000	-1.00000
25429	Gandy	Leland_Harris	un	11339574	96	0.001099811	0.06810	0.00798	0.58084	1.16685	0.19231	-1.00000	-1.00000
25432	Gandy	Leland_Harris	un	11341003	9	0.025307915	0.10000	0.01153	0.86750	1.00000	0.10989	-1.00000	-1.00000
25450	Gandy	Leland_Harris	un	11348919	50	0.000021747	19.50000	3.88572	97.85825	1.29003	0.30880	-1.00000	-1.00000
25463	Gandy	Leland_Harris	un	11352823	55	0.000001664	35.76923	4.27051	299.59866	1.55351	0.38462	-1.00000	-1.00000
25464	Gandy	Leland_Harris	un	11353570	35	0.001954280	0.07258	0.00838	0.62842	1.13918	0.18617	-1.00000	-1.00000
25471	Gandy	Leland_Harris	un	11355464	297	0.480000000	2.25000	0.19172	26.40626	0.35218	0.02211	-1.00000	-1.00000
25484	Gandy	Leland_Harris	un	11361697	35	0.001523881	7.66667	2.14848	27.35789	0.88461	0.20926	-1.00000	-1.00000
25491	Gandy	Leland_Harris	un	11365758	90	0.237749546	0.24138	0.02539	2.29481	0.61730	0.05091	-1.00000	-1.00000
25516	Gandy	Leland_Harris	un	11375589	365	0.482758621	0.45161	0.03880	5.25593	0.34523	0.01880	-1.00000	-1.00000
25517	Gandy	Leland_Harris	un	11376015	14	0.763758486	0.75000	0.22728	2.47490	0.12494	0.00414	-1.00000	-1.00000
25523	Gandy	Leland_Harris	un	11378904	460	0.482758621	0.45161	0.03880	5.25593	0.34523	0.01880	-1.00000	-1.00000
25527	Gandy	Leland_Harris	un	11380180	112	0.344497608	0.28736	0.02808	2.94037	0.54158	0.02119	-1.00000	-1.00000
25535	Gandy	Leland_Harris	un	11383420	94	0.118644068	0.22581	0.02380	2.14269	0.64626	0.05263	-1.00000	-1.00000
25560	Gandy	Leland_Harris	un	11392718	35	0.028312297	3.98765	1.28533	12.37148	0.60072	0.11050	-1.00000	-1.00000
25564	Gandy	Leland_Harris	un	11394444	21	0.579100145	0.37931	0.03229	4.45591	0.42101	0.01176	-1.00000	-1.00000
25578	Gandy	Leland_Harris	un	11400512	206	0.482758621	0.45161	0.03880	5.25593	0.34523	0.01880	-1.00000	-1.00000
25582	Gandy	Leland_Harris	un	11402741	95	0.025378648	0.13228	0.01518	1.15249	0.87852	0.10400	-1.00000	-1.00000
25583	Gandy	Leland_Harris	un	11403522	101	0.482758621	0.45161	0.03880	5.25593	0.34523	0.01880	-1.00000	-1.00000
25589	Gandy	Leland_Harris	un	11405764	17	0.000245867	0.05161	0.00606	0.43972	1.28724	0.25000	-1.00000	-1.00000
25594	Gandy	Leland_Harris	un	11408253	136	0.000251499	0.05572	0.00665	0.46667	1.25400	0.22321	-1.00000	-1.00000
25596	Gandy	Leland_Harris	un	11408976	59	0.024822695	0.13333	0.01482	1.19995	0.87506	0.11628	-1.00000	-1.00000
25603	Gandy	Leland_Harris	un	11412092	138	0.245454545	3.22222	0.31567	32.89072	0.50816	0.03704	-1.00000	-1.00000
25621	Gandy	Leland_Harris	un	11417571	44	0.239819005	3.84615	0.40172	36.82394	0.58503	0.05248	-1.00000	-1.00000
25630	Gandy	Leland_Harris	un	11421781	77	0.000648604	0.06452	0.00766	0.54351	1.19033	0.19679	-1.00000	-1.00000
25645	Gandy	Leland_Harris	un	11426654	241	0.461538462	2.41667	0.20633	28.30581	0.38322	0.02288	-1.00000	-1.00000
25654	Gandy	Leland_Harris	un	11431498	431	0.500000000	2.06667	0.17791	24.00734	0.31527	0.01695	-1.00000	-1.00000
25655	Gandy	Leland_Harris	un	11431885	85	0.500000000	2.06667	0.17791	24.00734	0.31527	0.01695	-1.00000	-1.00000
25667	Gandy	Leland_Harris	un	11435394	510	0.589502262	0.40741	0.03461	4.79552	0.38997	0.01037	-1.00000	-1.00000
25675	Gandy	Leland_Harris	un	11437594	143	0.021448606	0.12903	0.01454	1.14498	0.88930	0.10108	-1.00000	-1.00000
25686	Gandy	Leland_Harris	un	11440763	76	0.000000000	899.00000	53.70762	15048.16211	2.95376	1.00000	-1.00000	-1.00000
25687	Gandy	Leland_Harris	un	11442080	546	0.444444444	0.38710	0.03311	4.52610	0.41218	0.02358	-1.00000	-1.00000
25717	Gandy	Leland_Harris	un	11452111	118	0.102966639	2.72222	0.90850	8.15686	0.43492	0.05844	-1.00000	-1.00000
25722	Gandy	Leland_Harris	un	11454483	154	0.431047433	2.40000	0.42426	13.57653	0.38021	0.01832	-1.00000	-1.00000
25753	Gandy	Leland_Harris	un	11469336	439	0.603773585	0.44444	0.03787	5.21605	0.35218	0.00808	-1.00000	-1.00000
25772	Gandy	Leland_Harris	un	11475871	7	0.000002141	18.40000	4.92783	68.70366	1.26482	0.38571	-1.00000	-1.00000
25773	Gandy	Leland_Harris	un	11476966	374	0.500000000	0.48148	0.04113	5.63661	0.31742	0.01961	-1.00000	-1.00000
25780	Gandy	Leland_Harris	un	11480441	396	0.500000000	0.48148	0.04113	5.63661	0.31742	0.01961	-1.00000	-1.00000
25783	Gandy	Leland_Harris	un	11481178	219	0.208144796	0.26437	0.02576	2.71292	0.57779	0.04667	-1.00000	-1.00000
25786	Gandy	Leland_Harris	un	11482636	202	1.000000000	1.08000	0.06407	18.20505	0.03342	0.00005	-1.00000	-1.00000
25787	Gandy	Leland_Harris	un	11483398	198	1.000000000	0.85185	0.05042	14.39326	0.06964	0.00024	-1.00000	-1.00000
25788	Gandy	Leland_Harris	un	11484101	92	0.481481481	2.23077	0.19093	26.06312	0.34845	0.02032	-1.00000	-1.00000
25790	Gandy	Leland_Harris	un	11485435	8	0.001343705	8.40000	2.30561	30.60359	0.92428	0.23056	-1.00000	-1.00000
25798	Gandy	Leland_Harris	un	11488655	44	0.093795094	5.16667	0.54173	49.27621	0.71321	0.06531	-1.00000	-1.00000
25800	Gandy	Leland_Harris	un	11490333	145	0.000412429	0.05806	0.00686	0.49162	1.23609	0.22095	-1.00000	-1.00000
25822	Gandy	Leland_Harris	un	11500612	356	0.464285714	0.41935	0.03596	4.89101	0.37742	0.02098	-1.00000	-1.00000
25844	Gandy	Leland_Harris	un	11504306	60	0.444444444	2.58333	0.22094	30.20541	0.41218	0.02358	-1.00000	-1.00000
25848	Gandy	Leland_Harris	un	11505910	48	0.026597087	3.85000	1.22390	12.11083	0.58546	0.10256	-1.00000	-1.00000
25901	Gandy	Leland_Harris	un	11531485	147	0.000038815	25.00000	2.93679	212.81769	1.39794	0.33333	-1.00000	-1.00000
25915	Gandy	Leland_Harris	un	11536177	32	0.005271268	0.09677	0.01132	0.82757	1.01424	0.13208	-1.00000	-1.00000
25918	Gandy	Leland_Harris	un	11537943	25	0.000080714	0.04598	0.00547	0.38665	1.33746	0.27549	-1.00000	-1.00000
25922	Gandy	Leland_Harris	un	11539461	57	0.104089396	2.62500	0.84376	8.16658	0.41913	0.05455	-1.00000	-1.00000
25924	Gandy	Leland_Harris	un	11541013	94	0.464285714	0.41935	0.03596	4.89101	0.37742	0.02098	-1.00000	-1.00000
25929	Gandy	Leland_Harris	un	11542707	196	0.461538462	0.41379	0.03533	4.84665	0.38322	0.02288	-1.00000	-1.00000
25943	Gandy	Leland_Harris	un	11545170	24	0.140971416	0.36797	0.10696	1.26584	0.43419	0.04816	-1.00000	-1.00000
25953	Gandy	Leland_Harris	un	11550948	30	0.000000148	39.00000	7.31667	207.88135	1.59106	0.47563	-1.00000	-1.00000
25956	Gandy	Leland_Harris	un	11553589	320	1.000000000	0.51852	0.04439	6.05718	0.28524	0.01752	-1.00000	-1.00000
25965	Gandy	Leland_Harris	un	11557368	61	1.000000000	0.51852	0.04439	6.05718	0.28524	0.01752	-1.00000	-1.00000
25992	Gandy	Leland_Harris	un	11568615	11	0.500000000	0.48387	0.04165	5.62086	0.31527	0.01695	-1.00000	-1.00000
25995	Gandy	Leland_Harris	un	11570309	14	0.020799934	7.90909	0.88661	70.55416	0.89813	0.10989	-1.00000	-1.00000
26015	Gandy	Leland_Harris	un	11577946	364	0.482758621	0.45161	0.03880	5.25593	0.34523	0.01880	-1.00000	-1.00000
26017	Gandy	Leland_Harris	un	11579118	56	0.165965766	0.42982	0.13475	1.37107	0.36671	0.03987	-1.00000	-1.00000
26020	Gandy	Leland_Harris	un	11580836	21	0.000000000	465.00000	40.02943	5401.65088	2.66745	0.93548	-1.00000	-1.00000
26026	Gandy	Leland_Harris	un	11582416	27	0.358189918	2.11111	0.60349	7.38499	0.32451	0.02681	-1.00000	-1.00000
26027	Gandy	Leland_Harris	un	11583274	83	0.118181818	0.22414	0.02352	2.13589	0.64948	0.05660	-1.00000	-1.00000
26044	Gandy	Leland_Harris	un	11591011	49	0.081888074	4.42105	0.82166	23.78820	0.64553	0.06460	-1.00000	-1.00000
26053	Gandy	Leland_Harris	un	11594763	19	0.000000066	52.20000	6.15300	442.84708	1.71767	0.49480	-1.00000	-1.00000
26060	Gandy	Leland_Harris	un	11599141	260	0.500000000	2.07692	0.17741	24.31412	0.31742	0.01961	-1.00000	-1.00000
26076	Gandy	Leland_Harris	un	11605597	386	0.500000000	0.48148	0.04113	5.63661	0.31742	0.01961	-1.00000	-1.00000
26085	Gandy	Leland_Harris	un	11610288	101	0.444444444	0.38710	0.03311	4.52610	0.41218	0.02358	-1.00000	-1.00000
26092	Gandy	Leland_Harris	un	11613258	67	0.228675136	0.29032	0.02849	2.95801	0.53712	0.03827	-1.00000	-1.00000
26097	Gandy	Leland_Harris	un	11615171	351	0.675814751	0.64103	0.09864	4.16567	0.19312	0.00392	-1.00000	-1.00000
26101	Gandy	Leland_Harris	un	11616519	18	0.000000003	113.40000	12.29761	1045.69580	2.05461	0.61627	-1.00000	-1.00000
26106	Gandy	Leland_Harris	un	11618284	157	0.000967802	0.07097	0.00846	0.59542	1.14894	0.17647	-1.00000	-1.00000
26110	Gandy	Leland_Harris	un	11621935	505	1.000000000	1.92308	0.16389	22.56519	0.28400	0.01884	-1.00000	-1.00000
26127	Gandy	Leland_Harris	un	11627194	150	0.490612245	3.00000	0.29185	30.83754	0.47712	0.03846	-1.00000	-1.00000
26135	Gandy	Leland_Harris	un	11633048	125	0.749278237	0.79365	0.20875	3.01742	0.10037	0.00222	-1.00000	-1.00000
26137	Gandy	Leland_Harris	un	11633828	19	0.500000000	2.06667	0.17791	24.00734	0.31527	0.01695	-1.00000	-1.00000
26141	Gandy	Leland_Harris	un	11635486	92	0.000045793	31.36364	3.66063	268.71848	1.49643	0.32863	-1.00000	-1.00000
26145	Gandy	Leland_Harris	un	11636381	154	0.482758621	2.21429	0.19026	25.77014	0.34523	0.01880	-1.00000	-1.00000
26147	Gandy	Leland_Harris	un	11637028	46	0.245762712	3.20690	0.31542	32.60509	0.50608	0.03448	-1.00000	-1.00000
26154	Gandy	Leland_Harris	un	11641086	93	0.491264850	0.33333	0.03259	3.40968	0.47712	0.03571	-1.00000	-1.00000
26162	Gandy	Leland_Harris	un	11645851	100	0.000648604	15.50000	1.83988	130.57936	1.19033	0.19679	-1.00000	-1.00000
26170	Gandy	Leland_Harris	un	11650291	507	1.000000000	0.56000	0.04783	6.55691	0.25181	0.01681	-1.00000	-1.00000
26181	Gandy	Leland_Harris	un	11656642	261	1.000000000	1.66667	0.14261	19.47836	0.22185	0.01509	-1.00000	-1.00000
26190	Gandy	Leland_Harris	un	11659013	76	0.191851209	5.47619	0.59057	50.77928	0.73848	0.05364	-1.00000	-1.00000
26197	Gandy	Leland_Harris	un	11661388	31	0.258458145	0.47511	0.15018	1.50304	0.32320	0.03129	-1.00000	-1.00000
26209	Gandy	Leland_Harris	un	11668057	75	0.000000003	75.00000	8.70990	645.81714	1.87506	0.59355	-1.00000	-1.00000
26211	Gandy	Leland_Harris	un	11669504	11	0.245762712	3.20690	0.31542	32.60509	0.50608	0.03448	-1.00000	-1.00000
26225	Gandy	Leland_Harris	un	11675299	61	0.482758621	0.45161	0.03880	5.25593	0.34523	0.01880	-1.00000	-1.00000
26227	Gandy	Leland_Harris	un	11677034	208	0.118181818	4.46154	0.46819	42.51565	0.64948	0.05660	-1.00000	-1.00000
26236	Gandy	Leland_Harris	un	11681720	70	0.000000051	38.33333	8.22343	178.68991	1.58358	0.51282	-1.00000	-1.00000
26242	Gandy	Leland_Harris	un	11683295	32	0.081888074	4.42105	0.82166	23.78820	0.64553	0.06460	-1.00000	-1.00000
26252	Gandy	Leland_Harris	un	11688022	86	1.000000000	0.90476	0.22619	3.61898	0.04347	0.00040	-1.00000	-1.00000
26253	Gandy	Leland_Harris	un	11688770	22	0.001501515	0.07280	0.00852	0.62214	1.13789	0.18729	-1.00000	-1.00000
26256	Gandy	Leland_Harris	un	11690314	102	0.557317091	0.62222	0.19451	1.99048	0.20605	0.01287	-1.00000	-1.00000
26257	Gandy	Leland_Harris	un	11691021	9	0.773708417	0.80000	0.25090	2.55080	0.09691	0.00285	-1.00000	-1.00000
26285	Gandy	Leland_Harris	un	11703010	29	0.481481481	0.44828	0.03837	5.23742	0.34845	0.02032	-1.00000	-1.00000
26297	Gandy	Leland_Harris	un	11707893	154	1.000000000	1.10000	0.24241	4.99161	0.04139	0.00031	-1.00000	-1.00000
26305	Gandy	Leland_Harris	un	11712353	39	0.000102468	11.25000	3.15599	40.10228	1.05115	0.28394	-1.00000	-1.00000
26307	Gandy	Leland_Harris	un	11713161	66	0.228675136	0.29032	0.02849	2.95801	0.53712	0.03827	-1.00000	-1.00000
26309	Gandy	Leland_Harris	un	11714123	205	0.245098039	0.30864	0.03010	3.16484	0.51055	0.04000	-1.00000	-1.00000
26322	Gandy	Leland_Harris	un	11719644	434	1.000000000	1.92857	0.16509	22.52900	0.28524	0.01752	-1.00000	-1.00000
26323	Gandy	Leland_Harris	un	11720120	101	0.001823555	7.36000	2.11112	25.65919	0.86688	0.20044	-1.00000	-1.00000
26331	Gandy	Leland_Harris	un	11724074	75	0.618181818	2.07692	0.17741	24.31412	0.31742	0.00629	-1.00000	-1.00000
26333	Gandy	Leland_Harris	un	11725884	201	1.000000000	1.92857	0.16509	22.52900	0.28524	0.01752	-1.00000	-1.00000
26337	Gandy	Leland_Harris	un	11727466	116	0.591992749	1.36601	0.45590	4.09300	0.13545	0.00556	-1.00000	-1.00000
26345	Gandy	Leland_Harris	un	11731550	128	0.000110472	0.04667	0.00548	0.39759	1.33099	0.29730	-1.00000	-1.00000
26346	Gandy	Leland_Harris	un	11732295	36	0.027829950	3.84615	1.18608	12.47208	0.58503	0.09769	-1.00000	-1.00000
26366	Gandy	Leland_Harris	un	11737119	86	0.000706867	0.06093	0.00710	0.52259	1.21516	0.21739	-1.00000	-1.00000
26373	Gandy	Leland_Harris	un	11740306	75	0.000000151	49.60000	5.82182	422.57568	1.69548	0.48077	-1.00000	-1.00000
26384	Gandy	Leland_Harris	un	11745723	55	0.117647059	0.22222	0.02321	2.12804	0.65321	0.06122	-1.00000	-1.00000
26404	Gandy	Leland_Harris	un	11755592	70	0.048259363	6.20000	0.67962	56.56101	0.79239	0.07937	-1.00000	-1.00000
26411	Gandy	Leland_Harris	un	11756433	28	0.017220725	0.11828	0.01329	1.05307	0.92709	0.11312	-1.00000	-1.00000
26424	Gandy	Leland_Harris	un	11759814	58	0.009307886	0.10599	0.01218	0.92241	0.97473	0.12363	-1.00000	-1.00000
26425	Gandy	Leland_Harris	un	11760704	101	0.000001053	33.00000	6.14165	177.31381	1.51851	0.44778	-1.00000	-1.00000
26429	Gandy	Leland_Harris	un	11763536	588	1.000000000	1.08000	0.06407	18.20505	0.03342	0.00005	-1.00000	-1.00000
26431	Gandy	Leland_Harris	un	11764748	100	0.000131101	19.84211	2.39444	164.42612	1.29759	0.24348	-1.00000	-1.00000
26435	Gandy	Leland_Harris	un	11766386	59	0.055746141	0.17241	0.01886	1.57593	0.76343	0.07692	-1.00000	-1.00000
26444	Gandy	Leland_Harris	un	11767165	34	0.491833031	0.33333	0.03272	3.39531	0.47712	0.03333	-1.00000	-1.00000
26447	Gandy	Leland_Harris	un	11768938	147	0.236897275	0.24074	0.02521	2.29910	0.61845	0.05462	-1.00000	-1.00000
26462	Gandy	Leland_Harris	un	11772821	37	0.106170599	4.76923	0.50143	45.36166	0.67845	0.05844	-1.00000	-1.00000
26471	Gandy	Leland_Harris	un	11777617	216	1.000000000	1.91667	0.16250	22.60740	0.28255	0.00550	-1.00000	-1.00000
26479	Gandy	Leland_Harris	un	11779703	29	0.741107202	0.72464	0.19174	2.73864	0.13988	0.00419	-1.00000	-1.00000
26483	Gandy	Leland_Harris	un	11781389	126	0.106170599	0.20968	0.02205	1.99431	0.67845	0.05844	-1.00000	-1.00000
26487	Gandy	Leland_Harris	un	11782810	94	0.000001820	25.55556	5.64584	115.67569	1.40749	0.43328	-1.00000	-1.00000
26495	Gandy	Leland_Harris	un	11785357	112	0.041396204	8.70000	0.97139	77.91955	0.93952	0.08864	-1.00000	-1.00000
26511	Gandy	Leland_Harris	un	11791191	23	0.001430583	6.90909	2.16017	22.09806	0.83942	0.19314	-1.00000	-1.00000
26528	Gandy	Leland_Harris	un	11798320	47	0.026092774	0.13978	0.01580	1.23690	0.85454	0.09091	-1.00000	-1.00000
26543	Gandy	Leland_Harris	un	11806204	80	0.000066824	0.04321	0.00509	0.36716	1.36442	0.30556	-1.00000	-1.00000
26548	Gandy	Leland_Harris	un	11808334	51	0.500000000	0.48387	0.04165	5.62086	0.31527	0.01695	-1.00000	-1.00000
26549	Gandy	Leland_Harris	un	11809132	42	0.005211412	0.08756	0.00998	0.76820	1.05771	0.15625	-1.00000	-1.00000
26573	Gandy	Leland_Harris	un	11817842	116	0.240259740	3.85714	0.40483	36.75010	0.58627	0.04906	-1.00000	-1.00000
26581	Gandy	Leland_Harris	un	11821429	431	1.000000000	0.85185	0.05042	14.39326	0.06964	0.00024	-1.00000	-1.00000
26591	Gandy	Leland_Harris	un	11827366	570	0.500000000	0.48000	0.04081	5.64636	0.31876	0.02128	-1.00000	-1.00000
26602	Gandy	Leland_Harris	un	11830706	443	0.245454545	3.22222	0.31567	32.89072	0.50816	0.03704	-1.00000	-1.00000
26604	Gandy	Leland_Harris	un	11831993	14	0.000000001	81.00000	9.43160	695.64008	1.90849	0.60404	-1.00000	-1.00000
26621	Gandy	Leland_Harris	un	11839205	33	0.227113906	0.28736	0.02808	2.94037	0.54158	0.04142	-1.00000	-1.00000
26645	Gandy	Leland_Harris	un	11847314	137	0.022958460	8.33333	0.94752	73.29038	0.92082	0.12587	-1.00000	-1.00000
26650	Gandy	Leland_Harris	un	11850023	439	0.500000000	0.48276	0.04141	5.62819	0.31627	0.01818	-1.00000	-1.00000
26659	Gandy	Leland_Harris	un	11853616	40	0.093795094	0.19355	0.02029	1.84594	0.71321	0.06531	-1.00000	-1.00000
26672	Gandy	Leland_Harris	un	11858134	144	0.014677695	0.16484	0.03986	0.68163	0.78295	0.13430	-1.00000	-1.00000
26677	Gandy	Leland_Harris	un	11861512	86	0.236897275	0.24074	0.02521	2.29910	0.61845	0.05462	-1.00000	-1.00000
26679	Gandy	Leland_Harris	un	11863106	39	0.500000000	0.48276	0.04141	5.62819	0.31627	0.01818	-1.00000	-1.00000
26680	Gandy	Leland_Harris	un	11863951	116	1.000000000	0.90476	0.22619	3.61898	0.04347	0.00040	-1.00000	-1.00000
26684	Gandy	Leland_Harris	un	11865487	151	0.491264850	0.33333	0.03259	3.40968	0.47712	0.03571	-1.00000	-1.00000
26688	Gandy	Leland_Harris	un	11866967	33	0.118644068	0.22581	0.02380	2.14269	0.64626	0.05263	-1.00000	-1.00000
26715	Gandy	Leland_Harris	un	11877892	268	1.000000000	0.56000	0.04783	6.55691	0.25181	0.01681	-1.00000	-1.00000
26726	Gandy	Leland_Harris	un	11880438	405	0.493212670	0.36000	0.03511	3.69147	0.44370	0.03429	-1.00000	-1.00000
26731	Gandy	Leland_Harris	un	11880955	55	0.046139818	0.15556	0.01687	1.43442	0.80811	0.09420	-1.00000	-1.00000
26749	Gandy	Leland_Harris	un	11886748	70	0.005105438	10.54545	1.22656	90.66576	1.02307	0.14286	-1.00000	-1.00000
26751	Gandy	Leland_Harris	un	11887852	411	0.464285714	0.41935	0.03596	4.89101	0.37742	0.02098	-1.00000	-1.00000
26753	Gandy	Leland_Harris	un	11889085	35	0.245762712	3.20690	0.31542	32.60509	0.50608	0.03448	-1.00000	-1.00000
26759	Gandy	Leland_Harris	un	11892992	16	0.228675136	0.29032	0.02849	2.95801	0.53712	0.03827	-1.00000	-1.00000
26781	Gandy	Leland_Harris	un	11903510	18	0.335598247	0.45833	0.12093	1.73714	0.33882	0.02333	-1.00000	-1.00000
26791	Gandy	Leland_Harris	un	11907812	158	0.211038961	3.72000	0.36422	37.99496	0.57054	0.04274	-1.00000	-1.00000
26792	Gandy	Leland_Harris	un	11908593	129	1.000000000	1.19048	0.21699	6.53130	0.07572	0.00078	-1.00000	-1.00000
26797	Gandy	Leland_Harris	un	11911021	123	0.048259363	6.20000	0.67962	56.56101	0.79239	0.07937	-1.00000	-1.00000
26806	Gandy	Leland_Harris	un	11915642	128	0.000412429	0.05806	0.00686	0.49162	1.23609	0.22095	-1.00000	-1.00000
26811	Gandy	Leland_Harris	un	11918348	455	0.228675136	0.29032	0.02849	2.95801	0.53712	0.03827	-1.00000	-1.00000
26815	Gandy	Leland_Harris	un	11920461	268	1.000000000	0.55556	0.04765	6.47777	0.25527	0.01576	-1.00000	-1.00000
26847	Gandy	Leland_Harris	un	11935516	71	0.103593031	6.75000	0.75749	60.14915	0.82930	0.06351	-1.00000	-1.00000
26851	Gandy	Leland_Harris	un	11937057	35	0.777152592	0.77778	0.25358	2.38563	0.10914	0.00372	-1.00000	-1.00000
26864	Gandy	Leland_Harris	un	11942704	123	0.000046796	23.40000	2.78171	196.84299	1.36922	0.30000	-1.00000	-1.00000
26873	Gandy	Leland_Harris	un	11947560	268	0.051876516	6.75000	0.75749	60.14915	0.82930	0.09475	-1.00000	-1.00000
26878	Gandy	Leland_Harris	un	11951909	515	0.464285714	0.41935	0.03596	4.89101	0.37742	0.02098	-1.00000	-1.00000
26884	Gandy	Leland_Harris	un	11955416	61	0.245098039	0.30864	0.03010	3.16484	0.51055	0.04000	-1.00000	-1.00000
26900	Gandy	Leland_Harris	un	11962072	135	0.119168334	0.32000	0.08438	1.21350	0.49485	0.05881	-1.00000	-1.00000
26905	Gandy	Leland_Harris	un	11964271	123	0.000521867	0.05926	0.00693	0.50704	1.22724	0.23780	-1.00000	-1.00000
26914	Gandy	Leland_Harris	un	11968913	114	0.245762712	0.31183	0.03067	3.17041	0.50608	0.03448	-1.00000	-1.00000
26921	Gandy	Leland_Harris	un	11972625	11	1.000000000	1.04278	0.36073	3.01443	0.01819	0.00011	-1.00000	-1.00000
26923	Gandy	Leland_Harris	un	11973319	13	0.000005503	0.03226	0.00385	0.27001	1.49136	0.34884	-1.00000	-1.00000
26941	Gandy	Leland_Harris	un	11980430	149	0.500000000	0.48148	0.04113	5.63661	0.31742	0.01961	-1.00000	-1.00000
26947	Gandy	Leland_Harris	un	11983801	302	1.000000000	0.52000	0.04432	6.10163	0.28400	0.01884	-1.00000	-1.00000
26949	Gandy	Leland_Harris	un	11984311	23	0.000002290	32.57143	6.05342	175.25595	1.51284	0.44393	-1.00000	-1.00000
26950	Gandy	Leland_Harris	un	11985572	449	1.000000000	0.51852	0.04439	6.05718	0.28524	0.01752	-1.00000	-1.00000
26954	Gandy	Leland_Harris	un	11986905	219	0.500000000	2.07692	0.17741	24.31412	0.31742	0.01961	-1.00000	-1.00000
26979	Gandy	Leland_Harris	un	12000681	176	1.000000000	0.86207	0.05123	14.50627	0.06446	0.00019	-1.00000	-1.00000
26998	Gandy	Leland_Harris	un	12009793	390	1.000000000	0.56000	0.04783	6.55691	0.25181	0.01681	-1.00000	-1.00000
26999	Gandy	Leland_Harris	un	12010348	96	0.118644068	0.22581	0.02380	2.14269	0.64626	0.05263	-1.00000	-1.00000
27000	Gandy	Leland_Harris	un	12011055	16	0.000000004	72.50000	8.39845	625.85938	1.86034	0.58462	-1.00000	-1.00000
27002	Gandy	Leland_Harris	un	12012131	230	0.500000000	0.48387	0.04165	5.62086	0.31527	0.01695	-1.00000	-1.00000
27008	Gandy	Leland_Harris	un	12015198	103	0.008462141	5.83333	1.55557	21.87479	0.76592	0.14975	-1.00000	-1.00000
27024	Gandy	Leland_Harris	un	12021964	414	0.500000000	0.48276	0.04141	5.62819	0.31627	0.01818	-1.00000	-1.00000
27032	Gandy	Leland_Harris	un	12024015	152	0.009307886	9.43478	1.08411	82.10883	0.97473	0.12363	-1.00000	-1.00000
27035	Gandy	Leland_Harris	un	12026312	22	0.009307886	0.10599	0.01218	0.92241	0.97473	0.12363	-1.00000	-1.00000
27036	Gandy	Leland_Harris	un	12027381	146	0.009307886	0.10599	0.01218	0.92241	0.97473	0.12363	-1.00000	-1.00000
27045	Gandy	Leland_Harris	un	12032386	238	0.104821803	0.20690	0.02165	1.97698	0.68425	0.06335	-1.00000	-1.00000
27054	Gandy	Leland_Harris	un	12037179	466	1.000000000	1.00000	0.05920	16.89051	0.00000	0.00000	-1.00000	-1.00000
27055	Gandy	Leland_Harris	un	12037759	255	1.000000000	1.92857	0.16509	22.52900	0.28524	0.01752	-1.00000	-1.00000
27064	Gandy	Leland_Harris	un	12040904	28	0.491264850	0.33333	0.03259	3.40968	0.47712	0.03571	-1.00000	-1.00000
27065	Gandy	Leland_Harris	un	12041933	248	0.496855346	0.38667	0.03779	3.95656	0.41266	0.03077	-1.00000	-1.00000
27066	Gandy	Leland_Harris	un	12042653	149	0.011860352	0.11521	0.01328	0.99953	0.93852	0.11111	-1.00000	-1.00000
27068	Gandy	Leland_Harris	un	12044057	82	0.086150046	0.24000	0.05530	1.04154	0.61979	0.07623	-1.00000	-1.00000
27073	Gandy	Leland_Harris	un	12045702	99	0.704873373	0.55200	0.11842	2.57313	0.25806	0.01042	-1.00000	-1.00000
27086	Gandy	Leland_Harris	un	12049021	82	0.099586251	3.70588	0.86517	15.87377	0.56889	0.06693	-1.00000	-1.00000
27095	Gandy	Leland_Harris	un	12052310	265	1.000000000	0.51724	0.04445	6.01898	0.28631	0.01637	-1.00000	-1.00000
27103	Gandy	Leland_Harris	un	12056874	22	0.093795094	0.19355	0.02029	1.84594	0.71321	0.06531	-1.00000	-1.00000
27106	Gandy	Leland_Harris	un	12059371	84	0.491833031	0.33333	0.03272	3.39531	0.47712	0.03333	-1.00000	-1.00000
27108	Gandy	Leland_Harris	un	12060367	225	0.493506494	2.79310	0.27363	28.51051	0.44609	0.03210	-1.00000	-1.00000
27114	Gandy	Leland_Harris	un	12062498	31	1.000000000	0.52000	0.04432	6.10163	0.28400	0.01884	-1.00000	-1.00000
27115	Gandy	Leland_Harris	un	12063270	42	0.118181818	0.22414	0.02352	2.13589	0.64948	0.05660	-1.00000	-1.00000
27133	Gandy	Leland_Harris	un	12070722	58	0.027715237	0.11111	0.01267	0.97465	0.95424	0.09375	-1.00000	-1.00000
27136	Gandy	Leland_Harris	un	12073093	14	0.112852665	0.18621	0.02042	1.69763	0.73000	0.06914	-1.00000	-1.00000
27138	Gandy	Leland_Harris	un	12074459	13	0.058501001	0.17333	0.01946	1.54424	0.76112	0.08163	-1.00000	-1.00000
27148	Gandy	Leland_Harris	un	12076902	72	0.000080714	0.04598	0.00547	0.38665	1.33746	0.27549	-1.00000	-1.00000
27150	Gandy	Leland_Harris	un	12078000	371	0.481481481	0.44828	0.03837	5.23742	0.34845	0.02032	-1.00000	-1.00000
27159	Gandy	Leland_Harris	un	12082407	6	0.052549084	0.14943	0.01685	1.32480	0.82558	0.08805	-1.00000	-1.00000
27166	Gandy	Leland_Harris	un	12086416	44	0.005649847	0.12338	0.02453	0.62055	0.90877	0.13257	-1.00000	-1.00000
27168	Gandy	Leland_Harris	un	12087255	112	1.000000000	0.51724	0.04445	6.01898	0.28631	0.01637	-1.00000	-1.00000
27177	Gandy	Leland_Harris	un	12092082	107	0.112015456	0.18519	0.02022	1.69642	0.73239	0.07429	-1.00000	-1.00000
27188	Gandy	Leland_Harris	un	12096088	94	0.000123973	0.04702	0.00553	0.39964	1.32770	0.27778	-1.00000	-1.00000
27189	Gandy	Leland_Harris	un	12096761	31	0.026092774	7.15385	0.80847	63.30171	0.85454	0.09091	-1.00000	-1.00000
27190	Gandy	Leland_Harris	un	12097779	114	0.012198510	4.60000	1.42435	14.85592	0.66276	0.12727	-1.00000	-1.00000
27192	Gandy	Leland_Harris	un	12099593	343	0.500000000	2.07692	0.17741	24.31412	0.31742	0.01961	-1.00000	-1.00000
27202	Gandy	Leland_Harris	un	12103682	396	1.000000000	1.78571	0.15251	20.90852	0.25181	0.01681	-1.00000	-1.00000
27216	Gandy	Leland_Harris	un	12108978	47	1.000000000	0.52000	0.04432	6.10163	0.28400	0.01884	-1.00000	-1.00000
27241	Gandy	Leland_Harris	un	12117810	166	0.480000000	0.44444	0.03787	5.21605	0.35218	0.02211	-1.00000	-1.00000
27247	Gandy	Leland_Harris	un	12120136	11	0.037439970	3.26263	1.08888	9.77584	0.51357	0.08205	-1.00000	-1.00000
27248	Gandy	Leland_Harris	un	12121395	457	1.000000000	1.08696	0.06420	18.40268	0.03621	0.00007	-1.00000	-1.00000
27249	Gandy	Leland_Harris	un	12121769	30	0.000770342	0.06397	0.00761	0.53812	1.19400	0.21104	-1.00000	-1.00000
27251	Gandy	Leland_Harris	un	12123542	253	0.482758621	2.21429	0.19026	25.77014	0.34523	0.01880	-1.00000	-1.00000
27267	Gandy	Leland_Harris	un	12131396	43	1.000000000	0.51724	0.04445	6.01898	0.28631	0.01637	-1.00000	-1.00000
27275	Gandy	Leland_Harris	un	12135044	541	0.444444444	0.38710	0.03311	4.52610	0.41218	0.02358	-1.00000	-1.00000
27292	Gandy	Leland_Harris	un	12141822	86	1.000000000	0.76000	0.17702	3.26288	0.11919	0.00285	-1.00000	-1.00000
27306	Gandy	Leland_Harris	un	12150587	102	0.011860352	0.11521	0.01328	0.99953	0.93852	0.11111	-1.00000	-1.00000
27321	Gandy	Leland_Harris	un	12156917	157	1.000000000	0.60000	0.05134	7.01221	0.22185	0.01509	-1.00000	-1.00000
27330	Gandy	Leland_Harris	un	12160928	55	0.228675136	3.44444	0.33807	35.09441	0.53712	0.03827	-1.00000	-1.00000
27333	Gandy	Leland_Harris	un	12163876	442	0.461538462	2.41667	0.20633	28.30581	0.38322	0.02288	-1.00000	-1.00000
27336	Gandy	Leland_Harris	un	12165285	191	0.500000000	0.48000	0.04081	5.64636	0.31876	0.02128	-1.00000	-1.00000
27352	Gandy	Leland_Harris	un	12171525	20	0.671391171	2.00000	0.33649	11.88740	0.30103	0.01032	-1.00000	-1.00000
27356	Gandy	Leland_Harris	un	12173796	32	0.112015456	0.18519	0.02022	1.69642	0.73239	0.07429	-1.00000	-1.00000
27363	Gandy	Leland_Harris	un	12176076	70	0.026092774	0.13978	0.01580	1.23690	0.85454	0.09091	-1.00000	-1.00000
27364	Gandy	Leland_Harris	un	12176851	38	0.056199822	0.17419	0.01914	1.58503	0.75897	0.07143	-1.00000	-1.00000
27368	Gandy	Leland_Harris	un	12178731	375	0.227113906	0.28736	0.02808	2.94037	0.54158	0.04142	-1.00000	-1.00000
27378	Gandy	Leland_Harris	un	12183759	211	0.464285714	0.41935	0.03596	4.89101	0.37742	0.02098	-1.00000	-1.00000
27381	Gandy	Leland_Harris	un	12185278	156	0.007090887	10.33333	1.18301	90.25963	1.01424	0.13846	-1.00000	-1.00000
27389	Gandy	Leland_Harris	un	12188377	65	0.444444444	2.58333	0.22094	30.20541	0.41218	0.02358	-1.00000	-1.00000
27404	Gandy	Leland_Harris	un	12195075	410	1.000000000	0.56000	0.04783	6.55691	0.25181	0.01681	-1.00000	-1.00000
27413	Gandy	Leland_Harris	un	12197429	119	0.000655731	7.56250	2.40803	23.75030	0.87867	0.21778	-1.00000	-1.00000
27419	Gandy	Leland_Harris	un	12200578	41	0.009307886	0.10599	0.01218	0.92241	0.97473	0.12363	-1.00000	-1.00000
27420	Gandy	Leland_Harris	un	12201479	111	0.001099811	0.06810	0.00798	0.58084	1.16685	0.19231	-1.00000	-1.00000
27426	Gandy	Leland_Harris	un	12205490	139	0.112852665	0.18621	0.02042	1.69763	0.73000	0.06914	-1.00000	-1.00000
27427	Gandy	Leland_Harris	un	12206252	47	0.079722015	0.19643	0.03784	1.01980	0.70680	0.07200	-1.00000	-1.00000
27432	Gandy	Leland_Harris	un	12208679	270	0.500000000	2.07692	0.17741	24.31412	0.31742	0.01961	-1.00000	-1.00000
27434	Gandy	Leland_Harris	un	12210072	53	0.238703141	0.31667	0.05520	1.81650	0.49940	0.03580	-1.00000	-1.00000
27435	Gandy	Leland_Harris	un	12210861	83	1.000000000	0.96000	0.30600	3.01172	0.01773	0.00010	-1.00000	-1.00000
27439	Gandy	Leland_Harris	un	12212744	427	0.500000000	2.06667	0.17791	24.00734	0.31527	0.01695	-1.00000	-1.00000
27459	Gandy	Leland_Harris	un	12221245	29	0.048259363	0.16129	0.01768	1.47141	0.79239	0.07937	-1.00000	-1.00000
27482	Gandy	Leland_Harris	un	12228447	60	0.000018292	0.03908	0.00473	0.32265	1.40804	0.29697	-1.00000	-1.00000
27496	Gandy	Leland_Harris	un	12234991	153	0.025728988	0.13793	0.01551	1.22635	0.86034	0.09804	-1.00000	-1.00000
27503	Gandy	Leland_Harris	un	12238543	446	0.493212670	2.77778	0.27089	28.48358	0.44370	0.03429	-1.00000	-1.00000
27521	Gandy	Leland_Harris	un	12249167	53	0.026878837	0.10857	0.01229	0.95910	0.96428	0.10227	-1.00000	-1.00000
27526	Gandy	Leland_Harris	un	12251948	467	1.000000000	0.86207	0.05123	14.50627	0.06446	0.00019	-1.00000	-1.00000
27528	Gandy	Leland_Harris	un	12252295	31	1.000000000	1.26087	0.07475	21.26724	0.10067	0.00048	-1.00000	-1.00000
27529	Gandy	Leland_Harris	un	12253129	96	0.000081956	0.04399	0.00519	0.37311	1.35666	0.28409	-1.00000	-1.00000
27532	Gandy	Leland_Harris	un	12254732	97	0.000587549	16.11111	1.89908	136.68118	1.20713	0.21538	-1.00000	-1.00000
27541	Gandy	Leland_Harris	un	12260407	7	1.000000000	1.07692	0.21664	5.35342	0.03218	0.00015	-1.00000	-1.00000
27542	Gandy	Leland_Harris	un	12261148	16	0.228675136	3.44444	0.33807	35.09441	0.53712	0.03827	-1.00000	-1.00000
27543	Gandy	Leland_Harris	un	12261970	41	0.000001244	24.70000	5.84184	104.43452	1.39270	0.43766	-1.00000	-1.00000
27549	Gandy	Leland_Harris	un	12263883	401	0.228675136	0.29032	0.02849	2.95801	0.53712	0.03827	-1.00000	-1.00000
27565	Gandy	Leland_Harris	un	12270543	498	0.208144796	0.26437	0.02576	2.71292	0.57779	0.04667	-1.00000	-1.00000
27566	Gandy	Leland_Harris	un	12270907	151	0.118181818	0.22414	0.02352	2.13589	0.64948	0.05660	-1.00000	-1.00000
27574	Gandy	Leland_Harris	un	12275062	319	0.482758621	0.45161	0.03880	5.25593	0.34523	0.01880	-1.00000	-1.00000
27580	Gandy	Leland_Harris	un	12279325	426	0.464285714	0.41935	0.03596	4.89101	0.37742	0.02098	-1.00000	-1.00000
27594	Gandy	Leland_Harris	un	12286420	61	1.000000000	0.56000	0.04783	6.55691	0.25181	0.01681	-1.00000	-1.00000
27596	Gandy	Leland_Harris	un	12288324	399	1.000000000	0.52000	0.04432	6.10163	0.28400	0.01884	-1.00000	-1.00000
27600	Gandy	Leland_Harris	un	12290362	28	0.017220725	8.45455	0.94960	75.27277	0.92709	0.11312	-1.00000	-1.00000
27607	Gandy	Leland_Harris	un	12292827	102	0.002568646	15.63158	1.85831	131.48848	1.19400	0.16668	-1.00000	-1.00000
27608	Gandy	Leland_Harris	un	12293593	52	0.000058097	28.84615	3.41998	243.30547	1.46009	0.29606	-1.00000	-1.00000
27612	Gandy	Leland_Harris	un	12296023	100	0.048259363	0.16129	0.01768	1.47141	0.79239	0.07937	-1.00000	-1.00000
27614	Gandy	Leland_Harris	un	12297539	102	0.046042613	3.54545	1.09684	11.46043	0.54967	0.08932	-1.00000	-1.00000
27618	Gandy	Leland_Harris	un	12300806	44	0.047272578	6.30435	0.68765	57.79831	0.79964	0.08615	-1.00000	-1.00000
27619	Gandy	Leland_Harris	un	12301726	143	0.000221963	0.05329	0.00631	0.44975	1.27334	0.24476	-1.00000	-1.00000
27624	Gandy	Leland_Harris	un	12303186	19	0.016354234	8.70000	0.97139	77.91955	0.93952	0.12411	-1.00000	-1.00000
27634	Gandy	Leland_Harris	un	12305646	66	0.051876516	0.14815	0.01663	1.32015	0.82930	0.09475	-1.00000	-1.00000
27647	Gandy	Leland_Harris	un	12311622	168	0.225306122	0.28395	0.02761	2.92002	0.54676	0.04514	-1.00000	-1.00000
27649	Gandy	Leland_Harris	un	12313219	115	0.000000075	37.80000	8.09712	176.46283	1.57749	0.50865	-1.00000	-1.00000
27652	Gandy	Leland_Harris	un	12314839	58	0.612440191	0.33333	0.03259	3.40968	0.47712	0.01607	-1.00000	-1.00000
27658	Gandy	Leland_Harris	un	12318158	191	1.000000000	1.93333	0.16614	22.49763	0.28631	0.01637	-1.00000	-1.00000
27660	Gandy	Leland_Harris	un	12318822	118	0.023977923	8.12000	0.93407	70.58795	0.90956	0.10769	-1.00000	-1.00000
27662	Gandy	Leland_Harris	un	12320388	142	0.048259363	6.20000	0.67962	56.56101	0.79239	0.07937	-1.00000	-1.00000
27668	Gandy	Leland_Harris	un	12324433	99	0.749278237	0.79365	0.20875	3.01742	0.10037	0.00222	-1.00000	-1.00000
27683	Gandy	Leland_Harris	un	12329122	447	1.000000000	0.51852	0.04439	6.05718	0.28524	0.01752	-1.00000	-1.00000
27704	Gandy	Leland_Harris	un	12336065	13	0.104821803	0.20690	0.02165	1.97698	0.68425	0.06335	-1.00000	-1.00000
27706	Gandy	Leland_Harris	un	12337657	14	0.388402724	0.57488	0.17844	1.85206	0.24042	0.01551	-1.00000	-1.00000
27708	Gandy	Leland_Harris	un	12339520	207	0.192872117	0.24731	0.02414	2.53324	0.60676	0.04808	-1.00000	-1.00000
27710	Gandy	Leland_Harris	un	12340099	8	0.236897275	0.24074	0.02521	2.29910	0.61845	0.05462	-1.00000	-1.00000
27718	Gandy	Leland_Harris	un	12345862	121	0.033599894	7.38095	0.80374	67.78108	0.86811	0.10000	-1.00000	-1.00000
27719	Gandy	Leland_Harris	un	12346668	68	0.048259363	0.16129	0.01768	1.47141	0.79239	0.07937	-1.00000	-1.00000
27722	Gandy	Leland_Harris	un	12349761	600	0.461538462	0.41379	0.03533	4.84665	0.38322	0.02288	-1.00000	-1.00000
27723	Gandy	Leland_Harris	un	12350251	140	0.092293331	0.34615	0.10675	1.12249	0.46073	0.05970	-1.00000	-1.00000
27724	Gandy	Leland_Harris	un	12351007	21	0.777567761	1.19118	0.37328	3.80115	0.07598	0.00168	-1.00000	-1.00000
27733	Gandy	Leland_Harris	un	12355255	542	0.500000000	2.08333	0.17711	24.50678	0.31876	0.02128	-1.00000	-1.00000
27734	Gandy	Leland_Harris	un	12355647	124	0.001621509	0.07527	0.00886	0.63910	1.12338	0.17143	-1.00000	-1.00000
27740	Gandy	Leland_Harris	un	12358061	57	0.530380505	1.68000	0.46983	6.00729	0.22531	0.01192	-1.00000	-1.00000
27744	Gandy	Leland_Harris	un	12359696	74	0.000000041	54.00000	6.38237	456.88336	1.73239	0.50408	-1.00000	-1.00000
27747	Gandy	Leland_Harris	un	12362038	35	0.500000000	0.48000	0.04081	5.64636	0.31876	0.02128	-1.00000	-1.00000
27755	Gandy	Leland_Harris	un	12365384	89	0.491264850	0.33333	0.03259	3.40968	0.47712	0.03571	-1.00000	-1.00000
27756	Gandy	Leland_Harris	un	12366263	100	1.000000000	1.00000	0.12910	7.74582	0.00000	0.00000	-1.00000	-1.00000
27776	Gandy	Leland_Harris	un	12375873	113	0.491833031	0.33333	0.03272	3.39531	0.47712	0.03333	-1.00000	-1.00000
27777	Gandy	Leland_Harris	un	12376597	9	0.115317596	0.20000	0.02189	1.82743	0.69897	0.06667	-1.00000	-1.00000
27781	Gandy	Leland_Harris	un	12378443	204	0.481481481	0.44828	0.03837	5.23742	0.34845	0.02032	-1.00000	-1.00000
27789	Gandy	Leland_Harris	un	12382360	131	0.091583710	0.18966	0.01978	1.81808	0.72204	0.07143	-1.00000	-1.00000
27791	Gandy	Leland_Harris	un	12383033	14	0.000779619	0.06400	0.00746	0.54905	1.19382	0.23077	-1.00000	-1.00000
27797	Gandy	Leland_Harris	un	12386287	41	0.192872117	4.04348	0.39475	41.41771	0.60676	0.04808	-1.00000	-1.00000
27810	Gandy	Leland_Harris	un	12393609	151	0.493506494	0.35802	0.03507	3.65452	0.44609	0.03210	-1.00000	-1.00000
27811	Gandy	Leland_Harris	un	12394325	83	0.277058679	2.70000	0.60142	12.12139	0.43136	0.03153	-1.00000	-1.00000
27820	Gandy	Leland_Harris	un	12396767	28	0.615086172	2.77778	0.27089	28.48358	0.44370	0.01420	-1.00000	-1.00000
27827	Gandy	Leland_Harris	un	12399182	18	0.002836355	12.40000	1.43928	106.83144	1.09342	0.16484	-1.00000	-1.00000
27830	Gandy	Leland_Harris	un	12401552	53	0.339867219	0.50000	0.12821	1.94996	0.30103	0.01818	-1.00000	-1.00000
27837	Gandy	Leland_Harris	un	12403016	11	0.480000000	2.25000	0.19172	26.40626	0.35218	0.02211	-1.00000	-1.00000
27838	Gandy	Leland_Harris	un	12403860	55	0.000000002	74.25000	8.61646	639.82959	1.87070	0.59091	-1.00000	-1.00000
27840	Gandy	Leland_Harris	un	12405574	139	0.245098039	0.30864	0.03010	3.16484	0.51055	0.04000	-1.00000	-1.00000
27845	Gandy	Leland_Harris	un	12408490	104	1.000000000	0.51852	0.04439	6.05718	0.28524	0.01752	-1.00000	-1.00000
27849	Gandy	Leland_Harris	un	12410054	102	0.039250162	0.14483	0.01574	1.33255	0.83915	0.09722	-1.00000	-1.00000
27859	Gandy	Leland_Harris	un	12415845	33	0.002982544	6.00000	1.81478	19.83714	0.77815	0.17170	-1.00000	-1.00000
27866	Gandy	Leland_Harris	un	12419517	446	0.244680851	0.30667	0.02975	3.16133	0.51333	0.04348	-1.00000	-1.00000
27879	Gandy	Leland_Harris	un	12425795	405	0.493506494	0.35802	0.03507	3.65452	0.44609	0.03210	-1.00000	-1.00000
27904	Gandy	Leland_Harris	un	12433504	455	1.000000000	0.51724	0.04445	6.01898	0.28631	0.01637	-1.00000	-1.00000
27909	Gandy	Leland_Harris	un	12436468	307	0.500000000	2.07143	0.17768	24.14955	0.31627	0.01818	-1.00000	-1.00000
27921	Gandy	Leland_Harris	un	12442886	292	0.211038961	0.26882	0.02632	2.74562	0.57054	0.04274	-1.00000	-1.00000
27922	Gandy	Leland_Harris	un	12443474	75	0.000026633	31.15385	3.70346	262.06906	1.49351	0.30625	-1.00000	-1.00000
27927	Gandy	Leland_Harris	un	12445868	44	0.481481481	2.23077	0.19093	26.06312	0.34845	0.02032	-1.00000	-1.00000
27931	Gandy	Leland_Harris	un	12448534	248	0.245454545	3.22222	0.31567	32.89072	0.50816	0.03704	-1.00000	-1.00000
27933	Gandy	Leland_Harris	un	12450314	390	0.192872117	4.04348	0.39475	41.41771	0.60676	0.04808	-1.00000	-1.00000
27940	Gandy	Leland_Harris	un	12453703	445	0.500000000	2.06667	0.17791	24.00734	0.31527	0.01695	-1.00000	-1.00000
27943	Gandy	Leland_Harris	un	12455124	115	0.000977321	15.35294	1.78655	131.93742	1.18619	0.21212	-1.00000	-1.00000
27944	Gandy	Leland_Harris	un	12455823	90	0.004159798	0.14530	0.03603	0.58592	0.83774	0.14205	-1.00000	-1.00000
27947	Gandy	Leland_Harris	un	12457414	112	0.500000000	2.06667	0.17791	24.00734	0.31527	0.01695	-1.00000	-1.00000
27956	Gandy	Leland_Harris	un	12461168	525	1.000000000	1.66667	0.14261	19.47836	0.22185	0.01509	-1.00000	-1.00000
27958	Gandy	Leland_Harris	un	12461671	200	0.481481481	0.44828	0.03837	5.23742	0.34845	0.02032	-1.00000	-1.00000
27963	Gandy	Leland_Harris	un	12464845	190	0.117021277	0.22000	0.02284	2.11887	0.65758	0.06667	-1.00000	-1.00000
27966	Gandy	Leland_Harris	un	12466315	152	0.005107483	10.71429	1.25313	91.60759	1.02996	0.15584	-1.00000	-1.00000
27980	Gandy	Leland_Harris	un	12474431	310	1.000000000	0.51724	0.04445	6.01898	0.28631	0.01637	-1.00000	-1.00000
27988	Gandy	Leland_Harris	un	12476120	30	0.228675136	3.44444	0.33807	35.09441	0.53712	0.03827	-1.00000	-1.00000
27996	Gandy	Leland_Harris	un	12478216	476	0.482758621	2.21429	0.19026	25.77014	0.34523	0.01880	-1.00000	-1.00000
27999	Gandy	Leland_Harris	un	12479365	107	0.000368554	0.05956	0.00710	0.49986	1.22504	0.21739	-1.00000	-1.00000
28007	Gandy	Leland_Harris	un	12483878	428	0.482758621	2.21429	0.19026	25.77014	0.34523	0.01880	-1.00000	-1.00000
28013	Gandy	Leland_Harris	un	12485212	54	0.020168628	4.60000	1.33722	15.82382	0.66276	0.11607	-1.00000	-1.00000
28019	Gandy	Leland_Harris	un	12486785	115	0.055222089	0.17037	0.01854	1.56542	0.76861	0.08333	-1.00000	-1.00000
28026	Gandy	Leland_Harris	un	12488280	29	0.055222089	5.86957	0.63881	53.93145	0.76861	0.08333	-1.00000	-1.00000
28034	Gandy	Leland_Harris	un	12493435	325	1.000000000	0.52000	0.04432	6.10163	0.28400	0.01884	-1.00000	-1.00000
28039	Gandy	Leland_Harris	un	12495945	434	0.500000000	0.48000	0.04081	5.64636	0.31876	0.02128	-1.00000	-1.00000
28047	Gandy	Leland_Harris	un	12499505	103	1.000000000	1.04167	0.33204	3.26793	0.01773	0.00010	-1.00000	-1.00000
28057	Gandy	Leland_Harris	un	12504531	421	0.464285714	0.41935	0.03596	4.89101	0.37742	0.02098	-1.00000	-1.00000
28063	Gandy	Leland_Harris	un	12507985	10	0.464285714	2.38462	0.20446	27.81217	0.37742	0.02098	-1.00000	-1.00000
28068	Gandy	Leland_Harris	un	12511006	10	0.000191401	11.17143	3.02117	41.30882	1.04811	0.28575	-1.00000	-1.00000
28069	Gandy	Leland_Harris	un	12512111	320	0.500000000	0.48276	0.04141	5.62819	0.31627	0.01818	-1.00000	-1.00000
28071	Gandy	Leland_Harris	un	12512996	402	1.000000000	1.00000	0.05944	16.82259	0.00000	0.00000	-1.00000	-1.00000
28077	Gandy	Leland_Harris	un	12515431	477	0.461538462	0.41379	0.03533	4.84665	0.38322	0.02288	-1.00000	-1.00000
28081	Gandy	Leland_Harris	un	12517390	112	0.017220725	0.11828	0.01329	1.05307	0.92709	0.11312	-1.00000	-1.00000
28085	Gandy	Leland_Harris	un	12520155	448	0.493212670	2.77778	0.27089	28.48358	0.44370	0.03429	-1.00000	-1.00000
28088	Gandy	Leland_Harris	un	12521078	108	0.002817765	0.09091	0.01751	0.47204	1.04139	0.19841	-1.00000	-1.00000
28108	Gandy	Leland_Harris	un	12529754	151	0.221115190	3.68421	0.64649	20.99570	0.56634	0.04392	-1.00000	-1.00000
28116	Gandy	Leland_Harris	un	12532444	497	0.500000000	0.48148	0.04113	5.63661	0.31742	0.01961	-1.00000	-1.00000
28119	Gandy	Leland_Harris	un	12533646	185	1.000000000	0.60000	0.05134	7.01221	0.22185	0.01509	-1.00000	-1.00000
28121	Gandy	Leland_Harris	un	12535337	294	0.118181818	4.46154	0.46819	42.51565	0.64948	0.05660	-1.00000	-1.00000
28122	Gandy	Leland_Harris	un	12535980	108	0.014060277	4.44444	1.36558	14.46499	0.64782	0.12000	-1.00000	-1.00000
28126	Gandy	Leland_Harris	un	12538312	70	1.000000000	1.07407	0.06396	18.03732	0.03103	0.00004	-1.00000	-1.00000
28128	Gandy	Leland_Harris	un	12539588	450	1.000000000	0.51724	0.04445	6.01898	0.28631	0.01637	-1.00000	-1.00000
28130	Gandy	Leland_Harris	un	12540884	76	0.119168334	3.12500	0.82406	11.85060	0.49485	0.05881	-1.00000	-1.00000
28134	Gandy	Leland_Harris	un	12542606	117	0.048259363	0.16129	0.01768	1.47141	0.79239	0.07937	-1.00000	-1.00000
28136	Gandy	Leland_Harris	un	12544202	27	0.482758621	0.45161	0.03880	5.25593	0.34523	0.01880	-1.00000	-1.00000
28142	Gandy	Leland_Harris	un	12548091	42	0.118181818	0.22414	0.02352	2.13589	0.64948	0.05660	-1.00000	-1.00000
28143	Gandy	Leland_Harris	un	12549264	325	1.000000000	1.92857	0.16509	22.52900	0.28524	0.01752	-1.00000	-1.00000
28154	Gandy	Leland_Harris	un	12554331	547	1.000000000	1.92308	0.16389	22.56519	0.28400	0.01884	-1.00000	-1.00000
28158	Gandy	Leland_Harris	un	12556233	97	1.000000000	0.81818	0.12539	5.33893	0.08715	0.00082	-1.00000	-1.00000
28167	Gandy	Leland_Harris	un	12561325	428	1.000000000	0.52000	0.04432	6.10163	0.28400	0.00517	-1.00000	-1.00000
28175	Gandy	Leland_Harris	un	12565573	114	0.025310124	0.13580	0.01519	1.21416	0.86709	0.10638	-1.00000	-1.00000
28176	Gandy	Leland_Harris	un	12566259	15	0.245098039	0.30864	0.03010	3.16484	0.51055	0.04000	-1.00000	-1.00000
28192	Gandy	Leland_Harris	un	12570230	34	0.000000066	52.20000	6.15300	442.84708	1.71767	0.49480	-1.00000	-1.00000
28195	Gandy	Leland_Harris	un	12573113	464	0.481481481	0.44828	0.03837	5.23742	0.34845	0.02032	-1.00000	-1.00000
28211	Gandy	Leland_Harris	un	12578202	33	0.172943794	0.29348	0.06793	1.26785	0.53242	0.05543	-1.00000	-1.00000
28216	Gandy	Leland_Harris	un	12580617	157	0.500000000	0.48387	0.04165	5.62086	0.31527	0.01695	-1.00000	-1.00000
28217	Gandy	Leland_Harris	un	12581465	202	0.500000000	2.07143	0.17768	24.14955	0.31627	0.01818	-1.00000	-1.00000
28224	Gandy	Leland_Harris	un	12584631	102	0.000000002	81.00000	9.23409	710.51910	1.90849	0.62500	-1.00000	-1.00000
28227	Gandy	Leland_Harris	un	12587106	32	0.052549084	0.14943	0.01685	1.32480	0.82558	0.08805	-1.00000	-1.00000
28230	Gandy	Leland_Harris	un	12589647	88	0.255537441	0.30769	0.05656	1.67385	0.51188	0.03471	-1.00000	-1.00000
28232	Gandy	Leland_Harris	un	12591543	417	0.461538462	0.41379	0.03533	4.84665	0.38322	0.02288	-1.00000	-1.00000
28233	Gandy	Leland_Harris	un	12592002	69	0.020663105	0.15000	0.02920	0.77065	0.82391	0.11342	-1.00000	-1.00000
28250	Gandy	Leland_Harris	un	12602192	111	1.000000000	0.51724	0.04445	6.01898	0.28631	0.01637	-1.00000	-1.00000
28270	Gandy	Leland_Harris	un	12612628	75	0.275061667	1.95000	0.63886	5.95202	0.29003	0.02576	-1.00000	-1.00000
28275	Gandy	Leland_Harris	un	12615146	268	0.444444444	0.38710	0.03311	4.52610	0.41218	0.02358	-1.00000	-1.00000
28277	Gandy	Leland_Harris	un	12616448	125	0.060552443	0.25333	0.06024	1.06540	0.59631	0.06818	-1.00000	-1.00000
28287	Gandy	Leland_Harris	un	12619780	99	1.000000000	1.09357	0.36497	3.27667	0.03885	0.00046	-1.00000	-1.00000
28291	Gandy	Leland_Harris	un	12622506	287	0.118181818	4.46154	0.46819	42.51565	0.64948	0.05660	-1.00000	-1.00000
28293	Gandy	Leland_Harris	un	12623431	363	0.481481481	0.44828	0.03837	5.23742	0.34845	0.02032	-1.00000	-1.00000
28302	Gandy	Leland_Harris	un	12625592	58	0.000000000	351.00000	29.98258	4109.08643	2.54531	0.92593	-1.00000	-1.00000
28304	Gandy	Leland_Harris	un	12627196	26	0.000002290	32.57143	6.05342	175.25595	1.51284	0.44393	-1.00000	-1.00000
28306	Gandy	Leland_Harris	un	12628102	88	0.245283019	0.28000	0.02931	2.67453	0.55284	0.04706	-1.00000	-1.00000
28309	Gandy	Leland_Harris	un	12628889	13	0.500000000	0.48387	0.04165	5.62086	0.31527	0.01695	-1.00000	-1.00000
28312	Gandy	Leland_Harris	un	12631714	434	1.000000000	1.00000	0.05944	16.82259	0.00000	0.00000	-1.00000	-1.00000
28319	Gandy	Leland_Harris	un	12633997	298	0.491833031	0.33333	0.03272	3.39531	0.47712	0.03333	-1.00000	-1.00000
28321	Gandy	Leland_Harris	un	12635515	209	0.493506494	0.35802	0.03507	3.65452	0.44609	0.03210	-1.00000	-1.00000
28348	Gandy	Leland_Harris	un	12644857	397	0.245098039	0.30864	0.03010	3.16484	0.51055	0.04000	-1.00000	-1.00000
28350	Gandy	Leland_Harris	un	12645409	227	0.500000000	0.48276	0.04141	5.62819	0.31627	0.01818	-1.00000	-1.00000
28353	Gandy	Leland_Harris	un	12647975	451	0.493506494	2.79310	0.27363	28.51051	0.44609	0.03210	-1.00000	-1.00000
28362	Gandy	Leland_Harris	un	12653964	106	0.025728988	0.13793	0.01551	1.22635	0.86034	0.09804	-1.00000	-1.00000
28372	Gandy	Leland_Harris	un	12657925	359	0.618644068	0.48276	0.04141	5.62819	0.31627	0.00585	-1.00000	-1.00000
28377	Gandy	Leland_Harris	un	12659156	47	1.000000000	1.03704	0.33111	3.24798	0.01579	0.00007	-1.00000	-1.00000
28382	Gandy	Leland_Harris	un	12660895	154	0.112852665	0.18621	0.02042	1.69763	0.73000	0.06914	-1.00000	-1.00000
28384	Gandy	Leland_Harris	un	12662510	127	0.500000000	0.48387	0.04165	5.62086	0.31527	0.01695	-1.00000	-1.00000
28390	Gandy	Leland_Harris	un	12666339	67	0.676628011	1.55556	0.24078	10.04954	0.19189	0.00364	-1.00000	-1.00000
28412	Gandy	Leland_Harris	un	12673331	7	0.245454545	0.31034	0.03040	3.16783	0.50816	0.03704	-1.00000	-1.00000
28422	Gandy	Leland_Harris	un	12679265	332	1.000000000	1.80000	0.15437	20.98797	0.25527	0.01576	-1.00000	-1.00000
28438	Gandy	Leland_Harris	un	12687408	35	0.075451530	0.29545	0.08880	0.98302	0.52951	0.07639	-1.00000	-1.00000
28479	Gandy	Leland_Harris	un	12705674	109	0.159300682	0.17241	0.01792	1.65919	0.76343	0.05224	-1.00000	-1.00000
28492	Gandy	Leland_Harris	un	12710937	346	0.245762712	0.31183	0.03067	3.17041	0.50608	0.03448	-1.00000	-1.00000
28507	Gandy	Leland_Harris	un	12719909	273	1.000000000	0.93103	0.05544	15.63520	0.03103	0.00004	-1.00000	-1.00000
28526	Gandy	Leland_Harris	un	12727060	110	0.118644068	0.22581	0.02380	2.14269	0.64626	0.05263	-1.00000	-1.00000
28528	Gandy	Leland_Harris	un	12728700	59	1.000000000	1.78571	0.15251	20.90852	0.25181	0.01681	-1.00000	-1.00000
28531	Gandy	Leland_Harris	un	12729902	474	0.493212670	0.36000	0.03511	3.69147	0.44370	0.03429	-1.00000	-1.00000
28534	Gandy	Leland_Harris	un	12731784	78	1.000000000	1.00000	0.05920	16.89051	0.00000	0.00000	-1.00000	-1.00000
28560	Gandy	Leland_Harris	un	12739741	124	0.024018701	4.20000	1.23407	14.29416	0.62325	0.10364	-1.00000	-1.00000
28568	Gandy	Leland_Harris	un	12743037	272	0.500000000	0.48387	0.04165	5.62086	0.31527	0.01695	-1.00000	-1.00000
28569	Gandy	Leland_Harris	un	12744041	514	1.000000000	1.66667	0.14261	19.47836	0.22185	0.01509	-1.00000	-1.00000
28571	Gandy	Leland_Harris	un	12745335	115	0.003714274	11.60000	1.34375	100.13750	1.06446	0.16039	-1.00000	-1.00000
28578	Gandy	Leland_Harris	un	12748696	282	0.106170599	0.20968	0.02205	1.99431	0.67845	0.05844	-1.00000	-1.00000
28583	Gandy	Leland_Harris	un	12750901	75	0.038013065	4.12500	1.12193	15.16643	0.61542	0.09037	-1.00000	-1.00000
28590	Gandy	Leland_Harris	un	12753391	81	1.000000000	1.00000	0.18241	5.48219	0.00000	0.00000	-1.00000	-1.00000
28599	Gandy	Leland_Harris	un	12758239	78	0.774936099	1.35385	0.43887	4.17640	0.13157	0.00557	-1.00000	-1.00000
28614	Gandy	Leland_Harris	un	12765505	142	0.023206538	0.10345	0.01182	0.90538	0.98528	0.09858	-1.00000	-1.00000
28615	Gandy	Leland_Harris	un	12766284	90	0.000016379	0.03704	0.00441	0.31135	1.43136	0.33333	-1.00000	-1.00000
28617	Gandy	Leland_Harris	un	12767050	97	0.000006911	29.00000	3.48759	241.14066	1.46240	0.33333	-1.00000	-1.00000
28623	Gandy	Leland_Harris	un	12768693	127	0.005211412	0.08756	0.00998	0.76820	1.05771	0.15625	-1.00000	-1.00000
28637	Gandy	Leland_Harris	un	12773952	343	0.480000000	2.25000	0.19172	26.40626	0.35218	0.02211	-1.00000	-1.00000
28644	Gandy	Leland_Harris	un	12774722	178	0.480000000	2.25000	0.19172	26.40626	0.35218	0.02211	-1.00000	-1.00000
28657	Gandy	Leland_Harris	un	12783516	485	0.500000000	2.07143	0.17768	24.14955	0.31627	0.01818	-1.00000	-1.00000
28664	Gandy	Leland_Harris	un	12786885	31	0.014686208	0.08696	0.01022	0.73999	1.06070	0.12949	-1.00000	-1.00000
28670	Gandy	Leland_Harris	un	12790775	54	0.399120362	1.71429	0.54462	5.39600	0.23408	0.01709	-1.00000	-1.00000
28686	Gandy	Leland_Harris	un	12798885	151	0.710775906	1.38889	0.28088	6.86774	0.14267	0.00292	-1.00000	-1.00000
28688	Gandy	Leland_Harris	un	12800035	420	1.000000000	0.92593	0.05493	15.60790	0.03342	0.00005	-1.00000	-1.00000
28691	Gandy	Leland_Harris	un	12801566	367	0.461538462	0.41379	0.03533	4.84665	0.38322	0.02288	-1.00000	-1.00000
28699	Gandy	Leland_Harris	un	12805972	536	1.000000000	1.00000	0.05944	16.82259	0.00000	0.00000	-1.00000	-1.00000
28716	Gandy	Leland_Harris	un	12812852	50	1.000000000	0.51852	0.04439	6.05718	0.28524	0.01752	-1.00000	-1.00000
28718	Gandy	Leland_Harris	un	12813512	58	0.004127021	0.10606	0.02057	0.54682	0.97445	0.17710	-1.00000	-1.00000
28728	Gandy	Leland_Harris	un	12817680	430	0.500000000	2.08333	0.17711	24.50678	0.31876	0.02128	-1.00000	-1.00000
28731	Gandy	Leland_Harris	un	12819776	89	0.016354234	0.11494	0.01283	1.02946	0.93952	0.12411	-1.00000	-1.00000
28738	Gandy	Leland_Harris	un	12822228	113	0.245762712	3.20690	0.31542	32.60509	0.50608	0.03448	-1.00000	-1.00000
28748	Gandy	Leland_Harris	un	12825080	510	0.617021277	0.47826	0.04043	5.65781	0.32034	0.00741	-1.00000	-1.00000
28750	Gandy	Leland_Harris	un	12826205	140	0.020663105	6.66667	1.29761	34.25103	0.82391	0.11342	-1.00000	-1.00000
28756	Gandy	Leland_Harris	un	12827367	526	1.000000000	1.92308	0.16389	22.56519	0.28400	0.01884	-1.00000	-1.00000
28758	Gandy	Leland_Harris	un	12828803	320	0.025728988	7.25000	0.81543	64.45982	0.86034	0.09804	-1.00000	-1.00000
28759	Gandy	Leland_Harris	un	12829514	233	0.245454545	0.31034	0.03040	3.16783	0.50816	0.03704	-1.00000	-1.00000
28781	Gandy	Leland_Harris	un	12839347	362	0.500000000	0.48387	0.04165	5.62086	0.31527	0.01695	-1.00000	-1.00000
28782	Gandy	Leland_Harris	un	12839648	50	0.002836355	12.40000	1.43928	106.83144	1.09342	0.16484	-1.00000	-1.00000
28786	Gandy	Leland_Harris	un	12842483	446	0.500000000	2.07692	0.17741	24.31412	0.31742	0.01961	-1.00000	-1.00000
28797	Gandy	Leland_Harris	un	12848240	588	0.480000000	0.44444	0.03787	5.21605	0.35218	0.02211	-1.00000	-1.00000
28808	Gandy	Leland_Harris	un	12853283	17	0.088235034	3.14815	0.99110	9.99985	0.49806	0.07776	-1.00000	-1.00000
28812	Gandy	Leland_Harris	un	12855326	428	1.000000000	1.93333	0.16614	22.49763	0.28631	0.01637	-1.00000	-1.00000
28828	Gandy	Leland_Harris	un	12858751	40	0.000000003	99.00000	11.07302	885.12469	1.99564	0.58103	-1.00000	-1.00000
28831	Gandy	Leland_Harris	un	12861221	130	0.000018292	0.03908	0.00473	0.32265	1.40804	0.29697	-1.00000	-1.00000
28832	Gandy	Leland_Harris	un	12862004	157	0.114880414	0.20000	0.02178	1.83684	0.69897	0.07143	-1.00000	-1.00000
28840	Gandy	Leland_Harris	un	12867880	497	1.000000000	1.92308	0.16389	22.56519	0.28400	0.00517	-1.00000	-1.00000
28862	Gandy	Leland_Harris	un	12879044	317	1.000000000	0.86207	0.05123	14.50627	0.06446	0.00019	-1.00000	-1.00000
28873	Gandy	Leland_Harris	un	12882938	25	0.610508033	3.00000	0.29019	31.01467	0.47712	0.01843	-1.00000	-1.00000
28876	Gandy	Leland_Harris	un	12884684	121	1.000000000	1.17949	0.23845	5.83421	0.07169	0.00073	-1.00000	-1.00000
28877	Gandy	Leland_Harris	un	12885470	151	0.106170599	0.20968	0.02205	1.99431	0.67845	0.05844	-1.00000	-1.00000
28880	Gandy	Leland_Harris	un	12886033	14	0.056199822	0.17419	0.01914	1.58503	0.75897	0.07143	-1.00000	-1.00000
28900	Gandy	Leland_Harris	un	12897045	29	0.106170599	0.20968	0.02205	1.99431	0.67845	0.05844	-1.00000	-1.00000
28904	Gandy	Leland_Harris	un	12898788	61	1.000000000	1.00000	0.05965	16.76418	0.00000	0.00000	-1.00000	-1.00000
28933	Gandy	Leland_Harris	un	12912154	385	1.000000000	0.55556	0.04765	6.47777	0.25527	0.01576	-1.00000	-1.00000
28945	Gandy	Leland_Harris	un	12915985	92	0.000706867	16.41176	1.91356	140.75652	1.21516	0.21739	-1.00000	-1.00000
28957	Gandy	Leland_Harris	un	12920771	346	1.000000000	1.00000	0.05965	16.76418	0.00000	0.00000	-1.00000	-1.00000
28966	Gandy	Leland_Harris	un	12925261	53	0.605263158	0.44828	0.03837	5.23742	0.34845	0.00739	-1.00000	-1.00000
28967	Gandy	Leland_Harris	un	12926240	227	0.480000000	0.44444	0.03787	5.21605	0.35218	0.02211	-1.00000	-1.00000
28968	Gandy	Leland_Harris	un	12927263	469	0.500000000	2.07692	0.17741	24.31412	0.31742	0.01961	-1.00000	-1.00000
28970	Gandy	Leland_Harris	un	12928318	97	0.000190927	19.80000	2.32434	168.66753	1.29667	0.27083	-1.00000	-1.00000
28993	Gandy	Leland_Harris	un	12939387	143	0.009307886	0.10599	0.01218	0.92241	0.97473	0.12363	-1.00000	-1.00000
28994	Gandy	Leland_Harris	un	12940245	124	0.010708738	0.10345	0.01207	0.88640	0.98528	0.12810	-1.00000	-1.00000
28996	Gandy	Leland_Harris	un	12941353	434	1.000000000	0.52000	0.04432	6.10163	0.28400	0.01884	-1.00000	-1.00000
29006	Gandy	Leland_Harris	un	12945663	18	0.011603269	0.11330	0.01299	0.98798	0.94577	0.12000	-1.00000	-1.00000
29007	Gandy	Leland_Harris	un	12946570	138	0.000977321	0.06513	0.00758	0.55974	1.18619	0.21212	-1.00000	-1.00000
29008	Gandy	Leland_Harris	un	12947492	212	0.500000000	0.48276	0.04141	5.62819	0.31627	0.01818	-1.00000	-1.00000
29009	Gandy	Leland_Harris	un	12948350	265	0.500000000	0.48276	0.04141	5.62819	0.31627	0.01818	-1.00000	-1.00000
29028	Gandy	Leland_Harris	un	12956978	36	0.589502262	0.40741	0.03461	4.79552	0.38997	0.01037	-1.00000	-1.00000
29031	Gandy	Leland_Harris	un	12957820	82	0.001954280	13.77778	1.59130	119.29056	1.13918	0.18617	-1.00000	-1.00000
29037	Gandy	Leland_Harris	un	12961158	166	1.000000000	0.52000	0.04432	6.10163	0.28400	0.01884	-1.00000	-1.00000
29048	Gandy	Leland_Harris	un	12968322	50	0.001621509	0.07527	0.00886	0.63910	1.12338	0.17143	-1.00000	-1.00000
29049	Gandy	Leland_Harris	un	12969115	18	0.001886343	0.07407	0.00875	0.62673	1.13033	0.18571	-1.00000	-1.00000
29075	Gandy	Leland_Harris	un	12980829	153	0.000000109	46.50000	5.57532	387.82544	1.66745	0.44425	-1.00000	-1.00000
29076	Gandy	Leland_Harris	un	12981397	98	0.388011350	0.56000	0.17668	1.77500	0.25181	0.01883	-1.00000	-1.00000
29081	Gandy	Leland_Harris	un	12985394	92	0.000054482	22.17647	2.66115	184.80547	1.34589	0.27273	-1.00000	-1.00000
29092	Gandy	Leland_Harris	un	12990271	225	0.500000000	0.48000	0.04081	5.64636	0.31876	0.02128	-1.00000	-1.00000
29108	Gandy	Leland_Harris	un	12996653	84	0.001011425	9.72222	2.33983	40.39675	0.98777	0.21532	-1.00000	-1.00000
29109	Gandy	Leland_Harris	un	12997469	116	1.000000000	0.55556	0.04765	6.47777	0.25527	0.01576	-1.00000	-1.00000
29110	Gandy	Leland_Harris	un	12998460	323	0.464285714	2.38462	0.20446	27.81217	0.37742	0.02098	-1.00000	-1.00000
29114	Gandy	Leland_Harris	un	13001382	41	1.000000000	0.51724	0.04445	6.01898	0.28631	0.01637	-1.00000	-1.00000
29117	Gandy	Leland_Harris	un	13003259	150	0.000039161	14.39394	3.51727	58.90516	1.15818	0.29366	-1.00000	-1.00000
29120	Gandy	Leland_Harris	un	13003981	43	0.464285714	2.38462	0.20446	27.81217	0.37742	0.02098	-1.00000	-1.00000
29130	Gandy	Leland_Harris	un	13009661	86	0.500000000	2.06667	0.17791	24.00734	0.31527	0.01695	-1.00000	-1.00000
29135	Gandy	Leland_Harris	un	13012723	62	0.245762712	0.31183	0.03067	3.17041	0.50608	0.03448	-1.00000	-1.00000
29142	Gandy	Leland_Harris	un	13015952	130	0.052549084	0.14943	0.01685	1.32480	0.82558	0.08805	-1.00000	-1.00000
29154	Gandy	Leland_Harris	un	13022513	69	0.020799934	0.12644	0.01417	1.12790	0.89813	0.10989	-1.00000	-1.00000
29155	Gandy	Leland_Harris	un	13023441	151	0.002287531	0.08244	0.00975	0.69737	1.08388	0.15385	-1.00000	-1.00000
29161	Gandy	Leland_Harris	un	13027390	10	0.118644068	0.22581	0.02380	2.14269	0.64626	0.05263	-1.00000	-1.00000
29162	Gandy	Leland_Harris	un	13028257	42	0.000587549	0.06207	0.00732	0.52657	1.20713	0.21538	-1.00000	-1.00000
29181	Gandy	Leland_Harris	un	13036564	54	1.000000000	1.00000	0.34180	2.92571	0.00000	0.00000	-1.00000	-1.00000
29223	Gandy	Leland_Harris	un	13055886	31	0.236897275	0.24074	0.02521	2.29910	0.61845	0.05462	-1.00000	-1.00000
29229	Gandy	Leland_Harris	un	13058414	269	1.000000000	1.92857	0.16509	22.52900	0.28524	0.01752	-1.00000	-1.00000
29241	Gandy	Leland_Harris	un	13064671	86	0.000161937	10.36364	2.84421	37.76263	1.01551	0.25103	-1.00000	-1.00000
29242	Gandy	Leland_Harris	un	13065538	173	0.464285714	0.41935	0.03596	4.89101	0.37742	0.02098	-1.00000	-1.00000
29244	Gandy	Leland_Harris	un	13067054	51	0.500000000	2.06667	0.17791	24.00734	0.31527	0.01695	-1.00000	-1.00000
29250	Gandy	Leland_Harris	un	13068678	8	1.000000000	1.00000	0.25719	3.88813	0.00000	0.00000	-1.00000	-1.00000
29261	Gandy	Leland_Harris	un	13073873	42	0.026092774	0.13978	0.01580	1.23690	0.85454	0.09091	-1.00000	-1.00000
29280	Gandy	Leland_Harris	un	13081838	286	0.096822244	6.30435	0.68765	57.79831	0.79964	0.05679	-1.00000	-1.00000
29316	Gandy	Leland_Harris	un	13097143	136	0.482758621	0.45161	0.03880	5.25593	0.34523	0.01880	-1.00000	-1.00000
29330	Gandy	Leland_Harris	un	13100951	43	0.228675136	0.29032	0.02849	2.95801	0.53712	0.03827	-1.00000	-1.00000
29335	Gandy	Leland_Harris	un	13103650	338	0.111055145	5.43478	0.58997	50.06475	0.73518	0.08027	-1.00000	-1.00000
29336	Gandy	Leland_Harris	un	13104338	226	1.000000000	0.93103	0.05544	15.63520	0.03103	0.00004	-1.00000	-1.00000
29342	Gandy	Leland_Harris	un	13106557	16	0.500000000	0.48387	0.04165	5.62086	0.31527	0.01695	-1.00000	-1.00000
29356	Gandy	Leland_Harris	un	13112612	259	0.464285714	0.41935	0.03596	4.89101	0.37742	0.02098	-1.00000	-1.00000
29357	Gandy	Leland_Harris	un	13113602	471	0.610508033	3.00000	0.29019	31.01467	0.47712	0.01843	-1.00000	-1.00000
29361	Gandy	Leland_Harris	un	13115236	344	0.444444444	0.38710	0.03311	4.52610	0.41218	0.02358	-1.00000	-1.00000
29362	Gandy	Leland_Harris	un	13115860	162	0.500000000	0.48000	0.04081	5.64636	0.31876	0.02128	-1.00000	-1.00000
29363	Gandy	Leland_Harris	un	13116528	44	1.000000000	0.51724	0.04445	6.01898	0.28631	0.01637	-1.00000	-1.00000
29364	Gandy	Leland_Harris	un	13117314	56	0.537413681	1.53333	0.42159	5.57671	0.18564	0.00758	-1.00000	-1.00000
29370	Gandy	Leland_Harris	un	13119036	202	0.461538462	0.41379	0.03533	4.84665	0.38322	0.02288	-1.00000	-1.00000
29372	Gandy	Leland_Harris	un	13119656	21	0.000080714	21.75000	2.58629	182.91176	1.33746	0.27549	-1.00000	-1.00000
29375	Gandy	Leland_Harris	un	13122206	106	0.491833031	0.33333	0.03272	3.39531	0.47712	0.03333	-1.00000	-1.00000
29385	Gandy	Leland_Harris	un	13126426	395	1.000000000	0.51724	0.04445	6.01898	0.28631	0.01637	-1.00000	-1.00000
29391	Gandy	Leland_Harris	un	13128230	16	0.000001724	36.00000	4.27091	303.44849	1.55630	0.40541	-1.00000	-1.00000
29413	Gandy	Leland_Harris	un	13139464	350	1.000000000	1.93333	0.16614	22.49763	0.28631	0.01637	-1.00000	-1.00000
29419	Gandy	Leland_Harris	un	13140849	48	0.093795094	0.19355	0.02029	1.84594	0.71321	0.06531	-1.00000	-1.00000
29420	Gandy	Leland_Harris	un	13141899	225	0.500000000	0.48148	0.04113	5.63661	0.31742	0.01961	-1.00000	-1.00000
29432	Gandy	Leland_Harris	un	13148071	113	0.024822695	0.13333	0.01482	1.19995	0.87506	0.11628	-1.00000	-1.00000
29435	Gandy	Leland_Harris	un	13149978	405	0.461538462	0.41379	0.03533	4.84665	0.38322	0.02288	-1.00000	-1.00000
29447	Gandy	Leland_Harris	un	13155381	140	0.464285714	2.38462	0.20446	27.81217	0.37742	0.02098	-1.00000	-1.00000
29448	Gandy	Leland_Harris	un	13156593	488	1.000000000	1.92857	0.16509	22.52900	0.28524	0.01752	-1.00000	-1.00000
29460	Gandy	Leland_Harris	un	13160888	207	1.000000000	0.55556	0.04765	6.47777	0.25527	0.01576	-1.00000	-1.00000
29483	Gandy	Leland_Harris	un	13171757	436	0.117647059	0.22222	0.02321	2.12804	0.65321	0.06122	-1.00000	-1.00000
29492	Gandy	Leland_Harris	un	13176673	456	0.008914258	0.10345	0.01182	0.90538	0.98528	0.13462	-1.00000	-1.00000
29496	Gandy	Leland_Harris	un	13177054	33	0.407338590	1.75000	0.57603	5.31659	0.24304	0.01818	-1.00000	-1.00000
29499	Gandy	Leland_Harris	un	13177835	56	0.036055315	4.43860	1.07948	18.25051	0.64725	0.08376	-1.00000	-1.00000
29505	Gandy	Leland_Harris	un	13179924	526	0.444444444	0.38710	0.03311	4.52610	0.41218	0.02358	-1.00000	-1.00000
29507	Gandy	Leland_Harris	un	13180957	6	0.500000000	0.48148	0.04113	5.63661	0.31742	0.01961	-1.00000	-1.00000
29512	Gandy	Leland_Harris	un	13183530	120	0.003937952	0.08871	0.01034	0.76118	1.05203	0.14706	-1.00000	-1.00000
29519	Gandy	Leland_Harris	un	13186729	57	0.006588608	9.28571	1.78083	48.41814	0.96782	0.16687	-1.00000	-1.00000
29521	Gandy	Leland_Harris	un	13188594	196	1.000000000	1.92857	0.16509	22.52900	0.28524	0.01752	-1.00000	-1.00000
29523	Gandy	Leland_Harris	un	13189301	60	0.245454545	3.22222	0.31567	32.89072	0.50816	0.03704	-1.00000	-1.00000
29524	Gandy	Leland_Harris	un	13190507	421	0.004700643	11.11111	1.27451	96.86606	1.04576	0.17073	-1.00000	-1.00000
29540	Gandy	Leland_Harris	un	13198008	27	1.000000000	1.92857	0.16509	22.52900	0.28524	0.01752	-1.00000	-1.00000
29541	Gandy	Leland_Harris	un	13198833	31	0.048259363	0.16129	0.01768	1.47141	0.79239	0.07937	-1.00000	-1.00000
29547	Gandy	Leland_Harris	un	13201186	28	0.104821803	0.20690	0.02165	1.97698	0.68425	0.06335	-1.00000	-1.00000
29560	Gandy	Leland_Harris	un	13206219	170	1.000000000	0.52000	0.04432	6.10163	0.28400	0.01884	-1.00000	-1.00000
29563	Gandy	Leland_Harris	un	13207903	150	0.001949047	0.07556	0.00875	0.65250	1.12173	0.20000	-1.00000	-1.00000
29566	Gandy	Leland_Harris	un	13209952	517	0.500000000	2.08333	0.17711	24.50678	0.31876	0.02128	-1.00000	-1.00000
29594	Gandy	Leland_Harris	un	13223296	83	0.003796338	6.44000	1.82217	22.76054	0.80889	0.17559	-1.00000	-1.00000
29602	Gandy	Leland_Harris	un	13227113	37	0.583878637	1.46667	0.49460	4.34923	0.16633	0.00855	-1.00000	-1.00000
29604	Gandy	Leland_Harris	un	13228773	132	0.579100145	2.63636	0.22442	30.97045	0.42101	0.01176	-1.00000	-1.00000
29607	Gandy	Leland_Harris	un	13231175	22	0.106170599	4.76923	0.50143	45.36166	0.67845	0.05844	-1.00000	-1.00000
29610	Gandy	Leland_Harris	un	13232835	48	0.025310124	7.36364	0.82361	65.83572	0.86709	0.10638	-1.00000	-1.00000
29614	Gandy	Leland_Harris	un	13234748	260	0.500000000	0.48276	0.04141	5.62819	0.31627	0.01818	-1.00000	-1.00000
29615	Gandy	Leland_Harris	un	13235340	12	0.153677251	3.65217	0.68591	19.44625	0.56255	0.04511	-1.00000	-1.00000
29623	Gandy	Leland_Harris	un	13239427	61	0.481481481	2.23077	0.19093	26.06312	0.34845	0.02032	-1.00000	-1.00000
29628	Gandy	Leland_Harris	un	13241061	100	0.444444444	2.58333	0.22094	30.20541	0.41218	0.02358	-1.00000	-1.00000
29629	Gandy	Leland_Harris	un	13241823	18	0.000408930	8.86667	2.52238	31.16805	0.94776	0.23908	-1.00000	-1.00000
29641	Gandy	Leland_Harris	un	13247328	12	1.000000000	1.00000	0.25719	3.88813	0.00000	0.00000	-1.00000	-1.00000
29644	Gandy	Leland_Harris	un	13248524	365	0.444444444	0.38710	0.03311	4.52610	0.41218	0.02358	-1.00000	-1.00000
29647	Gandy	Leland_Harris	un	13249422	408	1.000000000	0.60000	0.05134	7.01221	0.22185	0.01509	-1.00000	-1.00000
29683	Gandy	Leland_Harris	un	13262038	82	0.000827301	15.19048	1.81826	126.90756	1.18157	0.19444	-1.00000	-1.00000
29686	Gandy	Leland_Harris	un	13263642	87	0.000000320	41.66667	4.98593	348.20227	1.61979	0.43429	-1.00000	-1.00000
29691	Gandy	Leland_Harris	un	13265068	163	0.208144796	0.26437	0.02576	2.71292	0.57779	0.04667	-1.00000	-1.00000
29697	Gandy	Leland_Harris	un	13267393	79	0.002287531	0.08244	0.00975	0.69737	1.08388	0.15385	-1.00000	-1.00000
29706	Gandy	Leland_Harris	un	13271665	389	0.482758621	0.45161	0.03880	5.25593	0.34523	0.01880	-1.00000	-1.00000
29712	Gandy	Leland_Harris	un	13275273	6	0.000013103	29.00000	3.42359	245.64850	1.46240	0.35000	-1.00000	-1.00000
29713	Gandy	Leland_Harris	un	13276382	314	0.004279824	11.84210	1.37884	101.70531	1.07343	0.17582	-1.00000	-1.00000
29718	Gandy	Leland_Harris	un	13278537	64	0.051876516	0.14815	0.01663	1.32015	0.82930	0.09475	-1.00000	-1.00000
29722	Gandy	Leland_Harris	un	13280216	22	0.482758621	2.21429	0.19026	25.77014	0.34523	0.01880	-1.00000	-1.00000
29735	Gandy	Leland_Harris	un	13284603	443	1.000000000	1.00000	0.05944	16.82259	0.00000	0.00000	-1.00000	-1.00000
29741	Gandy	Leland_Harris	un	13285878	73	1.000000000	1.00000	0.27898	3.58452	0.00000	0.00000	-1.00000	-1.00000
29762	Gandy	Leland_Harris	un	13294558	194	0.118644068	0.22581	0.02380	2.14269	0.64626	0.05263	-1.00000	-1.00000
29763	Gandy	Leland_Harris	un	13295236	75	0.002188045	0.08046	0.00946	0.68454	1.09442	0.16667	-1.00000	-1.00000
29764	Gandy	Leland_Harris	un	13295953	35	0.040703531	6.73913	0.73649	61.66531	0.82860	0.08876	-1.00000	-1.00000
29768	Gandy	Leland_Harris	un	13297656	84	0.000132004	13.35714	3.35381	53.19713	1.12571	0.31503	-1.00000	-1.00000
29771	Gandy	Leland_Harris	un	13299262	24	0.670207706	2.00000	0.33418	11.96965	0.30103	0.01099	-1.00000	-1.00000
29786	Gandy	Leland_Harris	un	13306626	197	0.493506494	0.35802	0.03507	3.65452	0.44609	0.03210	-1.00000	-1.00000
29803	Gandy	Leland_Harris	un	13310096	437	0.500000000	0.48387	0.04165	5.62086	0.31527	0.01695	-1.00000	-1.00000
29808	Gandy	Leland_Harris	un	13311286	34	0.000000020	55.20000	9.72051	313.46500	1.74194	0.55658	-1.00000	-1.00000
29812	Gandy	Leland_Harris	un	13314064	340	0.480000000	0.44444	0.03787	5.21605	0.35218	0.02211	-1.00000	-1.00000
29816	Gandy	Leland_Harris	un	13317105	136	0.001501515	13.73684	1.60737	117.39751	1.13789	0.18729	-1.00000	-1.00000
29835	Gandy	Leland_Harris	un	13325011	107	0.701408324	1.50000	0.30443	7.39077	0.17609	0.00432	-1.00000	-1.00000
29844	Gandy	Leland_Harris	un	13328920	47	0.007090887	10.33333	1.18301	90.25963	1.01424	0.13846	-1.00000	-1.00000
29854	Gandy	Leland_Harris	un	13333500	46	1.000000000	0.92593	0.05493	15.60790	0.03342	0.00005	-1.00000	-1.00000
29868	Gandy	Leland_Harris	un	13340763	34	1.000000000	0.55556	0.04765	6.47777	0.25527	0.01576	-1.00000	-1.00000
29875	Gandy	Leland_Harris	un	13345117	420	0.480000000	2.25000	0.19172	26.40626	0.35218	0.02211	-1.00000	-1.00000
29882	Gandy	Leland_Harris	un	13348867	19	0.000962505	7.72727	2.27313	26.26812	0.88803	0.20578	-1.00000	-1.00000
29886	Gandy	Leland_Harris	un	13350700	240	1.000000000	0.52000	0.04432	6.10163	0.28400	0.01884	-1.00000	-1.00000
29890	Gandy	Leland_Harris	un	13353143	155	1.000000000	0.51724	0.04445	6.01898	0.28631	0.01637	-1.00000	-1.00000
29903	Gandy	Leland_Harris	un	13358453	19	0.028444953	0.11330	0.01299	0.98798	0.94577	0.08654	-1.00000	-1.00000
29908	Gandy	Leland_Harris	un	13360592	504	0.500000000	0.48148	0.04113	5.63661	0.31742	0.01961	-1.00000	-1.00000
29913	Gandy	Leland_Harris	un	13361754	58	0.240259740	0.25926	0.02721	2.47017	0.58627	0.04906	-1.00000	-1.00000
29917	Gandy	Leland_Harris	un	13363252	107	0.395920867	1.69643	0.52509	5.48071	0.22954	0.01513	-1.00000	-1.00000
29923	Gandy	Leland_Harris	un	13364755	20	0.482758621	2.21429	0.19026	25.77014	0.34523	0.01880	-1.00000	-1.00000
29925	Gandy	Leland_Harris	un	13366446	40	0.500000000	0.48387	0.04165	5.62086	0.31527	0.01695	-1.00000	-1.00000
29927	Gandy	Leland_Harris	un	13368334	270	0.022958460	8.33333	0.94752	73.29038	0.92082	0.12587	-1.00000	-1.00000
29930	Gandy	Leland_Harris	un	13368935	29	0.239819005	0.26000	0.02716	2.48930	0.58503	0.05248	-1.00000	-1.00000
29943	Gandy	Leland_Harris	un	13373868	305	0.500000000	0.48276	0.04141	5.62819	0.31627	0.01818	-1.00000	-1.00000
29958	Gandy	Leland_Harris	un	13378478	119	0.245454545	0.31034	0.03040	3.16783	0.50816	0.03704	-1.00000	-1.00000
29962	Gandy	Leland_Harris	un	13379527	312	1.000000000	0.93103	0.05544	15.63520	0.03103	0.00004	-1.00000	-1.00000
29972	Gandy	Leland_Harris	un	13383413	23	0.245098039	3.24000	0.31597	33.22326	0.51055	0.04000	-1.00000	-1.00000
29974	Gandy	Leland_Harris	un	13385391	381	0.481481481	0.44828	0.03837	5.23742	0.34845	0.02032	-1.00000	-1.00000
29976	Gandy	Leland_Harris	un	13386368	464	0.481481481	0.44828	0.03837	5.23742	0.34845	0.02032	-1.00000	-1.00000
29981	Gandy	Leland_Harris	un	13390250	282	0.482758621	0.45161	0.03880	5.25593	0.34523	0.01880	-1.00000	-1.00000
29985	Gandy	Leland_Harris	un	13391729	157	0.228675136	0.29032	0.02849	2.95801	0.53712	0.03827	-1.00000	-1.00000
29990	Gandy	Leland_Harris	un	13395316	345	1.000000000	0.85185	0.05042	14.39326	0.06964	0.00024	-1.00000	-1.00000
29993	Gandy	Leland_Harris	un	13396673	144	0.001099811	0.06810	0.00798	0.58084	1.16685	0.19231	-1.00000	-1.00000
30001	Gandy	Leland_Harris	un	13398297	141	0.000000028	55.00000	6.50983	464.68204	1.74036	0.50909	-1.00000	-1.00000
30003	Gandy	Leland_Harris	un	13399035	128	0.228675136	0.29032	0.02849	2.95801	0.53712	0.03827	-1.00000	-1.00000
30005	Gandy	Leland_Harris	un	13400237	534	0.464285714	0.41935	0.03596	4.89101	0.37742	0.02098	-1.00000	-1.00000
30018	Gandy	Leland_Harris	un	13405554	68	0.500000000	0.48387	0.04165	5.62086	0.31527	0.01695	-1.00000	-1.00000
30019	Gandy	Leland_Harris	un	13406356	23	0.228675136	3.44444	0.33807	35.09441	0.53712	0.03827	-1.00000	-1.00000
30023	Gandy	Leland_Harris	un	13409123	354	1.000000000	0.60000	0.05134	7.01221	0.22185	0.01509	-1.00000	-1.00000
30024	Gandy	Leland_Harris	un	13409672	35	0.055222089	5.86957	0.63881	53.93145	0.76861	0.08333	-1.00000	-1.00000
30026	Gandy	Leland_Harris	un	13411326	76	0.236897275	0.24074	0.02521	2.29910	0.61845	0.05462	-1.00000	-1.00000
30038	Gandy	Leland_Harris	un	13417019	68	0.245762712	0.31183	0.03067	3.17041	0.50608	0.03448	-1.00000	-1.00000
30045	Gandy	Leland_Harris	un	13420205	13	0.000002955	41.72727	4.93302	352.96133	1.62042	0.37427	-1.00000	-1.00000
30049	Gandy	Leland_Harris	un	13423327	45	0.566153838	0.69591	0.21281	2.27569	0.15745	0.00694	-1.00000	-1.00000
30052	Gandy	Leland_Harris	un	13424896	34	0.618644068	0.48276	0.04141	5.62819	0.31627	0.00585	-1.00000	-1.00000
30055	Gandy	Leland_Harris	un	13426554	70	0.227113906	3.48000	0.34009	35.60907	0.54158	0.04142	-1.00000	-1.00000
30059	Gandy	Leland_Harris	un	13428355	251	1.000000000	1.78571	0.15251	20.90852	0.25181	0.01681	-1.00000	-1.00000
30060	Gandy	Leland_Harris	un	13428988	119	0.033599894	0.13548	0.01475	1.24418	0.86811	0.10000	-1.00000	-1.00000
30074	Gandy	Leland_Harris	un	13434198	424	1.000000000	1.08000	0.06407	18.20505	0.03342	0.00005	-1.00000	-1.00000
30077	Gandy	Leland_Harris	un	13436323	173	1.000000000	0.55556	0.04765	6.47777	0.25527	0.01576	-1.00000	-1.00000
30078	Gandy	Leland_Harris	un	13436961	29	0.000026077	0.03763	0.00445	0.31841	1.42441	0.31977	-1.00000	-1.00000
30085	Gandy	Leland_Harris	un	13439971	35	0.005271268	10.33333	1.20836	88.36581	1.01424	0.13208	-1.00000	-1.00000
30097	Gandy	Leland_Harris	un	13444556	6	0.118644068	0.22581	0.02380	2.14269	0.64626	0.05263	-1.00000	-1.00000
30101	Gandy	Leland_Harris	un	13446150	39	1.000000000	1.16000	0.06894	19.51963	0.06446	0.00019	-1.00000	-1.00000
30105	Gandy	Leland_Harris	un	13447901	142	0.500000000	0.48276	0.04141	5.62819	0.31627	0.01818	-1.00000	-1.00000
30108	Gandy	Leland_Harris	un	13448615	54	0.118644068	0.22581	0.02380	2.14269	0.64626	0.05263	-1.00000	-1.00000
30122	Gandy	Leland_Harris	un	13453600	157	0.056199822	5.74074	0.63090	52.23658	0.75897	0.07143	-1.00000	-1.00000
30129	Gandy	Leland_Harris	un	13456657	36	0.106170599	0.20968	0.02205	1.99431	0.67845	0.05844	-1.00000	-1.00000
30134	Gandy	Leland_Harris	un	13458487	275	0.104821803	0.20690	0.02165	1.97698	0.68425	0.06335	-1.00000	-1.00000
30139	Gandy	Leland_Harris	un	13460705	123	0.002616633	7.68182	2.04395	28.87069	0.88546	0.19086	-1.00000	-1.00000
30143	Gandy	Leland_Harris	un	13462266	59	0.022958460	0.12000	0.01364	1.05538	0.92082	0.12587	-1.00000	-1.00000
30149	Gandy	Leland_Harris	un	13465459	30	0.000094312	20.66667	2.47792	172.36687	1.31527	0.25076	-1.00000	-1.00000
30156	Gandy	Leland_Harris	un	13468877	33	0.000016379	27.00000	3.21179	226.97647	1.43136	0.33333	-1.00000	-1.00000
30166	Gandy	Leland_Harris	un	13473468	89	0.002351108	6.72000	1.91534	23.57726	0.82737	0.18587	-1.00000	-1.00000
30175	Gandy	Leland_Harris	un	13479094	51	0.040703531	6.73913	0.73649	61.66531	0.82860	0.08876	-1.00000	-1.00000
30177	Gandy	Leland_Harris	un	13479948	104	0.481481481	0.44828	0.03837	5.23742	0.34845	0.02032	-1.00000	-1.00000
30179	Gandy	Leland_Harris	un	13480926	280	1.000000000	0.51852	0.04439	6.05718	0.28524	0.01752	-1.00000	-1.00000
30192	Gandy	Leland_Harris	un	13485795	369	0.464285714	0.41935	0.03596	4.89101	0.37742	0.02098	-1.00000	-1.00000
30195	Gandy	Leland_Harris	un	13487954	25	0.103265306	0.20370	0.02120	1.95699	0.69100	0.06915	-1.00000	-1.00000
30207	Gandy	Leland_Harris	un	13492982	90	0.319803393	0.45238	0.11518	1.77674	0.34450	0.02458	-1.00000	-1.00000
30217	Gandy	Leland_Harris	un	13497827	96	0.033774193	4.66667	1.13574	19.17496	0.66901	0.09308	-1.00000	-1.00000
30221	Gandy	Leland_Harris	un	13499702	371	0.464285714	0.41935	0.03596	4.89101	0.37742	0.02098	-1.00000	-1.00000
30234	Gandy	Leland_Harris	un	13504228	19	0.749278237	0.79365	0.20875	3.01742	0.10037	0.00222	-1.00000	-1.00000
30245	Gandy	Leland_Harris	un	13509131	66	0.540730766	0.65714	0.18275	2.36296	0.18234	0.00694	-1.00000	-1.00000
30253	Gandy	Leland_Harris	un	13513255	70	0.112852665	0.18621	0.02042	1.69763	0.73000	0.06914	-1.00000	-1.00000
30257	Gandy	Leland_Harris	un	13514893	48	0.228675136	3.44444	0.33807	35.09441	0.53712	0.03827	-1.00000	-1.00000
30260	Gandy	Leland_Harris	un	13516922	400	1.000000000	0.92000	0.05434	15.57603	0.03621	0.00007	-1.00000	-1.00000
30264	Gandy	Leland_Harris	un	13518916	92	1.000000000	1.92857	0.16509	22.52900	0.28524	0.00488	-1.00000	-1.00000
30270	Gandy	Leland_Harris	un	13521149	11	0.211038961	0.26882	0.02632	2.74562	0.57054	0.04274	-1.00000	-1.00000
30297	Gandy	Leland_Harris	un	13532526	82	0.004127021	9.42857	1.82876	48.61110	0.97445	0.17710	-1.00000	-1.00000
30298	Gandy	Leland_Harris	un	13533329	112	0.500000000	0.48387	0.04165	5.62086	0.31527	0.01695	-1.00000	-1.00000
30299	Gandy	Leland_Harris	un	13534102	86	0.000023178	0.04147	0.00503	0.34219	1.38222	0.27660	-1.00000	-1.00000
30301	Gandy	Leland_Harris	un	13534891	34	0.000901086	8.02222	2.26480	28.41582	0.90429	0.22112	-1.00000	-1.00000
30303	Gandy	Leland_Harris	un	13536075	115	0.004675001	11.34783	1.33877	96.18756	1.05491	0.14933	-1.00000	-1.00000
30308	Gandy	Leland_Harris	un	13539659	538	0.211038961	0.26882	0.02632	2.74562	0.57054	0.04274	-1.00000	-1.00000
30311	Gandy	Leland_Harris	un	13540074	49	1.000000000	1.00000	0.33513	2.98391	0.00000	0.00000	-1.00000	-1.00000
30315	Gandy	Leland_Harris	un	13542840	281	0.461538462	0.41379	0.03533	4.84665	0.38322	0.02288	-1.00000	-1.00000
30323	Gandy	Leland_Harris	un	13548050	360	1.000000000	0.92593	0.05493	15.60790	0.03342	0.00005	-1.00000	-1.00000
30325	Gandy	Leland_Harris	un	13548745	225	1.000000000	1.78571	0.15251	20.90852	0.25181	0.01681	-1.00000	-1.00000
30334	Gandy	Leland_Harris	un	13551793	92	0.042043579	3.80000	1.08914	13.25813	0.57978	0.09216	-1.00000	-1.00000
30363	Gandy	Leland_Harris	un	13560415	382	1.000000000	0.51724	0.04445	6.01898	0.28631	0.01637	-1.00000	-1.00000
30366	Gandy	Leland_Harris	un	13562528	27	0.000001109	39.54546	4.65292	336.09937	1.59710	0.42982	-1.00000	-1.00000
30378	Gandy	Leland_Harris	un	13565204	270	0.106170599	4.76923	0.50143	45.36166	0.67845	0.05844	-1.00000	-1.00000
30381	Gandy	Leland_Harris	un	13566653	135	0.033599894	0.13548	0.01475	1.24418	0.86811	0.10000	-1.00000	-1.00000
30383	Gandy	Leland_Harris	un	13568301	141	0.000398507	16.23809	1.94757	135.38686	1.21054	0.20000	-1.00000	-1.00000
30384	Gandy	Leland_Harris	un	13568985	27	0.009307886	0.10599	0.01218	0.92241	0.97473	0.12363	-1.00000	-1.00000
30385	Gandy	Leland_Harris	un	13569811	94	0.500000000	0.48387	0.04165	5.62086	0.31527	0.01695	-1.00000	-1.00000
30387	Gandy	Leland_Harris	un	13570822	307	0.481481481	0.44828	0.03837	5.23742	0.34845	0.02032	-1.00000	-1.00000
30388	Gandy	Leland_Harris	un	13571456	144	0.012375487	6.11111	1.46519	25.48865	0.78612	0.12976	-1.00000	-1.00000
30395	Gandy	Leland_Harris	un	13575032	51	0.047272578	0.15862	0.01730	1.45424	0.79964	0.08615	-1.00000	-1.00000
30396	Gandy	Leland_Harris	un	13575961	181	0.245098039	0.30864	0.03010	3.16484	0.51055	0.04000	-1.00000	-1.00000
30397	Gandy	Leland_Harris	un	13576845	277	0.093795094	0.19355	0.02029	1.84594	0.71321	0.06531	-1.00000	-1.00000
30405	Gandy	Leland_Harris	un	13578964	46	0.676628011	1.55556	0.24078	10.04954	0.19189	0.00364	-1.00000	-1.00000
30437	Gandy	Leland_Harris	un	13585698	59	0.094023964	3.00000	0.96754	9.30190	0.47712	0.07143	-1.00000	-1.00000
30472	Gandy	Leland_Harris	un	13593381	28	0.048259363	0.16129	0.01768	1.47141	0.79239	0.07937	-1.00000	-1.00000
30517	Gandy	Leland_Harris	un	13606330	439	0.589502262	0.40741	0.03461	4.79552	0.38997	0.01037	-1.00000	-1.00000
30693	Gandy	Leland_Harris	un	13630248	65	0.000105070	27.00000	3.18017	229.23271	1.43136	0.28023	-1.00000	-1.00000
30717	Gandy	Leland_Harris	un	13635235	227	0.493212670	0.36000	0.03511	3.69147	0.44370	0.03429	-1.00000	-1.00000
30885	Gandy	Leland_Harris	un	13662459	497	1.000000000	1.78571	0.15251	20.90852	0.25181	0.01681	-1.00000	-1.00000
30904	Gandy	Leland_Harris	un	13665292	135	0.083117323	0.31818	0.09707	1.04295	0.49732	0.06868	-1.00000	-1.00000
30948	Gandy	Leland_Harris	un	13675556	63	0.000012389	28.84615	3.41998	243.30547	1.46009	0.35897	-1.00000	-1.00000
30989	Gandy	Leland_Harris	un	13685900	98	0.023977923	0.12315	0.01417	1.07058	0.90956	0.10769	-1.00000	-1.00000
31046	Gandy	Leland_Harris	un	13690534	91	0.002836355	12.40000	1.43928	106.83144	1.09342	0.16484	-1.00000	-1.00000
31056	Gandy	Leland_Harris	un	13693068	17	0.000081956	22.73333	2.68015	192.82645	1.35666	0.28409	-1.00000	-1.00000
31060	Gandy	Leland_Harris	un	13693875	17	0.001949047	0.07556	0.00875	0.65250	1.12173	0.20000	-1.00000	-1.00000
31097	Gandy	Leland_Harris	un	13701842	139	0.008914258	0.10345	0.01182	0.90538	0.98528	0.13462	-1.00000	-1.00000
31164	Gandy	Leland_Harris	un	13710372	59	0.245454545	0.31034	0.03040	3.16783	0.50816	0.03704	-1.00000	-1.00000
31177	Gandy	Leland_Harris	un	13711891	142	0.047272578	0.15862	0.01730	1.45424	0.79964	0.08615	-1.00000	-1.00000
31188	Gandy	Leland_Harris	un	13713807	427	0.245762712	0.31183	0.03067	3.17041	0.50608	0.03448	-1.00000	-1.00000
31202	Gandy	Leland_Harris	un	13715995	103	0.060552443	0.25333	0.06024	1.06540	0.59631	0.06818	-1.00000	-1.00000
31226	Gandy	Leland_Harris	un	13720794	7	0.000503984	10.81818	2.59453	45.10764	1.03415	0.24408	-1.00000	-1.00000
31235	Gandy	Leland_Harris	un	13725362	52	0.000221963	0.05329	0.00631	0.44975	1.27334	0.24476	-1.00000	-1.00000
31298	Gandy	Leland_Harris	un	13735070	445	0.464285714	0.41935	0.03596	4.89101	0.37742	0.02098	-1.00000	-1.00000
31339	Gandy	Leland_Harris	un	13742730	76	0.228675136	0.29032	0.02849	2.95801	0.53712	0.03827	-1.00000	-1.00000
31449	Gandy	Leland_Harris	un	13755209	59	0.000000002	77.50000	8.99548	667.69653	1.88930	0.59252	-1.00000	-1.00000
31476	Gandy	Leland_Harris	un	13761961	6	1.000000000	1.80000	0.15437	20.98797	0.25527	0.01576	-1.00000	-1.00000
31524	Gandy	Leland_Harris	un	13765284	34	0.245762712	0.31183	0.03067	3.17041	0.50608	0.03448	-1.00000	-1.00000
31592	Gandy	Leland_Harris	un	13775035	491	0.500000000	0.48000	0.04081	5.64636	0.31876	0.02128	-1.00000	-1.00000
31601	Gandy	Leland_Harris	un	13776993	32	0.000002091	36.81818	4.32211	313.63794	1.56606	0.42130	-1.00000	-1.00000
31604	Gandy	Leland_Harris	un	13777823	22	0.000911685	0.06897	0.00817	0.58216	1.16137	0.19149	-1.00000	-1.00000
31610	Gandy	Leland_Harris	un	13779419	88	0.000017296	26.86667	3.20762	225.03188	1.42921	0.31469	-1.00000	-1.00000
31621	Gandy	Leland_Harris	un	13782980	19	0.078818199	4.80000	0.91334	25.22604	0.68124	0.07213	-1.00000	-1.00000
31653	Gandy	Leland_Harris	un	13790584	497	1.000000000	1.92857	0.16509	22.52900	0.28524	0.01752	-1.00000	-1.00000
31688	Gandy	Leland_Harris	un	13795194	93	1.000000000	1.93333	0.16614	22.49763	0.28631	0.01637	-1.00000	-1.00000
31698	Gandy	Leland_Harris	un	13796830	27	0.464285714	0.41935	0.03596	4.89101	0.37742	0.02098	-1.00000	-1.00000
31729	Gandy	Leland_Harris	un	13805058	305	0.482758621	2.21429	0.19026	25.77014	0.34523	0.01880	-1.00000	-1.00000
31734	Gandy	Leland_Harris	un	13805696	143	0.496855346	2.58621	0.25274	26.46334	0.41266	0.03077	-1.00000	-1.00000
31737	Gandy	Leland_Harris	un	13806451	132	1.000000000	0.51724	0.04445	6.01898	0.28631	0.01637	-1.00000	-1.00000
31915	Gandy	Leland_Harris	un	13832605	63	0.000000002	72.33334	8.51892	614.17523	1.85934	0.56391	-1.00000	-1.00000
31935	Gandy	Leland_Harris	un	13836561	30	0.000000549	41.80000	7.25664	240.77800	1.62118	0.50970	-1.00000	-1.00000
32039	Gandy	Leland_Harris	un	13850448	16	0.482758621	0.45161	0.03880	5.25593	0.34523	0.01880	-1.00000	-1.00000
32172	Gandy	Leland_Harris	un	13867770	77	0.235918367	4.16667	0.43401	40.00140	0.61979	0.05892	-1.00000	-1.00000
32176	Gandy	Leland_Harris	un	13869549	399	0.482758621	0.45161	0.03880	5.25593	0.34523	0.01880	-1.00000	-1.00000
32184	Gandy	Leland_Harris	un	13870752	87	0.461538462	0.41379	0.03533	4.84665	0.38322	0.02288	-1.00000	-1.00000
32188	Gandy	Leland_Harris	un	13871539	43	0.003937952	11.27273	1.31375	96.72617	1.05203	0.14706	-1.00000	-1.00000
32197	Gandy	Leland_Harris	un	13874435	476	0.496855346	2.58621	0.25274	26.46334	0.41266	0.03077	-1.00000	-1.00000
32201	Gandy	Leland_Harris	un	13875407	101	0.000129646	26.83333	3.13976	229.32550	1.42867	0.29335	-1.00000	-1.00000
32203	Gandy	Leland_Harris	un	13876209	45	0.114156326	3.17647	0.83872	12.03019	0.50194	0.05645	-1.00000	-1.00000
32470	Gandy	Leland_Harris	un	13932914	319	0.228675136	0.29032	0.02849	2.95801	0.53712	0.03827	-1.00000	-1.00000
32512	Gandy	Leland_Harris	un	13936457	101	0.104821803	4.83333	0.50582	46.18450	0.68425	0.06335	-1.00000	-1.00000
32602	Gandy	Leland_Harris	un	13953962	82	0.112630812	3.31579	0.78048	14.08688	0.52059	0.05402	-1.00000	-1.00000
32612	Gandy	Leland_Harris	un	13954786	77	1.000000000	0.52000	0.04432	6.10163	0.28400	0.00517	-1.00000	-1.00000
32635	Gandy	Leland_Harris	un	13959877	124	0.000000016	61.22222	7.16369	523.21606	1.78691	0.53846	-1.00000	-1.00000
32707	Gandy	Leland_Harris	un	13971257	30	1.000000000	0.51724	0.04445	6.01898	0.28631	0.01637	-1.00000	-1.00000
32744	Gandy	Leland_Harris	un	13976215	104	0.016354234	0.11494	0.01283	1.02946	0.93952	0.12411	-1.00000	-1.00000
32750	Gandy	Leland_Harris	un	13977901	75	0.021448606	7.75000	0.87337	68.77064	0.88930	0.10108	-1.00000	-1.00000
32759	Gandy	Leland_Harris	un	13982013	132	0.290405663	0.40741	0.09128	1.81839	0.38997	0.02488	-1.00000	-1.00000
32863	Gandy	Leland_Harris	un	14001615	149	1.000000000	0.78571	0.10237	6.03051	0.10474	0.00100	-1.00000	-1.00000
32875	Gandy	Leland_Harris	un	14003994	228	1.000000000	0.86207	0.05123	14.50627	0.06446	0.00019	-1.00000	-1.00000
32876	Gandy	Leland_Harris	un	14004896	323	0.480000000	2.25000	0.19172	26.40626	0.35218	0.02211	-1.00000	-1.00000
32932	Gandy	Leland_Harris	un	14013319	335	1.000000000	1.07407	0.06396	18.03732	0.03103	0.00004	-1.00000	-1.00000
32959	Gandy	Leland_Harris	un	14018599	64	0.141726161	0.24675	0.04566	1.33344	0.60774	0.05844	-1.00000	-1.00000
32995	Gandy	Leland_Harris	un	14023601	385	1.000000000	0.85185	0.05042	14.39326	0.06964	0.00024	-1.00000	-1.00000
33074	Gandy	Leland_Harris	un	14043544	75	0.000002339	26.00000	5.11314	132.20831	1.41497	0.37578	-1.00000	-1.00000
33088	Gandy	Leland_Harris	un	14047764	361	0.496855346	2.58621	0.25274	26.46334	0.41266	0.03077	-1.00000	-1.00000
33137	Gandy	Leland_Harris	un	14054441	142	0.705803638	0.60000	0.12816	2.80903	0.22185	0.00790	-1.00000	-1.00000
33160	Gandy	Leland_Harris	un	14057755	408	1.000000000	0.52000	0.04432	6.10163	0.28400	0.01884	-1.00000	-1.00000
33194	Gandy	Leland_Harris	un	14063206	222	1.000000000	1.92308	0.16389	22.56519	0.28400	0.01884	-1.00000	-1.00000
33202	Gandy	Leland_Harris	un	14063823	467	1.000000000	1.78571	0.15251	20.90852	0.25181	0.01681	-1.00000	-1.00000
33245	Gandy	Leland_Harris	un	14068006	44	0.186526959	0.36000	0.08263	1.56840	0.44370	0.03478	-1.00000	-1.00000
33289	Gandy	Leland_Harris	un	14072635	88	0.114880414	0.20000	0.02178	1.83684	0.69897	0.07143	-1.00000	-1.00000
33316	Gandy	Leland_Harris	un	14078300	44	0.000648604	15.50000	1.83988	130.57936	1.19033	0.19679	-1.00000	-1.00000
33486	Gandy	Leland_Harris	un	14103083	84	0.000000604	42.27273	4.98376	358.56158	1.62606	0.43750	-1.00000	-1.00000
33492	Gandy	Leland_Harris	un	14104231	421	0.444444444	0.38710	0.03311	4.52610	0.41218	0.02358	-1.00000	-1.00000
33538	Gandy	Leland_Harris	un	14113593	395	0.500000000	0.48000	0.04081	5.64636	0.31876	0.02128	-1.00000	-1.00000
33554	Gandy	Leland_Harris	un	14118876	54	1.000000000	0.78571	0.10237	6.03051	0.10474	0.00100	-1.00000	-1.00000
33596	Gandy	Leland_Harris	un	14127205	155	0.228675136	0.29032	0.02849	2.95801	0.53712	0.03827	-1.00000	-1.00000
33611	Gandy	Leland_Harris	un	14130505	352	0.603773585	0.44444	0.03787	5.21605	0.35218	0.00808	-1.00000	-1.00000
33638	Gandy	Leland_Harris	un	14133472	95	0.114880414	5.00000	0.54441	45.92110	0.69897	0.07143	-1.00000	-1.00000
33700	Gandy	Leland_Harris	un	14142709	61	0.000000000	243.00000	23.75590	2485.65576	2.38561	0.86224	-1.00000	-1.00000
33729	Gandy	Leland_Harris	un	14148346	149	0.000005219	30.85714	3.70036	257.31656	1.48936	0.35714	-1.00000	-1.00000
33740	Gandy	Leland_Harris	un	14149733	58	0.225306122	3.52174	0.34246	36.21597	0.54676	0.04514	-1.00000	-1.00000
33760	Gandy	Leland_Harris	un	14152200	32	0.058501001	5.76923	0.64757	51.39860	0.76112	0.08163	-1.00000	-1.00000
33842	Gandy	Leland_Harris	un	14166632	39	0.732701591	0.76364	0.18013	3.23727	0.11711	0.00258	-1.00000	-1.00000
33860	Gandy	Leland_Harris	un	14170721	148	0.000073718	27.00000	3.21179	226.97647	1.43136	0.27480	-1.00000	-1.00000
33865	Gandy	Leland_Harris	un	14172552	449	0.500000000	2.07692	0.17741	24.31412	0.31742	0.01961	-1.00000	-1.00000
33867	Gandy	Leland_Harris	un	14172957	59	0.106170599	4.76923	0.50143	45.36166	0.67845	0.05844	-1.00000	-1.00000
33895	Gandy	Leland_Harris	un	14180206	298	0.500000000	0.48148	0.04113	5.63661	0.31742	0.01961	-1.00000	-1.00000
34027	Gandy	Leland_Harris	un	14188073	60	0.111055145	5.43478	0.58997	50.06475	0.73518	0.08027	-1.00000	-1.00000
34056	Gandy	Leland_Harris	un	14188930	68	0.420466059	0.38182	0.06665	2.18728	0.41814	0.02462	-1.00000	-1.00000
36518	Gandy	Leland_Harris	un	14302357	121	1.000000000	1.92308	0.16389	22.56519	0.28400	0.01884	-1.00000	-1.00000
36746	Gandy	Leland_Harris	un	14312798	142	0.118181818	4.46154	0.46819	42.51565	0.64948	0.05660	-1.00000	-1.00000
36876	Gandy	Leland_Harris	un	14319763	314	0.227113906	0.28736	0.02808	2.94037	0.54158	0.04142	-1.00000	-1.00000
36992	Gandy	Leland_Harris	un	14325345	91	0.002976568	17.40000	2.01065	150.57829	1.24055	0.19102	-1.00000	-1.00000
37030	Gandy	Leland_Harris	un	14327814	284	0.444444444	0.38710	0.03311	4.52610	0.41218	0.02358	-1.00000	-1.00000
38804	Gandy	Leland_Harris	un	14398287	327	0.661311333	1.71429	0.26089	11.26428	0.23408	0.00641	-1.00000	-1.00000
39180	Gandy	Leland_Harris	un	14408316	432	0.461538462	0.41379	0.03533	4.84665	0.38322	0.02288	-1.00000	-1.00000
43951	Gandy	Leland_Harris	un	14528239	9	0.728734675	1.63636	0.40710	6.57744	0.21388	0.00870	-1.00000	-1.00000
44660	Gandy	Leland_Harris	un	14539667	139	1.000000000	1.44000	0.22086	9.38858	0.15836	0.00271	-1.00000	-1.00000
50809	Gandy	Leland_Harris	un	14606743	20	1.000000000	0.90909	0.20034	4.12530	0.04139	0.00031	-1.00000	-1.00000
51443	Gandy	Leland_Harris	un	14614613	510	0.480000000	0.44444	0.03787	5.21605	0.35218	0.02211	-1.00000	-1.00000
52075	Gandy	Leland_Harris	un	14620097	493	0.481481481	0.44828	0.03837	5.23742	0.34845	0.02032	-1.00000	-1.00000
53322	Gandy	Leland_Harris	un	14631435	175	0.461538462	2.41667	0.20633	28.30581	0.38322	0.02288	-1.00000	-1.00000
54575	Gandy	Leland_Harris	un	14641619	243	0.480000000	0.44444	0.03787	5.21605	0.35218	0.02211	-1.00000	-1.00000
55471	Gandy	Leland_Harris	un	14647207	257	0.482758621	2.21429	0.19026	25.77014	0.34523	0.01880	-1.00000	-1.00000
55846	Gandy	Leland_Harris	un	14650422	93	1.000000000	0.97633	0.32702	2.91488	0.01040	0.00004	-1.00000	-1.00000
56588	Gandy	Leland_Harris	un	14659453	33	0.515351303	1.84211	0.50534	6.71500	0.26531	0.01554	-1.00000	-1.00000
56607	Gandy	Leland_Harris	un	14661172	61	1.000000000	1.92857	0.16509	22.52900	0.28524	0.01752	-1.00000	-1.00000
57389	Gandy	Leland_Harris	un	14674176	12	0.093795094	5.16667	0.54173	49.27621	0.71321	0.06531	-1.00000	-1.00000
57396	Gandy	Leland_Harris	un	14675438	470	0.500000000	2.07143	0.17768	24.14955	0.31627	0.01818	-1.00000	-1.00000
61268	Gandy	Leland_Harris	un	14698147	393	0.481481481	0.44828	0.03837	5.23742	0.34845	0.02032	-1.00000	-1.00000
62034	Gandy	Leland_Harris	un	14704811	456	0.245454545	0.31034	0.03040	3.16783	0.50816	0.03704	-1.00000	-1.00000
62979	Gandy	Leland_Harris	un	14710592	29	0.045648626	0.27778	0.08012	0.96306	0.55630	0.08235	-1.00000	-1.00000
63935	Gandy	Leland_Harris	un	14714691	105	0.514734577	1.81818	0.47401	6.97404	0.25964	0.01429	-1.00000	-1.00000
65971	Gandy	Leland_Harris	un	14723320	214	1.000000000	0.86207	0.05123	14.50627	0.06446	0.00019	-1.00000	-1.00000
66182	Gandy	Leland_Harris	un	14725590	29	0.675814751	0.64103	0.09864	4.16567	0.19312	0.00392	-1.00000	-1.00000
67515	Gandy	Leland_Harris	un	14737769	107	0.000901086	8.02222	2.26480	28.41582	0.90429	0.22112	-1.00000	-1.00000
67725	Gandy	Leland_Harris	un	14741827	23	1.000000000	1.00000	0.22381	4.46815	0.00000	0.00000	-1.00000	-1.00000
67738	Gandy	Leland_Harris	un	14742628	96	0.103593031	6.75000	0.75749	60.14915	0.82930	0.06351	-1.00000	-1.00000
67897	Gandy	Leland_Harris	un	14748329	327	0.192872117	0.24731	0.02414	2.53324	0.60676	0.04808	-1.00000	-1.00000
68184	Gandy	Leland_Harris	un	14753760	56	0.002423097	0.12000	0.02842	0.50664	0.92082	0.18687	-1.00000	-1.00000
68249	Gandy	Leland_Harris	un	14754884	334	0.211038961	0.26882	0.02632	2.74562	0.57054	0.04274	-1.00000	-1.00000
68366	Gandy	Leland_Harris	un	14759451	221	1.000000000	0.56000	0.04783	6.55691	0.25181	0.01681	-1.00000	-1.00000
69000	Gandy	Leland_Harris	un	14765048	100	1.000000000	1.00000	0.05944	16.82259	0.00000	0.00000	-1.00000	-1.00000
69291	Gandy	Leland_Harris	un	14767337	20	0.464285714	0.41935	0.03596	4.89101	0.37742	0.02098	-1.00000	-1.00000
70869	Gandy	Leland_Harris	un	14780417	39	0.259407352	2.11111	0.68426	6.51330	0.32451	0.03292	-1.00000	-1.00000
71377	Gandy	Leland_Harris	un	14785307	77	0.033599894	7.38095	0.80374	67.78108	0.86811	0.10000	-1.00000	-1.00000
71652	Gandy	Leland_Harris	un	14788032	155	0.667952287	0.45833	0.07627	2.75421	0.33882	0.01449	-1.00000	-1.00000
72937	Gandy	Leland_Harris	un	14802261	61	0.227113906	0.28736	0.02808	2.94037	0.54158	0.04142	-1.00000	-1.00000
73855	Gandy	Leland_Harris	un	14810341	420	0.444444444	0.38710	0.03311	4.52610	0.41218	0.02358	-1.00000	-1.00000
74639	Gandy	Leland_Harris	un	14816618	308	1.000000000	0.52000	0.04432	6.10163	0.28400	0.01884	-1.00000	-1.00000
74916	Gandy	Leland_Harris	un	14817634	502	1.000000000	0.56000	0.04783	6.55691	0.25181	0.01681	-1.00000	-1.00000
75551	Gandy	Leland_Harris	un	14821307	61	0.482758621	0.45161	0.03880	5.25593	0.34523	0.01880	-1.00000	-1.00000
75572	Gandy	Leland_Harris	un	14822090	8	0.444444444	2.58333	0.22094	30.20541	0.41218	0.02358	-1.00000	-1.00000
76520	Gandy	Leland_Harris	un	14831759	315	0.493506494	0.35802	0.03507	3.65452	0.44609	0.03210	-1.00000	-1.00000
76733	Gandy	Leland_Harris	un	14834960	243	1.000000000	0.56000	0.04783	6.55691	0.25181	0.01681	-1.00000	-1.00000
76877	Gandy	Leland_Harris	un	14836312	105	0.000017296	0.03722	0.00444	0.31176	1.42921	0.31469	-1.00000	-1.00000
77008	Gandy	Leland_Harris	un	14839656	85	0.107960852	5.86957	0.63881	53.93145	0.76861	0.05333	-1.00000	-1.00000
77846	Gandy	Leland_Harris	un	14849404	332	0.225306122	0.28395	0.02761	2.92002	0.54676	0.04514	-1.00000	-1.00000
78451	Gandy	Leland_Harris	un	14854887	168	0.464285714	0.41935	0.03596	4.89101	0.37742	0.02098	-1.00000	-1.00000
79178	Gandy	Leland_Harris	un	14861256	73	0.000412429	17.22222	2.03411	145.81563	1.23609	0.22095	-1.00000	-1.00000
79875	Gandy	Leland_Harris	un	14866606	14	0.000057723	30.66667	3.61715	259.99576	1.48667	0.31697	-1.00000	-1.00000
82171	Gandy	Leland_Harris	un	14884215	111	0.060552443	0.25333	0.06024	1.06540	0.59631	0.06818	-1.00000	-1.00000
82538	Gandy	Leland_Harris	un	14886977	380	1.000000000	0.93103	0.05544	15.63520	0.03103	0.00004	-1.00000	-1.00000
82780	Gandy	Leland_Harris	un	14889016	34	0.236897275	0.24074	0.02521	2.29910	0.61845	0.05462	-1.00000	-1.00000
85393	Gandy	Leland_Harris	un	14905521	281	0.500000000	0.48148	0.04113	5.63661	0.31742	0.01961	-1.00000	-1.00000
86052	Gandy	Leland_Harris	un	14931829	539	0.500000000	2.07692	0.17741	24.31412	0.31742	0.01961	-1.00000	-1.00000
86161	Gandy	Leland_Harris	un	14936555	373	1.000000000	0.51852	0.04439	6.05718	0.28524	0.01752	-1.00000	-1.00000
86459	Gandy	Leland_Harris	un	14948681	158	0.225306122	3.52174	0.34246	36.21597	0.54676	0.04514	-1.00000	-1.00000
86496	Gandy	Leland_Harris	un	14951788	80	0.004675001	0.08812	0.01040	0.74695	1.05491	0.14933	-1.00000	-1.00000
86536	Gandy	Leland_Harris	un	14953270	8	0.423015975	1.77778	0.61683	5.12374	0.24988	0.02041	-1.00000	-1.00000
87927	Gandy	Leland_Harris	un	14985988	382	0.500000000	2.07143	0.17768	24.14955	0.31627	0.01818	-1.00000	-1.00000
88765	Gandy	Leland_Harris	un	14999068	217	0.480000000	0.44444	0.03787	5.21605	0.35218	0.02211	-1.00000	-1.00000
88946	Gandy	Leland_Harris	un	15006140	156	0.106170599	4.76923	0.50143	45.36166	0.67845	0.05844	-1.00000	-1.00000
88995	Gandy	Leland_Harris	un	15008877	359	0.055746141	5.80000	0.63455	53.01424	0.76343	0.07692	-1.00000	-1.00000
89077	Gandy	Leland_Harris	un	15011867	95	0.236897275	0.24074	0.02521	2.29910	0.61845	0.05462	-1.00000	-1.00000
89161	Gandy	Leland_Harris	un	15014333	81	0.654564513	1.82609	0.28079	11.87564	0.26152	0.00726	-1.00000	-1.00000
89228	Gandy	Leland_Harris	un	15017566	112	0.692765614	1.63636	0.33060	8.09947	0.21388	0.00659	-1.00000	-1.00000
89333	Gandy	Leland_Harris	un	15021559	131	1.000000000	1.00000	0.28390	3.52238	0.00000	0.00000	-1.00000	-1.00000
90721	Gandy	Leland_Harris	un	15035781	377	0.480000000	0.44444	0.03787	5.21605	0.35218	0.02211	-1.00000	-1.00000
90808	Gandy	Leland_Harris	un	15038486	131	0.500000000	2.07143	0.17768	24.14955	0.31627	0.01818	-1.00000	-1.00000
90847	Gandy	Leland_Harris	un	15040334	396	1.000000000	0.51724	0.04445	6.01898	0.28631	0.01637	-1.00000	-1.00000
91060	Gandy	Leland_Harris	un	15043987	35	0.363003806	0.50725	0.14634	1.75817	0.29478	0.02011	-1.00000	-1.00000
91500	Gandy	Leland_Harris	un	15051891	35	0.010050659	0.10000	0.01153	0.86750	1.00000	0.15027	-1.00000	-1.00000
91666	Gandy	Leland_Harris	un	15055114	20	0.464285714	0.41935	0.03596	4.89101	0.37742	0.02098	-1.00000	-1.00000
91829	Gandy	Leland_Harris	un	15057593	53	0.055746141	0.17241	0.01886	1.57593	0.76343	0.07692	-1.00000	-1.00000
92349	Gandy	Leland_Harris	un	15066561	196	0.480000000	0.44444	0.03787	5.21605	0.35218	0.02211	-1.00000	-1.00000
92358	Gandy	Leland_Harris	un	15067246	33	0.025310124	7.36364	0.82361	65.83572	0.86709	0.10638	-1.00000	-1.00000
92719	Gandy	Leland_Harris	un	15074638	178	0.192872117	0.24731	0.02414	2.53324	0.60676	0.04808	-1.00000	-1.00000
92847	Gandy	Leland_Harris	un	15077587	70	0.000648604	15.50000	1.83988	130.57936	1.19033	0.19679	-1.00000	-1.00000
92976	Gandy	Leland_Harris	un	15081015	308	0.482758621	0.45161	0.03880	5.25593	0.34523	0.01880	-1.00000	-1.00000
93032	Gandy	Leland_Harris	un	15081991	472	0.480000000	0.44444	0.03787	5.21605	0.35218	0.02211	-1.00000	-1.00000
93311	Gandy	Leland_Harris	un	15086565	328	0.496855346	0.38667	0.03779	3.95656	0.41266	0.03077	-1.00000	-1.00000
93836	Gandy	Leland_Harris	un	15089415	154	0.055222089	5.86957	0.63881	53.93145	0.76861	0.08333	-1.00000	-1.00000
93935	Gandy	Leland_Harris	un	15091035	149	0.482758621	0.45161	0.03880	5.25593	0.34523	0.01880	-1.00000	-1.00000
95273	Gandy	Leland_Harris	un	15098233	115	0.245098039	0.30864	0.03010	3.16484	0.51055	0.04000	-1.00000	-1.00000
96162	Gandy	Leland_Harris	un	15107211	225	0.491264850	3.00000	0.29328	30.68711	0.47712	0.03571	-1.00000	-1.00000
96547	Gandy	Leland_Harris	un	15111839	49	0.244680851	0.30667	0.02975	3.16133	0.51333	0.04348	-1.00000	-1.00000
96663	Gandy	Leland_Harris	un	15112640	25	0.002188045	12.42857	1.46083	105.74072	1.09442	0.16667	-1.00000	-1.00000
97437	Gandy	Leland_Harris	un	15119674	46	0.749033630	1.52000	0.42189	5.47627	0.18184	0.00794	-1.00000	-1.00000
101692	Gandy	Leland_Harris	un	15155359	411	1.000000000	0.52000	0.04432	6.10163	0.28400	0.01884	-1.00000	-1.00000
102345	Gandy	Leland_Harris	un	15160164	151	0.046139818	0.15556	0.01687	1.43442	0.80811	0.09420	-1.00000	-1.00000
103570	Gandy	Leland_Harris	un	15167659	487	1.000000000	1.78571	0.15251	20.90852	0.25181	0.01681	-1.00000	-1.00000
104339	Gandy	Leland_Harris	un	15178483	102	0.500000000	0.48387	0.04165	5.62086	0.31527	0.01695	-1.00000	-1.00000
105530	Gandy	Leland_Harris	un	15185771	58	0.000046796	0.04274	0.00508	0.35949	1.36922	0.30000	-1.00000	-1.00000
105543	Gandy	Leland_Harris	un	15186512	49	0.360144058	0.30667	0.02975	3.16133	0.51333	0.02083	-1.00000	-1.00000
106160	Gandy	Leland_Harris	un	15188023	83	0.001992140	0.07586	0.00902	0.63776	1.11998	0.17143	-1.00000	-1.00000
107302	Gandy	Leland_Harris	un	15191295	126	0.000521867	0.05926	0.00693	0.50704	1.22724	0.23780	-1.00000	-1.00000
107988	Gandy	Leland_Harris	un	15201833	204	1.000000000	1.93333	0.16614	22.49763	0.28631	0.01637	-1.00000	-1.00000
110157	Gandy	Leland_Harris	un	15215331	219	0.480000000	0.44444	0.03787	5.21605	0.35218	0.02211	-1.00000	-1.00000
110198	Gandy	Leland_Harris	un	15219421	233	0.482758621	0.45161	0.03880	5.25593	0.34523	0.01880	-1.00000	-1.00000
110437	Gandy	Leland_Harris	un	15223240	126	0.000049703	19.00000	3.73417	96.67467	1.27875	0.31429	-1.00000	-1.00000
110456	Gandy	Leland_Harris	un	15226090	434	0.464285714	0.41935	0.03596	4.89101	0.37742	0.02098	-1.00000	-1.00000
110467	Gandy	Leland_Harris	un	15226613	120	0.118181818	0.22414	0.02352	2.13589	0.64948	0.05660	-1.00000	-1.00000
115969	Gandy	Leland_Harris	un	15255076	232	0.464285714	0.41935	0.03596	4.89101	0.37742	0.02098	-1.00000	-1.00000
116737	Gandy	Leland_Harris	un	15263278	398	0.500000000	0.48148	0.04113	5.63661	0.31742	0.01961	-1.00000	-1.00000
117348	Gandy	Leland_Harris	un	15269345	80	0.000063297	31.90909	3.71161	274.32541	1.50391	0.32335	-1.00000	-1.00000
117552	Gandy	Leland_Harris	un	15271813	9	0.000000715	37.28571	4.50997	308.25555	1.57154	0.38699	-1.00000	-1.00000
117629	Gandy	Leland_Harris	un	15272697	99	0.493506494	0.35802	0.03507	3.65452	0.44609	0.03210	-1.00000	-1.00000
119823	Gandy	Leland_Harris	un	15290706	85	0.350846722	0.23913	0.02476	2.30992	0.62137	0.03490	-1.00000	-1.00000
120304	Gandy	Leland_Harris	un	15297807	95	0.048259363	0.16129	0.01768	1.47141	0.79239	0.07937	-1.00000	-1.00000
120423	Gandy	Leland_Harris	un	15298581	15	0.259118541	0.35000	0.06135	1.99666	0.45593	0.02857	-1.00000	-1.00000
120571	Gandy	Leland_Harris	un	15300168	20	0.056199822	0.17419	0.01914	1.58503	0.75897	0.07143	-1.00000	-1.00000
121045	Gandy	Leland_Harris	un	15304467	298	1.000000000	0.51724	0.04445	6.01898	0.28631	0.01637	-1.00000	-1.00000
122800	Gandy	Leland_Harris	un	15314127	252	0.500000000	2.06667	0.17791	24.00734	0.31527	0.01695	-1.00000	-1.00000
122879	Gandy	Leland_Harris	un	15315607	149	0.020060790	0.12346	0.01375	1.10819	0.90848	0.12037	-1.00000	-1.00000
122928	Gandy	Leland_Harris	un	15318794	27	0.000000002	81.00000	9.23409	710.51910	1.90849	0.62500	-1.00000	-1.00000
123003	Gandy	Leland_Harris	un	15321216	39	0.001756039	7.60000	2.07060	27.89534	0.88081	0.21340	-1.00000	-1.00000
123279	Gandy	Leland_Harris	un	15332644	191	1.000000000	0.51852	0.04439	6.05718	0.28524	0.01752	-1.00000	-1.00000
124526	Gandy	Leland_Harris	un	15345421	172	0.481481481	0.44828	0.03837	5.23742	0.34845	0.02032	-1.00000	-1.00000
125050	Gandy	Leland_Harris	un	15346913	15	0.000034113	0.04218	0.00507	0.35083	1.37486	0.27950	-1.00000	-1.00000
125742	Gandy	Leland_Harris	un	15352638	311	0.017220725	8.45455	0.94960	75.27277	0.92709	0.11312	-1.00000	-1.00000
126544	Gandy	Leland_Harris	un	15357894	65	0.236897275	0.24074	0.02521	2.29910	0.61845	0.05462	-1.00000	-1.00000
126607	Gandy	Leland_Harris	un	15358896	244	0.481481481	2.23077	0.19093	26.06312	0.34845	0.02032	-1.00000	-1.00000
127455	Gandy	Leland_Harris	un	15363615	128	0.000866767	8.14286	2.29420	28.90169	0.91078	0.23077	-1.00000	-1.00000
127612	Gandy	Leland_Harris	un	15365174	157	0.111055145	5.43478	0.58997	50.06475	0.73518	0.08027	-1.00000	-1.00000
127779	Gandy	Leland_Harris	un	15367152	440	0.480000000	0.44444	0.03787	5.21605	0.35218	0.02211	-1.00000	-1.00000
128190	Gandy	Leland_Harris	un	15375421	30	0.010405057	0.13333	0.02574	0.69061	0.87506	0.13333	-1.00000	-1.00000
128242	Gandy	Leland_Harris	un	15376434	262	0.464285714	0.41935	0.03596	4.89101	0.37742	0.02098	-1.00000	-1.00000
128635	Gandy	Leland_Harris	un	15385387	423	0.461538462	0.41379	0.03533	4.84665	0.38322	0.02288	-1.00000	-1.00000
128758	Gandy	Leland_Harris	un	15386657	51	1.000000000	1.00000	0.13002	7.69086	0.00000	0.00000	-1.00000	-1.00000
129266	Gandy	Leland_Harris	un	15401610	50	0.135408229	0.35885	0.10227	1.25921	0.44509	0.05290	-1.00000	-1.00000
129308	Gandy	Leland_Harris	un	15403204	56	0.186526959	2.77778	0.63759	12.10189	0.44370	0.03478	-1.00000	-1.00000
129372	Gandy	Leland_Harris	un	15404135	145	0.412557476	0.42308	0.07065	2.53363	0.37358	0.01717	-1.00000	-1.00000
129529	Gandy	Leland_Harris	un	15409037	112	0.093795094	5.16667	0.54173	49.27621	0.71321	0.06531	-1.00000	-1.00000
130334	Gandy	Leland_Harris	un	15413796	110	0.245454545	3.22222	0.31567	32.89072	0.50816	0.03704	-1.00000	-1.00000
130876	Gandy	Leland_Harris	un	15420139	133	0.208144796	0.26437	0.02576	2.71292	0.57779	0.04667	-1.00000	-1.00000
130883	Gandy	Leland_Harris	un	15420909	86	0.008914258	0.10345	0.01182	0.90538	0.98528	0.13462	-1.00000	-1.00000
131012	Gandy	Leland_Harris	un	15421664	67	0.025728988	0.13793	0.01551	1.22635	0.86034	0.09804	-1.00000	-1.00000
131088	Gandy	Leland_Harris	un	15422398	12	0.344497608	0.28736	0.02808	2.94037	0.54158	0.02119	-1.00000	-1.00000
132049	Gandy	Leland_Harris	un	15442713	200	1.000000000	0.92000	0.05434	15.57603	0.03621	0.00007	-1.00000	-1.00000
132140	Gandy	Leland_Harris	un	15443340	27	0.054527757	0.16049	0.01806	1.42614	0.79454	0.08497	-1.00000	-1.00000
132262	Gandy	Leland_Harris	un	15445251	308	1.000000000	1.26087	0.07475	21.26724	0.10067	0.00048	-1.00000	-1.00000
132358	Gandy	Leland_Harris	un	15448424	170	0.208144796	0.26437	0.02576	2.71292	0.57779	0.04667	-1.00000	-1.00000
132373	Gandy	Leland_Harris	un	15450178	331	0.482758621	0.45161	0.03880	5.25593	0.34523	0.01880	-1.00000	-1.00000
132374	Gandy	Leland_Harris	un	15450966	297	0.245454545	0.31034	0.03040	3.16783	0.50816	0.03704	-1.00000	-1.00000
132387	Gandy	Leland_Harris	un	15451757	332	0.500000000	0.48148	0.04113	5.63661	0.31742	0.01961	-1.00000	-1.00000
132534	Gandy	Leland_Harris	un	15456011	17	0.006567355	6.50000	1.71211	24.67719	0.81291	0.16730	-1.00000	-1.00000
132586	Gandy	Leland_Harris	un	15456813	13	0.049976781	3.51852	1.11921	11.06137	0.54636	0.09216	-1.00000	-1.00000
133499	Gandy	Leland_Harris	un	15465019	280	1.000000000	1.80000	0.15437	20.98797	0.25527	0.01576	-1.00000	-1.00000
133771	Gandy	Leland_Harris	un	15469469	50	0.004675001	0.08812	0.01040	0.74695	1.05491	0.14933	-1.00000	-1.00000
133804	Gandy	Leland_Harris	un	15470729	466	0.500000000	0.48276	0.04141	5.62819	0.31627	0.01818	-1.00000	-1.00000
133927	Gandy	Leland_Harris	un	15472777	154	0.151306629	0.28205	0.05163	1.54096	0.54967	0.04167	-1.00000	-1.00000
134116	Gandy	Leland_Harris	un	15474422	278	0.245098039	3.24000	0.31597	33.22326	0.51055	0.04000	-1.00000	-1.00000
135069	Gandy	Leland_Harris	un	15480931	273	1.000000000	0.56000	0.04783	6.55691	0.25181	0.01681	-1.00000	-1.00000
135117	Gandy	Leland_Harris	un	15484911	110	1.000000000	1.78571	0.15251	20.90852	0.25181	0.01681	-1.00000	-1.00000
135292	Gandy	Leland_Harris	un	15485664	81	0.142348115	2.62500	0.74818	9.20987	0.41913	0.04505	-1.00000	-1.00000
135903	Gandy	Leland_Harris	un	15490896	183	0.117647059	0.22222	0.02321	2.12804	0.65321	0.06122	-1.00000	-1.00000
136771	Gandy	Leland_Harris	un	15495975	82	0.500000000	2.07143	0.17768	24.14955	0.31627	0.01818	-1.00000	-1.00000
137525	Gandy	Leland_Harris	un	15499999	64	0.192872117	0.24731	0.02414	2.53324	0.60676	0.04808	-1.00000	-1.00000
137586	Gandy	Leland_Harris	un	15502170	153	0.091965616	0.35000	0.10600	1.15569	0.45593	0.05882	-1.00000	-1.00000
137952	Gandy	Leland_Harris	un	15506829	121	1.000000000	0.51852	0.04439	6.05718	0.28524	0.01752	-1.00000	-1.00000
138311	Gandy	Leland_Harris	un	15511811	198	0.245098039	3.24000	0.31597	33.22326	0.51055	0.04000	-1.00000	-1.00000
138883	Gandy	Leland_Harris	un	15514340	337	1.000000000	0.51724	0.04445	6.01898	0.28631	0.01637	-1.00000	-1.00000
140253	Gandy	Leland_Harris	un	15518105	24	0.000000035	60.75000	6.98673	528.22418	1.78355	0.55808	-1.00000	-1.00000
140367	Gandy	Leland_Harris	un	15518885	36	0.480000000	0.44444	0.03787	5.21605	0.35218	0.02211	-1.00000	-1.00000
140514	Gandy	Leland_Harris	un	15520688	306	0.192872117	0.24731	0.02414	2.53324	0.60676	0.04808	-1.00000	-1.00000
141931	Gandy	Leland_Harris	un	15529099	378	0.500000000	0.48276	0.04141	5.62819	0.31627	0.01818	-1.00000	-1.00000
143274	Gandy	Leland_Harris	un	15538123	519	0.461538462	0.41379	0.03533	4.84665	0.38322	0.02288	-1.00000	-1.00000
143840	Gandy	Leland_Harris	un	15542971	432	0.461538462	2.41667	0.20633	28.30581	0.38322	0.02288	-1.00000	-1.00000
144341	Gandy	Leland_Harris	un	15547035	352	0.500000000	0.48148	0.04113	5.63661	0.31742	0.01961	-1.00000	-1.00000
145847	Gandy	Leland_Harris	un	15559212	49	0.001185781	17.47059	2.06538	147.77966	1.24231	0.18939	-1.00000	-1.00000
146386	Gandy	Leland_Harris	un	15561450	23	0.192872117	4.04348	0.39475	41.41771	0.60676	0.04808	-1.00000	-1.00000
148197	Gandy	Leland_Harris	un	15568030	27	0.000007034	31.50000	3.70715	267.65814	1.49831	0.38063	-1.00000	-1.00000
148585	Gandy	Leland_Harris	un	15568907	146	0.661311333	1.71429	0.26089	11.26428	0.23408	0.00641	-1.00000	-1.00000
149619	Gandy	Leland_Harris	un	15570474	52	0.339557099	0.28000	0.02707	2.89628	0.55284	0.02540	-1.00000	-1.00000
152254	Gandy	Leland_Harris	un	15588845	33	0.000000009	67.50000	7.80148	584.02374	1.82930	0.57576	-1.00000	-1.00000
152386	Gandy	Leland_Harris	un	15590571	211	0.225306122	0.28395	0.02761	2.92002	0.54676	0.04514	-1.00000	-1.00000
152469	Gandy	Leland_Harris	un	15591229	86	0.118644068	4.42857	0.46670	42.02293	0.64626	0.05263	-1.00000	-1.00000
152472	Gandy	Leland_Harris	un	15592051	149	0.106625629	5.95238	0.64385	55.02943	0.77469	0.05797	-1.00000	-1.00000
153142	Gandy	Leland_Harris	un	15601356	102	0.239819005	3.84615	0.40172	36.82394	0.58503	0.05248	-1.00000	-1.00000
153758	Gandy	Leland_Harris	un	15608236	61	0.227113906	0.28736	0.02808	2.94037	0.54158	0.04142	-1.00000	-1.00000
154073	Gandy	Leland_Harris	un	15611422	32	1.000000000	0.91667	0.11877	7.07512	0.03779	0.00014	-1.00000	-1.00000
155442	Gandy	Leland_Harris	un	15622965	419	0.461538462	0.41379	0.03533	4.84665	0.38322	0.02288	-1.00000	-1.00000
156053	Gandy	Leland_Harris	un	15633637	142	0.007414335	0.11667	0.02229	0.61060	0.93305	0.15795	-1.00000	-1.00000
156054	Gandy	Leland_Harris	un	15634421	114	1.000000000	0.92857	0.12178	7.08007	0.03218	0.00009	-1.00000	-1.00000
156380	Gandy	Leland_Harris	un	15644143	6	0.245098039	0.30864	0.03010	3.16484	0.51055	0.04000	-1.00000	-1.00000
157066	Gandy	Leland_Harris	un	15656794	34	0.227113906	0.28736	0.02808	2.94037	0.54158	0.04142	-1.00000	-1.00000
157418	Gandy	Leland_Harris	un	15659586	347	1.000000000	1.92857	0.16509	22.52900	0.28524	0.01752	-1.00000	-1.00000
157619	Gandy	Leland_Harris	un	15663990	16	1.000000000	1.92857	0.16509	22.52900	0.28524	0.01752	-1.00000	-1.00000
157784	Gandy	Leland_Harris	un	15668213	427	0.444444444	0.38710	0.03311	4.52610	0.41218	0.02358	-1.00000	-1.00000
157794	Gandy	Leland_Harris	un	15668628	45	0.061344450	3.00000	0.97908	9.19233	0.47712	0.07033	-1.00000	-1.00000
157797	Gandy	Leland_Harris	un	15669436	41	0.000587549	16.11111	1.89908	136.68118	1.20713	0.21538	-1.00000	-1.00000
157832	Gandy	Leland_Harris	un	15672155	408	1.000000000	1.92857	0.16509	22.52900	0.28524	0.01752	-1.00000	-1.00000
159739	Gandy	Leland_Harris	un	15695701	17	0.103265306	4.90909	0.51099	47.16195	0.69100	0.06915	-1.00000	-1.00000
160256	Gandy	Leland_Harris	un	15703659	368	0.500000000	0.48276	0.04141	5.62819	0.31627	0.01818	-1.00000	-1.00000
160443	Gandy	Leland_Harris	un	15706514	15	0.000016379	0.03704	0.00441	0.31135	1.43136	0.33333	-1.00000	-1.00000
161618	Gandy	Leland_Harris	un	15724910	29	0.000047584	15.74074	3.71211	66.74664	1.19703	0.31998	-1.00000	-1.00000
161657	Gandy	Leland_Harris	un	15727355	109	0.500000000	2.06667	0.17791	24.00734	0.31527	0.01695	-1.00000	-1.00000
161758	Gandy	Leland_Harris	un	15730169	461	0.225306122	0.28395	0.02761	2.92002	0.54676	0.04514	-1.00000	-1.00000
161869	Gandy	Leland_Harris	un	15732067	20	0.000849276	0.06667	0.00784	0.56688	1.17609	0.20930	-1.00000	-1.00000
163107	Gandy	Leland_Harris	un	15740870	502	0.461538462	0.41379	0.03533	4.84665	0.38322	0.02288	-1.00000	-1.00000
163158	Gandy	Leland_Harris	un	15743329	455	0.500000000	0.48148	0.04113	5.63661	0.31742	0.01961	-1.00000	-1.00000
163255	Gandy	Leland_Harris	un	15745273	38	0.017220725	0.11828	0.01329	1.05307	0.92709	0.11312	-1.00000	-1.00000
163420	Gandy	Leland_Harris	un	15749258	113	0.778933640	1.30263	0.42680	3.97571	0.11482	0.00386	-1.00000	-1.00000
163642	Gandy	Leland_Harris	un	15754172	97	0.192872117	4.04348	0.39475	41.41771	0.60676	0.04808	-1.00000	-1.00000
163899	Gandy	Leland_Harris	un	15760137	218	0.500000000	2.07143	0.17768	24.14955	0.31627	0.01818	-1.00000	-1.00000
164841	Gandy	Leland_Harris	un	15771459	15	0.083117323	0.31818	0.09707	1.04295	0.49732	0.06868	-1.00000	-1.00000
165032	Gandy	Leland_Harris	un	15772312	25	0.008914258	9.66667	1.10451	84.60300	0.98528	0.13462	-1.00000	-1.00000
167214	Gandy	Leland_Harris	un	15789839	24	1.000000000	0.51724	0.04445	6.01898	0.28631	0.01637	-1.00000	-1.00000
167271	Gandy	Leland_Harris	un	15791725	299	0.192872117	0.24731	0.02414	2.53324	0.60676	0.04808	-1.00000	-1.00000
168714	Gandy	Leland_Harris	un	15801089	304	1.000000000	1.92857	0.16509	22.52900	0.28524	0.01752	-1.00000	-1.00000
169276	Gandy	Leland_Harris	un	15804939	153	0.051876516	6.75000	0.75749	60.14915	0.82930	0.09475	-1.00000	-1.00000
169463	Gandy	Leland_Harris	un	15808951	142	1.000000000	0.56000	0.04783	6.55691	0.25181	0.01681	-1.00000	-1.00000
169503	Gandy	Leland_Harris	un	15810771	327	0.482758621	0.45161	0.03880	5.25593	0.34523	0.01880	-1.00000	-1.00000
169506	Gandy	Leland_Harris	un	15811832	544	1.000000000	1.92308	0.16389	22.56519	0.28400	0.01884	-1.00000	-1.00000
169548	Gandy	Leland_Harris	un	15812156	138	0.500000000	0.48387	0.04165	5.62086	0.31527	0.01695	-1.00000	-1.00000
169565	Gandy	Leland_Harris	un	15813232	433	1.000000000	1.00000	0.05893	16.97048	0.00000	0.00000	-1.00000	-1.00000
169613	Gandy	Leland_Harris	un	15815080	18	0.236897275	4.15385	0.43495	39.66973	0.61845	0.05462	-1.00000	-1.00000
169926	Gandy	Leland_Harris	un	15823910	193	0.461538462	0.41379	0.03533	4.84665	0.38322	0.02288	-1.00000	-1.00000
170163	Gandy	Leland_Harris	un	15832075	519	0.245098039	3.24000	0.31597	33.22326	0.51055	0.04000	-1.00000	-1.00000
170230	Gandy	Leland_Harris	un	15835140	137	0.378305124	0.55556	0.16911	1.82507	0.25527	0.01823	-1.00000	-1.00000
170300	Gandy	Leland_Harris	un	15840821	396	0.480000000	2.25000	0.19172	26.40626	0.35218	0.02211	-1.00000	-1.00000
170523	Gandy	Leland_Harris	un	15842836	352	0.480000000	0.44444	0.03787	5.21605	0.35218	0.02211	-1.00000	-1.00000
170685	Gandy	Leland_Harris	un	15848660	88	0.013439958	9.30000	1.04041	83.13105	0.96848	0.12755	-1.00000	-1.00000
170787	Gandy	Leland_Harris	un	15851168	151	0.141726161	0.24675	0.04566	1.33344	0.60774	0.05844	-1.00000	-1.00000
170959	Gandy	Leland_Harris	un	15854286	61	0.022584991	4.38462	1.27680	15.05704	0.64193	0.11254	-1.00000	-1.00000
171050	Gandy	Leland_Harris	un	15857122	410	0.500000000	0.48148	0.04113	5.63661	0.31742	0.01961	-1.00000	-1.00000
171908	Gandy	Leland_Harris	un	15871039	183	1.000000000	1.92857	0.16509	22.52900	0.28524	0.01752	-1.00000	-1.00000
172395	Gandy	Leland_Harris	un	15879545	277	0.500000000	2.07143	0.17768	24.14955	0.31627	0.01818	-1.00000	-1.00000
172542	Gandy	Leland_Harris	un	15883538	365	0.482758621	0.45161	0.03880	5.25593	0.34523	0.01880	-1.00000	-1.00000
172892	Gandy	Leland_Harris	un	15888189	266	0.500000000	0.48148	0.04113	5.63661	0.31742	0.01961	-1.00000	-1.00000
172988	Gandy	Leland_Harris	un	15890442	190	0.208144796	0.26437	0.02576	2.71292	0.57779	0.04667	-1.00000	-1.00000
173368	Gandy	Leland_Harris	un	15894218	150	0.225306122	3.52174	0.34246	36.21597	0.54676	0.04514	-1.00000	-1.00000
173393	Gandy	Leland_Harris	un	15895696	14	1.000000000	0.92000	0.21690	3.90224	0.03621	0.00025	-1.00000	-1.00000
175038	Gandy	Leland_Harris	un	15929561	494	0.227113906	0.28736	0.02808	2.94037	0.54158	0.04142	-1.00000	-1.00000
175155	Gandy	Leland_Harris	un	15930369	438	1.000000000	0.52000	0.04432	6.10163	0.28400	0.01884	-1.00000	-1.00000
175389	Gandy	Leland_Harris	un	15938032	111	0.395920867	0.58947	0.18246	1.90443	0.22954	0.01513	-1.00000	-1.00000
175854	Gandy	Leland_Harris	un	15952290	43	0.004916860	10.80000	1.24824	93.44380	1.03342	0.15556	-1.00000	-1.00000
176284	Gandy	Leland_Harris	un	15966155	42	0.617647059	2.08333	0.17711	24.50678	0.31876	0.00680	-1.00000	-1.00000
176621	Gandy	Leland_Harris	un	15971791	61	1.000000000	1.66667	0.14261	19.47836	0.22185	0.01509	-1.00000	-1.00000
176892	Gandy	Leland_Harris	un	15975773	284	0.225306122	3.52174	0.34246	36.21597	0.54676	0.04514	-1.00000	-1.00000
176909	Gandy	Leland_Harris	un	15977526	288	0.605263158	0.44828	0.03837	5.23742	0.34845	0.00739	-1.00000	-1.00000
177524	Gandy	Leland_Harris	un	15987163	410	1.000000000	0.51852	0.04439	6.05718	0.28524	0.01752	-1.00000	-1.00000
177584	Gandy	Leland_Harris	un	15990123	22	0.228675136	3.44444	0.33807	35.09441	0.53712	0.03827	-1.00000	-1.00000
178059	Gandy	Leland_Harris	un	15994274	204	0.461538462	0.41379	0.03533	4.84665	0.38322	0.02288	-1.00000	-1.00000
178849	Gandy	Leland_Harris	un	15999771	79	0.106170599	4.76923	0.50143	45.36166	0.67845	0.05844	-1.00000	-1.00000
178943	Gandy	Leland_Harris	un	16000905	421	1.000000000	1.78571	0.15251	20.90852	0.25181	0.01681	-1.00000	-1.00000
179997	Gandy	Leland_Harris	un	16009790	43	0.017220725	0.11828	0.01329	1.05307	0.92709	0.11312	-1.00000	-1.00000
180699	Gandy	Leland_Harris	un	16015680	372	1.000000000	1.92857	0.16509	22.52900	0.28524	0.01752	-1.00000	-1.00000
182197	Gandy	Leland_Harris	un	16044614	39	0.208144796	0.26437	0.02576	2.71292	0.57779	0.04667	-1.00000	-1.00000
182222	Gandy	Leland_Harris	un	16045812	445	0.245098039	3.24000	0.31597	33.22326	0.51055	0.04000	-1.00000	-1.00000
182588	Gandy	Leland_Harris	un	16047240	195	0.481481481	2.23077	0.19093	26.06312	0.34845	0.02032	-1.00000	-1.00000
182627	Gandy	Leland_Harris	un	16049039	347	0.444444444	2.58333	0.22094	30.20541	0.41218	0.02358	-1.00000	-1.00000
182982	Gandy	Leland_Harris	un	16056249	377	1.000000000	0.84615	0.10996	6.51122	0.07255	0.00050	-1.00000	-1.00000
183260	Gandy	Leland_Harris	un	16064270	26	1.000000000	1.00000	0.32968	3.03324	0.00000	0.00000	-1.00000	-1.00000
183835	Gandy	Leland_Harris	un	16072174	159	1.000000000	1.92857	0.16509	22.52900	0.28524	0.01752	-1.00000	-1.00000
184351	Gandy	Leland_Harris	un	16077631	582	0.461538462	0.41379	0.03533	4.84665	0.38322	0.02288	-1.00000	-1.00000
185829	Gandy	Leland_Harris	un	16086958	305	1.000000000	0.51724	0.04445	6.01898	0.28631	0.01637	-1.00000	-1.00000
186703	Gandy	Leland_Harris	un	16091434	77	0.000001109	39.54546	4.65292	336.09937	1.59710	0.42982	-1.00000	-1.00000
187412	Gandy	Leland_Harris	un	16097790	468	1.000000000	1.91667	0.16250	22.60740	0.28255	0.00550	-1.00000	-1.00000
187703	Gandy	Leland_Harris	un	16104517	6	0.009911283	5.71429	1.57122	20.78196	0.75696	0.14235	-1.00000	-1.00000
187783	Gandy	Leland_Harris	un	16107186	227	0.081599742	0.17742	0.01854	1.69757	0.75100	0.07353	-1.00000	-1.00000
188047	Gandy	Leland_Harris	un	16114331	178	1.000000000	0.93103	0.05544	15.63520	0.03103	0.00004	-1.00000	-1.00000
188160	Gandy	Leland_Harris	un	16118737	554	1.000000000	1.78571	0.15251	20.90852	0.25181	0.01681	-1.00000	-1.00000
188167	Gandy	Leland_Harris	un	16119028	33	0.430037547	2.39130	0.41934	13.63647	0.37863	0.01935	-1.00000	-1.00000
188545	Gandy	Leland_Harris	un	16135962	229	0.464285714	0.41935	0.03596	4.89101	0.37742	0.02098	-1.00000	-1.00000
188927	Gandy	Leland_Harris	un	16141069	423	0.106170599	0.20968	0.02205	1.99431	0.67845	0.05844	-1.00000	-1.00000
189056	Gandy	Leland_Harris	un	16141484	54	0.235918367	0.24000	0.02500	2.30408	0.61979	0.05892	-1.00000	-1.00000
189094	Gandy	Leland_Harris	un	16142624	184	0.464285714	0.41935	0.03596	4.89101	0.37742	0.02098	-1.00000	-1.00000
189899	Gandy	Leland_Harris	un	16156249	520	0.500000000	0.48276	0.04141	5.62819	0.31627	0.01818	-1.00000	-1.00000
190015	Gandy	Leland_Harris	un	16159807	47	0.199350188	2.91176	0.76465	11.08797	0.46416	0.04931	-1.00000	-1.00000
190146	Gandy	Leland_Harris	un	16164060	419	0.081599742	5.63636	0.58908	53.92945	0.75100	0.07353	-1.00000	-1.00000
190167	Gandy	Leland_Harris	un	16165442	255	0.225306122	3.52174	0.34246	36.21597	0.54676	0.04514	-1.00000	-1.00000
190202	Gandy	Leland_Harris	un	16168014	505	0.227113906	0.28736	0.02808	2.94037	0.54158	0.04142	-1.00000	-1.00000
190582	Gandy	Leland_Harris	un	16178379	496	0.480000000	0.44444	0.03787	5.21605	0.35218	0.02211	-1.00000	-1.00000
190675	Gandy	Leland_Harris	un	16182029	211	1.000000000	0.51724	0.04445	6.01898	0.28631	0.01637	-1.00000	-1.00000
191202	Gandy	Leland_Harris	un	16192833	16	0.003714274	11.60000	1.34375	100.13750	1.06446	0.16039	-1.00000	-1.00000
191220	Gandy	Leland_Harris	un	16193662	73	0.025728988	0.13793	0.01551	1.22635	0.86034	0.09804	-1.00000	-1.00000
191230	Gandy	Leland_Harris	un	16194660	275	0.464285714	2.38462	0.20446	27.81217	0.37742	0.02098	-1.00000	-1.00000
191381	Gandy	Leland_Harris	un	16202223	65	0.000849276	15.00000	1.76405	127.54709	1.17609	0.20930	-1.00000	-1.00000
191403	Gandy	Leland_Harris	un	16204132	366	0.480000000	0.44444	0.03787	5.21605	0.35218	0.02211	-1.00000	-1.00000
191414	Gandy	Leland_Harris	un	16204681	143	0.787982009	1.18182	0.39636	3.52383	0.07255	0.00173	-1.00000	-1.00000
192809	Gandy	Leland_Harris	un	16223265	485	0.500000000	2.08333	0.17711	24.50678	0.31876	0.02128	-1.00000	-1.00000
193606	Gandy	Leland_Harris	un	16237746	298	0.245762712	0.31183	0.03067	3.17041	0.50608	0.03448	-1.00000	-1.00000
194527	Gandy	Leland_Harris	un	16241807	402	1.000000000	0.51852	0.04439	6.05718	0.28524	0.01752	-1.00000	-1.00000
194615	Gandy	Leland_Harris	un	16244828	43	1.000000000	0.92857	0.12178	7.08007	0.03218	0.00009	-1.00000	-1.00000
195197	Gandy	Leland_Harris	un	16251078	16	0.000054482	0.04509	0.00541	0.37578	1.34589	0.27273	-1.00000	-1.00000
195553	Gandy	Leland_Harris	un	16254650	413	1.000000000	0.51724	0.04445	6.01898	0.28631	0.01637	-1.00000	-1.00000
195666	Gandy	Leland_Harris	un	16256070	207	0.496855346	2.58621	0.25274	26.46334	0.41266	0.03077	-1.00000	-1.00000
196089	Gandy	Leland_Harris	un	16260199	420	1.000000000	0.51852	0.04439	6.05718	0.28524	0.01752	-1.00000	-1.00000
196755	Gandy	Leland_Harris	un	16275556	403	0.211038961	0.26882	0.02632	2.74562	0.57054	0.04274	-1.00000	-1.00000
196830	Gandy	Leland_Harris	un	16277474	201	0.500000000	2.06667	0.17791	24.00734	0.31527	0.01695	-1.00000	-1.00000
196907	Gandy	Leland_Harris	un	16280497	586	0.490612245	3.00000	0.29185	30.83754	0.47712	0.03846	-1.00000	-1.00000
197025	Gandy	Leland_Harris	un	16284029	251	0.464285714	0.41935	0.03596	4.89101	0.37742	0.02098	-1.00000	-1.00000
197059	Gandy	Leland_Harris	un	16284720	102	0.500000000	0.48148	0.04113	5.63661	0.31742	0.01961	-1.00000	-1.00000
197410	Gandy	Leland_Harris	un	16292833	41	0.237749546	4.14286	0.43577	39.38647	0.61730	0.05091	-1.00000	-1.00000
197997	Gandy	Leland_Harris	un	16299776	386	1.000000000	1.07407	0.06396	18.03732	0.03103	0.00004	-1.00000	-1.00000
198028	Gandy	Leland_Harris	un	16300343	94	0.424934549	2.60000	0.46125	14.65569	0.41497	0.02134	-1.00000	-1.00000
198085	Gandy	Leland_Harris	un	16301534	392	1.000000000	0.55556	0.04765	6.47777	0.25527	0.01576	-1.00000	-1.00000
198094	Gandy	Leland_Harris	un	16302058	24	0.000430945	0.07143	0.01382	0.36920	1.14613	0.24143	-1.00000	-1.00000
198614	Gandy	Leland_Harris	un	16306990	87	1.000000000	0.60000	0.05134	7.01221	0.22185	0.01509	-1.00000	-1.00000
198637	Gandy	Leland_Harris	un	16309812	392	0.500000000	0.48387	0.04165	5.62086	0.31527	0.01695	-1.00000	-1.00000
198811	Gandy	Leland_Harris	un	16315338	439	0.500000000	0.48276	0.04141	5.62819	0.31627	0.01818	-1.00000	-1.00000
199644	Gandy	Leland_Harris	un	16329168	8	0.001369902	14.29412	1.65955	123.11864	1.15516	0.20635	-1.00000	-1.00000
201085	Gandy	Leland_Harris	un	16343766	374	0.208144796	3.78261	0.36861	38.81679	0.57779	0.04667	-1.00000	-1.00000
202380	Gandy	Leland_Harris	un	16350122	403	1.000000000	1.00000	0.05920	16.89051	0.00000	0.00000	-1.00000	-1.00000
202689	Gandy	Leland_Harris	un	16355822	344	1.000000000	0.51852	0.04439	6.05718	0.28524	0.01752	-1.00000	-1.00000
203108	Gandy	Leland_Harris	un	16364615	214	0.602040816	2.27273	0.19264	26.81366	0.35655	0.00891	-1.00000	-1.00000
203548	Gandy	Leland_Harris	un	16376472	439	0.227113906	0.28736	0.02808	2.94037	0.54158	0.04142	-1.00000	-1.00000
204548	Gandy	Leland_Harris	un	16379453	141	0.705803638	1.66667	0.35599	7.80287	0.22185	0.00790	-1.00000	-1.00000
204795	Gandy	Leland_Harris	un	16382500	22	1.000000000	0.86667	0.28332	2.65109	0.06215	0.00126	-1.00000	-1.00000
204862	Gandy	Leland_Harris	un	16383791	519	0.481481481	0.44828	0.03837	5.23742	0.34845	0.02032	-1.00000	-1.00000
205527	Gandy	Leland_Harris	un	16385676	85	0.000015337	27.00000	3.23956	225.03064	1.43136	0.32500	-1.00000	-1.00000
205675	Gandy	Leland_Harris	un	16387248	22	0.263850715	0.50909	0.16184	1.60143	0.29320	0.02500	-1.00000	-1.00000
206342	Gandy	Leland_Harris	un	16391328	209	1.000000000	1.00000	0.05944	16.82259	0.00000	0.00000	-1.00000	-1.00000
206380	Gandy	Leland_Harris	un	16392138	207	0.603773585	0.44444	0.03787	5.21605	0.35218	0.00808	-1.00000	-1.00000
207587	Gandy	Leland_Harris	un	16397720	109	0.273151209	2.10000	0.70476	6.25748	0.32222	0.03324	-1.00000	-1.00000
207710	Gandy	Leland_Harris	un	16399110	76	0.039250162	0.14483	0.01574	1.33255	0.83915	0.09722	-1.00000	-1.00000
208438	Gandy	Leland_Harris	un	16405529	59	0.051778560	0.12000	0.01364	1.05538	0.92082	0.08852	-1.00000	-1.00000
208596	Gandy	Leland_Harris	un	16410470	102	0.738026333	1.40000	0.36531	5.36531	0.14613	0.00484	-1.00000	-1.00000
209083	Gandy	Leland_Harris	un	16419916	54	0.025636778	0.19200	0.04573	0.80612	0.71670	0.10516	-1.00000	-1.00000
209521	Gandy	Leland_Harris	un	16427069	77	0.000206888	16.33333	3.20447	83.25166	1.21307	0.27128	-1.00000	-1.00000
209934	Gandy	Leland_Harris	un	16435265	158	0.482758621	2.21429	0.19026	25.77014	0.34523	0.01880	-1.00000	-1.00000
210108	Gandy	Leland_Harris	un	16440432	400	1.000000000	1.78571	0.15251	20.90852	0.25181	0.01681	-1.00000	-1.00000
210740	Gandy	Leland_Harris	un	16451304	64	0.000212575	11.00000	3.02274	40.02996	1.04139	0.28699	-1.00000	-1.00000
211197	Gandy	Leland_Harris	un	16460194	84	0.146769406	0.25275	0.04764	1.34082	0.59731	0.04993	-1.00000	-1.00000
212080	Gandy	Leland_Harris	un	16463460	122	0.000046796	23.40000	2.78171	196.84299	1.36922	0.30000	-1.00000	-1.00000
212592	Gandy	Leland_Harris	un	16470868	123	0.006225734	5.33333	1.59532	17.82989	0.72700	0.15152	-1.00000	-1.00000
213118	Gandy	Leland_Harris	un	16474379	304	0.500000000	0.48148	0.04113	5.63661	0.31742	0.01961	-1.00000	-1.00000
213228	Gandy	Leland_Harris	un	16474926	37	0.000000172	63.25000	7.29796	548.17578	1.80106	0.48310	-1.00000	-1.00000
213457	Gandy	Leland_Harris	un	16477297	93	0.431086671	0.46154	0.07738	2.75273	0.33579	0.01333	-1.00000	-1.00000
213633	Gandy	Leland_Harris	un	16480169	545	0.500000000	2.08333	0.17711	24.50678	0.31876	0.02128	-1.00000	-1.00000
213801	Gandy	Leland_Harris	un	16482500	344	1.000000000	1.26087	0.07475	21.26724	0.10067	0.00048	-1.00000	-1.00000
213881	Gandy	Leland_Harris	un	16484947	437	0.500000000	0.48276	0.04141	5.62819	0.31627	0.01818	-1.00000	-1.00000
215519	Gandy	Leland_Harris	un	16502642	302	0.500000000	0.48000	0.04081	5.64636	0.31876	0.02128	-1.00000	-1.00000
215654	Gandy	Leland_Harris	un	16505081	358	1.000000000	1.93333	0.16614	22.49763	0.28631	0.01637	-1.00000	-1.00000
216407	Gandy	Leland_Harris	un	16511953	14	0.135898644	2.82051	0.83658	9.50934	0.45033	0.05760	-1.00000	-1.00000
217463	Gandy	Leland_Harris	un	16521285	128	0.562184193	0.63636	0.19911	2.03380	0.19629	0.01124	-1.00000	-1.00000
217889	Gandy	Leland_Harris	un	16523010	243	0.500000000	0.48148	0.04113	5.63661	0.31742	0.01961	-1.00000	-1.00000
219621	Gandy	Leland_Harris	un	16535474	69	0.001369902	0.06996	0.00812	0.60257	1.15516	0.20635	-1.00000	-1.00000
219783	Gandy	Leland_Harris	un	16537874	6	0.104821803	0.20690	0.02165	1.97698	0.68425	0.06335	-1.00000	-1.00000
220692	Gandy	Leland_Harris	un	16554969	84	0.000037437	13.80000	3.79435	50.19036	1.13988	0.32821	-1.00000	-1.00000
220927	Gandy	Leland_Harris	un	16561339	284	0.491833031	0.33333	0.03272	3.39531	0.47712	0.03333	-1.00000	-1.00000
221085	Gandy	Leland_Harris	un	16562671	106	0.464285714	2.38462	0.20446	27.81217	0.37742	0.02098	-1.00000	-1.00000
221145	Gandy	Leland_Harris	un	16564891	10	0.000014380	22.66667	4.33841	118.42526	1.35539	0.35885	-1.00000	-1.00000
221225	Gandy	Leland_Harris	un	16570523	558	0.490612245	0.33333	0.03243	3.42639	0.47712	0.03846	-1.00000	-1.00000
221232	Gandy	Leland_Harris	un	16571015	189	0.192872117	4.04348	0.39475	41.41771	0.60676	0.04808	-1.00000	-1.00000
221720	Gandy	Leland_Harris	un	16577325	50	0.491833031	0.33333	0.03272	3.39531	0.47712	0.03333	-1.00000	-1.00000
222079	Gandy	Leland_Harris	un	16586698	517	0.500000000	0.48000	0.04081	5.64636	0.31876	0.02128	-1.00000	-1.00000
222666	Gandy	Leland_Harris	un	16592820	407	0.500000000	2.07692	0.17741	24.31412	0.31742	0.01961	-1.00000	-1.00000
223426	Gandy	Leland_Harris	un	16599114	226	0.482758621	2.21429	0.19026	25.77014	0.34523	0.01880	-1.00000	-1.00000
224732	Gandy	Leland_Harris	un	16606487	191	0.480000000	0.44444	0.03787	5.21605	0.35218	0.02211	-1.00000	-1.00000
225295	Gandy	Leland_Harris	un	16608900	239	0.482758621	0.45161	0.03880	5.25593	0.34523	0.01880	-1.00000	-1.00000
226030	Gandy	Leland_Harris	un	16614371	95	0.003839750	5.40000	1.70479	17.10479	0.73239	0.15613	-1.00000	-1.00000
226381	Gandy	Leland_Harris	un	16616128	149	0.482758621	0.45161	0.03880	5.25593	0.34523	0.01880	-1.00000	-1.00000
226545	Gandy	Leland_Harris	un	16617906	403	0.461538462	0.41379	0.03533	4.84665	0.38322	0.02288	-1.00000	-1.00000
228066	Gandy	Leland_Harris	un	16626757	243	0.444444444	0.38710	0.03311	4.52610	0.41218	0.02358	-1.00000	-1.00000
228222	Gandy	Leland_Harris	un	16627381	80	0.048259363	6.20000	0.67962	56.56101	0.79239	0.07937	-1.00000	-1.00000
228874	Gandy	Leland_Harris	un	16638026	453	0.500000000	2.08333	0.17711	24.50678	0.31876	0.02128	-1.00000	-1.00000
230079	Gandy	Leland_Harris	un	16641001	130	1.000000000	1.11111	0.31814	3.88061	0.04576	0.00051	-1.00000	-1.00000
230318	Gandy	Leland_Harris	un	16642926	435	1.000000000	0.52000	0.04432	6.10163	0.28400	0.00517	-1.00000	-1.00000
230608	Gandy	Leland_Harris	un	16646439	99	0.000127909	20.25000	2.40238	170.68977	1.30642	0.26829	-1.00000	-1.00000
230848	Gandy	Leland_Harris	un	16648865	18	0.000000149	51.00000	5.92112	439.27515	1.70757	0.50980	-1.00000	-1.00000
231143	Gandy	Leland_Harris	un	16650572	70	0.091583710	5.27273	0.55003	50.54564	0.72204	0.07143	-1.00000	-1.00000
231514	Gandy	Leland_Harris	un	16655964	49	0.054527757	6.23077	0.70120	55.36613	0.79454	0.08497	-1.00000	-1.00000
232654	Gandy	Leland_Harris	un	16663739	417	1.000000000	0.51724	0.04445	6.01898	0.28631	0.01637	-1.00000	-1.00000
232686	Gandy	Leland_Harris	un	16664084	24	0.010968168	9.21053	1.04264	81.36432	0.96428	0.14286	-1.00000	-1.00000
233834	Gandy	Leland_Harris	un	16672635	532	1.000000000	0.85185	0.05042	14.39326	0.06964	0.00024	-1.00000	-1.00000
234575	Gandy	Leland_Harris	un	16673561	68	0.378305124	0.55556	0.16911	1.82507	0.25527	0.01823	-1.00000	-1.00000
234824	Gandy	Leland_Harris	un	16675943	106	0.023501224	8.21739	0.94023	71.81789	0.91473	0.11607	-1.00000	-1.00000
235307	Gandy	Leland_Harris	un	16678550	207	0.480000000	2.25000	0.19172	26.40626	0.35218	0.02211	-1.00000	-1.00000
235587	Gandy	Leland_Harris	un	16680648	34	0.053848971	0.22857	0.05389	0.96947	0.64098	0.08744	-1.00000	-1.00000
236980	Gandy	Leland_Harris	un	16691756	27	0.540995718	1.50980	0.42791	5.32705	0.17892	0.00794	-1.00000	-1.00000
237787	Gandy	Leland_Harris	un	16699094	486	1.000000000	1.78571	0.15251	20.90852	0.25181	0.01681	-1.00000	-1.00000
238054	Gandy	Leland_Harris	un	16706111	76	0.000010753	20.23809	4.57820	89.46329	1.30617	0.37950	-1.00000	-1.00000
238115	Gandy	Leland_Harris	un	16707722	20	0.002300920	0.08148	0.00967	0.68658	1.08894	0.16596	-1.00000	-1.00000
238373	Gandy	Leland_Harris	un	16712532	32	0.000014569	38.33333	4.39433	334.39560	1.58358	0.38281	-1.00000	-1.00000
240109	Gandy	Leland_Harris	un	16735882	64	0.000000000	351.00000	29.98258	4109.08643	2.54531	0.92593	-1.00000	-1.00000
242097	Gandy	Leland_Harris	un	16750454	25	0.777152592	1.28571	0.41918	3.94359	0.10914	0.00372	-1.00000	-1.00000
242653	Gandy	Leland_Harris	un	16757155	27	0.000000000	113.66666	12.76690	1012.00061	2.05563	0.69231	-1.00000	-1.00000
243116	Gandy	Leland_Harris	un	16761360	12	0.300861225	1.78322	0.61687	5.15486	0.25120	0.02051	-1.00000	-1.00000
243124	Gandy	Leland_Harris	un	16762700	506	0.480000000	0.44444	0.03787	5.21605	0.35218	0.02211	-1.00000	-1.00000
246574	Gandy	Leland_Harris	un	16774577	77	0.491264850	0.33333	0.03259	3.40968	0.47712	0.03571	-1.00000	-1.00000
246628	Gandy	Leland_Harris	un	16775337	50	0.047272578	0.15862	0.01730	1.45424	0.79964	0.08615	-1.00000	-1.00000
246774	Gandy	Leland_Harris	un	16778008	345	0.500000000	0.48276	0.04141	5.62819	0.31627	0.01818	-1.00000	-1.00000
247116	Gandy	Leland_Harris	un	16778882	410	0.500000000	0.48148	0.04113	5.63661	0.31742	0.01961	-1.00000	-1.00000
248204	Gandy	Leland_Harris	un	16788575	335	0.211038961	0.26882	0.02632	2.74562	0.57054	0.04274	-1.00000	-1.00000
248844	Gandy	Leland_Harris	un	16795453	45	0.025116561	0.13143	0.01500	1.15167	0.88131	0.11180	-1.00000	-1.00000
249442	Gandy	Leland_Harris	un	16797824	19	0.000273662	0.05333	0.00631	0.45075	1.27300	0.26036	-1.00000	-1.00000
249783	Gandy	Leland_Harris	un	16803575	33	1.000000000	1.08696	0.06420	18.40268	0.03621	0.00007	-1.00000	-1.00000
249946	Gandy	Leland_Harris	un	16806800	71	0.227113906	0.28736	0.02808	2.94037	0.54158	0.04142	-1.00000	-1.00000
250844	Gandy	Leland_Harris	un	16810384	26	0.467392380	2.10000	0.46151	9.55564	0.32222	0.01892	-1.00000	-1.00000
251300	Gandy	Leland_Harris	un	16813496	78	0.491264850	3.00000	0.29328	30.68711	0.47712	0.03571	-1.00000	-1.00000
251841	Gandy	Leland_Harris	un	16819806	173	0.500000000	0.48148	0.04113	5.63661	0.31742	0.01961	-1.00000	-1.00000
252182	Gandy	Leland_Harris	un	16822271	228	0.482758621	0.45161	0.03880	5.25593	0.34523	0.01880	-1.00000	-1.00000
252716	Gandy	Leland_Harris	un	16828330	46	0.261366159	0.35385	0.06253	2.00227	0.45119	0.02624	-1.00000	-1.00000
252797	Gandy	Leland_Harris	un	16830908	229	0.461538462	0.41379	0.03533	4.84665	0.38322	0.02288	-1.00000	-1.00000
252943	Gandy	Leland_Harris	un	16834135	268	0.023977923	8.12000	0.93407	70.58795	0.90956	0.10769	-1.00000	-1.00000
252978	Gandy	Leland_Harris	un	16835589	46	0.010399967	0.10185	0.01182	0.87768	0.99203	0.13830	-1.00000	-1.00000
252995	Gandy	Leland_Harris	un	16836409	42	0.007830117	0.07407	0.00847	0.64806	1.13033	0.15381	-1.00000	-1.00000
253042	Gandy	Leland_Harris	un	16838897	18	0.528813289	0.63910	0.17054	2.39503	0.19443	0.00926	-1.00000	-1.00000
253676	Gandy	Leland_Harris	un	16847791	24	0.228675136	0.29032	0.02849	2.95801	0.53712	0.03827	-1.00000	-1.00000
255601	Gandy	Leland_Harris	un	16861039	341	0.481481481	0.44828	0.03837	5.23742	0.34845	0.02032	-1.00000	-1.00000
256200	Gandy	Leland_Harris	un	16867124	89	0.500000000	2.06667	0.17791	24.00734	0.31527	0.01695	-1.00000	-1.00000
256590	Gandy	Leland_Harris	un	16868828	329	1.000000000	0.51724	0.04445	6.01898	0.28631	0.01637	-1.00000	-1.00000
256626	Gandy	Leland_Harris	un	16871139	154	0.211038961	0.26882	0.02632	2.74562	0.57054	0.04274	-1.00000	-1.00000
257784	Gandy	Leland_Harris	un	16879094	99	0.000141323	13.33333	3.17572	55.98029	1.12494	0.28278	-1.00000	-1.00000
258148	Gandy	Leland_Harris	un	16887220	115	0.017985119	0.08995	0.01015	0.79684	1.04601	0.12507	-1.00000	-1.00000
259067	Gandy	Leland_Harris	un	16897933	22	0.004916860	0.09259	0.01070	0.80113	1.03342	0.15556	-1.00000	-1.00000
259088	Gandy	Leland_Harris	un	16900662	443	1.000000000	0.56000	0.04783	6.55691	0.25181	0.01681	-1.00000	-1.00000
259757	Gandy	Leland_Harris	un	16903559	10	0.500000000	0.48276	0.04141	5.62819	0.31627	0.01818	-1.00000	-1.00000
260151	Gandy	Leland_Harris	un	16906479	452	0.481481481	0.44828	0.03837	5.23742	0.34845	0.02032	-1.00000	-1.00000
260287	Gandy	Leland_Harris	un	16907028	39	0.000000042	75.00000	8.52772	659.61346	1.87506	0.52355	-1.00000	-1.00000
260956	Gandy	Leland_Harris	un	16910374	105	0.731590099	0.66667	0.16673	2.66569	0.17609	0.00571	-1.00000	-1.00000
263184	Gandy	Leland_Harris	un	16919414	376	0.464285714	0.41935	0.03596	4.89101	0.37742	0.02098	-1.00000	-1.00000
263766	Gandy	Leland_Harris	un	16924828	134	0.000105070	0.03704	0.00436	0.31445	1.43136	0.28023	-1.00000	-1.00000
264575	Gandy	Leland_Harris	un	16933743	76	1.000000000	1.78571	0.15251	20.90852	0.25181	0.01681	-1.00000	-1.00000
264681	Gandy	Leland_Harris	un	16934539	119	0.000000513	41.72727	4.93302	352.96133	1.62042	0.44444	-1.00000	-1.00000
264944	Gandy	Leland_Harris	un	16940937	158	0.048259363	6.20000	0.67962	56.56101	0.79239	0.07937	-1.00000	-1.00000
265079	Gandy	Leland_Harris	un	16942589	301	0.444444444	2.58333	0.22094	30.20541	0.41218	0.02358	-1.00000	-1.00000
266418	Gandy	Leland_Harris	un	16980253	63	0.016427684	0.13889	0.02634	0.73227	0.85733	0.12924	-1.00000	-1.00000
267349	Gandy	Leland_Harris	un	16992474	28	0.769327333	1.25000	0.38407	4.06828	0.09691	0.00265	-1.00000	-1.00000
268417	Gandy	Leland_Harris	un	17013034	88	0.039250162	6.90476	0.75044	63.53036	0.83915	0.09722	-1.00000	-1.00000
268673	Gandy	Leland_Harris	un	17014784	222	0.500000000	0.48276	0.04141	5.62819	0.31627	0.01818	-1.00000	-1.00000
269066	Gandy	Leland_Harris	un	17017875	137	0.500000000	0.48387	0.04165	5.62086	0.31527	0.01695	-1.00000	-1.00000
269401	Gandy	Leland_Harris	un	17021169	26	0.000027217	16.18518	3.83074	68.38375	1.20912	0.32799	-1.00000	-1.00000
270172	Gandy	Leland_Harris	un	17024246	9	0.254909249	0.48039	0.14907	1.54809	0.31840	0.03057	-1.00000	-1.00000
271056	Gandy	Leland_Harris	un	17034878	210	1.000000000	1.00000	0.05944	16.82259	0.00000	0.00000	-1.00000	-1.00000
271287	Gandy	Leland_Harris	un	17039672	228	1.000000000	0.86207	0.05123	14.50627	0.06446	0.00019	-1.00000	-1.00000
271767	Gandy	Leland_Harris	un	17051125	325	0.500000000	0.48000	0.04081	5.64636	0.31876	0.02128	-1.00000	-1.00000
271934	Gandy	Leland_Harris	un	17051728	139	0.000000581	43.20000	5.04896	369.62860	1.63548	0.46429	-1.00000	-1.00000
272448	Gandy	Leland_Harris	un	17059156	27	0.251530279	0.43590	0.13493	1.40822	0.36062	0.03639	-1.00000	-1.00000
272522	Gandy	Leland_Harris	un	17060044	137	1.000000000	0.51724	0.04445	6.01898	0.28631	0.01637	-1.00000	-1.00000
273017	Gandy	Leland_Harris	un	17065097	8	0.183239847	2.82456	0.64121	12.44232	0.45095	0.03810	-1.00000	-1.00000
273094	Gandy	Leland_Harris	un	17070083	60	1.000000000	1.78571	0.15251	20.90852	0.25181	0.00390	-1.00000	-1.00000
273592	Gandy	Leland_Harris	un	17075286	136	0.491264850	0.33333	0.03259	3.40968	0.47712	0.03571	-1.00000	-1.00000
274344	Gandy	Leland_Harris	un	17083746	501	0.605263158	0.44828	0.03837	5.23742	0.34845	0.00739	-1.00000	-1.00000
274675	Gandy	Leland_Harris	un	17088498	491	0.464285714	0.41935	0.03596	4.89101	0.37742	0.02098	-1.00000	-1.00000
274736	Gandy	Leland_Harris	un	17089734	140	0.456120261	0.49565	0.10467	2.34699	0.30482	0.01604	-1.00000	-1.00000
275277	Gandy	Leland_Harris	un	17097775	156	0.227113906	3.48000	0.34009	35.60907	0.54158	0.04142	-1.00000	-1.00000
275690	Gandy	Leland_Harris	un	17100838	20	0.000000000	115.00000	12.48383	1059.37024	2.06070	0.72527	-1.00000	-1.00000
276391	Gandy	Leland_Harris	un	17110780	346	0.235918367	0.24000	0.02500	2.30408	0.61979	0.05892	-1.00000	-1.00000
276658	Gandy	Leland_Harris	un	17113788	72	0.200180072	0.22000	0.02284	2.11887	0.65758	0.03830	-1.00000	-1.00000
277575	Gandy	Leland_Harris	un	17123162	537	1.000000000	0.52000	0.04432	6.10163	0.28400	0.01884	-1.00000	-1.00000
278656	Gandy	Leland_Harris	un	17127547	136	0.339557099	0.28000	0.02707	2.89628	0.55284	0.02540	-1.00000	-1.00000
279076	Gandy	Leland_Harris	un	17130248	302	0.618181818	0.48148	0.04113	5.63661	0.31742	0.00629	-1.00000	-1.00000
281155	Gandy	Leland_Harris	un	17146322	433	0.500000000	0.48148	0.04113	5.63661	0.31742	0.01961	-1.00000	-1.00000
282124	Gandy	Leland_Harris	un	17149298	114	0.005086681	5.86667	1.76764	19.47108	0.76839	0.16636	-1.00000	-1.00000
285131	Gandy	Leland_Harris	un	17162313	388	0.208144796	0.26437	0.02576	2.71292	0.57779	0.04667	-1.00000	-1.00000
286557	Gandy	Leland_Harris	un	17168200	8	0.020060790	0.12346	0.01375	1.10819	0.90848	0.12037	-1.00000	-1.00000
287690	Gandy	Leland_Harris	un	17175503	153	0.195404893	5.40000	0.58948	49.46759	0.73239	0.04617	-1.00000	-1.00000
288114	Gandy	Leland_Harris	un	17183792	221	0.464285714	0.41935	0.03596	4.89101	0.37742	0.02098	-1.00000	-1.00000
288315	Gandy	Leland_Harris	un	17187075	496	0.244680851	0.30667	0.02975	3.16133	0.51333	0.04348	-1.00000	-1.00000
288388	Gandy	Leland_Harris	un	17187712	375	0.117021277	4.54545	0.47195	43.77839	0.65758	0.06667	-1.00000	-1.00000
288391	Gandy	Leland_Harris	un	17188538	469	0.500000000	2.07692	0.17741	24.31412	0.31742	0.01961	-1.00000	-1.00000
288759	Gandy	Leland_Harris	un	17195700	437	1.000000000	0.92000	0.05434	15.57603	0.03621	0.00007	-1.00000	-1.00000
289349	Gandy	Leland_Harris	un	17198509	91	0.350846722	0.23913	0.02476	2.30992	0.62137	0.03490	-1.00000	-1.00000
290299	Gandy	Leland_Harris	un	17206287	475	1.000000000	0.55556	0.04765	6.47777	0.25527	0.01576	-1.00000	-1.00000
290312	Gandy	Leland_Harris	un	17207579	213	0.192872117	4.04348	0.39475	41.41771	0.60676	0.04808	-1.00000	-1.00000
290443	Gandy	Leland_Harris	un	17211545	14	0.000000000	124.20000	13.51716	1141.18933	2.09412	0.73333	-1.00000	-1.00000
291729	Gandy	Leland_Harris	un	17228059	243	1.000000000	1.66667	0.14261	19.47836	0.22185	0.01509	-1.00000	-1.00000
292509	Gandy	Leland_Harris	un	17236604	95	0.228675136	0.29032	0.02849	2.95801	0.53712	0.03827	-1.00000	-1.00000
292533	Gandy	Leland_Harris	un	17238517	309	1.000000000	0.55556	0.04765	6.47777	0.25527	0.01576	-1.00000	-1.00000
293150	Gandy	Leland_Harris	un	17244885	134	0.091965616	2.85714	0.86528	9.43421	0.45593	0.05882	-1.00000	-1.00000
293203	Gandy	Leland_Harris	un	17245678	148	0.467392380	2.10000	0.46151	9.55564	0.32222	0.01892	-1.00000	-1.00000
293349	Gandy	Leland_Harris	un	17248817	95	0.237749546	0.24138	0.02539	2.29481	0.61730	0.05091	-1.00000	-1.00000
293561	Gandy	Leland_Harris	un	17256223	373	0.245283019	0.28000	0.02931	2.67453	0.55284	0.04706	-1.00000	-1.00000
293861	Gandy	Leland_Harris	un	17259107	61	1.000000000	1.78571	0.15251	20.90852	0.25181	0.01681	-1.00000	-1.00000
294278	Gandy	Leland_Harris	un	17263445	348	1.000000000	0.52000	0.04432	6.10163	0.28400	0.01884	-1.00000	-1.00000
294422	Gandy	Leland_Harris	un	17266008	440	0.461538462	0.41379	0.03533	4.84665	0.38322	0.02288	-1.00000	-1.00000
294917	Gandy	Leland_Harris	un	17273951	44	0.024939162	4.04762	1.21017	13.53789	0.60720	0.11189	-1.00000	-1.00000
295065	Gandy	Leland_Harris	un	17274876	144	0.500000000	2.07692	0.17741	24.31412	0.31742	0.01961	-1.00000	-1.00000
295251	Gandy	Leland_Harris	un	17280353	88	0.000024454	21.66667	4.12476	113.81121	1.33579	0.34610	-1.00000	-1.00000
295343	Gandy	Leland_Harris	un	17284595	15	0.000000000	280.33334	27.52165	2855.45337	2.44767	0.87111	-1.00000	-1.00000
295580	Gandy	Leland_Harris	un	17285434	9	1.000000000	0.84000	0.21374	3.30128	0.07572	0.00111	-1.00000	-1.00000
295877	Gandy	Leland_Harris	un	17287275	269	0.500000000	0.48276	0.04141	5.62819	0.31627	0.01818	-1.00000	-1.00000
296129	Gandy	Leland_Harris	un	17292061	394	0.491264850	3.00000	0.29328	30.68711	0.47712	0.03571	-1.00000	-1.00000
296155	Gandy	Leland_Harris	un	17293537	128	0.191851209	5.47619	0.59057	50.77928	0.73848	0.05364	-1.00000	-1.00000
296183	Gandy	Leland_Harris	un	17294408	129	0.126878424	0.23810	0.04349	1.30345	0.62325	0.05470	-1.00000	-1.00000
296228	Gandy	Leland_Harris	un	17297499	25	0.470446549	0.47826	0.10627	2.15231	0.32034	0.01758	-1.00000	-1.00000
296827	Gandy	Leland_Harris	un	17307556	24	0.038386755	0.17857	0.03421	0.93201	0.74819	0.08397	-1.00000	-1.00000
296897	Gandy	Leland_Harris	un	17308419	127	0.039250162	0.14483	0.01574	1.33255	0.83915	0.09722	-1.00000	-1.00000
297189	Gandy	Leland_Harris	un	17312333	70	0.352571217	0.24000	0.02500	2.30408	0.61979	0.03238	-1.00000	-1.00000
297223	Gandy	Leland_Harris	un	17315198	433	1.000000000	0.52000	0.04432	6.10163	0.28400	0.01884	-1.00000	-1.00000
297582	Gandy	Leland_Harris	un	17327491	7	0.088879087	3.16667	0.99274	10.10112	0.50060	0.07527	-1.00000	-1.00000
297772	Gandy	Leland_Harris	un	17338283	371	0.055222089	5.86957	0.63881	53.93145	0.76861	0.08333	-1.00000	-1.00000
297875	Gandy	Leland_Harris	un	17346974	401	0.500000000	2.08333	0.17711	24.50678	0.31876	0.02128	-1.00000	-1.00000
297997	Gandy	Leland_Harris	un	17352971	40	0.500000000	0.48387	0.04165	5.62086	0.31527	0.01695	-1.00000	-1.00000
298026	Gandy	Leland_Harris	un	17355725	398	0.500000000	2.07143	0.17768	24.14955	0.31627	0.01818	-1.00000	-1.00000
298077	Gandy	Leland_Harris	un	17362951	97	0.002090995	0.09722	0.01894	0.49903	1.01223	0.18797	-1.00000	-1.00000
298122	Gandy	Leland_Harris	un	17368748	192	0.480000000	0.44444	0.03787	5.21605	0.35218	0.02211	-1.00000	-1.00000
298196	Gandy	Leland_Harris	un	17372889	205	0.461538462	2.41667	0.20633	28.30581	0.38322	0.02288	-1.00000	-1.00000
298198	Gandy	Leland_Harris	un	17373564	77	0.228675136	0.29032	0.02849	2.95801	0.53712	0.03827	-1.00000	-1.00000
298256	Gandy	Leland_Harris	un	17376780	80	0.081599742	0.17742	0.01854	1.69757	0.75100	0.07353	-1.00000	-1.00000
298278	Gandy	Leland_Harris	un	17377563	56	0.021448606	7.75000	0.87337	68.77064	0.88930	0.10108	-1.00000	-1.00000
298455	Gandy	Leland_Harris	un	17389978	279	0.500000000	2.06667	0.17791	24.00734	0.31527	0.01695	-1.00000	-1.00000
298462	Gandy	Leland_Harris	un	17390776	274	1.000000000	0.56000	0.04783	6.55691	0.25181	0.01681	-1.00000	-1.00000
298651	Gandy	Leland_Harris	un	17405336	219	1.000000000	0.85185	0.05042	14.39326	0.06964	0.00024	-1.00000	-1.00000
298748	Gandy	Leland_Harris	un	17409882	38	0.002287531	12.13043	1.43397	102.61572	1.08388	0.15385	-1.00000	-1.00000
298836	Gandy	Leland_Harris	un	17413004	80	0.000000003	78.71429	8.95404	691.97137	1.89605	0.61765	-1.00000	-1.00000
298841	Gandy	Leland_Harris	un	17413700	14	0.000350496	11.66667	2.74587	49.56933	1.06695	0.25610	-1.00000	-1.00000
298843	Gandy	Leland_Harris	un	17414767	258	0.500000000	0.48276	0.04141	5.62819	0.31627	0.01818	-1.00000	-1.00000
298894	Gandy	Leland_Harris	un	17418781	342	0.500000000	2.07692	0.17741	24.31412	0.31742	0.01961	-1.00000	-1.00000
298899	Gandy	Leland_Harris	un	17419222	9	0.461538462	2.41667	0.20633	28.30581	0.38322	0.02288	-1.00000	-1.00000
298902	Gandy	Leland_Harris	un	17420028	61	0.591991342	0.41379	0.03533	4.84665	0.38322	0.00932	-1.00000	-1.00000
299006	Gandy	Leland_Harris	un	17427111	276	0.500000000	0.48000	0.04081	5.64636	0.31876	0.02128	-1.00000	-1.00000
299010	Gandy	Leland_Harris	un	17427729	214	0.480000000	0.44444	0.03787	5.21605	0.35218	0.02211	-1.00000	-1.00000
299047	Gandy	Leland_Harris	un	17433850	196	0.342212357	3.52174	0.34246	36.21597	0.54676	0.02310	-1.00000	-1.00000
299052	Gandy	Leland_Harris	un	17434575	87	0.767858545	0.82609	0.24606	2.77338	0.08297	0.00171	-1.00000	-1.00000
299062	Gandy	Leland_Harris	un	17435332	31	0.033599894	7.38095	0.80374	67.78108	0.86811	0.10000	-1.00000	-1.00000
299095	Gandy	Leland_Harris	un	17437734	312	0.500000000	0.48276	0.04141	5.62819	0.31627	0.01818	-1.00000	-1.00000
299118	Gandy	Leland_Harris	un	17439774	116	0.056199822	0.17419	0.01914	1.58503	0.75897	0.07143	-1.00000	-1.00000
299434	Gandy	Leland_Harris	un	17454786	420	0.103265306	0.20370	0.02120	1.95699	0.69100	0.06915	-1.00000	-1.00000
299454	Gandy	Leland_Harris	un	17455320	86	0.001057344	9.10000	2.40872	34.37922	0.95904	0.22500	-1.00000	-1.00000
299502	Gandy	Leland_Harris	un	17457729	14	0.013745875	10.89474	1.26460	93.85983	1.03722	0.12523	-1.00000	-1.00000
299557	Gandy	Leland_Harris	un	17459437	133	0.227113906	0.28736	0.02808	2.94037	0.54158	0.04142	-1.00000	-1.00000
299834	Gandy	Leland_Harris	un	17465558	88	0.000499168	22.84615	2.65743	196.41049	1.35881	0.25005	-1.00000	-1.00000
299858	Gandy	Leland_Harris	un	17467195	82	0.362176628	3.22222	0.31567	32.89072	0.50816	0.01786	-1.00000	-1.00000
300004	Gandy	Leland_Harris	un	17468758	12	0.208144796	3.78261	0.36861	38.81679	0.57779	0.04667	-1.00000	-1.00000
300225	Gandy	Leland_Harris	un	17474923	475	0.244680851	0.30667	0.02975	3.16133	0.51333	0.04348	-1.00000	-1.00000
300434	Gandy	Leland_Harris	un	17478436	69	0.000082386	17.72727	3.45526	90.94998	1.24864	0.29574	-1.00000	-1.00000
300891	Gandy	Leland_Harris	un	17493731	227	1.000000000	0.51724	0.04445	6.01898	0.28631	0.01637	-1.00000	-1.00000
301037	Gandy	Leland_Harris	un	17495550	350	1.000000000	0.52000	0.04432	6.10163	0.28400	0.01884	-1.00000	-1.00000
301157	Gandy	Leland_Harris	un	17498766	490	1.000000000	1.17391	0.06948	19.83494	0.06964	0.00024	-1.00000	-1.00000
301419	Gandy	Leland_Harris	un	17504655	158	0.245098039	3.24000	0.31597	33.22326	0.51055	0.04000	-1.00000	-1.00000
301541	Gandy	Leland_Harris	un	17508466	126	0.052549084	6.69231	0.75483	59.33385	0.82558	0.08805	-1.00000	-1.00000
301584	Gandy	Leland_Harris	un	17510343	380	1.000000000	0.92593	0.05493	15.60790	0.03342	0.00005	-1.00000	-1.00000
301907	Gandy	Leland_Harris	un	17522872	215	0.481481481	0.44828	0.03837	5.23742	0.34845	0.02032	-1.00000	-1.00000
302006	Gandy	Leland_Harris	un	17526279	216	0.464285714	0.41935	0.03596	4.89101	0.37742	0.02098	-1.00000	-1.00000
302333	Gandy	Leland_Harris	un	17538398	450	1.000000000	1.92857	0.16509	22.52900	0.28524	0.01752	-1.00000	-1.00000
302398	Gandy	Leland_Harris	un	17542095	69	0.000049231	19.60000	3.77096	101.87317	1.29226	0.31612	-1.00000	-1.00000
302431	Gandy	Leland_Harris	un	17545801	379	0.091583710	5.27273	0.55003	50.54564	0.72204	0.07143	-1.00000	-1.00000
302455	Gandy	Leland_Harris	un	17547076	64	0.517082499	1.90000	0.51765	6.97383	0.27875	0.01978	-1.00000	-1.00000
302628	Gandy	Leland_Harris	un	17555296	115	0.559416176	0.68627	0.20519	2.29535	0.16350	0.00781	-1.00000	-1.00000
302726	Gandy	Leland_Harris	un	17560927	121	0.000000000	261.00000	25.56952	2664.14868	2.41664	0.86667	-1.00000	-1.00000
302793	Gandy	Leland_Harris	un	17564821	95	0.104821803	4.83333	0.50582	46.18450	0.68425	0.06335	-1.00000	-1.00000
302813	Gandy	Leland_Harris	un	17566425	50	0.000911685	14.50000	1.71773	122.39995	1.16137	0.19149	-1.00000	-1.00000
302880	Gandy	Leland_Harris	un	17567242	63	1.000000000	1.78571	0.15251	20.90852	0.25181	0.00390	-1.00000	-1.00000
303170	Gandy	Leland_Harris	un	17573656	12	0.481481481	2.23077	0.19093	26.06312	0.34845	0.02032	-1.00000	-1.00000
303190	Gandy	Leland_Harris	un	17575644	386	1.000000000	1.00000	0.05893	16.97048	0.00000	0.00000	-1.00000	-1.00000
303203	Gandy	Leland_Harris	un	17576120	79	0.333416991	0.48571	0.13203	1.78687	0.31362	0.02232	-1.00000	-1.00000
303742	Gandy	Leland_Harris	un	17591481	167	0.480000000	0.44444	0.03787	5.21605	0.35218	0.02211	-1.00000	-1.00000
303786	Gandy	Leland_Harris	un	17592258	91	0.093795094	5.16667	0.54173	49.27621	0.71321	0.06531	-1.00000	-1.00000
303911	Gandy	Leland_Harris	un	17592905	14	0.192872117	4.04348	0.39475	41.41771	0.60676	0.04808	-1.00000	-1.00000
304912	Gandy	Leland_Harris	un	17606351	318	0.244680851	0.30667	0.02975	3.16133	0.51333	0.04348	-1.00000	-1.00000
305152	Gandy	Leland_Harris	un	17611860	93	0.000028156	25.13333	2.99466	210.93718	1.40025	0.30769	-1.00000	-1.00000
306183	Gandy	Leland_Harris	un	17628180	493	0.244680851	3.26087	0.31632	33.61525	0.51333	0.04348	-1.00000	-1.00000
306279	Gandy	Leland_Harris	un	17629345	88	0.011437374	9.09091	1.05219	78.54564	0.95861	0.13333	-1.00000	-1.00000
306601	Gandy	Leland_Harris	un	17637305	97	0.011943257	4.80000	1.42320	16.18889	0.68124	0.13524	-1.00000	-1.00000
306629	Gandy	Leland_Harris	un	17639219	344	0.500000000	2.07143	0.17768	24.14955	0.31627	0.01818	-1.00000	-1.00000
306993	Gandy	Leland_Harris	un	17648833	475	0.480000000	0.44444	0.03787	5.21605	0.35218	0.02211	-1.00000	-1.00000
307060	Gandy	Leland_Harris	un	17650318	297	1.000000000	0.51724	0.04445	6.01898	0.28631	0.01637	-1.00000	-1.00000
307154	Gandy	Leland_Harris	un	17656643	107	0.130431241	0.36232	0.10153	1.29291	0.44091	0.04874	-1.00000	-1.00000
307238	Gandy	Leland_Harris	un	17666640	406	1.000000000	0.56000	0.04783	6.55691	0.25181	0.01681	-1.00000	-1.00000
307279	Gandy	Leland_Harris	un	17667396	377	0.168648998	0.18519	0.01920	1.78596	0.73239	0.04904	-1.00000	-1.00000
307298	Gandy	Leland_Harris	un	17668056	363	0.444444444	0.38710	0.03311	4.52610	0.41218	0.02358	-1.00000	-1.00000
307441	Gandy	Leland_Harris	un	17670775	476	0.500000000	0.48276	0.04141	5.62819	0.31627	0.01818	-1.00000	-1.00000
307512	Gandy	Leland_Harris	un	17673347	8	0.024822695	7.50000	0.83337	67.49715	0.87506	0.11628	-1.00000	-1.00000
307897	Gandy	Leland_Harris	un	17687152	476	0.240259740	0.25926	0.02721	2.47017	0.58627	0.04906	-1.00000	-1.00000
307992	Gandy	Leland_Harris	un	17691697	341	0.245098039	3.24000	0.31597	33.22326	0.51055	0.04000	-1.00000	-1.00000
308825	Gandy	Leland_Harris	un	17716105	60	0.295291110	1.82857	0.62902	5.31569	0.26211	0.02212	-1.00000	-1.00000
308914	Gandy	Leland_Harris	un	17721595	36	0.490612245	3.00000	0.29185	30.83754	0.47712	0.03846	-1.00000	-1.00000
309008	Gandy	Leland_Harris	un	17722763	397	1.000000000	1.08696	0.06420	18.40268	0.03621	0.00007	-1.00000	-1.00000
309105	Gandy	Leland_Harris	un	17726784	434	1.000000000	1.64286	0.13993	19.28811	0.21560	0.00294	-1.00000	-1.00000
309319	Gandy	Leland_Harris	un	17731240	211	0.482758621	0.45161	0.03880	5.25593	0.34523	0.01880	-1.00000	-1.00000
309628	Gandy	Leland_Harris	un	17734370	74	0.589502262	0.40741	0.03461	4.79552	0.38997	0.01037	-1.00000	-1.00000
310542	Gandy	Leland_Harris	un	17751689	479	1.000000000	0.52000	0.04432	6.10163	0.28400	0.01884	-1.00000	-1.00000
310818	Gandy	Leland_Harris	un	17757487	76	0.000490337	0.04938	0.00586	0.41625	1.30642	0.21646	-1.00000	-1.00000
310835	Gandy	Leland_Harris	un	17758527	332	1.000000000	0.51852	0.04439	6.05718	0.28524	0.01752	-1.00000	-1.00000
311152	Gandy	Leland_Harris	un	17767369	51	0.000813281	7.97959	2.35369	27.05278	0.90198	0.22563	-1.00000	-1.00000
311280	Gandy	Leland_Harris	un	17770847	364	0.481481481	0.44828	0.03837	5.23742	0.34845	0.02032	-1.00000	-1.00000
312216	Gandy	Leland_Harris	un	17779663	304	1.000000000	1.00000	0.05920	16.89051	0.00000	0.00000	-1.00000	-1.00000
312930	Gandy	Leland_Harris	un	17786149	485	0.481481481	2.23077	0.19093	26.06312	0.34845	0.02032	-1.00000	-1.00000
313744	Gandy	Leland_Harris	un	17789263	260	0.481481481	2.23077	0.19093	26.06312	0.34845	0.02032	-1.00000	-1.00000
315311	Gandy	Leland_Harris	un	17797196	59	0.000430945	14.00000	2.70856	72.36317	1.14613	0.24143	-1.00000	-1.00000
315513	Gandy	Leland_Harris	un	17802840	86	0.000001724	36.00000	4.27091	303.44849	1.55630	0.40541	-1.00000	-1.00000
315603	Gandy	Leland_Harris	un	17804830	392	0.227113906	0.28736	0.02808	2.94037	0.54158	0.04142	-1.00000	-1.00000
315863	Gandy	Leland_Harris	un	17807850	286	1.000000000	1.00000	0.05920	16.89051	0.00000	0.00000	-1.00000	-1.00000
317571	Gandy	Leland_Harris	un	17818779	103	0.104821803	0.20690	0.02165	1.97698	0.68425	0.06335	-1.00000	-1.00000
317683	Gandy	Leland_Harris	un	17819644	164	1.000000000	1.78571	0.15251	20.90852	0.25181	0.01681	-1.00000	-1.00000
318567	Gandy	Leland_Harris	un	17829983	127	0.010112034	0.08333	0.00958	0.72459	1.07918	0.13297	-1.00000	-1.00000
318659	Gandy	Leland_Harris	un	17833886	324	0.048259363	0.16129	0.01768	1.47141	0.79239	0.07937	-1.00000	-1.00000
318746	Gandy	Leland_Harris	un	17839434	266	0.461538462	0.41379	0.03533	4.84665	0.38322	0.02288	-1.00000	-1.00000
318855	Gandy	Leland_Harris	un	17845821	451	1.000000000	0.56000	0.04783	6.55691	0.25181	0.01681	-1.00000	-1.00000
318915	Gandy	Leland_Harris	un	17846196	28	0.670207706	2.00000	0.33418	11.96965	0.30103	0.01099	-1.00000	-1.00000
318920	Gandy	Leland_Harris	un	17847012	7	0.500000000	2.07692	0.17741	24.31412	0.31742	0.01961	-1.00000	-1.00000
319000	Gandy	Leland_Harris	un	17854287	173	0.444444444	0.38710	0.03311	4.52610	0.41218	0.02358	-1.00000	-1.00000
319148	Gandy	Leland_Harris	un	17863208	204	0.480000000	0.44444	0.03787	5.21605	0.35218	0.02211	-1.00000	-1.00000
319502	Gandy	Leland_Harris	un	17866510	356	1.000000000	1.93333	0.16614	22.49763	0.28631	0.01637	-1.00000	-1.00000
320559	Gandy	Leland_Harris	un	17870290	132	0.227113906	0.28736	0.02808	2.94037	0.54158	0.04142	-1.00000	-1.00000
324422	Gandy	Leland_Harris	un	17891977	86	0.003465046	0.08333	0.00958	0.72459	1.07918	0.17636	-1.00000	-1.00000
325661	Gandy	Leland_Harris	un	17896664	7	0.500000000	2.08333	0.17711	24.50678	0.31876	0.02128	-1.00000	-1.00000
325663	Gandy	Leland_Harris	un	17897472	37	0.000000000	167.39999	18.39707	1523.21863	2.22376	0.76471	-1.00000	-1.00000
325683	Gandy	Leland_Harris	un	17900654	48	0.766636805	1.28571	0.38926	4.24667	0.10914	0.00341	-1.00000	-1.00000
326015	Gandy	Leland_Harris	un	17908520	43	0.104821803	0.20690	0.02165	1.97698	0.68425	0.06335	-1.00000	-1.00000
326419	Gandy	Leland_Harris	un	17913568	392	1.000000000	0.52000	0.04432	6.10163	0.28400	0.01884	-1.00000	-1.00000
326657	Gandy	Leland_Harris	un	17917216	128	0.000428182	0.04667	0.00548	0.39759	1.33099	0.23866	-1.00000	-1.00000
326834	Gandy	Leland_Harris	un	17919136	367	0.491264850	0.33333	0.03259	3.40968	0.47712	0.03571	-1.00000	-1.00000
327587	Gandy	Leland_Harris	un	17929620	23	0.000003007	32.69231	3.90351	273.80167	1.51445	0.38095	-1.00000	-1.00000
327738	Gandy	Leland_Harris	un	17933232	320	0.228675136	0.29032	0.02849	2.95801	0.53712	0.03827	-1.00000	-1.00000
328164	Gandy	Leland_Harris	un	17937215	110	0.396583483	1.69231	0.52610	5.44362	0.22848	0.01633	-1.00000	-1.00000
328413	Gandy	Leland_Harris	un	17939603	119	0.013439958	0.10753	0.01203	0.96116	0.96848	0.12755	-1.00000	-1.00000
328456	Gandy	Leland_Harris	un	17941312	389	0.500000000	0.48276	0.04141	5.62819	0.31627	0.01818	-1.00000	-1.00000
330480	Gandy	Leland_Harris	un	17968593	28	0.444444444	2.58333	0.22094	30.20541	0.41218	0.02358	-1.00000	-1.00000
330733	Gandy	Leland_Harris	un	17970426	208	0.500000000	0.48276	0.04141	5.62819	0.31627	0.01818	-1.00000	-1.00000
331082	Gandy	Leland_Harris	un	17974176	51	0.000305051	0.05556	0.00663	0.46536	1.25527	0.23754	-1.00000	-1.00000
331181	Gandy	Leland_Harris	un	17976783	288	1.000000000	0.56000	0.04783	6.55691	0.25181	0.01681	-1.00000	-1.00000
331245	Gandy	Leland_Harris	un	17977608	270	0.055222089	0.17037	0.01854	1.56542	0.76861	0.08333	-1.00000	-1.00000
331292	Gandy	Leland_Harris	un	17979997	139	0.000002091	36.81818	4.32211	313.63794	1.56606	0.42130	-1.00000	-1.00000
331453	Gandy	Leland_Harris	un	17986866	87	0.033599894	0.13548	0.01475	1.24418	0.86811	0.10000	-1.00000	-1.00000
331663	Gandy	Leland_Harris	un	17997737	16	0.002836355	0.08065	0.00936	0.69479	1.09342	0.16484	-1.00000	-1.00000
332598	Gandy	Leland_Harris	un	18020243	74	0.000020450	33.33333	3.94401	281.72150	1.52288	0.32876	-1.00000	-1.00000
332761	Gandy	Leland_Harris	un	18025171	327	0.225306122	0.28395	0.02761	2.92002	0.54676	0.04514	-1.00000	-1.00000
333108	Gandy	Leland_Harris	un	18027258	13	1.000000000	0.90000	0.24565	3.29733	0.04576	0.00051	-1.00000	-1.00000
333777	Gandy	Leland_Harris	un	18031535	412	0.482758621	0.45161	0.03880	5.25593	0.34523	0.01880	-1.00000	-1.00000
334175	Gandy	Leland_Harris	un	18035963	178	0.461538462	2.41667	0.20633	28.30581	0.38322	0.02288	-1.00000	-1.00000
335144	Gandy	Leland_Harris	un	18068604	339	0.480000000	0.44444	0.03787	5.21605	0.35218	0.02211	-1.00000	-1.00000
335235	Gandy	Leland_Harris	un	18071085	292	0.103265306	0.20370	0.02120	1.95699	0.69100	0.06915	-1.00000	-1.00000
335290	Gandy	Leland_Harris	un	18072512	201	0.617647059	0.48000	0.04081	5.64636	0.31876	0.00680	-1.00000	-1.00000
335784	Gandy	Leland_Harris	un	18089533	69	0.000849212	12.00000	2.37093	60.73568	1.07918	0.21432	-1.00000	-1.00000
335834	Gandy	Leland_Harris	un	18092078	144	0.000000326	47.22222	5.46805	407.81201	1.67415	0.50000	-1.00000	-1.00000
336008	Gandy	Leland_Harris	un	18096993	176	0.602040816	0.44000	0.03729	5.19112	0.35655	0.00891	-1.00000	-1.00000
336130	Gandy	Leland_Harris	un	18100182	61	1.000000000	0.92000	0.05434	15.57603	0.03621	0.00007	-1.00000	-1.00000
336284	Gandy	Leland_Harris	un	18106102	72	0.482758621	2.21429	0.19026	25.77014	0.34523	0.01880	-1.00000	-1.00000
336465	Gandy	Leland_Harris	un	18110517	416	0.093795094	0.19355	0.02029	1.84594	0.71321	0.06531	-1.00000	-1.00000
336561	Gandy	Leland_Harris	un	18115463	359	0.493506494	0.35802	0.03507	3.65452	0.44609	0.03210	-1.00000	-1.00000
336566	Gandy	Leland_Harris	un	18116441	490	0.500000000	0.48148	0.04113	5.63661	0.31742	0.01961	-1.00000	-1.00000
336708	Gandy	Leland_Harris	un	18121955	146	0.051107251	0.14667	0.01636	1.31471	0.83367	0.10256	-1.00000	-1.00000
336751	Gandy	Leland_Harris	un	18124715	468	1.000000000	0.86207	0.05123	14.50627	0.06446	0.00019	-1.00000	-1.00000
336941	Gandy	Leland_Harris	un	18130299	301	0.245454545	0.31034	0.03040	3.16783	0.50816	0.03704	-1.00000	-1.00000
337118	Gandy	Leland_Harris	un	18136722	438	0.500000000	0.48148	0.04113	5.63661	0.31742	0.01961	-1.00000	-1.00000
337635	Gandy	Leland_Harris	un	18158327	330	1.000000000	0.92000	0.05434	15.57603	0.03621	0.00007	-1.00000	-1.00000
337719	Gandy	Leland_Harris	un	18159839	222	0.500000000	0.48148	0.04113	5.63661	0.31742	0.01961	-1.00000	-1.00000
337950	Gandy	Leland_Harris	un	18163694	46	0.002232736	0.08000	0.00943	0.67867	1.09691	0.17940	-1.00000	-1.00000
338995	Gandy	Leland_Harris	un	18171703	133	0.228675136	0.29032	0.02849	2.95801	0.53712	0.03827	-1.00000	-1.00000
341540	Gandy	Leland_Harris	un	18183067	29	0.000000139	67.85714	7.68150	599.43909	1.83160	0.50625	-1.00000	-1.00000
342789	Gandy	Leland_Harris	un	18201495	332	0.464285714	0.41935	0.03596	4.89101	0.37742	0.02098	-1.00000	-1.00000
342874	Gandy	Leland_Harris	un	18207564	9	0.010221967	0.15556	0.03676	0.65833	0.80811	0.13546	-1.00000	-1.00000
342880	Gandy	Leland_Harris	un	18208612	170	1.000000000	0.52000	0.04432	6.10163	0.28400	0.01884	-1.00000	-1.00000
343323	Gandy	Leland_Harris	un	18221147	473	1.000000000	1.00000	0.05920	16.89051	0.00000	0.00000	-1.00000	-1.00000
343650	Gandy	Leland_Harris	un	18235525	38	1.000000000	1.07692	0.21664	5.35342	0.03218	0.00015	-1.00000	-1.00000
344069	Gandy	Leland_Harris	un	18245253	8	0.000706867	0.06093	0.00710	0.52259	1.21516	0.21739	-1.00000	-1.00000
344381	Gandy	Leland_Harris	un	18250753	8	0.500000000	0.48276	0.04141	5.62819	0.31627	0.01818	-1.00000	-1.00000
344700	Gandy	Leland_Harris	un	18254780	64	0.000046796	23.40000	2.78171	196.84299	1.36922	0.30000	-1.00000	-1.00000
344737	Gandy	Leland_Harris	un	18255835	352	0.491833031	0.33333	0.03272	3.39531	0.47712	0.03333	-1.00000	-1.00000
344784	Gandy	Leland_Harris	un	18257476	455	1.000000000	1.08000	0.06407	18.20505	0.03342	0.00005	-1.00000	-1.00000
345359	Gandy	Leland_Harris	un	18276940	419	0.118181818	0.22414	0.02352	2.13589	0.64948	0.05660	-1.00000	-1.00000
345473	Gandy	Leland_Harris	un	18279992	245	0.023501224	8.21739	0.94023	71.81789	0.91473	0.11607	-1.00000	-1.00000
346025	Gandy	Leland_Harris	un	18291721	42	0.464285714	0.41935	0.03596	4.89101	0.37742	0.02098	-1.00000	-1.00000
347155	Gandy	Leland_Harris	un	18320454	12	0.345626405	0.50000	0.12951	1.93033	0.30103	0.01984	-1.00000	-1.00000
347654	Gandy	Leland_Harris	un	18334439	279	0.000004013	33.33333	3.94401	281.72150	1.52288	0.39560	-1.00000	-1.00000
347761	Gandy	Leland_Harris	un	18337269	147	0.000000121	69.00000	7.82145	608.71069	1.83885	0.51086	-1.00000	-1.00000
350566	Gandy	Leland_Harris	un	18361143	138	0.227113906	0.28736	0.02808	2.94037	0.54158	0.04142	-1.00000	-1.00000
351570	Gandy	Leland_Harris	un	18372640	428	1.000000000	1.66667	0.14261	19.47836	0.22185	0.01509	-1.00000	-1.00000
352621	Gandy	Leland_Harris	un	18386973	385	1.000000000	1.92857	0.16509	22.52900	0.28524	0.01752	-1.00000	-1.00000
353785	Gandy	Leland_Harris	un	18400456	285	0.482758621	0.45161	0.03880	5.25593	0.34523	0.01880	-1.00000	-1.00000
354889	Gandy	Leland_Harris	un	18427085	329	0.227113906	0.28736	0.02808	2.94037	0.54158	0.04142	-1.00000	-1.00000
355048	Gandy	Leland_Harris	un	18430194	156	0.496855346	0.38667	0.03779	3.95656	0.41266	0.03077	-1.00000	-1.00000
355064	Gandy	Leland_Harris	un	18431660	47	0.000000010	58.80000	10.37524	333.23962	1.76938	0.56431	-1.00000	-1.00000
355151	Gandy	Leland_Harris	un	18432581	35	1.000000000	0.51852	0.04439	6.05718	0.28524	0.01752	-1.00000	-1.00000
355416	Gandy	Leland_Harris	un	18433350	67	0.048259363	0.16129	0.01768	1.47141	0.79239	0.07937	-1.00000	-1.00000
355566	Gandy	Leland_Harris	un	18438844	109	0.000020450	33.33333	3.94401	281.72150	1.52288	0.32876	-1.00000	-1.00000
355635	Gandy	Leland_Harris	un	18440522	240	0.054609929	5.95238	0.64385	55.02943	0.77469	0.09091	-1.00000	-1.00000
355914	Gandy	Leland_Harris	un	18450583	12	0.000062894	0.04571	0.00547	0.38223	1.33995	0.28571	-1.00000	-1.00000
355932	Gandy	Leland_Harris	un	18452469	406	0.490612245	0.33333	0.03243	3.42639	0.47712	0.03846	-1.00000	-1.00000
356056	Gandy	Leland_Harris	un	18454911	407	1.000000000	0.56000	0.04783	6.55691	0.25181	0.01681	-1.00000	-1.00000
356156	Gandy	Leland_Harris	un	18460463	366	0.480000000	2.25000	0.19172	26.40626	0.35218	0.02211	-1.00000	-1.00000
356271	Gandy	Leland_Harris	un	18466339	590	1.000000000	1.00000	0.05893	16.97048	0.00000	0.00000	-1.00000	-1.00000
356434	Gandy	Leland_Harris	un	18471653	281	1.000000000	0.51724	0.04445	6.01898	0.28631	0.01637	-1.00000	-1.00000
356449	Gandy	Leland_Harris	un	18472561	422	1.000000000	0.75000	0.11538	4.87505	0.12494	0.00163	-1.00000	-1.00000
356464	Gandy	Leland_Harris	un	18472961	9	0.030694149	0.10145	0.01183	0.87010	0.99375	0.10920	-1.00000	-1.00000
356913	Gandy	Leland_Harris	un	18486927	263	0.461538462	0.41379	0.03533	4.84665	0.38322	0.02288	-1.00000	-1.00000
357079	Gandy	Leland_Harris	un	18492866	443	0.500000000	0.48000	0.04081	5.64636	0.31876	0.02128	-1.00000	-1.00000
357778	Gandy	Leland_Harris	un	18502800	76	1.000000000	1.28205	0.26028	6.31506	0.10791	0.00161	-1.00000	-1.00000
357971	Gandy	Leland_Harris	un	18511154	531	1.000000000	1.78571	0.15251	20.90852	0.25181	0.01681	-1.00000	-1.00000
358003	Gandy	Leland_Harris	un	18511718	267	1.000000000	1.26087	0.07475	21.26724	0.10067	0.00048	-1.00000	-1.00000
358090	Gandy	Leland_Harris	un	18514389	9	1.000000000	1.00000	0.34213	2.92291	0.00000	0.00000	-1.00000	-1.00000
358935	Gandy	Leland_Harris	un	18527961	474	1.000000000	0.51852	0.04439	6.05718	0.28524	0.01752	-1.00000	-1.00000
359456	Gandy	Leland_Harris	un	18539777	378	0.245098039	3.24000	0.31597	33.22326	0.51055	0.04000	-1.00000	-1.00000
359459	Gandy	Leland_Harris	un	18540709	481	0.208144796	0.26437	0.02576	2.71292	0.57779	0.04667	-1.00000	-1.00000
359701	Gandy	Leland_Harris	un	18542001	64	0.000006950	40.60000	4.71814	349.36679	1.60853	0.37231	-1.00000	-1.00000
359771	Gandy	Leland_Harris	un	18542899	148	0.245098039	0.30864	0.03010	3.16484	0.51055	0.04000	-1.00000	-1.00000
361174	Gandy	Leland_Harris	un	18553086	94	0.000005518	20.25000	4.72731	86.74326	1.30642	0.37231	-1.00000	-1.00000
363150	Gandy	Leland_Harris	un	18559351	221	0.106170599	4.76923	0.50143	45.36166	0.67845	0.05844	-1.00000	-1.00000
364892	Gandy	Leland_Harris	un	18572718	71	0.480000000	0.44444	0.03787	5.21605	0.35218	0.02211	-1.00000	-1.00000
365404	Gandy	Leland_Harris	un	18578491	185	0.481481481	2.23077	0.19093	26.06312	0.34845	0.02032	-1.00000	-1.00000
365446	Gandy	Leland_Harris	un	18582710	473	0.227113906	0.28736	0.02808	2.94037	0.54158	0.04142	-1.00000	-1.00000
365455	Gandy	Leland_Harris	un	18583294	230	0.481481481	0.44828	0.03837	5.23742	0.34845	0.02032	-1.00000	-1.00000
365545	Gandy	Leland_Harris	un	18590550	120	0.106170599	0.20968	0.02205	1.99431	0.67845	0.05844	-1.00000	-1.00000
365731	Gandy	Leland_Harris	un	18595401	283	0.008470111	9.94737	1.12900	87.64407	0.99771	0.14773	-1.00000	-1.00000
366078	Gandy	Leland_Harris	un	18606336	48	0.039250162	0.14483	0.01574	1.33255	0.83915	0.09722	-1.00000	-1.00000
366124	Gandy	Leland_Harris	un	18607932	99	0.007090887	0.09677	0.01108	0.84530	1.01424	0.13846	-1.00000	-1.00000
366156	Gandy	Leland_Harris	un	18609707	306	1.000000000	0.51724	0.04445	6.01898	0.28631	0.01637	-1.00000	-1.00000
366226	Gandy	Leland_Harris	un	18612699	242	1.000000000	1.92308	0.16389	22.56519	0.28400	0.01884	-1.00000	-1.00000
366349	Gandy	Leland_Harris	un	18614361	225	0.481481481	0.44828	0.03837	5.23742	0.34845	0.02032	-1.00000	-1.00000
366367	Gandy	Leland_Harris	un	18616386	585	0.500000000	0.48000	0.04081	5.64636	0.31876	0.02128	-1.00000	-1.00000
366503	Gandy	Leland_Harris	un	18622154	333	0.500000000	2.06667	0.17791	24.00734	0.31527	0.01695	-1.00000	-1.00000
366510	Gandy	Leland_Harris	un	18623499	80	0.240259740	3.85714	0.40483	36.75010	0.58627	0.04906	-1.00000	-1.00000
367056	Gandy	Leland_Harris	un	18630948	299	0.444444444	0.38710	0.03311	4.52610	0.41218	0.02358	-1.00000	-1.00000
367237	Gandy	Leland_Harris	un	18633410	331	0.001768977	13.88889	1.62905	118.41340	1.14267	0.20263	-1.00000	-1.00000
367984	Gandy	Leland_Harris	un	18638519	91	0.091583710	5.27273	0.55003	50.54564	0.72204	0.07143	-1.00000	-1.00000
368715	Gandy	Leland_Harris	un	18649427	398	1.000000000	0.51852	0.04439	6.05718	0.28524	0.01752	-1.00000	-1.00000
368720	Gandy	Leland_Harris	un	18650844	303	0.500000000	0.48276	0.04141	5.62819	0.31627	0.01818	-1.00000	-1.00000
368898	Gandy	Leland_Harris	un	18653824	45	0.482758621	0.45161	0.03880	5.25593	0.34523	0.01880	-1.00000	-1.00000
368964	Gandy	Leland_Harris	un	18655708	407	0.500000000	0.48000	0.04081	5.64636	0.31876	0.02128	-1.00000	-1.00000
369000	Gandy	Leland_Harris	un	18657151	304	1.000000000	0.51724	0.04445	6.01898	0.28631	0.01637	-1.00000	-1.00000
369098	Gandy	Leland_Harris	un	18661391	426	0.500000000	0.48276	0.04141	5.62819	0.31627	0.01818	-1.00000	-1.00000
369379	Gandy	Leland_Harris	un	18662806	268	1.000000000	1.92308	0.16389	22.56519	0.28400	0.01884	-1.00000	-1.00000
369852	Gandy	Leland_Harris	un	18670903	535	1.000000000	0.85185	0.05042	14.39326	0.06964	0.00024	-1.00000	-1.00000
370208	Gandy	Leland_Harris	un	18673228	469	1.000000000	0.52000	0.04432	6.10163	0.28400	0.01884	-1.00000	-1.00000
370560	Gandy	Leland_Harris	un	18679812	80	0.464285714	2.38462	0.20446	27.81217	0.37742	0.02098	-1.00000	-1.00000
370626	Gandy	Leland_Harris	un	18683996	52	1.000000000	1.08000	0.06407	18.20505	0.03342	0.00005	-1.00000	-1.00000
370642	Gandy	Leland_Harris	un	18685219	492	0.227113906	0.28736	0.02808	2.94037	0.54158	0.04142	-1.00000	-1.00000
370882	Gandy	Leland_Harris	un	18685555	32	0.001433399	8.18182	2.19946	30.43567	0.91285	0.20626	-1.00000	-1.00000
371008	Gandy	Leland_Harris	un	18687032	29	0.117647059	0.22222	0.02321	2.12804	0.65321	0.06122	-1.00000	-1.00000
371841	Gandy	Leland_Harris	un	18695323	58	0.245762712	0.31183	0.03067	3.17041	0.50608	0.03448	-1.00000	-1.00000
373304	Gandy	Leland_Harris	un	18711319	158	0.093795094	5.16667	0.54173	49.27621	0.71321	0.06531	-1.00000	-1.00000
373370	Gandy	Leland_Harris	un	18713986	485	0.500000000	0.48148	0.04113	5.63661	0.31742	0.01961	-1.00000	-1.00000
374370	Gandy	Leland_Harris	un	18721166	59	1.000000000	1.00000	0.35699	2.80122	0.00000	0.00000	-1.00000	-1.00000
375658	Gandy	Leland_Harris	un	18742021	19	0.000000000	137.50000	14.27645	1324.29639	2.13830	0.77778	-1.00000	-1.00000
375670	Gandy	Leland_Harris	un	18742986	264	0.227113906	0.28736	0.02808	2.94037	0.54158	0.04142	-1.00000	-1.00000
376035	Gandy	Leland_Harris	un	18757145	14	0.237523899	2.42857	0.73915	7.97937	0.38535	0.04537	-1.00000	-1.00000
376139	Gandy	Leland_Harris	un	18761570	324	0.000000000	159.50000	16.63843	1529.00562	2.20276	0.79032	-1.00000	-1.00000
376157	Gandy	Leland_Harris	un	18762904	52	0.000000000	95.28571	10.92729	830.88916	1.97903	0.64706	-1.00000	-1.00000
376373	Gandy	Leland_Harris	un	18770491	44	0.228675136	3.44444	0.33807	35.09441	0.53712	0.03827	-1.00000	-1.00000
382572	Gandy	Leland_Harris	un	18814217	129	0.000156987	25.00000	2.96594	210.72560	1.39794	0.26509	-1.00000	-1.00000
382844	Gandy	Leland_Harris	un	18817104	530	1.000000000	1.08696	0.06420	18.40268	0.03621	0.00007	-1.00000	-1.00000
385683	Gandy	Leland_Harris	un	18836583	202	1.000000000	0.51852	0.04439	6.05718	0.28524	0.01752	-1.00000	-1.00000
392526	Gandy	Leland_Harris	un	18852062	432	1.000000000	1.78571	0.15251	20.90852	0.25181	0.01681	-1.00000	-1.00000
405271	Gandy	Leland_Harris	un	18858990	419	0.464285714	2.38462	0.20446	27.81217	0.37742	0.02098	-1.00000	-1.00000
427203	Gandy	Leland_Harris	un	18875776	89	0.500000000	2.07692	0.17741	24.31412	0.31742	0.01961	-1.00000	-1.00000
428045	Gandy	Leland_Harris	un	18885061	25	1.000000000	1.92308	0.16389	22.56519	0.28400	0.01884	-1.00000	-1.00000
428059	Gandy	Leland_Harris	un	18885892	80	0.021448606	0.12903	0.01454	1.14498	0.88930	0.10108	-1.00000	-1.00000
428343	Gandy	Leland_Harris	un	18889942	388	1.000000000	1.92857	0.16509	22.52900	0.28524	0.01752	-1.00000	-1.00000
429827	Gandy	Leland_Harris	un	18895123	10	0.396728053	0.38462	0.06391	2.31454	0.41497	0.02208	-1.00000	-1.00000
430627	Gandy	Leland_Harris	un	18901094	398	0.491264850	3.00000	0.29328	30.68711	0.47712	0.03571	-1.00000	-1.00000
431296	Gandy	Leland_Harris	un	18905565	25	0.461538462	0.41379	0.03533	4.84665	0.38322	0.02288	-1.00000	-1.00000
432826	Gandy	Leland_Harris	un	18913966	290	0.033599894	0.13548	0.01475	1.24418	0.86811	0.10000	-1.00000	-1.00000
433760	Gandy	Leland_Harris	un	18918810	313	0.009307886	0.10599	0.01218	0.92241	0.97473	0.12363	-1.00000	-1.00000
435366	Gandy	Leland_Harris	un	18926295	389	1.000000000	1.17391	0.06948	19.83494	0.06964	0.00024	-1.00000	-1.00000
435934	Gandy	Leland_Harris	un	18932204	453	0.500000000	0.48276	0.04141	5.62819	0.31627	0.01818	-1.00000	-1.00000
435936	Gandy	Leland_Harris	un	18932702	182	0.491264850	0.33333	0.03259	3.40968	0.47712	0.03571	-1.00000	-1.00000
436852	Gandy	Leland_Harris	un	18943780	57	0.000006472	0.03448	0.00418	0.28457	1.46240	0.32558	-1.00000	-1.00000
436906	Gandy	Leland_Harris	un	18946176	13	0.000026077	0.03763	0.00445	0.31841	1.42441	0.31977	-1.00000	-1.00000
438898	Gandy	Leland_Harris	un	18965018	151	0.011437374	0.11000	0.01273	0.95040	0.95861	0.13333	-1.00000	-1.00000
439320	Gandy	Leland_Harris	un	18966457	51	0.000080714	0.04598	0.00547	0.38665	1.33746	0.27549	-1.00000	-1.00000
439915	Gandy	Leland_Harris	un	18973120	300	0.055746141	5.80000	0.63455	53.01424	0.76343	0.07692	-1.00000	-1.00000
441486	Gandy	Leland_Harris	un	18995746	349	0.211038961	0.26882	0.02632	2.74562	0.57054	0.04274	-1.00000	-1.00000
441520	Gandy	Leland_Harris	un	18997319	298	0.117647059	4.50000	0.46992	43.09288	0.65321	0.06122	-1.00000	-1.00000
441523	Gandy	Leland_Harris	un	18998054	231	0.493506494	0.35802	0.03507	3.65452	0.44609	0.03210	-1.00000	-1.00000
444724	Gandy	Leland_Harris	un	19015474	111	0.245454545	0.31034	0.03040	3.16783	0.50816	0.03704	-1.00000	-1.00000
446142	Gandy	Leland_Harris	un	19022110	287	0.500000000	2.07692	0.17741	24.31412	0.31742	0.01961	-1.00000	-1.00000
448275	Gandy	Leland_Harris	un	19025870	66	0.481481481	0.44828	0.03837	5.23742	0.34845	0.02032	-1.00000	-1.00000
450306	Gandy	Leland_Harris	un	19032564	390	0.491264850	0.33333	0.03259	3.40968	0.47712	0.03571	-1.00000	-1.00000
454037	Gandy	Leland_Harris	un	19050577	481	1.000000000	0.52000	0.04432	6.10163	0.28400	0.01884	-1.00000	-1.00000
456298	Gandy	Leland_Harris	un	19061835	402	0.227113906	0.28736	0.02808	2.94037	0.54158	0.04142	-1.00000	-1.00000
459120	Gandy	Leland_Harris	un	19072337	548	0.617021277	0.47826	0.04043	5.65781	0.32034	0.00741	-1.00000	-1.00000
462900	Gandy	Leland_Harris	un	19090837	185	0.052549084	6.69231	0.75483	59.33385	0.82558	0.08805	-1.00000	-1.00000
463691	Gandy	Leland_Harris	un	19093955	234	1.000000000	0.93103	0.05544	15.63520	0.03103	0.00004	-1.00000	-1.00000
463814	Gandy	Leland_Harris	un	19094902	414	1.000000000	1.08000	0.06407	18.20505	0.03342	0.00005	-1.00000	-1.00000
464606	Gandy	Leland_Harris	un	19099788	484	1.000000000	0.51852	0.04439	6.05718	0.28524	0.01752	-1.00000	-1.00000
465102	Gandy	Leland_Harris	un	19101698	27	0.118181818	0.22414	0.02352	2.13589	0.64948	0.05660	-1.00000	-1.00000
465535	Gandy	Leland_Harris	un	19106858	475	1.000000000	1.66667	0.14261	19.47836	0.22185	0.01509	-1.00000	-1.00000
467549	Gandy	Leland_Harris	un	19120285	328	1.000000000	0.51724	0.04445	6.01898	0.28631	0.01637	-1.00000	-1.00000
467934	Gandy	Leland_Harris	un	19126408	75	0.051876516	0.14815	0.01663	1.32015	0.82930	0.09475	-1.00000	-1.00000
467996	Gandy	Leland_Harris	un	19127946	65	0.000000000	159.50000	16.63843	1529.00562	2.20276	0.79032	-1.00000	-1.00000
468380	Gandy	Leland_Harris	un	19131188	344	0.491833031	0.33333	0.03272	3.39531	0.47712	0.03333	-1.00000	-1.00000
468492	Gandy	Leland_Harris	un	19131715	48	0.070187549	0.28099	0.07599	1.03907	0.55131	0.07109	-1.00000	-1.00000
468571	Gandy	Leland_Harris	un	19132572	9	0.041229845	0.18182	0.03395	0.97362	0.74036	0.09474	-1.00000	-1.00000
470521	Gandy	Leland_Harris	un	19148442	232	1.000000000	1.78571	0.15251	20.90852	0.25181	0.01681	-1.00000	-1.00000
470978	Gandy	Leland_Harris	un	19152755	501	1.000000000	1.78571	0.15251	20.90852	0.25181	0.01681	-1.00000	-1.00000
472868	Gandy	Leland_Harris	un	19167059	318	0.481481481	2.23077	0.19093	26.06312	0.34845	0.02032	-1.00000	-1.00000
473225	Gandy	Leland_Harris	un	19170637	398	0.482758621	0.45161	0.03880	5.25593	0.34523	0.01880	-1.00000	-1.00000
473289	Gandy	Leland_Harris	un	19172301	411	0.500000000	0.48000	0.04081	5.64636	0.31876	0.02128	-1.00000	-1.00000
473360	Gandy	Leland_Harris	un	19172743	13	0.076528683	0.30000	0.08915	1.00959	0.52288	0.07853	-1.00000	-1.00000
478992	Gandy	Leland_Harris	un	19222978	339	0.208144796	0.26437	0.02576	2.71292	0.57779	0.04667	-1.00000	-1.00000
479209	Gandy	Leland_Harris	un	19225545	469	1.000000000	0.79310	0.04702	13.37737	0.10067	0.00048	-1.00000	-1.00000
480353	Gandy	Leland_Harris	un	19235828	473	0.490612245	0.33333	0.03243	3.42639	0.47712	0.03846	-1.00000	-1.00000
481054	Gandy	Leland_Harris	un	19239905	17	0.111055145	0.18400	0.01997	1.69499	0.73518	0.08027	-1.00000	-1.00000
481634	Gandy	Leland_Harris	un	19242285	54	0.000000326	47.22222	5.46805	407.81201	1.67415	0.50000	-1.00000	-1.00000
482242	Gandy	Leland_Harris	un	19247306	325	0.464285714	0.41935	0.03596	4.89101	0.37742	0.02098	-1.00000	-1.00000
483272	Gandy	Leland_Harris	un	19255310	28	0.208144796	0.26437	0.02576	2.71292	0.57779	0.04667	-1.00000	-1.00000
483817	Gandy	Leland_Harris	un	19257926	334	1.000000000	0.55556	0.04765	6.47777	0.25527	0.01576	-1.00000	-1.00000
484947	Gandy	Leland_Harris	un	19262791	479	0.461538462	0.41379	0.03533	4.84665	0.38322	0.02288	-1.00000	-1.00000
485465	Gandy	Leland_Harris	un	19263975	70	0.020060790	0.12346	0.01375	1.10819	0.90848	0.12037	-1.00000	-1.00000
485537	Gandy	Leland_Harris	un	19265126	366	0.464285714	0.41935	0.03596	4.89101	0.37742	0.02098	-1.00000	-1.00000
486565	Gandy	Leland_Harris	un	19271589	479	1.000000000	1.00000	0.05920	16.89051	0.00000	0.00000	-1.00000	-1.00000
487983	Gandy	Leland_Harris	un	19278732	498	0.500000000	0.48000	0.04081	5.64636	0.31876	0.02128	-1.00000	-1.00000
488962	Gandy	Leland_Harris	un	19286122	148	0.000094312	0.04839	0.00580	0.40356	1.31527	0.25076	-1.00000	-1.00000
495585	Gandy	Leland_Harris	un	19307567	221	0.500000000	0.48148	0.04113	5.63661	0.31742	0.01961	-1.00000	-1.00000
496922	Gandy	Leland_Harris	un	19311161	561	1.000000000	1.00000	0.05920	16.89051	0.00000	0.00000	-1.00000	-1.00000
499823	Gandy	Leland_Harris	un	19321419	385	0.500000000	0.48148	0.04113	5.63661	0.31742	0.01961	-1.00000	-1.00000
502746	Gandy	Leland_Harris	un	19333885	308	1.000000000	1.92857	0.16509	22.52900	0.28524	0.01752	-1.00000	-1.00000
505147	Gandy	Leland_Harris	un	19365872	6	0.000038815	0.04000	0.00470	0.34051	1.39794	0.33333	-1.00000	-1.00000
505530	Gandy	Leland_Harris	un	19368875	496	0.480000000	2.25000	0.19172	26.40626	0.35218	0.02211	-1.00000	-1.00000
505588	Gandy	Leland_Harris	un	19370209	243	1.000000000	0.52000	0.04432	6.10163	0.28400	0.01884	-1.00000	-1.00000
505740	Gandy	Leland_Harris	un	19372930	468	0.245454545	0.31034	0.03040	3.16783	0.50816	0.03704	-1.00000	-1.00000
505975	Gandy	Leland_Harris	un	19377454	462	0.480000000	0.44444	0.03787	5.21605	0.35218	0.02211	-1.00000	-1.00000
506434	Gandy	Leland_Harris	un	19383272	307	0.464285714	0.41935	0.03596	4.89101	0.37742	0.02098	-1.00000	-1.00000
507221	Gandy	Leland_Harris	un	19392054	228	0.482758621	0.45161	0.03880	5.25593	0.34523	0.01880	-1.00000	-1.00000
509088	Gandy	Leland_Harris	un	19396006	252	0.482758621	0.45161	0.03880	5.25593	0.34523	0.01880	-1.00000	-1.00000
512008	Gandy	Leland_Harris	un	19408323	472	1.000000000	0.92308	0.12039	7.07785	0.03476	0.00011	-1.00000	-1.00000
515600	Gandy	Leland_Harris	un	19418362	499	1.000000000	0.79310	0.04702	13.37737	0.10067	0.00048	-1.00000	-1.00000
523185	Gandy	Leland_Harris	un	19430877	86	0.000273662	0.05333	0.00631	0.45075	1.27300	0.26036	-1.00000	-1.00000
527878	Gandy	Leland_Harris	un	19437236	342	0.482758621	0.45161	0.03880	5.25593	0.34523	0.01880	-1.00000	-1.00000
528311	Gandy	Leland_Harris	un	19440608	499	1.000000000	1.08000	0.06407	18.20505	0.03342	0.00005	-1.00000	-1.00000
528339	Gandy	Leland_Harris	un	19447044	430	1.000000000	0.85185	0.05042	14.39326	0.06964	0.00024	-1.00000	-1.00000
528377	Gandy	Leland_Harris	un	19457800	185	1.000000000	1.80000	0.15437	20.98797	0.25527	0.01576	-1.00000	-1.00000
528408	Gandy	Leland_Harris	un	19466464	10	0.016427684	0.13889	0.02634	0.73227	0.85733	0.12924	-1.00000	-1.00000
528415	Gandy	Leland_Harris	un	19468985	226	0.461538462	0.41379	0.03533	4.84665	0.38322	0.02288	-1.00000	-1.00000
528446	Gandy	Leland_Harris	un	19475496	193	0.461538462	0.41379	0.03533	4.84665	0.38322	0.02288	-1.00000	-1.00000
528466	Gandy	Leland_Harris	un	19482174	131	0.227113906	0.28736	0.02808	2.94037	0.54158	0.04142	-1.00000	-1.00000
528493	Gandy	Leland_Harris	un	19491404	7	0.025728988	0.13793	0.01551	1.22635	0.86034	0.09804	-1.00000	-1.00000
528534	Gandy	Leland_Harris	un	19497046	69	0.000123973	21.26667	2.50224	180.74677	1.32770	0.27778	-1.00000	-1.00000
528560	Gandy	Leland_Harris	un	19501905	23	0.763758486	1.33333	0.40406	4.39982	0.12494	0.00414	-1.00000	-1.00000
528606	Gandy	Leland_Harris	un	19517267	11	0.093795094	0.19355	0.02029	1.84594	0.71321	0.06531	-1.00000	-1.00000
528638	Gandy	Leland_Harris	un	19527861	127	0.079566986	0.22078	0.04057	1.20150	0.65604	0.07123	-1.00000	-1.00000
528652	Gandy	Leland_Harris	un	19530386	336	1.000000000	0.55556	0.04765	6.47777	0.25527	0.01576	-1.00000	-1.00000
528661	Gandy	Leland_Harris	un	19532551	61	0.500000000	0.48276	0.04141	5.62819	0.31627	0.01818	-1.00000	-1.00000
528679	Gandy	Leland_Harris	un	19539856	204	0.481481481	0.44828	0.03837	5.23742	0.34845	0.02032	-1.00000	-1.00000
528691	Gandy	Leland_Harris	un	19542108	94	0.055746141	0.17241	0.01886	1.57593	0.76343	0.07692	-1.00000	-1.00000
528733	Gandy	Leland_Harris	un	19553649	355	1.000000000	1.08696	0.06420	18.40268	0.03621	0.00007	-1.00000	-1.00000
528734	Gandy	Leland_Harris	un	19554277	144	0.481481481	0.44828	0.03837	5.23742	0.34845	0.02032	-1.00000	-1.00000
528766	Gandy	Leland_Harris	un	19564211	14	0.000335760	0.05724	0.00677	0.48417	1.24231	0.23810	-1.00000	-1.00000
528782	Gandy	Leland_Harris	un	19567658	350	0.500000000	0.48000	0.04081	5.64636	0.31876	0.02128	-1.00000	-1.00000
528802	Gandy	Leland_Harris	un	19569801	97	0.000000152	46.63636	5.54421	392.29208	1.66872	0.46429	-1.00000	-1.00000
528823	Gandy	Leland_Harris	un	19574785	279	1.000000000	1.00000	0.05920	16.89051	0.00000	0.00000	-1.00000	-1.00000
528879	Gandy	Leland_Harris	un	19588278	75	0.000046796	23.40000	2.78171	196.84299	1.36922	0.30000	-1.00000	-1.00000
528880	Gandy	Leland_Harris	un	19589373	269	0.117647059	4.50000	0.46992	43.09288	0.65321	0.06122	-1.00000	-1.00000
528996	Gandy	Leland_Harris	un	19615232	85	0.016354234	0.11494	0.01283	1.02946	0.93952	0.12411	-1.00000	-1.00000
529018	Gandy	Leland_Harris	un	19621018	435	0.481481481	0.44828	0.03837	5.23742	0.34845	0.02032	-1.00000	-1.00000
529058	Gandy	Leland_Harris	un	19636580	17	0.039250162	0.14483	0.01574	1.33255	0.83915	0.09722	-1.00000	-1.00000
529081	Gandy	Leland_Harris	un	19641637	403	0.480000000	2.25000	0.19172	26.40626	0.35218	0.02211	-1.00000	-1.00000
529083	Gandy	Leland_Harris	un	19642125	90	0.491833031	0.33333	0.03272	3.39531	0.47712	0.03333	-1.00000	-1.00000
529149	Gandy	Leland_Harris	un	19658891	225	0.491264850	3.00000	0.29328	30.68711	0.47712	0.03571	-1.00000	-1.00000
529263	Gandy	Leland_Harris	un	19673410	90	0.000034113	0.04218	0.00507	0.35083	1.37486	0.27950	-1.00000	-1.00000
529298	Gandy	Leland_Harris	un	19675390	467	1.000000000	0.51852	0.04439	6.05718	0.28524	0.01752	-1.00000	-1.00000
529300	Gandy	Leland_Harris	un	19676197	476	0.208144796	0.26437	0.02576	2.71292	0.57779	0.04667	-1.00000	-1.00000
529683	Gandy	Leland_Harris	un	19682790	145	1.000000000	1.10000	0.30479	3.96996	0.04139	0.00039	-1.00000	-1.00000
529899	Gandy	Leland_Harris	un	19687509	13	0.500000000	2.06667	0.17791	24.00734	0.31527	0.01695	-1.00000	-1.00000
530380	Gandy	Leland_Harris	un	19697106	384	0.461538462	0.41379	0.03533	4.84665	0.38322	0.02288	-1.00000	-1.00000
531071	Gandy	Leland_Harris	un	19707306	126	1.000000000	1.92308	0.16389	22.56519	0.28400	0.00517	-1.00000	-1.00000
531191	Gandy	Leland_Harris	un	19711249	117	0.481481481	0.44828	0.03837	5.23742	0.34845	0.02032	-1.00000	-1.00000
531193	Gandy	Leland_Harris	un	19711970	60	0.112015456	0.18519	0.02022	1.69642	0.73239	0.07429	-1.00000	-1.00000
531217	Gandy	Leland_Harris	un	19713607	81	1.000000000	0.51724	0.04445	6.01898	0.28631	0.01637	-1.00000	-1.00000
531835	Gandy	Leland_Harris	un	19729819	25	0.000000415	39.46154	4.75099	327.76617	1.59617	0.41053	-1.00000	-1.00000
531912	Gandy	Leland_Harris	un	19732239	141	0.066627498	0.27273	0.07243	1.02690	0.56427	0.07814	-1.00000	-1.00000
532689	Gandy	Leland_Harris	un	19756911	45	0.710888611	1.52174	0.32337	7.16110	0.18234	0.00548	-1.00000	-1.00000
532737	Gandy	Leland_Harris	un	19761281	333	1.000000000	0.55556	0.04765	6.47777	0.25527	0.01576	-1.00000	-1.00000
532870	Gandy	Leland_Harris	un	19766614	61	0.464285714	0.41935	0.03596	4.89101	0.37742	0.02098	-1.00000	-1.00000
533513	Gandy	Leland_Harris	un	19791950	216	0.500000000	0.48148	0.04113	5.63661	0.31742	0.01961	-1.00000	-1.00000
533535	Gandy	Leland_Harris	un	19792644	136	0.500000000	2.06667	0.17791	24.00734	0.31527	0.01695	-1.00000	-1.00000
533660	Gandy	Leland_Harris	un	19797343	80	1.000000000	1.80000	0.15437	20.98797	0.25527	0.01576	-1.00000	-1.00000
533907	Gandy	Leland_Harris	un	19806341	399	1.000000000	0.51852	0.04439	6.05718	0.28524	0.01752	-1.00000	-1.00000
533936	Gandy	Leland_Harris	un	19806803	23	1.000000000	0.99048	0.35271	2.78141	0.00416	0.00001	-1.00000	-1.00000
533938	Gandy	Leland_Harris	un	19807660	127	0.000977321	0.06513	0.00758	0.55974	1.18619	0.21212	-1.00000	-1.00000
533966	Gandy	Leland_Harris	un	19808405	87	0.444444444	0.38710	0.03311	4.52610	0.41218	0.02358	-1.00000	-1.00000
534102	Gandy	Leland_Harris	un	19821520	240	0.500000000	2.07692	0.17741	24.31412	0.31742	0.01961	-1.00000	-1.00000
534125	Gandy	Leland_Harris	un	19822865	109	0.112852665	0.18621	0.02042	1.69763	0.73000	0.06914	-1.00000	-1.00000
534189	Gandy	Leland_Harris	un	19828215	467	1.000000000	1.78571	0.15251	20.90852	0.25181	0.01681	-1.00000	-1.00000
534457	Gandy	Leland_Harris	un	19841718	275	0.208144796	0.26437	0.02576	2.71292	0.57779	0.04667	-1.00000	-1.00000
534460	Gandy	Leland_Harris	un	19842328	58	0.780806016	1.33333	0.44575	3.98826	0.12494	0.00510	-1.00000	-1.00000
534515	Gandy	Leland_Harris	un	19845665	110	0.102451234	2.66667	0.86004	8.26836	0.42597	0.05669	-1.00000	-1.00000
534663	Gandy	Leland_Harris	un	19852267	360	0.500000000	0.48148	0.04113	5.63661	0.31742	0.01961	-1.00000	-1.00000
534717	Gandy	Leland_Harris	un	19854849	513	0.480000000	0.44444	0.03787	5.21605	0.35218	0.02211	-1.00000	-1.00000
534753	Gandy	Leland_Harris	un	19856421	462	0.500000000	2.07692	0.17741	24.31412	0.31742	0.01961	-1.00000	-1.00000
534757	Gandy	Leland_Harris	un	19856747	13	0.001501515	0.07280	0.00852	0.62214	1.13789	0.18729	-1.00000	-1.00000
534765	Gandy	Leland_Harris	un	19858626	300	0.500000000	0.48276	0.04141	5.62819	0.31627	0.01818	-1.00000	-1.00000
534828	Gandy	Leland_Harris	un	19860859	137	0.000034113	0.04218	0.00507	0.35083	1.37486	0.27950	-1.00000	-1.00000
534831	Gandy	Leland_Harris	un	19861620	63	0.751340119	0.79710	0.21230	2.99274	0.09849	0.00202	-1.00000	-1.00000
535024	Gandy	Leland_Harris	un	19867973	508	1.000000000	1.92308	0.16389	22.56519	0.28400	0.01884	-1.00000	-1.00000
535333	Gandy	Leland_Harris	un	19875032	129	0.227113906	0.28736	0.02808	2.94037	0.54158	0.04142	-1.00000	-1.00000
535391	Gandy	Leland_Harris	un	19879607	68	0.245098039	3.24000	0.31597	33.22326	0.51055	0.04000	-1.00000	-1.00000
535473	Gandy	Leland_Harris	un	19882001	15	0.000110472	21.42857	2.51518	182.56502	1.33099	0.29730	-1.00000	-1.00000
535480	Gandy	Leland_Harris	un	19883607	152	0.467392380	2.10000	0.46151	9.55564	0.32222	0.01892	-1.00000	-1.00000
535585	Gandy	Leland_Harris	un	19887755	61	0.500000000	2.07143	0.17768	24.14955	0.31627	0.01818	-1.00000	-1.00000
535591	Gandy	Leland_Harris	un	19889712	401	0.361234991	0.30864	0.03010	3.16484	0.51055	0.01923	-1.00000	-1.00000
535613	Gandy	Leland_Harris	un	19891945	214	0.481481481	0.44828	0.03837	5.23742	0.34845	0.02032	-1.00000	-1.00000
535891	Gandy	Leland_Harris	un	19896912	379	0.493212670	2.77778	0.27089	28.48358	0.44370	0.03429	-1.00000	-1.00000
536010	Gandy	Leland_Harris	un	19899930	109	0.245454545	0.31034	0.03040	3.16783	0.50816	0.03704	-1.00000	-1.00000
537130	Gandy	Leland_Harris	un	19912187	127	0.078818199	4.80000	0.91334	25.22604	0.68124	0.07213	-1.00000	-1.00000
537135	Gandy	Leland_Harris	un	19913347	473	1.000000000	1.08000	0.06407	18.20505	0.03342	0.00005	-1.00000	-1.00000
537143	Gandy	Leland_Harris	un	19913746	48	0.136134421	0.36842	0.10281	1.32025	0.43366	0.05051	-1.00000	-1.00000
537820	Gandy	Leland_Harris	un	19918138	63	1.000000000	1.78571	0.15251	20.90852	0.25181	0.01681	-1.00000	-1.00000
537942	Gandy	Leland_Harris	un	19918893	67	0.766636805	1.28571	0.38926	4.24667	0.10914	0.00341	-1.00000	-1.00000
538137	Gandy	Leland_Harris	un	19926070	70	0.500000000	0.48276	0.04141	5.62819	0.31627	0.01818	-1.00000	-1.00000
538211	Gandy	Leland_Harris	un	19932997	346	0.500000000	0.48276	0.04141	5.62819	0.31627	0.01818	-1.00000	-1.00000
538273	Gandy	Leland_Harris	un	19935152	13	1.000000000	1.27273	0.25390	6.37984	0.10474	0.00173	-1.00000	-1.00000
538288	Gandy	Leland_Harris	un	19936975	225	0.236897275	4.15385	0.43495	39.66973	0.61845	0.05462	-1.00000	-1.00000
538338	Gandy	Leland_Harris	un	19939857	14	0.058093744	3.09091	0.99031	9.64723	0.49009	0.07464	-1.00000	-1.00000
538403	Gandy	Leland_Harris	un	19942366	61	0.481481481	0.44828	0.03837	5.23742	0.34845	0.02032	-1.00000	-1.00000
538477	Gandy	Leland_Harris	un	19944918	148	0.464285714	0.41935	0.03596	4.89101	0.37742	0.02098	-1.00000	-1.00000
538549	Gandy	Leland_Harris	un	19946393	31	0.001621509	0.07527	0.00886	0.63910	1.12338	0.17143	-1.00000	-1.00000
538582	Gandy	Leland_Harris	un	19947405	141	1.000000000	0.52000	0.04432	6.10163	0.28400	0.00517	-1.00000	-1.00000
538617	Gandy	Leland_Harris	un	19949729	214	0.482758621	0.45161	0.03880	5.25593	0.34523	0.01880	-1.00000	-1.00000
538873	Gandy	Leland_Harris	un	19959890	112	0.004957500	5.89796	1.69859	20.47935	0.77070	0.17361	-1.00000	-1.00000
538981	Gandy	Leland_Harris	un	19965316	168	0.245098039	0.30864	0.03010	3.16484	0.51055	0.04000	-1.00000	-1.00000
539022	Gandy	Leland_Harris	un	19968835	459	1.000000000	0.92593	0.05493	15.60790	0.03342	0.00005	-1.00000	-1.00000
539575	Gandy	Leland_Harris	un	19984231	398	0.117021277	4.54545	0.47195	43.77839	0.65758	0.06667	-1.00000	-1.00000
540051	Gandy	Leland_Harris	un	20002807	470	0.008914258	0.10345	0.01182	0.90538	0.98528	0.13462	-1.00000	-1.00000
540451	Gandy	Leland_Harris	un	20017113	61	0.481481481	0.44828	0.03837	5.23742	0.34845	0.02032	-1.00000	-1.00000
540508	Gandy	Leland_Harris	un	20020417	200	0.500000000	2.07692	0.17741	24.31412	0.31742	0.01961	-1.00000	-1.00000
540595	Gandy	Leland_Harris	un	20022138	354	0.481481481	2.23077	0.19093	26.06312	0.34845	0.02032	-1.00000	-1.00000
541082	Gandy	Leland_Harris	un	20048391	46	0.202495130	2.64706	0.69062	10.14584	0.42276	0.04179	-1.00000	-1.00000
541321	Gandy	Leland_Harris	un	20061039	53	0.002423097	0.12000	0.02842	0.50664	0.92082	0.18687	-1.00000	-1.00000
541377	Gandy	Leland_Harris	un	20064040	535	0.480000000	0.44444	0.03787	5.21605	0.35218	0.02211	-1.00000	-1.00000
541392	Gandy	Leland_Harris	un	20065426	337	0.444444444	0.38710	0.03311	4.52610	0.41218	0.02358	-1.00000	-1.00000
541406	Gandy	Leland_Harris	un	20067588	73	0.022190811	9.94737	1.12900	87.64407	0.99771	0.10787	-1.00000	-1.00000
541440	Gandy	Leland_Harris	un	20069149	19	0.020799934	7.90909	0.88661	70.55416	0.89813	0.10989	-1.00000	-1.00000
541584	Gandy	Leland_Harris	un	20079917	446	1.000000000	1.17391	0.06948	19.83494	0.06964	0.00024	-1.00000	-1.00000
541755	Gandy	Leland_Harris	un	20086002	83	0.500000000	0.48000	0.04081	5.64636	0.31876	0.02128	-1.00000	-1.00000
541788	Gandy	Leland_Harris	un	20086814	71	0.783107583	0.81818	0.27013	2.47811	0.08715	0.00234	-1.00000	-1.00000
542057	Gandy	Leland_Harris	un	20094760	235	1.000000000	1.92857	0.16509	22.52900	0.28524	0.01752	-1.00000	-1.00000
542110	Gandy	Leland_Harris	un	20097750	6	1.000000000	0.51852	0.04439	6.05718	0.28524	0.01752	-1.00000	-1.00000
542561	Gandy	Leland_Harris	un	20112970	506	0.481481481	0.44828	0.03837	5.23742	0.34845	0.02032	-1.00000	-1.00000
542717	Gandy	Leland_Harris	un	20121630	329	0.480000000	0.44444	0.03787	5.21605	0.35218	0.02211	-1.00000	-1.00000
542810	Gandy	Leland_Harris	un	20126464	290	0.461538462	2.41667	0.20633	28.30581	0.38322	0.02288	-1.00000	-1.00000
542937	Gandy	Leland_Harris	un	20132066	490	0.500000000	0.48148	0.04113	5.63661	0.31742	0.01961	-1.00000	-1.00000
543002	Gandy	Leland_Harris	un	20137990	13	1.000000000	0.56000	0.04783	6.55691	0.25181	0.01681	-1.00000	-1.00000
543010	Gandy	Leland_Harris	un	20138994	198	0.500000000	2.07692	0.17741	24.31412	0.31742	0.01961	-1.00000	-1.00000
543233	Gandy	Leland_Harris	un	20147637	394	0.500000000	0.48276	0.04141	5.62819	0.31627	0.01818	-1.00000	-1.00000
543284	Gandy	Leland_Harris	un	20151411	249	0.481481481	0.44828	0.03837	5.23742	0.34845	0.02032	-1.00000	-1.00000
543298	Gandy	Leland_Harris	un	20153201	378	0.461538462	2.41667	0.20633	28.30581	0.38322	0.02288	-1.00000	-1.00000
543362	Gandy	Leland_Harris	un	20158605	33	0.024366600	10.22222	1.16894	89.39197	1.00955	0.11968	-1.00000	-1.00000
543550	Gandy	Leland_Harris	un	20165064	63	0.225306122	0.28395	0.02761	2.92002	0.54676	0.04514	-1.00000	-1.00000
543601	Gandy	Leland_Harris	un	20166608	22	0.051876516	6.75000	0.75749	60.14915	0.82930	0.09475	-1.00000	-1.00000
543844	Gandy	Leland_Harris	un	20176018	104	0.591991342	0.41379	0.03533	4.84665	0.38322	0.00932	-1.00000	-1.00000
543914	Gandy	Leland_Harris	un	20178698	381	0.480000000	2.25000	0.19172	26.40626	0.35218	0.02211	-1.00000	-1.00000
543923	Gandy	Leland_Harris	un	20179536	480	1.000000000	0.52000	0.04432	6.10163	0.28400	0.01884	-1.00000	-1.00000
543979	Gandy	Leland_Harris	un	20180081	254	0.193752973	5.43478	0.58997	50.06475	0.73518	0.04962	-1.00000	-1.00000
544078	Gandy	Leland_Harris	un	20181901	424	0.054169360	6.25000	0.69956	55.83867	0.79588	0.09119	-1.00000	-1.00000
544438	Gandy	Leland_Harris	un	20190388	96	0.103593031	0.14815	0.01663	1.32015	0.82930	0.06351	-1.00000	-1.00000
544467	Gandy	Leland_Harris	un	20196497	376	1.000000000	0.51852	0.04439	6.05718	0.28524	0.01752	-1.00000	-1.00000
544511	Gandy	Leland_Harris	un	20200238	50	0.012613679	4.58333	1.44168	14.57119	0.66118	0.12966	-1.00000	-1.00000
544521	Gandy	Leland_Harris	un	20201918	115	0.002568646	15.63158	1.85831	131.48848	1.19400	0.16668	-1.00000	-1.00000
544652	Gandy	Leland_Harris	un	20213395	26	0.000000140	50.00000	5.89389	424.16843	1.69897	0.49351	-1.00000	-1.00000
545004	Gandy	Leland_Harris	un	20253256	259	0.444444444	0.38710	0.03311	4.52610	0.41218	0.02358	-1.00000	-1.00000
545013	Gandy	Leland_Harris	un	20255042	437	1.000000000	1.92308	0.16389	22.56519	0.28400	0.01884	-1.00000	-1.00000
545408	Gandy	Leland_Harris	un	20261783	72	0.004071089	0.15385	0.04247	0.55734	0.81291	0.15685	-1.00000	-1.00000
545479	Gandy	Leland_Harris	un	20263478	193	1.000000000	0.52000	0.04432	6.10163	0.28400	0.01884	-1.00000	-1.00000
545701	Gandy	Leland_Harris	un	20278042	405	0.236897275	0.24074	0.02521	2.29910	0.61845	0.05462	-1.00000	-1.00000
546311	Gandy	Leland_Harris	un	20300977	53	0.049350251	3.40000	1.02691	11.25706	0.53148	0.08642	-1.00000	-1.00000
546338	Gandy	Leland_Harris	un	20304373	225	0.500000000	0.48276	0.04141	5.62819	0.31627	0.01818	-1.00000	-1.00000
546730	Gandy	Leland_Harris	un	20319593	444	0.245098039	0.30864	0.03010	3.16484	0.51055	0.04000	-1.00000	-1.00000
546760	Gandy	Leland_Harris	un	20322240	88	0.000002777	25.00000	5.50854	113.46017	1.39794	0.42660	-1.00000	-1.00000
546775	Gandy	Leland_Harris	un	20325172	489	0.481481481	0.44828	0.03837	5.23742	0.34845	0.02032	-1.00000	-1.00000
546785	Gandy	Leland_Harris	un	20329033	301	0.039250162	6.90476	0.75044	63.53036	0.83915	0.09722	-1.00000	-1.00000
546883	Gandy	Leland_Harris	un	20336992	428	1.000000000	1.80000	0.15437	20.98797	0.25527	0.01576	-1.00000	-1.00000
546886	Gandy	Leland_Harris	un	20337380	8	0.786244457	1.17333	0.38712	3.55631	0.06942	0.00154	-1.00000	-1.00000
546908	Gandy	Leland_Harris	un	20341477	144	0.114880414	5.00000	0.54441	45.92110	0.69897	0.07143	-1.00000	-1.00000
547053	Gandy	Leland_Harris	un	20358468	187	0.482758621	0.45161	0.03880	5.25593	0.34523	0.01880	-1.00000	-1.00000
547132	Gandy	Leland_Harris	un	20363447	535	1.000000000	0.56000	0.04783	6.55691	0.25181	0.01681	-1.00000	-1.00000
547288	Gandy	Leland_Harris	un	20369347	26	0.464285714	0.41935	0.03596	4.89101	0.37742	0.02098	-1.00000	-1.00000
547701	Gandy	Leland_Harris	un	20381259	135	0.000082281	12.27778	3.25689	46.28455	1.08912	0.28752	-1.00000	-1.00000
547702	Gandy	Leland_Harris	un	20381994	6	0.055222089	0.17037	0.01854	1.56542	0.76861	0.08333	-1.00000	-1.00000
547705	Gandy	Leland_Harris	un	20382934	118	0.308699828	0.42857	0.09740	1.88574	0.36798	0.02500	-1.00000	-1.00000
547964	Gandy	Leland_Harris	un	20385713	393	0.054609929	5.95238	0.64385	55.02943	0.77469	0.09091	-1.00000	-1.00000
548144	Gandy	Leland_Harris	un	20397989	179	1.000000000	1.93333	0.16614	22.49763	0.28631	0.01637	-1.00000	-1.00000
548269	Gandy	Leland_Harris	un	20405269	74	0.000967802	0.07097	0.00846	0.59542	1.14894	0.17647	-1.00000	-1.00000
548618	Gandy	Leland_Harris	un	20413680	342	1.000000000	1.91667	0.16250	22.60740	0.28255	0.00550	-1.00000	-1.00000
549833	Gandy	Leland_Harris	un	20444683	57	0.000245867	0.05161	0.00606	0.43972	1.28724	0.25000	-1.00000	-1.00000
550132	Gandy	Leland_Harris	un	20459709	399	0.361234991	3.24000	0.31597	33.22326	0.51055	0.01923	-1.00000	-1.00000
550227	Gandy	Leland_Harris	un	20462548	344	0.500000000	0.48148	0.04113	5.63661	0.31742	0.01961	-1.00000	-1.00000
550231	Gandy	Leland_Harris	un	20464853	394	1.000000000	0.55556	0.04765	6.47777	0.25527	0.01576	-1.00000	-1.00000
550544	Gandy	Leland_Harris	un	20470055	183	0.481481481	0.44828	0.03837	5.23742	0.34845	0.02032	-1.00000	-1.00000
551668	Gandy	Leland_Harris	un	20514078	229	0.675814751	1.56000	0.24006	10.13758	0.19312	0.00392	-1.00000	-1.00000
551812	Gandy	Leland_Harris	un	20535768	422	0.500000000	0.48148	0.04113	5.63661	0.31742	0.01961	-1.00000	-1.00000
551960	Gandy	Leland_Harris	un	20546037	72	0.056199822	0.17419	0.01914	1.58503	0.75897	0.07143	-1.00000	-1.00000
551969	Gandy	Leland_Harris	un	20546858	113	0.461538462	0.41379	0.03533	4.84665	0.38322	0.02288	-1.00000	-1.00000
552074	Gandy	Leland_Harris	un	20558916	186	1.000000000	0.56000	0.04783	6.55691	0.25181	0.01681	-1.00000	-1.00000
552093	Gandy	Leland_Harris	un	20562736	21	0.000004209	22.61905	5.15803	99.18929	1.35447	0.40217	-1.00000	-1.00000
552094	Gandy	Leland_Harris	un	20563721	119	0.002996415	14.88235	1.74925	126.61694	1.17267	0.17267	-1.00000	-1.00000
552168	Gandy	Leland_Harris	un	20567622	121	0.077539236	0.30702	0.08787	1.07269	0.51284	0.07131	-1.00000	-1.00000
552212	Gandy	Leland_Harris	un	20569872	32	1.000000000	0.52174	0.04423	6.15400	0.28255	0.00550	-1.00000	-1.00000
552335	Gandy	Leland_Harris	un	20574428	71	0.293774255	0.38776	0.08756	1.71725	0.41144	0.03245	-1.00000	-1.00000
552372	Gandy	Leland_Harris	un	20577166	426	1.000000000	1.80000	0.15437	20.98797	0.25527	0.01576	-1.00000	-1.00000
552477	Gandy	Leland_Harris	un	20579874	25	0.051876516	0.14815	0.01663	1.32015	0.82930	0.09475	-1.00000	-1.00000
552933	Gandy	Leland_Harris	un	20594217	92	0.430037547	0.41818	0.07333	2.38469	0.37863	0.01935	-1.00000	-1.00000
553192	Gandy	Leland_Harris	un	20603904	190	0.444444444	2.58333	0.22094	30.20541	0.41218	0.02358	-1.00000	-1.00000
553207	Gandy	Leland_Harris	un	20604938	421	1.000000000	0.52000	0.04432	6.10163	0.28400	0.01884	-1.00000	-1.00000
553277	Gandy	Leland_Harris	un	20607899	118	0.009168102	5.55556	1.62227	19.02536	0.74473	0.15925	-1.00000	-1.00000
553482	Gandy	Leland_Harris	un	20615465	362	1.000000000	1.66667	0.14261	19.47836	0.22185	0.01509	-1.00000	-1.00000
553490	Gandy	Leland_Harris	un	20618899	433	0.500000000	2.07692	0.17741	24.31412	0.31742	0.01961	-1.00000	-1.00000
553727	Gandy	Leland_Harris	un	20644295	77	0.230254922	2.33333	0.67218	8.09964	0.36798	0.03381	-1.00000	-1.00000
554060	Gandy	Leland_Harris	un	20669375	147	0.500000000	2.07692	0.17741	24.31412	0.31742	0.01961	-1.00000	-1.00000
554072	Gandy	Leland_Harris	un	20670321	263	0.603773585	0.44444	0.03787	5.21605	0.35218	0.00808	-1.00000	-1.00000
554516	Gandy	Leland_Harris	un	20684725	183	0.461538462	0.41379	0.03533	4.84665	0.38322	0.02288	-1.00000	-1.00000
554696	Gandy	Leland_Harris	un	20688855	519	0.500000000	0.48148	0.04113	5.63661	0.31742	0.01961	-1.00000	-1.00000
554710	Gandy	Leland_Harris	un	20691354	497	0.480000000	0.44444	0.03787	5.21605	0.35218	0.02211	-1.00000	-1.00000
554986	Gandy	Leland_Harris	un	20695719	277	0.496855346	2.58621	0.25274	26.46334	0.41266	0.03077	-1.00000	-1.00000
555118	Gandy	Leland_Harris	un	20698957	33	0.500000000	2.08333	0.17711	24.50678	0.31876	0.02128	-1.00000	-1.00000
555418	Gandy	Leland_Harris	un	20704826	128	1.000000000	0.85714	0.28214	2.60404	0.06695	0.00148	-1.00000	-1.00000
556213	Gandy	Leland_Harris	un	20723887	449	0.444444444	0.38710	0.03311	4.52610	0.41218	0.02358	-1.00000	-1.00000
556369	Gandy	Leland_Harris	un	20728004	509	1.000000000	1.78571	0.15251	20.90852	0.25181	0.01681	-1.00000	-1.00000
556442	Gandy	Leland_Harris	un	20731128	396	0.208144796	0.26437	0.02576	2.71292	0.57779	0.04667	-1.00000	-1.00000
556571	Gandy	Leland_Harris	un	20732380	183	1.000000000	0.51852	0.04439	6.05718	0.28524	0.01752	-1.00000	-1.00000
557137	Gandy	Leland_Harris	un	20752875	587	1.000000000	0.52000	0.04432	6.10163	0.28400	0.01884	-1.00000	-1.00000
557508	Gandy	Leland_Harris	un	20772324	406	0.491264850	0.33333	0.03259	3.40968	0.47712	0.03571	-1.00000	-1.00000
557661	Gandy	Leland_Harris	un	20779670	314	0.111055145	5.43478	0.58997	50.06475	0.73518	0.08027	-1.00000	-1.00000
557681	Gandy	Leland_Harris	un	20781484	503	1.000000000	1.00000	0.05920	16.89051	0.00000	0.00000	-1.00000	-1.00000
557704	Gandy	Leland_Harris	un	20783593	76	0.357724628	0.26087	0.02709	2.51184	0.58358	0.02928	-1.00000	-1.00000
557846	Gandy	Leland_Harris	un	20791182	447	0.481481481	0.44828	0.03837	5.23742	0.34845	0.02032	-1.00000	-1.00000
558028	Gandy	Leland_Harris	un	20801166	418	0.482758621	0.45161	0.03880	5.25593	0.34523	0.01880	-1.00000	-1.00000
558034	Gandy	Leland_Harris	un	20801801	195	1.000000000	0.60000	0.05134	7.01221	0.22185	0.01509	-1.00000	-1.00000
558230	Gandy	Leland_Harris	un	20810787	542	1.000000000	1.08696	0.06420	18.40268	0.03621	0.00007	-1.00000	-1.00000
558263	Gandy	Leland_Harris	un	20816342	391	0.500000000	2.07143	0.17768	24.14955	0.31627	0.01818	-1.00000	-1.00000
558329	Gandy	Leland_Harris	un	20817766	152	0.514437087	0.57823	0.15543	2.15115	0.23790	0.01351	-1.00000	-1.00000
558346	Gandy	Leland_Harris	un	20818569	60	0.589502262	0.40741	0.03461	4.79552	0.38997	0.01037	-1.00000	-1.00000
558535	Gandy	Leland_Harris	un	20832510	158	0.500000000	2.06667	0.17791	24.00734	0.31527	0.01695	-1.00000	-1.00000
558643	Gandy	Leland_Harris	un	20836982	471	1.000000000	0.52000	0.04432	6.10163	0.28400	0.01884	-1.00000	-1.00000
558654	Gandy	Leland_Harris	un	20841589	416	0.500000000	0.48148	0.04113	5.63661	0.31742	0.01961	-1.00000	-1.00000
558790	Gandy	Leland_Harris	un	20851223	459	0.444444444	0.38710	0.03311	4.52610	0.41218	0.02358	-1.00000	-1.00000
559040	Gandy	Leland_Harris	un	20866500	284	0.208144796	0.26437	0.02576	2.71292	0.57779	0.04667	-1.00000	-1.00000
559215	Gandy	Leland_Harris	un	20878810	471	0.500000000	0.48276	0.04141	5.62819	0.31627	0.01818	-1.00000	-1.00000
559539	Gandy	Leland_Harris	un	20890201	22	0.464285714	2.38462	0.20446	27.81217	0.37742	0.02098	-1.00000	-1.00000
559695	Gandy	Leland_Harris	un	20899217	136	1.000000000	1.15652	0.31563	4.23764	0.06315	0.00089	-1.00000	-1.00000
559701	Gandy	Leland_Harris	un	20899995	98	0.481481481	0.44828	0.03837	5.23742	0.34845	0.02032	-1.00000	-1.00000
559791	Gandy	Leland_Harris	un	20906555	194	0.500000000	0.48148	0.04113	5.63661	0.31742	0.01961	-1.00000	-1.00000
559924	Gandy	Leland_Harris	un	20918638	476	1.000000000	1.00000	0.05920	16.89051	0.00000	0.00000	-1.00000	-1.00000
560025	Gandy	Leland_Harris	un	20921686	302	0.481481481	0.44828	0.03837	5.23742	0.34845	0.02032	-1.00000	-1.00000
560195	Gandy	Leland_Harris	un	20934814	491	0.490612245	0.33333	0.03243	3.42639	0.47712	0.03846	-1.00000	-1.00000
560229	Gandy	Leland_Harris	un	20936277	303	0.617647059	2.08333	0.17711	24.50678	0.31876	0.00680	-1.00000	-1.00000
560274	Gandy	Leland_Harris	un	20938651	242	0.244680851	0.30667	0.02975	3.16133	0.51333	0.04348	-1.00000	-1.00000
560860	Gandy	Leland_Harris	un	20959468	309	0.480000000	2.25000	0.19172	26.40626	0.35218	0.02211	-1.00000	-1.00000
560871	Gandy	Leland_Harris	un	20960305	391	0.464285714	0.41935	0.03596	4.89101	0.37742	0.02098	-1.00000	-1.00000
561070	Gandy	Leland_Harris	un	20973484	94	0.006611286	0.09360	0.01065	0.82280	1.02874	0.15217	-1.00000	-1.00000
562219	Gandy	Leland_Harris	un	21007772	194	0.461538462	0.41379	0.03533	4.84665	0.38322	0.02288	-1.00000	-1.00000
